year,cell,signal_time,entry_time,exit_time,entry_open,exit_open,direction,profiles
2024,DUKA_SIGNAL__DUKA_EXECUTION,2024-01-02T01:00:00+00:00,2024-01-02T01:05:00+00:00,2024-01-02T09:05:00+00:00,2065.185,2074.305,1,"{'E1': {'gross': 9.11999999999989, 'spread': 0.413949, 'slippage': 0.413949, 'commission': 0.028976417232, 'net': 8.26312558276789, 'entry_model': 2065.5980369999997, 'exit_model': 2073.890139}, 'STRESS': {'gross': 9.11999999999989, 'spread': 1.0348724999999999, 'slippage': 0.827898, 'commission': 0.057952802544, 'net': 7.19927669745589, 'entry_model': 2066.11433325, 'exit_model': 2073.37156275}}"
2024,DUKA_SIGNAL__DUKA_EXECUTION,2024-01-03T04:35:00+00:00,2024-01-03T04:40:00+00:00,2024-01-03T12:40:00+00:00,2064.725,2054.815,1,"{'E1': {'gross': -9.909999999999854, 'spread': 0.41195400000000004, 'slippage': 0.41195400000000004, 'commission': 0.028836793874000004, 'net': -10.762744793873853, 'entry_model': 2065.137945, 'exit_model': 2054.4040370000002}, 'STRESS': {'gross': -9.909999999999854, 'spread': 1.029885, 'slippage': 0.8239080000000001, 'commission': 0.05767362243300001, 'net': -11.821466622432855, 'entry_model': 2065.65412625, 'exit_model': 2053.8903332500004}}"
2024,DUKA_SIGNAL__DUKA_EXECUTION,2024-01-04T01:40:00+00:00,2024-01-04T01:45:00+00:00,2024-01-04T09:45:00+00:00,2043.295,2049.275,1,"{'E1': {'gross': 5.980000000000018, 'spread': 0.40925700000000004, 'slippage': 0.40925700000000004, 'commission': 0.028647981628000002, 'net': 5.132838018372018, 'entry_model': 2043.703659, 'exit_model': 2048.865145}, 'STRESS': {'gross': 5.980000000000018, 'spread': 1.0231425, 'slippage': 0.8185140000000001, 'commission': 0.05729594232600001, 'net': 4.081047557674017, 'entry_model': 2044.2144827500001, 'exit_model': 2048.3528262500004}}"
2024,DUKA_SIGNAL__DUKA_EXECUTION,2024-01-05T03:05:00+00:00,2024-01-05T03:10:00+00:00,2024-01-05T11:10:00+00:00,2045.365,2042.475,1,"{'E1': {'gross': -2.8900000000001, 'spread': 0.40878400000000004, 'slippage': 0.40878400000000004, 'commission': 0.028614884046000003, 'net': -3.7361828840460998, 'entry_model': 2045.774073, 'exit_model': 2042.066505}, 'STRESS': {'gross': -2.8900000000001, 'spread': 1.02196, 'slippage': 0.8175680000000001, 'commission': 0.057229778207, 'net': -4.786757778207099, 'entry_model': 2046.28541425, 'exit_model': 2041.55588625}}"
2024,DUKA_SIGNAL__DUKA_EXECUTION,2024-01-09T03:00:00+00:00,2024-01-09T03:05:00+00:00,2024-01-09T11:05:00+00:00,2034.898,2034.845,1,"{'E1': {'gross': -0.052999999999883585, 'spread': 0.4069743, 'slippage': 0.4069743, 'commission': 0.0284882010742, 'net': -0.8954368010740836, 'entry_model': 2035.3049795999998, 'exit_model': 2034.4380310000001}, 'STRESS': {'gross': -0.052999999999883585, 'spread': 1.01743575, 'slippage': 0.8139486, 'commission': 0.0569764023339, 'net': -1.9413607523337837, 'entry_model': 2035.8137041, 'exit_model': 2033.92931975}}"
2024,DUKA_SIGNAL__DUKA_EXECUTION,2024-01-10T03:45:00+00:00,2024-01-10T03:50:00+00:00,2024-01-10T11:50:00+00:00,2031.925,2035.225,1,"{'E1': {'gross': 3.2999999999999545, 'spread': 0.406715, 'slippage': 0.406715, 'commission': 0.02847004538, 'net': 2.458099954619954, 'entry_model': 2032.331385, 'exit_model': 2034.817955}, 'STRESS': {'gross': 3.2999999999999545, 'spread': 1.0167875, 'slippage': 0.81343, 'commission': 0.056940079209999994, 'net': 1.4128424207899548, 'entry_model': 2032.83936625, 'exit_model': 2034.30914875}}"
2024,DUKA_SIGNAL__DUKA_EXECUTION,2024-01-11T03:50:00+00:00,2024-01-11T03:55:00+00:00,2024-01-11T11:55:00+00:00,2029.838,2031.965,1,"{'E1': {'gross': 2.1269999999999527, 'spread': 0.4061803, 'slippage': 0.4061803, 'commission': 0.0284326180222, 'net': 1.2862067819777527, 'entry_model': 2030.2439676, 'exit_model': 2031.558607}, 'STRESS': {'gross': 2.1269999999999527, 'spread': 1.01545075, 'slippage': 0.8123606, 'commission': 0.056865228599899995, 'net': 0.24232342140005264, 'entry_model': 2030.7514271, 'exit_model': 2031.05061575}}"
2024,DUKA_SIGNAL__DUKA_EXECUTION,2024-01-12T01:10:00+00:00,2024-01-12T01:15:00+00:00,2024-01-12T09:15:00+00:00,2034.025,2035.115,1,"{'E1': {'gross': 1.0899999999999181, 'spread': 0.40691400000000005, 'slippage': 0.40691400000000005, 'commission': 0.028483978474000003, 'net': 0.2476880215259181, 'entry_model': 2034.431805, 'exit_model': 2034.707977}, 'STRESS': {'gross': 1.0899999999999181, 'spread': 1.017285, 'slippage': 0.8138280000000001, 'commission': 0.056967953133, 'net': -0.7980809531330819, 'entry_model': 2034.9403112500001, 'exit_model': 2034.19919825}}"
2024,DUKA_SIGNAL__DUKA_EXECUTION,2024-01-15T03:35:00+00:00,2024-01-15T03:40:00+00:00,2024-01-15T11:40:00+00:00,2050.105,2054.165,1,"{'E1': {'gross': 4.059999999999945, 'spread': 0.41042700000000004, 'slippage': 0.41042700000000004, 'commission': 0.028729884316, 'net': 3.2104161156839455, 'entry_model': 2050.515021, 'exit_model': 2053.754167}, 'STRESS': {'gross': 4.059999999999945, 'spread': 1.0260675000000001, 'slippage': 0.8208540000000001, 'commission': 0.057459754422000006, 'net': 2.155618745577945, 'entry_model': 2051.02754725, 'exit_model': 2053.24062575}}"
2024,DUKA_SIGNAL__DUKA_EXECUTION,2024-01-17T03:40:00+00:00,2024-01-17T03:45:00+00:00,2024-01-17T11:45:00+00:00,2030.145,2022.055,1,"{'E1': {'gross': -8.089999999999918, 'spread': 0.40522, 'slippage': 0.40522, 'commission': 0.028365411326, 'net': -8.928805411325918, 'entry_model': 2030.551029, 'exit_model': 2021.650589}, 'STRESS': {'gross': -8.089999999999918, 'spread': 1.01305, 'slippage': 0.81044, 'commission': 0.05673085096700001, 'net': -9.970220850966918, 'entry_model': 2031.0585652500001, 'exit_model': 2021.1450752500002}}"
2024,DUKA_SIGNAL__DUKA_EXECUTION,2024-01-18T02:50:00+00:00,2024-01-18T02:55:00+00:00,2024-01-18T10:55:00+00:00,2010.175,2009.865,1,"{'E1': {'gross': -0.30999999999994543, 'spread': 0.40200400000000003, 'slippage': 0.40200400000000003, 'commission': 0.028140280434, 'net': -1.1421482804339456, 'entry_model': 2010.577035, 'exit_model': 2009.463027}, 'STRESS': {'gross': -0.30999999999994543, 'spread': 1.00501, 'slippage': 0.8040080000000001, 'commission': 0.056280561953, 'net': -2.1752985619529452, 'entry_model': 2011.07957875, 'exit_model': 2008.96056075}}"
2024,DUKA_SIGNAL__DUKA_EXECUTION,2024-01-19T01:00:00+00:00,2024-01-19T01:05:00+00:00,2024-01-19T09:05:00+00:00,2024.008,2024.535,1,"{'E1': {'gross': 0.5270000000000437, 'spread': 0.40485430000000006, 'slippage': 0.40485430000000006, 'commission': 0.0283398002622, 'net': -0.31104840026215647, 'entry_model': 2024.4128016, 'exit_model': 2024.1300930000002}, 'STRESS': {'gross': 0.5270000000000437, 'spread': 1.0121357500000001, 'slippage': 0.8097086000000001, 'commission': 0.0566795986799, 'net': -1.3515239486798565, 'entry_model': 2024.9188036000003, 'exit_model': 2023.62395925}}"
2024,DUKA_SIGNAL__DUKA_EXECUTION,2024-01-22T03:00:00+00:00,2024-01-22T03:05:00+00:00,2024-01-22T11:05:00+00:00,2030.105,2021.705,1,"{'E1': {'gross': -8.400000000000091, 'spread': 0.405181, 'slippage': 0.405181, 'commission': 0.028362681759999998, 'net': -9.238724681760091, 'entry_model': 2030.511021, 'exit_model': 2021.300659}, 'STRESS': {'gross': -8.400000000000091, 'spread': 1.0129525, 'slippage': 0.810362, 'commission': 0.056725392920000006, 'net': -10.280039892920092, 'entry_model': 2031.0185472500002, 'exit_model': 2020.79523275}}"
2024,DUKA_SIGNAL__DUKA_EXECUTION,2024-01-23T04:35:00+00:00,2024-01-23T04:40:00+00:00,2024-01-23T12:40:00+00:00,2023.905,2026.945,1,"{'E1': {'gross': 3.0399999999999636, 'spread': 0.40508500000000003, 'slippage': 0.40508500000000003, 'commission': 0.028355945744, 'net': 2.2014740542559634, 'entry_model': 2024.309781, 'exit_model': 2026.539611}, 'STRESS': {'gross': 3.0399999999999636, 'spread': 1.0127125, 'slippage': 0.8101700000000001, 'commission': 0.056711880848, 'net': 1.1604056191519634, 'entry_model': 2024.8157572500002, 'exit_model': 2026.03287475}}"
2024,DUKA_SIGNAL__DUKA_EXECUTION,2024-01-26T03:00:00+00:00,2024-01-26T03:05:00+00:00,2024-01-26T11:05:00+00:00,2022.735,2019.915,1,"{'E1': {'gross': -2.8199999999999363, 'spread': 0.404265, 'slippage': 0.404265, 'commission': 0.028298553947999995, 'net': -3.6568285539479364, 'entry_model': 2023.1395469999998, 'exit_model': 2019.511017}, 'STRESS': {'gross': -2.8199999999999363, 'spread': 1.0106625, 'slippage': 0.80853, 'commission': 0.056597117766, 'net': -4.695789617765936, 'entry_model': 2023.64523075, 'exit_model': 2019.00603825}}"
2024,DUKA_SIGNAL__DUKA_EXECUTION,2024-01-29T02:00:00+00:00,2024-01-29T02:05:00+00:00,2024-01-29T10:05:00+00:00,2021.315,2033.285,1,"{'E1': {'gross': 11.970000000000027, 'spread': 0.40546000000000004, 'slippage': 0.40546000000000004, 'commission': 0.028382183242, 'net': 11.130697816758028, 'entry_model': 2021.719263, 'exit_model': 2032.878343}, 'STRESS': {'gross': 11.970000000000027, 'spread': 1.0136500000000002, 'slippage': 0.8109200000000001, 'commission': 0.056764324589000006, 'net': 10.088665675411027, 'entry_model': 2022.2245917500002, 'exit_model': 2032.3700217500002}}"
2024,DUKA_SIGNAL__DUKA_EXECUTION,2024-01-31T02:00:00+00:00,2024-01-31T02:05:00+00:00,2024-01-31T10:05:00+00:00,2037.275,2036.175,1,"{'E1': {'gross': -1.1000000000001364, 'spread': 0.407345, 'slippage': 0.407345, 'commission': 0.02851415154, 'net': -1.9432041515401366, 'entry_model': 2037.6824550000001, 'exit_model': 2035.767765}, 'STRESS': {'gross': -1.1000000000001364, 'spread': 1.0183625, 'slippage': 0.81469, 'commission': 0.05702830693, 'net': -2.990080806930137, 'entry_model': 2038.1917737500003, 'exit_model': 2035.25872125}}"
2024,DUKA_SIGNAL__DUKA_EXECUTION,2024-02-06T03:00:00+00:00,2024-02-06T03:05:00+00:00,2024-02-06T11:05:00+00:00,2028.235,2023.975,1,"{'E1': {'gross': -4.259999999999991, 'spread': 0.405221, 'slippage': 0.405221, 'commission': 0.028365475964, 'net': -5.098807475963991, 'entry_model': 2028.640647, 'exit_model': 2023.570205}, 'STRESS': {'gross': -4.259999999999991, 'spread': 1.0130525000000001, 'slippage': 0.810442, 'commission': 0.056730966838, 'net': -6.140225466837991, 'entry_model': 2029.1477057500001, 'exit_model': 2023.06421125}}"
2024,DUKA_SIGNAL__DUKA_EXECUTION,2024-02-19T02:10:00+00:00,2024-02-19T02:15:00+00:00,2024-02-19T10:15:00+00:00,2016.485,2020.355,1,"{'E1': {'gross': 3.8700000000001182, 'spread': 0.40368400000000004, 'slippage': 0.40368400000000004, 'commission': 0.028257874582, 'net': 3.034374125418118, 'entry_model': 2016.888297, 'exit_model': 2019.950929}, 'STRESS': {'gross': 3.8700000000001182, 'spread': 1.0092100000000002, 'slippage': 0.8073680000000001, 'commission': 0.056515735619, 'net': 1.9969062643811175, 'entry_model': 2017.39241825, 'exit_model': 2019.4458402500002}}"
2024,DUKA_SIGNAL__DUKA_EXECUTION,2024-02-20T03:30:00+00:00,2024-02-20T03:35:00+00:00,2024-02-20T11:35:00+00:00,2018.725,2023.295,1,"{'E1': {'gross': 4.570000000000164, 'spread': 0.404202, 'slippage': 0.404202, 'commission': 0.028294133601999998, 'net': 3.733301866398164, 'entry_model': 2019.1287449999998, 'exit_model': 2022.890341}, 'STRESS': {'gross': 4.570000000000164, 'spread': 1.010505, 'slippage': 0.808404, 'commission': 0.056588251209, 'net': 2.6945027487911637, 'entry_model': 2019.63342625, 'exit_model': 2022.3845172500003}}"
2024,DUKA_SIGNAL__DUKA_EXECUTION,2024-02-21T04:40:00+00:00,2024-02-21T04:45:00+00:00,2024-02-21T12:45:00+00:00,2028.515,2028.815,1,"{'E1': {'gross': 0.2999999999999545, 'spread': 0.405733, 'slippage': 0.405733, 'commission': 0.02840130958, 'net': -0.5398673095800455, 'entry_model': 2028.920703, 'exit_model': 2028.409237}, 'STRESS': {'gross': 0.2999999999999545, 'spread': 1.0143325, 'slippage': 0.811466, 'commission': 0.05680261811000001, 'net': -1.5826011181100457, 'entry_model': 2029.4278317500002, 'exit_model': 2027.9020332500002}}"
2024,DUKA_SIGNAL__DUKA_EXECUTION,2024-02-22T03:35:00+00:00,2024-02-22T03:40:00+00:00,2024-02-22T11:40:00+00:00,2027.958,2029.655,1,"{'E1': {'gross': 1.696999999999889, 'spread': 0.40576130000000005, 'slippage': 0.40576130000000005, 'commission': 0.0284032886242, 'net': 0.857074111375689, 'entry_model': 2028.3635916, 'exit_model': 2029.249069}, 'STRESS': {'gross': 1.696999999999889, 'spread': 1.0144032500000002, 'slippage': 0.8115226000000001, 'commission': 0.0568065713089, 'net': -0.18573242130901124, 'entry_model': 2028.8705811000002, 'exit_model': 2028.7416552500001}}"
2024,DUKA_SIGNAL__DUKA_EXECUTION,2024-02-23T01:15:00+00:00,2024-02-23T01:20:00+00:00,2024-02-23T09:20:00+00:00,2025.165,2020.925,1,"{'E1': {'gross': -4.240000000000009, 'spread': 0.40460900000000005, 'slippage': 0.40460900000000005, 'commission': 0.028322635936, 'net': -5.077540635936009, 'entry_model': 2025.570033, 'exit_model': 2020.520815}, 'STRESS': {'gross': -4.240000000000009, 'spread': 1.0115225, 'slippage': 0.8092180000000001, 'commission': 0.056645286712000004, 'net': -6.11738578671201, 'entry_model': 2026.0763242500002, 'exit_model': 2020.0155837500001}}"
2024,DUKA_SIGNAL__DUKA_EXECUTION,2024-02-27T04:35:00+00:00,2024-02-27T04:40:00+00:00,2024-02-27T12:40:00+00:00,2034.158,2035.215,1,"{'E1': {'gross': 1.0570000000000164, 'spread': 0.4069373, 'slippage': 0.4069373, 'commission': 0.028485609520199996, 'net': 0.21463979047981632, 'entry_model': 2034.5648316, 'exit_model': 2034.807957}, 'STRESS': {'gross': 1.0570000000000164, 'spread': 1.01734325, 'slippage': 0.8138746, 'commission': 0.0569712153409, 'net': -0.8311890653408835, 'entry_model': 2035.0733711, 'exit_model': 2034.29915325}}"
2024,DUKA_SIGNAL__DUKA_EXECUTION,2024-02-29T03:35:00+00:00,2024-02-29T03:40:00+00:00,2024-02-29T11:40:00+00:00,2035.745,2034.935,1,"{'E1': {'gross': -0.8099999999999454, 'spread': 0.407068, 'slippage': 0.407068, 'commission': 0.028494761133999996, 'net': -1.6526307611339455, 'entry_model': 2036.1521489999998, 'exit_model': 2034.528013}, 'STRESS': {'gross': -0.8099999999999454, 'spread': 1.01767, 'slippage': 0.814136, 'commission': 0.056989525103, 'net': -2.6987955251029456, 'entry_model': 2036.66108525, 'exit_model': 2034.01927925}}"
2024,DUKA_SIGNAL__DUKA_EXECUTION,2024-03-05T07:30:00+00:00,2024-03-05T07:35:00+00:00,2024-03-05T15:35:00+00:00,2117.028,2139.735,1,"{'E1': {'gross': 22.707000000000335, 'spread': 0.4256763, 'slippage': 0.4256763, 'commission': 0.029797309210199994, 'net': 21.825850090790137, 'entry_model': 2117.4514056, 'exit_model': 2139.307053}, 'STRESS': {'gross': 22.707000000000335, 'spread': 1.06419075, 'slippage': 0.8513526, 'commission': 0.0595945389459, 'net': 20.731862111054436, 'entry_model': 2117.9806626, 'exit_model': 2138.7721192500003}}"
2024,DUKA_SIGNAL__DUKA_EXECUTION,2024-03-07T06:00:00+00:00,2024-03-07T06:05:00+00:00,2024-03-07T14:05:00+00:00,2157.045,2156.865,1,"{'E1': {'gross': -0.18000000000029104, 'spread': 0.431391, 'slippage': 0.431391, 'commission': 0.030197370251999995, 'net': -1.0729793702522912, 'entry_model': 2157.476409, 'exit_model': 2156.433627}, 'STRESS': {'gross': -0.18000000000029104, 'spread': 1.0784775, 'slippage': 0.862782, 'commission': 0.060394741134, 'net': -2.181654241134291, 'entry_model': 2158.0156702500003, 'exit_model': 2155.8944107499997}}"
2024,DUKA_SIGNAL__DUKA_EXECUTION,2024-03-08T01:55:00+00:00,2024-03-08T02:00:00+00:00,2024-03-08T10:00:00+00:00,2161.865,2161.235,1,"{'E1': {'gross': -0.6299999999996544, 'spread': 0.4323100000000001, 'slippage': 0.4323100000000001, 'commission': 0.030261700882, 'net': -1.5248817008816549, 'entry_model': 2162.297373, 'exit_model': 2160.8027530000004}, 'STRESS': {'gross': -0.6299999999996544, 'spread': 1.080775, 'slippage': 0.8646200000000002, 'commission': 0.060523403968999995, 'net': -2.6359184039686547, 'entry_model': 2162.83783925, 'exit_model': 2160.26244425}}"
2024,DUKA_SIGNAL__DUKA_EXECUTION,2024-03-15T04:15:00+00:00,2024-03-15T04:20:00+00:00,2024-03-15T12:20:00+00:00,2165.515,2167.945,1,"{'E1': {'gross': 2.430000000000291, 'spread': 0.433346, 'slippage': 0.433346, 'commission': 0.030334216598, 'net': 1.532973783402291, 'entry_model': 2165.9481029999997, 'exit_model': 2167.5114110000004}, 'STRESS': {'gross': 2.430000000000291, 'spread': 1.0833650000000001, 'slippage': 0.866692, 'commission': 0.060668424691, 'net': 0.4192745753092909, 'entry_model': 2166.48948175, 'exit_model': 2166.96942475}}"
2024,DUKA_SIGNAL__DUKA_EXECUTION,2024-03-19T01:15:00+00:00,2024-03-19T01:20:00+00:00,2024-03-19T09:20:00+00:00,2161.345,2156.255,1,"{'E1': {'gross': -5.089999999999691, 'spread': 0.43176000000000003, 'slippage': 0.43176000000000003, 'commission': 0.030223207125999994, 'net': -5.98374320712569, 'entry_model': 2161.7772689999997, 'exit_model': 2155.823749}, 'STRESS': {'gross': -5.089999999999691, 'spread': 1.0794000000000001, 'slippage': 0.8635200000000001, 'commission': 0.060446432067, 'net': -7.0933664320666905, 'entry_model': 2162.31760525, 'exit_model': 2155.28468525}}"
2024,DUKA_SIGNAL__DUKA_EXECUTION,2024-03-20T01:15:00+00:00,2024-03-20T01:20:00+00:00,2024-03-20T09:20:00+00:00,2158.725,2157.545,1,"{'E1': {'gross': -1.1799999999998363, 'spread': 0.43162700000000004, 'slippage': 0.43162700000000004, 'commission': 0.030213891652000002, 'net': -2.0734678916518363, 'entry_model': 2159.156745, 'exit_model': 2157.113491}, 'STRESS': {'gross': -1.1799999999998363, 'spread': 1.0790675, 'slippage': 0.8632540000000001, 'commission': 0.060427787434, 'net': -3.182749287433836, 'entry_model': 2159.69642625, 'exit_model': 2156.57410475}}"
2024,DUKA_SIGNAL__DUKA_EXECUTION,2024-03-21T01:05:00+00:00,2024-03-21T01:10:00+00:00,2024-03-21T09:10:00+00:00,2189.595,2209.385,1,"{'E1': {'gross': 19.79000000000042, 'spread': 0.43989799999999996, 'slippage': 0.43989799999999996, 'commission': 0.030792832294, 'net': 18.87941116770642, 'entry_model': 2190.0329189999998, 'exit_model': 2208.9431230000005}, 'STRESS': {'gross': 19.79000000000042, 'spread': 1.099745, 'slippage': 0.8797959999999999, 'commission': 0.06158559532300001, 'net': 17.748873404677422, 'entry_model': 2190.5803177499997, 'exit_model': 2208.3907767500004}}"
2024,DUKA_SIGNAL__DUKA_EXECUTION,2024-03-22T03:20:00+00:00,2024-03-22T03:25:00+00:00,2024-03-22T11:25:00+00:00,2184.275,2165.685,1,"{'E1': {'gross': -18.590000000000146, 'spread': 0.43499600000000005, 'slippage': 0.43499600000000005, 'commission': 0.030449746026, 'net': -19.49044174602615, 'entry_model': 2184.711855, 'exit_model': 2165.251863}, 'STRESS': {'gross': -18.590000000000146, 'spread': 1.08749, 'slippage': 0.8699920000000001, 'commission': 0.06089955711700001, 'net': -20.608381557117145, 'entry_model': 2185.2579237500004, 'exit_model': 2164.71044175}}"
2024,DUKA_SIGNAL__DUKA_EXECUTION,2024-03-25T03:00:00+00:00,2024-03-25T03:05:00+00:00,2024-03-25T11:05:00+00:00,2168.735,2166.875,1,"{'E1': {'gross': -1.8600000000001273, 'spread': 0.4335610000000001, 'slippage': 0.4335610000000001, 'commission': 0.030349272604, 'net': -2.7574712726041275, 'entry_model': 2169.168747, 'exit_model': 2166.441625}, 'STRESS': {'gross': -1.8600000000001273, 'spread': 1.0839025000000002, 'slippage': 0.8671220000000002, 'commission': 0.060698551718, 'net': -3.871723051718128, 'entry_model': 2169.7109307500004, 'exit_model': 2165.89990625}}"
2024,DUKA_SIGNAL__DUKA_EXECUTION,2024-03-28T07:15:00+00:00,2024-03-28T07:20:00+00:00,2024-03-28T15:20:00+00:00,2196.485,2212.075,1,"{'E1': {'gross': 15.58999999999969, 'spread': 0.44085599999999997, 'slippage': 0.44085599999999997, 'commission': 0.030859898174, 'net': 14.67742810182569, 'entry_model': 2196.924297, 'exit_model': 2211.632585}, 'STRESS': {'gross': 15.58999999999969, 'spread': 1.10214, 'slippage': 0.8817119999999999, 'commission': 0.061719741783, 'net': 13.54442825821669, 'entry_model': 2197.47341825, 'exit_model': 2211.07956625}}"
2024,DUKA_SIGNAL__DUKA_EXECUTION,2024-04-01T03:00:00+00:00,2024-04-01T03:05:00+00:00,2024-04-01T11:05:00+00:00,2245.045,2259.375,1,"{'E1': {'gross': 14.329999999999927, 'spread': 0.450442, 'slippage': 0.450442, 'commission': 0.031530919938, 'net': 13.397585080061926, 'entry_model': 2245.494009, 'exit_model': 2258.9231250000003}, 'STRESS': {'gross': 14.329999999999927, 'spread': 1.1261050000000001, 'slippage': 0.900884, 'commission': 0.063061789721, 'net': 12.239949210278926, 'entry_model': 2246.0552702500004, 'exit_model': 2258.35828125}}"
2024,DUKA_SIGNAL__DUKA_EXECUTION,2024-04-02T01:20:00+00:00,2024-04-02T01:25:00+00:00,2024-04-02T09:25:00+00:00,2253.375,2254.105,1,"{'E1': {'gross': 0.7300000000000182, 'spread': 0.450748, 'slippage': 0.450748, 'commission': 0.031552358978, 'net': -0.2030483589779818, 'entry_model': 2253.825675, 'exit_model': 2253.654179}, 'STRESS': {'gross': 0.7300000000000182, 'spread': 1.1268699999999998, 'slippage': 0.901496, 'commission': 0.063104715401, 'net': -1.3614707154009815, 'entry_model': 2254.38901875, 'exit_model': 2253.09065275}}"
2024,DUKA_SIGNAL__DUKA_EXECUTION,2024-04-03T01:00:00+00:00,2024-04-03T01:05:00+00:00,2024-04-03T09:05:00+00:00,2281.465,2284.445,1,"{'E1': {'gross': 2.980000000000018, 'spread': 0.456591, 'slippage': 0.456591, 'commission': 0.031961365828, 'net': 2.0348566341720185, 'entry_model': 2281.921293, 'exit_model': 2283.988111}, 'STRESS': {'gross': 2.980000000000018, 'spread': 1.1414775, 'slippage': 0.913182, 'commission': 0.06392272122600001, 'net': 0.8614177787740183, 'entry_model': 2282.4916592500003, 'exit_model': 2283.4169997500003}}"
2024,DUKA_SIGNAL__DUKA_EXECUTION,2024-04-04T01:25:00+00:00,2024-04-04T01:30:00+00:00,2024-04-04T09:30:00+00:00,2301.615,2296.695,1,"{'E1': {'gross': -4.919999999999618, 'spread': 0.459831, 'slippage': 0.459831, 'commission': 0.032188176888, 'net': -5.871850176887619, 'entry_model': 2302.0753229999996, 'exit_model': 2296.235661}, 'STRESS': {'gross': -4.919999999999618, 'spread': 1.1495775, 'slippage': 0.919662, 'commission': 0.064376370996, 'net': -7.053615870995618, 'entry_model': 2302.65072675, 'exit_model': 2295.6614872500004}}"
2024,DUKA_SIGNAL__DUKA_EXECUTION,2024-04-08T05:30:00+00:00,2024-04-08T05:35:00+00:00,2024-04-08T13:35:00+00:00,2335.125,2341.628,1,"{'E1': {'gross': 6.503000000000156, 'spread': 0.46767530000000007, 'slippage': 0.46767530000000007, 'commission': 0.0327372618958, 'net': 5.534912138104357, 'entry_model': 2335.592025, 'exit_model': 2341.1596744000003}, 'STRESS': {'gross': 6.503000000000156, 'spread': 1.1691882500000002, 'slippage': 0.9353506000000001, 'commission': 0.0654745010311, 'net': 4.332986648969055, 'entry_model': 2336.1758062500003, 'exit_model': 2340.5742674000003}}"
2024,DUKA_SIGNAL__DUKA_EXECUTION,2024-04-09T04:10:00+00:00,2024-04-09T04:15:00+00:00,2024-04-09T12:15:00+00:00,2343.155,2359.395,1,"{'E1': {'gross': 16.23999999999978, 'spread': 0.47025500000000003, 'slippage': 0.47025500000000003, 'commission': 0.032917827264, 'net': 15.266572172735781, 'entry_model': 2343.623631, 'exit_model': 2358.923121}, 'STRESS': {'gross': 16.23999999999978, 'spread': 1.1756375000000001, 'slippage': 0.9405100000000001, 'commission': 0.06583559768800001, 'net': 14.058016902311781, 'entry_model': 2344.2094197500005, 'exit_model': 2358.33327225}}"
2024,DUKA_SIGNAL__DUKA_EXECUTION,2024-04-10T07:50:00+00:00,2024-04-10T07:55:00+00:00,2024-04-10T15:55:00+00:00,2356.025,2340.865,1,"{'E1': {'gross': -15.16000000000031, 'spread': 0.46968899999999997, 'slippage': 0.46968899999999997, 'commission': 0.032878251223999996, 'net': -16.13225625122431, 'entry_model': 2356.496205, 'exit_model': 2340.396827}, 'STRESS': {'gross': -15.16000000000031, 'spread': 1.1742225, 'slippage': 0.9393779999999999, 'commission': 0.06575655550800001, 'net': -17.33935705550831, 'entry_model': 2357.08521125, 'exit_model': 2339.81161075}}"
2024,DUKA_SIGNAL__DUKA_EXECUTION,2024-04-11T05:40:00+00:00,2024-04-11T05:45:00+00:00,2024-04-11T13:45:00+00:00,2343.195,2335.955,1,"{'E1': {'gross': -7.2400000000002365, 'spread': 0.46791499999999997, 'slippage': 0.46791499999999997, 'commission': 0.032754060136000004, 'net': -8.208584060136236, 'entry_model': 2343.6636390000003, 'exit_model': 2335.487809}, 'STRESS': {'gross': -7.2400000000002365, 'spread': 1.1697875, 'slippage': 0.9358299999999999, 'commission': 0.065508145612, 'net': -9.411125645612236, 'entry_model': 2344.24943775, 'exit_model': 2334.90382025}}"
2024,DUKA_SIGNAL__DUKA_EXECUTION,2024-04-12T04:00:00+00:00,2024-04-12T04:05:00+00:00,2024-04-12T12:05:00+00:00,2386.575,2396.235,1,"{'E1': {'gross': 9.66000000000031, 'spread': 0.47828099999999996, 'slippage': 0.47828099999999996, 'commission': 0.033479656476, 'net': 8.66995834352431, 'entry_model': 2387.052315, 'exit_model': 2395.7557530000004}, 'STRESS': {'gross': 9.66000000000031, 'spread': 1.1957025, 'slippage': 0.9565619999999999, 'commission': 0.066959279142, 'net': 7.44077622085831, 'entry_model': 2387.64895875, 'exit_model': 2395.1566942500003}}"
2024,DUKA_SIGNAL__DUKA_EXECUTION,2024-04-16T01:10:00+00:00,2024-04-16T01:15:00+00:00,2024-04-16T09:15:00+00:00,2388.015,2385.325,1,"{'E1': {'gross': -2.6900000000000546, 'spread': 0.47733400000000004, 'slippage': 0.47733400000000004, 'commission': 0.033413383766, 'net': -3.678081383766054, 'entry_model': 2388.4926029999997, 'exit_model': 2384.847935}, 'STRESS': {'gross': -2.6900000000000546, 'spread': 1.193335, 'slippage': 0.9546680000000001, 'commission': 0.066826776947, 'net': -4.904829776947055, 'entry_model': 2389.08960675, 'exit_model': 2384.25160375}}"
2024,DUKA_SIGNAL__DUKA_EXECUTION,2024-04-18T07:30:00+00:00,2024-04-18T07:35:00+00:00,2024-04-18T15:35:00+00:00,2375.855,2381.895,1,"{'E1': {'gross': 6.039999999999964, 'spread': 0.475775, 'slippage': 0.475775, 'commission': 0.033304241544, 'net': 5.055145758455964, 'entry_model': 2376.330171, 'exit_model': 2381.4186210000003}, 'STRESS': {'gross': 6.039999999999964, 'spread': 1.1894375, 'slippage': 0.95155, 'commission': 0.066608461948, 'net': 3.8324040380519633, 'entry_model': 2376.92413475, 'exit_model': 2380.82314725}}"
2024,DUKA_SIGNAL__DUKA_EXECUTION,2024-04-19T04:25:00+00:00,2024-04-19T04:30:00+00:00,2024-04-19T12:30:00+00:00,2395.615,2383.225,1,"{'E1': {'gross': -12.389999999999873, 'spread': 0.47788400000000003, 'slippage': 0.47788400000000003, 'commission': 0.033451897346, 'net': -13.379219897345871, 'entry_model': 2396.094123, 'exit_model': 2382.748355}, 'STRESS': {'gross': -12.389999999999873, 'spread': 1.1947100000000002, 'slippage': 0.9557680000000001, 'commission': 0.066903838057, 'net': -14.607381838056874, 'entry_model': 2396.6930267499997, 'exit_model': 2382.15254875}}"
2024,DUKA_SIGNAL__DUKA_EXECUTION,2024-04-24T06:20:00+00:00,2024-04-24T06:25:00+00:00,2024-04-24T14:25:00+00:00,2326.005,2315.005,1,"{'E1': {'gross': -11.0, 'spread': 0.46410100000000004, 'slippage': 0.46410100000000004, 'commission': 0.0324870854, 'net': -11.960689085399999, 'entry_model': 2326.470201, 'exit_model': 2314.541999}, 'STRESS': {'gross': -11.0, 'spread': 1.1602525000000001, 'slippage': 0.9282020000000001, 'commission': 0.0649742093, 'net': -13.153428709300002, 'entry_model': 2327.0517022500003, 'exit_model': 2313.9632477500004}}"
2024,DUKA_SIGNAL__DUKA_EXECUTION,2024-04-26T07:25:00+00:00,2024-04-26T07:30:00+00:00,2024-04-26T15:30:00+00:00,2337.305,2342.834,1,"{'E1': {'gross': 5.528999999999996, 'spread': 0.4680138999999999, 'slippage': 0.4680138999999999, 'commission': 0.03276096525939999, 'net': 4.5602112347405965, 'entry_model': 2337.7724609999996, 'exit_model': 2342.3654332}, 'STRESS': {'gross': 5.528999999999996, 'spread': 1.17003475, 'slippage': 0.9360277999999999, 'commission': 0.0655219111673, 'net': 3.3574155388326963, 'entry_model': 2338.35678725, 'exit_model': 2341.7797247}}"
2024,DUKA_SIGNAL__DUKA_EXECUTION,2024-05-03T07:45:00+00:00,2024-05-03T07:50:00+00:00,2024-05-03T15:50:00+00:00,2306.685,2301.175,1,"{'E1': {'gross': -5.5099999999997635, 'spread': 0.4607860000000001, 'slippage': 0.4607860000000001, 'commission': 0.032255027714, 'net': -6.463827027713763, 'entry_model': 2307.1463369999997, 'exit_model': 2300.714765}, 'STRESS': {'gross': -5.5099999999997635, 'spread': 1.1519650000000001, 'slippage': 0.9215720000000002, 'commission': 0.064510074713, 'net': -7.648047074712764, 'entry_model': 2307.72300825, 'exit_model': 2300.1394712500005}}"
2024,DUKA_SIGNAL__DUKA_EXECUTION,2024-05-06T04:00:00+00:00,2024-05-06T04:05:00+00:00,2024-05-06T12:05:00+00:00,2305.525,2317.385,1,"{'E1': {'gross': 11.860000000000127, 'spread': 0.462291, 'slippage': 0.462291, 'commission': 0.032360353396000005, 'net': 10.903057646604127, 'entry_model': 2305.986105, 'exit_model': 2316.9215230000004}, 'STRESS': {'gross': 11.860000000000127, 'spread': 1.1557275, 'slippage': 0.924582, 'commission': 0.06472066528200002, 'net': 9.71496983471813, 'entry_model': 2306.5624862500003, 'exit_model': 2316.3421767500004}}"
2024,DUKA_SIGNAL__DUKA_EXECUTION,2024-05-07T03:55:00+00:00,2024-05-07T04:00:00+00:00,2024-05-07T12:00:00+00:00,2329.115,2315.575,1,"{'E1': {'gross': -13.539999999999964, 'spread': 0.46446899999999997, 'slippage': 0.46446899999999997, 'commission': 0.032512848956, 'net': -14.501450848955962, 'entry_model': 2329.580823, 'exit_model': 2315.111885}, 'STRESS': {'gross': -13.539999999999964, 'spread': 1.1611725, 'slippage': 0.9289379999999999, 'commission': 0.065025745302, 'net': -15.695136245301963, 'entry_model': 2330.16310175, 'exit_model': 2314.53299125}}"
2024,DUKA_SIGNAL__DUKA_EXECUTION,2024-05-08T05:55:00+00:00,2024-05-08T06:00:00+00:00,2024-05-08T14:00:00+00:00,2316.905,2315.415,1,"{'E1': {'gross': -1.4900000000002365, 'spread': 0.463232, 'slippage': 0.463232, 'commission': 0.03242624208600001, 'net': -2.448890242086237, 'entry_model': 2317.368381, 'exit_model': 2314.951917}, 'STRESS': {'gross': -1.4900000000002365, 'spread': 1.15808, 'slippage': 0.926464, 'commission': 0.064852489387, 'net': -3.6393964893872366, 'entry_model': 2317.94760725, 'exit_model': 2314.37306325}}"
2024,DUKA_SIGNAL__DUKA_EXECUTION,2024-05-09T07:05:00+00:00,2024-05-09T07:10:00+00:00,2024-05-09T15:10:00+00:00,2313.508,2316.105,1,"{'E1': {'gross': 2.5970000000002074, 'spread': 0.46296129999999996, 'slippage': 0.46296129999999996, 'commission': 0.032407287364199996, 'net': 1.6386701126360075, 'entry_model': 2313.9707015999998, 'exit_model': 2315.641779}, 'STRESS': {'gross': 2.5970000000002074, 'spread': 1.1574032499999998, 'slippage': 0.9259225999999999, 'commission': 0.0648145656389, 'net': 0.4488595843613077, 'entry_model': 2314.5490786, 'exit_model': 2315.06275275}}"
2024,DUKA_SIGNAL__DUKA_EXECUTION,2024-05-10T01:05:00+00:00,2024-05-10T01:10:00+00:00,2024-05-10T09:10:00+00:00,2347.235,2358.355,1,"{'E1': {'gross': 11.11999999999989, 'spread': 0.47055900000000006, 'slippage': 0.47055900000000006, 'commission': 0.032939114432000004, 'net': 10.14594288556789, 'entry_model': 2347.704447, 'exit_model': 2357.8833290000002}, 'STRESS': {'gross': 11.11999999999989, 'spread': 1.1763975, 'slippage': 0.9411180000000001, 'commission': 0.065878189944, 'net': 8.936606310055891, 'entry_model': 2348.2912557500003, 'exit_model': 2357.29374025}}"
2024,DUKA_SIGNAL__DUKA_EXECUTION,2024-05-14T02:45:00+00:00,2024-05-14T02:50:00+00:00,2024-05-14T10:50:00+00:00,2338.675,2338.628,1,"{'E1': {'gross': -0.047000000000025466, 'spread': 0.4677303, 'slippage': 0.4677303, 'commission': 0.0327411210658, 'net': -1.0152017210658253, 'entry_model': 2339.1427350000004, 'exit_model': 2338.1602744}, 'STRESS': {'gross': -0.047000000000025466, 'spread': 1.16932575, 'slippage': 0.9354606, 'commission': 0.06548224229610002, 'net': -2.2172685922961253, 'entry_model': 2339.72740375, 'exit_model': 2337.5756174000003}}"
2024,DUKA_SIGNAL__DUKA_EXECUTION,2024-05-15T06:40:00+00:00,2024-05-15T06:45:00+00:00,2024-05-15T14:45:00+00:00,2360.515,2364.045,1,"{'E1': {'gross': 3.5300000000002, 'spread': 0.472456, 'slippage': 0.472456, 'commission': 0.033071915058, 'net': 2.5520160849421996, 'entry_model': 2360.987103, 'exit_model': 2363.572191}, 'STRESS': {'gross': 3.5300000000002, 'spread': 1.1811399999999999, 'slippage': 0.944912, 'commission': 0.066143817761, 'net': 1.3378041822392, 'entry_model': 2361.57723175, 'exit_model': 2362.98117975}}"
2024,DUKA_SIGNAL__DUKA_EXECUTION,2024-05-16T03:10:00+00:00,2024-05-16T03:15:00+00:00,2024-05-16T11:15:00+00:00,2392.405,2388.435,1,"{'E1': {'gross': -3.9700000000002547, 'spread': 0.47808400000000006, 'slippage': 0.47808400000000006, 'commission': 0.033465885557999994, 'net': -4.9596338855582545, 'entry_model': 2392.8834810000003, 'exit_model': 2387.957313}, 'STRESS': {'gross': -3.9700000000002547, 'spread': 1.19521, 'slippage': 0.9561680000000001, 'commission': 0.06693178501100001, 'net': -6.1883097850112545, 'entry_model': 2393.4815822500004, 'exit_model': 2387.36020425}}"
2024,DUKA_SIGNAL__DUKA_EXECUTION,2024-05-20T03:30:00+00:00,2024-05-20T03:35:00+00:00,2024-05-20T11:35:00+00:00,2424.715,2439.398,1,"{'E1': {'gross': 14.682999999999993, 'spread': 0.48641130000000005, 'slippage': 0.48641130000000005, 'commission': 0.0340487704438, 'net': 13.676128629556192, 'entry_model': 2425.199943, 'exit_model': 2438.9101204000003}, 'STRESS': {'gross': 14.682999999999993, 'spread': 1.2160282500000001, 'slippage': 0.9728226000000001, 'commission': 0.06809748949710001, 'net': 12.42605166050289, 'entry_model': 2425.8061217500003, 'exit_model': 2438.3002709}}"
2024,DUKA_SIGNAL__DUKA_EXECUTION,2024-05-27T04:10:00+00:00,2024-05-27T04:15:00+00:00,2024-05-27T12:15:00+00:00,2339.375,2344.375,1,"{'E1': {'gross': 5.0, 'spread': 0.46837500000000004, 'slippage': 0.46837500000000004, 'commission': 0.032786243, 'net': 4.030463757, 'entry_model': 2339.842875, 'exit_model': 2343.906125}, 'STRESS': {'gross': 5.0, 'spread': 1.1709375, 'slippage': 0.9367500000000001, 'commission': 0.06557246850000001, 'net': 2.8267400315, 'entry_model': 2340.42771875, 'exit_model': 2343.3200312500003}}"
2024,DUKA_SIGNAL__DUKA_EXECUTION,2024-05-28T04:45:00+00:00,2024-05-28T04:50:00+00:00,2024-05-28T12:50:00+00:00,2355.535,2344.475,1,"{'E1': {'gross': -11.059999999999945, 'spread': 0.47000100000000006, 'slippage': 0.47000100000000006, 'commission': 0.032900085483999995, 'net': -12.032902085483945, 'entry_model': 2356.0061069999997, 'exit_model': 2344.006105}, 'STRESS': {'gross': -11.059999999999945, 'spread': 1.1750025000000002, 'slippage': 0.9400020000000001, 'commission': 0.065800209678, 'net': -13.240804709677946, 'entry_model': 2356.59499075, 'exit_model': 2343.41998625}}"
2024,DUKA_SIGNAL__DUKA_EXECUTION,2024-06-05T04:50:00+00:00,2024-06-05T04:55:00+00:00,2024-06-05T12:55:00+00:00,2330.445,2331.905,1,"{'E1': {'gross': 1.4600000000000364, 'spread': 0.46623500000000007, 'slippage': 0.46623500000000007, 'commission': 0.03263644795600001, 'net': 0.49489355204403623, 'entry_model': 2330.911089, 'exit_model': 2331.4386190000005}, 'STRESS': {'gross': 1.4600000000000364, 'spread': 1.1655875000000002, 'slippage': 0.9324700000000001, 'commission': 0.06527289080200001, 'net': -0.703330390801964, 'entry_model': 2331.4937002500005, 'exit_model': 2330.8556427500002}}"
2024,DUKA_SIGNAL__DUKA_EXECUTION,2024-06-06T04:00:00+00:00,2024-06-06T04:05:00+00:00,2024-06-06T12:05:00+00:00,2358.158,2363.435,1,"{'E1': {'gross': 5.277000000000044, 'spread': 0.4721593, 'slippage': 0.4721593, 'commission': 0.0330511436122, 'net': 4.299630256387843, 'entry_model': 2358.6296316, 'exit_model': 2362.962313}, 'STRESS': {'gross': 5.277000000000044, 'spread': 1.18039825, 'slippage': 0.9443186, 'commission': 0.0661022687549, 'net': 3.086180881245144, 'entry_model': 2359.2191711, 'exit_model': 2362.37145425}}"
2024,DUKA_SIGNAL__DUKA_EXECUTION,2024-06-07T06:45:00+00:00,2024-06-07T06:50:00+00:00,2024-06-07T14:50:00+00:00,2380.548,2333.275,1,"{'E1': {'gross': -47.27299999999968, 'spread': 0.47138230000000003, 'slippage': 0.47138230000000003, 'commission': 0.0329968271822, 'net': -48.24876142718189, 'entry_model': 2381.0241095999995, 'exit_model': 2332.808345}, 'STRESS': {'gross': -47.27299999999968, 'spread': 1.1784557500000001, 'slippage': 0.9427646000000001, 'commission': 0.06599381981989999, 'net': -49.46021416981958, 'entry_model': 2381.6192465999998, 'exit_model': 2332.22502625}}"
2024,DUKA_SIGNAL__DUKA_EXECUTION,2024-06-14T03:45:00+00:00,2024-06-14T03:50:00+00:00,2024-06-14T11:50:00+00:00,2305.055,2316.235,1,"{'E1': {'gross': 11.180000000000291, 'spread': 0.462129, 'slippage': 0.462129, 'commission': 0.032349014348, 'net': 10.22339298565229, 'entry_model': 2305.5160109999997, 'exit_model': 2315.771753}, 'STRESS': {'gross': 11.180000000000291, 'spread': 1.1553225, 'slippage': 0.924258, 'commission': 0.06469798956600001, 'net': 9.035721510434291, 'entry_model': 2306.09227475, 'exit_model': 2315.1926942500004}}"
2024,DUKA_SIGNAL__DUKA_EXECUTION,2024-06-18T03:00:00+00:00,2024-06-18T03:05:00+00:00,2024-06-18T11:05:00+00:00,2322.008,2314.085,1,"{'E1': {'gross': -7.9229999999997744, 'spread': 0.4636093, 'slippage': 0.4636093, 'commission': 0.0324526620922, 'net': -8.882671262091975, 'entry_model': 2322.4724015999996, 'exit_model': 2313.622183}, 'STRESS': {'gross': -7.9229999999997744, 'spread': 1.15902325, 'slippage': 0.9272186, 'commission': 0.06490535191489999, 'net': -10.074147201914675, 'entry_model': 2323.0529036, 'exit_model': 2313.04366175}}"
2024,DUKA_SIGNAL__DUKA_EXECUTION,2024-06-20T04:00:00+00:00,2024-06-20T04:05:00+00:00,2024-06-20T12:05:00+00:00,2333.615,2333.725,1,"{'E1': {'gross': 0.11000000000012733, 'spread': 0.46673400000000004, 'slippage': 0.46673400000000004, 'commission': 0.032671379846, 'net': -0.8561393798458727, 'entry_model': 2334.081723, 'exit_model': 2333.2582549999997}, 'STRESS': {'gross': 0.11000000000012733, 'spread': 1.166835, 'slippage': 0.9334680000000001, 'commission': 0.065342759307, 'net': -2.055645759306873, 'entry_model': 2334.66512675, 'exit_model': 2332.67482375}}"
2024,DUKA_SIGNAL__DUKA_EXECUTION,2024-06-21T03:00:00+00:00,2024-06-21T03:05:00+00:00,2024-06-21T11:05:00+00:00,2361.095,2363.578,1,"{'E1': {'gross': 2.4830000000001746, 'spread': 0.4724673, 'slippage': 0.4724673, 'commission': 0.033072707523799996, 'net': 1.5049926924763748, 'entry_model': 2361.5672189999996, 'exit_model': 2363.1052844}, 'STRESS': {'gross': 2.4830000000001746, 'spread': 1.18116825, 'slippage': 0.9449346, 'commission': 0.0661454063571, 'net': 0.29075174364307466, 'entry_model': 2362.15749275, 'exit_model': 2362.5143899}}"
2024,DUKA_SIGNAL__DUKA_EXECUTION,2024-06-24T04:25:00+00:00,2024-06-24T04:30:00+00:00,2024-06-24T12:30:00+00:00,2324.415,2327.375,1,"{'E1': {'gross': 2.9600000000000364, 'spread': 0.465179, 'slippage': 0.465179, 'commission': 0.032562525856, 'net': 1.9970794741440363, 'entry_model': 2324.879883, 'exit_model': 2326.909525}, 'STRESS': {'gross': 2.9600000000000364, 'spread': 1.1629475, 'slippage': 0.930358, 'commission': 0.06512504135200001, 'net': 0.8015694586480363, 'entry_model': 2325.4609867500003, 'exit_model': 2326.3276812500003}}"
2024,DUKA_SIGNAL__DUKA_EXECUTION,2024-06-27T07:05:00+00:00,2024-06-27T07:10:00+00:00,2024-06-27T15:10:00+00:00,2300.678,2319.745,1,"{'E1': {'gross': 19.067000000000007, 'spread': 0.4620423, 'slippage': 0.4620423, 'commission': 0.0323429343062, 'net': 18.110572465693807, 'entry_model': 2301.1381355999997, 'exit_model': 2319.281051}, 'STRESS': {'gross': 19.067000000000007, 'spread': 1.15510575, 'slippage': 0.9240846, 'commission': 0.06468580187789999, 'net': 16.923123848122106, 'entry_model': 2301.7133051, 'exit_model': 2318.70111475}}"
2024,DUKA_SIGNAL__DUKA_EXECUTION,2024-07-02T03:00:00+00:00,2024-07-02T03:05:00+00:00,2024-07-02T11:05:00+00:00,2333.318,2330.405,1,"{'E1': {'gross': -2.913000000000011, 'spread': 0.4663723, 'slippage': 0.4663723, 'commission': 0.032646065078200004, 'net': -3.878390665078211, 'entry_model': 2333.7846636000004, 'exit_model': 2329.938919}, 'STRESS': {'gross': -2.913000000000011, 'spread': 1.16593075, 'slippage': 0.9327446, 'commission': 0.06529214035190001, 'net': -5.076967490351912, 'entry_model': 2334.3679931, 'exit_model': 2329.3563177500005}}"
2024,DUKA_SIGNAL__DUKA_EXECUTION,2024-07-03T03:10:00+00:00,2024-07-03T03:15:00+00:00,2024-07-03T11:15:00+00:00,2331.418,2346.958,1,"{'E1': {'gross': 15.539999999999964, 'spread': 0.4678376, 'slippage': 0.4678376, 'commission': 0.032748610244, 'net': 14.571576189755966, 'entry_model': 2331.8842836, 'exit_model': 2346.4886084}, 'STRESS': {'gross': 15.539999999999964, 'spread': 1.169594, 'slippage': 0.9356752, 'commission': 0.06549716609800002, 'net': 13.369233633901963, 'entry_model': 2332.4671381000003, 'exit_model': 2345.9018689000004}}"
2024,DUKA_SIGNAL__DUKA_EXECUTION,2024-07-04T04:25:00+00:00,2024-07-04T04:30:00+00:00,2024-07-04T12:30:00+00:00,2361.385,2357.065,1,"{'E1': {'gross': -4.320000000000164, 'spread': 0.47184500000000007, 'slippage': 0.47184500000000007, 'commission': 0.033029156048000004, 'net': -5.296719156048164, 'entry_model': 2361.857277, 'exit_model': 2356.5935870000003}, 'STRESS': {'gross': -4.320000000000164, 'spread': 1.1796125000000002, 'slippage': 0.9436900000000001, 'commission': 0.06605832721600001, 'net': -6.509360827216164, 'entry_model': 2362.4476232500006, 'exit_model': 2356.0043207500003}}"
2024,DUKA_SIGNAL__DUKA_EXECUTION,2024-07-05T03:30:00+00:00,2024-07-05T03:35:00+00:00,2024-07-05T11:35:00+00:00,2358.208,2366.188,1,"{'E1': {'gross': 7.980000000000018, 'spread': 0.47243960000000007, 'slippage': 0.47243960000000007, 'commission': 0.033070760828000006, 'net': 7.002050039172017, 'entry_model': 2358.6796416, 'exit_model': 2365.7147624}, 'STRESS': {'gross': 7.980000000000018, 'spread': 1.1810990000000001, 'slippage': 0.9448792000000001, 'commission': 0.066141493726, 'net': 5.787880306274019, 'entry_model': 2359.2691936, 'exit_model': 2365.1232154000004}}"
2024,DUKA_SIGNAL__DUKA_EXECUTION,2024-07-09T03:00:00+00:00,2024-07-09T03:05:00+00:00,2024-07-09T11:05:00+00:00,2362.265,2359.335,1,"{'E1': {'gross': -2.9299999999998363, 'spread': 0.4721600000000001, 'slippage': 0.4721600000000001, 'commission': 0.033051204102, 'net': -3.9073712041018367, 'entry_model': 2362.7374529999997, 'exit_model': 2358.8631330000003}, 'STRESS': {'gross': -2.9299999999998363, 'spread': 1.1804000000000001, 'slippage': 0.9443200000000002, 'commission': 0.066102418459, 'net': -5.120822418458837, 'entry_model': 2363.32801925, 'exit_model': 2358.27329925}}"
2024,DUKA_SIGNAL__DUKA_EXECUTION,2024-07-10T02:30:00+00:00,2024-07-10T02:35:00+00:00,2024-07-10T10:35:00+00:00,2365.805,2374.108,1,"{'E1': {'gross': 8.303000000000338, 'spread': 0.47399130000000006, 'slippage': 0.47399130000000006, 'commission': 0.0331793793758, 'net': 7.321838020624539, 'entry_model': 2366.2781609999997, 'exit_model': 2373.6331784000004}, 'STRESS': {'gross': 8.303000000000338, 'spread': 1.1849782500000001, 'slippage': 0.9479826000000001, 'commission': 0.06635872969110002, 'net': 6.103680420309238, 'entry_model': 2366.86961225, 'exit_model': 2373.0396514000004}}"
2024,DUKA_SIGNAL__DUKA_EXECUTION,2024-07-11T05:40:00+00:00,2024-07-11T05:45:00+00:00,2024-07-11T13:45:00+00:00,2377.125,2380.618,1,"{'E1': {'gross': 3.492999999999938, 'spread': 0.47577430000000004, 'slippage': 0.47577430000000004, 'commission': 0.0333041961098, 'net': 2.5081472038901382, 'entry_model': 2377.600425, 'exit_model': 2380.1418764}, 'STRESS': {'gross': 3.492999999999938, 'spread': 1.1894357500000001, 'slippage': 0.9515486000000001, 'commission': 0.0666083799941, 'net': 1.2854072700058377, 'entry_model': 2378.1947062500003, 'exit_model': 2379.5467219}}"
2024,DUKA_SIGNAL__DUKA_EXECUTION,2024-07-15T07:10:00+00:00,2024-07-15T07:15:00+00:00,2024-07-15T15:15:00+00:00,2412.475,2419.925,1,"{'E1': {'gross': 7.450000000000273, 'spread': 0.48324, 'slippage': 0.48324, 'commission': 0.03382678957, 'net': 6.449693210430272, 'entry_model': 2412.9574949999997, 'exit_model': 2419.4410150000003}, 'STRESS': {'gross': 7.450000000000273, 'spread': 1.2081, 'slippage': 0.96648, 'commission': 0.067653553065, 'net': 5.207766446935273, 'entry_model': 2413.56061375, 'exit_model': 2418.8360337500003}}"
2024,DUKA_SIGNAL__DUKA_EXECUTION,2024-07-16T04:50:00+00:00,2024-07-16T04:55:00+00:00,2024-07-16T12:55:00+00:00,2426.985,2442.355,1,"{'E1': {'gross': 15.36999999999989, 'spread': 0.48693400000000003, 'slippage': 0.48693400000000003, 'commission': 0.034085358482, 'net': 14.36204664151789, 'entry_model': 2427.470397, 'exit_model': 2441.866529}, 'STRESS': {'gross': 15.36999999999989, 'spread': 1.217335, 'slippage': 0.9738680000000001, 'commission': 0.068170663169, 'net': 13.11062633683089, 'entry_model': 2428.07714325, 'exit_model': 2441.25594025}}"
2024,DUKA_SIGNAL__DUKA_EXECUTION,2024-07-17T03:40:00+00:00,2024-07-17T03:45:00+00:00,2024-07-17T11:45:00+00:00,2472.424,2473.534,1,"{'E1': {'gross': 1.1100000000001273, 'spread': 0.4945958000000001, 'slippage': 0.4945958000000001, 'commission': 0.034621704446, 'net': 0.08618669555412711, 'entry_model': 2472.9184848, 'exit_model': 2473.0392932}, 'STRESS': {'gross': 1.1100000000001273, 'spread': 1.2364895000000002, 'slippage': 0.9891916000000002, 'commission': 0.069243405007, 'net': -1.1849245050068733, 'entry_model': 2473.5365908000003, 'exit_model': 2472.4209097000003}}"
2024,DUKA_SIGNAL__DUKA_EXECUTION,2024-07-18T04:10:00+00:00,2024-07-18T04:15:00+00:00,2024-07-18T12:15:00+00:00,2462.445,2466.305,1,"{'E1': {'gross': 3.8599999999996726, 'spread': 0.492875, 'slippage': 0.492875, 'commission': 0.034501244596, 'net': 2.839748755403672, 'entry_model': 2462.937489, 'exit_model': 2465.8117389999998}, 'STRESS': {'gross': 3.8599999999996726, 'spread': 1.2321875, 'slippage': 0.98575, 'commission': 0.06900247568199999, 'net': 1.5730600243176724, 'entry_model': 2463.55310025, 'exit_model': 2465.19516275}}"
2024,DUKA_SIGNAL__DUKA_EXECUTION,2024-07-22T03:00:00+00:00,2024-07-22T03:05:00+00:00,2024-07-22T11:05:00+00:00,2409.758,2403.808,1,"{'E1': {'gross': -5.949999999999818, 'spread': 0.4813566, 'slippage': 0.4813566, 'commission': 0.03369497033, 'net': -6.946408170329818, 'entry_model': 2410.2399515999996, 'exit_model': 2403.3272384}, 'STRESS': {'gross': -5.949999999999818, 'spread': 1.2033915, 'slippage': 0.9627132, 'commission': 0.067389961485, 'net': -8.183494661484819, 'entry_model': 2410.8423911, 'exit_model': 2402.7262864}}"
2024,DUKA_SIGNAL__DUKA_EXECUTION,2024-07-23T04:20:00+00:00,2024-07-23T04:25:00+00:00,2024-07-23T12:25:00+00:00,2402.605,2405.805,1,"{'E1': {'gross': 3.199999999999818, 'spread': 0.480841, 'slippage': 0.480841, 'commission': 0.03365886552, 'net': 2.2046591344798183, 'entry_model': 2403.085521, 'exit_model': 2405.3238389999997}, 'STRESS': {'gross': 3.199999999999818, 'spread': 1.2021025, 'slippage': 0.961682, 'commission': 0.06731771984, 'net': 0.9688977801598179, 'entry_model': 2403.6861722500003, 'exit_model': 2404.72238775}}"
2024,DUKA_SIGNAL__DUKA_EXECUTION,2024-07-24T04:10:00+00:00,2024-07-24T04:15:00+00:00,2024-07-24T12:15:00+00:00,2411.915,2412.195,1,"{'E1': {'gross': 0.2800000000002001, 'spread': 0.4824110000000001, 'slippage': 0.4824110000000001, 'commission': 0.033768769608, 'net': -0.7185907696078001, 'entry_model': 2412.397383, 'exit_model': 2411.7125610000003}, 'STRESS': {'gross': 0.2800000000002001, 'spread': 1.2060275000000003, 'slippage': 0.9648220000000002, 'commission': 0.06753753823599999, 'net': -1.9583870382358004, 'entry_model': 2413.00036175, 'exit_model': 2411.10951225}}"
2024,DUKA_SIGNAL__DUKA_EXECUTION,2024-07-26T04:30:00+00:00,2024-07-26T04:35:00+00:00,2024-07-26T12:35:00+00:00,2367.175,2373.225,1,"{'E1': {'gross': 6.049999999999727, 'spread': 0.47403999999999996, 'slippage': 0.47403999999999996, 'commission': 0.03318279153, 'net': 5.068737208469728, 'entry_model': 2367.648435, 'exit_model': 2372.750355}, 'STRESS': {'gross': 6.049999999999727, 'spread': 1.1851, 'slippage': 0.9480799999999999, 'commission': 0.06636556188500001, 'net': 3.8504544381147268, 'entry_model': 2368.2402287500004, 'exit_model': 2372.15704875}}"
2024,DUKA_SIGNAL__DUKA_EXECUTION,2024-07-29T03:00:00+00:00,2024-07-29T03:05:00+00:00,2024-07-29T11:05:00+00:00,2397.865,2390.565,1,"{'E1': {'gross': -7.299999999999727, 'spread': 0.4788430000000001, 'slippage': 0.4788430000000001, 'commission': 0.03351902022, 'net': -8.291205020219728, 'entry_model': 2398.344573, 'exit_model': 2390.086887}, 'STRESS': {'gross': -7.299999999999727, 'spread': 1.1971075, 'slippage': 0.9576860000000001, 'commission': 0.06703806599, 'net': -9.521831565989727, 'entry_model': 2398.94403925, 'exit_model': 2389.48924575}}"
2024,DUKA_SIGNAL__DUKA_EXECUTION,2024-07-30T06:50:00+00:00,2024-07-30T06:55:00+00:00,2024-07-30T14:55:00+00:00,2385.305,2388.105,1,"{'E1': {'gross': 2.800000000000182, 'spread': 0.477341, 'slippage': 0.477341, 'commission': 0.03341386607999999, 'net': 1.8119041339201818, 'entry_model': 2385.782061, 'exit_model': 2387.627379}, 'STRESS': {'gross': 2.800000000000182, 'spread': 1.1933525, 'slippage': 0.954682, 'commission': 0.06682772236, 'net': 0.5851377776401818, 'entry_model': 2386.37838725, 'exit_model': 2387.03035275}}"
2024,DUKA_SIGNAL__DUKA_EXECUTION,2024-07-31T06:10:00+00:00,2024-07-31T06:15:00+00:00,2024-07-31T14:15:00+00:00,2415.005,2420.505,1,"{'E1': {'gross': 5.5, 'spread': 0.48355100000000006, 'slippage': 0.48355100000000006, 'commission': 0.0338485623, 'net': 4.499049437699999, 'entry_model': 2415.488001, 'exit_model': 2420.020899}, 'STRESS': {'gross': 5.5, 'spread': 1.2088775, 'slippage': 0.9671020000000001, 'commission': 0.06769710535000001, 'net': 3.25632339465, 'entry_model': 2416.0917522500004, 'exit_model': 2419.41577275}}"
2024,DUKA_SIGNAL__DUKA_EXECUTION,2024-08-01T04:10:00+00:00,2024-08-01T04:15:00+00:00,2024-08-01T12:15:00+00:00,2451.955,2433.065,1,"{'E1': {'gross': -18.889999999999873, 'spread': 0.48850200000000005, 'slippage': 0.48850200000000005, 'commission': 0.034195166446, 'net': -19.901199166445874, 'entry_model': 2452.4453909999997, 'exit_model': 2432.578387}, 'STRESS': {'gross': -18.889999999999873, 'spread': 1.2212550000000002, 'slippage': 0.9770040000000001, 'commission': 0.068390399007, 'net': -21.156649399006874, 'entry_model': 2453.05837975, 'exit_model': 2431.97012075}}"
2024,DUKA_SIGNAL__DUKA_EXECUTION,2024-08-02T03:25:00+00:00,2024-08-02T03:30:00+00:00,2024-08-02T11:30:00+00:00,2449.305,2464.875,1,"{'E1': {'gross': 15.570000000000164, 'spread': 0.4914180000000001, 'slippage': 0.4914180000000001, 'commission': 0.03439923820199999, 'net': 14.552764761798164, 'entry_model': 2449.794861, 'exit_model': 2464.382025}, 'STRESS': {'gross': 15.570000000000164, 'spread': 1.228545, 'slippage': 0.9828360000000002, 'commission': 0.068798421909, 'net': 13.289820578091163, 'entry_model': 2450.40718725, 'exit_model': 2463.76580625}}"
2024,DUKA_SIGNAL__DUKA_EXECUTION,2024-08-05T05:50:00+00:00,2024-08-05T05:55:00+00:00,2024-08-05T13:55:00+00:00,2444.908,2414.935,1,"{'E1': {'gross': -29.972999999999956, 'spread': 0.48598430000000004, 'slippage': 0.48598430000000004, 'commission': 0.0340189429622, 'net': -30.97898754296215, 'entry_model': 2445.3969816, 'exit_model': 2414.452013}, 'STRESS': {'gross': -29.972999999999956, 'spread': 1.21496075, 'slippage': 0.9719686000000001, 'commission': 0.0680379908299, 'net': -32.227967340829856, 'entry_model': 2446.0082086, 'exit_model': 2413.84827925}}"
2024,DUKA_SIGNAL__DUKA_EXECUTION,2024-08-06T03:40:00+00:00,2024-08-06T03:45:00+00:00,2024-08-06T11:45:00+00:00,2415.365,2413.575,1,"{'E1': {'gross': -1.7899999999999636, 'spread': 0.482894, 'slippage': 0.482894, 'commission': 0.033802582506, 'net': -2.7895905825059635, 'entry_model': 2415.8480729999997, 'exit_model': 2413.0922849999997}, 'STRESS': {'gross': -1.7899999999999636, 'spread': 1.2072349999999998, 'slippage': 0.965788, 'commission': 0.067605171277, 'net': -4.030628171276963, 'entry_model': 2416.45191425, 'exit_model': 2412.48889125}}"
2024,DUKA_SIGNAL__DUKA_EXECUTION,2024-08-08T06:40:00+00:00,2024-08-08T06:45:00+00:00,2024-08-08T14:45:00+00:00,2391.608,2409.345,1,"{'E1': {'gross': 17.736999999999625, 'spread': 0.4800953, 'slippage': 0.4800953, 'commission': 0.0336066461682, 'net': 16.74320275383143, 'entry_model': 2392.0863216000002, 'exit_model': 2408.863131}, 'STRESS': {'gross': 17.736999999999625, 'spread': 1.20023825, 'slippage': 0.9601906, 'commission': 0.0672132302569, 'net': 15.509357919742726, 'entry_model': 2392.6842236, 'exit_model': 2408.26079475}}"
2024,DUKA_SIGNAL__DUKA_EXECUTION,2024-08-12T07:35:00+00:00,2024-08-12T07:40:00+00:00,2024-08-12T15:40:00+00:00,2431.798,2444.535,1,"{'E1': {'gross': 12.73700000000008, 'spread': 0.4876333, 'slippage': 0.4876333, 'commission': 0.034134313168199995, 'net': 11.727599086831878, 'entry_model': 2432.2843596, 'exit_model': 2444.046093}, 'STRESS': {'gross': 12.73700000000008, 'spread': 1.21908325, 'slippage': 0.9752666, 'commission': 0.0682685817569, 'net': 10.47438156824318, 'entry_model': 2432.8923091, 'exit_model': 2443.43495925}}"
2024,DUKA_SIGNAL__DUKA_EXECUTION,2024-08-13T01:35:00+00:00,2024-08-13T01:40:00+00:00,2024-08-13T09:40:00+00:00,2473.724,2464.145,1,"{'E1': {'gross': -9.579000000000178, 'spread': 0.4937869000000001, 'slippage': 0.4937869000000001, 'commission': 0.0345650964106, 'net': -10.601138896410777, 'entry_model': 2474.2187448, 'exit_model': 2463.652171}, 'STRESS': {'gross': -9.579000000000178, 'spread': 1.2344672500000002, 'slippage': 0.9875738000000002, 'commission': 0.06913022634770001, 'net': -11.870171276347877, 'entry_model': 2474.8371758000003, 'exit_model': 2463.03613475}}"
2024,DUKA_SIGNAL__DUKA_EXECUTION,2024-08-14T04:15:00+00:00,2024-08-14T04:20:00+00:00,2024-08-14T12:20:00+00:00,2469.685,2474.525,1,"{'E1': {'gross': 4.8400000000001455, 'spread': 0.49442100000000005, 'slippage': 0.49442100000000005, 'commission': 0.034609463224, 'net': 3.8165485367761454, 'entry_model': 2470.1789369999997, 'exit_model': 2474.030095}, 'STRESS': {'gross': 4.8400000000001455, 'spread': 1.2360525, 'slippage': 0.9888420000000001, 'commission': 0.069218909508, 'net': 2.5458865904921457, 'entry_model': 2470.79635825, 'exit_model': 2473.41146375}}"
2024,DUKA_SIGNAL__DUKA_EXECUTION,2024-08-15T02:35:00+00:00,2024-08-15T02:40:00+00:00,2024-08-15T10:40:00+00:00,2448.845,2455.335,1,"{'E1': {'gross': 6.4900000000002365, 'spread': 0.4904180000000001, 'slippage': 0.4904180000000001, 'commission': 0.03432925091399999, 'net': 5.474834749086236, 'entry_model': 2449.3347689999996, 'exit_model': 2454.843933}, 'STRESS': {'gross': 6.4900000000002365, 'spread': 1.226045, 'slippage': 0.9808360000000002, 'commission': 0.06865847911299999, 'net': 4.214460520887236, 'entry_model': 2449.94698025, 'exit_model': 2454.23009925}}"
2024,DUKA_SIGNAL__DUKA_EXECUTION,2024-08-21T05:05:00+00:00,2024-08-21T05:10:00+00:00,2024-08-21T13:10:00+00:00,2518.975,2505.255,1,"{'E1': {'gross': -13.7199999999998, 'spread': 0.502423, 'slippage': 0.502423, 'commission': 0.03516962920800001, 'net': -14.7600156292078, 'entry_model': 2519.478795, 'exit_model': 2504.7539490000004}, 'STRESS': {'gross': -13.7199999999998, 'spread': 1.2560574999999998, 'slippage': 1.004846, 'commission': 0.070339306436, 'net': -16.051242806435802, 'entry_model': 2520.10853875, 'exit_model': 2504.1276352500004}}"
2024,DUKA_SIGNAL__DUKA_EXECUTION,2024-08-23T02:35:00+00:00,2024-08-23T02:40:00+00:00,2024-08-23T10:40:00+00:00,2486.035,2491.915,1,"{'E1': {'gross': 5.880000000000109, 'spread': 0.497795, 'slippage': 0.497795, 'commission': 0.034845641767999994, 'net': 4.849564358232109, 'entry_model': 2486.5322069999997, 'exit_model': 2491.416617}, 'STRESS': {'gross': 5.880000000000109, 'spread': 1.2444875, 'slippage': 0.99559, 'commission': 0.06969126295599999, 'net': 3.5702312370441094, 'entry_model': 2487.15371575, 'exit_model': 2490.79363825}}"
2024,DUKA_SIGNAL__DUKA_EXECUTION,2024-08-26T03:00:00+00:00,2024-08-26T03:05:00+00:00,2024-08-26T11:05:00+00:00,2515.115,2524.135,1,"{'E1': {'gross': 9.020000000000437, 'spread': 0.5039250000000001, 'slippage': 0.5039250000000001, 'commission': 0.035274737372, 'net': 7.976875262628435, 'entry_model': 2515.6180229999995, 'exit_model': 2523.6301730000005}, 'STRESS': {'gross': 9.020000000000437, 'spread': 1.2598125, 'slippage': 1.0078500000000001, 'commission': 0.07054944317400001, 'net': 6.681788056826436, 'entry_model': 2516.24680175, 'exit_model': 2522.9991392500006}}"
2024,DUKA_SIGNAL__DUKA_EXECUTION,2024-08-28T02:00:00+00:00,2024-08-28T02:05:00+00:00,2024-08-28T10:05:00+00:00,2526.894,2509.578,1,"{'E1': {'gross': -17.315999999999804, 'spread': 0.5036472, 'slippage': 0.5036472, 'commission': 0.035255328242400005, 'net': -18.358549728242203, 'entry_model': 2527.3993788, 'exit_model': 2509.0760844}, 'STRESS': {'gross': -17.315999999999804, 'spread': 1.259118, 'slippage': 1.0072944, 'commission': 0.07051071709079999, 'net': -19.652923117090605, 'entry_model': 2528.0311023, 'exit_model': 2508.4486899000003}}"
2024,DUKA_SIGNAL__DUKA_EXECUTION,2024-08-29T03:00:00+00:00,2024-08-29T03:05:00+00:00,2024-08-29T11:05:00+00:00,2509.685,2515.765,1,"{'E1': {'gross': 6.079999999999927, 'spread': 0.502545, 'slippage': 0.502545, 'commission': 0.035178141488, 'net': 5.039731858511928, 'entry_model': 2510.186937, 'exit_model': 2515.2618469999998}, 'STRESS': {'gross': 6.079999999999927, 'spread': 1.2563625, 'slippage': 1.00509, 'commission': 0.07035626169600001, 'net': 3.7481912383039275, 'entry_model': 2510.81435825, 'exit_model': 2514.63290575}}"
2024,DUKA_SIGNAL__DUKA_EXECUTION,2024-09-02T03:40:00+00:00,2024-09-02T03:45:00+00:00,2024-09-02T11:45:00+00:00,2504.825,2505.185,1,"{'E1': {'gross': 0.36000000000012733, 'spread': 0.501001, 'slippage': 0.501001, 'commission': 0.03507006949599999, 'net': -0.6770720694958727, 'entry_model': 2505.3259649999995, 'exit_model': 2504.683963}, 'STRESS': {'gross': 0.36000000000012733, 'spread': 1.2525025, 'slippage': 1.002002, 'commission': 0.070140137732, 'net': -1.9646446377318727, 'entry_model': 2505.95217125, 'exit_model': 2504.05766675}}"
2024,DUKA_SIGNAL__DUKA_EXECUTION,2024-09-04T05:30:00+00:00,2024-09-04T05:35:00+00:00,2024-09-04T13:35:00+00:00,2495.015,2486.535,1,"{'E1': {'gross': -8.480000000000018, 'spread': 0.49815499999999996, 'slippage': 0.49815499999999996, 'commission': 0.034870861871999996, 'net': -9.511180861872019, 'entry_model': 2495.514003, 'exit_model': 2486.0376929999998}, 'STRESS': {'gross': -8.480000000000018, 'spread': 1.2453874999999999, 'slippage': 0.9963099999999999, 'commission': 0.06974175342399999, 'net': -10.791439253424016, 'entry_model': 2496.13775675, 'exit_model': 2485.4160592499998}}"
2024,DUKA_SIGNAL__DUKA_EXECUTION,2024-09-05T04:20:00+00:00,2024-09-05T04:25:00+00:00,2024-09-05T12:25:00+00:00,2498.665,2515.495,1,"{'E1': {'gross': 16.829999999999927, 'spread': 0.501416, 'slippage': 0.501416, 'commission': 0.035099096438, 'net': 15.792068903561928, 'entry_model': 2499.164733, 'exit_model': 2514.991901}, 'STRESS': {'gross': 16.829999999999927, 'spread': 1.25354, 'slippage': 1.002832, 'commission': 0.07019813397100001, 'net': 14.503429866028927, 'entry_model': 2499.7893992500003, 'exit_model': 2514.36302725}}"
2024,DUKA_SIGNAL__DUKA_EXECUTION,2024-09-06T02:05:00+00:00,2024-09-06T02:10:00+00:00,2024-09-06T10:10:00+00:00,2517.334,2518.275,1,"{'E1': {'gross': 0.9410000000002583, 'spread': 0.5035609000000001, 'slippage': 0.5035609000000001, 'commission': 0.0352492616826, 'net': -0.10137106168234189, 'entry_model': 2517.8374667999997, 'exit_model': 2517.771345}, 'STRESS': {'gross': 0.9410000000002583, 'spread': 1.2589022500000002, 'slippage': 1.0071218000000002, 'commission': 0.0704985200717, 'net': -1.3955225700714422, 'entry_model': 2518.4668003, 'exit_model': 2517.14177625}}"
2024,DUKA_SIGNAL__DUKA_EXECUTION,2024-09-09T06:40:00+00:00,2024-09-09T06:45:00+00:00,2024-09-09T14:45:00+00:00,2499.335,2498.075,1,"{'E1': {'gross': -1.2600000000002183, 'spread': 0.499741, 'slippage': 0.499741, 'commission': 0.034981871764, 'net': -2.294463871764218, 'entry_model': 2499.834867, 'exit_model': 2497.575385}, 'STRESS': {'gross': -1.2600000000002183, 'spread': 1.2493525, 'slippage': 0.999482, 'commission': 0.069963747938, 'net': -3.5787982479382183, 'entry_model': 2500.45970075, 'exit_model': 2496.9508662499998}}"
2024,DUKA_SIGNAL__DUKA_EXECUTION,2024-09-10T02:40:00+00:00,2024-09-10T02:45:00+00:00,2024-09-10T10:45:00+00:00,2507.455,2505.215,1,"{'E1': {'gross': -2.2399999999997817, 'spread': 0.501267, 'slippage': 0.501267, 'commission': 0.03508869313600001, 'net': -3.2776226931357817, 'entry_model': 2507.956491, 'exit_model': 2504.7139570000004}, 'STRESS': {'gross': -2.2399999999997817, 'spread': 1.2531675, 'slippage': 1.002534, 'commission': 0.070177394112, 'net': -4.565878894111782, 'entry_model': 2508.58335475, 'exit_model': 2504.08765325}}"
2024,DUKA_SIGNAL__DUKA_EXECUTION,2024-09-11T02:55:00+00:00,2024-09-11T03:00:00+00:00,2024-09-11T11:00:00+00:00,2518.498,2521.325,1,"{'E1': {'gross': 2.826999999999771, 'spread': 0.5039823000000001, 'slippage': 0.5039823000000001, 'commission': 0.035278757042199994, 'net': 1.7837566429575706, 'entry_model': 2519.0016996, 'exit_model': 2520.820735}, 'STRESS': {'gross': 2.826999999999771, 'spread': 1.25995575, 'slippage': 1.0079646000000002, 'commission': 0.07055750418989999, 'net': 0.4885221458098706, 'entry_model': 2519.6313241000003, 'exit_model': 2520.19040375}}"
2024,DUKA_SIGNAL__DUKA_EXECUTION,2024-09-12T06:50:00+00:00,2024-09-12T06:55:00+00:00,2024-09-12T14:55:00+00:00,2515.775,2519.505,1,"{'E1': {'gross': 3.730000000000018, 'spread': 0.5035280000000001, 'slippage': 0.5035280000000001, 'commission': 0.035246954778, 'net': 2.6876970452220177, 'entry_model': 2516.278155, 'exit_model': 2519.001099}, 'STRESS': {'gross': 3.730000000000018, 'spread': 1.2588200000000003, 'slippage': 1.0070560000000002, 'commission': 0.07049389650099999, 'net': 1.393630103499018, 'entry_model': 2516.9070987500004, 'exit_model': 2518.37122275}}"
2024,DUKA_SIGNAL__DUKA_EXECUTION,2024-09-13T03:40:00+00:00,2024-09-13T03:45:00+00:00,2024-09-13T11:45:00+00:00,2560.624,2566.755,1,"{'E1': {'gross': 6.131000000000313, 'spread': 0.5127379, 'slippage': 0.5127379, 'commission': 0.0358916444166, 'net': 5.069632555583712, 'entry_model': 2561.1361248, 'exit_model': 2566.241649}, 'STRESS': {'gross': 6.131000000000313, 'spread': 1.28184475, 'slippage': 1.0254758, 'commission': 0.0717832673747, 'net': 3.7518961826256128, 'entry_model': 2561.7762807999998, 'exit_model': 2565.59996025}}"
2024,DUKA_SIGNAL__DUKA_EXECUTION,2024-09-16T05:15:00+00:00,2024-09-16T05:20:00+00:00,2024-09-16T13:20:00+00:00,2584.285,2584.905,1,"{'E1': {'gross': 0.6200000000003456, 'spread': 0.5169190000000001, 'slippage': 0.5169190000000001, 'commission': 0.036184329132, 'net': -0.45002232913165463, 'entry_model': 2584.801857, 'exit_model': 2584.3880190000004}, 'STRESS': {'gross': 0.6200000000003456, 'spread': 1.2922975, 'slippage': 1.0338380000000003, 'commission': 0.072368656094, 'net': -1.7785041560936548, 'entry_model': 2585.44792825, 'exit_model': 2583.7417927500005}}"
2024,DUKA_SIGNAL__DUKA_EXECUTION,2024-09-17T05:10:00+00:00,2024-09-17T05:15:00+00:00,2024-09-17T13:15:00+00:00,2584.965,2573.625,1,"{'E1': {'gross': -11.340000000000146, 'spread': 0.5158590000000001, 'slippage': 0.5158590000000001, 'commission': 0.036110145876000005, 'net': -12.407828145876147, 'entry_model': 2585.481993, 'exit_model': 2573.110275}, 'STRESS': {'gross': -11.340000000000146, 'spread': 1.2896475, 'slippage': 1.0317180000000001, 'commission': 0.072220331442, 'net': -13.733585831442147, 'entry_model': 2586.1282342500003, 'exit_model': 2572.4668687500002}}"
2024,DUKA_SIGNAL__DUKA_EXECUTION,2024-09-18T02:25:00+00:00,2024-09-18T02:30:00+00:00,2024-09-18T10:30:00+00:00,2573.215,2569.115,1,"{'E1': {'gross': -4.100000000000364, 'spread': 0.514233, 'slippage': 0.514233, 'commission': 0.03599631574, 'net': -5.164462315740364, 'entry_model': 2573.729643, 'exit_model': 2568.601177}, 'STRESS': {'gross': -4.100000000000364, 'spread': 1.2855825, 'slippage': 1.028466, 'commission': 0.07199264583000001, 'net': -6.486041145830364, 'entry_model': 2574.37294675, 'exit_model': 2567.95889825}}"
2024,DUKA_SIGNAL__DUKA_EXECUTION,2024-09-20T05:30:00+00:00,2024-09-20T05:35:00+00:00,2024-09-20T13:35:00+00:00,2590.885,2609.018,1,"{'E1': {'gross': 18.13299999999981, 'spread': 0.5199903, 'slippage': 0.5199903, 'commission': 0.036399295613799995, 'net': 17.05662010438601, 'entry_model': 2591.403177, 'exit_model': 2608.4961964}, 'STRESS': {'gross': 18.13299999999981, 'spread': 1.29997575, 'slippage': 1.0399806, 'commission': 0.0727985277621, 'net': 15.72024512223771, 'entry_model': 2592.0508982500005, 'exit_model': 2607.8439419}}"
2024,DUKA_SIGNAL__DUKA_EXECUTION,2024-09-23T05:35:00+00:00,2024-09-23T05:40:00+00:00,2024-09-23T13:40:00+00:00,2624.794,2623.115,1,"{'E1': {'gross': -1.6790000000000873, 'spread': 0.5247909, 'slippage': 0.5247909, 'commission': 0.0367353653506, 'net': -2.765317165350688, 'entry_model': 2625.3189588, 'exit_model': 2622.590377}, 'STRESS': {'gross': -1.6790000000000873, 'spread': 1.31197725, 'slippage': 1.0495818, 'commission': 0.0734707365777, 'net': -4.114029786577787, 'entry_model': 2625.9751573, 'exit_model': 2621.93459825}}"
2024,DUKA_SIGNAL__DUKA_EXECUTION,2024-09-24T06:15:00+00:00,2024-09-24T06:20:00+00:00,2024-09-24T14:20:00+00:00,2631.675,2631.355,1,"{'E1': {'gross': -0.3200000000001637, 'spread': 0.5263030000000001, 'slippage': 0.5263030000000001, 'commission': 0.036841210448000004, 'net': -1.409447210448164, 'entry_model': 2632.201335, 'exit_model': 2630.8287290000003}, 'STRESS': {'gross': -0.3200000000001637, 'spread': 1.3157575000000001, 'slippage': 1.0526060000000002, 'commission': 0.073682422016, 'net': -2.762045922016164, 'entry_model': 2632.8592537500003, 'exit_model': 2630.17089025}}"
2024,DUKA_SIGNAL__DUKA_EXECUTION,2024-09-25T05:25:00+00:00,2024-09-25T05:30:00+00:00,2024-09-25T13:30:00+00:00,2664.615,2657.725,1,"{'E1': {'gross': -6.889999999999873, 'spread': 0.532234, 'slippage': 0.532234, 'commission': 0.03725638964599999, 'net': -7.9917243896458725, 'entry_model': 2665.1479229999995, 'exit_model': 2657.193455}, 'STRESS': {'gross': -6.889999999999873, 'spread': 1.3305850000000001, 'slippage': 1.064468, 'commission': 0.074512803407, 'net': -9.359565803406872, 'entry_model': 2665.81407675, 'exit_model': 2656.52902375}}"
2024,DUKA_SIGNAL__DUKA_EXECUTION,2024-09-26T06:55:00+00:00,2024-09-26T07:00:00+00:00,2024-09-26T15:00:00+00:00,2662.415,2682.655,1,"{'E1': {'gross': 20.240000000000236, 'spread': 0.534507, 'slippage': 0.534507, 'commission': 0.037415461664000005, 'net': 19.133570538336233, 'entry_model': 2662.947483, 'exit_model': 2682.1184690000005}, 'STRESS': {'gross': 20.240000000000236, 'spread': 1.3362675, 'slippage': 1.069014, 'commission': 0.074830852488, 'net': 17.75988764751224, 'entry_model': 2663.61308675, 'exit_model': 2681.4478052500003}}"
2024,DUKA_SIGNAL__DUKA_EXECUTION,2024-09-30T03:00:00+00:00,2024-09-30T03:05:00+00:00,2024-09-30T11:05:00+00:00,2664.895,2651.895,1,"{'E1': {'gross': -13.0, 'spread': 0.531679, 'slippage': 0.531679, 'commission': 0.037217548200000006, 'net': -14.1005755482, 'entry_model': 2665.427979, 'exit_model': 2651.364621}, 'STRESS': {'gross': -13.0, 'spread': 1.3291975, 'slippage': 1.063358, 'commission': 0.0744351419, 'net': -15.4669906419, 'entry_model': 2666.09420275, 'exit_model': 2650.70164725}}"
2024,DUKA_SIGNAL__DUKA_EXECUTION,2024-10-03T01:30:00+00:00,2024-10-03T01:35:00+00:00,2024-10-03T09:35:00+00:00,2659.875,2655.248,1,"{'E1': {'gross': -4.626999999999953, 'spread': 0.5315122999999999, 'slippage': 0.5315122999999999, 'commission': 0.0372058674778, 'net': -5.727230467477753, 'entry_model': 2660.406975, 'exit_model': 2654.7169504000003}, 'STRESS': {'gross': -4.626999999999953, 'spread': 1.32878075, 'slippage': 1.0630245999999999, 'commission': 0.0744117511501, 'net': -7.093217101150053, 'entry_model': 2661.07194375, 'exit_model': 2654.0531384}}"
2024,DUKA_SIGNAL__DUKA_EXECUTION,2024-10-04T05:20:00+00:00,2024-10-04T05:25:00+00:00,2024-10-04T13:25:00+00:00,2660.404,2659.665,1,"{'E1': {'gross': -0.7390000000000327, 'spread': 0.5320069, 'slippage': 0.5320069, 'commission': 0.03724048403460001, 'net': -1.8402542840346325, 'entry_model': 2660.9360808, 'exit_model': 2659.133067}, 'STRESS': {'gross': -0.7390000000000327, 'spread': 1.3300172499999998, 'slippage': 1.0640138, 'commission': 0.07448097065569999, 'net': -3.2075120206557326, 'entry_model': 2661.6011818, 'exit_model': 2658.46815075}}"
2024,DUKA_SIGNAL__DUKA_EXECUTION,2024-10-10T04:40:00+00:00,2024-10-10T04:45:00+00:00,2024-10-10T12:45:00+00:00,2611.205,2616.355,1,"{'E1': {'gross': 5.150000000000091, 'spread': 0.522756, 'slippage': 0.522756, 'commission': 0.03659291279, 'net': 4.067895087210091, 'entry_model': 2611.727241, 'exit_model': 2615.831729}, 'STRESS': {'gross': 5.150000000000091, 'spread': 1.3068899999999999, 'slippage': 1.045512, 'commission': 0.073185807555, 'net': 2.724412192445091, 'entry_model': 2612.38004225, 'exit_model': 2615.17764025}}"
2024,DUKA_SIGNAL__DUKA_EXECUTION,2024-10-11T02:20:00+00:00,2024-10-11T02:25:00+00:00,2024-10-11T10:25:00+00:00,2632.455,2639.935,1,"{'E1': {'gross': 7.480000000000018, 'spread': 0.527239, 'slippage': 0.527239, 'commission': 0.036906719528, 'net': 6.388615280472019, 'entry_model': 2632.981491, 'exit_model': 2639.407013}, 'STRESS': {'gross': 7.480000000000018, 'spread': 1.3180975, 'slippage': 1.054478, 'commission': 0.073813412876, 'net': 5.033611087124018, 'entry_model': 2633.63960475, 'exit_model': 2638.74702925}}"
2024,DUKA_SIGNAL__DUKA_EXECUTION,2024-10-14T07:35:00+00:00,2024-10-14T07:40:00+00:00,2024-10-14T15:40:00+00:00,2657.865,2651.735,1,"{'E1': {'gross': -6.129999999999654, 'spread': 0.5309600000000001, 'slippage': 0.5309600000000001, 'commission': 0.037167208582, 'net': -7.229087208581655, 'entry_model': 2658.3965729999995, 'exit_model': 2651.2046530000002}, 'STRESS': {'gross': -6.129999999999654, 'spread': 1.3274000000000001, 'slippage': 1.0619200000000002, 'commission': 0.074334438619, 'net': -8.593654438618653, 'entry_model': 2659.06103925, 'exit_model': 2650.5417192500004}}"
2024,DUKA_SIGNAL__DUKA_EXECUTION,2024-10-16T04:55:00+00:00,2024-10-16T05:00:00+00:00,2024-10-16T13:00:00+00:00,2667.795,2680.105,1,"{'E1': {'gross': 12.309999999999945, 'spread': 0.53479, 'slippage': 0.53479, 'commission': 0.037435282766, 'net': 11.202984717233948, 'entry_model': 2668.328559, 'exit_model': 2679.568979}, 'STRESS': {'gross': 12.309999999999945, 'spread': 1.336975, 'slippage': 1.06958, 'commission': 0.074870522447, 'net': 9.828574477552944, 'entry_model': 2668.9955077500003, 'exit_model': 2678.8989527500003}}"
2024,DUKA_SIGNAL__DUKA_EXECUTION,2024-10-17T03:30:00+00:00,2024-10-17T03:35:00+00:00,2024-10-17T11:35:00+00:00,2676.945,2683.354,1,"{'E1': {'gross': 6.408999999999651, 'spread': 0.5360299000000001, 'slippage': 0.5360299000000001, 'commission': 0.037522084027399996, 'net': 5.299418115972251, 'entry_model': 2677.4803890000003, 'exit_model': 2682.8173291999997}, 'STRESS': {'gross': 6.408999999999651, 'spread': 1.34007475, 'slippage': 1.0720598000000001, 'commission': 0.07504414562330002, 'net': 3.9218213043763503, 'entry_model': 2678.1496252500006, 'exit_model': 2682.1464907}}"
2024,DUKA_SIGNAL__DUKA_EXECUTION,2024-10-18T03:15:00+00:00,2024-10-18T03:20:00+00:00,2024-10-18T11:20:00+00:00,2694.438,2703.015,1,"{'E1': {'gross': 8.57699999999977, 'spread': 0.5397453, 'slippage': 0.5397453, 'commission': 0.0377821589922, 'net': 7.459727241007571, 'entry_model': 2694.9768876, 'exit_model': 2702.474397}, 'STRESS': {'gross': 8.57699999999977, 'spread': 1.34936325, 'slippage': 1.0794906, 'commission': 0.0755642879649, 'net': 6.0725818620348715, 'entry_model': 2695.6504971000004, 'exit_model': 2701.79864325}}"
2024,DUKA_SIGNAL__DUKA_EXECUTION,2024-10-21T03:00:00+00:00,2024-10-21T03:05:00+00:00,2024-10-21T11:05:00+00:00,2723.155,2729.495,1,"{'E1': {'gross': 6.339999999999691, 'spread': 0.545265, 'slippage': 0.545265, 'commission': 0.038168541124, 'net': 5.211301458875692, 'entry_model': 2723.699631, 'exit_model': 2728.949101}, 'STRESS': {'gross': 6.339999999999691, 'spread': 1.3631624999999998, 'slippage': 1.09053, 'commission': 0.07633706005799999, 'net': 3.809970439941691, 'entry_model': 2724.3804197500003, 'exit_model': 2728.26672725}}"
2024,DUKA_SIGNAL__DUKA_EXECUTION,2024-10-22T04:15:00+00:00,2024-10-22T04:20:00+00:00,2024-10-22T12:20:00+00:00,2726.355,2734.445,1,"{'E1': {'gross': 8.090000000000146, 'spread': 0.54608, 'slippage': 0.54608, 'commission': 0.038225588674000006, 'net': 6.959614411326146, 'entry_model': 2726.900271, 'exit_model': 2733.8981110000004}, 'STRESS': {'gross': 8.090000000000146, 'spread': 1.3652, 'slippage': 1.09216, 'commission': 0.076451149033, 'net': 5.556188850967146, 'entry_model': 2727.58185975, 'exit_model': 2733.2144997500004}}"
2024,DUKA_SIGNAL__DUKA_EXECUTION,2024-10-24T04:00:00+00:00,2024-10-24T04:05:00+00:00,2024-10-24T12:05:00+00:00,2722.025,2737.635,1,"{'E1': {'gross': 15.610000000000127, 'spread': 0.5459660000000001, 'slippage': 0.5459660000000001, 'commission': 0.038217598146, 'net': 14.479850401854128, 'entry_model': 2722.569405, 'exit_model': 2737.0874730000005}, 'STRESS': {'gross': 15.610000000000127, 'spread': 1.364915, 'slippage': 1.0919320000000001, 'commission': 0.07643514165700001, 'net': 13.076717858343127, 'entry_model': 2723.2499112500004, 'exit_model': 2736.40306425}}"
2024,DUKA_SIGNAL__DUKA_EXECUTION,2024-10-29T03:30:00+00:00,2024-10-29T03:35:00+00:00,2024-10-29T11:35:00+00:00,2746.075,2751.925,1,"{'E1': {'gross': 5.850000000000364, 'spread': 0.5498000000000001, 'slippage': 0.5498000000000001, 'commission': 0.03848599181, 'net': 4.711914008190363, 'entry_model': 2746.624215, 'exit_model': 2751.374615}, 'STRESS': {'gross': 5.850000000000364, 'spread': 1.3745, 'slippage': 1.0996000000000001, 'commission': 0.076971963145, 'net': 3.2989280368553633, 'entry_model': 2747.31073375, 'exit_model': 2750.6866337500005}}"
2024,DUKA_SIGNAL__DUKA_EXECUTION,2024-10-30T03:05:00+00:00,2024-10-30T03:10:00+00:00,2024-10-30T11:10:00+00:00,2776.955,2783.085,1,"{'E1': {'gross': 6.130000000000109, 'spread': 0.556004, 'slippage': 0.556004, 'commission': 0.038920271418, 'net': 4.97907172858211, 'entry_model': 2777.510391, 'exit_model': 2782.5283830000003}, 'STRESS': {'gross': 6.130000000000109, 'spread': 1.39001, 'slippage': 1.112008, 'commission': 0.077840521381, 'net': 3.550141478619109, 'entry_model': 2778.20462975, 'exit_model': 2781.83261175}}"
2024,DUKA_SIGNAL__DUKA_EXECUTION,2024-11-01T06:50:00+00:00,2024-11-01T06:55:00+00:00,2024-11-01T14:55:00+00:00,2751.455,2752.905,1,"{'E1': {'gross': 1.4500000000002728, 'spread': 0.550436, 'slippage': 0.550436, 'commission': 0.038530517970000004, 'net': 0.31059748203027276, 'entry_model': 2752.005291, 'exit_model': 2752.3544190000002}, 'STRESS': {'gross': 1.4500000000002728, 'spread': 1.3760900000000003, 'slippage': 1.100872, 'commission': 0.077061030865, 'net': -1.1040230308647274, 'entry_model': 2752.6931547500003, 'exit_model': 2751.6661927500004}}"
2024,DUKA_SIGNAL__DUKA_EXECUTION,2024-11-04T05:10:00+00:00,2024-11-04T05:15:00+00:00,2024-11-04T13:15:00+00:00,2741.915,2737.765,1,"{'E1': {'gross': -4.150000000000091, 'spread': 0.547968, 'slippage': 0.547968, 'commission': 0.03835776580999999, 'net': -5.284293765810091, 'entry_model': 2742.463383, 'exit_model': 2737.217447}, 'STRESS': {'gross': -4.150000000000091, 'spread': 1.36992, 'slippage': 1.095936, 'commission': 0.076715546145, 'net': -6.692571546145092, 'entry_model': 2743.14886175, 'exit_model': 2736.53300575}}"
2024,DUKA_SIGNAL__DUKA_EXECUTION,2024-11-06T01:50:00+00:00,2024-11-06T01:55:00+00:00,2024-11-06T09:55:00+00:00,2745.285,2727.135,1,"{'E1': {'gross': -18.149999999999636, 'spread': 0.547242, 'slippage': 0.547242, 'commission': 0.03830696541, 'net': -19.28279096540964, 'entry_model': 2745.8340569999996, 'exit_model': 2726.589573}, 'STRESS': {'gross': -18.149999999999636, 'spread': 1.3681050000000001, 'slippage': 1.094484, 'commission': 0.076613994345, 'net': -20.689202994344637, 'entry_model': 2746.5203782500002, 'exit_model': 2725.9077892500004}}"
2024,DUKA_SIGNAL__DUKA_EXECUTION,2024-11-12T03:45:00+00:00,2024-11-12T03:50:00+00:00,2024-11-12T11:50:00+00:00,2626.555,2595.585,1,"{'E1': {'gross': -30.9699999999998, 'spread': 0.522214, 'slippage': 0.522214, 'commission': 0.036555023358, 'net': -32.050983023357794, 'entry_model': 2627.0803109999997, 'exit_model': 2595.065883}, 'STRESS': {'gross': -30.9699999999998, 'spread': 1.305535, 'slippage': 1.044428, 'commission': 0.073110155111, 'net': -33.393073155110805, 'entry_model': 2627.73694975, 'exit_model': 2594.41698675}}"
2024,DUKA_SIGNAL__DUKA_EXECUTION,2024-11-13T03:05:00+00:00,2024-11-13T03:10:00+00:00,2024-11-13T11:10:00+00:00,2603.378,2608.285,1,"{'E1': {'gross': 4.906999999999698, 'spread': 0.5211663000000001, 'slippage': 0.5211663000000001, 'commission': 0.0364816341302, 'net': 3.828185765869498, 'entry_model': 2603.8986756, 'exit_model': 2607.763343}, 'STRESS': {'gross': 4.906999999999698, 'spread': 1.3029157500000002, 'slippage': 1.0423326000000002, 'commission': 0.0729632510859, 'net': 2.4887883989137976, 'entry_model': 2604.5495201000003, 'exit_model': 2607.11127175}}"
2024,DUKA_SIGNAL__DUKA_EXECUTION,2024-11-18T02:45:00+00:00,2024-11-18T02:50:00+00:00,2024-11-18T10:50:00+00:00,2574.545,2585.455,1,"{'E1': {'gross': 10.909999999999854, 'spread': 0.516, 'slippage': 0.516, 'commission': 0.036119984726, 'net': 9.841880015273855, 'entry_model': 2575.059909, 'exit_model': 2584.9379089999998}, 'STRESS': {'gross': 10.909999999999854, 'spread': 1.29, 'slippage': 1.032, 'commission': 0.07223993126700001, 'net': 8.515760068732856, 'entry_model': 2575.7035452500004, 'exit_model': 2584.29154525}}"
2024,DUKA_SIGNAL__DUKA_EXECUTION,2024-11-19T03:00:00+00:00,2024-11-19T03:05:00+00:00,2024-11-19T11:05:00+00:00,2614.605,2627.105,1,"{'E1': {'gross': 12.5, 'spread': 0.524171, 'slippage': 0.524171, 'commission': 0.0366919525, 'net': 11.414966047499998, 'entry_model': 2615.127921, 'exit_model': 2626.579579}, 'STRESS': {'gross': 12.5, 'spread': 1.3104275, 'slippage': 1.048342, 'commission': 0.07338386125, 'net': 10.06784663875, 'entry_model': 2615.78157225, 'exit_model': 2625.9228027500003}}"
2024,DUKA_SIGNAL__DUKA_EXECUTION,2024-11-20T02:05:00+00:00,2024-11-20T02:10:00+00:00,2024-11-20T10:10:00+00:00,2635.925,2621.475,1,"{'E1': {'gross': -14.450000000000273, 'spread': 0.52574, 'slippage': 0.52574, 'commission': 0.03680182023, 'net': -15.538281820230274, 'entry_model': 2636.452185, 'exit_model': 2620.9507049999997}, 'STRESS': {'gross': -14.450000000000273, 'spread': 1.31435, 'slippage': 1.05148, 'commission': 0.073603691035, 'net': -16.889433691035272, 'entry_model': 2637.11116625, 'exit_model': 2620.29533625}}"
2024,DUKA_SIGNAL__DUKA_EXECUTION,2024-11-21T02:30:00+00:00,2024-11-21T02:35:00+00:00,2024-11-21T10:35:00+00:00,2656.335,2668.805,1,"{'E1': {'gross': 12.4699999999998, 'spread': 0.5325139999999999, 'slippage': 0.5325139999999999, 'commission': 0.037275962541999996, 'net': 11.367696037457803, 'entry_model': 2656.866267, 'exit_model': 2668.2712389999997}, 'STRESS': {'gross': 12.4699999999998, 'spread': 1.3312849999999998, 'slippage': 1.0650279999999999, 'commission': 0.074551881439, 'net': 9.999135118560801, 'entry_model': 2657.5303507500003, 'exit_model': 2667.60403775}}"
2024,DUKA_SIGNAL__DUKA_EXECUTION,2024-11-22T03:00:00+00:00,2024-11-22T03:05:00+00:00,2024-11-22T11:05:00+00:00,2676.064,2695.875,1,"{'E1': {'gross': 19.81100000000015, 'spread': 0.5371939, 'slippage': 0.5371939, 'commission': 0.0376035452646, 'net': 18.699008654735554, 'entry_model': 2676.5992128, 'exit_model': 2695.335825}, 'STRESS': {'gross': 19.81100000000015, 'spread': 1.34298475, 'slippage': 1.0743878, 'commission': 0.07520702119070001, 'net': 17.31842042880945, 'entry_model': 2677.2682288, 'exit_model': 2694.6618562500003}}"
2024,DUKA_SIGNAL__DUKA_EXECUTION,2024-11-25T02:00:00+00:00,2024-11-25T02:05:00+00:00,2024-11-25T10:05:00+00:00,2717.248,2670.075,1,"{'E1': {'gross': -47.17300000000023, 'spread': 0.5387323, 'slippage': 0.5387323, 'commission': 0.037711327042199996, 'net': -48.28817592704243, 'entry_model': 2717.7914496, 'exit_model': 2669.540985}, 'STRESS': {'gross': -47.17300000000023, 'spread': 1.34683075, 'slippage': 1.0774646, 'commission': 0.0754228191899, 'net': -49.672718169190134, 'entry_model': 2718.4707616, 'exit_model': 2668.87346625}}"
2024,DUKA_SIGNAL__DUKA_EXECUTION,2024-11-26T03:30:00+00:00,2024-11-26T03:35:00+00:00,2024-11-26T11:35:00+00:00,2631.415,2623.125,1,"{'E1': {'gross': -8.289999999999964, 'spread': 0.525454, 'slippage': 0.525454, 'commission': 0.036781791606, 'net': -9.377689791605963, 'entry_model': 2631.941283, 'exit_model': 2622.600375}, 'STRESS': {'gross': -8.289999999999964, 'spread': 1.313635, 'slippage': 1.050908, 'commission': 0.07356361222699999, 'net': -10.728106612226963, 'entry_model': 2632.59913675, 'exit_model': 2621.94459375}}"
2024,DUKA_SIGNAL__DUKA_EXECUTION,2024-11-27T01:30:00+00:00,2024-11-27T01:35:00+00:00,2024-11-27T09:35:00+00:00,2633.748,2647.925,1,"{'E1': {'gross': 14.177000000000135, 'spread': 0.5281673000000001, 'slippage': 0.5281673000000001, 'commission': 0.036971691152200004, 'net': 13.083693708847935, 'entry_model': 2634.2747496, 'exit_model': 2647.3954150000004}, 'STRESS': {'gross': 14.177000000000135, 'spread': 1.3204182500000001, 'slippage': 1.0563346000000002, 'commission': 0.07394333268490001, 'net': 11.726303817315236, 'entry_model': 2634.9331866, 'exit_model': 2646.73343375}}"
2024,DUKA_SIGNAL__DUKA_EXECUTION,2024-11-29T03:20:00+00:00,2024-11-29T03:25:00+00:00,2024-11-29T11:25:00+00:00,2643.185,2659.894,1,"{'E1': {'gross': 16.708999999999833, 'spread': 0.5303078999999999, 'slippage': 0.5303078999999999, 'commission': 0.0371215296074, 'net': 15.611262670392431, 'entry_model': 2643.713637, 'exit_model': 2659.3620211999996}, 'STRESS': {'gross': 16.708999999999833, 'spread': 1.3257697499999999, 'slippage': 1.0606157999999999, 'commission': 0.07424300073330001, 'net': 14.248371449266532, 'entry_model': 2644.37443325, 'exit_model': 2658.6970477}}"
2024,DUKA_SIGNAL__DUKA_EXECUTION,2024-12-04T06:55:00+00:00,2024-12-04T07:00:00+00:00,2024-12-04T15:00:00+00:00,2648.265,2636.885,1,"{'E1': {'gross': -11.379999999999654, 'spread': 0.528515, 'slippage': 0.528515, 'commission': 0.03699606593200001, 'net': -12.474026065931655, 'entry_model': 2648.794653, 'exit_model': 2636.3576230000003}, 'STRESS': {'gross': -11.379999999999654, 'spread': 1.3212875, 'slippage': 1.05703, 'commission': 0.07399217169399999, 'net': -13.832309671693654, 'entry_model': 2649.45671925, 'exit_model': 2635.6984017500004}}"
2024,DUKA_SIGNAL__DUKA_EXECUTION,2024-12-05T07:30:00+00:00,2024-12-05T07:35:00+00:00,2024-12-05T15:35:00+00:00,2651.805,2647.315,1,"{'E1': {'gross': -4.489999999999782, 'spread': 0.529912, 'slippage': 0.529912, 'commission': 0.037093846286, 'net': -5.5869178462857825, 'entry_model': 2652.335361, 'exit_model': 2646.785537}, 'STRESS': {'gross': -4.489999999999782, 'spread': 1.32478, 'slippage': 1.059824, 'commission': 0.074187708287, 'net': -6.948791708286782, 'entry_model': 2652.99831225, 'exit_model': 2646.12370825}}"
2024,DUKA_SIGNAL__DUKA_EXECUTION,2024-12-06T05:25:00+00:00,2024-12-06T05:30:00+00:00,2024-12-06T13:30:00+00:00,2636.355,2637.598,1,"{'E1': {'gross': 1.2429999999999382, 'spread': 0.5273953, 'slippage': 0.5273953, 'commission': 0.0369176692598, 'net': 0.15129173074013813, 'entry_model': 2636.882271, 'exit_model': 2637.0704804}, 'STRESS': {'gross': 1.2429999999999382, 'spread': 1.31848825, 'slippage': 1.0547906, 'commission': 0.0738353341691, 'net': -1.2041141841691618, 'entry_model': 2637.54135975, 'exit_model': 2636.4110809}}"
2024,DUKA_SIGNAL__DUKA_EXECUTION,2024-12-09T03:10:00+00:00,2024-12-09T03:15:00+00:00,2024-12-09T11:15:00+00:00,2642.895,2652.135,1,"{'E1': {'gross': 9.240000000000236, 'spread': 0.5295030000000001, 'slippage': 0.5295030000000001, 'commission': 0.037065197064, 'net': 8.143928802936236, 'entry_model': 2643.423579, 'exit_model': 2651.604573}, 'STRESS': {'gross': 9.240000000000236, 'spread': 1.3237575000000001, 'slippage': 1.0590060000000001, 'commission': 0.07413036178800002, 'net': 6.783106138212236, 'entry_model': 2644.08430275, 'exit_model': 2650.9415392500005}}"
2024,DUKA_SIGNAL__DUKA_EXECUTION,2024-12-10T03:55:00+00:00,2024-12-10T04:00:00+00:00,2024-12-10T12:00:00+00:00,2667.305,2664.915,1,"{'E1': {'gross': -2.3899999999998727, 'spread': 0.533222, 'slippage': 0.533222, 'commission': 0.037325543345999995, 'net': -3.493769543345872, 'entry_model': 2667.838461, 'exit_model': 2664.382017}, 'STRESS': {'gross': -2.3899999999998727, 'spread': 1.3330549999999999, 'slippage': 1.066444, 'commission': 0.07465109505699999, 'net': -4.864150095056872, 'entry_model': 2668.50528725, 'exit_model': 2663.71578825}}"
2024,DUKA_SIGNAL__DUKA_EXECUTION,2024-12-11T01:40:00+00:00,2024-12-11T01:45:00+00:00,2024-12-11T09:45:00+00:00,2696.074,2691.288,1,"{'E1': {'gross': -4.786000000000058, 'spread': 0.5387362, 'slippage': 0.5387362, 'commission': 0.037711540700400004, 'net': -5.901183940700458, 'entry_model': 2696.6132148, 'exit_model': 2690.7497424000003}, 'STRESS': {'gross': -4.786000000000058, 'spread': 1.3468405, 'slippage': 1.0774724, 'commission': 0.0754230981518, 'net': -7.285735998151859, 'entry_model': 2697.2872333, 'exit_model': 2690.0769204000003}}"
2024,DUKA_SIGNAL__DUKA_EXECUTION,2024-12-12T02:55:00+00:00,2024-12-12T03:00:00+00:00,2024-12-12T11:00:00+00:00,2723.685,2717.775,1,"{'E1': {'gross': -5.9099999999998545, 'spread': 0.544146, 'slippage': 0.544146, 'commission': 0.038090228274, 'net': -7.036382228273854, 'entry_model': 2724.2297369999997, 'exit_model': 2717.2314450000003}, 'STRESS': {'gross': -5.9099999999998545, 'spread': 1.360365, 'slippage': 1.088292, 'commission': 0.076180477233, 'net': -8.434837477232856, 'entry_model': 2724.9106582500003, 'exit_model': 2716.55200125}}"
2024,DUKA_SIGNAL__DUKA_EXECUTION,2024-12-13T03:00:00+00:00,2024-12-13T03:05:00+00:00,2024-12-13T11:05:00+00:00,2687.198,2672.235,1,"{'E1': {'gross': -14.962999999999738, 'spread': 0.5359433, 'slippage': 0.5359433, 'commission': 0.0375160519482, 'net': -16.072402651947936, 'entry_model': 2687.7354395999996, 'exit_model': 2671.700553}, 'STRESS': {'gross': -14.962999999999738, 'spread': 1.33985825, 'slippage': 1.0718866, 'commission': 0.0750321562669, 'net': -17.449777006266636, 'entry_model': 2688.4072391, 'exit_model': 2671.03249425}}"
2024,DUKA_SIGNAL__DUKA_EXECUTION,2024-12-17T03:10:00+00:00,2024-12-17T03:15:00+00:00,2024-12-17T11:15:00+00:00,2657.105,2643.785,1,"{'E1': {'gross': -13.320000000000164, 'spread': 0.5300889999999999, 'slippage': 0.5300889999999999, 'commission': 0.037106248648, 'net': -14.417284248648164, 'entry_model': 2657.636421, 'exit_model': 2643.256243}, 'STRESS': {'gross': -13.320000000000164, 'spread': 1.3252225, 'slippage': 1.0601779999999998, 'commission': 0.074212543916, 'net': -15.779613043916164, 'entry_model': 2658.30069725, 'exit_model': 2642.5952967499998}}"
2024,DUKA_SIGNAL__DUKA_EXECUTION,2024-12-18T02:35:00+00:00,2024-12-18T02:40:00+00:00,2024-12-18T10:40:00+00:00,2649.165,2646.805,1,"{'E1': {'gross': -2.3600000000001273, 'spread': 0.529597, 'slippage': 0.529597, 'commission': 0.037071793304, 'net': -3.456265793304127, 'entry_model': 2649.694833, 'exit_model': 2646.275639}, 'STRESS': {'gross': -2.3600000000001273, 'spread': 1.3239925, 'slippage': 1.059194, 'commission': 0.07414359486800001, 'net': -4.817330094868127, 'entry_model': 2650.35712425, 'exit_model': 2645.61393775}}"
2024,DUKA_SIGNAL__DUKA_EXECUTION,2024-12-20T03:55:00+00:00,2024-12-20T04:00:00+00:00,2024-12-20T12:00:00+00:00,2603.655,2604.848,1,"{'E1': {'gross': 1.1929999999997563, 'spread': 0.5208503000000001, 'slippage': 0.5208503000000001, 'commission': 0.03645951932980001, 'net': 0.11483988066995604, 'entry_model': 2604.1757310000003, 'exit_model': 2604.3270304000002}, 'STRESS': {'gross': 1.1929999999997563, 'spread': 1.30212575, 'slippage': 1.0417006000000002, 'commission': 0.0729190344841, 'net': -1.223745384484344, 'entry_model': 2604.8266447500005, 'exit_model': 2603.6758184}}"
2024,DUKA_SIGNAL__DUKA_EXECUTION,2024-12-23T07:30:00+00:00,2024-12-23T07:35:00+00:00,2024-12-23T15:35:00+00:00,2628.105,2617.055,1,"{'E1': {'gross': -11.050000000000182, 'spread': 0.524516, 'slippage': 0.524516, 'commission': 0.036716135469999994, 'net': -12.135748135470182, 'entry_model': 2628.630621, 'exit_model': 2616.5315889999997}, 'STRESS': {'gross': -11.050000000000182, 'spread': 1.31129, 'slippage': 1.049032, 'commission': 0.07343230961500001, 'net': -13.483754309615183, 'entry_model': 2629.28764725, 'exit_model': 2615.87732525}}"
2024,DUKA_SIGNAL__DUKA_EXECUTION,2024-12-24T01:30:00+00:00,2024-12-24T01:35:00+00:00,2024-12-24T09:35:00+00:00,2616.735,2620.265,1,"{'E1': {'gross': 3.5299999999997453, 'spread': 0.5237, 'slippage': 0.5237, 'commission': 0.036658995057999993, 'net': 2.4459410049417456, 'entry_model': 2617.258347, 'exit_model': 2619.740947}, 'STRESS': {'gross': 3.5299999999997453, 'spread': 1.30925, 'slippage': 1.0474, 'commission': 0.073317977761, 'net': 1.1000320222387452, 'entry_model': 2617.9125307500003, 'exit_model': 2619.08588075}}"
2024,DUKA_SIGNAL__DUKA_EXECUTION,2024-12-26T01:25:00+00:00,2024-12-26T01:30:00+00:00,2024-12-26T09:30:00+00:00,2619.475,2624.424,1,"{'E1': {'gross': 4.949000000000069, 'spread': 0.5243899, 'slippage': 0.5243899, 'commission': 0.036707286071399996, 'net': 3.863512913928669, 'entry_model': 2619.9988949999997, 'exit_model': 2623.8991152}, 'STRESS': {'gross': 4.949000000000069, 'spread': 1.31097475, 'slippage': 1.0487798, 'commission': 0.0734145548213, 'net': 2.515830895178769, 'entry_model': 2620.65376375, 'exit_model': 2623.2430092}}"
2024,DUKA_SIGNAL__DUKA_EXECUTION,2024-12-30T02:00:00+00:00,2024-12-30T02:05:00+00:00,2024-12-30T10:05:00+00:00,2624.555,2616.755,1,"{'E1': {'gross': -7.799999999999727, 'spread': 0.524131, 'slippage': 0.524131, 'commission': 0.03668918092, 'net': -8.884951180919728, 'entry_model': 2625.079911, 'exit_model': 2616.2316490000003}, 'STRESS': {'gross': -7.799999999999727, 'spread': 1.3103274999999999, 'slippage': 1.048262, 'commission': 0.07337838914, 'net': -10.231967889139726, 'entry_model': 2625.73604975, 'exit_model': 2615.57746025}}"
2024,DUKA_SIGNAL__DUKA_EXECUTION,2024-12-31T03:25:00+00:00,2024-12-31T03:30:00+00:00,2024-12-31T11:30:00+00:00,2610.015,2614.868,1,"{'E1': {'gross': 4.8530000000000655, 'spread': 0.5224883, 'slippage': 0.5224883, 'commission': 0.036574174205799996, 'net': 3.7714492257942656, 'entry_model': 2610.537003, 'exit_model': 2614.3450264}, 'STRESS': {'gross': 4.8530000000000655, 'spread': 1.30622075, 'slippage': 1.0449766, 'commission': 0.0731483314261, 'net': 2.4286543185739653, 'entry_model': 2611.18950675, 'exit_model': 2613.6913094}}"
2025,DUKA_SIGNAL__DUKA_EXECUTION,2025-01-02T01:00:00+00:00,2025-01-02T01:05:00+00:00,2025-01-02T09:05:00+00:00,2624.915,2634.098,1,"{'E1': {'gross': 9.182999999999993, 'spread': 0.5259013, 'slippage': 0.5259013, 'commission': 0.036813078143800006, 'net': 8.094384321856195, 'entry_model': 2625.4399829999998, 'exit_model': 2633.5711804000002}, 'STRESS': {'gross': 9.182999999999993, 'spread': 1.31475325, 'slippage': 1.0518026, 'commission': 0.0736261241471, 'net': 6.742818025852893, 'entry_model': 2626.0962117500003, 'exit_model': 2632.9126559}}"
2025,DUKA_SIGNAL__DUKA_EXECUTION,2025-01-03T02:05:00+00:00,2025-01-03T02:10:00+00:00,2025-01-03T10:10:00+00:00,2660.595,2653.055,1,"{'E1': {'gross': -7.539999999999964, 'spread': 0.531365, 'slippage': 0.531365, 'commission': 0.03719556055599999, 'net': -8.639925560555962, 'entry_model': 2661.1271189999998, 'exit_model': 2652.5243889999997}, 'STRESS': {'gross': -7.539999999999964, 'spread': 1.3284125, 'slippage': 1.06273, 'commission': 0.074391147502, 'net': -10.005533647501965, 'entry_model': 2661.79226775, 'exit_model': 2651.86112525}}"
2025,DUKA_SIGNAL__DUKA_EXECUTION,2025-01-06T02:55:00+00:00,2025-01-06T03:00:00+00:00,2025-01-06T11:00:00+00:00,2643.035,2631.295,1,"{'E1': {'gross': -11.739999999999782, 'spread': 0.527433, 'slippage': 0.527433, 'commission': 0.036920326435999996, 'net': -12.831786326435783, 'entry_model': 2643.5636069999996, 'exit_model': 2630.7687410000003}, 'STRESS': {'gross': -11.739999999999782, 'spread': 1.3185825, 'slippage': 1.054866, 'commission': 0.073840693962, 'net': -14.187289193961782, 'entry_model': 2644.22436575, 'exit_model': 2630.11091725}}"
2025,DUKA_SIGNAL__DUKA_EXECUTION,2025-01-07T03:20:00+00:00,2025-01-07T03:25:00+00:00,2025-01-07T11:25:00+00:00,2638.898,2641.235,1,"{'E1': {'gross': 2.336999999999989, 'spread': 0.5280133, 'slippage': 0.5280133, 'commission': 0.036960927728200005, 'net': 1.2440124722717891, 'entry_model': 2639.4257796, 'exit_model': 2640.7067530000004}, 'STRESS': {'gross': 2.336999999999989, 'spread': 1.32003325, 'slippage': 1.0560266, 'commission': 0.07392184727690002, 'net': -0.11298169727691101, 'entry_model': 2640.0855041000004, 'exit_model': 2640.04644425}}"
2025,DUKA_SIGNAL__DUKA_EXECUTION,2025-01-10T04:15:00+00:00,2025-01-10T04:20:00+00:00,2025-01-10T12:20:00+00:00,2672.585,2682.124,1,"{'E1': {'gross': 9.53899999999976, 'spread': 0.5354709, 'slippage': 0.5354709, 'commission': 0.0374829496454, 'net': 8.43057525035436, 'entry_model': 2673.119517, 'exit_model': 2681.5875751999997}, 'STRESS': {'gross': 9.53899999999976, 'spread': 1.33867725, 'slippage': 1.0709418, 'commission': 0.0749658659043, 'net': 7.05441508409546, 'entry_model': 2673.78766325, 'exit_model': 2680.9170442}}"
2025,DUKA_SIGNAL__DUKA_EXECUTION,2025-01-14T01:45:00+00:00,2025-01-14T01:50:00+00:00,2025-01-14T09:50:00+00:00,2668.875,2668.905,1,"{'E1': {'gross': 0.03000000000020009, 'spread': 0.5337780000000001, 'slippage': 0.5337780000000001, 'commission': 0.037364459958, 'net': -1.0749204599578002, 'entry_model': 2669.408775, 'exit_model': 2668.371219}, 'STRESS': {'gross': 0.03000000000020009, 'spread': 1.334445, 'slippage': 1.0675560000000002, 'commission': 0.07472891981100001, 'net': -2.4467299198108003, 'entry_model': 2670.07599375, 'exit_model': 2667.7039927500005}}"
2025,DUKA_SIGNAL__DUKA_EXECUTION,2025-01-16T03:05:00+00:00,2025-01-16T03:10:00+00:00,2025-01-16T11:10:00+00:00,2699.575,2699.815,1,"{'E1': {'gross': 0.24000000000023647, 'spread': 0.539939, 'slippage': 0.539939, 'commission': 0.037795729663999994, 'net': -0.8776737296637634, 'entry_model': 2700.1149149999997, 'exit_model': 2699.2750370000003}, 'STRESS': {'gross': 0.24000000000023647, 'spread': 1.3498474999999999, 'slippage': 1.079878, 'commission': 0.075591458488, 'net': -2.2653169584877637, 'entry_model': 2700.78980875, 'exit_model': 2698.6000832500004}}"
2025,DUKA_SIGNAL__DUKA_EXECUTION,2025-01-20T06:35:00+00:00,2025-01-20T06:40:00+00:00,2025-01-20T14:40:00+00:00,2704.525,2708.585,1,"{'E1': {'gross': 4.059999999999945, 'spread': 0.5413110000000001, 'slippage': 0.5413110000000001, 'commission': 0.037891764316000005, 'net': 2.939486235683945, 'entry_model': 2705.065905, 'exit_model': 2708.043283}, 'STRESS': {'gross': 4.059999999999945, 'spread': 1.3532775000000001, 'slippage': 1.0826220000000002, 'commission': 0.075783514422, 'net': 1.5483169855779453, 'entry_model': 2705.74203625, 'exit_model': 2707.3661367500004}}"
2025,DUKA_SIGNAL__DUKA_EXECUTION,2025-01-21T03:25:00+00:00,2025-01-21T03:30:00+00:00,2025-01-21T11:30:00+00:00,2712.315,2722.245,1,"{'E1': {'gross': 9.929999999999836, 'spread': 0.5434559999999999, 'slippage': 0.5434559999999999, 'commission': 0.038041906098, 'net': 8.805046093901838, 'entry_model': 2712.857463, 'exit_model': 2721.700551}, 'STRESS': {'gross': 9.929999999999836, 'spread': 1.3586399999999998, 'slippage': 1.0869119999999999, 'commission': 0.076083777441, 'net': 7.408364222558837, 'entry_model': 2713.5355417500004, 'exit_model': 2721.01998975}}"
2025,DUKA_SIGNAL__DUKA_EXECUTION,2025-01-22T02:45:00+00:00,2025-01-22T02:50:00+00:00,2025-01-22T10:50:00+00:00,2747.265,2752.165,1,"{'E1': {'gross': 4.900000000000091, 'spread': 0.5499430000000001, 'slippage': 0.5499430000000001, 'commission': 0.03849600314, 'net': 3.761617996860091, 'entry_model': 2747.814453, 'exit_model': 2751.614567}, 'STRESS': {'gross': 4.900000000000091, 'spread': 1.3748575, 'slippage': 1.0998860000000001, 'commission': 0.07699198913, 'net': 2.3482645108700906, 'entry_model': 2748.50126925, 'exit_model': 2750.92652575}}"
2025,DUKA_SIGNAL__DUKA_EXECUTION,2025-01-24T02:40:00+00:00,2025-01-24T02:45:00+00:00,2025-01-24T10:45:00+00:00,2760.085,2772.415,1,"{'E1': {'gross': 12.329999999999927, 'spread': 0.55325, 'slippage': 0.55325, 'commission': 0.038727482738, 'net': 11.184772517261926, 'entry_model': 2760.637017, 'exit_model': 2771.860517}, 'STRESS': {'gross': 12.329999999999927, 'spread': 1.383125, 'slippage': 1.1065, 'commission': 0.07745492232100001, 'net': 9.762920077678928, 'entry_model': 2761.32703825, 'exit_model': 2771.16741325}}"
2025,DUKA_SIGNAL__DUKA_EXECUTION,2025-01-29T03:00:00+00:00,2025-01-29T03:05:00+00:00,2025-01-29T11:05:00+00:00,2765.375,2761.835,1,"{'E1': {'gross': -3.5399999999999636, 'spread': 0.552721, 'slippage': 0.552721, 'commission': 0.038690474956000004, 'net': -4.684132474955963, 'entry_model': 2765.928075, 'exit_model': 2761.2826330000003}, 'STRESS': {'gross': -3.5399999999999636, 'spread': 1.3818025, 'slippage': 1.105442, 'commission': 0.07738096230199999, 'net': -6.104625462301963, 'entry_model': 2766.61941875, 'exit_model': 2760.59217425}}"
2025,DUKA_SIGNAL__DUKA_EXECUTION,2025-01-30T01:10:00+00:00,2025-01-30T01:15:00+00:00,2025-01-30T09:15:00+00:00,2759.805,2766.295,1,"{'E1': {'gross': 6.4900000000002365, 'spread': 0.55261, 'slippage': 0.55261, 'commission': 0.038682690914, 'net': 5.346097309086237, 'entry_model': 2760.356961, 'exit_model': 2765.7417410000003}, 'STRESS': {'gross': 6.4900000000002365, 'spread': 1.3815250000000001, 'slippage': 1.10522, 'commission': 0.077365359113, 'net': 3.9258896408872364, 'entry_model': 2761.04691225, 'exit_model': 2765.0501672500004}}"
2025,DUKA_SIGNAL__DUKA_EXECUTION,2025-02-04T03:45:00+00:00,2025-02-04T03:50:00+00:00,2025-02-04T11:50:00+00:00,2823.535,2820.505,1,"{'E1': {'gross': -3.0299999999997453, 'spread': 0.564404, 'slippage': 0.564404, 'commission': 0.039508284242, 'net': -4.198316284241746, 'entry_model': 2824.099707, 'exit_model': 2819.940899}, 'STRESS': {'gross': -3.0299999999997453, 'spread': 1.41101, 'slippage': 1.128808, 'commission': 0.079016579089, 'net': -5.648834579088746, 'entry_model': 2824.80559075, 'exit_model': 2819.2357727500003}}"
2025,DUKA_SIGNAL__DUKA_EXECUTION,2025-02-05T02:30:00+00:00,2025-02-05T02:35:00+00:00,2025-02-05T10:35:00+00:00,2847.295,2864.885,1,"{'E1': {'gross': 17.590000000000146, 'spread': 0.571218, 'slippage': 0.571218, 'commission': 0.039985235374000005, 'net': 16.40757876462614, 'entry_model': 2847.864459, 'exit_model': 2864.3120230000004}, 'STRESS': {'gross': 17.590000000000146, 'spread': 1.428045, 'slippage': 1.142436, 'commission': 0.079970409183, 'net': 14.939548590817145, 'entry_model': 2848.5762827500002, 'exit_model': 2863.59580175}}"
2025,DUKA_SIGNAL__DUKA_EXECUTION,2025-02-07T01:20:00+00:00,2025-02-07T01:25:00+00:00,2025-02-07T09:25:00+00:00,2857.655,2863.985,1,"{'E1': {'gross': 6.329999999999927, 'spread': 0.572164, 'slippage': 0.572164, 'commission': 0.040051471138, 'net': 5.145620528861928, 'entry_model': 2858.2265310000003, 'exit_model': 2863.4122030000003}, 'STRESS': {'gross': 6.329999999999927, 'spread': 1.4304100000000002, 'slippage': 1.144328, 'commission': 0.08010292012100001, 'net': 3.6751590798789273, 'entry_model': 2858.94094475, 'exit_model': 2862.6962067500003}}"
2025,DUKA_SIGNAL__DUKA_EXECUTION,2025-02-10T03:00:00+00:00,2025-02-10T03:05:00+00:00,2025-02-10T11:05:00+00:00,2872.955,2897.735,1,"{'E1': {'gross': 24.7800000000002, 'spread': 0.577069, 'slippage': 0.577069, 'commission': 0.040394795308, 'net': 23.585467204692197, 'entry_model': 2873.529591, 'exit_model': 2897.1554530000003}, 'STRESS': {'gross': 24.7800000000002, 'spread': 1.4426725000000002, 'slippage': 1.154138, 'commission': 0.080789503886, 'net': 22.1023999961142, 'entry_model': 2874.24782975, 'exit_model': 2896.43101925}}"
2025,DUKA_SIGNAL__DUKA_EXECUTION,2025-02-11T01:30:00+00:00,2025-02-11T01:35:00+00:00,2025-02-11T09:35:00+00:00,2915.675,2911.005,1,"{'E1': {'gross': -4.670000000000073, 'spread': 0.5826680000000001, 'slippage': 0.5826680000000001, 'commission': 0.040786766538, 'net': -5.876122766538073, 'entry_model': 2916.258135, 'exit_model': 2910.4227990000004}, 'STRESS': {'gross': -4.670000000000073, 'spread': 1.4566700000000001, 'slippage': 1.1653360000000001, 'commission': 0.08157354942100001, 'net': -7.3735795494210725, 'entry_model': 2916.9870537500005, 'exit_model': 2909.6950477500004}}"
2025,DUKA_SIGNAL__DUKA_EXECUTION,2025-02-13T05:15:00+00:00,2025-02-13T05:20:00+00:00,2025-02-13T13:20:00+00:00,2910.755,2916.865,1,"{'E1': {'gross': 6.109999999999673, 'spread': 0.582762, 'slippage': 0.582762, 'commission': 0.040793331446, 'net': 4.903682668553673, 'entry_model': 2911.337151, 'exit_model': 2916.281627}, 'STRESS': {'gross': 6.109999999999673, 'spread': 1.456905, 'slippage': 1.165524, 'commission': 0.081586641507, 'net': 3.4059843584926726, 'entry_model': 2912.0648397500004, 'exit_model': 2915.55241075}}"
2025,DUKA_SIGNAL__DUKA_EXECUTION,2025-02-14T01:20:00+00:00,2025-02-14T01:25:00+00:00,2025-02-14T09:25:00+00:00,2929.695,2931.035,1,"{'E1': {'gross': 1.3399999999996908, 'spread': 0.586073, 'slippage': 0.586073, 'commission': 0.041025108123999995, 'net': 0.12682889187569085, 'entry_model': 2930.280939, 'exit_model': 2930.448793}, 'STRESS': {'gross': 1.3399999999996908, 'spread': 1.4651824999999998, 'slippage': 1.172146, 'commission': 0.08205021155800002, 'net': -1.379378711558309, 'entry_model': 2931.0133627500004, 'exit_model': 2929.71603425}}"
2025,DUKA_SIGNAL__DUKA_EXECUTION,2025-02-17T03:35:00+00:00,2025-02-17T03:40:00+00:00,2025-02-17T11:40:00+00:00,2895.385,2901.975,1,"{'E1': {'gross': 6.589999999999691, 'spread': 0.5797360000000001, 'slippage': 0.5797360000000001, 'commission': 0.040581510774, 'net': 5.389946489225689, 'entry_model': 2895.964077, 'exit_model': 2901.394605}, 'STRESS': {'gross': 6.589999999999691, 'spread': 1.44934, 'slippage': 1.1594720000000003, 'commission': 0.08116299848300002, 'net': 3.90002500151669, 'entry_model': 2896.6879232500005, 'exit_model': 2900.6691112500002}}"
2025,DUKA_SIGNAL__DUKA_EXECUTION,2025-02-18T04:35:00+00:00,2025-02-18T04:40:00+00:00,2025-02-18T12:40:00+00:00,2901.955,2908.965,1,"{'E1': {'gross': 7.010000000000218, 'spread': 0.581092, 'slippage': 0.581092, 'commission': 0.040676430186, 'net': 5.807139569814218, 'entry_model': 2902.535391, 'exit_model': 2908.3832070000003}, 'STRESS': {'gross': 7.010000000000218, 'spread': 1.45273, 'slippage': 1.162184, 'commission': 0.081352835837, 'net': 4.313733164163218, 'entry_model': 2903.26087975, 'exit_model': 2907.65596575}}"
2025,DUKA_SIGNAL__DUKA_EXECUTION,2025-02-19T03:45:00+00:00,2025-02-19T03:50:00+00:00,2025-02-19T11:50:00+00:00,2937.545,2944.945,1,"{'E1': {'gross': 7.400000000000091, 'spread': 0.588249, 'slippage': 0.588249, 'commission': 0.041177419640000004, 'net': 6.18232458036009, 'entry_model': 2938.132509, 'exit_model': 2944.3560110000003}, 'STRESS': {'gross': 7.400000000000091, 'spread': 1.4706225, 'slippage': 1.176498, 'commission': 0.08235481338, 'net': 4.670524686620091, 'entry_model': 2938.86689525, 'exit_model': 2943.6197747500005}}"
2025,DUKA_SIGNAL__DUKA_EXECUTION,2025-02-20T02:05:00+00:00,2025-02-20T02:10:00+00:00,2025-02-20T10:10:00+00:00,2939.355,2953.495,1,"{'E1': {'gross': 14.139999999999873, 'spread': 0.5892850000000001, 'slippage': 0.5892850000000001, 'commission': 0.041249930203999995, 'net': 12.920180069795872, 'entry_model': 2939.9428709999997, 'exit_model': 2952.904301}, 'STRESS': {'gross': 14.139999999999873, 'spread': 1.4732125, 'slippage': 1.1785700000000001, 'commission': 0.082499810918, 'net': 11.405717689081872, 'entry_model': 2940.6777097500003, 'exit_model': 2952.16592725}}"
2025,DUKA_SIGNAL__DUKA_EXECUTION,2025-02-21T03:15:00+00:00,2025-02-21T03:20:00+00:00,2025-02-21T11:20:00+00:00,2948.455,2923.875,1,"{'E1': {'gross': -24.579999999999927, 'spread': 0.587233, 'slippage': 0.587233, 'commission': 0.041106344412, 'net': -25.79557234441193, 'entry_model': 2949.044691, 'exit_model': 2923.290225}, 'STRESS': {'gross': -24.579999999999927, 'spread': 1.4680825, 'slippage': 1.174466, 'commission': 0.082212774854, 'net': -27.304761274853927, 'entry_model': 2949.78180475, 'exit_model': 2922.55925625}}"
2025,DUKA_SIGNAL__DUKA_EXECUTION,2025-02-26T01:50:00+00:00,2025-02-26T01:55:00+00:00,2025-02-26T09:55:00+00:00,2918.555,2915.685,1,"{'E1': {'gross': -2.869999999999891, 'spread': 0.583424, 'slippage': 0.583424, 'commission': 0.040839684018, 'net': -4.07768768401789, 'entry_model': 2919.1387109999996, 'exit_model': 2915.101863}, 'STRESS': {'gross': -2.869999999999891, 'spread': 1.45856, 'slippage': 1.166848, 'commission': 0.08167937808100001, 'net': -5.577087378080891, 'entry_model': 2919.86834975, 'exit_model': 2914.37294175}}"
2025,DUKA_SIGNAL__DUKA_EXECUTION,2025-02-27T01:35:00+00:00,2025-02-27T01:40:00+00:00,2025-02-27T09:40:00+00:00,2918.625,2890.915,1,"{'E1': {'gross': -27.710000000000036, 'spread': 0.580954, 'slippage': 0.580954, 'commission': 0.040666818794, 'net': -28.912574818794035, 'entry_model': 2919.208725, 'exit_model': 2890.336817}, 'STRESS': {'gross': -27.710000000000036, 'spread': 1.452385, 'slippage': 1.161908, 'commission': 0.081333734573, 'net': -30.405626734573037, 'entry_model': 2919.93838125, 'exit_model': 2889.61408825}}"
2025,DUKA_SIGNAL__DUKA_EXECUTION,2025-03-03T02:00:00+00:00,2025-03-03T02:05:00+00:00,2025-03-03T10:05:00+00:00,2869.048,2863.055,1,"{'E1': {'gross': -5.992999999999938, 'spread': 0.5732103, 'slippage': 0.5732103, 'commission': 0.0401247293902, 'net': -7.1795453293901375, 'entry_model': 2869.6218096, 'exit_model': 2862.482389}, 'STRESS': {'gross': -5.992999999999938, 'spread': 1.4330257499999999, 'slippage': 1.1464206, 'commission': 0.0802494797559, 'net': -8.652695829755837, 'entry_model': 2870.3390716, 'exit_model': 2861.76662525}}"
2025,DUKA_SIGNAL__DUKA_EXECUTION,2025-03-05T07:55:00+00:00,2025-03-05T08:00:00+00:00,2025-03-05T16:00:00+00:00,2918.525,2899.735,1,"{'E1': {'gross': -18.789999999999964, 'spread': 0.5818260000000001, 'slippage': 0.5818260000000001, 'commission': 0.04072784630600001, 'net': -19.994379846305964, 'entry_model': 2919.108705, 'exit_model': 2899.1550530000004}, 'STRESS': {'gross': -18.789999999999964, 'spread': 1.454565, 'slippage': 1.1636520000000001, 'commission': 0.081455758377, 'net': -21.489672758376962, 'entry_model': 2919.8383362500003, 'exit_model': 2898.43011925}}"
2025,DUKA_SIGNAL__DUKA_EXECUTION,2025-03-06T03:50:00+00:00,2025-03-06T03:55:00+00:00,2025-03-06T11:55:00+00:00,2925.105,2893.738,1,"{'E1': {'gross': -31.36700000000019, 'spread': 0.5818843, 'slippage': 0.5818843, 'commission': 0.04073194491379999, 'net': -32.57150054491399, 'entry_model': 2925.690021, 'exit_model': 2893.1592524}, 'STRESS': {'gross': -31.36700000000019, 'spread': 1.45471075, 'slippage': 1.1637686, 'commission': 0.0814639996121, 'net': -34.06694334961228, 'entry_model': 2926.4212972500004, 'exit_model': 2892.4358179}}"
2025,DUKA_SIGNAL__DUKA_EXECUTION,2025-03-11T05:05:00+00:00,2025-03-11T05:10:00+00:00,2025-03-11T13:10:00+00:00,2891.315,2911.355,1,"{'E1': {'gross': 20.039999999999964, 'spread': 0.5802670000000001, 'slippage': 0.5802670000000001, 'commission': 0.040618661944000004, 'net': 18.838847338055967, 'entry_model': 2891.893263, 'exit_model': 2910.7727290000003}, 'STRESS': {'gross': 20.039999999999964, 'spread': 1.4506675, 'slippage': 1.1605340000000002, 'commission': 0.081237253748, 'net': 17.347561246251963, 'entry_model': 2892.61609175, 'exit_model': 2910.04489025}}"
2025,DUKA_SIGNAL__DUKA_EXECUTION,2025-03-13T04:00:00+00:00,2025-03-13T04:05:00+00:00,2025-03-13T12:05:00+00:00,2940.995,2942.208,1,"{'E1': {'gross': 1.2130000000001928, 'spread': 0.5883203, 'slippage': 0.5883203, 'commission': 0.0411824193018, 'net': -0.004823019301607223, 'entry_model': 2941.5831989999997, 'exit_model': 2941.6195584}, 'STRESS': {'gross': 1.2130000000001928, 'spread': 1.47080075, 'slippage': 1.1766406, 'commission': 0.08236483435809999, 'net': -1.5168061843579073, 'entry_model': 2942.31844775, 'exit_model': 2940.8840064}}"
2025,DUKA_SIGNAL__DUKA_EXECUTION,2025-03-14T01:35:00+00:00,2025-03-14T01:40:00+00:00,2025-03-14T09:40:00+00:00,2989.395,2983.595,1,"{'E1': {'gross': -5.800000000000182, 'spread': 0.597299, 'slippage': 0.597299, 'commission': 0.041810938119999995, 'net': -7.036408938120181, 'entry_model': 2989.992879, 'exit_model': 2982.9982809999997}, 'STRESS': {'gross': -5.800000000000182, 'spread': 1.4932475, 'slippage': 1.194598, 'commission': 0.08362189653999999, 'net': -8.571467396540182, 'entry_model': 2990.74022775, 'exit_model': 2982.2523822499998}}"
2025,DUKA_SIGNAL__DUKA_EXECUTION,2025-03-18T02:15:00+00:00,2025-03-18T02:20:00+00:00,2025-03-18T10:20:00+00:00,3001.865,3018.208,1,"{'E1': {'gross': 16.343000000000302, 'spread': 0.6020073, 'slippage': 0.6020073, 'commission': 0.0421404881198, 'net': 15.0968449118805, 'entry_model': 3002.4653729999995, 'exit_model': 3017.6043584000004}, 'STRESS': {'gross': 16.343000000000302, 'spread': 1.50501825, 'slippage': 1.2040146, 'commission': 0.0842809190391, 'net': 13.549686230961202, 'entry_model': 3003.21583925, 'exit_model': 3016.8498064}}"
2025,DUKA_SIGNAL__DUKA_EXECUTION,2025-03-20T03:00:00+00:00,2025-03-20T03:05:00+00:00,2025-03-20T11:05:00+00:00,3052.635,3042.248,1,"{'E1': {'gross': -10.387000000000171, 'spread': 0.6094883, 'slippage': 0.6094883, 'commission': 0.0426641955418, 'net': -11.648640795541972, 'entry_model': 3053.245527, 'exit_model': 3041.6395504}, 'STRESS': {'gross': -10.387000000000171, 'spread': 1.52372075, 'slippage': 1.2189766, 'commission': 0.08532842743810001, 'net': -13.215025777438271, 'entry_model': 3054.0086857500005, 'exit_model': 3040.8789884000003}}"
2025,DUKA_SIGNAL__DUKA_EXECUTION,2025-03-21T02:55:00+00:00,2025-03-21T03:00:00+00:00,2025-03-21T11:00:00+00:00,3046.245,3031.775,1,"{'E1': {'gross': -14.4699999999998, 'spread': 0.6078020000000001, 'slippage': 0.6078020000000001, 'commission': 0.042546160257999996, 'net': -15.7281501602578, 'entry_model': 3046.854249, 'exit_model': 3031.168645}, 'STRESS': {'gross': -14.4699999999998, 'spread': 1.519505, 'slippage': 1.2156040000000001, 'commission': 0.085092371161, 'net': -17.2902013711608, 'entry_model': 3047.61581025, 'exit_model': 3030.4107012500003}}"
2025,DUKA_SIGNAL__DUKA_EXECUTION,2025-03-24T03:00:00+00:00,2025-03-24T03:05:00+00:00,2025-03-24T11:05:00+00:00,3025.015,3022.565,1,"{'E1': {'gross': -2.449999999999818, 'spread': 0.604758, 'slippage': 0.604758, 'commission': 0.04233306343, 'net': -3.701849063429818, 'entry_model': 3025.620003, 'exit_model': 3021.9604870000003}, 'STRESS': {'gross': -2.449999999999818, 'spread': 1.511895, 'slippage': 1.209516, 'commission': 0.084666135435, 'net': -5.2560771354348175, 'entry_model': 3026.3762567500003, 'exit_model': 3021.20484575}}"
2025,DUKA_SIGNAL__DUKA_EXECUTION,2025-03-25T06:40:00+00:00,2025-03-25T06:45:00+00:00,2025-03-25T14:45:00+00:00,3015.835,3023.285,1,"{'E1': {'gross': 7.449999999999818, 'spread': 0.603912, 'slippage': 0.603912, 'commission': 0.042273829570000004, 'net': 6.199902170429818, 'entry_model': 3016.438167, 'exit_model': 3022.680343}, 'STRESS': {'gross': 7.449999999999818, 'spread': 1.50978, 'slippage': 1.207824, 'commission': 0.08454763306500002, 'net': 4.647848366934818, 'entry_model': 3017.1921257500003, 'exit_model': 3021.92452175}}"
2025,DUKA_SIGNAL__DUKA_EXECUTION,2025-03-26T04:50:00+00:00,2025-03-26T04:55:00+00:00,2025-03-26T12:55:00+00:00,3024.095,3019.455,1,"{'E1': {'gross': -4.639999999999873, 'spread': 0.604355, 'slippage': 0.604355, 'commission': 0.04230485649600001, 'net': -5.891014856495873, 'entry_model': 3024.699819, 'exit_model': 3018.851109}, 'STRESS': {'gross': -4.639999999999873, 'spread': 1.5108875, 'slippage': 1.20871, 'commission': 0.084609729232, 'net': -7.444207229231872, 'entry_model': 3025.45584275, 'exit_model': 3018.0962452500003}}"
2025,DUKA_SIGNAL__DUKA_EXECUTION,2025-03-27T03:00:00+00:00,2025-03-27T03:05:00+00:00,2025-03-27T11:05:00+00:00,3023.715,3036.415,1,"{'E1': {'gross': 12.699999999999818, 'spread': 0.606013, 'slippage': 0.606013, 'commission': 0.04242089222, 'net': 11.445553107779817, 'entry_model': 3024.319743, 'exit_model': 3035.807717}, 'STRESS': {'gross': 12.699999999999818, 'spread': 1.5150325, 'slippage': 1.212026, 'commission': 0.08484173999, 'net': 9.888099760009817, 'entry_model': 3025.0756717500003, 'exit_model': 3035.04861325}}"
2025,DUKA_SIGNAL__DUKA_EXECUTION,2025-03-28T03:05:00+00:00,2025-03-28T03:10:00+00:00,2025-03-28T11:10:00+00:00,3059.485,3076.198,1,"{'E1': {'gross': 16.712999999999738, 'spread': 0.6135683000000001, 'slippage': 0.6135683000000001, 'commission': 0.0429497576018, 'net': 15.442913642397937, 'entry_model': 3060.096897, 'exit_model': 3075.5827604}, 'STRESS': {'gross': 16.712999999999738, 'spread': 1.53392075, 'slippage': 1.2271366000000001, 'commission': 0.08589945670810001, 'net': 13.866043193291638, 'entry_model': 3060.8617682500003, 'exit_model': 3074.8137109}}"
2025,DUKA_SIGNAL__DUKA_EXECUTION,2025-03-31T04:25:00+00:00,2025-03-31T04:30:00+00:00,2025-03-31T12:30:00+00:00,3091.295,3120.145,1,"{'E1': {'gross': 28.84999999999991, 'spread': 0.621144, 'slippage': 0.621144, 'commission': 0.04348003961, 'net': 27.564231960389908, 'entry_model': 3091.913259, 'exit_model': 3119.520971}, 'STRESS': {'gross': 28.84999999999991, 'spread': 1.5528600000000001, 'slippage': 1.242288, 'commission': 0.086959978245, 'net': 25.96789202175491, 'entry_model': 3092.6860827500004, 'exit_model': 3118.74093475}}"
2025,DUKA_SIGNAL__DUKA_EXECUTION,2025-04-01T03:45:00+00:00,2025-04-01T03:50:00+00:00,2025-04-01T11:50:00+00:00,3127.315,3131.525,1,"{'E1': {'gross': 4.210000000000036, 'spread': 0.625884, 'slippage': 0.625884, 'commission': 0.043811874106, 'net': 2.9144201258940363, 'entry_model': 3127.940463, 'exit_model': 3130.8986950000003}, 'STRESS': {'gross': 4.210000000000036, 'spread': 1.56471, 'slippage': 1.251768, 'commission': 0.087623733477, 'net': 1.3058982665230365, 'entry_model': 3128.7222917500003, 'exit_model': 3130.11581375}}"
2025,DUKA_SIGNAL__DUKA_EXECUTION,2025-04-02T03:25:00+00:00,2025-04-02T03:30:00+00:00,2025-04-02T11:30:00+00:00,3121.385,3128.328,1,"{'E1': {'gross': 6.942999999999756, 'spread': 0.6249713, 'slippage': 0.6249713, 'commission': 0.0437479812798, 'net': 5.649309418719955, 'entry_model': 3122.009277, 'exit_model': 3127.7023344}, 'STRESS': {'gross': 6.942999999999756, 'spread': 1.56242825, 'slippage': 1.2499426, 'commission': 0.0874959382591, 'net': 4.043133211740656, 'entry_model': 3122.78962325, 'exit_model': 3126.9202524}}"
2025,DUKA_SIGNAL__DUKA_EXECUTION,2025-04-03T01:10:00+00:00,2025-04-03T01:15:00+00:00,2025-04-03T09:15:00+00:00,3144.178,3130.835,1,"{'E1': {'gross': -13.342999999999847, 'spread': 0.6275013, 'slippage': 0.6275013, 'commission': 0.0439251096802, 'net': -14.641927709680049, 'entry_model': 3144.8068356, 'exit_model': 3130.208833}, 'STRESS': {'gross': -13.342999999999847, 'spread': 1.56875325, 'slippage': 1.2550026, 'commission': 0.0878502660609, 'net': -16.25460611606075, 'entry_model': 3145.5928801, 'exit_model': 3129.42612425}}"
2025,DUKA_SIGNAL__DUKA_EXECUTION,2025-04-07T04:35:00+00:00,2025-04-07T04:40:00+00:00,2025-04-07T12:40:00+00:00,3048.185,3028.225,1,"{'E1': {'gross': -19.960000000000036, 'spread': 0.607641, 'slippage': 0.607641, 'commission': 0.042534897944, 'net': -21.21781689794404, 'entry_model': 3048.794637, 'exit_model': 3027.619355}, 'STRESS': {'gross': -19.960000000000036, 'spread': 1.5191025, 'slippage': 1.215282, 'commission': 0.08506986574800002, 'net': -22.779454365748034, 'entry_model': 3049.5566832500003, 'exit_model': 3026.8622987500003}}"
2025,DUKA_SIGNAL__DUKA_EXECUTION,2025-04-08T03:30:00+00:00,2025-04-08T03:35:00+00:00,2025-04-08T11:35:00+00:00,2989.885,3007.155,1,"{'E1': {'gross': 17.269999999999982, 'spread': 0.5997040000000001, 'slippage': 0.5997040000000001, 'commission': 0.041979255822, 'net': 16.028612744177984, 'entry_model': 2990.482977, 'exit_model': 3006.553569}, 'STRESS': {'gross': 17.269999999999982, 'spread': 1.4992600000000003, 'slippage': 1.1994080000000003, 'commission': 0.083958451199, 'net': 14.487373548800981, 'entry_model': 2991.2304482500003, 'exit_model': 3005.8017802500003}}"
2025,DUKA_SIGNAL__DUKA_EXECUTION,2025-04-09T04:30:00+00:00,2025-04-09T04:35:00+00:00,2025-04-09T12:35:00+00:00,2994.485,3047.555,1,"{'E1': {'gross': 53.06999999999971, 'spread': 0.6042040000000001, 'slippage': 0.6042040000000001, 'commission': 0.042294205702, 'net': 51.819297794297704, 'entry_model': 2995.083897, 'exit_model': 3046.9454889999997}, 'STRESS': {'gross': 53.06999999999971, 'spread': 1.51051, 'slippage': 1.2084080000000001, 'commission': 0.084588225659, 'net': 50.26649377434072, 'entry_model': 2995.8325182500002, 'exit_model': 3046.18360025}}"
2025,DUKA_SIGNAL__DUKA_EXECUTION,2025-04-10T05:05:00+00:00,2025-04-10T05:10:00+00:00,2025-04-10T13:10:00+00:00,3111.345,3115.165,1,"{'E1': {'gross': 3.8200000000001637, 'spread': 0.6226510000000001, 'slippage': 0.6226510000000001, 'commission': 0.043585564651999996, 'net': 2.531112435348163, 'entry_model': 3111.9672689999998, 'exit_model': 3114.541967}, 'STRESS': {'gross': 3.8200000000001637, 'spread': 1.5566275, 'slippage': 1.2453020000000001, 'commission': 0.08717111593400001, 'net': 0.9308993840661632, 'entry_model': 3112.74510525, 'exit_model': 3113.7631757500003}}"
2025,DUKA_SIGNAL__DUKA_EXECUTION,2025-04-11T01:00:00+00:00,2025-04-11T01:05:00+00:00,2025-04-11T09:05:00+00:00,3179.225,3195.625,1,"{'E1': {'gross': 16.40000000000009, 'spread': 0.6374850000000001, 'slippage': 0.6374850000000001, 'commission': 0.04462392704, 'net': 15.080406072960091, 'entry_model': 3179.8608449999997, 'exit_model': 3194.985875}, 'STRESS': {'gross': 16.40000000000009, 'spread': 1.5937125, 'slippage': 1.2749700000000002, 'commission': 0.08924779668, 'net': 13.44206970332009, 'entry_model': 3180.65565125, 'exit_model': 3194.1869687500002}}"
2025,DUKA_SIGNAL__DUKA_EXECUTION,2025-04-14T04:40:00+00:00,2025-04-14T04:45:00+00:00,2025-04-14T12:45:00+00:00,3240.465,3222.665,1,"{'E1': {'gross': -17.800000000000182, 'spread': 0.646313, 'slippage': 0.646313, 'commission': 0.045241934920000004, 'net': -19.13786793492018, 'entry_model': 3241.113093, 'exit_model': 3222.020467}, 'STRESS': {'gross': -17.800000000000182, 'spread': 1.6157825000000001, 'slippage': 1.292626, 'commission': 0.09048393214, 'net': -20.798892432140182, 'entry_model': 3241.92320925, 'exit_model': 3221.21480075}}"
2025,DUKA_SIGNAL__DUKA_EXECUTION,2025-04-15T04:10:00+00:00,2025-04-15T04:15:00+00:00,2025-04-15T12:15:00+00:00,3217.335,3228.495,1,"{'E1': {'gross': 11.159999999999854, 'spread': 0.644583, 'slippage': 0.644583, 'commission': 0.045120794375999994, 'net': 9.825713205623853, 'entry_model': 3217.978467, 'exit_model': 3227.8493009999997}, 'STRESS': {'gross': 11.159999999999854, 'spread': 1.6114575, 'slippage': 1.289166, 'commission': 0.090241549692, 'net': 8.169134950307855, 'entry_model': 3218.78280075, 'exit_model': 3227.04217725}}"
2025,DUKA_SIGNAL__DUKA_EXECUTION,2025-04-16T01:25:00+00:00,2025-04-16T01:30:00+00:00,2025-04-16T09:30:00+00:00,3234.405,3290.005,1,"{'E1': {'gross': 55.59999999999991, 'spread': 0.652441, 'slippage': 0.652441, 'commission': 0.04567079216, 'net': 54.2494472078399, 'entry_model': 3235.0518810000003, 'exit_model': 3289.3469990000003}, 'STRESS': {'gross': 55.59999999999991, 'spread': 1.6311025, 'slippage': 1.304882, 'commission': 0.09134138972000001, 'net': 52.57267411027991, 'entry_model': 3235.8604822500006, 'exit_model': 3288.52449775}}"
2025,DUKA_SIGNAL__DUKA_EXECUTION,2025-04-17T01:00:00+00:00,2025-04-17T01:05:00+00:00,2025-04-17T09:05:00+00:00,3348.225,3326.085,1,"{'E1': {'gross': -22.139999999999873, 'spread': 0.667431, 'slippage': 0.667431, 'commission': 0.046720200995999994, 'net': -23.521582200995873, 'entry_model': 3348.894645, 'exit_model': 3325.4197830000003}, 'STRESS': {'gross': -22.139999999999873, 'spread': 1.6685774999999998, 'slippage': 1.334862, 'commission': 0.093440479482, 'net': -25.236879979481873, 'entry_model': 3349.7317012500002, 'exit_model': 3324.58826175}}"
2025,DUKA_SIGNAL__DUKA_EXECUTION,2025-04-21T03:00:00+00:00,2025-04-21T03:05:00+00:00,2025-04-21T11:05:00+00:00,3353.405,3386.965,1,"{'E1': {'gross': 33.559999999999945, 'spread': 0.6740370000000001, 'slippage': 0.6740370000000001, 'commission': 0.047182543016, 'net': 32.16474345698395, 'entry_model': 3354.0756810000003, 'exit_model': 3386.287607}, 'STRESS': {'gross': 33.559999999999945, 'spread': 1.6850925000000003, 'slippage': 1.3480740000000002, 'commission': 0.09436496857200001, 'net': 30.432468531427947, 'entry_model': 3354.91403225, 'exit_model': 3385.4408657500003}}"
2025,DUKA_SIGNAL__DUKA_EXECUTION,2025-04-22T01:10:00+00:00,2025-04-22T01:15:00+00:00,2025-04-22T09:15:00+00:00,3431.935,3497.135,1,"{'E1': {'gross': 65.20000000000027, 'spread': 0.692907, 'slippage': 0.692907, 'commission': 0.04850339872, 'net': 63.76568260128027, 'entry_model': 3432.6213869999997, 'exit_model': 3496.435573}, 'STRESS': {'gross': 65.20000000000027, 'spread': 1.7322675, 'slippage': 1.385814, 'commission': 0.09700656924, 'net': 61.98491193076027, 'entry_model': 3433.4793707500003, 'exit_model': 3495.5612892500003}}"
2025,DUKA_SIGNAL__DUKA_EXECUTION,2025-04-24T01:00:00+00:00,2025-04-24T01:05:00+00:00,2025-04-24T09:05:00+00:00,3305.645,3325.475,1,"{'E1': {'gross': 19.829999999999927, 'spread': 0.663112, 'slippage': 0.663112, 'commission': 0.046417812238000004, 'net': 18.457358187761923, 'entry_model': 3306.306129, 'exit_model': 3324.809905}, 'STRESS': {'gross': 19.829999999999927, 'spread': 1.65778, 'slippage': 1.326224, 'commission': 0.092835555071, 'net': 16.753160444928927, 'entry_model': 3307.13254025, 'exit_model': 3323.97853625}}"
2025,DUKA_SIGNAL__DUKA_EXECUTION,2025-04-25T01:00:00+00:00,2025-04-25T01:05:00+00:00,2025-04-25T09:05:00+00:00,3351.765,3296.745,1,"{'E1': {'gross': -55.01999999999998, 'spread': 0.6648510000000001, 'slippage': 0.6648510000000001, 'commission': 0.046539647028, 'net': -56.39624164702798, 'entry_model': 3352.435353, 'exit_model': 3296.085651}, 'STRESS': {'gross': -55.01999999999998, 'spread': 1.6621275, 'slippage': 1.3297020000000002, 'commission': 0.093079486626, 'net': -58.10490898662598, 'entry_model': 3353.27329425, 'exit_model': 3295.26146475}}"
2025,DUKA_SIGNAL__DUKA_EXECUTION,2025-05-02T05:50:00+00:00,2025-05-02T05:55:00+00:00,2025-05-02T13:55:00+00:00,3248.175,3259.795,1,"{'E1': {'gross': 11.61999999999989, 'spread': 0.6507970000000001, 'slippage': 0.6507970000000001, 'commission': 0.045555773732, 'net': 10.27285022626789, 'entry_model': 3248.824635, 'exit_model': 3259.1430410000003}, 'STRESS': {'gross': 11.61999999999989, 'spread': 1.6269925, 'slippage': 1.3015940000000001, 'commission': 0.09111150679400001, 'net': 8.60030199320589, 'entry_model': 3249.6366787500006, 'exit_model': 3258.3280922500003}}"
2025,DUKA_SIGNAL__DUKA_EXECUTION,2025-05-05T03:00:00+00:00,2025-05-05T03:05:00+00:00,2025-05-05T11:05:00+00:00,3246.255,3264.665,1,"{'E1': {'gross': 18.409999999999854, 'spread': 0.651092, 'slippage': 0.651092, 'commission': 0.045576414226, 'net': 17.062239585773856, 'entry_model': 3246.904251, 'exit_model': 3264.012067}, 'STRESS': {'gross': 18.409999999999854, 'spread': 1.6277300000000001, 'slippage': 1.302184, 'commission': 0.09115276401700001, 'net': 15.388933235982854, 'entry_model': 3247.7158147500004, 'exit_model': 3263.19590075}}"
2025,DUKA_SIGNAL__DUKA_EXECUTION,2025-05-06T04:00:00+00:00,2025-05-06T04:05:00+00:00,2025-05-06T12:05:00+00:00,3348.715,3376.765,1,"{'E1': {'gross': 28.049999999999727, 'spread': 0.672548, 'slippage': 0.672548, 'commission': 0.04707832073, 'net': 26.657825679269727, 'entry_model': 3349.384743, 'exit_model': 3376.089647}, 'STRESS': {'gross': 28.049999999999727, 'spread': 1.68137, 'slippage': 1.345096, 'commission': 0.09415654328500002, 'net': 24.929377456714725, 'entry_model': 3350.2219217500005, 'exit_model': 3375.24545575}}"
2025,DUKA_SIGNAL__DUKA_EXECUTION,2025-05-08T04:50:00+00:00,2025-05-08T04:55:00+00:00,2025-05-08T12:55:00+00:00,3402.365,3336.959,1,"{'E1': {'gross': -65.40599999999995, 'spread': 0.6739324, 'slippage': 0.6739324, 'commission': 0.047175359568399994, 'net': -66.80104015956834, 'entry_model': 3403.0454729999997, 'exit_model': 3336.2916081999997}, 'STRESS': {'gross': -65.40599999999995, 'spread': 1.684831, 'slippage': 1.3478648, 'commission': 0.09435094805779999, 'net': -68.53304674805774, 'entry_model': 3403.89606425, 'exit_model': 3335.45736845}}"
2025,DUKA_SIGNAL__DUKA_EXECUTION,2025-05-09T07:55:00+00:00,2025-05-09T08:00:00+00:00,2025-05-09T16:00:00+00:00,3324.185,3333.375,1,"{'E1': {'gross': 9.190000000000055, 'spread': 0.665756, 'slippage': 0.665756, 'commission': 0.046602907134, 'net': 7.811885092866055, 'entry_model': 3324.8498369999998, 'exit_model': 3332.708325}, 'STRESS': {'gross': 9.190000000000055, 'spread': 1.6643899999999998, 'slippage': 1.331512, 'commission': 0.093205782103, 'net': 6.100892217897054, 'entry_model': 3325.68088325, 'exit_model': 3331.87498125}}"
2025,DUKA_SIGNAL__DUKA_EXECUTION,2025-05-13T03:05:00+00:00,2025-05-13T03:10:00+00:00,2025-05-13T11:10:00+00:00,3242.085,3258.645,1,"{'E1': {'gross': 16.559999999999945, 'spread': 0.650073, 'slippage': 0.650073, 'commission': 0.045505086816000004, 'net': 15.214348913183944, 'entry_model': 3242.733417, 'exit_model': 3257.9932710000003}, 'STRESS': {'gross': 16.559999999999945, 'spread': 1.6251825, 'slippage': 1.300146, 'commission': 0.09101011567200001, 'net': 13.543661384327946, 'entry_model': 3243.5439382500003, 'exit_model': 3257.1786097500003}}"
2025,DUKA_SIGNAL__DUKA_EXECUTION,2025-05-16T01:00:00+00:00,2025-05-16T01:05:00+00:00,2025-05-16T09:05:00+00:00,3241.245,3222.155,1,"{'E1': {'gross': -19.08999999999969, 'spread': 0.64634, 'slippage': 0.64634, 'commission': 0.045243826726000004, 'net': -20.42792382672569, 'entry_model': 3241.8932489999997, 'exit_model': 3221.5105690000005}, 'STRESS': {'gross': -19.08999999999969, 'spread': 1.61585, 'slippage': 1.29268, 'commission': 0.090487720267, 'net': -22.089017720266693, 'entry_model': 3242.70356025, 'exit_model': 3220.70503025}}"
2025,DUKA_SIGNAL__DUKA_EXECUTION,2025-05-19T03:00:00+00:00,2025-05-19T03:05:00+00:00,2025-05-19T11:05:00+00:00,3235.955,3230.115,1,"{'E1': {'gross': -5.8400000000001455, 'spread': 0.646607, 'slippage': 0.646607, 'commission': 0.045262498176000004, 'net': -7.178476498176146, 'entry_model': 3236.602191, 'exit_model': 3229.468977}, 'STRESS': {'gross': -5.8400000000001455, 'spread': 1.6165175, 'slippage': 1.293214, 'commission': 0.090525016792, 'net': -8.840256516792147, 'entry_model': 3237.41117975, 'exit_model': 3228.66144825}}"
2025,DUKA_SIGNAL__DUKA_EXECUTION,2025-05-21T01:05:00+00:00,2025-05-21T01:10:00+00:00,2025-05-21T09:10:00+00:00,3298.535,3310.865,1,"{'E1': {'gross': 12.329999999999927, 'spread': 0.66094, 'slippage': 0.66094, 'commission': 0.046265782738, 'net': 10.961854217261926, 'entry_model': 3299.1947069999997, 'exit_model': 3310.202827}, 'STRESS': {'gross': 12.329999999999927, 'spread': 1.65235, 'slippage': 1.32188, 'commission': 0.09253152232100001, 'net': 9.263238477678927, 'entry_model': 3300.01934075, 'exit_model': 3309.3751107499997}}"
2025,DUKA_SIGNAL__DUKA_EXECUTION,2025-05-22T04:00:00+00:00,2025-05-22T04:05:00+00:00,2025-05-22T12:05:00+00:00,3326.248,3313.445,1,"{'E1': {'gross': -12.802999999999884, 'spread': 0.6639693000000001, 'slippage': 0.6639693000000001, 'commission': 0.04647786892420001, 'net': -14.177416468924083, 'entry_model': 3326.9132496, 'exit_model': 3312.7823110000004}, 'STRESS': {'gross': -12.802999999999884, 'spread': 1.65992325, 'slippage': 1.3279386000000002, 'commission': 0.0929557826589, 'net': -15.883817632658783, 'entry_model': 3327.7448116, 'exit_model': 3311.9539497500004}}"
2025,DUKA_SIGNAL__DUKA_EXECUTION,2025-05-23T03:30:00+00:00,2025-05-23T03:35:00+00:00,2025-05-23T11:35:00+00:00,3307.715,3326.605,1,"{'E1': {'gross': 18.889999999999873, 'spread': 0.663432, 'slippage': 0.663432, 'commission': 0.04644021355399999, 'net': 17.516695786445872, 'entry_model': 3308.376543, 'exit_model': 3325.939679}, 'STRESS': {'gross': 18.889999999999873, 'spread': 1.65858, 'slippage': 1.326864, 'commission': 0.09288036099300001, 'net': 15.811675639006872, 'entry_model': 3309.2034717500005, 'exit_model': 3325.10802775}}"
2025,DUKA_SIGNAL__DUKA_EXECUTION,2025-05-27T01:00:00+00:00,2025-05-27T01:05:00+00:00,2025-05-27T09:05:00+00:00,3346.098,3323.328,1,"{'E1': {'gross': -22.769999999999982, 'spread': 0.6669425999999999, 'slippage': 0.6669425999999999, 'commission': 0.046686013878000004, 'net': -24.150571213877978, 'entry_model': 3346.7672196, 'exit_model': 3322.6633344}, 'STRESS': {'gross': -22.769999999999982, 'spread': 1.6673565, 'slippage': 1.3338851999999999, 'commission': 0.093372107451, 'net': -25.864613807450983, 'entry_model': 3347.6037441000003, 'exit_model': 3321.8325024}}"
2025,DUKA_SIGNAL__DUKA_EXECUTION,2025-05-28T02:20:00+00:00,2025-05-28T02:25:00+00:00,2025-05-28T10:25:00+00:00,3308.715,3310.698,1,"{'E1': {'gross': 1.9829999999997199, 'spread': 0.6619413000000001, 'slippage': 0.6619413000000001, 'commission': 0.0463358882238, 'net': 0.6127815117759198, 'entry_model': 3309.3767430000003, 'exit_model': 3310.0358604}, 'STRESS': {'gross': 1.9829999999997199, 'spread': 1.6548532500000002, 'slippage': 1.3238826000000001, 'commission': 0.0926717695071, 'net': -1.0884076195073804, 'entry_model': 3310.2039217500005, 'exit_model': 3309.2081859}}"
2025,DUKA_SIGNAL__DUKA_EXECUTION,2025-06-02T03:00:00+00:00,2025-06-02T03:05:00+00:00,2025-06-02T11:05:00+00:00,3311.208,3355.198,1,"{'E1': {'gross': 43.98999999999978, 'spread': 0.6666406, 'slippage': 0.6666406, 'commission': 0.046664780414, 'net': 42.61005401958578, 'entry_model': 3311.8702416, 'exit_model': 3354.5269604}, 'STRESS': {'gross': 43.98999999999978, 'spread': 1.6666015, 'slippage': 1.3332812, 'commission': 0.09332940686300001, 'net': 40.89678789313678, 'entry_model': 3312.6980436000003, 'exit_model': 3353.6881609}}"
2025,DUKA_SIGNAL__DUKA_EXECUTION,2025-06-03T01:00:00+00:00,2025-06-03T01:05:00+00:00,2025-06-03T09:05:00+00:00,3384.635,3365.005,1,"{'E1': {'gross': -19.63000000000011, 'spread': 0.6749640000000001, 'slippage': 0.6749640000000001, 'commission': 0.047247507482000003, 'net': -21.027175507482106, 'entry_model': 3385.311927, 'exit_model': 3364.331999}, 'STRESS': {'gross': -19.63000000000011, 'spread': 1.68741, 'slippage': 1.3499280000000002, 'commission': 0.094495083669, 'net': -22.761833083669107, 'entry_model': 3386.1580857500003, 'exit_model': 3363.49074775}}"
2025,DUKA_SIGNAL__DUKA_EXECUTION,2025-06-04T01:00:00+00:00,2025-06-04T01:05:00+00:00,2025-06-04T09:05:00+00:00,3356.498,3352.265,1,"{'E1': {'gross': -4.233000000000175, 'spread': 0.6708763, 'slippage': 0.6708763, 'commission': 0.04696134692620001, 'net': -5.621713946926374, 'entry_model': 3357.1692996, 'exit_model': 3351.594547}, 'STRESS': {'gross': -4.233000000000175, 'spread': 1.67719075, 'slippage': 1.3417526, 'commission': 0.0939227086679, 'net': -7.345866058668076, 'entry_model': 3358.0084241000004, 'exit_model': 3350.7564807500003}}"
2025,DUKA_SIGNAL__DUKA_EXECUTION,2025-06-05T04:00:00+00:00,2025-06-05T04:05:00+00:00,2025-06-05T12:05:00+00:00,3382.875,3375.345,1,"{'E1': {'gross': -7.5300000000002, 'spread': 0.6758219999999999, 'slippage': 0.6758219999999999, 'commission': 0.047307550542, 'net': -8.9289515505422, 'entry_model': 3383.551575, 'exit_model': 3374.669931}, 'STRESS': {'gross': -7.5300000000002, 'spread': 1.689555, 'slippage': 1.3516439999999998, 'commission': 0.09461512743900001, 'net': -10.665814127439202, 'entry_model': 3384.3972937500002, 'exit_model': 3373.82609475}}"
2025,DUKA_SIGNAL__DUKA_EXECUTION,2025-06-06T03:00:00+00:00,2025-06-06T03:05:00+00:00,2025-06-06T11:05:00+00:00,3363.445,3359.665,1,"{'E1': {'gross': -3.7800000000002, 'spread': 0.6723110000000001, 'slippage': 0.6723110000000001, 'commission': 0.047061775292, 'net': -5.171683775292201, 'entry_model': 3364.117689, 'exit_model': 3358.993067}, 'STRESS': {'gross': -3.7800000000002, 'spread': 1.6807775000000003, 'slippage': 1.3446220000000002, 'commission': 0.09412356381400001, 'net': -6.8995230638142, 'entry_model': 3364.9585502500004, 'exit_model': 3358.1531507500003}}"
2025,DUKA_SIGNAL__DUKA_EXECUTION,2025-06-11T04:15:00+00:00,2025-06-11T04:20:00+00:00,2025-06-11T12:20:00+00:00,3335.645,3340.548,1,"{'E1': {'gross': 4.902999999999793, 'spread': 0.6676192999999999, 'slippage': 0.6676192999999999, 'commission': 0.04673334413579999, 'net': 3.5210280558639924, 'entry_model': 3336.312129, 'exit_model': 3339.8798904}, 'STRESS': {'gross': 4.902999999999793, 'spread': 1.66904825, 'slippage': 1.3352385999999998, 'commission': 0.0934666711111, 'net': 1.8052464788886928, 'entry_model': 3337.14604025, 'exit_model': 3339.0447534}}"
2025,DUKA_SIGNAL__DUKA_EXECUTION,2025-06-12T01:00:00+00:00,2025-06-12T01:05:00+00:00,2025-06-12T09:05:00+00:00,3357.698,3374.225,1,"{'E1': {'gross': 16.527000000000044, 'spread': 0.6731923, 'slippage': 0.6731923, 'commission': 0.047123437862199996, 'net': 15.133491962137843, 'entry_model': 3358.3695396, 'exit_model': 3373.550155}, 'STRESS': {'gross': 16.527000000000044, 'spread': 1.68298075, 'slippage': 1.3463846, 'commission': 0.0942468178799, 'net': 13.403387832120142, 'entry_model': 3359.2089641000002, 'exit_model': 3372.70659875}}"
2025,DUKA_SIGNAL__DUKA_EXECUTION,2025-06-13T02:55:00+00:00,2025-06-13T03:00:00+00:00,2025-06-13T11:00:00+00:00,3395.425,3414.695,1,"{'E1': {'gross': 19.269999999999982, 'spread': 0.6810120000000001, 'slippage': 0.6810120000000001, 'commission': 0.047670813022, 'net': 17.860305186977985, 'entry_model': 3396.104085, 'exit_model': 3414.0120610000004}, 'STRESS': {'gross': 19.269999999999982, 'spread': 1.7025300000000003, 'slippage': 1.3620240000000001, 'commission': 0.09534155859900001, 'net': 16.11010444140098, 'entry_model': 3396.9529412500005, 'exit_model': 3413.1583872500005}}"
2025,DUKA_SIGNAL__DUKA_EXECUTION,2025-06-16T03:15:00+00:00,2025-06-16T03:20:00+00:00,2025-06-16T11:20:00+00:00,3446.005,3416.275,1,"{'E1': {'gross': -29.730000000000018, 'spread': 0.6862280000000001, 'slippage': 0.6862280000000001, 'commission': 0.048036001622, 'net': -31.150492001622016, 'entry_model': 3446.6942010000002, 'exit_model': 3415.591745}, 'STRESS': {'gross': -29.730000000000018, 'spread': 1.7155700000000003, 'slippage': 1.3724560000000001, 'commission': 0.09607210729900001, 'net': -32.91409810729902, 'entry_model': 3447.55570225, 'exit_model': 3414.7376762500003}}"
2025,DUKA_SIGNAL__DUKA_EXECUTION,2025-06-18T01:00:00+00:00,2025-06-18T01:05:00+00:00,2025-06-18T09:05:00+00:00,3395.355,3384.698,1,"{'E1': {'gross': -10.657000000000153, 'spread': 0.6780053, 'slippage': 0.6780053, 'commission': 0.0474603859198, 'net': -12.060470985919954, 'entry_model': 3396.034071, 'exit_model': 3384.0210604}, 'STRESS': {'gross': -10.657000000000153, 'spread': 1.69501325, 'slippage': 1.3560106, 'commission': 0.0949208091391, 'net': -13.802944659139254, 'entry_model': 3396.88290975, 'exit_model': 3383.1748859}}"
2025,DUKA_SIGNAL__DUKA_EXECUTION,2025-06-25T03:05:00+00:00,2025-06-25T03:10:00+00:00,2025-06-25T11:10:00+00:00,3326.025,3330.255,1,"{'E1': {'gross': 4.230000000000018, 'spread': 0.6656280000000001, 'slippage': 0.6656280000000001, 'commission': 0.046593954077999995, 'net': 2.8521500459220186, 'entry_model': 3326.690205, 'exit_model': 3329.588949}, 'STRESS': {'gross': 4.230000000000018, 'spread': 1.6640700000000002, 'slippage': 1.3312560000000002, 'commission': 0.093187893351, 'net': 1.1414861066490178, 'entry_model': 3327.5217112500004, 'exit_model': 3328.75638525}}"
2025,DUKA_SIGNAL__DUKA_EXECUTION,2025-06-26T02:05:00+00:00,2025-06-26T02:10:00+00:00,2025-06-26T10:10:00+00:00,3336.005,3342.295,1,"{'E1': {'gross': 6.289999999999964, 'spread': 0.66783, 'slippage': 0.66783, 'commission': 0.046748091194, 'net': 4.907591908805963, 'entry_model': 3336.672201, 'exit_model': 3341.626541}, 'STRESS': {'gross': 6.289999999999964, 'spread': 1.669575, 'slippage': 1.33566, 'commission': 0.093496160373, 'net': 3.191268839626964, 'entry_model': 3337.50620225, 'exit_model': 3340.7909672500004}}"
2025,DUKA_SIGNAL__DUKA_EXECUTION,2025-06-30T05:05:00+00:00,2025-06-30T05:10:00+00:00,2025-06-30T13:10:00+00:00,3280.915,3285.945,1,"{'E1': {'gross': 5.0300000000002, 'spread': 0.6566860000000001, 'slippage': 0.6566860000000001, 'commission': 0.045968012958, 'net': 3.6706599870421996, 'entry_model': 3281.571183, 'exit_model': 3285.287811}, 'STRESS': {'gross': 5.0300000000002, 'spread': 1.6417150000000003, 'slippage': 1.3133720000000002, 'commission': 0.091936008311, 'net': 1.9829769916891995, 'entry_model': 3282.3914117500003, 'exit_model': 3284.4663247500002}}"
2025,DUKA_SIGNAL__DUKA_EXECUTION,2025-07-01T01:50:00+00:00,2025-07-01T01:55:00+00:00,2025-07-01T09:55:00+00:00,3311.765,3331.405,1,"{'E1': {'gross': 19.640000000000327, 'spread': 0.664317, 'slippage': 0.664317, 'commission': 0.046502162504, 'net': 18.264863837496325, 'entry_model': 3312.4273529999996, 'exit_model': 3330.7387190000004}, 'STRESS': {'gross': 19.640000000000327, 'spread': 1.6607925000000001, 'slippage': 1.328634, 'commission': 0.093004256268, 'net': 16.557569243732328, 'entry_model': 3313.25529425, 'exit_model': 3329.90586775}}"
2025,DUKA_SIGNAL__DUKA_EXECUTION,2025-07-03T01:10:00+00:00,2025-07-03T01:15:00+00:00,2025-07-03T09:15:00+00:00,3360.275,3358.448,1,"{'E1': {'gross': -1.8270000000002256, 'spread': 0.6718723, 'slippage': 0.6718723, 'commission': 0.0470310635578, 'net': -3.2177756635580255, 'entry_model': 3360.947055, 'exit_model': 3357.7763104}, 'STRESS': {'gross': -1.8270000000002256, 'spread': 1.67968075, 'slippage': 1.3437446, 'commission': 0.0940621335101, 'net': -4.944487483510326, 'entry_model': 3361.7871237500003, 'exit_model': 3356.9366984}}"
2025,DUKA_SIGNAL__DUKA_EXECUTION,2025-07-04T04:20:00+00:00,2025-07-04T04:25:00+00:00,2025-07-04T12:25:00+00:00,3333.968,3339.095,1,"{'E1': {'gross': 5.126999999999953, 'spread': 0.6673063, 'slippage': 0.6673063, 'commission': 0.04671143382219999, 'net': 3.745675966177753, 'entry_model': 3334.6347935999997, 'exit_model': 3338.427181}, 'STRESS': {'gross': 5.126999999999953, 'spread': 1.66826575, 'slippage': 1.3346126, 'commission': 0.0934228496999, 'net': 2.030698800300053, 'entry_model': 3335.4682856, 'exit_model': 3337.59240725}}"
2025,DUKA_SIGNAL__DUKA_EXECUTION,2025-07-08T01:05:00+00:00,2025-07-08T01:10:00+00:00,2025-07-08T09:10:00+00:00,3342.398,3332.465,1,"{'E1': {'gross': -9.932999999999993, 'spread': 0.6674863000000001, 'slippage': 0.6674863000000001, 'commission': 0.046724054906200005, 'net': -11.314696654906193, 'entry_model': 3343.0664796, 'exit_model': 3331.7985070000004}, 'STRESS': {'gross': -9.932999999999993, 'spread': 1.66871575, 'slippage': 1.3349726000000002, 'commission': 0.0934481445779, 'net': -13.030136494577894, 'entry_model': 3343.9020791000003, 'exit_model': 3330.96539075}}"
2025,DUKA_SIGNAL__DUKA_EXECUTION,2025-07-10T01:10:00+00:00,2025-07-10T01:15:00+00:00,2025-07-10T09:15:00+00:00,3317.319,3324.645,1,"{'E1': {'gross': 7.326000000000022, 'spread': 0.6641964, 'slippage': 0.6641964, 'commission': 0.0464937377436, 'net': 5.951113462256422, 'entry_model': 3317.9824638, 'exit_model': 3323.980071}, 'STRESS': {'gross': 7.326000000000022, 'spread': 1.660491, 'slippage': 1.3283928, 'commission': 0.0929874498462, 'net': 4.244128750153822, 'entry_model': 3318.81179355, 'exit_model': 3323.1489097500003}}"
2025,DUKA_SIGNAL__DUKA_EXECUTION,2025-07-11T03:30:00+00:00,2025-07-11T03:35:00+00:00,2025-07-11T11:35:00+00:00,3332.625,3337.015,1,"{'E1': {'gross': 4.389999999999873, 'spread': 0.666964, 'slippage': 0.666964, 'commission': 0.046687473854, 'net': 3.0093845261458725, 'entry_model': 3333.291525, 'exit_model': 3336.347597}, 'STRESS': {'gross': 4.389999999999873, 'spread': 1.6674099999999998, 'slippage': 1.333928, 'commission': 0.093374932343, 'net': 1.2952870676568728, 'entry_model': 3334.1246812500003, 'exit_model': 3335.51334325}}"
2025,DUKA_SIGNAL__DUKA_EXECUTION,2025-07-14T03:00:00+00:00,2025-07-14T03:05:00+00:00,2025-07-14T11:05:00+00:00,3365.265,3370.895,1,"{'E1': {'gross': 5.630000000000109, 'spread': 0.673616, 'slippage': 0.673616, 'commission': 0.047153112117999996, 'net': 4.235614887882109, 'entry_model': 3365.938053, 'exit_model': 3370.220821}, 'STRESS': {'gross': 5.630000000000109, 'spread': 1.68404, 'slippage': 1.347232, 'commission': 0.09430620453100001, 'net': 2.504421795469109, 'entry_model': 3366.77936925, 'exit_model': 3369.3780972500003}}"
2025,DUKA_SIGNAL__DUKA_EXECUTION,2025-07-15T06:00:00+00:00,2025-07-15T06:05:00+00:00,2025-07-15T14:05:00+00:00,3352.655,3360.625,1,"{'E1': {'gross': 7.9699999999998, 'spread': 0.6713280000000001, 'slippage': 0.6713280000000001, 'commission': 0.046992948842, 'net': 6.5803510511578, 'entry_model': 3353.325531, 'exit_model': 3359.952875}, 'STRESS': {'gross': 7.9699999999998, 'spread': 1.6783200000000003, 'slippage': 1.3426560000000003, 'commission': 0.093985869789, 'net': 4.855038130210799, 'entry_model': 3354.1636947500006, 'exit_model': 3359.11271875}}"
2025,DUKA_SIGNAL__DUKA_EXECUTION,2025-07-16T04:15:00+00:00,2025-07-16T04:20:00+00:00,2025-07-16T12:20:00+00:00,3332.848,3339.985,1,"{'E1': {'gross': 7.137000000000171, 'spread': 0.6672833000000001, 'slippage': 0.6672833000000001, 'commission': 0.0467098210082, 'net': 5.7557235789919705, 'entry_model': 3333.5145696, 'exit_model': 3339.317003}, 'STRESS': {'gross': 7.137000000000171, 'spread': 1.6682082500000002, 'slippage': 1.3345666000000003, 'commission': 0.0934196170369, 'net': 4.040805532963271, 'entry_model': 3334.3477816, 'exit_model': 3338.4820067500004}}"
2025,DUKA_SIGNAL__DUKA_EXECUTION,2025-07-18T01:00:00+00:00,2025-07-18T01:05:00+00:00,2025-07-18T09:05:00+00:00,3341.388,3332.298,1,"{'E1': {'gross': -9.090000000000146, 'spread': 0.6673686, 'slippage': 0.6673686, 'commission': 0.046715814726, 'net': -10.471453014726144, 'entry_model': 3342.0562775999997, 'exit_model': 3331.6315403999997}, 'STRESS': {'gross': -9.090000000000146, 'spread': 1.6684215, 'slippage': 1.3347372, 'commission': 0.093431661267, 'net': -12.186590361267145, 'entry_model': 3342.8916246000003, 'exit_model': 3330.7984659}}"
2025,DUKA_SIGNAL__DUKA_EXECUTION,2025-07-21T04:05:00+00:00,2025-07-21T04:10:00+00:00,2025-07-21T12:10:00+00:00,3357.065,3364.465,1,"{'E1': {'gross': 7.400000000000091, 'spread': 0.6721530000000001, 'slippage': 0.6721530000000001, 'commission': 0.04705069964, 'net': 6.008643300360092, 'entry_model': 3357.736413, 'exit_model': 3363.792107}, 'STRESS': {'gross': 7.400000000000091, 'spread': 1.6803825000000001, 'slippage': 1.3443060000000002, 'commission': 0.09410137338000002, 'net': 4.28121012662009, 'entry_model': 3358.57567925, 'exit_model': 3362.9509907500005}}"
2025,DUKA_SIGNAL__DUKA_EXECUTION,2025-07-22T02:20:00+00:00,2025-07-22T02:25:00+00:00,2025-07-22T10:25:00+00:00,3401.225,3384.165,1,"{'E1': {'gross': -17.059999999999945, 'spread': 0.678539, 'slippage': 0.678539, 'commission': 0.047497753883999995, 'net': -18.464575753883945, 'entry_model': 3401.905245, 'exit_model': 3383.488167}, 'STRESS': {'gross': -17.059999999999945, 'spread': 1.6963475, 'slippage': 1.357078, 'commission': 0.094995567478, 'net': -20.20842106747795, 'entry_model': 3402.7555512500003, 'exit_model': 3382.64212575}}"
2025,DUKA_SIGNAL__DUKA_EXECUTION,2025-07-23T03:20:00+00:00,2025-07-23T03:25:00+00:00,2025-07-23T11:25:00+00:00,3437.298,3426.415,1,"{'E1': {'gross': -10.88299999999981, 'spread': 0.6863713, 'slippage': 0.6863713, 'commission': 0.0480460062362, 'net': -12.30378860623601, 'entry_model': 3437.9854595999996, 'exit_model': 3425.729717}, 'STRESS': {'gross': -10.88299999999981, 'spread': 1.71592825, 'slippage': 1.3727426, 'commission': 0.0960920505629, 'net': -14.06776290056271, 'entry_model': 3438.8447841, 'exit_model': 3424.87311325}}"
2025,DUKA_SIGNAL__DUKA_EXECUTION,2025-07-28T06:45:00+00:00,2025-07-28T06:50:00+00:00,2025-07-28T14:50:00+00:00,3339.205,3336.965,1,"{'E1': {'gross': -2.2399999999997817, 'spread': 0.667617, 'slippage': 0.667617, 'commission': 0.046733193136, 'net': -3.6219671931357817, 'entry_model': 3339.872841, 'exit_model': 3336.2976070000004}, 'STRESS': {'gross': -2.2399999999997817, 'spread': 1.6690425, 'slippage': 1.335234, 'commission': 0.093466394112, 'net': -5.3377428941117815, 'entry_model': 3340.70764225, 'exit_model': 3335.4633657500003}}"
2025,DUKA_SIGNAL__DUKA_EXECUTION,2025-07-29T04:40:00+00:00,2025-07-29T04:45:00+00:00,2025-07-29T12:45:00+00:00,3319.448,3325.225,1,"{'E1': {'gross': 5.777000000000044, 'spread': 0.6644673, 'slippage': 0.6644673, 'commission': 0.0465127029122, 'net': 4.401552697087843, 'entry_model': 3320.1118896, 'exit_model': 3324.559955}, 'STRESS': {'gross': 5.777000000000044, 'spread': 1.66116825, 'slippage': 1.3289346, 'commission': 0.0930253856049, 'net': 2.6938717643951433, 'entry_model': 3320.9417516, 'exit_model': 3323.72864875}}"
2025,DUKA_SIGNAL__DUKA_EXECUTION,2025-07-30T03:45:00+00:00,2025-07-30T03:50:00+00:00,2025-07-30T11:50:00+00:00,3331.045,3331.405,1,"{'E1': {'gross': 0.36000000000012733, 'spread': 0.6662450000000001, 'slippage': 0.6662450000000001, 'commission': 0.046637149496, 'net': -1.019127149495873, 'entry_model': 3331.711209, 'exit_model': 3330.7387190000004}, 'STRESS': {'gross': 0.36000000000012733, 'spread': 1.6656125000000002, 'slippage': 1.3324900000000002, 'commission': 0.09327429773200001, 'net': -2.731376797731873, 'entry_model': 3332.5439702500003, 'exit_model': 3329.90586775}}"
2025,DUKA_SIGNAL__DUKA_EXECUTION,2025-07-31T05:55:00+00:00,2025-07-31T06:00:00+00:00,2025-07-31T14:00:00+00:00,3297.155,3296.065,1,"{'E1': {'gross': -1.0900000000001455, 'spread': 0.6593220000000001, 'slippage': 0.6593220000000001, 'commission': 0.046152541526, 'net': -2.4547965415261452, 'entry_model': 3297.8144310000002, 'exit_model': 3295.405787}, 'STRESS': {'gross': -1.0900000000001455, 'spread': 1.6483050000000001, 'slippage': 1.3186440000000001, 'commission': 0.092305086867, 'net': -4.149254086867146, 'entry_model': 3298.6387197500003, 'exit_model': 3294.58177075}}"
2025,DUKA_SIGNAL__DUKA_EXECUTION,2025-08-05T02:10:00+00:00,2025-08-05T02:15:00+00:00,2025-08-05T10:15:00+00:00,3378.555,3369.305,1,"{'E1': {'gross': -9.25, 'spread': 0.674786, 'slippage': 0.674786, 'commission': 0.04723503294999999, 'net': -10.646807032949999, 'entry_model': 3379.2307109999997, 'exit_model': 3368.631139}, 'STRESS': {'gross': -9.25, 'spread': 1.686965, 'slippage': 1.349572, 'commission': 0.094470098275, 'net': -12.381007098275001, 'entry_model': 3380.07534975, 'exit_model': 3367.78881275}}"
2025,DUKA_SIGNAL__DUKA_EXECUTION,2025-08-06T03:25:00+00:00,2025-08-06T03:30:00+00:00,2025-08-06T11:30:00+00:00,3384.748,3366.459,1,"{'E1': {'gross': -18.289000000000215, 'spread': 0.6751207, 'slippage': 0.6751207, 'commission': 0.047258474604600004, 'net': -19.686499874604817, 'entry_model': 3385.4249495999998, 'exit_model': 3365.7857082}, 'STRESS': {'gross': -18.289000000000215, 'spread': 1.6878017500000002, 'slippage': 1.3502414, 'commission': 0.0945170132207, 'net': -21.421560163220914, 'entry_model': 3386.2711366000003, 'exit_model': 3364.94409345}}"
2025,DUKA_SIGNAL__DUKA_EXECUTION,2025-08-07T04:30:00+00:00,2025-08-07T04:35:00+00:00,2025-08-07T12:35:00+00:00,3378.765,3374.325,1,"{'E1': {'gross': -4.440000000000055, 'spread': 0.675309, 'slippage': 0.675309, 'commission': 0.047271636215999994, 'net': -5.8378896362160555, 'entry_model': 3379.440753, 'exit_model': 3373.650135}, 'STRESS': {'gross': -4.440000000000055, 'spread': 1.6882725, 'slippage': 1.350618, 'commission': 0.094543287972, 'net': -7.573433787972054, 'entry_model': 3380.28544425, 'exit_model': 3372.80655375}}"
2025,DUKA_SIGNAL__DUKA_EXECUTION,2025-08-08T01:00:00+00:00,2025-08-08T01:05:00+00:00,2025-08-08T09:05:00+00:00,3403.695,3394.685,1,"{'E1': {'gross': -9.010000000000218, 'spread': 0.679838, 'slippage': 0.679838, 'commission': 0.047588672613999995, 'net': -10.417264672614218, 'entry_model': 3404.375739, 'exit_model': 3394.006063}, 'STRESS': {'gross': -9.010000000000218, 'spread': 1.699595, 'slippage': 1.359676, 'commission': 0.095177376763, 'net': -12.16444837676322, 'entry_model': 3405.2266627500003, 'exit_model': 3393.15739175}}"
2025,DUKA_SIGNAL__DUKA_EXECUTION,2025-08-14T02:35:00+00:00,2025-08-14T02:40:00+00:00,2025-08-14T10:40:00+00:00,3362.248,3356.848,1,"{'E1': {'gross': -5.400000000000091, 'spread': 0.6719096, 'slippage': 0.6719096, 'commission': 0.04703367956, 'net': -6.7908528795600915, 'entry_model': 3362.9204495999998, 'exit_model': 3356.1766304000002}, 'STRESS': {'gross': -5.400000000000091, 'spread': 1.6797739999999999, 'slippage': 1.3438192, 'commission': 0.09406737802, 'net': -8.517660578020092, 'entry_model': 3363.7610116, 'exit_model': 3355.3374184}}"
2025,DUKA_SIGNAL__DUKA_EXECUTION,2025-08-15T06:30:00+00:00,2025-08-15T06:35:00+00:00,2025-08-15T14:35:00+00:00,3343.498,3341.895,1,"{'E1': {'gross': -1.6030000000000655, 'spread': 0.6685393000000001, 'slippage': 0.6685393000000001, 'commission': 0.0467977532442, 'net': -2.9868763532442655, 'entry_model': 3344.1666996, 'exit_model': 3341.2266210000003}, 'STRESS': {'gross': -1.6030000000000655, 'spread': 1.67134825, 'slippage': 1.3370786000000001, 'commission': 0.09359551209890002, 'net': -4.7050223620989655, 'entry_model': 3345.0025741000004, 'exit_model': 3340.3911472500004}}"
2025,DUKA_SIGNAL__DUKA_EXECUTION,2025-08-18T04:50:00+00:00,2025-08-18T04:55:00+00:00,2025-08-18T12:55:00+00:00,3346.505,3348.449,1,"{'E1': {'gross': 1.94399999999996, 'spread': 0.6694954, 'slippage': 0.6694954, 'commission': 0.046864675278400006, 'net': 0.5581445247215601, 'entry_model': 3347.174301, 'exit_model': 3347.7793102}, 'STRESS': {'gross': 1.94399999999996, 'spread': 1.6737385, 'slippage': 1.3389908, 'commission': 0.09372934375280001, 'net': -1.16245864375284, 'entry_model': 3348.0109272500003, 'exit_model': 3346.9421979500003}}"
2025,DUKA_SIGNAL__DUKA_EXECUTION,2025-08-19T03:10:00+00:00,2025-08-19T03:15:00+00:00,2025-08-19T11:15:00+00:00,3336.005,3336.795,1,"{'E1': {'gross': 0.7899999999999636, 'spread': 0.6672800000000001, 'slippage': 0.6672800000000001, 'commission': 0.046709598894000004, 'net': -0.5912695988940366, 'entry_model': 3336.672201, 'exit_model': 3336.127641}, 'STRESS': {'gross': 0.7899999999999636, 'spread': 1.6682000000000001, 'slippage': 1.3345600000000002, 'commission': 0.09341919502300002, 'net': -2.3061791950230366, 'entry_model': 3337.50620225, 'exit_model': 3335.29344225}}"
2025,DUKA_SIGNAL__DUKA_EXECUTION,2025-08-20T07:05:00+00:00,2025-08-20T07:10:00+00:00,2025-08-20T15:10:00+00:00,3318.605,3334.195,1,"{'E1': {'gross': 15.590000000000146, 'spread': 0.6652800000000001, 'slippage': 0.6652800000000001, 'commission': 0.046569578174, 'net': 14.212870421826148, 'entry_model': 3319.268721, 'exit_model': 3333.528161}, 'STRESS': {'gross': 15.590000000000146, 'spread': 1.6632, 'slippage': 1.3305600000000002, 'commission': 0.093139101783, 'net': 12.503100898217145, 'entry_model': 3320.09837225, 'exit_model': 3332.6946122500003}}"
2025,DUKA_SIGNAL__DUKA_EXECUTION,2025-08-21T01:00:00+00:00,2025-08-21T01:05:00+00:00,2025-08-21T09:05:00+00:00,3350.935,3338.295,1,"{'E1': {'gross': -12.639999999999873, 'spread': 0.6689229999999999, 'slippage': 0.6689229999999999, 'commission': 0.046824627696, 'net': -14.02467062769587, 'entry_model': 3351.6051869999997, 'exit_model': 3337.6273410000003}, 'STRESS': {'gross': -12.639999999999873, 'spread': 1.6723074999999998, 'slippage': 1.3378459999999999, 'commission': 0.09364929963200001, 'net': -15.743802799631874, 'entry_model': 3352.44292075, 'exit_model': 3336.7927672500005}}"
2025,DUKA_SIGNAL__DUKA_EXECUTION,2025-08-26T03:20:00+00:00,2025-08-26T03:25:00+00:00,2025-08-26T11:25:00+00:00,3378.075,3375.945,1,"{'E1': {'gross': -2.1299999999996544, 'spread': 0.6754020000000001, 'slippage': 0.6754020000000001, 'commission': 0.047278142982, 'net': -3.5280821429816545, 'entry_model': 3378.750615, 'exit_model': 3375.269811}, 'STRESS': {'gross': -2.1299999999996544, 'spread': 1.6885050000000001, 'slippage': 1.3508040000000001, 'commission': 0.094556293419, 'net': -5.263865293418655, 'entry_model': 3379.59513375, 'exit_model': 3374.42582475}}"
2025,DUKA_SIGNAL__DUKA_EXECUTION,2025-09-01T04:55:00+00:00,2025-09-01T05:00:00+00:00,2025-09-01T13:00:00+00:00,3456.969,3469.295,1,"{'E1': {'gross': 12.326000000000022, 'spread': 0.6926264000000001, 'slippage': 0.6926264000000001, 'commission': 0.0484838307436, 'net': 10.892263369256423, 'entry_model': 3457.6603938, 'exit_model': 3468.601141}, 'STRESS': {'gross': 12.326000000000022, 'spread': 1.7315660000000002, 'slippage': 1.3852528000000002, 'commission': 0.0969676183462, 'net': 9.11221358165382, 'entry_model': 3458.5246360500005, 'exit_model': 3467.7338172500004}}"
2025,DUKA_SIGNAL__DUKA_EXECUTION,2025-09-02T02:20:00+00:00,2025-09-02T02:25:00+00:00,2025-09-02T10:25:00+00:00,3479.498,3481.438,1,"{'E1': {'gross': 1.9400000000000546, 'spread': 0.6960936, 'slippage': 0.6960936, 'commission': 0.048726549284, 'net': 0.4990862507160546, 'entry_model': 3480.1938996, 'exit_model': 3480.7417124000003}, 'STRESS': {'gross': 1.9400000000000546, 'spread': 1.740234, 'slippage': 1.3921872, 'commission': 0.097453091778, 'net': -1.2898742917779455, 'entry_model': 3481.0637741, 'exit_model': 3479.8713529}}"
2025,DUKA_SIGNAL__DUKA_EXECUTION,2025-09-03T03:20:00+00:00,2025-09-03T03:25:00+00:00,2025-09-03T11:25:00+00:00,3544.048,3538.365,1,"{'E1': {'gross': -5.682999999999993, 'spread': 0.7082413, 'slippage': 0.7082413, 'commission': 0.049576898956199995, 'net': -7.149059498956193, 'entry_model': 3544.7568095999995, 'exit_model': 3537.657327}, 'STRESS': {'gross': -5.682999999999993, 'spread': 1.77060325, 'slippage': 1.4164826, 'commission': 0.09915381780289999, 'net': -8.969239667802892, 'entry_model': 3545.6428216, 'exit_model': 3536.77273575}}"
2025,DUKA_SIGNAL__DUKA_EXECUTION,2025-09-05T06:30:00+00:00,2025-09-05T06:35:00+00:00,2025-09-05T14:35:00+00:00,3556.985,3548.835,1,"{'E1': {'gross': -8.150000000000091, 'spread': 0.710582, 'slippage': 0.710582, 'commission': 0.04974075141, 'net': -9.620904751410093, 'entry_model': 3557.696397, 'exit_model': 3548.125233}, 'STRESS': {'gross': -8.150000000000091, 'spread': 1.776455, 'slippage': 1.421164, 'commission': 0.09948153134500001, 'net': -11.447100531345091, 'entry_model': 3558.5856432500004, 'exit_model': 3547.2380242500003}}"
2025,DUKA_SIGNAL__DUKA_EXECUTION,2025-09-09T04:15:00+00:00,2025-09-09T04:20:00+00:00,2025-09-09T12:20:00+00:00,3642.745,3655.245,1,"{'E1': {'gross': 12.5, 'spread': 0.729799, 'slippage': 0.729799, 'commission': 0.0510859125, 'net': 10.9893160875, 'entry_model': 3643.473549, 'exit_model': 3654.513951}, 'STRESS': {'gross': 12.5, 'spread': 1.8244974999999999, 'slippage': 1.459598, 'commission': 0.10217178125, 'net': 9.11373271875, 'entry_model': 3644.38423525, 'exit_model': 3653.60013975}}"
2025,DUKA_SIGNAL__DUKA_EXECUTION,2025-09-10T07:50:00+00:00,2025-09-10T07:55:00+00:00,2025-09-10T15:55:00+00:00,3643.135,3643.545,1,"{'E1': {'gross': 0.4099999999998545, 'spread': 0.7286680000000001, 'slippage': 0.7286680000000001, 'commission': 0.051006759426, 'net': -1.0983427594261457, 'entry_model': 3643.863627, 'exit_model': 3642.816291}, 'STRESS': {'gross': 0.4099999999998545, 'spread': 1.8216700000000001, 'slippage': 1.4573360000000002, 'commission': 0.102013517417, 'net': -2.9710195174171457, 'entry_model': 3644.7744107500002, 'exit_model': 3641.9054047500003}}"
2025,DUKA_SIGNAL__DUKA_EXECUTION,2025-09-12T04:00:00+00:00,2025-09-12T04:05:00+00:00,2025-09-12T12:05:00+00:00,3639.858,3642.265,1,"{'E1': {'gross': 2.406999999999698, 'spread': 0.7282123, 'slippage': 0.7282123, 'commission': 0.0509748576302, 'net': 0.8996005423694979, 'entry_model': 3640.5859716, 'exit_model': 3641.536547}, 'STRESS': {'gross': 2.406999999999698, 'spread': 1.8205307499999999, 'slippage': 1.4564246, 'commission': 0.10194970683590002, 'net': -0.9719050568362019, 'entry_model': 3641.4959361000006, 'exit_model': 3640.62598075}}"
2025,DUKA_SIGNAL__DUKA_EXECUTION,2025-09-16T03:55:00+00:00,2025-09-16T04:00:00+00:00,2025-09-16T12:00:00+00:00,3686.245,3694.135,1,"{'E1': {'gross': 7.890000000000327, 'spread': 0.7380380000000001, 'slippage': 0.7380380000000001, 'commission': 0.051662648953999996, 'net': 6.362261351046326, 'entry_model': 3686.9822489999997, 'exit_model': 3693.396173}, 'STRESS': {'gross': 7.890000000000327, 'spread': 1.8450950000000002, 'slippage': 1.4760760000000002, 'commission': 0.10332527029300002, 'net': 4.465503729707327, 'entry_model': 3687.9038102500003, 'exit_model': 3692.4726392500006}}"
2025,DUKA_SIGNAL__DUKA_EXECUTION,2025-09-17T02:05:00+00:00,2025-09-17T02:10:00+00:00,2025-09-17T10:10:00+00:00,3694.198,3674.725,1,"{'E1': {'gross': -19.472999999999956, 'spread': 0.7368923000000001, 'slippage': 0.7368923000000001, 'commission': 0.0515824882622, 'net': -20.998367088262157, 'entry_model': 3694.9368396, 'exit_model': 3673.990055}, 'STRESS': {'gross': -19.472999999999956, 'spread': 1.84223075, 'slippage': 1.4737846000000001, 'commission': 0.10316504467990001, 'net': -22.89218039467986, 'entry_model': 3695.8603891000002, 'exit_model': 3673.07137375}}"
2025,DUKA_SIGNAL__DUKA_EXECUTION,2025-09-19T04:05:00+00:00,2025-09-19T04:10:00+00:00,2025-09-19T12:10:00+00:00,3649.645,3656.785,1,"{'E1': {'gross': 7.139999999999873, 'spread': 0.730643, 'slippage': 0.730643, 'commission': 0.051145000004, 'net': 5.627568999995873, 'entry_model': 3650.374929, 'exit_model': 3656.0536429999997}, 'STRESS': {'gross': 7.139999999999873, 'spread': 1.8266075000000002, 'slippage': 1.461286, 'commission': 0.10228997501800001, 'net': 3.7498165249818727, 'entry_model': 3651.2873402500004, 'exit_model': 3655.13944675}}"
2025,DUKA_SIGNAL__DUKA_EXECUTION,2025-09-22T03:00:00+00:00,2025-09-22T03:05:00+00:00,2025-09-22T11:05:00+00:00,3687.005,3716.848,1,"{'E1': {'gross': 29.842999999999847, 'spread': 0.7403853, 'slippage': 0.7403853, 'commission': 0.051826929219800005, 'net': 28.310402470780048, 'entry_model': 3687.742401, 'exit_model': 3716.1046304}, 'STRESS': {'gross': 29.842999999999847, 'spread': 1.85096325, 'slippage': 1.4807706, 'commission': 0.10365375398910001, 'net': 26.407612396010748, 'entry_model': 3688.6641522500004, 'exit_model': 3715.1754184}}"
2025,DUKA_SIGNAL__DUKA_EXECUTION,2025-09-23T04:05:00+00:00,2025-09-23T04:10:00+00:00,2025-09-23T12:10:00+00:00,3752.275,3781.295,1,"{'E1': {'gross': 29.019999999999982, 'spread': 0.753357, 'slippage': 0.753357, 'commission': 0.052734949372, 'net': 27.46055105062798, 'entry_model': 3753.025455, 'exit_model': 3780.5387410000003}, 'STRESS': {'gross': 29.019999999999982, 'spread': 1.8833925, 'slippage': 1.506714, 'commission': 0.10546979717400001, 'net': 25.524423702825985, 'entry_model': 3753.96352375, 'exit_model': 3779.59341725}}"
2025,DUKA_SIGNAL__DUKA_EXECUTION,2025-09-25T03:00:00+00:00,2025-09-25T03:05:00+00:00,2025-09-25T11:05:00+00:00,3745.695,3754.915,1,"{'E1': {'gross': 9.2199999999998, 'spread': 0.7500610000000001, 'slippage': 0.7500610000000001, 'commission': 0.052504257092, 'net': 7.667373742907799, 'entry_model': 3746.444139, 'exit_model': 3754.164017}, 'STRESS': {'gross': 9.2199999999998, 'spread': 1.8751525000000002, 'slippage': 1.5001220000000002, 'commission': 0.105008481914, 'net': 5.739717018085799, 'entry_model': 3747.3805627500005, 'exit_model': 3753.22528825}}"
2025,DUKA_SIGNAL__DUKA_EXECUTION,2025-09-29T03:50:00+00:00,2025-09-29T03:55:00+00:00,2025-09-29T11:55:00+00:00,3786.595,3818.685,1,"{'E1': {'gross': 32.090000000000146, 'spread': 0.760528, 'slippage': 0.760528, 'commission': 0.053236915073999996, 'net': 30.515707084926145, 'entry_model': 3787.3523189999996, 'exit_model': 3817.921263}, 'STRESS': {'gross': 32.090000000000146, 'spread': 1.90132, 'slippage': 1.521056, 'commission': 0.106473717833, 'net': 28.561150282167144, 'entry_model': 3788.29896775, 'exit_model': 3816.96659175}}"
2025,DUKA_SIGNAL__DUKA_EXECUTION,2025-09-30T03:00:00+00:00,2025-09-30T03:05:00+00:00,2025-09-30T11:05:00+00:00,3835.535,3844.195,1,"{'E1': {'gross': 8.66000000000031, 'spread': 0.767973, 'slippage': 0.767973, 'commission': 0.053758097876000006, 'net': 7.07029590212431, 'entry_model': 3836.302107, 'exit_model': 3843.4261610000003}, 'STRESS': {'gross': 8.66000000000031, 'spread': 1.9199324999999998, 'slippage': 1.535946, 'commission': 0.10751616544200002, 'net': 5.096605334558309, 'entry_model': 3837.26099075, 'exit_model': 3842.4651122500004}}"
2025,DUKA_SIGNAL__DUKA_EXECUTION,2025-10-01T02:05:00+00:00,2025-10-01T02:10:00+00:00,2025-10-01T10:10:00+00:00,3861.548,3862.675,1,"{'E1': {'gross': 1.1270000000004075, 'spread': 0.7724223, 'slippage': 0.7724223, 'commission': 0.0540695594222, 'net': -0.47191415942179255, 'entry_model': 3862.3203095999997, 'exit_model': 3861.902465}, 'STRESS': {'gross': 1.1270000000004075, 'spread': 1.93105575, 'slippage': 1.5448446, 'commission': 0.1081391148999, 'net': -2.457039464899492, 'entry_model': 3863.2856966, 'exit_model': 3860.9367962500005}}"
2025,DUKA_SIGNAL__DUKA_EXECUTION,2025-10-03T02:30:00+00:00,2025-10-03T02:35:00+00:00,2025-10-03T10:35:00+00:00,3859.675,3861.885,1,"{'E1': {'gross': 2.2100000000000364, 'spread': 0.7721560000000001, 'slippage': 0.7721560000000001, 'commission': 0.054050916906, 'net': 0.6116370830940363, 'entry_model': 3860.446935, 'exit_model': 3861.1126230000004}, 'STRESS': {'gross': 2.2100000000000364, 'spread': 1.93039, 'slippage': 1.5443120000000001, 'commission': 0.10810182607700002, 'net': -1.3728038260769637, 'entry_model': 3861.4118537500003, 'exit_model': 3860.1471517500004}}"
2025,DUKA_SIGNAL__DUKA_EXECUTION,2025-10-06T03:00:00+00:00,2025-10-06T03:05:00+00:00,2025-10-06T11:05:00+00:00,3904.865,3945.105,1,"{'E1': {'gross': 40.24000000000024, 'spread': 0.784997, 'slippage': 0.784997, 'commission': 0.054949733663999994, 'net': 38.61505626633624, 'entry_model': 3905.6459729999997, 'exit_model': 3944.315979}, 'STRESS': {'gross': 40.24000000000024, 'spread': 1.9624925, 'slippage': 1.569994, 'commission': 0.10989932648800001, 'net': 36.597614173512234, 'entry_model': 3906.6221892500002, 'exit_model': 3943.3297027500003}}"
2025,DUKA_SIGNAL__DUKA_EXECUTION,2025-10-07T01:10:00+00:00,2025-10-07T01:15:00+00:00,2025-10-07T09:15:00+00:00,3970.775,3964.345,1,"{'E1': {'gross': -6.430000000000291, 'spread': 0.793512, 'slippage': 0.793512, 'commission': 0.055545849002, 'net': -8.07256984900229, 'entry_model': 3971.569155, 'exit_model': 3963.552131}, 'STRESS': {'gross': -6.430000000000291, 'spread': 1.98378, 'slippage': 1.587024, 'commission': 0.111091720509, 'net': -10.11189572050929, 'entry_model': 3972.5618487500005, 'exit_model': 3962.56104475}}"
2025,DUKA_SIGNAL__DUKA_EXECUTION,2025-10-08T02:45:00+00:00,2025-10-08T02:50:00+00:00,2025-10-08T10:50:00+00:00,3995.385,4035.915,1,"{'E1': {'gross': 40.529999999999745, 'spread': 0.80313, 'slippage': 0.80313, 'commission': 0.056219043258, 'net': 38.86752095674174, 'entry_model': 3996.1840770000003, 'exit_model': 4035.107817}, 'STRESS': {'gross': 40.529999999999745, 'spread': 2.007825, 'slippage': 1.60626, 'commission': 0.112437944661, 'net': 36.803477055338746, 'entry_model': 3997.1829232500004, 'exit_model': 4034.09883825}}"
2025,DUKA_SIGNAL__DUKA_EXECUTION,2025-10-13T03:00:00+00:00,2025-10-13T03:05:00+00:00,2025-10-13T11:05:00+00:00,4032.248,4073.098,1,"{'E1': {'gross': 40.84999999999991, 'spread': 0.8105346, 'slippage': 0.8105346, 'commission': 0.05673736481, 'net': 39.17219343518992, 'entry_model': 4033.0544495999998, 'exit_model': 4072.2833804}, 'STRESS': {'gross': 40.84999999999991, 'spread': 2.0263364999999998, 'slippage': 1.6210692, 'commission': 0.113474586645, 'net': 37.08911971335491, 'entry_model': 4034.0625116, 'exit_model': 4071.2651059}}"
2025,DUKA_SIGNAL__DUKA_EXECUTION,2025-10-14T02:30:00+00:00,2025-10-14T02:35:00+00:00,2025-10-14T10:35:00+00:00,4125.925,4120.045,1,"{'E1': {'gross': -5.880000000000109, 'spread': 0.8245970000000001, 'slippage': 0.8245970000000001, 'commission': 0.05772179823199999, 'net': -7.586915798232109, 'entry_model': 4126.750185, 'exit_model': 4119.220991}, 'STRESS': {'gross': -5.880000000000109, 'spread': 2.0614925000000004, 'slippage': 1.6491940000000003, 'commission': 0.11544361704400002, 'net': -9.70613011704411, 'entry_model': 4127.781666250001, 'exit_model': 4118.19097975}}"
2025,DUKA_SIGNAL__DUKA_EXECUTION,2025-10-15T01:10:00+00:00,2025-10-15T01:15:00+00:00,2025-10-15T09:15:00+00:00,4160.348,4191.835,1,"{'E1': {'gross': 31.48700000000008, 'spread': 0.8352183000000001, 'slippage': 0.8352183000000001, 'commission': 0.0584652369182, 'net': 29.75809816308188, 'entry_model': 4161.1800696, 'exit_model': 4190.996633}, 'STRESS': {'gross': 31.48700000000008, 'spread': 2.0880457500000005, 'slippage': 1.6704366000000002, 'commission': 0.11693036363190001, 'net': 27.61158728636818, 'entry_model': 4162.2201566, 'exit_model': 4189.94867425}}"
2025,DUKA_SIGNAL__DUKA_EXECUTION,2025-10-16T01:35:00+00:00,2025-10-16T01:40:00+00:00,2025-10-16T09:40:00+00:00,4214.545,4222.128,1,"{'E1': {'gross': 7.582999999999629, 'spread': 0.8436672999999999, 'slippage': 0.8436672999999999, 'commission': 0.059056700383799995, 'net': 5.836608699615829, 'entry_model': 4215.387909, 'exit_model': 4221.283574399999}, 'STRESS': {'gross': 7.582999999999629, 'spread': 2.1091682499999997, 'slippage': 1.6873345999999998, 'commission': 0.11811337422710003, 'net': 3.6683837757725293, 'entry_model': 4216.441545250001, 'exit_model': 4220.2280424}}"
2025,DUKA_SIGNAL__DUKA_EXECUTION,2025-10-17T01:00:00+00:00,2025-10-17T01:05:00+00:00,2025-10-17T09:05:00+00:00,4336.635,4366.035,1,"{'E1': {'gross': 29.399999999999636, 'spread': 0.870267, 'slippage': 0.870267, 'commission': 0.060918648840000006, 'net': 27.598547351159638, 'entry_model': 4337.502327, 'exit_model': 4365.161793}, 'STRESS': {'gross': 29.399999999999636, 'spread': 2.1756675, 'slippage': 1.740534, 'commission': 0.12183719478000002, 'net': 25.361961305219637, 'entry_model': 4338.58648575, 'exit_model': 4364.07028425}}"
2025,DUKA_SIGNAL__DUKA_EXECUTION,2025-10-20T04:10:00+00:00,2025-10-20T04:15:00+00:00,2025-10-20T12:15:00+00:00,4254.885,4252.595,1,"{'E1': {'gross': -2.2899999999999636, 'spread': 0.850748, 'slippage': 0.850748, 'commission': 0.05955236320600001, 'net': -4.051048363205964, 'entry_model': 4255.735977, 'exit_model': 4251.744481000001}, 'STRESS': {'gross': -2.2899999999999636, 'spread': 2.12687, 'slippage': 1.701496, 'commission': 0.11910473442700001, 'net': -6.237470734426964, 'entry_model': 4256.799698250001, 'exit_model': 4250.68133225}}"
2025,DUKA_SIGNAL__DUKA_EXECUTION,2025-10-22T06:40:00+00:00,2025-10-22T06:45:00+00:00,2025-10-22T14:45:00+00:00,4138.595,4021.975,1,"{'E1': {'gross': -116.62000000000035, 'spread': 0.816057, 'slippage': 0.816057, 'commission': 0.057124153267999994, 'net': -118.30923815326835, 'entry_model': 4139.422719, 'exit_model': 4021.170605}, 'STRESS': {'gross': -116.62000000000035, 'spread': 2.0401425, 'slippage': 1.632114, 'commission': 0.114248714706, 'net': -120.40650521470634, 'entry_model': 4140.45736775, 'exit_model': 4020.16511125}}"
2025,DUKA_SIGNAL__DUKA_EXECUTION,2025-10-28T04:00:00+00:00,2025-10-28T04:05:00+00:00,2025-10-28T12:05:00+00:00,4011.985,3897.598,1,"{'E1': {'gross': -114.38700000000017, 'spread': 0.7909583000000001, 'slippage': 0.7909583000000001, 'commission': 0.0553672411418, 'net': -116.02428384114197, 'entry_model': 4012.787397, 'exit_model': 3896.8184804}, 'STRESS': {'gross': -114.38700000000017, 'spread': 1.9773957500000001, 'slippage': 1.5819166000000002, 'commission': 0.11073488263810001, 'net': -118.05704723263827, 'entry_model': 4013.7903932500003, 'exit_model': 3895.8440809000003}}"
2025,DUKA_SIGNAL__DUKA_EXECUTION,2025-10-29T03:35:00+00:00,2025-10-29T03:40:00+00:00,2025-10-29T11:40:00+00:00,3974.775,4007.335,1,"{'E1': {'gross': 32.559999999999945, 'spread': 0.7982110000000001, 'slippage': 0.7982110000000001, 'commission': 0.055874724416000006, 'net': 30.90770327558395, 'entry_model': 3975.569955, 'exit_model': 4006.5335330000003}, 'STRESS': {'gross': 32.559999999999945, 'spread': 1.9955275000000001, 'slippage': 1.5964220000000002, 'commission': 0.111749334872, 'net': 28.856301165127945, 'entry_model': 3976.5636487500005, 'exit_model': 4005.53169925}}"
2025,DUKA_SIGNAL__DUKA_EXECUTION,2025-10-30T07:30:00+00:00,2025-10-30T07:35:00+00:00,2025-10-30T15:35:00+00:00,3968.725,3971.448,1,"{'E1': {'gross': 2.7229999999999563, 'spread': 0.7940173, 'slippage': 0.7940173, 'commission': 0.05558120718779999, 'net': 1.0793841928121561, 'entry_model': 3969.518745, 'exit_model': 3970.6537104}, 'STRESS': {'gross': 2.7229999999999563, 'spread': 1.98504325, 'slippage': 1.5880346, 'commission': 0.1111624048451, 'net': -0.9612402548451436, 'entry_model': 3970.51092625, 'exit_model': 3969.6608484}}"
2025,DUKA_SIGNAL__DUKA_EXECUTION,2025-10-31T01:45:00+00:00,2025-10-31T01:50:00+00:00,2025-10-31T09:50:00+00:00,4028.365,4007.105,1,"{'E1': {'gross': -21.259999999999764, 'spread': 0.803547, 'slippage': 0.803547, 'commission': 0.056248319764, 'net': -22.923342319763766, 'entry_model': 4029.1706729999996, 'exit_model': 4006.303579}, 'STRESS': {'gross': -21.259999999999764, 'spread': 2.0088675, 'slippage': 1.607094, 'commission': 0.11249671393800001, 'net': -24.988458213937765, 'entry_model': 4030.17776425, 'exit_model': 4005.30180275}}"
2025,DUKA_SIGNAL__DUKA_EXECUTION,2025-11-03T05:00:00+00:00,2025-11-03T05:05:00+00:00,2025-11-03T13:05:00+00:00,4007.345,3998.325,1,"{'E1': {'gross': -9.019999999999982, 'spread': 0.800567, 'slippage': 0.800567, 'commission': 0.056039702627999996, 'net': -10.677173702627984, 'entry_model': 4008.146469, 'exit_model': 3997.525335}, 'STRESS': {'gross': -9.019999999999982, 'spread': 2.0014175, 'slippage': 1.601134, 'commission': 0.11207943682600001, 'net': -12.734630936825983, 'entry_model': 4009.1483052500002, 'exit_model': 3996.52575375}}"
2025,DUKA_SIGNAL__DUKA_EXECUTION,2025-11-05T05:00:00+00:00,2025-11-05T05:05:00+00:00,2025-11-05T13:05:00+00:00,3951.865,3968.585,1,"{'E1': {'gross': 16.720000000000255, 'spread': 0.792045, 'slippage': 0.792045, 'commission': 0.055443126592, 'net': 15.080466873408255, 'entry_model': 3952.6553729999996, 'exit_model': 3967.791283}, 'STRESS': {'gross': 16.720000000000255, 'spread': 1.9801125, 'slippage': 1.58409, 'commission': 0.110886194664, 'net': 13.044911305336255, 'entry_model': 3953.64333925, 'exit_model': 3966.7991367500003}}"
2025,DUKA_SIGNAL__DUKA_EXECUTION,2025-11-07T03:05:00+00:00,2025-11-07T03:10:00+00:00,2025-11-07T11:10:00+00:00,3995.985,4008.985,1,"{'E1': {'gross': 13.0, 'spread': 0.800497, 'slippage': 0.800497, 'commission': 0.056034771799999994, 'net': 11.3429712282, 'entry_model': 3996.784197, 'exit_model': 4008.183203}, 'STRESS': {'gross': 13.0, 'spread': 2.0012425, 'slippage': 1.600994, 'commission': 0.11206949810000001, 'net': 9.2856940019, 'entry_model': 3997.7831932500003, 'exit_model': 4007.1809567500004}}"
2025,DUKA_SIGNAL__DUKA_EXECUTION,2025-11-10T02:45:00+00:00,2025-11-10T02:50:00+00:00,2025-11-10T10:50:00+00:00,4022.205,4080.345,1,"{'E1': {'gross': 58.13999999999987, 'spread': 0.810255, 'slippage': 0.810255, 'commission': 0.05671776860399999, 'net': 56.462772231395874, 'entry_model': 4023.0094409999997, 'exit_model': 4079.528931}, 'STRESS': {'gross': 58.13999999999987, 'spread': 2.0256374999999998, 'slippage': 1.62051, 'commission': 0.113435333718, 'net': 54.380417166281866, 'entry_model': 4024.01499225, 'exit_model': 4078.50884475}}"
2025,DUKA_SIGNAL__DUKA_EXECUTION,2025-11-11T01:05:00+00:00,2025-11-11T01:10:00+00:00,2025-11-11T09:10:00+00:00,4119.848,4127.715,1,"{'E1': {'gross': 7.867000000000189, 'spread': 0.8247563, 'slippage': 0.8247563, 'commission': 0.057732929986200006, 'net': 6.15975447001399, 'entry_model': 4120.6719696, 'exit_model': 4126.889457}, 'STRESS': {'gross': 7.867000000000189, 'spread': 2.06189075, 'slippage': 1.6495126, 'commission': 0.11546583243790001, 'net': 4.040130817562289, 'entry_model': 4121.7019316000005, 'exit_model': 4125.8575282500005}}"
2025,DUKA_SIGNAL__DUKA_EXECUTION,2025-11-12T01:10:00+00:00,2025-11-12T01:15:00+00:00,2025-11-12T09:15:00+00:00,4132.815,4124.755,1,"{'E1': {'gross': -8.05999999999949, 'spread': 0.825757, 'slippage': 0.825757, 'commission': 0.057803001284, 'net': -9.76931700128349, 'entry_model': 4133.641562999999, 'exit_model': 4123.9300490000005}, 'STRESS': {'gross': -8.05999999999949, 'spread': 2.0643925, 'slippage': 1.651514, 'commission': 0.115606030778, 'net': -11.891512530777492, 'entry_model': 4134.674766749999, 'exit_model': 4122.89886025}}"
2025,DUKA_SIGNAL__DUKA_EXECUTION,2025-11-13T05:55:00+00:00,2025-11-13T06:00:00+00:00,2025-11-13T14:00:00+00:00,4212.545,4230.165,1,"{'E1': {'gross': 17.61999999999989, 'spread': 0.844271, 'slippage': 0.844271, 'commission': 0.059098945332, 'net': 15.872359054667893, 'entry_model': 4213.387509, 'exit_model': 4229.318967}, 'STRESS': {'gross': 17.61999999999989, 'spread': 2.1106775, 'slippage': 1.688542, 'commission': 0.118197828994, 'net': 13.702582671005892, 'entry_model': 4214.440645250001, 'exit_model': 4228.26142575}}"
2025,DUKA_SIGNAL__DUKA_EXECUTION,2025-11-14T04:45:00+00:00,2025-11-14T04:50:00+00:00,2025-11-14T12:50:00+00:00,4205.215,4169.165,1,"{'E1': {'gross': -36.05000000000018, 'spread': 0.8374380000000001, 'slippage': 0.8374380000000001, 'commission': 0.058620710470000004, 'net': -37.78349671047018, 'entry_model': 4206.0560430000005, 'exit_model': 4168.331167}, 'STRESS': {'gross': -36.05000000000018, 'spread': 2.093595, 'slippage': 1.6748760000000003, 'commission': 0.117241547115, 'net': -39.93571254711518, 'entry_model': 4207.10734675, 'exit_model': 4167.28887575}}"
2025,DUKA_SIGNAL__DUKA_EXECUTION,2025-11-19T07:15:00+00:00,2025-11-19T07:20:00+00:00,2025-11-19T15:20:00+00:00,4086.575,4103.805,1,"{'E1': {'gross': 17.230000000000473, 'spread': 0.819038, 'slippage': 0.819038, 'commission': 0.057332635878, 'net': 15.534591364122473, 'entry_model': 4087.3923149999996, 'exit_model': 4102.984239}, 'STRESS': {'gross': 17.230000000000473, 'spread': 2.0475950000000003, 'slippage': 1.638076, 'commission': 0.11466521145100002, 'net': 13.429663788549473, 'entry_model': 4088.41395875, 'exit_model': 4101.958287750001}}"
2025,DUKA_SIGNAL__DUKA_EXECUTION,2025-11-25T04:15:00+00:00,2025-11-25T04:20:00+00:00,2025-11-25T12:20:00+00:00,4145.025,4138.145,1,"{'E1': {'gross': -6.8799999999992, 'spread': 0.8283170000000001, 'slippage': 0.8283170000000001, 'commission': 0.057982199631999985, 'net': -8.5946161996312, 'entry_model': 4145.854004999999, 'exit_model': 4137.317371}, 'STRESS': {'gross': -6.8799999999992, 'spread': 2.0707925, 'slippage': 1.6566340000000002, 'commission': 0.115964423344, 'net': -10.7233909233432, 'entry_model': 4146.89026125, 'exit_model': 4136.282834750001}}"
2025,DUKA_SIGNAL__DUKA_EXECUTION,2025-11-26T04:15:00+00:00,2025-11-26T04:20:00+00:00,2025-11-26T12:20:00+00:00,4155.235,4161.555,1,"{'E1': {'gross': 6.3200000000006185, 'spread': 0.8316790000000002, 'slippage': 0.8316790000000002, 'commission': 0.05821752115199999, 'net': 4.598424478848618, 'entry_model': 4156.066046999999, 'exit_model': 4160.722689}, 'STRESS': {'gross': 6.3200000000006185, 'spread': 2.0791975000000003, 'slippage': 1.6633580000000003, 'commission': 0.116435020184, 'net': 2.4610094798166178, 'entry_model': 4157.10485575, 'exit_model': 4159.6823002500005}}"
2025,DUKA_SIGNAL__DUKA_EXECUTION,2025-11-28T01:10:00+00:00,2025-11-28T01:15:00+00:00,2025-11-28T09:15:00+00:00,4162.445,4184.605,1,"{'E1': {'gross': 22.159999999999854, 'spread': 0.8347049999999999, 'slippage': 0.8347049999999999, 'commission': 0.058429318976, 'net': 20.432160681023856, 'entry_model': 4163.277489, 'exit_model': 4183.7680789999995}, 'STRESS': {'gross': 22.159999999999854, 'spread': 2.0867625, 'slippage': 1.6694099999999998, 'commission': 0.11685856039199999, 'net': 18.286968939607856, 'entry_model': 4164.31810025, 'exit_model': 4182.72192775}}"
2025,DUKA_SIGNAL__DUKA_EXECUTION,2025-12-01T03:25:00+00:00,2025-12-01T03:30:00+00:00,2025-12-01T11:30:00+00:00,4238.405,4251.145,1,"{'E1': {'gross': 12.740000000000691, 'spread': 0.848955, 'slippage': 0.848955, 'commission': 0.05942683216400001, 'net': 10.98266316783669, 'entry_model': 4239.252681, 'exit_model': 4250.294771000001}, 'STRESS': {'gross': 12.740000000000691, 'spread': 2.1223875, 'slippage': 1.69791, 'commission': 0.11885361973800002, 'net': 8.800848880262691, 'entry_model': 4240.31228225, 'exit_model': 4249.23198475}}"
2025,DUKA_SIGNAL__DUKA_EXECUTION,2025-12-03T01:45:00+00:00,2025-12-03T01:50:00+00:00,2025-12-03T09:50:00+00:00,4213.495,4205.785,1,"{'E1': {'gross': -7.710000000000036, 'spread': 0.8419279999999999, 'slippage': 0.8419279999999999, 'commission': 0.058934970794, 'net': -9.452790970794036, 'entry_model': 4214.337699, 'exit_model': 4204.943843}, 'STRESS': {'gross': -7.710000000000036, 'spread': 2.1048199999999997, 'slippage': 1.6838559999999998, 'commission': 0.11786996857300003, 'net': -11.616545968573037, 'entry_model': 4215.391072750001, 'exit_model': 4203.89239675}}"
2025,DUKA_SIGNAL__DUKA_EXECUTION,2025-12-05T06:05:00+00:00,2025-12-05T06:10:00+00:00,2025-12-05T14:10:00+00:00,4212.255,4226.185,1,"{'E1': {'gross': 13.930000000000291, 'spread': 0.843844, 'slippage': 0.843844, 'commission': 0.05906906049800001, 'net': 12.18324293950229, 'entry_model': 4213.097451, 'exit_model': 4225.339763000001}, 'STRESS': {'gross': 13.930000000000291, 'spread': 2.10961, 'slippage': 1.687688, 'commission': 0.11813807224100001, 'net': 10.01456392775929, 'entry_model': 4214.15051475, 'exit_model': 4224.283216750001}}"
2025,DUKA_SIGNAL__DUKA_EXECUTION,2025-12-08T07:30:00+00:00,2025-12-08T07:35:00+00:00,2025-12-08T15:35:00+00:00,4213.475,4202.665,1,"{'E1': {'gross': -10.8100000000004, 'spread': 0.841614, 'slippage': 0.841614, 'commission': 0.058912995134, 'net': -12.5521409951344, 'entry_model': 4214.317695000001, 'exit_model': 4201.824467}, 'STRESS': {'gross': -10.8100000000004, 'spread': 2.104035, 'slippage': 1.683228, 'commission': 0.11782602810300002, 'net': -14.7150890281034, 'entry_model': 4215.371063750001, 'exit_model': 4200.77380075}}"
2025,DUKA_SIGNAL__DUKA_EXECUTION,2025-12-10T03:15:00+00:00,2025-12-10T03:20:00+00:00,2025-12-10T11:20:00+00:00,4216.235,4195.825,1,"{'E1': {'gross': -20.409999999999854, 'spread': 0.841206, 'slippage': 0.841206, 'commission': 0.05888444857399999, 'net': -22.151296448573852, 'entry_model': 4217.0782469999995, 'exit_model': 4194.9858349999995}, 'STRESS': {'gross': -20.409999999999854, 'spread': 2.103015, 'slippage': 1.682412, 'commission': 0.117768968583, 'net': -24.313195968582853, 'entry_model': 4218.13230575, 'exit_model': 4193.93687875}}"
2025,DUKA_SIGNAL__DUKA_EXECUTION,2025-12-11T02:10:00+00:00,2025-12-11T02:15:00+00:00,2025-12-11T10:15:00+00:00,4242.895,4215.185,1,"{'E1': {'gross': -27.710000000000036, 'spread': 0.8458080000000002, 'slippage': 0.8458080000000002, 'commission': 0.059206598794000004, 'net': -29.46082259879404, 'entry_model': 4243.743579, 'exit_model': 4214.341963000001}, 'STRESS': {'gross': -27.710000000000036, 'spread': 2.1145200000000006, 'slippage': 1.6916160000000005, 'commission': 0.11841329457300001, 'net': -31.634549294573034, 'entry_model': 4244.804302750001, 'exit_model': 4213.2881667500005}}"
2025,DUKA_SIGNAL__DUKA_EXECUTION,2025-12-15T03:00:00+00:00,2025-12-15T03:05:00+00:00,2025-12-15T11:05:00+00:00,4312.875,4345.885,1,"{'E1': {'gross': 33.01000000000022, 'spread': 0.8658760000000001, 'slippage': 0.8658760000000001, 'commission': 0.060611273786, 'net': 31.217636726214216, 'entry_model': 4313.737575, 'exit_model': 4345.015823000001}, 'STRESS': {'gross': 33.01000000000022, 'spread': 2.1646900000000002, 'slippage': 1.7317520000000002, 'commission': 0.121222432037, 'net': 28.992335567963217, 'entry_model': 4314.81579375, 'exit_model': 4343.92935175}}"
2025,DUKA_SIGNAL__DUKA_EXECUTION,2025-12-17T03:30:00+00:00,2025-12-17T03:35:00+00:00,2025-12-17T11:35:00+00:00,4321.825,4320.095,1,"{'E1': {'gross': -1.7299999999995634, 'spread': 0.8641920000000001, 'slippage': 0.8641920000000001, 'commission': 0.06049344242199999, 'net': -3.5188774424215636, 'entry_model': 4322.689364999999, 'exit_model': 4319.230981000001}, 'STRESS': {'gross': -1.7299999999995634, 'spread': 2.16048, 'slippage': 1.7283840000000001, 'commission': 0.120986890899, 'net': -5.7398508908985635, 'entry_model': 4323.76982125, 'exit_model': 4318.150957250001}}"
2025,DUKA_SIGNAL__DUKA_EXECUTION,2025-12-22T02:00:00+00:00,2025-12-22T02:05:00+00:00,2025-12-22T10:05:00+00:00,4362.5,4413.358,1,"{'E1': {'gross': 50.858000000000175, 'spread': 0.8775858000000001, 'slippage': 0.8775858000000001, 'commission': 0.0614309347988, 'net': 49.04139746520138, 'entry_model': 4363.3724999999995, 'exit_model': 4412.4753284}, 'STRESS': {'gross': 50.858000000000175, 'spread': 2.1939645, 'slippage': 1.7551716000000002, 'commission': 0.1228616915946, 'net': 46.78600220840558, 'entry_model': 4364.463125, 'exit_model': 4411.3719889}}"
2025,DUKA_SIGNAL__DUKA_EXECUTION,2025-12-23T01:05:00+00:00,2025-12-23T01:10:00+00:00,2025-12-23T09:10:00+00:00,4451.845,4480.845,1,"{'E1': {'gross': 29.0, 'spread': 0.8932690000000001, 'slippage': 0.8932690000000001, 'commission': 0.06252878939999999, 'net': 27.150933210599998, 'entry_model': 4452.735369, 'exit_model': 4479.948831000001}, 'STRESS': {'gross': 29.0, 'spread': 2.2331725000000002, 'slippage': 1.7865380000000002, 'commission': 0.12505747730000003, 'net': 24.855232022699997, 'entry_model': 4453.848330250001, 'exit_model': 4478.82861975}}"
2025,DUKA_SIGNAL__DUKA_EXECUTION,2025-12-24T01:35:00+00:00,2025-12-24T01:40:00+00:00,2025-12-24T09:40:00+00:00,4504.915,4489.545,1,"{'E1': {'gross': -15.36999999999989, 'spread': 0.899446, 'slippage': 0.899446, 'commission': 0.06296124151799999, 'net': -17.231853241517893, 'entry_model': 4505.8159829999995, 'exit_model': 4488.647091}, 'STRESS': {'gross': -15.36999999999989, 'spread': 2.248615, 'slippage': 1.798892, 'commission': 0.12592253683100002, 'net': -19.54342953683089, 'entry_model': 4506.94221175, 'exit_model': 4487.524704750001}}"
2025,DUKA_SIGNAL__DUKA_EXECUTION,2025-12-26T01:00:00+00:00,2025-12-26T01:05:00+00:00,2025-12-26T09:05:00+00:00,4487.665,4511.455,1,"{'E1': {'gross': 23.789999999999964, 'spread': 0.8999119999999999, 'slippage': 0.8999119999999999, 'commission': 0.062993806694, 'net': 21.927182193305963, 'entry_model': 4488.562533, 'exit_model': 4510.552709}, 'STRESS': {'gross': 23.789999999999964, 'spread': 2.24978, 'slippage': 1.7998239999999999, 'commission': 0.125987530123, 'net': 19.614408469876963, 'entry_model': 4489.68444925, 'exit_model': 4509.4248452500005}}"
2025,DUKA_SIGNAL__DUKA_EXECUTION,2025-12-30T02:15:00+00:00,2025-12-30T02:20:00+00:00,2025-12-30T10:20:00+00:00,4347.595,4366.455,1,"{'E1': {'gross': 18.859999999999673, 'spread': 0.871405, 'slippage': 0.871405, 'commission': 0.06099832359599999, 'net': 17.056191676403675, 'entry_model': 4348.464519, 'exit_model': 4365.581709}, 'STRESS': {'gross': 18.859999999999673, 'spread': 2.1785125, 'slippage': 1.74281, 'commission': 0.121996581182, 'net': 14.816680918817672, 'entry_model': 4349.551417750001, 'exit_model': 4364.49009525}}"
