year,match_stage,fn_time,duka_time,absolute_time_delta_minutes,fn_close,fn_high,fn_atr,fn_prior_96_high,fn_threshold,duka_close,duka_high,duka_atr,duka_prior_96_high,duka_threshold
2024,FN_ONLY,2024-01-12T00:00:00+00:00,,,2048.48,2062.2,3.320372924246889,2034.86,2035.1920372924246,,,,,
2024,FN_ONLY,2024-01-19T00:00:00+00:00,,,2029.54,2039.36,1.9260695465571773,2023.24,2023.4326069546557,,,,,
2024,FN_ONLY,2024-01-23T00:00:00+00:00,,,2029.0,2037.83,1.7947368922506834,2026.53,2026.709473689225,,,,,
2024,FN_ONLY,2024-01-29T00:00:00+00:00,,,2032.71,2037.54,1.8409048663359038,2026.22,2026.4040904866335,,,,,
2024,FN_ONLY,2024-02-06T00:00:00+00:00,,,2035.83,2038.86,1.7000723722240179,2027.5,2027.6700072372223,,,,,
2024,FN_ONLY,2024-02-15T00:00:00+00:00,,,2004.06,2008.24,1.8866162365972605,1996.05,1996.2386616236597,,,,,
2024,FN_ONLY,2024-02-16T00:00:00+00:00,,,2013.4,2015.13,1.9317800921703452,2008.24,2008.433178009217,,,,,
2024,FN_ONLY,2024-02-19T00:00:00+00:00,,,2017.9,2022.95,1.421706832431989,2015.13,2015.2721706832433,,,,,
2024,FN_ONLY,2024-02-20T00:00:00+00:00,,,2024.1,2030.86,1.5974840389229135,2019.54,2019.6997484038923,,,,,
2024,FN_ONLY,2024-02-23T00:00:00+00:00,,,2035.98,2041.29,2.310711285492806,2026.7,2026.9310711285493,,,,,
2024,FN_ONLY,2024-02-29T00:00:00+00:00,,,2044.04,2050.72,2.191146395281557,2037.8,2038.0191146395282,,,,,
2024,FN_ONLY,2024-03-01T00:00:00+00:00,,,2083.41,2088.26,4.024178412556559,2050.72,2051.1224178412554,,,,,
2024,FN_ONLY,2024-03-04T00:00:00+00:00,,,2114.27,2119.84,3.6127554855679054,2088.26,2088.621275548557,,,,,
2024,FN_ONLY,2024-03-05T00:00:00+00:00,,,2127.94,2141.74,2.937616014566131,2119.84,2120.1337616014566,,,,,
2024,FN_ONLY,2024-03-06T00:00:00+00:00,,,2147.92,2152.14,2.8100534024914054,2139.46,2139.741005340249,,,,,
2024,FN_ONLY,2024-03-07T00:00:00+00:00,,,2159.83,2164.6,2.4922512061524156,2152.14,2152.3892251206153,,,,,
2024,FN_ONLY,2024-03-08T00:00:00+00:00,,,2177.13,2195.1,3.551183603655889,2160.81,2161.1651183603653,,,,,
2024,FN_ONLY,2024-03-13T00:00:00+00:00,,,2174.01,2179.79,2.5748254197143634,2169.84,2170.0974825419717,,,,,
2024,FN_ONLY,2024-03-20T00:00:00+00:00,,,2186.12,2188.76,3.289577195094829,2158.65,2158.9789577195097,,,,,
2024,FN_ONLY,2024-03-27T00:00:00+00:00,,,2194.72,2197.56,2.5630233168283203,2192.85,2193.106302331683,,,,,
2024,FN_ONLY,2024-03-28T00:00:00+00:00,,,2233.82,2236.22,4.161816957186648,2195.26,2195.6761816957187,,,,,
2024,FN_ONLY,2024-04-01T00:00:00+00:00,,,2251.36,2265.66,5.094993291225332,2236.22,2236.7294993291225,,,,,
2024,FN_ONLY,2024-04-02T00:00:00+00:00,,,2280.77,2280.99,3.661709267456358,2257.81,2258.1761709267457,,,,,
2024,FN_ONLY,2024-04-03T00:00:00+00:00,,,2300.1,2301.01,3.9061230556728592,2280.99,2281.380612305567,,,,,
2024,FN_ONLY,2024-04-05T00:00:00+00:00,,,2327.6,2330.42,6.752792667546823,2305.51,2306.185279266755,,,,,
2024,FN_ONLY,2024-04-08T00:00:00+00:00,,,2338.77,2353.86,4.914747246743849,2330.42,2330.9114747246745,,,,,
2024,FN_ONLY,2024-04-09T00:00:00+00:00,,,2352.73,2365.26,2.9160050896534035,2342.0,2342.2916005089655,,,,,
2024,FN_ONLY,2024-04-11T00:00:00+00:00,,,2372.55,2377.61,5.195908008331389,2352.31,2352.829590800833,,,,,
2024,FN_ONLY,2024-05-01T00:00:00+00:00,,,2319.44,2328.25,5.123550798953608,2313.26,2313.7723550798955,,,,,
2024,FN_ONLY,2024-05-06T00:00:00+00:00,,,2323.64,2332.0,4.211256146012262,2308.84,2309.2611256146015,,,,,
2024,FN_ONLY,2024-05-09T00:00:00+00:00,,,2346.26,2347.2,3.689311502509927,2321.03,2321.398931150251,,,,,
2024,FN_ONLY,2024-05-10T00:00:00+00:00,,,2361.48,2378.37,3.786013265518589,2347.2,2347.5786013265515,,,,,
2024,FN_ONLY,2024-05-14T00:00:00+00:00,,,2357.91,2359.56,2.5561393738869573,2349.34,2349.595613937389,,,,,
2024,FN_ONLY,2024-05-15T00:00:00+00:00,,,2385.87,2390.2,3.59130382054164,2359.56,2359.919130382054,,,,,
2024,FN_ONLY,2024-05-17T00:00:00+00:00,,,2417.65,2422.67,4.317137027870779,2383.69,2384.121713702787,,,,,
2024,FN_ONLY,2024-05-20T00:00:00+00:00,,,2426.16,2450.01,4.823086872898212,2422.67,2423.15230868729,,,,,
2024,FN_ONLY,2024-05-27T00:00:00+00:00,,,2352.57,2358.42,2.638191901202018,2347.36,2347.6238191901202,,,,,
2024,FN_ONLY,2024-05-28T00:00:00+00:00,,,2360.9,2364.03,2.5354192237904956,2358.42,2358.673541922379,,,,,
2024,FN_ONLY,2024-06-05T00:00:00+00:00,,,2355.04,2357.34,3.0316902351193074,2337.95,2338.253169023512,,,,,
2024,FN_ONLY,2024-06-06T00:00:00+00:00,,,2375.94,2378.46,2.5434429954695914,2357.34,2357.594344299547,,,,,
2024,FN_ONLY,2024-06-11T00:00:00+00:00,,,2316.4,2319.84,2.297742968004608,2313.72,2313.9497742968,,,,,
2024,FN_ONLY,2024-06-12T00:00:00+00:00,,,2324.64,2341.59,2.9687249860553377,2319.52,2319.8168724986053,,,,,
2024,FN_ONLY,2024-06-14T00:00:00+00:00,,,2332.16,2336.62,3.1641625202774986,2324.71,2325.026416252028,,,,,
2024,FN_ONLY,2024-06-18T00:00:00+00:00,,,2329.18,2333.1,2.6655437718475037,2327.54,2327.8065543771845,,,,,
2024,FN_ONLY,2024-06-20T00:00:00+00:00,,,2359.67,2365.43,3.3279201493452932,2332.84,2333.1727920149347,,,,,
2024,FN_ONLY,2024-06-27T00:00:00+00:00,,,2327.7,2330.98,3.2040912000071424,2311.54,2311.860409120001,,,,,
2024,FN_ONLY,2024-07-03T00:00:00+00:00,,,2355.79,2364.95,3.4322985518683575,2336.78,2337.123229855187,,,,,
2024,FN_ONLY,2024-07-05T00:00:00+00:00,,,2391.28,2392.9,3.3850165742038874,2361.81,2362.14850165742,,,,,
2024,FN_ONLY,2024-07-11T00:00:00+00:00,,,2415.6,2424.56,4.483700633732141,2386.7,2387.148370063373,,,,,
2024,FN_ONLY,2024-07-15T00:00:00+00:00,,,2422.31,2439.75,3.3770360093294927,2418.29,2418.627703600933,,,,,
2024,FN_ONLY,2024-07-16T00:00:00+00:00,,,2468.94,2469.67,4.405953900650007,2439.75,2440.190595390065,,,,,
2024,FN_ONLY,2024-07-23T00:00:00+00:00,,,2409.24,2412.01,2.495475258924195,2400.17,2400.4195475258925,,,,,
2024,FN_ONLY,2024-07-26T00:00:00+00:00,,,2386.86,2390.81,4.210117167707907,2376.37,2376.7910117167708,,,,,
2024,FN_ONLY,2024-07-30T00:00:00+00:00,,,2410.58,2412.75,3.709976723409084,2396.75,2397.1209976723408,,,,,
2024,FN_ONLY,2024-07-31T00:00:00+00:00,,,2447.2,2450.94,4.838179646671705,2412.75,2413.233817964667,,,,,
2024,FN_ONLY,2024-08-08T00:00:00+00:00,,,2427.12,2427.54,4.6401430773987755,2404.82,2405.28401430774,,,,,
2024,FN_ONLY,2024-08-09T00:00:00+00:00,,,2430.96,2437.03,2.5553831460241314,2427.54,2427.7955383146023,,,,,
2024,FN_ONLY,2024-08-12T00:00:00+00:00,,,2472.26,2473.09,4.388436702051672,2437.03,2437.4688436702054,,,,,
2024,FN_ONLY,2024-08-16T00:00:00+00:00,,,2507.64,2509.74,5.345902965958745,2461.61,2462.144590296596,,,,,
2024,FN_ONLY,2024-08-20T00:00:00+00:00,,,2513.58,2531.65,3.190983987468543,2507.5,2507.819098398747,,,,,
2024,FN_ONLY,2024-08-23T00:00:00+00:00,,,2512.15,2518.35,3.476799727936539,2501.56,2501.9076799727936,,,,,
2024,FN_ONLY,2024-08-29T00:00:00+00:00,,,2521.04,2528.69,2.9122892411647516,2510.67,2510.9612289241168,,,,,
2024,FN_ONLY,2024-09-05T00:00:00+00:00,,,2516.52,2523.51,3.0102473153979075,2500.3,2500.60102473154,,,,,
2024,FN_ONLY,2024-09-10T00:00:00+00:00,,,2516.44,2518.43,2.1779866865169044,2507.16,2507.3777986686514,,,,,
2024,FN_ONLY,2024-09-12T00:00:00+00:00,,,2558.6,2560.07,4.370235150273173,2520.01,2520.4470235150275,,,,,
2024,FN_ONLY,2024-09-13T00:00:00+00:00,,,2578.74,2586.06,3.2352271966611617,2560.07,2560.393522719666,,,,,
2024,FN_ONLY,2024-09-20T00:00:00+00:00,,,2621.98,2625.79,3.881075626383396,2592.65,2593.0381075626383,,,,,
2024,FN_ONLY,2024-09-23T00:00:00+00:00,,,2628.55,2634.88,2.4923180233021878,2625.79,2626.03923180233,,,,,
2024,FN_ONLY,2024-09-24T00:00:00+00:00,,,2657.03,2664.33,3.6365579061995454,2634.88,2635.24365579062,,,,,
2024,FN_ONLY,2024-09-26T00:00:00+00:00,,,2672.22,2685.59,3.097490895384908,2667.46,2667.7697490895384,,,,,
2024,FN_ONLY,2024-10-01T00:00:00+00:00,,,2663.18,2673.16,4.099499742332577,2642.12,2642.529949974233,,,,,
2024,FN_ONLY,2024-10-10T00:00:00+00:00,,,2629.76,2631.54,2.848528350518139,2620.71,2620.994852835052,,,,,
2024,FN_ONLY,2024-10-11T00:00:00+00:00,,,2657.09,2661.4,3.5220749629761086,2631.54,2631.8922074962975,,,,,
2024,FN_ONLY,2024-10-15T00:00:00+00:00,,,2662.41,2668.91,3.3475202394366272,2661.21,2661.5447520239436,,,,,
2024,FN_ONLY,2024-10-16T00:00:00+00:00,,,2673.73,2685.4,2.87061251954092,2668.91,2669.197061251954,,,,,
2024,FN_ONLY,2024-10-17T00:00:00+00:00,,,2692.75,2696.77,2.302743560027137,2685.4,2685.6302743560027,,,,,
2024,FN_ONLY,2024-10-18T00:00:00+00:00,,,2721.23,2722.51,2.9173255740522386,2696.77,2697.0617325574053,,,,,
2024,FN_ONLY,2024-10-22T00:00:00+00:00,,,2748.69,2748.86,3.2485903779714334,2740.58,2740.904859037797,,,,,
2024,FN_ONLY,2024-10-25T00:00:00+00:00,,,2747.21,2747.71,2.956033399590657,2743.28,2743.5756033399593,,,,,
2024,FN_ONLY,2024-10-29T00:00:00+00:00,,,2774.35,2774.77,3.1929645435364016,2745.94,2746.2592964543537,,,,,
2024,FN_ONLY,2024-10-30T00:00:00+00:00,,,2787.3,2790.01,2.2181693103451834,2774.77,2774.9918169310345,,,,,
2024,FN_ONLY,2024-11-07T00:00:00+00:00,,,2706.03,2710.32,5.915439919380423,2678.18,2678.771543991938,,,,,
2024,FN_ONLY,2024-11-18T00:00:00+00:00,,,2611.87,2615.08,4.6453493431050035,2576.04,2576.5045349343104,,,,,
2024,FN_ONLY,2024-11-19T00:00:00+00:00,,,2632.05,2639.44,2.9099675720649927,2615.08,2615.3709967572063,,,,,
2024,FN_ONLY,2024-11-20T00:00:00+00:00,,,2650.55,2655.41,3.640469779571438,2636.93,2637.294046977957,,,,,
2024,FN_ONLY,2024-11-21T00:00:00+00:00,,,2669.53,2673.55,2.964872830066986,2655.41,2655.7064872830065,,,,,
2024,FN_ONLY,2024-11-22T00:00:00+00:00,,,2716.05,2716.3,4.571656850922401,2673.5,2673.957165685092,,,,,
2024,FN_ONLY,2024-11-27T00:00:00+00:00,,,2636.02,2658.22,3.3087499345201876,2633.81,2634.140874993452,,,,,
2024,FN_ONLY,2024-11-29T00:00:00+00:00,,,2650.4,2666.28,2.9987143114540515,2647.92,2648.2198714311453,,,,,
2024,FN_ONLY,2024-12-09T00:00:00+00:00,,,2660.47,2676.4,4.427395441547562,2641.63,2642.072739544155,,,,,
2024,FN_ONLY,2024-12-10T00:00:00+00:00,,,2693.91,2695.55,3.721955526764112,2676.4,2676.7721955526763,,,,,
2024,FN_ONLY,2024-12-11T00:00:00+00:00,,,2718.35,2721.23,4.139361627848905,2695.55,2695.963936162785,,,,,
2024,FN_ONLY,2024-12-20T00:00:00+00:00,,,2623.28,2631.87,4.231315982617183,2601.04,2601.4631315982615,,,,,
2024,FN_ONLY,2024-12-26T00:00:00+00:00,,,2633.96,2639.13,2.8199896783329796,2619.36,2619.6419989678334,,,,,
2024,FN_ONLY,2024-12-31T00:00:00+00:00,,,2624.19,2627.49,2.623728409637964,2613.77,2614.032372840964,,,,,
2024,DUKA_ONLY,,2024-01-02T01:00:00+00:00,,,,,,,2065.214,2066.595,0.2992857142856857,2062.688,2062.7179285714287
2024,DUKA_ONLY,,2024-01-02T03:00:00+00:00,,,,,,,2066.945,2067.145,0.9264163614549438,2066.595,2066.687641636145
2024,DUKA_ONLY,,2024-01-02T03:05:00+00:00,,,,,,,2067.368,2069.605,1.058815192779605,2067.145,2067.2508815192778
2024,DUKA_ONLY,,2024-01-02T07:10:00+00:00,,,,,,,2071.525,2071.605,0.8726188399736509,2070.578,2070.665261883997
2024,DUKA_ONLY,,2024-01-02T07:45:00+00:00,,,,,,,2073.525,2074.725,1.0125467090497895,2072.185,2072.286254670905
2024,DUKA_ONLY,,2024-01-03T04:35:00+00:00,,,,,,,2064.745,2064.805,0.9666876035192423,2064.428,2064.5246687603517
2024,DUKA_ONLY,,2024-01-04T01:40:00+00:00,,,,,,,2043.355,2043.535,0.5384691449645791,2043.005,2043.0588469144966
2024,DUKA_ONLY,,2024-01-04T01:45:00+00:00,,,,,,,2043.635,2043.645,0.5569356346099681,2043.535,2043.5906935634612
2024,DUKA_ONLY,,2024-01-04T04:15:00+00:00,,,,,,,2044.225,2044.555,0.8871929201367049,2043.978,2044.0667192920137
2024,DUKA_ONLY,,2024-01-04T05:00:00+00:00,,,,,,,2045.235,2045.255,0.879101704781939,2044.665,2044.7529101704781
2024,DUKA_ONLY,,2024-01-04T05:20:00+00:00,,,,,,,2045.855,2046.005,0.7985605942908567,2045.615,2045.6948560594292
2024,DUKA_ONLY,,2024-01-04T05:25:00+00:00,,,,,,,2046.365,2046.525,0.7900919804129429,2046.005,2046.0840091980415
2024,DUKA_ONLY,,2024-01-05T03:05:00+00:00,,,,,,,2045.335,2045.525,0.6273853892720582,2045.065,2045.1277385389274
2024,DUKA_ONLY,,2024-01-05T03:10:00+00:00,,,,,,,2046.995,2047.425,0.7318578614669055,2045.525,2045.5981857861468
2024,DUKA_ONLY,,2024-01-05T03:15:00+00:00,,,,,,,2047.555,2048.155,0.7624394427907201,2047.425,2047.501243944279
2024,DUKA_ONLY,,2024-01-09T03:00:00+00:00,,,,,,,2034.878,2035.428,0.7917183532156704,2034.798,2034.8771718353216
2024,DUKA_ONLY,,2024-01-09T04:20:00+00:00,,,,,,,2035.698,2035.775,1.2368945470600565,2035.478,2035.601689454706
2024,DUKA_ONLY,,2024-01-10T03:45:00+00:00,,,,,,,2031.815,2031.885,0.8826329181092872,2031.305,2031.393263291811
2024,DUKA_ONLY,,2024-01-11T03:50:00+00:00,,,,,,,2029.858,2030.075,0.8597999568241574,2028.738,2028.8239799956825
2024,DUKA_ONLY,,2024-01-11T04:10:00+00:00,,,,,,,2030.415,2030.515,0.9288186319985137,2030.265,2030.3578818632
2024,DUKA_ONLY,,2024-01-11T04:15:00+00:00,,,,,,,2031.625,2031.808,0.9662601582843323,2030.515,2030.6116260158285
2024,DUKA_ONLY,,2024-01-11T07:30:00+00:00,,,,,,,2032.625,2033.375,0.7964513066925969,2032.465,2032.544645130669
2024,DUKA_ONLY,,2024-01-11T07:45:00+00:00,,,,,,,2033.465,2033.935,0.7871186300304818,2033.375,2033.453711863003
2024,DUKA_ONLY,,2024-01-12T01:10:00+00:00,,,,,,,2034.065,2034.885,0.9218108232233377,2032.874,2032.9661810823225
2024,DUKA_ONLY,,2024-01-12T07:55:00+00:00,,,,,,,2035.975,2037.115,0.815640273913777,2035.575,2035.6565640273914
2024,DUKA_ONLY,,2024-01-15T03:35:00+00:00,,,,,,,2050.158,2050.245,0.8348302288529343,2049.765,2049.8484830228854
2024,DUKA_ONLY,,2024-01-15T03:40:00+00:00,,,,,,,2050.835,2050.845,0.8692709267920109,2050.245,2050.331927092679
2024,DUKA_ONLY,,2024-01-15T04:15:00+00:00,,,,,,,2053.435,2053.495,1.03701452014548,2051.335,2051.438701452015
2024,DUKA_ONLY,,2024-01-15T04:25:00+00:00,,,,,,,2054.575,2055.115,1.098344152574375,2054.015,2054.1248344152573
2024,DUKA_ONLY,,2024-01-15T04:50:00+00:00,,,,,,,2055.525,2055.625,1.1170936429795122,2055.405,2055.516709364298
2024,DUKA_ONLY,,2024-01-15T04:55:00+00:00,,,,,,,2056.305,2056.335,1.1058726684809783,2055.625,2055.735587266848
2024,DUKA_ONLY,,2024-01-15T05:35:00+00:00,,,,,,,2057.725,2057.725,0.998763643517695,2056.758,2056.857876364352
2024,DUKA_ONLY,,2024-01-15T05:40:00+00:00,,,,,,,2057.865,2057.905,0.9967090975521635,2057.725,2057.8246709097552
2024,DUKA_ONLY,,2024-01-17T03:40:00+00:00,,,,,,,2030.195,2030.595,0.9211631745839715,2030.055,2030.1471163174585
2024,DUKA_ONLY,,2024-01-17T04:05:00+00:00,,,,,,,2032.015,2032.625,1.0583312730201886,2030.685,2030.790833127302
2024,DUKA_ONLY,,2024-01-18T02:50:00+00:00,,,,,,,2010.178,2010.278,0.6917291089107679,2009.935,2010.004172910891
2024,DUKA_ONLY,,2024-01-18T02:55:00+00:00,,,,,,,2010.658,2010.758,0.6908913154171462,2010.278,2010.3470891315417
2024,DUKA_ONLY,,2024-01-18T03:00:00+00:00,,,,,,,2010.995,2011.005,0.6973276500302198,2010.758,2010.827732765003
2024,DUKA_ONLY,,2024-01-18T03:50:00+00:00,,,,,,,2011.565,2011.695,0.8444963498987054,2011.105,2011.1894496349898
2024,DUKA_ONLY,,2024-01-19T01:00:00+00:00,,,,,,,2024.054,2024.555,0.34233243145983494,2023.135,2023.169233243146
2024,DUKA_ONLY,,2024-01-19T03:40:00+00:00,,,,,,,2024.965,2025.475,0.9507393183858959,2024.555,2024.6500739318387
2024,DUKA_ONLY,,2024-01-22T03:00:00+00:00,,,,,,,2030.128,2030.134,0.7630104591352863,2029.815,2029.8913010459137
2024,DUKA_ONLY,,2024-01-22T03:05:00+00:00,,,,,,,2030.995,2030.995,0.7975811406256118,2030.134,2030.2137581140626
2024,DUKA_ONLY,,2024-01-23T04:35:00+00:00,,,,,,,2023.885,2023.985,0.8259363743265139,2023.025,2023.1075936374327
2024,DUKA_ONLY,,2024-01-23T05:35:00+00:00,,,,,,,2024.685,2024.905,0.8779576832361726,2024.315,2024.4027957683236
2024,DUKA_ONLY,,2024-01-23T05:40:00+00:00,,,,,,,2024.995,2025.355,0.8852464201478759,2024.905,2024.9935246420148
2024,DUKA_ONLY,,2024-01-23T05:45:00+00:00,,,,,,,2025.995,2026.265,0.9127288187087569,2025.355,2025.446272881871
2024,DUKA_ONLY,,2024-01-23T05:50:00+00:00,,,,,,,2026.765,2026.895,0.916105331658134,2026.265,2026.3566105331658
2024,DUKA_ONLY,,2024-01-23T05:55:00+00:00,,,,,,,2027.395,2027.855,0.9306692365397043,2026.895,2026.988066923654
2024,DUKA_ONLY,,2024-01-23T07:00:00+00:00,,,,,,,2028.465,2028.635,0.7854404577984454,2027.855,2027.9335440457799
2024,DUKA_ONLY,,2024-01-23T07:05:00+00:00,,,,,,,2028.715,2028.915,0.7814804250985579,2028.635,2028.7131480425098
2024,DUKA_ONLY,,2024-01-23T07:25:00+00:00,,,,,,,2029.755,2029.955,0.874601348949396,2028.915,2029.0024601348948
2024,DUKA_ONLY,,2024-01-23T07:40:00+00:00,,,,,,,2030.565,2030.805,0.8947956135720985,2030.155,2030.2444795613571
2024,DUKA_ONLY,,2024-01-26T03:00:00+00:00,,,,,,,2022.735,2023.015,0.7886505862453785,2021.811,2021.8898650586245
2024,DUKA_ONLY,,2024-01-26T03:05:00+00:00,,,,,,,2023.425,2023.585,0.7930326872278614,2023.015,2023.0943032687228
2024,DUKA_ONLY,,2024-01-29T02:00:00+00:00,,,,,,,2021.265,2021.855,0.35882997448935994,2019.278,2019.313882997449
2024,DUKA_ONLY,,2024-01-29T03:00:00+00:00,,,,,,,2022.555,2022.695,0.7982380623561083,2021.985,2022.0648238062356
2024,DUKA_ONLY,,2024-01-29T03:05:00+00:00,,,,,,,2023.425,2023.795,0.8355067721878265,2022.695,2022.7785506772186
2024,DUKA_ONLY,,2024-01-29T03:10:00+00:00,,,,,,,2024.755,2024.885,0.8801134313172702,2023.795,2023.8830113431318
2024,DUKA_ONLY,,2024-01-29T05:00:00+00:00,,,,,,,2025.865,2025.975,0.9253211844636182,2025.405,2025.4975321184463
2024,DUKA_ONLY,,2024-01-29T06:25:00+00:00,,,,,,,2026.735,2026.745,0.7198726530030922,2026.265,2026.3369872653004
2024,DUKA_ONLY,,2024-01-31T02:00:00+00:00,,,,,,,2037.255,2037.345,0.3560753538186611,2037.175,2037.2106075353818
2024,DUKA_ONLY,,2024-01-31T02:05:00+00:00,,,,,,,2037.635,2037.725,0.37064139997446716,2037.345,2037.3820641399975
2024,DUKA_ONLY,,2024-01-31T02:15:00+00:00,,,,,,,2038.215,2038.428,0.4248438601820561,2037.898,2037.9404843860182
2024,DUKA_ONLY,,2024-02-06T03:00:00+00:00,,,,,,,2028.235,2028.505,0.5828587712480912,2027.555,2027.6132858771248
2024,DUKA_ONLY,,2024-02-06T07:40:00+00:00,,,,,,,2029.245,2029.365,0.7903974453137217,2028.505,2028.5840397445315
2024,DUKA_ONLY,,2024-02-19T02:10:00+00:00,,,,,,,2016.485,2016.485,0.3436811553473881,2015.095,2015.1293681155348
2024,DUKA_ONLY,,2024-02-19T02:25:00+00:00,,,,,,,2017.125,2018.465,0.4811033157063439,2016.875,2016.9231103315706
2024,DUKA_ONLY,,2024-02-19T02:55:00+00:00,,,,,,,2018.715,2019.995,0.7340437549114802,2018.465,2018.5384043754912
2024,DUKA_ONLY,,2024-02-19T04:35:00+00:00,,,,,,,2021.625,2022.505,1.0937236954192437,2020.685,2020.7943723695419
2024,DUKA_ONLY,,2024-02-20T03:30:00+00:00,,,,,,,2018.695,2018.815,0.6701481023636131,2018.435,2018.5020148102362
2024,DUKA_ONLY,,2024-02-20T06:50:00+00:00,,,,,,,2019.595,2019.595,0.504373005778259,2019.485,2019.5354373005778
2024,DUKA_ONLY,,2024-02-21T04:40:00+00:00,,,,,,,2028.515,2028.525,0.5767072331365681,2028.035,2028.0926707233136
2024,DUKA_ONLY,,2024-02-21T04:45:00+00:00,,,,,,,2028.745,2028.925,0.5826567164839457,2028.525,2028.5832656716484
2024,DUKA_ONLY,,2024-02-21T05:15:00+00:00,,,,,,,2029.265,2029.625,0.6899835651273963,2029.105,2029.1739983565128
2024,DUKA_ONLY,,2024-02-21T05:20:00+00:00,,,,,,,2029.855,2029.955,0.6899847390468558,2029.625,2029.6939984739047
2024,DUKA_ONLY,,2024-02-21T05:40:00+00:00,,,,,,,2030.105,2030.205,0.6309793609932355,2029.975,2030.0380979360991
2024,DUKA_ONLY,,2024-02-21T05:50:00+00:00,,,,,,,2030.625,2030.675,0.6208954694278336,2030.445,2030.5070895469428
2024,DUKA_ONLY,,2024-02-21T06:05:00+00:00,,,,,,,2030.955,2031.045,0.5913255635324214,2030.805,2030.8641325563533
2024,DUKA_ONLY,,2024-02-21T07:40:00+00:00,,,,,,,2031.585,2031.685,0.6162739052673996,2031.375,2031.4366273905268
2024,DUKA_ONLY,,2024-02-22T03:35:00+00:00,,,,,,,2027.898,2028.485,0.6605439010056622,2027.795,2027.8610543901007
2024,DUKA_ONLY,,2024-02-22T07:00:00+00:00,,,,,,,2029.215,2029.235,0.5684321358621097,2028.835,2028.8918432135863
2024,DUKA_ONLY,,2024-02-22T07:05:00+00:00,,,,,,,2029.305,2029.515,0.5621155547291032,2029.235,2029.2912115554727
2024,DUKA_ONLY,,2024-02-22T07:10:00+00:00,,,,,,,2029.675,2029.915,0.5655358722484458,2029.515,2029.571553587225
2024,DUKA_ONLY,,2024-02-23T01:15:00+00:00,,,,,,,2025.145,2025.255,0.31776354220792336,2024.975,2025.0067763542206
2024,DUKA_ONLY,,2024-02-23T01:20:00+00:00,,,,,,,2025.565,2025.728,0.33670900347879196,2025.255,2025.288670900348
2024,DUKA_ONLY,,2024-02-23T03:05:00+00:00,,,,,,,2026.625,2026.755,0.8099132106183,2026.075,2026.155991321062
2024,DUKA_ONLY,,2024-02-27T04:35:00+00:00,,,,,,,2034.155,2034.345,0.6151519554761731,2033.778,2033.8395151955476
2024,DUKA_ONLY,,2024-02-29T03:35:00+00:00,,,,,,,2035.665,2035.725,0.5329820801376434,2035.505,2035.5582982080139
2024,DUKA_ONLY,,2024-02-29T03:40:00+00:00,,,,,,,2036.125,2036.435,0.5499119315563818,2035.725,2035.7799911931556
2024,DUKA_ONLY,,2024-02-29T04:20:00+00:00,,,,,,,2036.875,2036.935,0.6504856876218509,2036.495,2036.560048568762
2024,DUKA_ONLY,,2024-03-05T07:30:00+00:00,,,,,,,2117.028,2117.215,0.7475303129472897,2116.725,2116.7997530312946
2024,DUKA_ONLY,,2024-03-05T07:35:00+00:00,,,,,,,2118.258,2118.525,0.8132067191653345,2117.215,2117.296320671917
2024,DUKA_ONLY,,2024-03-07T06:00:00+00:00,,,,,,,2157.055,2158.445,1.4799967630338144,2152.328,2152.475999676303
2024,DUKA_ONLY,,2024-03-08T01:55:00+00:00,,,,,,,2161.865,2162.485,0.5814801134437213,2160.975,2161.033148011344
2024,DUKA_ONLY,,2024-03-08T02:30:00+00:00,,,,,,,2163.025,2163.085,0.7148251248965557,2162.485,2162.5564825124898
2024,DUKA_ONLY,,2024-03-15T04:15:00+00:00,,,,,,,2165.465,2165.475,0.6750224468751965,2164.905,2164.972502244688
2024,DUKA_ONLY,,2024-03-19T01:15:00+00:00,,,,,,,2161.315,2161.315,0.3135791659767184,2161.178,2161.2093579165976
2024,DUKA_ONLY,,2024-03-19T01:20:00+00:00,,,,,,,2161.738,2162.465,0.3740377969784035,2161.315,2161.352403779698
2024,DUKA_ONLY,,2024-03-20T01:15:00+00:00,,,,,,,2158.725,2158.755,0.2981263169001357,2158.355,2158.3848126316902
2024,DUKA_ONLY,,2024-03-21T01:05:00+00:00,,,,,,,2189.595,2189.725,1.088293654847823,2188.735,2188.843829365485
2024,DUKA_ONLY,,2024-03-21T01:10:00+00:00,,,,,,,2193.165,2193.505,1.2948441080729798,2189.725,2189.8544844108073
2024,DUKA_ONLY,,2024-03-21T01:15:00+00:00,,,,,,,2210.065,2222.875,3.3459266717820686,2193.505,2193.8395926671783
2024,DUKA_ONLY,,2024-03-22T03:20:00+00:00,,,,,,,2184.275,2184.315,0.6524427082293333,2183.875,2183.940244270823
2024,DUKA_ONLY,,2024-03-22T03:30:00+00:00,,,,,,,2184.855,2184.855,0.689912335156937,2184.465,2184.5339912335157
2024,DUKA_ONLY,,2024-03-22T03:35:00+00:00,,,,,,,2185.355,2185.965,0.7306328826457428,2184.855,2184.9280632882646
2024,DUKA_ONLY,,2024-03-25T03:00:00+00:00,,,,,,,2168.745,2169.235,0.3629490875007641,2167.395,2167.4312949087503
2024,DUKA_ONLY,,2024-03-25T04:15:00+00:00,,,,,,,2171.125,2171.625,1.38280665322532,2169.355,2169.4932806653223
2024,DUKA_ONLY,,2024-03-25T04:20:00+00:00,,,,,,,2173.195,2173.765,1.4733204637092323,2171.625,2171.772332046371
2024,DUKA_ONLY,,2024-03-25T04:35:00+00:00,,,,,,,2176.405,2176.835,1.705143971854642,2174.575,2174.745514397185
2024,DUKA_ONLY,,2024-03-25T05:35:00+00:00,,,,,,,2178.045,2178.245,1.5561887497115285,2176.935,2177.090618874971
2024,DUKA_ONLY,,2024-03-28T07:15:00+00:00,,,,,,,2196.475,2196.475,0.9488122018686437,2196.335,2196.429881220187
2024,DUKA_ONLY,,2024-04-01T03:00:00+00:00,,,,,,,2244.925,2246.665,0.9976428572335662,2232.698,2232.797764285723
2024,DUKA_ONLY,,2024-04-01T03:05:00+00:00,,,,,,,2248.398,2248.458,1.1787397960025903,2246.665,2246.7828739796
2024,DUKA_ONLY,,2024-04-01T03:30:00+00:00,,,,,,,2251.175,2253.525,1.6043088353759087,2250.335,2250.4954308835377
2024,DUKA_ONLY,,2024-04-01T03:35:00+00:00,,,,,,,2253.815,2254.415,1.7261439185633398,2253.525,2253.6976143918564
2024,DUKA_ONLY,,2024-04-01T04:00:00+00:00,,,,,,,2258.925,2259.445,2.41322425915384,2256.295,2256.5363224259154
2024,DUKA_ONLY,,2024-04-01T06:35:00+00:00,,,,,,,2262.028,2262.635,1.8859863641239267,2259.495,2259.683598636412
2024,DUKA_ONLY,,2024-04-01T06:40:00+00:00,,,,,,,2263.135,2264.175,1.9198444809722268,2262.635,2262.8269844480974
2024,DUKA_ONLY,,2024-04-01T07:00:00+00:00,,,,,,,2265.265,2265.585,1.792937479723259,2265.035,2265.214293747972
2024,DUKA_ONLY,,2024-04-02T01:20:00+00:00,,,,,,,2253.375,2253.705,0.9020173826730922,2252.345,2252.435201738267
2024,DUKA_ONLY,,2024-04-02T01:25:00+00:00,,,,,,,2254.925,2255.065,0.9654447124821545,2253.705,2253.8015444712482
2024,DUKA_ONLY,,2024-04-02T07:40:00+00:00,,,,,,,2256.545,2256.865,1.2845861228067932,2255.745,2255.8734586122805
2024,DUKA_ONLY,,2024-04-02T07:45:00+00:00,,,,,,,2257.125,2259.798,1.4337585426062789,2256.865,2257.0083758542605
2024,DUKA_ONLY,,2024-04-03T01:00:00+00:00,,,,,,,2281.435,2281.495,0.7077248238242941,2280.945,2281.0157724823825
2024,DUKA_ONLY,,2024-04-03T01:15:00+00:00,,,,,,,2283.355,2284.595,1.0072140808826378,2281.915,2282.015721408088
2024,DUKA_ONLY,,2024-04-03T01:20:00+00:00,,,,,,,2284.885,2288.185,1.2802702179624441,2284.595,2284.723027021796
2024,DUKA_ONLY,,2024-04-04T01:25:00+00:00,,,,,,,2301.635,2302.555,0.8474609766938016,2301.045,2301.1297460976693
2024,DUKA_ONLY,,2024-04-08T05:30:00+00:00,,,,,,,2335.205,2335.525,3.5282795143259116,2333.205,2333.5578279514325
2024,DUKA_ONLY,,2024-04-08T05:35:00+00:00,,,,,,,2347.045,2353.835,4.756973834731205,2335.525,2336.0006973834734
2024,DUKA_ONLY,,2024-04-09T04:10:00+00:00,,,,,,,2343.145,2345.135,1.6020589961212743,2341.905,2342.0652058996125
2024,DUKA_ONLY,,2024-04-09T04:30:00+00:00,,,,,,,2347.925,2348.345,2.0173064865737578,2345.135,2345.3367306486575
2024,DUKA_ONLY,,2024-04-10T07:50:00+00:00,,,,,,,2356.025,2356.065,1.1766207521390484,2355.825,2355.942662075214
2024,DUKA_ONLY,,2024-04-11T05:40:00+00:00,,,,,,,2343.155,2343.295,1.4378607354663286,2342.205,2342.3487860735468
2024,DUKA_ONLY,,2024-04-11T05:45:00+00:00,,,,,,,2344.615,2344.685,1.4808706829330167,2343.295,2343.443087068293
2024,DUKA_ONLY,,2024-04-11T06:05:00+00:00,,,,,,,2346.715,2346.765,1.6903566111841737,2345.715,2345.8840356611186
2024,DUKA_ONLY,,2024-04-12T04:00:00+00:00,,,,,,,2386.575,2387.934,1.963021494810803,2379.455,2379.651302149481
2024,DUKA_ONLY,,2024-04-12T04:55:00+00:00,,,,,,,2390.705,2391.305,3.0037664194812472,2390.015,2390.315376641948
2024,DUKA_ONLY,,2024-04-12T05:00:00+00:00,,,,,,,2393.175,2393.435,3.092068818089714,2391.305,2391.614206881809
2024,DUKA_ONLY,,2024-04-16T01:10:00+00:00,,,,,,,2387.915,2387.915,1.3201363107633381,2387.448,2387.5800136310763
2024,DUKA_ONLY,,2024-04-16T01:15:00+00:00,,,,,,,2390.075,2392.035,1.5301265742802257,2387.915,2388.068012657428
2024,DUKA_ONLY,,2024-04-18T07:30:00+00:00,,,,,,,2375.855,2376.355,1.1738195601044936,2375.205,2375.3223819560103
2024,DUKA_ONLY,,2024-04-19T04:25:00+00:00,,,,,,,2395.615,2397.225,2.732205545007256,2394.535,2394.8082205545006
2024,DUKA_ONLY,,2024-04-19T04:30:00+00:00,,,,,,,2406.305,2409.615,3.5484765775067273,2397.225,2397.5798476577506
2024,DUKA_ONLY,,2024-04-19T04:40:00+00:00,,,,,,,2412.795,2415.125,4.1385333755032265,2409.615,2410.02885333755
2024,DUKA_ONLY,,2024-04-24T06:20:00+00:00,,,,,,,2326.015,2326.795,1.828314810457057,2324.638,2324.820831481046
2024,DUKA_ONLY,,2024-04-24T06:55:00+00:00,,,,,,,2327.815,2328.045,1.6317432759404238,2327.195,2327.358174327594
2024,DUKA_ONLY,,2024-04-24T07:00:00+00:00,,,,,,,2329.698,2329.975,1.705904470516113,2328.045,2328.215590447052
2024,DUKA_ONLY,,2024-04-26T07:25:00+00:00,,,,,,,2337.315,2338.038,1.1384436319449567,2336.128,2336.2418443631946
2024,DUKA_ONLY,,2024-05-03T07:45:00+00:00,,,,,,,2306.655,2306.964,1.1358228257545993,2306.365,2306.478582282575
2024,DUKA_ONLY,,2024-05-03T07:50:00+00:00,,,,,,,2307.695,2307.955,1.1475497667721084,2306.964,2307.0787549766774
2024,DUKA_ONLY,,2024-05-06T04:00:00+00:00,,,,,,,2305.515,2305.715,1.9176471179666228,2303.235,2303.4267647117967
2024,DUKA_ONLY,,2024-05-06T04:05:00+00:00,,,,,,,2306.415,2307.385,2.09210089525473,2305.715,2305.924210089526
2024,DUKA_ONLY,,2024-05-06T05:00:00+00:00,,,,,,,2314.105,2315.165,2.567944286425338,2308.965,2309.2217944286426
2024,DUKA_ONLY,,2024-05-07T03:55:00+00:00,,,,,,,2329.105,2329.345,1.1063117734292731,2328.795,2328.905631177343
2024,DUKA_ONLY,,2024-05-08T05:55:00+00:00,,,,,,,2316.958,2317.295,1.627485772812824,2316.715,2316.8777485772816
2024,DUKA_ONLY,,2024-05-08T07:10:00+00:00,,,,,,,2318.385,2318.395,1.1809597761490884,2318.045,2318.163095977615
2024,DUKA_ONLY,,2024-05-08T07:55:00+00:00,,,,,,,2319.185,2319.245,1.0769088233063944,2319.058,2319.1656908823306
2024,DUKA_ONLY,,2024-05-09T07:05:00+00:00,,,,,,,2313.508,2314.025,1.0760039518004807,2312.948,2313.05560039518
2024,DUKA_ONLY,,2024-05-10T01:05:00+00:00,,,,,,,2347.265,2347.665,0.9938477549517908,2347.095,2347.194384775495
2024,DUKA_ONLY,,2024-05-10T02:15:00+00:00,,,,,,,2348.145,2348.195,0.8102722118544385,2347.665,2347.7460272211856
2024,DUKA_ONLY,,2024-05-10T03:25:00+00:00,,,,,,,2348.358,2348.418,0.8708566434710123,2348.245,2348.332085664347
2024,DUKA_ONLY,,2024-05-10T04:00:00+00:00,,,,,,,2351.845,2352.515,1.1625029004765906,2348.898,2349.0142502900476
2024,DUKA_ONLY,,2024-05-10T04:15:00+00:00,,,,,,,2354.035,2355.214,1.5601613966279255,2352.575,2352.7310161396626
2024,DUKA_ONLY,,2024-05-14T02:45:00+00:00,,,,,,,2338.645,2338.855,0.518559469903934,2338.408,2338.4598559469905
2024,DUKA_ONLY,,2024-05-14T04:10:00+00:00,,,,,,,2340.008,2340.375,1.1078575295903008,2339.605,2339.715785752959
2024,DUKA_ONLY,,2024-05-14T04:15:00+00:00,,,,,,,2340.715,2340.775,1.145653420333863,2340.375,2340.4895653420335
2024,DUKA_ONLY,,2024-05-14T04:55:00+00:00,,,,,,,2341.865,2341.965,1.2965877126175887,2340.965,2341.094658771262
2024,DUKA_ONLY,,2024-05-14T05:10:00+00:00,,,,,,,2343.415,2343.875,1.344520118302052,2343.025,2343.15945201183
2024,DUKA_ONLY,,2024-05-14T05:30:00+00:00,,,,,,,2344.215,2344.335,1.3541472328932098,2343.875,2344.010414723289
2024,DUKA_ONLY,,2024-05-15T06:40:00+00:00,,,,,,,2360.515,2360.555,0.9964019758821961,2359.415,2359.514640197588
2024,DUKA_ONLY,,2024-05-16T03:10:00+00:00,,,,,,,2392.458,2392.905,1.0973762268970515,2391.815,2391.92473762269
2024,DUKA_ONLY,,2024-05-16T03:20:00+00:00,,,,,,,2393.858,2394.035,1.1083397058448754,2392.995,2393.105833970584
2024,DUKA_ONLY,,2024-05-16T03:55:00+00:00,,,,,,,2394.875,2395.065,1.116571893227088,2394.608,2394.719657189323
2024,DUKA_ONLY,,2024-05-16T04:00:00+00:00,,,,,,,2395.945,2397.275,1.2573167579965812,2395.065,2395.1907316757997
2024,DUKA_ONLY,,2024-05-20T03:30:00+00:00,,,,,,,2424.745,2424.745,1.164196291367496,2422.575,2422.6914196291364
2024,DUKA_ONLY,,2024-05-20T04:00:00+00:00,,,,,,,2436.665,2439.005,2.2936749017388287,2426.395,2426.624367490174
2024,DUKA_ONLY,,2024-05-27T04:10:00+00:00,,,,,,,2339.375,2339.465,1.0718289270083456,2337.445,2337.552182892701
2024,DUKA_ONLY,,2024-05-27T05:20:00+00:00,,,,,,,2340.675,2340.695,1.2722990714259106,2340.218,2340.3452299071423
2024,DUKA_ONLY,,2024-05-27T05:45:00+00:00,,,,,,,2344.185,2344.305,1.4021560754576317,2341.085,2341.2252156075456
2024,DUKA_ONLY,,2024-05-27T05:50:00+00:00,,,,,,,2345.825,2346.325,1.4812877843534982,2344.305,2344.4531287784353
2024,DUKA_ONLY,,2024-05-28T04:45:00+00:00,,,,,,,2355.555,2356.205,1.4136498458852422,2355.295,2355.4363649845886
2024,DUKA_ONLY,,2024-06-05T04:50:00+00:00,,,,,,,2330.425,2330.778,1.163778069563335,2330.188,2330.3043778069564
2024,DUKA_ONLY,,2024-06-05T05:10:00+00:00,,,,,,,2331.538,2331.828,1.17616041349435,2331.228,2331.3456160413493
2024,DUKA_ONLY,,2024-06-05T05:15:00+00:00,,,,,,,2332.065,2332.065,1.1514346696733198,2331.828,2331.9431434669673
2024,DUKA_ONLY,,2024-06-05T05:25:00+00:00,,,,,,,2332.715,2332.905,1.1007829549734567,2332.575,2332.685078295497
2024,DUKA_ONLY,,2024-06-05T05:30:00+00:00,,,,,,,2333.068,2333.368,1.0716556010467637,2332.905,2333.0121655601047
2024,DUKA_ONLY,,2024-06-05T06:05:00+00:00,,,,,,,2334.995,2335.165,1.2308866382757908,2334.045,2334.168088663828
2024,DUKA_ONLY,,2024-06-05T07:45:00+00:00,,,,,,,2337.975,2337.975,1.0640793383888731,2337.748,2337.854407933839
2024,DUKA_ONLY,,2024-06-06T04:00:00+00:00,,,,,,,2358.155,2359.808,0.9226268447210616,2357.785,2357.877262684472
2024,DUKA_ONLY,,2024-06-06T04:10:00+00:00,,,,,,,2363.575,2363.935,1.3305302895809206,2360.085,2360.218053028958
2024,DUKA_ONLY,,2024-06-06T04:15:00+00:00,,,,,,,2365.194,2365.354,1.564778126039403,2363.935,2364.091477812604
2024,DUKA_ONLY,,2024-06-06T04:25:00+00:00,,,,,,,2367.185,2367.855,1.7154464454115246,2365.475,2365.646544644541
2024,DUKA_ONLY,,2024-06-06T04:30:00+00:00,,,,,,,2370.615,2373.028,2.0402716993106957,2367.855,2368.059027169931
2024,DUKA_ONLY,,2024-06-06T05:55:00+00:00,,,,,,,2374.228,2374.568,2.2089413856644486,2373.028,2373.2488941385664
2024,DUKA_ONLY,,2024-06-07T06:45:00+00:00,,,,,,,2380.595,2380.788,1.6817832588925596,2379.955,2380.123178325889
2024,DUKA_ONLY,,2024-06-07T07:20:00+00:00,,,,,,,2382.244,2382.275,1.4501283348567555,2381.975,2382.1200128334854
2024,DUKA_ONLY,,2024-06-07T07:25:00+00:00,,,,,,,2384.155,2384.345,1.5029763109383873,2382.275,2382.425297631094
2024,DUKA_ONLY,,2024-06-07T07:30:00+00:00,,,,,,,2385.655,2386.115,1.5370494315856142,2384.345,2384.4987049431584
2024,DUKA_ONLY,,2024-06-14T03:45:00+00:00,,,,,,,2305.085,2305.565,0.7234286409097851,2304.875,2304.947342864091
2024,DUKA_ONLY,,2024-06-14T04:10:00+00:00,,,,,,,2306.195,2306.555,0.8444518901523704,2305.648,2305.7324451890154
2024,DUKA_ONLY,,2024-06-14T04:15:00+00:00,,,,,,,2306.875,2307.025,0.8805624694271947,2306.555,2306.6430562469427
2024,DUKA_ONLY,,2024-06-14T06:10:00+00:00,,,,,,,2307.835,2307.975,1.1281512242879999,2307.605,2307.717815122429
2024,DUKA_ONLY,,2024-06-14T06:15:00+00:00,,,,,,,2308.165,2308.575,1.1118547082674024,2307.975,2308.086185470827
2024,DUKA_ONLY,,2024-06-18T03:00:00+00:00,,,,,,,2322.008,2323.095,0.6612523157641265,2321.088,2321.1541252315765
2024,DUKA_ONLY,,2024-06-18T03:30:00+00:00,,,,,,,2324.485,2324.615,0.8498993867618189,2323.095,2323.179989938676
2024,DUKA_ONLY,,2024-06-20T04:00:00+00:00,,,,,,,2333.615,2333.968,0.8638387705959636,2330.955,2331.0413838770596
2024,DUKA_ONLY,,2024-06-20T04:30:00+00:00,,,,,,,2335.368,2336.698,1.3833434904171285,2334.524,2334.6623343490414
2024,DUKA_ONLY,,2024-06-20T04:35:00+00:00,,,,,,,2336.958,2337.795,1.4578903839587718,2336.698,2336.8437890383957
2024,DUKA_ONLY,,2024-06-20T07:35:00+00:00,,,,,,,2339.648,2339.768,1.141461716285232,2339.058,2339.1721461716284
2024,DUKA_ONLY,,2024-06-20T07:55:00+00:00,,,,,,,2340.375,2340.825,1.0983419168789843,2340.018,2340.1278341916877
2024,DUKA_ONLY,,2024-06-21T03:00:00+00:00,,,,,,,2361.145,2361.438,0.7144977247960995,2360.968,2361.0394497724797
2024,DUKA_ONLY,,2024-06-21T03:05:00+00:00,,,,,,,2362.465,2362.495,0.784890744453508,2361.438,2361.5164890744454
2024,DUKA_ONLY,,2024-06-21T03:25:00+00:00,,,,,,,2362.935,2363.008,0.8315174550274896,2362.768,2362.8511517455026
2024,DUKA_ONLY,,2024-06-21T03:30:00+00:00,,,,,,,2363.615,2364.305,0.8699804939540898,2363.008,2363.094998049395
2024,DUKA_ONLY,,2024-06-24T04:25:00+00:00,,,,,,,2324.365,2324.575,1.1709357493731578,2323.705,2323.8220935749373
2024,DUKA_ONLY,,2024-06-24T04:30:00+00:00,,,,,,,2324.728,2325.278,1.1803689101322097,2324.575,2324.693036891013
2024,DUKA_ONLY,,2024-06-24T04:45:00+00:00,,,,,,,2325.565,2326.265,1.2017844371575752,2325.355,2325.475178443716
2024,DUKA_ONLY,,2024-06-27T07:05:00+00:00,,,,,,,2300.678,2300.778,0.7791239048259397,2300.025,2300.1029123904827
2024,DUKA_ONLY,,2024-07-02T03:00:00+00:00,,,,,,,2333.318,2333.758,0.47189974645369687,2332.595,2332.642189974645
2024,DUKA_ONLY,,2024-07-02T04:55:00+00:00,,,,,,,2334.001,2334.125,0.882297632564764,2333.778,2333.8662297632563
2024,DUKA_ONLY,,2024-07-03T03:10:00+00:00,,,,,,,2331.375,2331.685,0.47393255531367384,2331.318,2331.3653932555317
2024,DUKA_ONLY,,2024-07-03T07:30:00+00:00,,,,,,,2333.285,2333.728,0.8403795159265925,2333.078,2333.1620379515925
2024,DUKA_ONLY,,2024-07-03T07:50:00+00:00,,,,,,,2334.668,2334.668,0.8075079746558238,2334.008,2334.0887507974653
2024,DUKA_ONLY,,2024-07-04T04:25:00+00:00,,,,,,,2361.405,2362.385,1.0459347753378092,2360.908,2361.0125934775338
2024,DUKA_ONLY,,2024-07-05T03:30:00+00:00,,,,,,,2358.208,2358.418,0.677472957416391,2358.105,2358.172747295742
2024,DUKA_ONLY,,2024-07-05T05:05:00+00:00,,,,,,,2360.785,2360.785,1.0663292171024121,2360.175,2360.2816329217103
2024,DUKA_ONLY,,2024-07-05T05:25:00+00:00,,,,,,,2361.508,2361.958,1.1144991089562302,2360.905,2361.016449910896
2024,DUKA_ONLY,,2024-07-05T05:35:00+00:00,,,,,,,2362.368,2362.468,1.1523589255795705,2361.988,2362.1032358925577
2024,DUKA_ONLY,,2024-07-05T07:50:00+00:00,,,,,,,2364.335,2364.368,1.0080929600193143,2363.018,2363.118809296002
2024,DUKA_ONLY,,2024-07-09T03:00:00+00:00,,,,,,,2362.328,2362.785,0.5269911224171017,2361.955,2362.0076991122414
2024,DUKA_ONLY,,2024-07-09T03:10:00+00:00,,,,,,,2363.265,2363.405,0.6366913249412998,2362.785,2362.848669132494
2024,DUKA_ONLY,,2024-07-09T04:10:00+00:00,,,,,,,2364.055,2365.145,1.0220855674486353,2363.514,2363.616208556745
2024,DUKA_ONLY,,2024-07-09T05:45:00+00:00,,,,,,,2365.818,2366.575,1.2781719651279475,2365.548,2365.6758171965125
2024,DUKA_ONLY,,2024-07-09T06:50:00+00:00,,,,,,,2366.865,2367.185,1.3785889322479148,2366.575,2366.7128588932246
2024,DUKA_ONLY,,2024-07-09T06:55:00+00:00,,,,,,,2367.548,2367.825,1.3515468656587781,2367.185,2367.3201546865657
2024,DUKA_ONLY,,2024-07-09T07:00:00+00:00,,,,,,,2368.295,2368.348,1.32786494668315,2367.825,2367.957786494668
2024,DUKA_ONLY,,2024-07-10T02:30:00+00:00,,,,,,,2365.815,2365.955,0.44668107773170485,2365.535,2365.579668107773
2024,DUKA_ONLY,,2024-07-10T04:15:00+00:00,,,,,,,2367.145,2367.955,0.9520870900133453,2366.435,2366.5302087090013
2024,DUKA_ONLY,,2024-07-10T04:30:00+00:00,,,,,,,2369.125,2369.405,1.1490427612096976,2367.955,2368.0699042761207
2024,DUKA_ONLY,,2024-07-11T05:40:00+00:00,,,,,,,2377.125,2377.125,0.8886061151423732,2376.795,2376.883860611514
2024,DUKA_ONLY,,2024-07-11T05:45:00+00:00,,,,,,,2377.458,2377.695,0.8679913926322297,2377.125,2377.2117991392633
2024,DUKA_ONLY,,2024-07-11T06:05:00+00:00,,,,,,,2378.245,2378.398,0.9494328968390702,2377.695,2377.7899432896843
2024,DUKA_ONLY,,2024-07-11T06:25:00+00:00,,,,,,,2379.455,2379.455,0.9436311163738714,2378.955,2379.0493631116374
2024,DUKA_ONLY,,2024-07-11T07:20:00+00:00,,,,,,,2380.295,2380.335,0.806221551603575,2380.148,2380.2286221551603
2024,DUKA_ONLY,,2024-07-11T07:25:00+00:00,,,,,,,2381.258,2381.475,0.8372057264890184,2380.335,2380.418720572649
2024,DUKA_ONLY,,2024-07-11T07:30:00+00:00,,,,,,,2381.808,2381.985,0.8607624603112254,2381.475,2381.561076246031
2024,DUKA_ONLY,,2024-07-15T07:10:00+00:00,,,,,,,2412.478,2412.715,0.8284343041602362,2412.338,2412.4208434304164
2024,DUKA_ONLY,,2024-07-16T04:50:00+00:00,,,,,,,2427.015,2427.595,1.2353859146264945,2426.875,2426.998538591463
2024,DUKA_ONLY,,2024-07-16T05:25:00+00:00,,,,,,,2428.885,2428.905,1.304607505490904,2428.164,2428.294460750549
2024,DUKA_ONLY,,2024-07-16T05:50:00+00:00,,,,,,,2429.475,2429.558,1.2950930463055348,2428.948,2429.0775093046304
2024,DUKA_ONLY,,2024-07-16T05:55:00+00:00,,,,,,,2430.018,2430.158,1.2520864001408363,2429.558,2429.683208640014
2024,DUKA_ONLY,,2024-07-16T06:00:00+00:00,,,,,,,2431.165,2431.175,1.2619373715593714,2430.158,2430.284193737156
2024,DUKA_ONLY,,2024-07-17T03:40:00+00:00,,,,,,,2472.545,2473.115,1.1946301165838538,2469.865,2469.984463011658
2024,DUKA_ONLY,,2024-07-17T04:20:00+00:00,,,,,,,2476.965,2477.465,2.0357784898116926,2475.798,2476.001577848981
2024,DUKA_ONLY,,2024-07-17T04:50:00+00:00,,,,,,,2479.925,2481.125,2.2295704657802555,2478.845,2479.0679570465777
2024,DUKA_ONLY,,2024-07-17T05:05:00+00:00,,,,,,,2481.915,2482.145,2.1978944290522406,2481.125,2481.344789442905
2024,DUKA_ONLY,,2024-07-18T04:10:00+00:00,,,,,,,2462.515,2462.745,1.314387535901288,2461.728,2461.85943875359
2024,DUKA_ONLY,,2024-07-18T05:30:00+00:00,,,,,,,2464.675,2464.845,1.5927992491425509,2464.015,2464.174279924914
2024,DUKA_ONLY,,2024-07-18T05:55:00+00:00,,,,,,,2465.495,2465.868,1.5257507039698759,2464.938,2465.090575070397
2024,DUKA_ONLY,,2024-07-18T06:00:00+00:00,,,,,,,2467.658,2467.915,1.6174827965434524,2465.868,2466.029748279654
2024,DUKA_ONLY,,2024-07-22T03:00:00+00:00,,,,,,,2409.715,2411.525,0.8637837448334319,2405.865,2405.9513783744833
2024,DUKA_ONLY,,2024-07-23T04:20:00+00:00,,,,,,,2402.628,2403.235,1.2202330967033965,2400.665,2400.7870233096705
2024,DUKA_ONLY,,2024-07-24T04:10:00+00:00,,,,,,,2411.915,2412.045,0.9594776452369999,2410.085,2410.180947764524
2024,DUKA_ONLY,,2024-07-24T05:15:00+00:00,,,,,,,2414.075,2415.375,1.6109435047553131,2412.045,2412.2060943504757
2024,DUKA_ONLY,,2024-07-24T06:20:00+00:00,,,,,,,2416.748,2417.688,1.9197311186505206,2416.005,2416.196973111865
2024,DUKA_ONLY,,2024-07-26T04:30:00+00:00,,,,,,,2367.225,2367.355,1.9403390533367735,2365.585,2365.7790339053336
2024,DUKA_ONLY,,2024-07-26T04:35:00+00:00,,,,,,,2368.115,2368.695,1.9246005495270222,2367.355,2367.547460054953
2024,DUKA_ONLY,,2024-07-26T04:40:00+00:00,,,,,,,2369.595,2370.285,1.9571290817036389,2368.695,2368.8907129081704
2024,DUKA_ONLY,,2024-07-26T04:45:00+00:00,,,,,,,2371.505,2371.505,2.0087627187248285,2370.285,2370.4858762718723
2024,DUKA_ONLY,,2024-07-26T04:55:00+00:00,,,,,,,2373.425,2373.795,2.063678058492341,2372.815,2373.0213678058494
2024,DUKA_ONLY,,2024-07-26T05:30:00+00:00,,,,,,,2375.175,2375.305,1.9071649824279997,2373.995,2374.1857164982425
2024,DUKA_ONLY,,2024-07-26T05:40:00+00:00,,,,,,,2376.115,2376.398,1.958994296073132,2375.835,2376.0308994296074
2024,DUKA_ONLY,,2024-07-26T05:45:00+00:00,,,,,,,2378.775,2378.775,2.076208989210759,2376.398,2376.605620898921
2024,DUKA_ONLY,,2024-07-29T03:00:00+00:00,,,,,,,2397.828,2398.315,0.8991231575537973,2390.228,2390.3179123157556
2024,DUKA_ONLY,,2024-07-29T03:05:00+00:00,,,,,,,2398.705,2398.915,0.9141857891571067,2398.315,2398.4064185789157
2024,DUKA_ONLY,,2024-07-29T03:35:00+00:00,,,,,,,2399.815,2399.895,0.9593820722519038,2399.185,2399.280938207225
2024,DUKA_ONLY,,2024-07-30T06:50:00+00:00,,,,,,,2385.365,2385.618,1.4086497620770917,2385.018,2385.158864976208
2024,DUKA_ONLY,,2024-07-30T07:00:00+00:00,,,,,,,2386.228,2386.468,1.3184327030154568,2385.878,2386.0098432703016
2024,DUKA_ONLY,,2024-07-30T07:30:00+00:00,,,,,,,2387.125,2388.205,1.1741289885338402,2386.935,2387.052412898853
2024,DUKA_ONLY,,2024-07-31T06:10:00+00:00,,,,,,,2415.015,2415.715,2.042115226568184,2412.705,2412.9092115226567
2024,DUKA_ONLY,,2024-07-31T07:45:00+00:00,,,,,,,2419.675,2420.128,1.8384670879272287,2419.125,2419.3088467087928
2024,DUKA_ONLY,,2024-07-31T07:55:00+00:00,,,,,,,2420.965,2421.148,1.782004784998483,2420.435,2420.6132004785
2024,DUKA_ONLY,,2024-08-01T04:10:00+00:00,,,,,,,2451.915,2452.888,1.6428092460913393,2450.885,2451.0492809246093
2024,DUKA_ONLY,,2024-08-01T04:15:00+00:00,,,,,,,2453.265,2453.915,1.7666800142276688,2452.888,2453.064668001423
2024,DUKA_ONLY,,2024-08-01T04:20:00+00:00,,,,,,,2456.815,2457.305,1.9426314417828368,2453.915,2454.1092631441784
2024,DUKA_ONLY,,2024-08-01T04:25:00+00:00,,,,,,,2457.645,2458.295,2.051514910226927,2457.305,2457.5101514910225
2024,DUKA_ONLY,,2024-08-02T03:25:00+00:00,,,,,,,2449.315,2449.365,1.3086506911810867,2448.635,2448.7658650691183
2024,DUKA_ONLY,,2024-08-02T03:30:00+00:00,,,,,,,2451.365,2452.215,1.423032784668174,2449.365,2449.5073032784667
2024,DUKA_ONLY,,2024-08-02T05:15:00+00:00,,,,,,,2452.875,2454.758,2.91816671261029,2452.215,2452.5068166712613
2024,DUKA_ONLY,,2024-08-02T05:55:00+00:00,,,,,,,2455.458,2455.558,2.7872870814532154,2454.758,2455.0367287081453
2024,DUKA_ONLY,,2024-08-02T06:00:00+00:00,,,,,,,2455.945,2456.925,2.7501237184922918,2455.558,2455.8330123718492
2024,DUKA_ONLY,,2024-08-02T06:10:00+00:00,,,,,,,2458.585,2458.685,2.784229124618345,2456.925,2457.203422912462
2024,DUKA_ONLY,,2024-08-02T07:45:00+00:00,,,,,,,2459.655,2460.155,1.9284554716227182,2459.378,2459.570845547162
2024,DUKA_ONLY,,2024-08-05T05:50:00+00:00,,,,,,,2444.908,2445.955,3.8455501388536093,2443.815,2444.1995550138854
2024,DUKA_ONLY,,2024-08-05T06:45:00+00:00,,,,,,,2448.955,2449.334,3.135096644827726,2447.365,2447.6785096644826
2024,DUKA_ONLY,,2024-08-05T06:50:00+00:00,,,,,,,2452.305,2452.395,3.157589741625733,2449.334,2449.6497589741625
2024,DUKA_ONLY,,2024-08-05T07:10:00+00:00,,,,,,,2455.685,2456.385,3.0609107041486237,2454.045,2454.351091070415
2024,DUKA_ONLY,,2024-08-06T03:40:00+00:00,,,,,,,2415.375,2415.495,2.097250062019699,2413.605,2413.814725006202
2024,DUKA_ONLY,,2024-08-06T03:45:00+00:00,,,,,,,2417.895,2418.215,2.2388750575897154,2415.495,2415.718887505759
2024,DUKA_ONLY,,2024-08-08T06:40:00+00:00,,,,,,,2391.658,2391.915,1.453953934464706,2391.235,2391.3803953934466
2024,DUKA_ONLY,,2024-08-08T06:45:00+00:00,,,,,,,2392.375,2392.495,1.4256000820029264,2391.915,2392.0575600082
2024,DUKA_ONLY,,2024-08-08T06:50:00+00:00,,,,,,,2394.145,2394.365,1.4659143618598447,2392.495,2392.641591436186
2024,DUKA_ONLY,,2024-08-08T07:05:00+00:00,,,,,,,2395.675,2395.715,1.4293552671304874,2395.085,2395.2279355267133
2024,DUKA_ONLY,,2024-08-12T07:35:00+00:00,,,,,,,2431.758,2431.785,1.007876733585171,2431.618,2431.7187876733583
2024,DUKA_ONLY,,2024-08-12T07:45:00+00:00,,,,,,,2432.138,2432.188,0.9442508570198725,2431.824,2431.918425085702
2024,DUKA_ONLY,,2024-08-12T07:50:00+00:00,,,,,,,2432.865,2432.885,0.9418043672327608,2432.188,2432.2821804367236
2024,DUKA_ONLY,,2024-08-12T07:55:00+00:00,,,,,,,2433.275,2433.378,0.914746912430428,2432.885,2432.9764746912433
2024,DUKA_ONLY,,2024-08-13T01:35:00+00:00,,,,,,,2473.724,2473.765,0.7623488536410136,2473.424,2473.500234885364
2024,DUKA_ONLY,,2024-08-13T02:15:00+00:00,,,,,,,2474.415,2474.615,0.7925476908720812,2473.985,2474.0642547690873
2024,DUKA_ONLY,,2024-08-13T02:55:00+00:00,,,,,,,2475.425,2475.855,0.8448376785090093,2475.195,2475.279483767851
2024,DUKA_ONLY,,2024-08-14T04:15:00+00:00,,,,,,,2469.695,2470.065,1.1490126467915376,2469.448,2469.562901264679
2024,DUKA_ONLY,,2024-08-14T04:20:00+00:00,,,,,,,2471.015,2471.945,1.2397974577350044,2470.065,2470.1889797457734
2024,DUKA_ONLY,,2024-08-15T02:35:00+00:00,,,,,,,2448.785,2448.905,0.5503877850193866,2448.584,2448.639038778502
2024,DUKA_ONLY,,2024-08-15T02:55:00+00:00,,,,,,,2449.295,2449.348,0.6421987330263074,2448.935,2448.9992198733025
2024,DUKA_ONLY,,2024-08-15T03:30:00+00:00,,,,,,,2451.108,2451.315,0.8152721391528408,2450.418,2450.4995272139154
2024,DUKA_ONLY,,2024-08-15T03:35:00+00:00,,,,,,,2453.135,2453.415,0.9306098434990547,2451.315,2451.40806098435
2024,DUKA_ONLY,,2024-08-15T03:40:00+00:00,,,,,,,2453.685,2453.775,0.971280568963408,2453.415,2453.5121280568965
2024,DUKA_ONLY,,2024-08-15T07:00:00+00:00,,,,,,,2454.635,2454.845,1.1276539170440891,2454.195,2454.3077653917044
2024,DUKA_ONLY,,2024-08-15T07:10:00+00:00,,,,,,,2455.195,2455.308,1.0821199590839246,2454.845,2454.953211995908
2024,DUKA_ONLY,,2024-08-21T05:05:00+00:00,,,,,,,2518.975,2519.265,1.6278262049858483,2517.945,2518.1077826204987
2024,DUKA_ONLY,,2024-08-21T05:10:00+00:00,,,,,,,2519.505,2519.505,1.6165529046297344,2519.265,2519.426655290463
2024,DUKA_ONLY,,2024-08-23T02:35:00+00:00,,,,,,,2485.995,2486.075,0.4254704081112366,2485.925,2485.9675470408115
2024,DUKA_ONLY,,2024-08-23T02:50:00+00:00,,,,,,,2486.625,2486.855,0.463756737106522,2486.115,2486.1613756737106
2024,DUKA_ONLY,,2024-08-23T02:55:00+00:00,,,,,,,2487.475,2487.525,0.4999169701703601,2486.855,2486.904991697017
2024,DUKA_ONLY,,2024-08-23T03:15:00+00:00,,,,,,,2487.925,2487.985,0.6042355420928164,2487.525,2487.5854235542092
2024,DUKA_ONLY,,2024-08-23T03:20:00+00:00,,,,,,,2488.305,2488.325,0.6253615748004464,2487.985,2488.04753615748
2024,DUKA_ONLY,,2024-08-23T03:35:00+00:00,,,,,,,2490.465,2490.688,0.8029013774914713,2488.355,2488.4352901377492
2024,DUKA_ONLY,,2024-08-23T06:15:00+00:00,,,,,,,2492.758,2492.815,1.5339215259289896,2492.155,2492.308392152593
2024,DUKA_ONLY,,2024-08-23T06:25:00+00:00,,,,,,,2492.975,2492.985,1.4564272340918367,2492.815,2492.9606427234094
2024,DUKA_ONLY,,2024-08-23T07:00:00+00:00,,,,,,,2494.025,2494.385,1.346507063133735,2493.618,2493.7526507063135
2024,DUKA_ONLY,,2024-08-26T03:00:00+00:00,,,,,,,2515.085,2516.015,0.34348504201024055,2513.105,2513.139348504201
2024,DUKA_ONLY,,2024-08-26T03:30:00+00:00,,,,,,,2516.315,2516.845,0.6267580383626025,2516.248,2516.310675803836
2024,DUKA_ONLY,,2024-08-28T02:00:00+00:00,,,,,,,2526.894,2526.894,0.5409433610905862,2525.908,2525.9620943361087
2024,DUKA_ONLY,,2024-08-28T02:05:00+00:00,,,,,,,2528.405,2528.888,0.6508759781555391,2526.894,2526.959087597815
2024,DUKA_ONLY,,2024-08-29T03:00:00+00:00,,,,,,,2509.655,2509.758,0.7890925211752602,2509.465,2509.543909252118
2024,DUKA_ONLY,,2024-08-29T03:10:00+00:00,,,,,,,2510.305,2510.325,0.8021767146867985,2509.865,2509.9452176714685
2024,DUKA_ONLY,,2024-08-29T03:15:00+00:00,,,,,,,2512.715,2515.045,1.0855926636377402,2510.325,2510.4335592663638
2024,DUKA_ONLY,,2024-08-29T06:35:00+00:00,,,,,,,2515.935,2516.035,1.141607144619654,2515.325,2515.4391607144617
2024,DUKA_ONLY,,2024-08-29T06:55:00+00:00,,,,,,,2516.475,2516.695,1.1402632668024353,2516.078,2516.19202632668
2024,DUKA_ONLY,,2024-08-29T07:00:00+00:00,,,,,,,2516.878,2517.708,1.1683158906022544,2516.695,2516.8118315890606
2024,DUKA_ONLY,,2024-09-02T03:40:00+00:00,,,,,,,2504.805,2504.805,0.3880523436412285,2504.638,2504.676805234364
2024,DUKA_ONLY,,2024-09-04T05:30:00+00:00,,,,,,,2495.065,2495.945,1.2527388480021038,2494.915,2495.0402738848
2024,DUKA_ONLY,,2024-09-04T05:35:00+00:00,,,,,,,2496.175,2496.835,1.2932575017162509,2495.945,2496.0743257501717
2024,DUKA_ONLY,,2024-09-05T04:20:00+00:00,,,,,,,2498.665,2499.174,1.0717512980764932,2497.398,2497.505175129808
2024,DUKA_ONLY,,2024-09-06T02:05:00+00:00,,,,,,,2517.274,2517.518,0.4478850057103323,2517.128,2517.172788500571
2024,DUKA_ONLY,,2024-09-06T06:55:00+00:00,,,,,,,2518.155,2518.258,0.7753768890085175,2517.925,2518.002537688901
2024,DUKA_ONLY,,2024-09-09T06:40:00+00:00,,,,,,,2499.335,2499.438,0.9137961909732072,2499.005,2499.096379619097
2024,DUKA_ONLY,,2024-09-09T06:45:00+00:00,,,,,,,2500.178,2500.365,0.9220964630465314,2499.438,2499.5302096463047
2024,DUKA_ONLY,,2024-09-10T02:40:00+00:00,,,,,,,2507.455,2507.515,0.5006264171150587,2507.088,2507.1380626417117
2024,DUKA_ONLY,,2024-09-11T02:55:00+00:00,,,,,,,2518.555,2518.688,0.531671116512801,2518.155,2518.2081671116516
2024,DUKA_ONLY,,2024-09-11T04:30:00+00:00,,,,,,,2519.678,2520.285,1.0899384521696955,2519.015,2519.123993845217
2024,DUKA_ONLY,,2024-09-11T04:35:00+00:00,,,,,,,2520.715,2520.955,1.1927999913004133,2520.285,2520.40427999913
2024,DUKA_ONLY,,2024-09-12T06:50:00+00:00,,,,,,,2515.755,2515.785,0.843240458922085,2515.295,2515.379324045892
2024,DUKA_ONLY,,2024-09-12T07:00:00+00:00,,,,,,,2516.525,2516.644,0.8239471303970801,2515.965,2516.04739471304
2024,DUKA_ONLY,,2024-09-12T07:05:00+00:00,,,,,,,2516.725,2516.938,0.7953080496544479,2516.644,2516.7235308049653
2024,DUKA_ONLY,,2024-09-12T07:40:00+00:00,,,,,,,2517.125,2517.255,0.7180713820496656,2516.938,2517.009807138205
2024,DUKA_ONLY,,2024-09-12T07:45:00+00:00,,,,,,,2517.385,2517.675,0.7096377119032868,2517.255,2517.3259637711903
2024,DUKA_ONLY,,2024-09-13T03:40:00+00:00,,,,,,,2560.615,2562.575,1.0677931639072873,2559.978,2560.0847793163907
2024,DUKA_ONLY,,2024-09-13T04:00:00+00:00,,,,,,,2563.448,2564.055,1.4156117387119163,2562.575,2562.716561173871
2024,DUKA_ONLY,,2024-09-13T04:05:00+00:00,,,,,,,2566.845,2566.898,1.603068043089634,2564.055,2564.215306804309
2024,DUKA_ONLY,,2024-09-16T05:15:00+00:00,,,,,,,2584.285,2584.295,0.9402550989866436,2583.825,2583.9190255098983
2024,DUKA_ONLY,,2024-09-16T05:20:00+00:00,,,,,,,2584.445,2584.705,0.935236877630447,2584.295,2584.388523687763
2024,DUKA_ONLY,,2024-09-17T05:10:00+00:00,,,,,,,2584.975,2585.205,1.070546152483173,2584.265,2584.372054615248
2024,DUKA_ONLY,,2024-09-17T05:20:00+00:00,,,,,,,2585.345,2585.395,1.0084811212737272,2585.205,2585.3058481121275
2024,DUKA_ONLY,,2024-09-17T05:25:00+00:00,,,,,,,2585.965,2586.035,1.0115181840398846,2585.395,2585.496151818404
2024,DUKA_ONLY,,2024-09-18T02:25:00+00:00,,,,,,,2573.275,2573.405,0.5628842593699628,2572.755,2572.811288425937
2024,DUKA_ONLY,,2024-09-18T02:30:00+00:00,,,,,,,2573.908,2573.955,0.5969639551292485,2573.405,2573.4646963955133
2024,DUKA_ONLY,,2024-09-18T02:35:00+00:00,,,,,,,2574.108,2574.208,0.5821808154771503,2573.955,2574.0132180815476
2024,DUKA_ONLY,,2024-09-20T05:30:00+00:00,,,,,,,2590.885,2590.975,1.2347541193193912,2589.908,2590.0314754119318
2024,DUKA_ONLY,,2024-09-20T05:35:00+00:00,,,,,,,2591.705,2592.125,1.251557396510849,2590.975,2591.100155739651
2024,DUKA_ONLY,,2024-09-20T06:00:00+00:00,,,,,,,2592.885,2593.465,1.3331506430034805,2592.415,2592.5483150643004
2024,DUKA_ONLY,,2024-09-23T05:35:00+00:00,,,,,,,2624.794,2625.674,1.297701835998537,2623.445,2623.5747701836
2024,DUKA_ONLY,,2024-09-23T06:00:00+00:00,,,,,,,2626.965,2627.015,1.54913551420798,2626.275,2626.4299135514207
2024,DUKA_ONLY,,2024-09-23T06:05:00+00:00,,,,,,,2627.415,2627.895,1.5420544060502541,2627.015,2627.169205440605
2024,DUKA_ONLY,,2024-09-23T06:15:00+00:00,,,,,,,2628.515,2629.034,1.4746030337882363,2628.188,2628.335460303379
2024,DUKA_ONLY,,2024-09-23T06:20:00+00:00,,,,,,,2629.575,2629.645,1.5185599599462298,2629.034,2629.1858559959946
2024,DUKA_ONLY,,2024-09-23T06:25:00+00:00,,,,,,,2630.745,2630.895,1.5291628199500646,2629.645,2629.797916281995
2024,DUKA_ONLY,,2024-09-24T06:15:00+00:00,,,,,,,2631.635,2631.955,1.2834770568046805,2630.095,2630.22334770568
2024,DUKA_ONLY,,2024-09-24T06:30:00+00:00,,,,,,,2632.785,2633.005,1.2000652674197803,2632.135,2632.2550065267424
2024,DUKA_ONLY,,2024-09-24T06:35:00+00:00,,,,,,,2633.805,2634.075,1.222917748318366,2633.005,2633.127291774832
2024,DUKA_ONLY,,2024-09-24T06:40:00+00:00,,,,,,,2634.625,2635.995,1.3006379091527467,2634.075,2634.205063790915
2024,DUKA_ONLY,,2024-09-24T07:40:00+00:00,,,,,,,2636.428,2636.648,1.2487983399460376,2636.125,2636.249879833995
2024,DUKA_ONLY,,2024-09-24T07:50:00+00:00,,,,,,,2637.025,2637.034,1.205831221688162,2636.648,2636.768583122169
2024,DUKA_ONLY,,2024-09-24T07:55:00+00:00,,,,,,,2637.935,2638.125,1.2139861344247336,2637.034,2637.1553986134427
2024,DUKA_ONLY,,2024-09-25T05:25:00+00:00,,,,,,,2664.658,2665.065,1.8284755548610407,2664.204,2664.3868475554864
2024,DUKA_ONLY,,2024-09-25T05:50:00+00:00,,,,,,,2666.015,2666.555,1.9632528897762878,2665.065,2665.261325288978
2024,DUKA_ONLY,,2024-09-25T05:55:00+00:00,,,,,,,2669.955,2670.348,2.1596633976493913,2666.555,2666.770966339765
2024,DUKA_ONLY,,2024-09-26T06:55:00+00:00,,,,,,,2662.398,2662.398,1.2323884137113128,2661.765,2661.888238841371
2024,DUKA_ONLY,,2024-09-30T03:00:00+00:00,,,,,,,2664.905,2665.828,0.6627434322801887,2659.905,2659.9712743432283
2024,DUKA_ONLY,,2024-10-03T01:30:00+00:00,,,,,,,2659.875,2659.875,0.581574705378851,2659.774,2659.832157470538
2024,DUKA_ONLY,,2024-10-03T01:35:00+00:00,,,,,,,2660.085,2660.195,0.5721765121375241,2659.875,2659.9322176512137
2024,DUKA_ONLY,,2024-10-03T02:05:00+00:00,,,,,,,2660.864,2661.038,0.5829082406106034,2660.254,2660.312290824061
2024,DUKA_ONLY,,2024-10-03T03:05:00+00:00,,,,,,,2662.108,2662.775,0.7439610053323653,2661.064,2661.138396100533
2024,DUKA_ONLY,,2024-10-04T05:20:00+00:00,,,,,,,2660.398,2660.718,0.9175256585139723,2659.565,2659.6567525658515
2024,DUKA_ONLY,,2024-10-04T05:25:00+00:00,,,,,,,2661.154,2661.438,0.9314881114772802,2660.718,2660.8111488111476
2024,DUKA_ONLY,,2024-10-04T05:35:00+00:00,,,,,,,2661.748,2661.925,0.9357065859166407,2661.488,2661.5815706585913
2024,DUKA_ONLY,,2024-10-04T05:40:00+00:00,,,,,,,2663.105,2663.345,0.9924418297797392,2661.925,2662.0242441829782
2024,DUKA_ONLY,,2024-10-04T07:30:00+00:00,,,,,,,2665.374,2665.705,1.07990259788197,2663.515,2663.622990259788
2024,DUKA_ONLY,,2024-10-10T04:40:00+00:00,,,,,,,2611.205,2612.345,1.3307183311344195,2610.935,2611.068071833113
2024,DUKA_ONLY,,2024-10-10T05:30:00+00:00,,,,,,,2613.095,2613.195,1.3691712619052618,2612.345,2612.48191712619
2024,DUKA_ONLY,,2024-10-10T05:40:00+00:00,,,,,,,2614.045,2614.095,1.3886221594999442,2613.275,2613.4138622159503
2024,DUKA_ONLY,,2024-10-10T05:55:00+00:00,,,,,,,2615.095,2615.465,1.3612157013197674,2614.765,2614.9011215701316
2024,DUKA_ONLY,,2024-10-10T06:00:00+00:00,,,,,,,2616.045,2616.225,1.3682717226540726,2615.465,2615.6018271722655
2024,DUKA_ONLY,,2024-10-10T06:05:00+00:00,,,,,,,2616.495,2616.785,1.359609456750199,2616.225,2616.360960945675
2024,DUKA_ONLY,,2024-10-11T02:20:00+00:00,,,,,,,2632.455,2633.008,0.7226472118967668,2631.555,2631.6272647211895
2024,DUKA_ONLY,,2024-10-11T04:55:00+00:00,,,,,,,2637.685,2637.835,1.5314392832264387,2636.695,2636.8481439283228
2024,DUKA_ONLY,,2024-10-11T05:20:00+00:00,,,,,,,2638.638,2638.715,1.6061170378915832,2637.835,2637.995611703789
2024,DUKA_ONLY,,2024-10-11T05:25:00+00:00,,,,,,,2640.405,2640.435,1.6949658208993208,2638.715,2638.88449658209
2024,DUKA_ONLY,,2024-10-11T05:35:00+00:00,,,,,,,2642.025,2642.125,1.773618488428493,2641.815,2641.992361848843
2024,DUKA_ONLY,,2024-10-11T05:45:00+00:00,,,,,,,2642.935,2643.295,1.7572016558388517,2642.245,2642.4207201655836
2024,DUKA_ONLY,,2024-10-11T06:45:00+00:00,,,,,,,2644.628,2644.718,1.559071152180902,2643.995,2644.150907115218
2024,DUKA_ONLY,,2024-10-11T06:50:00+00:00,,,,,,,2644.985,2645.195,1.5155660698822857,2644.718,2644.869556606988
2024,DUKA_ONLY,,2024-10-11T06:55:00+00:00,,,,,,,2645.364,2645.958,1.5003827791764,2645.195,2645.345038277918
2024,DUKA_ONLY,,2024-10-14T07:35:00+00:00,,,,,,,2657.865,2657.865,1.1402980330441586,2657.285,2657.399029803304
2024,DUKA_ONLY,,2024-10-14T07:40:00+00:00,,,,,,,2658.025,2658.165,1.1089196021124346,2657.865,2657.975891960211
2024,DUKA_ONLY,,2024-10-14T07:45:00+00:00,,,,,,,2660.225,2660.305,1.2082824876758322,2658.165,2658.2858282487678
2024,DUKA_ONLY,,2024-10-16T04:55:00+00:00,,,,,,,2667.838,2667.855,1.6213739090550143,2666.358,2666.520137390906
2024,DUKA_ONLY,,2024-10-17T03:30:00+00:00,,,,,,,2676.935,2677.255,0.6251954356845059,2676.524,2676.5865195435686
2024,DUKA_ONLY,,2024-10-17T03:50:00+00:00,,,,,,,2677.535,2677.665,0.6446151821788925,2677.255,2677.319461518218
2024,DUKA_ONLY,,2024-10-17T03:55:00+00:00,,,,,,,2677.805,2677.865,0.6399998120232522,2677.665,2677.7289999812024
2024,DUKA_ONLY,,2024-10-17T04:05:00+00:00,,,,,,,2678.715,2678.778,0.759188613428171,2678.178,2678.2539188613428
2024,DUKA_ONLY,,2024-10-17T04:35:00+00:00,,,,,,,2679.485,2679.715,1.1708454718846601,2679.058,2679.1750845471884
2024,DUKA_ONLY,,2024-10-17T04:40:00+00:00,,,,,,,2680.605,2681.425,1.265070795321487,2679.715,2679.841507079532
2024,DUKA_ONLY,,2024-10-17T04:45:00+00:00,,,,,,,2681.645,2681.895,1.2939943099413862,2681.425,2681.554399430994
2024,DUKA_ONLY,,2024-10-17T04:50:00+00:00,,,,,,,2682.325,2682.915,1.3079947163741288,2681.895,2682.0257994716376
2024,DUKA_ONLY,,2024-10-17T05:00:00+00:00,,,,,,,2684.475,2684.748,1.3749648319756915,2682.915,2683.0524964831975
2024,DUKA_ONLY,,2024-10-18T03:15:00+00:00,,,,,,,2694.465,2694.828,0.5844327047370235,2694.345,2694.4034432704734
2024,DUKA_ONLY,,2024-10-18T03:30:00+00:00,,,,,,,2695.218,2695.268,0.6394827450099243,2694.915,2694.978948274501
2024,DUKA_ONLY,,2024-10-18T04:05:00+00:00,,,,,,,2697.775,2697.808,1.0609451585108176,2695.948,2696.054094515851
2024,DUKA_ONLY,,2024-10-18T04:20:00+00:00,,,,,,,2698.825,2699.225,1.2841904202799894,2698.295,2698.423419042028
2024,DUKA_ONLY,,2024-10-18T04:25:00+00:00,,,,,,,2699.645,2700.185,1.3396053902599863,2699.225,2699.3589605390257
2024,DUKA_ONLY,,2024-10-18T04:30:00+00:00,,,,,,,2701.935,2702.125,1.4332050052414222,2700.185,2700.328320500524
2024,DUKA_ONLY,,2024-10-18T04:35:00+00:00,,,,,,,2702.575,2704.695,1.527976076295622,2702.125,2702.2777976076295
2024,DUKA_ONLY,,2024-10-18T04:45:00+00:00,,,,,,,2705.985,2706.565,1.7762650861936513,2705.035,2705.212626508619
2024,DUKA_ONLY,,2024-10-18T05:10:00+00:00,,,,,,,2707.615,2707.905,1.9183609929049552,2707.005,2707.1968360992905
2024,DUKA_ONLY,,2024-10-18T05:25:00+00:00,,,,,,,2708.385,2709.785,1.8540277337507851,2707.905,2708.0904027733754
2024,DUKA_ONLY,,2024-10-18T05:30:00+00:00,,,,,,,2711.525,2711.765,1.9630257527685615,2709.785,2709.981302575277
2024,DUKA_ONLY,,2024-10-21T03:00:00+00:00,,,,,,,2723.135,2723.608,0.24622518991069678,2722.405,2722.4296225189914
2024,DUKA_ONLY,,2024-10-21T03:30:00+00:00,,,,,,,2724.605,2725.055,0.7250728279521479,2724.285,2724.3575072827953
2024,DUKA_ONLY,,2024-10-21T04:10:00+00:00,,,,,,,2728.195,2728.685,1.4198810628819794,2726.585,2726.7269881062884
2024,DUKA_ONLY,,2024-10-21T05:55:00+00:00,,,,,,,2730.575,2731.255,1.8470686223594166,2729.835,2730.019706862236
2024,DUKA_ONLY,,2024-10-22T04:15:00+00:00,,,,,,,2726.384,2726.545,1.0571837491840668,2725.805,2725.9107183749184
2024,DUKA_ONLY,,2024-10-22T04:20:00+00:00,,,,,,,2726.965,2727.655,1.0745277670995037,2726.545,2726.65245277671
2024,DUKA_ONLY,,2024-10-22T04:25:00+00:00,,,,,,,2728.245,2728.295,1.118490069449543,2727.655,2727.766849006945
2024,DUKA_ONLY,,2024-10-22T04:30:00+00:00,,,,,,,2729.525,2730.175,1.176455064488882,2728.295,2728.412645506449
2024,DUKA_ONLY,,2024-10-22T06:05:00+00:00,,,,,,,2731.045,2731.075,1.2711964556315436,2730.535,2730.662119645563
2024,DUKA_ONLY,,2024-10-22T06:10:00+00:00,,,,,,,2731.325,2731.805,1.2739681373721436,2731.075,2731.202396813737
2024,DUKA_ONLY,,2024-10-22T07:05:00+00:00,,,,,,,2733.545,2733.635,1.3034715692340244,2732.985,2733.1153471569237
2024,DUKA_ONLY,,2024-10-22T07:10:00+00:00,,,,,,,2734.665,2734.935,1.3282236000030292,2733.635,2733.7678223600005
2024,DUKA_ONLY,,2024-10-22T07:15:00+00:00,,,,,,,2735.305,2735.335,1.3190647714313712,2734.935,2735.066906477143
2024,DUKA_ONLY,,2024-10-24T04:00:00+00:00,,,,,,,2722.025,2722.475,1.285002862989809,2721.755,2721.8835002862993
2024,DUKA_ONLY,,2024-10-24T04:15:00+00:00,,,,,,,2724.595,2724.795,1.4210500327946818,2723.485,2723.6271050032797
2024,DUKA_ONLY,,2024-10-24T04:25:00+00:00,,,,,,,2726.495,2726.525,1.519884977256624,2725.785,2725.9369884977255
2024,DUKA_ONLY,,2024-10-29T03:30:00+00:00,,,,,,,2746.065,2746.458,0.9251602471341813,2745.075,2745.167516024713
2024,DUKA_ONLY,,2024-10-29T04:00:00+00:00,,,,,,,2747.125,2747.315,1.0086412505776796,2746.725,2746.8258641250577
2024,DUKA_ONLY,,2024-10-29T04:05:00+00:00,,,,,,,2749.695,2749.754,1.1243811612506958,2747.315,2747.427438116125
2024,DUKA_ONLY,,2024-10-29T04:35:00+00:00,,,,,,,2750.485,2751.215,1.3139258717343576,2749.975,2750.1063925871736
2024,DUKA_ONLY,,2024-10-29T04:50:00+00:00,,,,,,,2751.595,2751.705,1.3183469898689018,2751.348,2751.479834698987
2024,DUKA_ONLY,,2024-10-29T04:55:00+00:00,,,,,,,2751.975,2752.264,1.3196079191639973,2751.705,2751.836960791916
2024,DUKA_ONLY,,2024-10-29T05:00:00+00:00,,,,,,,2755.305,2755.505,1.4774930677951548,2752.264,2752.4117493067797
2024,DUKA_ONLY,,2024-10-29T05:10:00+00:00,,,,,,,2757.205,2757.615,1.534409839068291,2756.445,2756.598440983907
2024,DUKA_ONLY,,2024-10-30T03:05:00+00:00,,,,,,,2776.955,2776.965,0.6778530685571094,2775.535,2775.6027853068554
2024,DUKA_ONLY,,2024-10-30T03:10:00+00:00,,,,,,,2778.395,2778.598,0.7553635636601673,2776.965,2777.0405363563664
2024,DUKA_ONLY,,2024-10-30T04:35:00+00:00,,,,,,,2780.075,2780.815,1.3019957723810107,2779.665,2779.7951995772382
2024,DUKA_ONLY,,2024-11-01T06:50:00+00:00,,,,,,,2751.455,2751.674,1.3689074285703497,2750.985,2751.121890742857
2024,DUKA_ONLY,,2024-11-01T07:40:00+00:00,,,,,,,2752.085,2752.305,0.9833524515100965,2751.945,2752.043335245151
2024,DUKA_ONLY,,2024-11-01T07:45:00+00:00,,,,,,,2752.465,2752.815,0.9695415621165157,2752.305,2752.4019541562116
2024,DUKA_ONLY,,2024-11-04T05:10:00+00:00,,,,,,,2741.855,2741.945,1.4107162174002392,2741.198,2741.33907162174
2024,DUKA_ONLY,,2024-11-04T07:10:00+00:00,,,,,,,2742.615,2742.695,1.1258181812380472,2742.315,2742.427581818124
2024,DUKA_ONLY,,2024-11-06T01:50:00+00:00,,,,,,,2745.295,2745.488,0.7052425751904254,2745.105,2745.175524257519
2024,DUKA_ONLY,,2024-11-06T03:40:00+00:00,,,,,,,2747.645,2748.205,2.4485154680461854,2746.215,2746.4598515468047
2024,DUKA_ONLY,,2024-11-06T03:50:00+00:00,,,,,,,2749.445,2749.445,2.6026179290806595,2748.764,2749.024261792908
2024,DUKA_ONLY,,2024-11-12T03:45:00+00:00,,,,,,,2626.565,2627.015,1.7999713134439945,2626.075,2626.254997131344
2024,DUKA_ONLY,,2024-11-13T03:05:00+00:00,,,,,,,2603.388,2603.688,0.9660766137624116,2602.138,2602.2346076613762
2024,DUKA_ONLY,,2024-11-13T03:15:00+00:00,,,,,,,2608.065,2608.355,1.4026374883972028,2604.585,2604.7252637488396
2024,DUKA_ONLY,,2024-11-13T03:35:00+00:00,,,,,,,2608.965,2610.165,1.6395978057609448,2608.625,2608.788959780576
2024,DUKA_ONLY,,2024-11-13T04:50:00+00:00,,,,,,,2612.225,2612.395,1.8907545593233541,2611.005,2611.1940754559323
2024,DUKA_ONLY,,2024-11-18T02:45:00+00:00,,,,,,,2574.555,2574.575,1.1798575113960237,2573.195,2573.31298575114
2024,DUKA_ONLY,,2024-11-18T02:50:00+00:00,,,,,,,2576.755,2577.165,1.3348676891534441,2574.575,2574.708486768915
2024,DUKA_ONLY,,2024-11-18T03:00:00+00:00,,,,,,,2580.575,2581.125,1.5447991809537194,2577.165,2577.319479918095
2024,DUKA_ONLY,,2024-11-18T03:15:00+00:00,,,,,,,2581.395,2581.785,1.829374562884579,2581.125,2581.3079374562885
2024,DUKA_ONLY,,2024-11-18T03:20:00+00:00,,,,,,,2589.555,2589.715,2.3215620941071275,2581.785,2582.0171562094106
2024,DUKA_ONLY,,2024-11-18T03:25:00+00:00,,,,,,,2593.765,2593.805,2.482879087385185,2589.715,2589.9632879087385
2024,DUKA_ONLY,,2024-11-18T03:30:00+00:00,,,,,,,2596.335,2597.155,2.750530581143387,2593.805,2594.080053058114
2024,DUKA_ONLY,,2024-11-19T03:00:00+00:00,,,,,,,2614.685,2615.175,0.8873473027465135,2613.565,2613.6537347302747
2024,DUKA_ONLY,,2024-11-19T03:10:00+00:00,,,,,,,2617.645,2617.645,1.1725647661436698,2616.905,2617.0222564766145
2024,DUKA_ONLY,,2024-11-19T04:10:00+00:00,,,,,,,2618.215,2619.105,1.617868782207274,2617.895,2618.056786878221
2024,DUKA_ONLY,,2024-11-19T04:30:00+00:00,,,,,,,2620.625,2621.195,1.612397446080301,2619.265,2619.4262397446078
2024,DUKA_ONLY,,2024-11-19T04:35:00+00:00,,,,,,,2622.365,2622.515,1.6936547713602794,2621.195,2621.3643654771363
2024,DUKA_ONLY,,2024-11-19T04:40:00+00:00,,,,,,,2623.155,2624.045,1.7187508591202647,2622.515,2622.686875085912
2024,DUKA_ONLY,,2024-11-20T02:05:00+00:00,,,,,,,2635.925,2635.925,0.6741303259283877,2635.355,2635.422413032593
2024,DUKA_ONLY,,2024-11-20T02:10:00+00:00,,,,,,,2636.275,2636.545,0.6881210169334951,2635.925,2635.9938121016935
2024,DUKA_ONLY,,2024-11-20T02:20:00+00:00,,,,,,,2637.205,2637.285,0.7405737339885825,2636.545,2636.619057373399
2024,DUKA_ONLY,,2024-11-20T02:25:00+00:00,,,,,,,2637.658,2637.788,0.7686041815608131,2637.285,2637.361860418156
2024,DUKA_ONLY,,2024-11-20T02:30:00+00:00,,,,,,,2638.005,2638.085,0.7958467400207615,2637.788,2637.867584674002
2024,DUKA_ONLY,,2024-11-20T03:00:00+00:00,,,,,,,2639.895,2641.365,1.077403408039118,2639.025,2639.132740340804
2024,DUKA_ONLY,,2024-11-21T02:30:00+00:00,,,,,,,2656.325,2656.385,1.0315114928751044,2655.275,2655.3781511492875
2024,DUKA_ONLY,,2024-11-21T02:35:00+00:00,,,,,,,2656.765,2656.955,1.0299749576697228,2656.385,2656.487997495767
2024,DUKA_ONLY,,2024-11-21T02:40:00+00:00,,,,,,,2657.535,2658.155,1.0656910321218998,2656.955,2657.061569103212
2024,DUKA_ONLY,,2024-11-22T03:00:00+00:00,,,,,,,2676.085,2677.615,1.1742115422665549,2673.395,2673.5124211542266
2024,DUKA_ONLY,,2024-11-22T03:50:00+00:00,,,,,,,2678.915,2679.135,1.4791069197017201,2678.345,2678.49291069197
2024,DUKA_ONLY,,2024-11-22T04:20:00+00:00,,,,,,,2680.975,2681.484,1.4828250237436456,2680.248,2680.3962825023746
2024,DUKA_ONLY,,2024-11-22T04:30:00+00:00,,,,,,,2681.845,2682.308,1.4247062704728395,2681.645,2681.7874706270472
2024,DUKA_ONLY,,2024-11-22T04:35:00+00:00,,,,,,,2684.505,2684.658,1.542441536867627,2682.308,2682.4622441536867
2024,DUKA_ONLY,,2024-11-22T04:40:00+00:00,,,,,,,2686.065,2686.255,1.5665528556628043,2684.658,2684.814655285566
2024,DUKA_ONLY,,2024-11-22T05:00:00+00:00,,,,,,,2687.885,2688.005,1.5846958587719804,2686.345,2686.503469585877
2024,DUKA_ONLY,,2024-11-22T05:05:00+00:00,,,,,,,2688.495,2689.655,1.605074726002578,2688.005,2688.1655074726004
2024,DUKA_ONLY,,2024-11-22T06:45:00+00:00,,,,,,,2691.185,2691.215,2.0448877783743913,2690.375,2690.5794887778375
2024,DUKA_ONLY,,2024-11-25T02:00:00+00:00,,,,,,,2717.255,2719.975,0.5414159045348752,2716.165,2716.2191415904535
2024,DUKA_ONLY,,2024-11-26T03:30:00+00:00,,,,,,,2631.405,2632.085,3.801457529358809,2629.215,2629.595145752936
2024,DUKA_ONLY,,2024-11-27T01:30:00+00:00,,,,,,,2633.735,2633.735,0.8033100346143306,2633.395,2633.4753310034616
2024,DUKA_ONLY,,2024-11-27T04:10:00+00:00,,,,,,,2634.258,2635.455,1.818778498998514,2633.995,2634.1768778499
2024,DUKA_ONLY,,2024-11-27T04:20:00+00:00,,,,,,,2636.555,2636.618,1.7984467669936093,2635.455,2635.6348446766992
2024,DUKA_ONLY,,2024-11-27T04:25:00+00:00,,,,,,,2637.065,2638.315,1.8171291407797763,2636.618,2636.799712914078
2024,DUKA_ONLY,,2024-11-27T04:40:00+00:00,,,,,,,2639.795,2640.475,1.902774315704534,2638.585,2638.7752774315704
2024,DUKA_ONLY,,2024-11-27T07:30:00+00:00,,,,,,,2642.265,2643.248,1.3023389638529417,2640.575,2640.705233896385
2024,DUKA_ONLY,,2024-11-27T07:40:00+00:00,,,,,,,2644.944,2645.588,1.4288534943426086,2643.855,2643.9978853494345
2024,DUKA_ONLY,,2024-11-29T03:20:00+00:00,,,,,,,2643.175,2644.065,1.3520907825414399,2642.895,2643.0302090782543
2024,DUKA_ONLY,,2024-11-29T03:25:00+00:00,,,,,,,2644.805,2645.025,1.4333700123599256,2644.065,2644.208337001236
2024,DUKA_ONLY,,2024-11-29T03:35:00+00:00,,,,,,,2646.265,2646.355,1.546120061677678,2645.455,2645.6096120061675
2024,DUKA_ONLY,,2024-11-29T04:00:00+00:00,,,,,,,2647.595,2648.405,1.6712532074814197,2647.115,2647.282125320748
2024,DUKA_ONLY,,2024-11-29T04:05:00+00:00,,,,,,,2651.178,2651.828,1.8742351212327413,2648.405,2648.5924235121233
2024,DUKA_ONLY,,2024-11-29T04:10:00+00:00,,,,,,,2656.315,2656.505,2.171861184001843,2651.828,2652.0451861184
2024,DUKA_ONLY,,2024-11-29T04:15:00+00:00,,,,,,,2657.025,2657.615,2.2160139565731374,2656.505,2656.7266013956573
2024,DUKA_ONLY,,2024-11-29T04:20:00+00:00,,,,,,,2661.495,2662.285,2.4448701025322044,2657.615,2657.859487010253
2024,DUKA_ONLY,,2024-12-04T06:55:00+00:00,,,,,,,2648.295,2648.485,1.210128941683724,2648.075,2648.1960128941682
2024,DUKA_ONLY,,2024-12-04T07:00:00+00:00,,,,,,,2648.605,2648.625,1.175834017277745,2648.485,2648.6025834017278
2024,DUKA_ONLY,,2024-12-05T07:30:00+00:00,,,,,,,2651.795,2651.945,1.270353828057564,2651.408,2651.5350353828057
2024,DUKA_ONLY,,2024-12-06T05:25:00+00:00,,,,,,,2636.355,2638.165,2.349670366398019,2634.205,2634.4399670366397
2024,DUKA_ONLY,,2024-12-06T05:35:00+00:00,,,,,,,2639.055,2639.665,2.4434402649044085,2638.165,2638.4093440264905
2024,DUKA_ONLY,,2024-12-09T03:10:00+00:00,,,,,,,2642.865,2643.525,2.269072870665255,2640.084,2640.3109072870666
2024,DUKA_ONLY,,2024-12-09T03:15:00+00:00,,,,,,,2646.325,2646.325,2.3991390941891435,2643.525,2643.764913909419
2024,DUKA_ONLY,,2024-12-09T03:20:00+00:00,,,,,,,2648.115,2649.165,2.447057730318502,2646.325,2646.5697057730317
2024,DUKA_ONLY,,2024-12-10T03:55:00+00:00,,,,,,,2667.305,2668.525,1.9169559490501629,2666.548,2666.739695594905
2024,DUKA_ONLY,,2024-12-10T06:05:00+00:00,,,,,,,2672.765,2673.625,2.071342384352758,2671.575,2671.782134238435
2024,DUKA_ONLY,,2024-12-11T01:40:00+00:00,,,,,,,2696.015,2696.035,0.707893363478525,2695.615,2695.6857893363476
2024,DUKA_ONLY,,2024-12-11T01:45:00+00:00,,,,,,,2697.695,2698.025,0.8401866946586265,2696.035,2696.1190186694657
2024,DUKA_ONLY,,2024-12-11T02:30:00+00:00,,,,,,,2699.025,2699.975,1.3846532129115454,2698.345,2698.483465321291
2024,DUKA_ONLY,,2024-12-11T02:40:00+00:00,,,,,,,2700.315,2700.498,1.4532111886839503,2699.975,2700.120321118868
2024,DUKA_ONLY,,2024-12-12T02:55:00+00:00,,,,,,,2723.685,2723.685,1.0194399254582416,2721.945,2722.046943992546
2024,DUKA_ONLY,,2024-12-13T03:00:00+00:00,,,,,,,2687.198,2687.335,1.041703793340386,2686.855,2686.959170379334
2024,DUKA_ONLY,,2024-12-13T03:05:00+00:00,,,,,,,2689.275,2690.035,1.205153522387496,2687.335,2687.4555153522388
2024,DUKA_ONLY,,2024-12-13T03:15:00+00:00,,,,,,,2691.955,2692.085,1.3769946187933246,2690.735,2690.8726994618796
2024,DUKA_ONLY,,2024-12-17T03:10:00+00:00,,,,,,,2657.145,2657.175,1.0801698580346977,2656.125,2656.2330169858033
2024,DUKA_ONLY,,2024-12-17T03:50:00+00:00,,,,,,,2657.675,2657.945,1.2369750156686203,2657.195,2657.318697501567
2024,DUKA_ONLY,,2024-12-18T02:35:00+00:00,,,,,,,2649.165,2649.805,0.9266454904135623,2648.865,2648.957664549041
2024,DUKA_ONLY,,2024-12-20T03:55:00+00:00,,,,,,,2603.655,2603.725,2.160742918688479,2603.028,2603.244074291869
2024,DUKA_ONLY,,2024-12-23T07:30:00+00:00,,,,,,,2628.025,2629.105,1.2047561115799437,2627.425,2627.545475611158
2024,DUKA_ONLY,,2024-12-24T01:30:00+00:00,,,,,,,2616.685,2616.685,0.737428845935439,2616.394,2616.4677428845935
2024,DUKA_ONLY,,2024-12-24T04:35:00+00:00,,,,,,,2619.365,2619.725,1.2169818340997425,2619.145,2619.26669818341
2024,DUKA_ONLY,,2024-12-24T07:00:00+00:00,,,,,,,2620.765,2621.175,1.0209622461463383,2620.348,2620.4500962246148
2024,DUKA_ONLY,,2024-12-26T01:25:00+00:00,,,,,,,2619.475,2619.825,0.6152551529168109,2619.255,2619.3165255152917
2024,DUKA_ONLY,,2024-12-26T02:30:00+00:00,,,,,,,2620.445,2620.685,0.6965366674964198,2620.245,2620.3146536667496
2024,DUKA_ONLY,,2024-12-26T02:35:00+00:00,,,,,,,2621.748,2622.165,0.7696411912466613,2620.685,2620.7619641191245
2024,DUKA_ONLY,,2024-12-26T03:00:00+00:00,,,,,,,2624.005,2624.005,1.0763257530744994,2622.545,2622.6526325753075
2024,DUKA_ONLY,,2024-12-26T03:05:00+00:00,,,,,,,2624.655,2625.298,1.1003739135691464,2624.005,2624.115037391357
2024,DUKA_ONLY,,2024-12-26T03:20:00+00:00,,,,,,,2625.585,2625.785,1.1357122770085648,2625.385,2625.498571227701
2024,DUKA_ONLY,,2024-12-26T03:30:00+00:00,,,,,,,2627.025,2627.195,1.1835478306859584,2626.105,2626.2233547830688
2024,DUKA_ONLY,,2024-12-30T02:00:00+00:00,,,,,,,2624.548,2625.198,0.46179484705253115,2621.598,2621.644179484705
2024,DUKA_ONLY,,2024-12-30T03:20:00+00:00,,,,,,,2625.335,2626.048,1.062617389110641,2625.198,2625.304261738911
2024,DUKA_ONLY,,2024-12-31T03:25:00+00:00,,,,,,,2610.015,2610.055,0.8739646813288032,2609.365,2609.4523964681325
2024,DUKA_ONLY,,2024-12-31T03:30:00+00:00,,,,,,,2610.855,2611.338,0.9060386326624831,2610.055,2610.145603863266
2025,FN_ONLY,2025-01-07T00:00:00+00:00,,,2648.61,2664.23,3.0383652322372843,2641.36,2641.663836523224,,,,,
2025,FN_ONLY,2025-01-10T00:00:00+00:00,,,2689.99,2697.85,3.0549895297446077,2677.78,2678.085498952975,,,,,
2025,FN_ONLY,2025-01-14T00:00:00+00:00,,,2677.48,2678.2,2.3027806945017666,2674.29,2674.5202780694503,,,,,
2025,FN_ONLY,2025-01-15T00:00:00+00:00,,,2696.48,2697.32,2.962812069874471,2678.2,2678.496281206987,,,,,
2025,FN_ONLY,2025-01-16T00:00:00+00:00,,,2714.59,2724.75,3.401044977941666,2697.32,2697.6601044977942,,,,,
2025,FN_ONLY,2025-01-21T00:00:00+00:00,,,2744.72,2745.93,4.822516200655847,2712.27,2712.7522516200656,,,,,
2025,FN_ONLY,2025-01-22T00:00:00+00:00,,,2756.3,2763.38,2.455500600561771,2745.93,2746.175550060056,,,,,
2025,FN_ONLY,2025-01-24T00:00:00+00:00,,,2771.05,2785.99,3.2718271167905164,2758.87,2759.197182711679,,,,,
2025,FN_ONLY,2025-01-28T00:00:00+00:00,,,2763.48,2764.99,3.1510797904789842,2757.89,2758.2051079790476,,,,,
2025,FN_ONLY,2025-01-30T00:00:00+00:00,,,2794.79,2798.54,4.55976207476494,2761.11,2761.5659762074765,,,,,
2025,FN_ONLY,2025-02-04T00:00:00+00:00,,,2842.12,2845.46,4.312131809014469,2830.63,2831.0612131809016,,,,,
2025,FN_ONLY,2025-02-05T00:00:00+00:00,,,2867.07,2882.31,3.9881192379697206,2845.46,2845.858811923797,,,,,
2025,FN_ONLY,2025-02-10T00:00:00+00:00,,,2908.07,2911.93,5.473045568391893,2886.8,2887.3473045568394,,,,,
2025,FN_ONLY,2025-02-13T00:00:00+00:00,,,2928.21,2929.53,3.2366778448743174,2909.27,2909.5936677844875,,,,,
2025,FN_ONLY,2025-02-18T00:00:00+00:00,,,2935.05,2936.84,3.996968033358713,2904.08,2904.4796968033356,,,,,
2025,FN_ONLY,2025-02-24T00:00:00+00:00,,,2952.61,2956.2,3.8701669372967302,2942.84,2943.2270166937296,,,,,
2025,FN_ONLY,2025-03-03T00:00:00+00:00,,,2892.91,2895.24,4.346495335789748,2859.4,2859.834649533579,,,,,
2025,FN_ONLY,2025-03-04T00:00:00+00:00,,,2918.14,2927.81,4.970844247621507,2895.24,2895.737084424762,,,,,
2025,FN_ONLY,2025-03-11T00:00:00+00:00,,,2915.52,2922.09,4.907290634812626,2910.57,2911.0607290634816,,,,,
2025,FN_ONLY,2025-03-12T00:00:00+00:00,,,2933.36,2940.54,3.5003070428612446,2922.09,2922.440030704286,,,,,
2025,FN_ONLY,2025-03-13T00:00:00+00:00,,,2988.91,2989.26,5.227922710705686,2940.54,2941.0627922710705,,,,,
2025,FN_ONLY,2025-03-17T00:00:00+00:00,,,3000.9,3001.84,2.8552412716070865,2996.14,2996.4255241271608,,,,,
2025,FN_ONLY,2025-03-18T00:00:00+00:00,,,3034.0,3038.3,3.5690864574088845,3001.84,3002.196908645741,,,,,
2025,FN_ONLY,2025-03-19T00:00:00+00:00,,,3047.17,3052.1,3.0854009812356367,3038.3,3038.6085400981237,,,,,
2025,FN_ONLY,2025-03-27T00:00:00+00:00,,,3056.65,3059.88,4.159455763451659,3027.34,3027.7559455763453,,,,,
2025,FN_ONLY,2025-03-28T00:00:00+00:00,,,3085.2,3086.8,3.176223627150975,3059.88,3060.1976223627153,,,,,
2025,FN_ONLY,2025-03-31T00:00:00+00:00,,,3123.95,3127.97,5.228484378150042,3086.8,3087.322848437815,,,,,
2025,FN_ONLY,2025-04-09T00:00:00+00:00,,,3082.93,3099.51,11.812613790940183,3022.77,3023.951261379094,,,,,
2025,FN_ONLY,2025-04-10T00:00:00+00:00,,,3175.43,3176.35,12.914504491312009,3099.51,3100.8014504491316,,,,,
2025,FN_ONLY,2025-04-11T00:00:00+00:00,,,3237.9,3245.37,7.991262874899467,3176.35,3177.1491262874897,,,,,
2025,FN_ONLY,2025-04-15T00:00:00+00:00,,,3229.43,3233.57,3.5804567730311967,3216.46,3216.818045677303,,,,,
2025,FN_ONLY,2025-04-16T00:00:00+00:00,,,3343.01,3343.14,9.958322055585427,3233.57,3234.5658322055588,,,,,
2025,FN_ONLY,2025-04-21T00:00:00+00:00,,,3424.17,3430.48,9.452280101327432,3332.17,3333.115228010133,,,,,
2025,FN_ONLY,2025-04-24T00:00:00+00:00,,,3348.43,3367.61,8.797225578139791,3313.8,3314.6797225578143,,,,,
2025,FN_ONLY,2025-04-28T00:00:00+00:00,,,3344.14,3352.97,8.897270833264452,3319.61,3320.4997270833264,,,,,
2025,FN_ONLY,2025-05-02T00:00:00+00:00,,,3240.93,3269.25,6.189684078169465,3239.57,3240.188968407817,,,,,
2025,FN_ONLY,2025-05-05T00:00:00+00:00,,,3333.71,3337.57,9.48822399309764,3264.53,3265.47882239931,,,,,
2025,FN_ONLY,2025-05-06T00:00:00+00:00,,,3430.51,3434.92,10.197439876864498,3337.57,3338.5897439876867,,,,,
2025,FN_ONLY,2025-05-13T00:00:00+00:00,,,3250.12,3265.64,5.4606217927907235,3248.72,3249.266062179279,,,,,
2025,FN_ONLY,2025-05-15T00:00:00+00:00,,,3239.97,3240.62,10.698889001429562,3198.28,3199.349888900143,,,,,
2025,FN_ONLY,2025-05-19T00:00:00+00:00,,,3229.75,3249.78,6.053505781126695,3205.28,3205.885350578113,,,,,
2025,FN_ONLY,2025-05-20T00:00:00+00:00,,,3289.99,3295.74,8.044248395444248,3241.63,3242.4344248395446,,,,,
2025,FN_ONLY,2025-05-21T00:00:00+00:00,,,3315.1,3324.83,4.4739232493266865,3295.74,3296.1873923249323,,,,,
2025,FN_ONLY,2025-05-23T00:00:00+00:00,,,3357.7,3365.97,7.406308911900364,3315.83,3316.57063089119,,,,,
2025,FN_ONLY,2025-05-29T00:00:00+00:00,,,3317.47,3331.11,9.06633605307584,3316.47,3317.3766336053072,,,,,
2025,FN_ONLY,2025-06-02T00:00:00+00:00,,,3381.61,3382.89,8.266719346990202,3308.29,3309.116671934699,,,,,
2025,FN_ONLY,2025-06-04T00:00:00+00:00,,,3372.13,3384.72,3.9830856059716897,3363.07,3363.4683085605975,,,,,
2025,FN_ONLY,2025-06-11T00:00:00+00:00,,,3355.12,3360.72,4.9200602577150825,3349.14,3349.6320060257713,,,,,
2025,FN_ONLY,2025-06-12T00:00:00+00:00,,,3386.24,3398.92,6.609695073860061,3355.54,3356.200969507386,,,,,
2025,FN_ONLY,2025-06-13T00:00:00+00:00,,,3433.08,3446.79,5.949007278622263,3398.92,3399.5149007278624,,,,,
2025,FN_ONLY,2025-06-25T00:00:00+00:00,,,3332.04,3337.14,3.226664175625208,3325.23,3325.5526664175627,,,,,
2025,FN_ONLY,2025-06-30T00:00:00+00:00,,,3302.72,3309.46,5.888306218422539,3282.86,3283.4488306218423,,,,,
2025,FN_ONLY,2025-07-01T00:00:00+00:00,,,3338.38,3357.98,5.483379238826123,3309.46,3310.0083379238827,,,,,
2025,FN_ONLY,2025-07-02T00:00:00+00:00,,,3357.52,3360.1,3.4486695662196767,3355.55,3355.894866956622,,,,,
2025,FN_ONLY,2025-07-10T00:00:00+00:00,,,3323.87,3330.27,2.671834879262611,3316.83,3317.097183487926,,,,,
2025,FN_ONLY,2025-07-11T00:00:00+00:00,,,3355.5,3368.7,4.334592295920619,3329.43,3329.863459229592,,,,,
2025,FN_ONLY,2025-07-18T00:00:00+00:00,,,3349.99,3361.25,2.9153208671110207,3341.09,3341.381532086711,,,,,
2025,FN_ONLY,2025-07-21T00:00:00+00:00,,,3396.65,3401.51,5.103730320413883,3360.34,3360.8503730320417,,,,,
2025,FN_ONLY,2025-07-22T00:00:00+00:00,,,3431.49,3433.44,4.561578090255523,3401.51,3401.966157809026,,,,,
2025,FN_ONLY,2025-08-01T00:00:00+00:00,,,3362.85,3363.44,7.157580455437412,3310.42,3311.1357580455438,,,,,
2025,FN_ONLY,2025-08-04T00:00:00+00:00,,,3373.82,3385.43,4.5357898079119465,3363.44,3363.893578980791,,,,,
2025,FN_ONLY,2025-08-07T00:00:00+00:00,,,3396.47,3401.97,3.780126569245328,3379.96,3380.3380126569245,,,,,
2025,FN_ONLY,2025-08-20T00:00:00+00:00,,,3348.35,3350.24,3.7001594776487443,3339.37,3339.7400159477647,,,,,
2025,FN_ONLY,2025-08-22T00:00:00+00:00,,,3371.88,3378.81,4.838787415183655,3348.11,3348.5938787415184,,,,,
2025,FN_ONLY,2025-08-26T00:00:00+00:00,,,3393.47,3393.63,3.822402705295996,3376.29,3376.6722402705295,,,,,
2025,FN_ONLY,2025-08-27T00:00:00+00:00,,,3397.31,3398.87,2.7699523430964232,3393.63,3393.9069952343098,,,,,
2025,FN_ONLY,2025-08-28T00:00:00+00:00,,,3416.66,3423.09,3.680538004387656,3398.87,3399.2380538004386,,,,,
2025,FN_ONLY,2025-08-29T00:00:00+00:00,,,3447.94,3453.85,4.559765938025793,3423.09,3423.5459765938026,,,,,
2025,FN_ONLY,2025-09-01T00:00:00+00:00,,,3476.35,3489.9,5.528200393383333,3453.85,3454.402820039338,,,,,
2025,FN_ONLY,2025-09-02T00:00:00+00:00,,,3533.35,3540.04,5.8440308181267335,3481.29,3481.8744030818125,,,,,
2025,FN_ONLY,2025-09-03T00:00:00+00:00,,,3559.46,3578.41,5.636378148140557,3540.04,3540.603637814814,,,,,
2025,FN_ONLY,2025-09-05T00:00:00+00:00,,,3586.62,3600.17,5.660545053713174,3558.77,3559.3360545053715,,,,,
2025,FN_ONLY,2025-09-08T00:00:00+00:00,,,3636.35,3646.41,6.80059673749829,3600.17,3600.85005967375,,,,,
2025,FN_ONLY,2025-09-12T00:00:00+00:00,,,3643.33,3656.62,3.071511158856269,3641.99,3642.2971511158853,,,,,
2025,FN_ONLY,2025-09-15T00:00:00+00:00,,,3679.38,3685.56,5.310255209594247,3654.38,3654.9110255209594,,,,,
2025,FN_ONLY,2025-09-16T00:00:00+00:00,,,3690.06,3703.2,3.193480590717649,3685.56,3685.8793480590716,,,,,
2025,FN_ONLY,2025-09-19T00:00:00+00:00,,,3685.13,3685.75,4.853159130222527,3664.23,3664.715315913022,,,,,
2025,FN_ONLY,2025-09-22T00:00:00+00:00,,,3746.21,3748.8,5.840027117604672,3685.75,3686.3340027117606,,,,,
2025,FN_ONLY,2025-09-23T00:00:00+00:00,,,3764.18,3791.09,5.147405986147827,3748.8,3749.314740598615,,,,,
2025,FN_ONLY,2025-09-26T00:00:00+00:00,,,3759.49,3783.78,5.623474179196923,3758.23,3758.7923474179197,,,,,
2025,FN_ONLY,2025-09-29T00:00:00+00:00,,,3833.48,3834.08,7.83986943971517,3783.78,3784.563986943972,,,,,
2025,FN_ONLY,2025-09-30T00:00:00+00:00,,,3858.93,3871.64,7.411316872798746,3834.08,3834.82113168728,,,,,
2025,FN_ONLY,2025-10-01T00:00:00+00:00,,,3865.62,3895.22,5.25947873714264,3860.76,3861.2859478737146,,,,,
2025,FN_ONLY,2025-10-06T00:00:00+00:00,,,3960.93,3970.16,7.807182741762535,3891.63,3892.4107182741764,,,,,
2025,FN_ONLY,2025-10-07T00:00:00+00:00,,,3984.92,3991.06,5.484203174266131,3970.16,3970.7084203174263,,,,,
2025,FN_ONLY,2025-10-08T00:00:00+00:00,,,4041.32,4059.21,7.572787228819961,3991.06,3991.817278722882,,,,,
2025,FN_ONLY,2025-10-13T00:00:00+00:00,,,4109.97,4117.06,13.463617144051476,4022.9,4024.2463617144053,,,,,
2025,FN_ONLY,2025-10-14T00:00:00+00:00,,,4142.83,4179.73,8.984617027426184,4117.06,4117.958461702743,,,,,
2025,FN_ONLY,2025-10-15T00:00:00+00:00,,,4207.59,4218.16,8.480423044091326,4155.21,4156.058042304409,,,,,
2025,FN_ONLY,2025-10-16T00:00:00+00:00,,,4327.07,4330.62,12.110264975525318,4213.58,4214.791026497553,,,,,
2025,FN_ONLY,2025-10-20T00:00:00+00:00,,,4356.3,4381.35,18.17173176226658,4317.89,4319.707173176227,,,,,
2025,FN_ONLY,2025-10-23T00:00:00+00:00,,,4126.64,4154.72,11.994795803563072,4113.53,4114.729479580356,,,,,
2025,FN_ONLY,2025-11-05T00:00:00+00:00,,,3980.24,3990.47,7.2177372642807995,3977.77,3978.491773726428,,,,,
2025,FN_ONLY,2025-11-10T00:00:00+00:00,,,4115.51,4116.62,11.003835418623064,4027.47,4028.570383541862,,,,,
2025,FN_ONLY,2025-11-11T00:00:00+00:00,,,4126.9,4148.93,5.758715121982388,4116.62,4117.195871512198,,,,,
2025,FN_ONLY,2025-11-12T00:00:00+00:00,,,4195.15,4211.71,10.239848077025977,4143.2,4144.223984807702,,,,,
2025,FN_ONLY,2025-11-24T00:00:00+00:00,,,4134.84,4140.1,11.339025480640583,4101.24,4102.373902548064,,,,,
2025,FN_ONLY,2025-11-26T00:00:00+00:00,,,4163.86,4173.46,5.661941610201422,4159.34,4159.906194161021,,,,,
2025,FN_ONLY,2025-11-28T00:00:00+00:00,,,4219.19,4226.71,6.448013083636345,4162.5,4163.144801308364,,,,,
2025,FN_ONLY,2025-12-01T00:00:00+00:00,,,4232.36,4264.51,6.861173053966815,4226.71,4227.396117305397,,,,,
2025,FN_ONLY,2025-12-10T00:00:00+00:00,,,4228.51,4238.82,5.9066763613476105,4221.53,4222.120667636134,,,,,
2025,FN_ONLY,2025-12-11T00:00:00+00:00,,,4279.73,4285.84,10.518611844962336,4238.82,4239.871861184496,,,,,
2025,FN_ONLY,2025-12-12T00:00:00+00:00,,,4300.16,4353.54,9.75411227535396,4285.84,4286.815411227535,,,,,
2025,FN_ONLY,2025-12-17T00:00:00+00:00,,,4338.28,4348.8,5.927530477200379,4335.22,4335.81275304772,,,,,
2025,FN_ONLY,2025-12-22T00:00:00+00:00,,,4443.87,4448.98,9.69136363465559,4356.47,4357.439136363466,,,,,
2025,FN_ONLY,2025-12-23T00:00:00+00:00,,,4484.8,4499.71,7.15215751366423,4448.98,4449.695215751366,,,,,
2025,FN_ONLY,2025-12-26T00:00:00+00:00,,,4531.2,4550.04,8.6020521855901,4495.94,4496.800205218558,,,,,
2025,DUKA_ONLY,,2025-01-02T01:00:00+00:00,,,,,,,2624.898,2626.005,0.16428571428572727,2624.255,2624.2714285714287
2025,DUKA_ONLY,,2025-01-02T02:40:00+00:00,,,,,,,2626.788,2627.325,0.86783348399573,2626.305,2626.3917833483993
2025,DUKA_ONLY,,2025-01-02T03:05:00+00:00,,,,,,,2629.355,2630.228,1.2761928173031134,2627.765,2627.8926192817303
2025,DUKA_ONLY,,2025-01-02T03:15:00+00:00,,,,,,,2631.205,2631.798,1.3860131945113303,2630.705,2630.843601319451
2025,DUKA_ONLY,,2025-01-02T03:25:00+00:00,,,,,,,2632.298,2632.798,1.5074807646551918,2631.798,2631.948748076465
2025,DUKA_ONLY,,2025-01-02T03:30:00+00:00,,,,,,,2633.848,2634.048,1.5293035671797959,2632.798,2632.950930356718
2025,DUKA_ONLY,,2025-01-02T04:20:00+00:00,,,,,,,2635.605,2636.298,1.5482552835425931,2634.548,2634.702825528354
2025,DUKA_ONLY,,2025-01-03T02:05:00+00:00,,,,,,,2660.595,2660.985,0.7052800074083836,2660.375,2660.445528000741
2025,DUKA_ONLY,,2025-01-03T05:20:00+00:00,,,,,,,2664.605,2664.884,1.8203035176593627,2664.405,2664.5870303517663
2025,DUKA_ONLY,,2025-01-06T02:55:00+00:00,,,,,,,2643.065,2643.165,0.8234505606810132,2642.844,2642.926345056068
2025,DUKA_ONLY,,2025-01-06T03:10:00+00:00,,,,,,,2644.505,2644.765,1.1280600881254255,2643.305,2643.4178060088125
2025,DUKA_ONLY,,2025-01-06T03:15:00+00:00,,,,,,,2646.075,2647.275,1.2494129389736255,2644.765,2644.889941293897
2025,DUKA_ONLY,,2025-01-07T03:20:00+00:00,,,,,,,2638.798,2638.925,1.1912199206949852,2638.485,2638.60412199207
2025,DUKA_ONLY,,2025-01-07T03:45:00+00:00,,,,,,,2640.198,2640.328,1.4339911142206092,2639.214,2639.357399111422
2025,DUKA_ONLY,,2025-01-07T07:20:00+00:00,,,,,,,2643.248,2644.075,1.2370088251133913,2641.105,2641.2287008825115
2025,DUKA_ONLY,,2025-01-07T07:35:00+00:00,,,,,,,2644.905,2645.655,1.3750529842471262,2644.198,2644.335505298425
2025,DUKA_ONLY,,2025-01-10T04:15:00+00:00,,,,,,,2672.605,2673.005,1.1372231044202938,2672.324,2672.437722310442
2025,DUKA_ONLY,,2025-01-10T04:20:00+00:00,,,,,,,2673.625,2673.745,1.1831357398188262,2673.005,2673.123313573982
2025,DUKA_ONLY,,2025-01-10T07:40:00+00:00,,,,,,,2675.245,2675.785,1.001159596936231,2675.015,2675.1151159596934
2025,DUKA_ONLY,,2025-01-14T01:45:00+00:00,,,,,,,2668.885,2668.885,0.8747305371973445,2667.875,2667.96247305372
2025,DUKA_ONLY,,2025-01-14T02:40:00+00:00,,,,,,,2670.375,2670.865,1.1616841832443303,2669.498,2669.6141684183244
2025,DUKA_ONLY,,2025-01-14T03:00:00+00:00,,,,,,,2671.405,2671.965,1.1361849739077896,2670.945,2671.058618497391
2025,DUKA_ONLY,,2025-01-14T06:40:00+00:00,,,,,,,2672.625,2672.675,1.200034300417494,2672.105,2672.225003430042
2025,DUKA_ONLY,,2025-01-14T06:50:00+00:00,,,,,,,2673.105,2673.305,1.214621412094654,2672.675,2672.7964621412098
2025,DUKA_ONLY,,2025-01-14T07:00:00+00:00,,,,,,,2674.675,2675.155,1.2501582583877757,2673.885,2674.010015825839
2025,DUKA_ONLY,,2025-01-16T03:05:00+00:00,,,,,,,2699.545,2699.865,1.6977935932519055,2698.235,2698.4047793593254
2025,DUKA_ONLY,,2025-01-16T03:30:00+00:00,,,,,,,2700.648,2702.008,1.6856552043406305,2699.925,2700.0935655204344
2025,DUKA_ONLY,,2025-01-20T06:35:00+00:00,,,,,,,2704.525,2704.795,1.2094281951934827,2704.355,2704.4759428195193
2025,DUKA_ONLY,,2025-01-20T06:40:00+00:00,,,,,,,2705.745,2705.925,1.248754752679678,2704.795,2704.919875475268
2025,DUKA_ONLY,,2025-01-20T07:40:00+00:00,,,,,,,2706.745,2706.915,1.181630956873202,2706.575,2706.693163095687
2025,DUKA_ONLY,,2025-01-21T03:25:00+00:00,,,,,,,2712.275,2713.345,2.228129202943287,2711.258,2711.4808129202943
2025,DUKA_ONLY,,2025-01-21T03:40:00+00:00,,,,,,,2715.935,2716.185,2.264507966059224,2713.345,2713.571450796606
2025,DUKA_ONLY,,2025-01-21T03:55:00+00:00,,,,,,,2717.915,2719.175,2.3034052483353458,2716.685,2716.9153405248335
2025,DUKA_ONLY,,2025-01-21T04:00:00+00:00,,,,,,,2719.555,2719.755,2.2874477305971017,2719.175,2719.4037447730598
2025,DUKA_ONLY,,2025-01-21T04:05:00+00:00,,,,,,,2721.075,2721.205,2.269058606983005,2719.755,2719.9819058606986
2025,DUKA_ONLY,,2025-01-21T04:35:00+00:00,,,,,,,2724.335,2725.235,2.288317324694767,2723.085,2723.3138317324697
2025,DUKA_ONLY,,2025-01-21T06:50:00+00:00,,,,,,,2727.565,2727.715,1.913331770979595,2727.055,2727.2463331770978
2025,DUKA_ONLY,,2025-01-21T07:00:00+00:00,,,,,,,2728.745,2728.965,1.8256789249773038,2727.715,2727.897567892498
2025,DUKA_ONLY,,2025-01-22T02:45:00+00:00,,,,,,,2747.265,2747.695,1.1710959460055357,2746.045,2746.1621095946007
2025,DUKA_ONLY,,2025-01-22T02:50:00+00:00,,,,,,,2747.845,2748.145,1.1717319498622714,2747.695,2747.8121731949864
2025,DUKA_ONLY,,2025-01-22T05:35:00+00:00,,,,,,,2750.478,2750.578,1.3030721429811307,2749.994,2750.1243072142984
2025,DUKA_ONLY,,2025-01-22T06:25:00+00:00,,,,,,,2751.645,2751.705,1.1909687502088342,2751.295,2751.4140968750207
2025,DUKA_ONLY,,2025-01-22T06:45:00+00:00,,,,,,,2752.505,2752.615,1.1826905319323797,2752.295,2752.4132690531933
2025,DUKA_ONLY,,2025-01-22T07:25:00+00:00,,,,,,,2753.665,2753.915,1.179429531197943,2752.775,2752.89294295312
2025,DUKA_ONLY,,2025-01-22T07:35:00+00:00,,,,,,,2755.045,2755.418,1.2232938304716934,2753.935,2754.057329383047
2025,DUKA_ONLY,,2025-01-22T07:45:00+00:00,,,,,,,2756.315,2756.525,1.2265084558659274,2755.608,2755.7306508455868
2025,DUKA_ONLY,,2025-01-22T07:50:00+00:00,,,,,,,2757.475,2758.475,1.3281864233040819,2756.525,2756.6578186423303
2025,DUKA_ONLY,,2025-01-24T02:40:00+00:00,,,,,,,2760.085,2760.185,0.8916842238981891,2758.735,2758.82416842239
2025,DUKA_ONLY,,2025-01-24T03:05:00+00:00,,,,,,,2761.515,2761.535,1.091092053429793,2760.925,2761.034109205343
2025,DUKA_ONLY,,2025-01-24T03:10:00+00:00,,,,,,,2761.725,2761.825,1.0902997638990883,2761.535,2761.64402997639
2025,DUKA_ONLY,,2025-01-24T03:55:00+00:00,,,,,,,2762.175,2762.445,1.381633255950272,2761.825,2761.963163325595
2025,DUKA_ONLY,,2025-01-24T04:00:00+00:00,,,,,,,2764.545,2765.405,1.5136594519538253,2762.445,2762.5963659451954
2025,DUKA_ONLY,,2025-01-24T04:05:00+00:00,,,,,,,2766.795,2767.015,1.59482663395713,2765.405,2765.564482663396
2025,DUKA_ONLY,,2025-01-24T04:10:00+00:00,,,,,,,2768.705,2769.225,1.7073390172459115,2767.015,2767.1857339017247
2025,DUKA_ONLY,,2025-01-24T04:15:00+00:00,,,,,,,2771.135,2771.135,1.764457658871208,2769.225,2769.401445765887
2025,DUKA_ONLY,,2025-01-24T04:35:00+00:00,,,,,,,2771.675,2772.195,1.9645716679253804,2771.355,2771.5514571667927
2025,DUKA_ONLY,,2025-01-24T04:40:00+00:00,,,,,,,2772.545,2773.135,1.9413879773593052,2772.195,2772.389138797736
2025,DUKA_ONLY,,2025-01-24T04:45:00+00:00,,,,,,,2774.515,2774.565,1.9920031218336471,2773.135,2773.3342003121834
2025,DUKA_ONLY,,2025-01-24T05:00:00+00:00,,,,,,,2777.215,2777.215,2.006211318756767,2775.195,2775.395621131876
2025,DUKA_ONLY,,2025-01-29T03:00:00+00:00,,,,,,,2765.378,2765.735,0.6864965147413628,2764.875,2764.943649651474
2025,DUKA_ONLY,,2025-01-30T01:10:00+00:00,,,,,,,2759.755,2759.825,0.8838161536185359,2759.425,2759.513381615362
2025,DUKA_ONLY,,2025-01-30T02:25:00+00:00,,,,,,,2760.905,2760.985,0.7798864616465496,2760.415,2760.4929886461646
2025,DUKA_ONLY,,2025-01-30T02:30:00+00:00,,,,,,,2761.475,2761.945,0.8048945715289467,2760.985,2761.065489457153
2025,DUKA_ONLY,,2025-01-30T06:05:00+00:00,,,,,,,2762.648,2763.165,0.9344550377848662,2762.545,2762.6384455037787
2025,DUKA_ONLY,,2025-02-04T03:45:00+00:00,,,,,,,2823.615,2823.935,1.4477330419219663,2822.935,2823.0797733041923
2025,DUKA_ONLY,,2025-02-05T02:30:00+00:00,,,,,,,2847.315,2847.675,1.1531169574664053,2844.875,2844.9903116957466
2025,DUKA_ONLY,,2025-02-05T04:05:00+00:00,,,,,,,2849.645,2849.845,2.2251661208544298,2848.685,2848.9075166120856
2025,DUKA_ONLY,,2025-02-05T04:10:00+00:00,,,,,,,2852.245,2853.665,2.3755113979362514,2849.845,2850.0825511397934
2025,DUKA_ONLY,,2025-02-05T06:10:00+00:00,,,,,,,2857.485,2857.645,1.7789284562561456,2854.205,2854.3828928456255
2025,DUKA_ONLY,,2025-02-05T07:45:00+00:00,,,,,,,2859.645,2860.085,1.679321056231235,2858.945,2859.1129321056233
2025,DUKA_ONLY,,2025-02-07T01:20:00+00:00,,,,,,,2857.605,2857.855,0.6105847115385845,2857.195,2857.256058471154
2025,DUKA_ONLY,,2025-02-07T01:40:00+00:00,,,,,,,2858.155,2858.555,0.6421143259645207,2857.955,2858.0192114325964
2025,DUKA_ONLY,,2025-02-07T02:00:00+00:00,,,,,,,2859.025,2859.305,0.8033475443531559,2858.555,2858.635334754435
2025,DUKA_ONLY,,2025-02-07T02:15:00+00:00,,,,,,,2859.385,2859.455,0.7563537007812875,2859.305,2859.380635370078
2025,DUKA_ONLY,,2025-02-07T02:20:00+00:00,,,,,,,2859.835,2860.135,0.7744712935826397,2859.455,2859.5324471293584
2025,DUKA_ONLY,,2025-02-07T03:15:00+00:00,,,,,,,2862.495,2862.605,1.2233812135666455,2860.255,2860.377338121357
2025,DUKA_ONLY,,2025-02-07T03:20:00+00:00,,,,,,,2863.685,2863.975,1.243853984026154,2862.605,2862.7293853984024
2025,DUKA_ONLY,,2025-02-07T03:40:00+00:00,,,,,,,2865.895,2866.615,1.3970875061893486,2864.055,2864.1947087506187
2025,DUKA_ONLY,,2025-02-07T03:50:00+00:00,,,,,,,2867.185,2867.375,1.4126417782959182,2866.615,2866.7562641778295
2025,DUKA_ONLY,,2025-02-07T05:00:00+00:00,,,,,,,2869.425,2870.395,1.3492705661887312,2869.085,2869.219927056619
2025,DUKA_ONLY,,2025-02-10T03:00:00+00:00,,,,,,,2872.915,2873.165,1.5335075471741435,2868.855,2869.0083507547174
2025,DUKA_ONLY,,2025-02-10T03:05:00+00:00,,,,,,,2875.905,2876.365,1.7594712938045376,2873.165,2873.3409471293803
2025,DUKA_ONLY,,2025-02-10T06:10:00+00:00,,,,,,,2877.025,2877.225,1.6629689153635958,2876.365,2876.531296891536
2025,DUKA_ONLY,,2025-02-10T06:40:00+00:00,,,,,,,2878.125,2879.225,1.6027034823124968,2877.535,2877.695270348231
2025,DUKA_ONLY,,2025-02-11T01:30:00+00:00,,,,,,,2915.815,2915.835,1.3430473914075483,2912.948,2913.0823047391405
2025,DUKA_ONLY,,2025-02-11T01:35:00+00:00,,,,,,,2918.355,2918.785,1.4692582920212713,2915.835,2915.9819258292023
2025,DUKA_ONLY,,2025-02-11T01:40:00+00:00,,,,,,,2921.325,2921.455,1.585739842591174,2918.785,2918.943573984259
2025,DUKA_ONLY,,2025-02-11T02:45:00+00:00,,,,,,,2921.695,2921.755,1.6030569148057574,2921.455,2921.6153056914804
2025,DUKA_ONLY,,2025-02-11T02:50:00+00:00,,,,,,,2924.335,2924.485,1.717124278033937,2921.755,2921.9267124278035
2025,DUKA_ONLY,,2025-02-11T03:10:00+00:00,,,,,,,2929.995,2931.175,2.552378787612652,2924.848,2925.1032378787613
2025,DUKA_ONLY,,2025-02-11T03:50:00+00:00,,,,,,,2935.235,2936.035,2.9973297847096387,2932.175,2932.4747329784714
2025,DUKA_ONLY,,2025-02-11T04:00:00+00:00,,,,,,,2936.735,2938.445,3.121513947020053,2936.035,2936.347151394702
2025,DUKA_ONLY,,2025-02-11T04:10:00+00:00,,,,,,,2939.588,2942.355,3.2391166175836177,2938.445,2938.7689116617585
2025,DUKA_ONLY,,2025-02-13T05:15:00+00:00,,,,,,,2910.755,2910.785,1.4673157141611806,2908.898,2909.0447315714164
2025,DUKA_ONLY,,2025-02-13T05:20:00+00:00,,,,,,,2913.545,2913.795,1.5832217345782496,2910.785,2910.9433221734575
2025,DUKA_ONLY,,2025-02-13T05:25:00+00:00,,,,,,,2914.895,2916.915,1.7587058963940865,2913.795,2913.9708705896396
2025,DUKA_ONLY,,2025-02-13T07:05:00+00:00,,,,,,,2919.245,2919.325,1.4754849657128086,2919.035,2919.182548496571
2025,DUKA_ONLY,,2025-02-13T07:10:00+00:00,,,,,,,2919.785,2920.235,1.4829503253047458,2919.325,2919.47329503253
2025,DUKA_ONLY,,2025-02-13T07:15:00+00:00,,,,,,,2920.535,2920.795,1.457025302068685,2920.235,2920.380702530207
2025,DUKA_ONLY,,2025-02-13T07:20:00+00:00,,,,,,,2922.255,2922.551,1.5269520662066467,2920.795,2920.9476952066207
2025,DUKA_ONLY,,2025-02-14T01:20:00+00:00,,,,,,,2929.728,2929.935,0.7203821708495256,2929.395,2929.467038217085
2025,DUKA_ONLY,,2025-02-14T01:25:00+00:00,,,,,,,2930.695,2931.145,0.805354872931692,2929.935,2930.015535487293
2025,DUKA_ONLY,,2025-02-14T01:30:00+00:00,,,,,,,2931.415,2931.455,0.8221152391508542,2931.145,2931.2272115239152
2025,DUKA_ONLY,,2025-02-14T03:05:00+00:00,,,,,,,2932.845,2932.845,1.354488238312786,2932.215,2932.3504488238314
2025,DUKA_ONLY,,2025-02-17T03:35:00+00:00,,,,,,,2895.335,2896.155,2.37089632434656,2894.045,2894.2820896324347
2025,DUKA_ONLY,,2025-02-17T04:10:00+00:00,,,,,,,2897.5,2897.5,2.3524074108522153,2896.385,2896.6202407410856
2025,DUKA_ONLY,,2025-02-17T04:35:00+00:00,,,,,,,2898.025,2899.125,2.486284856751548,2897.5,2897.748628485675
2025,DUKA_ONLY,,2025-02-17T05:30:00+00:00,,,,,,,2902.085,2902.235,2.0211418528728444,2901.145,2901.3471141852874
2025,DUKA_ONLY,,2025-02-17T05:35:00+00:00,,,,,,,2903.275,2903.805,2.0289174348104737,2902.235,2902.437891743481
2025,DUKA_ONLY,,2025-02-18T04:35:00+00:00,,,,,,,2901.935,2902.565,1.698281063102447,2900.185,2900.3548281063104
2025,DUKA_ONLY,,2025-02-18T04:40:00+00:00,,,,,,,2903.145,2905.005,1.7962609871665696,2902.565,2902.7446260987167
2025,DUKA_ONLY,,2025-02-18T05:05:00+00:00,,,,,,,2907.385,2908.125,2.022766504856683,2906.555,2906.7572766504854
2025,DUKA_ONLY,,2025-02-18T05:10:00+00:00,,,,,,,2908.605,2909.038,1.9963546116526194,2908.125,2908.324635461165
2025,DUKA_ONLY,,2025-02-18T05:20:00+00:00,,,,,,,2909.335,2909.765,1.9778261702514957,2909.038,2909.235782617025
2025,DUKA_ONLY,,2025-02-18T07:30:00+00:00,,,,,,,2914.455,2915.115,1.7667620089739717,2914.065,2914.2416762008975
2025,DUKA_ONLY,,2025-02-19T03:45:00+00:00,,,,,,,2937.545,2937.965,1.4732158986294421,2936.825,2936.972321589863
2025,DUKA_ONLY,,2025-02-19T03:50:00+00:00,,,,,,,2938.275,2938.925,1.4694147630130585,2937.965,2938.1119414763016
2025,DUKA_ONLY,,2025-02-20T02:05:00+00:00,,,,,,,2939.335,2939.995,1.0490890326223645,2937.455,2937.559908903262
2025,DUKA_ONLY,,2025-02-20T05:10:00+00:00,,,,,,,2943.448,2943.815,1.9554112657807141,2942.875,2943.070541126578
2025,DUKA_ONLY,,2025-02-20T07:20:00+00:00,,,,,,,2944.495,2944.845,1.4360666677693565,2943.815,2943.958606666777
2025,DUKA_ONLY,,2025-02-20T07:55:00+00:00,,,,,,,2946.655,2946.685,1.3165732851044831,2945.375,2945.5066573285103
2025,DUKA_ONLY,,2025-02-21T03:15:00+00:00,,,,,,,2948.425,2948.735,1.7333141681502227,2946.885,2947.0583314168152
2025,DUKA_ONLY,,2025-02-26T01:50:00+00:00,,,,,,,2918.585,2918.595,1.0624074976413793,2917.425,2917.5312407497645
2025,DUKA_ONLY,,2025-02-26T02:00:00+00:00,,,,,,,2919.238,2920.375,1.1244227913336229,2918.805,2918.9174422791334
2025,DUKA_ONLY,,2025-02-26T02:05:00+00:00,,,,,,,2921.635,2921.975,1.2460354490954906,2920.375,2920.4996035449094
2025,DUKA_ONLY,,2025-02-26T02:10:00+00:00,,,,,,,2924.225,2924.305,1.3946757741600821,2921.975,2922.114467577416
2025,DUKA_ONLY,,2025-02-26T02:15:00+00:00,,,,,,,2924.985,2925.745,1.4186275045772203,2924.305,2924.4468627504575
2025,DUKA_ONLY,,2025-02-26T03:20:00+00:00,,,,,,,2929.775,2929.775,2.082790225221538,2926.425,2926.6332790225224
2025,DUKA_ONLY,,2025-02-27T01:35:00+00:00,,,,,,,2918.595,2918.945,0.6881795743426485,2918.515,2918.5838179574343
2025,DUKA_ONLY,,2025-02-27T01:40:00+00:00,,,,,,,2919.818,2920.615,0.7890238904610243,2918.945,2919.0239023890463
2025,DUKA_ONLY,,2025-03-03T02:00:00+00:00,,,,,,,2868.948,2871.091,1.2746564755138936,2859.525,2859.6524656475517
2025,DUKA_ONLY,,2025-03-05T07:55:00+00:00,,,,,,,2918.585,2918.655,1.8638100701866716,2917.845,2918.0313810070184
2025,DUKA_ONLY,,2025-03-06T03:50:00+00:00,,,,,,,2925.105,2925.115,1.3332723031886993,2923.325,2923.458327230319
2025,DUKA_ONLY,,2025-03-06T04:00:00+00:00,,,,,,,2925.955,2925.955,1.3837398940759305,2925.495,2925.6333739894076
2025,DUKA_ONLY,,2025-03-11T05:05:00+00:00,,,,,,,2891.325,2892.095,2.093591302097231,2890.855,2891.0643591302096
2025,DUKA_ONLY,,2025-03-11T05:10:00+00:00,,,,,,,2893.805,2893.895,2.1488347805188712,2892.095,2892.3098834780517
2025,DUKA_ONLY,,2025-03-11T05:15:00+00:00,,,,,,,2894.925,2895.405,2.1696322961960988,2893.895,2894.1119632296195
2025,DUKA_ONLY,,2025-03-11T05:20:00+00:00,,,,,,,2896.865,2897.355,2.2444442750392417,2895.405,2895.629444427504
2025,DUKA_ONLY,,2025-03-13T04:00:00+00:00,,,,,,,2940.925,2941.305,1.1046651609275577,2940.348,2940.458466516093
2025,DUKA_ONLY,,2025-03-13T05:40:00+00:00,,,,,,,2941.698,2942.195,1.452445696597545,2941.405,2941.5502445696598
2025,DUKA_ONLY,,2025-03-13T05:45:00+00:00,,,,,,,2942.995,2943.475,1.5158424325548412,2942.195,2942.3465842432556
2025,DUKA_ONLY,,2025-03-13T05:50:00+00:00,,,,,,,2944.075,2944.355,1.5518536873723514,2943.475,2943.6301853687373
2025,DUKA_ONLY,,2025-03-14T01:35:00+00:00,,,,,,,2989.405,2989.785,1.4017334891387236,2989.165,2989.3051733489137
2025,DUKA_ONLY,,2025-03-14T06:50:00+00:00,,,,,,,2990.985,2991.065,1.5886702799203618,2990.015,2990.173867027992
2025,DUKA_ONLY,,2025-03-14T06:55:00+00:00,,,,,,,2992.375,2992.875,1.6359081170689076,2991.065,2991.228590811707
2025,DUKA_ONLY,,2025-03-18T02:15:00+00:00,,,,,,,3001.875,3002.255,0.5875498769475763,3001.755,3001.8137549876947
2025,DUKA_ONLY,,2025-03-18T04:25:00+00:00,,,,,,,3004.035,3004.745,1.4727555718986916,3003.455,3003.60227555719
2025,DUKA_ONLY,,2025-03-18T04:55:00+00:00,,,,,,,3005.535,3008.188,1.809901536195743,3004.985,3005.1659901536195
2025,DUKA_ONLY,,2025-03-18T05:45:00+00:00,,,,,,,3008.748,3009.915,1.758813871853514,3008.188,3008.3638813871853
2025,DUKA_ONLY,,2025-03-18T05:50:00+00:00,,,,,,,3011.595,3011.885,1.8572557381497037,3009.915,3010.100725573815
2025,DUKA_ONLY,,2025-03-18T06:10:00+00:00,,,,,,,3013.135,3013.255,1.9128972859562334,3011.935,3012.1262897285956
2025,DUKA_ONLY,,2025-03-18T06:15:00+00:00,,,,,,,3013.605,3013.945,2.028904622673664,3013.255,3013.4578904622676
2025,DUKA_ONLY,,2025-03-20T03:00:00+00:00,,,,,,,3052.685,3053.238,1.0397578490910122,3051.758,3051.8619757849087
2025,DUKA_ONLY,,2025-03-20T03:05:00+00:00,,,,,,,3054.025,3054.188,1.0926322884416684,3053.238,3053.347263228844
2025,DUKA_ONLY,,2025-03-20T03:20:00+00:00,,,,,,,3055.095,3055.285,1.4306669598055202,3054.218,3054.3610666959803
2025,DUKA_ONLY,,2025-03-20T04:15:00+00:00,,,,,,,3055.535,3055.735,1.9813866681073695,3055.285,3055.4831386668106
2025,DUKA_ONLY,,2025-03-20T07:40:00+00:00,,,,,,,3056.705,3057.125,1.6225651537500816,3056.155,3056.317256515375
2025,DUKA_ONLY,,2025-03-21T02:55:00+00:00,,,,,,,3046.245,3046.485,0.6760051122829237,3045.948,3046.015600511228
2025,DUKA_ONLY,,2025-03-24T03:00:00+00:00,,,,,,,3025.045,3025.165,0.26145300081693623,3024.125,3024.1511453000817
2025,DUKA_ONLY,,2025-03-25T06:40:00+00:00,,,,,,,3015.835,3016.085,1.4324034168761934,3015.465,3015.6082403416876
2025,DUKA_ONLY,,2025-03-26T04:50:00+00:00,,,,,,,3023.925,3024.285,1.3985345522237476,3023.235,3023.3748534552224
2025,DUKA_ONLY,,2025-03-26T04:55:00+00:00,,,,,,,3024.595,3025.245,1.398639227064915,3024.285,3024.424863922706
2025,DUKA_ONLY,,2025-03-27T03:00:00+00:00,,,,,,,3023.615,3023.745,1.1642504508501026,3021.675,3021.7914250450854
2025,DUKA_ONLY,,2025-03-27T03:55:00+00:00,,,,,,,3025.125,3025.595,1.2502630471507616,3024.955,3025.080026304715
2025,DUKA_ONLY,,2025-03-27T04:00:00+00:00,,,,,,,3026.205,3027.055,1.3002442580685516,3025.595,3025.7250244258066
2025,DUKA_ONLY,,2025-03-27T05:30:00+00:00,,,,,,,3028.405,3028.625,1.3972562291932091,3028.165,3028.3047256229192
2025,DUKA_ONLY,,2025-03-27T05:35:00+00:00,,,,,,,3030.055,3030.205,1.4260236413936747,3028.625,3028.7676023641393
2025,DUKA_ONLY,,2025-03-27T05:40:00+00:00,,,,,,,3031.065,3032.685,1.554164809865541,3030.205,3030.3604164809863
2025,DUKA_ONLY,,2025-03-27T07:05:00+00:00,,,,,,,3034.995,3035.865,1.4671601554214853,3034.075,3034.221716015542
2025,DUKA_ONLY,,2025-03-27T07:25:00+00:00,,,,,,,3037.045,3037.325,1.4490631299196277,3035.865,3036.009906312992
2025,DUKA_ONLY,,2025-03-28T03:05:00+00:00,,,,,,,3059.575,3059.575,1.019828659086027,3057.685,3057.7869828659086
2025,DUKA_ONLY,,2025-03-28T03:20:00+00:00,,,,,,,3062.435,3062.585,1.4246831501501427,3061.825,3061.9674683150147
2025,DUKA_ONLY,,2025-03-28T04:00:00+00:00,,,,,,,3064.085,3064.125,1.4333217148260937,3063.335,3063.4783321714826
2025,DUKA_ONLY,,2025-03-28T04:05:00+00:00,,,,,,,3064.655,3065.048,1.4904415923384957,3064.125,3064.2740441592337
2025,DUKA_ONLY,,2025-03-28T04:10:00+00:00,,,,,,,3065.935,3066.038,1.5184814786000183,3065.048,3065.19984814786
2025,DUKA_ONLY,,2025-03-28T04:45:00+00:00,,,,,,,3071.775,3072.175,1.869652419230112,3069.135,3069.3219652419234
2025,DUKA_ONLY,,2025-03-28T04:55:00+00:00,,,,,,,3073.665,3073.815,1.9153176471933229,3072.735,3072.9265317647196
2025,DUKA_ONLY,,2025-03-28T05:00:00+00:00,,,,,,,3074.825,3075.315,1.983294958108099,3073.815,3074.013329495811
2025,DUKA_ONLY,,2025-03-28T05:05:00+00:00,,,,,,,3076.685,3076.845,2.0237738896717867,3075.315,3075.5173773889674
2025,DUKA_ONLY,,2025-03-31T04:25:00+00:00,,,,,,,3091.325,3091.535,2.3491694480188534,3089.598,3089.832916944802
2025,DUKA_ONLY,,2025-03-31T04:30:00+00:00,,,,,,,3094.465,3095.098,2.539443058874644,3091.535,3091.7889443058875
2025,DUKA_ONLY,,2025-03-31T05:00:00+00:00,,,,,,,3096.015,3098.013,2.830361782394474,3095.098,3095.3810361782394
2025,DUKA_ONLY,,2025-03-31T05:05:00+00:00,,,,,,,3098.515,3098.705,2.8715502265091652,3098.013,3098.300155022651
2025,DUKA_ONLY,,2025-03-31T06:05:00+00:00,,,,,,,3109.495,3111.115,3.8378849235603996,3107.455,3107.838788492356
2025,DUKA_ONLY,,2025-03-31T07:50:00+00:00,,,,,,,3113.455,3115.685,2.5649249510565277,3112.515,3112.7714924951056
2025,DUKA_ONLY,,2025-04-01T03:45:00+00:00,,,,,,,3127.348,3127.348,1.63450373380448,3126.398,3126.5614503733805
2025,DUKA_ONLY,,2025-04-01T04:00:00+00:00,,,,,,,3129.385,3134.315,2.000698871417038,3127.748,3127.9480698871416
2025,DUKA_ONLY,,2025-04-01T04:40:00+00:00,,,,,,,3135.635,3135.995,2.4907186513265844,3134.948,3135.1970718651323
2025,DUKA_ONLY,,2025-04-01T04:45:00+00:00,,,,,,,3136.415,3137.945,2.507095890517561,3135.995,3136.245709589052
2025,DUKA_ONLY,,2025-04-01T05:10:00+00:00,,,,,,,3139.085,3139.798,2.7398023693214615,3137.945,3138.218980236932
2025,DUKA_ONLY,,2025-04-01T05:25:00+00:00,,,,,,,3142.398,3143.378,2.6702914742708845,3139.898,3140.165029147427
2025,DUKA_ONLY,,2025-04-01T05:45:00+00:00,,,,,,,3144.075,3144.615,2.5527737608457306,3143.378,3143.6332773760846
2025,DUKA_ONLY,,2025-04-01T06:50:00+00:00,,,,,,,3146.555,3147.105,2.0103946872059937,3145.695,3145.8960394687206
2025,DUKA_ONLY,,2025-04-02T03:25:00+00:00,,,,,,,3121.365,3121.705,1.8330604533249097,3120.675,3120.8583060453325
2025,DUKA_ONLY,,2025-04-02T03:35:00+00:00,,,,,,,3122.555,3122.775,1.8507562072036154,3121.965,3122.1500756207206
2025,DUKA_ONLY,,2025-04-02T04:05:00+00:00,,,,,,,3128.085,3129.308,2.3366251083382052,3124.315,3124.5486625108338
2025,DUKA_ONLY,,2025-04-02T04:10:00+00:00,,,,,,,3132.025,3132.455,2.489009029171176,3129.308,3129.5569009029173
2025,DUKA_ONLY,,2025-04-03T01:10:00+00:00,,,,,,,3144.078,3146.348,5.1388594576283095,3142.818,3143.331885945763
2025,DUKA_ONLY,,2025-04-03T02:00:00+00:00,,,,,,,3148.148,3149.968,5.174506218744322,3147.348,3147.8654506218745
2025,DUKA_ONLY,,2025-04-03T02:05:00+00:00,,,,,,,3153.048,3153.048,5.154898631691131,3149.968,3150.483489863169
2025,DUKA_ONLY,,2025-04-03T02:10:00+00:00,,,,,,,3156.815,3156.835,5.126477300856054,3153.048,3153.5606477300853
2025,DUKA_ONLY,,2025-04-03T02:15:00+00:00,,,,,,,3157.985,3159.248,5.0183717793663245,3156.835,3157.3368371779366
2025,DUKA_ONLY,,2025-04-03T02:40:00+00:00,,,,,,,3160.655,3161.045,4.407265371341308,3159.948,3160.388726537134
2025,DUKA_ONLY,,2025-04-03T02:45:00+00:00,,,,,,,3164.285,3165.165,4.464603559102646,3161.045,3161.4914603559105
2025,DUKA_ONLY,,2025-04-07T04:35:00+00:00,,,,,,,3048.215,3049.055,11.133679007177392,3040.815,3041.9283679007176
2025,DUKA_ONLY,,2025-04-07T04:40:00+00:00,,,,,,,3051.445,3054.645,11.61127336380759,3049.055,3050.2161273363804
2025,DUKA_ONLY,,2025-04-08T03:30:00+00:00,,,,,,,2989.905,2991.665,2.626177161357581,2988.785,2989.0476177161354
2025,DUKA_ONLY,,2025-04-08T03:35:00+00:00,,,,,,,2992.095,2992.485,2.7200216498320433,2991.665,2991.9370021649834
2025,DUKA_ONLY,,2025-04-08T04:05:00+00:00,,,,,,,2997.005,2997.265,3.668064374963342,2992.485,2992.8518064374966
2025,DUKA_ONLY,,2025-04-09T04:30:00+00:00,,,,,,,2994.345,2998.525,5.925960022998243,2991.955,2992.5475960022995
2025,DUKA_ONLY,,2025-04-09T04:45:00+00:00,,,,,,,3003.125,3004.585,5.9043018114166115,3002.505,3003.0954301811416
2025,DUKA_ONLY,,2025-04-09T04:50:00+00:00,,,,,,,3008.225,3008.455,5.978994539172555,3004.585,3005.1828994539173
2025,DUKA_ONLY,,2025-04-10T05:05:00+00:00,,,,,,,3111.175,3114.335,6.228858262513595,3101.155,3101.7778858262513
2025,DUKA_ONLY,,2025-04-10T06:10:00+00:00,,,,,,,3125.335,3125.565,5.925222345673056,3120.525,3121.1175222345673
2025,DUKA_ONLY,,2025-04-10T06:20:00+00:00,,,,,,,3126.955,3131.615,5.9890437572384645,3125.685,3126.283904375724
2025,DUKA_ONLY,,2025-04-11T01:00:00+00:00,,,,,,,3179.185,3179.685,1.6289323887566152,3176.255,3176.417893238876
2025,DUKA_ONLY,,2025-04-11T01:20:00+00:00,,,,,,,3179.905,3180.875,1.7938623999186931,3179.725,3179.9043862399917
2025,DUKA_ONLY,,2025-04-11T01:30:00+00:00,,,,,,,3182.405,3189.019,2.481371150950312,3180.875,3181.1231371150952
2025,DUKA_ONLY,,2025-04-11T03:20:00+00:00,,,,,,,3198.725,3198.825,3.4926856823896744,3191.235,3191.584268568239
2025,DUKA_ONLY,,2025-04-11T03:30:00+00:00,,,,,,,3201.125,3201.435,4.030121838387026,3199.915,3200.3180121838386
2025,DUKA_ONLY,,2025-04-11T03:35:00+00:00,,,,,,,3206.475,3206.925,4.15939884993082,3201.435,3201.850939884993
2025,DUKA_ONLY,,2025-04-11T03:40:00+00:00,,,,,,,3212.195,3217.865,4.7472989320786105,3206.925,3207.399729893208
2025,DUKA_ONLY,,2025-04-14T04:40:00+00:00,,,,,,,3240.465,3241.175,4.037585850666032,3239.395,3239.7987585850665
2025,DUKA_ONLY,,2025-04-15T04:10:00+00:00,,,,,,,3217.375,3217.395,2.039830762805375,3216.355,3216.5589830762806
2025,DUKA_ONLY,,2025-04-15T04:15:00+00:00,,,,,,,3219.805,3221.165,2.2276999940335678,3217.395,3217.617769999403
2025,DUKA_ONLY,,2025-04-15T04:20:00+00:00,,,,,,,3224.075,3224.985,2.442864280174044,3221.165,3221.4092864280174
2025,DUKA_ONLY,,2025-04-15T06:55:00+00:00,,,,,,,3228.175,3228.785,2.4232937096529255,3227.765,3228.007329370965
2025,DUKA_ONLY,,2025-04-15T07:50:00+00:00,,,,,,,3231.235,3231.945,2.034377558774293,3230.765,3230.9684377558774
2025,DUKA_ONLY,,2025-04-16T01:25:00+00:00,,,,,,,3234.725,3235.185,1.1601092056979967,3233.425,3233.54101092057
2025,DUKA_ONLY,,2025-04-16T01:30:00+00:00,,,,,,,3235.695,3235.815,1.2158156910052864,3235.185,3235.3065815691007
2025,DUKA_ONLY,,2025-04-16T01:35:00+00:00,,,,,,,3238.525,3238.665,1.3775431416477673,3235.815,3235.952754314165
2025,DUKA_ONLY,,2025-04-16T01:50:00+00:00,,,,,,,3240.535,3241.975,1.624618178644352,3239.125,3239.2874618178644
2025,DUKA_ONLY,,2025-04-16T02:35:00+00:00,,,,,,,3244.365,3248.175,2.118995731315661,3243.425,3243.636899573132
2025,DUKA_ONLY,,2025-04-16T02:55:00+00:00,,,,,,,3251.665,3251.665,2.896845248909457,3248.175,3248.4646845248913
2025,DUKA_ONLY,,2025-04-16T03:00:00+00:00,,,,,,,3258.635,3261.795,3.4284991597016488,3251.665,3252.00784991597
2025,DUKA_ONLY,,2025-04-16T03:30:00+00:00,,,,,,,3263.985,3266.495,3.886902530320597,3262.035,3262.423690253032
2025,DUKA_ONLY,,2025-04-16T03:45:00+00:00,,,,,,,3267.195,3267.855,3.8393494384527616,3266.495,3266.8789349438453
2025,DUKA_ONLY,,2025-04-16T04:00:00+00:00,,,,,,,3272.965,3273.355,4.137110319344286,3267.855,3268.2687110319343
2025,DUKA_ONLY,,2025-04-16T06:25:00+00:00,,,,,,,3275.695,3276.345,3.850428880942471,3275.245,3275.630042888094
2025,DUKA_ONLY,,2025-04-16T06:50:00+00:00,,,,,,,3279.845,3281.275,3.491071485266145,3277.745,3278.0941071485263
2025,DUKA_ONLY,,2025-04-17T01:00:00+00:00,,,,,,,3348.225,3350.555,1.5035205993565017,3343.185,3343.3353520599358
2025,DUKA_ONLY,,2025-04-17T01:05:00+00:00,,,,,,,3352.565,3352.835,1.7825548422595983,3350.555,3350.733255484226
2025,DUKA_ONLY,,2025-04-17T01:10:00+00:00,,,,,,,3354.065,3355.685,1.983086639241066,3352.835,3353.0333086639243
2025,DUKA_ONLY,,2025-04-21T03:00:00+00:00,,,,,,,3353.375,3354.045,1.9371428572184124,3326.925,3327.118714285722
2025,DUKA_ONLY,,2025-04-21T03:30:00+00:00,,,,,,,3358.655,3359.385,2.45169089589417,3356.055,3356.3001690895894
2025,DUKA_ONLY,,2025-04-21T03:35:00+00:00,,,,,,,3360.635,3364.245,2.7822844033302956,3359.385,3359.663228440333
2025,DUKA_ONLY,,2025-04-21T03:40:00+00:00,,,,,,,3369.595,3370.545,3.379264088806694,3364.245,3364.5829264088807
2025,DUKA_ONLY,,2025-04-21T05:00:00+00:00,,,,,,,3379.085,3382.425,4.033467990643873,3378.285,3378.688346799064
2025,DUKA_ONLY,,2025-04-21T05:35:00+00:00,,,,,,,3383.635,3384.015,3.799794114612366,3382.425,3382.8049794114613
2025,DUKA_ONLY,,2025-04-22T01:10:00+00:00,,,,,,,3431.915,3433.255,1.6847817154440499,3430.745,3430.9134781715443
2025,DUKA_ONLY,,2025-04-22T01:20:00+00:00,,,,,,,3433.895,3435.615,1.964786275051226,3433.255,3433.4514786275054
2025,DUKA_ONLY,,2025-04-22T02:15:00+00:00,,,,,,,3440.625,3441.175,2.789455509187902,3435.755,3436.033945550919
2025,DUKA_ONLY,,2025-04-22T04:35:00+00:00,,,,,,,3450.045,3452.875,5.83333629767473,3444.415,3444.9983336297673
2025,DUKA_ONLY,,2025-04-22T05:30:00+00:00,,,,,,,3460.185,3462.175,5.981923175242806,3457.755,3458.353192317524
2025,DUKA_ONLY,,2025-04-22T05:40:00+00:00,,,,,,,3467.965,3468.695,5.864872533755313,3462.955,3463.5414872533756
2025,DUKA_ONLY,,2025-04-22T05:45:00+00:00,,,,,,,3469.495,3473.105,5.85952449562993,3468.695,3469.2809524495633
2025,DUKA_ONLY,,2025-04-22T06:15:00+00:00,,,,,,,3484.395,3485.085,5.83219222263195,3477.775,3478.3582192222634
2025,DUKA_ONLY,,2025-04-22T06:20:00+00:00,,,,,,,3486.615,3486.615,5.850607063872504,3485.085,3485.670060706387
2025,DUKA_ONLY,,2025-04-22T06:25:00+00:00,,,,,,,3488.425,3488.975,5.796277987881589,3486.615,3487.194627798788
2025,DUKA_ONLY,,2025-04-24T01:00:00+00:00,,,,,,,3305.885,3306.165,2.610268850932672,3305.505,3305.766026885093
2025,DUKA_ONLY,,2025-04-24T01:05:00+00:00,,,,,,,3309.205,3311.115,2.8702496472946244,3306.165,3306.4520249647294
2025,DUKA_ONLY,,2025-04-24T01:35:00+00:00,,,,,,,3315.165,3315.745,3.301716194704229,3311.115,3311.4451716194703
2025,DUKA_ONLY,,2025-04-24T03:05:00+00:00,,,,,,,3317.165,3318.025,3.200849730126829,3316.695,3317.015084973013
2025,DUKA_ONLY,,2025-04-24T03:10:00+00:00,,,,,,,3321.145,3321.255,3.2657890351177787,3318.025,3318.351578903512
2025,DUKA_ONLY,,2025-04-24T03:15:00+00:00,,,,,,,3323.005,3323.215,3.3289469611808014,3321.255,3321.5878946961184
2025,DUKA_ONLY,,2025-04-24T03:20:00+00:00,,,,,,,3324.215,3324.855,3.3654507496678976,3323.215,3323.5515450749667
2025,DUKA_ONLY,,2025-04-24T03:25:00+00:00,,,,,,,3334.475,3335.035,3.9657756961201893,3324.855,3325.251577569612
2025,DUKA_ONLY,,2025-04-24T03:30:00+00:00,,,,,,,3336.055,3338.805,4.14679171782589,3335.035,3335.4496791717825
2025,DUKA_ONLY,,2025-04-24T04:00:00+00:00,,,,,,,3339.445,3339.935,4.73633418775436,3338.825,3339.2986334187754
2025,DUKA_ONLY,,2025-04-24T04:05:00+00:00,,,,,,,3344.655,3347.775,5.023738888629064,3339.935,3340.437373888863
2025,DUKA_ONLY,,2025-04-24T04:15:00+00:00,,,,,,,3354.115,3358.285,5.657254449889325,3348.735,3349.300725444989
2025,DUKA_ONLY,,2025-04-24T04:20:00+00:00,,,,,,,3360.765,3360.985,5.765307703468665,3358.285,3358.8615307703467
2025,DUKA_ONLY,,2025-04-24T04:35:00+00:00,,,,,,,3365.945,3367.015,6.093345854417125,3361.055,3361.6643345854413
2025,DUKA_ONLY,,2025-04-25T01:00:00+00:00,,,,,,,3351.765,3352.655,1.2957152066630873,3349.805,3349.934571520666
2025,DUKA_ONLY,,2025-04-25T01:25:00+00:00,,,,,,,3362.985,3363.185,4.008012194003164,3357.067,3357.4678012194004
2025,DUKA_ONLY,,2025-05-02T05:50:00+00:00,,,,,,,3248.165,3248.985,3.0242053066652295,3247.695,3247.9974205306667
2025,DUKA_ONLY,,2025-05-02T06:25:00+00:00,,,,,,,3253.775,3253.785,3.0870794198888722,3252.215,3252.523707941989
2025,DUKA_ONLY,,2025-05-02T06:35:00+00:00,,,,,,,3255.095,3256.775,3.01074705082258,3254.655,3254.9560747050823
2025,DUKA_ONLY,,2025-05-05T03:00:00+00:00,,,,,,,3246.235,3248.455,0.8115369279999363,3241.085,3241.1661536928
2025,DUKA_ONLY,,2025-05-05T04:00:00+00:00,,,,,,,3253.065,3253.245,2.2590159116969915,3248.455,3248.6809015911695
2025,DUKA_ONLY,,2025-05-05T04:05:00+00:00,,,,,,,3255.725,3255.915,2.3040862037186263,3253.245,3253.4754086203716
2025,DUKA_ONLY,,2025-05-05T04:10:00+00:00,,,,,,,3258.915,3258.915,2.3923657605958644,3255.915,3256.1542365760597
2025,DUKA_ONLY,,2025-05-05T04:15:00+00:00,,,,,,,3260.815,3260.955,2.566482491981869,3258.915,3259.1716482491984
2025,DUKA_ONLY,,2025-05-05T04:20:00+00:00,,,,,,,3264.035,3264.825,2.669590885411719,3260.955,3261.221959088541
2025,DUKA_ONLY,,2025-05-05T04:30:00+00:00,,,,,,,3267.195,3270.245,2.9236268348702663,3266.325,3266.617362683487
2025,DUKA_ONLY,,2025-05-06T04:00:00+00:00,,,,,,,3349.335,3349.895,4.452729089696774,3337.495,3337.9402729089697
2025,DUKA_ONLY,,2025-05-06T04:05:00+00:00,,,,,,,3358.675,3358.885,5.090391297575584,3349.895,3350.4040391297576
2025,DUKA_ONLY,,2025-05-06T04:10:00+00:00,,,,,,,3361.745,3364.365,5.233220490605878,3358.885,3359.4083220490606
2025,DUKA_ONLY,,2025-05-06T04:35:00+00:00,,,,,,,3369.405,3369.995,6.04902576980303,3365.545,3366.1499025769804
2025,DUKA_ONLY,,2025-05-06T04:40:00+00:00,,,,,,,3378.205,3381.735,6.554809643388535,3369.995,3370.650480964339
2025,DUKA_ONLY,,2025-05-06T05:15:00+00:00,,,,,,,3385.095,3385.605,6.3936327213819375,3383.865,3384.504363272138
2025,DUKA_ONLY,,2025-05-08T04:50:00+00:00,,,,,,,3402.355,3404.895,4.974841723512368,3397.915,3398.412484172351
2025,DUKA_ONLY,,2025-05-08T04:55:00+00:00,,,,,,,3408.465,3409.495,5.143781600404319,3404.895,3405.4093781600404
2025,DUKA_ONLY,,2025-05-08T05:00:00+00:00,,,,,,,3411.225,3414.705,5.261368628946865,3409.495,3410.0211368628948
2025,DUKA_ONLY,,2025-05-09T07:55:00+00:00,,,,,,,3324.335,3327.155,4.1569139171404075,3323.545,3323.960691391714
2025,DUKA_ONLY,,2025-05-13T03:05:00+00:00,,,,,,,3242.105,3242.605,2.398909737268814,3241.525,3241.764890973727
2025,DUKA_ONLY,,2025-05-13T07:35:00+00:00,,,,,,,3244.955,3245.225,2.899135376967954,3243.095,3243.384913537697
2025,DUKA_ONLY,,2025-05-13T07:40:00+00:00,,,,,,,3246.755,3247.545,2.8906257071845434,3245.225,3245.5140625707186
2025,DUKA_ONLY,,2025-05-13T07:45:00+00:00,,,,,,,3247.885,3248.135,2.8441524423856643,3247.545,3247.8294152442386
2025,DUKA_ONLY,,2025-05-13T07:50:00+00:00,,,,,,,3251.465,3253.295,3.050998696500991,3248.135,3248.44009986965
2025,DUKA_ONLY,,2025-05-16T01:00:00+00:00,,,,,,,3241.375,3242.135,1.2142608919861615,3240.305,3240.4264260891982
2025,DUKA_ONLY,,2025-05-16T01:05:00+00:00,,,,,,,3245.045,3246.395,1.4975279711299956,3242.135,3242.284752797113
2025,DUKA_ONLY,,2025-05-16T01:20:00+00:00,,,,,,,3247.215,3247.385,1.7705571984594322,3246.395,3246.572055719846
2025,DUKA_ONLY,,2025-05-16T01:35:00+00:00,,,,,,,3248.905,3249.665,2.1228280484749886,3247.719,3247.9312828048473
2025,DUKA_ONLY,,2025-05-19T03:00:00+00:00,,,,,,,3236.025,3236.635,2.6395652423754186,3204.785,3205.0489565242374
2025,DUKA_ONLY,,2025-05-19T03:05:00+00:00,,,,,,,3242.855,3243.005,2.9860248679200487,3236.635,3236.933602486792
2025,DUKA_ONLY,,2025-05-19T03:10:00+00:00,,,,,,,3245.155,3247.755,3.144165948782922,3243.005,3243.3194165948785
2025,DUKA_ONLY,,2025-05-21T01:05:00+00:00,,,,,,,3298.285,3299.635,1.3587854172230078,3295.465,3295.6008785417225
2025,DUKA_ONLY,,2025-05-22T04:00:00+00:00,,,,,,,3326.265,3326.265,2.7473102352162124,3325.948,3326.2227310235216
2025,DUKA_ONLY,,2025-05-22T04:05:00+00:00,,,,,,,3326.575,3329.725,2.888716646986473,3326.265,3326.5538716646984
2025,DUKA_ONLY,,2025-05-22T04:15:00+00:00,,,,,,,3330.225,3332.455,3.217617925207699,3329.725,3330.0467617925206
2025,DUKA_ONLY,,2025-05-22T04:20:00+00:00,,,,,,,3337.185,3337.465,3.543502359121449,3332.455,3332.809350235912
2025,DUKA_ONLY,,2025-05-22T04:25:00+00:00,,,,,,,3338.055,3338.965,3.490180762041348,3337.465,3337.8140180762043
2025,DUKA_ONLY,,2025-05-22T04:40:00+00:00,,,,,,,3342.535,3342.665,3.688790865235035,3341.748,3342.1168790865236
2025,DUKA_ONLY,,2025-05-22T05:40:00+00:00,,,,,,,3343.298,3343.498,3.4369802292958473,3342.745,3343.0886980229293
2025,DUKA_ONLY,,2025-05-23T03:30:00+00:00,,,,,,,3307.798,3308.255,2.6078849890140563,3305.625,3305.8857884989015
2025,DUKA_ONLY,,2025-05-23T07:15:00+00:00,,,,,,,3309.825,3310.145,2.8644393392894596,3308.648,3308.9344439339293
2025,DUKA_ONLY,,2025-05-23T07:20:00+00:00,,,,,,,3311.365,3312.235,2.8805508150545087,3310.145,3310.4330550815052
2025,DUKA_ONLY,,2025-05-23T07:30:00+00:00,,,,,,,3313.645,3314.048,2.787622896654123,3313.348,3313.6267622896653
2025,DUKA_ONLY,,2025-05-27T01:00:00+00:00,,,,,,,3346.098,3346.448,0.38842491077453384,3343.348,3343.3868424910775
2025,DUKA_ONLY,,2025-05-27T01:30:00+00:00,,,,,,,3348.285,3348.515,1.0376501374255198,3347.248,3347.351765013743
2025,DUKA_ONLY,,2025-05-27T03:10:00+00:00,,,,,,,3349.198,3349.228,1.4542673816786593,3348.515,3348.6604267381676
2025,DUKA_ONLY,,2025-05-28T02:20:00+00:00,,,,,,,3308.798,3308.898,1.9363942898438813,3308.548,3308.741639428984
2025,DUKA_ONLY,,2025-05-28T03:05:00+00:00,,,,,,,3311.318,3311.478,1.8505166981311458,3310.848,3311.033051669813
2025,DUKA_ONLY,,2025-05-28T03:30:00+00:00,,,,,,,3314.885,3315.108,1.810082364117695,3312.298,3312.4790082364116
2025,DUKA_ONLY,,2025-06-02T03:00:00+00:00,,,,,,,3311.198,3312.248,1.7803555547724548,3295.595,3295.7730355554772
2025,DUKA_ONLY,,2025-06-02T03:05:00+00:00,,,,,,,3312.915,3313.295,1.8272587294315579,3312.248,3312.430725872943
2025,DUKA_ONLY,,2025-06-03T01:00:00+00:00,,,,,,,3384.638,3385.435,0.9306553904376287,3382.695,3382.788065539044
2025,DUKA_ONLY,,2025-06-03T01:10:00+00:00,,,,,,,3386.085,3386.595,1.1461773519589753,3385.475,3385.5896177351956
2025,DUKA_ONLY,,2025-06-03T01:15:00+00:00,,,,,,,3387.895,3387.975,1.2628789696761733,3386.595,3386.7212878969676
2025,DUKA_ONLY,,2025-06-04T01:00:00+00:00,,,,,,,3356.498,3356.735,0.7180741431982279,3355.245,3355.3168074143196
2025,DUKA_ONLY,,2025-06-04T01:20:00+00:00,,,,,,,3357.298,3357.848,0.8115796960611399,3356.798,3356.879157969606
2025,DUKA_ONLY,,2025-06-04T02:05:00+00:00,,,,,,,3359.148,3359.148,0.8912493613578975,3358.248,3358.3371249361358
2025,DUKA_ONLY,,2025-06-04T02:10:00+00:00,,,,,,,3360.098,3360.248,0.9142315498323471,3359.148,3359.2394231549833
2025,DUKA_ONLY,,2025-06-04T04:20:00+00:00,,,,,,,3363.398,3363.798,3.0383218169576884,3361.355,3361.6588321816957
2025,DUKA_ONLY,,2025-06-04T04:30:00+00:00,,,,,,,3366.848,3367.088,3.0774968727849745,3364.045,3364.3527496872784
2025,DUKA_ONLY,,2025-06-04T04:35:00+00:00,,,,,,,3369.045,3369.345,3.1126756675860268,3367.088,3367.3992675667587
2025,DUKA_ONLY,,2025-06-04T04:50:00+00:00,,,,,,,3370.088,3370.378,3.0700373329761534,3369.345,3369.6520037332975
2025,DUKA_ONLY,,2025-06-05T04:00:00+00:00,,,,,,,3382.855,3383.445,2.545907046653039,3381.875,3382.129590704665
2025,DUKA_ONLY,,2025-06-06T03:00:00+00:00,,,,,,,3363.448,3363.648,1.7226824711131563,3363.208,3363.3802682471114
2025,DUKA_ONLY,,2025-06-06T04:20:00+00:00,,,,,,,3365.658,3365.855,2.343004371642685,3364.035,3364.269300437164
2025,DUKA_ONLY,,2025-06-06T04:25:00+00:00,,,,,,,3368.195,3368.295,2.3640040593825056,3365.855,3366.091400405938
2025,DUKA_ONLY,,2025-06-06T06:40:00+00:00,,,,,,,3370.005,3370.455,2.2781799401928446,3369.065,3369.2928179940195
2025,DUKA_ONLY,,2025-06-06T06:45:00+00:00,,,,,,,3370.695,3370.935,2.188309944464783,3370.455,3370.6738309944462
2025,DUKA_ONLY,,2025-06-11T04:15:00+00:00,,,,,,,3335.598,3336.255,2.589578091489854,3334.995,3335.2539578091487
2025,DUKA_ONLY,,2025-06-11T05:45:00+00:00,,,,,,,3337.865,3338.495,2.671933030795164,3337.279,3337.5461933030797
2025,DUKA_ONLY,,2025-06-11T05:50:00+00:00,,,,,,,3338.755,3339.335,2.5944378143097944,3338.495,3338.754443781431
2025,DUKA_ONLY,,2025-06-11T06:30:00+00:00,,,,,,,3340.748,3341.048,2.358446104576976,3339.598,3339.8338446104576
2025,DUKA_ONLY,,2025-06-11T07:10:00+00:00,,,,,,,3342.535,3342.735,2.1201346912821784,3341.475,3341.687013469128
2025,DUKA_ONLY,,2025-06-12T01:00:00+00:00,,,,,,,3357.698,3359.405,1.2690238865933146,3355.595,3355.721902388659
2025,DUKA_ONLY,,2025-06-12T01:05:00+00:00,,,,,,,3359.725,3360.015,1.459807894693796,3359.405,3359.5509807894696
2025,DUKA_ONLY,,2025-06-12T01:10:00+00:00,,,,,,,3360.805,3361.415,1.5483930450727974,3360.015,3360.169839304507
2025,DUKA_ONLY,,2025-06-12T01:15:00+00:00,,,,,,,3362.575,3363.945,1.7663649704247664,3361.415,3361.5916364970426
2025,DUKA_ONLY,,2025-06-12T01:35:00+00:00,,,,,,,3367.055,3367.615,1.9417988838062872,3365.425,3365.6191798883806
2025,DUKA_ONLY,,2025-06-12T01:55:00+00:00,,,,,,,3368.698,3369.448,2.0380807455328642,3367.615,3367.818808074553
2025,DUKA_ONLY,,2025-06-12T02:00:00+00:00,,,,,,,3371.628,3373.168,2.2141464065662424,3369.448,3369.6694146406567
2025,DUKA_ONLY,,2025-06-13T02:55:00+00:00,,,,,,,3395.545,3395.955,2.001259628686963,3391.698,3391.8981259628686
2025,DUKA_ONLY,,2025-06-13T03:00:00+00:00,,,,,,,3400.875,3402.995,2.68188394092359,3395.955,3396.223188394092
2025,DUKA_ONLY,,2025-06-13T03:05:00+00:00,,,,,,,3410.648,3410.848,3.3269636594290293,3402.995,3403.3276963659428
2025,DUKA_ONLY,,2025-06-13T03:25:00+00:00,,,,,,,3413.345,3414.248,4.895687554064773,3412.098,3412.587568755406
2025,DUKA_ONLY,,2025-06-13T03:30:00+00:00,,,,,,,3415.195,3416.648,5.07120987163158,3414.248,3414.755120987163
2025,DUKA_ONLY,,2025-06-13T03:50:00+00:00,,,,,,,3417.498,3418.708,5.66668456225715,3416.648,3417.214668456226
2025,DUKA_ONLY,,2025-06-13T04:10:00+00:00,,,,,,,3425.445,3425.445,6.00183550558691,3420.915,3421.5151835505585
2025,DUKA_ONLY,,2025-06-13T04:15:00+00:00,,,,,,,3426.385,3426.855,5.913132969473575,3425.445,3426.0363132969474
2025,DUKA_ONLY,,2025-06-13T05:20:00+00:00,,,,,,,3433.898,3434.548,4.9276104132847225,3433.135,3433.6277610413285
2025,DUKA_ONLY,,2025-06-13T05:30:00+00:00,,,,,,,3436.698,3439.055,5.040745713495495,3435.748,3436.2520745713496
2025,DUKA_ONLY,,2025-06-13T05:50:00+00:00,,,,,,,3442.615,3442.665,4.838322191876968,3439.925,3440.408832219188
2025,DUKA_ONLY,,2025-06-16T03:15:00+00:00,,,,,,,3446.025,3447.035,1.4942953501674807,3445.655,3445.804429535017
2025,DUKA_ONLY,,2025-06-16T03:20:00+00:00,,,,,,,3449.295,3450.348,1.7099171108697977,3447.035,3447.205991711087
2025,DUKA_ONLY,,2025-06-18T01:00:00+00:00,,,,,,,3395.325,3395.998,1.3692181755148984,3392.298,3392.434921817551
2025,DUKA_ONLY,,2025-06-25T03:05:00+00:00,,,,,,,3325.975,3326.355,1.0761496961459296,3325.285,3325.3926149696144
2025,DUKA_ONLY,,2025-06-25T03:20:00+00:00,,,,,,,3327.725,3328.465,1.1665127122568106,3327.195,3327.311651271226
2025,DUKA_ONLY,,2025-06-25T04:10:00+00:00,,,,,,,3330.698,3331.055,1.6863096448818602,3329.855,3330.0236309644883
2025,DUKA_ONLY,,2025-06-25T04:15:00+00:00,,,,,,,3332.285,3332.835,1.729216098818889,3331.055,3331.227921609882
2025,DUKA_ONLY,,2025-06-25T04:45:00+00:00,,,,,,,3333.495,3333.615,1.941565624591412,3333.148,3333.3421565624594
2025,DUKA_ONLY,,2025-06-25T04:55:00+00:00,,,,,,,3334.535,3334.705,1.8887530130405514,3334.305,3334.493875301304
2025,DUKA_ONLY,,2025-06-26T02:05:00+00:00,,,,,,,3336.098,3336.248,1.447185216343955,3335.848,3335.9927185216343
2025,DUKA_ONLY,,2025-06-26T02:10:00+00:00,,,,,,,3336.905,3337.215,1.4307434151765366,3336.248,3336.3910743415177
2025,DUKA_ONLY,,2025-06-26T02:50:00+00:00,,,,,,,3339.105,3339.648,1.3387146043350069,3337.998,3338.1318714604336
2025,DUKA_ONLY,,2025-06-26T05:50:00+00:00,,,,,,,3340.765,3341.648,2.1467305282620868,3340.365,3340.579673052826
2025,DUKA_ONLY,,2025-06-26T06:05:00+00:00,,,,,,,3342.015,3342.348,2.2062663886996177,3341.648,3341.86862663887
2025,DUKA_ONLY,,2025-06-30T05:05:00+00:00,,,,,,,3280.998,3282.265,3.244620498626653,3280.355,3280.6794620498627
2025,DUKA_ONLY,,2025-06-30T07:50:00+00:00,,,,,,,3285.448,3286.048,2.136065006351364,3283.098,3283.311606500635
2025,DUKA_ONLY,,2025-07-01T01:50:00+00:00,,,,,,,3311.798,3314.398,1.6496640712641715,3309.448,3309.6129664071264
2025,DUKA_ONLY,,2025-07-01T04:00:00+00:00,,,,,,,3315.798,3315.915,1.7141933433254772,3314.715,3314.886419334333
2025,DUKA_ONLY,,2025-07-01T04:05:00+00:00,,,,,,,3317.848,3317.865,1.74653667594508,3315.915,3316.0896536675946
2025,DUKA_ONLY,,2025-07-01T04:10:00+00:00,,,,,,,3318.615,3318.735,1.7367840562347263,3317.865,3318.038678405623
2025,DUKA_ONLY,,2025-07-01T04:15:00+00:00,,,,,,,3319.298,3320.145,1.7705851950751055,3318.735,3318.912058519508
2025,DUKA_ONLY,,2025-07-01T07:15:00+00:00,,,,,,,3322.735,3322.898,2.0820145801877614,3322.405,3322.613201458019
2025,DUKA_ONLY,,2025-07-03T01:10:00+00:00,,,,,,,3360.315,3360.535,0.7388167472664318,3359.815,3359.8888816747267
2025,DUKA_ONLY,,2025-07-03T01:15:00+00:00,,,,,,,3361.925,3362.948,0.8812584081759524,3360.535,3360.6231258408175
2025,DUKA_ONLY,,2025-07-03T01:25:00+00:00,,,,,,,3364.375,3365.455,1.111799341743546,3363.415,3363.5261799341743
2025,DUKA_ONLY,,2025-07-04T04:20:00+00:00,,,,,,,3333.918,3334.075,1.6355615198107765,3333.725,3333.888556151981
2025,DUKA_ONLY,,2025-07-04T06:30:00+00:00,,,,,,,3334.735,3334.875,1.776290635872396,3334.075,3334.252629063587
2025,DUKA_ONLY,,2025-07-04T06:35:00+00:00,,,,,,,3337.275,3337.305,1.882269876167208,3334.875,3335.063226987617
2025,DUKA_ONLY,,2025-07-04T06:40:00+00:00,,,,,,,3337.548,3337.855,1.8342505992981244,3337.305,3337.48842505993
2025,DUKA_ONLY,,2025-07-04T07:05:00+00:00,,,,,,,3339.148,3340.198,1.7426559427715569,3338.698,3338.872265594277
2025,DUKA_ONLY,,2025-07-08T01:05:00+00:00,,,,,,,3342.398,3344.798,1.1306879577727258,3341.448,3341.561068795777
2025,DUKA_ONLY,,2025-07-10T01:10:00+00:00,,,,,,,3317.325,3317.425,0.9142613570004681,3316.895,3316.9864261357
2025,DUKA_ONLY,,2025-07-10T01:15:00+00:00,,,,,,,3319.495,3319.635,1.0403855457861697,3317.425,3317.5290385545786
2025,DUKA_ONLY,,2025-07-10T01:20:00+00:00,,,,,,,3319.865,3320.498,1.0505722925157286,3319.635,3319.7400572292518
2025,DUKA_ONLY,,2025-07-10T03:40:00+00:00,,,,,,,3321.455,3321.698,1.4810569636048971,3320.955,3321.10310569636
2025,DUKA_ONLY,,2025-07-10T04:25:00+00:00,,,,,,,3323.848,3324.165,1.9261127249148187,3322.875,3323.0676112724914
2025,DUKA_ONLY,,2025-07-10T04:35:00+00:00,,,,,,,3325.535,3326.075,1.9559186250540888,3325.198,3325.393591862505
2025,DUKA_ONLY,,2025-07-11T03:30:00+00:00,,,,,,,3332.198,3335.538,2.0174281884155274,3327.935,3328.1367428188414
2025,DUKA_ONLY,,2025-07-14T03:00:00+00:00,,,,,,,3365.515,3368.275,1.0706898284687476,3359.549,3359.656068982847
2025,DUKA_ONLY,,2025-07-14T03:20:00+00:00,,,,,,,3369.025,3369.285,1.4705781494923016,3368.315,3368.4620578149493
2025,DUKA_ONLY,,2025-07-14T03:25:00+00:00,,,,,,,3370.265,3371.848,1.5914654245285664,3369.285,3369.444146542453
2025,DUKA_ONLY,,2025-07-15T06:00:00+00:00,,,,,,,3352.625,3352.695,1.7282929396062774,3351.885,3352.057829293961
2025,DUKA_ONLY,,2025-07-15T06:05:00+00:00,,,,,,,3353.675,3354.115,1.7227005867772316,3352.695,3352.867270058678
2025,DUKA_ONLY,,2025-07-15T06:40:00+00:00,,,,,,,3357.165,3357.215,1.734211795685163,3356.505,3356.6784211795684
2025,DUKA_ONLY,,2025-07-15T06:50:00+00:00,,,,,,,3357.775,3358.095,1.6627642524019783,3357.515,3357.68127642524
2025,DUKA_ONLY,,2025-07-15T07:10:00+00:00,,,,,,,3360.745,3360.865,1.6513485998764164,3358.598,3358.7631348599875
2025,DUKA_ONLY,,2025-07-16T04:15:00+00:00,,,,,,,3332.785,3333.565,1.6431714925661012,3332.475,3332.6393171492564
2025,DUKA_ONLY,,2025-07-16T07:30:00+00:00,,,,,,,3336.888,3337.768,1.584639362689491,3334.915,3335.073463936269
2025,DUKA_ONLY,,2025-07-16T07:55:00+00:00,,,,,,,3338.005,3338.358,1.4787923686765387,3337.768,3337.9158792368676
2025,DUKA_ONLY,,2025-07-18T01:00:00+00:00,,,,,,,3341.358,3341.508,0.5699676517726803,3340.895,3340.9519967651772
2025,DUKA_ONLY,,2025-07-18T01:35:00+00:00,,,,,,,3342.348,3342.998,1.1209534687103546,3341.718,3341.830095346871
2025,DUKA_ONLY,,2025-07-18T01:45:00+00:00,,,,,,,3343.315,3343.895,1.2359700827145255,3342.998,3343.1215970082717
2025,DUKA_ONLY,,2025-07-21T04:05:00+00:00,,,,,,,3357.115,3357.345,1.250817977025178,3354.765,3354.8900817977024
2025,DUKA_ONLY,,2025-07-21T04:25:00+00:00,,,,,,,3357.898,3358.255,1.270272887385846,3357.615,3357.7420272887384
2025,DUKA_ONLY,,2025-07-22T02:20:00+00:00,,,,,,,3401.245,3401.335,0.840533576739921,3400.965,3401.049053357674
2025,DUKA_ONLY,,2025-07-23T03:20:00+00:00,,,,,,,3437.275,3438.655,2.24809768364493,3434.798,3435.0228097683644
2025,DUKA_ONLY,,2025-07-28T06:45:00+00:00,,,,,,,3339.275,3339.685,1.666528828968236,3339.005,3339.171652882897
2025,DUKA_ONLY,,2025-07-28T06:50:00+00:00,,,,,,,3340.465,3340.515,1.6646339126133531,3339.685,3339.8514633912614
2025,DUKA_ONLY,,2025-07-28T06:55:00+00:00,,,,,,,3343.095,3343.155,1.762874347426715,3340.515,3340.6912874347427
2025,DUKA_ONLY,,2025-07-29T04:40:00+00:00,,,,,,,3319.548,3320.348,2.2324700059301645,3318.785,3319.0082470005927
2025,DUKA_ONLY,,2025-07-30T03:45:00+00:00,,,,,,,3330.995,3331.135,1.3371221350114793,3330.648,3330.781712213501
2025,DUKA_ONLY,,2025-07-31T05:55:00+00:00,,,,,,,3297.085,3297.298,2.3863970136366257,3295.685,3295.9236397013638
2025,DUKA_ONLY,,2025-08-05T02:10:00+00:00,,,,,,,3378.555,3378.765,0.9419990231741716,3377.998,3378.0921999023176
2025,DUKA_ONLY,,2025-08-05T02:25:00+00:00,,,,,,,3379.085,3379.245,0.998921958423349,3378.765,3378.864892195842
2025,DUKA_ONLY,,2025-08-06T03:25:00+00:00,,,,,,,3384.748,3385.048,1.0810306385366488,3383.998,3384.106103063854
2025,DUKA_ONLY,,2025-08-07T04:30:00+00:00,,,,,,,3378.845,3380.175,2.1797156234323327,3378.055,3378.272971562343
2025,DUKA_ONLY,,2025-08-07T04:40:00+00:00,,,,,,,3381.555,3381.935,2.2393415324492922,3380.175,3380.398934153245
2025,DUKA_ONLY,,2025-08-08T01:00:00+00:00,,,,,,,3407.285,3407.355,1.8622413422462736,3401.798,3401.9842241342244
2025,DUKA_ONLY,,2025-08-14T02:35:00+00:00,,,,,,,3362.275,3362.348,1.012899814171878,3361.998,3362.0992899814173
2025,DUKA_ONLY,,2025-08-14T02:40:00+00:00,,,,,,,3362.635,3362.915,1.033406970302471,3362.348,3362.45134069703
2025,DUKA_ONLY,,2025-08-14T03:00:00+00:00,,,,,,,3365.265,3365.445,1.156281145325118,3363.255,3363.370628114533
2025,DUKA_ONLY,,2025-08-14T03:05:00+00:00,,,,,,,3367.025,3367.705,1.2508324920876108,3365.445,3365.570083249209
2025,DUKA_ONLY,,2025-08-14T03:15:00+00:00,,,,,,,3369.095,3369.855,1.3425035263408285,3368.375,3368.509250352634
2025,DUKA_ONLY,,2025-08-14T03:20:00+00:00,,,,,,,3371.895,3371.995,1.5187532744593368,3369.855,3370.006875327446
2025,DUKA_ONLY,,2025-08-14T03:25:00+00:00,,,,,,,3372.755,3372.895,1.5366994691408116,3371.995,3372.148669946914
2025,DUKA_ONLY,,2025-08-15T06:30:00+00:00,,,,,,,3343.498,3344.048,1.3486169773787096,3340.995,3341.129861697738
2025,DUKA_ONLY,,2025-08-15T06:45:00+00:00,,,,,,,3344.255,3344.255,1.3801864064508336,3344.048,3344.1860186406448
2025,DUKA_ONLY,,2025-08-18T04:50:00+00:00,,,,,,,3346.425,3347.245,2.022862921115661,3345.705,3345.9072862921116
2025,DUKA_ONLY,,2025-08-18T06:30:00+00:00,,,,,,,3347.698,3347.755,1.5198839398197321,3347.375,3347.526988393982
2025,DUKA_ONLY,,2025-08-18T06:45:00+00:00,,,,,,,3350.648,3351.098,1.541826900795912,3348.375,3348.52918269008
2025,DUKA_ONLY,,2025-08-18T07:35:00+00:00,,,,,,,3354.215,3354.355,1.7137476005395686,3354.015,3354.1863747600537
2025,DUKA_ONLY,,2025-08-18T07:40:00+00:00,,,,,,,3354.935,3355.465,1.6827656290724708,3354.355,3354.523276562907
2025,DUKA_ONLY,,2025-08-18T07:45:00+00:00,,,,,,,3356.405,3356.555,1.6789966555672697,3355.465,3355.632899665557
2025,DUKA_ONLY,,2025-08-18T07:55:00+00:00,,,,,,,3357.345,3358.035,1.6465838509738102,3356.745,3356.9096583850974
2025,DUKA_ONLY,,2025-08-19T03:10:00+00:00,,,,,,,3336.025,3337.598,1.7088710318584028,3334.705,3334.875887103186
2025,DUKA_ONLY,,2025-08-19T03:15:00+00:00,,,,,,,3338.048,3339.035,1.8053802438685131,3337.598,3337.7785380243868
2025,DUKA_ONLY,,2025-08-19T06:05:00+00:00,,,,,,,3339.625,3339.948,1.9872413166479368,3339.035,3339.2337241316645
2025,DUKA_ONLY,,2025-08-19T06:10:00+00:00,,,,,,,3341.035,3341.055,2.0474383654587935,3339.948,3340.1527438365456
2025,DUKA_ONLY,,2025-08-20T07:05:00+00:00,,,,,,,3318.698,3318.698,1.4662386757792927,3318.385,3318.531623867578
2025,DUKA_ONLY,,2025-08-20T07:15:00+00:00,,,,,,,3319.035,3319.205,1.3828180418709268,3318.745,3318.883281804187
2025,DUKA_ONLY,,2025-08-20T07:30:00+00:00,,,,,,,3319.548,3319.755,1.3594938913958972,3319.245,3319.3809493891395
2025,DUKA_ONLY,,2025-08-20T07:35:00+00:00,,,,,,,3320.298,3320.448,1.344744327724747,3319.755,3319.8894744327727
2025,DUKA_ONLY,,2025-08-21T01:00:00+00:00,,,,,,,3350.925,3351.165,0.6442651315835025,3350.198,3350.262426513158
2025,DUKA_ONLY,,2025-08-21T01:05:00+00:00,,,,,,,3351.248,3351.935,0.6782461936132446,3351.165,3351.2328246193615
2025,DUKA_ONLY,,2025-08-26T03:20:00+00:00,,,,,,,3377.975,3380.165,3.592621526435688,3375.205,3375.5642621526436
2025,DUKA_ONLY,,2025-08-26T03:30:00+00:00,,,,,,,3381.215,3381.485,3.7042961120797755,3380.165,3380.5354296112077
2025,DUKA_ONLY,,2025-09-01T04:55:00+00:00,,,,,,,3456.855,3458.935,2.7883207904769884,3453.565,3453.843832079048
2025,DUKA_ONLY,,2025-09-01T05:05:00+00:00,,,,,,,3465.735,3470.725,3.623649048931664,3458.935,3459.297364904893
2025,DUKA_ONLY,,2025-09-01T05:40:00+00:00,,,,,,,3475.175,3476.298,4.511226115763347,3471.895,3472.3461226115764
2025,DUKA_ONLY,,2025-09-01T05:55:00+00:00,,,,,,,3483.175,3484.335,4.717464933065641,3478.155,3478.6267464933067
2025,DUKA_ONLY,,2025-09-02T02:20:00+00:00,,,,,,,3479.498,3480.998,1.4721948463060472,3479.155,3479.3022194846308
2025,DUKA_ONLY,,2025-09-02T03:30:00+00:00,,,,,,,3483.825,3483.935,1.9037619792824172,3483.615,3483.805376197928
2025,DUKA_ONLY,,2025-09-02T04:10:00+00:00,,,,,,,3488.625,3489.265,2.760755702322691,3484.798,3485.0740755702323
2025,DUKA_ONLY,,2025-09-02T04:15:00+00:00,,,,,,,3492.095,3494.055,3.015701723585351,3489.265,3489.5665701723583
2025,DUKA_ONLY,,2025-09-02T04:25:00+00:00,,,,,,,3497.315,3497.625,3.1763448534996086,3495.805,3496.12263448535
2025,DUKA_ONLY,,2025-09-02T04:35:00+00:00,,,,,,,3498.595,3499.268,3.1196646951093476,3497.855,3498.166966469511
2025,DUKA_ONLY,,2025-09-02T04:40:00+00:00,,,,,,,3502.115,3502.225,3.1975457883158254,3499.268,3499.5877545788317
2025,DUKA_ONLY,,2025-09-03T03:20:00+00:00,,,,,,,3543.975,3544.598,2.7778042224644572,3539.849,3540.1267804222466
2025,DUKA_ONLY,,2025-09-05T06:30:00+00:00,,,,,,,3556.995,3557.695,2.4351891561604067,3556.355,3556.598518915616
2025,DUKA_ONLY,,2025-09-09T04:15:00+00:00,,,,,,,3642.785,3642.948,2.66186442163714,3641.715,3641.981186442164
2025,DUKA_ONLY,,2025-09-09T05:05:00+00:00,,,,,,,3652.815,3652.925,3.2392878151191744,3647.605,3647.928928781512
2025,DUKA_ONLY,,2025-09-09T07:40:00+00:00,,,,,,,3654.875,3655.215,2.4342642494656137,3654.448,3654.6914264249463
2025,DUKA_ONLY,,2025-09-10T07:50:00+00:00,,,,,,,3643.135,3643.135,1.7500891008254462,3642.795,3642.9700089100825
2025,DUKA_ONLY,,2025-09-12T04:00:00+00:00,,,,,,,3639.748,3641.348,2.016193642069909,3638.075,3638.276619364207
2025,DUKA_ONLY,,2025-09-12T04:10:00+00:00,,,,,,,3642.448,3643.555,2.172626150560295,3641.348,3641.565262615056
2025,DUKA_ONLY,,2025-09-12T05:05:00+00:00,,,,,,,3648.765,3649.585,2.709882582563515,3647.345,3647.615988258256
2025,DUKA_ONLY,,2025-09-12T06:55:00+00:00,,,,,,,3652.735,3653.065,1.9821930095892992,3652.135,3652.333219300959
2025,DUKA_ONLY,,2025-09-16T03:55:00+00:00,,,,,,,3686.215,3686.645,1.810287064271218,3685.065,3685.2460287064273
2025,DUKA_ONLY,,2025-09-17T02:05:00+00:00,,,,,,,3694.098,3694.098,0.9569610760434122,3693.625,3693.7206961076045
2025,DUKA_ONLY,,2025-09-19T04:05:00+00:00,,,,,,,3649.535,3650.098,2.272960544638409,3646.905,3647.132296054464
2025,DUKA_ONLY,,2025-09-19T06:20:00+00:00,,,,,,,3652.625,3654.955,2.8941680119064888,3651.005,3651.294416801191
2025,DUKA_ONLY,,2025-09-19T06:40:00+00:00,,,,,,,3655.265,3655.285,2.6772151860698825,3654.955,3655.2227215186067
2025,DUKA_ONLY,,2025-09-19T07:05:00+00:00,,,,,,,3659.265,3659.335,2.65631287945771,3656.445,3656.710631287946
2025,DUKA_ONLY,,2025-09-22T03:00:00+00:00,,,,,,,3686.995,3688.035,0.33210758186982364,3685.089,3685.122210758187
2025,DUKA_ONLY,,2025-09-22T03:10:00+00:00,,,,,,,3690.298,3690.565,0.7761539864081619,3688.035,3688.1126153986406
2025,DUKA_ONLY,,2025-09-22T04:10:00+00:00,,,,,,,3694.465,3695.155,1.9449607622526028,3693.425,3693.6194960762255
2025,DUKA_ONLY,,2025-09-23T04:05:00+00:00,,,,,,,3752.215,3755.225,2.346932879307491,3750.435,3750.669693287931
2025,DUKA_ONLY,,2025-09-23T04:15:00+00:00,,,,,,,3756.698,3757.735,2.4674523296069695,3755.225,3755.4717452329605
2025,DUKA_ONLY,,2025-09-25T03:00:00+00:00,,,,,,,3745.675,3745.675,1.944354209670124,3745.125,3745.3194354209672
2025,DUKA_ONLY,,2025-09-25T03:05:00+00:00,,,,,,,3747.475,3748.295,1.997614623265119,3745.675,3745.8747614623267
2025,DUKA_ONLY,,2025-09-25T03:10:00+00:00,,,,,,,3749.785,3749.845,2.06135643588903,3748.295,3748.501135643589
2025,DUKA_ONLY,,2025-09-25T03:15:00+00:00,,,,,,,3750.065,3751.348,2.090045261896938,3749.845,3750.0540045261896
2025,DUKA_ONLY,,2025-09-29T03:50:00+00:00,,,,,,,3786.625,3786.755,2.1970604877615836,3786.145,3786.364706048776
2025,DUKA_ONLY,,2025-09-29T05:15:00+00:00,,,,,,,3790.995,3791.135,4.6277504971230865,3788.448,3788.9107750497124
2025,DUKA_ONLY,,2025-09-29T05:20:00+00:00,,,,,,,3792.348,3798.465,4.83076831875717,3791.135,3791.618076831876
2025,DUKA_ONLY,,2025-09-29T07:30:00+00:00,,,,,,,3801.875,3801.985,3.174086778521143,3799.465,3799.7824086778523
2025,DUKA_ONLY,,2025-09-29T07:35:00+00:00,,,,,,,3805.985,3806.055,3.2809377229124626,3801.985,3802.3130937722913
2025,DUKA_ONLY,,2025-09-29T07:50:00+00:00,,,,,,,3808.348,3808.735,3.30608607042225,3807.645,3807.9756086070424
2025,DUKA_ONLY,,2025-09-30T03:00:00+00:00,,,,,,,3835.485,3835.515,1.864902855872558,3834.005,3834.1914902855874
2025,DUKA_ONLY,,2025-09-30T04:20:00+00:00,,,,,,,3847.235,3847.265,3.244380090347588,3843.548,3843.8724380090343
2025,DUKA_ONLY,,2025-09-30T06:10:00+00:00,,,,,,,3853.295,3854.495,3.1592246020712067,3851.755,3852.0709224602074
2025,DUKA_ONLY,,2025-09-30T06:15:00+00:00,,,,,,,3854.955,3855.605,3.1742799876375414,3854.495,3854.8124279987637
2025,DUKA_ONLY,,2025-09-30T06:20:00+00:00,,,,,,,3855.985,3856.235,3.0639742742348677,3855.605,3855.9113974274237
2025,DUKA_ONLY,,2025-09-30T06:25:00+00:00,,,,,,,3857.985,3859.433,3.1142618260752366,3856.235,3856.546426182608
2025,DUKA_ONLY,,2025-09-30T06:40:00+00:00,,,,,,,3863.655,3863.685,3.066255915410784,3861.115,3861.4216255915408
2025,DUKA_ONLY,,2025-09-30T06:50:00+00:00,,,,,,,3866.055,3867.015,3.169883927063375,3865.465,3865.7819883927064
2025,DUKA_ONLY,,2025-10-01T02:05:00+00:00,,,,,,,3861.548,3861.915,1.7351721532675493,3861.085,3861.2585172153267
2025,DUKA_ONLY,,2025-10-01T03:00:00+00:00,,,,,,,3864.325,3864.325,1.5814932700804234,3862.865,3863.023149327008
2025,DUKA_ONLY,,2025-10-01T04:40:00+00:00,,,,,,,3865.875,3866.105,1.9850130467943448,3865.595,3865.793501304679
2025,DUKA_ONLY,,2025-10-01T04:45:00+00:00,,,,,,,3868.255,3868.585,2.0532264005947525,3866.105,3866.3103226400594
2025,DUKA_ONLY,,2025-10-01T05:00:00+00:00,,,,,,,3870.615,3871.005,2.1445256567444235,3868.795,3869.0094525656746
2025,DUKA_ONLY,,2025-10-01T05:05:00+00:00,,,,,,,3872.895,3875.295,2.3256309669769855,3871.005,3871.2375630966976
2025,DUKA_ONLY,,2025-10-03T02:30:00+00:00,,,,,,,3859.685,3859.985,1.3122907041178673,3859.098,3859.2292290704117
2025,DUKA_ONLY,,2025-10-03T02:35:00+00:00,,,,,,,3860.905,3862.625,1.4371270823951585,3859.985,3860.1287127082396
2025,DUKA_ONLY,,2025-10-06T03:00:00+00:00,,,,,,,3904.755,3909.795,1.757652874293098,3889.535,3889.7107652874292
2025,DUKA_ONLY,,2025-10-06T04:45:00+00:00,,,,,,,3912.025,3912.625,3.3421485616401307,3910.935,3911.269214856164
2025,DUKA_ONLY,,2025-10-06T04:50:00+00:00,,,,,,,3916.055,3916.225,3.4684236643801305,3912.625,3912.971842366438
2025,DUKA_ONLY,,2025-10-06T04:55:00+00:00,,,,,,,3917.845,3918.115,3.439250545495832,3916.225,3916.5689250545497
2025,DUKA_ONLY,,2025-10-06T05:00:00+00:00,,,,,,,3921.765,3924.545,3.7007326493889803,3918.115,3918.485073264939
2025,DUKA_ONLY,,2025-10-06T06:40:00+00:00,,,,,,,3928.305,3929.015,3.1853793282520306,3926.248,3926.566537932825
2025,DUKA_ONLY,,2025-10-06T06:45:00+00:00,,,,,,,3930.245,3931.135,3.172852233376901,3929.015,3929.3322852233377
2025,DUKA_ONLY,,2025-10-06T07:25:00+00:00,,,,,,,3933.535,3934.275,3.0229077346613606,3933.115,3933.417290773466
2025,DUKA_ONLY,,2025-10-06T07:30:00+00:00,,,,,,,3934.775,3935.475,3.0441286107569567,3934.275,3934.579412861076
2025,DUKA_ONLY,,2025-10-06T07:35:00+00:00,,,,,,,3936.085,3936.115,3.053833709988591,3935.475,3935.7803833709986
2025,DUKA_ONLY,,2025-10-06T07:40:00+00:00,,,,,,,3939.735,3939.755,3.152131302132284,3936.115,3936.430213130213
2025,DUKA_ONLY,,2025-10-07T01:10:00+00:00,,,,,,,3970.935,3971.955,1.8091137503794028,3969.925,3970.105911375038
2025,DUKA_ONLY,,2025-10-07T01:20:00+00:00,,,,,,,3972.785,3972.955,1.9817868561944758,3972.515,3972.7131786856194
2025,DUKA_ONLY,,2025-10-08T02:45:00+00:00,,,,,,,3995.355,3995.485,1.97887844449229,3991.945,3992.1428878444494
2025,DUKA_ONLY,,2025-10-08T03:00:00+00:00,,,,,,,3996.985,3997.295,2.0667623697338136,3995.775,3995.9816762369733
2025,DUKA_ONLY,,2025-10-08T04:55:00+00:00,,,,,,,4000.345,4000.525,3.3273680242144765,3999.048,3999.3807368024213
2025,DUKA_ONLY,,2025-10-08T05:10:00+00:00,,,,,,,4004.335,4004.415,3.5056175470842312,4000.798,4001.148561754708
2025,DUKA_ONLY,,2025-10-08T05:45:00+00:00,,,,,,,4007.655,4008.325,3.114349321494069,4007.105,4007.4164349321495
2025,DUKA_ONLY,,2025-10-08T05:50:00+00:00,,,,,,,4010.125,4010.615,3.1404672271016048,4008.325,4008.63904672271
2025,DUKA_ONLY,,2025-10-08T05:55:00+00:00,,,,,,,4011.435,4011.545,3.09686242516579,4010.615,4010.924686242516
2025,DUKA_ONLY,,2025-10-08T06:00:00+00:00,,,,,,,4012.385,4012.415,3.0478008233682234,4011.545,4011.849780082337
2025,DUKA_ONLY,,2025-10-08T06:45:00+00:00,,,,,,,4015.775,4015.795,2.840566916074521,4014.348,4014.6320566916074
2025,DUKA_ONLY,,2025-10-08T07:45:00+00:00,,,,,,,4021.675,4021.825,2.718567160876129,4021.285,4021.5568567160876
2025,DUKA_ONLY,,2025-10-08T07:50:00+00:00,,,,,,,4025.835,4026.215,2.8486695065278314,4021.825,4022.1098669506528
2025,DUKA_ONLY,,2025-10-08T07:55:00+00:00,,,,,,,4026.565,4027.075,2.86662168463298,4026.215,4026.5016621684636
2025,DUKA_ONLY,,2025-10-13T03:00:00+00:00,,,,,,,4032.248,4035.895,1.6640833665649597,4021.075,4021.241408336656
2025,DUKA_ONLY,,2025-10-13T03:35:00+00:00,,,,,,,4051.815,4052.915,4.822573095552528,4041.335,4041.8172573095553
2025,DUKA_ONLY,,2025-10-13T03:40:00+00:00,,,,,,,4056.605,4057.015,5.233103588727327,4052.915,4053.4383103588725
2025,DUKA_ONLY,,2025-10-14T02:30:00+00:00,,,,,,,4125.905,4126.015,3.0024914446450492,4117.005,4117.305249144465
2025,DUKA_ONLY,,2025-10-14T02:35:00+00:00,,,,,,,4129.745,4130.945,3.1715991985989667,4126.015,4126.33215991986
2025,DUKA_ONLY,,2025-10-14T04:10:00+00:00,,,,,,,4140.255,4140.898,4.897694638159613,4131.925,4132.414769463816
2025,DUKA_ONLY,,2025-10-14T04:15:00+00:00,,,,,,,4141.705,4142.405,4.7942878782910565,4140.898,4141.37742878783
2025,DUKA_ONLY,,2025-10-14T04:20:00+00:00,,,,,,,4146.165,4148.845,5.070124458413121,4142.405,4142.912012445841
2025,DUKA_ONLY,,2025-10-14T06:05:00+00:00,,,,,,,4153.265,4153.265,4.66177730737708,4149.685,4150.151177730738
2025,DUKA_ONLY,,2025-10-14T06:10:00+00:00,,,,,,,4154.565,4155.248,4.6097217854215735,4153.265,4153.725972178542
2025,DUKA_ONLY,,2025-10-14T06:15:00+00:00,,,,,,,4155.875,4157.665,4.5018845150343445,4155.248,4155.698188451503
2025,DUKA_ONLY,,2025-10-14T06:25:00+00:00,,,,,,,4159.145,4159.305,4.2839616481674,4158.435,4158.8633961648175
2025,DUKA_ONLY,,2025-10-14T06:35:00+00:00,,,,,,,4161.495,4161.635,4.047038359899487,4159.625,4160.0297038359895
2025,DUKA_ONLY,,2025-10-14T06:45:00+00:00,,,,,,,4163.965,4164.045,3.9300994021582563,4162.395,4162.788009940216
2025,DUKA_ONLY,,2025-10-14T07:10:00+00:00,,,,,,,4167.065,4168.985,3.8924578511288765,4166.065,4166.454245785112
2025,DUKA_ONLY,,2025-10-15T01:10:00+00:00,,,,,,,4160.448,4160.548,2.8347096250648764,4155.075,4155.3584709625065
2025,DUKA_ONLY,,2025-10-15T01:15:00+00:00,,,,,,,4162.098,4163.248,3.075087508988801,4160.548,4160.8555087508985
2025,DUKA_ONLY,,2025-10-15T02:35:00+00:00,,,,,,,4164.555,4165.869,3.2084005111493568,4163.898,4164.218840051115
2025,DUKA_ONLY,,2025-10-15T03:10:00+00:00,,,,,,,4168.345,4169.415,3.506620636229483,4166.955,4167.305662063623
2025,DUKA_ONLY,,2025-10-15T04:00:00+00:00,,,,,,,4173.685,4173.685,5.092395082449,4169.415,4169.924239508245
2025,DUKA_ONLY,,2025-10-15T04:05:00+00:00,,,,,,,4179.048,4179.905,5.189366862274059,4173.685,4174.203936686228
2025,DUKA_ONLY,,2025-10-15T06:45:00+00:00,,,,,,,4187.725,4189.445,4.724557971621117,4186.565,4187.037455797162
2025,DUKA_ONLY,,2025-10-16T01:35:00+00:00,,,,,,,4214.545,4214.905,3.093444915901759,4213.285,4213.59434449159
2025,DUKA_ONLY,,2025-10-16T03:15:00+00:00,,,,,,,4217.525,4217.755,3.6290865608121057,4215.555,4215.917908656082
2025,DUKA_ONLY,,2025-10-16T03:20:00+00:00,,,,,,,4218.998,4219.875,3.655580377896955,4217.755,4218.12055803779
2025,DUKA_ONLY,,2025-10-16T03:25:00+00:00,,,,,,,4222.795,4224.945,3.861610350904313,4219.875,4220.2611610350905
2025,DUKA_ONLY,,2025-10-16T04:40:00+00:00,,,,,,,4230.605,4232.745,4.991383675128795,4229.598,4230.097138367513
2025,DUKA_ONLY,,2025-10-16T05:05:00+00:00,,,,,,,4233.575,4233.965,4.8138438985422285,4232.745,4233.2263843898545
2025,DUKA_ONLY,,2025-10-16T05:40:00+00:00,,,,,,,4235.785,4236.145,4.2815467417440844,4234.345,4234.773154674174
2025,DUKA_ONLY,,2025-10-16T05:55:00+00:00,,,,,,,4239.295,4239.335,3.89355619227828,4236.325,4236.714355619228
2025,DUKA_ONLY,,2025-10-16T06:00:00+00:00,,,,,,,4240.465,4240.785,3.8183021785441276,4239.335,4239.716830217854
2025,DUKA_ONLY,,2025-10-16T06:05:00+00:00,,,,,,,4241.215,4241.545,3.6977091657909837,4240.785,4241.154770916579
2025,DUKA_ONLY,,2025-10-17T01:00:00+00:00,,,,,,,4336.585,4344.945,3.5275892736873624,4330.465,4330.817758927369
2025,DUKA_ONLY,,2025-10-17T01:05:00+00:00,,,,,,,4351.445,4353.025,4.76347575413826,4344.945,4345.421347575413
2025,DUKA_ONLY,,2025-10-17T01:15:00+00:00,,,,,,,4369.045,4379.125,6.972639808415107,4359.945,4360.642263980842
2025,DUKA_ONLY,,2025-10-20T04:10:00+00:00,,,,,,,4255.065,4255.405,7.584151111166882,4252.198,4252.956415111117
2025,DUKA_ONLY,,2025-10-20T04:25:00+00:00,,,,,,,4262.635,4264.335,7.751099851032709,4259.505,4260.280109985103
2025,DUKA_ONLY,,2025-10-20T04:40:00+00:00,,,,,,,4265.825,4266.085,7.7277501358304015,4264.335,4265.107775013583
2025,DUKA_ONLY,,2025-10-22T06:40:00+00:00,,,,,,,4138.529,4140.595,8.922475501754874,4134.075,4134.967247550176
2025,DUKA_ONLY,,2025-10-28T04:00:00+00:00,,,,,,,4011.995,4012.555,6.304974698442909,4009.845,4010.475497469844
2025,DUKA_ONLY,,2025-10-28T04:05:00+00:00,,,,,,,4017.615,4019.068,6.43747650569701,4012.555,4013.1987476505697
2025,DUKA_ONLY,,2025-10-29T03:35:00+00:00,,,,,,,3974.815,3975.055,6.211704482382418,3971.955,3972.5761704482384
2025,DUKA_ONLY,,2025-10-29T03:40:00+00:00,,,,,,,3981.345,3982.075,6.28943987649794,3975.055,3975.68394398765
2025,DUKA_ONLY,,2025-10-30T07:30:00+00:00,,,,,,,3968.968,3970.105,6.720798445935971,3966.215,3966.8870798445937
2025,DUKA_ONLY,,2025-10-30T07:35:00+00:00,,,,,,,3972.645,3982.295,7.415527128369124,3970.105,3970.846552712837
2025,DUKA_ONLY,,2025-10-31T01:45:00+00:00,,,,,,,4028.215,4028.215,3.096807497727945,4027.055,4027.3646807497726
2025,DUKA_ONLY,,2025-10-31T01:50:00+00:00,,,,,,,4038.605,4039.365,3.747749819318776,4028.215,4028.589774981932
2025,DUKA_ONLY,,2025-11-03T05:00:00+00:00,,,,,,,4007.325,4011.235,5.746471641531006,4006.255,4006.8296471641534
2025,DUKA_ONLY,,2025-11-03T05:35:00+00:00,,,,,,,4011.825,4012.995,5.135819250924706,4011.235,4011.748581925093
2025,DUKA_ONLY,,2025-11-05T05:00:00+00:00,,,,,,,3951.895,3952.945,4.619593766253984,3950.775,3951.2369593766257
2025,DUKA_ONLY,,2025-11-05T05:05:00+00:00,,,,,,,3953.555,3954.935,4.508908497235854,3952.945,3953.395890849724
2025,DUKA_ONLY,,2025-11-05T05:30:00+00:00,,,,,,,3956.775,3956.815,4.181868999271526,3956.085,3956.503186899927
2025,DUKA_ONLY,,2025-11-05T05:40:00+00:00,,,,,,,3958.845,3959.345,4.027427861616751,3958.415,3958.8177427861615
2025,DUKA_ONLY,,2025-11-05T05:45:00+00:00,,,,,,,3964.535,3964.995,4.179040157215561,3959.345,3959.7629040157212
2025,DUKA_ONLY,,2025-11-05T06:30:00+00:00,,,,,,,3967.325,3967.965,3.491779086101424,3964.995,3965.34417790861
2025,DUKA_ONLY,,2025-11-05T06:35:00+00:00,,,,,,,3969.148,3969.448,3.394009151379897,3967.965,3968.304400915138
2025,DUKA_ONLY,,2025-11-05T06:40:00+00:00,,,,,,,3971.055,3971.815,3.3915799262813424,3969.448,3969.787157992628
2025,DUKA_ONLY,,2025-11-05T07:15:00+00:00,,,,,,,3974.095,3974.995,3.4276980957119805,3973.475,3973.817769809571
2025,DUKA_ONLY,,2025-11-07T03:05:00+00:00,,,,,,,3996.025,3996.198,2.607324039262912,3994.975,3995.2357324039262
2025,DUKA_ONLY,,2025-11-07T03:10:00+00:00,,,,,,,3998.548,3999.548,2.6777294650298358,3996.198,3996.465772946503
2025,DUKA_ONLY,,2025-11-07T03:40:00+00:00,,,,,,,4001.705,4002.225,2.939244887250818,4001.248,4001.5419244887253
2025,DUKA_ONLY,,2025-11-10T02:45:00+00:00,,,,,,,4022.175,4023.685,2.633024344076343,4021.875,4022.1383024344077
2025,DUKA_ONLY,,2025-11-10T03:10:00+00:00,,,,,,,4026.905,4029.148,3.3346663700116514,4024.315,4024.648466637001
2025,DUKA_ONLY,,2025-11-10T03:15:00+00:00,,,,,,,4034.335,4035.065,3.680761629296522,4029.148,4029.51607616293
2025,DUKA_ONLY,,2025-11-10T03:20:00+00:00,,,,,,,4045.275,4046.835,4.368564370061052,4035.065,4035.501856437006
2025,DUKA_ONLY,,2025-11-10T03:25:00+00:00,,,,,,,4047.505,4051.718,4.631738343628111,4046.835,4047.298173834363
2025,DUKA_ONLY,,2025-11-10T06:10:00+00:00,,,,,,,4056.095,4056.635,3.333141903342788,4055.175,4055.5083141903347
2025,DUKA_ONLY,,2025-11-10T07:30:00+00:00,,,,,,,4059.335,4060.395,3.0522297208994225,4056.635,4056.94022297209
2025,DUKA_ONLY,,2025-11-10T07:35:00+00:00,,,,,,,4061.575,4062.205,3.1556418836923212,4060.395,4060.710564188369
2025,DUKA_ONLY,,2025-11-10T07:40:00+00:00,,,,,,,4062.855,4064.965,3.1788103205714426,4062.205,4062.5228810320573
2025,DUKA_ONLY,,2025-11-10T07:50:00+00:00,,,,,,,4067.715,4068.065,3.261423184574361,4064.965,4065.291142318458
2025,DUKA_ONLY,,2025-11-10T07:55:00+00:00,,,,,,,4069.225,4069.715,3.2753929571047875,4068.065,4068.3925392957103
2025,DUKA_ONLY,,2025-11-11T01:05:00+00:00,,,,,,,4119.848,4119.948,1.327134449223538,4116.698,4116.830713444922
2025,DUKA_ONLY,,2025-11-11T01:45:00+00:00,,,,,,,4122.355,4122.515,1.7731864274572526,4120.465,4120.6423186427455
2025,DUKA_ONLY,,2025-11-11T02:25:00+00:00,,,,,,,4124.815,4125.955,2.438941179346393,4122.515,4122.758894117935
2025,DUKA_ONLY,,2025-11-11T02:30:00+00:00,,,,,,,4126.975,4128.055,2.5068739522502455,4125.955,4126.205687395225
2025,DUKA_ONLY,,2025-11-11T02:40:00+00:00,,,,,,,4129.185,4129.185,2.6022535608688444,4128.055,4128.3152253560875
2025,DUKA_ONLY,,2025-11-11T02:45:00+00:00,,,,,,,4130.265,4130.505,2.6428068779496465,4129.185,4129.449280687795
2025,DUKA_ONLY,,2025-11-11T02:50:00+00:00,,,,,,,4132.365,4132.625,2.6297492438103887,4130.505,4130.767974924381
2025,DUKA_ONLY,,2025-11-11T03:25:00+00:00,,,,,,,4137.205,4137.785,3.4925879212208226,4136.325,4136.674258792122
2025,DUKA_ONLY,,2025-11-11T03:30:00+00:00,,,,,,,4140.935,4141.045,3.5316887839907616,4137.785,4138.138168878399
2025,DUKA_ONLY,,2025-11-11T05:10:00+00:00,,,,,,,4142.975,4144.015,3.8548490059180565,4141.045,4141.430484900592
2025,DUKA_ONLY,,2025-11-11T05:15:00+00:00,,,,,,,4145.095,4145.255,3.75021693406679,4144.015,4144.390021693407
2025,DUKA_ONLY,,2025-11-11T05:30:00+00:00,,,,,,,4147.545,4147.595,3.5999776254172424,4145.545,4145.904997762542
2025,DUKA_ONLY,,2025-11-12T01:10:00+00:00,,,,,,,4132.775,4132.815,1.5431355078708395,4131.735,4131.889313550787
2025,DUKA_ONLY,,2025-11-12T01:15:00+00:00,,,,,,,4134.605,4135.345,1.640768685880055,4132.815,4132.979076868588
2025,DUKA_ONLY,,2025-11-12T01:20:00+00:00,,,,,,,4136.945,4137.515,1.7592852083172068,4135.345,4135.520928520832
2025,DUKA_ONLY,,2025-11-12T01:25:00+00:00,,,,,,,4138.175,4139.055,1.8000505505802584,4137.515,4137.695005055059
2025,DUKA_ONLY,,2025-11-12T01:35:00+00:00,,,,,,,4141.615,4142.075,2.1447374645309645,4139.745,4139.959473746453
2025,DUKA_ONLY,,2025-11-12T01:40:00+00:00,,,,,,,4143.135,4143.615,2.145113359921584,4142.075,4142.289511335992
2025,DUKA_ONLY,,2025-11-13T05:55:00+00:00,,,,,,,4212.565,4212.905,4.810034034038118,4210.278,4210.759003403404
2025,DUKA_ONLY,,2025-11-13T06:05:00+00:00,,,,,,,4218.035,4219.125,4.9922232232268,4213.135,4213.634222322323
2025,DUKA_ONLY,,2025-11-14T04:45:00+00:00,,,,,,,4205.245,4205.905,4.9373760279431345,4204.285,4204.7787376027945
2025,DUKA_ONLY,,2025-11-14T04:50:00+00:00,,,,,,,4207.365,4210.025,4.934706311661456,4205.905,4206.398470631166
2025,DUKA_ONLY,,2025-11-19T07:15:00+00:00,,,,,,,4086.505,4089.348,3.9143791630613034,4080.445,4080.8364379163063
2025,DUKA_ONLY,,2025-11-19T07:20:00+00:00,,,,,,,4091.175,4091.635,4.001209222842647,4089.348,4089.748120922284
2025,DUKA_ONLY,,2025-11-19T07:30:00+00:00,,,,,,,4095.205,4097.075,4.463037544185721,4091.895,4092.3413037544187
2025,DUKA_ONLY,,2025-11-25T04:15:00+00:00,,,,,,,4145.005,4145.195,4.9662990009580055,4144.198,4144.6946299000965
2025,DUKA_ONLY,,2025-11-25T04:30:00+00:00,,,,,,,4145.805,4147.125,4.864144644717491,4145.315,4145.801414464471
2025,DUKA_ONLY,,2025-11-25T04:35:00+00:00,,,,,,,4148.685,4149.205,4.863634312951954,4147.125,4147.611363431295
2025,DUKA_ONLY,,2025-11-25T04:40:00+00:00,,,,,,,4151.815,4152.265,4.9898032905982515,4149.205,4149.70398032906
2025,DUKA_ONLY,,2025-11-25T04:45:00+00:00,,,,,,,4155.135,4155.585,4.917674484126982,4152.265,4152.756767448413
2025,DUKA_ONLY,,2025-11-26T04:15:00+00:00,,,,,,,4155.275,4155.915,3.545445730570275,4153.348,4153.702544573057
2025,DUKA_ONLY,,2025-11-26T04:20:00+00:00,,,,,,,4156.755,4157.825,3.5129138926724086,4155.915,4156.266291389267
2025,DUKA_ONLY,,2025-11-26T04:25:00+00:00,,,,,,,4161.945,4164.275,3.867705757481491,4157.825,4158.211770575748
2025,DUKA_ONLY,,2025-11-28T01:10:00+00:00,,,,,,,4162.485,4162.948,0.6003926775219756,4161.948,4162.008039267753
2025,DUKA_ONLY,,2025-11-28T02:00:00+00:00,,,,,,,4165.435,4165.475,1.0087975778710314,4163.565,4163.665879757787
2025,DUKA_ONLY,,2025-11-28T02:05:00+00:00,,,,,,,4167.685,4168.505,1.16745489373742,4165.475,4165.591745489374
2025,DUKA_ONLY,,2025-11-28T02:25:00+00:00,,,,,,,4170.505,4171.635,1.570492743128776,4169.535,4169.692049274313
2025,DUKA_ONLY,,2025-11-28T02:30:00+00:00,,,,,,,4179.955,4183.305,2.3954575471909987,4171.635,4171.874545754719
2025,DUKA_ONLY,,2025-11-28T03:00:00+00:00,,,,,,,4189.745,4190.175,3.329933354179999,4183.305,4183.637993335418
2025,DUKA_ONLY,,2025-11-28T03:40:00+00:00,,,,,,,4192.125,4193.015,3.539869171273469,4191.375,4191.728986917127
2025,DUKA_ONLY,,2025-12-01T03:25:00+00:00,,,,,,,4238.295,4238.935,5.214291410146228,4233.375,4233.896429141015
2025,DUKA_ONLY,,2025-12-01T03:35:00+00:00,,,,,,,4241.315,4242.995,5.371761470993443,4239.875,4240.4121761471
2025,DUKA_ONLY,,2025-12-01T03:50:00+00:00,,,,,,,4245.665,4245.885,5.4356340932115526,4243.405,4243.948563409321
2025,DUKA_ONLY,,2025-12-01T03:55:00+00:00,,,,,,,4255.255,4256.055,5.850231657982206,4245.885,4246.470023165798
2025,DUKA_ONLY,,2025-12-03T01:45:00+00:00,,,,,,,4213.475,4214.265,2.496006132776529,4212.748,4212.997600613277
2025,DUKA_ONLY,,2025-12-03T01:50:00+00:00,,,,,,,4215.165,4215.805,2.5541485518639484,4214.265,4214.520414855187
2025,DUKA_ONLY,,2025-12-03T03:05:00+00:00,,,,,,,4218.425,4220.925,3.560655343496464,4218.055,4218.41106553435
2025,DUKA_ONLY,,2025-12-03T04:05:00+00:00,,,,,,,4222.695,4223.225,3.6813896410992966,4221.045,4221.41313896411
2025,DUKA_ONLY,,2025-12-03T04:10:00+00:00,,,,,,,4223.775,4224.115,3.6205760953064847,4223.225,4223.587057609531
2025,DUKA_ONLY,,2025-12-03T04:30:00+00:00,,,,,,,4227.005,4228.075,3.744900923002095,4224.165,4224.5394900923
2025,DUKA_ONLY,,2025-12-03T04:35:00+00:00,,,,,,,4228.725,4228.765,3.7045508570733947,4228.075,4228.445455085707
2025,DUKA_ONLY,,2025-12-05T06:05:00+00:00,,,,,,,4212.285,4212.845,2.8936315924960123,4210.518,4210.80736315925
2025,DUKA_ONLY,,2025-12-05T06:10:00+00:00,,,,,,,4213.445,4214.185,2.9019436216034555,4212.845,4213.13519436216
2025,DUKA_ONLY,,2025-12-05T06:30:00+00:00,,,,,,,4215.475,4215.865,2.7397910187582175,4214.185,4214.458979101876
2025,DUKA_ONLY,,2025-12-05T06:55:00+00:00,,,,,,,4216.565,4217.255,2.3897254617268673,4215.995,4216.2339725461725
2025,DUKA_ONLY,,2025-12-05T07:25:00+00:00,,,,,,,4219.275,4219.865,2.3516901854499133,4218.215,4218.450169018545
2025,DUKA_ONLY,,2025-12-08T07:30:00+00:00,,,,,,,4213.765,4215.055,2.848568371465312,4213.045,4213.3298568371465
2025,DUKA_ONLY,,2025-12-08T07:55:00+00:00,,,,,,,4217.005,4217.025,2.8174009459348133,4216.175,4216.456740094593
2025,DUKA_ONLY,,2025-12-10T03:15:00+00:00,,,,,,,4216.265,4217.085,2.238213327379749,4215.805,4216.0288213327385
2025,DUKA_ONLY,,2025-12-11T02:10:00+00:00,,,,,,,4242.805,4243.525,2.926687452049646,4238.445,4238.737668745204
2025,DUKA_ONLY,,2025-12-15T03:00:00+00:00,,,,,,,4312.835,4313.735,2.589896230065695,4307.665,4307.9239896230065
2025,DUKA_ONLY,,2025-12-15T03:30:00+00:00,,,,,,,4317.235,4317.585,3.1541433339779688,4315.625,4315.940414333398
2025,DUKA_ONLY,,2025-12-15T03:35:00+00:00,,,,,,,4321.235,4321.545,3.242418810122423,4317.585,4317.909241881012
2025,DUKA_ONLY,,2025-12-15T07:30:00+00:00,,,,,,,4336.298,4337.575,2.979450229539697,4330.815,4331.112945022954
2025,DUKA_ONLY,,2025-12-15T07:50:00+00:00,,,,,,,4341.605,4341.805,3.160331919145258,4340.298,4340.614033191914
2025,DUKA_ONLY,,2025-12-15T07:55:00+00:00,,,,,,,4343.335,4344.155,3.1367367820634486,4341.805,4342.1186736782065
2025,DUKA_ONLY,,2025-12-17T03:30:00+00:00,,,,,,,4321.845,4321.925,2.7772717240335267,4319.968,4320.245727172403
2025,DUKA_ONLY,,2025-12-17T03:55:00+00:00,,,,,,,4326.415,4326.495,2.9625176270147695,4325.665,4325.961251762701
2025,DUKA_ONLY,,2025-12-17T06:40:00+00:00,,,,,,,4329.348,4329.805,3.258005365683131,4327.885,4328.210800536569
2025,DUKA_ONLY,,2025-12-17T07:20:00+00:00,,,,,,,4335.935,4337.635,3.2896053299168995,4334.245,4334.573960532992
2025,DUKA_ONLY,,2025-12-22T02:00:00+00:00,,,,,,,4362.5,4363.435,2.086048010368407,4356.365,4356.573604801037
2025,DUKA_ONLY,,2025-12-22T03:00:00+00:00,,,,,,,4369.795,4372.275,3.158297576104613,4366.115,4366.43082975761
2025,DUKA_ONLY,,2025-12-22T03:35:00+00:00,,,,,,,4377.305,4377.415,4.281857351210456,4372.275,4372.70318573512
2025,DUKA_ONLY,,2025-12-22T03:40:00+00:00,,,,,,,4381.655,4383.715,4.441010397552582,4377.415,4377.859101039755
2025,DUKA_ONLY,,2025-12-22T04:50:00+00:00,,,,,,,4387.255,4388.435,4.062793295030945,4385.338,4385.744279329503
2025,DUKA_ONLY,,2025-12-22T05:45:00+00:00,,,,,,,4394.175,4394.175,3.5344293730269207,4391.715,4392.068442937303
2025,DUKA_ONLY,,2025-12-22T06:10:00+00:00,,,,,,,4396.385,4396.435,3.198095881179087,4395.748,4396.067809588118
2025,DUKA_ONLY,,2025-12-22T06:45:00+00:00,,,,,,,4398.335,4398.575,2.9139101091240667,4397.055,4397.346391010913
2025,DUKA_ONLY,,2025-12-22T07:25:00+00:00,,,,,,,4404.575,4405.165,2.9951771956865874,4403.395,4403.694517719569
2025,DUKA_ONLY,,2025-12-22T07:30:00+00:00,,,,,,,4406.805,4408.615,3.0840931102803872,4405.165,4405.473409311028
2025,DUKA_ONLY,,2025-12-23T01:05:00+00:00,,,,,,,4451.625,4451.905,1.6034867029237043,4450.498,4450.658348670292
2025,DUKA_ONLY,,2025-12-23T01:10:00+00:00,,,,,,,4454.755,4454.885,1.773737652714874,4451.905,4452.082373765271
2025,DUKA_ONLY,,2025-12-23T01:15:00+00:00,,,,,,,4456.198,4459.015,1.9577563918066947,4454.885,4455.0807756391805
2025,DUKA_ONLY,,2025-12-23T02:05:00+00:00,,,,,,,4463.395,4465.495,2.943959365368412,4462.375,4462.669395936537
2025,DUKA_ONLY,,2025-12-23T02:10:00+00:00,,,,,,,4465.985,4466.445,3.0543908392706527,4465.495,4465.800439083927
2025,DUKA_ONLY,,2025-12-23T02:15:00+00:00,,,,,,,4468.235,4468.295,3.018362922179905,4466.445,4466.746836292217
2025,DUKA_ONLY,,2025-12-23T02:55:00+00:00,,,,,,,4470.305,4470.325,2.7772881119884754,4469.698,4469.9757288112
2025,DUKA_ONLY,,2025-12-23T03:00:00+00:00,,,,,,,4477.945,4480.208,3.2941246754178644,4470.325,4470.654412467542
2025,DUKA_ONLY,,2025-12-23T03:05:00+00:00,,,,,,,4481.945,4481.985,3.371472912887981,4480.208,4480.545147291288
2025,DUKA_ONLY,,2025-12-23T03:10:00+00:00,,,,,,,4485.305,4486.435,3.4856534191102866,4481.985,4482.333565341911
2025,DUKA_ONLY,,2025-12-23T03:50:00+00:00,,,,,,,4488.445,4489.175,4.790564969342721,4486.435,4486.914056496935
2025,DUKA_ONLY,,2025-12-23T04:30:00+00:00,,,,,,,4492.385,4494.805,4.8184883366280085,4490.485,4490.966848833663
2025,DUKA_ONLY,,2025-12-24T01:35:00+00:00,,,,,,,4504.945,4507.345,3.092809682095896,4499.669,4499.978280968209
2025,DUKA_ONLY,,2025-12-24T02:00:00+00:00,,,,,,,4510.895,4511.635,4.385046021178742,4510.175,4510.613504602118
2025,DUKA_ONLY,,2025-12-24T02:05:00+00:00,,,,,,,4512.295,4512.435,4.326828448237448,4511.635,4512.067682844824
2025,DUKA_ONLY,,2025-12-24T02:25:00+00:00,,,,,,,4513.635,4513.795,4.2713329682972905,4512.435,4512.8621332968305
2025,DUKA_ONLY,,2025-12-24T02:30:00+00:00,,,,,,,4514.565,4515.485,4.144094899133183,4513.795,4514.209409489913
2025,DUKA_ONLY,,2025-12-24T02:40:00+00:00,,,,,,,4517.498,4517.685,4.1480716222118215,4516.125,4516.539807162221
2025,DUKA_ONLY,,2025-12-24T03:20:00+00:00,,,,,,,4524.215,4524.885,5.756388279482748,4519.795,4520.370638827948
2025,DUKA_ONLY,,2025-12-26T01:00:00+00:00,,,,,,,4486.765,4490.235,0.8004285714705709,4479.029,4479.109042857148
2025,DUKA_ONLY,,2025-12-26T01:15:00+00:00,,,,,,,4492.515,4493.075,1.9990362869974634,4490.635,4490.8349036287
2025,DUKA_ONLY,,2025-12-26T01:20:00+00:00,,,,,,,4498.805,4499.095,2.363390837926242,4493.075,4493.3113390837925
2025,DUKA_ONLY,,2025-12-26T02:05:00+00:00,,,,,,,4502.825,4503.435,3.7211194597716517,4499.625,4499.997111945977
2025,DUKA_ONLY,,2025-12-26T02:25:00+00:00,,,,,,,4506.825,4506.925,3.7171192443392873,4505.465,4505.836711924434
2025,DUKA_ONLY,,2025-12-26T02:45:00+00:00,,,,,,,4509.675,4509.905,3.670445432569132,4507.775,4508.142044543257
2025,DUKA_ONLY,,2025-12-26T02:50:00+00:00,,,,,,,4516.699,4516.845,3.926127901671337,4509.905,4510.297612790167
2025,DUKA_ONLY,,2025-12-26T02:55:00+00:00,,,,,,,4517.335,4517.465,3.883333051551972,4516.845,4517.233333305156
2025,DUKA_ONLY,,2025-12-26T03:00:00+00:00,,,,,,,4525.745,4526.075,4.234523547869702,4517.465,4517.888452354787
2025,DUKA_ONLY,,2025-12-30T02:15:00+00:00,,,,,,,4347.745,4349.355,4.5038922449988545,4347.148,4347.5983892245
2025,DUKA_ONLY,,2025-12-30T03:50:00+00:00,,,,,,,4357.305,4357.305,6.414800754562558,4352.705,4353.346480075456
2025,DUKA_ONLY,,2025-12-30T03:55:00+00:00,,,,,,,4359.965,4359.965,6.245172129236658,4357.305,4357.929517212924
2025,DUKA_ONLY,,2025-12-30T04:50:00+00:00,,,,,,,4362.998,4363.369,5.662857960231897,4361.605,4362.171285796023
2025,DUKA_ONLY,,2025-12-30T05:25:00+00:00,,,,,,,4367.735,4368.925,5.3175334971998085,4365.925,4366.45675334972
2025,DUKA_ONLY,,2025-12-30T07:20:00+00:00,,,,,,,4373.415,4373.595,4.14561181654512,4369.595,4370.009561181655
