A_mean_atr_2024,A_mean_atr_2025,B_gross_2024,B_gross_2025,C_gross_2024,C_gross_2025,D_gross_2024,D_gross_2025,E1_cost_2024,E1_cost_2025,E1_cost_per_trade_2024,E1_cost_per_trade_2025,E1_net_2024,E1_net_2025,STRESS_net_2024,STRESS_net_2025,direction,entry_delta_2024,entry_delta_2025,events_2024,events_2025,executable_trades_all,exit_delta_2024,exit_delta_2025,family,feature,horizon,id,identity_error_2024,identity_error_2025,ignored_overlap_signals,immediate_2024_complement_count,immediate_2024_complement_mean,immediate_2024_selected_count,immediate_2024_selected_mean,immediate_2024_selected_minus_complement,immediate_2025_complement_count,immediate_2025_complement_mean,immediate_2025_selected_count,immediate_2025_selected_mean,immediate_2025_selected_minus_complement,kind,news_anomaly_E1_net,news_anomaly_gross,news_any_absent,news_any_absent_share,news_entry_absent,news_exit_absent,overlap_delta_2024,overlap_delta_2025,overlap_rate,signals_total,signature_sha256,timeframe
1.4801079810179927,1.15569773507649,2475.4200000000055,4689.639999999987,-1.1099999999994452,-75.42999999999302,-1.1099999999994452,-75.42999999999302,485.960786551554,933.1301520156021,0.9817389627304122,1.444473919528796,-487.07078655155345,-1008.560152015595,-1090.4134056069925,-2167.0840607952023,-1,-2481.170000000003,-4763.349999999989,495,646,1141,4.639999999998054,-1.719999999990705,ret,ret3,1,R4P-0001,0.0,0.0,0,2873,-0.6860633484162931,495,5.012464646464652,5.698527994880945,2706,-1.142908351810792,646,7.373606811145494,8.516515162956287,raw,0.0,0.0,0,0.0,0,0,0.0,0.0,0.0,1141,bee4523b8371f594177c23d202ab6b87a19d6db9798ab3299dd3bd808afc593c,M5
1.5300474488298348,1.2160568546630777,2447.729999999997,4580.989999999987,-28.290000000004284,-196.90999999999758,-28.290000000004284,-196.90999999999758,462.787356009606,873.855043925674,0.9867534243275181,1.4515864517037773,-491.0773560096103,-1070.7650439256715,-1065.6490976182313,-2155.696186040531,-1,-2482.500000000006,-4772.689999999987,469,602,1071,6.480000000004566,-5.209999999997308,ret,ret1,1,R4P-0002,0.0,0.0,0,2899,-0.6803690927906221,469,5.293176972281462,5.973546065072084,2750,-1.1280181818181823,602,7.928056478405294,9.056074660223477,raw,0.0,0.0,0,0.0,0,0,0.0,0.0,0.0,1071,50b70f6ff9b38b25b2d8e9e4a1c719f066f941be14ef2bcb6291ab2e8e542eeb,M5
0.7276451808018591,0.6204355356205858,2167.9199999999973,3828.9299999999876,189.83999999999946,742.1500000000106,71.77000000000498,219.21000000000276,307.185816049522,475.13289776310603,0.9845699232356474,1.4268255188081262,-235.41581604951702,-255.92289776310324,-616.801104347844,-845.8221952589743,1,-1972.5900000000004,-3088.2999999999934,751,803,645,-5.489999999997508,1.5200000000163527,sma,sma5,6,R4P-0003,0.0,0.0,909,2617,-0.9486816965991567,751,2.6266178428761657,3.5752995394753224,2547,-1.868374558303879,803,3.8459526774595183,5.714327235763397,news-clean,0.0,0.0,0,0.0,0,0,-118.06999999999448,-522.9400000000078,0.584942084942085,1554,1152eec5c2f699b5020835eada603f6da08a8bb730ee2de6454b610b06e27946,M5
1.4429032210849388,1.4635013944064994,2444.279999999997,4622.389999999992,-30.999999999999545,-135.7299999999991,-30.999999999999545,-135.7299999999991,494.0491190834,722.9284748200221,0.9900783949567135,1.428712400830083,-525.0491190833995,-858.6584748200212,-1138.4337742752996,-1756.2073546150982,-1,-2478.9799999999996,-4761.6199999999935,499,506,1005,3.7000000000030013,3.5000000000022737,sma,sma5,1,R4P-0004,0.0,0.0,0,2869,-0.6862565353781831,499,4.967895791583166,5.6541523269613485,2844,-1.0869092827004248,506,9.410316205533585,10.49722548823401,news-clean,-7.4058678378536715,-5.609999999999673,1,0.0009950248756218905,1,0,0.0,0.0,0.0,1005,c41b5a6ed5a16310c6054357f80d0aa1c185c10d020d347af55a4dde428c321a,M5
1.5086165354213363,1.1457433001816515,2545.3699999999963,4640.489999999989,67.95999999999754,-123.60000000000537,-9.390000000002146,-144.62000000000216,354.093055303146,587.4684469424681,0.9835918202865167,1.4328498705913855,-363.48305530314815,-732.0884469424702,-803.1058341391591,-1461.4574853911083,-1,-2481.170000000003,-4763.349999999989,495,646,770,3.760000000004311,-0.7400000000047839,ret,ret3,3,R4P-0005,0.0,0.0,371,2873,-0.6860633484162931,495,5.012464646464652,5.698527994880945,2706,-1.142908351810792,646,7.373606811145494,8.516515162956287,raw,0.0,0.0,0,0.0,0,0,-77.34999999999968,-21.0199999999968,0.32515337423312884,1141,52dd50401fd16e73e3e87b6ebf3e5fee70224cbce0094718b10272014a776180,M5
1.5099852458437133,1.1453661145684657,2543.7899999999963,4627.349999999988,66.35999999999763,-140.53000000000702,-10.990000000002055,-127.950000000003,353.203526625386,587.46699584913,0.9838538346111031,1.4328463313393414,-364.1935266253881,-715.4169958491331,-802.7119147892391,-1444.784232646088,-1,-2481.190000000003,-4768.36999999999,494,644,769,3.760000000004311,0.4899999999947795,ret,ret3,3,R4P-0006,0.0,0.0,369,2874,-0.6858315935977767,494,5.022651821862354,5.7084834154601305,2706,-1.1448337028824846,644,7.404301242236009,8.549134945118494,news-clean,0.4757633331775269,2.269999999999527,1,0.0013003901170351106,1,0,-77.34999999999968,12.58000000000402,0.3242530755711775,1138,0608243ac9d61a933610b924fc6426de14a8ac0bf99ca4360edc96f213b64e2d,M5
0.3017008022145644,0.2929877834227042,2540.749999999998,4856.9799999999905,59.690000000006876,76.15000000001783,59.300000000007,76.6300000000183,3236.40932139698,4907.853630702718,0.9945941368767609,1.434625440135258,-3177.109321396973,-4831.2236307027,-7195.260024586403,-10924.549152637213,-1,-2495.459999999984,-4806.139999999983,3257,3425,6675,14.399999999992588,25.31000000001086,rsi,rsi7,1,R4P-0007,0.0,0.0,7,12523,-0.1545995368521916,3257,0.7661836045440541,0.9207831413962457,12263,-0.25368833075103914,3425,1.4032525547445207,1.6569408854955598,news-clean,-9.566314960878437,-7.770000000000437,1,0.000149812734082397,1,0,-0.38999999999987267,0.48000000000047294,0.0010475905417539658,6682,3caa1b4e0d62d5f2ca07d6be0464f8d359606d4069c58a4fe04f57777712e892,M1
1.1177820102843234,0.7746310831817268,2069.400000000001,3518.6299999999887,88.9400000000062,422.3500000000058,73.07000000000471,162.29000000000178,348.43806772770205,563.357196222794,0.9842883269144126,1.4371357046499846,-275.3680677276973,-401.06719622279223,-707.9699196996543,-1100.5010093775713,1,-1977.4099999999942,-3096.2499999999995,468,598,746,-3.0500000000006366,-0.029999999983374437,ret,ret1,6,R4P-0008,0.0,0.0,320,2900,-0.8577655172413747,468,4.22523504273503,5.083000559976405,2752,-1.7320857558139484,598,5.17767558528428,6.909761341098228,news-clean,0.0,0.0,0,0.0,0,0,-15.870000000001482,-260.06000000000404,0.300187617260788,1066,2dbcb7dd900d45a104f8572ee24dc8a0b834c72610babd64a652f1c2dfe1398e,M5
0.33438170040583054,0.2586644621904343,2029.6600000000012,3417.5199999999945,41.33999999999878,346.1499999999901,41.469999999998436,347.3899999999903,2049.2487777919423,3551.8302429836544,0.9702882470605787,1.421300617440438,-2007.7787777919436,-3204.4402429836637,-4552.0151829387405,-7614.200495251453,1,-1989.3599999999992,-3102.710000000004,2113,2503,4611,1.0399999999967804,31.33999999999969,rsi,rsi14,1,R4P-0009,0.0,0.0,5,13667,-0.1864908172971382,2113,0.9414860388073825,1.1279768561045207,13185,-0.36388850967007924,2503,1.2395964842189389,1.603484993889018,news-clean,0.0,0.0,0,0.0,0,0,0.1299999999996544,1.2400000000002365,0.0010831889081455806,4616,9ca9eeddbc8cdfc8b084bc9655b10e094f399f3ccb30a5079a570ef2d04e1c0f,M1
1.8544750196810122,1.484361844511513,2445.200000000001,4520.38,40.069999999998345,-143.12000000000126,-27.28000000000202,-224.64999999999964,223.341652298192,399.87355648451,0.9795686504306667,1.4281198445875358,-250.62165229819402,-624.5235564845096,-527.9105636918661,-1120.9849292552947,-1,-2407.2100000000046,-4664.01,380,492,508,2.080000000001519,0.5099999999983993,ret,ret24,3,R4P-0010,0.0,0.0,364,2988,-0.6349062918340066,380,6.3347631578947485,6.969669449728755,2858,-1.047431770468864,492,9.47969512195122,10.527126892420084,news-clean,0.0,0.0,0,0.0,0,0,-67.35000000000036,-81.52999999999838,0.41743119266055045,872,41fa78312176ccf37818c40e78e70fec1f04a0177030102bbbede97dc7376f63,M5
0.3961420824894748,0.3478761883982105,2506.619999999994,4802.289999999995,33.09000000000083,38.18000000001484,33.09000000000083,38.660000000015316,2444.554251763674,4090.6317626458763,0.9945298013684597,1.4363173323897038,-2411.4642517636735,-4051.971762645861,-5446.490544911532,-9130.678830156427,-1,-2486.819999999986,-4789.34999999999,2458,2852,5306,13.289999999993142,25.24000000001024,sma,sma20,1,R4P-0011,0.0,0.0,4,13322,-0.14467872691788003,2458,1.011724979658253,1.156403706576133,12836,-0.2410556248052353,2852,1.6792952314165464,1.9203508562217817,news-clean,-9.566314960878437,-7.770000000000437,1,0.00018846588767433095,1,0,0.0,0.48000000000047294,0.0007532956685499058,5310,4cb4b63deb8530625be172b664f06f7b80c1dbf028e5b11ae460f4b76bced9ab,M1
2.0582144954188877,2.217041304741527,2513.7100000000023,4570.049999999996,39.909999999997126,-176.91999999999916,-24.730000000002292,-204.95999999999958,207.498346324622,301.972010146944,0.9880873634505809,1.4243962742780378,-232.2283463246243,-506.9320101469436,-489.8470662358013,-881.8441200112476,-1,-2474.6900000000023,-4748.729999999996,353,332,422,0.8899999999969168,1.7600000000011278,sma,sma5,6,R4P-0012,0.0,0.0,263,3015,-0.6516019900497544,353,7.010453257790375,7.662055247840129,3020,-1.0192350993377517,332,14.30340361445782,15.322638713795572,raw,0.0,0.0,0,0.0,0,0,-64.63999999999942,-28.04000000000042,0.38394160583941606,685,6fd8b48af83539d2134b0d7abe99c3d3bad7b8ccec8d3b00889507116eda78e2,M5
1.4692771588936353,1.4419217432706448,2532.5399999999986,4575.829999999993,55.51999999999657,-181.70000000000528,-37.85000000000218,-218.00000000000227,246.62103998299003,392.0382607852,0.9864841599319601,1.4255936755825456,-284.4710399829922,-610.0382607852023,-590.6623795984572,-1096.7717543334022,-1,-2478.9799999999996,-4761.499999999994,499,510,525,1.9599999999977626,3.969999999996162,sma,sma5,6,R4P-0013,0.0,0.0,484,2869,-0.6862565353781831,499,4.967895791583166,5.6541523269613485,2842,-1.0875650950035214,510,9.336274509803909,10.42383960480743,raw,0.0,0.0,0,0.0,0,0,-93.36999999999875,-36.299999999997,0.4796828543111992,1009,597aa867282204c9c06b77a96f7da68aed6473298ec96744bc87b7e8f200d91d,M5
3.2614879014695437,3.4671491915412846,2492.7099999999996,4649.369999999993,45.86999999999989,-67.7700000000018,-20.33000000000129,-309.2400000000007,163.77261851846202,235.37156533293603,0.9865820392678435,1.4179009959815423,-184.10261851846332,-544.6115653329367,-387.4338406080803,-836.8361667482127,-1,-2445.3800000000015,-4715.799999999995,215,208,332,-1.4599999999982174,-1.3399999999996908,sma,sma5,24,R4P-0014,0.0,0.0,91,3153,-0.6137868696479571,215,11.373860465116286,11.987647334764242,3142,-0.9692393380012758,208,22.67211538461536,23.641354722616637,news-clean,0.0,0.0,0,0.0,0,0,-66.20000000000118,-241.4699999999989,0.21513002364066194,423,9204a0455292f3b126498b84132734a95eb8c994a59c5bcd840435ffb624826a,M5
0.3156859185130447,0.29519593729616145,2466.6500000000046,4738.430000000003,68.21000000000436,54.440000000008695,68.11000000000445,53.900000000009186,2922.410406594646,4780.985030204541,0.9916560592448748,1.4448428619536235,-2854.3004065946416,-4727.085030204531,-6482.607046450903,-10662.897362220421,-1,-2413.999999999999,-4706.05999999997,2948,3312,6256,15.559999999998809,22.069999999975607,ret,ret48,1,R4P-0015,0.0,0.0,4,12832,-0.1445285224438911,2948,0.8188602442333782,0.9633887666772694,12382,-0.24316346309158296,3312,1.4209118357487833,1.6640752988403662,raw,0.0,0.0,0,0.0,0,0,-0.09999999999990905,-0.5399999999995089,0.0006389776357827476,6260,5e6b23f81f0ec74b53822f17582603b3819389f7e149af3ccb1871492e5b29cb,M1
2.1157410909233483,1.7659792855393144,2377.7300000000005,4421.949999999995,-72.26000000000363,-323.6099999999924,-79.88000000000125,-718.9699999999943,231.491354151832,333.37323397655797,0.9892792912471453,1.4186095062832254,-311.37135415183326,-1052.3432339765523,-598.7784945832452,-1466.2414059695054,-1,-2450.4900000000052,-4747.019999999992,321,395,469,0.5000000000011369,1.460000000004129,ret,ret6,48,R4P-0016,0.0,0.0,247,3047,-0.6368165408598664,321,7.633925233644876,8.270741774504742,2955,-1.04114043993232,395,12.017772151898715,13.058912591831035,news-clean,0.0,0.0,0,0.0,0,0,-7.619999999997617,-395.36000000000195,0.34497206703910616,716,5c3daf3f90079ca73bc71d1b5c68d8cba018bedac1f6a25d525249791719ec44,M5
1.1251614970948811,0.8206833132466089,2085.5200000000004,3478.2899999999913,112.87000000000035,386.20000000000164,60.10000000000173,124.55999999999858,317.71637181586004,480.543445265616,0.9836420180057587,1.425944941440997,-257.61637181585826,-355.98344526561743,-652.0758284213683,-952.6001860952734,1,-1967.2400000000005,-3088.5600000000013,470,570,660,-5.409999999999627,-3.5299999999883767,ret,ret3,6,R4P-0017,0.0,0.0,380,2898,-0.8548481711525165,470,4.185617021276597,5.040465192429114,2780,-1.71187410071942,570,5.418526315789476,7.1304004165088966,news-clean,0.0,0.0,0,0.0,0,0,-52.76999999999862,-261.64000000000306,0.36538461538461536,1040,596cfd1e8aec0852104ee873d8d6fbe3406a8d0a3b7d1c79b15fef39494de553,M5
0.3667921141866699,0.30931847459600076,2448.3800000000074,4506.169999999986,-33.71000000000731,-266.6000000000022,-33.71000000000731,-266.6000000000022,1909.966190717194,3327.91508359324,0.984011432620914,1.442529295012241,-1943.6761907172015,-3594.5150835932423,-4314.98687205238,-7726.274391119582,-1,-2486.3300000000017,-4770.369999999984,1941,2307,4248,4.239999999986821,-2.400000000003729,rsi,rsi7,1,R4P-0018,0.0,0.0,0,7643,-0.2583004055998969,1941,1.2809531169500266,1.5392535225499235,7237,-0.42856570402100325,2307,2.0677806675335866,2.4963463715545897,raw,0.0,0.0,0,0.0,0,0,0.0,0.0,0.0,4248,1d568a1b2e9d14b976610195251405609a7afd757dd6c6fedf047b5f95f99c2c,M5
3.4002969304430777,3.4800461146447677,2105.5199999999995,4189.209999999997,-344.0100000000009,-558.3399999999979,-368.1700000000003,-891.2099999999973,141.29449314543803,218.486644457694,0.9812117579544307,1.4187444445304807,-509.46449314543827,-1109.6966444576913,-684.8880920794713,-1380.9578435346205,-1,-2449.7100000000014,-4748.939999999994,174,191,298,0.18000000000074579,1.3899999999989632,rsi,rsi7,48,R4P-0019,0.0,0.0,67,3194,-0.6072636192861643,174,14.078793103448284,14.686056722734449,3159,-0.9745140867363115,191,24.863560209424055,25.838074296160364,news-clean,0.0,0.0,0,0.0,0,0,-24.1599999999994,-332.86999999999944,0.18356164383561643,365,a5b876634cc62ea3fa7d786120dff973dfb57ce3f6766092fa98a49ed122ff98,M5
2.935131955274294,2.9589640669909416,2420.739999999998,4511.749999999993,-49.11000000000422,-234.8500000000031,-62.18000000000393,-302.42000000000326,229.343389647052,326.91986970338803,0.9885490933062586,1.4213907378408175,-291.5233896470559,-629.3398697033913,-576.263733511738,-1035.2258924652492,-1,-2468.8200000000043,-4745.899999999993,236,241,462,-1.0299999999981537,-0.7000000000025466,ret,ret1,24,R4P-0020,0.0,0.0,15,3132,-0.6253863346104762,236,10.461101694915273,11.08648802952575,3111,-0.9885117325618796,241,19.69253112033192,20.6810428528938,raw,0.0,0.0,0,0.0,0,0,-13.069999999999709,-67.57000000000016,0.031446540880503145,477,e05c2ab8bb9a67e67bb8203a7929f4e0a3d9b42ed94e26fc254cf314ee3b66b2,M5
3.023850708389345,2.571874395284159,2455.8199999999993,4623.079999999994,-11.309999999999263,-140.41999999999916,-11.309999999999263,-140.41999999999916,232.562572845834,410.23551475658803,0.9771536674194706,1.429392037479401,-243.87257284583328,-550.6555147565872,-532.6096802312522,-1059.9817340046452,-1,-2468.800000000002,-4763.239999999996,238,287,525,1.670000000003256,-0.25999999999703505,rsi,rsi7,1,R4P-0021,0.0,0.0,0,3130,-0.6257795527156579,238,10.373109243697487,10.998888796413144,3065,-1.009004893964114,287,16.596655052264794,17.605659946228908,raw,0.0,0.0,0,0.0,0,0,0.0,0.0,0.0,525,898f9ebb6944c12649dc502bf74d7921adf117eb4b2c2f7eccde6adab6e4aea8,M5
2.237438156722274,1.874877083182573,2471.1800000000003,4612.1599999999935,-9.800000000005866,-161.99000000000387,-47.23000000000434,-293.1500000000019,250.29857715612204,363.14687966041004,0.989322439352261,1.4241054104329804,-297.52857715612635,-656.296879660412,-608.2857479775533,-1107.160397846847,-1,-2479.950000000006,-4772.409999999993,316,387,508,-1.029999999999518,-1.7400000000052387,ret,ret1,24,R4P-0022,0.0,0.0,195,3052,-0.6454259501965969,316,7.847943037974703,8.4933689881713,2965,-1.0461281618887037,387,12.331808785529697,13.377936947418402,raw,0.0,0.0,0,0.0,0,0,-37.42999999999847,-131.15999999999804,0.2773826458036984,703,12be0aaf080c7b93eb0278eb34daae6da420eeac0fca4f72fd25eee6671290a5,M5
0.347189366560171,0.29352240987051953,2424.7600000000034,4443.68999999999,-57.799999999996544,-314.63999999999896,-57.799999999996544,-314.63999999999896,2009.61802142092,3424.786670420496,0.9884987808268175,1.4432307924233023,-2067.418021420917,-3739.426670420495,-4562.451024044137,-7991.4564989422315,-1,-2488.2899999999972,-4761.919999999991,2033,2373,4406,5.729999999997517,3.5900000000024193,sma,sma10,1,R4P-0023,0.0,0.0,0,7551,-0.2617070586677272,2033,1.2239498278406282,1.4856568865083555,7171,-0.43133175289360015,2373,2.0067088074167683,2.4380405603103683,raw,0.0,0.0,0,0.0,0,0,0.0,0.0,0.0,4406,d7f9815e7f63e2459b36175339abe9cd9b09c424ef5f78096c7673077524bb43,M5
0.3669684847677361,0.3112552620465311,2483.7199999999993,4674.789999999993,77.65999999999599,-31.029999999992015,77.55999999999608,-31.569999999991524,2575.687052231416,4437.883612934198,0.9891271321933242,1.4352793056061444,-2498.12705223142,-4469.45361293419,-5695.960735191376,-9979.289789478882,-1,-2418.0500000000056,-4723.299999999963,2605,3095,5696,11.99000000000251,17.479999999977736,sma,sma100,1,R4P-0024,0.0,0.0,4,13175,-0.141073244781785,2605,0.9282341650671807,1.0693074098489657,12599,-0.24034367806968593,3095,1.5261066235864178,1.7664503016561037,raw,0.0,0.0,0,0.0,0,0,-0.09999999999990905,-0.5399999999995089,0.0007017543859649122,5700,57b1dba897b1bf6f59416c0d34bf627fa20b2cc9c126d7b6c2147c546cb73c81,M1
1.4464288309721147,0.9960666188374172,2110.3499999999995,3574.7799999999957,121.84000000000447,446.99999999999727,30.680000000001883,145.61000000000013,188.133071897048,334.342684146146,0.9849899052201466,1.447370927039593,-157.45307189704613,-188.73268414614589,-391.02891468671413,-603.8344702826569,1,-1989.2499999999986,-3128.949999999996,363,495,422,0.7400000000036471,1.169999999997799,body,body,12,R4P-0025,0.0,0.0,436,3005,-0.8317337770382667,363,5.480027548209363,6.3117613252476295,2855,-1.6810507880910621,495,6.321111111111104,8.002161899202166,news-clean,0.0,0.0,0,0.0,0,0,-91.16000000000258,-301.38999999999714,0.5081585081585082,858,742254ddb27aee3c3951759080a5fd6427142354f214870770901b6d327fab84,M5
0.4411484636393362,0.3264915370846629,2400.1799999999957,4450.419999999996,-5.6700000000041655,-214.36000000000377,-5.6700000000041655,-214.36000000000377,1572.0884327779381,3160.528830840104,0.9844010224032174,1.4544541329222753,-1577.7584327779423,-3374.888830840108,-3529.578371075725,-7298.830423430472,-1,-2410.559999999995,-4663.559999999994,1597,2173,3770,4.7099999999952615,-1.2200000000066211,ret,ret24,1,R4P-0026,0.0,0.0,0,7987,-0.23768874420934094,1597,1.509430181590479,1.7471189257998199,7368,-0.40647394136807946,2173,2.146138978370913,2.5526129197389924,news-clean,0.0,0.0,0,0.0,0,0,0.0,0.0,0.0,3770,f4f6f8cb371d2eff9080bff3d63a183eadc6b29f15b94072e5f45173aa98583a,M5
4.515696060795773,3.717603886510856,2498.6099999999988,4605.229999999993,19.730000000000473,-176.81000000000085,19.730000000000473,-176.81000000000085,158.96495652237803,281.650329517534,0.9812651637183829,1.4296971041499187,-139.23495652237753,-458.4603295175349,-336.59724547570056,-808.1421401539038,-1,-2481.4900000000025,-4778.629999999994,162,197,359,2.61000000000422,-3.410000000000764,body,body,1,R4P-0027,0.0,0.0,0,3206,-0.6149033063006893,162,15.317839506172856,15.932742812473546,3155,-0.985099841521397,197,24.2570050761421,25.242104917663497,raw,0.0,0.0,0,0.0,0,0,0.0,0.0,0.0,359,0b000c5f328103f6e722bbf17b6d6cc40bc9d9093679799ff690abef5c1d6c2c,M5
1.4023963868376987,1.0484621331077928,1949.320000000003,3232.9499999999944,-9.20000000000141,188.60999999999603,-9.20000000000141,190.09999999999582,344.74594753288,556.89502671386,0.9963755709042774,1.39223756678465,-353.9459475328814,-366.7950267138642,-781.9638630979614,-1058.2057597623743,1,-1959.0299999999995,-3042.5100000000016,346,401,746,0.5099999999952161,-1.829999999996744,sma,sma10,1,R4P-0028,0.0,0.0,1,3022,-0.8170549305095937,346,5.66193641618497,6.4789913466945634,2951,-1.5971365638766475,401,7.587306733167086,9.184443297043734,raw,0.0,0.0,0,0.0,0,0,0.0,1.4899999999997817,0.0013386880856760374,747,9df56a05539f3e4f064e1f353b2b3cfa7d0c346ed390bfbeabf30c765d4f5f1c,M5
5.014841984270618,4.519289026843176,2468.880000000001,4570.239999999993,-5.180000000002337,-193.57999999999583,-24.43000000000211,-215.149999999996,136.51000644420202,213.41654697121,0.9820863772964175,1.4133546157033776,-160.9400064442041,-428.566546971206,-330.4234444739111,-693.532985195441,-1,-2474.8600000000038,-4763.1199999999935,143,162,290,0.8000000000006366,-0.6999999999961801,body,body,3,R4P-0029,0.0,0.0,15,3225,-0.6092248062015538,143,17.306713286713315,17.915938092914867,3188,-0.9700972396486848,162,29.401975308641937,30.37207254829062,news-clean,0.0,0.0,0,0.0,0,0,-19.249999999999773,-21.570000000000164,0.04918032786885246,305,81cc1a6b8a8900ea2bad5cc363269f4772c70ca49f3109354e7caa16e2f47c0b,M5
5.016152211004638,4.523066706333668,2468.880000000001,4570.239999999993,-5.180000000002337,-193.57999999999583,-24.43000000000211,-215.149999999996,136.51000644420202,213.41654697121,0.9820863772964175,1.4133546157033776,-160.9400064442041,-428.566546971206,-330.4234444739111,-693.532985195441,-1,-2474.8600000000038,-4763.1199999999935,143,162,290,0.8000000000006366,-0.6999999999961801,body,body,3,R4P-0030,0.0,0.0,15,3225,-0.6092248062015538,143,17.306713286713315,17.915938092914867,3190,-0.9694294670846418,162,29.401975308641937,30.371404775726578,raw,0.0,0.0,0,0.0,0,0,-19.249999999999773,-21.570000000000164,0.04918032786885246,305,d750227df64e0dcff5f2386b16487cf22519579f73b442e0efc1ca947f0c4bd2,M5
1.4097322283841576,1.0528576695674097,1949.220000000003,3230.5299999999943,-9.310000000001082,186.1799999999962,-9.310000000001082,187.66999999999598,342.68872978303403,554.163879067262,0.9961881679739362,1.392371555445382,-351.9987297830351,-366.49387906726605,-777.4625150986541,-1054.513766977683,1,-1958.989999999999,-3042.4400000000014,344,399,742,0.45999999999503416,-1.9099999999966712,sma,sma10,1,R4P-0031,0.0,0.0,1,3024,-0.81650132275132,344,5.6947383720930205,6.51123969484434,2951,-1.5970484581497755,399,7.625162907268174,9.22221136541795,news-clean,0.0,0.0,0,0.0,0,0,0.0,1.4899999999997817,0.0013458950201884253,743,14366e1f33a980a0c9f6416a02e1f060c4baaf30556cd8b4b9d54fb22a252d43,M5
4.144067928508175,3.8735576741147355,2442.409999999998,4599.249999999993,-6.0399999999992815,-148.97999999999865,-6.0399999999992815,-148.97999999999865,169.441005068456,271.445736628572,0.9794277749621735,1.4286617717293262,-175.4810050684553,-420.42573662857063,-385.8497891580513,-757.4380767785726,-1,-2449.7200000000016,-4749.069999999994,173,190,363,1.2700000000040745,0.840000000002874,rsi,rsi7,1,R4P-0032,0.0,0.0,0,3195,-0.6070766823161218,173,14.160231213872843,14.767307896188964,3162,-0.9735705249841899,190,24.995105263157864,25.968675788142054,raw,0.0,0.0,0,0.0,0,0,0.0,0.0,0.0,363,55701ad5dd0ab91668ff01aa5a13a2370e1c1f69bf6a863f603c106729bb13fe,M5
4.0969093427659145,3.856627622537352,2439.49,4571.039999999993,-9.970000000002301,-178.22999999999774,-30.490000000001373,-177.47999999999774,151.08953395268603,232.934843948472,0.9811008698226366,1.4203344143199512,-181.57953395268737,-410.41484394846975,-369.1641245120884,-699.6141435181218,-1,-2449.7200000000016,-4749.069999999994,173,190,318,0.25999999999953616,-0.19999999999618012,rsi,rsi7,3,R4P-0033,0.0,0.0,45,3195,-0.6070766823161218,173,14.160231213872843,14.767307896188964,3162,-0.9735705249841899,190,24.995105263157864,25.968675788142054,raw,0.0,0.0,0,0.0,0,0,-20.519999999999072,0.75,0.12396694214876033,363,4bf2b8771cf7657cf34a18489516e9fe110c56532e7e3f908e7c09d293755dab,M5
4.515633390792327,3.6231732661830276,2522.5899999999992,4455.099999999993,40.28999999999746,-323.8399999999983,-9.02000000000271,-363.4499999999971,142.691086452628,228.86528423883,0.9840764582939863,1.4304080264926875,-151.71108645263072,-592.3152842388271,-328.86861893682874,-876.4620392497321,-1,-2481.4900000000025,-4778.629999999994,162,197,305,-0.8099999999990359,-0.3099999999985812,body,body,12,R4P-0034,0.0,0.0,54,3206,-0.6149033063006893,162,15.317839506172856,15.932742812473546,3155,-0.985099841521397,197,24.2570050761421,25.242104917663497,raw,0.0,0.0,0,0.0,0,0,-49.31000000000017,-39.60999999999876,0.15041782729805014,359,dfb4e32b033c01e4c96afeeb1f9f5e13a8f27e560eef79d9a55904cd7fbb073a,M5
3.3050563555132304,3.484822957479882,2444.9399999999982,4532.889999999996,2.5400000000011005,-181.17999999999984,2.5400000000011005,-181.17999999999984,213.65311247644402,296.972835913652,0.9937354068671815,1.4277540188156346,-211.11311247644292,-478.15283591365187,-476.3732569439969,-846.8582414614339,-1,-2445.3800000000015,-4715.799999999995,215,208,423,2.9800000000043383,1.7299999999995634,sma,sma5,1,R4P-0035,0.0,0.0,0,3153,-0.6137868696479571,215,11.373860465116286,11.987647334764242,3142,-0.9692393380012758,208,22.67211538461536,23.641354722616637,news-clean,0.0,0.0,0,0.0,0,0,0.0,0.0,0.0,423,5837a0c9890309387e18c4c9436ed3f9ad7592bb12a7e683bf5d7553f5fadc02,M5
3.130717599978287,2.559917294498674,2547.930000000001,4737.419999999993,104.79999999999632,-0.1600000000048567,-6.420000000001892,-192.44000000000096,151.80236946898802,257.812137089416,0.9857296718765456,1.4243764480078234,-158.22236946898988,-450.252137089417,-346.6919779604479,-770.337737852373,-1,-2443.0800000000027,-4737.279999999995,231,298,335,-0.05000000000222826,-0.30000000000245564,sma,sma20,6,R4P-0036,0.0,0.0,194,3137,-0.6161842524705164,231,10.576103896103907,11.192288148574423,3052,-1.0048591087811298,298,15.896912751677837,16.901771860458968,news-clean,0.0,0.0,0,0.0,0,0,-111.21999999999821,-192.2799999999961,0.3667296786389414,529,1c62cd85d869b3f7557b924b415dc278edda967a1a4b584d6578292977ce842a,M5
1.82165425565149,1.3771576142712538,2616.0899999999992,4675.439999999993,150.3599999999949,-81.99000000000842,6.56999999999789,-224.26000000000204,201.509298080802,355.090313293964,0.9829721857600098,1.4260655152368034,-194.93929808080412,-579.3503132939661,-445.12233963861115,-1020.2112343728401,-1,-2466.700000000005,-4756.389999999994,409,560,454,0.9700000000002547,-1.040000000008149,sma,sma20,6,R4P-0037,0.0,0.0,515,2959,-0.661233524839477,409,6.031051344743288,6.692284869582765,2792,-1.1052113180515788,560,8.49355357142856,9.598764889480139,raw,0.0,0.0,0,0.0,0,0,-143.789999999997,-142.26999999999362,0.5314757481940144,969,ab449fefcbc9eb1602de0cdd865bb10070b253ee46631e674e882fc2cb9e5fa2,M5
0.7594250948369334,0.6371203048242277,2513.9199999999946,4808.939999999995,39.11999999999398,41.42000000000871,39.11999999999398,41.53000000000884,1227.364354745232,2181.013298851858,0.9874210416293098,1.439612738516078,-1188.244354745238,-2139.483298851849,-2712.07352935355,-4847.311404058352,-1,-2482.699999999998,-4779.009999999986,1243,1516,2758,7.89999999999759,11.489999999998417,sma,sma10,1,R4P-0038,0.0,0.0,1,14537,-0.13230308867029028,1243,1.9973451327433611,2.1296482214136514,14172,-0.21760160880609616,1516,3.152381266490756,3.369982875296852,news-clean,0.0,0.0,0,0.0,0,0,0.0,0.11000000000012733,0.0003624501631025734,2759,9f0ca49242fac7e1b5d5beeff53d6127b143c7cd3bba02c4f2104e9cb38aa489,M1
2.21796434356897,1.8518618030006382,2519.2200000000003,4589.289999999992,47.299999999997,-168.7300000000032,-32.70000000000141,-178.1399999999985,260.31484138578,408.027611409396,0.9860410658552273,1.426669969962923,-293.01484138578144,-586.1676114093946,-616.2076638860115,-1092.7526174422806,-1,-2474.380000000002,-4760.979999999992,325,396,550,2.4599999999988995,2.959999999997308,ret,ret3,6,R4P-0039,0.0,0.0,171,3043,-0.6455044364114392,325,7.613476923076929,8.258981359488368,2954,-1.0462186865267455,396,12.022676767676748,13.068895454203494,news-clean,0.0,0.0,0,0.0,0,0,-79.99999999999841,-9.409999999995307,0.23717059639389737,721,14f8acf6d310c7c0666c0c4b483641babd7e32e0bb34288e7ca2a9959db3cffe,M5
1.6640763730704564,1.0655754530198003,2010.5200000000002,3415.6299999999956,32.219999999997526,324.13000000000284,27.04999999999859,214.71000000000095,206.61881567213,368.313897029406,0.9886067735508614,1.4275732443000233,-179.56881567213142,-153.6038970294051,-436.0955577495864,-610.8825028073261,1,-1977.800000000002,-3088.279999999998,306,430,467,-0.5000000000006821,-3.2199999999947977,rsi,rsi7,3,R4P-0040,0.0,0.0,269,3062,-0.8125114304376206,306,6.463398692810464,7.275910123248084,2920,-1.6297020547945151,430,7.182046511627902,8.811748566422418,news-clean,0.0,0.0,0,0.0,0,0,-5.169999999998936,-109.42000000000189,0.3654891304347826,736,e60039c50e25cbe5db66f583e5129574630589a0dae146db308d20fd1a723c19,M5
2.3617459128763674,1.9985204553001528,2690.319999999997,4825.009999999993,219.71999999999616,67.15999999999894,8.47999999999729,-329.73,182.74901848812803,276.32234017162205,0.9878325323682596,1.4243419596475364,-174.2690184881307,-606.0523401716221,-401.1603119465787,-949.1192079972991,-1,-2469.0599999999995,-4755.41,321,382,379,-1.5400000000008731,-2.439999999994143,sma,sma10,24,R4P-0041,0.0,0.0,324,3047,-0.6429110600590768,321,7.691775700934578,8.334686760993655,2970,-1.0386430976431023,382,12.44871727748691,13.487360375130013,raw,0.0,0.0,0,0.0,0,0,-211.23999999999887,-396.88999999999896,0.46088193456614507,703,f3559de7d9692841ceffb200cbb9fb1a9ac0b2fb08066e4e10f8ad32084e6a6e,M5
2.720849045780557,2.6760311787215616,2320.9000000000015,4113.639999999996,-147.6200000000033,-631.6299999999969,-164.69000000000324,-648.3099999999981,229.364609360566,326.991469417634,0.9886405575886466,1.4217020409462346,-394.05460936056926,-975.3014694176321,-678.8212987975502,-1381.2763876043512,-1,-2468.8200000000043,-4745.899999999993,236,241,462,0.2999999999992724,0.6300000000010186,ret,ret1,48,R4P-0042,0.0,0.0,15,3132,-0.6253863346104762,236,10.461101694915273,11.08648802952575,3109,-0.9892087487938267,241,19.69253112033192,20.68173986912575,news-clean,0.0,0.0,0,0.0,0,0,-17.069999999999936,-16.6800000000012,0.031446540880503145,477,a6bd3bf273872e2336d8be05bc4cd074bacdfd8b11be4f7f0b3f3220aba807dd,M5
4.36453329276171,3.8089268042949196,2487.100000000001,4524.769999999991,42.12999999999715,-200.53999999999724,5.219999999997526,-194.52999999999747,142.683236992692,233.413616342342,0.9840223240875311,1.4232537581850122,-137.46323699269448,-427.9436163423395,-314.61102396711647,-717.7373338655365,-1,-2445.400000000003,-4725.3699999999935,163,191,309,0.42999999999915417,0.06000000000494765,sma,sma10,3,R4P-0043,0.0,0.0,45,3205,-0.6038346333853386,163,15.002453987730078,15.606288621115416,3161,-0.9663808921227486,191,24.740157068062793,25.706537960185543,raw,0.0,0.0,0,0.0,0,0,-36.90999999999963,6.0099999999997635,0.1271186440677966,354,c7ee0b2022a3b8d48a84c7c9a20d8ff88997bb7090d140248e97369dd911e6ab,M5
2.994387834604904,3.047331487339513,2254.9399999999987,4083.059999999995,-49.89000000000419,-433.9599999999964,17.319999999996753,-620.0599999999959,191.79914127575202,267.528721828084,0.9886553674007836,1.4080459043583367,-174.4791412757552,-887.5887218280799,-412.6065774908873,-1219.7379098263739,-1,-2305.720000000005,-4519.709999999994,219,220,384,0.8900000000016917,2.690000000002783,ret,ret12,48,R4P-0044,0.0,0.0,55,3149,-0.5702159415687559,219,10.52840182648404,11.098617768052797,3130,-0.9103067092651782,220,20.544136363636333,21.454443072901512,news-clean,0.0,0.0,0,0.0,0,0,67.21000000000095,-186.09999999999945,0.1252847380410023,439,b2544fce4bd97618f39e909b8a82f7c37b0228ac183fa73ab278b532037c326e,M5
1.3023376156701658,1.069814801917059,1975.7599999999957,3344.1799999999967,31.429999999997335,329.02000000000453,16.560000000000173,198.19000000000005,243.61675161681603,347.92417763253405,0.9984293099049837,1.4029200710989276,-227.05675161681583,-149.73417763253397,-529.5181291756719,-581.698011071403,1,-1943.0799999999997,-3012.369999999997,374,398,492,-1.2499999999986358,-2.7899999999949614,sma,sma5,3,R4P-0045,0.0,0.0,280,2994,-0.8193687374749473,374,5.195401069518716,6.014769806993663,2952,-1.5863211382113764,398,7.568768844221099,9.155089982432475,news-clean,0.0,0.0,0,0.0,0,0,-14.869999999997162,-130.83000000000447,0.3626943005181347,772,27ceb106c4b6a806cf8e05d5381439a03bab38bc7936e181c1dc881eb731e54b,M5
0.3035744865775112,0.27972995051364546,2034.6600000000083,3686.2299999999946,40.61000000001218,559.0000000000055,3.7900000000113323,314.71000000000276,1695.699468084694,2847.902130729406,0.9841552339435252,1.4354345416982894,-1691.9094680846827,-2533.1921307294033,-3797.1981796561117,-6068.993325857325,1,-1993.1200000000056,-3133.9699999999984,2298,2761,3707,-0.929999999990514,6.740000000009331,body,body,3,R4P-0046,0.0,0.0,1352,13482,-0.189328734609108,2298,0.8673281114012209,1.056656846010329,12933,-0.373399829892522,2761,1.1350851140890976,1.5084849439816197,raw,0.0,0.0,0,0.0,0,0,-36.820000000000846,-244.2900000000027,0.2672464914014627,5059,e3cb39c3bed2ab4eac3e8c757bf75709f6a5162e27fb124c6d06e76e13b55e97,M1
0.26327384283849453,0.20846250463053495,1901.9600000000007,3305.3199999999897,-53.790000000006785,285.2600000000016,-53.790000000006785,286.75000000000136,1796.543811345306,3069.08577076855,0.9903769632554058,1.4202155348304257,-1850.3338113453128,-2782.3357707685486,-4080.825403378884,-6592.746606033474,1,-1955.9799999999927,-3019.899999999999,1814,2162,3975,0.2299999999852389,-0.15999999998894054,ret,ret12,1,R4P-0047,0.0,0.0,1,7770,-0.3176473616473593,1814,1.0782690187431052,1.3959163803904646,7379,-0.6353923295839522,2162,1.3968085106382975,2.0322008402222496,news-clean,1.1982349965656,4.6899999999996,2,0.0005031446540880503,1,1,0.0,1.4899999999997817,0.00025150905432595576,3976,93b7f35f1fbbe12fe8d6ed60605f2a51368372ee595f93f8390313c1a027288c,M5
4.671013492111521,4.4184499537155055,2414.1899999999982,4266.9099999999935,-9.180000000004156,-424.2500000000018,-50.18000000000325,-422.170000000001,130.630368130252,196.800065241038,0.9821832190244512,1.415827807489482,-180.81036813025526,-618.970065241039,-342.9939654361373,-863.306379459672,-1,-2422.3600000000024,-4689.099999999995,149,156,272,-1.009999999999991,-2.060000000000855,rsi,rsi14,24,R4P-0048,0.0,0.0,33,3219,-0.5940509474992264,149,16.257449664429547,16.851500611928774,3194,-0.9451001878522255,156,30.0583333333333,31.003433521185528,news-clean,0.0,0.0,0,0.0,0,0,-40.99999999999909,2.0800000000008367,0.10819672131147541,305,6d4430e3ea3611626ffdddcef9f2772ab52f37c76627150fadb83764437b2ab5,M5
4.672756428589372,4.60896515232519,2420.930000000001,4519.029999999993,-12.230000000002292,-202.8599999999974,-13.400000000001455,-192.90999999999667,137.31814477876003,209.100712860074,0.9808438912768573,1.4224538289800952,-150.71814477876146,-402.01071286007067,-321.2049236044215,-661.6188448953296,-1,-2433.950000000003,-4721.559999999994,150,157,287,0.7899999999995089,-0.3299999999958345,rsi,rsi7,3,R4P-0049,0.0,0.0,20,3218,-0.5978371659415819,150,16.226333333333354,16.824170499274935,3193,-0.955562167240842,157,30.07363057324837,31.02919274048921,news-clean,0.0,0.0,0,0.0,0,0,-1.1699999999991633,9.950000000000728,0.06514657980456026,307,b45ba13cc6abaa8f842396fa6664bae325e8a019d6844ca1f52c2f470c6e4dd5,M5
2.990036482587433,2.8378876280570355,2444.4900000000016,4551.279999999992,54.749999999997726,-92.84000000000333,-18.550000000002683,-185.7800000000002,145.91818127597003,235.096685720092,0.9793166528588593,1.4248283983035879,-164.46818127597268,-420.8766857200922,-345.63230011686767,-712.7600110904142,-1,-2389.600000000004,-4644.089999999995,237,258,314,-0.1399999999996453,-0.030000000001109584,sma,sma50,6,R4P-0050,0.0,0.0,181,3131,-0.6002842542318785,237,10.082700421940945,10.682984676172824,3092,-0.9617205692108693,258,18.00034883720928,18.96206940642015,news-clean,0.0,0.0,0,0.0,0,0,-73.30000000000041,-92.93999999999687,0.3656565656565657,495,d35460d4f5a07eb476b30c81a9140ec6fb48c8c96889330b65463c8c47aefc49,M5
2.9948063959978946,2.788239910504753,2417.6699999999996,4458.429999999989,27.129999999997608,-186.18000000000302,-22.32000000000221,-279.81999999999744,134.49015633124802,217.475901931748,0.9816799732207885,1.4214111237369151,-156.81015633125023,-497.29590193174545,-323.7858577406182,-767.3022158428635,-1,-2389.600000000004,-4644.089999999995,237,258,290,-0.9399999999980082,-0.5199999999986176,sma,sma50,12,R4P-0051,0.0,0.0,205,3131,-0.6002842542318785,237,10.082700421940945,10.682984676172824,3092,-0.9617205692108693,258,18.00034883720928,18.96206940642015,news-clean,0.0,0.0,0,0.0,0,0,-49.44999999999982,-93.63999999999442,0.41414141414141414,495,7bb21a15dfd5b99284f13cb9004020c84faac6bdb80a6f87d8516024d29040f0,M5
5.1843368693022365,4.969260282954093,2434.0700000000015,4468.1099999999915,15.469999999997981,-225.2399999999975,-19.4300000000012,-223.37999999999784,124.031847717202,197.520228312732,0.9843797437873174,1.4210088367822447,-143.4618477172032,-420.90022831272984,-297.4530790024102,-666.1306574072919,-1,-2418.600000000002,-4693.759999999993,135,145,265,-1.1368683772161603e-12,0.41000000000349246,sma,sma10,6,R4P-0052,0.0,0.0,15,3233,-0.5903154964429352,135,17.91555555555557,18.505871051998508,3205,-0.9433104524180989,145,32.37075862068961,33.3140690731077,news-clean,0.0,0.0,0,0.0,0,0,-34.89999999999918,1.8599999999996726,0.05357142857142857,280,80b90fb3316dbbcf8e50fabee634fd9b91ceb1256bd13f5cf074c31ff23e4ec8,M5
0.3307495973889645,0.23691596841598764,1996.9500000000025,3255.709999999993,69.39999999999964,242.95000000000437,69.39999999999964,244.44000000000415,1569.85396082284,2609.974941857784,1.000544270760255,1.4169245069803387,-1500.4539608228404,-2365.53494185778,-3449.4996994027806,-5605.9386128600245,1,-1927.1699999999948,-3015.1299999999924,1569,1843,3411,-0.3800000000080672,2.370000000003529,sma,sma50,1,R4P-0053,0.0,0.0,1,8015,-0.30434310667498243,1569,1.2282791586998054,1.5326222653747879,7698,-0.608442452585084,1843,1.6359902333152427,2.2444326859003265,news-clean,1.1982349965656,4.6899999999996,2,0.0005863383172090296,1,1,0.0,1.4899999999997817,0.00029308323563892143,3412,27c4871d05b61e7b24a52365c336f814da428e03a7b4b6d0b9429546a84318f0,M5
0.2636107837548131,0.19067280650806162,1999.6000000000033,3266.9099999999885,15.039999999997008,157.59999999999673,15.039999999997008,157.59999999999673,1926.816365318944,3152.7638545993605,0.9881109565738174,1.4337261730783812,-1911.776365318947,-2995.1638545993633,-4304.007311585251,-6909.464871647124,1,-1978.6900000000046,-3099.079999999999,1950,2199,4149,-5.87000000000171,-10.229999999992742,ret,ret1,1,R4P-0054,0.0,0.0,0,7634,-0.3262811108200149,1950,1.0147128205128229,1.3409939313328376,7342,-0.6493789158267479,2199,1.4093133242382896,2.0586922400650374,news-clean,0.0,0.0,0,0.0,0,0,0.0,0.0,0.0,4149,394757ce88fbaf9d9e561956308d15a921290aceda5054af002e73fcb6498cc7,M5
3.352955172963695,2.998324034073466,2319.2700000000023,4437.579999999995,54.739999999998645,-102.55000000000018,13.589999999998554,-140.47999999999865,146.257425250974,234.717213256672,0.9815934580602281,1.4139591160040483,-132.66742525097544,-375.19721325667064,-314.25273095438445,-666.6094060050227,-1,-2265.150000000004,-4540.019999999997,200,236,315,0.6200000000001182,-0.10999999999876309,ret,ret24,3,R4P-0055,0.0,0.0,121,3168,-0.5539898989899026,200,11.32575000000002,11.879739898989923,3114,-0.9215061014772031,236,19.23737288135592,20.158878982833123,news-clean,0.0,0.0,0,0.0,0,0,-41.15000000000009,-37.92999999999847,0.2775229357798165,436,923f74a1d8d7f2c8caa223a06d2df0d1e2b5ca5eba7dbaa79804bc2e596a79a2,M5
4.3870037861928015,3.7087686560629822,2503.3899999999985,4383.809999999995,57.279999999998154,-342.0200000000018,1.4899999999977354,-314.6899999999973,136.79278082791402,216.11504465056603,0.9841207253806764,1.4218095042800396,-135.30278082791628,-530.8050446505633,-305.13729615061527,-799.1217919025444,-1,-2445.400000000003,-4725.3699999999935,163,191,291,-0.7099999999977626,-0.46000000000276486,sma,sma10,12,R4P-0056,0.0,0.0,63,3205,-0.6038346333853386,163,15.002453987730078,15.606288621115416,3159,-0.9670528648306451,191,24.740157068062793,25.707209932893438,news-clean,0.0,0.0,0,0.0,0,0,-55.79000000000042,27.330000000004475,0.17796610169491525,354,53adf4e77e02dde3f0bfdbd7137ebfe2449c4512ba25a6030aa9d775c7898375,M5
1.6955407440308967,1.3046971306068493,2429.8199999999997,4586.829999999989,-4.7299999999977445,-133.9300000000012,-4.7299999999977445,-133.9300000000012,416.716612116622,815.454402937502,0.973636944197715,1.4432821290929239,-421.44661211661975,-949.3844029375032,-938.8194107497968,-1961.8084688437602,-1,-2437.369999999998,-4720.509999999995,428,565,993,2.8200000000006185,-0.24999999999590727,rsi,rsi14,1,R4P-0057,0.0,0.0,0,9156,-0.21026976845784282,428,5.694789719626164,5.905059488084007,8976,-0.3400011140819976,565,8.354884955752203,8.694886069834201,news-clean,0.0,0.0,0,0.0,0,0,0.0,0.0,0.0,993,07e1136417c1755f7e4d60c5bdc65e453f8b11320004cd1010ef5b9c7d2a0105,M5
0.6518523670639724,0.5147990878449679,2441.230000000006,4491.089999999994,-27.159999999997353,-262.8100000000027,-27.159999999997353,-262.8100000000027,1080.368599898024,1976.933415157934,0.9866379907744512,1.4440711578947656,-1107.5285998980214,-2239.743415157937,-2448.855798891105,-4694.196979735706,-1,-2470.129999999999,-4754.239999999995,1095,1369,2464,1.7399999999959164,0.3399999999987813,sma,sma10,1,R4P-0058,0.0,0.0,0,8489,-0.23065025326893746,1095,2.255826484018264,2.4864767372872016,8172,-0.37757953989231663,1369,3.47278305332359,3.8503625932159067,news-clean,-3.5663679225477094,-1.819999999999709,1,0.00040584415584415587,1,0,0.0,0.0,0.0,2464,d81eef0baf54f2c48e9010a93b179dd9e7de48f85b7b748a0217547b75cff8c1,M5
3.356419487361052,2.981801893713828,2297.7299999999987,4421.729999999995,35.20000000000118,-119.4799999999982,35.20000000000118,-119.4799999999982,196.05564913071998,335.30837470727204,0.9802782456535999,1.4207981979121695,-160.85564913071883,-454.7883747072702,-404.26773513823883,-871.0891108327222,-1,-2265.150000000004,-4540.019999999997,200,236,436,2.6200000000064847,-1.1899999999964166,ret,ret24,1,R4P-0059,0.0,0.0,0,3168,-0.5539898989899026,200,11.32575000000002,11.879739898989923,3114,-0.9215061014772031,236,19.23737288135592,20.158878982833123,news-clean,0.0,0.0,0,0.0,0,0,0.0,0.0,0.0,436,70cc463ed67744f2009c4251644962f5c8fef272b837e518b1b4bd154b2d1bff,M5
3.351707352833922,2.983850759328535,2321.4399999999987,4419.639999999994,33.88000000000147,-122.03999999999905,33.88000000000147,-122.03999999999905,197.619509292568,334.581846110856,0.9783144024384555,1.417719686910407,-163.73950929256654,-456.6218461108551,-409.09319946655455,-872.0205636488511,-1,-2290.070000000004,-4540.439999999997,202,236,438,2.5100000000065847,-1.2399999999961437,ret,ret24,1,R4P-0060,0.0,0.0,0,3166,-0.5622109917877484,202,11.336980198019821,11.89919118980757,3116,-0.9209884467265761,236,19.239152542372867,20.160140989099443,raw,0.0,0.0,0,0.0,0,0,0.0,0.0,0.0,438,c4c9111a9fc29fbf60b17fa92e6a15b6c3bf3eb146a9290c58456a099d47a532,M5
0.6514201602510197,0.5475061450714009,2356.5499999999993,4575.049999999996,41.70999999999799,53.00000000000591,41.70999999999799,52.440000000005966,1304.279061151606,2453.6547521265843,0.9865953563930453,1.4340471958659171,-1262.5690611516081,-2401.2147521265783,-2881.891373657229,-5447.539734069622,-1,-2321.640000000004,-4534.32999999998,1322,1713,3033,6.800000000002228,12.279999999989286,sma,sma100,1,R4P-0061,0.0,0.0,2,14458,-0.12188615299488278,1322,1.7561573373676278,1.8780434903625105,13975,-0.20316064400715486,1713,2.6470110916520606,2.8501717356592153,news-clean,0.0,0.0,0,0.0,0,0,0.0,-0.5599999999999454,0.0006589785831960461,3035,241f376a4a822dc192fa993aca950be4ccdcff1042878cb81824a9eb16b7c546,M1
0.7950604382003701,0.6559758367756611,2499.549999999994,4740.039999999992,34.40999999999508,4.550000000012915,34.40999999999508,5.310000000013133,1187.4565287418259,2071.922622202566,0.9928566293827975,1.4408363158571391,-1153.046528741831,-2066.6126222025528,-2627.328305863222,-4638.999645886534,-1,-2472.4299999999967,-4752.619999999989,1196,1440,2634,7.289999999998145,17.13000000000966,sma,sma20,1,R4P-0062,0.0,0.0,2,14584,-0.13117251782775702,1196,2.067249163879596,2.198421681707353,14254,-0.2144948786305598,1440,3.3004305555555478,3.5149254341861074,raw,0.0,0.0,0,0.0,0,0,0.0,0.7600000000002183,0.0007587253414264037,2636,7606bf2c6a18a4f041084318eb0e7f7c5cc11e5ee911b5fe1e26ef969f411fb0,M1
1.494506743918946,1.0229972393328033,1946.810000000004,3198.0699999999943,26.980000000000018,201.72999999999865,10.490000000002055,117.07999999999902,185.804299155314,315.098359936088,0.998947844921043,1.4257844340999457,-175.31429915531194,-198.018359936089,-405.99886377391095,-589.227434462397,1,-1919.480000000003,-2996.3499999999995,320,411,407,-0.3500000000010459,0.010000000003856258,ret,ret24,3,R4P-0063,0.0,0.0,324,3048,-0.797109580052492,320,5.998375000000009,6.795484580052501,2939,-1.5878870364069362,411,7.290389294403892,8.878276330810827,news-clean,0.0,0.0,0,0.0,0,0,-16.489999999997963,-84.64999999999964,0.4432284541723666,731,952b3868c33b60c54002b939a6e8f82002b51b67dc73462ffbc62333e62cc3e0,M5
1.9460826133806732,1.6911492812065692,2472.659999999997,4682.329999999996,-3.230000000000473,-67.25999999999567,-3.230000000000473,-67.25999999999567,464.383922134522,793.838624494164,0.9922733378942777,1.4459719936141422,-467.6139221345225,-861.0986244941597,-1044.1678737803495,-1846.6857092237337,-1,-2480.7699999999977,-4758.93999999999,468,549,1017,4.8800000000003365,9.34999999999718,rsi,rsi7,1,R4P-0064,0.0,0.0,0,15312,-0.12548066875653144,468,5.300790598290593,5.426271267047125,15145,-0.2022931660614064,549,8.668378870673934,8.870672036735339,raw,0.0,0.0,0,0.0,0,0,0.0,0.0,0.0,1017,61c394424bc68194d831382b8caf405cefb2d7cfa781db5d696dc47b7694ac54,M1
0.5752396550893923,0.491613437537093,2392.010000000004,4532.159999999989,-56.57999999999106,-221.60000000000036,-56.57999999999106,-221.60000000000036,1227.704538679212,2093.93384125024,0.9892864936979952,1.4138648489198111,-1284.284538679203,-2315.5338412502406,-2808.5360675564452,-4915.248804276081,-1,-2450.5399999999904,-4749.760000000006,1241,1481,2722,1.9499999999952706,-3.9999999999827196,rsi,rsi7,1,R4P-0065,0.0,0.0,0,14538,-0.13327486586875656,1241,1.97464947622884,2.1079243420975966,14250,-0.21512631578947422,1481,3.2071303173531436,3.422256633142618,news-clean,0.5404961649004547,3.5000000000004547,3,0.0011021307861866275,2,1,0.0,0.0,0.0,2722,da1d4ec5b6e5d8b317904bbfce1cebe416164097c893c9820862883c6e1dd7c0,M5
4.047425868673285,3.652059814102977,2437.0799999999977,4306.899999999992,-13.730000000002974,-444.6600000000021,-64.19000000000256,-427.6500000000001,141.231568859866,218.39252504871,0.9807747837490695,1.418133279537078,-205.42156885986856,-646.0425250487101,-380.7670434443996,-917.1868690941951,-1,-2449.7200000000016,-4749.069999999994,173,190,298,-1.0899999999990087,-2.4899999999997817,rsi,rsi7,24,R4P-0066,0.0,0.0,65,3195,-0.6070766823161218,173,14.160231213872843,14.767307896188964,3162,-0.9735705249841899,190,24.995105263157864,25.968675788142054,raw,0.0,0.0,0,0.0,0,0,-50.45999999999958,17.010000000002037,0.1790633608815427,363,93f13c0a1d0dd87cd48f4fcd2d6f3064893db6f5833aceef66c134bf5b57dc40,M5
1.6468257412798708,1.164844261051608,1885.9999999999955,3086.0499999999943,-28.409999999999172,161.41000000000122,-28.409999999999172,162.900000000001,280.559501409774,486.99041053194003,0.9984323893586263,1.4115664073389567,-308.9695014097732,-324.090410531939,-657.2969984189822,-928.711354493729,1,-1914.9999999999977,-2924.0599999999977,281,346,626,0.5900000000031014,-0.5799999999953798,ret,ret12,1,R4P-0067,0.0,0.0,1,3087,-0.7855879494654975,281,6.814946619217074,7.600534568682572,3006,-1.5285096473719173,346,8.45104046242774,9.979550109799657,raw,0.0,0.0,0,0.0,0,0,0.0,1.4899999999997817,0.001594896331738437,627,4bb9a91bd2ab779ff83726a43246e215f7df694ad0523cbc1d26de3030ff927e,M5
2.2448867270749853,2.0907328554729907,2484.460000000007,4590.129999999994,11.629999999996926,-148.57000000000016,1.0399999999967804,-176.26000000000067,393.32438873854403,599.813165226764,0.9882522330114172,1.4281265838732475,-392.28438873854725,-776.0731652267647,-880.6146684734513,-1520.7687380704388,-1,-2475.6400000000012,-4752.78999999999,412,435,818,2.8099999999915326,14.089999999995598,ret,ret1,3,R4P-0068,0.0,0.0,29,15368,-0.12468961478396753,412,6.008834951456314,6.133524566240282,15259,-0.20037879284356774,435,10.925954022988483,11.12633281583205,raw,0.0,0.0,0,0.0,0,0,-10.590000000000146,-27.69000000000051,0.03423848878394333,847,b52964aa8cf041b9484eec9788fbdfcf636703b71f8ea16f87ceb6364b3850db,M1
3.012165365614575,2.373195495353065,2408.869999999998,4457.959999999992,-35.41000000000372,-280.870000000004,-50.240000000002055,-395.400000000001,139.962242770336,227.25293851356003,0.9856495969741971,1.4203308657097502,-190.20224277033807,-622.652938513561,-363.9717907165141,-904.797892411021,-1,-2443.0800000000027,-4737.169999999995,232,300,302,-1.1999999999989086,-1.6600000000003092,sma,sma20,24,R4P-0069,0.0,0.0,230,3136,-0.6163807397959217,232,10.530517241379322,11.146897981175243,3052,-1.0047608125819165,300,15.790566666666649,16.795327479248567,raw,0.0,0.0,0,0.0,0,0,-14.829999999998336,-114.52999999999702,0.4323308270676692,532,15d1cc204d18cf51df8e0225ea04daac23362b3f11f1fca5bf0ded5fc033e3d8,M5
1.0368095705700187,0.8385312546875555,1809.0499999999995,2954.369999999998,14.810000000001764,119.26999999999634,14.810000000001764,120.75999999999613,420.055666989266,655.658663950936,0.9883662752688612,1.447370119096989,-405.24566698926424,-534.8986639509399,-926.7640554266952,-1348.928985479216,1,-1793.57,-2836.7200000000084,425,454,878,-0.669999999997799,1.620000000006712,ret,ret48,1,R4P-0070,0.0,0.0,1,2943,-0.7827658851512037,425,4.220164705882353,5.002930591033556,2896,-1.556343232044197,454,6.24828193832601,7.804625170370207,news-clean,0.0,0.0,0,0.0,0,0,0.0,1.4899999999997817,0.0011376564277588168,879,2773462482b6b30ae50c646406c4ef86cdbafeedfdd7d89f1cc59ac70d47d38c,M5
5.36147041659501,5.2325257383062995,2351.0499999999984,4167.419999999996,10.699999999997317,-328.8199999999997,-16.850000000002638,-305.4599999999991,113.29503923359,168.88498278764402,0.9851742542051305,1.4073748565637,-130.14503923359263,-474.3449827876431,-270.80603002615766,-684.0234406443972,-1,-2339.8200000000024,-4494.809999999996,126,128,235,-0.5299999999986085,-1.430000000000291,sma,sma20,12,R4P-0071,0.0,0.0,19,3242,-0.564376927822335,126,18.570000000000018,19.134376927822352,3222,-0.8765859714463095,128,35.11570312499997,35.99228909644628,news-clean,0.0,0.0,0,0.0,0,0,-27.549999999999955,23.360000000000582,0.07480314960629922,254,7800f791d5dfb5cffc51fbbf18a174a316e5c3c720598ecb0a4450936fa4792c,M5
3.3209862442155744,3.6690554532964095,2375.010000000003,4312.929999999995,38.499999999999545,-209.24999999999682,-5.220000000000255,-190.59999999999718,191.86733952730802,257.74179020684,0.9890069047799382,1.4084250830974863,-197.08733952730827,-448.3417902068372,-435.29944707288627,-768.3400520807772,-1,-2336.580000000004,-4522.809999999992,205,187,377,0.07000000000061846,0.6300000000005639,ret,ret6,6,R4P-0072,0.0,0.0,15,3163,-0.5774486247233674,205,11.397951219512215,11.975399844235582,3165,-0.9011595576619295,187,24.18614973262028,25.08730929028221,raw,0.0,0.0,0,0.0,0,0,-43.7199999999998,18.649999999999636,0.03826530612244898,392,6285031bdc2e523ffa3b926441f1fb827a7bdfbaf99af263430704bab82e8cc8,M5
1.2828210790226777,1.0581934570638936,2422.4799999999996,4584.319999999988,-27.110000000002174,-163.01999999999816,-42.37000000000057,-203.42999999999893,354.951442949318,609.474548714802,0.9805288479262928,1.4340577616818873,-397.32144294931857,-812.904548714801,-838.0099495469316,-1569.5951726416079,-1,-2451.479999999997,-4747.769999999995,571,714,787,1.8899999999948704,0.4300000000084765,rsi,rsi7,3,R4P-0073,0.0,0.0,498,9013,-0.21517141906135664,571,4.29330998248686,4.508481401548217,8830,-0.34868969422423673,714,6.649537815126044,6.99822750935028,raw,0.0,0.0,0,0.0,0,0,-15.2599999999984,-40.410000000000764,0.38754863813229573,1285,107d18b75fdab63ab3addd5813c50a965d215772bc83f32fe1812c1e2b50ffbf,M5
1.278334776447704,1.0522007407501788,2422.3899999999994,4578.479999999988,-27.23000000000161,-168.599999999999,-42.37000000000057,-210.42999999999984,354.951442949318,611.273022684602,0.9805288479262928,1.4349131987901456,-397.32144294931857,-821.7030226846018,-838.0099495469316,-1580.626534605709,-1,-2451.439999999996,-4747.719999999995,573,717,788,1.8199999999951615,0.6400000000080581,rsi,rsi7,3,R4P-0074,0.0,0.0,502,9011,-0.21521473754300377,573,4.278254799301913,4.493469536844917,8824,-0.34894152311876825,717,6.6216457461645675,6.970587269283335,news-clean,0.0,0.0,0,0.0,0,0,-15.139999999998963,-41.83000000000084,0.3891472868217054,1290,4036df436fb9ecf8f088a0b071c779b933328fd861ce996d207256357ed97d04,M5
4.6845839683505055,4.141084365186876,2445.6800000000007,4413.329999999994,49.139999999997144,-272.0400000000013,-3.770000000001346,-244.4999999999991,126.782828015278,195.5195112423,0.9828126202734728,1.416808052480435,-130.55282801527935,-440.01951124229913,-287.95952754375236,-682.7659583403491,-1,-2396.5400000000022,-4686.189999999995,150,172,267,-1.3642420526593924e-12,0.8200000000001637,sma,sma20,6,R4P-0075,0.0,0.0,55,3218,-0.5862119328775667,150,15.976933333333347,16.563145266210913,3178,-0.9489427312775358,172,27.24529069767439,28.194233428951925,news-clean,0.0,0.0,0,0.0,0,0,-52.90999999999849,27.540000000002237,0.17080745341614906,322,189e4a7d87901d271862acf1b30da0618854cba3e09a67c0cdc7bfcfa3252ab2,M5
3.528678328126069,2.907862640661509,2375.4999999999995,4577.1199999999935,-12.480000000002747,-61.5799999999972,-12.480000000002747,-61.5799999999972,240.86534077747203,446.34056228621205,0.987153035973246,1.4305787252763207,-253.34534077747475,-507.9205622862092,-552.3907155986268,-1062.0728547879512,-1,-2391.500000000001,-4644.319999999992,244,312,556,3.519999999998845,5.62000000000171,sma,sma20,1,R4P-0076,0.0,0.0,0,15536,-0.11792546343975364,244,9.801229508196725,9.919154971636479,15382,-0.19172474320634522,312,14.885641025641002,15.077365768847347,raw,0.0,0.0,0,0.0,0,0,0.0,0.0,0.0,556,2080d49d98d6d6cdbbc6b3e4a39419bdc2d466f552971421b265c54d6e4a0bf1,M1
4.6856332335444995,4.0934789886614125,2445.6800000000007,4412.039999999994,49.139999999997144,-273.3100000000013,-3.770000000001346,-246.4399999999987,126.782828015278,195.519527805016,0.9828126202734728,1.4168081725001158,-130.55282801527935,-441.9595278050147,-287.95952754375236,-684.7059954725707,-1,-2396.5400000000022,-4686.199999999995,150,174,267,-1.3642420526593924e-12,0.8500000000003638,sma,sma20,6,R4P-0077,0.0,0.0,57,3218,-0.5862119328775667,150,15.976933333333347,16.563145266210913,3178,-0.9488860918816896,174,26.93218390804595,27.88106999992764,raw,0.0,0.0,0,0.0,0,0,-52.90999999999849,26.87000000000262,0.17592592592592593,324,da0a1146572a802a0af0ae437bcd9636ba5e8e3081d55ce40d8e7118ee1f1a92,M5
1.411833612136537,1.1066365660548545,2357.3099999999977,4365.599999999991,53.73999999999637,-155.6999999999971,53.73999999999637,-155.6999999999971,485.77623976476406,903.13574655798,0.9893609771176457,1.4312769359080508,-432.03623976476763,-1058.835746557977,-1035.1497353414416,-2180.1202246609073,-1,-2307.17,-4523.269999999994,491,631,1122,3.599999999998772,1.9700000000052569,ret,ret12,1,R4P-0078,0.0,0.0,0,9093,-0.19740789618387894,491,4.698920570264766,4.8963284664486455,8913,-0.32025468416919217,631,7.1684152139461075,7.488669898115299,raw,0.0,0.0,0,0.0,0,0,0.0,0.0,0.0,1122,a476aec6487c5291469ee250e807d619289e243be993133b6b0a1e235a3b4621,M5
0.20223997908558294,0.15894736215502997,2438.2000000000003,4284.979999999996,-28.21999999999889,-487.93000000000075,-28.21999999999889,-487.93000000000075,3570.335213439508,6062.820162713103,0.9909340031749954,1.438391497678079,-3598.555213439507,-6550.750162713103,-8031.290236977785,-14078.01964163396,-1,-2467.970000000001,-4773.820000000012,3603,4215,7818,1.5500000000022283,0.9100000000153159,rsi,rsi14,1,R4P-0079,0.0,0.0,0,12176,-0.1605601182654397,3603,0.6849764085484322,0.8455365268138719,11516,-0.26828846821813246,4215,1.1325788849347598,1.4008673531528921,news-clean,-3.441995209834872,7.260000000001128,10,0.0012790995139421847,6,4,0.0,0.0,0.0,7818,b249ce63d211cfac110c68867e7ffc2e92befb9bc2803dedf57e71af4088e29c,M5
2.5990078220114463,2.2260089915932553,2471.12,4461.619999999995,9.68999999999869,-302.1900000000019,-35.64000000000283,-397.37999999999647,151.491873649896,241.725782356332,0.983713465259065,1.4136010664112981,-187.13187364989884,-639.1057823563285,-375.21598742453483,-939.2194361034905,-1,-2459.990000000005,-4763.059999999996,274,328,325,-1.4399999999961892,-0.750000000001819,rsi,rsi14,12,R4P-0080,0.0,0.0,277,3094,-0.630213316095673,274,8.978065693430674,9.608279009526347,3024,-1.0226256613756646,328,14.52152439024389,15.544150051619555,raw,0.0,0.0,0,0.0,0,0,-45.33000000000152,-95.1899999999946,0.4601328903654485,602,71366f5f23ffdf4d4ceb6dec27d4c6ff55fceb3c0fb0d46210191d8eaf6c3e19,M5
3.8607370075763168,3.6134587293308167,2368.2699999999977,4236.079999999991,-67.43000000000279,-488.9200000000019,-61.010000000002265,-405.6199999999999,134.61540173541403,215.860416147868,0.9825941732511972,1.4201343167622895,-195.62540173541626,-621.4804161478679,-362.75660118436525,-889.481030715406,-1,-2435.250000000002,-4722.689999999993,178,189,289,-0.44999999999868123,-2.309999999999036,rsi,rsi14,24,R4P-0081,0.0,0.0,78,3190,-0.6034921630094073,178,13.68117977528091,14.284671938290318,3163,-0.9649225418906127,189,24.98777777777774,25.952700319668352,raw,0.0,0.0,0,0.0,0,0,6.4200000000005275,83.300000000002,0.2125340599455041,367,afb149206508bb6671844afe02336827c7a2bfea94a5b7a149f2f809544721da,M5
3.8801920604828752,3.6227920812454766,2367.989999999998,4223.779999999991,-67.74000000000274,-501.02000000000226,-61.010000000002265,-417.72000000000025,134.61540173541403,214.064053604808,0.9825941732511972,1.4176427391046889,-195.62540173541626,-631.7840536048083,-362.75660118436525,-897.5544016716362,-1,-2435.2400000000025,-4722.469999999994,177,188,288,-0.48999999999864485,-2.3299999999994725,rsi,rsi14,24,R4P-0082,0.0,0.0,77,3191,-0.6032999059855875,177,13.75841807909606,14.361717985081647,3162,-0.9652182163187879,188,25.119521276595712,26.0847394929145,news-clean,0.0,0.0,0,0.0,0,0,6.730000000000473,83.300000000002,0.21095890410958903,365,3f00dd42983ff3798d7b949b0eb57d20870bdc4de2d27e6f44abe3a2c9f5ed55,M5
0.3789975286649542,0.2901085420606485,2014.6400000000026,3387.3099999999827,50.749999999996135,304.549999999992,50.399999999996226,306.0399999999918,1336.87885564944,2142.795788931544,0.9932235183131055,1.4162563046474184,-1286.4788556494439,-1836.7557889315524,-2946.275309122484,-4497.135100791957,1,-1961.0999999999997,-3076.5899999999874,1347,1514,2859,-2.790000000006785,-6.170000000003256,sma,sma5,1,R4P-0083,0.0,0.0,2,8237,-0.30025980332645247,1347,1.4559020044543427,1.7561618077807952,8030,-0.5909626400996228,1514,2.0320937912813655,2.6230564313809883,raw,0.0,0.0,0,0.0,0,0,-0.34999999999990905,1.4899999999997817,0.0006990562740300594,2861,de0a34ab4c94517da2585837b4d3abd9e12c4b8c4540f9aba7e49c3ab381f568,M5
1.451949162726795,1.2011386802092272,2496.9200000000083,4612.8299999999945,22.030000000000655,-148.6699999999978,19.950000000000045,-172.60999999999967,598.38084708207,981.339015571654,0.985800407054481,1.4305233463143645,-578.43084708207,-1153.9490155716537,-1321.348130594315,-2372.3264412474427,-1,-2479.6600000000017,-4770.619999999984,646,750,1293,4.7699999999942975,9.11999999999216,ret,ret1,3,R4P-0084,0.0,0.0,103,15134,-0.12688317695255802,646,3.8384829721362257,3.9653661490887835,14944,-0.20579563704496756,750,6.360826666666646,6.566622303711613,raw,0.0,0.0,0,0.0,0,0,-2.0800000000006094,-23.940000000001874,0.07378223495702006,1396,42887815db19e83ae5bc83ad79e279f1951cf9bdf2449941fa58d5e313993e9c,M1
2.193109144215205,1.8267032437648616,2523.2000000000025,4504.71999999999,47.32999999999993,-259.38000000000056,-33.74000000000069,-232.5900000000006,237.190072367236,344.50612799562606,0.9882919681968168,1.42357904130424,-270.93007236723673,-577.0961279956266,-565.4124328525627,-1004.8162973053177,-1,-2474.380000000002,-4760.979999999992,325,396,482,-1.4900000000006912,-3.1199999999985266,ret,ret3,24,R4P-0085,0.0,0.0,239,3043,-0.6455044364114392,325,7.613476923076929,8.258981359488368,2954,-1.0462186865267455,396,12.022676767676748,13.068895454203494,news-clean,0.0,0.0,0,0.0,0,0,-81.07000000000062,26.789999999999964,0.3314840499306519,721,ee7c1e815b9a90e6faef678051de720d59a92bda0f0b9f528a1422e13ce35d25,M5
1.705775797962563,1.350300865333225,2437.5700000000006,4618.819999999987,0.960000000001628,-100.09000000000106,-38.92000000000121,-173.66999999999507,263.205447354488,479.041811793138,0.9748349902018074,1.4385639993787926,-302.1254473544892,-652.711811793133,-628.9070898451972,-1247.464206694116,-1,-2437.369999999998,-4720.509999999995,428,565,603,0.7599999999990814,1.600000000007185,rsi,rsi14,3,R4P-0086,0.0,0.0,390,9156,-0.21026976845784282,428,5.694789719626164,5.905059488084007,8976,-0.3400011140819976,565,8.354884955752203,8.694886069834201,news-clean,0.0,0.0,0,0.0,0,0,-39.88000000000284,-73.57999999999402,0.39274924471299094,993,da75403530c0eadb60a5bbf326919e779f3172db2110f27a3ebcd8ca612013dd,M5
2.403526076091739,1.862224948255059,2483.530000000001,4452.509999999992,8.539999999997008,-309.81999999999834,-16.680000000002565,-327.78999999999814,281.313807323352,496.80591030890605,0.9870659906082527,1.4276031905428335,-297.9938073233546,-824.5959103089042,-647.2578097050866,-1441.4032492650751,-1,-2475.510000000003,-4762.359999999991,307,381,633,0.5199999999988449,0.03000000000020009,body,body,3,R4P-0087,0.0,0.0,55,9277,-0.2116384607092825,307,8.063550488599358,8.27518894930864,9160,-0.3377401746724898,381,12.499632545931734,12.837372720604224,news-clean,0.0,0.0,0,0.0,0,0,-25.219999999999573,-17.9699999999998,0.07994186046511628,688,b2245abbb62060c770a931b9daa997100ea3ea82e7588c254a0005622f564ad9,M5
1.9588675668835822,1.5484262812654226,2011.8599999999972,3344.5699999999924,56.09000000000265,296.77000000000044,52.810000000002674,255.2199999999998,236.465826856066,341.200463582692,0.9893967650881422,1.4216685982612167,-183.65582685606333,-85.98046358269222,-477.23900302729436,-509.5964972721142,1,-1955.8899999999962,-3050.3699999999976,255,278,479,0.12000000000170985,2.5700000000056207,ret,ret1,12,R4P-0088,0.0,0.0,54,3113,-0.7921619017025342,255,7.670156862745083,8.462318764447618,3074,-1.535787247885486,278,10.972553956834524,12.50834120472001,raw,0.0,0.0,0,0.0,0,0,-3.2799999999999727,-41.55000000000064,0.10131332082551595,533,52319605dbc4b041f7e47d10de3d91577533fbefcc88d12ada3467860d0c7a69,M5
2.4690159165217733,2.176261178708466,2493.090000000003,4638.320000000001,32.46000000000436,-114.56999999999016,-6.399999999997817,-113.949999999993,274.32405072896,447.30729168953,0.9903395333175451,1.4200231482207302,-280.7240507289578,-561.2572916895231,-621.3099494803179,-1116.609823277878,-1,-2465.079999999999,-4741.969999999987,378,412,592,4.450000000000273,-10.920000000004165,sma,sma5,3,R4P-0089,0.0,0.0,198,15402,-0.12372873652772436,378,6.521375661375659,6.645104397903383,15276,-0.19945077245352164,412,11.509635922330064,11.709086694783586,news-clean,0.0,0.0,0,0.0,0,0,-38.860000000002174,0.6199999999971624,0.25063291139240507,790,dce8deaf0fccf72473ec2626b4e05d3669e961db981b65bfe9307facf39590e1,M1
1.5807137056999678,1.3728703116830179,2243.8600000000033,4278.6199999999935,-5.060000000000855,-259.96000000000095,-20.059999999999718,-250.10000000000082,175.524051988084,295.09346231014,0.9860901797083371,1.4324925354861167,-195.58405198808373,-545.1934623101408,-413.50521804637776,-911.5655394956309,-1,-2248.440000000005,-4536.379999999997,412,496,384,-0.4799999999988813,-2.199999999996635,sma,sma100,6,R4P-0090,0.0,0.0,524,2956,-0.5880683355886376,412,5.457378640776711,6.045446976365349,2856,-1.0034103641456624,496,9.145927419354834,10.149337783500496,raw,0.0,0.0,0,0.0,0,0,-14.999999999998863,9.860000000000127,0.5770925110132159,908,c6956ab99794f3d7915811d80e401656af71c9424b0c3f2a32fbe5aad91a6bbc,M5
0.17318300003427453,0.1576851045270051,2324.2500000000146,4265.069999999982,-153.10000000000537,-490.62000000000126,-153.10000000000537,-490.62000000000126,3722.0090112343405,6167.337387626868,0.9912141175058163,1.4355999505649133,-3875.1090112343454,-6657.95738762687,-8496.154016004535,-14314.989797970908,-1,-2479.6900000000037,-4761.060000000006,3755,4296,8051,2.3399999999835472,5.3700000000221735,ret,ret6,1,R4P-0091,0.0,0.0,0,12024,-0.16356453759148337,3755,0.660370173102531,0.8239347106940144,11435,-0.2690730214254488,4296,1.1082541899441354,1.3773272113695842,news-clean,-7.532653621175236,-0.839999999999236,6,0.0007452490373866601,3,3,0.0,0.0,0.0,8051,01ddafb41166b60d8745e46200713edff169d312e22eda41cee90dac1b670c84,M5
0.3271320032656711,0.24856755362637045,2456.88,4368.2699999999895,12.660000000003265,-376.7100000000023,12.660000000003265,-376.7100000000023,2232.245208942276,3898.037056757394,0.9947616795642941,1.4362701019739845,-2219.585208942273,-4274.747056757396,-4991.020081840239,-9114.338959333276,-1,-2445.8899999999935,-4740.6200000000135,2244,2714,4958,1.6699999999968895,-4.3599999999782995,sma,sma20,1,R4P-0092,0.0,0.0,0,13535,-0.14280753601773075,2244,1.0899688057040968,1.2327763417218276,13017,-0.23480141353614623,2714,1.7467280766396514,1.9815294901757976,news-clean,5.521508816100454,11.500000000000455,6,0.0012101653892698668,3,3,0.0,0.0,0.0,4958,e5e4b80c8b7a303ca1a12b6385b858cd712465d2ee3de36f113e81bef2014fcf,M5
0.43156594533501336,0.3543812533670011,1938.2400000000002,3304.0299999999916,-31.970000000007303,248.51999999999543,-31.970000000007303,248.51999999999543,1122.4776846147581,1788.982533552072,0.9968718335832666,1.413098367734654,-1154.4476846147654,-1540.4625335520766,-2548.0552448414182,-3761.5664512343287,1,-1969.3899999999983,-3054.3999999999955,1126,1266,2392,-0.8200000000092587,-1.110000000000582,rsi,rsi7,1,R4P-0093,0.0,0.0,0,8458,-0.2933944194845102,1126,1.7490142095914727,2.042408629075983,8275,-0.5707625377643479,1266,2.4126382306477057,2.9834007684120536,news-clean,0.0,0.0,0,0.0,0,0,0.0,0.0,0.0,2392,822e7edf2fe1be13ba13fc11965eab609e4be9398b3a0e0c95307a1d292154d7,M5
5.724421727726355,5.156231492792159,2187.209999999999,4233.259999999995,19.319999999997208,-208.44999999999663,-4.21000000000231,-196.6999999999971,100.190502635894,168.95278755537998,0.9822598297636668,1.3963040293833056,-104.40050263589632,-365.6527875553771,-228.79160978652533,-575.4154277992071,-1,-2168.420000000002,-4441.879999999994,110,131,223,0.5300000000004275,0.1700000000023465,sma,sma50,3,R4P-0094,0.0,0.0,18,3258,-0.5089963167587506,110,19.712909090909108,20.221905407667858,3221,-0.8603663458553268,131,33.90748091603049,34.76784726188581,raw,0.0,0.0,0,0.0,0,0,-23.529999999999518,11.749999999999545,0.07468879668049792,241,ecdb8eab9572b6a61d7d4c0908d121dc00115506ebed642025cf6672ab32d293,M5
2.7229484604492127,1.9546592380589387,1954.7400000000007,3183.3399999999956,-14.850000000001955,122.14999999999782,-14.850000000001955,122.14999999999782,179.29311005079,308.31610635899006,1.0016374863172626,1.4340284016697211,-194.14311005079196,-186.16610635899218,-416.74373465355694,-568.9547017904572,1,-1969.7300000000002,-3055.8199999999993,179,215,394,0.13999999999759893,-5.369999999998527,rsi,rsi7,1,R4P-0095,0.0,0.0,0,3189,-0.7776230793352126,179,11.004078212290505,11.781701291625717,3135,-1.50758213716108,215,14.213116279069764,15.720698416230844,news-clean,0.0,0.0,0,0.0,0,0,0.0,0.0,0.0,394,9516d68e92c7bc62b1af22a2cba0331538bba02f69254ccb6f084782a6479115,M5
5.748140933457277,5.175953050966327,2188.079999999997,4275.279999999995,20.389999999998736,-165.44999999999845,20.389999999998736,-165.44999999999845,107.701406521454,182.45630624163002,0.9791036956495819,1.3927962308521376,-87.31140652145527,-347.90630624162844,-221.02764547154428,-574.4341845623335,-1,-2168.420000000002,-4441.879999999994,110,131,241,0.7300000000036562,1.150000000000091,sma,sma50,1,R4P-0096,0.0,0.0,0,3258,-0.5089963167587506,110,19.712909090909108,20.221905407667858,3221,-0.8603663458553268,131,33.90748091603049,34.76784726188581,raw,0.0,0.0,0,0.0,0,0,0.0,0.0,0.0,241,b4d3413eb7768dba109973b09576dc4e5dc7010eb9cad4b2447437a9cc26360f,M5
1.1585496457056992,0.9854126088207038,2408.5200000000004,4446.399999999993,-68.83000000000357,-308.16999999999325,-100.03000000000429,-326.7299999999923,528.681148610042,914.3510295674221,0.9863454265112723,1.4399228812085387,-628.7111486100463,-1241.0810295674144,-1285.0930580701934,-2376.2897967783915,-1,-2477.1600000000035,-4756.779999999995,608,719,1171,-0.19000000000050932,2.210000000008222,ret,ret1,3,R4P-0097,0.0,0.0,156,8976,-0.2189193404634597,608,4.074276315789479,4.293195656252939,8822,-0.35004760825209824,719,6.61582753824756,6.965875146499658,news-clean,0.0,0.0,0,0.0,0,0,-31.200000000000728,-18.559999999999036,0.1175584024114544,1327,65b841b6bcec60d9d5ca42c20fe083c2130a5a510d794a5fcddbc296c9fe8d3c,M5
4.181447284683065,3.6622243087796167,2089.150000000001,3720.1999999999966,-385.4300000000021,-1041.999999999994,-380.1100000000015,-974.9299999999957,135.74299742215402,205.54184575490203,0.9836449088561885,1.4175299707234623,-515.8529974221555,-1180.4718457548977,-684.3841596746945,-1435.6614834220547,-1,-2474.8600000000038,-4763.1199999999935,143,162,283,0.28000000000065484,0.9200000000023465,body,body,48,R4P-0098,0.0,0.0,22,3225,-0.6092248062015538,143,17.306713286713315,17.915938092914867,3188,-0.9700972396486848,162,29.401975308641937,30.37207254829062,news-clean,0.0,0.0,0,0.0,0,0,5.3200000000006185,67.06999999999834,0.07213114754098361,305,a407c1a976cff8fc401fd9137bce66ab73d958a3a09b258f8c8db9a74d26a31e,M5
5.646869768905021,5.184261993329387,2172.4299999999985,4217.269999999995,4.139999999996917,-212.68999999999687,-18.040000000002237,-200.93999999999733,101.100596785256,166.026631421316,0.9815591920898641,1.3951817766497143,-119.14059678525824,-366.9666314213133,-244.66162763365423,-573.0963145459193,-1,-2168.4400000000023,-4430.1199999999935,111,129,222,0.15000000000031832,0.16000000000212822,sma,sma50,3,R4P-0099,0.0,0.0,18,3257,-0.5091587350322412,111,19.535495495495518,20.044654230527758,3221,-0.8567742936976117,129,34.34201550387592,35.19878979757353,news-clean,0.0,0.0,0,0.0,0,0,-22.179999999999154,11.749999999999545,0.075,240,c7c5b7ebab55de8486d1d8c4d038f0a238ac828ceadf0f59ac96a5deb109c753,M5
0.8849035232169973,0.9423360804739018,2314.270000000006,4411.979999999995,-93.54000000000133,-264.8999999999987,-93.54000000000133,-264.8999999999987,758.630586550956,1029.57183109086,0.9968864475045414,1.4123070385334158,-852.1705865509574,-1294.4718310908588,-1794.0452764293034,-2572.732511108869,-1,-2410.420000000004,-4674.479999999994,761,729,1490,2.6099999999967167,-2.3999999999991815,ret,ret3,1,R4P-0100,0.0,0.0,0,15018,-0.12634372086829115,761,3.1674375821287835,3.2937813029970746,15002,-0.19932475669910651,729,6.41218106995884,6.611505826657947,news-clean,0.5404961649004547,3.5000000000004547,3,0.0020134228187919465,2,1,0.0,0.0,0.0,1490,b057bd100c3e2988f538fc912211f2b7aeb6e55fd3ddacbf3f7415aa42f62ef6,M5
0.12692666334480449,0.11075679893976108,1993.5100000000034,3422.58999999998,21.009999999995216,335.3699999999767,21.009999999995216,336.2999999999761,3863.990089500586,5764.30160514918,0.9859632787702439,1.425396044794555,-3842.980089500591,-5428.001605149204,-8640.301118427642,-12584.646592121335,1,-1969.6099999999906,-3084.2300000000087,3919,4046,7963,-2.890000000017608,-2.9899999999947795,ret,ret3,1,R4P-0101,0.0,0.0,2,11881,-0.20896641696826848,3919,0.5025797397295204,0.7115461566977889,11690,-0.4079230111206166,4046,0.7622911517548218,1.1702141628754383,raw,0.0,0.0,0,0.0,0,0,0.0,0.9299999999993815,0.00025109855618330194,7965,19ee8769b01fc9ce08f62cb54ecd1252f54450200293a6268da4cb0b365ff51c,M5
1.4848339694273707,0.8663709508755344,2114.5099999999993,3390.9899999999957,159.4799999999998,335.8000000000002,44.650000000002365,171.30999999999904,177.78379016749003,310.11388473016603,0.9987853380196069,1.4225407556429635,-133.13379016748763,-138.80388473016697,-353.86052467870263,-523.8245043607479,1,-1953.5300000000004,-3053.5399999999986,357,539,396,-1.4999999999990905,-1.6499999999969077,sma,sma20,6,R4P-0102,0.0,0.0,500,3011,-0.8182132181999313,357,5.472072829131654,6.290286047331585,2813,-1.6794098826875166,539,5.665194805194803,7.3446046878823195,raw,0.0,0.0,0,0.0,0,0,-114.82999999999743,-164.49000000000115,0.5580357142857143,896,1ea6f531ddca6e6a9b139cc02d91efd02cb20671b806dcbf970b3b3bfd813f2c,M5
1.371907269769624,1.0749964287826264,2473.7,4395.1099999999915,-9.530000000002246,-379.7399999999934,-51.53000000000361,-398.219999999993,438.333228882142,800.933926697508,0.985018491869982,1.4431241922477622,-489.8632288821456,-1199.153926697501,-1034.0740494446427,-2193.550155788779,-1,-2482.980000000003,-4776.689999999994,525,646,1000,-0.2499999999990905,1.8400000000087857,body,body,3,R4P-0103,0.0,0.0,171,9059,-0.21755602163594367,525,4.729485714285721,4.9470417359216645,8895,-0.34941315345699947,646,7.394256965944264,7.743670119401263,news-clean,0.0,0.0,0,0.0,0,0,-42.000000000001364,-18.479999999999563,0.14602903501280956,1171,46631f4b21e3d085248bbcb6524e26da1a2188849af9e458897642838889575b,M5
0.525972999704815,0.37722050193276907,1930.5199999999973,3309.9299999999907,-6.81000000000563,316.48999999999796,-6.81000000000563,317.97999999999774,917.4776854595341,1676.1740539548282,0.9961755542448796,1.4109209208373974,-924.2876854595397,-1358.1940539548302,-2063.378338442909,-3439.2410667967283,1,-1936.2499999999957,-2991.5399999999922,921,1189,2109,-1.0800000000072032,-1.9000000000005457,sma,sma20,1,R4P-0104,0.0,0.0,1,8663,-0.28262611104697966,921,2.102334419109659,2.3849605301566386,8355,-0.5577953321364424,1189,2.5160134566862844,3.073808788822727,raw,0.0,0.0,0,0.0,0,0,0.0,1.4899999999997817,0.00047393364928909954,2110,2afac25b2ed3bebb6321a6db451a145c577d044366824fff890b7ed535bbba06,M5
1.911301575529663,1.8385241972251976,2372.260000000003,4397.529999999995,36.80000000000268,-123.40999999999167,36.80000000000268,-123.40999999999167,354.32977836848005,539.739403282774,0.9897479842694974,1.4316695047288435,-317.52977836847737,-663.1494032827657,-757.4464596081574,-1333.2606434974748,-1,-2336.9200000000023,-4522.509999999992,358,377,735,1.4600000000023101,1.5700000000047112,ret,ret6,1,R4P-0105,0.0,0.0,0,9226,-0.1977866897897261,358,6.52770949720671,6.725496186996437,9167,-0.31129813461328765,377,11.99604774535807,12.307345879971358,raw,0.0,0.0,0,0.0,0,0,0.0,0.0,0.0,735,184dece3e6c5131bc7e6c5f497ae1896136fabe2064dc67bdd9cb9e93e488808,M5
1.145746961711305,1.0190292387284814,2697.63,4723.0699999999815,212.36999999999716,-59.890000000004875,-45.13000000000534,-263.05000000000246,245.233767393182,354.53456595827004,0.9888458362628306,1.423833598225984,-290.36376739318735,-617.5845659582725,-594.8327444443244,-1057.7555013372175,-1,-2484.3,-4777.259999999992,659,707,497,-0.9600000000029922,-5.699999999994361,sma,sma5,24,R4P-0106,0.0,0.0,869,2709,-0.7287523071244029,659,3.7698027314112292,4.498555038535632,2645,-1.1745255198487736,707,6.757086280056566,7.9316117999053395,raw,0.0,0.0,0,0.0,0,0,-257.5000000000025,-203.15999999999758,0.6361639824304539,1366,61c46b1366f17da6332d9da9c78e75e2764c7d70b5aaac3a4956fd12ee883679,M5
0.5684470402188732,0.4841813752140496,2297.2499999999995,4326.399999999989,-5.730000000000018,-195.71000000000095,-5.730000000000018,-195.71000000000095,1167.119606798022,2003.376236763994,0.9949868770656624,1.4168148774851443,-1172.849606798022,-2199.086236763995,-2621.882162116099,-4686.369777712974,-1,-2307.16999999999,-4523.580000000005,1173,1414,2587,4.1899999999902775,1.4700000000166256,ret,ret12,1,R4P-0107,0.0,0.0,0,14627,-0.12265331236753832,1173,1.9668968456947913,2.0895501580623295,14322,-0.19823977098170695,1414,3.199137199434233,3.39737697041594,raw,0.0,0.0,0,0.0,0,0,0.0,0.0,0.0,2587,f0c78920ac5d0b98666e487a45eb3868942cf5ec0b587f9f298101391b7b7a22,M5
0.2649120924379004,0.23179260944106855,2361.679999999999,4261.3499999999785,-112.54999999999586,-496.78000000000566,-112.54999999999586,-496.78000000000566,2602.33529892757,4014.200134955492,0.9936369984450439,1.4300677360012441,-2714.885298927566,-4510.980134955498,-5945.804003749061,-9494.79383064972,-1,-2480.5199999999977,-4764.430000000004,2619,2807,5426,6.290000000002692,6.300000000019736,sma,sma5,1,R4P-0108,0.0,0.0,0,13160,-0.1495083586626132,2619,0.9471248568155776,1.0966332154781908,12924,-0.2383333333333337,2807,1.6973387958674755,1.9356721292008092,news-clean,-11.255464587755508,-5.539999999999509,5,0.0009214891264283082,3,2,0.0,0.0,0.0,5426,e6a7695940ad334b4c327e86c0a85a1292c1425a7db10987ba4c9c869f2334e0,M5
0.5155294630684845,0.5142411020169408,2023.5400000000045,3757.9199999999983,40.74000000000365,655.2499999999955,1.7299999999959255,335.4099999999962,939.598011807578,1546.241360740426,0.9869727014785483,1.4317049636485426,-937.8680118075821,-1210.8313607404298,-2104.422065109105,-3130.560971806921,1,-1978.1399999999967,-3090.289999999999,1356,1607,2032,-4.660000000004175,-12.380000000003747,ret,ret1,6,R4P-0109,0.0,0.0,931,14424,-0.17592554076539,1356,1.4588053097345108,1.6347308504999007,14087,-0.33971037126428544,1607,1.923018046048537,2.2627284173128226,raw,0.0,0.0,0,0.0,0,0,-39.01000000000772,-319.83999999999924,0.3142085723928451,2963,ea645c812b93781febf0031de958d3b65820442ae2042daf15bf3fae42f56004,M1
2.003003966573974,1.8424108989114416,1894.5299999999993,3068.459999999999,-15.250000000001819,114.54999999999563,-15.250000000001819,114.54999999999563,233.91380261135,298.32006394962997,1.0082491491868535,1.3875351811610697,-249.16380261135183,-183.77006394963436,-539.5785237760768,-554.1481139983393,1,-1909.9000000000017,-2949.4100000000017,232,215,447,0.12000000000057298,-4.500000000001819,sma,sma5,1,R4P-0110,0.0,0.0,0,3136,-0.7716868622448961,232,8.232327586206903,9.0040144484518,3137,-1.472760599298689,215,13.718186046511637,15.190946645810325,raw,0.0,0.0,0,0.0,0,0,0.0,0.0,0.0,447,7a7f111e1eaae83cd93d92d12125bfc6c937837298502de256513633fd4f3cd2,M5
1.935987281931031,1.5234489511711982,1913.5300000000002,3112.8499999999954,-21.639999999997144,150.2599999999993,-21.639999999997144,151.7499999999991,241.270439790296,369.84501815755004,0.992882468272823,1.4116222067082063,-262.91043979029314,-218.09501815755092,-562.4587636563292,-677.274581283976,1,-1934.4599999999994,-2959.119999999995,243,263,505,-0.70999999999799,-3.470000000001164,ret,ret3,1,R4P-0111,0.0,0.0,1,3125,-0.7822623999999975,243,7.9607407407407385,8.743003140740736,3087,-1.499698736637506,263,11.251406844106445,12.75110558074395,news-clean,0.0,0.0,0,0.0,0,0,0.0,1.4899999999997817,0.001976284584980237,506,eb4242eeec6fbe062985f994a29660c0a2c85f8d2b782c58e2cbc476339b8f39,M5
1.9304123896978862,1.891884462328288,2398.4200000000055,4454.979999999997,63.07999999999856,-65.07999999998628,11.76999999999839,-122.6999999999889,271.301815513522,411.40838501178,0.990152611363219,1.4285013368464583,-259.5318155135236,-534.108385011769,-596.3654704858507,-1044.890776452999,-1,-2336.9600000000023,-4522.4499999999925,357,374,562,1.6199999999953434,2.3900000000094224,ret,ret6,3,R4P-0112,0.0,0.0,169,9227,-0.19776958924894475,357,6.546106442577037,6.743876031825982,9167,-0.3113112250463629,374,12.09211229946522,12.403423524511584,news-clean,0.0,0.0,0,0.0,0,0,-51.31000000000017,-57.62000000000262,0.23119015047879618,731,45153d50d0d7627302c25d9c0d3a5ffc49be86765a7a19977102ef5aba107802,M5
1.9239663537610165,1.885495532556564,2398.100000000006,4465.139999999998,62.739999999998645,-54.71999999998616,11.549999999998363,-119.05999999998903,271.30154227383,412.60272118668405,0.9901516141380657,1.427691076770533,-259.75154227383166,-531.662721186673,-596.5848580072367,-1043.927935790067,-1,-2336.9200000000023,-4522.509999999992,358,377,563,1.559999999995398,2.650000000008731,ret,ret6,3,R4P-0113,0.0,0.0,172,9226,-0.1977866897897261,358,6.52770949720671,6.725496186996437,9167,-0.31129813461328765,377,11.99604774535807,12.307345879971358,raw,0.0,0.0,0,0.0,0,0,-51.19000000000028,-64.34000000000287,0.23401360544217686,735,b551f25961c82fc52753f97ea5fe45518ca1ae171cf349821d3f67a7ae26bd5e,M5
0.12559661644378137,0.09585639011753973,1963.9800000000032,3219.379999999991,11.009999999992488,166.21000000000004,10.889999999992142,167.69999999999982,3905.3202435747544,6020.33238714522,0.9866903091396549,1.4202246725985421,-3894.4302435747622,-5852.6323871452205,-8743.064555611401,-13327.15134070349,1,-1951.7899999999788,-3044.78000000001,3959,4240,8197,-1.180000000031896,-8.389999999980773,sma,sma20,1,R4P-0114,0.0,0.0,2,11820,-0.20852622673434743,3959,0.49300075776710756,0.701526984501455,11491,-0.4115385954225053,4240,0.7181084905660401,1.1296470859885455,news-clean,-2.9360557461784365,2.7299999999995634,5,0.000609979260705136,2,3,-0.12000000000034561,1.4899999999997817,0.00024393218685205513,8199,9472e6c27604807293d754102af5375635dbc1f606433d2d0d686812f0c25435,M5
1.7052663775804107,1.6474274087079794,2581.12,5654.399999999992,114.69999999999641,904.020000000005,-214.40000000000236,-695.7299999999964,172.55439714016,267.67741624402197,0.9860251265152,1.4162826256297458,-386.95439714016237,-963.4074162440183,-601.1886010307223,-1295.7412154230954,-1,-2466.700000000005,-4756.389999999994,409,560,364,0.28000000000156433,6.010000000006585,sma,sma20,48,R4P-0115,0.0,0.0,605,2959,-0.661233524839477,409,6.031051344743288,6.692284869582765,2792,-1.1052113180515788,560,8.49355357142856,9.598764889480139,raw,0.0,0.0,0,0.0,0,0,-329.0999999999988,-1599.7500000000014,0.6243550051599587,969,55aa904783e210404acac4b12745b05488f8ae070121273f5388fc9cd3104ff6,M5
4.539449741469904,3.79448907411619,2352.029999999997,4107.8299999999945,-45.55000000000496,-580.1200000000035,-47.71000000000322,-446.2600000000011,122.942762796794,191.330382144764,0.983542102374352,1.4172620899612147,-170.65276279679722,-637.5903821447652,-323.2918452605762,-875.1358338514392,-1,-2396.5400000000022,-4686.199999999995,150,174,260,-1.0399999999997362,-1.7500000000027285,sma,sma20,24,R4P-0116,0.0,0.0,64,3218,-0.5862119328775667,150,15.976933333333347,16.563145266210913,3178,-0.9488860918816896,174,26.93218390804595,27.88106999992764,raw,0.0,0.0,0,0.0,0,0,-2.159999999998263,133.8600000000024,0.19753086419753085,324,0bede18a29c67544d0ecb095e0011b798b49695d646687a51634a4b8b5edf3f0,M5
0.3330682106996745,0.31345230370559124,2273.759999999999,4440.059999999981,-207.7400000000157,-329.9899999999984,-84.28000000001634,-368.81999999999016,1361.392147737992,2223.991738596348,0.9872314341827353,1.4376158620532309,-1445.6721477380083,-2592.8117385963383,-3135.9029787709806,-5353.999550483556,-1,-2485.030000000016,-4771.179999999988,1922,2228,2926,3.530000000001337,1.130000000007385,ret,ret1,3,R4P-0117,0.0,0.0,1224,7662,-0.2574902114330497,1922,1.2929396462018814,1.5504298576349311,7316,-0.42404866047020273,2228,2.1414631956911974,2.5655118561614003,raw,0.0,0.0,0,0.0,0,0,123.45999999999935,-38.82999999999174,0.29493975903614456,4150,2c9daaf263aa77f2f38914646e00bda392c8bd928f9ceb617304ea9960aee5b3,M5
1.6683795435205448,1.2320514996941376,2499.4500000000016,4631.6,37.26000000000613,-124.98999999999933,-12.729999999996608,-71.88999999999669,429.54667498782203,736.627618810646,0.992024653551552,1.4331276630557315,-442.27667498781864,-808.5176188106427,-975.5785855201956,-1723.0746143729036,-1,-2467.3899999999976,-4768.679999999993,564,713,947,5.2000000000018645,12.08999999999287,ret,ret3,3,R4P-0118,0.0,0.0,330,15216,-0.12539300736067355,564,4.374804964539003,4.500197971899676,14981,-0.20515786663106625,713,6.688190743337999,6.893348609969065,raw,0.0,0.0,0,0.0,0,0,-49.99000000000274,53.10000000000264,0.25841816758026626,1277,18196dbc9046eeb0c43560a7826497c21a8f746ff222d3913f5b2dbc20b18b6f,M1
0.14347891961141213,0.10821135375197485,1973.2199999999984,3265.5899999999856,54.33999999998741,264.73999999999796,54.33999999998741,266.22999999999774,3464.6073799639244,5626.7659096972775,0.9896050785386816,1.4205417595802265,-3410.267379963937,-5360.535909697281,-7711.736445737671,-12346.424018962754,1,-1918.7399999999914,-2995.669999999996,3501,3962,7462,-0.14000000001965418,-5.179999999991651,ret,ret24,1,R4P-0119,0.0,0.0,1,12278,-0.19805587229190413,3501,0.5480548414738622,0.7461107137657663,11769,-0.3976446596992093,3962,0.756100454316001,1.1537451140152104,news-clean,-0.3925165688284364,7.979999999999563,7,0.0009380863039399625,3,4,0.0,1.4899999999997817,0.00013399437223636607,7463,1b4283e4484a208a64666751e71a0c58451e114654f73d3912208094a6a43be8,M5
1.1655529697612004,0.842341565224595,1882.140000000001,3076.499999999998,55.320000000000164,209.6100000000015,18.950000000000045,107.29000000000133,200.54104728347,338.42902151979405,0.9927774617993564,1.434021277626246,-181.59104728346998,-231.1390215197927,-430.571961000615,-651.3141831640717,1,-1824.5900000000045,-2867.680000000003,395,469,438,-2.22999999999638,0.7900000000063301,sma,sma100,3,R4P-0120,0.0,0.0,426,2973,-0.7853010427177924,395,4.619215189873429,5.404516232591221,2883,-1.574165799514391,469,6.114456289978684,7.688622089493075,raw,0.0,0.0,0,0.0,0,0,-36.37000000000012,-102.32000000000016,0.4930555555555556,864,4b4f9366f02d2ef635b3a4db3db1f281f91ad1a51b061134d61713d7c95f3efd,M5
0.4753171025034003,0.4089101632106381,1903.6300000000037,3020.540000000006,9.31000000000563,208.7900000000036,9.440000000005284,211.49000000000387,1227.5077354067841,1900.393347033914,0.9695953676198927,1.4182039903238164,-1218.0677354067789,-1688.9033470339102,-2742.074923780523,-4048.3289028276095,1,-1898.5400000000043,-2832.810000000005,1267,1342,2606,4.220000000006166,21.060000000002674,ret,ret24,1,R4P-0121,0.0,0.0,3,14513,-0.169361951353958,1267,1.4984530386740365,1.6678149900279944,14346,-0.31562595845531827,1342,2.1108867362146086,2.4265126946699267,news-clean,0.0,0.0,0,0.0,0,0,0.1299999999996544,2.700000000000273,0.0011498658489842851,2609,07b2eda78fb305978667069b0bc0cde35175859051acd5c92d2627b3c161bb74,M1
1.9893762564848116,1.5741093876287717,1985.010000000002,3140.2899999999913,50.78999999999883,183.05999999999813,-1.8300000000008367,154.81999999999834,221.02884747256203,314.95032176325196,0.991160750998036,1.4186951430777115,-222.85884747256284,-160.13032176325368,-497.2763054515298,-551.1555999846357,1,-1934.4599999999994,-2959.119999999995,243,263,445,0.23999999999614374,1.8900000000016917,ret,ret3,12,R4P-0122,0.0,0.0,61,3125,-0.7822623999999975,243,7.9607407407407385,8.743003140740736,3087,-1.499698736637506,263,11.251406844106445,12.75110558074395,news-clean,0.0,0.0,0,0.0,0,0,-52.61999999999966,-28.23999999999978,0.12055335968379446,506,6a5e00712c8b0bdc282285b5981fc11f1a9966642f865267eb7f9a1566f17ee5,M5
5.754984054824394,5.257029869677937,2103.5200000000013,4039.0899999999947,-19.490000000002055,-271.2000000000003,-29.600000000001728,-226.95000000000073,95.88446176144001,151.64014180773,0.9784128751167348,1.4040753871086111,-125.48446176144174,-378.59014180773073,-244.52942162648174,-566.8583379097857,-1,-2121.9000000000033,-4311.239999999994,105,121,206,-1.1100000000003547,0.9499999999998181,ret,ret24,6,R4P-0123,0.0,0.0,20,3263,-0.49395954642966916,105,20.20857142857146,20.702530975001128,3231,-0.8172701949860752,121,35.630082644628054,36.447352839614126,raw,0.0,0.0,0,0.0,0,0,-10.109999999999673,44.249999999999545,0.08849557522123894,226,4841bf62e199f08f9e934831e3155ce05436b4d766d0f08e211c84c029336bbf,M5
0.3645873547691315,0.3086226168040559,2030.109999999994,3723.070000000002,81.79000000000428,698.1599999999962,32.34000000000219,317.3799999999951,907.8563895747241,1536.224736335668,0.9772404624055157,1.4145715804195838,-875.5163895747219,-1218.844736335673,-2002.6617620362558,-3126.138248560511,1,-1947.860000000013,-3027.650000000003,2186,2627,2015,-0.4599999999766169,2.7399999999970532,sma,sma50,3,R4P-0124,0.0,0.0,2798,13594,-0.1844394585846698,2186,0.8910612991765842,1.075500757761254,13067,-0.3614341470880839,2627,1.1525123715264571,1.513946518614541,raw,0.0,0.0,0,0.0,0,0,-49.45000000000209,-380.7800000000011,0.5813421982131727,4813,774572cb1ad2bb37f89835871f277136d41256b79c96dcdd4157065c3f3db39b,M1
2.5881111971622404,2.112033949079174,2442.84,4364.439999999991,-18.24000000000592,-401.61000000000195,-65.65000000000396,-460.5799999999995,149.56699104191,236.41875370481202,0.983993362117829,1.415681159909054,-215.21699104191396,-696.9987537048115,-400.911274813599,-990.5234880216535,-1,-2459.990000000005,-4763.059999999996,274,328,319,-1.090000000001055,-2.989999999997508,rsi,rsi14,24,R4P-0125,0.0,0.0,283,3094,-0.630213316095673,274,8.978065693430674,9.608279009526347,3024,-1.0226256613756646,328,14.52152439024389,15.544150051619555,raw,0.0,0.0,0,0.0,0,0,-47.409999999998035,-58.969999999997526,0.4700996677740864,602,3257c88451908bed15f9339845b4915b1ca7715db5b22ae852b6f48ef35b11ba,M5
1.618054061608187,1.1789703116145032,2377.5199999999995,4438.219999999992,-19.460000000000264,-245.249999999995,-21.990000000001828,-233.28999999999724,259.35358098078603,491.324769596606,0.9898991640488016,1.4324337306023498,-281.34358098078786,-724.6147695966033,-603.3429545385388,-1334.6170205097242,-1,-2397.939999999997,-4685.149999999995,428,603,605,0.9599999999970805,1.6800000000084765,sma,sma20,3,R4P-0126,0.0,0.0,426,9156,-0.2059633027522944,428,5.602663551401862,5.808626854154156,8938,-0.33749049004251636,603,7.769734660033159,8.107225150075676,news-clean,0.0,0.0,0,0.0,0,0,-2.5300000000015643,11.959999999997763,0.4131910766246363,1031,343a85c23c551b33ae0ee64e2d0a5ee431c0dcf4048f0b067bf89cdb49a27e23,M5
3.8534990188113225,2.854011604582753,2260.670000000001,4223.8499999999985,64.05999999999631,-69.60999999999876,32.309999999996535,-100.65999999999894,143.733155444766,262.694621120924,0.984473667429904,1.4276881582658913,-111.42315544476948,-363.35462112092296,-289.87446427645045,-689.5020495941569,-1,-2197.74,-4294.659999999996,211,293,330,1.1299999999946522,1.1999999999989086,sma,sma50,3,R4P-0127,0.0,0.0,174,15569,-0.10523026527073101,211,10.415829383886255,10.521059649156985,15401,-0.16878449451334368,293,14.657542662116027,14.826327156629372,raw,0.0,0.0,0,0.0,0,0,-31.749999999999773,-31.050000000000182,0.34523809523809523,504,eccc711064918b7f75470c8f923da0ef090cd749dfe3ccbe2e195ac453956646,M1
2.9778822704563517,2.6390320263476603,2395.0999999999985,4663.93999999999,-29.130000000002156,-26.879999999998745,-19.510000000000673,-244.84999999999354,158.710392117314,256.91948485279,0.9796937785019383,1.4194446676949724,-178.22039211731467,-501.76948485278353,-375.26662780291366,-820.7468170625485,-1,-2423.7700000000013,-4689.129999999993,242,304,343,-0.4599999999991269,-1.689999999995507,rsi,rsi14,12,R4P-0128,0.0,0.0,203,9342,-0.20462748876043807,242,10.015578512396699,10.220206001157138,9237,-0.32699686045252885,304,15.424769736842082,15.75176659729461,news-clean,0.0,0.0,0,0.0,0,0,9.620000000001482,-217.9699999999948,0.3717948717948718,546,40c210a102fd08c313525f0db0900a34d2871b1b0a08a823d8f436c0b306f20d,M5
1.6076554241548724,1.1660344989717983,2377.16,4430.789999999992,-19.820000000000164,-252.42999999999483,-23.600000000001955,-230.7399999999966,259.35330567304004,495.538335323036,0.9898981132558781,1.4321917205868093,-282.953305673042,-726.2783353230326,-604.952337428682,-1341.5119214536587,-1,-2397.9999999999973,-4684.889999999994,431,607,608,1.019999999997026,1.6700000000073487,sma,sma20,3,R4P-0129,0.0,0.0,430,9153,-0.2060373647984276,431,5.563805104408346,5.769842469206774,8937,-0.3374790198053049,607,7.7181054365733015,8.055584456378606,raw,0.0,0.0,0,0.0,0,0,-3.7800000000017917,21.689999999998236,0.4142581888246628,1038,f51b74b645b414eca5784a2711f5906353fa9c86e6de0c6e90fa386932a85b84,M5
3.8745816160222355,2.8909325452827557,2260.9900000000016,4216.239999999998,64.37999999999647,-77.55999999999904,31.859999999996717,-103.28999999999905,142.639315695396,258.471450594606,0.9837194185889379,1.4280190640585966,-110.77931569539929,-361.7614505946051,-287.8725722792853,-682.665619050726,-1,-2197.75,-4294.819999999996,210,288,326,1.1399999999948704,1.0199999999986176,sma,sma50,3,R4P-0130,0.0,0.0,172,15570,-0.10522414900449654,210,10.46547619047619,10.570700339480688,15400,-0.1688090909090913,288,14.912569444444431,15.081378535353522,news-clean,0.0,0.0,0,0.0,0,0,-32.519999999999754,-25.730000000000018,0.3453815261044177,498,72d75025d4388955d8ab2353bda039357c6f6964d6428064d0ddfb2b101b4ce3,M1
1.0701630917621499,0.8434991419165979,1925.479999999999,3239.1500000000046,-5.099999999998772,223.6999999999971,-5.099999999998772,223.6999999999971,553.4888792471401,944.09481532682,0.9919155542063443,1.436978409934277,-558.5888792471388,-720.3948153268229,-1245.7707245121287,-1892.5318558706929,1,-1930.059999999999,-3027.4500000000016,558,657,1215,-0.5199999999988449,11.999999999994088,ret,ret3,1,R4P-0131,0.0,0.0,0,15222,-0.1635442123242667,558,3.4588888888888873,3.622433101213154,15031,-0.3141913379016693,657,4.607990867579911,4.9221822054815805,news-clean,0.0,0.0,0,0.0,0,0,0.0,0.0,0.0,1215,c62430f8a767f1e18e2d2af2756c63638bc4663e13c527f48019f0dc90dd858c,M1
1.1566320750575614,0.9909794780139812,2430.640000000003,4447.719999999985,-22.840000000002874,-262.180000000008,-87.83000000000084,-237.12000000000216,432.03912897296203,715.3017359119681,0.9886478923866409,1.4306034718239362,-519.8691289729628,-952.4217359119702,-1056.26553575333,-1840.5016696538582,-1,-2454.1900000000023,-4711.399999999993,612,707,937,0.7099999999968531,1.5000000000004547,ret,ret3,3,R4P-0132,0.0,0.0,382,8972,-0.21645675434685838,612,4.010114379084971,4.22657113343183,8834,-0.3444351369707957,707,6.663932107496454,7.00836724446725,news-clean,0.0,0.0,0,0.0,0,0,-64.98999999999796,25.060000000005857,0.2896133434420015,1319,a3cd5b5bf9c1e766d3715982848fa692eff4a9bd4f0652528460ccb53c5f4193,M5
3.664866557515424,3.3817533682858754,1943.9600000000007,3091.7399999999952,-20.100000000000364,49.599999999996726,-20.100000000000364,49.599999999996726,131.87930258814,174.40116383056002,1.006712233497252,1.4533430319213336,-151.97930258814037,-124.80116383056327,-315.7135092466304,-341.3282124875233,1,-1964.4899999999996,-3037.619999999998,131,120,251,0.42999999999847205,-4.520000000000437,rsi,rsi7,1,R4P-0133,0.0,0.0,0,3237,-0.7644732777262874,131,14.996106870229005,15.760580147955292,3232,-1.456763613861381,120,25.313499999999983,26.770263613861363,raw,0.0,0.0,0,0.0,0,0,0.0,0.0,0.0,251,95f0abd59412e6cfd0d5f738d8f48b7dbc03dbb4c9224a51f0cb110df7c46fbd,M5
3.6630993471449016,3.3822625030700038,1943.9600000000007,3091.7399999999952,-20.100000000000364,49.599999999996726,-20.100000000000364,49.599999999996726,131.87930258814,174.40116383056002,1.006712233497252,1.4533430319213336,-151.97930258814037,-124.80116383056327,-315.7135092466304,-341.3282124875233,1,-1964.4899999999996,-3037.619999999998,131,120,251,0.42999999999847205,-4.520000000000437,rsi,rsi7,1,R4P-0134,0.0,0.0,0,3237,-0.7644732777262874,131,14.996106870229005,15.760580147955292,3230,-1.457606811145506,120,25.313499999999983,26.77110681114549,news-clean,0.0,0.0,0,0.0,0,0,0.0,0.0,0.0,251,ec4bbc06b75ca021e37d964b01d035ec81e6ad09a41aa5b254f7f7ef09460226,M5
3.437414916394195,3.6812825086910763,2199.5599999999977,4145.349999999994,23.409999999996217,-110.199999999998,23.409999999996217,-110.199999999998,180.349542777226,244.68668511428,0.9855166271979562,1.4062453167487357,-156.93954277722978,-354.886685114278,-380.8517769725208,-658.676434614258,-1,-2177.1100000000038,-4256.8699999999935,183,174,357,0.9600000000023101,1.3200000000019827,ret,ret12,1,R4P-0135,0.0,0.0,0,3185,-0.5233908948194698,183,11.896775956284174,12.420166851103643,3178,-0.8137916928886118,174,24.464770114942493,25.278561807831103,raw,0.0,0.0,0,0.0,0,0,0.0,0.0,0.0,357,dd04be6acc87d8c2a6f257a92660961b613a7042c2cf92ee77c346aa11dd1d5f,M5
1.7880604687121626,1.4158529737085315,1980.09,3374.3399999999983,2.1500000000035016,305.969999999993,-18.219999999995252,185.39999999999281,225.226465945508,373.65954580044,0.9792455041109044,1.4316457693503448,-243.44646594550326,-188.2595458004472,-523.0754599547813,-652.1750199519872,1,-1977.719999999996,-3066.959999999998,349,439,491,-0.22000000000048203,-1.4100000000071304,rsi,rsi14,3,R4P-0136,0.0,0.0,297,15431,-0.16441773054241363,349,5.666819484240676,5.83123721478309,15249,-0.3122906420093113,439,6.986241457858766,7.298532099868077,news-clean,0.0,0.0,0,0.0,0,0,-20.369999999998754,-120.57000000000016,0.3769035532994924,788,20943d187043356f519a2459f86d7d0083e2472e5ef44cac62d4a95db2096bf2,M1
3.716942699806808,2.515605543287435,2471.040000000002,4505.759999999993,30.789999999997917,-195.43999999999505,-22.900000000001,-168.49999999999363,183.77012883205998,323.23820477590004,0.9880114453336558,1.4177114244557019,-206.670128832061,-491.7382047758937,-434.829177744271,-893.0532711415436,-1,-2440.510000000001,-4704.269999999988,260,346,414,0.2599999999974898,3.0700000000001637,sma,sma10,6,R4P-0137,0.0,0.0,192,15520,-0.12120489690721732,260,9.386576923076927,9.507781819984144,15348,-0.19605551211884276,346,13.596156069364126,13.792211581482968,raw,0.0,0.0,0,0.0,0,0,-53.68999999999892,26.94000000000142,0.31683168316831684,606,447dc16169119f3273431c0ecac28e60826d05151e2a5454236669ea3662f3e3,M1
0.6681328908056802,0.44290042018495945,1920.6099999999979,3094.4699999999925,40.19999999999595,228.65999999999894,40.19999999999595,230.14999999999873,717.7119897037201,1313.82448086779,1.012287714673794,1.4051598725858716,-677.5119897037241,-1083.6744808677913,-1568.584363266744,-2714.8478694300566,1,-1880.6499999999949,-2866.9999999999955,709,936,1644,0.2399999999929605,1.1900000000018736,sma,sma50,1,R4P-0138,0.0,0.0,1,8875,-0.2696101408450686,709,2.6525387870239703,2.922148927869039,8605,-0.5270958744915724,936,3.0630341880341834,3.5901300625257555,news-clean,1.124602914017891,2.869999999999891,1,0.0006082725060827251,0,1,0.0,1.4899999999997817,0.0006079027355623101,1645,4db9e0d07394a2c88ac86a6112c6a6e3eeda1f74ddf10abfa4242435f8e69896,M5
4.802077085344356,4.387990471836927,1858.829999999999,3621.5999999999954,-309.17000000000326,-819.3799999999978,-291.5000000000025,-958.219999999998,96.4862069881,157.125773241508,0.9845531325316326,1.4029086896563214,-387.9862069881025,-1115.345773241506,-507.7782619964525,-1310.424634836784,-1,-2168.420000000002,-4441.879999999994,110,131,210,0.4199999999998454,0.900000000000091,sma,sma50,48,R4P-0139,0.0,0.0,31,3258,-0.5089963167587506,110,19.712909090909108,20.221905407667858,3221,-0.8603663458553268,131,33.90748091603049,34.76784726188581,raw,0.0,0.0,0,0.0,0,0,17.670000000000755,-138.84000000000015,0.12863070539419086,241,3f91262fcb20d458a0ff532934ce6ae8c9fa77d703d802bc813193b69a698c09,M5
1.514186521683237,1.2206254570256352,2443.5599999999986,4639.709999999991,-37.969999999997526,-136.40000000000236,-38.49999999999727,-138.42000000000235,472.24967585390004,860.708765713788,0.9859074652482256,1.4086886509227299,-510.7496758538973,-999.1287657137904,-1097.0693218425472,-2067.7381999120485,-1,-2434.039999999999,-4670.889999999998,486,615,1090,-47.48999999999705,-105.21999999999525,rsi,rsi14,1,R4P-0140,0.0,0.0,11,15131,-0.13029541999867827,486,5.008312757201644,5.138608177200322,14975,-0.2007479131886478,615,7.59494308943089,7.795691002619538,news-clean,0.0,0.0,0,0.0,0,0,-0.5299999999997453,-2.019999999999982,0.009990917347865577,1101,5bf7b96eb4a573d20f15a7295c1405748366102ff07bf56c4c0f1d5394799fd6,M5
1.2692317207772146,0.9631088586024061,1956.1199999999988,3256.7099999999905,-23.569999999997208,177.26999999999998,-23.569999999997208,177.26999999999998,489.967089422998,841.584890181822,0.9938480515679473,1.4410700174346267,-513.5370894229952,-664.3148901818221,-1121.8537174284882,-1709.181154243199,1,-1978.5600000000002,-3101.529999999997,493,584,1077,-1.129999999995789,22.090000000006512,body,body,1,R4P-0141,0.0,0.0,0,15287,-0.1660214561392025,493,4.013306288032455,4.179327744171657,15110,-0.31745466578424797,584,5.3108390410958854,5.628293706880133,raw,0.0,0.0,0,0.0,0,0,0.0,0.0,0.0,1077,55c03a8c45893e27a4f6eb340aa4982dfd3b9754f8514e4c95e6ad91c4770165,M1
2.158125733385056,1.7540972563461776,1879.0299999999993,3002.3399999999983,-17.749999999999318,95.54000000000224,-15.399999999998954,107.33000000000175,203.61795950156002,292.33918397973804,0.9932583390320001,1.4122665892740969,-219.01795950155895,-185.0091839797363,-471.81900105701897,-547.9616970838192,1,-1898.1199999999992,-2902.899999999997,212,221,412,1.3400000000006003,-3.8999999999991815,ret,ret3,3,R4P-0142,0.0,0.0,21,3156,-0.763064005069706,212,8.95339622641509,9.716460231484797,3129,-1.4616011505273196,221,13.135294117647044,14.596895268174364,news-clean,0.0,0.0,0,0.0,0,0,2.350000000000364,11.789999999999509,0.04849884526558892,433,2091a634ffdfe5c7f71e595a8dc246749b7d57c9f43b4910a77fb04e4e061875,M5
5.614414646936445,4.930048377320371,2012.5199999999988,3785.759999999996,-95.07000000000471,-527.2700000000009,-64.94000000000415,-422.7500000000009,91.35524385091601,144.86626166185002,0.9823144500098496,1.4064685598237865,-156.29524385092014,-567.6162616618509,-269.71697192912615,-747.4743753033259,-1,-2107.310000000003,-4311.239999999994,103,121,196,-0.28000000000065484,-1.7900000000022374,ret,ret24,24,R4P-0143,0.0,0.0,28,3265,-0.4891883614088852,103,20.45932038834954,20.948508749758425,3229,-0.8178352431093244,121,35.630082644628054,36.447917887737376,news-clean,0.0,0.0,0,0.0,0,0,30.130000000000564,104.51999999999998,0.125,224,e2f1213c2ca578938c344472627c0632955d0dc266f3b16314ba0057a657bc12,M5
2.3778663006839116,1.8113384147977054,2496.5900000000015,4213.319999999994,19.420000000000073,-550.2199999999948,-14.8100000000004,-567.2199999999966,247.78134947073403,434.63527189410803,0.9871766911184623,1.4297212891253555,-262.59134947073443,-1001.8552718941046,-570.2232664933034,-1541.4749107734826,-1,-2475.510000000003,-4762.359999999991,307,381,555,-1.6599999999984902,-1.179999999998472,body,body,12,R4P-0144,0.0,0.0,133,9277,-0.2116384607092825,307,8.063550488599358,8.27518894930864,9160,-0.3377401746724898,381,12.499632545931734,12.837372720604224,news-clean,0.0,0.0,0,0.0,0,0,-34.23000000000047,-17.00000000000182,0.1933139534883721,688,559d04f47f8da5f508d013a1dd94ef8fbde228023a416027a350187958542029,M5
0.7413459995661816,0.7471848853432462,2447.8300000000017,4437.219999999985,-14.880000000001246,-313.380000000001,-14.880000000001246,-313.380000000001,980.262004700832,1301.368084818732,0.9921680209522591,1.420707516177655,-995.1420047008332,-1614.748084818733,-2212.182271453745,-3230.456287734295,-1,-2468.610000000007,-4748.559999999992,988,916,1904,5.900000000003729,-2.039999999994052,ret,ret1,1,R4P-0145,0.0,0.0,0,21007,-0.09274575141619433,988,2.4985931174089138,2.591338868825108,21007,-0.14509401628028779,916,5.1840174672489,5.3291114835291875,news-clean,-2.440414200671564,-0.47999999999956344,2,0.0010504201680672268,1,1,0.0,0.0,0.0,1904,4956f64d3e7735ab3fe7898eac983ef5eeeb76c9eb8b7aaa615687e18e5ae2a7,M5
2.2016482780565116,1.6538501884321635,2452.480000000001,4583.909999999998,-25.370000000002847,-168.97999999999547,-11.140000000000782,-196.98999999999523,271.38204253559604,415.352271245786,0.9904454107138542,1.4322492111923657,-282.52204253559677,-612.3422712457813,-619.4553031101829,-1128.0211786810323,-1,-2480.7699999999977,-4758.93999999999,468,549,564,2.919999999994161,6.049999999995634,rsi,rsi7,6,R4P-0146,0.0,0.0,453,15312,-0.12548066875653144,468,5.300790598290593,5.426271267047125,15145,-0.2022931660614064,549,8.668378870673934,8.870672036735339,raw,0.0,0.0,0,0.0,0,0,14.230000000002065,-28.009999999999764,0.44542772861356933,1017,15eff205fdf2fa2ba958d0e56f3c1c64acbd3f72844926b4d53aad7a1e91efcd,M1
4.527401262200623,3.8452978836093763,1936.3200000000013,3052.589999999998,4.3300000000012915,59.57999999999947,0.7300000000009277,48.60999999999967,98.415411388978,140.292484221946,1.0042388917242653,1.4463142703293403,-97.68541138897707,-91.68248422194634,-219.87266127540008,-265.8620417737573,1,-1932.6299999999994,-2991.6599999999985,105,104,195,0.6399999999994179,-1.349999999999909,rsi,rsi7,3,R4P-0147,0.0,0.0,14,3263,-0.7486178363469176,105,18.405999999999995,19.15461783634691,3248,-1.4354371921182218,104,28.765961538461525,30.201398730579747,raw,0.0,0.0,0,0.0,0,0,-3.600000000000364,-10.9699999999998,0.06698564593301436,209,8fb534468ca97aaa6cf66070fa4736b708c6e5a54e05bca22d4114210277cab7,M5
4.525295262932093,3.8461242921693617,1936.3200000000013,3052.589999999998,4.3300000000012915,59.57999999999947,0.7300000000009277,48.60999999999967,98.415411388978,140.292484221946,1.0042388917242653,1.4463142703293403,-97.68541138897707,-91.68248422194634,-219.87266127540008,-265.8620417737573,1,-1932.6299999999994,-2991.6599999999985,105,104,195,0.6399999999994179,-1.349999999999909,rsi,rsi7,3,R4P-0148,0.0,0.0,14,3263,-0.7486178363469176,105,18.405999999999995,19.15461783634691,3246,-1.43626309303758,104,28.765961538461525,30.202224631499107,news-clean,0.0,0.0,0,0.0,0,0,-3.600000000000364,-10.9699999999998,0.06698564593301436,209,6d1eb5122c99d51373e26b0be372f333217dd7469085a78b24dd70596701101d,M5
3.0031147722337344,2.605892833460706,2434.4299999999994,4638.729999999998,-10.650000000000091,-159.58999999999833,-7.3400000000001455,-158.45999999999822,225.150534190276,409.701752861844,0.987502342939807,1.4275322399367387,-232.49053419027615,-568.1617528618423,-512.0252554062422,-1076.8252822782963,-1,-2473.250000000003,-4759.469999999996,233,288,515,28.17000000000371,-38.849999999999454,body,body,1,R4P-0149,0.0,0.0,6,9170,-0.21960196292257472,233,10.614806866952803,10.834408829875377,9115,-0.3404761382336812,288,16.525937499999984,16.866413638233666,raw,0.0,0.0,0,0.0,0,0,3.3099999999999454,1.1300000000001091,0.011516314779270634,521,e083d061ba76167caf7f68ee8e9b20ecd4e0afc5c1d0752b83b413eaabc67ce8,M5
0.39962795494841563,0.30768986613661226,2542.7200000000157,4666.040000000003,58.42000000000371,-135.0699999999906,-4.339999999994006,-38.44999999999618,1349.663391006076,2250.61818746383,0.9923995522103499,1.4390141863579475,-1354.0033910060702,-2289.0681874638262,-3029.672432027336,-5083.313956562231,-1,-2495.329999999995,-4810.759999999989,2451,2913,2924,11.02999999998292,9.649999999995998,ret,ret3,3,R4P-0150,0.0,0.0,2440,13329,-0.14524120339110258,2451,1.0180864953080355,1.163327698699138,12781,-0.2437641812064784,2913,1.6514795743220012,1.8952437555284796,raw,0.0,0.0,0,0.0,0,0,-62.75999999999772,96.61999999999443,0.45488441461595824,5364,6241a94ba1c7df94f06786c2ec70a0b57fd7714d9c8280f4b3a17ac583dbf222,M1
0.8272924433834868,0.7506335736014448,2102.090000000001,3900.7999999999943,115.77000000000407,797.6299999999942,40.91000000000167,251.44999999999482,372.377170652726,631.81548261797,0.9722641531402768,1.429446793253326,-331.46717065272435,-380.3654826179752,-793.7905176622653,-1164.7933998558701,1,-1984.700000000002,-3098.7499999999964,1011,1200,825,-1.6199999999946613,-4.420000000003711,rsi,rsi14,6,R4P-0151,0.0,0.0,1386,14769,-0.17226013948134541,1011,1.9631058358061346,2.13536597528748,14494,-0.3307547950876215,1200,2.5822916666666638,2.913046461754285,raw,0.0,0.0,0,0.0,0,0,-74.8600000000024,-546.1799999999994,0.6268656716417911,2211,a968e882224cdbc8c67ea1e5a7483432963ffb95ce967e59cac519ef2cf18cef,M1
1.5980709519377667,1.4314754054526748,1978.0700000000008,3321.409999999998,45.78000000000657,308.0399999999968,15.260000000007267,250.8899999999967,271.147693658636,403.305102458754,0.9968665208038088,1.4403753659241214,-255.88769365862873,-152.41510245875733,-592.5299992638547,-653.1368955393963,1,-1930.279999999997,-3014.1499999999974,395,403,552,-2.0099999999972624,0.7799999999961074,sma,sma5,3,R4P-0152,0.0,0.0,246,15385,-0.1618258043548902,395,4.886784810126574,5.048610614481465,15285,-0.3081000981354261,403,7.479280397022326,7.787380495157753,news-clean,0.0,0.0,0,0.0,0,0,-30.5199999999993,-57.15000000000009,0.3082706766917293,798,bdb0a1b7da61428fc13ae4f493f7080e1807ed12fa20accd10a3e5dee614bf13,M1
2.989823684792083,2.345476024009505,2466.019999999998,4209.789999999991,-3.420000000002574,-556.4100000000026,-71.34000000000356,-429.0799999999999,151.052499639876,242.90858040071203,0.9808603872719222,1.4205180140392517,-222.39249963987956,-671.988580400712,-409.93111052944556,-973.570732303204,-1,-2468.800000000002,-4763.059999999996,238,286,325,-0.6399999999989632,-3.139999999997144,rsi,rsi7,24,R4P-0153,0.0,0.0,199,3130,-0.6257795527156579,238,10.373109243697487,10.998888796413144,3064,-1.0093374673629276,286,16.65405594405593,17.66339341141886,news-clean,0.25571779287018204,2.050000000000182,1,0.003076923076923077,1,0,-67.92000000000098,127.33000000000266,0.3797709923664122,524,6e5f38ea2b88c4dffa6cdbfd74d03daf9911359964ce41fae0fe5c0e31acb994,M5
0.13709151166493688,0.11786441440640953,1864.1799999999992,3179.179999999999,68.96999999999616,350.0699999999938,68.96999999999616,351.5599999999936,3349.0721287734423,4966.873712507816,0.9952666058762087,1.427672811873474,-3280.102128773446,-4615.313712507823,-7438.128877805493,-10781.91537378518,1,-1794.1099999999922,-2834.780000000006,3365,3480,6844,-1.100000000010823,5.670000000000982,ret,ret48,1,R4P-0154,0.0,0.0,1,12414,-0.1858466247784759,3365,0.5331679049034153,0.7190145296818912,12251,-0.3688670312627545,3480,0.8145919540229902,1.1834589852857447,news-clean,-0.9063479422866911,5.509999999999309,5,0.0007305669199298656,2,3,0.0,1.4899999999997817,0.00014609203798392987,6845,5e39e1e64bc316adae633fd6967f1de6887a47e96ae7df6a78021173c895fb35,M5
1.4155765574206849,1.263102536762556,1918.9199999999983,3344.3300000000017,-10.539999999994961,359.05999999999585,-25.439999999996644,260.56999999999744,279.068370695616,445.84794116520203,0.9861073169456396,1.4382191650490388,-304.50837069561265,-185.2779411652046,-650.9845604802687,-738.8186209184116,1,-1929.4999999999964,-2983.300000000002,432,494,593,0.04000000000314685,-1.9700000000038926,sma,sma10,3,R4P-0155,0.0,0.0,333,15348,-0.16216510294500813,432,4.466435185185177,4.628600288130185,15200,-0.3077967105263152,494,6.0390688259109355,6.34686553643725,raw,0.0,0.0,0,0.0,0,0,-14.900000000001683,-98.48999999999842,0.3596112311015119,926,dbeaf077e480b8f97fffa9e0930fa99683504191a91a74fa90f075a104447354,M1
1.9352742847589193,1.4966149590821787,2478.2199999999993,4793.979999999994,-1.8600000000055843,39.15000000000646,-10.010000000003856,-139.80999999999585,257.095090904014,423.98115310573405,0.981278972916084,1.4372242478160477,-267.10509090401786,-563.7911531057299,-586.3004453430668,-1090.183213200799,-1,-2482.2800000000007,-4763.71999999999,508,656,557,2.1999999999959527,8.890000000003056,rsi,rsi14,6,R4P-0156,0.0,0.0,607,15272,-0.12590819800942982,508,4.886377952755907,5.012286150765337,15032,-0.20413517828632255,656,7.261768292682912,7.465903470969234,news-clean,-10.206447441773854,-8.409999999999854,1,0.0017953321364452424,1,0,-8.149999999998272,-178.9600000000023,0.5214776632302406,1164,5700bc0a8525e8ade5075b7657f52978c78bdbbe0f9ecf24418f196c52981d1b,M1
1.3026603596552033,1.008255376994378,1967.5600000000043,3319.539999999988,-10.909999999997126,216.93999999999323,-23.39999999999759,174.71999999999434,447.92553639276,756.373155955392,0.9931830075227495,1.4379717793828746,-471.3255363927576,-581.6531559553977,-1027.4456468674177,-1520.7251412992698,1,-1978.5600000000002,-3101.529999999997,493,584,977,0.08999999999878128,-1.06999999999789,body,body,3,R4P-0157,0.0,0.0,100,15287,-0.1660214561392025,493,4.013306288032455,4.179327744171657,15110,-0.31745466578424797,584,5.3108390410958854,5.628293706880133,raw,0.0,0.0,0,0.0,0,0,-12.490000000000464,-42.21999999999889,0.09285051067780872,1077,9c8212acf0a2a3d3cf0553cbfa99bd3f4d32be712e40ed24f501ff1462ba6fd7,M1
1.9761683233438476,1.6211249906468934,1873.280000000002,2911.3199999999956,-28.5400000000011,76.57999999999902,-15.290000000000646,43.95999999999822,213.159241551406,298.61438699845604,0.9914383327972373,1.415234061604057,-228.44924155140666,-254.6543869984578,-493.09622265632765,-625.3978528430538,1,-1899.830000000001,-2830.34,230,237,426,-1.9900000000020555,-4.399999999996453,ret,ret6,3,R4P-0158,0.0,0.0,41,3138,-0.7679859783301446,230,8.260130434782614,9.028116413112759,3113,-1.4458046900096326,237,11.942362869198313,13.388167559207945,news-clean,0.0,0.0,0,0.0,0,0,13.250000000000455,-32.6200000000008,0.08779443254817987,467,99db1feb2636d28cbf2605f69fbad59c088006aaff6f8911184f5516db830796,M5
1.4824828261562977,1.1239202156935484,2484.4600000000037,4575.109999999993,12.010000000004084,-200.50999999998885,-17.47999999999547,-177.6499999999919,548.375892324472,889.24720371871,0.9845168623419606,1.4296578837921383,-565.8558923244675,-1066.897203718702,-1246.6897297101195,-2170.938418559187,-1,-2479.6600000000017,-4770.629999999985,646,749,1179,7.210000000001855,-4.989999999997508,ret,ret1,6,R4P-0159,0.0,0.0,216,15134,-0.12688317695255802,646,3.8384829721362257,3.9653661490887835,14939,-0.20586853203025604,749,6.369332443257656,6.575200975287912,news-clean,-10.206447441773854,-8.409999999999854,1,0.0008481764206955047,1,0,-29.489999999999554,22.859999999996944,0.15483870967741936,1395,a9f9a6652d7ceb8a0c7e0cfcfe7438c309b4a16272994c059be7eff97cf1518d,M1
4.198179956086053,3.0589112821264974,1958.1400000000033,3119.2899999999945,37.02000000000203,160.32000000000198,10.980000000002065,96.2400000000016,96.66345238462802,147.37072288526403,0.996530436954928,1.4170261815890772,-85.68345238462594,-51.1307228852624,-205.69556473082395,-234.09823843368642,1,-1920.4599999999996,-2958.119999999999,115,136,201,-0.6600000000016735,-0.8499999999935426,sma,sma10,6,R4P-0160,0.0,0.0,50,3253,-0.7471779895481071,115,16.69965217391304,17.446830163461147,3216,-1.4392910447761147,136,21.75088235294117,23.190173397717285,raw,0.0,0.0,0,0.0,0,0,-26.039999999999964,-64.08000000000038,0.199203187250996,251,d6311302cccd82626bc13525dcfe3d93864afbee0eec198755dc1e4940b62670,M5
1.557017913613237,1.271654335854925,1938.409999999998,3369.4799999999964,-9.949999999997999,333.56999999999334,-16.899999999997362,277.76999999999407,377.40054116366,601.261359361122,0.9931593188517369,1.4214216533359858,-394.3005411636574,-323.491359361128,-862.8606333864674,-1069.984930250055,1,-1948.0099999999989,-3032.02,390,441,803,-0.34999999999718057,-3.890000000003056,ret,ret1,3,R4P-0161,0.0,0.0,28,15390,-0.1629252761533455,390,4.994897435897433,5.157822712050779,15247,-0.3100400078704001,441,6.875328798185941,7.185368806056341,news-clean,0.0,0.0,0,0.0,0,0,-6.949999999999363,-55.79999999999927,0.03369434416365824,831,637cf997bed2afd7e4311e23a1259583541b4cfe0aab424f4d3e0434c38aae93,M1
2.462356640295135,2.3768757280099604,2183.220000000005,4059.15,76.09999999999559,-30.729999999999563,45.0399999999961,-67.89999999999918,237.603314636944,346.53180285506,0.9941561281880502,1.4202123067830328,-192.56331463694792,-414.4318028550592,-487.5587341162519,-844.6669399477692,-1,-2107.3900000000067,-4090.209999999994,313,339,483,0.26999999999793545,0.32999999999447027,ret,ret24,3,R4P-0162,0.0,0.0,169,15467,-0.10008275683713833,313,6.732875399361044,6.832958156198182,15349,-0.15603948139943996,339,12.065516224188773,12.221555705588212,news-clean,0.0,0.0,0,0.0,0,0,-31.05999999999949,-37.16999999999962,0.25920245398773006,652,39149a4f1e18cdd612f39f632da65c5e123780a2957e283aac652eeb1e1fba92,M1
2.7160096250467483,2.1523544367219247,1893.5300000000018,3016.5499999999965,12.0100000000009,154.34999999999627,3.3100000000013097,83.33999999999878,119.107218325366,174.404455083324,1.0093832061471695,1.4179223990514147,-115.7972183253647,-91.06445508332524,-263.6742961391457,-307.5955898749592,1,-1880.6799999999994,-2860.450000000002,170,185,241,-0.8400000000015098,-1.749999999998181,sma,sma50,3,R4P-0163,0.0,0.0,114,3198,-0.7475891181988717,170,11.06282352941176,11.810412647610633,3165,-1.4315639810426504,185,15.461891891891904,16.893455872934553,news-clean,0.0,0.0,0,0.0,0,0,-8.69999999999959,-71.00999999999749,0.3211267605633803,355,a7499ecdb619972bd90a852832b4eaf8a0a79ecf2489febefe68f394f0ed471e,M5
1.034610326583013,1.0014054711280602,2424.740000000006,4223.959999999992,-48.470000000002756,-540.5999999999995,-61.930000000002565,-521.2800000000002,609.079124696702,816.483340449792,0.9952273279357876,1.4199710268692034,-671.0091246967046,-1337.7633404497922,-1427.2088111101616,-2351.464880724064,-1,-2474.520000000005,-4764.219999999993,689,643,1187,1.30999999999608,-0.33999999999832653,body,body,3,R4P-0164,0.0,0.0,145,15111,-0.12979948381973383,689,3.5914658925979754,3.7212653764177093,15093,-0.20405684754521924,643,7.409362363919118,7.613419211464337,raw,0.0,0.0,0,0.0,0,0,-13.459999999999809,19.319999999999254,0.10885885885885886,1332,8efd01dfc0301c2d84c0c81a2429aa680dbc5956777fcdfefb3f91c73344418f,M5
1.7682620597325374,1.2437723996453294,2539.019999999999,4696.289999999995,-34.879999999996244,-109.9799999999982,-36.82999999999606,-113.199999999998,448.049245821562,865.4678695584801,0.9868926119417666,1.4258119762083692,-484.8792458215581,-978.6678695584781,-1041.1529472720251,-2053.185949513158,-1,-2420.0600000000013,-4728.529999999997,461,610,1061,-153.83999999999378,-77.73999999999569,sma,sma10,1,R4P-0165,0.0,0.0,10,15033,-0.13046231623761123,461,5.24958785249458,5.380050168732191,14864,-0.20745156081808358,610,7.7516885245901594,7.959140085408243,news-clean,4.606121312039909,8.599999999999909,3,0.002827521206409048,1,2,-1.949999999999818,-3.2199999999998,0.009337068160597572,1071,5d46702a06225373b1e9015ed914506c53e02ff5bfe498d46678a3ff71ba15b0,M5
0.3256056978901096,0.28007377943182865,2025.3899999999999,3549.620000000001,80.68000000001098,541.6500000000005,25.960000000007767,261.50999999999476,1070.717825123656,1752.1818023638862,0.975152846196408,1.4291858094322074,-1044.7578251236482,-1490.6718023638914,-2374.103144156444,-3666.0859233124925,1,-1941.0099999999954,-3013.3300000000113,2419,2751,2324,-3.6999999999934516,5.360000000011041,ret,ret24,3,R4P-0166,0.0,0.0,2846,13361,-0.18714317790584414,2419,0.8024018189334416,0.9895449968392858,12937,-0.36395532194480956,2751,1.0953580516175978,1.4593133735624073,news-clean,0.0,0.0,0,0.0,0,0,-54.72000000000321,-280.1400000000058,0.5504835589941973,5170,29bc8065b13281bc3fae3880da4e7ca0d1fcf639df2bda1aedc743f59a7f83ce,M1
3.347853628634628,3.4897935724955933,2415.160000000001,4631.9299999999985,-29.789999999999054,-160.83999999999787,-26.47999999999911,-159.70999999999776,200.350547317072,304.11020623359406,0.9869485089510935,1.4144660755050886,-226.8305473170711,-463.82020623359176,-475.5749467268231,-841.3869845261707,-1,-2473.010000000004,-4757.769999999999,208,216,418,28.060000000003356,-34.99999999999818,body,body,1,R4P-0167,0.0,0.0,6,2977,-0.6813839435673493,208,11.889471153846172,12.57085509741352,2997,-1.0340140140140104,216,22.026712962962957,23.060726976976966,news-clean,0.0,0.0,0,0.0,0,0,3.3099999999999454,1.1300000000001091,0.014150943396226415,424,c8ea9dcfd5c6446a025d24e5b5d530ca57b49b1a4f66dffe46fe6e82c5da44f9,M5
1.2590406330675845,1.256479683051355,2446.930000000001,4701.640000000005,3.3100000000013097,-94.85999999999422,6.620000000001255,-93.7299999999941,540.464749730732,862.2392677612221,0.9844530960486922,1.4275484565583147,-533.8447497307308,-955.9692677612162,-1204.8565404382928,-2026.4788903504932,-1,-2473.7800000000016,-4759.920000000003,554,605,1153,30.160000000001446,-36.579999999996744,body,body,1,R4P-0168,0.0,0.0,6,14903,-0.1353895188888147,554,4.465306859205779,4.600696378094594,14816,-0.21116360691144637,605,7.867636363636368,8.078799970547815,raw,0.0,0.0,0,0.0,0,0,3.3099999999999454,1.1300000000001091,0.005176876617773943,1159,c8cf0f1c623bcd602ac6cdc6beab07f41571f463438255c10763323d7e30ce3b,M5
1.4815075933510733,1.2431824615749403,2438.99,4709.9599999999955,-40.37999999999897,-74.81999999999334,-36.96999999999912,-73.68999999999323,494.341177461758,867.402824773166,0.988682354923516,1.426649382850602,-531.3111774617571,-941.0928247731592,-1145.05843655291,-2018.0132403042403,-1,-2467.4000000000015,-4745.029999999998,504,609,1108,-11.969999999997071,-39.749999999990905,ret,ret1,1,R4P-0169,0.0,0.0,5,14955,-0.13417519224339697,504,4.895634920634923,5.02981011287832,14825,-0.209639123102868,609,7.791510673234808,8.001149796337677,raw,0.0,0.0,0,0.0,0,0,3.4099999999998545,1.1300000000001091,0.004492362982929021,1113,22c45614fed30d1e93bad942d816bebb3f046741ed13b174def9182382004d78,M5
1.5028723394941776,1.2620274543631673,2525.99,4572.119999999998,-56.35000000000173,-164.64000000000215,-57.750000000001364,-167.86000000000195,526.37956937085,838.427476195004,0.9838870455529908,1.428326194540041,-584.1295693708514,-1006.287476195006,-1237.6539624438265,-2047.23366697752,-1,-2414.040000000004,-4670.200000000006,542,588,1122,-168.29999999999723,-66.55999999999403,ret,ret3,1,R4P-0170,0.0,0.0,8,14766,-0.13281254232696796,542,4.453948339483403,4.5867608818103704,14681,-0.20646686193038558,588,7.942517006802731,8.148983868733117,news-clean,-36.20042562483578,-17.73999999999978,16,0.0142602495543672,8,8,-1.3999999999996362,-3.2199999999998,0.007079646017699115,1130,a7568ccd8e35b4bf39852c5971bd534b2d26995117256ecafd8dcd02861c9916,M5
3.2166832976999555,1.9157124157471217,2080.330000000001,3268.5599999999968,143.00000000000068,278.9299999999985,30.91000000000031,76.199999999998,108.521312806726,163.29185467332002,0.995608374373633,1.4323846901168422,-77.61131280672569,-87.091854673322,-212.3455030052667,-289.82618607994203,1,-1937.1499999999996,-2992.879999999997,161,229,223,-0.18000000000029104,3.2499999999986358,sma,sma20,12,R4P-0171,0.0,0.0,167,3207,-0.7630994699095703,161,12.031987577639748,12.79508704754932,3121,-1.4941781480294725,229,13.069344978165926,14.563523126195399,news-clean,0.0,0.0,0,0.0,0,0,-112.09000000000037,-202.73000000000047,0.4282051282051282,390,564be186b0d06d4a7e53f64474c4ef11b41c7ce798e067695fdab544417588e1,M5
0.5742046201715417,0.6780651317699256,2126.430000000004,4444.830000000005,148.77999999999724,1353.5399999999877,53.78999999999587,452.08999999999924,591.905017634694,970.114510077074,0.9865083627244899,1.4287400737512135,-538.1150176346981,-518.0245100770748,-1272.9922615811272,-1722.466195071834,1,-1977.4600000000037,-3089.27000000001,1504,1714,1279,-0.19000000000301043,-2.0200000000072578,sma,sma5,12,R4P-0172,0.0,0.0,1939,14276,-0.17770173718128274,1504,1.314800531914896,1.492502269096179,13980,-0.3422374821173104,1714,1.802374562427077,2.1446120445443873,raw,0.0,0.0,0,0.0,0,0,-94.99000000000137,-901.4499999999884,0.6025481665630826,3218,19f208f3ec2cc7130f5ffcfdc2d16fd790752b7dd22ff5daa6fbe5d1f0b27f52,M1
1.7498746891112598,1.2752456825102878,2403.2399999999934,4568.579999999991,-38.40000000000646,-139.71999999999935,-21.99000000000342,-195.049999999997,348.103353000786,565.48946646307,0.9917474444466837,1.4280037031895707,-370.0933530007894,-760.539466463067,-802.2796415785405,-1462.620592108812,-1,-2444.1500000000015,-4711.4199999999855,544,698,747,2.51000000000181,3.119999999996253,ret,ret6,6,R4P-0173,0.0,0.0,495,15236,-0.1237030716723558,544,4.49292279411765,4.616625865790006,14990,-0.20121814543028657,698,6.7498853868194635,6.95110353224975,news-clean,0.0,0.0,0,0.0,0,0,16.410000000003038,-55.32999999999765,0.39855072463768115,1242,12fc77580419d41ac4c3cab4054605143ada71a4720eff40f950d3b96c160f15,M1
1.1587227363571233,1.196837444329044,2383.8600000000033,4688.470000000002,-99.24000000000046,-141.84000000000015,-109.30999999999995,-150.16000000000122,514.063218483034,814.339312590224,0.9866856400825988,1.4261634195975903,-623.373218483034,-964.4993125902253,-1261.606296848653,-1975.5389427060093,-1,-2466.9700000000003,-4743.880000000001,565,624,1092,-16.130000000003747,-86.43000000000075,ret,ret1,3,R4P-0174,0.0,0.0,97,14773,-0.13561632708319302,565,4.366318584070797,4.50193491115399,14675,-0.21165110732538345,624,7.602371794871797,7.81402290219718,news-clean,-30.754867917827074,-27.019999999999072,3,0.0027472527472527475,2,3,-10.069999999999482,-8.320000000001073,0.0815811606391926,1189,feba2df99b4ab989eb081cfb616ac17ce236ae2fa03737c1b7cf44bd59814bf6,M5
2.9516890616393727,2.861754538182709,1936.5000000000002,3270.7099999999978,-34.19000000000028,213.0000000000009,-11.000000000001137,89.06999999999744,138.2598498754,211.090843585302,0.9946751789597121,1.435992133233347,-149.25984987540113,-122.02084358530458,-320.91579878930116,-384.0998133588616,1,-1968.3799999999976,-3046.150000000001,197,213,286,-2.3100000000029013,-11.559999999995853,rsi,rsi14,6,R4P-0175,0.0,0.0,124,15583,-0.16221459282551412,197,9.99177664974618,10.153991242571694,15475,-0.3063851373182547,213,14.301173708920192,14.607558846238447,news-clean,0.0,0.0,0,0.0,0,0,23.189999999999145,-123.93000000000347,0.3024390243902439,410,14e3d9a9b8b015595263310f5fa394113175517033c903e5a6f5ffb90441992c,M1
2.0432086709066684,1.5485369001496248,2087.7599999999975,3334.1499999999883,133.63999999999942,285.64999999999236,106.12999999999897,317.7999999999929,236.476864021418,339.81328197508003,0.9894429456963096,1.4218128952932219,-130.34686402141904,-22.013281975087082,-423.94374317138204,-443.9070658378671,1,-1955.8899999999962,-3050.3699999999976,255,278,478,1.7699999999983902,1.8700000000017099,ret,ret1,24,R4P-0176,0.0,0.0,55,3113,-0.7921619017025342,255,7.670156862745083,8.462318764447618,3072,-1.5367252604166612,278,10.972553956834524,12.509279217251185,news-clean,0.0,0.0,0,0.0,0,0,-27.510000000000446,32.150000000000546,0.10318949343339587,533,3203ac9eef1d3cdd79c7f75ca5ca1372705ba7a6f8f3338f2216a71f29d017b8,M5
2.0078207891552573,1.614193204300735,1996.7399999999966,3241.3399999999956,63.45000000000118,281.43999999999687,29.660000000001673,291.0599999999981,221.035365858476,316.77229003251597,0.9911899814281435,1.4205035427467083,-191.37536585847434,-25.712290032517874,-465.8009166131404,-418.9996250463239,1,-1934.4599999999994,-2959.0999999999954,243,264,446,1.1700000000039381,-0.8000000000033651,ret,ret3,24,R4P-0177,0.0,0.0,61,3125,-0.7822623999999975,243,7.9607407407407385,8.743003140740736,3088,-1.4992681347150199,264,11.208712121212104,12.707980255927124,raw,0.0,0.0,0,0.0,0,0,-33.78999999999951,9.620000000001255,0.1203155818540434,507,e441145887abb7d7cc95dea977c32eecb9d911d3debe5be25e84e1efcec380ec,M5
1.6374166201832665,1.3052438553741736,2552.659999999998,4580.089999999998,-51.07999999999606,-173.31999999999562,-53.02999999999588,-176.53999999999542,483.09052462424205,810.628924567156,0.9858990298453919,1.424655403457216,-536.1205246242379,-987.1689245671514,-1135.8995819340848,-1993.6019377521975,-1,-2447.1600000000017,-4710.209999999999,497,571,1059,-156.5799999999922,-43.199999999994816,sma,sma5,1,R4P-0178,0.0,0.0,9,14894,-0.13338257016248167,497,4.92386317907445,5.057245749236932,14803,-0.20760521515909064,571,8.249054290718037,8.456659505877129,news-clean,-18.031715407223853,-5.1599999999998545,11,0.010387157695939566,4,7,-1.949999999999818,-3.2199999999998,0.008426966292134831,1068,71209ff21ddbbdd9aadf7079ebd7d1f29d5d4366297ed5e5682479a2e3f1d6c6,M5
2.0123513928269205,1.586355337141425,1825.199999999995,2815.2099999999955,-18.069999999999254,99.18000000000256,-18.069999999999254,100.67000000000235,219.440668975298,322.184402589062,0.9974575862513545,1.400801750387226,-237.51066897529728,-221.51440258905964,-509.95633051384027,-621.5211243257767,1,-1844.1599999999958,-2718.4199999999987,220,231,450,0.8900000000014643,2.3900000000057844,ret,ret12,1,R4P-0179,0.0,0.0,1,3148,-0.7478621346886876,220,8.382545454545435,9.130407589234123,3119,-1.4071401090092928,231,11.768051948051943,13.175192057061235,news-clean,0.0,0.0,0,0.0,0,0,0.0,1.4899999999997817,0.0022172949002217295,451,91ea9bab39a82fc548eeee50a664dbd540cd4832d17b308e0e5c6b742f311e8d,M5
0.9171409940773146,1.022606183584659,2026.9000000000024,3509.2499999999895,43.250000000004775,408.1300000000001,4.459999999998217,160.0499999999961,356.849382413756,520.03648462593,0.9776695408596056,1.420864712092705,-352.3893824137578,-359.98648462593394,-795.4342678119039,-1005.6356461916889,1,-1980.589999999995,-3092.0800000000004,793,755,731,-3.060000000002674,-9.03999999998905,rsi,rsi7,6,R4P-0180,0.0,0.0,817,14987,-0.16948021618736128,793,2.497591424968468,2.6670716411558293,14933,-0.32058126297461936,755,4.095470198675497,4.416051461650117,news-clean,0.0,0.0,0,0.0,0,0,-38.79000000000656,-248.08000000000402,0.5277777777777778,1548,f72853ca0701929de8ea970c7ee52a9bd0c36c122201bd44205665715f03c88a,M1
0.7399556355429832,0.7003431949098026,2396.300000000002,4353.02999999999,-46.749999999996135,-366.080000000004,-46.749999999996135,-366.080000000004,944.07770301545,1348.239310172512,0.9958625559234704,1.423695153297267,-990.8277030154462,-1714.319310172516,-2162.943498694521,-3388.2202906263083,-1,-2447.1600000000017,-4718.109999999997,948,947,1895,4.110000000003538,-0.9999999999968168,sma,sma5,1,R4P-0181,0.0,0.0,0,21068,-0.09145291437250759,948,2.581392405063293,2.6728453194358006,20981,-0.14381392688623088,947,4.982164730728614,5.125978657614844,raw,0.0,0.0,0,0.0,0,0,0.0,0.0,0.0,1895,44a116a0c0e8b91eb611fd91705dabaac09db0275f107d497839f27bdd418fe5,M5
2.094074147038637,1.6923918817564967,2569.7999999999993,4582.799999999997,-34.19999999999823,-169.9599999999973,-36.149999999998045,-173.1799999999971,382.87064660061003,628.345113722452,0.9918928668409587,1.4280570766419363,-419.0206466006081,-801.5251137224492,-894.372125827743,-1581.6444100510312,-1,-2447.240000000003,-4709.759999999998,393,442,826,-156.7599999999943,-42.99999999999682,sma,sma5,1,R4P-0182,0.0,0.0,9,8885,-0.2240236353404623,393,6.227073791348608,6.45109742668907,8841,-0.3464540210383433,442,10.655565610859725,11.002019631898069,news-clean,4.606121312039909,8.599999999999909,3,0.0036319612590799033,1,2,-1.949999999999818,-3.2199999999998,0.010778443113772455,835,21cba12f5b09789947d5f1f0fe4b045b3c548d1350456d12f1ff1b7012a0284a,M5
1.8779864886216922,1.1077264481441718,2204.500000000002,3431.259999999997,226.30000000000177,347.2600000000025,73.09000000000015,182.2199999999998,164.136387767674,252.508999424892,0.9887734202871927,1.4266045165248136,-91.04638776767386,-70.28899942489222,-294.82924577953287,-383.7905102120142,1,-1977.800000000002,-3088.279999999998,306,430,343,-0.39999999999827196,4.280000000003383,rsi,rsi7,12,R4P-0183,0.0,0.0,393,3062,-0.8125114304376206,306,6.463398692810464,7.275910123248084,2920,-1.6297020547945151,430,7.182046511627902,8.811748566422418,news-clean,0.0,0.0,0,0.0,0,0,-153.21000000000163,-165.0400000000027,0.5339673913043478,736,d86f4cd1ec1776ed667608ceb495012c7fc4daba6e3c25ce8b693fdd7aef6f33,M5
0.4990364205719892,0.3831910843468125,1988.1899999999994,3153.099999999995,53.77999999999588,105.62999999998692,53.77999999999588,105.62999999998692,982.7179312647081,1575.425061482118,0.996671329883071,1.4116712020449087,-928.9379312647121,-1469.7950614821311,-2149.0273433411903,-3425.757577094544,1,-1934.1799999999919,-3045.0300000000047,986,1116,2102,-0.23000000001161425,-2.440000000003238,rsi,rsi14,1,R4P-0184,0.0,0.0,0,14793,-0.16542756709254375,986,1.9616430020283893,2.127070569120933,14615,-0.3235880944235377,1116,2.7285215053763485,3.0521095997998864,news-clean,0.0,0.0,0,0.0,0,0,0.0,0.0,0.0,2102,ba2237182527e26f49a54d7c5e341bab5e98e530884c35033688750cdbea36f4,M5
1.5305499429101743,1.3058907432935216,1946.299999999999,3203.73,13.530000000002474,201.23000000000184,11.950000000002547,201.23000000000184,394.29444247327,575.839109868278,1.000747315922005,1.4288811659262481,-382.34444247326746,-374.60910986827616,-871.8790884047124,-1089.5397915322492,1,-1930.279999999997,-3014.1499999999974,395,403,797,-2.4899999999995543,11.649999999999181,sma,sma5,1,R4P-0185,0.0,0.0,1,15385,-0.1618258043548902,395,4.886784810126574,5.048610614481465,15285,-0.3081000981354261,403,7.479280397022326,7.787380495157753,news-clean,0.0,0.0,0,0.0,0,0,-1.5799999999999272,0.0,0.0012531328320802004,798,c07ec5285e7556943d12d68a1f54e026aefdb66751fcbbb0b7da28a7caee8751,M1
0.1938705348189452,0.15170535726176407,1893.7800000000009,3048.159999999989,-41.00000000000978,20.759999999997945,-41.00000000000978,22.249999999997726,2363.2272907774,3786.38364083885,0.9859104258562369,1.427208307892518,-2404.22729077741,-3764.1336408388524,-5338.28242969831,-8465.102702099828,1,-1933.8799999999944,-3021.099999999996,2397,2654,5050,-0.9000000000162345,-6.29999999999518,ret,ret6,1,R4P-0186,0.0,0.0,1,13382,-0.18284785532805278,2397,0.8067918231122213,0.9896396784402741,13077,-0.35981570696642917,2654,1.1383195177091168,1.498135224675546,news-clean,-2.372230100532109,-0.38000000000010914,2,0.00039603960396039607,1,1,0.0,1.4899999999997817,0.00019798059790140566,5051,0a08704d654afe14356d0d5b262f15fcb16db0e558d961cbc203fc7bb57f6044,M5
2.2765664391652316,2.6767609233695695,2278.319999999998,4821.050000000002,368.51999999999725,1870.4899999999952,-43.230000000002974,562.6099999999951,139.206682410522,196.960654462346,1.001486923816705,1.4068618175881857,-182.43668241052498,365.6493455376491,-355.268167472352,121.11365554443812,1,-1909.9000000000017,-2949.4100000000017,232,215,279,0.10000000000104592,-1.1500000000050932,sma,sma5,48,R4P-0187,0.0,0.0,168,3136,-0.7716868622448961,232,8.232327586206903,9.0040144484518,3137,-1.472760599298689,215,13.718186046511637,15.190946645810325,raw,0.0,0.0,0,0.0,0,0,-411.7500000000002,-1307.88,0.37583892617449666,447,09e0a62260b309d17c7ce52778ccfbd2cc9f90acb41cf5db39a5dd013498156d,M5
0.7174063509503863,0.6808184342481962,2324.3900000000067,4316.749999999996,-85.26000000000431,-361.1400000000026,-85.26000000000431,-361.1400000000026,953.304572819364,1359.9478221855961,0.9940610769753535,1.419569751759495,-1038.5645728193683,-1721.0878221855987,-2222.1359509371423,-3409.5254576351845,-1,-2411.8100000000068,-4674.059999999999,959,958,1917,2.1599999999955344,-3.8299999999999272,ret,ret3,1,R4P-0188,0.0,0.0,0,21057,-0.08982191195326944,959,2.5149217935349393,2.6047437054882088,20970,-0.141788745827373,958,4.878977035490604,5.020765781317977,raw,0.0,0.0,0,0.0,0,0,0.0,0.0,0.0,1917,33615ed1a1357fa93e72e4e90e6307b06c733faacb38721cdc016b718a7e952f,M5
1.4572985357962802,1.0820886254016997,2389.4200000000046,4174.969999999984,-90.73000000000616,-583.9199999999933,-1.0500000000040473,-278.9599999999991,244.46099907147,357.61395387054404,0.9897206440140487,1.4247567883288608,-245.51099907147406,-636.5739538705432,-549.0205486466191,-1080.5680907174471,-1,-2479.1200000000035,-4758.369999999988,467,630,498,-1.030000000006794,-0.5199999999895226,ret,ret6,24,R4P-0189,0.0,0.0,599,2901,-0.6787349189934544,467,5.308608137044976,5.98734305603843,2720,-1.1352647058823535,630,7.552968253968235,8.688232959850588,news-clean,0.0,0.0,0,0.0,0,0,89.68000000000211,304.9599999999941,0.5460346399270738,1097,3d17913a9af20bd50a5d7286558056cd60029f7a2306bd2091de8e4c42a0e8bb,M5
1.2007175212147696,1.0539262247746275,2007.8200000000004,3446.7599999999966,74.48000000000025,415.5100000000002,58.24999999999818,266.9299999999939,411.95343024845005,668.078284936298,0.9926588680685543,1.4305744859449636,-353.7034302484518,-401.1482849363041,-865.1625197930268,-1230.598135438347,1,-1930.059999999999,-3027.4500000000016,558,657,882,-3.2800000000011096,-3.799999999994725,ret,ret3,6,R4P-0190,0.0,0.0,333,15222,-0.1635442123242667,558,3.4588888888888873,3.622433101213154,15031,-0.3141913379016693,657,4.607990867579911,4.9221822054815805,news-clean,0.0,0.0,0,0.0,0,0,-16.230000000002065,-148.5800000000063,0.2740740740740741,1215,77452a3adaf9314931dc43468e28b4b64adf4f5cca2e04f565f1acdf3778c2aa,M1
1.9356560924755724,1.8103946532750963,2419.0899999999997,4455.949999999993,-28.33000000000129,-261.6399999999985,-58.53999999999951,-343.8899999999994,250.559034921956,382.87966809144604,0.9864528933935276,1.4233444910462678,-309.09903492195554,-726.7696680914454,-620.1795760488016,-1202.1323488865064,-1,-2446.0200000000023,-4716.039999999994,377,403,523,-1.3999999999984993,-1.5499999999979082,sma,sma5,12,R4P-0191,0.0,0.0,257,9207,-0.21004453133485537,377,6.488116710875338,6.698161242210193,9138,-0.33348435106150254,403,11.702332506203458,12.03581685726496,news-clean,0.0,0.0,0,0.0,0,0,-30.209999999998217,-82.25000000000091,0.3294871794871795,780,b66ee68231612a7b76f4bcd517f0861033d7866e73a4c269c600e3ecb4ae3bca,M5
1.1156869752379592,1.0207968930080846,2413.080000000008,4408.83999999999,-38.660000000000764,-302.2100000000005,-76.17999999999961,-319.78999999999724,399.710301586652,666.245950737706,0.9893819346204258,1.429712340638854,-475.8903015866516,-986.0359507377033,-972.1489854399337,-1813.2108760946744,-1,-2454.2100000000028,-4711.659999999995,613,714,870,2.469999999993661,0.6100000000046748,ret,ret3,6,R4P-0192,0.0,0.0,457,8971,-0.2164831122505867,613,4.00360522022839,4.220088332478976,8830,-0.3446002265005675,714,6.598963585434167,6.943563811934735,raw,0.0,0.0,0,0.0,0,0,-37.519999999998845,-17.579999999996744,0.3443858327053504,1327,97e7b78be7d4ce0f0914f20c0c8e858f093dbff54cd9c89c881f4493be5d6138,M5
3.2299376383498997,1.9848369433032487,1855.9499999999987,2750.0199999999977,-0.2300000000016098,72.60999999999922,-0.2300000000016098,74.099999999999,143.126728290322,258.60473971626,1.0150831793639858,1.4131406541872131,-143.35672829032362,-184.50473971626099,-321.0551300814506,-505.574392173171,1,-1856.2499999999989,-2680.279999999999,141,184,324,0.0699999999985721,2.8700000000003456,ret,ret24,1,R4P-0193,0.0,0.0,1,3227,-0.7333002788968055,141,13.164893617021269,13.898193895918075,3168,-1.3733964646464598,184,14.566739130434776,15.940135595081236,raw,0.0,0.0,0,0.0,0,0,0.0,1.4899999999997817,0.003076923076923077,325,60293ef9c4714847200ceb5faafb9bae34e0e2fec7cb0c48760e15c684330364,M5
0.5958800642483418,0.4910697106365027,2422.720000000003,4372.619999999988,-46.55000000000496,-382.59000000000196,-57.93000000000461,-275.5100000000011,639.079990731102,1061.759095315714,0.983199985740157,1.4445701977084544,-697.0099907311067,-1337.2690953157153,-1490.4571291649636,-2655.491741095714,-1,-2471.209999999998,-4760.119999999995,1211,1420,1385,1.9399999999902775,4.910000000005766,rsi,rsi7,3,R4P-0194,0.0,0.0,1246,8373,-0.23397468052072246,1211,2.0406358381502874,2.2746105186710097,8121,-0.3806747937446142,1420,3.352197183098588,3.732871976843202,news-clean,0.4757633331775269,2.269999999999527,1,0.0007220216606498195,1,0,-11.379999999999654,107.08000000000084,0.4735841885214747,2631,255b1bb5da60c0a32f4114081e091b27da29c009124c724c160dd45ff6277445,M5
0.18900534091008594,0.15640086772954226,1926.630000000005,3179.249999999985,-26.460000000000946,116.3199999999797,-26.460000000000946,117.80999999997948,2441.170627777044,3734.361944925066,0.9887284843163402,1.4258732130298075,-2467.630627777045,-3616.551944925087,-5498.4559966466995,-8252.933682937817,1,-1951.9199999999862,-3057.1699999999955,2469,2620,5088,-1.1700000000198543,-5.760000000009768,ret,ret3,1,R4P-0195,0.0,0.0,1,13331,-0.18491035931287925,2469,0.790571081409472,0.9754814407223512,13116,-0.36150960658737374,2620,1.1668587786259526,1.5283683852133263,raw,0.0,0.0,0,0.0,0,0,0.0,1.4899999999997817,0.00019650225977598743,5089,6f70713370ad49c4940b0e35b613d7e518eb9c6c776a45f984b3bcca12d8bebb,M5
1.7399167721322986,1.3307493671505228,2483.6299999999974,4422.669999999988,16.009999999994534,-333.9399999999987,-37.63000000000443,-392.4599999999996,171.48098804268201,266.499546489444,0.9855229197855289,1.4175507791991704,-209.11098804268644,-658.9595464894436,-422.01250471707345,-989.8309653524976,-1,-2466.6900000000046,-4756.389999999994,407,554,362,-0.9299999999982447,-0.21999999999252395,sma,sma20,24,R4P-0196,0.0,0.0,599,2961,-0.6607835190813954,407,6.060663390663402,6.721446909744797,2796,-1.103698140200289,554,8.585541516245476,9.689239656445764,news-clean,0.0,0.0,0,0.0,0,0,-53.63999999999896,-58.52000000000089,0.6233090530697191,961,9c5d045369f9427e699ff14cafe00fe8889f3da481e6c65785f11e6fc210b55f,M5
3.0327577241708665,2.006015600035387,1851.879999999998,2749.8499999999976,2.349999999998772,72.50999999999885,2.349999999998772,73.99999999999864,152.74714850671,255.4569238364,1.0183143233780667,1.4113642200906078,-150.39714850671123,-181.45692383640136,-340.0397435051962,-498.61841841380135,1,-1849.1599999999978,-2680.2299999999987,150,182,331,-0.3700000000014825,2.8899999999998727,ret,ret24,1,R4P-0197,0.0,0.0,1,3218,-0.7331479179614637,150,12.327733333333319,13.060881251294783,3168,-1.3733207070707023,182,14.726538461538453,16.099859168609157,news-clean,0.0,0.0,0,0.0,0,0,0.0,1.4899999999997817,0.0030120481927710845,332,dc635ed18e238e59e938bd794b3659c0871593dffc0a20686dddbb956f2431d5,M5
2.0880471977206607,1.9143126354233206,2052.6499999999987,3769.499999999997,109.27000000000203,736.5999999999949,92.92000000000212,653.9599999999946,228.000261649912,322.975164584456,0.9913054854344,1.4227980818698502,-135.0802616499099,330.98483541553856,-418.15304997460186,-70.00365188005745,1,-1943.419999999996,-3032.3299999999977,236,238,457,0.03999999999950887,-0.5700000000042564,ret,ret1,48,R4P-0198,0.0,0.0,17,3132,-0.7833748403575954,236,8.234830508474559,9.018205348832154,3112,-1.5111760925449822,238,12.740882352941167,14.25205844548615,news-clean,0.0,0.0,0,0.0,0,0,-16.34999999999991,-82.64000000000033,0.035864978902953586,474,68a45813ec724164fdca86e8bc27f94902103db00fbe1cae462364c855c2a955,M5
4.227428486293743,3.584389405544031,2572.7300000000005,4577.529999999996,-31.55999999999858,-169.26999999999725,-33.5099999999984,-172.48999999999705,187.440849496914,293.082219151486,0.9865307868258633,1.4158561311665991,-220.9508494969124,-465.57221915148307,-453.6672666111114,-829.447245406684,-1,-2447.160000000005,-4704.889999999997,197,209,397,-157.1299999999942,-41.90999999999667,sma,sma5,1,R4P-0199,0.0,0.0,9,2988,-0.6702242302543509,197,12.422131979695456,13.092356209949806,3004,-1.0140013315579186,209,22.51143540669855,23.525436738256467,news-clean,0.0,0.0,0,0.0,0,0,-1.949999999999818,-3.2199999999998,0.022167487684729065,406,32ea42f4c81d95be5e6977bf2ca5bddd51659252f55449404dda6f3315a246ed,M5
1.5316141394115317,1.3048871188785183,2537.300000000001,4552.809999999998,-5.209999999999354,-75.01999999999907,-0.5299999999990632,-74.8799999999992,524.733252750742,800.686072724832,0.9771568952527785,1.4272479014702888,-525.2632527507411,-875.5660727248312,-1176.7436680033381,-1869.6545787117432,-1,-2336.090000000002,-4538.310000000001,543,564,1098,-206.41999999999848,-89.51999999999589,ret,ret6,1,R4P-0200,0.0,0.0,9,14914,-0.1260573957355509,543,4.302191528545124,4.428248924280675,14857,-0.1956646698525939,564,8.046648936170214,8.242313606022808,raw,0.0,0.0,0,0.0,0,0,4.680000000000291,0.13999999999987267,0.008130081300813009,1107,d104da8e072406a0d8a205154ca1648a9a6acd8b3fa02b00285a182750b899e0,M5
0.36582108517511447,0.2922150278876376,2150.0499999999956,4183.860000000001,28.930000000001655,-122.50000000001046,28.930000000001655,-122.50000000001046,1677.059734909498,3138.9799692515,1.0012296924832824,1.4366041049205949,-1648.1297349094964,-3261.4799692515107,-3730.2763622177395,-7158.667660931761,-1,-2122.1999999999957,-4315.760000000017,1675,2185,3860,1.0800000000017462,9.400000000006457,ret,ret24,1,R4P-0201,0.0,0.0,0,20341,-0.0787458826999648,1675,1.2669850746268632,1.345730957326828,19743,-0.13245251481537915,2185,1.9751762013730052,2.107628716188384,raw,0.0,0.0,0,0.0,0,0,0.0,0.0,0.0,3860,68787704a78d4efe173d35f75910b49c338327a44085eec6a71c09cbd3b5c971,M5
1.2731843898944448,0.9421970913946528,2587.8199999999997,4532.159999999996,64.15999999999826,-62.26000000000522,62.309999999998354,-58.86000000000513,645.293120402766,1109.323569502404,0.9689085891933423,1.4388113741924826,-582.9831204027677,-1168.1835695024092,-1384.1441440874487,-2545.459692210823,-1,-2352.7100000000055,-4483.53000000001,672,774,1437,-170.94999999999595,-110.88999999999169,sma,sma20,1,R4P-0202,0.0,0.0,9,20757,-0.09092161680397125,672,3.5010565476190556,3.591978164423027,20584,-0.13804751263116968,774,5.792674418604664,5.9307219312358335,news-clean,-5.448069255762382,10.169999999999618,13,0.009046624913013222,6,7,-1.849999999999909,3.400000000000091,0.006224066390041493,1446,8f65202f07fa1ac157864dfc7f767795c31263637606a4aea79b0d1c856ce204,M5
1.5260554769646923,1.8149875515107083,2321.540000000007,4748.849999999997,-133.0499999999995,-130.2700000000027,-97.81000000000017,-110.61000000000104,341.27529250693397,563.793043384854,0.9920793386829476,1.420133610541194,-439.0852925069342,-674.4030433848551,-862.7942308562032,-1374.377981656844,-1,-2466.7600000000048,-4743.689999999999,405,458,741,12.169999999998254,-135.4300000000012,ret,ret1,6,R4P-0203,0.0,0.0,122,8873,-0.2265265411923824,405,6.090765432098777,6.31729197329116,8825,-0.35092691218130234,458,10.357401746724888,10.70832865890619,news-clean,0.0,0.0,0,0.0,0,0,35.23999999999933,19.660000000001673,0.1413673232908459,863,7a989a5275772ac09668bbb3f13cb17d19ac852532249353dc54e85684384414,M5
0.37277548289000345,0.2963360131851871,2406.9300000000044,4302.939999999991,-71.01000000000636,-450.0299999999975,-23.82000000000494,-310.67999999998756,947.285782773348,1638.304949054952,0.9857292224488533,1.4409014503561584,-971.105782773353,-1948.9849490549395,-2147.2045566300712,-3983.0157321972715,-1,-2480.510000000003,-4756.379999999985,1817,2314,2098,2.569999999992433,3.4099999999957618,ret,ret6,3,R4P-0204,0.0,0.0,2033,7767,-0.2534273207158509,1817,1.3651678591084222,1.618595179824273,7230,-0.42704564315352694,2314,2.0554796888504687,2.4825253320039957,raw,0.0,0.0,0,0.0,0,0,47.19000000000142,139.3500000000099,0.49213265553134833,4131,c65671a088036b26f79d8a25b114b39ccab2963b5599541ab3855ba3b2c27926,M5
0.3049584224825591,0.2731482520500093,2112.4700000000084,4003.239999999987,141.83999999999514,911.9499999999944,16.999999999993634,476.77999999999383,1041.4723352162,1678.3572040725082,0.9871775689253081,1.4247514465810767,-1024.4723352162064,-1201.5772040725142,-2317.5080363729066,-3285.334697476292,1,-1968.9200000000073,-3090.9799999999964,1881,2162,2233,-1.7100000000061755,-0.30999999999630745,ret,ret3,3,R4P-0205,0.0,0.0,1810,7703,-0.32209009476827166,1881,1.0467410951621516,1.3688311899304233,7382,-0.6447873205093444,2162,1.4296854764107292,2.0744727969200736,raw,0.0,0.0,0,0.0,0,0,-124.84000000000151,-435.1700000000005,0.4476873608706406,4043,38e6c8e1c30cded238c0a74d846f9c0c52ab2ce27c805d7e99c13a37f29a467c,M5
0.4733424878727942,0.546937259907633,2017.7700000000023,3964.5900000000015,24.640000000003283,858.1699999999951,20.329999999998336,258.91999999999643,643.124149621538,928.6562915975121,0.980372179301125,1.426507360364842,-622.7941496215396,-669.7362915975156,-1421.2622966719227,-1822.7056962888075,1,-1989.6900000000016,-3097.2900000000136,1778,1746,1307,-3.439999999997326,-9.129999999992833,rsi,rsi7,6,R4P-0206,0.0,0.0,2217,14002,-0.1820525639194394,1778,1.1190607424072,1.3011133063266396,13948,-0.3435976484083742,1746,1.773934707903788,2.117532356312162,raw,0.0,0.0,0,0.0,0,0,-4.310000000004948,-599.2499999999986,0.6291146424517594,3524,a4084cabe876893daf9bd52a512f56cec1a4bf51381960d82a7913841b9ca1b4,M1
0.6998135531179569,0.5326802386831624,2391.1000000000026,4443.349999999993,-13.970000000002983,-265.9199999999978,-18.070000000001755,-234.23000000000002,549.1057308552981,986.181143097922,0.9858271649107686,1.4438962563659181,-567.1757308552998,-1220.4111430979221,-1248.9156962738427,-2444.8002925156493,-1,-2407.059999999997,-4709.439999999993,997,1325,1240,1.9899999999915963,0.17000000000189175,ret,ret12,3,R4P-0207,0.0,0.0,1082,8587,-0.22067311051589705,997,2.414302908726176,2.634976019242073,8219,-0.3699476821997821,1325,3.5542943396226363,3.9242420218224185,raw,0.0,0.0,0,0.0,0,0,-4.099999999998772,31.68999999999778,0.46597760551248923,2322,09763aee7d873a690cdf926f72b77b95458b0f0e868f23b3499f49e14378e346,M5
1.1217561645451077,0.9682482379830487,2514.41,4571.809999999997,-67.49000000000342,-166.97999999999865,-68.89000000000306,-170.19999999999845,709.044707346446,1099.16342177828,0.9834184567911872,1.4293412506869703,-777.934707346449,-1269.3634217782785,-1658.24625243401,-2634.0252551522585,-1,-2413.180000000005,-4672.870000000001,728,770,1490,-168.71999999999866,-65.91999999999462,ret,ret3,1,R4P-0208,0.0,0.0,8,20945,-0.09286225829553733,728,3.314807692307699,3.407669950603236,20841,-0.14581593973417722,770,6.068662337662339,6.214478277396516,raw,0.0,0.0,0,0.0,0,0,-1.3999999999996362,-3.2199999999998,0.0053404539385847796,1498,532864255843e3d57916e445ce3f94f785641832ba45cca6e581fd328992a176,M5
0.3841897028605621,0.4399281361960089,2089.8400000000047,4313.920000000011,91.23999999999819,1175.9199999999955,54.139999999999645,164.26999999999816,866.079252104204,1348.2808564000222,0.986422838387476,1.4328170631243595,-811.9392521042043,-1184.0108564000238,-1887.2163910189183,-2857.963416725101,1,-1993.200000000006,-3133.6899999999987,2306,2763,1819,-5.400000000000773,-4.310000000017226,body,body,12,R4P-0209,0.0,0.0,3250,13474,-0.1894470832714854,2306,0.864353859496967,1.0538009427684525,12925,-0.3736054158607342,2763,1.1341621425986241,1.5077675584593584,news-clean,0.0,0.0,0,0.0,0,0,-37.099999999998545,-1011.6499999999974,0.6411521010061156,5069,412879e91e8284678681c01229db99f6b3f87fcf5fd9c4b7b9d118a17050bc89,M1
0.37239025002025544,0.29536084529004014,2403.850000000005,4273.25999999999,-74.04000000000588,-479.5399999999968,-23.470000000004347,-312.67999999998847,947.2860953428581,1638.3037070577523,0.9857295477032862,1.4409003580103361,-970.7560953428624,-1950.9837070577405,-2146.8552572678655,-3985.012948209873,-1,-2480.520000000003,-4756.239999999983,1813,2308,2098,2.629999999992833,3.439999999995962,ret,ret6,3,R4P-0210,0.0,0.0,2023,7771,-0.25329815982499215,1813,1.36818532818533,1.6214834880103222,7233,-0.42687404949536834,2308,2.0607625649913275,2.487636614486696,news-clean,-8.261719476677527,-4.769999999999527,2,0.0009532888465204957,1,1,50.57000000000153,166.8600000000083,0.49090026692550354,4121,f9d71960dc8fe8d9f0f3e6819049b92d5d34c606384d16a99df28db6f923390a,M5
0.9836016522702834,0.9027670228853784,2478.760000000003,4624.380000000005,-1.8600000000037653,-158.78999999999087,1.5499999999960892,-157.65999999999076,757.54836764783,1169.185357300724,0.9838290488932857,1.425835801586249,-755.9983676478339,-1326.8453573007148,-1696.529432790239,-2778.442637153249,-1,-2468.930000000004,-4744.830000000002,774,821,1590,-11.690000000002783,-38.33999999999469,ret,ret1,1,R4P-0211,0.0,0.0,5,20899,-0.09657639121489181,774,3.1898320413436743,3.286408432558566,20792,-0.15009378607156448,821,5.779330085261878,5.929423871333443,raw,0.0,0.0,0,0.0,0,0,3.4099999999998545,1.1300000000001091,0.003134796238244514,1595,c674f8ee49dea4484208a608acba95a08d8d05b3d53cc9e88e036fa22328fa1c,M5
3.274941117286465,2.9405415239102393,2461.8,4567.349999999995,-19.439999999998918,-209.17000000000053,-19.969999999998663,-211.1900000000005,215.988927417958,348.77329220566605,0.986250810127662,1.4177776105921385,-235.95892741795666,-559.9632922056666,-504.1190934058097,-992.9813416504975,-1,-2432.9500000000025,-4673.079999999996,226,250,465,-48.28999999999678,-103.43999999999869,rsi,rsi14,1,R4P-0212,0.0,0.0,11,2961,-0.6715569064505228,226,10.765265486725674,11.436822393176197,2963,-1.0172966587917607,250,18.692319999999985,19.709616658791745,raw,0.0,0.0,0,0.0,0,0,-0.5299999999997453,-2.019999999999982,0.023109243697478993,476,f1a1301ae9390c7bf4d05a81aed213dfdcb57ae7f4f1a7074a644f3cf27fbf6a,M5
3.9463779079717187,2.7633082362149004,2054.5200000000013,3933.649999999998,4.569999999999936,-121.33999999999378,-17.140000000001237,-173.9599999999955,109.081597703996,211.25474448354402,0.9827170964323964,1.4273969221861083,-126.22159770399725,-385.2147444835395,-261.65140746798323,-647.4972055759436,-1,-2050.250000000002,-4055.5599999999954,150,223,259,0.2999999999999545,0.5700000000038017,sma,sma50,3,R4P-0213,0.0,0.0,114,9434,-0.16303900784396994,150,13.668333333333345,13.831372341177316,9318,-0.2561601201974685,223,18.186367713004465,18.442527833201932,news-clean,0.0,0.0,0,0.0,0,0,-21.710000000001173,-52.62000000000171,0.30563002680965146,373,f3d12e167a65a8ffd8ba446f24fa84ffa1ea10c9f13e7ad44ca9d5d70fe7dd06,M5
2.809834516341156,2.753982971588959,2422.8800000000024,4651.689999999997,-57.90000000000077,-242.06999999999744,-32.90000000000009,-251.7399999999966,198.10214644606,357.905302192436,0.9905107322303001,1.431621208769744,-231.0021464460601,-609.6453021924326,-476.9550530072701,-1054.0011612659587,-1,-2473.3000000000034,-4759.409999999996,234,290,450,-7.479999999999791,-134.3499999999981,body,body,6,R4P-0214,0.0,0.0,74,9167,-0.2196727391731221,234,10.569658119658135,10.789330858831256,9111,-0.3406398858522669,290,16.411758620689643,16.75239850654191,news-clean,0.0,0.0,0,0.0,0,0,25.000000000000682,-9.669999999999163,0.14122137404580154,524,7840cbc32e5214c0d5e365a2f37aefc26857264dc2cbb7c61fe7b43a0b0a232a,M5
2.8393600719439047,2.7715265455393654,2428.410000000002,4644.509999999997,-52.300000000000864,-249.30999999999722,-27.300000000000182,-258.9799999999964,197.00262039822002,354.83815422257203,0.98996291657397,1.430799008961984,-224.3026203982202,-613.8181542225684,-468.8904148919902,-1054.3660083515704,-1,-2473.250000000003,-4759.469999999996,233,288,447,-7.459999999999809,-134.3499999999981,body,body,6,R4P-0215,0.0,0.0,74,9170,-0.21960196292257472,233,10.614806866952803,10.834408829875377,9115,-0.3404761382336812,288,16.525937499999984,16.866413638233666,raw,0.0,0.0,0,0.0,0,0,25.000000000000682,-9.669999999999163,0.1420345489443378,521,a002240c28de3011576de0a3b8a02d9c5d3aba17b32128ecaae2a3d278dd087c,M5
1.8230418830368025,1.3829477002282162,1950.6800000000012,3050.429999999997,18.539999999997463,51.450000000003456,18.539999999997463,51.450000000003456,267.321795454044,416.23935697797003,1.0087614922794113,1.4109808711117628,-248.78179545404655,-364.7893569779666,-580.6740728432005,-881.5696212758616,1,-1932.3800000000026,-2994.2199999999966,265,295,560,0.23999999999887223,-4.759999999997035,rsi,rsi7,1,R4P-0216,0.0,0.0,0,9319,-0.2623156991093456,265,7.29200000000001,7.554315699109355,9246,-0.5043132165260633,295,10.149898305084735,10.654211521610797,news-clean,0.0,0.0,0,0.0,0,0,0.0,0.0,0.0,560,646968360bd2cfcd6227fbe50cec1d62eabb96445909ed043118cc7fbb87199a,M5
1.1434191923598007,1.084753240947912,2425.8900000000003,4667.590000000004,-64.9900000000016,-177.00999999999658,-45.46999999999912,-159.1399999999976,521.763465213658,877.0212682627961,0.9863203501203366,1.4330412880111048,-567.2334652136572,-1036.1612682627936,-1215.02675308646,-2125.0234230825795,-1,-2474.0700000000015,-4761.620000000001,580,677,1141,-16.810000000000855,-82.98000000000047,body,body,3,R4P-0217,0.0,0.0,116,21093,-0.0949589911345004,580,4.265637931034485,4.360596922168986,20934,-0.14966561574472173,677,7.033412112259971,7.183077728004693,raw,0.0,0.0,0,0.0,0,0,19.520000000002483,17.86999999999898,0.09228321400159109,1257,b4c2d603caf1656b559c22472d85e263ebb28c5c043c7a3311f957644afc83c1,M5
1.1686855072331441,1.0080006050288375,2574.2899999999972,4551.009999999993,-29.490000000000236,-203.49999999999545,-31.440000000000055,-206.71999999999525,684.9075985640161,1049.934880549408,0.9826507870358911,1.4362994261961806,-716.347598564016,-1256.6548805494033,-1566.6918152380722,-2560.1972208223315,-1,-2448.340000000003,-4709.9699999999975,704,733,1428,-155.4399999999946,-44.53999999999087,sma,sma5,1,R4P-0218,0.0,0.0,9,20969,-0.09443273403595916,704,3.477755681818186,3.572188415854145,20878,-0.14733451480026746,733,6.425607094133694,6.572941608933961,raw,0.0,0.0,0,0.0,0,0,-1.949999999999818,-3.2199999999998,0.006263048016701462,1437,2cbeaf16a50d24678b7648c06844bc4e2c09b1cd69bf0343a7d63bec03df789a,M5
0.4095690335422661,0.2942096654668379,1976.5899999999972,3385.9000000000024,39.5600000000054,426.6599999999944,8.68000000000552,256.5199999999968,696.7227610678481,1343.128541400872,0.9868594349402947,1.4049461730134645,-688.0427610678425,-1086.6085414008753,-1553.0560441053105,-2754.164265903927,1,-1934.1500000000106,-2960.6400000000067,1705,2399,1662,-2.879999999981237,1.3999999999987267,sma,sma100,3,R4P-0219,0.0,0.0,2442,14075,-0.1771623445825932,1705,1.1343988269794782,1.3115611715620714,13289,-0.35034991346226185,2399,1.2341142142559427,1.5844641277182046,news-clean,0.0,0.0,0,0.0,0,0,-30.87999999999988,-170.1399999999976,0.5950292397660819,4104,e701d37564b551c4c4ce0be812ae307f4cc0063d4dc1a052d966235c58ea9294,M1
2.714285284084893,2.2309890422686047,1960.6400000000033,3746.449999999992,22.110000000000582,-66.78999999999678,7.029999999999745,-109.00999999999704,176.673914180158,289.234730762614,0.9925500796638089,1.4318551027852178,-169.64391418015828,-398.244730762611,-388.99268683571125,-757.3429234067601,-1,-1938.0700000000033,-3814.4399999999937,206,263,380,-0.45999999999935426,1.2000000000048203,ret,ret24,3,R4P-0220,0.0,0.0,89,9378,-0.15205054382597719,206,9.40810679611652,9.560157339942498,9278,-0.23127613709851366,263,14.503574144486668,14.734850281585182,news-clean,0.0,0.0,0,0.0,0,0,-15.080000000000837,-42.220000000000255,0.18976545842217485,469,7ce864a750e960ff4dc5a1b674cedcdf7df65249527a2d56d088a1bb858e653a,M5
0.31825961341377607,0.3083494625794255,2246.08,4335.969999999983,-235.68000000001598,-434.3400000000174,-125.94000000000574,-255.1199999999967,831.1333922963161,1340.959103457168,0.9859233597821069,1.4295939269266185,-957.0733922963218,-1596.0791034571648,-1988.9636430334278,-3260.9413728072527,-1,-2484.600000000005,-4767.639999999992,1874,2295,1781,2.839999999989004,-2.6700000000091677,ret,ret3,6,R4P-0221,0.0,0.0,2388,7710,-0.2558313878080436,1874,1.3258271077908244,1.581658495598868,7246,-0.4276814794369318,2295,2.077403050108929,2.5050845295458606,news-clean,-7.288468355250002,-3.75,2,0.0011229646266142617,1,1,109.74000000001024,179.22000000002072,0.5727992324298393,4169,294c3c916954f1465113f56fce7baab4e13d6d9c5e459d8ba9310ece42bfd3da,M5
1.0441479309498924,1.0485432370465224,2433.540000000002,4661.5,-56.96000000000299,-185.44999999999754,-38.39000000000169,-160.71999999999753,575.3182402437461,896.157279765008,0.9851339730201132,1.4315611497843577,-613.7082402437477,-1056.8772797650056,-1327.9922391218588,-2169.4976710925334,-1,-2473.360000000003,-4764.200000000001,641,697,1210,-17.14000000000169,-82.74999999999682,body,body,3,R4P-0222,0.0,0.0,128,21032,-0.09533948269304048,641,3.858595943837758,3.953935426530798,20914,-0.14967390264894267,697,6.83529411764706,6.984968020296003,raw,0.0,0.0,0,0.0,0,0,18.5700000000013,24.730000000000018,0.09566517189835576,1338,417b17890301d1c6dca5aa0eba951f448f488296bcf1e950ca209a56b6b70e92,M5
0.3841506930413609,0.3287056224682169,2382.6800000000076,4242.659999999988,-21.009999999991123,-451.84000000000106,-21.009999999991123,-451.84000000000106,1771.4001133194142,2729.658620972576,0.9912703488077304,1.4239220766680105,-1792.4101133194051,-3181.498620972577,-3991.6846502123544,-6570.495074526593,-1,-2405.0099999999884,-4696.269999999997,1787,1917,3704,1.3199999999894771,1.7700000000072578,ret,ret6,1,R4P-0223,0.0,0.0,0,20208,-0.09326553840063222,1787,1.3458365976496858,1.439102136050318,20006,-0.14974007797660752,1917,2.4498017736045887,2.599541851581196,news-clean,-3.849596749901836,0.07000000000016371,4,0.0010799136069114472,2,2,0.0,0.0,0.0,3704,fc474f84054e278c7b3b692c8ca9360e4d5543cdf7da9043f872183d187d73d6,M5
1.0094169624584688,0.7528992591310245,1858.1599999999964,2950.589999999996,14.740000000000919,234.1100000000065,14.740000000000919,235.60000000000628,451.23705195936407,745.8808350901601,1.0094788634437675,1.409982675028658,-436.4970519593631,-510.28083509015374,-996.7285608671372,-1436.3261223557138,1,-1844.0099999999943,-2719.849999999998,447,530,976,0.5899999999987813,3.370000000008531,ret,ret12,1,R4P-0224,0.0,0.0,1,9137,-0.2578691036445204,447,4.1253020134228064,4.383171117067327,9014,-0.486874861326823,530,5.131792452830185,5.618667314157008,raw,0.0,0.0,0,0.0,0,0,0.0,1.4899999999997817,0.0010235414534288639,977,75569ad4684f2a1378281afb1658b605c88c27a0eb8e8b80468d3cb347758d5c,M5
0.9602747482498141,0.7418147857279187,2508.7800000000025,4453.189999999995,-14.3299999999997,-140.6300000000033,-16.17999999999961,-137.2300000000032,835.848024142652,1381.7509517821222,0.9730477580240419,1.4318662712768107,-852.0280241426517,-1518.9809517821252,-1889.7717063419336,-3234.488172544552,-1,-2351.6300000000037,-4482.51000000001,865,968,1824,-171.47999999999797,-111.30999999998858,sma,sma20,1,R4P-0225,0.0,0.0,9,20808,-0.09136149557862476,865,2.718647398843935,2.81000889442256,20645,-0.13845628481472402,968,4.630692148760341,4.769148433575065,raw,0.0,0.0,0,0.0,0,0,-1.849999999999909,3.400000000000091,0.004909983633387889,1833,748fe53559d453665fce4582644c95f268a57003f0378a0084a23cf2093fbb68,M5
3.80611509542579,3.3824667636822796,2034.6599999999996,3057.8199999999956,71.39999999999986,20.199999999995725,14.409999999999627,-48.56000000000313,105.833537889826,145.088001607984,0.9984296027342076,1.4365148674057824,-91.42353788982639,-193.6480016079871,-222.82073222921738,-373.7814143859311,1,-1964.4899999999996,-3037.619999999998,131,120,207,1.2299999999997908,-1.8189894035458565e-12,rsi,rsi7,24,R4P-0226,0.0,0.0,44,3237,-0.7644732777262874,131,14.996106870229005,15.760580147955292,3230,-1.457606811145506,120,25.313499999999983,26.77110681114549,news-clean,0.0,0.0,0,0.0,0,0,-56.99000000000024,-68.75999999999885,0.1752988047808765,251,11834d4f7f9f2c7482c3d07fb7af6656763b6ea7ce02bd59ae63ea55d6e032a7,M5
1.0223589364601964,0.965690239839377,1818.1299999999997,3128.4099999999976,-53.119999999997844,311.5399999999927,-37.17999999999756,164.55999999999722,364.53882389205205,534.935676009616,0.9825844309758816,1.4264951360256428,-401.71882389204956,-370.3756760096188,-854.3105039142316,-1034.522867443275,1,-1872.8500000000004,-2812.2899999999995,553,576,746,1.600000000002865,-4.580000000005384,ret,ret12,3,R4P-0227,0.0,0.0,383,15227,-0.15973336835883556,553,3.3867088607594944,3.54644222911833,15118,-0.29815451779335816,576,4.882447916666666,5.180602434460024,raw,0.0,0.0,0,0.0,0,0,15.940000000000282,-146.97999999999547,0.3392382639503986,1129,9f34abd8af449a7d91c104d2f9cc977c71e2c433f47cf42576bd9966c0b561f0,M1
2.136191357922537,1.550048865127381,1919.5399999999981,2789.3899999999976,75.14000000000055,69.7700000000018,17.689999999999372,77.43000000000302,201.136561445234,273.63163354159803,0.9908204997302168,1.4032391463671694,-183.44656144523464,-196.201633541595,-433.16683332855365,-535.927864312188,1,-1844.1599999999958,-2718.4199999999987,220,231,398,-0.24000000000182808,-1.1999999999970896,ret,ret12,6,R4P-0228,0.0,0.0,53,3148,-0.7478621346886876,220,8.382545454545435,9.130407589234123,3121,-1.4062992630567077,231,11.768051948051943,13.17435121110865,raw,0.0,0.0,0,0.0,0,0,-57.45000000000118,7.660000000001219,0.11751662971175167,451,e80bac045dfed19cd4b9089df836ec1ae3cecda7c321dd4c5d4e15e61f29ac89,M5
0.2634141261449397,0.23337834923372688,2135.9399999999964,4149.879999999981,165.57999999999697,1092.450000000003,44.7200000000073,446.3299999999981,1028.5110798573921,1615.7863598451381,0.9918139632183145,1.4161142505215933,-983.7910798573847,-1169.45635984514,-2260.734787558257,-3175.529278628123,1,-1967.1299999999976,-3059.5699999999915,2201,2476,2178,-3.230000000001837,2.140000000013515,sma,sma10,3,R4P-0229,0.0,0.0,2499,7383,-0.33580793715291707,2201,0.8937437528396173,1.2295516899925343,7065,-0.6692469922151417,2476,1.2356906300484618,1.9049376222636036,news-clean,0.0,0.0,0,0.0,0,0,-120.85999999998967,-646.1200000000049,0.5343168697883258,4677,85d48d9d9d2088d66ddad08ad3000b2408a19776a1e5630b0afce1e2ea974108,M5
1.2909765042737629,0.987790678902265,1868.0200000000002,3050.869999999997,-30.25999999999749,144.10000000000173,-30.25999999999749,145.5900000000015,347.06427304236405,574.284432306174,0.9973111294320806,1.4075598831033678,-377.3242730423615,-428.69443230617253,-808.2204961906356,-1141.6949106027816,1,-1898.1299999999974,-2902.8999999999987,348,409,756,-0.15000000000031832,-3.8699999999967076,ret,ret3,1,R4P-0230,0.0,0.0,1,9236,-0.2609647033347755,348,5.45439655172413,5.715361255058906,9132,-0.5006088480070064,409,7.097555012224936,7.598163860231942,news-clean,0.0,0.0,0,0.0,0,0,0.0,1.4899999999997817,0.001321003963011889,757,e3cc2a3870900dccb2e746f97208586b7f94b2e16007ede95e49390af3cc8498,M5
1.290213283911008,1.0416852268181516,1980.1700000000048,3293.1899999999905,-3.0999999999976353,180.49999999999773,-15.139999999999418,91.97999999999774,415.27373726119606,673.113458751228,0.9934778403377896,1.4382766212633076,-430.4137372611954,-581.1334587512303,-945.9951405753815,-1416.8347091805283,1,-1978.5600000000002,-3101.529999999997,493,584,886,-4.71000000000231,-11.159999999995762,body,body,6,R4P-0231,0.0,0.0,191,15287,-0.1660214561392025,493,4.013306288032455,4.179327744171657,15110,-0.31745466578424797,584,5.3108390410958854,5.628293706880133,raw,0.0,0.0,0,0.0,0,0,-12.040000000001783,-88.51999999999998,0.17734447539461468,1077,d7dafa0e6f8022f6e6f527fe44f07b0f9eae7ea81754cdb81bb98fbde505fa17,M1
0.3539765950758473,0.4149533318758134,2009.440000000001,4502.159999999996,51.330000000010614,1435.919999999997,22.220000000000027,369.42999999999756,802.523131348892,1265.750825512798,0.9810796226759071,1.4221919387784248,-780.303131348892,-896.3208255128005,-1776.672429620014,-2467.8085642325937,1,-1953.2700000000023,-3073.120000000015,2364,2723,1708,-4.839999999988095,6.880000000015116,ret,ret12,6,R4P-0232,0.0,0.0,3379,13416,-0.18728980322003508,2364,0.8262563451776659,1.013546148397701,12965,-0.36778094870806055,2723,1.1285787734116837,1.4963597221197442,news-clean,0.0,0.0,0,0.0,0,0,-29.110000000010587,-1066.4899999999993,0.6642421859642226,5087,5b4b9746116110559f60e9e2eb9c69c9d095694b0bb9af505b4881c85fe7de6e,M1
1.1193717968291625,0.895079900165318,2533.079999999996,4548.159999999995,-71.77999999999884,-205.65999999999894,-73.72999999999865,-208.87999999999874,709.4010785532221,1167.8434012124321,0.9880237862858247,1.4294288876529158,-783.1310785532207,-1376.7234012124309,-1663.8850748644977,-2826.6545811559427,-1,-2449.2300000000014,-4709.99,725,819,1535,-155.62999999999306,-43.829999999994016,sma,sma5,1,R4P-0233,0.0,0.0,9,20948,-0.0945517471835027,725,3.3782482758620707,3.4728000230455733,20792,-0.1482358599461334,819,5.750903540903541,5.899139400849674,raw,0.0,0.0,0,0.0,0,0,-1.949999999999818,-3.2199999999998,0.005829015544041451,1544,280fe88415688c931c07a272a239024580db7e61b1461578b5dc7a0ee1219ff4,M5
1.6097399510445904,1.8083080034162287,2339.1200000000053,4641.809999999998,-115.81999999999448,-236.24000000000433,-101.92999999999438,-202.73000000000275,319.058537272702,537.116369773822,0.9877973290176532,1.4209427771794234,-420.9885372726964,-739.8463697738248,-817.1143544021534,-1406.7009937572018,-1,-2467.4100000000017,-4742.75,381,449,701,12.470000000001846,-135.3000000000011,ret,ret1,6,R4P-0234,0.0,0.0,129,8794,-0.2299158517170787,381,6.476141732283469,6.706057584000547,8737,-0.3551253290603185,449,10.562917594654788,10.918042923715106,news-clean,24.572184197100228,26.500000000000227,2,0.0028530670470756064,0,2,13.8900000000001,33.51000000000158,0.15542168674698795,830,fc11e13897b5b77f31250fef0f0515bed01f07b30a5109a6b62577cb745bfce1,M5
0.5371373999799831,0.6614130634466469,1890.3300000000027,3998.489999999987,-24.68999999999687,1043.1899999999928,-2.6500000000010004,368.0399999999963,503.45124327371,821.859195444744,0.981386439130039,1.4194459334106115,-506.101243273711,-453.8191954447477,-1131.1590670566961,-1474.1951036013518,1,-1912.3100000000068,-2953.310000000004,1233,1403,1092,-2.7099999999927604,-1.989999999990232,ret,ret12,6,R4P-0235,0.0,0.0,1544,14547,-0.16991269677596724,1233,1.5509407948094134,1.7208534915853806,14291,-0.3252760478622905,1403,2.104996436208128,2.430272484070419,raw,0.0,0.0,0,0.0,0,0,22.03999999999587,-675.1499999999965,0.5857359635811836,2636,e077ef00cafbdde2d6055e0c82ab0acad4721a3de185f28f684cb49d41afecb4,M1
0.9045488332006442,0.8606774006810279,2356.580000000004,4577.060000000003,-128.19000000000028,-251.6300000000001,-109.10999999999922,-219.0900000000006,659.942196002754,1093.369556016726,0.9879374191657995,1.4292412496950666,-769.0521960027532,-1312.4595560167268,-1588.4007198873924,-2669.9280393002678,-1,-2467.9099999999985,-4743.529999999999,730,843,1433,-16.86000000000581,-85.1600000000044,ret,ret1,3,R4P-0236,0.0,0.0,140,20943,-0.09546626557799798,730,3.380698630136984,3.476164895714982,20768,-0.15002214946070896,843,5.626963226571766,5.776985376032474,raw,0.0,0.0,0,0.0,0,0,19.080000000001064,32.53999999999951,0.08900190718372536,1573,15f2aa0d316a91a68f131e113e51dc29b709fb1f41e313d8a2995872a7445203,M5
0.4643456110473951,0.3866237539445425,2495.449999999996,4628.8,18.99000000000592,-124.4799999999982,18.99000000000592,-124.4799999999982,2076.9335664034143,3238.6334248742724,0.9909034190855984,1.433658001272365,-2057.943566403408,-3363.1134248742705,-4636.551907240358,-7384.025455184223,-1,-2485.6299999999956,-4765.270000000002,2096,2259,4355,9.170000000005302,11.990000000003874,rsi,rsi7,1,R4P-0237,0.0,0.0,0,44758,-0.0426741588095984,2096,1.185892175572517,1.2285663343821154,44347,-0.0689985793853009,2259,2.109459938025676,2.1784585174109767,news-clean,-9.566314960878437,-7.770000000000437,1,0.0002296211251435132,1,0,0.0,0.0,0.0,4355,7f0f315f2c8528a2560842848bcf6f9acf94973ada3d8e9040687f4f41c14a81,M1
0.2354089597361076,0.16474430188109124,1933.5999999999992,2936.309999999991,78.53999999999405,261.9700000000016,78.53999999999405,263.4600000000014,2074.4007743500442,3360.2917831111563,0.993011380732429,1.4232493787001932,-1995.86077435005,-3096.831783111155,-4571.324537425204,-7268.788247300201,1,-1854.7499999999895,-2681.6900000000005,2089,2362,4450,-0.3100000000156342,7.350000000011278,ret,ret24,1,R4P-0238,0.0,0.0,1,13711,-0.17269856319743246,2089,0.8878650071804641,1.0605635703778966,13374,-0.3264602960969044,2362,1.13534716342083,1.4618074595177344,raw,0.0,0.0,0,0.0,0,0,0.0,1.4899999999997817,0.00022466861379465288,4451,26b8b61056c96ccde6c7990826e0cdbeb1b05062ab788fc6a139cbe0aef81d22,M5
1.0152876926944017,0.6568768915541793,1948.6500000000005,3061.559999999989,-25.589999999999236,-50.2900000000127,-25.589999999999236,-50.2900000000127,481.40466690582605,844.469642500406,0.994637741540963,1.4288826438247142,-506.9946669058253,-894.7596425004187,-1104.6806544012163,-1943.2074596768398,1,-1974.4400000000005,-3109.089999999996,484,591,1075,0.2000000000007276,-2.7600000000056752,body,body,1,R4P-0239,0.0,0.0,0,9100,-0.27325054945054833,484,4.079421487603307,4.352672037053855,8950,-0.5338268156424558,591,5.260727580372244,5.7945543960147,news-clean,0.0,0.0,0,0.0,0,0,0.0,0.0,0.0,1075,e54533420194b16dc08b6e30a3a1db3d4091c5b94d1151344358848e60898ad9,M5
1.2993234140773582,0.8918205529065213,1911.1500000000012,3000.6099999999965,17.38999999999737,138.300000000002,17.38999999999737,139.79000000000178,367.570945325654,630.030737054294,1.015389351728326,1.4126249709737535,-350.18094532565664,-490.24073705429225,-806.5371430904456,-1272.4528111193213,1,-1893.3500000000006,-2858.999999999997,362,447,808,-0.4100000000032651,-3.3099999999976717,sma,sma20,1,R4P-0240,0.0,0.0,1,9222,-0.26084255042290067,362,5.230248618784532,5.491091169207432,9097,-0.4977289216225108,447,6.395973154362409,6.89370207598492,raw,0.0,0.0,0,0.0,0,0,0.0,1.4899999999997817,0.0012360939431396785,809,83eac4cf972e99412b1a80bee87ace5b9fe7a56d1f39c9990f0f943a1e2de40d,M5
2.822859242494941,3.04224220040888,1936.2000000000025,3462.139999999997,-32.9699999999973,414.31000000000176,-0.8599999999983083,182.1999999999989,130.021365781204,201.92977486492,0.9925295097801832,1.4423555347494286,-130.8813657812023,-19.7297748649211,-292.3088585654163,-270.4348570921411,1,-1968.3699999999978,-3046.1700000000005,198,214,271,-0.8000000000020009,-1.6599999999948523,rsi,rsi14,12,R4P-0241,0.0,0.0,141,15582,-0.1622243614426894,198,9.941262626262615,10.103486987705304,15480,-0.30629069767441797,214,14.23443925233645,14.540729950010869,raw,0.0,0.0,0,0.0,0,0,32.10999999999899,-232.11000000000286,0.3422330097087379,412,5929e21ef68e5a62a773e6f138313252e80adececd76f85d3f2ca0e43bbbe042,M1
1.0571028153409558,0.8880825254858694,2568.9899999999975,4452.769999999995,-36.2400000000041,-302.4399999999896,-38.19000000000392,-305.6599999999894,760.133582423466,1155.720972127924,0.9808175257076981,1.4338969877517667,-798.3235824234699,-1461.3809721279135,-1742.0643104806009,-2896.2616003256476,-1,-2448.550000000004,-4708.359999999997,782,808,1581,-156.67999999999802,-46.84999999998854,sma,sma5,1,R4P-0242,0.0,0.0,9,20891,-0.09563783447417662,782,3.1311381074168847,3.226775941891061,20805,-0.14824705599615304,808,5.827178217821778,5.975425273817931,raw,0.0,0.0,0,0.0,0,0,-1.949999999999818,-3.2199999999998,0.005660377358490566,1590,c82e3a7e1c917b8fe32539629661d070d33de6d9ace316750a3d1b814d04e073,M5
2.1211686591443923,1.8633331675780145,2181.2100000000028,4060.469999999987,2.3099999999981264,-196.97000000000116,-33.86000000000331,-184.45999999999913,213.669709787404,331.563049278244,0.9892116193861297,1.4169361080266838,-247.5297097874073,-516.0230492782432,-512.8104606933214,-927.6737922020972,-1,-2178.720000000001,-4257.289999999991,298,344,450,-0.18000000000370164,-0.14999999999736247,ret,ret12,6,R4P-0243,0.0,0.0,192,9286,-0.1794723239284958,298,7.311140939597319,7.490613263525815,9197,-0.2814646080243565,344,12.375843023255788,12.657307631280144,news-clean,0.0,0.0,0,0.0,0,0,-36.17000000000144,12.510000000002037,0.29906542056074764,642,27de057631a14419c91efc64988a9822f19a3728a074d9d2e2be5cf723fe1a85,M5
3.3485832377483478,3.7167838354950313,2306.370000000001,4594.929999999995,-75.99000000000206,-248.15000000000055,-55.100000000001046,-281.63999999999805,143.44450027714,232.047517894296,0.9892724157044138,1.4149238895993659,-198.54450027714105,-513.687517894294,-376.6374307471311,-801.78516177433,-1,-2419.510000000003,-4724.489999999999,190,212,309,37.15000000000009,-118.58999999999696,sma,sma10,6,R4P-0244,0.0,0.0,93,2995,-0.6594257095158592,190,12.734263157894752,13.393688867410612,3001,-1.0215461512829023,212,22.28533018867924,23.30687633996214,news-clean,0.0,0.0,0,0.0,0,0,20.89000000000101,-33.48999999999751,0.23134328358208955,402,589a0a8f3230144d8cbaab5921973a73dc0ac1acf28eaedfda05e6cc3e20c369,M5
0.9891843667129632,0.7941943393182608,1927.1499999999999,3050.469999999996,19.670000000003938,117.89000000000351,19.670000000003938,117.89000000000351,479.156290802462,737.177766584954,0.9961669247452433,1.4176495511249116,-459.4862908024581,-619.2877665849505,-1054.3808160360752,-1534.5277952572897,1,-1908.159999999994,-2928.4799999999987,481,520,1001,0.6799999999980173,-4.099999999993997,rsi,rsi14,1,R4P-0245,0.0,0.0,0,15319,-0.1580573144461127,481,3.9670686070685943,4.125125921514707,15216,-0.3031591745531018,520,5.631692307692305,5.934851482245406,raw,0.0,0.0,0,0.0,0,0,0.0,0.0,0.0,1001,20691fb1f8370638fdb8af539cf32aa4d55f31941aa645dd88993e5b8e1039d0,M5
0.657372324033772,0.5515881588628353,2624.26,4876.2199999999975,7.630000000003747,3.069999999999254,2.610000000004675,1.1999999999993634,1224.698942066346,2016.02701043832,0.9860700016637247,1.4338741183771835,-1222.0889420663414,-2014.8270104383207,-2742.6088846235525,-4517.817066872441,-1,-2459.7000000000016,-4738.340000000004,1256,1414,2648,-156.92999999999506,-134.80999999999403,sma,sma10,1,R4P-0246,0.0,0.0,22,20268,-0.09827017959344869,1256,1.9583598726114664,2.0566300522049152,20043,-0.1547807214488852,1414,3.3510183875530437,3.505799109001929,news-clean,-52.66187165312431,-23.66000000000031,24,0.00906344410876133,14,10,-5.019999999999072,-1.8699999999998909,0.008236615499812805,2671,46e8d279916511d5154664d55e87d8589b9c632bbf022bbd5109b987ed13ccf2,M5
0.12536079493256388,0.09516337401048856,2390.7299999999996,4151.619999999992,-33.660000000003265,-533.9400000000028,-33.660000000003265,-533.9400000000028,5522.449649087124,9071.373731247517,0.9968320666222246,1.43420928557273,-5556.109649087128,-9605.31373124752,-12412.484334292061,-20867.840539363824,-1,-2425.8300000000054,-4699.110000000002,5540,6325,11865,1.440000000002783,13.550000000008367,sma,sma50,1,R4P-0247,0.0,0.0,0,16476,-0.11564700169944123,5540,0.4378754512635389,0.5535224529629801,15603,-0.19216560917772324,6325,0.742942292490119,0.9351079016678423,raw,0.0,0.0,0,0.0,0,0,0.0,0.0,0.0,11865,58624a139e11223912392fccdfd6815ef013d008a9213da01c9951aa643d3b89,M5
0.8232105042137475,0.5496085455409537,1965.609999999996,3007.0199999999913,7.430000000004611,-52.03000000001293,7.430000000004611,-52.03000000001293,594.7601024595981,978.805761822842,0.9945821111364517,1.4206179416877243,-587.3301024595934,-1030.835761822855,-1325.7520653931865,-2246.068036327802,1,-1956.3999999999946,-3050.389999999996,598,689,1287,-1.7799999999967895,-8.660000000008495,ret,ret1,1,R4P-0248,0.0,0.0,0,8986,-0.2747095481860654,598,3.271571906354506,3.5462814545405714,8855,-0.5329452286843568,689,4.4272714078374396,4.960216636521796,raw,0.0,0.0,0,0.0,0,0,0.0,0.0,0.0,1287,c0e7f8aaede84cdae0a537f844dfadef7c29c7c9e2d64b85ad8913b32c1732b0,M5
1.0502335867973376,0.8422282141175147,2553.940000000004,4765.839999999997,-62.41999999999189,-102.23999999999842,-67.43999999999096,-106.13999999999805,741.757892314416,1289.848509688596,0.9837637829103661,1.425246972031598,-809.197892314407,-1395.9885096885941,-1730.124357864863,-2997.3946307486804,-1,-2457.7400000000052,-4732.220000000005,768,911,1659,-158.6199999999908,-135.85999999999058,sma,sma10,1,R4P-0249,0.0,0.0,20,8407,-0.23934935173069988,768,3.2001822916666733,3.4395316433973733,8275,-0.373679758308158,911,5.194533479692651,5.5682132380008085,news-clean,-33.37009873375825,-16.970000000000255,14,0.008438818565400843,8,6,-5.019999999999072,-3.899999999999636,0.011904761904761904,1680,6efd8aae33aa5e5b0f6edaf0a284a679b625bd6cc0acb5767b6dd935fd1e31d3,M5
0.21511434400591467,0.20789861861263254,2223.810000000003,4324.339999999998,7.160000000001901,-9.960000000000036,7.160000000001901,-5.7199999999998,3630.645830869976,5954.937986528008,0.9922508419978071,1.4359628614728739,-3623.485830869974,-5960.657986528008,-8131.09925371489,-13353.986791076037,-1,-2224.470000000014,-4354.049999999995,3659,4150,7806,7.820000000012442,19.749999999995907,ret,ret24,1,R4P-0250,0.0,0.0,3,43195,-0.038172242157657674,3659,0.6079447936594736,0.6461170358171313,42456,-0.06238599962313764,4150,1.0491686746987938,1.1115546743219316,news-clean,0.0,0.0,0,0.0,0,0,0.0,4.2400000000002365,0.000384172109104879,7809,4e33d062e32c86ec672012ac6db46a8173fdfb63c409d10f00f676cc78b82b28,M1
0.867373548970268,0.86932369036624,2348.7100000000064,3940.239999999986,-119.4700000000048,-803.7699999999973,-120.99999999999977,-658.9799999999996,632.1220646294,863.6618822625721,0.993902617341824,1.4251846241956636,-753.1220646293998,-1522.6418822625717,-1537.9306186822998,-2594.9177478315737,-1,-2467.850000000006,-4747.059999999992,773,708,1242,-0.33000000000583896,3.050000000008822,ret,ret1,6,R4P-0251,0.0,0.0,239,15027,-0.13008118719637976,773,3.1925614489003955,3.3226426360967753,15028,-0.20379757785467084,708,6.704887005649707,6.908684583504377,raw,0.0,0.0,0,0.0,0,0,-1.5299999999949705,144.7899999999977,0.16137744767049292,1481,eb73921ac24be16c627679534082b4a816b2762d7f366a133c8a50f47a8d7a3f,M5
3.6565718027259018,2.4902272493777122,1988.3200000000008,3041.9799999999927,16.089999999999463,-63.66000000000531,47.169999999999845,-8.220000000005712,116.845925423962,178.89739849150803,0.9902197069827289,1.4427209555766776,-69.67592542396217,-187.1173984915137,-214.74550418282917,-409.2267290117917,1,-1973.800000000001,-3107.919999999998,135,163,242,1.569999999999709,2.2799999999997453,body,body,24,R4P-0252,0.0,0.0,56,3233,-0.7682987936900691,135,14.620740740740748,15.389039534430818,3187,-1.4993316598682098,163,19.06699386503066,20.566325524898872,news-clean,0.0,0.0,0,0.0,0,0,31.080000000000382,55.4399999999996,0.18791946308724833,298,58ffac25de5464e299f2df902053506c3ac61514766362051a0019d982eeeac4,M5
0.4655766922782687,0.34225622738249617,2479.589999999998,4444.609999999989,52.03999999999246,-240.45000000000073,-2.650000000008731,-152.36000000000695,727.81131483371,1314.043311453304,0.9861941935416124,1.4440036389596749,-730.4613148337188,-1466.403311453311,-1634.0724641767038,-3097.848389439875,-1,-2428.2000000000025,-4687.419999999988,1657,2131,1648,0.6499999999969077,2.359999999998763,sma,sma50,3,R4P-0253,0.0,0.0,2140,7927,-0.24171313233253602,1657,1.4654194327097179,1.707132565042254,7410,-0.40739001349527726,2131,2.1996339746597786,2.607023988155056,news-clean,0.0,0.0,0,0.0,0,0,-54.69000000000119,88.08999999999378,0.5649419218585006,3788,f7ccf24153a67ce9806db7c1bce4a30f493a286f75167e515a3f3fd373624ac5,M5
1.0999326373863092,1.1205010124612986,1839.469999999997,3254.3999999999915,-34.720000000000255,432.03999999999496,-15.349999999999682,233.50999999999522,319.18820609149003,453.20552850308604,0.9851487842329939,1.4251746179342328,-334.5382060914897,-219.6955285030908,-730.8250127367047,-782.3709906888918,1,-1872.8500000000004,-2812.2899999999995,553,576,642,-1.3399999999969623,-10.06999999999698,ret,ret12,6,R4P-0254,0.0,0.0,487,15227,-0.15973336835883556,553,3.3867088607594944,3.54644222911833,15118,-0.29815451779335816,576,4.882447916666666,5.180602434460024,raw,0.0,0.0,0,0.0,0,0,19.370000000000573,-198.52999999999975,0.43135518157661645,1129,2b01080c682ba45cf4623680c3004de3fbf6b3a85e7090c6b338f5c8061a673a,M1
1.4347003683253312,1.0495106423922056,2549.790000000003,4395.759999999994,-17.62999999999829,-179.64999999999645,-18.199999999998,-172.61999999999625,548.5709111654801,914.0127603016681,0.9778447614357934,1.4259169427483123,-566.770911165478,-1086.6327603016643,-1247.8468733946581,-2221.421550207502,-1,-2448.800000000003,-4713.459999999994,570,647,1202,-118.61999999999853,138.05000000000337,rsi,rsi7,1,R4P-0255,0.0,0.0,15,14821,-0.13415019229471717,570,4.296140350877198,4.430290543171915,14727,-0.20889726352957244,647,7.285100463678506,7.493997727208079,news-clean,2.5421064414656005,8.1899999999996,5,0.004159733777038269,3,2,-0.569999999999709,7.0300000000002,0.012325390304026294,1217,06f193b56554cad0de9ac1a96fe3503062762b8ad31e5f3ba9a63a52bfc54ee7,M5
0.9066027023213635,0.7525845712715955,2499.9399999999987,4489.219999999996,-106.04999999999563,-266.9599999999982,-107.99999999999545,-270.179999999998,871.6120601112001,1359.427614498252,0.991595062697611,1.4219954126550753,-979.6120601111955,-1629.60761449825,-2061.7584346003955,-3317.3993879421323,-1,-2449.540000000002,-4711.8099999999995,886,958,1835,-156.44999999999277,-44.36999999999398,sma,sma5,1,R4P-0256,0.0,0.0,9,20789,-0.09551926499591111,886,2.7647178329571127,2.8602370979530236,20668,-0.14833752661118707,958,4.918382045929018,5.066719572540205,raw,0.0,0.0,0,0.0,0,0,-1.949999999999818,-3.2199999999998,0.004880694143167028,1844,c6e9de4c901f635c8f721e1ee17da3933f67179b837063a067d99739fdc401c8,M5
1.8290262028413224,1.5284247607021455,1987.700000000001,3233.009999999999,72.95999999999913,266.81999999999925,67.68999999999869,222.26999999999862,305.04435551523403,448.201303518822,0.9936298225251923,1.4228612810121333,-237.3543555152353,-225.9313035188234,-616.0809222935543,-782.3937907597004,1,-1911.1800000000003,-2960.940000000001,360,380,622,-3.560000000001537,-5.249999999998636,ret,ret3,6,R4P-0257,0.0,0.0,118,15420,-0.16021984435797593,360,5.308833333333334,5.46905317769131,15314,-0.3040453180096637,380,7.791947368421055,8.09599268643072,raw,0.0,0.0,0,0.0,0,0,-5.270000000000437,-44.55000000000064,0.15945945945945947,740,2e82c6cd1e3c6a23ce497953f2edde781611cd47de8e8185772f8144188d619b,M1
0.8781570215517719,0.6592600326440727,2580.66,4778.929999999993,7.5500000000054115,-136.4799999999932,0.5300000000061118,-139.33999999999287,914.8933152892581,1618.2574831950762,0.9837562529992022,1.4245224323900318,-914.3633152892519,-1757.597483195069,-2050.245354076655,-3766.738416877835,-1,-2417.48,-4704.030000000001,947,1143,2066,-155.62999999999442,-211.379999999986,ret,ret6,1,R4P-0258,0.0,0.0,24,14512,-0.1348311742006615,947,2.5527771911298838,2.6876083653305454,14290,-0.21461791462561375,1144,4.111905594405595,4.326523509031209,raw,0.0,0.0,0,0.0,0,0,-7.0199999999993,-2.8599999999996726,0.011472275334608031,2092,5cf628c2abdedf40a0275f4a75d07b072d6badd5bac8cea0921229e2e2cc088c,M5
0.5134802151095027,0.46431160258063653,2341.3200000000024,4249.719999999983,-137.15000000000623,-508.23000000001593,-97.84000000000174,-359.4800000000005,586.9245833569761,992.5094044432722,0.9864278711881951,1.4321925028041445,-684.7645833569777,-1351.9894044432726,-1413.4583900563937,-2584.2353811447247,-1,-2481.0700000000006,-4759.8299999999945,1292,1517,1288,2.5999999999921783,1.8799999999955617,sma,sma5,6,R4P-0259,0.0,0.0,1521,8292,-0.23744934876990006,1292,1.9203328173374619,2.1577821661073617,8024,-0.38524052841475703,1517,3.1376598549769246,3.5229003833916814,news-clean,1.7160200149142182,3.5100000000002183,1,0.0007763975155279503,1,0,39.31000000000449,148.75000000001546,0.5414738341046635,2809,f573bf4339ce51105718e4256052101694ebf4cd36e8043d0e740ba5db45a51f,M5
0.8487079601829268,0.7300600086810752,2449.6100000000074,4457.969999999997,-133.390000000001,-284.68000000000256,-134.79000000000065,-287.90000000000236,931.897893518706,1381.79901946306,0.9966822390574396,1.4143285767277993,-1066.6878935187067,-1669.6990194630623,-2223.6818970091776,-3385.2659189337724,-1,-2413.580000000005,-4673.590000000001,942,978,1912,-169.42000000000348,-69.05999999999813,ret,ret3,1,R4P-0260,0.0,0.0,8,20786,-0.09398104493408999,942,2.562186836518052,2.656167881452142,20701,-0.14553982899376755,978,4.778721881390594,4.924261710384362,raw,0.0,0.0,0,0.0,0,0,-1.3999999999996362,-3.2199999999998,0.004166666666666667,1920,65db0b7b354969858639179dde0bde6c84d39b4295736f9ca6c2b7236b8fcde0,M5
0.988190742256197,0.8270249616237434,2525.5800000000027,4420.179999999997,-17.970000000002074,-198.58999999999833,-13.290000000001783,-198.44999999999845,801.4061407686061,1223.45427618783,0.9773245619129343,1.432616248463501,-814.6961407686078,-1421.9042761878286,-1809.6786440837288,-2940.8789095702336,-1,-2335.520000000007,-4537.959999999999,826,857,1674,-208.02999999999793,-80.80999999999585,ret,ret6,1,R4P-0261,0.0,0.0,9,20374,-0.09274074801217355,826,2.8275060532687735,2.920246801280947,20265,-0.14332494448556482,857,5.29516919486581,5.438494139351375,news-clean,-53.99136440635917,-25.970000000001164,25,0.014934289127837515,12,13,4.680000000000291,0.13999999999987267,0.0053475935828877,1683,d1acd9d6b46f28c22361f7dd11970edec82f08596ad60433699ae5aa0d689193,M5
0.7088551014795513,0.533203070215031,2109.5499999999993,4332.959999999998,-59.75000000000114,-107.7800000000002,-46.36999999999762,-146.62000000000126,416.262992374918,850.050695905268,0.9958444793658325,1.433475035253403,-462.63299237491566,-996.6706959052693,-979.4426014121286,-2052.047647323707,-1,-2169.7499999999973,-4444.540000000008,862,1292,1011,0.44999999999686224,3.8000000000097316,sma,sma50,3,R4P-0262,0.0,0.0,1143,14938,-0.11090038827152165,862,2.5171113689095095,2.628011757181031,14444,-0.1910931874826924,1292,3.4400464396284893,3.6311396271111818,raw,0.0,0.0,0,0.0,0,0,13.38000000000352,-38.840000000001055,0.5306406685236769,2154,fa8502319cca8eabdba49ab248b9b6ccee3935e16d5ad103668ee80425ac8081,M5
0.848222005201291,0.7581403315900199,2432.6500000000015,4539.959999999992,-45.53999999999655,-246.0899999999965,-42.1299999999967,-244.9599999999964,875.2133694289821,1342.6582712229442,0.9911816188323693,1.4208024034105229,-917.3433694289787,-1587.6182712229404,-2003.9609345054157,-3254.5901353032446,-1,-2467.080000000001,-4744.799999999999,887,946,1828,-11.109999999997399,-41.249999999989086,ret,ret1,1,R4P-0263,0.0,0.0,5,20788,-0.09636761593226839,887,2.7813754227733942,2.8777430387056624,20680,-0.14984671179884013,946,5.015644820295982,5.165491532094823,raw,0.0,0.0,0,0.0,0,0,3.4099999999998545,1.1300000000001091,0.002727768685215494,1833,9439df3102fd3471d525d92fe8dca281f44c64c1179e8954e3d7b8d6b06fb699,M5
2.221130001405295,2.3176243745512735,2461.090000000006,4677.979999999996,-79.47000000000048,-231.13999999999805,-58.81999999999812,-193.7399999999975,264.079417942348,400.26768651123604,0.9890614904207791,1.4143734505697387,-322.89941794234613,-594.0076865112335,-650.7661350905641,-1090.9583897005596,-1,-2475.240000000006,-4745.629999999996,323,321,550,-65.32000000000062,-163.48999999999796,ret,ret1,3,R4P-0264,0.0,0.0,94,2864,-0.709067737430168,323,7.663281733746149,8.372349471176317,2892,-1.0673582295988888,321,14.783894080996872,15.851252310595761,raw,0.0,0.0,0,0.0,0,0,20.650000000002365,37.400000000000546,0.14596273291925466,644,7fe19b01b37f1dbe3c117884edf1b08bd423d6b835858fd4c731431a937f82c2,M5
0.9421933615973693,0.7429506794324353,1922.3100000000093,3176.619999999997,20.19000000000051,339.7499999999959,-17.65999999999849,115.98999999999751,352.428885024724,574.802135207614,0.9927574226048564,1.4192645313768246,-370.0888850247225,-458.8121352076165,-807.6455201112565,-1172.4553655092654,1,-1899.3800000000037,-2832.17,510,601,760,-2.7400000000050113,-4.700000000001182,ret,ret6,3,R4P-0265,0.0,0.0,351,9074,-0.26576151642054147,510,3.7242745098039287,3.99003602622447,8940,-0.5034485458612957,601,4.712429284525791,5.215877830387086,news-clean,0.0,0.0,0,0.0,0,0,-37.849999999999,-223.7599999999984,0.3159315931593159,1111,0811e3966de7363fb2d095f4558171a35e6b577b99192a0ec6bf1f708a18a463,M5
2.696091913789808,2.187955373905243,1953.2100000000007,3053.0899999999983,72.24000000000069,196.12999999999602,29.729999999999563,24.91999999999871,97.325846148378,135.492334345112,1.0033592386430723,1.4262350983696,-67.59584614837844,-110.5723343451133,-188.43035069270144,-278.7922856030053,1,-1880.6799999999994,-2860.450000000002,170,185,192,-0.29000000000064574,3.4899999999997817,sma,sma50,12,R4P-0266,0.0,0.0,163,3198,-0.7475891181988717,170,11.06282352941176,11.810412647610633,3165,-1.4315639810426504,185,15.461891891891904,16.893455872934553,news-clean,0.0,0.0,0,0.0,0,0,-42.51000000000113,-171.2099999999973,0.4591549295774648,355,11c8b2821b71462335e725e33f0f86145a27c7377a71ad5ff2fbc6507964b2ee,M5
1.547634708703799,1.5618980630819774,1931.0799999999997,3316.8799999999924,13.900000000003956,357.96999999999935,0.7600000000011278,203.91999999999825,196.804587598936,285.386296034512,0.9791273014872438,1.4269314801725599,-196.04458759893487,-81.46629603451376,-440.3865151952109,-435.78647935530574,1,-1915.8999999999953,-2945.4799999999987,414,421,401,-1.2800000000004275,-13.42999999999438,sma,sma20,6,R4P-0267,0.0,0.0,434,15366,-0.16109006898346895,414,4.627777777777767,4.788867846761236,15267,-0.3039654156022787,421,6.996389548693584,7.300354964295862,news-clean,0.0,0.0,0,0.0,0,0,-13.140000000002829,-154.0500000000011,0.5197604790419161,835,5f8d0a0c866640b8340f247ed572eb260c26e4a979895e7bc60945c14bb2c5bd,M1
0.1966459942367087,0.21192462646984134,2318.210000000009,4485.899999999989,-51.43000000000234,-81.29000000000087,-51.51000000000272,-82.61000000000058,3969.3295205821146,5864.493172345655,0.9891177474662632,1.4300154041320787,-4020.839520582117,-5947.1031723456545,-8948.944287844515,-13228.140589480445,-1,-2381.090000000012,-4585.369999999988,4014,4103,8114,11.450000000000045,18.179999999998927,ret,ret12,1,R4P-0268,0.0,0.0,3,42840,-0.042144491129785744,4014,0.5931963129048361,0.6353408040346218,42514,-0.06774050900879536,4103,1.117565196197901,1.1853057052066962,raw,0.0,0.0,0,0.0,0,0,-0.08000000000038199,-1.319999999999709,0.00036959467783663914,8117,f24ca15752e87795d6945c24e16f9e55ba58209088612486e4670a7e9a2c8ab5,M1
0.860559585958131,0.8057861918342472,2420.3900000000017,4520.179999999995,-24.169999999995298,-282.38999999999714,-20.859999999995352,-281.25999999999704,793.4916800092041,1255.3118557537641,0.9918646000115051,1.4216442307517148,-814.3516800091994,-1536.5718557537612,-1799.5080170914134,-3095.099136491935,-1,-2473.7900000000013,-4761.809999999998,805,884,1683,29.23000000000434,-40.75999999999385,body,body,1,R4P-0269,0.0,0.0,6,20870,-0.09631049353138457,805,3.0730310559006226,3.169341549432007,20742,-0.1502188795680268,884,5.386662895927599,5.536881775495626,raw,0.0,0.0,0,0.0,0,0,3.3099999999999454,1.1300000000001091,0.003552397868561279,1689,e289d74ff98f9c27c342a1e0e49078c516dcdae387d76891c6ce97a8701529ad,M5
1.6959180786244135,1.6635612994711952,1996.6000000000056,3530.9199999999955,64.74000000000433,517.9900000000048,52.66000000000099,336.170000000001,238.383062926276,358.503293319362,0.9932627621928167,1.439772262326755,-185.72306292627502,-22.333293319361033,-481.686575668241,-467.43158396212806,1,-1930.279999999997,-3014.1499999999974,395,403,489,-1.5800000000042473,1.2200000000066211,sma,sma5,12,R4P-0270,0.0,0.0,309,15385,-0.1618258043548902,395,4.886784810126574,5.048610614481465,15285,-0.3081000981354261,403,7.479280397022326,7.787380495157753,news-clean,0.0,0.0,0,0.0,0,0,-12.080000000003338,-181.8200000000038,0.38721804511278196,798,7eb833ae5e5cb96d71dced018dc86efa9e4dafaa8b9a72a63a1d4352fba1e6cd,M1
1.7015713870352434,1.6534753543518912,1997.5800000000056,3531.0299999999957,65.73000000000457,517.7500000000041,53.65000000000123,326.3199999999997,239.48424703489002,359.91187244315205,0.9937105686095021,1.4396474897726081,-185.8342470348888,-33.591872443152305,-483.1649303820038,-480.43897874418434,1,-1930.259999999997,-3014.099999999998,396,407,491,-1.5900000000040109,0.8200000000065302,sma,sma5,12,R4P-0271,0.0,0.0,312,15384,-0.16183502340093509,396,4.874393939393932,5.036228962794867,15287,-0.3080597893635107,407,7.405651105651101,7.713710895014612,raw,0.0,0.0,0,0.0,0,0,-12.080000000003338,-191.43000000000438,0.38854296388542964,803,15071e6d930e9090bf8d3fb8671490949d0ecb4b3ab3e9e458bd5ba83f796816,M1
0.29088838703716624,0.3357518994409131,2031.9200000000008,4253.0199999999995,40.77000000000476,1143.379999999991,12.499999999998181,368.05999999999904,889.8794456225,1440.585234204716,0.9843799177240045,1.4249112108849813,-877.3794456225019,-1072.525234204717,-1982.205617201252,-2861.077915121223,1,-1980.0399999999956,-3108.6700000000087,2788,3091,1915,-11.110000000000355,-0.9699999999997999,sma,sma10,6,R4P-0272,0.0,0.0,3964,12992,-0.1954625923645308,2788,0.7102008608321362,0.905663453196667,12597,-0.3813471461459077,3091,1.005716596570692,1.3870637427165997,news-clean,0.0,0.0,0,0.0,0,0,-28.270000000006576,-775.319999999992,0.674264330668481,5879,cca9f5766729b4c73f2df477a4af326860c4bd973a4425d6636a59a0611eb6ec,M1
1.068462661235113,0.9216535497267945,2023.7700000000002,3368.0300000000025,115.87000000000307,438.09999999999945,42.54000000000224,188.44000000000142,276.66592860044403,416.295493116184,0.9952011820159857,1.420803730771959,-234.12592860044177,-227.8554931161826,-577.6193760519958,-744.7054525728266,1,-1908.1299999999937,-2928.4999999999986,478,518,571,0.22999999999660758,-1.4300000000043838,rsi,rsi14,3,R4P-0273,0.0,0.0,425,15301,-0.15823279524214115,478,3.9919037656903633,4.150136560932505,15213,-0.30320844014987164,518,5.653474903474901,5.956683343624773,news-clean,0.0,0.0,0,0.0,0,0,-73.33000000000084,-249.65999999999804,0.4267068273092369,996,1458185362326304c1d7bacb7c4cb6fce31ba72ed3a5a833ea483d014f6216c1,M5
1.8589508252726545,1.479211994062966,2428.8899999999967,4217.759999999991,-40.9900000000041,-529.3800000000024,-108.08000000000402,-498.83000000000357,329.197747111312,506.32592334836204,0.9885818231570932,1.4262702066151043,-437.27774711131605,-1005.1559233483656,-845.991858600908,-1633.7827959426327,-1,-2469.140000000004,-4745.419999999991,390,448,688,-0.7399999999968259,-1.7200000000025284,ret,ret1,24,R4P-0274,0.0,0.0,150,9194,-0.21285621057211382,390,6.331128205128215,6.543984415700329,9093,-0.3383657758715503,448,10.592455357142837,10.930821133014387,news-clean,0.0,0.0,0,0.0,0,0,-67.08999999999992,30.549999999998818,0.17899761336515513,838,4e43813d2a2378c8fa30d534e2a3c538528fded9eda940cb4d3410ca5d4ab96d,M5
0.8093746941461125,0.8538235672857457,2422.7600000000007,4488.4999999999945,-21.39999999999918,-310.9899999999989,-18.089999999999236,-309.85999999999876,859.578547615326,1173.103639813804,0.9960353970050128,1.4167918355239177,-877.6685476153252,-1482.9636398138027,-1944.8747637939664,-2939.4256477121166,-1,-2473.5600000000045,-4760.659999999996,868,829,1691,29.40000000000464,-38.829999999996744,body,body,1,R4P-0275,0.0,0.0,6,20967,-0.09580769781084583,868,2.8497235023041525,2.9455312001149982,20958,-0.1469944651207169,829,5.742653799758741,5.889648264879458,raw,0.0,0.0,0,0.0,0,0,3.3099999999999454,1.1300000000001091,0.0035356511490866236,1697,5b579b73a0c9af04460260544ba3a03d87789e082bc192874091c420a1d6fb32,M5
0.12790651193328023,0.08631762699962964,1989.3500000000179,3100.239999999985,7.900000000002365,-6.170000000010987,7.900000000002365,-6.170000000010987,3888.7232506089404,5880.074099498638,0.9869855966012538,1.4327665934450873,-3880.823250608938,-5886.244099498649,-8708.851634190229,-13186.625952518882,1,-1977.5799999999952,-3089.4800000000014,3940,4104,8044,-3.8700000000203545,-16.92999999999438,ret,ret1,1,R4P-0276,0.0,0.0,0,11860,-0.2100084317032042,3940,0.5019238578680191,0.7119322895712232,11632,-0.41040835625859706,4104,0.752797270955166,1.1632056272137632,raw,0.0,0.0,0,0.0,0,0,0.0,0.0,0.0,8044,529f5ad81c3d8cabfb1416ab60452d5739fcdccc62633d9ad61d5144c5dcf9f5,M5
2.851230948181033,2.1006168238137657,2471.980000000002,4424.359999999989,57.50999999999385,-243.01999999999816,-12.720000000005257,-209.87999999999874,255.698443277808,386.204503973832,0.9910792375108837,1.4095054889555914,-268.41844327781325,-596.0845039738308,-585.8797956001413,-1075.5751206822429,-1,-2412.420000000005,-4666.2699999999895,340,387,532,-2.0500000000029104,-1.109999999996944,ret,ret6,12,R4P-0277,0.0,0.0,195,15440,-0.1200136010362705,340,7.095352941176485,7.215366542212756,15301,-0.19417750473825238,387,12.057545219638216,12.251722724376469,news-clean,0.0,0.0,0,0.0,0,0,-70.22999999999911,33.13999999999942,0.26822558459422285,727,6686ec62cbd9063e73548d1fed8760c7d006c8a91550a728b722027417e292c3,M1
1.307966341866903,1.3107769195533852,2357.960000000006,4504.729999999992,-122.61999999999921,-388.6099999999983,-77.29999999999723,-388.26999999999634,393.95691460822,716.285290413578,0.9923347975018136,1.4297111585101356,-471.25691460821724,-1104.5552904135743,-960.3725044869873,-1993.8563526860974,-1,-2473.2100000000046,-4759.609999999995,486,604,898,-7.370000000000573,-133.72999999999593,body,body,6,R4P-0278,0.0,0.0,192,15008,-0.13422108208955308,486,5.088909465020586,5.223130547110139,14870,-0.20945796906523148,604,7.880149006622508,8.08960697568774,news-clean,0.0,0.0,0,0.0,0,0,45.32000000000198,0.3400000000019645,0.1761467889908257,1090,7d4786aa36c267aa13493d7ddfdea88bb3631ff94c5ed662c3039e6dc5ac9622,M5
1.8452140248133562,2.3367258949263494,2387.3800000000056,4705.039999999997,-92.13000000000011,-248.14999999999964,-67.77999999999815,-234.6599999999994,268.482014014892,403.25041580852405,0.9907085388003395,1.4149137396790317,-336.26201401489016,-637.9104158085235,-669.5947562670121,-1138.5643144383575,-1,-2480.6600000000053,-4761.859999999999,332,324,556,1.1499999999996362,-191.3299999999981,body,body,3,R4P-0279,0.0,0.0,100,2855,-0.7132014010507884,332,7.471867469879534,8.185068870930323,2889,-1.0740844582900622,324,14.697098765432095,15.771183223722158,raw,0.0,0.0,0,0.0,0,0,24.350000000001955,13.490000000000236,0.1524390243902439,656,e7780f3f10b22370d5810d1e3ffc7b6fe0ff4c00a5c6719fae3f63432c7958bf,M5
0.2425346996938821,0.2246930541915468,1766.0699999999993,2809.870000000001,-6.009999999999991,279.58999999999696,-6.009999999999991,281.07999999999674,1753.883384138414,2400.654107486488,0.9931389491157496,1.4113192871760658,-1759.8933841384141,-2119.5741074864914,-3937.420097797863,-5100.0963559892,1,-1769.6299999999967,-2533.630000000004,1766,1702,3467,-2.4500000000025466,3.350000000000364,sma,sma100,1,R4P-0280,0.0,0.0,1,14034,-0.1626585435371244,1766,1.0020554926387297,1.1647140361758541,14034,-0.3005572181844095,1702,1.4886192714453608,1.7891764896297704,raw,0.0,0.0,0,0.0,0,0,0.0,1.4899999999997817,0.0002883506343713956,3468,10c6fd9f8691bcbf93f33e0000bbf9926300398701ad303f9de05faad7316a13,M5
0.7626499019856546,0.5958951494720872,2627.2400000000002,4747.239999999995,54.48000000000661,-169.33999999999332,47.46000000000731,-172.3599999999933,1087.713365513556,1762.592472601304,0.9861408572199057,1.422592794674176,-1040.2533655135487,-1934.9524726012974,-2390.6994278609945,-4123.291919805862,-1,-2419.189999999995,-4695.390000000004,1120,1248,2342,-153.56999999999857,-221.1899999999846,ret,ret6,1,R4P-0281,0.0,0.0,26,14337,-0.1361972518658021,1120,2.159991071428567,2.296188323294369,14170,-0.21635215243472175,1249,3.7593114491593305,3.9756636015940523,raw,0.0,0.0,0,0.0,0,0,-7.0199999999993,-3.019999999999982,0.010970464135021098,2370,6125f664d5100b7e778888f1ba8b42a7a77471f9b75fb23abc90f4ca8f65f776,M5
0.8768159942818204,0.71175575624251,1952.0999999999963,3324.1699999999946,18.599999999999454,364.7399999999989,-17.89999999999941,243.27000000000135,393.97626902506005,675.418124089422,0.9948895682451011,1.4219328928198358,-411.8762690250594,-432.1481240894207,-901.0158881127694,-1270.7107218273977,1,-1934.519999999999,-2956.5799999999967,543,672,871,1.0200000000022555,-2.8499999999989996,ret,ret3,3,R4P-0282,0.0,0.0,344,9041,-0.2706182944364548,543,3.562651933701656,3.833270228138111,8872,-0.5213503155996372,672,4.399672619047614,4.921022934647251,raw,0.0,0.0,0,0.0,0,0,-36.49999999999886,-121.46999999999753,0.2831275720164609,1215,62235e888937653a162ca0f07ad0e05bc55e0bab93efed36c82f239a7c5707ea,M5
0.7118315004892268,0.529712411123512,2091.7599999999984,4290.069999999996,-77.7200000000023,-139.0,-67.04999999999927,-166.35000000000173,411.03109224387003,837.2195960028901,0.995232668871356,1.4335951986350857,-478.0810922438693,-1003.5695960028918,-988.3950572224143,-2043.0161480880067,-1,-2169.8499999999976,-4432.6400000000085,852,1273,997,0.369999999996935,3.570000000012442,sma,sma50,3,R4P-0283,0.0,0.0,1128,14927,-0.11099752127018088,852,2.5467723004694807,2.6577698217396617,14458,-0.1900975238622223,1273,3.4820424194815462,3.6721399433437685,news-clean,5.810633403761927,9.829999999999927,4,0.004012036108324975,2,2,10.670000000003029,-27.350000000001728,0.5308235294117647,2125,e87f219f919cc8a9236666e857158790909c772f23746ff41124747c0a8d2d51,M5
2.0647467168769102,2.293944365164614,2450.0000000000027,4602.509999999994,-32.899999999999636,-147.97999999999774,-34.88999999999896,-152.91999999999734,295.207388598846,450.98040117408806,0.9873156809325954,1.4049233681435764,-330.097388598845,-603.9004011740853,-696.610909819806,-1163.8132668833935,-1,-2484.0900000000056,-4724.569999999998,315,326,620,1.1900000000032378,-25.91999999999416,sma,sma5,1,R4P-0284,0.0,0.0,21,2870,-0.7106480836236938,315,7.886000000000018,8.596648083623712,2887,-1.061912019397294,326,14.492546012269932,15.554458031667226,news-clean,0.0,0.0,0,0.0,0,0,-1.989999999999327,-4.9399999999996,0.0327613104524181,641,dde8fa14e4802366ec727b93f2373070d0fba7f38c54592b5b91d4cfbfaa5881,M5
1.7598835715426537,1.6467593025100355,2419.5300000000043,4662.009999999993,-71.95000000000437,-163.8299999999981,-51.190000000002556,-183.5299999999952,277.629490961666,461.969747626942,0.9915338962916643,1.4258325544041421,-328.8194909616686,-645.4997476269372,-673.5092456024996,-1219.0563913962342,-1,-2447.240000000003,-4709.759999999998,393,442,604,-44.240000000005466,-116.07999999999356,sma,sma5,3,R4P-0285,0.0,0.0,231,8885,-0.2240236353404623,393,6.227073791348608,6.45109742668907,8841,-0.3464540210383433,442,10.655565610859725,11.002019631898069,news-clean,0.0,0.0,0,0.0,0,0,20.76000000000181,-19.69999999999709,0.27664670658682633,835,d7824f66919042eb2b525d173b6a802c45f6a43b0ee6801d094ee2ac372ea329,M5
1.0590856032609233,0.8027193919530105,2528.5199999999977,4744.439999999995,-43.329999999994016,-171.2499999999941,-50.349999999993315,-174.10999999999376,748.4677082804901,1314.015414093754,0.9835318111438767,1.4220946039975693,-798.8177082804833,-1488.1254140937478,-1728.0747182371983,-3119.535856296887,-1,-2416.2899999999986,-4702.100000000006,778,931,1685,-155.55999999999335,-213.58999999998332,ret,ret6,1,R4P-0286,0.0,0.0,24,8465,-0.2327832250442985,778,3.105771208226219,3.3385544332705175,8312,-0.36840230991337924,932,5.045160944206015,5.413563254119394,raw,0.0,0.0,0,0.0,0,0,-7.0199999999993,-2.8599999999996726,0.014026884862653419,1711,1f2a37b2084b906e095d0c0ba30edeea628515b11a55d4d3916356ff0aaa7dba,M5
1.465944318976492,1.1124067915921185,1831.7800000000009,2809.560000000001,-14.669999999997344,123.35999999999831,-14.669999999997344,122.98999999999842,367.39739657053804,581.5562222778141,0.987627410135855,1.371594863862769,-382.0673965705354,-458.5662222778156,-838.2081256924183,-1180.5949616251646,1,-1846.6499999999999,-2699.460000000001,372,425,796,0.2000000000016371,13.2599999999984,sma,sma50,1,R4P-0287,0.0,0.0,1,15408,-0.15615654205607402,372,4.964112903225806,5.12026944528188,15263,-0.2879263578588739,425,6.351670588235296,6.63959694609417,news-clean,0.0,0.0,0,0.0,0,0,0.0,-0.36999999999989086,0.0012547051442910915,797,15f6df9c59925f97681257f84808dc253f0ef8c49295aef6f637b6fe752c502f,M1
1.3648887974752768,0.9627762943422559,2493.4900000000034,3878.879999999995,8.679999999999382,-898.6099999999997,-33.44000000000301,-750.1899999999964,339.91809070681603,586.700426040266,0.9852698281356986,1.4379912402947697,-373.35809070681904,-1336.8904260402624,-795.382000530675,-2065.3059332061935,-1,-2482.980000000003,-4776.689999999994,525,646,753,-1.830000000001064,-0.8000000000006366,body,body,12,R4P-0288,0.0,0.0,418,9059,-0.21755602163594367,525,4.729485714285721,4.9470417359216645,8895,-0.34941315345699947,646,7.394256965944264,7.743670119401263,news-clean,0.0,0.0,0,0.0,0,0,-42.12000000000239,148.42000000000326,0.3569598633646456,1171,fa5d4012c8146d82861e07e3945f518a8bfc0c0d8d7321cc0e2b9a1af51a2cc4,M5
0.9544678784325639,1.0771192675563726,2383.6100000000015,4657.01,-71.05999999999744,-222.09999999999764,-55.0599999999979,-154.53999999999814,555.766119437084,913.2686366763561,0.987151189053435,1.4269822448068064,-610.826119437082,-1067.8086366763541,-1300.835263066876,-2201.6735628936003,-1,-2467.9300000000003,-4744.730000000002,660,746,1203,13.260000000001355,-134.37999999999602,ret,ret1,6,R4P-0289,0.0,0.0,203,21013,-0.09502831580450273,660,3.7392878787878794,3.834316194592382,20865,-0.14935106637910409,746,6.360227882037536,6.509578948416641,raw,0.0,0.0,0,0.0,0,0,15.999999999999545,67.55999999999949,0.14438122332859174,1406,e31ddf1420fe8bb2022520ea4ad336662c1311ba48dca8b470df432c5469e717,M5
2.7207817254615057,2.461275745661375,1886.6300000000015,2688.1299999999997,114.24000000000342,150.38000000000102,33.60000000000218,66.81000000000131,95.44497583296001,119.62372463646601,1.0046839561364211,1.4073379368996002,-61.84497583295782,-52.8137246364647,-180.34429354831784,-201.3320685390957,1,-1771.1200000000008,-2537.2200000000003,169,143,180,-1.2699999999972533,-0.5299999999983811,sma,sma100,6,R4P-0290,0.0,0.0,132,3199,-0.7131072210065624,169,10.480000000000004,11.193107221006567,3209,-1.3112683078840717,143,17.742797202797206,19.054065510681276,raw,0.0,0.0,0,0.0,0,0,-80.64000000000124,-83.56999999999971,0.4230769230769231,312,0022b29773d4c1120b4869a8923b00b698b6c2780ca870fc3a0bad783f5d824e,M5
0.4777177055010918,0.49908752865411604,2491.159999999998,4717.339999999999,-17.00999999999999,-14.190000000003693,-18.999999999999318,-20.160000000003038,1415.6718822266,2150.8956579882242,0.9879078033681786,1.4263233806287958,-1434.6718822265993,-2171.0556579882273,-3192.2934945196994,-4841.491330047012,-1,-2487.130000000002,-4728.740000000005,1449,1515,2941,-21.0399999999961,-2.789999999997235,sma,sma5,1,R4P-0291,0.0,0.0,23,20224,-0.09968502768987429,1449,1.7164458247066956,1.8161308523965698,20096,-0.1542705015923572,1515,3.1212805280528086,3.275551029645166,raw,0.0,0.0,0,0.0,0,0,-1.989999999999327,-5.969999999999345,0.00775978407557355,2964,81280a884d4f2a810c49f55edec520e24bebba2fc19382400ec1d07eb5ce9cc6,M5
1.0943243295841119,0.8000931674344982,2560.9600000000037,4449.88,-6.319999999998117,-125.25999999999522,-6.889999999997826,-118.22999999999502,732.417888699646,1211.1303157955222,0.9804791013382143,1.423184859924233,-739.3078886996439,-1329.360315795517,-1648.6383109234048,-2833.034186504844,-1,-2449.290000000001,-4716.189999999997,756,858,1598,-117.99000000000092,141.050000000002,rsi,rsi7,1,R4P-0292,0.0,0.0,16,20917,-0.09457331357269287,756,3.2398015873015886,3.3343749008742813,20753,-0.14878186286320058,858,5.496724941724938,5.645506804588139,raw,0.0,0.0,0,0.0,0,0,-0.569999999999709,7.0300000000002,0.009913258983890954,1614,0d11b69d5247943939ac67e229d42f2960370f99c480d12ae63a2147b0dc10d7,M5
2.4137618888518593,2.040869987548748,2397.990000000003,4262.59999999999,-22.14000000000101,-432.32999999999856,-69.2400000000016,-351.39999999999964,182.283028476936,306.94323955196,0.9853136674428974,1.427642974660279,-251.5230284769376,-658.3432395519596,-477.8357741962136,-1039.4273593338196,-1,-2419.240000000002,-4693.299999999992,290,350,400,-0.890000000001919,-1.6299999999973807,sma,sma10,12,R4P-0293,0.0,0.0,240,9294,-0.2051969012265992,290,8.342206896551732,8.547403797778331,9191,-0.3290871504732899,350,13.409428571428549,13.73851572190184,news-clean,0.0,0.0,0,0.0,0,0,-47.10000000000059,80.92999999999893,0.375,640,1715e80b7b332ee698280f1745899a45ba57f45551abeba590127127cbef4eeb,M5
0.47450744649604293,0.3937214611745221,2207.07,4193.409999999999,10.81999999999789,-91.39999999999964,10.81999999999789,-90.23999999999933,1674.616536704852,2904.586119126336,0.9956103071967015,1.4329482580791002,-1663.7965367048541,-2994.8261191263355,-3742.909821371836,-6601.003088568512,-1,-2198.440000000002,-4297.490000000009,1682,2028,3709,2.1899999999996,12.680000000010295,sma,sma50,1,R4P-0294,0.0,0.0,1,45172,-0.0359253519879574,1682,1.3070392390011902,1.3429645909891477,44578,-0.058147516712278385,2028,2.119077909270221,2.1772254259824995,news-clean,0.0,0.0,0,0.0,0,0,0.0,1.1600000000003092,0.00026954177897574127,3710,5f46402aaa2cdb926a3d44e78a4e51b9a8cef84c7db2e2a76859fc3d2298e391,M1
3.439002876461821,3.6920411693075548,2366.7000000000025,4786.099999999997,-83.05000000000359,-119.51999999999998,-50.51000000000249,-167.9799999999982,154.235544820714,245.815870195172,0.9886893898763719,1.4127348861791496,-204.7455448207165,-413.7958701951702,-396.2360523182155,-718.9875549782722,-1,-2419.810000000003,-4724.469999999999,194,214,330,-29.940000000002556,-181.14999999999736,sma,sma10,3,R4P-0295,0.0,0.0,78,2993,-0.6599866354827928,194,12.473247422680428,13.133234058163222,2999,-1.0222207402467454,214,22.076962616822428,23.099183357069172,raw,0.0,0.0,0,0.0,0,0,32.5400000000011,-48.45999999999822,0.19117647058823528,408,0405ac5daa805d82d2fc24b3dfb7e0d2ad01e913f0979cdf865e3953b85e0cf5,M5
0.6366725746374904,0.8409341821198919,2024.8000000000025,4584.660000000005,56.560000000010405,1490.7399999999966,40.330000000003565,419.41000000000076,432.04668015353803,713.880657222826,0.9886651719760595,1.4249114914627266,-391.71668015353447,-294.47065722282525,-928.1224616659175,-1180.7862544777163,1,-1968.2399999999939,-3091.560000000007,1270,1402,938,1.8189894035458565e-12,-2.3600000000014916,sma,sma10,12,R4P-0296,0.0,0.0,1734,14510,-0.17420055134389953,1270,1.5497952755905464,1.723995826934446,14292,-0.33492653232577646,1402,2.2051069900142704,2.540033522340047,raw,0.0,0.0,0,0.0,0,0,-16.23000000000684,-1071.3299999999958,0.6489520958083832,2672,9151d9725f8c8405753f0f047f2a2c4306c138524afa3b8d6deeb37579255090,M1
0.23045693371910578,0.20991816795085402,2457.709999999982,4591.339999999997,21.470000000007985,-121.93000000001575,21.470000000007985,-121.86000000001559,4016.330282219942,5813.353613330604,0.9890003157399513,1.4283424111377405,-3994.860282219934,-5935.213613330619,-8981.31865186473,-13152.758921087734,-1,-2450.269999999992,-4724.100000000011,4061,4073,8131,14.030000000018163,10.829999999998108,ret,ret6,1,R4P-0297,0.0,0.0,3,42793,-0.043807398406281436,4061,0.6033661659689712,0.6471735643752526,42533,-0.07097336186020145,4073,1.1598575988215103,1.2308309606817118,news-clean,0.0,0.0,0,0.0,0,0,0.0,0.07000000000016371,0.0003688222276862552,8134,39d24288117c46559203a95f374af9697727250b1554e60695d2393c8b5acd42,M1
0.9697132044184132,0.9714757711973081,2481.5600000000063,4751.570000000001,-66.1299999999876,-162.11999999999216,-65.33999999998764,-158.95999999999276,771.889367071476,1223.701668042544,0.9921457160301749,1.421256292732339,-837.2293670714637,-1382.6616680425368,-1795.5654413716297,-2901.943449641441,-1,-2481.1700000000037,-4766.299999999998,791,864,1639,-66.51999999999043,-147.38999999999442,body,body,1,R4P-0298,0.0,0.0,16,8452,-0.24081755797444293,791,3.136750948166882,3.377568506141325,8380,-0.37307517899761344,864,5.516550925925924,5.889626104923537,raw,0.0,0.0,0,0.0,0,0,0.7899999999999636,3.1599999999993997,0.009667673716012085,1655,cccd05efbb6722a42fb469205ac442324c9a7ff01845efdfe61f6cd9f28bd827,M5
2.558760322226976,2.162373690109041,1892.1800000000012,2967.850000000001,63.31999999999948,277.60999999999694,23.00999999999908,101.49999999999727,127.746595137786,176.27902635790002,1.0138618661729049,1.3990398917293652,-104.73659513778692,-74.77902635790275,-263.33985569503795,-293.6375273605527,1,-1828.8399999999974,-2689.470000000001,177,190,252,-0.02000000000430191,-0.7700000000027103,sma,sma20,3,R4P-0299,0.0,0.0,115,9407,-0.24885510789837215,177,10.332429378531058,10.58128448642943,9351,-0.46606031440487483,190,14.155105263157902,14.621165577562776,news-clean,0.0,0.0,0,0.0,0,0,-40.3100000000004,-176.10999999999967,0.3133514986376022,367,79ff8093ec8dc640ea925e79de5289ecb123a793f26255aaf6e6f197a0d4612b,M5
2.7400227192518263,2.079935561801476,2043.4600000000057,3262.449999999996,134.49000000000433,329.9700000000039,22.210000000002992,92.07000000000289,122.963636578906,196.60841978110201,1.0078986604828362,1.4246986940659567,-100.75363657890301,-104.53841978109912,-253.418634580074,-348.63679573995614,1,-1908.5099999999977,-2931.5999999999995,179,217,260,-0.46000000000367436,-0.8799999999928332,rsi,rsi14,6,R4P-0300,0.0,0.0,136,9405,-0.25737905369484176,179,10.662067039106132,10.919446092800975,9327,-0.4932389835960099,217,13.509677419354837,14.002916402950847,raw,0.0,0.0,0,0.0,0,0,-112.28000000000134,-237.900000000001,0.3434343434343434,396,4f063298a7bf42871919a395a65fde4da6e06c7c10489eca91e6a13965138d86,M5
2.5317428721661046,2.0490343741505574,1659.1600000000003,2583.1299999999983,36.66000000000213,110.38999999999851,11.800000000002228,67.57999999999902,103.69830598348001,144.171761485388,0.9970990959950001,1.4134486420136079,-91.89830598347777,-76.591761485389,-220.64451192565778,-255.587619734247,1,-1621.569999999998,-2471.2200000000016,156,163,206,-0.930000000000291,-1.5199999999981628,ret,ret48,3,R4P-0301,0.0,0.0,113,3212,-0.6636612702366097,156,10.394679487179474,11.058340757416083,3189,-1.2987958607713979,163,15.160858895705532,16.45965475647693,raw,0.0,0.0,0,0.0,0,0,-24.8599999999999,-42.80999999999949,0.3542319749216301,319,a845efa2f144a875d04483d78779815ba458e4bedaa4110434824c58a1ae908b,M5
1.0005947785273421,1.0867130854006686,2414.920000000011,4729.91,-65.38999999999919,-231.02999999999247,-49.26999999999725,-229.32999999999493,493.774589498978,830.7106922310621,0.9955132852801976,1.4248896950790089,-543.0445894989753,-1060.040692231057,-1156.0884036703983,-2091.406141764774,-1,-2480.1700000000083,-4771.32,602,694,1079,-0.14000000000191903,-189.61999999999216,body,body,3,R4P-0302,0.0,0.0,217,8694,-0.23269956291695562,602,4.119883720930246,4.352583283847202,8601,-0.3632484594814549,694,6.875100864553314,7.238349324034769,raw,0.0,0.0,0,0.0,0,0,16.120000000001937,1.6999999999975444,0.16743827160493827,1296,7e8c773276cbb7d78fd528155a669fd46e760856eb6da8c460b388735a0eb5b2,M5
0.9551707716673973,0.7958571407662899,2042.980000000005,3623.659999999991,104.17000000000098,661.8500000000054,12.0799999999997,318.2100000000032,372.67818388308797,639.892191964506,0.9938084903549013,1.428330785635058,-360.5981838830883,-321.6821919645028,-823.2952527238963,-1116.1377143152738,1,-1934.519999999999,-2956.5799999999967,543,672,823,-4.290000000004966,-5.229999999989104,ret,ret3,6,R4P-0303,0.0,0.0,392,9041,-0.2706182944364548,543,3.562651933701656,3.833270228138111,8872,-0.5213503155996372,672,4.399672619047614,4.921022934647251,raw,0.0,0.0,0,0.0,0,0,-92.09000000000128,-343.64000000000215,0.3226337448559671,1215,3b6bcd879b84fcc07880f4f76b540bda4b8dbbd39a1a642b6a2eba8ab12c76ed,M5
0.886132790147784,0.6626749866438878,2320.7899999999977,4211.849999999989,50.82000000000198,-47.79999999999836,48.970000000002074,-47.729999999998654,806.7726156814421,1394.6096053568222,0.9862745912976064,1.42017271421265,-757.80261568144,-1442.3396053568206,-1759.447843691487,-3173.811434380698,-1,-2192.4300000000007,-4238.959999999999,824,985,1800,-77.53999999999496,-20.68999999998914,ret,ret12,1,R4P-0304,0.0,0.0,9,20851,-0.0829044170543377,824,2.660716019417477,2.7436204364718146,20641,-0.1256232740661796,985,4.303512690355329,4.4291359644215085,raw,0.0,0.0,0,0.0,0,0,-1.849999999999909,0.06999999999970896,0.004975124378109453,1809,efb5d2433e1656e8fef3ba46d957b8a64d2d90b0300cc34b50ec4424fb1e64b3,M5
1.0076733371808402,1.0779997225611995,2422.7400000000107,4723.329999999999,-57.669999999999845,-238.06999999999198,-43.889999999998054,-236.07999999999447,492.47552373144606,835.292573070512,0.9949000479423152,1.425413947219304,-536.3655237314441,-1071.3725730705064,-1147.796488116505,-2108.4266379672986,-1,-2480.2900000000086,-4771.48,600,698,1081,-0.12000000000193722,-189.91999999999143,body,body,3,R4P-0305,0.0,0.0,217,8678,-0.2331758469693493,600,4.133816666666681,4.36699251363603,8585,-0.3639743739079784,698,6.83593123209169,7.1999056059996684,news-clean,1.6387800238922,2.7800000000002,1,0.0009250693802035153,1,0,13.780000000001792,1.989999999997508,0.16718027734976887,1298,e20014d38c2b0679b4123021dd727b98076901b8b97c90d04c18aece381b29f4,M5
3.0549909007434497,2.9784588073980824,2316.02,4033.359999999995,-152.78000000000065,-711.7400000000057,-100.9299999999987,-534.9100000000044,164.314184451302,245.084881258874,0.983917272163485,1.4166756142131445,-265.2441844513007,-779.9948812588784,-469.2477857558577,-1084.2790108899374,-1,-2467.680000000003,-4740.169999999998,207,214,340,-1.1199999999973898,-4.930000000002565,ret,ret1,24,R4P-0306,0.0,0.0,81,2978,-0.6793653458697108,207,11.92115942028987,12.60052476615958,2999,-1.0274558186061984,214,22.15032710280373,23.17778292140993,news-clean,0.0,0.0,0,0.0,0,0,51.850000000001955,176.8300000000013,0.19239904988123516,421,825c5594ea46a88b8494d62c8096bdeae5e5c7619dbde42e2d7101c2de136dc7,M5
2.8705105541900626,2.6483146575884753,1853.279999999998,2908.59,-14.929999999998472,102.27999999999884,-14.929999999998472,102.27999999999884,194.054159990902,250.531801776808,1.000279175210835,1.4074820324539776,-208.98415999090048,-148.25180177680917,-449.9113055340575,-459.29853119563717,1,-1869.1399999999983,-2816.7900000000013,194,178,372,0.9300000000018827,10.480000000000018,sma,sma20,1,R4P-0307,0.0,0.0,0,15586,-0.15581611702810128,194,9.634742268041228,9.790558385069328,15510,-0.29090586718246236,178,15.824662921348322,16.115568788530783,news-clean,0.0,0.0,0,0.0,0,0,0.0,0.0,0.0,372,6c72df52c9ca4bd355bc52bda4f3ebddc707e6f0f40d61620a32aa14e927163e,M1
1.2949247573845044,1.228808996492641,2325.2800000000047,4644.599999999996,-167.3100000000029,-180.88999999999442,-93.9100000000019,-197.54999999999336,345.55496782147407,592.5442919465701,0.9872999080613545,1.4243853171792549,-439.4649678214759,-790.0942919465634,-868.4873194716349,-1525.7652250845583,-1,-2448.210000000002,-4710.109999999999,507,584,766,-44.38000000000602,-115.37999999999147,sma,sma5,3,R4P-0308,0.0,0.0,325,14952,-0.1329186730872125,507,4.8288165680473405,4.961735241134553,14850,-0.20693468013468141,584,8.065256849315066,8.272191529449747,raw,0.0,0.0,0,0.0,0,0,73.400000000001,-16.659999999998945,0.29789184234647115,1091,141cf67bc9de1fbf8cf7c8bd195159fbec9d5a5367ff778203aae533f2cb27e5,M5
0.3444573461984865,0.3368772009296113,2177.4900000000007,4182.579999999999,-69.73000000000184,-205.93999999999141,-49.92000000000303,-205.2599999999943,767.152859289888,1202.198375627364,0.9885990454766599,1.4449499707059663,-817.0728592898911,-1407.4583756273585,-1769.528341754499,-2900.0428329731326,-1,-2246.769999999997,-4388.399999999998,1878,2013,1608,-0.45000000000550244,-0.11999999999216016,sma,sma100,3,R4P-0309,0.0,0.0,2283,7706,-0.22510121982870593,1878,1.196363152289668,1.421464372118374,7528,-0.36128320935175534,2013,2.1800298062593133,2.5413130156110686,news-clean,0.0,0.0,0,0.0,0,0,19.80999999999881,0.6799999999971078,0.5867386276021588,3891,afefb3d530aba63746823653b0af2337d8288f6dbb3efb38512eb681cbda0c73,M5
2.6399644253142225,2.1485446378963355,2354.970000000002,4283.619999999998,109.52999999999838,-134.12000000000262,-32.40000000000077,-155.2199999999998,225.15377584536,322.271651377308,0.9875165607252632,1.407299787673834,-257.5537758453608,-477.4916513773078,-537.0925218041208,-877.6066972978858,-1,-2244.350000000005,-4420.249999999994,331,372,457,-1.0899999999987813,2.5099999999929423,ret,ret12,12,R4P-0310,0.0,0.0,246,15449,-0.10906466437957257,331,6.780513595166178,6.88957825954575,15322,-0.17785145542357422,372,11.882392473118262,12.060243928541837,raw,0.0,0.0,0,0.0,0,0,-141.92999999999915,-21.09999999999718,0.34992887624466573,703,0e646693baab6ce5560d3cc6a34b1be2ba9a7eb2f7cf55ac1fd190b0fbcc66b9,M1
0.4604748616797817,0.44568227208522443,2497.6000000000013,4600.299999999994,-11.1599999999994,-157.90000000000555,-13.149999999998727,-162.8700000000049,1473.25242016841,2341.114199238018,0.9874345979681033,1.4275086580719623,-1486.4024201684088,-2503.984199238023,-3315.512912882844,-5410.584920546086,-1,-2486.600000000004,-4727.68,1508,1646,3132,-22.159999999996444,-30.519999999999982,sma,sma5,1,R4P-0311,0.0,0.0,22,20046,-0.10082111144368044,1508,1.6489389920424429,1.7497601034861234,19844,-0.1557936907881477,1646,2.8722235722964764,3.028017263084624,news-clean,-35.814069912666504,-16.19000000000051,16,0.005108556832694764,8,8,-1.989999999999327,-4.969999999999345,0.006975269499048827,3154,5f1b92932c2074d42444a175ea93063f91b93d4a6543eac81f71a1939af3d28a,M5
0.9581167451587616,0.7753530059763533,2569.630000000002,4384.640000000001,27.100000000001046,-236.02999999999247,31.780000000001337,-235.8899999999926,862.827596775508,1242.0719804402459,0.995187539533458,1.411445432318461,-831.0475967755067,-1477.9619804402387,-1902.2876564397848,-3020.0513482060996,-1,-2337.5699999999974,-4539.430000000008,873,883,1747,-204.96000000000367,-81.23999999998614,ret,ret6,1,R4P-0312,0.0,0.0,9,20939,-0.08944457710492366,873,2.6776288659793783,2.767073443084302,20899,-0.13683238432460862,883,5.140917327293327,5.277749711617935,news-clean,0.5404961649004547,3.5000000000004547,3,0.0017172295363480253,2,1,4.680000000000291,0.13999999999987267,0.005125284738041002,1756,b9c529dbfd734bf3417a0be017ba4f378da96a5ba63c9299e276c1e03532df87,M5
0.16860346976828894,0.19028112057452767,2454.199999999994,4645.440000000004,18.909999999998035,-59.09000000000742,18.909999999998035,-59.09000000000742,5327.2496198435265,6870.744142912726,0.9901950966251908,1.4219255262650508,-5308.339619843528,-6929.834142912734,-11922.36451012087,-15460.178320532275,-1,-2443.0600000000177,-4723.420000000015,5380,4832,10212,7.770000000021582,18.89000000000351,sma,sma10,1,R4P-0313,0.0,0.0,0,103556,-0.01804482598787093,5380,0.4541003717472152,0.4721451977350861,103687,-0.028461330735771208,4832,0.9775289735099368,1.0059903042457081,news-clean,-2.341572720588073,-0.42000000000007276,2,0.00019584802193497845,1,1,0.0,0.0,0.0,10212,784b576377443dad3d233fbdedff1b6b52918071dd0a275089994d92809d1728,M1
1.4752453377650723,1.49503702887341,1833.8499999999992,3046.3200000000024,-13.570000000000391,332.02000000000317,-7.5700000000006185,103.08999999999605,156.825644680598,238.63882998567402,0.9863248093119371,1.3874350580562442,-164.39564468059862,-135.54882998567797,-359.1018798876916,-431.82988911053695,1,-1846.5600000000002,-2705.1300000000006,376,434,331,-0.8599999999994452,-9.169999999998709,sma,sma50,6,R4P-0314,0.0,0.0,479,15404,-0.1561912490262262,376,4.911063829787235,5.067255078813461,15260,-0.28835779816513696,434,6.2330184331797245,6.5213762313448616,raw,0.0,0.0,0,0.0,0,0,5.999999999999773,-228.9300000000071,0.591358024691358,810,53c27828aca7eae0f723f7826f8e8394a37e729c3911b7eb8374691ab9d7875e,M1
0.59491690308136,0.6399054578124952,2387.579999999998,5008.179999999995,412.4599999999987,1926.279999999991,76.79000000000269,409.3699999999958,592.355118402494,920.7441407368821,0.9889067085183539,1.4297269266100654,-515.5651184024913,-511.37414073688626,-1251.0011830362203,-1654.5202465409732,1,-1974.4199999999987,-3085.509999999997,1161,1350,1243,-0.7000000000005002,3.609999999993761,ret,ret1,12,R4P-0315,0.0,0.0,1268,8423,-0.2952107325181037,1161,1.7006201550387585,1.9958308875568622,8191,-0.5804138688804763,1350,2.2855629629629606,2.8659768318434367,news-clean,0.0,0.0,0,0.0,0,0,-335.669999999996,-1516.9099999999953,0.5049780963759458,2511,7029492814f499efef77b0062d6035b7c74f3b831d2b9dcaf84c85036559cc2a,M5
1.4895529621268582,1.3494776804383855,2400.420000000002,4920.7299999999905,-68.92000000000257,14.11000000000422,-78.74000000000228,-138.7799999999943,284.672369990236,547.688648354292,0.988445729132764,1.4262725217559689,-363.4123699902383,-686.4686483542863,-716.8461822560643,-1366.4492411943083,-1,-2420.0600000000013,-4728.529999999997,461,610,672,-49.2800000000027,-178.08999999998832,sma,sma10,3,R4P-0316,0.0,0.0,399,15033,-0.13046231623761123,461,5.24958785249458,5.380050168732191,14864,-0.20745156081808358,610,7.7516885245901594,7.959140085408243,news-clean,0.0,0.0,0,0.0,0,0,-9.819999999999709,-152.8899999999985,0.37254901960784315,1071,7d1c8c53041c5f1c93148ba993314897efc809b9ccaa1bea8d1103b96130274d,M5
0.7295205060352156,0.728532963737938,2319.8200000000074,4365.189999999999,-164.01000000000136,-465.5600000000013,-163.36000000000172,-410.0800000000013,776.848871928704,1192.894992754112,0.9921441531656502,1.4235023779882006,-940.2088719287058,-1602.9749927541134,-1904.7023994291699,-3084.0088739435055,-1,-2466.660000000001,-4744.76,877,935,1621,-17.170000000007576,-85.99000000000024,ret,ret1,3,R4P-0317,0.0,0.0,191,20730,-0.09662904003859123,877,2.8126111744583824,2.9092402144969736,20628,-0.15022687609075114,935,5.074609625668449,5.2248365017592,news-clean,-30.754867917827074,-27.019999999999072,3,0.001850709438618137,2,3,0.6499999999996362,55.48000000000002,0.1054083885209713,1812,6e8fdd24d19d2e8a93342cf1d2a52c6c85bd2c8f1b1805658b1b7fe01fddc894,M5
1.2984918765204876,1.0654927808332497,1869.8899999999987,3122.820000000002,-26.66999999999871,217.08999999999924,-23.39999999999918,148.86000000000058,285.90458709276,456.35263449159606,0.9961832302883623,1.412856453534353,-309.30458709275916,-307.4926344915955,-664.2682532674193,-874.0753734621815,1,-1898.1299999999974,-2902.8999999999987,348,409,610,1.5699999999999363,-2.83000000000402,ret,ret3,3,R4P-0318,0.0,0.0,147,9236,-0.2609647033347755,348,5.45439655172413,5.715361255058906,9132,-0.5006088480070064,409,7.097555012224936,7.598163860231942,news-clean,0.0,0.0,0,0.0,0,0,3.269999999999527,-68.22999999999865,0.19418758256274768,757,32f95fe9831a3dac3ecb0ea84e1eb0c82276164f586dddc129cdeec7ab0a8649,M5
0.43757298971103786,0.3487284101207093,2418.3699999999862,4879.119999999999,-62.21000000001209,89.35000000000673,-46.82000000000926,-145.96000000000095,910.459360865548,1435.987752504344,0.9917857961498344,1.4359877525043439,-957.2793608655574,-1581.947752504345,-2087.656441894975,-3364.792450519549,-1,-2493.799999999996,-4806.6199999999935,2465,2895,1918,13.219999999997526,16.85000000000082,ret,ret6,6,R4P-0319,0.0,0.0,3442,13315,-0.1452790086368763,2465,1.0116835699797144,1.1569625786165907,12793,-0.24321582115219287,2895,1.6603177892918803,1.9035336104440732,news-clean,-10.206447441773854,-8.409999999999854,1,0.0005213764337851929,1,0,15.390000000002829,-235.31000000000768,0.6421641791044777,5360,a18aa3ef7a27d19cd0546db0df8d874450abd09a846841c29dc97a96692e25c1,M1
2.11359009210535,1.7687913594633384,1668.0499999999952,2444.4599999999987,-20.129999999998972,79.44000000000096,-20.129999999998972,79.44000000000096,185.02621103818203,250.212996968784,0.9947645754740969,1.3978379718926481,-205.15621103818097,-170.77299696878305,-434.874743646818,-481.42391565952704,1,-1688.969999999996,-2368.070000000001,186,179,365,0.7900000000017826,3.050000000003365,ret,ret12,1,R4P-0320,0.0,0.0,0,3182,-0.6910999371464451,186,9.08048387096772,9.771583808114165,3173,-1.272836432398357,179,13.22944134078213,14.502277773180486,raw,0.0,0.0,0,0.0,0,0,0.0,0.0,0.0,365,ff46659501e629d676b7821b590c817f6068617300c139e64418735cbb4f2c86,M5
0.7036785703859096,0.6497843979907377,2387.240000000013,4646.310000000002,-154.4299999999987,-265.4499999999912,-146.08999999999537,-236.03999999999132,803.0901356345261,1372.287849630456,0.9926948524530607,1.4324507824952568,-949.1801356345214,-1608.3278496304474,-1946.2533962803625,-3312.0861950870435,-1,-2475.6400000000044,-4753.479999999998,957,1117,1767,-66.03000000000725,-158.27999999999565,ret,ret1,3,R4P-0321,0.0,0.0,307,14502,-0.1389346297062477,957,2.5868756530825543,2.725810282788802,14317,-0.21766780750157283,1117,4.255577439570276,4.473245247071849,raw,0.0,0.0,0,0.0,0,0,8.340000000003329,29.409999999999854,0.14802314368370298,2074,13d11d4427319c84cdd28cd86e26d34f38116e4eab7581fc0ce589e180734294,M5
0.26392313611857965,0.1901009739339972,2199.760000000002,4141.849999999993,76.34999999999923,-35.12999999998874,76.34999999999923,-33.96999999998843,3208.00549552311,6262.708966877559,0.9996900889757276,1.458818767034139,-3131.655495523111,-6296.678966877546,-7114.541545278996,-14072.119568374,-1,-2132.3600000000033,-4188.059999999992,3209,4294,7502,8.950000000000728,11.080000000009932,sma,sma100,1,R4P-0322,0.0,0.0,1,43645,-0.035668232329018515,3209,0.6644936117170468,0.7001618440460653,42323,-0.058658648961555884,4294,0.9753283651606875,1.0339870141222434,raw,0.0,0.0,0,0.0,0,0,0.0,1.1600000000003092,0.0001332800213248034,7503,c8bfeaae23db6f10f420647abb42ffa751f494309437c53a7a76bc619aea066b,M1
2.3245890338331243,2.5548226698652896,2481.730000000002,4681.289999999995,-38.1999999999955,-165.61999999999762,-37.129999999995334,-162.45999999999822,306.239109981982,445.428570107444,0.9878680967160709,1.4140589527220444,-343.3691099819773,-607.8885701074422,-723.5790195939144,-1160.9085827834963,-1,-2475.2600000000057,-4745.619999999996,322,318,625,-44.66999999999143,-101.28999999999678,ret,ret1,1,R4P-0323,0.0,0.0,15,2863,-0.7093014320642688,322,7.687142857142875,8.396444289207142,2895,-1.0662487046632079,318,14.923333333333321,15.989582037996529,news-clean,0.0,0.0,0,0.0,0,0,1.0700000000001637,3.1599999999993997,0.0234375,640,d8b1fe7bf8ce3d84e870551a5a3c562816984c5bbabe587a6a238e8daaf30120,M5
2.3192379171106623,2.530301673723956,2483.1200000000017,4679.539999999995,-36.81999999999539,-167.56999999999744,-35.749999999995225,-164.40999999999804,307.35995288005,449.67394346017403,0.988295668424598,1.4140690045917423,-343.1099528800452,-614.083943460172,-724.7114403852203,-1172.3747819957812,-1,-2475.240000000006,-4745.629999999996,323,321,629,-44.69999999999118,-101.47999999999683,ret,ret1,1,R4P-0324,0.0,0.0,15,2864,-0.709067737430168,323,7.663281733746149,8.372349471176317,2892,-1.0673582295988888,321,14.783894080996872,15.851252310595761,raw,0.0,0.0,0,0.0,0,0,1.0700000000001637,3.1599999999993997,0.023291925465838508,644,b5c144109e6a51a24fa4e9df8f40458d1a5bd43b8d39b7553d45056fddbb9082,M5
0.4249708033088575,0.37402646428965414,2497.909999999996,4564.819999999998,45.25999999999749,-137.0700000000029,45.25999999999749,-137.03000000000293,2294.576585216636,3093.3584257618418,0.9911777905903395,1.4157246799825363,-2249.3165852166385,-3230.388425761845,-5098.138722274864,-7070.934877503292,-1,-2462.0599999999904,-4723.379999999999,2315,2186,4500,9.409999999991896,21.489999999998872,ret,ret3,1,R4P-0325,0.0,0.0,1,44539,-0.042354790183883786,2315,1.0635248380129547,1.1058796281968386,44420,-0.06794214317874689,2186,2.1607410795974378,2.228683222776185,news-clean,0.0,0.0,0,0.0,0,0,0.0,0.03999999999996362,0.00022217285047767163,4501,9d05571bce75df82a7dc742af9916cfc44aa001784b79b431c908f6d4cad6813,M1
0.4201669778181825,0.3035623483783008,2458.3999999999974,4751.0300000000025,-21.340000000010832,-42.319999999995616,-33.950000000003456,-134.7999999999961,1099.2635536975301,1780.26956046872,0.9903275258536307,1.436860016520355,-1133.2135536975336,-1915.0695604687162,-2497.9997050138886,-4125.355923409236,-1,-2495.359999999995,-4811.069999999991,2450,2908,2349,15.61999999998693,17.71999999999207,ret,ret3,6,R4P-0326,0.0,0.0,3009,13330,-0.1452325581395354,2450,1.0185142857142837,1.163746843853819,12780,-0.2438114241001565,2908,1.6544257221458014,1.898237146245958,news-clean,-10.206447441773854,-8.409999999999854,1,0.0004257130693912303,1,0,-12.609999999992624,-92.48000000000047,0.5615901455767077,5358,9b8c250db629a5ea7cb683f6027c8bd9cf7166419fed45799c2528f778964da3,M1
0.33109292767437093,0.2245463848521433,2001.3899999999987,3139.13999999999,66.2299999999957,90.40999999998894,66.2299999999957,90.40999999998894,1494.776685777278,2589.227959283426,0.9899183349518398,1.4033755876874938,-1428.5466857772824,-2498.817959283437,-3284.3805418227553,-5713.463299750429,1,-1932.899999999991,-3046.010000000003,1510,1845,3355,-2.2600000000120417,-2.719999999997981,rsi,rsi14,1,R4P-0327,0.0,0.0,0,20506,-0.11963961767287636,1510,1.280066225165557,1.3997058428384335,20083,-0.23635711796046355,1845,1.650953929539297,1.8873110474997605,raw,0.0,0.0,0,0.0,0,0,0.0,0.0,0.0,3355,271e729b2eda1e2a889f6253af2dc3b417e88611c67c5b1a175495141944516c,M5
0.9043761893136721,0.6146650016229175,2513.6000000000013,4316.219999999996,-55.199999999993224,-259.869999999999,-55.76999999999293,-252.83999999999878,876.573500208078,1517.462546933976,0.9860219349922138,1.419515946617377,-932.343500208071,-1770.3025469339748,-2020.649730111344,-3654.301941752891,-1,-2450.8499999999967,-4712.760000000002,898,1075,1958,-117.94999999999777,136.67000000000826,rsi,rsi7,1,R4P-0328,0.0,0.0,15,20777,-0.095637483756076,898,2.729231625835186,2.824869109591262,20551,-0.14922826139847292,1075,4.383962790697677,4.533191052096149,raw,0.0,0.0,0,0.0,0,0,-0.569999999999709,7.0300000000002,0.007602635580334516,1973,22356fe52a5c14ceac3665b36aed936715b029e80c77ae788e866737d91e6bfe,M5
0.24609717620406266,0.24347207109001823,2550.1300000000074,4559.780000000006,74.18999999999505,-188.89000000000988,74.18999999999505,-188.89000000000988,3905.850295966134,4979.607676374447,0.9905783149799985,1.418287575156493,-3831.660295966139,-5168.497676374456,-8680.952692172608,-11350.909139910018,-1,-2480.5200000000214,-4756.550000000001,3943,3511,7454,4.580000000009477,7.879999999985557,ret,ret1,1,R4P-0329,0.0,0.0,0,73991,-0.025817329134624437,3943,0.6290945980218162,0.6549119271564406,74065,-0.040498886113547426,3511,1.3547564796354319,1.3952553657489792,raw,0.0,0.0,0,0.0,0,0,0.0,0.0,0.0,7454,9e48095fa592b6aff859eb331ff311cfa254759446c1785d6bb94135aa87b4f3,M1
1.8448316029484317,1.3219704464702031,2594.7300000000005,4484.309999999992,106.3300000000088,-297.929999999993,4.330000000002201,-236.58999999999742,345.34007270393806,546.152917561226,0.9838748510083706,1.4222732228156927,-341.0100727039358,-782.7429175612234,-769.7656218927189,-1460.8168304505145,-1,-2489.4400000000005,-4784.249999999982,564,641,735,1.0400000000088312,2.00999999999749,body,body,24,R4P-0330,0.0,0.0,470,15216,-0.12684213985278733,564,4.413900709219859,4.540742849072646,15053,-0.20521092141101394,641,7.463728549141937,7.668939470552951,raw,0.0,0.0,0,0.0,0,0,-102.0000000000066,61.3399999999956,0.3900414937759336,1205,eea1471bd40bd4acb77fb2068478f15739668cf8630e8b6afc1acb19bcf4dd01,M1
1.894406143135314,1.7737357145527157,2112.5900000000047,3639.0000000000005,181.29000000000178,624.7900000000009,88.08000000000061,348.7100000000014,228.900844136688,345.676861221806,0.9952210614638608,1.4403202550908583,-140.82084413668738,3.0331387781954016,-425.0117469650954,-426.1405477231256,1,-1930.259999999997,-3014.099999999998,396,407,470,-1.0400000000058753,-0.11000000000149157,sma,sma5,24,R4P-0331,0.0,0.0,333,15384,-0.16183502340093509,396,4.874393939393932,5.036228962794867,15287,-0.3080597893635107,407,7.405651105651101,7.713710895014612,raw,0.0,0.0,0,0.0,0,0,-93.21000000000117,-276.0799999999995,0.41469489414694893,803,060cb3862f4d1a92c4388f468a38645b8a4a0e4c0d1d05347e9b2760d2b7971f,M1
0.6115409526960548,0.6184959136376753,2456.7000000000016,4533.8199999999915,-59.07999999999856,-317.6699999999978,-58.0099999999984,-314.5099999999984,1189.4479847912141,1784.685315770314,0.9928614230310635,1.4266069670426171,-1247.4579847912125,-2099.1953157703124,-2724.2122462854613,-4314.9640421414115,-1,-2476.3900000000076,-4747.110000000001,1210,1254,2449,-39.38999999999214,-104.3799999999892,ret,ret1,1,R4P-0332,0.0,0.0,15,14407,-0.13978274449920244,1210,2.0466033057851303,2.186386050284333,14336,-0.21501255580357162,1254,3.7855741626794264,4.000586718482998,news-clean,0.0,0.0,0,0.0,0,0,1.0700000000001637,3.1599999999993997,0.006087662337662338,2464,612352ec8ff2241a8f98d56f805030f6b70be7b425c20625a1e5247992ff108b,M5
0.05556767489567153,0.05732523119487253,1992.800000000016,3618.199999999998,5.239999999983638,524.5799999999913,3.3999999999834927,521.4599999999909,12327.65839295524,17673.086745889956,0.9884267473504843,1.4219234649521246,-12324.258392955257,-17151.626745889967,-27629.6120498986,-39093.575022954814,1,-1992.44000000003,-3129.2299999999946,12476,12435,24901,4.879999999997608,35.60999999998785,sma,sma5,1,R4P-0333,0.0,0.0,10,34378,-0.07470068066786958,12476,0.15970182750881934,0.23440250817668892,34171,-0.14148312896901047,12435,0.2516469642139119,0.39313009318292236,news-clean,0.0,0.0,0,0.0,0,0,-1.8400000000001455,-3.1200000000003456,0.00040142908755168397,24911,91f08e5204b5b15da92fd78322ca845ba67646c4d4f9688ed44fab02df4f1443,M1
0.6601386036319516,0.5936590209776407,2404.600000000012,4580.209999999998,-138.32000000000266,-327.15999999998985,-140.14000000000146,-307.19999999999027,858.708603376196,1477.0568176900802,0.9915803734136213,1.4340357453301749,-998.8486033761975,-1784.2568176900704,-2064.9747442428834,-3618.0906454553506,-1,-2475.67000000001,-4748.839999999998,1038,1211,1896,-67.25000000000477,-158.52999999998974,ret,ret1,3,R4P-0334,0.0,0.0,353,14456,-0.1395164637520765,1038,2.385038535645482,2.5245549993975587,14263,-0.2176169108883121,1211,3.9214203137902546,4.1390372246785665,news-clean,1.6387800238922,2.7800000000002,1,0.0005274261603375527,1,0,-1.8199999999987995,19.95999999999958,0.15695864828812806,2249,a6e359897b210f412ad2940038bde62b581a6ca4a096074b1e00e57c3052a474,M5
0.6997005912818286,0.4802120293372659,1934.8000000000009,3041.879999999994,27.030000000002246,109.51000000000022,27.030000000002246,109.51000000000022,680.0240110121581,1191.731720336686,0.9869724397854254,1.4086663360953735,-652.9940110121557,-1082.2217203366858,-1497.2750294297089,-2561.811343790087,1,-1907.7499999999955,-2927.1200000000013,689,846,1535,-0.02000000000316504,-5.249999999992724,rsi,rsi14,1,R4P-0335,0.0,0.0,0,21327,-0.11385473812538133,689,2.7688679245282954,2.8827226626536766,21082,-0.21951759795085798,846,3.4599527186761243,3.679470316626982,raw,0.0,0.0,0,0.0,0,0,0.0,0.0,0.0,1535,356c8bbccab7d988e683f931cbcc2bd458f70fa1bea05ce25921250b711c38d8,M5
0.07040837045814287,0.08630159912121516,1973.509999999988,3720.32999999998,3.060000000002674,680.1199999999831,1.4800000000027467,677.8399999999833,10191.33114245793,13808.269324751023,0.9894496254813524,1.424560953755393,-10189.851142457926,-13130.429324751041,-22842.856473910673,-30274.029402129625,1,-1965.1799999999998,-3046.9499999999825,10301,9694,19993,-5.26999999998543,6.7399999999856846,sma,sma5,1,R4P-0336,0.0,0.0,2,98712,-0.02572686198233297,10301,0.19077565284923792,0.2165025148315709,98842,-0.04875811901823202,9694,0.31431297709923484,0.36307109611746685,raw,0.0,0.0,0,0.0,0,0,-1.5799999999999272,-2.2799999999997453,0.00010002500625156288,19995,e18ac84719c8068ce961a075600fc210e919f9e1749a12f4fb3258f2ca5167ba,M1
1.5231148190941028,1.0485647263984017,2046.3900000000017,3098.0599999999968,126.08000000000152,106.03999999999587,23.28999999999928,31.25000000000091,132.045202677394,205.74074650625002,1.000342444525712,1.4387464790646856,-108.75520267739472,-174.4907465062491,-272.6953817732737,-429.9273254031241,1,-1919.480000000003,-2996.3499999999995,320,411,275,-0.8299999999971988,4.329999999998563,ret,ret24,12,R4P-0337,0.0,0.0,456,3048,-0.797109580052492,320,5.998375000000009,6.795484580052501,2939,-1.5878870364069362,411,7.290389294403892,8.878276330810827,news-clean,0.0,0.0,0,0.0,0,0,-102.79000000000224,-74.78999999999496,0.6238030095759234,731,b7ede87d32ec264c8f3eb18450b8a16cbf197f6317cc6a4c184b59e14e8ec7af,M5
0.07374380376920704,0.08410747602950946,1982.6099999999935,3714.690000000004,5.23000000000161,675.8200000000306,5.23000000000161,674.0800000000304,10204.066740862678,13790.640596176288,0.9877133618103453,1.4249473647629973,-10198.836740862676,-13116.560596176258,-22867.65390220705,-30238.273797993268,1,-1970.7999999999977,-3050.3799999999846,10331,9679,20009,-6.579999999994243,11.510000000011132,ret,ret1,1,R4P-0338,0.0,0.0,1,98605,-0.025812179909741422,10331,0.1907656567612039,0.21657783667094532,98840,-0.048793302306759316,9679,0.31515445810517456,0.3639477604119339,news-clean,0.0,0.0,0,0.0,0,0,0.0,-1.7400000000002365,4.9975012493753125e-05,20010,43b0665e812d8ee346ad3a177f0e09c418754ea2f95933783a0afda6955d8106,M1
0.4810068028710335,0.5888411195168567,2353.3600000000133,4686.850000000013,-126.53999999999814,-264.5699999999965,-134.36999999999216,-197.27999999999975,1010.545361738118,1527.276603156192,0.9907307468020765,1.4260285743755294,-1144.9153617381103,-1724.5566031561918,-2399.553806446523,-3620.7405990028637,-1,-2482.3300000000017,-4765.430000000008,1204,1241,2091,2.4299999999900592,-185.99000000000206,body,body,3,R4P-0339,0.0,0.0,354,14253,-0.142163754998948,1204,2.0617358803986727,2.2038996353976206,14180,-0.22102327221438606,1241,3.8399919419822783,4.061015214196664,raw,0.0,0.0,0,0.0,0,0,-7.8299999999940155,67.28999999999678,0.14478527607361963,2445,2a27f9c86b41c61527257291443d64d9abfc41cce4c769aadc9154e11958c8c0,M5
0.06296672924318684,0.05725084165209704,2038.6799999999967,3488.7199999999975,49.27999999997883,401.71000000000504,49.00999999997839,403.0500000000061,12365.088168081387,17495.55957372573,0.9871537735974283,1.4156128791751543,-12316.078168081409,-17092.509573725725,-27667.90260849126,-38814.04971954078,1,-2002.4900000000264,-3125.109999999978,12530,12367,24885,13.090000000008558,38.09999999998536,rsi,rsi7,1,R4P-0340,0.0,0.0,12,34324,-0.0751110010488293,12530,0.15981564245810267,0.234926643506932,34239,-0.14108180729577502,12367,0.2526975014150544,0.39377930871082945,news-clean,0.0,0.0,0,0.0,0,0,-0.27000000000043656,1.340000000001055,0.0004819857814194481,24897,6d50e77751c245995ffa6987a7fdb4193b4f1aa02f85f5b774b62df933ba6f0f,M1
0.4175502143778863,0.33318453582621743,2497.639999999984,5060.440000000001,21.919999999988022,277.080000000009,-5.880000000006021,-111.48999999999887,907.638364808232,1422.102211086086,0.9919544970581771,1.4350173673926196,-913.5183648082381,-1533.592211086085,-2040.3930496370501,-3299.197372062386,-1,-2496.069999999985,-4800.62999999999,2696,3023,1906,20.349999999988768,17.269999999997708,sma,sma10,6,R4P-0341,0.0,0.0,3813,13084,-0.14801742586365,2696,0.9258419881305583,1.0738594139942084,12671,-0.24508089337858105,3023,1.5880350645054548,1.833115957884036,raw,0.0,0.0,0,0.0,0,0,-27.799999999994043,-388.5700000000079,0.6667249519146704,5719,86ae7f2f8f14d4c415f813d99cfc3c334aed174a50507f897cef75b7ae0b0244,M1
0.9293765052435528,0.6062473594311868,2569.260000000001,4254.199999999993,0.7400000000054661,-321.4000000000001,0.1700000000057571,-314.3699999999999,893.473990289762,1506.833488250118,0.9949599000999577,1.4030106966947096,-893.3039902897563,-1821.203488250118,-2002.5929540789234,-3692.006419100531,-1,-2451.749999999994,-4711.2600000000075,907,1080,1972,-116.7700000000018,135.66000000001395,rsi,rsi7,1,R4P-0342,0.0,0.0,15,20905,-0.09505190145898079,907,2.703142227122375,2.798194128581356,20702,-0.146434643995749,1080,4.362277777777785,4.508712421773534,news-clean,1.0111976542142183,3.0100000000002183,2,0.0010141987829614604,1,1,-0.569999999999709,7.0300000000002,0.00754906894816306,1987,d356443039fc591c041ff636b5a9d3be70861234ff0b3e0dee711d896cc75df3,M5
3.03327677015999,3.1061278608384364,2425.0200000000004,4825.449999999993,-44.950000000004366,-80.52999999999884,-49.44000000000233,-144.80999999999813,166.04392812921603,286.966370992734,0.9883567150548573,1.420625598973931,-215.48392812921833,-431.77637099273215,-421.63508543147435,-788.0582909923012,-1,-2419.9400000000023,-4724.729999999996,224,256,370,-50.03000000000225,-181.2499999999959,sma,sma10,3,R4P-0343,0.0,0.0,110,9177,-0.21361882968290397,224,10.803303571428582,11.016922401111486,9145,-0.33558119190814695,256,18.455976562499984,18.79155775440813,news-clean,0.0,0.0,0,0.0,0,0,-4.489999999997963,-64.27999999999929,0.22916666666666666,480,1d668d92c3ddb4b0ed15a9fc203cc155be2f1465df3a3929534f96f55b8dd3a2,M5
1.6369886728160665,1.6978064287879502,1829.8300000000015,3164.6399999999994,-49.01999999999839,396.2400000000016,10.01000000000181,262.4999999999982,255.487847655986,369.6510941925,0.9902629754107984,1.4217349776634616,-245.4778476559842,-107.15109419250182,-562.6777357769352,-566.0898914662519,1,-1876.6999999999978,-2769.0799999999986,336,343,518,-2.1500000000021373,0.6800000000007458,ret,ret6,12,R4P-0344,0.0,0.0,161,15444,-0.15773828023827932,336,5.58541666666666,5.743154946904939,15345,-0.290924731182795,343,8.073119533527693,8.364044264710488,news-clean,0.0,0.0,0,0.0,0,0,59.0300000000002,-133.74000000000342,0.23711340206185566,679,59c1604820a6775878772842b1f991735e8c11387769e21011a38d81fc803c8a,M1
0.3848836322582723,0.27306150325881784,2151.9300000000003,3563.659999999984,231.8099999999954,565.2099999999969,125.78999999999746,221.92999999999665,742.969394733894,1211.823665959298,0.9932745918902326,1.4156818527561894,-617.1793947338965,-989.8936659593014,-1539.6099955275256,-2494.4283616418443,1,-1921.3000000000043,-3003.4899999999916,1537,1905,1604,1.1799999999993815,5.040000000004511,ret,ret24,3,R4P-0345,0.0,0.0,1838,8047,-0.30240338014166684,1537,1.2500325309043618,1.5524359110460286,7639,-0.611641576122526,1905,1.57663517060367,2.188276746726196,raw,0.0,0.0,0,0.0,0,0,-106.01999999999794,-343.2800000000002,0.5339918651946542,3442,907513a4ed1c029364976709a88d109bfa9484f3257046b48ee5d4634d203546,M5
1.999697695146475,1.8096200753128664,2020.910000000008,3471.150000000001,108.41000000000213,510.8600000000006,79.05000000000132,374.450000000003,291.32716101933005,419.68724788577003,0.994290651943106,1.4226686369009154,-212.2771610193287,-45.23724788576701,-573.9732012619837,-566.298225960962,1,-1911.2200000000003,-2960.9000000000005,358,377,588,-1.280000000005657,0.6100000000001273,ret,ret3,24,R4P-0346,0.0,0.0,147,15422,-0.16020165996628122,358,5.3386033519553076,5.498805011921589,15311,-0.3040990137809412,377,7.853846153846155,8.157945167627096,news-clean,0.0,0.0,0,0.0,0,0,-29.36000000000081,-136.40999999999758,0.2,735,c9db3e69bbc0f1028e14afbd8ac94fdb333004c2c6fd1629da007d1aac7a90cb,M1
0.07132119258978728,0.05712097392865898,2037.76,3528.630000000017,60.039999999989504,445.5500000000029,58.16999999998916,447.86000000000377,11872.664433728563,16935.502855592997,0.9882357610894426,1.415420213589051,-11814.494433728574,-16487.642855592992,-26554.95220875354,-37513.846882618476,1,-1991.3800000000147,-3123.349999999983,12018,11976,23979,13.660000000004175,40.26999999996906,sma,sma20,1,R4P-0347,0.0,0.0,15,34836,-0.07368813870708477,12018,0.1656997836578478,0.23938792236493256,34630,-0.13943805948599614,11976,0.2608007682030714,0.40023882768906754,news-clean,0.0,0.0,0,0.0,0,0,-1.8700000000003456,2.310000000000855,0.000625156289072268,23994,24cbbca48a7633bc3f80a664d757dd030656456dd4116865ad22ca4d7621287b,M1
0.7504972886223714,0.5289283451983934,1880.6499999999983,3066.149999999999,7.91000000000372,305.3299999999931,-8.389999999994416,136.6199999999949,361.700835221746,645.930541608732,0.9964210336687217,1.398118055430156,-370.09083522174046,-509.31054160873714,-819.1590219728514,-1311.2629527392992,1,-1872.010000000002,-2756.7800000000025,804,1083,825,-0.7299999999925149,-4.040000000003602,sma,sma100,3,R4P-0348,0.0,0.0,1062,14976,-0.16235443376068312,804,2.328370646766172,2.490725080526855,14605,-0.3048230058199242,1083,2.5455032317636217,2.850326237583546,news-clean,0.0,0.0,0,0.0,0,0,-16.299999999998136,-168.70999999999822,0.5627980922098569,1887,270e3d14e5996106e840e6b13f13654aab0de9c306255553b3b3c17a3124c14c,M1
2.100411467569656,2.1484483388142217,2461.8700000000026,4642.599999999997,-25.46000000000072,-163.82999999999947,-24.8100000000004,-168.7799999999993,299.58972762473405,491.116856636292,0.9887449756591883,1.4031910189608343,-324.3997276247344,-659.8968566362913,-696.3541238363034,-1269.6409738633133,-1,-2467.030000000007,-4682.9299999999985,317,356,653,-20.299999999996317,-123.49999999999773,ret,ret3,1,R4P-0349,0.0,0.0,20,2870,-0.7047247386759591,317,7.782429022082041,8.487153760758,2857,-1.0584879243962158,356,13.154297752808985,14.2127856772052,raw,0.0,0.0,0,0.0,0,0,0.6500000000003183,-4.949999999999818,0.029717682020802376,673,347be40cd5ad26915f2f8d4fe7fd4cfa71f670ed92588d590dd5c344b5e0e41b,M5
3.276532178059524,3.0674487328159588,2320.24,4085.9199999999946,-128.50000000000182,-621.1100000000042,-99.13000000000238,-436.70000000000255,149.158609068782,226.61126755138002,0.987805358071404,1.4163204221961252,-248.28860906878438,-663.3112675513826,-433.4758679845214,-944.6595576312126,-1,-2447.160000000005,-4704.889999999997,197,209,311,-1.5799999999965166,-2.1400000000021464,sma,sma5,24,R4P-0350,0.0,0.0,95,2990,-0.6697959866220736,197,12.422131979695456,13.09192796631753,3004,-1.0140013315579186,209,22.51143540669855,23.525436738256467,raw,0.0,0.0,0,0.0,0,0,29.369999999999436,184.41000000000167,0.23399014778325122,406,344a167a11f02bbc203818a1f3f0ba97cd38607274fd955c233da578ea1a5abf,M5
0.08898665441775289,0.06236884592657995,1985.1100000000088,3193.409999999985,34.349999999995816,136.87000000000216,34.22999999999547,138.36000000000195,5732.187412362078,8772.045300886295,0.9854198749118237,1.4173606884611885,-5697.957412362083,-8633.685300886294,-12814.731156104355,-19524.58212328833,1,-1947.3399999999867,-3042.210000000019,5818,6190,12006,-3.4200000000262207,-14.329999999963547,sma,sma20,1,R4P-0351,0.0,0.0,2,16198,-0.15235029015927884,5818,0.3347095221725656,0.4870598123318445,15738,-0.3013699326470966,6190,0.4914717285945104,0.7928416612416069,raw,0.0,0.0,0,0.0,0,0,-0.12000000000034561,1.4899999999997817,0.00016655562958027982,12008,d5327e73b05bff53120e5a475ccebb903bc8139158ad454f37585ba76a3cc209,M5
1.6643035746794819,1.257243494997066,2149.7199999999975,3838.6099999999997,-262.73000000000434,-828.46,-71.83000000000266,-388.3700000000008,146.18653201056202,230.73109119371802,0.9877468379092028,1.4155281668326258,-218.01653201056467,-619.1010911937188,-399.5138207725317,-905.5643312467319,-1,-2411.950000000004,-4663.84,380,489,311,-0.49999999999795364,-3.230000000000018,ret,ret24,24,R4P-0352,0.0,0.0,558,2988,-0.6364926372155325,380,6.347236842105273,6.983729479320806,2863,-1.0454767726161418,489,9.537505112474438,10.58298188509058,raw,0.0,0.0,0,0.0,0,0,190.90000000000168,440.08999999999924,0.6421173762945915,869,572faf23f5e777cba0e3b1f17e3884cda012281facf594fedb96a5597a333940,M5
1.035053211328612,0.9891014157686964,2479.9500000000035,4399.139999999995,-1.4699999999972988,-494.6300000000001,-31.169999999994843,-460.63999999999805,527.705689993638,922.720190864896,0.988212902609809,1.4350236249842863,-558.8756899936328,-1383.360190864894,-1214.0465225963658,-2528.95965634203,-1,-2474.570000000001,-4759.639999999998,647,772,1177,-6.849999999999454,-134.12999999999738,body,body,6,R4P-0353,0.0,0.0,242,20907,-0.09609365284354594,647,3.824683153013912,3.920776805857458,20718,-0.15076406989091615,772,6.1653367875647636,6.316100857455679,news-clean,24.572184197100228,26.500000000000227,2,0.0016992353440951572,0,2,-29.699999999997544,33.990000000002055,0.17054263565891473,1419,ba8aa9387788160395db285297637b9e3a697c709f60229da80d8e060bbe0361,M5
0.9168842277498739,0.5839028624076712,2522.7000000000035,4285.769999999993,-45.10999999999149,-289.66999999999734,-45.679999999991196,-282.63999999999714,873.907106283952,1562.662967615696,0.9908243835418956,1.406537324586585,-919.5871062839433,-1845.3029676156932,-2004.5828857277752,-3785.4207592206294,-1,-2450.349999999992,-4713.270000000004,891,1117,1993,-117.46000000000299,137.83000000001266,rsi,rsi7,1,R4P-0354,0.0,0.0,15,20837,-0.0955156692422125,891,2.750112233445558,2.8456279026877707,20562,-0.1484534578348402,1117,4.219579230080576,4.3680326879154165,raw,0.0,0.0,0,0.0,0,0,-0.569999999999709,7.0300000000002,0.007470119521912351,2008,459c89842d2cb12add7a615ec744a1e916f6ad7a86e2ec8107f49db51bb7b523,M5
0.17426416842945563,0.18054408547648662,2523.7899999999936,4652.759999999985,63.889999999984866,-78.59999999999945,63.53999999998496,-78.59999999999945,5501.576932291044,6988.82510909004,0.9891364495309319,1.4204929083516342,-5438.036932291059,-7067.42510909004,-12268.497181359713,-15744.37222545518,-1,-2468.2600000000184,-4753.029999999996,5563,4920,10482,8.360000000010132,21.670000000011896,sma,sma5,1,R4P-0355,0.0,0.0,1,103373,-0.01832054791870182,5563,0.4436922523818117,0.4620128003005135,103599,-0.028771320186487228,4920,0.9660630081300805,0.9948343283165677,news-clean,-1.2507428904064184,-0.29000000000041837,1,9.540164090822362e-05,0,1,-0.34999999999990905,0.0,9.539254030334828e-05,10483,1b851d62f2e194369dad3b7e2a7a34f1fd21c9e2c75f82b5786ea3cdf0e66059,M1
0.09564783327183786,0.0650944354886247,2015.3900000000056,3187.5499999999975,89.79999999999245,173.92999999999984,89.79999999999245,175.41999999999962,5474.77280033428,8374.293078594412,0.9880477892680527,1.4198530143428978,-5384.972800334288,-8198.873078594414,-12182.154489354269,-18595.942262574856,1,-1921.6099999999826,-3004.0400000000204,5541,5899,11439,-3.9800000000304863,-9.57999999997719,sma,sma50,1,R4P-0356,0.0,0.0,1,16475,-0.14822701062215446,5541,0.3467984118390151,0.49502542246116954,16029,-0.2935173747582511,5899,0.5092456348533685,0.8027630096116196,raw,0.0,0.0,0,0.0,0,0,0.0,1.4899999999997817,8.741258741258741e-05,11440,ea58f6559e7e5b40f045215aedd3cb572a339191a16d76bbcad331df34debded,M5
0.4659452046801411,0.3657764117323328,2588.029999999993,4634.629999999994,17.840000000009695,-255.22999999999547,10.820000000010396,-257.0399999999954,1753.004497304852,2754.536882579856,0.986496622006107,1.4272211826838632,-1742.1844973048417,-3011.5768825798514,-3918.6200325718237,-6431.460839059348,-1,-2415.2099999999928,-4691.180000000011,1794,1941,3707,-154.97999999999024,-198.679999999978,ret,ret6,1,R4P-0357,0.0,0.0,28,19406,-0.10147325569411575,1794,1.3462709030100295,1.4477441587041453,19180,-0.15942075078206375,1942,2.4156385169927965,2.5750592677748605,news-clean,-120.68300951624381,-54.45999999999981,56,0.015106555165902346,32,24,-7.0199999999993,-1.8099999999999454,0.007492641156007493,3737,4680ea851dea378691ffbee2ffb0dbaee3dba8f7c68e45aad0216b60e2d5279f,M5
0.09807697468922458,0.06520296111914022,2001.2200000000066,3345.1799999999807,46.84999999999559,265.9199999999978,46.84999999999559,267.4099999999976,5450.162046684411,8623.834072815627,0.9853845681946141,1.4197948753400769,-5403.312046684415,-8356.42407281563,-12169.93835570485,-19063.30985319532,1,-1949.5299999999797,-3069.3600000000138,5531,6075,11605,-4.840000000031296,-9.899999999969168,rsi,rsi14,1,R4P-0358,0.0,0.0,1,16464,-0.1500139698736633,5531,0.35247333212800214,0.5024873020016655,15848,-0.3009799343765775,6075,0.5052444444444467,0.8062243788210242,news-clean,-2.9360557461784365,2.7299999999995634,5,0.00043084877208099956,2,3,0.0,1.4899999999997817,8.616232982939858e-05,11606,403ad3284ad7826c8d5c709d16cb04b924db7b2d0b1453e3407ff875435d38f4,M5
2.3745663333392195,1.9886499324032716,2510.970000000003,4395.899999999997,53.369999999997844,-318.8699999999976,-19.88000000000261,-196.7699999999968,268.605613647832,397.34036496547805,0.9911646260067601,1.4190727320195644,-288.4856136478346,-594.1103649654748,-621.9718103652466,-1087.4266641196477,-1,-2458.829999999998,-4716.759999999995,363,408,551,1.2299999999929696,1.9900000000006912,ret,ret3,48,R4P-0359,0.0,0.0,220,15417,-0.12320295777388661,363,6.773636363636358,6.896839321410245,15280,-0.19774869109947676,408,11.560686274509791,11.758434965609268,news-clean,0.0,0.0,0,0.0,0,0,-73.25000000000045,122.10000000000082,0.2853437094682231,771,fa8a0f6cf9fbc25377719dba268c9a3952091d860ffd07313e83fc357a204b0c,M1
0.7367305750851754,0.6020957355834814,1905.0300000000022,2993.699999999998,-53.33999999999628,-80.32000000000608,-53.33999999999628,-80.32000000000608,624.9185100746761,880.541882752448,0.9966802393535503,1.4202288431491097,-678.2585100746724,-960.8618827524541,-1454.1235203360384,-2054.095041786022,1,-1958.3799999999997,-3072.249999999999,627,620,1247,0.010000000001127773,-1.770000000004984,body,body,1,R4P-0360,0.0,0.0,0,15152,-0.1631052006335802,627,3.1234130781499196,3.2865182787835,15111,-0.3147680497650716,620,4.95524193548387,5.270009985248942,news-clean,0.0,0.0,0,0.0,0,0,0.0,0.0,0.0,1247,fe2aada49acd446e34a44cfca47902a51b9f8843c7486e3dc1a9b881fb0a13c6,M5
0.1987283625759978,0.14167881367840285,1934.150000000007,2982.3299999999945,-51.68000000001325,-142.42000000002326,-51.68000000001325,-142.42000000002326,2367.6996003123522,3555.160403779388,0.9890140352181922,1.4329546165978992,-2419.3796003123653,-3697.5804037794114,-5358.987316805597,-8111.47520505727,1,-1986.0400000000052,-3116.290000000005,2394,2481,4875,0.20999999998502972,-8.46000000001277,body,body,1,R4P-0361,0.0,0.0,0,13385,-0.18670377288009063,2394,0.829590643274856,1.0162944161549465,13250,-0.3623018867924531,2481,1.256062071745266,1.618363958537719,news-clean,-3.2008783916944914,-1.2100000000004911,2,0.00041025641025641023,0,2,0.0,0.0,0.0,4875,53c664547ad4ed8eae00afb7767c2d88e1744e899eb1e88aa6545994a744741a,M5
0.11775049865875994,0.08957189786096796,2066.2300000000005,3483.119999999995,81.21999999998616,398.6499999999987,80.81999999998607,402.4099999999994,7182.895814346853,10476.985128546627,0.9884265603889986,1.4140889632267009,-7102.0758143468665,-10074.575128546627,-16019.970617410849,-23082.232992184818,1,-1996.650000000004,-3113.4999999999804,7268,7415,14676,11.639999999989413,29.029999999984284,rsi,rsi14,1,R4P-0362,0.0,0.0,7,39586,-0.06497928560602217,7268,0.2747179416620809,0.3396972272681031,39191,-0.122959097752036,7415,0.41989211058664605,0.5428512083386821,news-clean,0.0,0.0,0,0.0,0,0,-0.40000000000009095,3.760000000000673,0.0004767418102567595,14683,12c21cdee82ca1b28d70bc9213b086fae9d7bc7a63238eea184f002760a0d847,M1
0.29223259020750236,0.2603990728750068,1991.3200000000038,3768.4999999999886,35.730000000000246,748.5600000000036,-6.940000000001646,224.8600000000033,880.3974877297161,1429.980583005196,0.9903233832730215,1.4228662517464636,-887.3374877297177,-1205.1205830051927,-1980.3913734837238,-2980.5071032233786,1,-1956.009999999992,-3019.5399999999986,1817,2170,1894,0.4199999999884767,-0.39999999998644853,ret,ret12,3,R4P-0363,0.0,0.0,2093,7767,-0.3177739152826035,1817,1.0765052283984546,1.3942791436810582,7374,-0.6357987523732008,2170,1.391493087557603,2.027291839930804,raw,0.0,0.0,0,0.0,0,0,-42.67000000000189,-523.7000000000003,0.5249561073488839,3987,ff4f486da9ff4f30b49d92881d57e1a62ae98c48b22ea7ded2af8732c256d27e,M5
0.06786160216875947,0.055107101315669524,1993.5499999999959,3490.239999999997,44.93999999999687,501.0899999999915,44.739999999996144,504.1099999999915,11487.487720257364,17003.90760562425,0.9883410238541998,1.4149877345114628,-11442.747720257368,-16499.797605624255,-25704.990928358144,-37610.92926898412,1,-1960.7200000000169,-3040.879999999981,11627,12030,23640,12.110000000017862,51.72999999997546,sma,sma50,1,R4P-0364,0.0,0.0,17,35227,-0.07199988645073402,11627,0.16863507353573723,0.24063495998647125,34576,-0.13727065016196333,12030,0.25277472984205995,0.3900453800040233,news-clean,0.0,0.0,0,0.0,0,0,-0.2000000000007276,3.019999999999982,0.0007186033732087755,23657,6dcf483f6a81884baf398724f100783f6ecd3e917cdf2b45ed6527c62ca63672,M1
0.08867680113803235,0.0686210272934114,1900.0899999999995,3173.2899999999945,102.72999999999888,345.8899999999903,102.72999999999888,347.3799999999901,5404.068615546178,8068.6421982536685,0.9917541962830204,1.425051606897504,-5301.338615546179,-7721.262198253678,-12010.737814232803,-17738.851786291518,1,-1791.8299999999838,-2829.7000000000085,5449,5663,11111,-5.530000000016798,2.3000000000042746,ret,ret48,1,R4P-0365,0.0,0.0,1,16567,-0.13957022997525176,5449,0.32883648375848484,0.4684067137337366,16265,-0.2785398094067012,5663,0.4996821472717656,0.7782219566784667,raw,0.0,0.0,0,0.0,0,0,0.0,1.4899999999997817,8.999280057595392e-05,11112,cc604940c48299fdfbfa39a1f93ed65f8c45988baaa7b0458fcc61ad3eec64ea,M5
1.315659676484821,0.8128308129121239,2296.069999999998,3307.959999999994,329.9799999999998,219.9099999999944,93.83000000000152,301.22999999999683,248.377952298638,360.56687636827803,0.9895535948152908,1.4251655192422057,-154.5479522986365,-59.33687636828117,-462.9205787688695,-506.9972001822542,1,-1967.2400000000005,-3088.5600000000013,470,570,504,1.150000000002592,0.5100000000015825,ret,ret3,24,R4P-0366,0.0,0.0,536,2898,-0.8548481711525165,470,4.185617021276597,5.040465192429114,2780,-1.71187410071942,570,5.418526315789476,7.1304004165088966,news-clean,0.0,0.0,0,0.0,0,0,-236.14999999999827,81.32000000000244,0.5153846153846153,1040,80a7ece269fb527c246d15c3321026f6438f2df66967ef131ff1944640ce2668,M5
0.1974772595284559,0.1408658817846027,1928.0800000000072,2971.4599999999937,-57.7700000000134,-153.1100000000224,-57.7700000000134,-153.1100000000224,2367.5889608908783,3545.2511212843538,0.9889678199210018,1.4335831464958972,-2425.3589608908915,-3698.3611212843766,-5364.829313483964,-8099.953093604616,1,-1986.0300000000059,-3116.250000000004,2394,2473,4867,0.17999999998528438,-8.320000000011987,body,body,1,R4P-0367,0.0,0.0,0,13406,-0.1864202595852613,2394,0.829586466165416,1.0160067257506773,13263,-0.36195732488878857,2473,1.260109179134656,1.6220665040234445,raw,0.0,0.0,0,0.0,0,0,0.0,0.0,0.0,4867,506b37cc5dbe6472f8ff48d01e88960dfa64803da347f1effc18ff31101f1744,M5
1.449180541555078,1.7850989366318673,2162.1299999999983,4694.619999999997,-124.64000000000374,-12.130000000001019,-78.34000000000515,-108.5900000000006,248.10985234967603,413.230413482026,0.9806713531607748,1.4200357851616014,-326.4498523496812,-521.8204134820267,-634.4896209735472,-1034.8649368441177,-1,-2335.110000000004,-4539.160000000002,390,443,544,48.340000000001965,-167.58999999999696,ret,ret6,3,R4P-0368,0.0,0.0,289,8853,-0.2134112730147964,390,5.98746153846155,6.200872811476346,8801,-0.32942052039541003,443,10.246410835214451,10.57583135560986,raw,0.0,0.0,0,0.0,0,0,46.29999999999859,-96.45999999999958,0.3469387755102041,833,7ad6c7cbba7b0cf953ab932e5dbbd4ab9e41e997c0ac37c5f64ac68126f923cf,M5
0.7077385547253049,1.1060826117412397,2361.1800000000026,4624.93,-17.42000000000462,-64.71000000000004,-20.360000000004675,-65.26999999999998,821.7878306685041,1108.240688341378,0.9985271332545614,1.41357230655788,-842.1478306685087,-1173.510688341378,-1862.4351374082728,-2549.442364411201,-1,-2442.010000000014,-4701.080000000007,832,786,1607,63.4100000000069,11.440000000006876,sma,sma10,1,R4P-0369,0.0,0.0,11,14035,-0.1412789454934103,832,2.93510817307694,3.0763871185703504,14164,-0.21467311493928373,787,5.973392630241432,6.188065745180715,news-clean,0.0,0.0,0,0.0,0,0,-2.9400000000000546,-0.5599999999999454,0.0067943174799258805,1619,4ee80787b47741eefa697ddcf2232443ba8a007d621e0b7fc5fd556b6aaf1ecd,M1
1.5377190605382534,1.882755218546761,2271.8700000000017,4691.259999999997,-14.630000000005793,-16.009999999994307,-9.460000000005948,-100.07999999999493,283.379224333244,430.19760938011206,0.9873840569102579,1.415123715066158,-292.83922433324994,-530.2776093801069,-644.6675366996039,-1064.387685110499,-1,-2336.500000000005,-4539.989999999994,385,417,591,49.99999999999727,-167.27999999999565,ret,ret6,3,R4P-0370,0.0,0.0,211,8893,-0.21136961655234562,385,6.068831168831182,6.280200785383528,8866,-0.32632867132867016,417,10.887266187050345,11.213594858379015,news-clean,0.0,0.0,0,0.0,0,0,5.169999999999845,-84.07000000000062,0.2630922693266833,802,43ce389b2e1f99027a969948de7038dc70327a48a043dd2c28273cb13868e6a6,M5
1.0408983763287274,1.0300666631865698,2389.640000000003,4655.829999999996,-101.89000000000624,-168.48999999999432,-72.24000000000274,-193.39999999999236,438.70436542113606,689.45517765076,0.9858525065643508,1.4244941686999173,-510.94436542113874,-882.8551776507524,-1055.6159690951147,-1738.8454229784124,-1,-2447.760000000002,-4709.87,641,687,929,-43.77000000000726,-114.44999999999118,sma,sma5,3,R4P-0371,0.0,0.0,399,20883,-0.09480438634295928,641,3.8186583463338564,3.9134627326768157,20770,-0.14799229658160817,687,6.85570596797671,7.003698264558318,news-clean,6.2098090947,10.5,4,0.004305705059203444,2,3,29.6500000000035,-24.909999999998035,0.3004518072289157,1328,8a0f2b3bc50544e927250ba396773753587d591dffdae8d9c69adb2bacf762a8,M5
0.4630696080535737,0.47912405702573124,2188.9100000000044,3969.7499999999923,-298.6800000000062,-817.0299999999975,-136.9600000000105,-523.8799999999951,498.740832191744,796.018902313432,0.985653818560759,1.4368572243924767,-635.7008321917546,-1319.898902313427,-1254.9104648628586,-2308.192903460439,-1,-2488.1800000000076,-4786.849999999989,1055,1280,1060,0.5899999999967349,0.07000000000016371,body,body,12,R4P-0372,0.0,0.0,1275,8529,-0.2316848399577932,1055,2.3584644549763105,2.5901492949341036,8264,-0.37730033881897457,1280,3.7397265624999916,4.117026901318966,raw,0.0,0.0,0,0.0,0,0,161.7199999999957,293.15000000000236,0.5460385438972163,2335,b07a248de8bfe05e396995f073f9c93222607ce4097569f66425462c3a8d5469,M5
0.08387118714045902,0.06453366393926994,2488.86,4550.099999999989,58.060000000004266,-170.65000000000146,58.25000000000432,-168.38000000000056,11879.824613408451,18521.470368055732,0.9896554992842762,1.4377791001440563,-11821.574613408446,-18689.850368055733,-26570.92208011302,-41685.1058497008,-1,-2457.5500000000034,-4762.389999999998,12007,12893,24886,26.750000000007503,41.640000000006694,ret,ret24,1,R4P-0373,0.0,0.0,14,34847,-0.054005509799983156,12007,0.20467643874406624,0.2586819485440494,33724,-0.09064583086229198,12893,0.36937795703094684,0.46002378789323883,raw,0.0,0.0,0,0.0,0,0,0.19000000000005457,2.2700000000008913,0.0005622489959839357,24900,b70a1d12201b83091cfb3112ee3da566aee548bc42b0b75e498e5a252f0096f1,M1
1.2700779082821683,1.4529136116176775,2238.319999999998,4832.519999999979,-130.4700000000007,-111.93000000000347,-60.02999999999747,-219.46999999999844,224.56641545404202,415.790639317258,0.984940418658079,1.423940545607048,-284.59641545403946,-635.2606393172565,-563.4059266181865,-1151.4838009026594,-1,-2434.46,-4672.79999999999,460,628,520,65.67000000000166,-271.64999999999236,rsi,rsi14,6,R4P-0374,0.0,0.0,568,15052,-0.13123505182035658,460,5.292304347826087,5.423539399646443,14859,-0.203753953832693,628,7.440764331210175,7.644518285042868,raw,0.0,0.0,0,0.0,0,0,70.44000000000324,-107.53999999999496,0.5220588235294118,1088,1c6d7aba70f0a70c76864bb3e3d7e634b2e27731dabde43eddf2eda45ea2acbe,M5
1.5897613004011026,1.6204128728821912,1975.1700000000053,3604.959999999996,-509.57000000000244,-1118.8799999999992,-334.13000000000284,-890.7299999999959,183.881501477782,264.231317777022,0.988610222998828,1.4130016993423637,-518.0115014777848,-1154.961317777018,-746.3088256250219,-1483.016628171595,-1,-2484.060000000006,-4724.879999999998,314,328,373,-0.68000000000211,1.0400000000031469,sma,sma5,48,R4P-0375,0.0,0.0,269,2873,-0.7099164636268712,314,7.911019108280273,8.620935571907145,2884,-1.0631484049930613,329,14.361550151975678,15.424698556968739,raw,0.0,0.0,0,0.0,0,0,175.4399999999996,228.15000000000327,0.41835147744945567,643,c24ee9a50d5b864356e6ba5f0e6f6ea4fafb8c8b3669107d332195be08aecaec,M5
1.515662957441016,1.336305329774097,1798.3900000000003,2639.9199999999983,109.16000000000167,285.52999999999565,22.420000000000982,113.4799999999982,221.97677702861202,308.272899261128,0.9998953920207748,1.4012404511869454,-199.55677702861104,-194.79289926112983,-475.151132978753,-577.5278511250779,1,-1689.369999999994,-2355.0700000000043,275,277,442,0.1399999999953252,0.6800000000016553,ret,ret12,3,R4P-0376,0.0,0.0,110,9309,-0.2364926415297006,275,6.143163636363615,6.379656277893315,9264,-0.43434045768566365,277,8.502057761732868,8.936398219418532,news-clean,0.0,0.0,0,0.0,0,0,-86.74000000000069,-172.04999999999745,0.19927536231884058,552,3067946daae951f26015a15b084db14dc2f1cce694ffac047b75ecc04898d878,M5
0.6714917227659327,0.5008162364356201,1758.9899999999943,3239.579999999999,-0.5100000000045384,-43.79999999999791,-0.5100000000045384,-43.79999999999791,750.309834330714,1405.28739192132,1.0017487774775888,1.4502449865029103,-750.8198343307185,-1449.087391921318,-1682.3639281632177,-3193.816182995938,-1,-1760.7500000000018,-3286.590000000002,749,969,1718,1.2500000000029559,3.2100000000050386,ret,ret48,1,R4P-0377,0.0,0.0,0,15030,-0.0830179640718559,749,2.35080106809079,2.433819032162646,14762,-0.1085476222734049,969,3.391733746130033,3.500281368403438,news-clean,-0.11668894872569091,0.9100000000003092,1,0.0005820721769499418,0,1,0.0,0.0,0.0,1718,79c47fb1a21dcc78ea357522f1bb373ed87e5ef536a5cb0e32e31e9e2048f38c,M5
1.163760628870455,0.8886469907933768,2105.8,3865.15,110.73999999999683,-106.89000000000397,47.169999999998254,-103.27999999999793,380.712820523962,606.812476824592,0.9914396367811511,1.43794425787818,-333.54282052396377,-710.09247682459,-806.2152593828308,-1463.478016010662,-1,-1998.8300000000004,-3975.429999999997,674,808,806,3.7699999999972533,3.3899999999930515,ret,ret48,3,R4P-0378,0.0,0.0,676,15106,-0.09528796504700197,674,2.965623145400594,3.060911110447596,14886,-0.1531788257423087,808,4.920086633663363,5.073265459405672,raw,0.0,0.0,0,0.0,0,0,-63.56999999999857,3.610000000006039,0.45614035087719296,1482,6998c1fa99b5e60c624be687ef3669e891bd24e00ae5d504868db8b4a1c01ba6,M1
0.23439690549177877,0.20902117370163245,1872.470000000004,3068.6599999999994,-68.86000000000399,55.43999999998323,-69.2100000000039,56.92999999998301,1860.970714926894,2692.529053030298,0.9914601571267416,1.416375093650867,-1930.180714926898,-2635.599053030315,-4240.661264596027,-5978.4974423613585,1,-1941.039999999998,-3004.6900000000073,1878,1902,3778,-0.29000000000996806,-8.53000000000884,sma,sma5,1,R4P-0379,0.0,0.0,2,20117,-0.12235124521548991,1878,1.0335676251331192,1.1559188703486092,20021,-0.23501623295539653,1902,1.5797528916929586,1.8147691246483553,news-clean,0.0,0.0,0,0.0,0,0,-0.34999999999990905,1.4899999999997817,0.0005291005291005291,3780,3313586e751230be3383650186a4465af94bf8726ab249ac7f1a0312fb62f04b,M5
0.6801460217214531,0.6432261534790268,2280.1899999999996,4117.150000000003,-55.53000000000179,-402.2899999999868,-19.220000000001846,-307.12999999998374,573.380279306908,830.358899979982,0.9920074036451696,1.421847431472572,-592.6002793069099,-1137.4888999799657,-1304.4782106810878,-2168.417583534903,-1,-2338.0899999999947,-4524.380000000003,929,965,1162,2.369999999993297,4.9400000000127875,ret,ret6,3,R4P-0380,0.0,0.0,732,21087,-0.08619813155024342,929,2.5167814854682398,2.6029796170184833,20963,-0.1346958927634411,965,4.688476683937827,4.823172576701268,raw,0.0,0.0,0,0.0,0,0,36.309999999999945,95.16000000000304,0.3864836325237592,1894,9d72da7895a8d8cf2f6044a674ee127fea4df4a09606794f51c79dc960e1b296,M5
0.41724928312721044,0.42769850477200294,2444.890000000015,4556.2299999999905,-68.77999999999315,-298.7799999999893,-67.70999999999299,-295.6199999999899,1729.1968498847941,2553.476039693868,0.9960811347262639,1.4241361069123637,-1796.906849884787,-2849.096039693858,-3943.784098506566,-6019.353732422396,-1,-2474.740000000013,-4752.969999999996,1748,1796,3529,-38.929999999994834,-102.03999999998405,ret,ret1,1,R4P-0381,0.0,0.0,15,19980,-0.10083333333333347,1748,1.4157551487414262,1.5165884820747597,19883,-0.15551979077603867,1796,2.6464198218262784,2.8019396126023173,raw,0.0,0.0,0,0.0,0,0,1.0700000000001637,3.1599999999993997,0.004232505643340858,3544,fa6b5d9a1e458e991b0eab2c08730061514eed963133a90e316a358ee2f2945b,M5
0.5042897242745258,0.3711823174961458,2550.8600000000006,4556.38999999999,-22.60999999999126,-339.74999999999955,-29.62999999999056,-341.3999999999992,1583.866356071482,2644.90736843796,0.9874478529123952,1.4227581325647982,-1613.4963560714727,-2986.307368437959,-3579.93912674666,-6270.08125207082,-1,-2417.3499999999963,-4696.080000000005,1621,1867,3463,-156.11999999999534,-200.05999999998448,ret,ret6,1,R4P-0382,0.0,0.0,25,19986,-0.09775893125187586,1621,1.4912708204811822,1.589029751733058,19695,-0.15487128712871387,1868,2.5139561027837285,2.668827389912442,news-clean,-24.584239831872242,-8.480000000000246,14,0.0040427375108287615,8,6,-7.0199999999993,-1.6499999999996362,0.0071633237822349575,3490,f673d3617eed1e9e40ec9be85875b8ca55d7dd05ab4eaf625558df0d727353d1,M5
0.5800892679856141,0.3871266006197834,2719.4899999999884,5131.69,236.0499999999879,331.58000000000675,41.539999999999736,-120.29999999999563,716.177585641844,1177.77275638842,0.98919556027879,1.4363082394980733,-674.6375856418443,-1298.0727563884157,-1563.8049261382982,-2760.3316861978856,-1,-2493.539999999991,-4814.299999999985,2380,2872,1544,10.09999999999036,14.18999999999187,rsi,rsi14,6,R4P-0383,0.0,0.0,3708,13400,-0.14433805970149272,2380,1.0477058823529373,1.19204394205443,12822,-0.24326080174699696,2872,1.6762883008356493,1.9195491025826463,raw,0.0,0.0,0,0.0,0,0,-194.50999999998817,-451.8800000000024,0.7060167555217061,5252,fec98fda2d45ab0fb341da1fb28fc756d8c967d87362fdc8a027a56ca36924e0,M1
1.4965581267349188,1.6946180434270828,2244.1300000000065,4680.820000000001,-146.09999999999877,-161.80000000000473,-121.92000000000007,-199.58000000000038,255.586038290688,440.952820299412,0.9868186806590271,1.4178547276508424,-377.5060382906881,-640.5328202994124,-694.8278350080961,-1187.9959842973544,-1,-2446.850000000003,-4708.4,393,464,570,56.6199999999983,-134.22000000000617,sma,sma5,6,R4P-0384,0.0,0.0,287,8782,-0.22788886358460395,393,6.226081424936394,6.453970288520998,8722,-0.35179775280898895,464,10.147413793103448,10.499211545912438,news-clean,11.645019807486008,12.490000000000009,1,0.0017543859649122807,0,1,24.1799999999987,-37.77999999999565,0.3348891481913652,857,372c62ac426b125cd4cdef6bc1b873b3d3fd51d970cb9fe72da81da2aaef78d9,M5
1.0410474020169147,1.0276300136877987,2170.75,4246.349999999991,236.51999999999725,1292.8999999999996,19.839999999998554,465.81999999999925,350.077278032224,574.411788607852,0.9917203343689065,1.4253394258259355,-330.23727803222545,-108.59178860785278,-764.8742849950095,-821.7503845853348,1,-1934.519999999999,-2956.5799999999967,543,672,756,0.289999999996553,3.1300000000051114,ret,ret3,12,R4P-0385,0.0,0.0,459,9041,-0.2706182944364548,543,3.562651933701656,3.833270228138111,8872,-0.5213503155996372,672,4.399672619047614,4.921022934647251,raw,0.0,0.0,0,0.0,0,0,-216.6799999999987,-827.0800000000004,0.37777777777777777,1215,7ed9a1a094c8876ffe7d7105255807d0b1d116ec2cb0427bd00ef37c002ba8e3,M5
2.1640927406940262,1.7808304036346168,2382.2899999999954,4329.679999999994,-54.480000000002065,-392.0899999999983,-21.890000000003738,-582.739999999998,188.402062260646,305.213775575836,0.9812607409408646,1.4262325961487663,-210.29206226064974,-887.953775575834,-444.20186909791073,-1266.89068719126,-1,-2435.81,-4720.759999999992,325,396,406,-0.9599999999973079,-1.0100000000002183,rsi,rsi7,24,R4P-0386,0.0,0.0,315,9259,-0.20776217734096672,325,7.4948,7.702562177340966,9148,-0.33361609094884215,396,11.921111111111092,12.254727202059934,raw,0.0,0.0,0,0.0,0,0,32.58999999999833,-190.64999999999964,0.4368932038834951,721,b14a96ccb31abfb5fd6591b93a0a0bcc3e817b634195520b592d17836da19905,M5
1.8428541607975395,1.2895209988637877,1787.11,3306.3499999999926,9.599999999999454,-21.79999999999245,9.599999999999454,-21.79999999999245,334.61817856656,656.0704740905201,0.9929322806129377,1.441913129869275,-325.01817856656055,-677.8704740905125,-740.4620040995205,-1492.4120772573324,-1,-1778.800000000001,-3334.1199999999953,337,455,792,1.2900000000006457,5.970000000010259,ret,ret48,1,R4P-0387,0.0,0.0,0,15443,-0.0789606941656422,337,5.278338278931754,5.357298973097396,15233,-0.10759272631786286,455,7.327736263736253,7.435328990054116,news-clean,0.0,0.0,0,0.0,0,0,0.0,0.0,0.0,792,e84e674643ac90b89566a16e9c83ce2ccc31754a95e4202ec2d2418be4efe3b3,M1
1.237003427832193,0.9554187116213438,2464.75,4619.309999999993,-47.879999999999654,-105.1899999999946,-54.899999999999864,-186.04999999999654,337.77770245686,588.69593009047,0.9819119257466862,1.4254138743110654,-392.6777024568599,-774.7459300904666,-812.04422210587,-1505.6389453321117,-1,-2432.7800000000007,-4674.999999999992,607,766,757,-79.84999999999923,-49.49999999999591,rsi,rsi14,3,R4P-0388,0.0,0.0,616,14850,-0.13311178451178482,607,4.007874794069194,4.1409865785809785,14655,-0.20768884339815616,766,6.103133159268919,6.3108220026670745,raw,0.0,0.0,0,0.0,0,0,-7.020000000000209,-80.86000000000195,0.44865258557902404,1373,ed27d963ae9b11235c3a21c1651b21e89315d3bd9aeca4e1e2f66cc476e32296,M5
0.09357784921987748,0.059781468670492104,2015.6500000000008,3031.1899999999846,58.27999999998815,-16.780000000005657,58.27999999998815,-15.850000000006276,5640.992521118408,8603.45380955219,0.9867050063177205,1.4213536774413,-5582.71252111842,-8619.303809552197,-12586.263622032848,-19300.886558659862,1,-1954.549999999994,-3038.2700000000023,5717,6055,11770,-2.820000000018581,-9.699999999987995,ret,ret6,1,R4P-0389,0.0,0.0,2,16299,-0.15184857966746462,5717,0.34188385516879377,0.4937324348362584,15873,-0.2985585585585579,6055,0.5017786952931466,0.8003372538517044,raw,0.0,0.0,0,0.0,0,0,0.0,0.9299999999993815,0.00016989466530750936,11772,68a4129b70ea03a7861229bcde641a4bf53e1a419b4c19f773e381d19183c879,M5
1.5095062538991224,1.6073840683887202,2219.289999999998,4676.269999999997,-162.1399999999992,-110.74000000000206,-121.63000000000102,-267.3900000000003,210.755971700282,383.218969964346,0.9848409892536543,1.4193295183864667,-332.38597170028305,-650.6089699643463,-594.04918332627,-1126.3929093645575,-1,-2418.7700000000013,-4729.050000000001,395,484,484,37.34000000000378,-57.95999999999776,sma,sma10,6,R4P-0390,0.0,0.0,395,8780,-0.22474259681093278,395,6.123468354430383,6.348210951241316,8702,-0.3549793150999774,484,9.77076446280992,10.125743777909896,news-clean,-20.869131136277982,-18.769999999999982,2,0.004132231404958678,1,1,40.50999999999817,-156.64999999999827,0.44937428896473264,879,8e6eee874653d5e84f71f3ebfa5288615e3775ef659fc2c92d28ee17779d6444,M5
0.6869897616735487,0.6010629175314426,1711.189999999999,2593.229999999998,23.00000000000273,227.0500000000011,23.00000000000273,227.0500000000011,581.4407060678,812.4412069321301,0.9888447382105442,1.4203517603708566,-558.4407060677974,-585.391206932129,-1280.3260270550973,-1594.074250569584,1,-1689.139999999991,-2369.0600000000054,588,572,1160,0.9499999999948159,2.8800000000082946,ret,ret12,1,R4P-0391,0.0,0.0,0,15212,-0.1447712332369181,588,2.8726870748299165,3.0174583080668347,15164,-0.26730743867053575,572,4.141713286713296,4.409020725383832,raw,0.0,0.0,0,0.0,0,0,0.0,0.0,0.0,1160,2bdc337dfe8950957ba25f2f96231ec847e0d779a8364d101d6c7e635989d673,M5
0.4650535680321412,0.435618362373662,2388.370000000011,4599.450000000003,-155.0900000000006,-307.7499999999932,-169.59999999999673,-244.87999999999374,1201.46249057744,1973.715573222832,0.9896725622548929,1.4333446428633494,-1371.0624905774368,-2218.595573222826,-2862.7333127484767,-4669.054039302738,-1,-2477.2800000000034,-4750.810000000001,1440,1611,2591,-66.18000000000825,-156.38999999999396,ret,ret1,3,R4P-0392,0.0,0.0,460,20114,-0.10001690364920042,1440,1.7203333333333357,1.8203502369825362,19879,-0.15668293173700915,1611,2.9489819987585357,3.105664930495545,news-clean,-31.972444593515146,-23.939999999999145,6,0.0023157082207641835,5,5,-14.509999999996126,62.869999999999436,0.15077023926581448,3051,20dac91193b700783dace7cba28f5388f19044e39a75eb6d3bddd6f482c256c7,M5
1.160440160609712,1.14731066679408,2367.600000000003,4611.44999999999,-83.78000000000634,-293.599999999999,-86.05000000000405,-275.3699999999981,359.90772681047,561.810145075518,0.9942202398079283,1.4187124875644395,-445.95772681047407,-837.1801450755161,-892.7996874221191,-1534.6932246148292,-1,-2421.000000000001,-4725.27,585,643,758,-30.38000000000875,-179.77999999998792,sma,sma10,3,R4P-0393,0.0,0.0,470,15034,-0.13027271517892794,585,4.13846153846154,4.268734253640468,14952,-0.20468164794007512,643,7.348786936236393,7.553468584176468,raw,0.0,0.0,0,0.0,0,0,-2.269999999997708,18.230000000000928,0.38273615635179153,1228,a90d2163f51e53be538ae6dd6ab2789e7fa803796a8a60245b7e388600edc767,M5
0.945147545027841,0.8394316162716555,2350.610000000006,4593.789999999991,-143.44000000000506,-230.78999999999587,-100.43000000000461,-281.2999999999961,487.995989990602,800.49634095382,0.9878461335842146,1.424370713440961,-588.4259899906066,-1081.796340953816,-1194.2954078327136,-2075.649286892186,-1,-2449.2300000000014,-4709.99,725,819,1056,-44.82000000000971,-114.5899999999865,sma,sma5,3,R4P-0394,0.0,0.0,488,20948,-0.0945517471835027,725,3.3782482758620707,3.4728000230455733,20792,-0.1482358599461334,819,5.750903540903541,5.899139400849674,raw,0.0,0.0,0,0.0,0,0,43.010000000000446,-50.51000000000022,0.3160621761658031,1544,7bbff0bce7ca0bd52cdebdffe475446c38b5193ef023c69204dcbc968702b726,M5
0.2185213406320562,0.2093384807832255,2146.0199999999995,4151.539999999995,-48.24000000000433,-131.54999999999745,-48.24000000000433,-130.38999999999714,3423.360729847536,5229.487386812547,0.9945847559115444,1.4149045959990658,-3471.6007298475406,-5359.877386812544,-7721.860186863916,-11852.525978581454,-1,-2195.300000000016,-4301.570000000025,3442,3697,7138,1.0400000000120144,18.48000000003185,sma,sma50,1,R4P-0395,0.0,0.0,1,74492,-0.021814825753100883,3442,0.6377977919814108,0.6596126177345117,73879,-0.034442399057917863,3697,1.1635298890992765,1.1979722881571944,raw,0.0,0.0,0,0.0,0,0,0.0,1.1600000000003092,0.00014007564084605686,7139,b9c3900f91ea5b8e4893d3d2eb2580b400cf7151f6f87f224a4f7060e659738b,M1
0.3930968396067312,0.3987808156174911,2404.930000000022,4545.880000000003,-135.60999999999694,-365.7199999999898,-134.4099999999935,-263.98999999999387,1433.8837858581742,2145.032513739586,0.9888853695573615,1.4300216758263908,-1568.2937858581677,-2409.02251373958,-3348.5263126867767,-5072.178823903131,-1,-2475.430000000008,-4754.689999999998,1721,1726,2950,-65.11000000001104,-156.90999999999485,ret,ret1,3,R4P-0396,0.0,0.0,497,19479,-0.10418450639149984,1721,1.438367228355612,1.5425517347471118,19396,-0.16092029284388373,1726,2.7547450753186546,2.9156653681625384,news-clean,-70.67846949122846,-29.449999999998454,34,0.01152542372881356,18,20,1.200000000003456,101.72999999999593,0.14418334783870032,3447,4baae11af7f583b3fdcf62fa252bb5baf8b9dae5e478d8e44d5fe745be36398e,M5
0.20230638656874042,0.17078314503131625,2455.870000000001,4590.339999999982,-19.649999999997135,-189.4999999999991,-20.17999999999688,-186.85999999999922,3510.136678168252,5869.266250941605,0.98516325516931,1.42665684271794,-3530.316678168249,-6056.126250941604,-7888.312457407131,-13343.089664537218,-1,-2430.89000000001,-4673.7499999999945,3570,4119,7677,-44.62999999998783,-106.08999999998605,rsi,rsi14,1,R4P-0397,0.0,0.0,12,67831,-0.02831330807447868,3570,0.6809215686274538,0.7092348767019324,67028,-0.04417720952437743,4119,1.134680747754308,1.1788579572786855,raw,0.0,0.0,0,0.0,0,0,-0.5299999999997453,2.6399999999998727,0.0015606710885680843,7689,770688a0eff6ac05c49bb0ec86c15b2d4239bffcedd0ef6fb9a51c47bf0bb195,M5
1.9456341895758238,2.2225069485108135,2298.9500000000035,4518.060000000001,-30.98000000000434,-305.0499999999997,-55.32000000000244,-266.7099999999991,247.21353817744802,384.066978583394,0.9928254545279037,1.4172213231859558,-302.53353817745045,-650.7769785833932,-609.4604915485185,-1127.6137596002723,-1,-2411.610000000004,-4670.719999999997,316,333,520,81.67999999999643,-152.39000000000397,ret,ret3,6,R4P-0398,0.0,0.0,129,9085,-0.21486516235553238,316,7.631677215189887,7.846542377545419,9067,-0.33251902503584474,334,13.984401197604779,14.316920222640624,news-clean,0.0,0.0,0,0.0,0,0,-24.3399999999981,38.3400000000006,0.19846153846153847,650,aa644382dd3ff1acdfd4a1cffd7306e2f732c5eee48061cd178b94f4181ce31e,M5
0.07369653325874113,0.08040782079292044,2018.5900000000001,3617.8399999999788,24.84000000000151,537.3099999999872,24.44000000000142,537.3099999999872,10046.271172825784,14164.672462977767,0.9857983684452737,1.4168923139919742,-10021.831172825783,-13627.362462977779,-22494.737894566028,-31213.45339357496,1,-1999.759999999996,-3092.8499999999876,10192,9997,20188,6.009999999997262,12.319999999996071,rsi,rsi7,1,R4P-0399,0.0,0.0,1,98821,-0.026048410762895016,10192,0.1962087912087908,0.22225720197168583,98539,-0.04937385197739062,9997,0.30937781334400194,0.3587516653213926,raw,0.0,0.0,0,0.0,0,0,-0.40000000000009095,0.0,4.9531923324582696e-05,20189,a8c7a479ad2dccdd276557c523d2281220482ace99e3d302d381d9be1daeeb32,M1
0.7765386528239322,0.6268488892426937,2346.179999999998,4108.069999999989,-72.66000000000395,-587.1299999999965,-54.900000000001,-420.7599999999975,517.16609665686,768.626546629064,0.9945501858785768,1.4129164460093089,-572.0660966568611,-1189.3865466290615,-1214.151540505871,-2143.6716807307857,-1,-2420.179999999997,-4696.51,876,944,1064,1.3399999999951433,1.3100000000144973,sma,sma10,3,R4P-0400,0.0,0.0,756,21140,-0.08986518448438909,876,2.762762557077622,2.8526277415620114,20984,-0.14276401067480046,944,4.975116525423729,5.1178805360985296,raw,0.0,0.0,0,0.0,0,0,17.760000000002947,166.36999999999898,0.4153846153846154,1820,bf9a242f2c30be582e415517604c65ce78fe90634692b4211d61492dfcacb9aa,M5
1.6151355087840922,1.792795684284645,1958.6500000000028,3472.49,42.620000000002165,525.980000000005,8.100000000000819,240.19999999999982,170.73823264866002,248.21210576372002,0.9812542106244828,1.426506354963908,-162.6382326486592,-8.012105763720193,-374.6175842689692,-316.1788256867402,1,-1915.8999999999953,-2945.4799999999987,414,421,348,-0.13000000000533873,-1.0299999999961074,sma,sma20,12,R4P-0401,0.0,0.0,487,15366,-0.16109006898346895,414,4.627777777777767,4.788867846761236,15267,-0.3039654156022787,421,6.996389548693584,7.300354964295862,news-clean,0.0,0.0,0,0.0,0,0,-34.520000000001346,-285.7800000000052,0.5832335329341317,835,87afa778349fea502fe0acece72f69286ec2ca4904ef36e3b39fb3dba5e5d4d2,M1
0.20653135565742484,0.17125737531417598,2495.3399999999983,4592.699999999979,18.35000000000082,-186.9699999999957,17.820000000001073,-184.32999999999583,3463.4669052350523,5825.351617008062,0.9853390911052781,1.4253368282378425,-3445.6469052350512,-6009.681617008058,-7745.700019407734,-13242.122997161276,-1,-2433.430000000011,-4672.349999999991,3522,4092,7602,-43.55999999998653,-107.31999999998288,rsi,rsi14,1,R4P-0402,0.0,0.0,12,66922,-0.028736887720031697,3522,0.6909227711527574,0.719659658872789,66127,-0.04465377228666005,4092,1.1418255131964787,1.1864792854831387,news-clean,-68.61605808519771,24.85999999999831,78,0.010260457774269928,41,37,-0.5299999999997453,2.6399999999998727,0.0015760441292356187,7614,d5f6287b5dee4cf537185e245952066104c306dfe36ba770ee56d4b8474f95dc,M5
0.13793229756914352,0.09969735389449699,2016.3600000000101,3176.939999999978,56.21999999999866,93.04999999998427,55.869999999998754,94.53999999998405,3751.7894654517822,5525.262799607644,0.9888743978523411,1.4214722921552982,-3695.9194654517833,-5430.72279960766,-8353.93827020802,-12290.590139884414,1,-1958.4699999999928,-3069.2100000000055,3795,3888,7681,-1.6700000000187174,-14.679999999988468,sma,sma5,1,R4P-0403,0.0,0.0,2,18221,-0.13604632018001234,3795,0.5160658761528307,0.6521121963328431,18040,-0.26441019955654055,3888,0.7894058641975322,1.0538160637540728,raw,0.0,0.0,0,0.0,0,0,-0.34999999999990905,1.4899999999997817,0.0002603149811271639,7683,ad1d2c1f9394c4f60f61765a9493d5227aac889d46d7e3e3e92b4b23d55b7002,M5
0.45646902504465287,0.44236510147187197,2442.5000000000073,4554.6599999999935,-100.40999999999053,-307.9099999999921,-99.33999999999037,-304.3999999999928,1632.212127319076,2535.29437272616,0.9928297611429903,1.426727277842521,-1731.5521273190664,-2839.694372726153,-3758.0183919858323,-5987.378691517713,-1,-2476.3100000000068,-4752.969999999999,1656,1781,3421,-66.59999999999104,-109.59999999998672,ret,ret1,1,R4P-0404,0.0,0.0,16,19951,-0.1008856698912336,1656,1.4953562801932407,1.5962419500844742,19782,-0.15706652512385064,1781,2.668708590679393,2.8257751158032436,news-clean,-38.71742303766009,-26.90000000000009,10,0.0029231218941829875,5,5,1.0700000000001637,3.509999999999309,0.004655222577829503,3437,d719dc1d578217617f9ade0674e14d3022baeb29c27926ec51c856704ce47e78,M5
0.9150216656470287,0.766318924258912,2446.4599999999973,4687.269999999991,-91.95000000000368,15.739999999998872,-43.940000000002556,-153.40999999999804,458.288954161516,759.286199104774,0.985567643358099,1.4272296975653647,-502.2289541615186,-912.6961991047721,-1071.2157234768247,-1855.3848622464811,-1,-2450.939999999998,-4716.249999999996,815,939,997,-87.47000000000344,44.7200000000048,rsi,rsi7,3,R4P-0405,0.0,0.0,757,20858,-0.09504171061463278,815,3.0072883435582796,3.102330054172912,20672,-0.14939918730650165,939,5.0226304579339685,5.17202964524047,raw,0.0,0.0,0,0.0,0,0,48.01000000000113,-169.1499999999969,0.4315849486887115,1754,ee9391aff70bd7e69b56ce901415a8d976ae738ec5e0a8e05be5f0e59d9ed19a,M5
0.21126820668185697,0.18411006000658572,1937.5499999999925,3907.599999999986,-28.150000000005548,-21.050000000007913,-28.150000000005548,-21.050000000007913,3121.43886984941,5614.86817109947,0.9928240680182602,1.4150373415069228,-3149.5888698494155,-5635.918171099478,-7024.998481297351,-12607.034692772624,-1,-1966.0100000000089,-3942.060000000019,3144,3968,7112,0.31000000001085937,13.41000000002532,sma,sma100,1,R4P-0406,0.0,0.0,0,74790,-0.018662120604358654,3144,0.6253212468193412,0.6439833674236999,73608,-0.029685088577327295,3968,0.9934627016129081,1.0231477901902353,raw,0.0,0.0,0,0.0,0,0,0.0,0.0,0.0,7112,1a8cb1046d17f625328eba8f330d1295b45491a881e737d0832703d04f2b0012,M1
0.4949050256716746,0.4466501744411641,2504.9500000000016,4659.469999999994,10.870000000001482,-66.03000000000202,5.34000000000151,-66.93000000000166,1426.336923772524,2340.606987003702,0.9912000860128728,1.4142640404856206,-1420.9969237725225,-2407.536987003704,-3191.8596745263567,-5313.5079807416605,-1,-2464.4,-4763.690000000008,1459,1668,3094,-29.68000000000029,38.19000000001188,rsi,rsi7,1,R4P-0407,0.0,0.0,33,13998,-0.1434726389484215,1459,1.6891021247429747,1.8325747636913963,13753,-0.22775903439249576,1668,2.8559292565947287,3.0836882909872245,raw,0.0,0.0,0,0.0,0,0,-5.529999999999973,-0.8999999999996362,0.01055324592260953,3127,34ddd8bebb292109ced16f6c6451e22f3b70d921a78869505f676ac2c5f0440b,M5
0.0671798577310577,0.05254733833632552,2010.8899999999958,3327.840000000006,67.15999999999917,355.3699999999976,66.96999999999866,355.8999999999978,11501.898387476242,17194.75924396174,0.9871179529244972,1.4171894209150038,-11434.928387476244,-16838.859243961742,-25715.063100218093,-38186.94197567784,1,-1953.5300000000018,-3015.4199999999882,11657,12142,23785,9.800000000005184,42.94999999997981,ret,ret24,1,R4P-0408,0.0,0.0,14,35197,-0.07185697644685606,11657,0.16758428412112908,0.23944126056798515,34475,-0.13693604060913853,12142,0.24834623620490762,0.38528227681404614,raw,0.0,0.0,0,0.0,0,0,-0.19000000000050932,0.5300000000002001,0.0005882600109248288,23799,a52374d913cb8ea8c2b49c6aa7d5e2d74dd26ee629a0a1569426f3db296d9d1c,M1
0.5978243769846148,0.49809810992608006,2308.770000000015,4207.3299999999945,-140.10000000000105,-544.7400000000034,-81.72999999999706,-496.1499999999987,485.530922184422,833.1974788246101,0.9848497407391927,1.4340748344657661,-567.2609221844191,-1329.3474788246087,-1170.069845154896,-2363.800388885744,-1,-2451.9600000000046,-4745.959999999991,1068,1403,1074,3.0899999999880947,-6.110000000007403,ret,ret6,6,R4P-0409,0.0,0.0,1397,8516,-0.2277853452325053,1068,2.295842696629218,2.523628041861723,8138,-0.3781395920373565,1403,3.3827227369921533,3.76086232902951,news-clean,0.0,0.0,0,0.0,0,0,58.370000000003984,48.59000000000469,0.5653581545932821,2471,94eb2dd04db5b2e24da4435f8b8cc80c58f51edd70e2b50fd5925563524d7fa1,M5
1.1659819131980058,1.325175861947083,2254.1700000000046,4732.110000000004,-137.97999999999956,-111.42999999999984,-112.33999999999878,-171.11999999999716,309.042500737276,537.060320339568,0.9873562323874632,1.4207944982528253,-421.3825007372748,-708.1803203395652,-805.0729488677408,-1374.9653562780532,-1,-2448.210000000002,-4710.109999999999,507,584,691,56.05999999999722,-133.4300000000053,sma,sma5,6,R4P-0410,0.0,0.0,400,14952,-0.1329186730872125,507,4.8288165680473405,4.961735241134553,14850,-0.20693468013468141,584,8.065256849315066,8.272191529449747,raw,0.0,0.0,0,0.0,0,0,25.640000000000782,-59.689999999997326,0.36663611365719523,1091,ab269a97cf75a6b6f2f57bed6c0624c1a00c809e856e3f1f28d8eef55bfb8d2c,M5
0.8393329702240724,1.0397996297833385,2353.0199999999986,4762.700000000005,21.73999999999478,-60.81000000000313,-23.690000000007103,-176.43999999999915,481.698180483166,731.244271387016,0.9891133069469529,1.42542742960432,-505.38818048317313,-907.6842713870152,-1103.438578549254,-1815.5575943915712,-1,-2412.7600000000066,-4672.490000000003,716,761,1000,81.48000000000252,-151.02000000000544,ret,ret3,6,R4P-0411,0.0,0.0,477,20713,-0.09401390431130364,716,3.3697765363128585,3.463790440624162,20596,-0.1471450767139245,762,6.131968503937012,6.279113580650936,news-clean,21.23383719880848,27.720000000000482,6,0.006,1,5,-45.43000000000188,-115.62999999999602,0.3227334235453315,1478,e00f285d2b147d349e7baf08ced609b1f98f4f457e9926af660f707c97e8ce1b,M5
0.4668777050140334,0.38487782779729174,2132.029999999994,3932.6800000000057,181.41999999999643,913.949999999993,55.139999999998054,284.6099999999974,578.024498082804,940.826920731546,0.9797025391233967,1.4190451293085158,-522.884498082806,-656.2169207315486,-1240.52843997262,-1824.2967199669597,1,-1947.860000000013,-3027.650000000003,2186,2627,1253,-2.749999999984311,8.919999999990068,sma,sma50,6,R4P-0412,0.0,0.0,3560,13594,-0.1844394585846698,2186,0.8910612991765842,1.075500757761254,13067,-0.3614341470880839,2627,1.1525123715264571,1.513946518614541,raw,0.0,0.0,0,0.0,0,0,-126.27999999999838,-629.3399999999956,0.7396634115936007,4813,99879860282aec0410d91c4946ca41ad72d47a643dedad371b13cde59cfb0bea,M1
0.901278582236018,1.0867431160974297,2384.930000000004,4859.870000000003,-6.850000000001046,16.220000000001164,-18.210000000001628,-134.23000000000002,433.54111673549403,661.6080616579221,0.9830864325067892,1.4258794432282804,-451.75111673549566,-795.838061657922,-990.0123100347247,-1617.2548342856492,-1,-2448.340000000003,-4709.9699999999975,704,733,905,56.559999999998354,-133.68000000000438,sma,sma5,6,R4P-0413,0.0,0.0,532,20969,-0.09443273403595916,704,3.477755681818186,3.572188415854145,20878,-0.14733451480026746,733,6.425607094133694,6.572941608933961,raw,0.0,0.0,0,0.0,0,0,-11.360000000000582,-150.45000000000118,0.37021572720946416,1437,dcd2e30ab857eb4b6f5c74bdc923f098ae92856c5e0bd090fb7767837d734c95,M5
0.8952068919810363,1.1110995131171169,2376.130000000005,4856.630000000002,-15.330000000000155,13.389999999999418,-2.580000000000382,-163.0600000000004,429.251457783612,652.8922997882839,0.9845216921642478,1.4255290388390478,-431.8314577836124,-815.9522997882844,-964.7668425762544,-1626.5480541472784,-1,-2447.8900000000044,-4710.249999999999,698,721,894,56.429999999999154,-132.99000000000342,sma,sma5,6,R4P-0414,0.0,0.0,525,20731,-0.09562683903333319,698,3.5070057306590323,3.6026325696923656,20637,-0.1486790715704795,721,6.5329403606102625,6.681619432180742,news-clean,35.02791009801583,41.43999999999983,6,0.006711409395973154,3,3,12.749999999999773,-176.44999999999982,0.3699788583509514,1419,78de8a2e260cdf2e60a0cb594110be3df31c54fbd2c50c930bd5ca568c7c6a53,M5
0.6748093885180025,0.6165367254038837,2347.0900000000074,3845.7599999999857,-121.71000000000572,-898.6499999999987,-125.34999999999877,-726.3900000000012,814.38943760549,1117.565621126946,0.9919481578629598,1.427286872448207,-939.7394376054888,-1843.9556211269473,-1950.8413001497038,-3231.464631296258,-1,-2468.4800000000064,-4748.419999999993,994,920,1604,-0.32000000000653017,4.010000000008404,ret,ret1,6,R4P-0415,0.0,0.0,310,21022,-0.09266720578441606,994,2.483380281690147,2.5760474874745634,21008,-0.14507187738004598,920,5.161326086956514,5.3063979643365595,raw,0.0,0.0,0,0.0,0,0,-3.6399999999930515,172.2599999999975,0.1619644723092999,1914,3358a0b59f07690e66129da9b118c39b126999121b258b3828de47570fb3e65c,M5
0.9968838918484624,0.7386029328922191,2550.069999999999,4595.189999999991,37.049999999997,-129.2299999999991,-16.340000000001965,-211.62999999999784,403.139972722876,724.5172206262821,0.9784950794244563,1.4318522146764467,-419.47997272287796,-936.1472206262798,-919.996750502944,-1835.6686014932668,-1,-2432.430000000002,-4673.839999999993,767,975,918,-80.58999999999946,-50.57999999999765,rsi,rsi14,3,R4P-0416,0.0,0.0,824,20906,-0.09395628049363947,767,3.1713559322033924,3.2653122126970318,20636,-0.14731149447567257,975,4.793682051282044,4.940993545757716,raw,0.0,0.0,0,0.0,0,0,-53.38999999999896,-82.39999999999873,0.4730195177956372,1742,a05c4c47ab5f0ce621e7c22fc603e5dbd0d7f984d82322850c7c6d66145e9f1f,M5
0.0674546036420733,0.05193927059174922,2011.4099999999974,3313.5400000000072,67.41999999999939,341.73999999999796,67.22999999999888,342.26999999999816,11481.540748915877,17151.662856210824,0.9871499225273731,1.4171414406519725,-11414.31074891588,-16809.392856210823,-25669.170519096453,-38103.969444723705,1,-1953.580000000002,-3015.0599999999877,11636,12112,23734,9.59000000000401,43.25999999997839,ret,ret24,1,R4P-0417,0.0,0.0,14,35218,-0.0718155488670564,11636,0.16789102784462032,0.23970657671167672,34494,-0.136848437409406,12112,0.2489316380449131,0.38578007545431914,news-clean,0.0,0.0,0,0.0,0,0,-0.19000000000050932,0.5300000000002001,0.0005895233282802762,23748,cd6c9c74249617fb3f21860430f76ef7cdc20069cea8781141226fec2550a7e1,M1
0.13188190967585622,0.09711769747040733,2495.7999999999956,4510.719999999993,31.91000000000122,-218.4999999999868,32.11000000000104,-219.0599999999863,7671.701021085047,11402.255859786685,0.98773027180186,1.432624181403026,-7639.591021085045,-11621.315859786671,-17164.359921557705,-25777.739802340064,-1,-2484.01000000001,-4770.220000000008,7768,7963,15726,20.120000000016034,41.000000000029104,sma,sma20,1,R4P-0418,0.0,0.0,5,39086,-0.048825410632963716,7768,0.319774716786819,0.3686001274197827,38643,-0.07931138886732256,7963,0.5990480974507106,0.6783594863180332,news-clean,0.0,0.0,0,0.0,0,0,0.1999999999998181,-0.5599999999994907,0.00031784374801347657,15731,cde3a7773d654de0d5027e800648bbf60378be653d6c222c7083caaee97ecabd,M1
1.0227940297539992,0.7274973368830286,2565.62,4561.819999999989,53.269999999998845,-162.5799999999981,-28.670000000002346,-240.04999999999654,394.85580169013804,726.8250346860701,0.9773658457676684,1.4307579422954135,-423.5258016901404,-966.8750346860666,-913.7574009806234,-1869.2616727123116,-1,-2431.700000000002,-4673.2299999999905,752,984,912,-80.64999999999895,-51.169999999996435,rsi,rsi14,3,R4P-0419,0.0,0.0,824,20677,-0.09509358224113885,752,3.2336436170212792,3.328737199262418,20374,-0.14878128987925673,984,4.749217479674787,4.897998769554044,news-clean,2.6181258617454177,8.389999999999418,5,0.005482456140350877,2,3,-81.94000000000119,-77.46999999999844,0.47465437788018433,1736,98cf5869759716a2900eb24db370afd5688aea36829724bc68e27931b46670e0,M5
1.405910418557775,1.0736713564516887,1824.8000000000006,3266.8099999999986,97.83000000000129,-81.38999999999578,6.669999999999391,-133.4799999999941,191.58707600066202,323.563024986872,0.9926791502624975,1.4316948008268673,-184.91707600066263,-457.0430249868661,-422.7812234779796,-858.7613704409181,-1,-1726.5700000000004,-3348.4200000000014,375,466,419,-0.3999999999989541,0.22000000000707587,sma,sma100,3,R4P-0420,0.0,0.0,422,15404,-0.07878343287457755,375,4.604186666666668,4.6829700995412455,15265,-0.10902129053390126,466,7.185450643776827,7.294471934310728,news-clean,1.5329695035844,2.5600000000004,1,0.002386634844868735,0,1,-91.1600000000019,-52.08999999999833,0.5017835909631391,841,0006cc7dee004da435a85aaed90c96f59754a64180c3d1dcfc9414eeaaf98692,M5
1.0816933970823055,1.274622741421757,2221.8400000000033,4547.450000000006,-108.71000000000276,-274.7400000000025,-102.33000000000334,-267.9399999999978,357.427490093262,582.995210235116,0.990103850673856,1.4184798302557566,-459.75749009326535,-850.9352102351138,-903.5201230446824,-1574.7505204080198,-1,-2412.4300000000035,-4672.920000000003,517,593,772,81.87999999999738,-149.27000000000635,ret,ret3,6,R4P-0421,0.0,0.0,338,14874,-0.13122697324189886,517,4.6662088974855,4.797435870727399,14780,-0.20541001353180124,594,7.866986531986536,8.072396545518338,news-clean,19.17127057113601,22.24000000000001,3,0.0038860103626943004,0,3,6.379999999999427,6.800000000004729,0.30423042304230424,1111,5fa6fab6622d7c63e7563cd06a3ebd2cf8767f15a99c2459452781dc4c0d9f6f,M5
0.10117174790874456,0.10945190515823731,2141.5200000000077,4244.7300000000005,-76.12000000000467,-89.71000000000276,-76.12000000000467,-85.47000000000253,6874.487292886568,10495.189085969658,0.9925624159524354,1.4261705511577194,-6950.607292886573,-10580.65908596966,-15485.598763039561,-23610.917999738464,-1,-2224.060000000036,-4360.750000000036,6926,7362,14285,6.420000000023265,26.310000000033597,ret,ret24,1,R4P-0422,0.0,0.0,3,71008,-0.023290192654348955,6926,0.3211175281547843,0.34440772080913323,70214,-0.03708306035833203,7362,0.5923322466721049,0.6294153070304369,raw,0.0,0.0,0,0.0,0,0,0.0,4.2400000000002365,0.00020996640537513997,14288,298bda07ccf686c9c3d9b6e61aad7fc677cde909c0d9ffb863d654471678060f,M1
1.764953495214936,1.7201403161372648,1817.970000000002,2884.0299999999975,6.810000000001537,266.31999999999744,15.80999999999949,199.92999999999756,222.077944147866,304.889995430098,0.9870130851016267,1.4180930020004558,-206.2679441478665,-104.95999543010045,-481.98790374039754,-483.49491666044344,1,-1810.4300000000005,-2615.6800000000026,321,299,440,-0.7300000000000182,-2.0299999999974716,ret,ret12,12,R4P-0423,0.0,0.0,180,15459,-0.15329840222524027,321,5.639968847352026,5.793267249577267,15389,-0.2801247644421335,299,8.748093645484959,9.028218409927092,news-clean,0.0,0.0,0,0.0,0,0,8.999999999997954,-66.38999999999987,0.2903225806451613,620,09a68823c508a88875718fa9fad4e3e84d3dca3f9907710e7b93604e5bfa9f0a,M1
0.10395851376386564,0.08219879080149747,1945.919999999996,3254.5299999999893,36.609999999992624,351.3199999999988,36.609999999992624,357.52999999999975,7217.274438578746,10233.477205149458,0.988261596409523,1.408018327621004,-7180.664438578754,-9875.94720514946,-16141.241881529364,-22581.27880654756,1,-1923.060000000016,-2936.4999999999873,7303,7274,14571,13.750000000012733,33.28999999999678,sma,sma50,1,R4P-0424,0.0,0.0,6,39551,-0.06317615230967628,7303,0.26332466109818103,0.3265008134078573,39332,-0.11801815315773544,7274,0.40369810283200264,0.521716255989738,news-clean,0.0,0.0,0,0.0,0,0,0.0,6.210000000000946,0.00041160732661041366,14577,84e04471fb06aa7341287ddd6a11270c49f0dd3f0d81364dfc1700e457a57685,M1
1.8460773632705414,1.4165457868382274,2447.810000000002,4528.759999999991,-87.8400000000031,-140.6699999999978,-48.42000000000053,-154.21999999999662,244.262103187788,430.40924625590804,0.984927835434629,1.4251961796553247,-292.6821031877885,-584.6292462559046,-595.9447145450465,-1119.0020790515825,-1,-2449.3200000000015,-4713.989999999997,392,487,550,-86.33000000000402,44.560000000007676,rsi,rsi7,3,R4P-0425,0.0,0.0,329,8904,-0.22374663072776338,392,6.248265306122453,6.472011936850216,8808,-0.3482027702089,487,9.679650924024635,10.027853694233535,raw,0.0,0.0,0,0.0,0,0,39.420000000002574,-13.549999999998818,0.3742889647326507,879,d26ea182f8acb648c199cdc01c7932804c56bed7f77637183ad5442c41c8eec1,M5
1.8356684969055257,1.4040013400918587,2458.420000000001,4520.329999999991,-77.48000000000252,-148.84999999999718,-53.30000000000064,-169.53999999999633,246.13450513462,432.443269677356,0.98453802053848,1.4225107555176184,-299.4345051346207,-601.9832696773524,-605.0217894557907,-1138.8814359480984,-1,-2449.540000000001,-4713.709999999997,396,491,554,-86.3600000000024,44.530000000008386,rsi,rsi7,3,R4P-0426,0.0,0.0,333,8882,-0.22435825264580114,396,6.185707070707073,6.410065323352874,8792,-0.3488341674249308,491,9.600224032586553,9.949058200011484,news-clean,0.0,0.0,0,0.0,0,0,24.180000000001883,-20.689999999999145,0.3754227733934611,887,fd36722a5342bb087feb2bc69d55e92cca76b5361fbe6e745a863bab9b695774,M5
0.0864701601573329,0.07763723510246831,1888.2300000000005,3087.610000000013,-7.36999999999307,274.22000000000025,-7.239999999993415,274.9900000000007,7338.023738290137,10465.491416465014,0.9880198920546839,1.4131098320908742,-7345.263738290129,-10190.501416465013,-16455.756978605605,-23183.889309467562,1,-1909.049999999997,-2838.739999999988,7428,7411,14833,13.450000000003456,25.349999999975353,ret,ret24,1,R4P-0427,0.0,0.0,6,39426,-0.06302110282554627,7428,0.25700726978998345,0.32002837261552974,39206,-0.11590547365199333,7411,0.38304412360005236,0.4989495972520457,raw,0.0,0.0,0,0.0,0,0,0.1299999999996544,0.7700000000004366,0.0004043399150886178,14839,eb67451fed401c824a62a4f9a87aa0f5f228f4bee53887705b1b50abb0159f10,M1
1.6682441919739484,1.3579211777280398,2372.620000000001,4495.329999999988,-66.21999999999616,-225.77000000000453,-39.7200000000023,-378.32999999999765,195.15254549560802,334.13322157966206,0.9806660577668745,1.4279197503404362,-234.8725454956103,-712.4632215796597,-477.16338713023833,-1127.3049519834767,-1,-2437.369999999998,-4720.509999999995,428,565,433,-1.469999999998663,-0.5899999999978718,rsi,rsi14,12,R4P-0428,0.0,0.0,560,9156,-0.21026976845784282,428,5.694789719626164,5.905059488084007,8976,-0.3400011140819976,565,8.354884955752203,8.694886069834201,news-clean,0.0,0.0,0,0.0,0,0,26.49999999999386,-152.55999999999312,0.5639476334340383,993,468e8d633748147bc1e24e4b4290284fe648d89f9d41876aa676e77491a9c94a,M5
2.819406231927138,2.2025901681267754,2478.3599999999997,4475.169999999993,-36.30000000000496,-246.83999999999605,-39.760000000001355,-191.37999999999738,184.172540995664,302.521483347932,0.9796411755088511,1.4136517913454767,-223.93254099566536,-493.9014833479294,-452.59120313048936,-869.4957893656914,-1,-2432.7400000000025,-4671.289999999995,265,312,402,-81.92000000000189,-50.71999999999389,rsi,rsi14,3,R4P-0429,0.0,0.0,175,9136,-0.2159785464098084,265,9.180150943396235,9.396129489806043,9089,-0.33176917152602087,312,14.972083333333318,15.30385250485934,news-clean,0.0,0.0,0,0.0,0,0,-3.4599999999963984,55.45999999999867,0.30329289428076256,577,14356d5742b004a88e0e0200a9b62d1b584a607bf38eff43c47338434e9e8d93,M5
0.3414457446817756,0.45416593817112155,2390.5899999999974,4621.159999999996,12.68999999999437,-68.44000000000415,9.749999999994316,-69.00000000000409,1853.6489633563501,2684.5785785766,0.9981954568424072,1.4204119463368254,-1843.8989633563558,-2753.5785785766043,-4145.2892221785805,-6086.606089394704,-1,-2442.9600000000087,-4707.770000000004,1866,1892,3747,65.06000000000563,18.170000000003256,sma,sma10,1,R4P-0430,0.0,0.0,11,44062,-0.0434664790522449,1866,1.3091961414791042,1.3526626205313492,43937,-0.06846393700070542,1893,2.486925515055469,2.5553894520561746,raw,0.0,0.0,0,0.0,0,0,-2.9400000000000546,-0.5599999999999454,0.002926310188880021,3759,001b4fc545b74f13bc7c8fe49d439e0221598e1f71331f6769132a2fca1088da,M1
0.7461857664021694,0.7287945879777632,2293.46,4498.449999999992,-231.75000000000682,-309.08000000000357,-181.71000000000026,-219.69999999999663,598.5902692643941,940.6516648875801,0.9910434921595929,1.420923965086979,-780.3002692643943,-1160.3516648875766,-1523.4775606647734,-2328.2138775441067,-1,-2413.5900000000047,-4673.640000000005,889,964,1266,-111.62000000000216,-133.88999999999078,ret,ret3,3,R4P-0431,0.0,0.0,587,20718,-0.0941234675161695,889,2.7149493813273393,2.809072848843509,20599,-0.146985776008545,964,4.848174273858926,4.995160049867471,news-clean,-4.608139783668346,-2.6200000000003456,2,0.001579778830963665,0,2,50.04000000000656,89.38000000000693,0.3167835941716136,1853,8e526e0b3025d8ef7f7fa527ebbd25f776f5c87a680772f91a5aa6e695264557,M5
0.6798543668658699,0.8096539081799324,2289.590000000007,4157.559999999992,-190.95000000000232,-736.7499999999982,-122.1199999999958,-637.0999999999972,679.511183210968,1010.50001909194,0.996350708520481,1.425246853444203,-801.6311832109639,-1647.6000190919372,-1645.2755028493518,-2902.1821704137274,-1,-2472.0300000000075,-4761.429999999997,873,873,1391,-8.51000000000181,-132.87999999999374,body,body,6,R4P-0432,0.0,0.0,355,20816,-0.09667371252882384,873,2.831649484536091,2.928323197064915,20791,-0.14914674618825352,873,5.454100801832757,5.60324754802101,news-clean,1.6197311436123822,2.580000000000382,1,0.0007189072609633358,1,0,68.83000000000652,99.650000000001,0.20332187857961054,1746,983e21d87afb4c98b2b28468a7a91e7f1f51e217859f15871204fd80e24d2b13,M5
0.2683067477335863,0.22942917560004727,2305.8299999999854,3992.839999999976,-172.26000000001045,-761.3200000000134,-129.9100000000044,-409.2500000000068,1395.0127172718742,2104.7571863429503,0.991480253924573,1.4298622189829826,-1524.9227172718786,-2514.007186342957,-3256.8950284984376,-5127.159829618282,-1,-2477.6899999999932,-4759.760000000002,2531,2719,2879,-0.4000000000023647,5.600000000012642,ret,ret3,3,R4P-0433,0.0,0.0,2371,13248,-0.1483016304347815,2531,0.9789371789806374,1.1272388094154189,13012,-0.23636258837995722,2719,1.7505553512320713,1.9869179396120284,news-clean,-9.85991417552982,-3.949999999999818,6,0.0020840569642236887,2,4,42.35000000000605,352.07000000000653,0.45161904761904764,5250,83bda9ede2757ede9c7351d2102bb7528d059fde7cfeae434a7623e94d33ab4d,M5
1.210933299415187,1.0233825754423025,2196.2000000000016,3672.479999999997,286.87000000000035,741.740000000008,34.3700000000008,200.02000000000635,221.621612621882,337.35130693997206,0.9938188906810852,1.4234232360336374,-187.2516126218812,-137.33130693996566,-462.4050156234682,-556.1684361798676,1,-1908.159999999994,-2928.4799999999987,481,520,460,-1.1700000000073487,-2.259999999990214,rsi,rsi14,6,R4P-0434,0.0,0.0,541,15319,-0.1580573144461127,481,3.9670686070685943,4.125125921514707,15216,-0.3031591745531018,520,5.631692307692305,5.934851482245406,raw,0.0,0.0,0,0.0,0,0,-252.49999999999955,-541.7200000000016,0.5404595404595405,1001,7bd1dc1052f70dd913777a9666c90e79fde14b5b686929e397fb6ef70ef3e470,M5
0.747682507719976,0.8871233054015426,2396.189999999997,4737.889999999999,14.600000000000591,-48.340000000000146,-140.9799999999991,-257.3099999999977,378.635370857372,604.183359690234,0.9834684957334338,1.421607905153492,-519.6153708573711,-861.4933596902317,-989.7085612081731,-1611.6147297810508,-1,-2418.9700000000007,-4728.320000000006,835,888,810,37.38000000000443,-57.90999999999394,sma,sma10,6,R4P-0435,0.0,0.0,913,20365,-0.09687945003682878,835,2.8969700598802404,2.993849509917069,20234,-0.15295245626173656,888,5.324684684684692,5.477637140946428,news-clean,27.623770592388077,37.42000000000007,9,0.011111111111111112,5,4,-155.5799999999997,-208.96999999999753,0.5298897272199652,1723,e003dea2fda7646c13c2ea26acdf6c395dbbdbfe81e3940788d66d7d78a235f5,M5
3.6551080130715823,2.4632644980078946,1594.279999999999,2452.089999999999,-4.029999999999973,91.1299999999992,-4.029999999999973,91.1299999999992,105.340654355642,181.55619122241802,1.0128909072657886,1.3965860863262924,-109.37065435564197,-90.4261912224188,-240.155911225389,-315.8365346258818,1,-1599.3199999999974,-2362.690000000003,104,130,234,1.0099999999983993,1.7300000000032014,sma,sma50,1,R4P-0436,0.0,0.0,0,9480,-0.2227278481012644,104,15.378076923076899,15.600804771178163,9414,-0.42824835351603857,130,18.174538461538482,18.60278681505452,raw,0.0,0.0,0,0.0,0,0,0.0,0.0,0.0,234,2c07571febd903845f137296fb636b7d3d7f7dfe91eb2aadd9feccc106d58c53,M5
0.026963884707669618,0.03134905161661227,2070.670000000009,3841.0899999999806,92.24000000002366,755.7699999999718,91.82000000002358,751.8399999999724,30500.160576171453,43136.20327916743,0.9877634748420058,1.4232143349885324,-30408.34057617143,-42384.36327916745,-68275.68969702152,-95939.93932870343,1,-1993.7199999999912,-3111.7599999999925,30880,30315,61187,15.29000000000542,26.439999999983684,ret,ret3,1,R4P-0437,0.0,0.0,8,78056,-0.03290112227119051,30880,0.06456347150259038,0.09746459377378089,78204,-0.062453455066238284,30315,0.10264753422398128,0.16510098929021955,news-clean,-9.9887042183578,-5.9699999999998,4,6.537336362299181e-05,1,3,-0.42000000000007276,-3.9299999999993815,0.00013072963477408285,61195,f844077c037db725af616d9591e42faeeb5ed00f0f44678275fe933de82b5f69,M1
0.8706929465901947,0.7380149002675125,2490.579999999998,4673.219999999996,-44.390000000004875,5.089999999996053,-17.200000000002774,-125.56999999999698,465.46221206408,762.999687985798,0.9819877891647257,1.428838367014603,-482.6622120640828,-888.569687985795,-1060.5549101883628,-1835.868817911088,-1,-2448.6900000000023,-4716.38,842,953,1008,-86.28000000000088,48.250000000000455,rsi,rsi7,3,R4P-0438,0.0,0.0,787,20831,-0.0950751284143837,842,2.9081828978622357,3.0032580262766193,20658,-0.1492138638784,953,4.948982161594963,5.098196025473364,raw,0.0,0.0,0,0.0,0,0,27.1900000000021,-130.65999999999303,0.4384401114206128,1795,8e51e185ce8756b57f829f3ca800035e6bc05684e8e8514d7661d7d37593e846,M5
0.2934540236407363,0.32376273416859236,2556.8799999999983,4769.370000000001,38.299999999992224,11.910000000007585,35.289999999992006,22.190000000007785,3403.5518833605943,4772.527645738935,0.9891170832201669,1.4216644759424888,-3368.261883360602,-4750.337645738927,-7593.927748097682,-10675.649746900195,-1,-2503.1700000000046,-4792.820000000001,3445,3359,6798,-15.410000000001673,35.36000000000695,body,body,1,R4P-0439,0.0,0.0,6,72514,-0.02712262459663031,3445,0.7266095791001465,0.7537322036967767,72365,-0.042748428107510346,3359,1.4268591842810363,1.4696076123885466,news-clean,-0.41532569924403645,0.5399999999999636,1,0.00014710208884966165,0,1,-3.0100000000002183,10.2800000000002,0.0008818342151675485,6804,0268390d0b0576e08d9ef4b28008438f80aafdb307201514e5209ecc3ba36a5e,M1
0.41406217493536823,0.29439850954493907,1823.9100000000014,3326.4699999999975,24.599999999999227,-32.79999999999973,24.599999999999227,-32.79999999999973,1600.0572812055602,3032.3659646259202,0.9956797020569759,1.445360326323127,-1575.4572812055608,-3065.16596462592,-3562.001828325021,-6829.98747636664,-1,-1801.1899999999962,-3365.7400000000107,1607,2098,3705,1.87999999999397,6.470000000013442,ret,ret48,1,R4P-0440,0.0,0.0,0,45247,-0.027086215660706917,1607,1.1208400746733018,1.1479262903340088,44519,-0.03729396437476017,2098,1.6042612011439517,1.6415551655187117,raw,0.0,0.0,0,0.0,0,0,0.0,0.0,0.0,3705,84f7b99f3e836d00298c4385c451ebea7cbfaa9bd62be25015cbf546a704f877,M1
1.2136573632177479,1.0596106270416832,2091.0000000000023,3674.609999999999,135.1499999999976,612.4499999999989,106.96999999999753,406.6599999999944,442.829931060242,673.1799384306761,0.9906709867119509,1.4262286831158393,-335.8599310602445,-266.51993843068163,-885.6536132460915,-1102.3037254380476,1,-1956.5499999999993,-3061.0499999999965,639,742,919,0.6999999999945885,-1.1100000000037653,ret,ret1,24,R4P-0441,0.0,0.0,462,15141,-0.16616868106465807,639,3.0618935837245687,3.2280622647892265,14946,-0.31822628127927116,742,4.125404312668459,4.44363059394773,news-clean,0.0,0.0,0,0.0,0,0,-28.180000000000064,-205.7900000000045,0.33454018826937004,1381,8feb07c6a4e72f46b6f4c2b37e90dabbadcd1b7fae53652fdf9d1cdfea195eae,M1
0.9038056877402965,0.6723230381288449,1478.0300000000045,2296.079999999998,-17.710000000002765,95.07000000000335,-1.0900000000021919,77.28000000000293,288.03027213152603,487.423587131808,0.986405041546322,1.4046789254518963,-289.1202721315282,-410.1435871318051,-646.7230737668692,-1015.302339993133,1,-1494.2500000000068,-2197.1599999999976,456,607,639,-1.4900000000004638,-3.8499999999971806,ret,ret48,3,R4P-0442,0.0,0.0,424,15324,-0.13401592273557786,456,3.2768640350877343,3.410879957823312,15081,-0.2580942908295198,607,3.6197034596375577,3.8777977504670775,news-clean,0.0,0.0,0,0.0,0,0,16.620000000000573,-17.79000000000042,0.3988711194731891,1063,ab0ad11f293e4391c72b7ded5af2fcb492a764f5170cc2d0d953403ae9ef65b4,M1
0.09489654140100881,0.08660717722916739,2560.1499999999933,4613.750000000014,88.7499999999909,-155.42999999998483,88.399999999991,-155.38999999998487,10408.02432719624,13872.877567687547,0.9898263744361617,1.4240276706720947,-10319.62432719625,-14028.267567687531,-23241.664192083088,-31252.081746418942,-1,-2481.430000000021,-4800.44000000003,10516,9743,20257,10.030000000019072,31.260000000030686,sma,sma5,1,R4P-0443,0.0,0.0,2,98420,-0.01937634627108277,10516,0.2359670977558027,0.25534344402688547,98776,-0.03065613104397752,9743,0.49270655855486295,0.5233626895988405,news-clean,-3.3674148595798186,0.3000000000001819,3,0.00014809695413930986,2,1,-0.34999999999990905,0.03999999999996362,9.872155585172022e-05,20259,6995b6ce1a31f9b73c010e1b375323a7ba11d85a29d40361249483bf12d6f872,M1
0.22861770378145105,0.17932457987939304,2561.8400000000056,4347.819999999992,39.06000000000381,-250.50000000000773,37.2100000000039,-247.10000000000764,3512.846554417906,5194.40158870594,0.9856471813742722,1.4231237229331344,-3475.636554417902,-5441.501588705948,-7836.996769205573,-11890.589552276739,-1,-2353.8300000000036,-4485.290000000021,3570,3653,7214,-168.94999999999823,-113.02999999997883,sma,sma20,1,R4P-0444,0.0,0.0,9,67831,-0.027177249340271513,3570,0.6593361344537825,0.686513383794054,67494,-0.041079947847216,3653,1.2278373939228089,1.2689173417700248,raw,0.0,0.0,0,0.0,0,0,-1.849999999999909,3.400000000000091,0.001246019659421293,7223,2ded3f7bcd8ee09d623ff13b1c43a991a652ade8c3ddeb660c22291ddd4c1e8a,M5
0.9508792124181374,1.0226501331684172,2373.3599999999974,4720.449999999986,6.3799999999966985,-222.62000000000035,-41.639999999998054,-207.08999999999878,279.046904818296,489.99344905992604,0.9825595240080846,1.4243995612207152,-320.68690481829407,-697.0834490599248,-667.13644378233,-1305.4328043446658,-1,-2432.6000000000004,-4673.1899999999905,646,830,628,65.61999999999989,-269.87999999999647,rsi,rsi14,6,R4P-0445,0.0,0.0,848,21027,-0.09328482427355383,646,3.7656346749226013,3.8589194991961553,20781,-0.14651219864299095,830,5.63034939759035,5.776861596233341,raw,0.0,0.0,0,0.0,0,0,-48.01999999999475,15.530000000001564,0.5745257452574526,1476,8d87e21f3f84d4d3eebdd75598babddfa22f4ea2ecf0a589642349f83ec05e70,M5
1.5533633620289926,0.9227828593995668,2098.410000000001,3098.4599999999964,141.98000000000252,31.47999999999911,43.35999999999922,78.92999999999984,152.284712519296,231.731372499498,0.9953249184267712,1.439325295027938,-108.92471251929679,-152.8013724994982,-297.9931718868328,-440.50650622274117,1,-1956.0900000000008,-3073.939999999999,335,462,314,-0.3399999999978718,6.960000000001855,rsi,rsi14,12,R4P-0446,0.0,0.0,483,3033,-0.8131223211341884,335,5.839074626865674,6.652196947999863,2888,-1.6427943213296345,462,6.653549783549781,8.296344104879417,news-clean,0.0,0.0,0,0.0,0,0,-98.6200000000033,47.45000000000073,0.6060225846925973,797,2d0d463370c8a187444e82e8b701bf4bb2ef7e0afd67ee9f0ed190200d8341fd,M5
1.5622559456226555,0.9213857565219511,2104.8100000000013,3095.399999999996,139.23000000000252,28.439999999999145,34.60999999999967,78.92999999999984,151.21230142154602,231.731372499498,0.9948177725101711,1.439325295027938,-116.60230142154634,-152.8013724994982,-304.33931322195735,-440.50650622274117,1,-1965.1500000000008,-3073.929999999999,334,462,313,-0.4299999999980173,6.970000000002074,rsi,rsi14,12,R4P-0447,0.0,0.0,483,3034,-0.8158404746209602,334,5.883682634730541,6.699523109351501,2890,-1.6417197231833858,462,6.653528138528136,8.295247861711522,raw,0.0,0.0,0,0.0,0,0,-104.62000000000285,50.49000000000069,0.6067839195979899,796,63f5e7fc06a0182c3d40463623681b80b0d25d9a9bfe8122043f5e72ad95eadd,M5
0.1700742419794553,0.14647078535408017,2299.0999999999863,3929.049999999968,-185.31000000000745,-845.8200000000238,-118.15000000000305,-603.3300000000067,2010.82967737541,3038.541518554662,0.9910446906729473,1.43192343004461,-2128.9796773754133,-3641.871518554669,-4625.517006664349,-7414.360265720986,-1,-2487.279999999993,-4780.890000000007,3980,4220,4151,2.8699999999992087,6.0200000000149885,sma,sma5,3,R4P-0448,0.0,0.0,4049,11820,-0.1670186125211494,3980,0.6249447236180887,0.7919633361392382,11516,-0.26888676623827784,4220,1.1329123222748831,1.401799088513161,raw,0.0,0.0,0,0.0,0,0,67.1600000000044,242.49000000001706,0.49378048780487804,8200,279464dacbe3658ff15523ee0bdf2b0d2874b9776bdac2355730a644c9cbe966,M5
0.6069385599230634,0.8115226598397104,2168.250000000002,4564.139999999996,-119.16000000000281,-140.38999999998487,-58.610000000003765,-205.98999999998705,546.088453372054,805.779918558386,0.9928880970400982,1.418626617180257,-604.6984533720578,-1011.7699185583731,-1282.6923304492468,-2012.1826683377242,-1,-2337.4999999999973,-4541.260000000002,901,931,1118,50.089999999992415,-163.26999999997906,ret,ret6,3,R4P-0449,0.0,0.0,714,20788,-0.09033240330960104,901,2.5943396226415065,2.6846720259511074,20733,-0.1389446775671627,931,4.877830290010744,5.0167749675779065,news-clean,0.25944962170825453,1.2200000000002547,1,0.0008944543828264759,1,0,60.549999999999045,-65.60000000000218,0.38973799126637554,1832,f44ec386fe1f92fc49fa422a7575a9d71f1da48d97eed50867d1df542731625f,M5
0.8517142420666289,0.5482127707596833,2863.8199999999933,5208.309999999986,375.00999999999704,422.7299999999982,21.990000000002738,-109.36000000000467,534.5455122592141,803.8035921331041,0.9935790190691711,1.4302555020161993,-512.5555122592112,-913.1635921331088,-1176.2182979414604,-1911.1226416489728,-1,-2491.6499999999883,-4786.009999999985,1903,2033,1100,2.8399999999917327,0.4299999999971078,rsi,rsi7,12,R4P-0450,0.0,0.0,2836,13877,-0.13924046984218488,1903,1.3093273778244814,1.4485678476666664,13661,-0.22624990849864543,2033,2.3541613379242423,2.5804112464228877,raw,0.0,0.0,0,0.0,0,0,-353.0199999999943,-532.0900000000029,0.7205284552845529,3936,9142d958f3c188f23bad212bc1d77b1727c13de95217b67a38686abc473edb14,M1
1.7787931776068326,1.1430199124168396,2488.8700000000044,4453.069999999987,32.47999999999888,-67.84000000000106,-16.2900000000036,-129.52999999999884,260.03875511280603,503.14215105134207,0.9887405137369051,1.4173018339474424,-276.32875511280963,-632.6721510513408,-599.1788037826307,-1257.3462230560378,-1,-2355.0699999999997,-4482.859999999999,437,608,618,-101.32000000000562,-38.04999999998881,sma,sma20,3,R4P-0451,0.0,0.0,427,15075,-0.12576849087893913,437,5.389176201372997,5.5149446922519365,14879,-0.19071442973318062,608,7.373124999999998,7.563839429733179,raw,0.0,0.0,0,0.0,0,0,-48.77000000000248,-61.68999999999778,0.40861244019138754,1045,9b57b232e5b581d4df7c1d70535c08062d6c0723b5e3ef52787a82ad07c3d433,M5
1.710889704733715,0.918190503421687,1637.0099999999995,2332.8700000000003,-6.139999999999645,31.02999999999929,-6.139999999999645,31.02999999999929,285.128577188596,570.627355186558,1.0075214741646503,1.4089564325594026,-291.26857718859566,-539.5973551865587,-645.2687913986816,-1248.0574047645118,1,-1644.0299999999988,-2316.249999999999,283,405,688,0.8799999999996544,14.409999999998035,sma,sma100,1,R4P-0452,0.0,0.0,0,15497,-0.14218493902045476,283,5.809293286219077,5.951478225239532,15289,-0.2623755641310739,405,5.7191358024691334,5.981511366600207,raw,0.0,0.0,0,0.0,0,0,0.0,0.0,0.0,688,dcef11ee6469c64a30e863404c0c248ec8337726589f733c049a63ed6bf154c9,M1
0.7332031034838682,0.5975609588493123,2338.6600000000044,4022.569999999985,-106.55000000000337,-692.7799999999997,-108.56999999999925,-383.74999999999864,631.160133541998,880.35462890725,0.9923901470786132,1.422220725213651,-739.7301335419972,-1264.1046289072488,-1523.3444059639903,-2357.1053046576235,-1,-2447.3200000000024,-4718.349999999997,940,941,1255,2.1099999999948977,3.000000000012278,sma,sma5,3,R4P-0453,0.0,0.0,626,21055,-0.09152315364521443,940,2.60353191489362,2.695055068538834,20982,-0.14382708988656995,941,5.014187035069072,5.158014124955642,news-clean,0.0,0.0,0,0.0,0,0,-2.019999999995889,309.0300000000011,0.3328017012227539,1881,7c035d7b5a5fc9a876a07601360f4204b3ec5965d969542058b1052638c7b3c0,M5
0.26214719114994417,0.25880010140979287,2001.8399999999965,3771.4299999999944,121.23999999999842,911.3500000000031,51.93999999999937,231.79999999999927,849.068741447284,1314.91345197548,0.9953912560929472,1.4184611132421576,-797.1287414472847,-1083.1134519754808,-1851.2865507127788,-2715.6388481396607,1,-1879.859999999987,-2857.509999999996,1992,2185,1780,-0.7400000000111504,-2.5699999999951615,sma,sma50,3,R4P-0454,0.0,0.0,2397,13787,-0.1735584246028864,1992,0.9437048192771019,1.1172632438799883,13546,-0.33528126384172413,2185,1.3077848970251698,1.643066160866894,news-clean,5.120455648512381,6.080000000000382,1,0.0005617977528089888,0,1,-69.29999999999905,-679.5500000000038,0.5738568350490783,4177,731308e2f0d57cb0a0df1efb2970198d0fa399e5d4a9f88db44df318ad20ca45,M5
3.4476003162370286,3.2644732061613206,1646.6900000000007,2650.4999999999986,-14.799999999998363,238.49999999999864,0.7800000000002001,76.27999999999884,78.83988713890801,113.76675277320801,0.9979732549228862,1.3873994240635124,-78.05988713890781,-37.48675277320917,-175.9432252750858,-178.73339727943718,1,-1661.529999999996,-2411.61,144,167,161,0.03999999999700776,-0.38999999999987267,sma,sma50,12,R4P-0455,0.0,0.0,150,15636,-0.1420401637247368,144,11.538402777777751,11.680442941502488,15521,-0.26459442046259846,167,14.440778443113773,14.705372863576372,news-clean,0.0,0.0,0,0.0,0,0,15.579999999998563,-162.2199999999998,0.48231511254019294,311,eacef9cdc6bce1ce41efaca575914bb291ae16bd7305c1c9f2b8979c05aaf7b3,M1
0.3894307449782448,0.36978528259397403,2302.8600000000156,4344.479999999994,-240.4800000000007,-565.7499999999859,-231.19999999999663,-450.9899999999843,1339.96847180368,2122.601339881386,0.9925692383730962,1.4293611716372971,-1571.1684718036768,-2573.5913398813705,-3234.800826416557,-5208.898318841221,-1,-2476.3100000000068,-4752.969999999999,1656,1781,2835,-67.03000000000952,-157.25999999998112,ret,ret1,3,R4P-0456,0.0,0.0,602,19951,-0.1008856698912336,1656,1.4953562801932407,1.5962419500844742,19782,-0.15706652512385064,1781,2.668708590679393,2.8257751158032436,news-clean,-27.95845808350093,-23.929999999998927,3,0.0010582010582010583,3,2,9.280000000004065,114.76000000000158,0.17515274949083504,3437,5b4fc805e0297620b3e99f7a27097a8bd88749373dcaa2571a7e7760742fe689,M5
1.2837961257990655,1.4840640941468413,2967.5799999999954,8042.199999999993,1024.4099999999971,5026.809999999993,151.27000000000044,642.3299999999917,229.717568758222,342.593980830738,0.9944483496026927,1.4215517876794108,-78.44756875822158,299.7360191692537,-363.65247248699853,-125.61012891332928,1,-1943.3700000000035,-3010.849999999996,686,791,472,0.20000000000527507,-4.540000000004511,sma,sma5,48,R4P-0457,0.0,0.0,1005,8898,-0.2759620139357151,686,2.8329008746355737,3.108862888571289,8750,-0.5348011428571406,791,3.8063843236409554,4.3411854664980964,news-clean,0.0,0.0,0,0.0,0,0,-873.1399999999967,-4384.480000000001,0.6804333107650643,1477,2b16935d10d7e33c4e98f7c15af1bcb838f6d699211baddaf8af9cec0e05eff9,M5
0.9929302886939705,0.6023476745647255,2701.1399999999903,4915.93999999999,220.2499999999966,141.8000000000029,-3.1000000000012733,-179.08999999999605,536.08773060434,818.730861100726,0.9890917538825461,1.428849670332855,-539.1877306043413,-997.8208611007221,-1204.7652512195314,-2014.3128003282632,-1,-2480.889999999995,-4774.699999999988,1307,1577,1115,9.094947017729282e-13,0.5600000000017644,ret,ret6,12,R4P-0458,0.0,0.0,1769,14473,-0.1327630760726875,1307,1.8981560826319777,2.0309191587046653,14117,-0.21814053977473957,1577,3.0277108433734865,3.245851383148226,raw,0.0,0.0,0,0.0,0,0,-223.34999999999786,-320.88999999999896,0.613384188626907,2884,193a120242b61207974b37c288a36317618bea10481c3c88923b7542ce539166,M1
0.766590446056461,0.6100159608456182,2538.2799999999993,4578.509999999993,4.329999999998336,-90.64000000000078,-31.9400000000021,-172.54999999999654,526.900354424716,868.7043208515701,0.9848604755602169,1.4217746658781834,-558.8403544247182,-1041.2543208515665,-1213.0113259612242,-2119.7906038070614,-1,-2447.1200000000026,-4715.179999999997,970,1122,1146,-86.82999999999856,46.03000000000293,rsi,rsi7,3,R4P-0459,0.0,0.0,946,20230,-0.09891744933267523,970,2.5228041237113428,2.621721573044018,20000,-0.15408499999999842,1122,4.202477718360068,4.356562718360067,news-clean,-1.9940951555110025,10.349999999999,11,0.009598603839441536,7,5,-36.27000000000044,-81.90999999999576,0.4521988527724665,2092,a5404416ac0a3e4cf13864b8fa8c9f76bedbd53660034033d5618c72ab4e09bd,M5
0.04223963348883952,0.04137880440968251,2046.9599999999925,3697.589999999958,45.73999999998068,651.5800000000354,45.33999999998059,649.8400000000352,20260.641262076526,28466.589718790226,0.9867355604186687,1.4249681993687855,-20215.301262076544,-27816.74971879019,-45369.81722499438,-63159.32729030598,1,-1999.0100000000023,-3070.729999999954,20534,19978,40510,-2.210000000009586,24.720000000031632,ret,ret1,1,R4P-0460,0.0,0.0,2,88479,-0.02908464155336356,20534,0.09735122236291041,0.12643586391627398,88558,-0.054688791526457926,19978,0.15370557613374483,0.20839436766020275,raw,0.0,0.0,0,0.0,0,0,-0.40000000000009095,-1.7400000000002365,4.936808846761453e-05,40512,ddc7e535473827f7b33c198510006ab06849a298febdd716eb2c81609bdd783a,M1
1.3018846790440586,1.3888952732307214,1721.0199999999993,4399.880000000001,-691.100000000004,-259.7199999999975,-334.2800000000018,-780.6199999999967,146.240859527992,230.81228749286802,0.9881139157296757,1.4160263036372271,-480.52085952799376,-1011.4322874928647,-662.0855992259658,-1297.9963377179029,-1,-2411.950000000004,-4663.84,380,489,311,-0.16999999999939064,4.240000000001601,ret,ret24,48,R4P-0461,0.0,0.0,558,2988,-0.6364926372155325,380,6.347236842105273,6.983729479320806,2863,-1.0454767726161418,489,9.537505112474438,10.58298188509058,raw,0.0,0.0,0,0.0,0,0,356.8200000000022,-520.8999999999992,0.6421173762945915,869,f047a68d96e9bcabc4a716514793c3ffef5c8650fb15192f93c053d7d0772807,M5
1.0053278539722925,0.9411358377867667,2380.839999999999,4053.129999999998,-94.83000000000538,-712.4599999999969,-231.8200000000029,-734.9800000000005,385.202102364548,551.357376428972,0.9902367670039794,1.4210241660540515,-617.0221023645508,-1286.3373764289724,-1095.268191540469,-1970.8728654303745,-1,-2474.330000000006,-4764.179999999992,694,650,777,-1.3399999999983265,-1.410000000002583,body,body,24,R4P-0462,0.0,0.0,567,15085,-0.13001922439509433,694,3.565317002881853,3.695336227276947,15081,-0.20422849943637647,650,7.32950769230768,7.533736191744056,news-clean,3.630147216426146,4.5900000000001455,1,0.001287001287001287,1,0,-136.9899999999975,-22.52000000000362,0.421875,1344,610c401050c3b42d3033718ddb0dc139e612bac2f2044c6f1467fef917bbdf89,M5
0.37344161039087825,0.3085689676544695,2208.4099999999917,4086.8099999999877,-96.99999999999864,-436.48999999999796,-42.60000000000446,-394.62999999999647,885.1182345596401,1418.815341282482,0.9922850163224665,1.4230845950676851,-927.7182345596445,-1813.4453412824785,-2026.6331442683845,-3574.9697034461656,-1,-2307.359999999986,-4524.650000000009,1738,2011,1889,1.9499999999952706,1.3500000000231012,ret,ret12,3,R4P-0463,0.0,0.0,1860,20257,-0.08821938095473036,1738,1.3275949367088526,1.4158143176635831,19912,-0.14182804339092117,2011,2.2499502734957777,2.391778316886699,news-clean,-1.4503416506582547,-0.47000000000025466,1,0.0005293806246691371,0,1,54.39999999999418,41.86000000000149,0.49613230194718594,3749,a4cf520aca12ad11b2df269c5bc537e0c72c806007848189819d4237fdde6e27,M5
1.3171853439697736,1.00473045086535,2379.49,4303.039999999992,-71.15999999999713,-445.8800000000024,-23.92000000000212,-358.5799999999999,265.43502777348806,424.07119634201206,0.9794650471346423,1.4278491459327005,-289.3550277734901,-782.651196342012,-618.9047966306981,-1309.155049939054,-1,-2451.479999999997,-4747.769999999995,571,714,568,0.8299999999996999,-1.1499999999996362,rsi,rsi7,12,R4P-0464,0.0,0.0,717,9013,-0.21517141906135664,571,4.29330998248686,4.508481401548217,8830,-0.34868969422423673,714,6.649537815126044,6.99822750935028,raw,0.0,0.0,0,0.0,0,0,47.23999999999501,87.30000000000246,0.5579766536964981,1285,e35304b9367f32e41d48410c8a8c7bb42cf1bb471652a07235de636d784a1103,M5
1.3146054182123266,0.999941501453593,2380.9499999999994,4301.149999999992,-69.63999999999714,-447.6400000000026,-23.92000000000212,-364.7000000000003,265.43502777348806,424.07038491058,0.9794650471346423,1.4278464138403366,-289.3550277734901,-788.7703849105803,-618.9047966306981,-1315.2732310976103,-1,-2451.439999999996,-4747.719999999995,573,717,568,0.8499999999996817,-1.0700000000001637,rsi,rsi7,12,R4P-0465,0.0,0.0,722,9011,-0.21521473754300377,573,4.278254799301913,4.493469536844917,8824,-0.34894152311876825,717,6.6216457461645675,6.970587269283335,news-clean,0.0,0.0,0,0.0,0,0,45.719999999995025,82.94000000000233,0.5596899224806201,1290,fb88ab2e4a90fd444b0a58714586e7f75f62bc343f5b6791a8eacd1c9686d3a9,M5
0.23328719825334832,0.1748101815733329,2594.210000000002,4276.319999999989,71.38000000000056,-324.7300000000082,69.53000000000065,-321.3300000000081,3468.220268932658,5155.906036859863,0.9864107704586628,1.4234969731805254,-3398.6902689326575,-5477.23603685987,-7704.6449021219605,-11878.530006344388,-1,-2354.5600000000068,-4485.620000000019,3522,3625,7138,-168.26999999999452,-115.42999999997801,sma,sma20,1,R4P-0466,0.0,0.0,9,66922,-0.027558351513701874,3522,0.6685292447473046,0.6960875962610065,66594,-0.04153662492116403,3625,1.2374124137931086,1.2789490387142726,news-clean,-87.61608313166309,20.24000000000092,90,0.012608573830204538,44,46,-1.849999999999909,3.400000000000091,0.0012592696236183015,7147,ad6c40bb163a143f9b1b2edebad5a38803acf980f2f47ae64f505ec4528a9814,M5
2.702295512452009,3.106586778709344,2315.7599999999984,4383.8199999999915,-50.79000000000201,-560.5400000000027,-28.2000000000005,-294.6000000000008,153.77619729948,227.73876323244,0.9857448544838462,1.4057948347681481,-181.9761972994805,-522.3387632324408,-372.8964036976605,-805.0868904959808,-1,-2432.9200000000023,-4673.069999999996,226,249,318,66.37000000000194,-271.28999999999814,rsi,rsi14,6,R4P-0467,0.0,0.0,157,2959,-0.671980398783372,226,10.765132743362843,11.437113142146215,2964,-1.0169500674763787,249,18.767349397590344,19.784299465066724,news-clean,0.0,0.0,0,0.0,0,0,22.59000000000151,265.9400000000019,0.33052631578947367,475,a17f2ab114c6984780b18b25a26b025439f22aee48d3298f0be91bd61cef910f,M5
0.054407808654094135,0.05005376724393302,2007.489999999986,3607.9399999999873,6.849999999986039,542.5799999999895,4.869999999986021,538.6799999999898,14246.236595063181,19896.12495086585,0.9875389293680287,1.4228795645330652,-14241.366595063197,-19357.444950865858,-31928.723140609334,-44059.397182846325,1,-1998.5900000000042,-3079.85999999997,14428,13986,28409,-2.0499999999956344,14.49999999997226,sma,sma5,1,R4P-0468,0.0,0.0,5,63506,-0.04045066607879617,14428,0.13852162461879708,0.17897229069759324,63590,-0.07606321748702755,13986,0.22021021021020806,0.29627342769723564,raw,0.0,0.0,0,0.0,0,0,-1.9800000000000182,-3.899999999999636,0.00017596959245442387,28414,da66236381261ddc651880f008e85408e0ed3d69a3bd96fa65f6fd3c2450f7ac,M1
0.05977464829732112,0.049055760612526186,1979.3500000000054,3378.8700000000063,-1.6200000000217187,285.21999999999025,-1.8600000000219552,283.9199999999905,12028.281041162605,17168.526361762513,0.9881926586561457,1.4220596671715824,-12030.141041162626,-16884.606361762522,-26963.80397633174,-38200.119766531316,1,-1990.10000000003,-3124.979999999983,12176,12083,24245,9.130000000002838,31.329999999967185,ret,ret6,1,R4P-0469,0.0,0.0,14,34678,-0.073986965799643,12176,0.163444480946126,0.237431446745769,34534,-0.13987461632014958,12083,0.2586261689977641,0.39850078531791366,raw,0.0,0.0,0,0.0,0,0,-0.24000000000023647,-1.2999999999997272,0.000577105404179892,24259,0bb5fbe00bb0de6e35562b2354b28da6a748dccb1baddc0c584c945dca7afdfe,M1
0.8208027809203652,0.843570713980838,1559.4699999999889,2572.160000000002,85.51999999999907,544.1199999999967,18.079999999999472,215.01999999999543,298.95408231468804,383.08686395897206,0.9899141798499604,1.4084075880844562,-280.87408231468856,-168.0668639589766,-652.0392955660966,-643.6867861653786,1,-1473.0899999999933,-2025.1900000000005,468,431,574,-0.8599999999964894,-2.8500000000049113,ret,ret24,3,R4P-0470,0.0,0.0,325,15311,-0.12971589053621585,468,3.147628205128191,3.277344095664407,15300,-0.24244444444444438,431,4.698816705336428,4.941261149780873,news-clean,0.0,0.0,0,0.0,0,0,-67.4399999999996,-329.1000000000013,0.3615127919911012,899,fe5a731fa01c5577af57dded5618e0687712fba6a3790ddafb452281573b3f81,M5
0.6704501500119108,0.6366505876750823,1930.3099999999986,3397.0300000000043,25.950000000001182,492.1600000000126,-12.899999999997135,173.48000000000366,468.22903201806,696.044893797128,0.9941168408026753,1.4234046907916729,-481.12903201805716,-522.5648937971243,-1062.4568640812672,-1386.7365729870723,1,-1898.6099999999913,-2899.3400000000015,722,737,960,-5.750000000006139,-5.529999999990196,ret,ret3,6,R4P-0471,0.0,0.0,499,15078,-0.1599502586549939,722,2.629653739612176,2.78960399826717,14999,-0.30560237349156616,737,3.933975576662146,4.239577950153712,raw,0.0,0.0,0,0.0,0,0,-38.84999999999832,-318.68000000000893,0.3420150788211104,1459,8f80a0d3f9916ee79f2e3de0ae618ea1bd9bf7ded0f8d97502e42a6e767872d9,M5
0.19976072449424653,0.188685523932097,2528.6100000000106,4362.459999999996,82.4299999999937,-441.66999999999916,85.73999999999364,-440.53999999999905,3522.610001219964,4776.813711796756,0.9881093972566519,1.4229412308003444,-3436.8700012199706,-5217.353711796755,-7810.351983139844,-11147.987162135401,-1,-2479.810000000005,-4768.209999999997,3570,3358,6922,33.62999999998851,-35.919999999998254,body,body,1,R4P-0472,0.0,0.0,6,67831,-0.029034512243663792,3570,0.6946246498599453,0.7236591621036091,67789,-0.045074717136998226,3358,1.4199553305539003,1.4650300476908986,raw,0.0,0.0,0,0.0,0,0,3.3099999999999454,1.1300000000001091,0.0008660508083140878,6928,b70689f0b42c40fb524bb6aa6ee097821a1fa68241f7d089be95ac603483fdfa,M5
1.733881303389943,1.350750168841525,2354.340000000002,4415.939999999992,-100.77999999999997,-106.70000000000118,-79.41000000000327,-110.68000000000075,238.356705801174,419.874966514952,0.9808917934204692,1.4233049712371255,-317.7667058011773,-530.5549665149528,-613.6974953802863,-1051.8490074172848,-1,-2353.0400000000027,-4482.620000000004,415,502,538,-102.07999999999925,-40.01999999998952,sma,sma20,3,R4P-0473,0.0,0.0,379,8828,-0.21604666968735736,415,5.669975903614464,5.886022573301822,8742,-0.32517616106154273,502,8.929521912350607,9.25469807341215,raw,0.0,0.0,0,0.0,0,0,21.369999999996708,-3.9799999999995634,0.4133042529989095,917,2b6a18318ebb2e53ee5e954b7b2978cca12cb425341a75fc0d4e3aad35af2e86,M5
1.367849485618162,1.0684295195723506,2485.7199999999993,4510.560000000001,29.92999999999688,-12.330000000003565,-37.300000000004275,-84.0699999999988,302.27897849222,528.7338963276981,0.9782491213340453,1.4328831878799406,-339.5789784922243,-612.8038963276969,-714.8722031149942,-1269.2512944496398,-1,-2353.290000000002,-4484.070000000007,557,652,678,-102.50000000000045,-38.819999999998345,sma,sma20,3,R4P-0474,0.0,0.0,531,20967,-0.0899189202079467,557,4.224937163375228,4.314856083583175,20805,-0.13689017063206002,652,6.877407975460134,7.014298146092194,news-clean,-6.269766817014219,-5.010000000000218,1,0.0014749262536873156,1,0,-67.23000000000116,-71.73999999999523,0.4392059553349876,1209,9a78fa80350a9fbb53e240d6e94277ad1013846940e32104777253c46c23287c,M5
0.21107699884177897,0.16381171271635114,2402.16,4130.279999999989,132.61000000000422,-128.5899999999965,130.7600000000043,-128.5199999999968,3478.155583676936,5269.3066168199275,0.9892365141288214,1.4249071435424359,-3347.395583676932,-5397.826616819925,-7665.685365896208,-11939.912610089674,-1,-2193.989999999999,-4239.970000000008,3522,3701,7214,-75.55999999999699,-18.8999999999769,ret,ret12,1,R4P-0475,0.0,0.0,9,66922,-0.025158991064223254,3522,0.6229386712095397,0.648097662273763,66518,-0.0378910971466368,3701,1.1456282085922747,1.1835193057389115,news-clean,-93.4437449982179,-5.869999999999891,74,0.010257831993346272,35,39,-1.849999999999909,0.06999999999970896,0.001246019659421293,7223,b27ab066d99fcdaa8dd793255c102ce5f6e6fc587f430580e1998bbc7e4b2af0,M5
0.06394522232078567,0.04809330972311187,1938.2000000000007,3116.530000000011,35.48999999999455,267.6900000000069,35.2399999999941,269.99000000000706,11283.829946410664,16716.891404052014,0.9881627065776919,1.4133320429533323,-11248.58994641067,-16446.90140405201,-25257.982681697995,-37201.689281659055,1,-1903.1000000000017,-2889.909999999995,11422,11842,23247,0.38999999999555257,41.069999999990614,ret,ret48,1,R4P-0476,0.0,0.0,17,35432,-0.06995710092571664,11422,0.1666170548065139,0.23657415573223053,34764,-0.13218559429294838,11842,0.24403901368012115,0.37622460797306956,news-clean,0.0,0.0,0,0.0,0,0,-0.25000000000045475,2.300000000000182,0.0007307427785419533,23264,fce8273257f927e8797d47da67b958fc766881ad4929e786d4943b624d83f072,M1
0.21368443057348263,0.18753583503487237,2528.9100000000067,4358.889999999992,50.769999999992024,-429.54999999999745,54.17999999999188,-428.41999999999734,3520.386009824148,4763.852017619788,0.9872086398833841,1.4233199933133516,-3466.2060098241564,-5192.272017619785,-7836.926804458674,-11106.812929739044,-1,-2472.230000000004,-4752.789999999996,3570,3348,6913,-5.910000000010768,-35.649999999992815,ret,ret1,1,R4P-0477,0.0,0.0,5,67831,-0.028922763927996895,3570,0.6925014005602252,0.7214241644882221,67799,-0.04484063186772625,3348,1.419590800477896,1.4644314323456225,raw,0.0,0.0,0,0.0,0,0,3.4099999999998545,1.1300000000001091,0.0007227522405319456,6918,3d88fd4a08c0ff10dbcf9edc9858d37067b38c486f8cb633fd9f4d38cb219826,M5
1.8577450990803637,1.3986734718759417,1511.599999999993,2281.459999999999,37.24000000000001,256.32999999999674,18.270000000000664,136.81999999999653,176.124917044422,257.136910908452,0.9950560284995593,1.3974832114589784,-157.85491704442134,-120.3169109084555,-376.52208452489833,-439.5641863380375,1,-1474.0199999999966,-2023.9400000000023,194,221,361,-0.33999999999650754,-1.1900000000000546,ret,ret24,3,R4P-0478,0.0,0.0,54,9390,-0.2115186368477088,194,7.598041237113384,7.809559873961093,9320,-0.39620171673819593,221,9.158099547511323,9.554301264249519,news-clean,0.0,0.0,0,0.0,0,0,-18.969999999999345,-119.51000000000022,0.13012048192771083,415,9b2bbe0b54055f631c1bb250b284ad29ff134336b7ba9cb8ffebbfba02e60428,M5
0.5970299113605856,0.5178549823694858,1848.2500000000007,2912.5399999999972,74.54000000000156,373.16999999999916,12.950000000001637,101.20999999999958,332.00035513187004,474.398308748306,1.0030222209422055,1.4118997284175774,-319.0503551318684,-373.18830874830644,-731.2440327184133,-962.1755806423774,1,-1770.5299999999995,-2539.960000000002,742,758,667,-3.179999999999609,0.5900000000037835,sma,sma100,3,R4P-0479,0.0,0.0,833,8842,-0.25816218050214756,742,2.386159029649595,2.6443212101517424,8786,-0.47903482813566883,758,3.3508707124010577,3.8299055405367266,raw,0.0,0.0,0,0.0,0,0,-61.58999999999992,-271.9599999999996,0.5553333333333333,1500,4af11491bce13642a7ae9ae2fcf25dca044123272a5a33a9b512d856d439b0cf,M5
0.8279105837499595,0.9974096068515057,2143.8000000000056,4336.469999999996,-188.75000000000773,-487.3500000000031,-87.68000000000302,-317.3399999999997,442.79798088275203,663.6591524642761,0.9928205849389059,1.4211116755123685,-530.477980882755,-980.9991524642758,-1080.2319960723871,-1804.9624490392418,-1,-2412.7700000000063,-4671.409999999998,690,707,913,80.2199999999932,-152.40999999999985,ret,ret3,6,R4P-0480,0.0,0.0,484,14929,-0.1306376850425352,690,3.496768115942038,3.6274058009845733,14887,-0.20196211459662797,708,6.598135593220336,6.800097707816964,raw,0.0,0.0,0,0.0,0,0,101.07000000000471,170.0100000000034,0.34620886981402005,1398,4a973cbbc01281a6bb90009966cfed67996b9766465a7f67321131b6496fbbad,M5
0.7822072084292448,0.818275019426603,1541.039999999989,2601.000000000002,67.23999999999978,573.5999999999958,11.550000000000637,210.49999999999545,302.01810667383,391.9289062253,0.9902233005699345,1.4098162094435251,-290.46810667382937,-181.42890622530456,-665.4374468072344,-668.0266297138546,1,-1472.9699999999934,-2025.270000000001,477,444,583,-0.8299999999958345,-2.1300000000051114,ret,ret24,3,R4P-0481,0.0,0.0,338,15323,-0.12961495790641522,477,3.0879874213836342,3.2176023792900494,15292,-0.2425882814543552,444,4.561418918918921,4.8040072003732766,raw,0.0,0.0,0,0.0,0,0,-55.689999999999145,-363.10000000000036,0.36699239956568946,921,77021eaeef5d31f6a3cf1502b0a591a8ebe65cb0c3d25024c1a73925b79069bd,M5
0.5665754756952625,0.4670377270541323,2233.8700000000053,4229.189999999992,273.74000000000024,1186.3500000000004,51.19999999999936,434.8200000000006,444.57562216832,727.284642051252,0.9945763359470247,1.417708853901076,-393.37562216832066,-292.4646420512514,-945.3366601574406,-1195.4219015806334,1,-1958.330000000001,-3041.9699999999966,1109,1332,960,-1.8000000000038199,-0.8699999999953434,sma,sma10,6,R4P-0482,0.0,0.0,1481,8475,-0.29150088495575105,1109,1.7658521190261507,2.057353003981902,8209,-0.5738372517968061,1332,2.2837612612612586,2.857598513058065,news-clean,0.0,0.0,0,0.0,0,0,-222.54000000000087,-751.5299999999997,0.6067185579680459,2441,db5e6250acb37e751bb6d19cf7b2fad9c85a7d09501c3950efcca97d6fbe67be,M5
0.385657778601787,0.3360009672346286,2126.4399999999896,3660.530000000006,180.05000000000382,660.6299999999956,32.34999999999877,219.74999999999272,719.46770368471,1171.4663249623502,0.9788676240608299,1.4286174694662808,-687.1177036847113,-951.7163249623574,-1580.3698767561964,-2406.1455296555823,1,-1941.059999999996,-3013.710000000011,2425,2760,1555,-5.329999999989468,13.8100000000004,ret,ret24,6,R4P-0483,0.0,0.0,3630,13355,-0.18723099962560724,2425,0.8004371134020603,0.9876681130276674,12934,-0.3640729859285604,2760,1.0919239130434821,1.4559968989720424,raw,0.0,0.0,0,0.0,0,0,-147.70000000000505,-440.88000000000284,0.7000964320154291,5185,cacf69f4c71b526dbe7104443b90e6202b1c90ff746344fcbd633cbefe1a2c14,M1
0.4654908008904255,0.41182128587959804,2204.5300000000016,3900.999999999983,-276.98000000000593,-860.7600000000143,-141.54000000000724,-461.2099999999964,490.10738797815605,798.804523995694,0.9881197338269275,1.4315493261571577,-631.6473879781632,-1260.0145239956905,-1240.1382034517094,-2251.7670021056197,-1,-2481.080000000001,-4759.289999999995,1293,1526,1054,-0.4300000000066575,-2.4700000000020736,sma,sma5,12,R4P-0484,0.0,0.0,1765,8291,-0.23747919430708136,1293,1.918855375096675,2.1563345694037563,8018,-0.38543901222250077,1526,3.1188007863695906,3.5042397985920912,raw,0.0,0.0,0,0.0,0,0,135.4399999999987,399.5500000000179,0.6261085491308975,2819,02742516b71a62dd15489df901bbef8adf61d1da66b1f184986d143f8f869042,M5
0.45671691708326084,0.5975685470509081,2174.240000000004,5272.840000000004,218.76000000000977,2210.6099999999933,55.729999999997744,431.69999999999754,606.109428011978,917.58408077562,0.9839438766428215,1.4248200012043788,-550.3794280119803,-485.8840807756225,-1302.8920993289032,-1625.1068270402925,1,-1953.3500000000022,-3073.2400000000152,2368,2727,1260,-2.1299999999919237,11.01000000000522,ret,ret12,12,R4P-0485,0.0,0.0,3835,13412,-0.18735162541007983,2368,0.8248944256756766,1.0122460510857565,12967,-0.36773733323050856,2727,1.1269673634030126,1.4947046966335211,raw,0.0,0.0,0,0.0,0,0,-163.03000000001202,-1778.9099999999958,0.7526987242394504,5095,210073d3f187d6af2d767b856b9c0b693efdb78aa4af39de64c25ac7121d5061,M1
0.39648900983582847,0.346588425006322,2507.920000000015,4412.999999999991,34.72999999999638,-321.84000000001197,19.120000000001028,-329.4300000000085,2117.810462913232,2733.360072671202,0.9910203382841517,1.4177178800161836,-2098.690462913231,-3062.7900726712105,-4728.049346759543,-6456.382047995417,-1,-2479.6400000000103,-4753.519999999999,2402,2156,4065,6.44999999999186,18.67999999999529,ret,ret1,3,R4P-0486,0.0,0.0,493,44452,-0.04283316836137902,2402,1.0323230641132433,1.0751562324746222,44461,-0.06855603787588979,2156,2.2047866419294984,2.273342679805388,raw,0.0,0.0,0,0.0,0,0,-15.609999999995352,-7.5899999999965075,0.10816147433084686,4558,cc76aa7e7c62d21a3f02e25aec99a2d850d8d24afb8041912aa21ad887ef159e,M1
0.43096135508511,0.3408971837155345,2064.2000000000003,3274.8000000000015,98.56999999999834,235.6699999999978,25.709999999999354,123.10999999999785,648.119291454006,999.0786460576461,0.9894951014564977,1.421164503638188,-622.4092914540066,-875.9686460576482,-1427.0791363180276,-2116.3706361844092,1,-1964.3199999999892,-3034.779999999998,1237,1334,1358,-1.3100000000126784,-4.350000000005821,rsi,rsi7,3,R4P-0487,0.0,0.0,1213,14542,-0.1703555219364597,1237,1.5879708973322468,1.7583264192687065,14397,-0.3277759255400428,1334,2.27494752623688,2.6027234517769227,news-clean,0.0,0.0,0,0.0,0,0,-72.85999999999899,-112.55999999999995,0.47180085569817193,2571,1d45d5b3d89f164347af0a535b6aa0387135de3aba49b9a3879418512cc1ffe8,M5
1.9213335804288916,1.5688731158953593,1557.329999999998,2527.900000000001,84.02999999999884,505.60999999999876,28.859999999999445,222.4999999999991,171.77216449959602,243.6530342885,0.9929026849687631,1.4003047947614944,-142.91216449959657,-21.15303428850091,-356.17518989818257,-323.6594577982509,1,-1474.0699999999963,-2024.030000000002,196,224,347,0.769999999997026,1.7399999999997817,ret,ret24,6,R4P-0488,0.0,0.0,73,9388,-0.2115690242863214,196,7.52076530612243,7.732334330408752,9320,-0.3962306866952775,224,9.035848214285723,9.432078900981,raw,0.0,0.0,0,0.0,0,0,-55.16999999999939,-283.1099999999997,0.1738095238095238,420,c84226b29a3d00ff8494ddc66e75bb4728725a6a3f7e8ffd864a2c7afabf26f5,M5
0.024241221822825332,0.028980605862211257,1991.390000000005,3789.2499999999795,4.009999999979755,710.4599999999991,2.169999999979609,707.3399999999988,30785.267432966964,43549.04997872973,0.9871185889302262,1.422939061549738,-30783.097432966984,-42841.70997872973,-69004.41980142635,-96909.85415298377,1,-1999.0700000000165,-3113.9399999999755,31191,30611,61792,11.689999999991187,35.14999999999509,sma,sma5,1,R4P-0489,0.0,0.0,10,77745,-0.03310154993890375,31191,0.06409124426918074,0.0971927942080845,77908,-0.0627187195153268,30611,0.10172617686452502,0.16444489637985182,news-clean,-9.078809348483945,-6.059999999999945,3,4.8549974106680476e-05,1,2,-1.8400000000001455,-3.1200000000003456,0.0001618070612601534,61802,6a539e1dbab7c7a0bdc682c4ee77a2acc42a9c9033a04e9530400c73ad6375d9,M1
0.4407079637460405,0.2817561107299724,2367.3399999999956,4164.719999999981,-69.16999999999871,-552.900000000001,-59.760000000000446,-440.12999999999647,808.058282483664,1408.5081158261821,0.9914825551946798,1.429957477996124,-867.8182824836645,-1848.6381158261786,-1871.0597251764884,-3597.3655846928154,-1,-2437.8099999999913,-4723.4700000000075,1629,2171,1800,1.2999999999969987,5.850000000025375,rsi,rsi14,3,R4P-0490,0.0,0.0,2000,20366,-0.094152509083766,1629,1.4965070595457282,1.5906595686294942,19752,-0.15304272985014283,2171,2.1757116536158487,2.3287543834659914,news-clean,0.0,0.0,0,0.0,0,0,9.409999999998263,112.77000000000453,0.5263157894736842,3800,e23d7b42d1fcb2d883c45243040c6b1e9afc557b13eb518789e659fddfba239b,M5
0.3577264660035376,0.3712025074570407,2308.360000000014,4260.189999999997,-174.8899999999992,-698.9199999999901,-166.21999999999457,-560.1099999999888,1280.403447532708,2034.8966985941543,0.9933308359446921,1.4300047073746691,-1446.6234475327026,-2595.006698594143,-3036.303090647181,-5121.424340648682,-1,-2482.5100000000057,-4772.710000000001,1604,1729,2712,-0.7400000000079672,-186.3999999999869,body,body,3,R4P-0491,0.0,0.0,621,20071,-0.10057894474615116,1604,1.5476995012468864,1.6482784459930375,19897,-0.15714630346283434,1729,2.760387507229613,2.9175338106924475,raw,0.0,0.0,0,0.0,0,0,8.67000000000462,138.8100000000013,0.1863186318631863,3333,7f1dab577f032d217d8d23154fde08099279468daea99bd9e28b410f54688572,M5
1.2363573392116465,0.9188030326279781,2025.670000000001,3176.200000000003,200.10999999999967,324.429999999998,23.219999999999345,9.68999999999778,119.77243970749201,187.201590556434,0.9981036642291001,1.4290197752399543,-96.55243970749267,-177.51159055643623,-245.25542033371465,-409.9309565789552,1,-1824.2200000000032,-2858.010000000004,398,469,251,-1.3399999999980992,6.239999999998872,sma,sma100,12,R4P-0492,0.0,0.0,616,2970,-0.7859696969696955,398,4.583467336683425,5.369437033653121,2881,-1.5718361679972197,469,6.093837953091692,7.665674121088912,news-clean,0.0,0.0,0,0.0,0,0,-176.89000000000033,-314.74000000000024,0.7104959630911188,867,ca393a4aadeffc99e7ac91af18395b8aae4638659da6e21247c3fdd4fce19853,M5
0.2085016932074303,0.18810112898453116,2475.2300000000105,4314.469999999992,0.6099999999953525,-478.3900000000008,4.019999999995207,-477.2600000000007,3474.493894614372,4721.506478948165,0.9876332844270529,1.423426734684403,-3470.473894614377,-5198.766478948165,-7784.217522214679,-11060.733461566739,-1,-2468.450000000007,-4751.899999999996,3522,3318,6835,-6.170000000007576,-40.9599999999964,ret,ret1,1,R4P-0493,0.0,0.0,5,66922,-0.029260183497205064,3522,0.7008659852356636,0.7301261687328686,66901,-0.04532622830749876,3318,1.4321579264617228,1.4774841547692215,news-clean,-186.97537023698305,-83.55999999999904,86,0.012582297000731529,46,40,3.4099999999998545,1.1300000000001091,0.0007309941520467836,6840,c5873fd63ba012af32ab8576709d0445f6a38ee7323812efee23137093ca3935,M5
1.33423940615309,1.0818290912603756,2470.21000000001,4519.909999999994,-8.110000000003765,-248.929999999988,-29.470000000002983,-226.57999999999083,378.22806301125803,553.316585177212,0.990125819401199,1.4224076739774087,-407.698063011261,-779.8965851772028,-877.285561625664,-1466.8645201474449,-1,-2479.6600000000017,-4770.629999999985,646,749,771,1.3399999999880947,1.7900000000031469,ret,ret1,48,R4P-0494,0.0,0.0,624,15134,-0.12688317695255802,646,3.8384829721362257,3.9653661490887835,14939,-0.20586853203025604,749,6.369332443257656,6.575200975287912,news-clean,-9.696341871059637,-7.899999999999636,1,0.0012970168612191958,1,0,-21.359999999999218,22.34999999999718,0.44731182795698926,1395,627c1e30423679304dc086b6bddb9f7e10459b4d6c4cccc6bf12f20730f352d6,M1
1.5621314183984403,1.149527173139837,1478.9199999999992,2300.1399999999976,3.509999999998854,112.35999999999876,3.509999999998854,112.35999999999876,219.10046030508602,342.904616122696,1.0238339266592804,1.360732603661492,-215.59046030508716,-230.54461612269722,-487.6137370978882,-656.2764338521333,1,-1474.9099999999996,-2188.280000000002,214,252,466,-0.5000000000006821,0.5000000000031832,sma,sma100,1,R4P-0495,0.0,0.0,0,9370,-0.21206510138740542,214,6.892102803738316,7.104167905125721,9292,-0.4151011622901406,252,8.683650793650802,9.098751955940942,raw,0.0,0.0,0,0.0,0,0,0.0,0.0,0.0,466,9ae027afa254156dcfbb27cb4dc038ea61160e7ba3fb963c0f48cf463d1c0bba,M5
0.24092409674021437,0.22686947221283058,2169.2699999999995,4024.329999999988,-278.2900000000059,-717.4299999999971,-140.34999999999877,-469.9000000000051,1224.1048812464899,1955.07736391786,0.9895754900941712,1.4333411758928594,-1364.4548812464889,-2424.977363917865,-2884.2372704842037,-4852.295638480376,-1,-2450.4999999999986,-4748.620000000004,2410,2721,2601,2.939999999993006,6.860000000018772,ret,ret6,3,R4P-0496,0.0,0.0,2530,13369,-0.14492557408931042,2410,1.0168049792531115,1.161730553342422,13010,-0.23554265949269834,2721,1.7451745681734672,1.9807172276661655,news-clean,-3.909870121679363,-1.1999999999993634,2,0.0007689350249903883,0,2,137.9400000000071,247.52999999999201,0.49308127070746444,5131,7ed28af73a3d9ed0a265658708fb2b477d9268e7b39f8b6df3f6bd7cba97a356,M5
0.559014718333236,0.4800837332465588,2000.2999999999984,3166.1699999999933,128.26999999999362,429.69999999999254,43.739999999995234,128.23999999999933,551.3211379187641,772.797492360464,0.9880307131160646,1.4153800226382125,-507.5811379187688,-644.5574923604647,-1192.0716326844429,-1604.0210452720887,1,-1867.909999999999,-2731.7099999999996,907,890,1104,-4.120000000005803,-4.760000000001128,ret,ret6,3,R4P-0497,0.0,0.0,693,21088,-0.11324971547799753,907,2.0594377067254674,2.172687422203465,21033,-0.21072980554366882,890,3.0693370786516847,3.2800668841953535,news-clean,0.0,0.0,0,0.0,0,0,-84.52999999999838,-301.4599999999932,0.38564273789649417,1797,0e65a291652150beb41473751fce96359e4b61b8524036cc670c8c823fc3718f,M5
0.20385973751818712,0.21814962849599487,2387.8200000000115,4437.8299999999945,-81.05999999999767,-275.1899999999896,-79.5599999999979,-270.17999999998983,3148.609145511384,4866.059588058252,0.9891954588474345,1.433724097836845,-3228.169145511382,-5136.239588058242,-7137.3119013012265,-11177.675889062124,-1,-2494.330000000009,-4752.299999999998,3213,3411,6577,25.449999999999818,39.2800000000143,ret,ret1,1,R4P-0498,0.0,0.0,47,18341,-0.1106150155389577,3213,0.7763243075007809,0.8869393230397385,18078,-0.17237415643323384,3412,1.3928165298944895,1.5651906863277234,news-clean,-95.66801965684289,-62.03000000000088,27,0.00410521514368253,14,13,1.4999999999997726,5.0099999999997635,0.007094339622641509,6625,710bdd06342d9126353135cdde6fcc31c5963064cb551965ef3452b2a6175e7c,M5
0.19155921333954795,0.18671490676227057,2458.9800000000128,4278.15,13.26999999999498,-528.070000000002,16.579999999994925,-526.9400000000019,3478.215903636788,4742.491985837716,0.988972392276596,1.423744216703007,-3461.635903636793,-5269.4319858377185,-7780.0005762155515,-11157.453438519724,-1,-2478.8100000000095,-4767.869999999997,3522,3332,6848,33.09999999999195,-38.35000000000355,body,body,1,R4P-0499,0.0,0.0,6,66922,-0.029414990586054807,3522,0.7038074957410589,0.7332224863271137,66887,-0.04557447635564423,3332,1.4309333733493388,1.476507849704983,news-clean,-195.691130773745,-88.38999999999896,89,0.012996495327102803,50,39,3.3099999999999454,1.1300000000001091,0.0008754012255617158,6854,a02b9bdf985ca6de10e4aa9810d0d57d7776ffc2c2eb9c877fc9a666a7f04fc7,M5
0.053201139847371265,0.047600323173981024,1998.4900000000107,3455.08,9.189999999986412,370.8200000000056,8.789999999986321,374.5800000000063,13557.696336977695,19669.20301027559,0.9835821486489912,1.420671940070465,-13548.906336977709,-19294.623010275584,-30381.408552424637,-43714.841239240144,1,-2001.1700000000076,-3107.9999999999804,13785,13851,27629,11.869999999983293,23.73999999998614,rsi,rsi14,1,R4P-0500,0.0,0.0,7,64072,-0.04013422399800281,13785,0.14517011244105968,0.1853043364390625,63708,-0.07636325108306792,13851,0.22438813082087794,0.30075138190394585,news-clean,-0.8341542498178909,0.13000000000010914,1,3.619385428354265e-05,1,0,-0.40000000000009095,3.760000000000673,0.00025329280648429586,27636,ec238ce38d0f54f2936cf6e3f9e40ce938c377c0d7f0a19b3fc674ea2918b5ad,M1
