candidate_id,profile,time,equity,year
R6B-347,E1,2004-11-09T13:50:00+00:00,9986.776834854438,2004
R6B-347,E1,2004-11-16T15:50:00+00:00,10052.5057662424,2004
R6B-347,E1,2004-11-17T14:25:00+00:00,10106.592265798912,2004
R6B-347,E1,2004-11-22T14:15:00+00:00,10085.848907826017,2004
R6B-347,E1,2004-11-24T14:55:00+00:00,10095.099008675374,2004
R6B-347,E1,2004-11-26T08:20:00+00:00,10114.643062757039,2004
R6B-347,E1,2004-12-02T15:55:00+00:00,9982.1745954712,2004
R6B-347,E1,2004-12-13T09:30:00+00:00,10022.567501774714,2004
R6B-347,E1,2004-12-16T11:20:00+00:00,10000.146711723242,2004
R6B-347,E1,2004-12-22T15:50:00+00:00,9960.238839651574,2004
R6B-347,E1,2004-12-24T12:00:00+00:00,9946.183181424956,2004
R6B-347,E1,2004-12-27T12:55:00+00:00,9920.6972872818,2004
R6B-347,E1,2004-12-29T15:15:00+00:00,9799.098389617067,2004
R6B-347,E1,2004-12-31T15:10:00+00:00,9804.463436413575,2004
R6B-347,E1,2005-01-06T10:05:00+00:00,9767.172760703692,2005
R6B-347,E1,2005-01-10T08:05:00+00:00,9764.596582672311,2005
R6B-347,E1,2005-01-11T09:15:00+00:00,9795.005070251169,2005
R6B-347,E1,2005-01-12T14:35:00+00:00,9815.739646911754,2005
R6B-347,E1,2005-01-18T11:55:00+00:00,9801.829571998378,2005
R6B-347,E1,2005-01-19T15:45:00+00:00,9827.046338041153,2005
R6B-347,E1,2005-01-21T15:45:00+00:00,9834.592338303553,2005
R6B-347,E1,2005-01-27T14:15:00+00:00,9750.147263403815,2005
R6B-347,E1,2005-01-28T08:15:00+00:00,9732.294697964466,2005
R6B-347,E1,2005-02-09T15:50:00+00:00,9690.286918203044,2005
R6B-347,E1,2005-02-10T08:40:00+00:00,9689.038936834537,2005
R6B-347,E1,2005-02-11T11:35:00+00:00,9664.133004854319,2005
R6B-347,E1,2005-02-14T09:05:00+00:00,9689.793507567594,2005
R6B-347,E1,2005-02-18T15:00:00+00:00,9701.780231385892,2005
R6B-347,E1,2005-02-22T14:25:00+00:00,9806.506040094573,2005
R6B-347,E1,2005-02-28T08:40:00+00:00,9811.42734608137,2005
R6B-347,E1,2005-03-08T15:50:00+00:00,9864.123698876436,2005
R6B-347,E1,2005-03-09T15:50:00+00:00,9843.777902166776,2005
R6B-347,E1,2005-03-16T15:30:00+00:00,9890.712033879347,2005
R6B-347,E1,2005-03-23T15:00:00+00:00,9840.92732325094,2005
R6B-347,E1,2005-03-24T11:45:00+00:00,9831.389958543488,2005
R6B-347,E1,2005-03-28T08:30:00+00:00,9802.352465403339,2005
R6B-347,E1,2005-03-29T08:55:00+00:00,9811.746671638692,2005
R6B-347,E1,2005-03-31T15:55:00+00:00,9822.858467108083,2005
R6B-347,E1,2005-04-07T13:55:00+00:00,9842.4801845274,2005
R6B-347,E1,2005-04-12T10:40:00+00:00,9816.981017131224,2005
R6B-347,E1,2005-04-18T15:35:00+00:00,9856.668553926518,2005
R6B-347,E1,2005-04-19T14:35:00+00:00,9960.88456849431,2005
R6B-347,E1,2005-04-21T13:00:00+00:00,9928.772633360919,2005
R6B-347,E1,2005-04-28T14:50:00+00:00,9860.086480424008,2005
R6B-347,E1,2005-05-02T14:25:00+00:00,9704.984914264047,2005
R6B-347,E1,2005-05-06T08:20:00+00:00,9681.024453148795,2005
R6B-347,E1,2005-05-17T08:05:00+00:00,9662.69669169045,2005
R6B-347,E1,2005-05-24T15:00:00+00:00,9672.19080640093,2005
R6B-347,E1,2005-06-06T12:40:00+00:00,9701.222445705509,2005
R6B-347,E1,2005-06-07T14:25:00+00:00,9650.311230035666,2005
R6B-347,E1,2005-06-20T14:55:00+00:00,9623.8122225014,2005
R6B-347,E1,2005-06-22T11:45:00+00:00,9573.523656889854,2005
R6B-347,E1,2005-06-24T15:20:00+00:00,9498.752089122654,2005
R6B-347,E1,2005-06-30T11:00:00+00:00,9460.467643065165,2005
R6B-347,E1,2005-07-04T08:05:00+00:00,9434.472910961304,2005
R6B-347,E1,2005-07-06T08:05:00+00:00,9447.85165088094,2005
R6B-347,E1,2005-07-07T15:25:00+00:00,9460.396698748875,2005
R6B-347,E1,2005-07-11T14:55:00+00:00,9455.432685420312,2005
R6B-347,E1,2005-08-01T15:45:00+00:00,9451.013697104647,2005
R6B-347,E1,2005-08-05T14:25:00+00:00,9452.39330842004,2005
R6B-347,E1,2005-08-12T14:55:00+00:00,9430.610500843492,2005
R6B-347,E1,2005-08-23T15:00:00+00:00,9391.407349531586,2005
R6B-347,E1,2005-08-25T15:00:00+00:00,9373.628428386297,2005
R6B-347,E1,2005-08-26T15:25:00+00:00,9380.47742230606,2005
R6B-347,E1,2005-08-29T08:10:00+00:00,9385.432013459245,2005
R6B-347,E1,2005-09-02T14:55:00+00:00,9353.942530151618,2005
R6B-347,E1,2005-09-05T11:55:00+00:00,9343.77158717573,2005
R6B-347,E1,2005-09-07T15:00:00+00:00,9358.873726879485,2005
R6B-347,E1,2005-09-12T08:05:00+00:00,9313.321999801716,2005
R6B-347,E1,2005-09-14T08:05:00+00:00,9330.02492443296,2005
R6B-347,E1,2005-09-16T12:35:00+00:00,9388.89456083692,2005
R6B-347,E1,2005-09-20T15:25:00+00:00,9340.85503483047,2005
R6B-347,E1,2005-09-21T08:05:00+00:00,9363.406340864018,2005
R6B-347,E1,2005-09-22T12:15:00+00:00,9356.286097567447,2005
R6B-347,E1,2005-10-04T13:45:00+00:00,9374.53239072794,2005
R6B-347,E1,2005-10-10T15:20:00+00:00,9319.649418794266,2005
R6B-347,E1,2005-10-11T11:55:00+00:00,9299.90357513732,2005
R6B-347,E1,2005-10-12T12:00:00+00:00,9347.988372441578,2005
R6B-347,E1,2005-10-17T08:15:00+00:00,9394.396855178733,2005
R6B-347,E1,2005-10-26T14:15:00+00:00,9376.342328714116,2005
R6B-347,E1,2005-11-03T11:45:00+00:00,9392.399776125145,2005
R6B-347,E1,2005-11-04T08:15:00+00:00,9384.231957431954,2005
R6B-347,E1,2005-11-09T14:25:00+00:00,9380.67142260562,2005
R6B-347,E1,2005-11-14T14:25:00+00:00,9312.344970810258,2005
R6B-347,E1,2005-11-16T12:00:00+00:00,9332.463117477502,2005
R6B-347,E1,2005-11-17T09:00:00+00:00,9274.857824408593,2005
R6B-347,E1,2005-11-18T14:25:00+00:00,9280.188362660625,2005
R6B-347,E1,2005-11-21T13:05:00+00:00,9316.930619854162,2005
R6B-347,E1,2005-11-22T08:20:00+00:00,9327.494179723117,2005
R6B-347,E1,2005-11-24T12:05:00+00:00,9305.551186086572,2005
R6B-347,E1,2005-11-25T08:05:00+00:00,9322.17754712954,2005
R6B-347,E1,2005-11-28T08:05:00+00:00,9327.127402616845,2005
R6B-347,E1,2005-11-29T08:55:00+00:00,9270.83849912441,2005
R6B-347,E1,2005-12-05T08:15:00+00:00,9281.584355395667,2005
R6B-347,E1,2005-12-06T08:05:00+00:00,9228.994404463865,2005
R6B-347,E1,2005-12-07T14:35:00+00:00,9235.970731575277,2005
R6B-347,E1,2005-12-08T08:40:00+00:00,9216.799573379001,2005
R6B-347,E1,2005-12-09T08:10:00+00:00,9223.686939214878,2005
R6B-347,E1,2005-12-12T08:15:00+00:00,9361.141878133041,2005
R6B-347,E1,2005-12-19T11:50:00+00:00,9438.37290407643,2005
R6B-347,E1,2005-12-21T15:25:00+00:00,9421.164617870383,2005
R6B-347,E1,2005-12-22T08:15:00+00:00,9384.191238013169,2005
R6B-347,E1,2005-12-27T08:10:00+00:00,9418.130242666617,2005
R6B-347,E1,2005-12-28T08:10:00+00:00,9435.808111597307,2005
R6B-347,E1,2006-01-03T08:05:00+00:00,9469.077336671777,2006
R6B-347,E1,2006-01-06T12:10:00+00:00,9517.18457141938,2006
R6B-347,E1,2006-01-09T08:45:00+00:00,9522.601412353504,2006
R6B-347,E1,2006-01-16T16:00:00+00:00,9577.097060103966,2006
R6B-347,E1,2006-01-17T08:30:00+00:00,9488.225618820677,2006
R6B-347,E1,2006-01-19T10:00:00+00:00,9488.467523117062,2006
R6B-347,E1,2006-01-20T08:05:00+00:00,9423.46916543662,2006
R6B-347,E1,2006-01-30T08:30:00+00:00,9437.746239884835,2006
R6B-347,E1,2006-01-31T08:30:00+00:00,9429.746098091158,2006
R6B-347,E1,2006-02-07T12:45:00+00:00,9374.669403424767,2006
R6B-347,E1,2006-02-09T08:10:00+00:00,9414.162034645424,2006
R6B-347,E1,2006-02-10T08:05:00+00:00,9229.218041132033,2006
R6B-347,E1,2006-02-16T15:25:00+00:00,9196.506088602498,2006
R6B-347,E1,2006-02-20T15:30:00+00:00,9218.75504125896,2006
R6B-347,E1,2006-02-21T08:15:00+00:00,9136.539520445913,2006
R6B-347,E1,2006-02-24T13:55:00+00:00,9181.881713798617,2006
R6B-347,E1,2006-02-28T12:05:00+00:00,9198.378559800367,2006
R6B-347,E1,2006-03-07T09:45:00+00:00,9132.47593082298,2006
R6B-347,E1,2006-03-09T15:50:00+00:00,9168.297907849352,2006
R6B-347,E1,2006-03-13T09:00:00+00:00,9167.087873105067,2006
R6B-347,E1,2006-03-27T15:40:00+00:00,9252.612975421696,2006
R6B-347,E1,2006-03-30T14:25:00+00:00,9371.52407825002,2006
R6B-347,E1,2006-04-03T12:00:00+00:00,9381.957995833322,2006
R6B-347,E1,2006-04-06T13:25:00+00:00,9409.199332276627,2006
R6B-347,E1,2006-04-10T08:05:00+00:00,9512.305641978353,2006
R6B-347,E1,2006-04-11T10:20:00+00:00,9485.599333952085,2006
R6B-347,E1,2006-04-12T09:10:00+00:00,9450.539745865975,2006
R6B-347,E1,2006-04-14T08:30:00+00:00,9479.323145705941,2006
R6B-347,E1,2006-04-17T08:05:00+00:00,9564.133843434554,2006
R6B-347,E1,2006-04-18T10:35:00+00:00,9565.575437655034,2006
R6B-347,E1,2006-04-20T15:20:00+00:00,9129.082576902965,2006
R6B-347,E1,2006-04-21T15:40:00+00:00,9292.669843171769,2006
R6B-347,E1,2006-04-24T08:05:00+00:00,9204.342300130718,2006
R6B-347,E1,2006-04-25T15:45:00+00:00,9264.011290373779,2006
R6B-347,E1,2006-04-26T14:10:00+00:00,9336.963916959965,2006
R6B-347,E1,2006-04-27T08:05:00+00:00,9308.28447963134,2006
R6B-347,E1,2006-05-01T10:50:00+00:00,9361.015671398452,2006
R6B-347,E1,2006-05-03T14:40:00+00:00,9250.966537133041,2006
R6B-347,E1,2006-05-05T14:20:00+00:00,9171.638004025592,2006
R6B-347,E1,2006-05-08T08:05:00+00:00,9124.639998716737,2006
R6B-347,E1,2006-05-09T08:05:00+00:00,9075.169070208327,2006
R6B-347,E1,2006-05-10T14:50:00+00:00,9032.47632980953,2006
R6B-347,E1,2006-05-11T12:40:00+00:00,9065.580624556193,2006
R6B-347,E1,2006-05-12T15:10:00+00:00,9038.49227399562,2006
R6B-347,E1,2006-05-15T08:30:00+00:00,8695.92095547178,2006
R6B-347,E1,2006-05-16T09:05:00+00:00,8631.296139704216,2006
R6B-347,E1,2006-05-17T08:10:00+00:00,8881.27639992855,2006
R6B-347,E1,2006-05-22T08:20:00+00:00,8595.956865888329,2006
R6B-347,E1,2006-05-23T08:05:00+00:00,8582.591802295055,2006
R6B-347,E1,2006-05-24T14:55:00+00:00,8264.200477429535,2006
R6B-347,E1,2006-05-25T15:20:00+00:00,8246.811871970642,2006
R6B-347,E1,2006-05-26T08:05:00+00:00,8281.462717049486,2006
R6B-347,E1,2006-05-30T15:05:00+00:00,8360.12900023781,2006
R6B-347,E1,2006-05-31T15:00:00+00:00,8263.720497070793,2006
R6B-347,E1,2006-06-05T08:05:00+00:00,8273.515290611023,2006
R6B-347,E1,2006-06-14T16:00:00+00:00,8238.232471360983,2006
R6B-347,E1,2006-06-15T13:10:00+00:00,8351.786677606922,2006
R6B-347,E1,2006-06-16T08:10:00+00:00,8384.561547205029,2006
R6B-347,E1,2006-06-20T13:50:00+00:00,8368.54195124635,2006
R6B-347,E1,2006-06-22T09:40:00+00:00,8390.436703973062,2006
R6B-347,E1,2006-06-23T09:25:00+00:00,8350.674754906686,2006
R6B-347,E1,2006-06-27T08:25:00+00:00,8383.668696968909,2006
R6B-347,E1,2006-06-29T08:20:00+00:00,8389.850440642957,2006
R6B-347,E1,2006-07-03T08:15:00+00:00,8419.889043606776,2006
R6B-347,E1,2006-07-05T08:05:00+00:00,8367.85775638032,2006
R6B-347,E1,2006-07-10T11:10:00+00:00,8241.412717658224,2006
R6B-347,E1,2006-07-13T15:35:00+00:00,8170.117015206399,2006
R6B-347,E1,2006-07-17T08:05:00+00:00,8231.635007342065,2006
R6B-347,E1,2006-07-18T09:55:00+00:00,8181.574680926912,2006
R6B-347,E1,2006-07-25T08:05:00+00:00,8211.983415160694,2006
R6B-347,E1,2006-07-27T14:55:00+00:00,8280.45944581222,2006
R6B-347,E1,2006-07-28T08:05:00+00:00,8199.733521619279,2006
R6B-347,E1,2006-07-31T08:05:00+00:00,8152.706081523532,2006
R6B-347,E1,2006-08-01T08:10:00+00:00,8082.704316775791,2006
R6B-347,E1,2006-08-02T09:20:00+00:00,8079.058792206694,2006
R6B-347,E1,2006-08-07T11:50:00+00:00,8039.95827010376,2006
R6B-347,E1,2006-08-09T15:45:00+00:00,8189.020515119146,2006
R6B-347,E1,2006-08-10T14:35:00+00:00,8033.448277404236,2006
R6B-347,E1,2006-08-11T08:15:00+00:00,8064.5803244099625,2006
R6B-347,E1,2006-08-16T15:55:00+00:00,8103.661276164083,2006
R6B-347,E1,2006-08-17T11:55:00+00:00,8109.182557295133,2006
R6B-347,E1,2006-08-18T15:50:00+00:00,8022.994378457821,2006
R6B-347,E1,2006-08-21T09:00:00+00:00,8092.184255962055,2006
R6B-347,E1,2006-08-24T13:20:00+00:00,8105.589284107728,2006
R6B-347,E1,2006-08-29T08:10:00+00:00,8102.6812309519255,2006
R6B-347,E1,2006-08-31T12:25:00+00:00,8154.193459111942,2006
R6B-347,E1,2006-09-05T12:05:00+00:00,8179.559557275501,2006
R6B-347,E1,2006-09-07T15:10:00+00:00,7953.3372115790935,2006
R6B-347,E1,2006-09-08T11:10:00+00:00,7859.638418993603,2006
R6B-347,E1,2006-09-12T11:35:00+00:00,7865.930035217275,2006
R6B-347,E1,2006-09-14T13:20:00+00:00,7847.923672820136,2006
R6B-347,E1,2006-09-15T12:15:00+00:00,7796.517420760257,2006
R6B-347,E1,2006-09-20T15:10:00+00:00,7936.71371852141,2006
R6B-347,E1,2006-09-21T11:50:00+00:00,7982.514397488965,2006
R6B-347,E1,2006-09-22T08:30:00+00:00,7993.8172498088625,2006
R6B-347,E1,2006-09-25T13:30:00+00:00,7939.330819609392,2006
R6B-347,E1,2006-09-26T08:20:00+00:00,7924.480308022979,2006
R6B-347,E1,2006-09-27T12:25:00+00:00,7944.294603932567,2006
R6B-347,E1,2006-09-29T12:00:00+00:00,7923.721523505519,2006
R6B-347,E1,2006-10-02T08:05:00+00:00,7928.95900120854,2006
R6B-347,E1,2006-10-03T11:45:00+00:00,7863.852556385114,2006
R6B-347,E1,2006-10-04T14:25:00+00:00,7811.64616439827,2006
R6B-347,E1,2006-10-05T08:30:00+00:00,7793.8961272972065,2006
R6B-347,E1,2006-10-09T08:05:00+00:00,7864.645492549656,2006
R6B-347,E1,2006-10-10T15:15:00+00:00,7757.679998830183,2006
R6B-347,E1,2006-10-12T15:15:00+00:00,7786.45618990685,2006
R6B-347,E1,2006-10-16T08:05:00+00:00,7780.361977231553,2006
R6B-347,E1,2006-10-18T09:50:00+00:00,7800.989181949057,2006
R6B-347,E1,2006-10-19T16:00:00+00:00,7903.172448797564,2006
R6B-347,E1,2006-10-20T15:10:00+00:00,7802.379074575675,2006
R6B-347,E1,2006-10-26T08:30:00+00:00,7784.586578719838,2006
R6B-347,E1,2006-10-30T08:45:00+00:00,7830.44374932942,2006
R6B-347,E1,2006-11-01T09:40:00+00:00,7819.595836331009,2006
R6B-347,E1,2006-11-06T08:20:00+00:00,7781.6886983330705,2006
R6B-347,E1,2006-11-07T12:35:00+00:00,7762.69206498401,2006
R6B-347,E1,2006-11-08T11:50:00+00:00,7738.362595984276,2006
R6B-347,E1,2006-11-13T08:50:00+00:00,7713.374032548553,2006
R6B-347,E1,2006-11-24T08:55:00+00:00,7738.309279038335,2006
R6B-347,E1,2006-11-27T08:05:00+00:00,7724.670374121051,2006
R6B-347,E1,2006-12-05T08:35:00+00:00,7672.480004435098,2006
R6B-347,E1,2006-12-07T15:40:00+00:00,7612.628782696184,2006
R6B-347,E1,2006-12-11T15:45:00+00:00,7611.345752015903,2006
R6B-347,E1,2006-12-18T13:55:00+00:00,7583.3541103206035,2006
R6B-347,E1,2006-12-22T15:45:00+00:00,7560.088579996836,2006
R6B-347,E1,2006-12-26T08:05:00+00:00,7575.146852379484,2006
R6B-347,E1,2007-01-02T15:40:00+00:00,7590.523058712072,2007
R6B-347,E1,2007-01-04T11:05:00+00:00,7537.104573718647,2007
R6B-347,E1,2007-01-08T08:05:00+00:00,7533.339396303439,2007
R6B-347,E1,2007-01-09T08:25:00+00:00,7556.5728731675,2007
R6B-347,E1,2007-01-11T15:55:00+00:00,7573.806192080352,2007
R6B-347,E1,2007-01-12T15:35:00+00:00,7629.33884353732,2007
R6B-347,E1,2007-01-23T15:45:00+00:00,7749.280009857963,2007
R6B-347,E1,2007-01-29T08:05:00+00:00,7714.9889216371985,2007
R6B-347,E1,2007-02-05T08:10:00+00:00,7695.807415106069,2007
R6B-347,E1,2007-02-08T11:05:00+00:00,7657.442787286087,2007
R6B-347,E1,2007-02-13T15:45:00+00:00,7655.958808854518,2007
R6B-347,E1,2007-02-19T09:50:00+00:00,7653.451255644519,2007
R6B-347,E1,2007-02-21T08:30:00+00:00,7631.519936803913,2007
R6B-347,E1,2007-02-26T09:25:00+00:00,7608.743786797825,2007
R6B-347,E1,2007-02-28T12:15:00+00:00,7632.0907717622495,2007
R6B-347,E1,2007-03-01T08:15:00+00:00,7584.936276185085,2007
R6B-347,E1,2007-03-06T14:00:00+00:00,7572.383128510906,2007
R6B-347,E1,2007-03-12T15:30:00+00:00,7537.353370527396,2007
R6B-347,E1,2007-03-15T08:05:00+00:00,7515.532045532456,2007
R6B-347,E1,2007-03-19T08:45:00+00:00,7525.496313366646,2007
R6B-347,E1,2007-03-20T08:15:00+00:00,7501.976210612285,2007
R6B-347,E1,2007-03-21T15:55:00+00:00,7484.123291410861,2007
R6B-347,E1,2007-03-26T08:15:00+00:00,7481.218037831192,2007
R6B-347,E1,2007-03-30T09:20:00+00:00,7474.485796043197,2007
R6B-347,E1,2007-04-03T12:55:00+00:00,7456.0722211710445,2007
R6B-347,E1,2007-04-10T09:20:00+00:00,7494.017598160535,2007
R6B-347,E1,2007-04-12T15:40:00+00:00,7431.619303237821,2007
R6B-347,E1,2007-04-13T08:05:00+00:00,7427.061638547317,2007
R6B-347,E1,2007-04-16T09:55:00+00:00,7440.805260235188,2007
R6B-347,E1,2007-04-18T09:25:00+00:00,7457.732385003806,2007
R6B-347,E1,2007-04-19T08:30:00+00:00,7381.194842888603,2007
R6B-347,E1,2007-04-20T08:20:00+00:00,7384.876500839689,2007
R6B-347,E1,2007-04-23T08:10:00+00:00,7341.986223390372,2007
R6B-347,E1,2007-05-03T15:45:00+00:00,7396.098076999789,2007
R6B-347,E1,2007-05-07T12:50:00+00:00,7399.358675690995,2007
R6B-347,E1,2007-05-09T12:10:00+00:00,7381.851137611895,2007
R6B-347,E1,2007-05-11T11:45:00+00:00,7379.104323227822,2007
R6B-347,E1,2007-05-14T08:15:00+00:00,7404.302483990261,2007
R6B-347,E1,2007-05-15T14:00:00+00:00,7379.015920313589,2007
R6B-347,E1,2007-05-18T08:10:00+00:00,7405.814041699518,2007
R6B-347,E1,2007-05-22T15:50:00+00:00,7381.959214554797,2007
R6B-347,E1,2007-05-23T13:20:00+00:00,7402.957977913609,2007
R6B-347,E1,2007-05-28T08:20:00+00:00,7396.37140622789,2007
R6B-347,E1,2007-05-31T08:10:00+00:00,7414.770803109782,2007
R6B-347,E1,2007-06-01T08:15:00+00:00,7408.880077126476,2007
R6B-347,E1,2007-06-05T14:25:00+00:00,7384.8856041800755,2007
R6B-347,E1,2007-06-06T08:10:00+00:00,7370.2516519057335,2007
R6B-347,E1,2007-06-07T14:05:00+00:00,7338.497799714397,2007
R6B-347,E1,2007-06-08T11:40:00+00:00,7264.706145034082,2007
R6B-347,E1,2007-06-11T08:05:00+00:00,7282.302165072086,2007
R6B-347,E1,2007-06-12T11:25:00+00:00,7239.358521771049,2007
R6B-347,E1,2007-06-18T08:35:00+00:00,7248.674127972153,2007
R6B-347,E1,2007-06-19T08:05:00+00:00,7236.5958508578515,2007
R6B-347,E1,2007-06-21T14:55:00+00:00,7191.67774257009,2007
R6B-347,E1,2007-06-28T08:20:00+00:00,7197.069089052747,2007
R6B-347,E1,2007-07-02T09:40:00+00:00,7188.316307800494,2007
R6B-347,E1,2007-07-04T08:15:00+00:00,7179.813688823205,2007
R6B-347,E1,2007-07-11T08:15:00+00:00,7178.483562401042,2007
R6B-347,E1,2007-07-12T09:40:00+00:00,7190.437289541986,2007
R6B-347,E1,2007-07-13T15:40:00+00:00,7183.118840409571,2007
R6B-347,E1,2007-07-16T11:15:00+00:00,7178.6812790305485,2007
R6B-347,E1,2007-07-17T08:20:00+00:00,7157.31610929995,2007
R6B-347,E1,2007-07-18T11:20:00+00:00,7162.173869908696,2007
R6B-347,E1,2007-07-23T13:30:00+00:00,7162.364480368055,2007
R6B-347,E1,2007-07-24T09:00:00+00:00,7151.831316522715,2007
R6B-347,E1,2007-07-27T08:15:00+00:00,7116.8760336705045,2007
R6B-347,E1,2007-07-30T14:45:00+00:00,7118.810330891189,2007
R6B-347,E1,2007-07-31T08:30:00+00:00,7109.18490360578,2007
R6B-347,E1,2007-08-06T14:50:00+00:00,7079.13598786007,2007
R6B-347,E1,2007-08-20T15:45:00+00:00,7079.476962308254,2007
R6B-347,E1,2007-08-21T11:55:00+00:00,7071.797049575396,2007
R6B-347,E1,2007-08-23T10:10:00+00:00,7078.085066070939,2007
R6B-347,E1,2007-08-28T15:20:00+00:00,7024.140043617609,2007
R6B-347,E1,2007-08-29T12:55:00+00:00,7041.4103861642825,2007
R6B-347,E1,2007-08-31T11:25:00+00:00,7082.5043956927575,2007
R6B-347,E1,2007-09-03T15:55:00+00:00,7067.146374300125,2007
R6B-347,E1,2007-09-04T12:45:00+00:00,7060.428496499973,2007
R6B-347,E1,2007-09-06T09:40:00+00:00,7055.75906948707,2007
R6B-347,E1,2007-09-10T15:05:00+00:00,7042.552630219651,2007
R6B-347,E1,2007-09-11T14:55:00+00:00,7048.034962608974,2007
R6B-347,E1,2007-09-12T13:35:00+00:00,7010.848566012859,2007
R6B-347,E1,2007-09-17T09:55:00+00:00,7000.081656219658,2007
R6B-347,E1,2007-09-20T08:15:00+00:00,7050.6829083986595,2007
R6B-347,E1,2007-09-21T13:00:00+00:00,7039.978833925889,2007
R6B-347,E1,2007-09-24T09:10:00+00:00,7024.232113420307,2007
R6B-347,E1,2007-09-27T14:10:00+00:00,7048.57537592293,2007
R6B-347,E1,2007-09-28T08:40:00+00:00,7079.974198419477,2007
R6B-347,E1,2007-10-01T11:40:00+00:00,7067.890189283558,2007
R6B-347,E1,2007-10-03T08:20:00+00:00,7065.926946354925,2007
R6B-347,E1,2007-10-10T08:20:00+00:00,7072.894655467832,2007
R6B-347,E1,2007-10-11T11:30:00+00:00,7109.83257737572,2007
R6B-347,E1,2007-10-15T09:25:00+00:00,7147.101201780954,2007
R6B-347,E1,2007-10-16T12:55:00+00:00,7120.027056049835,2007
R6B-347,E1,2007-10-17T09:00:00+00:00,7065.902085388637,2007
R6B-347,E1,2007-10-18T08:50:00+00:00,7051.555129364884,2007
R6B-347,E1,2007-10-23T08:30:00+00:00,7057.28323348905,2007
R6B-347,E1,2007-10-26T08:10:00+00:00,7109.052064567397,2007
R6B-347,E1,2007-10-29T08:05:00+00:00,7125.00014887356,2007
R6B-347,E1,2007-10-31T13:45:00+00:00,7149.528019006303,2007
R6B-347,E1,2007-11-06T14:20:00+00:00,7260.26147056267,2007
R6B-347,E1,2007-11-07T08:25:00+00:00,7359.9991578864365,2007
R6B-347,E1,2007-11-08T11:35:00+00:00,7326.7934931411055,2007
R6B-347,E1,2007-11-13T11:30:00+00:00,7300.337033243587,2007
R6B-347,E1,2007-11-14T10:25:00+00:00,7320.544999213956,2007
R6B-347,E1,2007-11-15T09:20:00+00:00,7253.6812706164865,2007
R6B-347,E1,2007-11-16T09:30:00+00:00,7225.124980276797,2007
R6B-347,E1,2007-11-19T08:15:00+00:00,7188.050643472729,2007
R6B-347,E1,2007-11-20T15:20:00+00:00,7296.318793372653,2007
R6B-347,E1,2007-11-21T15:30:00+00:00,7192.587195541106,2007
R6B-347,E1,2007-11-22T11:45:00+00:00,7179.189708609329,2007
R6B-347,E1,2007-11-23T09:30:00+00:00,7207.943953518442,2007
R6B-347,E1,2007-11-26T08:20:00+00:00,7212.729304192481,2007
R6B-347,E1,2007-11-27T11:05:00+00:00,7180.161736015258,2007
R6B-347,E1,2007-11-29T14:05:00+00:00,7121.0201677579025,2007
R6B-347,E1,2007-11-30T09:55:00+00:00,7092.86834788313,2007
R6B-347,E1,2007-12-03T08:20:00+00:00,7082.706951446533,2007
R6B-347,E1,2007-12-05T14:15:00+00:00,6997.005463600155,2007
R6B-347,E1,2007-12-10T11:50:00+00:00,7008.842487971364,2007
R6B-347,E1,2007-12-11T15:25:00+00:00,6996.532199524549,2007
R6B-347,E1,2007-12-12T14:40:00+00:00,7056.401072613287,2007
R6B-347,E1,2007-12-14T08:05:00+00:00,7045.346962053043,2007
R6B-347,E1,2007-12-17T08:05:00+00:00,7011.080381992087,2007
R6B-347,E1,2007-12-21T12:25:00+00:00,7042.01693606396,2007
R6B-347,E1,2007-12-26T08:05:00+00:00,7077.341906248772,2007
R6B-347,E1,2007-12-31T08:05:00+00:00,7066.545879449562,2007
R6B-347,E1,2008-01-02T08:05:00+00:00,7081.993495952747,2008
R6B-347,E1,2008-01-08T09:30:00+00:00,7183.917214964892,2008
R6B-347,E1,2008-01-09T08:05:00+00:00,7202.461019567136,2008
R6B-347,E1,2008-01-10T09:20:00+00:00,7155.374145959664,2008
R6B-347,E1,2008-01-14T09:15:00+00:00,7236.648955089112,2008
R6B-347,E1,2008-01-15T09:20:00+00:00,7204.203460173072,2008
R6B-347,E1,2008-01-16T11:30:00+00:00,7068.476905482104,2008
R6B-347,E1,2008-01-17T14:45:00+00:00,7108.486533157314,2008
R6B-347,E1,2008-01-25T14:40:00+00:00,7153.210081958742,2008
R6B-347,E1,2008-01-28T08:05:00+00:00,7149.756975541089,2008
R6B-347,E1,2008-02-04T08:55:00+00:00,7118.709782704843,2008
R6B-347,E1,2008-02-05T08:50:00+00:00,7020.523237623213,2008
R6B-347,E1,2008-02-06T11:50:00+00:00,7075.192081083019,2008
R6B-347,E1,2008-02-07T13:15:00+00:00,7071.393337883678,2008
R6B-347,E1,2008-02-11T08:05:00+00:00,7065.600735214624,2008
R6B-347,E1,2008-02-14T14:20:00+00:00,7020.522820817801,2008
R6B-347,E1,2008-02-15T08:50:00+00:00,6998.838453179401,2008
R6B-347,E1,2008-02-18T09:15:00+00:00,6982.341609707314,2008
R6B-347,E1,2008-02-19T08:15:00+00:00,7011.870515139069,2008
R6B-347,E1,2008-02-22T11:45:00+00:00,7009.523028111529,2008
R6B-347,E1,2008-02-25T11:40:00+00:00,6982.629189291473,2008
R6B-347,E1,2008-02-27T08:45:00+00:00,7052.122414846954,2008
R6B-347,E1,2008-02-28T08:15:00+00:00,7010.822282528898,2008
R6B-347,E1,2008-02-29T08:15:00+00:00,7018.821327574189,2008
R6B-347,E1,2008-03-03T08:05:00+00:00,7059.048759067231,2008
R6B-347,E1,2008-03-04T09:05:00+00:00,7032.08237010907,2008
R6B-347,E1,2008-03-06T16:00:00+00:00,6995.63642507365,2008
R6B-347,E1,2008-03-07T09:00:00+00:00,6980.046967425671,2008
R6B-347,E1,2008-03-10T12:05:00+00:00,6909.369028125564,2008
R6B-347,E1,2008-03-13T09:00:00+00:00,6950.13283389003,2008
R6B-347,E1,2008-03-14T12:55:00+00:00,6920.862700037022,2008
R6B-347,E1,2008-03-17T08:05:00+00:00,6937.943792580932,2008
R6B-347,E1,2008-03-19T11:40:00+00:00,6933.542617734638,2008
R6B-347,E1,2008-03-24T08:30:00+00:00,6916.192033526402,2008
R6B-347,E1,2008-03-25T10:05:00+00:00,6991.186942113779,2008
R6B-347,E1,2008-03-26T08:35:00+00:00,6952.934049133952,2008
R6B-347,E1,2008-03-31T15:05:00+00:00,6931.9401575606835,2008
R6B-347,E1,2008-04-02T09:00:00+00:00,6919.226530377388,2008
R6B-347,E1,2008-04-07T08:05:00+00:00,6883.71708702397,2008
R6B-347,E1,2008-04-15T08:25:00+00:00,6903.244084796426,2008
R6B-347,E1,2008-04-16T14:10:00+00:00,7017.128682076889,2008
R6B-347,E1,2008-04-17T15:50:00+00:00,6978.015637484982,2008
R6B-347,E1,2008-04-18T10:10:00+00:00,6933.582076869646,2008
R6B-347,E1,2008-04-21T08:05:00+00:00,6946.918622874264,2008
R6B-347,E1,2008-04-22T13:05:00+00:00,6953.807055069956,2008
R6B-347,E1,2008-04-25T11:55:00+00:00,6925.56677891363,2008
R6B-347,E1,2008-04-28T08:25:00+00:00,6932.04000972684,2008
R6B-347,E1,2008-04-30T14:25:00+00:00,6901.272025342143,2008
R6B-347,E1,2008-05-01T08:45:00+00:00,6819.9984027406035,2008
R6B-347,E1,2008-05-05T08:05:00+00:00,6822.042267151766,2008
R6B-347,E1,2008-05-06T11:25:00+00:00,6822.945551994134,2008
R6B-347,E1,2008-05-09T14:30:00+00:00,6726.126232791413,2008
R6B-347,E1,2008-05-12T08:05:00+00:00,6661.4141195504235,2008
R6B-347,E1,2008-05-14T14:05:00+00:00,6650.311280013067,2008
R6B-347,E1,2008-05-15T13:55:00+00:00,6774.162499902363,2008
R6B-347,E1,2008-05-16T15:55:00+00:00,6923.029156700107,2008
R6B-347,E1,2008-05-19T08:05:00+00:00,6946.132644537907,2008
R6B-347,E1,2008-05-20T13:15:00+00:00,6959.0007291114025,2008
R6B-347,E1,2008-05-22T08:35:00+00:00,6893.799462656731,2008
R6B-347,E1,2008-05-23T15:45:00+00:00,6906.563916749146,2008
R6B-347,E1,2008-05-26T08:20:00+00:00,6899.611543473631,2008
R6B-347,E1,2008-05-27T08:15:00+00:00,6861.092325796085,2008
R6B-347,E1,2008-05-28T10:30:00+00:00,6735.053064544335,2008
R6B-347,E1,2008-05-30T08:25:00+00:00,6695.692565090683,2008
R6B-347,E1,2008-06-03T13:35:00+00:00,6584.743488566996,2008
R6B-347,E1,2008-06-06T13:20:00+00:00,6646.6943870728865,2008
R6B-347,E1,2008-06-09T08:05:00+00:00,6678.155430947632,2008
R6B-347,E1,2008-06-11T11:45:00+00:00,6676.5703855083375,2008
R6B-347,E1,2008-06-13T09:25:00+00:00,6649.586856479807,2008
R6B-347,E1,2008-06-16T08:10:00+00:00,6618.235798541115,2008
R6B-347,E1,2008-06-17T14:35:00+00:00,6590.633709621718,2008
R6B-347,E1,2008-06-18T15:05:00+00:00,6624.750098313991,2008
R6B-347,E1,2008-06-20T13:45:00+00:00,6642.266486477273,2008
R6B-347,E1,2008-06-23T08:05:00+00:00,6628.397893830577,2008
R6B-347,E1,2008-06-24T08:05:00+00:00,6647.718161083956,2008
R6B-347,E1,2008-06-25T13:50:00+00:00,6604.712532993344,2008
R6B-347,E1,2008-06-26T11:05:00+00:00,6634.294256187461,2008
R6B-347,E1,2008-06-27T15:25:00+00:00,6709.3655671055385,2008
R6B-347,E1,2008-06-30T15:25:00+00:00,6640.041746436312,2008
R6B-347,E1,2008-07-01T14:30:00+00:00,6737.919078531268,2008
R6B-347,E1,2008-07-02T15:05:00+00:00,6710.151548479256,2008
R6B-347,E1,2008-07-03T15:05:00+00:00,6661.629368014477,2008
R6B-347,E1,2008-07-04T11:10:00+00:00,6635.658203734732,2008
R6B-347,E1,2008-07-08T13:55:00+00:00,6563.427696279575,2008
R6B-347,E1,2008-07-09T12:40:00+00:00,6562.827150924469,2008
R6B-347,E1,2008-07-10T08:10:00+00:00,6549.176148762376,2008
R6B-347,E1,2008-07-15T14:40:00+00:00,6621.85668973353,2008
R6B-347,E1,2008-07-17T08:40:00+00:00,6608.367375995488,2008
R6B-347,E1,2008-07-18T14:35:00+00:00,6577.792635139367,2008
R6B-347,E1,2008-07-21T08:50:00+00:00,6631.182544275768,2008
R6B-347,E1,2008-07-22T14:45:00+00:00,6556.800475227762,2008
R6B-347,E1,2008-07-24T11:30:00+00:00,6564.027838654095,2008
R6B-347,E1,2008-07-25T10:35:00+00:00,6581.318274686986,2008
R6B-347,E1,2008-07-29T08:20:00+00:00,6563.802227396531,2008
R6B-347,E1,2008-07-31T08:30:00+00:00,6568.03780734646,2008
R6B-347,E1,2008-08-04T10:00:00+00:00,6519.389156694318,2008
R6B-347,E1,2008-08-06T14:25:00+00:00,6511.613711410494,2008
R6B-347,E1,2008-08-07T10:20:00+00:00,6498.981773445633,2008
R6B-347,E1,2008-08-11T08:05:00+00:00,6530.90059249742,2008
R6B-347,E1,2008-08-13T13:30:00+00:00,6530.386874636096,2008
R6B-347,E1,2008-08-14T08:10:00+00:00,6566.544915257684,2008
R6B-347,E1,2008-08-18T08:05:00+00:00,6636.166235311718,2008
R6B-347,E1,2008-08-21T08:25:00+00:00,6692.028823451436,2008
R6B-347,E1,2008-08-22T08:40:00+00:00,6639.730582579119,2008
R6B-347,E1,2008-08-27T09:05:00+00:00,6670.263418832048,2008
R6B-347,E1,2008-08-28T08:10:00+00:00,6699.63612408273,2008
R6B-347,E1,2008-08-29T10:00:00+00:00,6707.103796222548,2008
R6B-347,E1,2008-09-01T08:10:00+00:00,6691.794299126096,2008
R6B-347,E1,2008-09-04T08:15:00+00:00,6750.851307765682,2008
R6B-347,E1,2008-09-05T13:05:00+00:00,6846.361969684187,2008
R6B-347,E1,2008-09-08T08:05:00+00:00,6833.462386283725,2008
R6B-347,E1,2008-09-10T13:40:00+00:00,6830.580673525301,2008
R6B-347,E1,2008-09-12T08:05:00+00:00,6837.870380015908,2008
R6B-347,E1,2008-09-15T08:05:00+00:00,6866.570970027156,2008
R6B-347,E1,2008-09-18T08:10:00+00:00,6919.926271898309,2008
R6B-347,E1,2008-09-22T16:00:00+00:00,7079.8613158880635,2008
R6B-347,E1,2008-09-23T08:45:00+00:00,6916.848370640994,2008
R6B-347,E1,2008-09-25T13:40:00+00:00,6866.521053978295,2008
R6B-347,E1,2008-09-26T08:05:00+00:00,6759.12322369389,2008
R6B-347,E1,2008-10-01T12:25:00+00:00,6684.5902215851265,2008
R6B-347,E1,2008-10-03T11:40:00+00:00,6672.56789993846,2008
R6B-347,E1,2008-10-07T14:45:00+00:00,6756.263867631488,2008
R6B-347,E1,2008-10-08T14:20:00+00:00,6882.759549105608,2008
R6B-347,E1,2008-10-10T15:25:00+00:00,6642.692199497572,2008
R6B-347,E1,2008-10-13T10:30:00+00:00,6586.568349698347,2008
R6B-347,E1,2008-10-14T08:15:00+00:00,6556.000589358416,2008
R6B-347,E1,2008-10-15T12:15:00+00:00,6506.2372631344215,2008
R6B-347,E1,2008-10-17T09:35:00+00:00,6430.692233818727,2008
R6B-347,E1,2008-10-20T08:10:00+00:00,6500.894758204785,2008
R6B-347,E1,2008-10-21T08:10:00+00:00,6402.619988430799,2008
R6B-347,E1,2008-10-23T14:25:00+00:00,6373.97704144785,2008
R6B-347,E1,2008-10-24T08:05:00+00:00,6159.008636334061,2008
R6B-347,E1,2008-10-27T09:00:00+00:00,5904.187699795947,2008
R6B-347,E1,2008-10-28T13:35:00+00:00,5937.974795397562,2008
R6B-347,E1,2008-10-30T08:15:00+00:00,6012.45824305034,2008
R6B-347,E1,2008-11-03T09:00:00+00:00,6043.182804096645,2008
R6B-347,E1,2008-11-07T13:20:00+00:00,6050.616720706025,2008
R6B-347,E1,2008-11-10T08:05:00+00:00,6029.468589146045,2008
R6B-347,E1,2008-11-12T12:45:00+00:00,5977.860016743057,2008
R6B-347,E1,2008-11-19T10:00:00+00:00,5950.765905573751,2008
R6B-347,E1,2008-11-20T15:25:00+00:00,5934.845414717928,2008
R6B-347,E1,2008-11-21T14:20:00+00:00,6094.626858009363,2008
R6B-347,E1,2008-11-24T08:05:00+00:00,6008.385698093323,2008
R6B-347,E1,2008-11-27T11:20:00+00:00,5991.58287913258,2008
R6B-347,E1,2008-12-08T08:10:00+00:00,6102.609398689511,2008
R6B-347,E1,2008-12-10T10:05:00+00:00,6151.675232809126,2008
R6B-347,E1,2008-12-11T13:55:00+00:00,6272.146931628979,2008
R6B-347,E1,2008-12-15T08:05:00+00:00,6271.551043569578,2008
R6B-347,E1,2008-12-22T08:10:00+00:00,6317.227389322578,2008
R6B-347,E1,2008-12-24T10:50:00+00:00,6280.927612998715,2008
R6B-347,E1,2008-12-26T10:10:00+00:00,6243.466287981547,2008
R6B-347,E1,2008-12-29T08:05:00+00:00,6294.8124974358025,2008
R6B-347,E1,2009-01-02T08:05:00+00:00,6223.847645371055,2009
R6B-347,E1,2009-01-05T08:05:00+00:00,6154.458767924465,2009
R6B-347,E1,2009-01-08T14:20:00+00:00,6235.848928231427,2009
R6B-347,E1,2009-01-13T09:30:00+00:00,6178.396426659038,2009
R6B-347,E1,2009-01-14T10:55:00+00:00,6194.962448416319,2009
R6B-347,E1,2009-01-16T11:00:00+00:00,6209.385113646862,2009
R6B-347,E1,2009-01-28T08:25:00+00:00,6160.160619855717,2009
R6B-347,E1,2009-02-05T14:15:00+00:00,6247.4257786760245,2009
R6B-347,E1,2009-02-06T15:20:00+00:00,6226.703867680883,2009
R6B-347,E1,2009-02-10T09:30:00+00:00,6193.058488242931,2009
R6B-347,E1,2009-02-11T15:55:00+00:00,6357.664611708971,2009
R6B-347,E1,2009-02-17T08:40:00+00:00,6455.688564228346,2009
R6B-347,E1,2009-02-18T12:55:00+00:00,6452.25132751841,2009
R6B-347,E1,2009-03-02T08:20:00+00:00,6474.048646853704,2009
R6B-347,E1,2009-03-04T08:40:00+00:00,6454.917400493986,2009
R6B-347,E1,2009-03-05T09:30:00+00:00,6446.3315492039665,2009
R6B-347,E1,2009-03-06T14:05:00+00:00,6446.08236822693,2009
R6B-347,E1,2009-03-11T15:05:00+00:00,6445.177408286101,2009
R6B-347,E1,2009-03-12T11:30:00+00:00,6474.702176661787,2009
R6B-347,E1,2009-03-20T13:45:00+00:00,6448.6851667398205,2009
R6B-347,E1,2009-03-23T13:55:00+00:00,6416.578851222287,2009
R6B-347,E1,2009-03-30T08:15:00+00:00,6414.345297387518,2009
R6B-347,E1,2009-03-31T14:30:00+00:00,6395.939930624788,2009
R6B-347,E1,2009-04-02T12:35:00+00:00,6303.483787211319,2009
R6B-347,E1,2009-04-07T08:15:00+00:00,6322.9373916952945,2009
R6B-347,E1,2009-04-08T12:25:00+00:00,6304.6698911815365,2009
R6B-347,E1,2009-04-09T11:15:00+00:00,6315.1860577257785,2009
R6B-347,E1,2009-04-10T13:15:00+00:00,6328.834640799679,2009
R6B-347,E1,2009-04-13T08:05:00+00:00,6361.547513423232,2009
R6B-347,E1,2009-04-14T10:35:00+00:00,6337.526414713215,2009
R6B-347,E1,2009-04-15T09:20:00+00:00,6312.061498136013,2009
R6B-347,E1,2009-04-16T16:00:00+00:00,6217.800215182974,2009
R6B-347,E1,2009-04-20T08:05:00+00:00,6213.538705285426,2009
R6B-347,E1,2009-04-21T14:30:00+00:00,6208.511433951666,2009
R6B-347,E1,2009-04-22T13:50:00+00:00,6219.356026465435,2009
R6B-347,E1,2009-04-23T08:50:00+00:00,6212.751690303778,2009
R6B-347,E1,2009-04-24T12:15:00+00:00,6216.897107625187,2009
R6B-347,E1,2009-04-27T08:05:00+00:00,6195.888921143821,2009
R6B-347,E1,2009-04-29T14:20:00+00:00,6214.769164501698,2009
R6B-347,E1,2009-04-30T14:45:00+00:00,6108.646048989031,2009
R6B-347,E1,2009-05-04T09:15:00+00:00,6132.749591870384,2009
R6B-347,E1,2009-05-05T09:45:00+00:00,6107.697627863867,2009
R6B-347,E1,2009-05-06T12:20:00+00:00,6123.3090985760755,2009
R6B-347,E1,2009-05-07T13:35:00+00:00,6159.263858429045,2009
R6B-347,E1,2009-05-08T14:35:00+00:00,6103.954194171842,2009
R6B-347,E1,2009-05-11T08:05:00+00:00,6088.785070952244,2009
R6B-347,E1,2009-05-12T15:45:00+00:00,6105.095720185444,2009
R6B-347,E1,2009-05-15T12:50:00+00:00,6110.939169583726,2009
R6B-347,E1,2009-05-18T12:35:00+00:00,6083.511759152667,2009
R6B-347,E1,2009-05-19T14:40:00+00:00,6099.161068010756,2009
R6B-347,E1,2009-05-20T11:20:00+00:00,6124.9166014652355,2009
R6B-347,E1,2009-05-21T10:25:00+00:00,6114.050328962851,2009
R6B-347,E1,2009-05-28T15:35:00+00:00,6210.804047166516,2009
R6B-347,E1,2009-05-29T09:30:00+00:00,6267.198261761244,2009
R6B-347,E1,2009-06-01T09:15:00+00:00,6304.124593181226,2009
R6B-347,E1,2009-06-03T08:45:00+00:00,6282.9311974762695,2009
R6B-347,E1,2009-06-04T08:25:00+00:00,6296.165408944091,2009
R6B-347,E1,2009-06-08T10:50:00+00:00,6224.599926970697,2009
R6B-347,E1,2009-06-10T09:05:00+00:00,6242.686332127229,2009
R6B-347,E1,2009-06-11T12:55:00+00:00,6159.414988083573,2009
R6B-347,E1,2009-06-16T08:05:00+00:00,6172.2270272032765,2009
R6B-347,E1,2009-06-17T13:35:00+00:00,6150.333941174645,2009
R6B-347,E1,2009-06-24T14:45:00+00:00,6217.319008190685,2009
R6B-347,E1,2009-06-25T10:55:00+00:00,6192.624022249161,2009
R6B-347,E1,2009-06-26T08:15:00+00:00,6214.640085394975,2009
R6B-347,E1,2009-06-29T15:20:00+00:00,6188.129231387956,2009
R6B-347,E1,2009-06-30T09:10:00+00:00,6185.475307377164,2009
R6B-347,E1,2009-07-01T10:45:00+00:00,6194.597789203098,2009
R6B-347,E1,2009-07-03T08:30:00+00:00,6177.664401039136,2009
R6B-347,E1,2009-07-07T08:10:00+00:00,6146.795983970557,2009
R6B-347,E1,2009-07-09T09:05:00+00:00,6165.38819270506,2009
R6B-347,E1,2009-07-10T13:05:00+00:00,6127.915736459034,2009
R6B-347,E1,2009-07-13T08:05:00+00:00,6110.903613935626,2009
R6B-347,E1,2009-07-14T14:35:00+00:00,6129.128184273012,2009
R6B-347,E1,2009-07-15T14:05:00+00:00,6199.019751972514,2009
R6B-347,E1,2009-07-20T08:50:00+00:00,6245.967848793614,2009
R6B-347,E1,2009-07-22T11:50:00+00:00,6229.513515359076,2009
R6B-347,E1,2009-07-23T12:55:00+00:00,6222.361021452056,2009
R6B-347,E1,2009-07-27T11:30:00+00:00,6252.193872808734,2009
R6B-347,E1,2009-07-28T13:20:00+00:00,6217.435430578535,2009
R6B-347,E1,2009-07-29T08:50:00+00:00,6185.627126190325,2009
R6B-347,E1,2009-07-30T08:15:00+00:00,6187.708934812908,2009
R6B-347,E1,2009-07-31T10:55:00+00:00,6189.284649046664,2009
R6B-347,E1,2009-08-03T08:05:00+00:00,6174.219462985788,2009
R6B-347,E1,2009-08-06T15:40:00+00:00,6167.787700262995,2009
R6B-347,E1,2009-08-10T12:35:00+00:00,6101.277298476595,2009
R6B-347,E1,2009-08-11T09:40:00+00:00,6096.21988256406,2009
R6B-347,E1,2009-08-12T08:05:00+00:00,6065.156284494313,2009
R6B-347,E1,2009-08-13T13:45:00+00:00,6095.20927131351,2009
R6B-347,E1,2009-08-14T08:20:00+00:00,6070.869289837083,2009
R6B-347,E1,2009-08-18T08:05:00+00:00,6086.178663605683,2009
R6B-347,E1,2009-08-19T08:10:00+00:00,6030.090575138338,2009
R6B-347,E1,2009-08-20T14:10:00+00:00,5991.664664058011,2009
R6B-347,E1,2009-08-21T15:40:00+00:00,6073.193013498155,2009
R6B-347,E1,2009-08-25T11:00:00+00:00,6073.190225882455,2009
R6B-347,E1,2009-08-26T09:25:00+00:00,6086.17180058021,2009
R6B-347,E1,2009-08-28T14:45:00+00:00,6126.516917210819,2009
R6B-347,E1,2009-08-31T08:05:00+00:00,6089.302461087951,2009
R6B-347,E1,2009-09-01T13:00:00+00:00,6074.226902666943,2009
R6B-347,E1,2009-09-03T14:35:00+00:00,6102.555666011967,2009
R6B-347,E1,2009-09-07T15:00:00+00:00,6109.857221852266,2009
R6B-347,E1,2009-09-08T08:05:00+00:00,6167.982581058154,2009
R6B-347,E1,2009-09-10T13:55:00+00:00,6131.331197041669,2009
R6B-347,E1,2009-09-11T10:20:00+00:00,6136.00657040882,2009
R6B-347,E1,2009-09-14T08:05:00+00:00,6077.172992616371,2009
R6B-347,E1,2009-09-15T08:15:00+00:00,6051.5048524766935,2009
R6B-347,E1,2009-09-16T13:05:00+00:00,6095.150624916765,2009
R6B-347,E1,2009-09-17T11:40:00+00:00,6078.749605082079,2009
R6B-347,E1,2009-09-22T11:35:00+00:00,6133.671381833846,2009
R6B-347,E1,2009-09-24T14:35:00+00:00,6045.560630794764,2009
R6B-347,E1,2009-09-25T12:35:00+00:00,6010.753452340689,2009
R6B-347,E1,2009-09-28T08:05:00+00:00,5963.916854524385,2009
R6B-347,E1,2009-09-29T12:35:00+00:00,5934.5516812302285,2009
R6B-347,E1,2009-09-30T09:30:00+00:00,5975.072397959318,2009
R6B-347,E1,2009-10-05T12:45:00+00:00,5965.548930111618,2009
R6B-347,E1,2009-10-06T09:30:00+00:00,5965.092943596828,2009
R6B-347,E1,2009-10-07T14:15:00+00:00,5960.614999865862,2009
R6B-347,E1,2009-10-08T09:10:00+00:00,6002.447230517338,2009
R6B-347,E1,2009-10-12T08:05:00+00:00,5985.402907633979,2009
R6B-347,E1,2009-10-14T11:00:00+00:00,5973.312178430267,2009
R6B-347,E1,2009-10-16T09:10:00+00:00,5941.856028459457,2009
R6B-347,E1,2009-10-19T14:45:00+00:00,5938.003487446344,2009
R6B-347,E1,2009-10-20T09:40:00+00:00,5923.8019113494765,2009
R6B-347,E1,2009-10-21T13:10:00+00:00,5890.259747596242,2009
R6B-347,E1,2009-10-23T08:20:00+00:00,5873.187895150611,2009
R6B-347,E1,2009-10-26T10:05:00+00:00,5866.910320768848,2009
R6B-347,E1,2009-10-27T14:25:00+00:00,5828.231640702395,2009
R6B-347,E1,2009-10-28T09:20:00+00:00,5801.490208114108,2009
R6B-347,E1,2009-10-29T11:55:00+00:00,5811.66559713241,2009
R6B-347,E1,2009-10-30T12:55:00+00:00,5773.085421017177,2009
R6B-347,E1,2009-11-02T14:00:00+00:00,5815.812183985535,2009
R6B-347,E1,2009-11-03T08:05:00+00:00,5804.010532586029,2009
R6B-347,E1,2009-11-06T13:30:00+00:00,5810.084197592481,2009
R6B-347,E1,2009-11-09T08:45:00+00:00,5846.433355671832,2009
R6B-347,E1,2009-11-11T12:20:00+00:00,5885.523653436938,2009
R6B-347,E1,2009-11-12T08:30:00+00:00,5875.30581329221,2009
R6B-347,E1,2009-11-13T14:20:00+00:00,5866.381850142677,2009
R6B-347,E1,2009-11-16T08:05:00+00:00,5902.443737572887,2009
R6B-347,E1,2009-11-20T14:20:00+00:00,5865.877278989027,2009
R6B-347,E1,2009-11-23T08:05:00+00:00,5900.06976449063,2009
R6B-347,E1,2009-11-24T13:00:00+00:00,5911.195414539826,2009
R6B-347,E1,2009-11-25T10:05:00+00:00,5950.9225666039,2009
R6B-347,E1,2009-11-26T09:25:00+00:00,5898.051883671776,2009
R6B-347,E1,2009-11-30T09:15:00+00:00,5864.244127660237,2009
R6B-347,E1,2009-12-01T15:25:00+00:00,5921.753107744403,2009
R6B-347,E1,2009-12-02T08:25:00+00:00,5971.666068401539,2009
R6B-347,E1,2009-12-03T08:20:00+00:00,5949.963733511074,2009
R6B-347,E1,2009-12-08T08:45:00+00:00,5901.602837957876,2009
R6B-347,E1,2009-12-10T09:25:00+00:00,5849.393269160446,2009
R6B-347,E1,2009-12-11T08:05:00+00:00,5860.746144397038,2009
R6B-347,E1,2009-12-14T09:10:00+00:00,5877.632330329829,2009
R6B-347,E1,2009-12-15T10:50:00+00:00,5802.934055991629,2009
R6B-347,E1,2009-12-16T09:55:00+00:00,5832.41492988312,2009
R6B-347,E1,2009-12-17T08:25:00+00:00,5778.213912935188,2009
R6B-347,E1,2009-12-18T10:25:00+00:00,5771.044911050602,2009
R6B-347,E1,2009-12-21T11:25:00+00:00,5753.4871059460065,2009
R6B-347,E1,2009-12-24T10:10:00+00:00,5809.126213081758,2009
R6B-347,E1,2009-12-28T08:05:00+00:00,5819.502251806095,2009
R6B-347,E1,2009-12-31T09:15:00+00:00,5863.620284892119,2009
R6B-347,E1,2010-01-04T10:15:00+00:00,5948.89772514758,2010
R6B-347,E1,2010-01-05T11:20:00+00:00,5933.577295153964,2010
R6B-347,E1,2010-01-06T10:00:00+00:00,5953.270301502754,2010
R6B-347,E1,2010-01-11T08:05:00+00:00,5951.311380531559,2010
R6B-347,E1,2010-01-12T14:30:00+00:00,5902.951338318414,2010
R6B-347,E1,2010-01-14T08:20:00+00:00,5888.4020627353975,2010
R6B-347,E1,2010-01-18T11:45:00+00:00,5901.1936349745265,2010
R6B-347,E1,2010-01-19T08:15:00+00:00,5902.44935845608,2010
R6B-347,E1,2010-01-20T08:50:00+00:00,5856.4678890634605,2010
R6B-347,E1,2010-01-21T14:45:00+00:00,5816.18210937704,2010
R6B-347,E1,2010-01-22T15:55:00+00:00,5767.2891358760635,2010
R6B-347,E1,2010-01-25T09:50:00+00:00,5780.28445944547,2010
R6B-347,E1,2010-01-26T09:15:00+00:00,5719.742793172262,2010
R6B-347,E1,2010-01-27T10:05:00+00:00,5681.577098010201,2010
R6B-347,E1,2010-01-28T13:20:00+00:00,5677.464348619652,2010
R6B-347,E1,2010-02-02T15:40:00+00:00,5712.17619673789,2010
R6B-347,E1,2010-02-03T15:20:00+00:00,5686.262003483094,2010
R6B-347,E1,2010-02-08T08:50:00+00:00,5700.954542746991,2010
R6B-347,E1,2010-02-09T12:00:00+00:00,5709.308319919165,2010
R6B-347,E1,2010-02-10T15:10:00+00:00,5633.110178145951,2010
R6B-347,E1,2010-02-11T10:00:00+00:00,5632.189428141766,2010
R6B-347,E1,2010-02-15T08:05:00+00:00,5627.872875640156,2010
R6B-347,E1,2010-02-16T08:30:00+00:00,5698.106899970556,2010
R6B-347,E1,2010-02-22T08:20:00+00:00,5686.09562246254,2010
R6B-347,E1,2010-02-23T13:10:00+00:00,5660.8777574545265,2010
R6B-347,E1,2010-02-24T09:30:00+00:00,5592.973190602797,2010
R6B-347,E1,2010-02-26T09:30:00+00:00,5609.366660964418,2010
R6B-347,E1,2010-03-01T15:35:00+00:00,5581.804050135508,2010
R6B-347,E1,2010-03-05T12:45:00+00:00,5588.153549802625,2010
R6B-347,E1,2010-03-08T15:05:00+00:00,5532.209307526125,2010
R6B-347,E1,2010-03-10T11:35:00+00:00,5548.039156490017,2010
R6B-347,E1,2010-03-12T08:05:00+00:00,5552.636642158285,2010
R6B-347,E1,2010-03-15T13:50:00+00:00,5556.080149980108,2010
R6B-347,E1,2010-03-16T11:50:00+00:00,5567.239709854023,2010
R6B-347,E1,2010-03-17T14:55:00+00:00,5534.181047004053,2010
R6B-347,E1,2010-03-23T08:10:00+00:00,5522.177150933579,2010
R6B-347,E1,2010-03-25T15:10:00+00:00,5527.195504925544,2010
R6B-347,E1,2010-03-26T11:40:00+00:00,5554.225232567789,2010
R6B-347,E1,2010-03-29T14:05:00+00:00,5553.761240539794,2010
R6B-347,E1,2010-03-30T12:05:00+00:00,5545.205238045636,2010
R6B-347,E1,2010-03-31T08:30:00+00:00,5557.78281890601,2010
R6B-347,E1,2010-04-01T15:25:00+00:00,5613.152942039338,2010
R6B-347,E1,2010-04-05T08:45:00+00:00,5608.840146150664,2010
R6B-347,E1,2010-04-07T12:30:00+00:00,5602.062056515205,2010
R6B-347,E1,2010-04-09T12:15:00+00:00,5621.541707077206,2010
R6B-347,E1,2010-04-12T08:05:00+00:00,5619.798378348416,2010
R6B-347,E1,2010-04-14T13:50:00+00:00,5610.945136283647,2010
R6B-347,E1,2010-04-20T09:05:00+00:00,5628.474310422064,2010
R6B-347,E1,2010-04-21T08:05:00+00:00,5630.3279804309195,2010
R6B-347,E1,2010-04-22T13:45:00+00:00,5560.924678672719,2010
R6B-347,E1,2010-04-23T15:35:00+00:00,5615.580086064741,2010
R6B-347,E1,2010-04-26T09:05:00+00:00,5600.191233076208,2010
R6B-347,E1,2010-04-27T09:05:00+00:00,5585.1779305248665,2010
R6B-347,E1,2010-04-30T08:45:00+00:00,5594.302194531832,2010
R6B-347,E1,2010-05-06T16:00:00+00:00,5676.6473708157055,2010
R6B-347,E1,2010-05-11T13:00:00+00:00,5759.072338492245,2010
R6B-347,E1,2010-05-12T12:55:00+00:00,5773.762469079768,2010
R6B-347,E1,2010-05-14T09:05:00+00:00,5786.170043077815,2010
R6B-347,E1,2010-05-17T09:40:00+00:00,5762.129932977668,2010
R6B-347,E1,2010-05-18T13:45:00+00:00,5709.081480679988,2010
R6B-347,E1,2010-05-20T12:40:00+00:00,5603.412156989669,2010
R6B-347,E1,2010-05-24T08:15:00+00:00,5626.601933116793,2010
R6B-347,E1,2010-05-25T12:00:00+00:00,5620.631792499746,2010
R6B-347,E1,2010-05-26T08:05:00+00:00,5633.537668075484,2010
R6B-347,E1,2010-05-27T11:25:00+00:00,5625.7128579560795,2010
R6B-347,E1,2010-05-28T13:25:00+00:00,5605.294734822184,2010
R6B-347,E1,2010-05-31T12:50:00+00:00,5601.114369286821,2010
R6B-347,E1,2010-06-01T08:05:00+00:00,5608.64596502165,2010
R6B-347,E1,2010-06-08T15:45:00+00:00,5614.89511797311,2010
R6B-347,E1,2010-06-11T10:45:00+00:00,5606.862813347914,2010
R6B-347,E1,2010-06-14T08:05:00+00:00,5608.847523934665,2010
R6B-347,E1,2010-06-15T14:30:00+00:00,5617.962007888296,2010
R6B-347,E1,2010-06-17T08:10:00+00:00,5615.640729863636,2010
R6B-347,E1,2010-06-21T14:20:00+00:00,5587.5326573243465,2010
R6B-347,E1,2010-06-22T09:40:00+00:00,5567.604175413836,2010
R6B-347,E1,2010-06-23T15:25:00+00:00,5513.750792057706,2010
R6B-347,E1,2010-06-25T10:20:00+00:00,5498.153654548797,2010
R6B-347,E1,2010-06-28T08:30:00+00:00,5476.523469881999,2010
R6B-347,E1,2010-06-29T08:15:00+00:00,5446.947808767909,2010
R6B-347,E1,2010-07-02T10:30:00+00:00,5466.200220322311,2010
R6B-347,E1,2010-07-05T10:50:00+00:00,5441.196670495791,2010
R6B-347,E1,2010-07-08T08:05:00+00:00,5428.634451207415,2010
R6B-347,E1,2010-07-09T15:20:00+00:00,5466.706389822969,2010
R6B-347,E1,2010-07-13T15:30:00+00:00,5521.160046642021,2010
R6B-347,E1,2010-07-14T14:30:00+00:00,5500.761276351165,2010
R6B-347,E1,2010-07-15T09:15:00+00:00,5511.312019894728,2010
R6B-347,E1,2010-07-16T08:35:00+00:00,5479.868451686139,2010
R6B-347,E1,2010-07-23T15:30:00+00:00,5452.8794816980135,2010
R6B-347,E1,2010-07-26T11:30:00+00:00,5427.721777031455,2010
R6B-347,E1,2010-07-27T09:55:00+00:00,5422.278608012869,2010
R6B-347,E1,2010-07-28T15:25:00+00:00,5395.845141867711,2010
R6B-347,E1,2010-07-29T09:25:00+00:00,5396.310095860317,2010
R6B-347,E1,2010-07-30T11:45:00+00:00,5402.1091051246285,2010
R6B-347,E1,2010-08-02T10:55:00+00:00,5375.180812681109,2010
R6B-347,E1,2010-08-04T08:55:00+00:00,5390.95109000151,2010
R6B-347,E1,2010-08-05T15:55:00+00:00,5373.244258715986,2010
R6B-347,E1,2010-08-06T15:50:00+00:00,5411.8369136585925,2010
R6B-347,E1,2010-08-09T13:05:00+00:00,5406.658599796511,2010
R6B-347,E1,2010-08-13T12:40:00+00:00,5395.613839719361,2010
R6B-347,E1,2010-08-16T08:05:00+00:00,5405.274055333,2010
R6B-347,E1,2010-08-17T15:10:00+00:00,5402.890730827372,2010
R6B-347,E1,2010-08-23T09:10:00+00:00,5398.208594658906,2010
R6B-347,E1,2010-08-25T14:00:00+00:00,5417.436782378997,2010
R6B-347,E1,2010-08-26T13:15:00+00:00,5394.617652950846,2010
R6B-347,E1,2010-09-01T13:55:00+00:00,5385.980698157584,2010
R6B-347,E1,2010-09-02T12:50:00+00:00,5390.065474239635,2010
R6B-347,E1,2010-09-06T14:30:00+00:00,5386.177482692182,2010
R6B-347,E1,2010-09-08T12:00:00+00:00,5390.424139395705,2010
R6B-347,E1,2010-09-09T12:40:00+00:00,5383.695839179627,2010
R6B-347,E1,2010-09-10T13:20:00+00:00,5358.3071350484215,2010
R6B-347,E1,2010-09-13T14:10:00+00:00,5349.235697613501,2010
R6B-347,E1,2010-09-14T14:40:00+00:00,5427.300529329736,2010
R6B-347,E1,2010-09-15T15:10:00+00:00,5417.589558281271,2010
R6B-347,E1,2010-09-17T10:25:00+00:00,5436.940052710587,2010
R6B-347,E1,2010-09-20T09:25:00+00:00,5449.238120640098,2010
R6B-347,E1,2010-09-22T12:10:00+00:00,5457.511134278998,2010
R6B-347,E1,2010-09-23T09:25:00+00:00,5450.515432686718,2010
R6B-347,E1,2010-09-24T15:35:00+00:00,5450.708278789656,2010
R6B-347,E1,2010-09-27T13:05:00+00:00,5453.565257252205,2010
R6B-347,E1,2010-09-29T12:05:00+00:00,5448.315352710033,2010
R6B-347,E1,2010-09-30T14:50:00+00:00,5433.394068660812,2010
R6B-347,E1,2010-10-01T15:15:00+00:00,5460.934900767875,2010
R6B-347,E1,2010-10-04T14:25:00+00:00,5437.6704473853815,2010
R6B-347,E1,2010-10-05T12:50:00+00:00,5490.106584784959,2010
R6B-347,E1,2010-10-06T08:20:00+00:00,5512.5254501999225,2010
R6B-347,E1,2010-10-07T10:40:00+00:00,5537.0856016063135,2010
R6B-347,E1,2010-10-11T08:05:00+00:00,5513.286480525551,2010
R6B-347,E1,2010-10-13T08:50:00+00:00,5528.333145527331,2010
R6B-347,E1,2010-10-14T08:05:00+00:00,5558.599441679388,2010
R6B-347,E1,2010-10-20T11:20:00+00:00,5573.484111862653,2010
R6B-347,E1,2010-10-22T11:15:00+00:00,5537.314105587344,2010
R6B-347,E1,2010-10-25T08:05:00+00:00,5581.374835971892,2010
R6B-347,E1,2010-10-26T09:00:00+00:00,5550.664686993626,2010
R6B-347,E1,2010-11-01T08:05:00+00:00,5553.802895528305,2010
R6B-347,E1,2010-11-02T11:25:00+00:00,5556.601358688557,2010
R6B-347,E1,2010-11-04T09:10:00+00:00,5605.689762108705,2010
R6B-347,E1,2010-11-09T10:40:00+00:00,5631.464303491692,2010
R6B-347,E1,2010-11-11T10:20:00+00:00,5659.830502777885,2010
R6B-347,E1,2010-11-16T13:05:00+00:00,5628.192080108534,2010
R6B-347,E1,2010-11-18T08:45:00+00:00,5669.608895352005,2010
R6B-347,E1,2010-11-19T08:05:00+00:00,5655.761995172993,2010
R6B-347,E1,2010-11-22T08:05:00+00:00,5665.744976925713,2010
R6B-347,E1,2010-11-23T15:15:00+00:00,5696.72867933059,2010
R6B-347,E1,2010-11-24T14:50:00+00:00,5684.04162194551,2010
R6B-347,E1,2010-11-29T11:00:00+00:00,5665.67004287242,2010
R6B-347,E1,2010-11-30T15:20:00+00:00,5719.436840125959,2010
R6B-347,E1,2010-12-01T09:55:00+00:00,5727.294258056486,2010
R6B-347,E1,2010-12-02T11:10:00+00:00,5712.9322422147,2010
R6B-347,E1,2010-12-03T14:05:00+00:00,5739.499034949408,2010
R6B-347,E1,2010-12-06T14:15:00+00:00,5732.7066039803485,2010
R6B-347,E1,2010-12-09T10:35:00+00:00,5708.703903870873,2010
R6B-347,E1,2010-12-10T13:05:00+00:00,5696.544098990918,2010
R6B-347,E1,2010-12-13T11:15:00+00:00,5704.279980297671,2010
R6B-347,E1,2010-12-14T09:30:00+00:00,5717.7883582730365,2010
R6B-347,E1,2010-12-16T14:15:00+00:00,5682.321590262867,2010
R6B-347,E1,2010-12-17T09:10:00+00:00,5685.609165595672,2010
R6B-347,E1,2010-12-20T08:05:00+00:00,5704.209690779708,2010
R6B-347,E1,2010-12-21T10:00:00+00:00,5703.422369043905,2010
R6B-347,E1,2010-12-22T09:00:00+00:00,5698.717202827516,2010
R6B-347,E1,2010-12-23T11:05:00+00:00,5679.303765944259,2010
R6B-347,E1,2010-12-24T11:40:00+00:00,5687.875809160909,2010
R6B-347,E1,2010-12-27T13:45:00+00:00,5670.498863675863,2010
R6B-347,E1,2010-12-28T08:15:00+00:00,5690.046093553701,2010
R6B-347,E1,2010-12-29T13:40:00+00:00,5673.824934995071,2010
R6B-347,E1,2010-12-31T09:15:00+00:00,5674.004099005375,2010
R6B-347,E1,2011-01-06T15:15:00+00:00,5626.965132903327,2011
R6B-347,E1,2011-01-10T09:40:00+00:00,5621.765555891208,2011
R6B-347,E1,2011-01-11T08:10:00+00:00,5623.660753134771,2011
R6B-347,E1,2011-01-12T10:00:00+00:00,5614.011735769826,2011
R6B-347,E1,2011-01-14T13:45:00+00:00,5556.243421029924,2011
R6B-347,E1,2011-01-17T08:05:00+00:00,5549.310955145937,2011
R6B-347,E1,2011-01-18T08:25:00+00:00,5564.739116321454,2011
R6B-347,E1,2011-01-19T08:50:00+00:00,5565.358654786425,2011
R6B-347,E1,2011-01-20T12:25:00+00:00,5530.526106506036,2011
R6B-347,E1,2011-01-24T08:35:00+00:00,5532.18651069605,2011
R6B-347,E1,2011-01-26T09:20:00+00:00,5533.496740820933,2011
R6B-347,E1,2011-01-27T11:10:00+00:00,5505.616316202083,2011
R6B-347,E1,2011-02-01T09:05:00+00:00,5494.047398485796,2011
R6B-347,E1,2011-02-07T14:10:00+00:00,5502.382959457903,2011
R6B-347,E1,2011-02-08T15:35:00+00:00,5539.510901859675,2011
R6B-347,E1,2011-02-14T13:10:00+00:00,5531.7135292467165,2011
R6B-347,E1,2011-02-15T10:50:00+00:00,5564.688441094914,2011
R6B-347,E1,2011-02-16T14:20:00+00:00,5566.814188719813,2011
R6B-347,E1,2011-02-17T10:00:00+00:00,5568.954737897729,2011
R6B-347,E1,2011-02-18T12:15:00+00:00,5567.85510562835,2011
R6B-347,E1,2011-02-21T08:55:00+00:00,5587.9863034277205,2011
R6B-347,E1,2011-02-22T08:05:00+00:00,5549.83698665013,2011
R6B-347,E1,2011-02-25T12:35:00+00:00,5538.238350557653,2011
R6B-347,E1,2011-02-28T08:05:00+00:00,5527.863317276427,2011
R6B-347,E1,2011-03-01T12:10:00+00:00,5549.109265503172,2011
R6B-347,E1,2011-03-04T09:50:00+00:00,5550.26146777068,2011
R6B-347,E1,2011-03-07T08:05:00+00:00,5561.018219149377,2011
R6B-347,E1,2011-03-11T11:00:00+00:00,5528.1272247471115,2011
R6B-347,E1,2011-03-14T08:05:00+00:00,5531.901635557256,2011
R6B-347,E1,2011-03-16T08:45:00+00:00,5533.49807426168,2011
R6B-347,E1,2011-03-17T15:20:00+00:00,5562.881359026382,2011
R6B-347,E1,2011-03-18T08:05:00+00:00,5575.426794832829,2011
R6B-347,E1,2011-03-21T08:05:00+00:00,5578.897980625244,2011
R6B-347,E1,2011-03-22T09:30:00+00:00,5578.348732774952,2011
R6B-347,E1,2011-03-23T15:05:00+00:00,5615.992292405663,2011
R6B-347,E1,2011-03-25T11:30:00+00:00,5626.748459785259,2011
R6B-347,E1,2011-03-30T13:55:00+00:00,5647.410922709102,2011
R6B-347,E1,2011-03-31T09:55:00+00:00,5662.954971217067,2011
R6B-347,E1,2011-04-01T15:00:00+00:00,5615.403558384967,2011
R6B-347,E1,2011-04-04T09:10:00+00:00,5627.58100791495,2011
R6B-347,E1,2011-04-05T08:35:00+00:00,5619.591543906317,2011
R6B-347,E1,2011-04-06T14:50:00+00:00,5634.275020802353,2011
R6B-347,E1,2011-04-08T09:55:00+00:00,5664.92413182019,2011
R6B-347,E1,2011-04-11T08:05:00+00:00,5648.156373602794,2011
R6B-347,E1,2011-04-13T08:10:00+00:00,5651.694242678989,2011
R6B-347,E1,2011-04-14T10:55:00+00:00,5639.662661798436,2011
R6B-347,E1,2011-04-15T08:05:00+00:00,5615.598639600089,2011
R6B-347,E1,2011-04-20T10:50:00+00:00,5639.075060427572,2011
R6B-347,E1,2011-04-21T08:30:00+00:00,5647.344028878363,2011
R6B-347,E1,2011-04-22T12:25:00+00:00,5641.218803437234,2011
R6B-347,E1,2011-04-25T08:05:00+00:00,5656.791352246448,2011
R6B-347,E1,2011-04-27T08:35:00+00:00,5638.002575284331,2011
R6B-347,E1,2011-04-28T12:40:00+00:00,5631.148688330745,2011
R6B-347,E1,2011-05-03T11:55:00+00:00,5592.072108564373,2011
R6B-347,E1,2011-05-04T15:40:00+00:00,5538.016557484642,2011
R6B-347,E1,2011-05-05T12:00:00+00:00,5485.04424353735,2011
R6B-347,E1,2011-05-06T08:20:00+00:00,5463.202091891017,2011
R6B-347,E1,2011-05-09T10:40:00+00:00,5499.345226654099,2011
R6B-347,E1,2011-05-10T16:00:00+00:00,5504.6138621977225,2011
R6B-347,E1,2011-05-11T08:55:00+00:00,5525.38142440098,2011
R6B-347,E1,2011-05-13T14:20:00+00:00,5529.39452045032,2011
R6B-347,E1,2011-05-16T15:15:00+00:00,5546.845246603173,2011
R6B-347,E1,2011-05-17T11:10:00+00:00,5542.607985061489,2011
R6B-347,E1,2011-05-18T09:50:00+00:00,5543.667357790312,2011
R6B-347,E1,2011-05-19T09:30:00+00:00,5505.843353651492,2011
R6B-347,E1,2011-05-20T12:35:00+00:00,5514.742599821111,2011
R6B-347,E1,2011-05-24T08:35:00+00:00,5525.973482675941,2011
R6B-347,E1,2011-05-25T15:15:00+00:00,5534.397304352835,2011
R6B-347,E1,2011-05-26T12:35:00+00:00,5501.125386839119,2011
R6B-347,E1,2011-05-27T09:00:00+00:00,5500.604744421851,2011
R6B-347,E1,2011-05-31T08:35:00+00:00,5496.723560651233,2011
R6B-347,E1,2011-06-06T08:50:00+00:00,5492.946671839585,2011
R6B-347,E1,2011-06-07T14:30:00+00:00,5488.569944485694,2011
R6B-347,E1,2011-06-14T10:40:00+00:00,5480.433197129824,2011
R6B-347,E1,2011-06-20T08:20:00+00:00,5467.855536419497,2011
R6B-347,E1,2011-06-21T14:05:00+00:00,5470.903230257902,2011
R6B-347,E1,2011-06-27T11:25:00+00:00,5465.359857477318,2011
R6B-347,E1,2011-06-28T15:35:00+00:00,5461.210020152528,2011
R6B-347,E1,2011-06-29T08:30:00+00:00,5479.298565031107,2011
R6B-347,E1,2011-06-30T10:55:00+00:00,5467.3430118319,2011
R6B-347,E1,2011-07-04T08:05:00+00:00,5478.159645193672,2011
R6B-347,E1,2011-07-05T08:30:00+00:00,5478.061351013343,2011
R6B-347,E1,2011-07-06T13:00:00+00:00,5502.963423360457,2011
R6B-347,E1,2011-07-07T11:20:00+00:00,5488.671757359751,2011
R6B-347,E1,2011-07-11T12:40:00+00:00,5519.735302395249,2011
R6B-347,E1,2011-07-13T15:10:00+00:00,5570.693845021705,2011
R6B-347,E1,2011-07-18T08:05:00+00:00,5573.466894640234,2011
R6B-347,E1,2011-07-19T13:30:00+00:00,5566.682842183083,2011
R6B-347,E1,2011-07-20T10:50:00+00:00,5554.899491900096,2011
R6B-347,E1,2011-07-21T14:20:00+00:00,5522.55719763534,2011
R6B-347,E1,2011-07-25T08:05:00+00:00,5525.861002697666,2011
R6B-347,E1,2011-07-26T12:35:00+00:00,5513.697162969875,2011
R6B-347,E1,2011-07-27T08:20:00+00:00,5521.088046930256,2011
R6B-347,E1,2011-07-28T10:50:00+00:00,5514.293958107026,2011
R6B-347,E1,2011-07-29T10:35:00+00:00,5498.157074941577,2011
R6B-347,E1,2011-08-02T11:10:00+00:00,5513.250582166009,2011
R6B-347,E1,2011-08-03T13:55:00+00:00,5539.756045465338,2011
R6B-347,E1,2011-08-04T11:20:00+00:00,5526.831686228464,2011
R6B-347,E1,2011-08-05T11:30:00+00:00,5556.016654313715,2011
R6B-347,E1,2011-08-08T08:05:00+00:00,5614.729586435232,2011
R6B-347,E1,2011-08-09T08:05:00+00:00,5705.81087690373,2011
R6B-347,E1,2011-08-16T15:00:00+00:00,5744.406968930853,2011
R6B-347,E1,2011-08-17T14:05:00+00:00,5755.366604735015,2011
R6B-347,E1,2011-08-18T10:50:00+00:00,5801.2703898949385,2011
R6B-347,E1,2011-08-19T08:10:00+00:00,5895.275811234726,2011
R6B-347,E1,2011-08-22T08:05:00+00:00,5956.472526081957,2011
R6B-347,E1,2011-08-26T11:25:00+00:00,5999.79934433751,2011
R6B-347,E1,2011-08-30T08:55:00+00:00,5987.611312671855,2011
R6B-347,E1,2011-09-02T10:45:00+00:00,6057.922577368133,2011
R6B-347,E1,2011-09-05T08:15:00+00:00,6075.0928808437075,2011
R6B-347,E1,2011-09-06T11:15:00+00:00,6005.297712094078,2011
R6B-347,E1,2011-09-08T09:00:00+00:00,6005.129517021261,2011
R6B-347,E1,2011-09-09T13:40:00+00:00,5961.081281409876,2011
R6B-347,E1,2011-09-13T08:05:00+00:00,5927.631075641601,2011
R6B-347,E1,2011-09-14T09:10:00+00:00,5875.863259384836,2011
R6B-347,E1,2011-09-15T08:20:00+00:00,5822.016251600453,2011
R6B-347,E1,2011-09-19T08:05:00+00:00,5811.71362944887,2011
R6B-347,E1,2011-09-20T15:05:00+00:00,5867.6169477852345,2011
R6B-347,E1,2011-09-21T11:55:00+00:00,5847.277199387075,2011
R6B-347,E1,2011-09-23T09:05:00+00:00,5796.091873503672,2011
R6B-347,E1,2011-09-27T09:05:00+00:00,5911.366176737912,2011
R6B-347,E1,2011-09-28T14:55:00+00:00,5887.3577179337335,2011
R6B-347,E1,2011-09-29T11:40:00+00:00,5856.113976813724,2011
R6B-347,E1,2011-09-30T09:05:00+00:00,5872.073017217948,2011
R6B-347,E1,2011-10-03T09:10:00+00:00,5942.0072699442935,2011
R6B-347,E1,2011-10-04T14:10:00+00:00,5818.064689060838,2011
R6B-347,E1,2011-10-05T08:10:00+00:00,5786.843596019585,2011
R6B-347,E1,2011-10-06T10:35:00+00:00,5797.073624023037,2011
R6B-347,E1,2011-10-07T10:20:00+00:00,5786.365626297482,2011
R6B-347,E1,2011-10-10T09:00:00+00:00,5830.718717664801,2011
R6B-347,E1,2011-10-11T10:00:00+00:00,5755.540207487727,2011
R6B-347,E1,2011-10-12T10:55:00+00:00,5803.623119554832,2011
R6B-347,E1,2011-10-14T13:45:00+00:00,5823.8555660566935,2011
R6B-347,E1,2011-10-17T11:15:00+00:00,5818.375342495312,2011
R6B-347,E1,2011-10-18T09:00:00+00:00,5759.6572591026825,2011
R6B-347,E1,2011-10-21T09:25:00+00:00,5761.221768705406,2011
R6B-347,E1,2011-10-24T08:05:00+00:00,5789.085440399153,2011
R6B-347,E1,2011-10-25T11:05:00+00:00,5809.768429471875,2011
R6B-347,E1,2011-10-26T08:35:00+00:00,5826.565645553333,2011
R6B-347,E1,2011-10-28T09:00:00+00:00,5783.304653108449,2011
R6B-347,E1,2011-11-02T09:05:00+00:00,5823.439667144833,2011
R6B-347,E1,2011-11-07T08:40:00+00:00,5845.529551004684,2011
R6B-347,E1,2011-11-11T09:50:00+00:00,5840.205954865889,2011
R6B-347,E1,2011-11-14T08:05:00+00:00,5802.393760362436,2011
R6B-347,E1,2011-11-17T13:40:00+00:00,5734.762650679708,2011
R6B-347,E1,2011-11-18T10:50:00+00:00,5743.95797855941,2011
R6B-347,E1,2011-11-22T10:15:00+00:00,5761.846957428237,2011
R6B-347,E1,2011-11-23T09:30:00+00:00,5717.452210049224,2011
R6B-347,E1,2011-11-24T15:05:00+00:00,5707.75352652513,2011
R6B-347,E1,2011-11-28T08:05:00+00:00,5741.857686673049,2011
R6B-347,E1,2011-11-30T08:20:00+00:00,5691.33247106747,2011
R6B-347,E1,2011-12-02T14:20:00+00:00,5714.581543480797,2011
R6B-347,E1,2011-12-05T08:05:00+00:00,5689.230053908318,2011
R6B-347,E1,2011-12-07T15:05:00+00:00,5699.904887852236,2011
R6B-347,E1,2011-12-09T10:00:00+00:00,5683.841692111337,2011
R6B-347,E1,2011-12-14T12:00:00+00:00,5633.780198413761,2011
R6B-347,E1,2011-12-16T08:40:00+00:00,5669.739492653839,2011
R6B-347,E1,2011-12-19T08:05:00+00:00,5640.450037902984,2011
R6B-347,E1,2011-12-20T09:00:00+00:00,5649.092614074207,2011
R6B-347,E1,2011-12-21T08:05:00+00:00,5679.287290574411,2011
R6B-347,E1,2011-12-23T09:15:00+00:00,5683.0368222220695,2011
R6B-347,E1,2011-12-30T08:05:00+00:00,5719.294649213862,2011
R6B-347,E1,2012-01-03T08:05:00+00:00,5776.269279125378,2012
R6B-347,E1,2012-01-04T08:05:00+00:00,5767.403509270397,2012
R6B-347,E1,2012-01-05T11:05:00+00:00,5746.653475847375,2012
R6B-347,E1,2012-01-06T11:05:00+00:00,5725.7923732776335,2012
R6B-347,E1,2012-01-09T15:35:00+00:00,5727.682847559091,2012
R6B-347,E1,2012-01-10T09:40:00+00:00,5761.805121231819,2012
R6B-347,E1,2012-01-11T11:20:00+00:00,5762.883806823,2012
R6B-347,E1,2012-01-12T13:50:00+00:00,5794.239850646425,2012
R6B-347,E1,2012-01-16T15:15:00+00:00,5790.447801788535,2012
R6B-347,E1,2012-01-17T09:10:00+00:00,5833.649496683458,2012
R6B-347,E1,2012-01-18T12:55:00+00:00,5824.797094915551,2012
R6B-347,E1,2012-01-19T10:15:00+00:00,5817.48910072797,2012
R6B-347,E1,2012-01-20T15:35:00+00:00,5822.293501220198,2012
R6B-347,E1,2012-01-23T09:35:00+00:00,5840.655568875127,2012
R6B-347,E1,2012-01-25T15:35:00+00:00,5785.36745653695,2012
R6B-347,E1,2012-01-26T08:10:00+00:00,5769.21359772892,2012
R6B-347,E1,2012-01-31T09:10:00+00:00,5795.632347590701,2012
R6B-347,E1,2012-02-02T09:05:00+00:00,5792.3121130735935,2012
R6B-347,E1,2012-02-07T14:35:00+00:00,5791.85833851359,2012
R6B-347,E1,2012-02-08T14:30:00+00:00,5758.549851125474,2012
R6B-347,E1,2012-02-09T13:10:00+00:00,5757.745458259564,2012
R6B-347,E1,2012-02-13T08:05:00+00:00,5769.183401206898,2012
R6B-347,E1,2012-02-15T09:20:00+00:00,5781.767435713936,2012
R6B-347,E1,2012-02-17T09:05:00+00:00,5782.859905586434,2012
R6B-347,E1,2012-02-20T08:05:00+00:00,5775.146881439689,2012
R6B-347,E1,2012-02-21T13:50:00+00:00,5798.521357463414,2012
R6B-347,E1,2012-02-22T15:25:00+00:00,5784.055911067873,2012
R6B-347,E1,2012-02-24T12:40:00+00:00,5770.173463977542,2012
R6B-347,E1,2012-02-28T12:45:00+00:00,5798.73027168247,2012
R6B-347,E1,2012-02-29T12:35:00+00:00,5784.255515697494,2012
R6B-347,E1,2012-03-01T11:00:00+00:00,5770.675132237825,2012
R6B-347,E1,2012-03-05T09:05:00+00:00,5715.811587123157,2012
R6B-347,E1,2012-03-06T09:05:00+00:00,5675.769540769091,2012
R6B-347,E1,2012-03-07T09:35:00+00:00,5667.370050803849,2012
R6B-347,E1,2012-03-08T13:05:00+00:00,5699.779608740156,2012
R6B-347,E1,2012-03-09T10:50:00+00:00,5682.554362620604,2012
R6B-347,E1,2012-03-13T09:05:00+00:00,5661.909560905648,2012
R6B-347,E1,2012-03-14T12:40:00+00:00,5542.696886881289,2012
R6B-347,E1,2012-03-15T11:25:00+00:00,5543.262077243728,2012
R6B-347,E1,2012-03-16T10:20:00+00:00,5498.723605457459,2012
R6B-347,E1,2012-03-19T08:05:00+00:00,5483.598873923742,2012
R6B-347,E1,2012-03-21T09:05:00+00:00,5486.861282225597,2012
R6B-347,E1,2012-03-22T09:20:00+00:00,5428.460547977719,2012
R6B-347,E1,2012-03-23T09:05:00+00:00,5445.2196122404475,2012
R6B-347,E1,2012-03-26T08:05:00+00:00,5421.687174537178,2012
R6B-347,E1,2012-03-27T14:15:00+00:00,5427.472858340343,2012
R6B-347,E1,2012-03-28T15:45:00+00:00,5394.379825211234,2012
R6B-347,E1,2012-03-30T08:55:00+00:00,5392.4384441747425,2012
R6B-347,E1,2012-04-02T08:05:00+00:00,5370.587418928732,2012
R6B-347,E1,2012-04-03T11:30:00+00:00,5350.893104304039,2012
R6B-347,E1,2012-04-05T10:55:00+00:00,5346.306697633515,2012
R6B-347,E1,2012-04-06T15:35:00+00:00,5359.057677583307,2012
R6B-347,E1,2012-04-09T08:05:00+00:00,5355.560370606003,2012
R6B-347,E1,2012-04-10T09:00:00+00:00,5349.126445343283,2012
R6B-347,E1,2012-04-18T11:20:00+00:00,5324.824277070097,2012
R6B-347,E1,2012-04-19T15:25:00+00:00,5325.653495812297,2012
R6B-347,E1,2012-04-20T11:10:00+00:00,5325.771168722959,2012
R6B-347,E1,2012-04-24T15:40:00+00:00,5332.505250511998,2012
R6B-347,E1,2012-04-26T11:05:00+00:00,5335.056578580233,2012
R6B-347,E1,2012-04-30T14:30:00+00:00,5305.517095263173,2012
R6B-347,E1,2012-05-01T08:05:00+00:00,5289.80636676109,2012
R6B-347,E1,2012-05-10T12:50:00+00:00,5282.081407075663,2012
R6B-347,E1,2012-05-17T09:05:00+00:00,5277.421978070757,2012
R6B-347,E1,2012-05-21T08:05:00+00:00,5274.318093101232,2012
R6B-347,E1,2012-05-25T14:55:00+00:00,5276.654204153972,2012
R6B-347,E1,2012-05-28T08:05:00+00:00,5287.119305923746,2012
R6B-347,E1,2012-06-04T13:25:00+00:00,5271.747130498429,2012
R6B-347,E1,2012-06-05T09:05:00+00:00,5250.273318969762,2012
R6B-347,E1,2012-06-06T08:10:00+00:00,5296.663570406531,2012
R6B-347,E1,2012-06-11T08:05:00+00:00,5272.612692580431,2012
R6B-347,E1,2012-06-13T15:20:00+00:00,5296.010811127238,2012
R6B-347,E1,2012-06-14T12:05:00+00:00,5288.132397553861,2012
R6B-347,E1,2012-06-15T15:20:00+00:00,5284.760518670765,2012
R6B-347,E1,2012-06-19T15:05:00+00:00,5260.294572595117,2012
R6B-347,E1,2012-06-25T08:30:00+00:00,5235.536635547466,2012
R6B-347,E1,2012-06-27T09:50:00+00:00,5211.961521154805,2012
R6B-347,E1,2012-06-28T09:05:00+00:00,5181.018975753264,2012
R6B-347,E1,2012-06-29T10:55:00+00:00,5226.366047502119,2012
R6B-347,E1,2012-07-03T10:55:00+00:00,5254.584986917719,2012
R6B-347,E1,2012-07-05T09:20:00+00:00,5252.861226611959,2012
R6B-347,E1,2012-07-11T13:40:00+00:00,5237.170965857215,2012
R6B-347,E1,2012-07-13T15:00:00+00:00,5299.200895357961,2012
R6B-347,E1,2012-07-17T09:20:00+00:00,5304.548288407523,2012
R6B-347,E1,2012-07-19T10:45:00+00:00,5321.705877046807,2012
R6B-347,E1,2012-07-25T10:15:00+00:00,5336.783923266491,2012
R6B-347,E1,2012-07-26T13:45:00+00:00,5367.822866823366,2012
R6B-347,E1,2012-07-27T13:25:00+00:00,5395.177358235244,2012
R6B-347,E1,2012-08-01T14:55:00+00:00,5339.7770475777215,2012
R6B-347,E1,2012-08-02T15:30:00+00:00,5292.801586231258,2012
R6B-347,E1,2012-08-03T09:05:00+00:00,5301.89000231112,2012
R6B-347,E1,2012-08-06T12:50:00+00:00,5299.229998705468,2012
R6B-347,E1,2012-08-07T15:15:00+00:00,5287.5246570634445,2012
R6B-347,E1,2012-08-09T09:25:00+00:00,5280.9001676215585,2012
R6B-347,E1,2012-08-13T10:20:00+00:00,5288.354980077911,2012
R6B-347,E1,2012-08-14T14:30:00+00:00,5241.9585389911,2012
R6B-347,E1,2012-08-15T10:40:00+00:00,5217.973887087421,2012
R6B-347,E1,2012-08-16T09:05:00+00:00,5211.513736938917,2012
R6B-347,E1,2012-08-17T14:30:00+00:00,5195.635989874695,2012
R6B-347,E1,2012-08-20T10:40:00+00:00,5183.530360131729,2012
R6B-347,E1,2012-08-21T13:40:00+00:00,5228.3277371905815,2012
R6B-347,E1,2012-08-22T14:25:00+00:00,5228.1515646558055,2012
R6B-347,E1,2012-08-23T09:10:00+00:00,5244.391084017557,2012
R6B-347,E1,2012-08-27T08:45:00+00:00,5236.522710446389,2012
R6B-347,E1,2012-08-29T12:50:00+00:00,5225.31920298418,2012
R6B-347,E1,2012-08-30T11:00:00+00:00,5215.625445155474,2012
R6B-347,E1,2012-08-31T14:40:00+00:00,5235.4047501205,2012
R6B-347,E1,2012-09-04T09:05:00+00:00,5223.239114163602,2012
R6B-347,E1,2012-09-06T09:35:00+00:00,5264.978088679649,2012
R6B-347,E1,2012-09-10T09:35:00+00:00,5245.404116943529,2012
R6B-347,E1,2012-09-11T09:40:00+00:00,5243.86575858713,2012
R6B-347,E1,2012-09-12T08:45:00+00:00,5267.722228106807,2012
R6B-347,E1,2012-09-14T09:10:00+00:00,5265.838227845544,2012
R6B-347,E1,2012-09-17T09:15:00+00:00,5243.326047688933,2012
R6B-347,E1,2012-09-19T13:15:00+00:00,5235.454884603281,2012
R6B-347,E1,2012-09-21T08:20:00+00:00,5235.20268829152,2012
R6B-347,E1,2012-09-25T08:15:00+00:00,5237.716960611832,2012
R6B-347,E1,2012-09-27T09:05:00+00:00,5239.94030243248,2012
R6B-347,E1,2012-09-28T12:15:00+00:00,5235.0636896425285,2012
R6B-347,E1,2012-10-03T13:10:00+00:00,5241.3985566084675,2012
R6B-347,E1,2012-10-04T11:00:00+00:00,5261.410293801061,2012
R6B-347,E1,2012-10-05T10:00:00+00:00,5239.3449252377495,2012
R6B-347,E1,2012-10-09T09:05:00+00:00,5219.818663739328,2012
R6B-347,E1,2012-10-11T11:10:00+00:00,5234.295899172483,2012
R6B-347,E1,2012-10-12T09:30:00+00:00,5223.772380450492,2012
R6B-347,E1,2012-10-16T14:10:00+00:00,5242.756364814924,2012
R6B-347,E1,2012-10-17T08:10:00+00:00,5241.184894008315,2012
R6B-347,E1,2012-10-22T11:05:00+00:00,5239.528575283592,2012
R6B-347,E1,2012-10-24T08:05:00+00:00,5227.565363412697,2012
R6B-347,E1,2012-10-25T08:10:00+00:00,5252.751614151365,2012
R6B-347,E1,2012-10-29T08:10:00+00:00,5240.505595302793,2012
R6B-347,E1,2012-10-30T08:35:00+00:00,5243.4248590132665,2012
R6B-347,E1,2012-10-31T09:30:00+00:00,5253.525910687327,2012
R6B-347,E1,2012-11-01T11:20:00+00:00,5255.344785408106,2012
R6B-347,E1,2012-11-05T08:25:00+00:00,5226.493359318232,2012
R6B-347,E1,2012-11-06T13:45:00+00:00,5243.007231573978,2012
R6B-347,E1,2012-11-07T10:40:00+00:00,5259.459803120073,2012
R6B-347,E1,2012-11-09T13:30:00+00:00,5236.28839695527,2012
R6B-347,E1,2012-11-12T09:00:00+00:00,5229.819924776914,2012
R6B-347,E1,2012-11-19T08:05:00+00:00,5240.739535515077,2012
R6B-347,E1,2012-11-20T11:40:00+00:00,5236.609513087651,2012
R6B-347,E1,2012-11-22T09:20:00+00:00,5225.978401368932,2012
R6B-347,E1,2012-11-23T14:20:00+00:00,5230.549921228553,2012
R6B-347,E1,2012-11-26T13:05:00+00:00,5224.801321433173,2012
R6B-347,E1,2012-11-27T08:45:00+00:00,5212.589610130189,2012
R6B-347,E1,2012-11-29T08:05:00+00:00,5204.295792451067,2012
R6B-347,E1,2012-11-30T12:35:00+00:00,5212.081068231881,2012
R6B-347,E1,2012-12-03T09:00:00+00:00,5212.674430827794,2012
R6B-347,E1,2012-12-05T09:00:00+00:00,5232.304862262701,2012
R6B-347,E1,2012-12-06T08:35:00+00:00,5212.349005049224,2012
R6B-347,E1,2012-12-07T08:20:00+00:00,5206.06639178693,2012
R6B-347,E1,2012-12-10T08:30:00+00:00,5218.598415102045,2012
R6B-347,E1,2012-12-12T10:10:00+00:00,5224.038285116362,2012
R6B-347,E1,2012-12-14T09:40:00+00:00,5218.06708683766,2012
R6B-347,E1,2012-12-18T09:10:00+00:00,5222.928675076055,2012
R6B-347,E1,2012-12-20T14:40:00+00:00,5158.933354346123,2012
R6B-347,E1,2012-12-24T14:00:00+00:00,5161.680497198379,2012
R6B-347,E1,2012-12-25T14:05:00+00:00,5157.055020406084,2012
R6B-347,E1,2012-12-26T15:45:00+00:00,5173.275672535161,2012
R6B-347,E1,2012-12-31T08:30:00+00:00,5195.461218872315,2012
R6B-347,E1,2013-01-02T09:45:00+00:00,5214.8271912074915,2013
R6B-347,E1,2013-01-07T08:10:00+00:00,5195.342155806384,2013
R6B-347,E1,2013-01-08T08:15:00+00:00,5186.045198273974,2013
R6B-347,E1,2013-01-09T14:00:00+00:00,5188.35885463025,2013
R6B-347,E1,2013-01-10T14:10:00+00:00,5216.519850264215,2013
R6B-347,E1,2013-01-14T09:05:00+00:00,5230.787440460841,2013
R6B-347,E1,2013-01-15T10:40:00+00:00,5260.5330857239705,2013
R6B-347,E1,2013-01-16T14:50:00+00:00,5232.312221638564,2013
R6B-347,E1,2013-01-17T15:30:00+00:00,5247.858729033046,2013
R6B-347,E1,2013-01-18T13:10:00+00:00,5243.438087828546,2013
R6B-347,E1,2013-01-21T09:15:00+00:00,5240.488707896407,2013
R6B-347,E1,2013-01-22T14:00:00+00:00,5229.153672123232,2013
R6B-347,E1,2013-01-25T13:45:00+00:00,5204.552327789933,2013
R6B-347,E1,2013-01-28T14:35:00+00:00,5184.239273256983,2013
R6B-347,E1,2013-01-29T08:40:00+00:00,5197.6658261675275,2013
R6B-347,E1,2013-01-30T08:15:00+00:00,5201.594387143708,2013
R6B-347,E1,2013-02-01T16:00:00+00:00,5219.387584119156,2013
R6B-347,E1,2013-02-04T10:35:00+00:00,5191.643027610155,2013
R6B-347,E1,2013-02-05T12:50:00+00:00,5192.989704189338,2013
R6B-347,E1,2013-02-07T12:15:00+00:00,5180.5214614666575,2013
R6B-347,E1,2013-02-13T09:55:00+00:00,5159.618734958583,2013
R6B-347,E1,2013-02-14T12:10:00+00:00,5166.087805489945,2013
R6B-347,E1,2013-02-18T08:05:00+00:00,5167.447547384788,2013
R6B-347,E1,2013-02-19T08:15:00+00:00,5164.946615792539,2013
R6B-347,E1,2013-02-20T09:10:00+00:00,5150.321217460888,2013
R6B-347,E1,2013-02-22T11:30:00+00:00,5144.323555963057,2013
R6B-347,E1,2013-02-25T10:05:00+00:00,5166.94473524576,2013
R6B-347,E1,2013-02-26T09:45:00+00:00,5156.978365061334,2013
R6B-347,E1,2013-02-28T11:25:00+00:00,5120.98119157647,2013
R6B-347,E1,2013-03-01T08:55:00+00:00,5104.1279893524,2013
R6B-347,E1,2013-03-04T08:05:00+00:00,5089.7369225725115,2013
R6B-347,E1,2013-03-05T09:00:00+00:00,5097.129166110095,2013
R6B-347,E1,2013-03-06T08:15:00+00:00,5091.730814824049,2013
R6B-347,E1,2013-03-07T14:15:00+00:00,5078.895294992604,2013
R6B-347,E1,2013-03-11T09:50:00+00:00,5073.580539133285,2013
R6B-347,E1,2013-03-12T09:50:00+00:00,5073.816807871546,2013
R6B-347,E1,2013-03-15T13:45:00+00:00,5075.538478933603,2013
R6B-347,E1,2013-03-18T08:05:00+00:00,5076.512292718304,2013
R6B-347,E1,2013-03-19T12:10:00+00:00,5065.214108632338,2013
R6B-347,E1,2013-03-20T13:50:00+00:00,5046.800849529283,2013
R6B-347,E1,2013-03-21T12:35:00+00:00,5055.329548718296,2013
R6B-347,E1,2013-03-25T10:35:00+00:00,5030.0267164396,2013
R6B-347,E1,2013-04-01T08:25:00+00:00,5025.29318043141,2013
R6B-347,E1,2013-04-02T08:40:00+00:00,5013.706448766063,2013
R6B-347,E1,2013-04-08T14:50:00+00:00,4981.077343826822,2013
R6B-347,E1,2013-04-09T09:20:00+00:00,4974.461278480286,2013
R6B-347,E1,2013-04-10T10:40:00+00:00,4950.287800599819,2013
R6B-347,E1,2013-04-11T13:35:00+00:00,4937.517923925555,2013
R6B-347,E1,2013-04-12T13:45:00+00:00,4851.106657841331,2013
R6B-347,E1,2013-04-16T14:10:00+00:00,4862.915701036176,2013
R6B-347,E1,2013-04-17T15:20:00+00:00,4886.020713921182,2013
R6B-347,E1,2013-04-18T15:40:00+00:00,4916.103505329572,2013
R6B-347,E1,2013-04-19T10:20:00+00:00,4962.081674196888,2013
R6B-347,E1,2013-04-22T08:05:00+00:00,5012.824858803806,2013
R6B-347,E1,2013-04-24T08:15:00+00:00,5029.834529734015,2013
R6B-347,E1,2013-04-25T09:05:00+00:00,5071.240846707673,2013
R6B-347,E1,2013-04-26T08:40:00+00:00,5026.942494682137,2013
R6B-347,E1,2013-04-29T08:05:00+00:00,5054.358538142433,2013
R6B-347,E1,2013-04-30T15:55:00+00:00,5028.32076082336,2013
R6B-347,E1,2013-05-01T08:05:00+00:00,5004.709257263798,2013
R6B-347,E1,2013-05-03T09:10:00+00:00,5026.087053231389,2013
R6B-347,E1,2013-05-06T08:40:00+00:00,5016.63417344584,2013
R6B-347,E1,2013-05-08T10:40:00+00:00,5003.108057583185,2013
R6B-347,E1,2013-05-14T08:35:00+00:00,4997.9186814256,2013
R6B-347,E1,2013-05-16T10:50:00+00:00,4904.583248863631,2013
R6B-347,E1,2013-05-17T09:00:00+00:00,4859.853201814722,2013
R6B-347,E1,2013-05-21T13:25:00+00:00,4758.2405279247105,2013
R6B-347,E1,2013-05-22T14:55:00+00:00,4703.00263755296,2013
R6B-347,E1,2013-05-23T12:35:00+00:00,4755.867272905734,2013
R6B-347,E1,2013-05-24T10:35:00+00:00,4728.8496638937595,2013
R6B-347,E1,2013-05-27T10:05:00+00:00,4738.559778897231,2013
R6B-347,E1,2013-05-29T09:05:00+00:00,4735.166834909537,2013
R6B-347,E1,2013-05-30T09:50:00+00:00,4764.357883870245,2013
R6B-347,E1,2013-05-31T09:10:00+00:00,4749.048610599995,2013
R6B-347,E1,2013-06-04T09:00:00+00:00,4717.573898890169,2013
R6B-347,E1,2013-06-05T09:05:00+00:00,4712.262651778787,2013
R6B-347,E1,2013-06-10T08:05:00+00:00,4685.973764733999,2013
R6B-347,E1,2013-06-12T15:35:00+00:00,4726.825662438042,2013
R6B-347,E1,2013-06-13T10:30:00+00:00,4699.562974308484,2013
R6B-347,E1,2013-06-17T10:35:00+00:00,4682.7493182091375,2013
R6B-347,E1,2013-06-21T10:10:00+00:00,4708.333230509726,2013
R6B-347,E1,2013-06-24T08:05:00+00:00,4645.265495534204,2013
R6B-347,E1,2013-06-27T09:00:00+00:00,4647.551877182546,2013
R6B-347,E1,2013-06-28T13:50:00+00:00,4584.574824676806,2013
R6B-347,E1,2013-07-01T08:05:00+00:00,4594.398084565888,2013
R6B-347,E1,2013-07-02T10:55:00+00:00,4592.835222391941,2013
R6B-347,E1,2013-07-03T09:05:00+00:00,4595.582465749085,2013
R6B-347,E1,2013-07-08T08:55:00+00:00,4599.720362414086,2013
R6B-347,E1,2013-07-09T09:00:00+00:00,4654.720253240381,2013
R6B-347,E1,2013-07-10T15:10:00+00:00,4666.263493712016,2013
R6B-347,E1,2013-07-11T13:50:00+00:00,4627.22240771423,2013
R6B-347,E1,2013-07-12T08:55:00+00:00,4581.329077427571,2013
R6B-347,E1,2013-07-15T08:05:00+00:00,4565.07059685267,2013
R6B-347,E1,2013-07-16T15:30:00+00:00,4583.459744376957,2013
R6B-347,E1,2013-07-17T08:35:00+00:00,4561.895979606345,2013
R6B-347,E1,2013-07-19T10:30:00+00:00,4562.561557042589,2013
R6B-347,E1,2013-07-22T08:05:00+00:00,4572.858258327208,2013
R6B-347,E1,2013-07-23T10:25:00+00:00,4543.67055893519,2013
R6B-347,E1,2013-07-26T10:20:00+00:00,4513.065744101289,2013
R6B-347,E1,2013-07-31T09:45:00+00:00,4508.610171363247,2013
R6B-347,E1,2013-08-05T09:10:00+00:00,4501.710861639462,2013
R6B-347,E1,2013-08-06T08:10:00+00:00,4457.967171943253,2013
R6B-347,E1,2013-08-08T09:00:00+00:00,4450.837810119993,2013
R6B-347,E1,2013-08-09T08:35:00+00:00,4432.416421125116,2013
R6B-347,E1,2013-08-12T08:05:00+00:00,4429.148517187013,2013
R6B-347,E1,2013-08-13T14:35:00+00:00,4395.135233727233,2013
R6B-347,E1,2013-08-14T10:10:00+00:00,4393.017009770992,2013
R6B-347,E1,2013-08-16T09:30:00+00:00,4356.880006175356,2013
R6B-347,E1,2013-08-19T09:45:00+00:00,4342.87826016208,2013
R6B-347,E1,2013-08-20T08:15:00+00:00,4320.107904632032,2013
R6B-347,E1,2013-08-26T13:35:00+00:00,4307.965344955266,2013
R6B-347,E1,2013-08-27T08:30:00+00:00,4324.511867905992,2013
R6B-347,E1,2013-08-28T12:50:00+00:00,4342.801388821277,2013
R6B-347,E1,2013-09-02T14:00:00+00:00,4328.175711224761,2013
R6B-347,E1,2013-09-03T08:05:00+00:00,4301.067264327653,2013
R6B-347,E1,2013-09-06T10:40:00+00:00,4284.091407470461,2013
R6B-347,E1,2013-09-11T10:45:00+00:00,4260.69572834782,2013
R6B-347,E1,2013-09-16T08:05:00+00:00,4234.47901820027,2013
R6B-347,E1,2013-09-17T15:05:00+00:00,4210.696703768598,2013
R6B-347,E1,2013-09-19T15:10:00+00:00,4193.566177447088,2013
R6B-347,E1,2013-09-25T14:00:00+00:00,4171.998995104403,2013
R6B-347,E1,2013-09-27T15:25:00+00:00,4209.170904973177,2013
R6B-347,E1,2013-09-30T08:10:00+00:00,4207.726409326167,2013
R6B-347,E1,2013-10-01T14:25:00+00:00,4068.1182746562354,2013
R6B-347,E1,2013-10-02T10:45:00+00:00,4077.5970295789975,2013
R6B-347,E1,2013-10-07T08:05:00+00:00,4066.6604412778897,2013
R6B-347,E1,2013-10-08T10:00:00+00:00,4049.3606325094397,2013
R6B-347,E1,2013-10-10T14:05:00+00:00,4021.307885195811,2013
R6B-347,E1,2013-10-11T12:15:00+00:00,4003.103781177779,2013
R6B-347,E1,2013-10-14T08:45:00+00:00,4012.439970863411,2013
R6B-347,E1,2013-10-16T14:30:00+00:00,3984.01582997494,2013
R6B-347,E1,2013-10-17T08:20:00+00:00,4057.5683389648193,2013
R6B-347,E1,2013-10-18T14:50:00+00:00,4040.034260347029,2013
R6B-347,E1,2013-10-21T08:05:00+00:00,4049.2723441557555,2013
R6B-347,E1,2013-10-22T13:45:00+00:00,4088.9441066048303,2013
R6B-347,E1,2013-10-24T09:35:00+00:00,4090.2945448089117,2013
R6B-347,E1,2013-10-29T10:20:00+00:00,4054.317587470562,2013
R6B-347,E1,2013-10-30T14:35:00+00:00,4078.025312186697,2013
R6B-347,E1,2013-11-01T08:10:00+00:00,4070.5592085744092,2013
R6B-347,E1,2013-11-05T10:30:00+00:00,4049.3725117194263,2013
R6B-347,E1,2013-11-06T10:45:00+00:00,4062.288700770275,2013
R6B-347,E1,2013-11-07T14:30:00+00:00,4023.186639307593,2013
R6B-347,E1,2013-11-08T11:55:00+00:00,4018.686523619378,2013
R6B-347,E1,2013-11-12T15:40:00+00:00,4008.3878732471208,2013
R6B-347,E1,2013-11-13T13:45:00+00:00,4020.4175306378133,2013
R6B-347,E1,2013-11-15T10:10:00+00:00,3989.1505004424466,2013
R6B-347,E1,2013-11-20T10:05:00+00:00,3973.0691268576616,2013
R6B-347,E1,2013-11-27T12:05:00+00:00,3988.9604801501555,2013
R6B-347,E1,2013-11-28T14:20:00+00:00,3991.8596481413615,2013
R6B-347,E1,2013-12-03T15:05:00+00:00,3969.372393761248,2013
R6B-347,E1,2013-12-06T14:50:00+00:00,3981.9918101236863,2013
R6B-347,E1,2013-12-09T15:35:00+00:00,3995.926361972719,2013
R6B-347,E1,2013-12-10T14:05:00+00:00,4049.3759345903327,2013
R6B-347,E1,2013-12-13T15:15:00+00:00,4059.35741947863,2013
R6B-347,E1,2013-12-17T13:50:00+00:00,4024.6184541024395,2013
R6B-347,E1,2013-12-18T08:10:00+00:00,4012.319563538441,2013
R6B-347,E1,2013-12-20T12:00:00+00:00,4005.327226809523,2013
R6B-347,E1,2013-12-26T10:00:00+00:00,4008.4086781258175,2013
R6B-347,E1,2013-12-27T14:00:00+00:00,4024.590287555,2013
R6B-347,E1,2013-12-31T14:15:00+00:00,3977.6780550552444,2013
R6B-347,E1,2014-01-02T09:00:00+00:00,4024.5986327351675,2014
R6B-347,E1,2014-01-03T08:40:00+00:00,4025.4895533755866,2014
R6B-347,E1,2014-01-06T09:40:00+00:00,4018.8259389066516,2014
R6B-347,E1,2014-01-07T10:10:00+00:00,4005.700933573102,2014
R6B-347,E1,2014-01-10T10:30:00+00:00,4008.578525774927,2014
R6B-347,E1,2014-01-13T09:05:00+00:00,3991.609559779369,2014
R6B-347,E1,2014-01-16T13:55:00+00:00,3983.759382080839,2014
R6B-347,E1,2014-01-17T09:55:00+00:00,3976.6450303364036,2014
R6B-347,E1,2014-01-20T08:05:00+00:00,3966.900999621569,2014
R6B-347,E1,2014-01-23T15:05:00+00:00,4042.3177358103662,2014
R6B-347,E1,2014-01-27T08:05:00+00:00,4013.206525004221,2014
R6B-347,E1,2014-01-28T13:50:00+00:00,4012.631299105686,2014
R6B-347,E1,2014-02-03T13:30:00+00:00,4013.5399346814793,2014
R6B-347,E1,2014-02-04T14:15:00+00:00,3973.3951681244157,2014
R6B-347,E1,2014-02-05T09:40:00+00:00,3975.4828431865717,2014
R6B-347,E1,2014-02-07T09:55:00+00:00,3976.860095502046,2014
R6B-347,E1,2014-02-10T10:00:00+00:00,3990.817630229702,2014
R6B-347,E1,2014-02-11T08:50:00+00:00,4011.267748175192,2014
R6B-347,E1,2014-02-14T09:15:00+00:00,4027.6350268431147,2014
R6B-347,E1,2014-02-17T08:05:00+00:00,4029.925270853611,2014
R6B-347,E1,2014-02-24T14:45:00+00:00,4047.713671255092,2014
R6B-347,E1,2014-02-26T13:50:00+00:00,4023.0674137981796,2014
R6B-347,E1,2014-03-03T08:05:00+00:00,4057.2684185359913,2014
R6B-347,E1,2014-03-11T11:15:00+00:00,4072.6463737350564,2014
R6B-347,E1,2014-03-12T09:25:00+00:00,4085.7316675450284,2014
R6B-347,E1,2014-03-13T09:35:00+00:00,4086.7504227283553,2014
R6B-347,E1,2014-03-14T08:15:00+00:00,4064.945845482216,2014
R6B-347,E1,2014-03-17T08:05:00+00:00,4051.76528200366,2014
R6B-347,E1,2014-03-21T09:05:00+00:00,4069.848320283561,2014
R6B-347,E1,2014-03-25T08:30:00+00:00,4074.8903039227494,2014
R6B-347,E1,2014-03-26T09:00:00+00:00,4078.2682751423736,2014
R6B-347,E1,2014-03-28T14:00:00+00:00,4067.667046802544,2014
R6B-347,E1,2014-03-31T08:05:00+00:00,4053.2904917009396,2014
R6B-347,E1,2014-04-01T14:00:00+00:00,4044.4273603145325,2014
R6B-347,E1,2014-04-02T08:45:00+00:00,4047.66764850919,2014
R6B-347,E1,2014-04-03T08:40:00+00:00,4027.3586566231356,2014
R6B-347,E1,2014-04-04T15:35:00+00:00,4074.153267312448,2014
R6B-347,E1,2014-04-08T09:35:00+00:00,4114.149832570765,2014
R6B-347,E1,2014-04-09T10:15:00+00:00,4105.279265605212,2014
R6B-347,E1,2014-04-10T09:05:00+00:00,4124.411782492965,2014
R6B-347,E1,2014-04-11T12:25:00+00:00,4123.612780453747,2014
R6B-347,E1,2014-04-14T08:05:00+00:00,4121.495132123735,2014
R6B-347,E1,2014-04-17T08:05:00+00:00,4100.122695836119,2014
R6B-347,E1,2014-04-21T08:15:00+00:00,4072.8332858441754,2014
R6B-347,E1,2014-04-23T09:25:00+00:00,4063.0887936522577,2014
R6B-347,E1,2014-04-24T09:05:00+00:00,4055.452718767114,2014
R6B-347,E1,2014-04-28T08:05:00+00:00,4052.557722275069,2014
R6B-347,E1,2014-05-05T09:00:00+00:00,4081.3819964457484,2014
R6B-347,E1,2014-05-06T08:25:00+00:00,4079.686079850185,2014
R6B-347,E1,2014-05-07T08:45:00+00:00,4086.1127620889943,2014
R6B-347,E1,2014-05-08T08:30:00+00:00,4082.3017425470125,2014
R6B-347,E1,2014-05-09T11:55:00+00:00,4085.467182306178,2014
R6B-347,E1,2014-05-12T11:55:00+00:00,4099.349886030347,2014
R6B-347,E1,2014-05-14T15:30:00+00:00,4121.631577820151,2014
R6B-347,E1,2014-05-16T12:15:00+00:00,4113.4655156137505,2014
R6B-347,E1,2014-05-19T09:35:00+00:00,4134.048393287758,2014
R6B-347,E1,2014-05-20T10:10:00+00:00,4125.849962447128,2014
R6B-347,E1,2014-05-21T10:55:00+00:00,4111.78807393421,2014
R6B-347,E1,2014-05-22T13:35:00+00:00,4131.671906722604,2014
R6B-347,E1,2014-05-26T09:55:00+00:00,4128.201537086082,2014
R6B-347,E1,2014-05-30T08:10:00+00:00,4119.072121101438,2014
R6B-347,E1,2014-06-03T14:15:00+00:00,4107.516681534145,2014
R6B-347,E1,2014-06-06T08:55:00+00:00,4108.104848803797,2014
R6B-347,E1,2014-06-09T08:05:00+00:00,4109.168719162282,2014
R6B-347,E1,2014-06-10T13:35:00+00:00,4126.089279315401,2014
R6B-347,E1,2014-06-11T09:45:00+00:00,4129.357216878787,2014
R6B-347,E1,2014-06-12T08:40:00+00:00,4128.550806032606,2014
R6B-347,E1,2014-06-13T09:10:00+00:00,4122.289571463526,2014
R6B-347,E1,2014-06-16T08:05:00+00:00,4131.705775445595,2014
R6B-347,E1,2014-06-19T09:05:00+00:00,4135.73382890119,2014
R6B-347,E1,2014-06-23T13:40:00+00:00,4132.336024715797,2014
R6B-347,E1,2014-06-27T11:10:00+00:00,4120.3024083711,2014
R6B-347,E1,2014-07-01T09:05:00+00:00,4101.212924009538,2014
R6B-347,E1,2014-07-04T14:15:00+00:00,4096.07234562963,2014
R6B-347,E1,2014-07-09T10:45:00+00:00,4104.106595451735,2014
R6B-347,E1,2014-07-15T13:45:00+00:00,4096.714645450408,2014
R6B-347,E1,2014-07-16T10:00:00+00:00,4097.323533645125,2014
R6B-347,E1,2014-07-17T09:05:00+00:00,4100.659453396115,2014
R6B-347,E1,2014-07-21T11:00:00+00:00,4106.69126870585,2014
R6B-347,E1,2014-07-23T15:55:00+00:00,4096.934280170732,2014
R6B-347,E1,2014-07-28T12:40:00+00:00,4085.8935183773733,2014
R6B-347,E1,2014-07-29T15:15:00+00:00,4059.03442208025,2014
R6B-347,E1,2014-08-01T15:40:00+00:00,4084.239227150917,2014
R6B-347,E1,2014-08-04T14:20:00+00:00,4072.0867673086445,2014
R6B-347,E1,2014-08-05T08:50:00+00:00,4081.375997070205,2014
R6B-347,E1,2014-08-06T13:40:00+00:00,4129.62719024837,2014
R6B-347,E1,2014-08-08T10:40:00+00:00,4136.631233220301,2014
R6B-347,E1,2014-08-12T15:45:00+00:00,4152.63732415195,2014
R6B-347,E1,2014-08-13T13:55:00+00:00,4161.5976182018885,2014
R6B-347,E1,2014-08-14T11:35:00+00:00,4149.058648502222,2014
R6B-347,E1,2014-08-15T13:45:00+00:00,4089.6893259138365,2014
R6B-347,E1,2014-08-19T11:25:00+00:00,4090.1131051639472,2014
R6B-347,E1,2014-08-20T10:05:00+00:00,4081.7622104555444,2014
R6B-347,E1,2014-08-22T12:00:00+00:00,4077.78167156277,2014
R6B-347,E1,2014-08-26T10:45:00+00:00,4103.22660480775,2014
R6B-347,E1,2014-08-27T10:35:00+00:00,4105.491222278039,2014
R6B-347,E1,2014-08-28T08:20:00+00:00,4126.820227511216,2014
R6B-347,E1,2014-09-01T13:35:00+00:00,4121.032861922901,2014
R6B-347,E1,2014-09-03T09:55:00+00:00,4119.538103117465,2014
R6B-347,E1,2014-09-04T09:35:00+00:00,4118.577993878136,2014
R6B-347,E1,2014-09-05T14:00:00+00:00,4119.6303959568895,2014
R6B-347,E1,2014-09-08T11:15:00+00:00,4102.94379161429,2014
R6B-347,E1,2014-09-15T09:50:00+00:00,4112.52083670576,2014
R6B-347,E1,2014-09-16T09:25:00+00:00,4122.613836775013,2014
R6B-347,E1,2014-09-17T14:35:00+00:00,4111.060796618116,2014
R6B-347,E1,2014-09-18T13:55:00+00:00,4093.21971594019,2014
R6B-347,E1,2014-09-19T11:40:00+00:00,4075.4222464716404,2014
R6B-347,E1,2014-09-22T08:30:00+00:00,4065.4603965730926,2014
R6B-347,E1,2014-09-23T10:00:00+00:00,4084.421641178773,2014
R6B-347,E1,2014-09-24T14:20:00+00:00,4064.635074888402,2014
R6B-347,E1,2014-09-26T09:05:00+00:00,4058.8090302277046,2014
R6B-347,E1,2014-09-29T08:45:00+00:00,4058.4001770040454,2014
R6B-347,E1,2014-10-02T10:55:00+00:00,4042.9638191260497,2014
R6B-347,E1,2014-10-06T14:35:00+00:00,4066.7018636717435,2014
R6B-347,E1,2014-10-07T15:10:00+00:00,4069.220192931665,2014
R6B-347,E1,2014-10-08T14:50:00+00:00,4053.3728677051668,2014
R6B-347,E1,2014-10-09T10:10:00+00:00,4062.4380281788594,2014
R6B-347,E1,2014-10-13T08:05:00+00:00,4060.142314494077,2014
R6B-347,E1,2014-10-17T13:55:00+00:00,4049.519025218161,2014
R6B-347,E1,2014-10-20T14:00:00+00:00,4070.5617407025675,2014
R6B-347,E1,2014-10-21T09:45:00+00:00,4071.9613236107825,2014
R6B-347,E1,2014-10-23T13:45:00+00:00,4040.4971811562286,2014
R6B-347,E1,2014-10-24T14:55:00+00:00,4027.8192356980358,2014
R6B-347,E1,2014-10-28T09:55:00+00:00,4018.5767451511983,2014
R6B-347,E1,2014-11-06T13:30:00+00:00,4023.960555344496,2014
R6B-347,E1,2014-11-12T14:00:00+00:00,4020.846756925865,2014
R6B-347,E1,2014-11-13T12:10:00+00:00,4013.2048132599375,2014
R6B-347,E1,2014-11-18T13:45:00+00:00,4046.691966656226,2014
R6B-347,E1,2014-11-20T14:35:00+00:00,4072.5231329776752,2014
R6B-347,E1,2014-11-25T11:20:00+00:00,4069.765067253786,2014
R6B-347,E1,2014-11-27T08:55:00+00:00,4049.355806696017,2014
R6B-347,E1,2014-12-03T09:25:00+00:00,4069.4643650908165,2014
R6B-347,E1,2014-12-05T15:20:00+00:00,4024.4322699314466,2014
R6B-347,E1,2014-12-08T09:10:00+00:00,4030.7569056660413,2014
R6B-347,E1,2014-12-09T14:55:00+00:00,4101.908343640825,2014
R6B-347,E1,2014-12-10T12:55:00+00:00,4091.7691164477897,2014
R6B-347,E1,2014-12-11T09:05:00+00:00,4059.0515252265086,2014
R6B-347,E1,2014-12-17T15:50:00+00:00,4043.4003083334137,2014
R6B-347,E1,2014-12-18T14:05:00+00:00,4052.385163918464,2014
R6B-347,E1,2014-12-19T14:45:00+00:00,4039.825511162242,2014
R6B-347,E1,2014-12-22T09:20:00+00:00,4034.605115801891,2014
R6B-347,E1,2014-12-23T12:50:00+00:00,4023.1559820023504,2014
R6B-347,E1,2014-12-24T12:55:00+00:00,4013.4936612108777,2014
R6B-347,E1,2014-12-26T09:05:00+00:00,4032.5785710867995,2014
R6B-347,E1,2014-12-29T10:55:00+00:00,4016.976747576346,2014
R6B-347,E1,2014-12-30T09:00:00+00:00,4028.4486761157987,2014
R6B-347,E1,2015-01-05T10:40:00+00:00,4020.799051723343,2015
R6B-347,E1,2015-01-06T12:15:00+00:00,4030.009427049069,2015
R6B-347,E1,2015-01-09T10:50:00+00:00,4025.0782279119385,2015
R6B-347,E1,2015-01-12T08:05:00+00:00,4033.407267738076,2015
R6B-347,E1,2015-01-13T09:25:00+00:00,4037.7579484133034,2015
R6B-347,E1,2015-01-20T15:40:00+00:00,4075.7364628268106,2015
R6B-347,E1,2015-01-21T10:40:00+00:00,4078.6347975100016,2015
R6B-347,E1,2015-01-26T08:05:00+00:00,4048.047767132732,2015
R6B-347,E1,2015-01-27T14:55:00+00:00,4067.6375869589997,2015
R6B-347,E1,2015-01-30T15:20:00+00:00,4072.1165966690455,2015
R6B-347,E1,2015-02-03T13:50:00+00:00,4038.7083280090947,2015
R6B-347,E1,2015-02-04T13:00:00+00:00,4054.3241030905697,2015
R6B-347,E1,2015-02-06T13:20:00+00:00,4032.47098866778,2015
R6B-347,E1,2015-02-09T09:20:00+00:00,4037.7137128523173,2015
R6B-347,E1,2015-02-10T10:30:00+00:00,4019.5092588605594,2015
R6B-347,E1,2015-02-11T09:25:00+00:00,4020.789779829062,2015
R6B-347,E1,2015-02-12T09:50:00+00:00,4028.053002893693,2015
R6B-347,E1,2015-02-13T09:35:00+00:00,4032.7010904220597,2015
R6B-347,E1,2015-02-16T08:50:00+00:00,4039.3117755035196,2015
R6B-347,E1,2015-02-17T09:00:00+00:00,3999.021847719199,2015
R6B-347,E1,2015-02-18T14:05:00+00:00,3990.3423656603213,2015
R6B-347,E1,2015-02-19T08:55:00+00:00,3991.2424173254,2015
R6B-347,E1,2015-02-23T12:40:00+00:00,3963.8529501810863,2015
R6B-347,E1,2015-02-24T08:40:00+00:00,3944.0898068749793,2015
R6B-347,E1,2015-02-25T08:15:00+00:00,3954.4247121627836,2015
R6B-347,E1,2015-02-26T09:45:00+00:00,3983.3081566501287,2015
R6B-347,E1,2015-02-27T08:30:00+00:00,3962.9910364376215,2015
R6B-347,E1,2015-03-02T09:10:00+00:00,3959.6591214891337,2015
R6B-347,E1,2015-03-03T09:05:00+00:00,3954.540325585133,2015
R6B-347,E1,2015-03-04T10:15:00+00:00,3941.5541965787806,2015
R6B-347,E1,2015-03-05T09:40:00+00:00,3928.08786260464,2015
R6B-347,E1,2015-03-09T14:00:00+00:00,3922.4171740050415,2015
R6B-347,E1,2015-03-10T09:25:00+00:00,3886.8903077334962,2015
R6B-347,E1,2015-03-11T08:05:00+00:00,3879.6702567094526,2015
R6B-347,E1,2015-03-12T13:50:00+00:00,3872.1344418793137,2015
R6B-347,E1,2015-03-13T08:35:00+00:00,3876.3824412163676,2015
R6B-347,E1,2015-03-16T13:00:00+00:00,3853.2816565689923,2015
R6B-347,E1,2015-03-18T08:25:00+00:00,3841.680581084903,2015
R6B-347,E1,2015-03-20T09:35:00+00:00,3831.1144338575077,2015
R6B-347,E1,2015-03-25T16:00:00+00:00,3842.9409654876413,2015
R6B-347,E1,2015-03-26T10:20:00+00:00,3882.598413482395,2015
R6B-347,E1,2015-03-31T08:20:00+00:00,3856.2995186571957,2015
R6B-347,E1,2015-04-01T09:00:00+00:00,3842.5326113055335,2015
R6B-347,E1,2015-04-02T14:30:00+00:00,3820.0840096317556,2015
R6B-347,E1,2015-04-06T08:05:00+00:00,3832.0994961226015,2015
R6B-347,E1,2015-04-08T12:50:00+00:00,3814.846955941506,2015
R6B-347,E1,2015-04-10T10:50:00+00:00,3836.206377193687,2015
R6B-347,E1,2015-04-13T09:15:00+00:00,3804.196859872249,2015
R6B-347,E1,2015-04-14T08:55:00+00:00,3773.5118138892885,2015
R6B-347,E1,2015-04-15T09:05:00+00:00,3758.553725632988,2015
R6B-347,E1,2015-04-16T08:05:00+00:00,3761.5906432393544,2015
R6B-347,E1,2015-04-17T14:20:00+00:00,3767.383380269709,2015
R6B-347,E1,2015-04-20T08:05:00+00:00,3766.1640575386746,2015
R6B-347,E1,2015-04-21T14:00:00+00:00,3760.7041808682875,2015
R6B-347,E1,2015-04-22T14:30:00+00:00,3712.0629667729563,2015
R6B-347,E1,2015-04-27T08:05:00+00:00,3717.400035185615,2015
R6B-347,E1,2015-04-28T15:20:00+00:00,3747.0807824817216,2015
R6B-347,E1,2015-05-01T09:35:00+00:00,3726.8891751502283,2015
R6B-347,E1,2015-05-04T08:40:00+00:00,3737.114028524549,2015
R6B-347,E1,2015-05-05T14:10:00+00:00,3756.4485549544675,2015
R6B-347,E1,2015-05-06T11:15:00+00:00,3740.767342270337,2015
R6B-347,E1,2015-05-08T14:30:00+00:00,3741.907590533295,2015
R6B-347,E1,2015-05-11T08:20:00+00:00,3725.695145905209,2015
R6B-347,E1,2015-05-12T15:20:00+00:00,3746.000248666313,2015
R6B-347,E1,2015-05-13T14:55:00+00:00,3800.7386103181975,2015
R6B-347,E1,2015-05-14T14:45:00+00:00,3828.7434858481156,2015
R6B-347,E1,2015-05-18T12:35:00+00:00,3828.0396988557336,2015
R6B-347,E1,2015-05-22T08:45:00+00:00,3844.6279635571823,2015
R6B-347,E1,2015-05-28T09:25:00+00:00,3847.668742656644,2015
R6B-347,E1,2015-05-29T11:15:00+00:00,3844.847084005172,2015
R6B-347,E1,2015-06-01T12:50:00+00:00,3833.7420073811577,2015
R6B-347,E1,2015-06-08T08:20:00+00:00,3834.979533764407,2015
R6B-347,E1,2015-06-09T09:30:00+00:00,3853.162103162647,2015
R6B-347,E1,2015-06-10T12:30:00+00:00,3889.8511319422128,2015
R6B-347,E1,2015-06-11T12:30:00+00:00,3853.510765864365,2015
R6B-347,E1,2015-06-12T09:35:00+00:00,3841.2988094848465,2015
R6B-347,E1,2015-06-15T08:05:00+00:00,3820.658024128075,2015
R6B-347,E1,2015-06-18T15:35:00+00:00,3858.7992578438148,2015
R6B-347,E1,2015-06-23T08:50:00+00:00,3846.7283647130253,2015
R6B-347,E1,2015-06-24T08:05:00+00:00,3834.6962552186487,2015
R6B-347,E1,2015-06-25T08:10:00+00:00,3832.916278047029,2015
R6B-347,E1,2015-06-26T08:20:00+00:00,3831.890347166513,2015
R6B-347,E1,2015-06-29T08:05:00+00:00,3807.6253256699147,2015
R6B-347,E1,2015-07-01T09:55:00+00:00,3799.6609131262576,2015
R6B-347,E1,2015-07-03T14:30:00+00:00,3795.261871420266,2015
R6B-347,E1,2015-07-06T08:05:00+00:00,3762.8718366066,2015
R6B-347,E1,2015-07-09T13:35:00+00:00,3774.0681169412665,2015
R6B-347,E1,2015-07-10T10:50:00+00:00,3774.944097374259,2015
R6B-347,E1,2015-07-21T15:10:00+00:00,3774.6082979945795,2015
R6B-347,E1,2015-07-23T09:35:00+00:00,3796.3756292647968,2015
R6B-347,E1,2015-07-27T13:45:00+00:00,3780.2102712105543,2015
R6B-347,E1,2015-07-28T12:40:00+00:00,3771.470815633243,2015
R6B-347,E1,2015-07-29T13:45:00+00:00,3751.3068534072786,2015
R6B-347,E1,2015-08-03T11:10:00+00:00,3734.958025242878,2015
R6B-347,E1,2015-08-04T13:50:00+00:00,3751.288169666941,2015
R6B-347,E1,2015-08-05T13:50:00+00:00,3753.660590955801,2015
R6B-347,E1,2015-08-06T13:35:00+00:00,3757.3593317900727,2015
R6B-347,E1,2015-08-07T14:40:00+00:00,3772.3554978665175,2015
R6B-347,E1,2015-08-10T11:10:00+00:00,3771.5449837301576,2015
R6B-347,E1,2015-08-11T09:10:00+00:00,3792.5332883768724,2015
R6B-347,E1,2015-08-12T08:15:00+00:00,3818.3459089599914,2015
R6B-347,E1,2015-08-14T14:35:00+00:00,3827.503964772546,2015
R6B-347,E1,2015-08-17T09:25:00+00:00,3830.1100094436924,2015
R6B-347,E1,2015-08-19T14:15:00+00:00,3852.5936744703276,2015
R6B-347,E1,2015-08-20T09:05:00+00:00,3860.1655390411506,2015
R6B-347,E1,2015-08-21T09:05:00+00:00,3841.4102102399024,2015
R6B-347,E1,2015-08-24T08:05:00+00:00,3829.4685082920046,2015
R6B-347,E1,2015-08-27T09:55:00+00:00,3827.275607728441,2015
R6B-347,E1,2015-08-28T09:10:00+00:00,3827.5203142858845,2015
R6B-347,E1,2015-09-01T08:15:00+00:00,3843.9061311815817,2015
R6B-347,E1,2015-09-02T14:05:00+00:00,3832.929630381446,2015
R6B-347,E1,2015-09-03T15:05:00+00:00,3798.631953354295,2015
R6B-347,E1,2015-09-04T08:10:00+00:00,3793.0090487884563,2015
R6B-347,E1,2015-09-07T10:25:00+00:00,3779.4936154649417,2015
R6B-347,E1,2015-09-08T08:20:00+00:00,3775.643308625559,2015
R6B-347,E1,2015-09-09T09:10:00+00:00,3763.565659150581,2015
R6B-347,E1,2015-09-14T10:10:00+00:00,3758.3076177513476,2015
R6B-347,E1,2015-09-16T15:00:00+00:00,3800.6517577267896,2015
R6B-347,E1,2015-09-17T10:25:00+00:00,3784.2791794072623,2015
R6B-347,E1,2015-09-21T13:50:00+00:00,3760.332956989761,2015
R6B-347,E1,2015-09-22T10:00:00+00:00,3745.6464720107297,2015
R6B-347,E1,2015-09-23T13:50:00+00:00,3765.5282456760556,2015
R6B-347,E1,2015-09-24T09:15:00+00:00,3774.7130247736836,2015
R6B-347,E1,2015-10-06T14:35:00+00:00,3808.4013163862455,2015
R6B-347,E1,2015-10-07T08:35:00+00:00,3809.463835956161,2015
R6B-347,E1,2015-10-09T10:50:00+00:00,3846.5061991756593,2015
R6B-347,E1,2015-10-12T09:50:00+00:00,3869.093520317537,2015
R6B-347,E1,2015-10-14T09:15:00+00:00,3870.7861107398508,2015
R6B-347,E1,2015-10-15T13:45:00+00:00,3846.130879732042,2015
R6B-347,E1,2015-10-20T14:15:00+00:00,3865.3539979573993,2015
R6B-347,E1,2015-10-21T09:20:00+00:00,3852.541242432076,2015
R6B-347,E1,2015-10-22T14:45:00+00:00,3852.4526017761796,2015
R6B-347,E1,2015-10-23T09:45:00+00:00,3866.8483898704667,2015
R6B-347,E1,2015-10-26T13:55:00+00:00,3865.0485942295686,2015
R6B-347,E1,2015-10-27T13:10:00+00:00,3850.184506239827,2015
R6B-347,E1,2015-10-28T10:45:00+00:00,3859.4960663870593,2015
R6B-347,E1,2015-10-30T13:35:00+00:00,3842.7501876070387,2015
R6B-347,E1,2015-11-02T13:45:00+00:00,3823.0948049475055,2015
R6B-347,E1,2015-11-03T12:20:00+00:00,3809.002102331161,2015
R6B-347,E1,2015-11-04T09:25:00+00:00,3791.207999363649,2015
R6B-347,E1,2015-11-05T11:05:00+00:00,3778.274837449913,2015
R6B-347,E1,2015-11-06T10:30:00+00:00,3775.1122937538294,2015
R6B-347,E1,2015-11-09T08:50:00+00:00,3784.4721327798416,2015
R6B-347,E1,2015-11-10T09:45:00+00:00,3782.2858662875456,2015
R6B-347,E1,2015-11-11T09:15:00+00:00,3774.1701666360327,2015
R6B-347,E1,2015-11-12T09:50:00+00:00,3769.0066881654902,2015
R6B-347,E1,2015-11-16T08:05:00+00:00,3778.3489676520526,2015
R6B-347,E1,2015-11-19T09:15:00+00:00,3774.949548763553,2015
R6B-347,E1,2015-11-20T09:55:00+00:00,3773.9754541937555,2015
R6B-347,E1,2015-11-24T08:05:00+00:00,3776.5674536703114,2015
R6B-347,E1,2015-11-25T08:55:00+00:00,3770.7946139420746,2015
R6B-347,E1,2015-11-26T09:55:00+00:00,3766.487518746167,2015
R6B-347,E1,2015-11-27T08:25:00+00:00,3749.491855477087,2015
R6B-347,E1,2015-12-01T10:10:00+00:00,3732.589365747451,2015
R6B-347,E1,2015-12-08T15:05:00+00:00,3727.2893326110725,2015
R6B-347,E1,2015-12-09T10:55:00+00:00,3728.2385096711637,2015
R6B-347,E1,2015-12-16T10:50:00+00:00,3726.541009021463,2015
R6B-347,E1,2015-12-18T09:35:00+00:00,3725.1359301616812,2015
R6B-347,E1,2015-12-21T09:45:00+00:00,3735.7905467428614,2015
R6B-347,E1,2015-12-22T15:15:00+00:00,3721.1324895872376,2015
R6B-347,E1,2015-12-23T13:50:00+00:00,3704.1227095295308,2015
R6B-347,E1,2015-12-24T08:05:00+00:00,3707.7435051984794,2015
R6B-347,E1,2015-12-28T08:05:00+00:00,3695.6627243607168,2015
R6B-347,E1,2015-12-29T09:25:00+00:00,3698.4032412054385,2015
R6B-347,E1,2015-12-30T09:20:00+00:00,3691.6593353727026,2015
R6B-347,E1,2015-12-31T08:25:00+00:00,3689.675777077282,2015
R6B-347,E1,2016-01-04T08:05:00+00:00,3715.390494200031,2016
R6B-347,E1,2016-01-05T12:40:00+00:00,3728.309269253572,2016
R6B-347,E1,2016-01-06T14:05:00+00:00,3745.6554373797376,2016
R6B-347,E1,2016-01-07T09:50:00+00:00,3747.2340043243084,2016
R6B-347,E1,2016-01-08T08:10:00+00:00,3712.0124560790287,2016
R6B-347,E1,2016-01-11T08:05:00+00:00,3706.8823446311053,2016
R6B-347,E1,2016-01-12T11:50:00+00:00,3685.348855445687,2016
R6B-347,E1,2016-01-15T11:35:00+00:00,3685.974086015148,2016
R6B-347,E1,2016-01-18T11:30:00+00:00,3674.9303836868003,2016
R6B-347,E1,2016-01-20T09:30:00+00:00,3681.9332106174656,2016
R6B-347,E1,2016-01-21T12:50:00+00:00,3675.9636042746747,2016
R6B-347,E1,2016-01-25T09:25:00+00:00,3685.499276539362,2016
R6B-347,E1,2016-01-26T09:20:00+00:00,3695.944398510015,2016
R6B-347,E1,2016-01-29T12:25:00+00:00,3683.859940285489,2016
R6B-347,E1,2016-02-01T09:25:00+00:00,3690.198087252296,2016
R6B-347,E1,2016-02-11T08:05:00+00:00,3720.371539408472,2016
R6B-347,E1,2016-02-17T11:25:00+00:00,3712.5675737783426,2016
R6B-347,E1,2016-02-23T09:20:00+00:00,3724.1641232338707,2016
R6B-347,E1,2016-02-25T14:40:00+00:00,3710.3404747549735,2016
R6B-347,E1,2016-02-29T13:10:00+00:00,3707.7497980028475,2016
R6B-347,E1,2016-03-01T09:20:00+00:00,3702.98344456582,2016
R6B-347,E1,2016-03-08T10:00:00+00:00,3711.066610261327,2016
R6B-347,E1,2016-03-11T09:10:00+00:00,3675.5711439704173,2016
R6B-347,E1,2016-03-17T15:30:00+00:00,3676.9282212477224,2016
R6B-347,E1,2016-03-18T09:20:00+00:00,3640.3526472625654,2016
R6B-347,E1,2016-03-22T11:35:00+00:00,3653.7153004358565,2016
R6B-347,E1,2016-03-28T15:25:00+00:00,3659.581195361903,2016
R6B-347,E1,2016-03-31T12:50:00+00:00,3684.47188278755,2016
R6B-347,E1,2016-04-01T14:35:00+00:00,3621.703439103717,2016
R6B-347,E1,2016-04-05T09:00:00+00:00,3660.930314952095,2016
R6B-347,E1,2016-04-07T08:30:00+00:00,3663.833641020068,2016
R6B-347,E1,2016-04-11T08:05:00+00:00,3680.244781108874,2016
R6B-347,E1,2016-04-18T08:05:00+00:00,3671.171635252671,2016
R6B-347,E1,2016-04-19T11:55:00+00:00,3698.8057713860076,2016
R6B-347,E1,2016-04-20T09:20:00+00:00,3684.82102690874,2016
R6B-347,E1,2016-04-21T13:40:00+00:00,3695.4494269761944,2016
R6B-347,E1,2016-04-22T09:45:00+00:00,3681.6130392436053,2016
R6B-347,E1,2016-04-25T13:10:00+00:00,3680.0053827335328,2016
R6B-347,E1,2016-04-26T09:25:00+00:00,3662.3772044322536,2016
R6B-347,E1,2016-04-27T08:25:00+00:00,3667.518902825615,2016
R6B-347,E1,2016-04-28T11:10:00+00:00,3691.1439982608204,2016
R6B-347,E1,2016-04-29T09:30:00+00:00,3695.79186392977,2016
R6B-347,E1,2016-05-02T08:40:00+00:00,3691.276009935818,2016
R6B-347,E1,2016-05-03T09:05:00+00:00,3696.392464122037,2016
R6B-347,E1,2016-05-06T09:00:00+00:00,3703.668213358085,2016
R6B-347,E1,2016-05-10T10:55:00+00:00,3702.0763780656785,2016
R6B-347,E1,2016-05-11T10:05:00+00:00,3704.2218790932197,2016
R6B-347,E1,2016-05-13T12:15:00+00:00,3713.5656564353044,2016
R6B-347,E1,2016-05-16T10:10:00+00:00,3726.064834699734,2016
R6B-347,E1,2016-05-17T09:35:00+00:00,3703.6740921163696,2016
R6B-347,E1,2016-05-23T08:30:00+00:00,3692.183526788173,2016
R6B-347,E1,2016-05-26T08:05:00+00:00,3696.7217386887673,2016
R6B-347,E1,2016-05-27T08:10:00+00:00,3693.1115345776866,2016
R6B-347,E1,2016-05-31T08:05:00+00:00,3692.3480646954195,2016
R6B-347,E1,2016-06-01T09:10:00+00:00,3681.9128558575635,2016
R6B-347,E1,2016-06-02T10:30:00+00:00,3683.8747287690862,2016
R6B-347,E1,2016-06-03T12:15:00+00:00,3683.0242012493227,2016
R6B-347,E1,2016-06-06T08:05:00+00:00,3660.433341825284,2016
R6B-347,E1,2016-06-08T09:35:00+00:00,3677.2492164828172,2016
R6B-347,E1,2016-06-13T08:05:00+00:00,3685.1111388699146,2016
R6B-347,E1,2016-06-15T14:20:00+00:00,3670.0074391118897,2016
R6B-347,E1,2016-06-16T09:05:00+00:00,3693.4072902995813,2016
R6B-347,E1,2016-06-21T08:10:00+00:00,3663.1898964535817,2016
R6B-347,E1,2016-06-23T14:15:00+00:00,3647.2557245130115,2016
R6B-347,E1,2016-06-24T09:00:00+00:00,3758.628410138549,2016
R6B-347,E1,2016-06-27T08:05:00+00:00,3738.4439878193875,2016
R6B-347,E1,2016-06-29T08:25:00+00:00,3748.7369310459176,2016
R6B-347,E1,2016-07-01T09:30:00+00:00,3759.780898402729,2016
R6B-347,E1,2016-07-04T09:20:00+00:00,3759.6259129697733,2016
R6B-347,E1,2016-07-05T08:30:00+00:00,3739.0307621363304,2016
R6B-347,E1,2016-07-06T09:05:00+00:00,3733.9906123933883,2016
R6B-347,E1,2016-07-07T09:10:00+00:00,3724.7917283547295,2016
R6B-347,E1,2016-07-11T08:05:00+00:00,3700.572694382344,2016
R6B-347,E1,2016-07-13T10:35:00+00:00,3706.672223766314,2016
R6B-347,E1,2016-07-20T08:05:00+00:00,3684.8585228655443,2016
R6B-347,E1,2016-07-21T13:25:00+00:00,3681.173707881167,2016
R6B-347,E1,2016-07-26T09:05:00+00:00,3682.7114950785094,2016
R6B-347,E1,2016-07-28T15:10:00+00:00,3669.4406923252677,2016
R6B-347,E1,2016-07-29T08:55:00+00:00,3648.162222568781,2016
R6B-347,E1,2016-08-02T15:10:00+00:00,3679.604936557981,2016
R6B-347,E1,2016-08-05T12:15:00+00:00,3675.599339087222,2016
R6B-347,E1,2016-08-08T12:10:00+00:00,3660.8657320708244,2016
R6B-347,E1,2016-08-10T08:05:00+00:00,3680.881655146488,2016
R6B-347,E1,2016-08-15T10:55:00+00:00,3681.2591452251327,2016
R6B-347,E1,2016-08-16T08:40:00+00:00,3699.504492596717,2016
R6B-347,E1,2016-08-18T08:10:00+00:00,3689.1492590924345,2016
R6B-347,E1,2016-08-23T15:10:00+00:00,3676.8894977808777,2016
R6B-347,E1,2016-08-26T08:50:00+00:00,3681.536114725585,2016
R6B-347,E1,2016-08-31T09:45:00+00:00,3679.479832414597,2016
R6B-347,E1,2016-09-01T09:50:00+00:00,3664.178746205693,2016
R6B-347,E1,2016-09-02T08:10:00+00:00,3650.161781087998,2016
R6B-347,E1,2016-09-05T13:35:00+00:00,3647.7420811515085,2016
R6B-347,E1,2016-09-06T15:10:00+00:00,3679.0903750387674,2016
R6B-347,E1,2016-09-07T11:10:00+00:00,3669.046136881497,2016
R6B-347,E1,2016-09-09T10:40:00+00:00,3654.21018273651,2016
R6B-347,E1,2016-09-12T15:05:00+00:00,3638.4929944432524,2016
R6B-347,E1,2016-09-13T10:05:00+00:00,3631.218534363177,2016
R6B-347,E1,2016-09-15T10:00:00+00:00,3619.936224348264,2016
R6B-347,E1,2016-09-19T09:05:00+00:00,3628.641212888261,2016
R6B-347,E1,2016-09-20T08:35:00+00:00,3629.293654713638,2016
R6B-347,E1,2016-09-21T12:20:00+00:00,3645.1972057252874,2016
R6B-347,E1,2016-09-26T08:20:00+00:00,3633.1806090926702,2016
R6B-347,E1,2016-09-29T08:15:00+00:00,3624.184723841982,2016
R6B-347,E1,2016-09-30T14:20:00+00:00,3611.662178603221,2016
R6B-347,E1,2016-10-03T09:00:00+00:00,3600.884752708309,2016
R6B-347,E1,2016-10-05T10:20:00+00:00,3602.5905447480013,2016
R6B-347,E1,2016-10-07T09:10:00+00:00,3597.4104957453037,2016
R6B-347,E1,2016-10-10T08:05:00+00:00,3602.6787455313497,2016
R6B-347,E1,2016-10-11T14:20:00+00:00,3585.949543131071,2016
R6B-347,E1,2016-10-12T10:05:00+00:00,3579.6045206570407,2016
R6B-347,E1,2016-10-13T10:15:00+00:00,3584.402210823803,2016
R6B-347,E1,2016-10-17T11:35:00+00:00,3581.929852055207,2016
R6B-347,E1,2016-10-18T09:15:00+00:00,3592.5421565993224,2016
R6B-347,E1,2016-10-20T09:50:00+00:00,3586.532514039545,2016
R6B-347,E1,2016-10-25T12:00:00+00:00,3594.511635949598,2016
R6B-347,E1,2016-10-27T13:10:00+00:00,3602.0679778172953,2016
R6B-347,E1,2016-10-28T10:10:00+00:00,3588.5913777678043,2016
R6B-347,E1,2016-11-01T13:55:00+00:00,3612.6424186029226,2016
R6B-347,E1,2016-11-02T12:15:00+00:00,3627.7647177040726,2016
R6B-347,E1,2016-11-03T11:15:00+00:00,3593.730828758506,2016
R6B-347,E1,2016-11-08T09:35:00+00:00,3595.6987940979884,2016
R6B-347,E1,2016-11-09T10:00:00+00:00,3635.6531443591834,2016
R6B-347,E1,2016-11-10T09:15:00+00:00,3657.9665927667656,2016
R6B-347,E1,2016-11-15T09:20:00+00:00,3646.1893145913537,2016
R6B-347,E1,2016-11-16T09:40:00+00:00,3635.589582758147,2016
R6B-347,E1,2016-11-21T09:05:00+00:00,3652.250809143784,2016
R6B-347,E1,2016-11-22T08:05:00+00:00,3647.606064545203,2016
R6B-347,E1,2016-11-23T11:00:00+00:00,3638.9799320067036,2016
R6B-347,E1,2016-11-28T08:05:00+00:00,3653.9856119337114,2016
R6B-347,E1,2016-11-30T09:40:00+00:00,3636.384783388869,2016
R6B-347,E1,2016-12-01T14:25:00+00:00,3609.2247425451556,2016
R6B-347,E1,2016-12-02T09:10:00+00:00,3603.2230272742554,2016
R6B-347,E1,2016-12-05T08:05:00+00:00,3579.6255605600772,2016
R6B-347,E1,2016-12-08T11:05:00+00:00,3572.2094310777784,2016
R6B-347,E1,2016-12-14T09:40:00+00:00,3573.0603426982066,2016
R6B-347,E1,2016-12-16T13:45:00+00:00,3577.493412179241,2016
R6B-347,E1,2016-12-19T14:25:00+00:00,3574.6443164060192,2016
R6B-347,E1,2016-12-21T10:00:00+00:00,3571.5551553937526,2016
R6B-347,E1,2016-12-23T09:35:00+00:00,3574.180267606086,2016
R6B-347,E1,2016-12-27T10:35:00+00:00,3594.797108910553,2016
R6B-347,E1,2016-12-28T08:30:00+00:00,3598.4792186463224,2016
R6B-347,E1,2016-12-29T08:05:00+00:00,3616.564450423882,2016
R6B-347,E1,2016-12-30T09:05:00+00:00,3601.1392548133003,2016
R6B-347,E1,2017-01-03T09:05:00+00:00,3590.1566737952407,2017
R6B-347,E1,2017-01-04T11:35:00+00:00,3603.343258828078,2017
R6B-347,E1,2017-01-05T08:05:00+00:00,3631.1780398026985,2017
R6B-347,E1,2017-01-09T09:05:00+00:00,3638.4384757924186,2017
R6B-347,E1,2017-01-10T11:35:00+00:00,3631.163700328055,2017
R6B-347,E1,2017-01-11T14:55:00+00:00,3607.312115548807,2017
R6B-347,E1,2017-01-12T10:50:00+00:00,3626.9084116149206,2017
R6B-347,E1,2017-01-16T08:05:00+00:00,3629.2135748166343,2017
R6B-347,E1,2017-01-17T08:05:00+00:00,3652.633783787578,2017
R6B-347,E1,2017-01-20T15:15:00+00:00,3638.974945205763,2017
R6B-347,E1,2017-01-23T08:40:00+00:00,3629.5992218953065,2017
R6B-347,E1,2017-01-26T08:05:00+00:00,3611.5785800761105,2017
R6B-347,E1,2017-01-30T08:05:00+00:00,3599.4096599701375,2017
R6B-347,E1,2017-01-31T09:55:00+00:00,3598.0997728997336,2017
R6B-347,E1,2017-02-02T08:25:00+00:00,3604.895616888968,2017
R6B-347,E1,2017-02-06T08:30:00+00:00,3608.5688412009495,2017
R6B-347,E1,2017-02-08T10:40:00+00:00,3610.5541552521568,2017
R6B-347,E1,2017-02-14T12:05:00+00:00,3614.79536370358,2017
R6B-347,E1,2017-02-16T08:25:00+00:00,3616.3705013107883,2017
R6B-347,E1,2017-02-24T14:00:00+00:00,3641.9942976750267,2017
R6B-347,E1,2017-02-27T09:40:00+00:00,3629.4564912587216,2017
R6B-347,E1,2017-02-28T14:30:00+00:00,3634.991708417138,2017
R6B-347,E1,2017-03-13T08:05:00+00:00,3644.7036655444326,2017
R6B-347,E1,2017-03-15T12:35:00+00:00,3634.8567428480596,2017
R6B-347,E1,2017-03-16T08:30:00+00:00,3641.857327240022,2017
R6B-347,E1,2017-03-20T08:05:00+00:00,3648.933240432681,2017
R6B-347,E1,2017-03-21T09:05:00+00:00,3637.5899269694346,2017
R6B-347,E1,2017-03-22T14:40:00+00:00,3635.1866773343495,2017
R6B-347,E1,2017-03-27T08:05:00+00:00,3646.11965500257,2017
R6B-347,E1,2017-04-04T14:50:00+00:00,3644.0622077651637,2017
R6B-347,E1,2017-04-05T15:30:00+00:00,3619.012521063587,2017
R6B-347,E1,2017-04-07T09:15:00+00:00,3648.4387887913285,2017
R6B-347,E1,2017-04-11T15:45:00+00:00,3687.445329589438,2017
R6B-347,E1,2017-04-12T09:00:00+00:00,3679.605737499302,2017
R6B-347,E1,2017-04-17T08:05:00+00:00,3662.7414160146195,2017
R6B-347,E1,2017-04-20T15:05:00+00:00,3664.379760307582,2017
R6B-347,E1,2017-04-28T10:35:00+00:00,3666.9098805146878,2017
R6B-347,E1,2017-05-01T08:05:00+00:00,3644.557308938491,2017
R6B-347,E1,2017-05-05T12:10:00+00:00,3649.543036609816,2017
R6B-347,E1,2017-05-08T08:05:00+00:00,3640.2872523913497,2017
R6B-347,E1,2017-05-11T10:20:00+00:00,3644.2157890145845,2017
R6B-347,E1,2017-05-12T10:10:00+00:00,3651.974107117033,2017
R6B-347,E1,2017-05-15T12:35:00+00:00,3663.603131847513,2017
R6B-347,E1,2017-05-16T09:10:00+00:00,3666.5452074144314,2017
R6B-347,E1,2017-05-17T08:05:00+00:00,3659.846968793403,2017
R6B-347,E1,2017-05-19T14:30:00+00:00,3657.6270802398712,2017
R6B-347,E1,2017-05-25T11:10:00+00:00,3649.4311391885158,2017
R6B-347,E1,2017-05-26T10:45:00+00:00,3672.1370462295495,2017
R6B-347,E1,2017-05-30T09:00:00+00:00,3659.7595691650513,2017
R6B-347,E1,2017-05-31T15:25:00+00:00,3668.3886313013923,2017
R6B-347,E1,2017-06-05T08:05:00+00:00,3668.044220594705,2017
R6B-347,E1,2017-06-06T08:10:00+00:00,3690.1039333670246,2017
R6B-347,E1,2017-06-08T13:45:00+00:00,3655.567411560882,2017
R6B-347,E1,2017-06-14T10:10:00+00:00,3648.1022543358035,2017
R6B-347,E1,2017-06-20T14:00:00+00:00,3636.115170871159,2017
R6B-347,E1,2017-06-21T08:30:00+00:00,3634.4346727678294,2017
R6B-347,E1,2017-06-22T08:15:00+00:00,3638.4792788310274,2017
R6B-347,E1,2017-06-23T13:45:00+00:00,3648.7627979045064,2017
R6B-347,E1,2017-06-26T08:05:00+00:00,3601.985141547925,2017
R6B-347,E1,2017-06-27T10:55:00+00:00,3619.5925067949925,2017
R6B-347,E1,2017-06-28T10:15:00+00:00,3619.5340479966735,2017
R6B-347,E1,2017-06-29T09:40:00+00:00,3604.8476223109446,2017
R6B-347,E1,2017-06-30T11:20:00+00:00,3591.160798252489,2017
R6B-347,E1,2017-07-04T08:20:00+00:00,3589.3016196050157,2017
R6B-347,E1,2017-07-05T09:55:00+00:00,3564.9680409561815,2017
R6B-347,E1,2017-07-10T08:05:00+00:00,3546.854754824743,2017
R6B-347,E1,2017-07-12T08:10:00+00:00,3545.578435261068,2017
R6B-347,E1,2017-07-13T10:55:00+00:00,3543.1569657163386,2017
R6B-347,E1,2017-07-14T14:25:00+00:00,3570.9988530787473,2017
R6B-347,E1,2017-07-17T08:05:00+00:00,3567.0840934009807,2017
R6B-347,E1,2017-07-18T09:10:00+00:00,3565.982357345832,2017
R6B-347,E1,2017-07-21T10:10:00+00:00,3570.855265269892,2017
R6B-347,E1,2017-07-24T08:05:00+00:00,3562.487668239227,2017
R6B-347,E1,2017-07-25T14:00:00+00:00,3554.607736125699,2017
R6B-347,E1,2017-07-27T09:55:00+00:00,3549.0665379284933,2017
R6B-347,E1,2017-08-01T10:30:00+00:00,3533.603980670922,2017
R6B-347,E1,2017-08-08T09:50:00+00:00,3535.5059281102185,2017
R6B-347,E1,2017-08-09T08:35:00+00:00,3546.765795331838,2017
R6B-347,E1,2017-08-10T13:45:00+00:00,3564.4813360389835,2017
R6B-347,E1,2017-08-11T08:25:00+00:00,3564.27906970824,2017
R6B-347,E1,2017-08-17T08:15:00+00:00,3572.248683023017,2017
R6B-347,E1,2017-08-18T15:05:00+00:00,3578.5609056087233,2017
R6B-347,E1,2017-08-21T14:20:00+00:00,3591.1224125679673,2017
R6B-347,E1,2017-08-28T08:35:00+00:00,3598.0145221629705,2017
R6B-347,E1,2017-08-29T15:00:00+00:00,3592.3007411328426,2017
R6B-347,E1,2017-08-30T10:45:00+00:00,3589.071009058751,2017
R6B-347,E1,2017-09-04T08:05:00+00:00,3592.275014222125,2017
R6B-347,E1,2017-09-05T09:05:00+00:00,3582.1306860778564,2017
R6B-347,E1,2017-09-07T13:40:00+00:00,3594.5321437759003,2017
R6B-347,E1,2017-09-08T10:30:00+00:00,3601.4200942146845,2017
R6B-347,E1,2017-09-14T15:30:00+00:00,3605.7402985554586,2017
R6B-347,E1,2017-09-20T09:40:00+00:00,3614.417404618712,2017
R6B-347,E1,2017-09-22T09:25:00+00:00,3612.954482577321,2017
R6B-347,E1,2017-09-26T11:50:00+00:00,3581.1183402450765,2017
R6B-347,E1,2017-09-29T15:35:00+00:00,3566.4245668151284,2017
R6B-347,E1,2017-10-04T08:20:00+00:00,3568.4068501054708,2017
R6B-347,E1,2017-10-09T09:05:00+00:00,3573.2890095178036,2017
R6B-347,E1,2017-10-10T09:20:00+00:00,3581.174177589594,2017
R6B-347,E1,2017-10-12T08:10:00+00:00,3586.339176795154,2017
R6B-347,E1,2017-10-13T10:20:00+00:00,3581.278994569595,2017
R6B-347,E1,2017-10-16T08:05:00+00:00,3582.009227839279,2017
R6B-347,E1,2017-10-18T09:45:00+00:00,3559.0102706862262,2017
R6B-347,E1,2017-10-19T15:30:00+00:00,3576.150522942284,2017
R6B-347,E1,2017-10-24T08:15:00+00:00,3559.7961107355814,2017
R6B-347,E1,2017-10-26T09:30:00+00:00,3549.6354058655215,2017
R6B-347,E1,2017-10-31T14:25:00+00:00,3526.380884235878,2017
R6B-347,E1,2017-11-01T14:00:00+00:00,3529.027777702601,2017
R6B-347,E1,2017-11-02T09:20:00+00:00,3520.118794359321,2017
R6B-347,E1,2017-11-03T08:15:00+00:00,3510.543403946402,2017
R6B-347,E1,2017-11-08T12:35:00+00:00,3515.4515461011956,2017
R6B-347,E1,2017-11-09T12:45:00+00:00,3521.875921880897,2017
R6B-347,E1,2017-11-13T13:40:00+00:00,3521.234259472576,2017
R6B-347,E1,2017-11-17T09:35:00+00:00,3521.451747454234,2017
R6B-347,E1,2017-11-21T10:35:00+00:00,3521.28940163357,2017
R6B-347,E1,2017-11-22T14:15:00+00:00,3531.9589410896756,2017
R6B-347,E1,2017-11-24T09:35:00+00:00,3524.703430759334,2017
R6B-347,E1,2017-11-27T09:45:00+00:00,3530.9746209832756,2017
R6B-347,E1,2017-11-29T11:15:00+00:00,3524.575969082059,2017
R6B-347,E1,2017-12-06T13:55:00+00:00,3516.806295977891,2017
R6B-347,E1,2017-12-11T13:35:00+00:00,3513.757337790135,2017
R6B-347,E1,2017-12-12T13:15:00+00:00,3507.683345776651,2017
R6B-347,E1,2017-12-14T09:25:00+00:00,3497.072289734495,2017
R6B-347,E1,2017-12-15T15:25:00+00:00,3491.366130360172,2017
R6B-347,E1,2017-12-18T13:15:00+00:00,3498.3159832924775,2017
R6B-347,E1,2017-12-19T12:15:00+00:00,3501.4753966532867,2017
R6B-347,E1,2017-12-20T09:25:00+00:00,3505.400940871449,2017
R6B-347,E1,2017-12-22T13:50:00+00:00,3506.8232238081755,2017
R6B-347,E1,2017-12-26T09:05:00+00:00,3509.1055309630133,2017
R6B-347,E1,2017-12-27T15:10:00+00:00,3509.920689984478,2017
R6B-347,E1,2017-12-28T10:50:00+00:00,3516.7670571652484,2017
R6B-347,E1,2017-12-29T09:15:00+00:00,3519.135753281341,2017
R6B-347,E1,2018-01-02T14:05:00+00:00,3533.7158644141305,2018
R6B-347,E1,2018-01-08T09:10:00+00:00,3518.936294786056,2018
R6B-347,E1,2018-01-12T08:15:00+00:00,3525.7480948534617,2018
R6B-347,E1,2018-01-15T09:15:00+00:00,3528.9486342283776,2018
R6B-347,E1,2018-01-17T08:05:00+00:00,3510.131043476045,2018
R6B-347,E1,2018-01-19T10:05:00+00:00,3518.832138072524,2018
R6B-347,E1,2018-01-23T09:25:00+00:00,3520.091910054678,2018
R6B-347,E1,2018-01-24T14:40:00+00:00,3548.585181183986,2018
R6B-347,E1,2018-01-25T11:30:00+00:00,3540.657479288037,2018
R6B-347,E1,2018-01-26T14:45:00+00:00,3533.4677626554353,2018
R6B-347,E1,2018-01-31T11:35:00+00:00,3534.3396372076736,2018
R6B-347,E1,2018-02-06T10:05:00+00:00,3530.455743275078,2018
R6B-347,E1,2018-02-07T11:00:00+00:00,3521.4328942708707,2018
R6B-347,E1,2018-02-12T09:10:00+00:00,3523.5301885367876,2018
R6B-347,E1,2018-02-13T12:25:00+00:00,3532.2037586439374,2018
R6B-347,E1,2018-02-14T09:05:00+00:00,3525.3394670468124,2018
R6B-347,E1,2018-02-16T10:25:00+00:00,3533.732104182917,2018
R6B-347,E1,2018-02-26T09:15:00+00:00,3553.7429817805073,2018
R6B-347,E1,2018-02-27T08:20:00+00:00,3554.5360531930573,2018
R6B-347,E1,2018-03-02T13:55:00+00:00,3565.2365283789195,2018
R6B-347,E1,2018-03-05T08:25:00+00:00,3572.1662707504265,2018
R6B-347,E1,2018-03-06T13:00:00+00:00,3583.60922713582,2018
R6B-347,E1,2018-03-08T14:50:00+00:00,3569.719020616654,2018
R6B-347,E1,2018-03-14T10:25:00+00:00,3559.323730988042,2018
R6B-347,E1,2018-03-15T08:40:00+00:00,3551.194884655591,2018
R6B-347,E1,2018-03-16T13:35:00+00:00,3547.067043173605,2018
R6B-347,E1,2018-03-21T09:50:00+00:00,3556.4510227734245,2018
R6B-347,E1,2018-03-23T08:30:00+00:00,3571.1568774817815,2018
R6B-347,E1,2018-03-27T12:35:00+00:00,3535.7885865993503,2018
R6B-347,E1,2018-03-28T09:30:00+00:00,3520.7197242056614,2018
R6B-347,E1,2018-04-02T08:05:00+00:00,3533.6889042089347,2018
R6B-347,E1,2018-04-04T10:10:00+00:00,3558.0786289877105,2018
R6B-347,E1,2018-04-06T09:15:00+00:00,3535.7090648912713,2018
R6B-347,E1,2018-04-11T14:10:00+00:00,3558.6318893617577,2018
R6B-347,E1,2018-04-13T10:15:00+00:00,3561.219457864938,2018
R6B-347,E1,2018-04-16T09:35:00+00:00,3553.5148258429654,2018
R6B-347,E1,2018-04-19T11:05:00+00:00,3537.5172489070324,2018
R6B-347,E1,2018-04-24T08:15:00+00:00,3535.783229950609,2018
R6B-347,E1,2018-04-26T10:15:00+00:00,3528.578152548282,2018
R6B-347,E1,2018-05-02T09:30:00+00:00,3533.3397410635653,2018
R6B-347,E1,2018-05-07T08:10:00+00:00,3524.8588954324086,2018
R6B-347,E1,2018-05-10T09:15:00+00:00,3527.1851879153046,2018
R6B-347,E1,2018-05-16T10:15:00+00:00,3515.914595999222,2018
R6B-347,E1,2018-05-17T10:15:00+00:00,3500.2308482843728,2018
R6B-347,E1,2018-05-18T15:05:00+00:00,3502.907816114027,2018
R6B-347,E1,2018-05-23T08:10:00+00:00,3496.45479929892,2018
R6B-347,E1,2018-05-24T08:05:00+00:00,3496.790984992593,2018
R6B-347,E1,2018-05-29T08:10:00+00:00,3492.2937550278602,2018
R6B-347,E1,2018-05-31T14:25:00+00:00,3489.587720015384,2018
R6B-347,E1,2018-06-05T15:00:00+00:00,3489.581044946445,2018
R6B-347,E1,2018-06-06T13:55:00+00:00,3493.211212412655,2018
R6B-347,E1,2018-06-07T13:45:00+00:00,3490.2315520369366,2018
R6B-347,E1,2018-06-08T16:00:00+00:00,3489.6761593477754,2018
R6B-347,E1,2018-06-11T09:30:00+00:00,3478.249946641411,2018
R6B-347,E1,2018-06-14T14:55:00+00:00,3487.3771181829625,2018
R6B-347,E1,2018-06-18T08:05:00+00:00,3483.2877548383044,2018
R6B-347,E1,2018-06-19T08:05:00+00:00,3482.5983397418604,2018
R6B-347,E1,2018-06-22T14:30:00+00:00,3480.084301864643,2018
R6B-347,E1,2018-06-25T08:05:00+00:00,3470.0142712725583,2018
R6B-347,E1,2018-06-29T12:00:00+00:00,3473.158772269505,2018
R6B-347,E1,2018-07-03T15:10:00+00:00,3502.5257343214257,2018
R6B-347,E1,2018-07-04T08:15:00+00:00,3502.580954697305,2018
R6B-347,E1,2018-07-09T08:05:00+00:00,3513.9542352799494,2018
R6B-347,E1,2018-07-10T09:35:00+00:00,3494.7371438063215,2018
R6B-347,E1,2018-07-12T12:45:00+00:00,3497.1460409362467,2018
R6B-347,E1,2018-07-16T08:45:00+00:00,3497.3019709738073,2018
R6B-347,E1,2018-07-17T11:55:00+00:00,3494.586628132959,2018
R6B-347,E1,2018-07-18T09:50:00+00:00,3476.082613653475,2018
R6B-347,E1,2018-07-23T08:05:00+00:00,3469.8258545051854,2018
R6B-347,E1,2018-07-25T08:45:00+00:00,3475.1323540105036,2018
R6B-347,E1,2018-07-26T08:05:00+00:00,3457.9409467843975,2018
R6B-347,E1,2018-07-27T15:25:00+00:00,3454.8442997174816,2018
R6B-347,E1,2018-08-06T09:35:00+00:00,3438.1458610163227,2018
R6B-347,E1,2018-08-07T12:05:00+00:00,3450.7501337500235,2018
R6B-347,E1,2018-08-08T09:35:00+00:00,3443.867838174821,2018
R6B-347,E1,2018-08-09T08:25:00+00:00,3434.3314543067913,2018
R6B-347,E1,2018-08-14T09:45:00+00:00,3431.223577767199,2018
R6B-347,E1,2018-08-16T13:35:00+00:00,3433.6990686176487,2018
R6B-347,E1,2018-08-17T09:15:00+00:00,3430.645618082126,2018
R6B-347,E1,2018-08-20T10:25:00+00:00,3433.1926951107284,2018
R6B-347,E1,2018-08-21T08:10:00+00:00,3437.4432870591613,2018
R6B-347,E1,2018-08-22T08:25:00+00:00,3426.371170348406,2018
R6B-347,E1,2018-08-24T11:45:00+00:00,3441.1740032734747,2018
R6B-347,E1,2018-08-28T08:15:00+00:00,3444.0935573519564,2018
R6B-347,E1,2018-08-29T10:25:00+00:00,3444.298229330042,2018
R6B-347,E1,2018-08-31T09:35:00+00:00,3459.7325380626726,2018
R6B-347,E1,2018-09-03T14:15:00+00:00,3456.774420666548,2018
R6B-347,E1,2018-09-05T10:25:00+00:00,3454.214867503935,2018
R6B-347,E1,2018-09-06T08:05:00+00:00,3458.2129047790145,2018
R6B-347,E1,2018-09-07T08:35:00+00:00,3454.707072897771,2018
R6B-347,E1,2018-09-11T14:30:00+00:00,3441.139137015156,2018
R6B-347,E1,2018-09-14T10:15:00+00:00,3443.4881060371476,2018
R6B-347,E1,2018-09-17T16:00:00+00:00,3459.7199580828446,2018
R6B-347,E1,2018-09-19T11:20:00+00:00,3465.7831633688497,2018
R6B-347,E1,2018-09-20T09:10:00+00:00,3457.9643923180556,2018
R6B-347,E1,2018-09-21T08:20:00+00:00,3455.57981024901,2018
R6B-347,E1,2018-09-25T14:20:00+00:00,3460.3947578014686,2018
R6B-347,E1,2018-09-26T13:30:00+00:00,3438.5926211581736,2018
R6B-347,E1,2018-09-27T11:30:00+00:00,3424.5237854946313,2018
R6B-347,E1,2018-10-02T09:10:00+00:00,3429.481407382479,2018
R6B-347,E1,2018-10-03T08:10:00+00:00,3418.197447771365,2018
R6B-347,E1,2018-10-04T15:30:00+00:00,3424.8200274967267,2018
R6B-347,E1,2018-10-09T08:05:00+00:00,3420.0926208474702,2018
R6B-347,E1,2018-10-10T09:05:00+00:00,3405.558223465329,2018
R6B-347,E1,2018-10-11T15:10:00+00:00,3471.571018584075,2018
R6B-347,E1,2018-10-15T08:10:00+00:00,3488.982698586631,2018
R6B-347,E1,2018-10-19T09:15:00+00:00,3485.339654512125,2018
R6B-347,E1,2018-10-22T08:10:00+00:00,3473.7925755051238,2018
R6B-347,E1,2018-10-23T10:10:00+00:00,3501.1988120141323,2018
R6B-347,E1,2018-10-25T08:05:00+00:00,3489.0151759908217,2018
R6B-347,E1,2018-10-26T15:15:00+00:00,3509.5686695712197,2018
R6B-347,E1,2018-11-01T08:25:00+00:00,3529.855800110258,2018
R6B-347,E1,2018-11-02T15:35:00+00:00,3525.670202469286,2018
R6B-347,E1,2018-11-05T08:05:00+00:00,3519.7845358780946,2018
R6B-347,E1,2018-11-06T16:00:00+00:00,3509.9001791429905,2018
R6B-347,E1,2018-11-07T08:20:00+00:00,3517.5389660718506,2018
R6B-347,E1,2018-11-13T09:40:00+00:00,3503.177325550963,2018
R6B-347,E1,2018-11-14T10:05:00+00:00,3483.352527322793,2018
R6B-347,E1,2018-11-15T14:10:00+00:00,3487.7332955103357,2018
R6B-347,E1,2018-11-16T09:25:00+00:00,3487.6286371786105,2018
R6B-347,E1,2018-11-20T15:25:00+00:00,3477.093788657115,2018
R6B-347,E1,2018-11-21T14:55:00+00:00,3487.691828151798,2018
R6B-347,E1,2018-11-22T11:10:00+00:00,3488.037631427524,2018
R6B-347,E1,2018-11-23T09:35:00+00:00,3472.902553544697,2018
R6B-347,E1,2018-11-26T08:05:00+00:00,3480.2936673939525,2018
R6B-347,E1,2018-11-29T10:45:00+00:00,3487.2163092940805,2018
R6B-347,E1,2018-12-03T09:10:00+00:00,3508.8640072507587,2018
R6B-347,E1,2018-12-04T09:55:00+00:00,3523.661725266905,2018
R6B-347,E1,2018-12-06T08:50:00+00:00,3511.8373928963993,2018
R6B-347,E1,2018-12-07T11:25:00+00:00,3516.1686330853718,2018
R6B-347,E1,2018-12-10T09:30:00+00:00,3504.3927196923164,2018
R6B-347,E1,2018-12-11T09:25:00+00:00,3511.9155292618702,2018
R6B-347,E1,2018-12-12T09:15:00+00:00,3506.2511525137006,2018
R6B-347,E1,2018-12-17T15:20:00+00:00,3513.8310817411566,2018
R6B-347,E1,2018-12-18T11:45:00+00:00,3514.674914445896,2018
R6B-347,E1,2018-12-19T08:10:00+00:00,3512.4612014672884,2018
R6B-347,E1,2018-12-20T14:20:00+00:00,3549.565160278711,2018
R6B-347,E1,2018-12-24T08:05:00+00:00,3553.9793205274786,2018
R6B-347,E1,2018-12-26T09:55:00+00:00,3555.2835407075904,2018
R6B-347,E1,2018-12-28T13:55:00+00:00,3552.496624620182,2018
R6B-347,E1,2018-12-31T16:00:00+00:00,3549.2237096282556,2018
R6B-347,E1,2019-01-02T11:00:00+00:00,3560.646478959005,2019
R6B-347,E1,2019-01-03T14:25:00+00:00,3552.2686716305066,2019
R6B-347,E1,2019-01-04T08:05:00+00:00,3547.637295512865,2019
R6B-347,E1,2019-01-07T09:20:00+00:00,3558.0748631890074,2019
R6B-347,E1,2019-01-10T10:35:00+00:00,3551.5166018982322,2019
R6B-347,E1,2019-01-11T09:40:00+00:00,3560.2061139199195,2019
R6B-347,E1,2019-01-14T09:35:00+00:00,3565.0982357264197,2019
R6B-347,E1,2019-01-15T09:55:00+00:00,3551.8170478280745,2019
R6B-347,E1,2019-01-16T13:55:00+00:00,3546.140774630476,2019
R6B-347,E1,2019-01-17T09:25:00+00:00,3542.09893001672,2019
R6B-347,E1,2019-01-22T15:25:00+00:00,3538.420935742275,2019
R6B-347,E1,2019-01-25T11:05:00+00:00,3540.9469882819044,2019
R6B-347,E1,2019-01-28T13:25:00+00:00,3528.1958091353567,2019
R6B-347,E1,2019-01-29T09:00:00+00:00,3537.769215802139,2019
R6B-347,E1,2019-01-30T09:35:00+00:00,3535.9275065712823,2019
R6B-347,E1,2019-01-31T13:45:00+00:00,3546.8560132399966,2019
R6B-347,E1,2019-02-05T11:00:00+00:00,3543.048578681025,2019
R6B-347,E1,2019-02-06T08:25:00+00:00,3540.378247407054,2019
R6B-347,E1,2019-02-12T14:15:00+00:00,3543.047204375628,2019
R6B-347,E1,2019-02-13T10:20:00+00:00,3540.6168844912163,2019
R6B-347,E1,2019-02-15T14:25:00+00:00,3552.007418600542,2019
R6B-347,E1,2019-02-18T09:05:00+00:00,3549.195179841918,2019
R6B-347,E1,2019-02-20T09:20:00+00:00,3547.8315199013787,2019
R6B-347,E1,2019-02-25T11:00:00+00:00,3541.9214696996087,2019
R6B-347,E1,2019-02-26T10:35:00+00:00,3536.8221502614765,2019
R6B-347,E1,2019-02-27T08:30:00+00:00,3525.128178260818,2019
R6B-347,E1,2019-02-28T15:25:00+00:00,3506.3998531891457,2019
R6B-347,E1,2019-03-05T11:15:00+00:00,3495.486904199955,2019
R6B-347,E1,2019-03-06T08:05:00+00:00,3493.849952573716,2019
R6B-347,E1,2019-03-07T08:20:00+00:00,3480.035039840621,2019
R6B-347,E1,2019-03-08T10:55:00+00:00,3495.326094205273,2019
R6B-347,E1,2019-03-11T13:50:00+00:00,3485.0698395697614,2019
R6B-347,E1,2019-03-12T09:15:00+00:00,3486.992279317659,2019
R6B-347,E1,2019-03-13T08:30:00+00:00,3493.789249573235,2019
R6B-347,E1,2019-03-15T11:00:00+00:00,3503.710908169934,2019
R6B-347,E1,2019-03-18T14:50:00+00:00,3508.6077489760382,2019
R6B-347,E1,2019-03-19T08:30:00+00:00,3508.0689005221693,2019
R6B-347,E1,2019-03-21T09:35:00+00:00,3508.1528736087016,2019
R6B-347,E1,2019-03-22T09:40:00+00:00,3514.394061627904,2019
R6B-347,E1,2019-03-25T09:15:00+00:00,3518.1222305901483,2019
R6B-347,E1,2019-03-27T08:20:00+00:00,3509.2628405857313,2019
R6B-347,E1,2019-03-28T13:10:00+00:00,3469.1469654714665,2019
R6B-347,E1,2019-03-29T08:25:00+00:00,3456.485189972466,2019
R6B-347,E1,2019-04-02T14:15:00+00:00,3457.8764230578063,2019
R6B-347,E1,2019-04-03T13:30:00+00:00,3444.4976098539255,2019
R6B-347,E1,2019-04-04T08:05:00+00:00,3443.623366189589,2019
R6B-347,E1,2019-04-08T08:20:00+00:00,3452.5572099927113,2019
R6B-347,E1,2019-04-09T08:50:00+00:00,3457.179901078235,2019
R6B-347,E1,2019-04-17T13:35:00+00:00,3447.8199845044314,2019
R6B-347,E1,2019-04-18T16:00:00+00:00,3442.5810759523542,2019
R6B-347,E1,2019-04-22T08:05:00+00:00,3445.837953825605,2019
R6B-347,E1,2019-04-23T09:35:00+00:00,3436.8447351238165,2019
R6B-347,E1,2019-04-24T16:00:00+00:00,3448.6014435562156,2019
R6B-347,E1,2019-04-25T11:05:00+00:00,3448.1190315453905,2019
R6B-347,E1,2019-04-26T08:05:00+00:00,3455.102722129942,2019
R6B-347,E1,2019-04-30T08:05:00+00:00,3460.828014451739,2019
R6B-347,E1,2019-05-03T11:35:00+00:00,3453.383313951417,2019
R6B-347,E1,2019-05-06T08:05:00+00:00,3446.433228683943,2019
R6B-347,E1,2019-05-07T08:05:00+00:00,3441.1660949577335,2019
R6B-347,E1,2019-05-08T09:00:00+00:00,3442.3442797005946,2019
R6B-347,E1,2019-05-09T08:20:00+00:00,3450.7277183452343,2019
R6B-347,E1,2019-05-10T12:15:00+00:00,3445.883549100242,2019
R6B-347,E1,2019-05-14T08:05:00+00:00,3432.612589060309,2019
R6B-347,E1,2019-05-15T08:10:00+00:00,3429.162599664049,2019
R6B-347,E1,2019-05-16T15:10:00+00:00,3401.7848540223426,2019
R6B-347,E1,2019-05-17T13:40:00+00:00,3383.7859420183136,2019
R6B-347,E1,2019-05-22T08:05:00+00:00,3376.900497530827,2019
R6B-347,E1,2019-05-23T14:05:00+00:00,3401.6456548283154,2019
R6B-347,E1,2019-05-24T14:20:00+00:00,3394.1496019737065,2019
R6B-347,E1,2019-05-27T09:10:00+00:00,3395.5430822578187,2019
R6B-347,E1,2019-05-28T08:10:00+00:00,3386.3239037208446,2019
R6B-347,E1,2019-05-29T08:15:00+00:00,3394.3032920769597,2019
R6B-347,E1,2019-05-31T08:10:00+00:00,3402.798619397342,2019
R6B-347,E1,2019-06-03T08:05:00+00:00,3417.2629632499543,2019
R6B-347,E1,2019-06-04T15:10:00+00:00,3397.058714612463,2019
R6B-347,E1,2019-06-05T14:05:00+00:00,3413.536838920781,2019
R6B-347,E1,2019-06-06T15:35:00+00:00,3418.0132260538617,2019
R6B-347,E1,2019-06-07T15:45:00+00:00,3435.402925085347,2019
R6B-347,E1,2019-06-12T09:45:00+00:00,3456.9101858658228,2019
R6B-347,E1,2019-06-13T09:55:00+00:00,3458.369347773719,2019
R6B-347,E1,2019-06-14T08:05:00+00:00,3483.77880611277,2019
R6B-347,E1,2019-06-17T11:15:00+00:00,3462.2540129896997,2019
R6B-347,E1,2019-06-18T09:25:00+00:00,3470.4506872609886,2019
R6B-347,E1,2019-06-19T13:10:00+00:00,3461.165193800915,2019
R6B-347,E1,2019-06-20T08:30:00+00:00,3505.701558837854,2019
R6B-347,E1,2019-06-21T08:15:00+00:00,3484.6579184576467,2019
R6B-347,E1,2019-06-24T08:05:00+00:00,3473.9252018892757,2019
R6B-347,E1,2019-06-25T08:15:00+00:00,3488.9884648449442,2019
R6B-347,E1,2019-06-28T08:10:00+00:00,3491.024896101474,2019
R6B-347,E1,2019-07-02T09:05:00+00:00,3497.9341107830364,2019
R6B-347,E1,2019-07-04T09:45:00+00:00,3481.8904444492655,2019
R6B-347,E1,2019-07-08T13:20:00+00:00,3477.450578203258,2019
R6B-347,E1,2019-07-09T12:55:00+00:00,3467.278280964705,2019
R6B-347,E1,2019-07-11T08:05:00+00:00,3462.0921351863913,2019
R6B-347,E1,2019-07-12T15:25:00+00:00,3455.8510837266927,2019
R6B-347,E1,2019-07-22T10:40:00+00:00,3451.185643715448,2019
R6B-347,E1,2019-07-24T10:50:00+00:00,3461.961967939945,2019
R6B-347,E1,2019-07-25T15:25:00+00:00,3439.7696608158653,2019
R6B-347,E1,2019-07-26T15:00:00+00:00,3442.466992122445,2019
R6B-347,E1,2019-07-29T08:05:00+00:00,3436.735119019821,2019
R6B-347,E1,2019-08-05T09:35:00+00:00,3457.62538651694,2019
R6B-347,E1,2019-08-07T08:10:00+00:00,3473.752316275436,2019
R6B-347,E1,2019-08-13T13:35:00+00:00,3467.069367095905,2019
R6B-347,E1,2019-08-26T08:05:00+00:00,3428.5032028459723,2019
R6B-347,E1,2019-08-27T14:00:00+00:00,3429.971006289188,2019
R6B-347,E1,2019-08-29T09:45:00+00:00,3416.726535158673,2019
R6B-347,E1,2019-08-30T13:40:00+00:00,3411.6639923393905,2019
R6B-347,E1,2019-09-02T08:05:00+00:00,3395.5194622023473,2019
R6B-347,E1,2019-09-03T15:15:00+00:00,3439.6714984418722,2019
R6B-347,E1,2019-09-11T13:35:00+00:00,3429.917397545691,2019
R6B-347,E1,2019-09-12T14:55:00+00:00,3458.038724902404,2019
R6B-347,E1,2019-09-13T14:40:00+00:00,3436.0764980757344,2019
R6B-347,E1,2019-09-16T08:05:00+00:00,3424.60422390732,2019
R6B-347,E1,2019-09-19T12:55:00+00:00,3437.9387943053166,2019
R6B-347,E1,2019-09-20T09:35:00+00:00,3441.780023869231,2019
R6B-347,E1,2019-09-23T10:00:00+00:00,3440.3392596136846,2019
R6B-347,E1,2019-09-24T15:40:00+00:00,3448.781570396808,2019
R6B-347,E1,2019-09-26T08:10:00+00:00,3448.709917738198,2019
R6B-347,E1,2019-10-03T14:20:00+00:00,3471.6449458511515,2019
R6B-347,E1,2019-10-04T10:55:00+00:00,3468.345535774052,2019
R6B-347,E1,2019-10-07T09:20:00+00:00,3449.699658531978,2019
R6B-347,E1,2019-10-08T15:45:00+00:00,3468.8353936368107,2019
R6B-347,E1,2019-10-09T15:25:00+00:00,3460.8110010938285,2019
R6B-347,E1,2019-10-11T10:55:00+00:00,3454.870952572179,2019
R6B-347,E1,2019-10-14T15:10:00+00:00,3458.8277355129885,2019
R6B-347,E1,2019-10-15T09:50:00+00:00,3457.0487453128785,2019
R6B-347,E1,2019-10-16T08:40:00+00:00,3454.8560997437216,2019
R6B-347,E1,2019-10-17T08:45:00+00:00,3444.5397356857825,2019
R6B-347,E1,2019-10-21T13:45:00+00:00,3438.975291477273,2019
R6B-347,E1,2019-10-22T12:50:00+00:00,3440.1212108697378,2019
R6B-347,E1,2019-10-23T08:05:00+00:00,3446.578736939675,2019
R6B-347,E1,2019-10-25T13:40:00+00:00,3463.890172094596,2019
R6B-347,E1,2019-10-28T14:50:00+00:00,3425.8174213454836,2019
R6B-347,E1,2019-10-29T15:05:00+00:00,3411.4093029167993,2019
R6B-347,E1,2019-10-31T09:20:00+00:00,3425.2695837624788,2019
R6B-347,E1,2019-11-06T08:30:00+00:00,3425.172549072931,2019
R6B-347,E1,2019-11-08T14:20:00+00:00,3404.6346654016106,2019
R6B-347,E1,2019-11-11T15:35:00+00:00,3372.846715757746,2019
R6B-347,E1,2019-11-13T12:20:00+00:00,3383.914324156096,2019
R6B-347,E1,2019-11-14T12:05:00+00:00,3387.5782444447173,2019
R6B-347,E1,2019-11-19T08:45:00+00:00,3373.3098518850006,2019
R6B-347,E1,2019-11-20T13:35:00+00:00,3359.620136447699,2019
R6B-347,E1,2019-11-22T13:40:00+00:00,3366.271712035951,2019
R6B-347,E1,2019-11-26T12:45:00+00:00,3368.8092951318567,2019
R6B-347,E1,2019-11-28T08:50:00+00:00,3364.6886732431476,2019
R6B-347,E1,2019-11-29T09:35:00+00:00,3363.295692132425,2019
R6B-347,E1,2019-12-04T11:10:00+00:00,3354.6829367380956,2019
R6B-347,E1,2019-12-05T09:45:00+00:00,3349.567810153742,2019
R6B-347,E1,2019-12-09T14:45:00+00:00,3348.3185554067068,2019
R6B-347,E1,2019-12-10T13:35:00+00:00,3354.143731185354,2019
R6B-347,E1,2019-12-11T15:40:00+00:00,3365.319951601453,2019
R6B-347,E1,2019-12-16T13:50:00+00:00,3368.6519867687284,2019
R6B-347,E1,2019-12-17T12:30:00+00:00,3371.26382689849,2019
R6B-347,E1,2019-12-18T12:35:00+00:00,3367.8437185995754,2019
R6B-347,E1,2019-12-19T09:35:00+00:00,3360.406270497174,2019
R6B-347,E1,2019-12-23T09:05:00+00:00,3369.4227178785627,2019
R6B-347,E1,2019-12-24T09:50:00+00:00,3378.1392655225113,2019
R6B-347,E1,2019-12-26T09:55:00+00:00,3385.0942786338096,2019
R6B-347,E1,2019-12-27T10:35:00+00:00,3379.9123990308763,2019
R6B-347,E1,2019-12-30T11:15:00+00:00,3369.192656078264,2019
R6B-347,E1,2019-12-31T09:05:00+00:00,3382.518463964245,2019
R6B-347,E1,2020-01-03T08:10:00+00:00,3411.5341207578485,2020
R6B-347,E1,2020-01-06T08:05:00+00:00,3420.8908232113413,2020
R6B-347,E1,2020-01-07T14:05:00+00:00,3422.7945357802823,2020
R6B-347,E1,2020-01-08T08:15:00+00:00,3393.489380210335,2020
R6B-347,E1,2020-01-15T10:30:00+00:00,3395.067102153165,2020
R6B-347,E1,2020-01-17T11:55:00+00:00,3397.4391136231925,2020
R6B-347,E1,2020-01-20T13:30:00+00:00,3397.0342877982594,2020
R6B-347,E1,2020-01-21T08:05:00+00:00,3393.6704826130326,2020
R6B-347,E1,2020-01-27T08:05:00+00:00,3384.998650284739,2020
R6B-347,E1,2020-01-30T09:15:00+00:00,3384.546218518551,2020
R6B-347,E1,2020-01-31T15:45:00+00:00,3402.622209869953,2020
R6B-347,E1,2020-02-05T08:50:00+00:00,3399.5296068026605,2020
R6B-347,E1,2020-02-06T15:05:00+00:00,3410.0938527168423,2020
R6B-347,E1,2020-02-07T08:45:00+00:00,3401.9633825091732,2020
R6B-347,E1,2020-02-10T08:05:00+00:00,3396.7086991497313,2020
R6B-347,E1,2020-02-13T08:40:00+00:00,3399.6069853013687,2020
R6B-347,E1,2020-02-18T08:40:00+00:00,3402.528637622565,2020
R6B-347,E1,2020-02-19T09:10:00+00:00,3411.613621757752,2020
R6B-347,E1,2020-02-21T10:10:00+00:00,3433.253067885577,2020
R6B-347,E1,2020-02-24T08:05:00+00:00,3448.931957890779,2020
R6B-347,E1,2020-02-26T15:05:00+00:00,3423.5703157392068,2020
R6B-347,E1,2020-02-27T10:05:00+00:00,3413.113591708051,2020
R6B-347,E1,2020-03-02T08:55:00+00:00,3428.650584365146,2020
R6B-347,E1,2020-03-03T12:25:00+00:00,3430.207922435278,2020
R6B-347,E1,2020-03-05T15:00:00+00:00,3463.6387853508054,2020
R6B-347,E1,2020-03-06T08:45:00+00:00,3463.4504607857975,2020
R6B-347,E1,2020-03-09T08:05:00+00:00,3426.0492317334883,2020
R6B-347,E1,2020-03-11T12:30:00+00:00,3440.7848224494996,2020
R6B-347,E1,2020-03-12T09:05:00+00:00,3427.847600436943,2020
R6B-347,E1,2020-03-13T13:40:00+00:00,3411.55612599815,2020
R6B-347,E1,2020-03-16T08:05:00+00:00,3355.22151591548,2020
R6B-347,E1,2020-03-20T09:50:00+00:00,3407.0205313855363,2020
R6B-347,E1,2020-03-23T08:35:00+00:00,3376.0908705236307,2020
R6B-347,E1,2020-03-24T08:55:00+00:00,3406.2471467575806,2020
R6B-347,E1,2020-04-01T12:10:00+00:00,3401.521823015895,2020
R6B-347,E1,2020-04-02T15:15:00+00:00,3417.671675563241,2020
R6B-347,E1,2020-04-06T14:15:00+00:00,3467.55768686114,2020
R6B-347,E1,2020-04-08T15:20:00+00:00,3456.3871510881854,2020
R6B-347,E1,2020-04-09T14:05:00+00:00,3516.697978603956,2020
R6B-347,E1,2020-04-13T08:05:00+00:00,3519.0541310808535,2020
R6B-347,E1,2020-04-21T15:00:00+00:00,3494.632700317862,2020
R6B-347,E1,2020-04-22T15:50:00+00:00,3520.6593410303453,2020
R6B-347,E1,2020-04-29T09:55:00+00:00,3507.2979618595614,2020
R6B-347,E1,2020-04-30T14:15:00+00:00,3474.8215405885476,2020
R6B-347,E1,2020-05-04T14:30:00+00:00,3486.7955566001783,2020
R6B-347,E1,2020-05-07T08:05:00+00:00,3484.115179928155,2020
R6B-347,E1,2020-05-11T09:40:00+00:00,3465.080320154309,2020
R6B-347,E1,2020-05-12T10:55:00+00:00,3472.6562214935425,2020
R6B-347,E1,2020-05-15T14:05:00+00:00,3471.018580556054,2020
R6B-347,E1,2020-05-18T08:05:00+00:00,3478.8384072320077,2020
R6B-347,E1,2020-05-19T08:45:00+00:00,3476.756983086887,2020
R6B-347,E1,2020-05-20T09:05:00+00:00,3474.7210846838634,2020
R6B-347,E1,2020-05-22T08:10:00+00:00,3493.937543669997,2020
R6B-347,E1,2020-05-26T08:45:00+00:00,3484.2036402723575,2020
R6B-347,E1,2020-05-27T09:05:00+00:00,3462.3966839049926,2020
R6B-347,E1,2020-05-28T12:25:00+00:00,3474.3741096066137,2020
R6B-347,E1,2020-06-01T08:05:00+00:00,3473.860548573865,2020
R6B-347,E1,2020-06-04T09:30:00+00:00,3481.769206474351,2020
R6B-347,E1,2020-06-08T09:15:00+00:00,3494.4124261120087,2020
R6B-347,E1,2020-06-09T09:20:00+00:00,3507.7753617448907,2020
R6B-347,E1,2020-06-10T09:05:00+00:00,3512.0868798553724,2020
R6B-347,E1,2020-06-12T14:10:00+00:00,3526.1962797305773,2020
R6B-347,E1,2020-06-16T10:00:00+00:00,3525.939263138919,2020
R6B-347,E1,2020-06-19T10:00:00+00:00,3535.924472155045,2020
R6B-347,E1,2020-06-22T08:05:00+00:00,3528.7167964501477,2020
R6B-347,E1,2020-06-23T09:25:00+00:00,3525.169597674063,2020
R6B-347,E1,2020-06-25T14:45:00+00:00,3511.883893605962,2020
R6B-347,E1,2020-06-29T08:45:00+00:00,3503.1383590678183,2020
R6B-347,E1,2020-07-01T15:15:00+00:00,3454.3850850847302,2020
R6B-347,E1,2020-07-06T08:10:00+00:00,3453.299129575292,2020
R6B-347,E1,2020-07-09T12:25:00+00:00,3444.8973960749117,2020
R6B-347,E1,2020-07-13T08:10:00+00:00,3450.648883561715,2020
R6B-347,E1,2020-07-15T08:10:00+00:00,3451.5006519192816,2020
R6B-347,E1,2020-07-17T13:35:00+00:00,3466.7423435933615,2020
R6B-347,E1,2020-07-20T13:35:00+00:00,3473.057702159648,2020
R6B-347,E1,2020-07-21T11:20:00+00:00,3485.7215187094166,2020
R6B-347,E1,2020-07-22T09:05:00+00:00,3485.239811905374,2020
R6B-347,E1,2020-07-23T08:10:00+00:00,3489.3261117221573,2020
R6B-347,E1,2020-07-24T15:15:00+00:00,3505.2293148751737,2020
R6B-347,E1,2020-07-27T08:05:00+00:00,3539.514716405616,2020
R6B-347,E1,2020-07-28T09:05:00+00:00,3472.2249060996414,2020
R6B-347,E1,2020-07-31T08:45:00+00:00,3498.691353545342,2020
R6B-347,E1,2020-08-03T08:05:00+00:00,3484.514730316729,2020
R6B-347,E1,2020-08-04T09:30:00+00:00,3481.4287078242082,2020
R6B-347,E1,2020-08-05T14:55:00+00:00,3497.8815019907393,2020
R6B-347,E1,2020-08-06T13:00:00+00:00,3513.155264964226,2020
R6B-347,E1,2020-08-12T15:35:00+00:00,3533.6856538562092,2020
R6B-347,E1,2020-08-17T14:10:00+00:00,3584.3762772511327,2020
R6B-347,E1,2020-08-18T09:50:00+00:00,3605.8154522747377,2020
R6B-347,E1,2020-08-20T11:20:00+00:00,3576.1992886978155,2020
R6B-347,E1,2020-08-21T08:05:00+00:00,3543.647716455718,2020
R6B-347,E1,2020-08-24T15:10:00+00:00,3521.348405461247,2020
R6B-347,E1,2020-08-25T09:40:00+00:00,3503.667311387097,2020
R6B-347,E1,2020-08-28T11:05:00+00:00,3536.6429918141666,2020
R6B-347,E1,2020-08-31T08:05:00+00:00,3501.858368669502,2020
R6B-347,E1,2020-09-01T09:40:00+00:00,3524.886643309677,2020
R6B-347,E1,2020-09-03T10:00:00+00:00,3492.6642331194935,2020
R6B-347,E1,2020-09-04T09:50:00+00:00,3489.395368741437,2020
R6B-347,E1,2020-09-07T10:05:00+00:00,3465.21423116723,2020
R6B-347,E1,2020-09-08T14:05:00+00:00,3421.075809102731,2020
R6B-347,E1,2020-09-09T13:35:00+00:00,3439.875028825733,2020
R6B-347,E1,2020-09-14T09:10:00+00:00,3442.3596130129667,2020
R6B-347,E1,2020-09-15T09:50:00+00:00,3448.485702550021,2020
R6B-347,E1,2020-09-16T10:05:00+00:00,3461.2414243697276,2020
R6B-347,E1,2020-09-18T08:10:00+00:00,3464.9524177733106,2020
R6B-347,E1,2020-09-22T08:15:00+00:00,3431.27427391928,2020
R6B-347,E1,2020-09-25T12:35:00+00:00,3402.160218352447,2020
R6B-347,E1,2020-09-29T08:15:00+00:00,3392.886159928942,2020
R6B-347,E1,2020-10-01T10:55:00+00:00,3398.838024558089,2020
R6B-347,E1,2020-10-02T13:45:00+00:00,3383.5957667061434,2020
R6B-347,E1,2020-10-07T13:15:00+00:00,3389.3698904731314,2020
R6B-347,E1,2020-10-08T13:40:00+00:00,3404.680593266021,2020
R6B-347,E1,2020-10-09T08:10:00+00:00,3430.4201166726602,2020
R6B-347,E1,2020-10-12T13:50:00+00:00,3415.3031594208032,2020
R6B-347,E1,2020-10-14T11:00:00+00:00,3419.4503674833127,2020
R6B-347,E1,2020-10-15T15:45:00+00:00,3424.107981906058,2020
R6B-347,E1,2020-10-16T09:05:00+00:00,3423.007618580114,2020
R6B-347,E1,2020-10-19T13:35:00+00:00,3429.591048715262,2020
R6B-347,E1,2020-10-21T08:20:00+00:00,3440.3005734404696,2020
R6B-347,E1,2020-10-23T15:45:00+00:00,3419.480737053881,2020
R6B-347,E1,2020-10-27T08:55:00+00:00,3410.258826809031,2020
R6B-347,E1,2020-10-28T12:45:00+00:00,3354.455839894821,2020
R6B-347,E1,2020-10-29T11:30:00+00:00,3347.461196436984,2020
R6B-347,E1,2020-10-30T09:45:00+00:00,3350.9624458477847,2020
R6B-347,E1,2020-11-02T09:55:00+00:00,3357.917987377263,2020
R6B-347,E1,2020-11-03T09:55:00+00:00,3362.209063343677,2020
R6B-347,E1,2020-11-05T08:05:00+00:00,3367.023690916707,2020
R6B-347,E1,2020-11-09T08:05:00+00:00,3369.9322683432597,2020
R6B-347,E1,2020-11-10T08:05:00+00:00,3396.5294065990474,2020
R6B-347,E1,2020-11-11T10:45:00+00:00,3385.6038787959833,2020
R6B-347,E1,2020-11-12T09:45:00+00:00,3388.7335584984767,2020
R6B-347,E1,2020-11-16T09:15:00+00:00,3388.0156572875358,2020
R6B-347,E1,2020-11-20T13:30:00+00:00,3383.9297936273056,2020
R6B-347,E1,2020-11-23T09:15:00+00:00,3373.461226282505,2020
R6B-347,E1,2020-11-25T09:05:00+00:00,3371.2080031534306,2020
R6B-347,E1,2020-11-26T09:35:00+00:00,3372.615117593022,2020
R6B-347,E1,2020-11-27T08:40:00+00:00,3365.3444253641733,2020
R6B-347,E1,2020-12-01T10:55:00+00:00,3393.156586232112,2020
R6B-347,E1,2020-12-03T11:20:00+00:00,3403.835245317177,2020
R6B-347,E1,2020-12-04T08:45:00+00:00,3401.2937236439284,2020
R6B-347,E1,2020-12-07T13:25:00+00:00,3388.190239969315,2020
R6B-347,E1,2020-12-08T10:20:00+00:00,3383.829480091921,2020
R6B-347,E1,2020-12-11T08:05:00+00:00,3377.6390049781576,2020
R6B-347,E1,2020-12-15T10:05:00+00:00,3404.584131791352,2020
R6B-347,E1,2020-12-16T10:35:00+00:00,3413.6257962618224,2020
R6B-347,E1,2020-12-17T09:30:00+00:00,3432.3868017721043,2020
R6B-347,E1,2020-12-21T08:15:00+00:00,3448.9963653946006,2020
R6B-347,E1,2020-12-22T10:35:00+00:00,3430.6839423441506,2020
R6B-347,E1,2020-12-23T13:15:00+00:00,3422.3693450133105,2020
R6B-347,E1,2020-12-24T09:15:00+00:00,3425.7192455730087,2020
R6B-347,E1,2020-12-28T08:05:00+00:00,3419.4939991457177,2020
R6B-347,E1,2020-12-29T09:05:00+00:00,3413.0429092550935,2020
R6B-347,E1,2020-12-30T09:35:00+00:00,3405.9550954118245,2020
R6B-347,E1,2020-12-31T08:20:00+00:00,3398.3414757029595,2020
R6B-347,E1,2021-01-04T08:05:00+00:00,3425.458881642353,2021
R6B-347,E1,2021-01-06T09:05:00+00:00,3423.007182811389,2021
R6B-347,E1,2021-01-07T14:45:00+00:00,3388.105202304748,2021
R6B-347,E1,2021-01-12T11:20:00+00:00,3405.844602217195,2021
R6B-347,E1,2021-01-13T08:05:00+00:00,3399.25112228764,2021
R6B-347,E1,2021-01-18T10:40:00+00:00,3403.5802693610663,2021
R6B-347,E1,2021-01-19T08:50:00+00:00,3410.1629146611326,2021
R6B-347,E1,2021-01-20T09:00:00+00:00,3430.6994805109457,2021
R6B-347,E1,2021-01-21T13:35:00+00:00,3418.046086970013,2021
R6B-347,E1,2021-01-25T08:35:00+00:00,3403.1912951965573,2021
R6B-347,E1,2021-01-26T10:05:00+00:00,3388.5152491490517,2021
R6B-347,E1,2021-01-29T14:50:00+00:00,3402.619786063099,2021
R6B-347,E1,2021-02-01T10:35:00+00:00,3400.5153626948004,2021
R6B-347,E1,2021-02-03T08:45:00+00:00,3389.4589830490177,2021
R6B-347,E1,2021-02-05T08:05:00+00:00,3392.6961878591524,2021
R6B-347,E1,2021-02-08T08:05:00+00:00,3387.2744433531,2021
R6B-347,E1,2021-02-09T09:25:00+00:00,3402.2843419418373,2021
R6B-347,E1,2021-02-10T10:00:00+00:00,3400.3339816888197,2021
R6B-347,E1,2021-02-15T09:50:00+00:00,3385.5048253321847,2021
R6B-347,E1,2021-02-16T08:30:00+00:00,3384.3820596451783,2021
R6B-347,E1,2021-02-18T09:00:00+00:00,3395.825213954485,2021
R6B-347,E1,2021-02-22T09:05:00+00:00,3408.2914497497663,2021
R6B-347,E1,2021-02-23T09:45:00+00:00,3395.5475140269823,2021
R6B-347,E1,2021-02-24T09:05:00+00:00,3385.661376588249,2021
R6B-347,E1,2021-03-01T08:05:00+00:00,3412.646941949682,2021
R6B-347,E1,2021-03-04T13:40:00+00:00,3408.434924343878,2021
R6B-347,E1,2021-03-08T08:05:00+00:00,3389.1208320314313,2021
R6B-347,E1,2021-03-09T10:20:00+00:00,3417.018190805524,2021
R6B-347,E1,2021-03-11T08:05:00+00:00,3434.1970719141837,2021
R6B-347,E1,2021-03-15T09:10:00+00:00,3430.571252325505,2021
R6B-347,E1,2021-03-16T09:10:00+00:00,3427.792818463126,2021
R6B-347,E1,2021-03-17T09:45:00+00:00,3431.7715718445515,2021
R6B-347,E1,2021-03-18T09:20:00+00:00,3402.437820828432,2021
R6B-347,E1,2021-03-19T14:15:00+00:00,3395.680173901675,2021
R6B-347,E1,2021-03-24T09:40:00+00:00,3401.883576205762,2021
R6B-347,E1,2021-03-25T11:10:00+00:00,3393.8925150228974,2021
R6B-347,E1,2021-03-31T14:35:00+00:00,3411.321791765824,2021
R6B-347,E1,2021-04-01T10:05:00+00:00,3414.2015396121706,2021
R6B-347,E1,2021-04-05T09:25:00+00:00,3403.578212390888,2021
R6B-347,E1,2021-04-06T09:05:00+00:00,3402.5816391196863,2021
R6B-347,E1,2021-04-08T11:25:00+00:00,3419.595197093336,2021
R6B-347,E1,2021-04-13T10:10:00+00:00,3401.3717957598515,2021
R6B-347,E1,2021-04-14T09:05:00+00:00,3394.3432937816406,2021
R6B-347,E1,2021-04-15T08:15:00+00:00,3406.058776888624,2021
R6B-347,E1,2021-04-19T08:35:00+00:00,3417.141432165659,2021
R6B-347,E1,2021-04-20T11:15:00+00:00,3413.3053652939425,2021
R6B-347,E1,2021-04-21T09:05:00+00:00,3409.093732822216,2021
R6B-347,E1,2021-04-22T09:40:00+00:00,3387.8221001930237,2021
R6B-347,E1,2021-04-23T09:15:00+00:00,3383.4481753063096,2021
R6B-347,E1,2021-04-26T09:05:00+00:00,3381.1027677123902,2021
R6B-347,E1,2021-04-29T08:10:00+00:00,3370.251744361076,2021
R6B-347,E1,2021-05-03T09:00:00+00:00,3377.7426458900954,2021
R6B-347,E1,2021-05-05T10:20:00+00:00,3372.436321587334,2021
R6B-347,E1,2021-05-06T10:35:00+00:00,3376.337413987834,2021
R6B-347,E1,2021-05-07T10:55:00+00:00,3379.867848041369,2021
R6B-347,E1,2021-05-10T13:35:00+00:00,3391.654464704141,2021
R6B-347,E1,2021-05-14T14:15:00+00:00,3412.6675331099136,2021
R6B-347,E1,2021-05-17T08:05:00+00:00,3425.141678527124,2021
R6B-347,E1,2021-05-18T08:20:00+00:00,3423.8097740477947,2021
R6B-347,E1,2021-05-19T14:05:00+00:00,3446.864900530213,2021
R6B-347,E1,2021-05-20T10:45:00+00:00,3433.396356586579,2021
R6B-347,E1,2021-05-24T08:05:00+00:00,3430.091732300024,2021
R6B-347,E1,2021-05-25T14:40:00+00:00,3441.2839885921658,2021
R6B-347,E1,2021-05-26T09:05:00+00:00,3446.644549321228,2021
R6B-347,E1,2021-05-27T12:30:00+00:00,3438.1974079059783,2021
R6B-347,E1,2021-05-31T09:05:00+00:00,3436.8821947075726,2021
R6B-347,E1,2021-06-01T09:25:00+00:00,3436.88617891865,2021
R6B-347,E1,2021-06-04T14:45:00+00:00,3474.458303221492,2021
R6B-347,E1,2021-06-08T09:00:00+00:00,3456.7602015241273,2021
R6B-347,E1,2021-06-09T09:05:00+00:00,3443.461668957328,2021
R6B-347,E1,2021-06-11T10:20:00+00:00,3427.6157906742105,2021
R6B-347,E1,2021-06-18T09:30:00+00:00,3445.6449030352715,2021
R6B-347,E1,2021-06-21T10:35:00+00:00,3460.1978317370936,2021
R6B-347,E1,2021-06-22T11:30:00+00:00,3449.1615199122716,2021
R6B-347,E1,2021-06-23T11:00:00+00:00,3448.4300167579213,2021
R6B-347,E1,2021-06-25T09:35:00+00:00,3456.0818093048115,2021
R6B-347,E1,2021-06-28T13:15:00+00:00,3450.8311029626093,2021
R6B-347,E1,2021-07-01T10:25:00+00:00,3455.9815695687366,2021
R6B-347,E1,2021-07-02T08:40:00+00:00,3464.189520771904,2021
R6B-347,E1,2021-07-05T15:00:00+00:00,3463.7419263576344,2021
R6B-347,E1,2021-07-06T09:25:00+00:00,3488.7644992964883,2021
R6B-347,E1,2021-07-07T09:20:00+00:00,3499.79478071241,2021
R6B-347,E1,2021-07-08T15:30:00+00:00,3480.7913984925913,2021
R6B-347,E1,2021-07-09T09:25:00+00:00,3480.2432676464364,2021
R6B-347,E1,2021-07-13T08:15:00+00:00,3475.987330122955,2021
R6B-347,E1,2021-07-14T10:30:00+00:00,3482.6927179725253,2021
R6B-347,E1,2021-07-15T14:10:00+00:00,3467.83096093205,2021
R6B-347,E1,2021-07-20T08:15:00+00:00,3466.337923795143,2021
R6B-347,E1,2021-07-21T14:15:00+00:00,3448.915144274927,2021
R6B-347,E1,2021-07-23T15:50:00+00:00,3434.3921200514383,2021
R6B-347,E1,2021-07-26T09:30:00+00:00,3440.574973925012,2021
R6B-347,E1,2021-07-28T09:25:00+00:00,3436.313005146775,2021
R6B-347,E1,2021-07-29T09:05:00+00:00,3447.0315249851974,2021
R6B-347,E1,2021-08-04T09:55:00+00:00,3448.1088299137837,2021
R6B-347,E1,2021-08-05T15:50:00+00:00,3425.3241303484974,2021
R6B-347,E1,2021-08-10T09:15:00+00:00,3416.1287339135542,2021
R6B-347,E1,2021-08-11T10:20:00+00:00,3420.611282104373,2021
R6B-347,E1,2021-08-12T14:35:00+00:00,3400.770153778136,2021
R6B-347,E1,2021-08-13T09:25:00+00:00,3404.2843400599263,2021
R6B-347,E1,2021-08-16T08:55:00+00:00,3394.3859730242957,2021
R6B-347,E1,2021-08-17T13:40:00+00:00,3391.5481668848765,2021
R6B-347,E1,2021-08-18T09:10:00+00:00,3389.7646892505923,2021
R6B-347,E1,2021-08-20T09:20:00+00:00,3384.884419501958,2021
R6B-347,E1,2021-08-23T09:55:00+00:00,3386.964720581852,2021
R6B-347,E1,2021-08-27T09:40:00+00:00,3386.4545548549795,2021
R6B-347,E1,2021-08-30T08:35:00+00:00,3376.3265759101346,2021
R6B-347,E1,2021-08-31T08:20:00+00:00,3383.5888291287365,2021
R6B-347,E1,2021-09-01T12:15:00+00:00,3376.4067826534756,2021
R6B-347,E1,2021-09-02T09:10:00+00:00,3375.2079021380937,2021
R6B-347,E1,2021-09-03T09:05:00+00:00,3371.451908492019,2021
R6B-347,E1,2021-09-07T08:10:00+00:00,3353.7588841255747,2021
R6B-347,E1,2021-09-08T08:55:00+00:00,3352.338731852288,2021
R6B-347,E1,2021-09-09T15:30:00+00:00,3352.1241106071816,2021
R6B-347,E1,2021-09-10T10:35:00+00:00,3345.152628344068,2021
R6B-347,E1,2021-09-13T11:10:00+00:00,3340.504845347013,2021
R6B-347,E1,2021-09-14T15:25:00+00:00,3364.7211418979546,2021
R6B-347,E1,2021-09-17T09:05:00+00:00,3380.073341257273,2021
R6B-347,E1,2021-09-22T10:10:00+00:00,3375.2763532572426,2021
R6B-347,E1,2021-09-24T10:45:00+00:00,3381.41047033555,2021
R6B-347,E1,2021-09-27T08:50:00+00:00,3373.54172363409,2021
R6B-347,E1,2021-09-28T10:00:00+00:00,3343.6568202012973,2021
R6B-347,E1,2021-09-29T09:50:00+00:00,3352.56933981369,2021
R6B-347,E1,2021-09-30T08:50:00+00:00,3355.277673018857,2021
R6B-347,E1,2021-10-04T08:05:00+00:00,3336.485036137268,2021
R6B-347,E1,2021-10-07T15:20:00+00:00,3324.711306658788,2021
R6B-347,E1,2021-10-11T09:45:00+00:00,3309.522024178067,2021
R6B-347,E1,2021-10-12T09:50:00+00:00,3317.415957819891,2021
R6B-347,E1,2021-10-13T09:50:00+00:00,3325.1025518649,2021
R6B-347,E1,2021-10-14T14:45:00+00:00,3327.0987641508264,2021
R6B-347,E1,2021-10-18T08:05:00+00:00,3317.1196171743463,2021
R6B-347,E1,2021-10-19T09:05:00+00:00,3341.904637136834,2021
R6B-347,E1,2021-10-20T09:15:00+00:00,3353.3802180548355,2021
R6B-347,E1,2021-10-21T10:10:00+00:00,3349.172121698165,2021
R6B-347,E1,2021-10-22T09:10:00+00:00,3358.3450653774808,2021
R6B-347,E1,2021-10-25T11:40:00+00:00,3362.7051212564693,2021
R6B-347,E1,2021-10-28T10:10:00+00:00,3357.1345655020377,2021
R6B-347,E1,2021-11-01T10:05:00+00:00,3358.1696703417174,2021
R6B-347,E1,2021-11-02T12:40:00+00:00,3349.566410434555,2021
R6B-347,E1,2021-11-05T09:10:00+00:00,3352.911439739766,2021
R6B-347,E1,2021-11-08T09:10:00+00:00,3340.977385184292,2021
R6B-347,E1,2021-11-09T09:25:00+00:00,3336.9700441368127,2021
R6B-347,E1,2021-11-11T11:25:00+00:00,3351.1388983180505,2021
R6B-347,E1,2021-11-16T10:40:00+00:00,3359.4994607131416,2021
R6B-347,E1,2021-11-17T15:30:00+00:00,3374.977459986564,2021
R6B-347,E1,2021-11-18T08:25:00+00:00,3370.505011639314,2021
R6B-347,E1,2021-11-19T10:35:00+00:00,3367.8070466454296,2021
R6B-347,E1,2021-11-22T12:15:00+00:00,3350.6938003351306,2021
R6B-347,E1,2021-11-23T09:40:00+00:00,3320.631804886105,2021
R6B-347,E1,2021-11-24T08:05:00+00:00,3320.9485824629296,2021
R6B-347,E1,2021-11-25T08:15:00+00:00,3323.0707346688723,2021
R6B-347,E1,2021-11-26T08:45:00+00:00,3331.0597394580363,2021
R6B-347,E1,2021-11-29T11:25:00+00:00,3327.173561635531,2021
R6B-347,E1,2021-11-30T09:50:00+00:00,3340.82495136429,2021
R6B-347,E1,2021-12-01T10:25:00+00:00,3348.053770193851,2021
R6B-347,E1,2021-12-03T08:50:00+00:00,3342.414954226112,2021
R6B-347,E1,2021-12-06T09:55:00+00:00,3327.9577694539175,2021
R6B-347,E1,2021-12-07T14:05:00+00:00,3312.134673602428,2021
R6B-347,E1,2021-12-08T09:45:00+00:00,3315.3843997488684,2021
R6B-347,E1,2021-12-09T13:20:00+00:00,3295.0826604571034,2021
R6B-347,E1,2021-12-10T09:45:00+00:00,3279.4378421016117,2021
R6B-347,E1,2021-12-13T09:35:00+00:00,3275.7478622146596,2021
R6B-347,E1,2021-12-16T09:55:00+00:00,3282.7014780140507,2021
R6B-347,E1,2021-12-17T09:45:00+00:00,3294.630361654524,2021
R6B-347,E1,2021-12-20T13:15:00+00:00,3284.751150570792,2021
R6B-347,E1,2021-12-21T13:35:00+00:00,3294.330323059805,2021
R6B-347,E1,2021-12-23T10:00:00+00:00,3292.8698667684594,2021
R6B-347,E1,2021-12-27T09:10:00+00:00,3284.9560286365545,2021
R6B-347,E1,2021-12-28T13:50:00+00:00,3294.657787586192,2021
R6B-347,E1,2021-12-31T09:20:00+00:00,3295.8587297864597,2021
R6B-347,E1,2022-01-04T09:05:00+00:00,3287.5062816918094,2022
R6B-347,E1,2022-01-05T10:35:00+00:00,3291.919020046457,2022
R6B-347,E1,2022-01-07T11:25:00+00:00,3286.651346300521,2022
R6B-347,E1,2022-01-11T08:15:00+00:00,3294.2735247048377,2022
R6B-347,E1,2022-01-13T13:35:00+00:00,3278.1318053846835,2022
R6B-347,E1,2022-01-14T09:35:00+00:00,3278.087058222411,2022
R6B-347,E1,2022-01-17T11:35:00+00:00,3280.4955794275784,2022
R6B-347,E1,2022-01-18T09:40:00+00:00,3262.626999029225,2022
R6B-347,E1,2022-01-24T09:35:00+00:00,3274.698806901485,2022
R6B-347,E1,2022-01-28T09:30:00+00:00,3260.01679530712,2022
R6B-347,E1,2022-02-01T13:05:00+00:00,3271.833696944152,2022
R6B-347,E1,2022-02-04T12:35:00+00:00,3277.9476671605535,2022
R6B-347,E1,2022-02-07T08:05:00+00:00,3279.4843184533033,2022
R6B-347,E1,2022-02-10T15:35:00+00:00,3279.359246923902,2022
R6B-347,E1,2022-02-15T10:40:00+00:00,3241.3856202147026,2022
R6B-347,E1,2022-02-16T14:25:00+00:00,3246.263103719003,2022
R6B-347,E1,2022-02-17T12:00:00+00:00,3259.9279008501835,2022
R6B-347,E1,2022-02-18T08:20:00+00:00,3247.428604016888,2022
R6B-347,E1,2022-02-21T08:05:00+00:00,3222.0057600624555,2022
R6B-347,E1,2022-02-24T08:05:00+00:00,3273.239608951509,2022
R6B-347,E1,2022-02-28T08:05:00+00:00,3246.9047720871727,2022
R6B-347,E1,2022-03-02T15:50:00+00:00,3215.5994067386996,2022
R6B-347,E1,2022-03-03T15:55:00+00:00,3208.9734481443165,2022
R6B-347,E1,2022-03-04T08:20:00+00:00,3194.530321107973,2022
R6B-347,E1,2022-03-07T08:05:00+00:00,3198.17798040532,2022
R6B-347,E1,2022-03-08T14:35:00+00:00,3217.1991105707543,2022
R6B-347,E1,2022-03-09T11:45:00+00:00,3148.945293695129,2022
R6B-347,E1,2022-03-17T09:30:00+00:00,3159.240137621651,2022
R6B-347,E1,2022-03-30T09:20:00+00:00,3151.712915311977,2022
R6B-347,E1,2022-04-01T12:05:00+00:00,3134.7242181013576,2022
R6B-347,E1,2022-04-04T08:25:00+00:00,3140.750074646308,2022
R6B-347,E1,2022-04-07T15:25:00+00:00,3143.1506968108715,2022
R6B-347,E1,2022-04-12T10:10:00+00:00,3139.722824515251,2022
R6B-347,E1,2022-04-13T10:25:00+00:00,3151.806513516167,2022
R6B-347,E1,2022-04-18T08:05:00+00:00,3158.778454000273,2022
R6B-347,E1,2022-04-19T15:30:00+00:00,3114.9874285334863,2022
R6B-347,E1,2022-04-22T14:05:00+00:00,3095.3349394245724,2022
R6B-347,E1,2022-04-26T08:30:00+00:00,3089.0359300999953,2022
R6B-347,E1,2022-04-29T08:20:00+00:00,3117.712134211541,2022
R6B-347,E1,2022-05-04T15:35:00+00:00,3110.379579726944,2022
R6B-347,E1,2022-05-05T08:05:00+00:00,3104.0708814239833,2022
R6B-347,E1,2022-05-10T10:20:00+00:00,3100.988419248657,2022
R6B-347,E1,2022-05-11T14:25:00+00:00,3111.2359838258967,2022
R6B-347,E1,2022-05-12T08:40:00+00:00,3094.9533568956317,2022
R6B-347,E1,2022-05-13T11:20:00+00:00,3079.3958923916566,2022
R6B-347,E1,2022-05-16T08:50:00+00:00,3052.679795473539,2022
R6B-347,E1,2022-05-17T14:10:00+00:00,3038.7749360824105,2022
R6B-347,E1,2022-05-20T13:35:00+00:00,3029.5903459677534,2022
R6B-347,E1,2022-05-23T08:05:00+00:00,3044.224863484501,2022
R6B-347,E1,2022-05-24T11:50:00+00:00,3048.2145980981045,2022
R6B-347,E1,2022-05-27T09:55:00+00:00,3052.924400113532,2022
R6B-347,E1,2022-05-30T09:40:00+00:00,3055.3945165127966,2022
R6B-347,E1,2022-06-02T14:25:00+00:00,3080.899762390955,2022
R6B-347,E1,2022-06-03T08:35:00+00:00,3067.061562738295,2022
R6B-347,E1,2022-06-06T08:05:00+00:00,3065.606387436033,2022
R6B-347,E1,2022-06-07T12:20:00+00:00,3068.9781163511984,2022
R6B-347,E1,2022-06-09T11:50:00+00:00,3052.2676211230523,2022
R6B-347,E1,2022-06-13T08:05:00+00:00,3018.145281054982,2022
R6B-347,E1,2022-06-14T10:55:00+00:00,3010.3719108566693,2022
R6B-347,E1,2022-06-15T09:25:00+00:00,3024.517695678906,2022
R6B-347,E1,2022-06-20T10:50:00+00:00,3016.8969628132177,2022
R6B-347,E1,2022-06-21T08:05:00+00:00,3012.610835216,2022
R6B-347,E1,2022-06-24T15:45:00+00:00,3014.564198713329,2022
R6B-347,E1,2022-06-27T09:20:00+00:00,3023.8610478245314,2022
R6B-347,E1,2022-06-28T11:55:00+00:00,3016.5584710858648,2022
R6B-347,E1,2022-06-29T09:45:00+00:00,3005.6646942720913,2022
R6B-347,E1,2022-06-30T08:35:00+00:00,2996.5586874757428,2022
R6B-347,E1,2022-07-05T09:10:00+00:00,2980.109395558268,2022
R6B-347,E1,2022-07-06T09:00:00+00:00,2970.5583167428063,2022
R6B-347,E1,2022-07-07T10:55:00+00:00,2967.4996304350816,2022
R6B-347,E1,2022-07-08T08:25:00+00:00,2954.9011523321187,2022
R6B-347,E1,2022-07-15T09:50:00+00:00,2936.3265157900473,2022
R6B-347,E1,2022-07-18T08:05:00+00:00,2950.7019788663574,2022
R6B-347,E1,2022-07-19T16:00:00+00:00,2954.2549636171566,2022
R6B-347,E1,2022-07-22T15:30:00+00:00,2974.864833185841,2022
R6B-347,E1,2022-07-26T08:30:00+00:00,2977.430286602857,2022
R6B-347,E1,2022-07-28T09:40:00+00:00,2984.6498044942637,2022
R6B-347,E1,2022-07-29T11:15:00+00:00,2985.4952708894084,2022
R6B-347,E1,2022-08-01T15:15:00+00:00,2985.2647316732878,2022
R6B-347,E1,2022-08-02T08:25:00+00:00,2978.3344492498154,2022
R6B-347,E1,2022-08-03T11:15:00+00:00,2972.464619800269,2022
R6B-347,E1,2022-08-04T08:55:00+00:00,2985.276228141813,2022
R6B-347,E1,2022-08-08T15:25:00+00:00,3001.63102949488,2022
R6B-347,E1,2022-08-12T11:45:00+00:00,2990.0168996970383,2022
R6B-347,E1,2022-08-16T10:10:00+00:00,2981.077270289099,2022
R6B-347,E1,2022-08-17T12:30:00+00:00,2963.993463272407,2022
R6B-347,E1,2022-08-22T11:10:00+00:00,2940.3549936058566,2022
R6B-347,E1,2022-08-23T08:35:00+00:00,2944.603914253433,2022
R6B-347,E1,2022-08-25T08:45:00+00:00,2960.671149007511,2022
R6B-347,E1,2022-08-31T12:10:00+00:00,2940.003402538707,2022
R6B-347,E1,2022-09-02T13:45:00+00:00,2953.818944482212,2022
R6B-347,E1,2022-09-05T12:30:00+00:00,2951.3172687193387,2022
R6B-347,E1,2022-09-06T08:10:00+00:00,2950.4739091811657,2022
R6B-347,E1,2022-09-08T15:05:00+00:00,2924.8665979469024,2022
R6B-347,E1,2022-09-09T08:15:00+00:00,2949.8053570350844,2022
R6B-347,E1,2022-09-12T14:50:00+00:00,2965.9613253779507,2022
R6B-347,E1,2022-09-14T12:40:00+00:00,2964.733417389244,2022
R6B-347,E1,2022-09-20T08:05:00+00:00,2950.702655148663,2022
R6B-347,E1,2022-09-21T08:15:00+00:00,2956.6534165259436,2022
R6B-347,E1,2022-09-23T09:20:00+00:00,2932.330849912302,2022
R6B-347,E1,2022-09-26T15:30:00+00:00,2913.828890577179,2022
R6B-347,E1,2022-09-27T09:05:00+00:00,2919.2755915623275,2022
R6B-347,E1,2022-09-30T13:40:00+00:00,2919.871390888977,2022
R6B-347,E1,2022-10-03T09:30:00+00:00,2908.1531763844823,2022
R6B-347,E1,2022-10-04T13:55:00+00:00,2918.630239764337,2022
R6B-347,E1,2022-10-05T14:55:00+00:00,2883.0017348943998,2022
R6B-347,E1,2022-10-06T08:05:00+00:00,2889.8279823586104,2022
R6B-347,E1,2022-10-11T08:55:00+00:00,2876.6566787046113,2022
R6B-347,E1,2022-10-12T12:05:00+00:00,2869.855084721285,2022
R6B-347,E1,2022-10-17T09:25:00+00:00,2879.3086278363958,2022
R6B-347,E1,2022-10-18T12:05:00+00:00,2874.9851154549724,2022
R6B-347,E1,2022-10-20T12:55:00+00:00,2877.4630429792674,2022
R6B-347,E1,2022-10-24T08:05:00+00:00,2859.5194543119583,2022
R6B-347,E1,2022-10-26T10:50:00+00:00,2882.217320784581,2022
R6B-347,E1,2022-10-27T08:20:00+00:00,2876.4296862703463,2022
R6B-347,E1,2022-10-28T09:55:00+00:00,2848.18359995308,2022
R6B-347,E1,2022-11-01T09:40:00+00:00,2866.3783480329366,2022
R6B-347,E1,2022-11-02T11:00:00+00:00,2871.28337146975,2022
R6B-347,E1,2022-11-04T10:00:00+00:00,2891.3722606291662,2022
R6B-347,E1,2022-11-10T11:05:00+00:00,2884.4754039780537,2022
R6B-347,E1,2022-11-11T13:30:00+00:00,2888.369037017109,2022
R6B-347,E1,2022-11-15T13:10:00+00:00,2894.094359064813,2022
R6B-347,E1,2022-11-18T08:40:00+00:00,2893.914093467513,2022
R6B-347,E1,2022-11-22T08:15:00+00:00,2897.7739044179093,2022
R6B-347,E1,2022-11-23T15:40:00+00:00,2892.7183476203613,2022
R6B-347,E1,2022-11-24T08:25:00+00:00,2892.6754274009477,2022
R6B-347,E1,2022-11-25T10:15:00+00:00,2881.276745946764,2022
R6B-347,E1,2022-11-29T09:45:00+00:00,2895.81334238274,2022
R6B-347,E1,2022-11-30T09:45:00+00:00,2904.9803025395927,2022
R6B-347,E1,2022-12-01T08:05:00+00:00,2906.6605460360856,2022
R6B-347,E1,2022-12-05T08:05:00+00:00,2904.8742612778706,2022
R6B-347,E1,2022-12-06T09:15:00+00:00,2901.4771070214124,2022
R6B-347,E1,2022-12-07T09:55:00+00:00,2898.9817509670543,2022
R6B-347,E1,2022-12-09T09:10:00+00:00,2896.4071640620423,2022
R6B-347,E1,2022-12-13T09:45:00+00:00,2893.422775079343,2022
R6B-347,E1,2022-12-16T10:20:00+00:00,2894.582027620203,2022
R6B-347,E1,2022-12-19T08:50:00+00:00,2895.5765155472864,2022
R6B-347,E1,2022-12-20T11:05:00+00:00,2917.3859742547083,2022
R6B-347,E1,2022-12-22T09:00:00+00:00,2915.162875341274,2022
R6B-347,E1,2022-12-23T10:10:00+00:00,2917.589138299286,2022
R6B-347,E1,2022-12-27T10:00:00+00:00,2922.997890741853,2022
R6B-347,E1,2022-12-30T11:15:00+00:00,2918.2803030854216,2022
R6B-347,E1,2023-01-03T08:15:00+00:00,2936.618412777062,2023
R6B-347,E1,2023-01-04T09:35:00+00:00,2967.506583652718,2023
R6B-347,E1,2023-01-05T09:50:00+00:00,2951.5758699066514,2023
R6B-347,E1,2023-01-06T10:15:00+00:00,2945.651261324764,2023
R6B-347,E1,2023-01-09T09:40:00+00:00,2944.9870307272067,2023
R6B-347,E1,2023-01-10T09:50:00+00:00,2944.5526992198306,2023
R6B-347,E1,2023-01-11T13:15:00+00:00,2941.5799604980507,2023
R6B-347,E1,2023-01-12T09:05:00+00:00,2946.045091497933,2023
R6B-347,E1,2023-01-13T08:25:00+00:00,2951.335962668622,2023
R6B-347,E1,2023-01-16T10:00:00+00:00,2939.9620138027994,2023
R6B-347,E1,2023-01-17T08:05:00+00:00,2926.5024474499724,2023
R6B-347,E1,2023-01-19T11:50:00+00:00,2921.825550913627,2023
R6B-347,E1,2023-01-23T08:50:00+00:00,2912.1487840480404,2023
R6B-347,E1,2023-01-24T09:20:00+00:00,2916.773251553531,2023
R6B-347,E1,2023-01-25T08:05:00+00:00,2902.6268532613194,2023
R6B-347,E1,2023-01-27T08:55:00+00:00,2888.356524779631,2023
R6B-347,E1,2023-01-30T12:30:00+00:00,2878.8323183710636,2023
R6B-347,E1,2023-01-31T09:40:00+00:00,2846.37000741958,2023
R6B-347,E1,2023-02-02T15:15:00+00:00,2788.9720935500713,2023
R6B-347,E1,2023-02-06T09:00:00+00:00,2800.1509028808755,2023
R6B-347,E1,2023-02-07T09:55:00+00:00,2801.641621519299,2023
R6B-347,E1,2023-02-08T15:30:00+00:00,2788.082685071967,2023
R6B-347,E1,2023-02-13T14:35:00+00:00,2771.548191344352,2023
R6B-347,E1,2023-02-14T08:25:00+00:00,2776.04696951727,2023
R6B-347,E1,2023-02-15T10:10:00+00:00,2740.7222303581325,2023
R6B-347,E1,2023-02-16T09:35:00+00:00,2735.551525540935,2023
R6B-347,E1,2023-02-20T12:10:00+00:00,2734.359669521966,2023
R6B-347,E1,2023-02-22T09:05:00+00:00,2727.5448396545326,2023
R6B-347,E1,2023-02-23T14:30:00+00:00,2720.442553674095,2023
R6B-347,E1,2023-02-24T08:40:00+00:00,2719.629376967539,2023
R6B-347,E1,2023-02-27T08:50:00+00:00,2715.625108224977,2023
R6B-347,E1,2023-03-01T11:25:00+00:00,2724.6069248980666,2023
R6B-347,E1,2023-03-03T08:05:00+00:00,2730.8989967878038,2023
R6B-347,E1,2023-03-06T15:40:00+00:00,2723.8869009004065,2023
R6B-347,E1,2023-03-07T10:15:00+00:00,2713.1443916939297,2023
R6B-347,E1,2023-03-13T08:05:00+00:00,2708.5842379428786,2023
R6B-347,E1,2023-03-17T09:55:00+00:00,2721.3648834725946,2023
R6B-347,E1,2023-03-20T14:05:00+00:00,2693.6643748844403,2023
R6B-347,E1,2023-03-21T11:35:00+00:00,2669.510142745104,2023
R6B-347,E1,2023-03-22T09:05:00+00:00,2665.5644884547823,2023
R6B-347,E1,2023-03-23T11:55:00+00:00,2664.9461038733893,2023
R6B-347,E1,2023-03-28T08:55:00+00:00,2651.2586035271274,2023
R6B-347,E1,2023-03-30T14:05:00+00:00,2651.2800654298358,2023
R6B-347,E1,2023-03-31T09:40:00+00:00,2645.1438736376854,2023
R6B-347,E1,2023-04-05T10:45:00+00:00,2641.240323886451,2023
R6B-347,E1,2023-04-11T08:05:00+00:00,2651.0471785171917,2023
R6B-347,E1,2023-04-12T09:25:00+00:00,2652.1523830977394,2023
R6B-347,E1,2023-04-13T08:05:00+00:00,2660.3932485778623,2023
R6B-347,E1,2023-04-14T09:25:00+00:00,2648.179267096093,2023
R6B-347,E1,2023-04-17T13:35:00+00:00,2634.448997922444,2023
R6B-347,E1,2023-04-18T09:40:00+00:00,2636.2049517491637,2023
R6B-347,E1,2023-04-20T14:45:00+00:00,2642.337723749835,2023
R6B-347,E1,2023-04-24T08:05:00+00:00,2637.9988876308544,2023
R6B-347,E1,2023-04-25T08:40:00+00:00,2625.4649112655875,2023
R6B-347,E1,2023-04-27T09:35:00+00:00,2629.6443613182455,2023
R6B-347,E1,2023-05-02T09:30:00+00:00,2624.1834498066573,2023
R6B-347,E1,2023-05-03T12:10:00+00:00,2617.859958621987,2023
R6B-347,E1,2023-05-05T09:35:00+00:00,2600.2159786482684,2023
R6B-347,E1,2023-05-08T10:30:00+00:00,2603.877402823958,2023
R6B-347,E1,2023-05-09T12:00:00+00:00,2610.6162461048607,2023
R6B-347,E1,2023-05-11T08:50:00+00:00,2595.396906694321,2023
R6B-347,E1,2023-05-15T09:40:00+00:00,2591.2626091896113,2023
R6B-347,E1,2023-05-18T09:30:00+00:00,2578.4397582089623,2023
R6B-347,E1,2023-05-19T09:10:00+00:00,2584.198839790389,2023
R6B-347,E1,2023-05-26T09:50:00+00:00,2592.7028529494787,2023
R6B-347,E1,2023-05-29T13:55:00+00:00,2590.5509498399397,2023
R6B-347,E1,2023-05-30T09:05:00+00:00,2589.172161529378,2023
R6B-347,E1,2023-05-31T13:45:00+00:00,2595.780893706046,2023
R6B-347,E1,2023-06-02T10:10:00+00:00,2596.5026060830296,2023
R6B-347,E1,2023-06-08T13:30:00+00:00,2611.4278642804725,2023
R6B-347,E1,2023-06-13T11:55:00+00:00,2614.3271217297606,2023
R6B-347,E1,2023-06-14T09:40:00+00:00,2619.6665587364064,2023
R6B-347,E1,2023-06-16T09:45:00+00:00,2622.2668892693646,2023
R6B-347,E1,2023-06-20T14:45:00+00:00,2592.9829683353455,2023
R6B-347,E1,2023-06-21T10:35:00+00:00,2585.7995490955373,2023
R6B-347,E1,2023-06-23T13:05:00+00:00,2599.8458613213525,2023
R6B-347,E1,2023-06-26T08:05:00+00:00,2604.4799898673577,2023
R6B-347,E1,2023-06-27T09:30:00+00:00,2601.9409860220017,2023
R6B-347,E1,2023-07-03T13:00:00+00:00,2603.3717962189,2023
R6B-347,E1,2023-07-04T09:20:00+00:00,2611.87898416249,2023
R6B-347,E1,2023-07-05T16:00:00+00:00,2605.0974712480106,2023
R6B-347,E1,2023-07-06T13:25:00+00:00,2590.958624891481,2023
R6B-347,E1,2023-07-07T08:10:00+00:00,2591.7051485375773,2023
R6B-347,E1,2023-07-11T09:05:00+00:00,2602.4084804979957,2023
R6B-347,E1,2023-07-12T08:05:00+00:00,2601.5194486927658,2023
R6B-347,E1,2023-07-13T09:45:00+00:00,2601.5575780791287,2023
R6B-347,E1,2023-07-14T09:50:00+00:00,2592.3329431485063,2023
R6B-347,E1,2023-07-17T13:35:00+00:00,2579.7878699013895,2023
R6B-347,E1,2023-07-18T08:40:00+00:00,2584.7762810566683,2023
R6B-347,E1,2023-07-20T09:05:00+00:00,2587.009212230945,2023
R6B-347,E1,2023-07-21T08:50:00+00:00,2572.7379166337155,2023
R6B-347,E1,2023-07-24T15:05:00+00:00,2567.3897781525357,2023
R6B-347,E1,2023-07-25T09:35:00+00:00,2569.729777997083,2023
R6B-347,E1,2023-07-26T14:15:00+00:00,2569.0837388640193,2023
R6B-347,E1,2023-07-27T10:05:00+00:00,2563.230449028847,2023
R6B-347,E1,2023-07-28T09:40:00+00:00,2562.3532834505622,2023
R6B-347,E1,2023-08-03T09:50:00+00:00,2558.1205959697872,2023
R6B-347,E1,2023-08-07T08:15:00+00:00,2544.003441884233,2023
R6B-347,E1,2023-08-09T09:20:00+00:00,2543.372591884601,2023
R6B-347,E1,2023-08-10T09:35:00+00:00,2544.3349106037704,2023
R6B-347,E1,2023-08-11T14:15:00+00:00,2544.356502631797,2023
R6B-347,E1,2023-08-14T15:40:00+00:00,2538.082219743428,2023
R6B-347,E1,2023-08-16T11:20:00+00:00,2537.5642390787007,2023
R6B-347,E1,2023-08-17T14:35:00+00:00,2535.2818649313954,2023
R6B-347,E1,2023-08-18T08:40:00+00:00,2533.9241275097124,2023
R6B-347,E1,2023-08-21T10:55:00+00:00,2527.6669684112394,2023
R6B-347,E1,2023-08-22T09:05:00+00:00,2531.258685818067,2023
R6B-347,E1,2023-08-23T08:10:00+00:00,2537.046444754265,2023
R6B-347,E1,2023-08-24T10:05:00+00:00,2536.788933533474,2023
R6B-347,E1,2023-08-28T08:05:00+00:00,2533.584215124258,2023
R6B-347,E1,2023-08-29T10:55:00+00:00,2529.413565280922,2023
R6B-347,E1,2023-08-31T09:05:00+00:00,2525.91045489311,2023
R6B-347,E1,2023-09-01T09:10:00+00:00,2525.8267779055946,2023
R6B-347,E1,2023-09-04T08:50:00+00:00,2526.4328819415687,2023
R6B-347,E1,2023-09-06T12:50:00+00:00,2522.3233706505566,2023
R6B-347,E1,2023-09-07T09:55:00+00:00,2522.172645998411,2023
R6B-347,E1,2023-09-08T08:30:00+00:00,2525.315521468892,2023
R6B-347,E1,2023-09-11T09:35:00+00:00,2531.1024877312766,2023
R6B-347,E1,2023-09-12T11:30:00+00:00,2515.8864707671823,2023
R6B-347,E1,2023-09-14T08:45:00+00:00,2508.3746055011093,2023
R6B-347,E1,2023-09-15T09:35:00+00:00,2515.6760522898276,2023
R6B-347,E1,2023-09-18T09:15:00+00:00,2514.556219435454,2023
R6B-347,E1,2023-09-19T15:55:00+00:00,2511.344969035082,2023
R6B-347,E1,2023-09-22T08:05:00+00:00,2517.0345524604813,2023
R6B-347,E1,2023-09-25T15:05:00+00:00,2504.4781468967735,2023
R6B-347,E1,2023-09-27T09:35:00+00:00,2492.4575999639223,2023
R6B-347,E1,2023-09-29T13:55:00+00:00,2496.6027434179605,2023
R6B-347,E1,2023-10-05T08:55:00+00:00,2489.862903510933,2023
R6B-347,E1,2023-10-06T10:30:00+00:00,2489.263520654618,2023
R6B-347,E1,2023-10-09T08:05:00+00:00,2490.6875210246676,2023
R6B-347,E1,2023-10-10T08:05:00+00:00,2480.70658729717,2023
R6B-347,E1,2023-10-11T14:45:00+00:00,2490.3128269238364,2023
R6B-347,E1,2023-10-12T08:40:00+00:00,2495.293772997021,2023
R6B-347,E1,2023-10-13T08:55:00+00:00,2509.8513718822624,2023
R6B-347,E1,2023-10-17T15:50:00+00:00,2514.432778750242,2023
R6B-347,E1,2023-10-18T08:20:00+00:00,2526.2830594765715,2023
R6B-347,E1,2023-10-24T09:20:00+00:00,2511.1545684523917,2023
R6B-347,E1,2023-10-26T11:45:00+00:00,2506.147714803641,2023
R6B-347,E1,2023-10-27T10:15:00+00:00,2502.7781149081097,2023
R6B-347,E1,2023-11-02T09:30:00+00:00,2503.458286646949,2023
R6B-347,E1,2023-11-03T10:35:00+00:00,2503.7195604372614,2023
R6B-347,E1,2023-11-15T11:05:00+00:00,2512.2901679592455,2023
R6B-347,E1,2023-11-16T13:00:00+00:00,2513.5155013640074,2023
R6B-347,E1,2023-11-17T09:05:00+00:00,2516.4398124587124,2023
R6B-347,E1,2023-11-20T10:35:00+00:00,2506.4082117740277,2023
R6B-347,E1,2023-11-21T08:30:00+00:00,2517.7811759544848,2023
R6B-347,E1,2023-11-22T12:55:00+00:00,2519.2308957162245,2023
R6B-347,E1,2023-11-23T09:50:00+00:00,2518.6427606768825,2023
R6B-347,E1,2023-11-24T08:55:00+00:00,2516.2529168407336,2023
R6B-347,E1,2023-11-27T08:05:00+00:00,2525.559667551823,2023
R6B-347,E1,2023-11-28T08:05:00+00:00,2520.858558294435,2023
R6B-347,E1,2023-11-29T08:45:00+00:00,2514.349893598268,2023
R6B-347,E1,2023-12-01T08:20:00+00:00,2512.4026307233435,2023
R6B-347,E1,2023-12-04T08:05:00+00:00,2452.605984449105,2023
R6B-347,E1,2023-12-05T08:25:00+00:00,2454.3851088111055,2023
R6B-347,E1,2023-12-06T11:25:00+00:00,2450.7971321895993,2023
R6B-347,E1,2023-12-12T08:40:00+00:00,2449.2395959978558,2023
R6B-347,E1,2023-12-14T08:05:00+00:00,2450.1039487645985,2023
R6B-347,E1,2023-12-15T15:45:00+00:00,2443.894567796841,2023
R6B-347,E1,2023-12-18T11:15:00+00:00,2439.296546501689,2023
R6B-347,E1,2023-12-20T14:15:00+00:00,2434.7636463322174,2023
R6B-347,E1,2023-12-26T09:30:00+00:00,2438.4041562217017,2023
R6B-347,E1,2023-12-28T09:55:00+00:00,2425.351898121919,2023
R6B-347,E1,2023-12-29T14:00:00+00:00,2409.146522777761,2023
R6B-347,E1,2024-01-02T09:05:00+00:00,2416.4579727400314,2024
R6B-347,E1,2024-01-03T10:40:00+00:00,2403.8617575221588,2024
R6B-347,E1,2024-01-04T10:20:00+00:00,2408.1807578167613,2024
R6B-347,E1,2024-01-05T09:10:00+00:00,2403.781834529698,2024
R6B-347,E1,2024-01-09T09:05:00+00:00,2402.724074034385,2024
R6B-347,E1,2024-01-10T09:50:00+00:00,2405.630744279275,2024
R6B-347,E1,2024-01-11T09:55:00+00:00,2407.155072121313,2024
R6B-347,E1,2024-01-12T14:00:00+00:00,2429.8350590247974,2024
R6B-347,E1,2024-01-15T09:40:00+00:00,2433.64012346391,2024
R6B-347,E1,2024-01-17T09:45:00+00:00,2422.9367012435246,2024
R6B-347,E1,2024-01-18T08:55:00+00:00,2421.5600285722767,2024
R6B-347,E1,2024-01-19T09:45:00+00:00,2424.359471063844,2024
R6B-347,E1,2024-01-22T09:05:00+00:00,2413.3265492776427,2024
R6B-347,E1,2024-01-23T10:40:00+00:00,2415.9516111173443,2024
R6B-347,E1,2024-01-24T15:45:00+00:00,2399.56284344422,2024
R6B-347,E1,2024-01-26T09:05:00+00:00,2395.2247616278187,2024
R6B-347,E1,2024-01-29T08:05:00+00:00,2408.414453993875,2024
R6B-347,E1,2024-01-30T14:15:00+00:00,2416.290859501587,2024
R6B-347,E1,2024-01-31T08:05:00+00:00,2413.986140487457,2024
R6B-347,E1,2024-02-06T09:05:00+00:00,2407.917587987381,2024
R6B-347,E1,2024-02-13T14:25:00+00:00,2382.8353850578137,2024
R6B-347,E1,2024-02-16T15:40:00+00:00,2383.131281170688,2024
R6B-347,E1,2024-02-19T08:15:00+00:00,2386.7173787102474,2024
R6B-347,E1,2024-02-20T09:35:00+00:00,2391.1312223216873,2024
R6B-347,E1,2024-02-21T10:45:00+00:00,2390.494848629677,2024
R6B-347,E1,2024-02-22T09:40:00+00:00,2391.5051413715078,2024
R6B-347,E1,2024-02-23T09:10:00+00:00,2382.1266047291306,2024
R6B-347,E1,2024-02-27T10:40:00+00:00,2382.377961386448,2024
R6B-347,E1,2024-02-29T09:40:00+00:00,2380.4439317787937,2024
R6B-347,E1,2024-03-01T14:20:00+00:00,2389.4574656717245,2024
R6B-347,E1,2024-03-04T15:05:00+00:00,2404.3283743620473,2024
R6B-347,E1,2024-03-05T13:35:00+00:00,2429.1161951503686,2024
R6B-347,E1,2024-03-06T15:05:00+00:00,2435.446276712075,2024
R6B-347,E1,2024-03-07T12:05:00+00:00,2434.234812133325,2024
R6B-347,E1,2024-03-08T08:35:00+00:00,2434.768460911852,2024
R6B-347,E1,2024-03-15T09:20:00+00:00,2436.492039930807,2024
R6B-347,E1,2024-03-22T08:25:00+00:00,2414.7510475333625,2024
R6B-347,E1,2024-03-25T08:05:00+00:00,2411.6807753958888,2024
R6B-347,E1,2024-03-28T12:20:00+00:00,2427.796192157409,2024
R6B-347,E1,2024-04-01T08:05:00+00:00,2442.2843676912976,2024
R6B-347,E1,2024-04-02T12:45:00+00:00,2438.8601964601276,2024
R6B-347,E1,2024-04-08T10:35:00+00:00,2444.6409905951423,2024
R6B-347,E1,2024-04-09T09:15:00+00:00,2460.5687837284813,2024
R6B-347,E1,2024-04-10T12:55:00+00:00,2443.7206916484433,2024
R6B-347,E1,2024-04-11T10:45:00+00:00,2435.1599501323126,2024
R6B-347,E1,2024-04-12T09:05:00+00:00,2444.006408059453,2024
R6B-347,E1,2024-04-18T12:35:00+00:00,2449.206560689702,2024
R6B-347,E1,2024-04-19T09:30:00+00:00,2435.5280384106672,2024
R6B-347,E1,2024-04-24T11:25:00+00:00,2423.004164375055,2024
R6B-347,E1,2024-04-25T15:55:00+00:00,2426.592049619849,2024
R6B-347,E1,2024-04-26T12:30:00+00:00,2431.326464823175,2024
R6B-347,E1,2024-05-03T12:50:00+00:00,2424.5133656282173,2024
R6B-347,E1,2024-05-06T09:05:00+00:00,2435.979131122153,2024
R6B-347,E1,2024-05-07T09:00:00+00:00,2420.8123267183128,2024
R6B-347,E1,2024-05-08T11:00:00+00:00,2418.253609945367,2024
R6B-347,E1,2024-05-09T12:10:00+00:00,2419.9664719347747,2024
R6B-347,E1,2024-05-10T08:30:00+00:00,2439.041580557887,2024
R6B-347,E1,2024-05-14T09:15:00+00:00,2445.399548678741,2024
R6B-347,E1,2024-05-15T11:45:00+00:00,2448.0433357262023,2024
R6B-347,E1,2024-05-16T08:15:00+00:00,2442.9683594236185,2024
R6B-347,E1,2024-05-17T13:35:00+00:00,2461.8986438186394,2024
R6B-347,E1,2024-05-20T08:35:00+00:00,2475.78449948654,2024
R6B-347,E1,2024-05-24T13:35:00+00:00,2483.26694297314,2024
R6B-347,E1,2024-05-27T09:15:00+00:00,2487.545315364317,2024
R6B-347,E1,2024-05-28T09:50:00+00:00,2474.8380581115134,2024
R6B-347,E1,2024-06-05T09:55:00+00:00,2475.363614988982,2024
R6B-347,E1,2024-06-06T09:05:00+00:00,2479.876946281698,2024
R6B-347,E1,2024-06-07T11:50:00+00:00,2429.614993508675,2024
R6B-347,E1,2024-06-14T08:50:00+00:00,2440.390835682711,2024
R6B-347,E1,2024-06-18T08:05:00+00:00,2431.055299567249,2024
R6B-347,E1,2024-06-20T09:05:00+00:00,2430.1634120123003,2024
R6B-347,E1,2024-06-21T08:05:00+00:00,2431.712429809806,2024
R6B-347,E1,2024-06-24T09:30:00+00:00,2433.801696563202,2024
R6B-347,E1,2024-06-27T12:10:00+00:00,2452.960197662763,2024
R6B-347,E1,2024-06-28T15:50:00+00:00,2453.6014534921396,2024
R6B-347,E1,2024-07-02T08:05:00+00:00,2449.52313027471,2024
R6B-347,E1,2024-07-03T08:15:00+00:00,2464.832874353793,2024
R6B-347,E1,2024-07-04T09:30:00+00:00,2459.304115806565,2024
R6B-347,E1,2024-07-05T08:35:00+00:00,2466.606342955493,2024
R6B-347,E1,2024-07-09T08:05:00+00:00,2462.5263830033628,2024
R6B-347,E1,2024-07-10T09:20:00+00:00,2467.5080740250196,2024
R6B-347,E1,2024-07-11T10:45:00+00:00,2470.1115860306745,2024
R6B-347,E1,2024-07-15T12:15:00+00:00,2476.715369251403,2024
R6B-347,E1,2024-07-16T09:55:00+00:00,2491.3717027890857,2024
R6B-347,E1,2024-07-17T08:45:00+00:00,2491.458549986193,2024
R6B-347,E1,2024-07-18T09:15:00+00:00,2494.3317578411757,2024
R6B-347,E1,2024-07-22T08:05:00+00:00,2487.1415559610778,2024
R6B-347,E1,2024-07-23T09:25:00+00:00,2489.4237868521705,2024
R6B-347,E1,2024-07-24T09:15:00+00:00,2488.6821036026054,2024
R6B-347,E1,2024-07-26T09:35:00+00:00,2494.011019115224,2024
R6B-347,E1,2024-07-29T08:05:00+00:00,2485.387365705974,2024
R6B-347,E1,2024-07-30T11:55:00+00:00,2487.275293514919,2024
R6B-347,E1,2024-07-31T11:15:00+00:00,2491.908979370929,2024
R6B-347,E1,2024-08-01T09:15:00+00:00,2471.6834952559616,2024
R6B-347,E1,2024-08-02T08:30:00+00:00,2486.369223849207,2024
R6B-347,E1,2024-08-05T10:55:00+00:00,2454.8648886297105,2024
R6B-347,E1,2024-08-06T08:45:00+00:00,2452.0296782268747,2024
R6B-347,E1,2024-08-07T13:15:00+00:00,2457.9329621073307,2024
R6B-347,E1,2024-08-08T11:45:00+00:00,2475.140493584014,2024
R6B-347,E1,2024-08-12T12:40:00+00:00,2487.077116359564,2024
R6B-347,E1,2024-08-14T09:20:00+00:00,2490.9205419499904,2024
R6B-347,E1,2024-08-15T08:35:00+00:00,2494.8779645386408,2024
R6B-347,E1,2024-08-16T15:55:00+00:00,2522.0771937998425,2024
R6B-347,E1,2024-08-20T15:40:00+00:00,2525.3648025193684,2024
R6B-347,E1,2024-08-21T10:10:00+00:00,2510.567345635264,2024
R6B-347,E1,2024-08-23T08:20:00+00:00,2517.9422316046716,2024
R6B-347,E1,2024-08-26T08:05:00+00:00,2525.9280736437095,2024
R6B-347,E1,2024-08-29T08:05:00+00:00,2531.0004234346397,2024
R6B-347,E1,2024-08-30T14:30:00+00:00,2517.5222522576582,2024
R6B-347,E1,2024-09-02T08:45:00+00:00,2516.841748030282,2024
R6B-347,E1,2024-09-03T15:20:00+00:00,2495.051855366158,2024
R6B-347,E1,2024-09-04T10:35:00+00:00,2485.5405340089173,2024
R6B-347,E1,2024-09-05T09:25:00+00:00,2501.2496536290605,2024
R6B-347,E1,2024-09-06T12:00:00+00:00,2498.208112642112,2024
R6B-347,E1,2024-09-09T11:45:00+00:00,2495.9146832864612,2024
R6B-347,E1,2024-09-11T09:35:00+00:00,2499.117194462796,2024
R6B-347,E1,2024-09-12T11:55:00+00:00,2501.7870953478996,2024
R6B-347,E1,2024-09-13T08:45:00+00:00,2506.740240091413,2024
R6B-347,E1,2024-09-16T10:20:00+00:00,2506.303721254917,2024
R6B-347,E1,2024-09-17T10:15:00+00:00,2494.2734671297353,2024
R6B-347,E1,2024-09-19T13:10:00+00:00,2508.1222090286706,2024
R6B-347,E1,2024-09-20T10:35:00+00:00,2524.633975353604,2024
R6B-347,E1,2024-09-23T10:40:00+00:00,2521.9741804636915,2024
R6B-347,E1,2024-09-24T11:20:00+00:00,2520.623485764127,2024
R6B-347,E1,2024-09-25T10:30:00+00:00,2513.0636213228117,2024
R6B-347,E1,2024-09-26T12:00:00+00:00,2531.1238711583583,2024
R6B-347,E1,2024-09-30T08:05:00+00:00,2517.731109579714,2024
R6B-347,E1,2024-10-01T13:10:00+00:00,2523.5992971117657,2024
R6B-347,E1,2024-10-03T08:10:00+00:00,2506.922889379933,2024
R6B-347,E1,2024-10-04T10:25:00+00:00,2505.1888010283424,2024
R6B-347,E1,2024-10-10T09:45:00+00:00,2509.091537587225,2024
R6B-347,E1,2024-10-11T10:00:00+00:00,2508.1573920438,2024
R6B-347,E1,2024-10-14T12:40:00+00:00,2501.335492316036,2024
R6B-347,E1,2024-10-16T10:00:00+00:00,2511.8394565610743,2024
R6B-347,E1,2024-10-17T08:35:00+00:00,2516.8120232445563,2024
R6B-347,E1,2024-10-18T08:20:00+00:00,2523.779981390297,2024
R6B-347,E1,2024-10-21T08:05:00+00:00,2528.609738895434,2024
R6B-347,E1,2024-10-22T09:20:00+00:00,2535.064565497046,2024
R6B-347,E1,2024-10-23T13:35:00+00:00,2520.3023138244066,2024
R6B-347,E1,2024-10-24T09:05:00+00:00,2533.7090975503547,2024
R6B-347,E1,2024-10-29T08:35:00+00:00,2538.0566187904615,2024
R6B-347,E1,2024-10-30T08:10:00+00:00,2542.607346460215,2024
R6B-347,E1,2024-11-01T11:55:00+00:00,2542.8943682140152,2024
R6B-347,E1,2024-11-04T11:15:00+00:00,2537.99363246653,2024
R6B-347,E1,2024-11-05T15:10:00+00:00,2533.767161740522,2024
R6B-347,E1,2024-11-06T09:45:00+00:00,2505.197416584249,2024
R6B-347,E1,2024-11-07T15:25:00+00:00,2534.7936524204024,2024
R6B-347,E1,2024-11-12T09:50:00+00:00,2503.862402809623,2024
R6B-347,E1,2024-11-13T09:10:00+00:00,2507.5442540083855,2024
R6B-347,E1,2024-11-18T08:50:00+00:00,2517.1300059299638,2024
R6B-347,E1,2024-11-19T09:05:00+00:00,2528.119411042718,2024
R6B-347,E1,2024-11-20T08:10:00+00:00,2513.2166228814554,2024
R6B-347,E1,2024-11-21T08:35:00+00:00,2523.9718486512484,2024
R6B-347,E1,2024-11-22T09:05:00+00:00,2541.6081127474126,2024
R6B-347,E1,2024-11-25T08:05:00+00:00,2496.441230782297,2024
R6B-347,E1,2024-11-26T09:35:00+00:00,2487.544552970074,2024
R6B-347,E1,2024-11-27T10:15:00+00:00,2499.4801885595393,2024
R6B-347,E1,2024-11-29T09:25:00+00:00,2514.242697337035,2024
R6B-347,E1,2024-12-03T14:15:00+00:00,2519.720250435914,2024
R6B-347,E1,2024-12-04T13:00:00+00:00,2507.851704016732,2024
R6B-347,E1,2024-12-05T13:35:00+00:00,2502.568072135425,2024
R6B-347,E1,2024-12-06T11:30:00+00:00,2502.7116862749963,2024
R6B-347,E1,2024-12-09T09:15:00+00:00,2510.423648266411,2024
R6B-347,E1,2024-12-10T10:00:00+00:00,2507.1353697668737,2024
R6B-347,E1,2024-12-11T08:35:00+00:00,2502.1216299208972,2024
R6B-347,E1,2024-12-12T09:00:00+00:00,2495.657635674222,2024
R6B-347,E1,2024-12-13T09:05:00+00:00,2480.7308552873787,2024
R6B-347,E1,2024-12-17T09:15:00+00:00,2467.270566030812,2024
R6B-347,E1,2024-12-18T08:40:00+00:00,2464.0516110543576,2024
R6B-347,E1,2024-12-19T15:30:00+00:00,2435.589151321105,2024
R6B-347,E1,2024-12-20T10:00:00+00:00,2435.6965782910756,2024
R6B-347,E1,2024-12-23T13:35:00+00:00,2424.4493106938653,2024
R6B-347,E1,2024-12-24T10:40:00+00:00,2419.799504270679,2024
R6B-347,E1,2024-12-26T08:35:00+00:00,2423.324074691342,2024
R6B-347,E1,2024-12-27T14:25:00+00:00,2403.7517128356108,2024
R6B-347,E1,2024-12-30T08:05:00+00:00,2395.614250820299,2024
R6B-347,E1,2024-12-31T09:30:00+00:00,2399.075892807628,2024
R6B-347,E1,2025-01-02T08:45:00+00:00,2406.53818995631,2025
R6B-347,E1,2025-01-03T08:10:00+00:00,2398.723279825359,2025
R6B-347,E1,2025-01-06T09:00:00+00:00,2387.0776131645066,2025
R6B-347,E1,2025-01-07T09:25:00+00:00,2388.202914075363,2025
R6B-347,E1,2025-01-08T14:20:00+00:00,2395.5826437790697,2025
R6B-347,E1,2025-01-09T14:45:00+00:00,2403.095032908565,2025
R6B-347,E1,2025-01-10T10:20:00+00:00,2410.6755115495394,2025
R6B-347,E1,2025-01-14T08:45:00+00:00,2411.979039842239,2025
R6B-347,E1,2025-01-15T14:15:00+00:00,2417.333426124263,2025
R6B-347,E1,2025-01-16T09:10:00+00:00,2416.5475135106303,2025
R6B-347,E1,2025-01-20T12:40:00+00:00,2419.1740036165975,2025
R6B-347,E1,2025-01-21T09:30:00+00:00,2427.0274198352204,2025
R6B-347,E1,2025-01-22T08:50:00+00:00,2430.350561221772,2025
R6B-347,E1,2025-01-24T08:45:00+00:00,2440.199141306974,2025
R6B-347,E1,2025-01-29T09:05:00+00:00,2436.0658081991114,2025
R6B-347,E1,2025-01-30T08:30:00+00:00,2445.3168787777845,2025
R6B-347,E1,2025-02-04T09:50:00+00:00,2441.680935298315,2025
R6B-347,E1,2025-02-05T08:35:00+00:00,2455.7511571278037,2025
R6B-347,E1,2025-02-07T08:05:00+00:00,2459.560776342641,2025
R6B-347,E1,2025-02-10T09:05:00+00:00,2479.7524918510207,2025
R6B-347,E1,2025-02-11T08:50:00+00:00,2469.6379314332,2025
R6B-347,E1,2025-02-13T11:20:00+00:00,2473.798474220886,2025
R6B-347,E1,2025-02-14T09:10:00+00:00,2476.139147849092,2025
R6B-347,E1,2025-02-17T09:40:00+00:00,2480.7486410621823,2025
R6B-347,E1,2025-02-18T10:40:00+00:00,2485.712899155873,2025
R6B-347,E1,2025-02-19T09:50:00+00:00,2490.9443029151926,2025
R6B-347,E1,2025-02-20T08:10:00+00:00,2501.8934563646726,2025
R6B-347,E1,2025-02-21T09:20:00+00:00,2480.0047812274684,2025
R6B-347,E1,2025-02-26T08:05:00+00:00,2474.8051267588044,2025
R6B-347,E1,2025-03-03T08:05:00+00:00,2468.6121402388953,2025
R6B-347,E1,2025-03-04T15:30:00+00:00,2474.1199871439767,2025
R6B-347,E1,2025-03-05T14:00:00+00:00,2457.170159813975,2025
R6B-347,E1,2025-03-06T09:55:00+00:00,2429.8091867209314,2025
R6B-347,E1,2025-03-07T15:45:00+00:00,2428.094872906372,2025
R6B-347,E1,2025-03-11T10:10:00+00:00,2443.9155318912976,2025
R6B-347,E1,2025-03-12T14:10:00+00:00,2439.224467765055,2025
R6B-347,E1,2025-03-13T09:05:00+00:00,2439.2204676131714,2025
R6B-347,E1,2025-03-14T11:55:00+00:00,2442.907092724512,2025
R6B-347,E1,2025-03-18T09:30:00+00:00,2457.29796398031,2025
R6B-347,E1,2025-03-19T13:35:00+00:00,2448.308342174127,2025
R6B-347,E1,2025-03-20T08:05:00+00:00,2438.9657694673624,2025
R6B-347,E1,2025-03-24T08:05:00+00:00,2435.981095622955,2025
R6B-347,E1,2025-03-25T11:45:00+00:00,2440.988944023772,2025
R6B-347,E1,2025-03-26T09:55:00+00:00,2436.23383476504,2025
R6B-347,E1,2025-03-27T08:05:00+00:00,2445.4556178162775,2025
R6B-347,E1,2025-03-28T08:10:00+00:00,2457.799185417444,2025
R6B-347,E1,2025-03-31T09:30:00+00:00,2479.714708477813,2025
R6B-347,E1,2025-04-01T08:50:00+00:00,2482.0256143036936,2025
R6B-347,E1,2025-04-02T08:30:00+00:00,2486.5177646409284,2025
R6B-347,E1,2025-04-07T09:40:00+00:00,2469.2096030156868,2025
R6B-347,E1,2025-04-08T08:35:00+00:00,2482.4469029489433,2025
R6B-347,E1,2025-04-09T09:35:00+00:00,2525.4054268094546,2025
R6B-347,E1,2025-04-10T10:10:00+00:00,2527.459871135009,2025
R6B-347,E1,2025-04-11T08:25:00+00:00,2545.5861975868047,2025
R6B-347,E1,2025-04-14T09:45:00+00:00,2530.5522155915132,2025
R6B-347,E1,2025-04-15T09:15:00+00:00,2538.280500125843,2025
R6B-347,E1,2025-04-16T08:05:00+00:00,2574.7435304552255,2025
R6B-347,E1,2025-04-21T08:05:00+00:00,2599.4396125343724,2025
R6B-347,E1,2025-04-22T09:40:00+00:00,2602.024458071234,2025
R6B-347,E1,2025-04-24T08:10:00+00:00,2612.2246974429586,2025
R6B-347,E1,2025-05-02T10:55:00+00:00,2620.4862575726283,2025
R6B-347,E1,2025-05-05T08:05:00+00:00,2634.2594714322704,2025
R6B-347,E1,2025-05-06T09:05:00+00:00,2655.2297928192525,2025
R6B-347,E1,2025-05-08T09:55:00+00:00,2603.097786987132,2025
R6B-347,E1,2025-05-09T13:00:00+00:00,2609.215106208968,2025
R6B-347,E1,2025-05-13T08:10:00+00:00,2621.4595442836676,2025
R6B-347,E1,2025-05-19T08:05:00+00:00,2615.6442329676697,2025
R6B-347,E1,2025-05-21T13:55:00+00:00,2601.8276611596025,2025
R6B-347,E1,2025-05-22T09:05:00+00:00,2590.737930528385,2025
R6B-347,E1,2025-05-23T08:35:00+00:00,2604.457724462104,2025
R6B-347,E1,2025-05-27T08:15:00+00:00,2569.4714501956364,2025
R6B-347,E1,2025-05-28T08:10:00+00:00,2575.0387010875997,2025
R6B-347,E1,2025-05-29T15:55:00+00:00,2600.578218573444,2025
R6B-347,E1,2025-06-02T08:05:00+00:00,2634.0435817809416,2025
R6B-347,E1,2025-06-04T09:25:00+00:00,2632.4339670754716,2025
R6B-347,E1,2025-06-05T09:05:00+00:00,2625.4857720188943,2025
R6B-347,E1,2025-06-06T08:05:00+00:00,2621.4487854859167,2025
R6B-347,E1,2025-06-09T14:25:00+00:00,2622.502824364015,2025
R6B-347,E1,2025-06-11T09:20:00+00:00,2625.271076387587,2025
R6B-347,E1,2025-06-13T08:05:00+00:00,2636.6264801159255,2025
R6B-347,E1,2025-06-16T08:20:00+00:00,2612.7924427073563,2025
R6B-347,E1,2025-06-25T08:10:00+00:00,2615.032977906416,2025
R6B-347,E1,2025-06-26T10:55:00+00:00,2614.5060038254455,2025
R6B-347,E1,2025-06-30T10:10:00+00:00,2617.4310910569416,2025
R6B-347,E1,2025-07-01T09:05:00+00:00,2634.0393867991806,2025
R6B-347,E1,2025-07-04T09:25:00+00:00,2636.9987007533337,2025
R6B-347,E1,2025-07-08T15:10:00+00:00,2598.727964231713,2025
R6B-347,E1,2025-07-10T08:45:00+00:00,2600.6793225306305,2025
R6B-347,E1,2025-07-11T08:35:00+00:00,2603.027754805696,2025
R6B-347,E1,2025-07-14T08:05:00+00:00,2606.3039969773604,2025
R6B-347,E1,2025-07-15T11:05:00+00:00,2611.4194637480678,2025
R6B-347,E1,2025-07-16T09:20:00+00:00,2615.929302955296,2025
R6B-347,E1,2025-07-18T15:25:00+00:00,2620.95878976325,2025
R6B-347,E1,2025-07-21T09:10:00+00:00,2625.6499132513654,2025
R6B-347,E1,2025-07-23T08:25:00+00:00,2616.251414347102,2025
R6B-347,E1,2025-07-28T11:50:00+00:00,2613.413620084168,2025
R6B-347,E1,2025-07-29T09:45:00+00:00,2616.878978712497,2025
R6B-347,E1,2025-07-30T08:50:00+00:00,2616.0783493561985,2025
R6B-347,E1,2025-07-31T11:00:00+00:00,2614.1306277342665,2025
R6B-347,E1,2025-08-01T13:55:00+00:00,2648.193514585824,2025
R6B-347,E1,2025-08-06T08:30:00+00:00,2632.7909908845545,2025
R6B-347,E1,2025-08-07T09:35:00+00:00,2628.2420082710823,2025
R6B-347,E1,2025-08-13T14:20:00+00:00,2635.7700511684525,2025
R6B-347,E1,2025-08-14T08:05:00+00:00,2618.720053052149,2025
R6B-347,E1,2025-08-15T11:35:00+00:00,2616.3806489304097,2025
R6B-347,E1,2025-08-18T09:55:00+00:00,2616.8170201695943,2025
R6B-347,E1,2025-08-19T08:15:00+00:00,2616.3532186015827,2025
R6B-347,E1,2025-08-20T12:10:00+00:00,2627.5584959014454,2025
R6B-347,E1,2025-08-26T08:25:00+00:00,2624.814257774989,2025
R6B-347,E1,2025-09-01T10:00:00+00:00,2633.08455704324,2025
R6B-347,E1,2025-09-02T08:35:00+00:00,2627.4605431232126,2025
R6B-347,E1,2025-09-03T08:25:00+00:00,2622.1604253612786,2025
R6B-347,E1,2025-09-05T11:35:00+00:00,2615.0680266878744,2025
R6B-347,E1,2025-09-08T14:45:00+00:00,2641.9005929756772,2025
R6B-347,E1,2025-09-09T09:20:00+00:00,2649.8705938096537,2025
R6B-347,E1,2025-09-10T12:55:00+00:00,2649.071703244213,2025
R6B-347,E1,2025-09-12T09:05:00+00:00,2649.726428329921,2025
R6B-347,E1,2025-09-16T09:00:00+00:00,2654.2997141657265,2025
R6B-347,E1,2025-09-19T09:10:00+00:00,2658.392510804341,2025
R6B-347,E1,2025-09-22T08:05:00+00:00,2678.8047863250354,2025
R6B-347,E1,2025-09-23T09:10:00+00:00,2698.409281088758,2025
R6B-347,E1,2025-09-24T13:25:00+00:00,2695.983338346647,2025
R6B-347,E1,2025-09-25T08:05:00+00:00,2701.5019702319864,2025
R6B-347,E1,2025-09-29T08:55:00+00:00,2723.273044987261,2025
R6B-347,E1,2025-09-30T08:05:00+00:00,2728.2930347019524,2025
R6B-347,E1,2025-10-01T08:05:00+00:00,2741.2809007767823,2025
R6B-347,E1,2025-10-02T14:15:00+00:00,2739.8557710306154,2025
R6B-347,E1,2025-10-03T15:45:00+00:00,2754.531636555732,2025
R6B-347,E1,2025-10-06T08:05:00+00:00,2781.7710914749164,2025
R6B-347,E1,2025-10-08T08:05:00+00:00,2807.6383919455916,2025
R6B-347,E1,2025-10-13T08:05:00+00:00,2834.913835863069,2025
R6B-347,E1,2025-10-14T09:15:00+00:00,2833.911326295714,2025
R6B-347,E1,2025-10-15T08:15:00+00:00,2862.876910662625,2025
R6B-347,E1,2025-10-16T08:20:00+00:00,2872.1431369861753,2025
R6B-347,E1,2025-10-20T09:15:00+00:00,2869.4085881666465,2025
R6B-347,E1,2025-10-22T11:45:00+00:00,2787.3813436509495,2025
R6B-347,E1,2025-10-23T14:05:00+00:00,2802.207800992824,2025
R6B-347,E1,2025-10-28T09:05:00+00:00,2721.169573461003,2025
R6B-347,E1,2025-10-29T08:40:00+00:00,2742.3292873414316,2025
R6B-347,E1,2025-10-30T12:35:00+00:00,2743.0751255852615,2025
R6B-347,E1,2025-11-03T11:05:00+00:00,2735.7664736984807,2025
R6B-347,E1,2025-11-05T11:05:00+00:00,2746.206262426079,2025
R6B-347,E1,2025-11-06T15:00:00+00:00,2746.30069185106,2025
R6B-347,E1,2025-11-07T09:10:00+00:00,2754.096319144869,2025
R6B-347,E1,2025-11-10T08:50:00+00:00,2792.7576785661818,2025
R6B-347,E1,2025-11-11T08:30:00+00:00,2798.174409119856,2025
R6B-347,E1,2025-11-13T12:00:00+00:00,2808.7175911912964,2025
R6B-347,E1,2025-11-14T10:50:00+00:00,2783.4815041262077,2025
R6B-347,E1,2025-11-19T13:20:00+00:00,2794.062552494632,2025
R6B-347,E1,2025-11-25T10:20:00+00:00,2788.269126574052,2025
R6B-347,E1,2025-11-26T10:20:00+00:00,2791.35478719379,2025
R6B-347,E1,2025-11-28T08:05:00+00:00,2788.0753000783093,2025
R6B-347,E1,2025-12-01T09:30:00+00:00,2795.299831926334,2025
R6B-347,E1,2025-12-03T09:10:00+00:00,2780.9918838771728,2025
R6B-347,E1,2025-12-05T12:10:00+00:00,2789.035437682453,2025
R6B-347,E1,2025-12-08T13:35:00+00:00,2780.726769408827,2025
R6B-347,E1,2025-12-10T09:20:00+00:00,2766.117360063366,2025
R6B-347,E1,2025-12-11T08:15:00+00:00,2746.910640869921,2025
R6B-347,E1,2025-12-12T15:10:00+00:00,2783.62179146286,2025
R6B-347,E1,2025-12-15T09:05:00+00:00,2803.770322053026,2025
R6B-347,E1,2025-12-17T09:35:00+00:00,2801.487461423546,2025
R6B-347,E1,2025-12-22T08:05:00+00:00,2832.980609868119,2025
R6B-347,E1,2025-12-23T08:10:00+00:00,2847.3170317074496,2025
R6B-347,E1,2025-12-24T08:05:00+00:00,2827.395385168482,2025
R6B-347,E1,2025-12-26T08:10:00+00:00,2832.554822930241,2025
R6B-347,E1,2025-12-30T08:20:00+00:00,2843.6673110975657,2025
R6B-347,STRESS,2004-11-09T13:50:00+00:00,9981.639169666674,2004
R6B-347,STRESS,2004-11-16T15:50:00+00:00,10042.18577543943,2004
R6B-347,STRESS,2004-11-17T14:25:00+00:00,10091.04010859161,2004
R6B-347,STRESS,2004-11-22T14:15:00+00:00,10065.14612612694,2004
R6B-347,STRESS,2004-11-24T14:55:00+00:00,10069.20031063447,2004
R6B-347,STRESS,2004-11-26T08:20:00+00:00,10083.512573602962,2004
R6B-347,STRESS,2004-12-02T15:55:00+00:00,9946.30176052562,2004
R6B-347,STRESS,2004-12-13T09:30:00+00:00,9981.425704084591,2004
R6B-347,STRESS,2004-12-16T11:20:00+00:00,9953.971174046257,2004
R6B-347,STRESS,2004-12-22T15:50:00+00:00,9909.140386434643,2004
R6B-347,STRESS,2004-12-24T12:00:00+00:00,9890.066078939184,2004
R6B-347,STRESS,2004-12-27T12:55:00+00:00,9859.64594579773,2004
R6B-347,STRESS,2004-12-29T15:15:00+00:00,9733.757517210623,2004
R6B-347,STRESS,2004-12-31T15:10:00+00:00,9734.081232518602,2004
R6B-347,STRESS,2005-01-06T10:05:00+00:00,9692.063414266871,2005
R6B-347,STRESS,2005-01-10T08:05:00+00:00,9684.524952093561,2005
R6B-347,STRESS,2005-01-11T09:15:00+00:00,9709.697455250158,2005
R6B-347,STRESS,2005-01-12T14:35:00+00:00,9725.254347162463,2005
R6B-347,STRESS,2005-01-18T11:55:00+00:00,9706.476227645011,2005
R6B-347,STRESS,2005-01-19T15:45:00+00:00,9726.451101443832,2005
R6B-347,STRESS,2005-01-21T15:45:00+00:00,9728.917505788393,2005
R6B-347,STRESS,2005-01-27T14:15:00+00:00,9640.399585868181,2005
R6B-347,STRESS,2005-01-28T08:15:00+00:00,9617.796314961024,2005
R6B-347,STRESS,2005-02-09T15:50:00+00:00,9571.348847998768,2005
R6B-347,STRESS,2005-02-10T08:40:00+00:00,9565.195809270162,2005
R6B-347,STRESS,2005-02-11T11:35:00+00:00,9535.697010982723,2005
R6B-347,STRESS,2005-02-14T09:05:00+00:00,9556.107615139352,2005
R6B-347,STRESS,2005-02-18T15:00:00+00:00,9563.013068397022,2005
R6B-347,STRESS,2005-02-22T14:25:00+00:00,9661.298014846658,2005
R6B-347,STRESS,2005-02-28T08:40:00+00:00,9661.178267907293,2005
R6B-347,STRESS,2005-03-08T15:50:00+00:00,9708.087433684288,2005
R6B-347,STRESS,2005-03-09T15:50:00+00:00,9683.077635315614,2005
R6B-347,STRESS,2005-03-16T15:30:00+00:00,9724.255564756115,2005
R6B-347,STRESS,2005-03-23T15:00:00+00:00,9670.32198910467,2005
R6B-347,STRESS,2005-03-24T11:45:00+00:00,9655.980801540447,2005
R6B-347,STRESS,2005-03-28T08:30:00+00:00,9622.504517126112,2005
R6B-347,STRESS,2005-03-29T08:55:00+00:00,9626.777002056842,2005
R6B-347,STRESS,2005-03-31T15:55:00+00:00,9632.727329255715,2005
R6B-347,STRESS,2005-04-07T13:55:00+00:00,9647.012055887948,2005
R6B-347,STRESS,2005-04-12T10:40:00+00:00,9617.066126351654,2005
R6B-347,STRESS,2005-04-18T15:35:00+00:00,9650.991269225045,2005
R6B-347,STRESS,2005-04-19T14:35:00+00:00,9748.044761328863,2005
R6B-347,STRESS,2005-04-21T13:00:00+00:00,9711.615525492749,2005
R6B-347,STRESS,2005-04-28T14:50:00+00:00,9639.456107086791,2005
R6B-347,STRESS,2005-05-02T14:25:00+00:00,9482.908380772902,2005
R6B-347,STRESS,2005-05-06T08:20:00+00:00,9454.626994382146,2005
R6B-347,STRESS,2005-05-17T08:05:00+00:00,9431.871756843026,2005
R6B-347,STRESS,2005-05-24T15:00:00+00:00,9436.28770579545,2005
R6B-347,STRESS,2005-06-06T12:40:00+00:00,9459.75273172394,2005
R6B-347,STRESS,2005-06-07T14:25:00+00:00,9405.258170522206,2005
R6B-347,STRESS,2005-06-20T14:55:00+00:00,9374.603394687645,2005
R6B-347,STRESS,2005-06-22T11:45:00+00:00,9320.810100666555,2005
R6B-347,STRESS,2005-06-24T15:20:00+00:00,9243.239112015075,2005
R6B-347,STRESS,2005-06-30T11:00:00+00:00,9201.242071318402,2005
R6B-347,STRESS,2005-07-04T08:05:00+00:00,9171.235700148818,2005
R6B-347,STRESS,2005-07-06T08:05:00+00:00,9179.522817199217,2005
R6B-347,STRESS,2005-07-07T15:25:00+00:00,9186.98918793946,2005
R6B-347,STRESS,2005-07-11T14:55:00+00:00,9177.446784680968,2005
R6B-347,STRESS,2005-08-01T15:45:00+00:00,9168.440631042218,2005
R6B-347,STRESS,2005-08-05T14:25:00+00:00,9165.065095571179,2005
R6B-347,STRESS,2005-08-12T14:55:00+00:00,9139.2380390292,2005
R6B-347,STRESS,2005-08-23T15:00:00+00:00,9096.557351063033,2005
R6B-347,STRESS,2005-08-25T15:00:00+00:00,9074.664439999422,2005
R6B-347,STRESS,2005-08-26T15:25:00+00:00,9076.627943421592,2005
R6B-347,STRESS,2005-08-29T08:10:00+00:00,9076.754462018322,2005
R6B-347,STRESS,2005-09-02T14:55:00+00:00,9041.64204696952,2005
R6B-347,STRESS,2005-09-05T11:55:00+00:00,9027.164842636184,2005
R6B-347,STRESS,2005-09-07T15:00:00+00:00,9037.110583754991,2005
R6B-347,STRESS,2005-09-12T08:05:00+00:00,8988.490219585248,2005
R6B-347,STRESS,2005-09-14T08:05:00+00:00,8999.985392278173,2005
R6B-347,STRESS,2005-09-16T12:35:00+00:00,9052.131031717052,2005
R6B-347,STRESS,2005-09-20T15:25:00+00:00,9001.172747934777,2005
R6B-347,STRESS,2005-09-21T08:05:00+00:00,9018.270824016732,2005
R6B-347,STRESS,2005-09-22T12:15:00+00:00,9006.778445034815,2005
R6B-347,STRESS,2005-10-04T13:45:00+00:00,9019.708183342796,2005
R6B-347,STRESS,2005-10-10T15:20:00+00:00,8962.279004844102,2005
R6B-347,STRESS,2005-10-11T11:55:00+00:00,8938.687649329837,2005
R6B-347,STRESS,2005-10-12T12:00:00+00:00,8980.297476716707,2005
R6B-347,STRESS,2005-10-17T08:15:00+00:00,9020.252253916404,2005
R6B-347,STRESS,2005-10-26T14:15:00+00:00,8998.283859945195,2005
R6B-347,STRESS,2005-11-03T11:45:00+00:00,9009.06382703498,2005
R6B-347,STRESS,2005-11-04T08:15:00+00:00,8996.599761251411,2005
R6B-347,STRESS,2005-11-09T14:25:00+00:00,8988.561968321485,2005
R6B-347,STRESS,2005-11-14T14:25:00+00:00,8918.487294857528,2005
R6B-347,STRESS,2005-11-16T12:00:00+00:00,8933.164557520875,2005
R6B-347,STRESS,2005-11-17T09:00:00+00:00,8873.445539807992,2005
R6B-347,STRESS,2005-11-18T14:25:00+00:00,8873.98216820604,2005
R6B-347,STRESS,2005-11-21T13:05:00+00:00,8904.544965585534,2005
R6B-347,STRESS,2005-11-22T08:20:00+00:00,8910.060482665534,2005
R6B-347,STRESS,2005-11-24T12:05:00+00:00,8884.524173351701,2005
R6B-347,STRESS,2005-11-25T08:05:00+00:00,8895.826608114778,2005
R6B-347,STRESS,2005-11-28T08:05:00+00:00,8895.975465637885,2005
R6B-347,STRESS,2005-11-29T08:55:00+00:00,8837.728871787185,2005
R6B-347,STRESS,2005-12-05T08:15:00+00:00,8843.426543116222,2005
R6B-347,STRESS,2005-12-06T08:05:00+00:00,8788.785635328271,2005
R6B-347,STRESS,2005-12-07T14:35:00+00:00,8790.909123599566,2005
R6B-347,STRESS,2005-12-08T08:40:00+00:00,8768.147010020706,2005
R6B-347,STRESS,2005-12-09T08:10:00+00:00,8770.18966990019,2005
R6B-347,STRESS,2005-12-12T08:15:00+00:00,8896.344011492914,2005
R6B-347,STRESS,2005-12-19T11:50:00+00:00,8965.147841358817,2005
R6B-347,STRESS,2005-12-21T15:25:00+00:00,8944.197512894358,2005
R6B-347,STRESS,2005-12-22T08:15:00+00:00,8904.506744859944,2005
R6B-347,STRESS,2005-12-27T08:10:00+00:00,8932.124773395371,2005
R6B-347,STRESS,2005-12-28T08:10:00+00:00,8944.294035824898,2005
R6B-347,STRESS,2006-01-03T08:05:00+00:00,8971.223831682115,2006
R6B-347,STRESS,2006-01-06T12:10:00+00:00,9012.177863919724,2006
R6B-347,STRESS,2006-01-09T08:45:00+00:00,9012.672736119077,2006
R6B-347,STRESS,2006-01-16T16:00:00+00:00,9059.603449079359,2006
R6B-347,STRESS,2006-01-17T08:30:00+00:00,8970.898140916497,2006
R6B-347,STRESS,2006-01-19T10:00:00+00:00,8966.514800740395,2006
R6B-347,STRESS,2006-01-20T08:05:00+00:00,8900.49799459698,2006
R6B-347,STRESS,2006-01-30T08:30:00+00:00,8909.403469564184,2006
R6B-347,STRESS,2006-01-31T08:30:00+00:00,8897.272750538568,2006
R6B-347,STRESS,2006-02-07T12:45:00+00:00,8840.745307137986,2006
R6B-347,STRESS,2006-02-09T08:10:00+00:00,8873.434021267301,2006
R6B-347,STRESS,2006-02-10T08:05:00+00:00,8694.59570887109,2006
R6B-347,STRESS,2006-02-16T15:25:00+00:00,8659.316640657225,2006
R6B-347,STRESS,2006-02-20T15:30:00+00:00,8675.808784655686,2006
R6B-347,STRESS,2006-02-21T08:15:00+00:00,8593.995015135708,2006
R6B-347,STRESS,2006-02-24T13:55:00+00:00,8632.215514705513,2006
R6B-347,STRESS,2006-02-28T12:05:00+00:00,8643.282925836436,2006
R6B-347,STRESS,2006-03-07T09:45:00+00:00,8576.929681214076,2006
R6B-347,STRESS,2006-03-09T15:50:00+00:00,8606.15443536282,2006
R6B-347,STRESS,2006-03-13T09:00:00+00:00,8600.594405221853,2006
R6B-347,STRESS,2006-03-27T15:40:00+00:00,8676.392113684473,2006
R6B-347,STRESS,2006-03-30T14:25:00+00:00,8783.408591436328,2006
R6B-347,STRESS,2006-04-03T12:00:00+00:00,8788.669601967818,2006
R6B-347,STRESS,2006-04-06T13:25:00+00:00,8809.663402636943,2006
R6B-347,STRESS,2006-04-10T08:05:00+00:00,8901.646059229224,2006
R6B-347,STRESS,2006-04-11T10:20:00+00:00,8872.084241460387,2006
R6B-347,STRESS,2006-04-12T09:10:00+00:00,8834.739491410823,2006
R6B-347,STRESS,2006-04-14T08:30:00+00:00,8857.098442627594,2006
R6B-347,STRESS,2006-04-17T08:05:00+00:00,8931.76828825883,2006
R6B-347,STRESS,2006-04-18T10:35:00+00:00,8928.522341066922,2006
R6B-347,STRESS,2006-04-20T15:20:00+00:00,8516.613772390328,2006
R6B-347,STRESS,2006-04-21T15:40:00+00:00,8664.808318563719,2006
R6B-347,STRESS,2006-04-24T08:05:00+00:00,8578.015184549846,2006
R6B-347,STRESS,2006-04-25T15:45:00+00:00,8629.199577190351,2006
R6B-347,STRESS,2006-04-26T14:10:00+00:00,8692.69936750153,2006
R6B-347,STRESS,2006-04-27T08:05:00+00:00,8661.536745258518,2006
R6B-347,STRESS,2006-05-01T10:50:00+00:00,8706.138563454451,2006
R6B-347,STRESS,2006-05-03T14:40:00+00:00,8599.338664075667,2006
R6B-347,STRESS,2006-05-05T14:20:00+00:00,8521.195925018752,2006
R6B-347,STRESS,2006-05-08T08:05:00+00:00,8473.161386991933,2006
R6B-347,STRESS,2006-05-09T08:05:00+00:00,8422.87827248113,2006
R6B-347,STRESS,2006-05-10T14:50:00+00:00,8378.93406359273,2006
R6B-347,STRESS,2006-05-11T12:40:00+00:00,8405.327548984818,2006
R6B-347,STRESS,2006-05-12T15:10:00+00:00,8375.89728648462,2006
R6B-347,STRESS,2006-05-15T08:30:00+00:00,8054.2147310095725,2006
R6B-347,STRESS,2006-05-16T09:05:00+00:00,7990.233497058304,2006
R6B-347,STRESS,2006-05-17T08:10:00+00:00,8217.479937064521,2006
R6B-347,STRESS,2006-05-22T08:20:00+00:00,7949.328702060117,2006
R6B-347,STRESS,2006-05-23T08:05:00+00:00,7932.885397321567,2006
R6B-347,STRESS,2006-05-24T14:55:00+00:00,7634.593750942391,2006
R6B-347,STRESS,2006-05-25T15:20:00+00:00,7614.609029013466,2006
R6B-347,STRESS,2006-05-26T08:05:00+00:00,7642.680587371349,2006
R6B-347,STRESS,2006-05-30T15:05:00+00:00,7711.331215072704,2006
R6B-347,STRESS,2006-05-31T15:00:00+00:00,7618.463022379443,2006
R6B-347,STRESS,2006-06-05T08:05:00+00:00,7623.573985534073,2006
R6B-347,STRESS,2006-06-14T16:00:00+00:00,7587.151902058862,2006
R6B-347,STRESS,2006-06-15T13:10:00+00:00,7687.804253851273,2006
R6B-347,STRESS,2006-06-16T08:10:00+00:00,7714.013356498469,2006
R6B-347,STRESS,2006-06-20T13:50:00+00:00,7695.312878841492,2006
R6B-347,STRESS,2006-06-22T09:40:00+00:00,7711.484866382552,2006
R6B-347,STRESS,2006-06-23T09:25:00+00:00,7670.9853131526925,2006
R6B-347,STRESS,2006-06-27T08:25:00+00:00,7697.342274029566,2006
R6B-347,STRESS,2006-06-29T08:20:00+00:00,7699.0592391980435,2006
R6B-347,STRESS,2006-07-03T08:15:00+00:00,7722.65934633564,2006
R6B-347,STRESS,2006-07-05T08:05:00+00:00,7670.97863659782,2006
R6B-347,STRESS,2006-07-10T11:10:00+00:00,7551.150096334821,2006
R6B-347,STRESS,2006-07-13T15:35:00+00:00,7481.960489026433,2006
R6B-347,STRESS,2006-07-17T08:05:00+00:00,7534.435909188492,2006
R6B-347,STRESS,2006-07-18T09:55:00+00:00,7484.75384462242,2006
R6B-347,STRESS,2006-07-25T08:05:00+00:00,7508.717570606116,2006
R6B-347,STRESS,2006-07-27T14:55:00+00:00,7567.453010007765,2006
R6B-347,STRESS,2006-07-28T08:05:00+00:00,7489.806649422399,2006
R6B-347,STRESS,2006-07-31T08:05:00+00:00,7443.011294414659,2006
R6B-347,STRESS,2006-08-01T08:10:00+00:00,7375.29312567234,2006
R6B-347,STRESS,2006-08-02T09:20:00+00:00,7368.175832766989,2006
R6B-347,STRESS,2006-08-07T11:50:00+00:00,7328.736937298712,2006
R6B-347,STRESS,2006-08-09T15:45:00+00:00,7460.810335894794,2006
R6B-347,STRESS,2006-08-10T14:35:00+00:00,7315.2731715060245,2006
R6B-347,STRESS,2006-08-11T08:15:00+00:00,7339.853956374289,2006
R6B-347,STRESS,2006-08-16T15:55:00+00:00,7371.640275594138,2006
R6B-347,STRESS,2006-08-17T11:55:00+00:00,7372.871709018683,2006
R6B-347,STRESS,2006-08-18T15:50:00+00:00,7290.739087938409,2006
R6B-347,STRESS,2006-08-21T09:00:00+00:00,7349.8496570436755,2006
R6B-347,STRESS,2006-08-24T13:20:00+00:00,7358.2432435935525,2006
R6B-347,STRESS,2006-08-29T08:10:00+00:00,7351.821075292612,2006
R6B-347,STRESS,2006-08-31T12:25:00+00:00,7394.768130127483,2006
R6B-347,STRESS,2006-09-05T12:05:00+00:00,7413.964194079177,2006
R6B-347,STRESS,2006-09-07T15:10:00+00:00,7205.157085066258,2006
R6B-347,STRESS,2006-09-08T11:10:00+00:00,7116.590254016744,2006
R6B-347,STRESS,2006-09-12T11:35:00+00:00,7118.626913405727,2006
R6B-347,STRESS,2006-09-14T13:20:00+00:00,7098.675703462742,2006
R6B-347,STRESS,2006-09-15T12:15:00+00:00,7048.539727760208,2006
R6B-347,STRESS,2006-09-20T15:10:00+00:00,7171.62967632417,2006
R6B-347,STRESS,2006-09-21T11:50:00+00:00,7209.317638387442,2006
R6B-347,STRESS,2006-09-22T08:30:00+00:00,7215.816701257563,2006
R6B-347,STRESS,2006-09-25T13:30:00+00:00,7162.936123314151,2006
R6B-347,STRESS,2006-09-26T08:20:00+00:00,7145.858789919705,2006
R6B-347,STRESS,2006-09-27T12:25:00+00:00,7160.047903259699,2006
R6B-347,STRESS,2006-09-29T12:00:00+00:00,7137.829500560958,2006
R6B-347,STRESS,2006-10-02T08:05:00+00:00,7138.876697061471,2006
R6B-347,STRESS,2006-10-03T11:45:00+00:00,7076.60271922114,2006
R6B-347,STRESS,2006-10-04T14:25:00+00:00,7025.996655457361,2006
R6B-347,STRESS,2006-10-05T08:30:00+00:00,7006.423806639596,2006
R6B-347,STRESS,2006-10-09T08:05:00+00:00,7066.406468311788,2006
R6B-347,STRESS,2006-10-10T15:15:00+00:00,6966.689485965952,2006
R6B-347,STRESS,2006-10-12T15:15:00+00:00,6988.943329387417,2006
R6B-347,STRESS,2006-10-16T08:05:00+00:00,6979.881650212,2006
R6B-347,STRESS,2006-10-18T09:50:00+00:00,6994.79347221732,2006
R6B-347,STRESS,2006-10-19T16:00:00+00:00,7082.796957052056,2006
R6B-347,STRESS,2006-10-20T15:10:00+00:00,6988.848177086884,2006
R6B-347,STRESS,2006-10-26T08:30:00+00:00,6969.321936900573,2006
R6B-347,STRESS,2006-10-30T08:45:00+00:00,7006.783048882867,2006
R6B-347,STRESS,2006-11-01T09:40:00+00:00,6993.476458046444,2006
R6B-347,STRESS,2006-11-06T08:20:00+00:00,6955.9874311656295,2006
R6B-347,STRESS,2006-11-07T12:35:00+00:00,6935.434744225019,2006
R6B-347,STRESS,2006-11-08T11:50:00+00:00,6910.138062578127,2006
R6B-347,STRESS,2006-11-13T08:50:00+00:00,6884.277174464548,2006
R6B-347,STRESS,2006-11-24T08:55:00+00:00,6902.987203962337,2006
R6B-347,STRESS,2006-11-27T08:05:00+00:00,6887.274826143015,2006
R6B-347,STRESS,2006-12-05T08:35:00+00:00,6837.213340377687,2006
R6B-347,STRESS,2006-12-07T15:40:00+00:00,6780.376493037359,2006
R6B-347,STRESS,2006-12-11T15:45:00+00:00,6775.748188637741,2006
R6B-347,STRESS,2006-12-18T13:55:00+00:00,6747.352507390317,2006
R6B-347,STRESS,2006-12-22T15:45:00+00:00,6723.188271777678,2006
R6B-347,STRESS,2006-12-26T08:05:00+00:00,6733.119719933193,2006
R6B-347,STRESS,2007-01-02T15:40:00+00:00,6743.321707183491,2007
R6B-347,STRESS,2007-01-04T11:05:00+00:00,6692.410835266204,2007
R6B-347,STRESS,2007-01-08T08:05:00+00:00,6685.627874497545,2007
R6B-347,STRESS,2007-01-09T08:25:00+00:00,6702.80451067302,2007
R6B-347,STRESS,2007-01-11T15:55:00+00:00,6714.6408640695545,2007
R6B-347,STRESS,2007-01-12T15:35:00+00:00,6760.409249434544,2007
R6B-347,STRESS,2007-01-23T15:45:00+00:00,6863.187046926234,2007
R6B-347,STRESS,2007-01-29T08:05:00+00:00,6829.29637806916,2007
R6B-347,STRESS,2007-02-05T08:10:00+00:00,6808.810317301929,2007
R6B-347,STRESS,2007-02-08T11:05:00+00:00,6771.375760345923,2007
R6B-347,STRESS,2007-02-13T15:45:00+00:00,6766.582627349964,2007
R6B-347,STRESS,2007-02-19T09:50:00+00:00,6760.888197302923,2007
R6B-347,STRESS,2007-02-21T08:30:00+00:00,6738.043723168779,2007
R6B-347,STRESS,2007-02-26T09:25:00+00:00,6714.475236339061,2007
R6B-347,STRESS,2007-02-28T12:15:00+00:00,6731.62095982641,2007
R6B-347,STRESS,2007-03-01T08:15:00+00:00,6686.579893825808,2007
R6B-347,STRESS,2007-03-06T14:00:00+00:00,6672.078766169834,2007
R6B-347,STRESS,2007-03-12T15:30:00+00:00,6637.791581168581,2007
R6B-347,STRESS,2007-03-15T08:05:00+00:00,6615.166977990932,2007
R6B-347,STRESS,2007-03-19T08:45:00+00:00,6620.534366547057,2007
R6B-347,STRESS,2007-03-20T08:15:00+00:00,6596.444281398938,2007
R6B-347,STRESS,2007-03-21T15:55:00+00:00,6577.359073623439,2007
R6B-347,STRESS,2007-03-26T08:15:00+00:00,6571.425009644382,2007
R6B-347,STRESS,2007-03-30T09:20:00+00:00,6562.13458596286,2007
R6B-347,STRESS,2007-04-03T12:55:00+00:00,6542.599130090033,2007
R6B-347,STRESS,2007-04-10T09:20:00+00:00,6572.523516858827,2007
R6B-347,STRESS,2007-04-12T15:40:00+00:00,6514.43305397489,2007
R6B-347,STRESS,2007-04-13T08:05:00+00:00,6507.089796525624,2007
R6B-347,STRESS,2007-04-16T09:55:00+00:00,6515.782597822097,2007
R6B-347,STRESS,2007-04-18T09:25:00+00:00,6527.251768126962,2007
R6B-347,STRESS,2007-04-19T08:30:00+00:00,6456.925120353615,2007
R6B-347,STRESS,2007-04-20T08:20:00+00:00,6456.825388334056,2007
R6B-347,STRESS,2007-04-23T08:10:00+00:00,6416.015239376363,2007
R6B-347,STRESS,2007-05-03T15:45:00+00:00,6459.99183863076,2007
R6B-347,STRESS,2007-05-07T12:50:00+00:00,6459.517895919222,2007
R6B-347,STRESS,2007-05-09T12:10:00+00:00,6440.917153443635,2007
R6B-347,STRESS,2007-05-11T11:45:00+00:00,6435.209763328588,2007
R6B-347,STRESS,2007-05-14T08:15:00+00:00,6453.870682282303,2007
R6B-347,STRESS,2007-05-15T14:00:00+00:00,6428.517644165528,2007
R6B-347,STRESS,2007-05-18T08:10:00+00:00,6448.552929971197,2007
R6B-347,STRESS,2007-05-22T15:50:00+00:00,6424.4716281678075,2007
R6B-347,STRESS,2007-05-23T13:20:00+00:00,6439.439157190805,2007
R6B-347,STRESS,2007-05-28T08:20:00+00:00,6430.400764730797,2007
R6B-347,STRESS,2007-05-31T08:10:00+00:00,6443.087166939152,2007
R6B-347,STRESS,2007-06-01T08:15:00+00:00,6434.6572863615875,2007
R6B-347,STRESS,2007-06-05T14:25:00+00:00,6410.515199176436,2007
R6B-347,STRESS,2007-06-06T08:10:00+00:00,6394.519645915713,2007
R6B-347,STRESS,2007-06-07T14:05:00+00:00,6363.689237059115,2007
R6B-347,STRESS,2007-06-08T11:40:00+00:00,6296.444523784847,2007
R6B-347,STRESS,2007-06-11T08:05:00+00:00,6308.454331262691,2007
R6B-347,STRESS,2007-06-12T11:25:00+00:00,6268.019801821547,2007
R6B-347,STRESS,2007-06-18T08:35:00+00:00,6272.860986924454,2007
R6B-347,STRESS,2007-06-19T08:05:00+00:00,6259.186450514577,2007
R6B-347,STRESS,2007-06-21T14:55:00+00:00,6217.12729644265,2007
R6B-347,STRESS,2007-06-28T08:20:00+00:00,6218.590593833876,2007
R6B-347,STRESS,2007-07-02T09:40:00+00:00,6207.832724801702,2007
R6B-347,STRESS,2007-07-04T08:15:00+00:00,6197.300260611984,2007
R6B-347,STRESS,2007-07-11T08:15:00+00:00,6192.966377106032,2007
R6B-347,STRESS,2007-07-12T09:40:00+00:00,6200.092510457205,2007
R6B-347,STRESS,2007-07-13T15:40:00+00:00,6190.596152023802,2007
R6B-347,STRESS,2007-07-16T11:15:00+00:00,6183.5901055929735,2007
R6B-347,STRESS,2007-07-17T08:20:00+00:00,6162.012230483738,2007
R6B-347,STRESS,2007-07-18T11:20:00+00:00,6163.025460739438,2007
R6B-347,STRESS,2007-07-23T13:30:00+00:00,6160.0209872656405,2007
R6B-347,STRESS,2007-07-24T09:00:00+00:00,6147.79731874002,2007
R6B-347,STRESS,2007-07-27T08:15:00+00:00,6114.596453068719,2007
R6B-347,STRESS,2007-07-30T14:45:00+00:00,6113.114360047911,2007
R6B-347,STRESS,2007-07-31T08:30:00+00:00,6101.7080794642,2007
R6B-347,STRESS,2007-08-06T14:50:00+00:00,6072.7872423874815,2007
R6B-347,STRESS,2007-08-20T15:45:00+00:00,6069.957610846769,2007
R6B-347,STRESS,2007-08-21T11:55:00+00:00,6060.253926853383,2007
R6B-347,STRESS,2007-08-23T10:10:00+00:00,6062.525510885998,2007
R6B-347,STRESS,2007-08-28T15:20:00+00:00,6013.215582730233,2007
R6B-347,STRESS,2007-08-29T12:55:00+00:00,6024.905119311316,2007
R6B-347,STRESS,2007-08-31T11:25:00+00:00,6056.960274605368,2007
R6B-347,STRESS,2007-09-03T15:55:00+00:00,6040.7155432252475,2007
R6B-347,STRESS,2007-09-04T12:45:00+00:00,6031.869273949207,2007
R6B-347,STRESS,2007-09-06T09:40:00+00:00,6024.780089125229,2007
R6B-347,STRESS,2007-09-10T15:05:00+00:00,6010.408879342239,2007
R6B-347,STRESS,2007-09-11T14:55:00+00:00,6011.996538561152,2007
R6B-347,STRESS,2007-09-12T13:35:00+00:00,5977.193770011553,2007
R6B-347,STRESS,2007-09-17T09:55:00+00:00,5964.943741329412,2007
R6B-347,STRESS,2007-09-20T08:15:00+00:00,6004.98462785052,2007
R6B-347,STRESS,2007-09-21T13:00:00+00:00,5992.783234372161,2007
R6B-347,STRESS,2007-09-24T09:10:00+00:00,5976.301352996905,2007
R6B-347,STRESS,2007-09-27T14:10:00+00:00,5993.935115422509,2007
R6B-347,STRESS,2007-09-28T08:40:00+00:00,6017.547517806301,2007
R6B-347,STRESS,2007-10-01T11:40:00+00:00,6004.185825159014,2007
R6B-347,STRESS,2007-10-03T08:20:00+00:00,5999.431684881829,2007
R6B-347,STRESS,2007-10-10T08:20:00+00:00,6002.261856194883,2007
R6B-347,STRESS,2007-10-11T11:30:00+00:00,6030.514580314994,2007
R6B-347,STRESS,2007-10-15T09:25:00+00:00,6059.017137687895,2007
R6B-347,STRESS,2007-10-16T12:55:00+00:00,6032.955715688182,2007
R6B-347,STRESS,2007-10-17T09:00:00+00:00,5984.004643464903,2007
R6B-347,STRESS,2007-10-18T08:50:00+00:00,5968.781133357586,2007
R6B-347,STRESS,2007-10-23T08:30:00+00:00,5970.5598458346285,2007
R6B-347,STRESS,2007-10-26T08:10:00+00:00,6011.276236377552,2007
R6B-347,STRESS,2007-10-29T08:05:00+00:00,6021.667724369552,2007
R6B-347,STRESS,2007-10-31T13:45:00+00:00,6039.296257242749,2007
R6B-347,STRESS,2007-11-06T14:20:00+00:00,6129.7053120411965,2007
R6B-347,STRESS,2007-11-07T08:25:00+00:00,6210.739042185514,2007
R6B-347,STRESS,2007-11-08T11:35:00+00:00,6179.532646909001,2007
R6B-347,STRESS,2007-11-13T11:30:00+00:00,6154.047651651183,2007
R6B-347,STRESS,2007-11-14T10:25:00+00:00,6167.914375014402,2007
R6B-347,STRESS,2007-11-15T09:20:00+00:00,6108.421955948338,2007
R6B-347,STRESS,2007-11-16T09:30:00+00:00,6081.240124621399,2007
R6B-347,STRESS,2007-11-19T08:15:00+00:00,6046.917029107983,2007
R6B-347,STRESS,2007-11-20T15:20:00+00:00,6134.864978842874,2007
R6B-347,STRESS,2007-11-21T15:30:00+00:00,6044.514189493555,2007
R6B-347,STRESS,2007-11-22T11:45:00+00:00,6030.150565534504,2007
R6B-347,STRESS,2007-11-23T09:30:00+00:00,6051.196306812955,2007
R6B-347,STRESS,2007-11-26T08:20:00+00:00,6052.10170173632,2007
R6B-347,STRESS,2007-11-27T11:05:00+00:00,6021.670304389125,2007
R6B-347,STRESS,2007-11-29T14:05:00+00:00,5968.987970369919,2007
R6B-347,STRESS,2007-11-30T09:55:00+00:00,5942.327897092336,2007
R6B-347,STRESS,2007-12-03T08:20:00+00:00,5930.761989133053,2007
R6B-347,STRESS,2007-12-05T14:15:00+00:00,5855.968558379525,2007
R6B-347,STRESS,2007-12-10T11:50:00+00:00,5862.862122076404,2007
R6B-347,STRESS,2007-12-11T15:25:00+00:00,5849.5531385044305,2007
R6B-347,STRESS,2007-12-12T14:40:00+00:00,5896.587226850728,2007
R6B-347,STRESS,2007-12-14T08:05:00+00:00,5884.3209082057265,2007
R6B-347,STRESS,2007-12-17T08:05:00+00:00,5852.683420828737,2007
R6B-347,STRESS,2007-12-21T12:25:00+00:00,5875.492981154378,2007
R6B-347,STRESS,2007-12-26T08:05:00+00:00,5901.938095837452,2007
R6B-347,STRESS,2007-12-31T08:05:00+00:00,5889.903161398646,2007
R6B-347,STRESS,2008-01-02T08:05:00+00:00,5899.747265778703,2008
R6B-347,STRESS,2008-01-08T09:30:00+00:00,5981.60122874641,2008
R6B-347,STRESS,2008-01-09T08:05:00+00:00,5993.962353461613,2008
R6B-347,STRESS,2008-01-10T09:20:00+00:00,5951.704709773658,2008
R6B-347,STRESS,2008-01-14T09:15:00+00:00,6016.230370079703,2008
R6B-347,STRESS,2008-01-15T09:20:00+00:00,5986.170569314809,2008
R6B-347,STRESS,2008-01-16T11:30:00+00:00,5870.343107257499,2008
R6B-347,STRESS,2008-01-17T14:45:00+00:00,5900.544428196619,2008
R6B-347,STRESS,2008-01-25T14:40:00+00:00,5934.625072954769,2008
R6B-347,STRESS,2008-01-28T08:05:00+00:00,5928.709928002339,2008
R6B-347,STRESS,2008-02-04T08:55:00+00:00,5899.923654778332,2008
R6B-347,STRESS,2008-02-05T08:50:00+00:00,5815.5352443210195,2008
R6B-347,STRESS,2008-02-06T11:50:00+00:00,5857.819396718716,2008
R6B-347,STRESS,2008-02-07T13:15:00+00:00,5851.663539301626,2008
R6B-347,STRESS,2008-02-11T08:05:00+00:00,5843.862944878414,2008
R6B-347,STRESS,2008-02-14T14:20:00+00:00,5803.584826844704,2008
R6B-347,STRESS,2008-02-15T08:50:00+00:00,5782.680176785446,2008
R6B-347,STRESS,2008-02-18T09:15:00+00:00,5766.080510012544,2008
R6B-347,STRESS,2008-02-19T08:15:00+00:00,5787.49509856089,2008
R6B-347,STRESS,2008-02-22T11:45:00+00:00,5782.582626870469,2008
R6B-347,STRESS,2008-02-25T11:40:00+00:00,5757.429100748552,2008
R6B-347,STRESS,2008-02-27T08:45:00+00:00,5811.754106538306,2008
R6B-347,STRESS,2008-02-28T08:15:00+00:00,5774.738970527166,2008
R6B-347,STRESS,2008-02-29T08:15:00+00:00,5778.357173978927,2008
R6B-347,STRESS,2008-03-03T08:05:00+00:00,5808.495848423093,2008
R6B-347,STRESS,2008-03-04T09:05:00+00:00,5783.326236013599,2008
R6B-347,STRESS,2008-03-06T16:00:00+00:00,5750.386816038819,2008
R6B-347,STRESS,2008-03-07T09:00:00+00:00,5734.619323688227,2008
R6B-347,STRESS,2008-03-10T12:05:00+00:00,5673.618946398436,2008
R6B-347,STRESS,2008-03-13T09:00:00+00:00,5704.166641732218,2008
R6B-347,STRESS,2008-03-14T12:55:00+00:00,5677.217457991602,2008
R6B-347,STRESS,2008-03-17T08:05:00+00:00,5688.306865972849,2008
R6B-347,STRESS,2008-03-19T11:40:00+00:00,5681.77494703669,2008
R6B-347,STRESS,2008-03-24T08:30:00+00:00,5664.6394197678255,2008
R6B-347,STRESS,2008-03-25T10:05:00+00:00,5723.135249548621,2008
R6B-347,STRESS,2008-03-26T08:35:00+00:00,5688.88636151486,2008
R6B-347,STRESS,2008-03-31T15:05:00+00:00,5668.788894722877,2008
R6B-347,STRESS,2008-04-02T09:00:00+00:00,5655.48028052046,2008
R6B-347,STRESS,2008-04-07T08:05:00+00:00,5623.556319789317,2008
R6B-347,STRESS,2008-04-15T08:25:00+00:00,5636.613420381788,2008
R6B-347,STRESS,2008-04-16T14:10:00+00:00,5726.680363347681,2008
R6B-347,STRESS,2008-04-17T15:50:00+00:00,5691.824280377814,2008
R6B-347,STRESS,2008-04-18T10:10:00+00:00,5652.663848985254,2008
R6B-347,STRESS,2008-04-21T08:05:00+00:00,5660.627719982141,2008
R6B-347,STRESS,2008-04-22T13:05:00+00:00,5663.329082771814,2008
R6B-347,STRESS,2008-04-25T11:55:00+00:00,5637.423956467344,2008
R6B-347,STRESS,2008-04-28T08:25:00+00:00,5639.793587843356,2008
R6B-347,STRESS,2008-04-30T14:25:00+00:00,5611.868242904444,2008
R6B-347,STRESS,2008-05-01T08:45:00+00:00,5542.911322568226,2008
R6B-347,STRESS,2008-05-05T08:05:00+00:00,5541.722387389813,2008
R6B-347,STRESS,2008-05-06T11:25:00+00:00,5539.606925505004,2008
R6B-347,STRESS,2008-05-09T14:30:00+00:00,5458.170763959865,2008
R6B-347,STRESS,2008-05-12T08:05:00+00:00,5402.865078013717,2008
R6B-347,STRESS,2008-05-14T14:05:00+00:00,5391.084578554606,2008
R6B-347,STRESS,2008-05-15T13:55:00+00:00,5488.687352462141,2008
R6B-347,STRESS,2008-05-16T15:55:00+00:00,5606.452077220721,2008
R6B-347,STRESS,2008-05-19T08:05:00+00:00,5622.274770277346,2008
R6B-347,STRESS,2008-05-20T13:15:00+00:00,5629.797212040159,2008
R6B-347,STRESS,2008-05-22T08:35:00+00:00,5574.168953353387,2008
R6B-347,STRESS,2008-05-23T15:45:00+00:00,5581.621630651326,2008
R6B-347,STRESS,2008-05-26T08:20:00+00:00,5573.134884403013,2008
R6B-347,STRESS,2008-05-27T08:15:00+00:00,5539.163946698902,2008
R6B-347,STRESS,2008-05-28T10:30:00+00:00,5434.587137800096,2008
R6B-347,STRESS,2008-05-30T08:25:00+00:00,5400.040933055181,2008
R6B-347,STRESS,2008-06-03T13:35:00+00:00,5307.807889738785,2008
R6B-347,STRESS,2008-06-06T13:20:00+00:00,5355.003447326242,2008
R6B-347,STRESS,2008-06-09T08:05:00+00:00,5377.590925745725,2008
R6B-347,STRESS,2008-06-11T11:45:00+00:00,5373.550240496458,2008
R6B-347,STRESS,2008-06-13T09:25:00+00:00,5349.075906265136,2008
R6B-347,STRESS,2008-06-16T08:10:00+00:00,5321.112904725109,2008
R6B-347,STRESS,2008-06-17T14:35:00+00:00,5296.190697383188,2008
R6B-347,STRESS,2008-06-18T15:05:00+00:00,5320.876554277477,2008
R6B-347,STRESS,2008-06-20T13:45:00+00:00,5332.206279598908,2008
R6B-347,STRESS,2008-06-23T08:05:00+00:00,5318.334542301669,2008
R6B-347,STRESS,2008-06-24T08:05:00+00:00,5331.098099227989,2008
R6B-347,STRESS,2008-06-25T13:50:00+00:00,5293.87810454837,2008
R6B-347,STRESS,2008-06-26T11:05:00+00:00,5314.861044492979,2008
R6B-347,STRESS,2008-06-27T15:25:00+00:00,5372.254255784514,2008
R6B-347,STRESS,2008-06-30T15:25:00+00:00,5313.998356336712,2008
R6B-347,STRESS,2008-07-01T14:30:00+00:00,5389.577090965807,2008
R6B-347,STRESS,2008-07-02T15:05:00+00:00,5364.601084515458,2008
R6B-347,STRESS,2008-07-03T15:05:00+00:00,5323.060790587758,2008
R6B-347,STRESS,2008-07-04T11:10:00+00:00,5299.576911799773,2008
R6B-347,STRESS,2008-07-08T13:55:00+00:00,5239.180206473196,2008
R6B-347,STRESS,2008-07-09T12:40:00+00:00,5236.007455147199,2008
R6B-347,STRESS,2008-07-10T08:10:00+00:00,5222.42723750351,2008
R6B-347,STRESS,2008-07-15T14:40:00+00:00,5277.684186925979,2008
R6B-347,STRESS,2008-07-17T08:40:00+00:00,5264.222544920654,2008
R6B-347,STRESS,2008-07-18T14:35:00+00:00,5237.1666098309925,2008
R6B-347,STRESS,2008-07-21T08:50:00+00:00,5276.971684312238,2008
R6B-347,STRESS,2008-07-22T14:45:00+00:00,5215.082107927331,2008
R6B-347,STRESS,2008-07-24T11:30:00+00:00,5218.147950854716,2008
R6B-347,STRESS,2008-07-25T10:35:00+00:00,5229.2069614189895,2008
R6B-347,STRESS,2008-07-29T08:20:00+00:00,5212.604740006038,2008
R6B-347,STRESS,2008-07-31T08:30:00+00:00,5213.287702611955,2008
R6B-347,STRESS,2008-08-04T10:00:00+00:00,5172.003260906794,2008
R6B-347,STRESS,2008-08-06T14:25:00+00:00,5163.1774207355,2008
R6B-347,STRESS,2008-08-07T10:20:00+00:00,5150.509478421428,2008
R6B-347,STRESS,2008-08-11T08:05:00+00:00,5173.151056476507,2008
R6B-347,STRESS,2008-08-13T13:30:00+00:00,5170.084693054015,2008
R6B-347,STRESS,2008-08-14T08:10:00+00:00,5196.0455566673,2008
R6B-347,STRESS,2008-08-18T08:05:00+00:00,5248.450774528311,2008
R6B-347,STRESS,2008-08-21T08:25:00+00:00,5289.922092910281,2008
R6B-347,STRESS,2008-08-22T08:40:00+00:00,5245.872367275733,2008
R6B-347,STRESS,2008-08-27T09:05:00+00:00,5267.292401670132,2008
R6B-347,STRESS,2008-08-28T08:10:00+00:00,5287.773170937674,2008
R6B-347,STRESS,2008-08-29T10:00:00+00:00,5290.9471331642035,2008
R6B-347,STRESS,2008-09-01T08:10:00+00:00,5276.1531206188365,2008
R6B-347,STRESS,2008-09-04T08:15:00+00:00,5319.992215580671,2008
R6B-347,STRESS,2008-09-05T13:05:00+00:00,5392.504774726543,2008
R6B-347,STRESS,2008-09-08T08:05:00+00:00,5379.574768961838,2008
R6B-347,STRESS,2008-09-10T13:40:00+00:00,5374.541078702204,2008
R6B-347,STRESS,2008-09-12T08:05:00+00:00,5377.512315680055,2008
R6B-347,STRESS,2008-09-15T08:05:00+00:00,5397.3129300606715,2008
R6B-347,STRESS,2008-09-18T08:10:00+00:00,5436.466085797732,2008
R6B-347,STRESS,2008-09-22T16:00:00+00:00,5559.287811859946,2008
R6B-347,STRESS,2008-09-23T08:45:00+00:00,5428.4607236387355,2008
R6B-347,STRESS,2008-09-25T13:40:00+00:00,5386.182332386718,2008
R6B-347,STRESS,2008-09-26T08:05:00+00:00,5299.190756634863,2008
R6B-347,STRESS,2008-10-01T12:25:00+00:00,5238.047134767198,2008
R6B-347,STRESS,2008-10-03T11:40:00+00:00,5225.935947425372,2008
R6B-347,STRESS,2008-10-07T14:45:00+00:00,5288.782851251857,2008
R6B-347,STRESS,2008-10-08T14:20:00+00:00,5385.058836570114,2008
R6B-347,STRESS,2008-10-10T15:25:00+00:00,5194.510356604823,2008
R6B-347,STRESS,2008-10-13T10:30:00+00:00,5147.962889535082,2008
R6B-347,STRESS,2008-10-14T08:15:00+00:00,5121.4311276497,2008
R6B-347,STRESS,2008-10-15T12:15:00+00:00,5079.9339336874245,2008
R6B-347,STRESS,2008-10-17T09:35:00+00:00,5018.353490419675,2008
R6B-347,STRESS,2008-10-20T08:10:00+00:00,5070.543757687516,2008
R6B-347,STRESS,2008-10-21T08:10:00+00:00,4991.304671798934,2008
R6B-347,STRESS,2008-10-23T14:25:00+00:00,4966.415103989604,2008
R6B-347,STRESS,2008-10-24T08:05:00+00:00,4796.407845637073,2008
R6B-347,STRESS,2008-10-27T09:00:00+00:00,4595.547882710102,2008
R6B-347,STRESS,2008-10-28T13:35:00+00:00,4619.476841803476,2008
R6B-347,STRESS,2008-10-30T08:15:00+00:00,4675.031810759162,2008
R6B-347,STRESS,2008-11-03T09:00:00+00:00,4696.5123178951135,2008
R6B-347,STRESS,2008-11-07T13:20:00+00:00,4699.873658962596,2008
R6B-347,STRESS,2008-11-10T08:05:00+00:00,4681.034635446864,2008
R6B-347,STRESS,2008-11-12T12:45:00+00:00,4638.571584130713,2008
R6B-347,STRESS,2008-11-19T10:00:00+00:00,4615.168361682022,2008
R6B-347,STRESS,2008-11-20T15:25:00+00:00,4600.451572415893,2008
R6B-347,STRESS,2008-11-21T14:20:00+00:00,4721.910711185942,2008
R6B-347,STRESS,2008-11-24T08:05:00+00:00,4652.683588507849,2008
R6B-347,STRESS,2008-11-27T11:20:00+00:00,4637.283443704697,2008
R6B-347,STRESS,2008-12-08T08:10:00+00:00,4720.808086624743,2008
R6B-347,STRESS,2008-12-10T10:05:00+00:00,4756.32729045011,2008
R6B-347,STRESS,2008-12-11T13:55:00+00:00,4847.003908258049,2008
R6B-347,STRESS,2008-12-15T08:05:00+00:00,4844.0516590855095,2008
R6B-347,STRESS,2008-12-22T08:10:00+00:00,4876.831954620906,2008
R6B-347,STRESS,2008-12-24T10:50:00+00:00,4846.30890834861,2008
R6B-347,STRESS,2008-12-26T10:10:00+00:00,4814.919988459208,2008
R6B-347,STRESS,2008-12-29T08:05:00+00:00,4852.032286425781,2008
R6B-347,STRESS,2009-01-02T08:05:00+00:00,4794.852281521799,2009
R6B-347,STRESS,2009-01-05T08:05:00+00:00,4738.94376646732,2009
R6B-347,STRESS,2009-01-08T14:20:00+00:00,4799.1618981954025,2009
R6B-347,STRESS,2009-01-13T09:30:00+00:00,4752.490054405417,2009
R6B-347,STRESS,2009-01-14T10:55:00+00:00,4762.7862582447215,2009
R6B-347,STRESS,2009-01-16T11:00:00+00:00,4771.423204825231,2009
R6B-347,STRESS,2009-01-28T08:25:00+00:00,4731.154763480739,2009
R6B-347,STRESS,2009-02-05T14:15:00+00:00,4795.727005434962,2009
R6B-347,STRESS,2009-02-06T15:20:00+00:00,4777.35876809067,2009
R6B-347,STRESS,2009-02-10T09:30:00+00:00,4749.0953464076865,2009
R6B-347,STRESS,2009-02-11T15:55:00+00:00,4872.848195100574,2009
R6B-347,STRESS,2009-02-17T08:40:00+00:00,4945.454427814475,2009
R6B-347,STRESS,2009-02-18T12:55:00+00:00,4940.279480105983,2009
R6B-347,STRESS,2009-03-02T08:20:00+00:00,4954.424860850692,2009
R6B-347,STRESS,2009-03-04T08:40:00+00:00,4937.240866060307,2009
R6B-347,STRESS,2009-03-05T09:30:00+00:00,4928.137136136143,2009
R6B-347,STRESS,2009-03-06T14:05:00+00:00,4925.4131025365305,2009
R6B-347,STRESS,2009-03-11T15:05:00+00:00,4922.189619296639,2009
R6B-347,STRESS,2009-03-12T11:30:00+00:00,4942.201394644333,2009
R6B-347,STRESS,2009-03-20T13:45:00+00:00,4919.806652234378,2009
R6B-347,STRESS,2009-03-23T13:55:00+00:00,4892.789214736794,2009
R6B-347,STRESS,2009-03-30T08:15:00+00:00,4888.57110192684,2009
R6B-347,STRESS,2009-03-31T14:30:00+00:00,4872.034162109282,2009
R6B-347,STRESS,2009-04-02T12:35:00+00:00,4799.12011048385,2009
R6B-347,STRESS,2009-04-07T08:15:00+00:00,4811.459931670529,2009
R6B-347,STRESS,2009-04-08T12:25:00+00:00,4795.089188007059,2009
R6B-347,STRESS,2009-04-09T11:15:00+00:00,4800.620137357798,2009
R6B-347,STRESS,2009-04-10T13:15:00+00:00,4808.524695322818,2009
R6B-347,STRESS,2009-04-13T08:05:00+00:00,4830.900813462399,2009
R6B-347,STRESS,2009-04-14T10:35:00+00:00,4810.180503308093,2009
R6B-347,STRESS,2009-04-15T09:20:00+00:00,4788.384663371014,2009
R6B-347,STRESS,2009-04-16T16:00:00+00:00,4714.433877179581,2009
R6B-347,STRESS,2009-04-20T08:05:00+00:00,4708.779843223884,2009
R6B-347,STRESS,2009-04-21T14:30:00+00:00,4702.550212745221,2009
R6B-347,STRESS,2009-04-22T13:50:00+00:00,4708.344575113952,2009
R6B-347,STRESS,2009-04-23T08:50:00+00:00,4700.925477521714,2009
R6B-347,STRESS,2009-04-24T12:15:00+00:00,4701.644556607029,2009
R6B-347,STRESS,2009-04-27T08:05:00+00:00,4683.343661489397,2009
R6B-347,STRESS,2009-04-29T14:20:00+00:00,4695.203439623094,2009
R6B-347,STRESS,2009-04-30T14:45:00+00:00,4612.635133942616,2009
R6B-347,STRESS,2009-05-04T09:15:00+00:00,4628.459641618922,2009
R6B-347,STRESS,2009-05-05T09:45:00+00:00,4607.177963248567,2009
R6B-347,STRESS,2009-05-06T12:20:00+00:00,4616.582450864759,2009
R6B-347,STRESS,2009-05-07T13:35:00+00:00,4641.309651849476,2009
R6B-347,STRESS,2009-05-08T14:35:00+00:00,4597.255673258283,2009
R6B-347,STRESS,2009-05-11T08:05:00+00:00,4583.470350679792,2009
R6B-347,STRESS,2009-05-12T15:45:00+00:00,4593.389012309803,2009
R6B-347,STRESS,2009-05-15T12:50:00+00:00,4595.422921380496,2009
R6B-347,STRESS,2009-05-18T12:35:00+00:00,4572.440289007099,2009
R6B-347,STRESS,2009-05-19T14:40:00+00:00,4581.848752593149,2009
R6B-347,STRESS,2009-05-20T11:20:00+00:00,4598.836449293885,2009
R6B-347,STRESS,2009-05-21T10:25:00+00:00,4588.315415912594,2009
R6B-347,STRESS,2009-05-28T15:35:00+00:00,4658.547114181023,2009
R6B-347,STRESS,2009-05-29T09:30:00+00:00,4698.440945336223,2009
R6B-347,STRESS,2009-06-01T09:15:00+00:00,4723.701544264842,2009
R6B-347,STRESS,2009-06-03T08:45:00+00:00,4705.396859028749,2009
R6B-347,STRESS,2009-06-04T08:25:00+00:00,4712.886568619693,2009
R6B-347,STRESS,2009-06-08T10:50:00+00:00,4656.908299838676,2009
R6B-347,STRESS,2009-06-10T09:05:00+00:00,4668.041943281727,2009
R6B-347,STRESS,2009-06-11T12:55:00+00:00,4603.390954180332,2009
R6B-347,STRESS,2009-06-16T08:05:00+00:00,4610.59725395348,2009
R6B-347,STRESS,2009-06-17T13:35:00+00:00,4591.8771846258105,2009
R6B-347,STRESS,2009-06-24T14:45:00+00:00,4639.515079155978,2009
R6B-347,STRESS,2009-06-25T10:55:00+00:00,4618.706610764063,2009
R6B-347,STRESS,2009-06-26T08:15:00+00:00,4632.748343417826,2009
R6B-347,STRESS,2009-06-29T15:20:00+00:00,4610.608990110068,2009
R6B-347,STRESS,2009-06-30T09:10:00+00:00,4606.261787171863,2009
R6B-347,STRESS,2009-07-01T10:45:00+00:00,4610.685353443838,2009
R6B-347,STRESS,2009-07-03T08:30:00+00:00,4595.7145631051335,2009
R6B-347,STRESS,2009-07-07T08:10:00+00:00,4570.394014500098,2009
R6B-347,STRESS,2009-07-09T09:05:00+00:00,4581.864859151215,2009
R6B-347,STRESS,2009-07-10T13:05:00+00:00,4551.66845129078,2009
R6B-347,STRESS,2009-07-13T08:05:00+00:00,4536.69546191951,2009
R6B-347,STRESS,2009-07-14T14:35:00+00:00,4547.88944342508,2009
R6B-347,STRESS,2009-07-15T14:05:00+00:00,4597.3984272881235,2009
R6B-347,STRESS,2009-07-20T08:50:00+00:00,4629.844189310824,2009
R6B-347,STRESS,2009-07-22T11:50:00+00:00,4615.270263153191,2009
R6B-347,STRESS,2009-07-23T12:55:00+00:00,4607.599804895505,2009
R6B-347,STRESS,2009-07-27T11:30:00+00:00,4627.316275626803,2009
R6B-347,STRESS,2009-07-28T13:20:00+00:00,4599.218856368162,2009
R6B-347,STRESS,2009-07-29T08:50:00+00:00,4573.330883471279,2009
R6B-347,STRESS,2009-07-30T08:15:00+00:00,4572.518490055877,2009
R6B-347,STRESS,2009-07-31T10:55:00+00:00,4571.331831938556,2009
R6B-347,STRESS,2009-08-03T08:05:00+00:00,4557.857574307115,2009
R6B-347,STRESS,2009-08-06T15:40:00+00:00,4550.767592892672,2009
R6B-347,STRESS,2009-08-10T12:35:00+00:00,4499.3673793518465,2009
R6B-347,STRESS,2009-08-11T09:40:00+00:00,4493.325609238622,2009
R6B-347,STRESS,2009-08-12T08:05:00+00:00,4468.125478193993,2009
R6B-347,STRESS,2009-08-13T13:45:00+00:00,4487.962358233382,2009
R6B-347,STRESS,2009-08-14T08:20:00+00:00,4467.7379076936695,2009
R6B-347,STRESS,2009-08-18T08:05:00+00:00,4476.7047540743315,2009
R6B-347,STRESS,2009-08-19T08:10:00+00:00,4433.158114874002,2009
R6B-347,STRESS,2009-08-20T14:10:00+00:00,4402.636579641951,2009
R6B-347,STRESS,2009-08-21T15:40:00+00:00,4460.264262783157,2009
R6B-347,STRESS,2009-08-25T11:00:00+00:00,4457.969165549871,2009
R6B-347,STRESS,2009-08-26T09:25:00+00:00,4465.203850525707,2009
R6B-347,STRESS,2009-08-28T14:45:00+00:00,4492.500403049935,2009
R6B-347,STRESS,2009-08-31T08:05:00+00:00,4462.908885900447,2009
R6B-347,STRESS,2009-09-01T13:00:00+00:00,4449.568292818562,2009
R6B-347,STRESS,2009-09-03T14:35:00+00:00,4468.027145318435,2009
R6B-347,STRESS,2009-09-07T15:00:00+00:00,4471.07461291824,2009
R6B-347,STRESS,2009-09-08T08:05:00+00:00,4511.300077920162,2009
R6B-347,STRESS,2009-09-10T13:55:00+00:00,4482.1806344982415,2009
R6B-347,STRESS,2009-09-11T10:20:00+00:00,4483.2932714234985,2009
R6B-347,STRESS,2009-09-14T08:05:00+00:00,4438.012485243157,2009
R6B-347,STRESS,2009-09-15T08:15:00+00:00,4416.990870799815,2009
R6B-347,STRESS,2009-09-16T13:05:00+00:00,4446.568909770346,2009
R6B-347,STRESS,2009-09-17T11:40:00+00:00,4432.321010567622,2009
R6B-347,STRESS,2009-09-22T11:35:00+00:00,4470.078252244835,2009
R6B-347,STRESS,2009-09-24T14:35:00+00:00,4403.5835787878,2009
R6B-347,STRESS,2009-09-25T12:35:00+00:00,4375.972652537262,2009
R6B-347,STRESS,2009-09-28T08:05:00+00:00,4339.633535425066,2009
R6B-347,STRESS,2009-09-29T12:35:00+00:00,4316.040478123136,2009
R6B-347,STRESS,2009-09-30T09:30:00+00:00,4343.283630805394,2009
R6B-347,STRESS,2009-10-05T12:45:00+00:00,4334.129885897354,2009
R6B-347,STRESS,2009-10-06T09:30:00+00:00,4331.570480738217,2009
R6B-347,STRESS,2009-10-07T14:15:00+00:00,4326.092755858316,2009
R6B-347,STRESS,2009-10-08T09:10:00+00:00,4354.221859096815,2009
R6B-347,STRESS,2009-10-12T08:05:00+00:00,4339.622419609283,2009
R6B-347,STRESS,2009-10-14T11:00:00+00:00,4328.627451797396,2009
R6B-347,STRESS,2009-10-16T09:10:00+00:00,4303.612885316078,2009
R6B-347,STRESS,2009-10-19T14:45:00+00:00,4298.610739723553,2009
R6B-347,STRESS,2009-10-20T09:40:00+00:00,4286.12270277911,2009
R6B-347,STRESS,2009-10-21T13:10:00+00:00,4259.65623546139,2009
R6B-347,STRESS,2009-10-23T08:20:00+00:00,4245.123649220367,2009
R6B-347,STRESS,2009-10-26T10:05:00+00:00,4238.404957180011,2009
R6B-347,STRESS,2009-10-27T14:25:00+00:00,4208.290688147811,2009
R6B-347,STRESS,2009-10-28T09:20:00+00:00,4186.823417212086,2009
R6B-347,STRESS,2009-10-29T11:55:00+00:00,4192.012438517399,2009
R6B-347,STRESS,2009-10-30T12:55:00+00:00,4162.036184880469,2009
R6B-347,STRESS,2009-11-02T14:00:00+00:00,4190.691880963324,2009
R6B-347,STRESS,2009-11-03T08:05:00+00:00,4180.035705375599,2009
R6B-347,STRESS,2009-11-06T13:30:00+00:00,4182.259838069266,2009
R6B-347,STRESS,2009-11-09T08:45:00+00:00,4206.268118433875,2009
R6B-347,STRESS,2009-11-11T12:20:00+00:00,4232.222279813735,2009
R6B-347,STRESS,2009-11-12T08:30:00+00:00,4222.700807314729,2009
R6B-347,STRESS,2009-11-13T14:20:00+00:00,4214.117706059396,2009
R6B-347,STRESS,2009-11-16T08:05:00+00:00,4237.8496132445425,2009
R6B-347,STRESS,2009-11-20T14:20:00+00:00,4209.42358928981,2009
R6B-347,STRESS,2009-11-23T08:05:00+00:00,4231.790126372078,2009
R6B-347,STRESS,2009-11-24T13:00:00+00:00,4237.592291377169,2009
R6B-347,STRESS,2009-11-25T10:05:00+00:00,4263.885826940797,2009
R6B-347,STRESS,2009-11-26T09:25:00+00:00,4223.821186611955,2009
R6B-347,STRESS,2009-11-30T09:15:00+00:00,4197.444885585479,2009
R6B-347,STRESS,2009-12-01T15:25:00+00:00,4236.439523642312,2009
R6B-347,STRESS,2009-12-02T08:25:00+00:00,4269.960242539952,2009
R6B-347,STRESS,2009-12-03T08:20:00+00:00,4252.251052087831,2009
R6B-347,STRESS,2009-12-08T08:45:00+00:00,4215.511822864439,2009
R6B-347,STRESS,2009-12-10T09:25:00+00:00,4176.060919646238,2009
R6B-347,STRESS,2009-12-11T08:05:00+00:00,4182.017061678256,2009
R6B-347,STRESS,2009-12-14T09:10:00+00:00,4191.913335821811,2009
R6B-347,STRESS,2009-12-15T10:50:00+00:00,4136.497309628508,2009
R6B-347,STRESS,2009-12-16T09:55:00+00:00,4155.3801178041695,2009
R6B-347,STRESS,2009-12-17T08:25:00+00:00,4114.637514714607,2009
R6B-347,STRESS,2009-12-18T10:25:00+00:00,4107.418454652535,2009
R6B-347,STRESS,2009-12-21T11:25:00+00:00,4092.8136223443635,2009
R6B-347,STRESS,2009-12-24T10:10:00+00:00,4130.278868037926,2009
R6B-347,STRESS,2009-12-28T08:05:00+00:00,4135.5309147339985,2009
R6B-347,STRESS,2009-12-31T09:15:00+00:00,4164.748487373572,2009
R6B-347,STRESS,2010-01-04T10:15:00+00:00,4223.161727477286,2010
R6B-347,STRESS,2010-01-05T11:20:00+00:00,4210.117294316244,2010
R6B-347,STRESS,2010-01-06T10:00:00+00:00,4221.922252752553,2010
R6B-347,STRESS,2010-01-11T08:05:00+00:00,4218.362870865043,2010
R6B-347,STRESS,2010-01-12T14:30:00+00:00,4181.9248005160225,2010
R6B-347,STRESS,2010-01-14T08:20:00+00:00,4169.470113289702,2010
R6B-347,STRESS,2010-01-18T11:45:00+00:00,4176.38171275658,2010
R6B-347,STRESS,2010-01-19T08:15:00+00:00,4175.123077947393,2010
R6B-347,STRESS,2010-01-20T08:50:00+00:00,4140.459789707739,2010
R6B-347,STRESS,2010-01-21T14:45:00+00:00,4109.856861090269,2010
R6B-347,STRESS,2010-01-22T15:55:00+00:00,4073.203864378382,2010
R6B-347,STRESS,2010-01-25T09:50:00+00:00,4080.285518178396,2010
R6B-347,STRESS,2010-01-26T09:15:00+00:00,4035.4626212529706,2010
R6B-347,STRESS,2010-01-27T10:05:00+00:00,4006.467759354043,2010
R6B-347,STRESS,2010-01-28T13:20:00+00:00,4001.5085737760055,2010
R6B-347,STRESS,2010-02-02T15:40:00+00:00,4023.9101881947504,2010
R6B-347,STRESS,2010-02-03T15:20:00+00:00,4003.591055834011,2010
R6B-347,STRESS,2010-02-08T08:50:00+00:00,4011.8748678305988,2010
R6B-347,STRESS,2010-02-09T12:00:00+00:00,4015.689544905145,2010
R6B-347,STRESS,2010-02-10T15:10:00+00:00,3960.044232064246,2010
R6B-347,STRESS,2010-02-11T10:00:00+00:00,3957.361232305758,2010
R6B-347,STRESS,2010-02-15T08:05:00+00:00,3952.294555585832,2010
R6B-347,STRESS,2010-02-16T08:30:00+00:00,3999.5733285934252,2010
R6B-347,STRESS,2010-02-22T08:20:00+00:00,3989.088421760205,2010
R6B-347,STRESS,2010-02-23T13:10:00+00:00,3969.350524559727,2010
R6B-347,STRESS,2010-02-24T09:30:00+00:00,3919.7080960475855,2010
R6B-347,STRESS,2010-02-26T09:30:00+00:00,3929.178986705969,2010
R6B-347,STRESS,2010-03-01T15:35:00+00:00,3907.85722049819,2010
R6B-347,STRESS,2010-03-05T12:45:00+00:00,3910.2923492584173,2010
R6B-347,STRESS,2010-03-08T15:05:00+00:00,3869.1453031269966,2010
R6B-347,STRESS,2010-03-10T11:35:00+00:00,3878.224466926375,2010
R6B-347,STRESS,2010-03-12T08:05:00+00:00,3879.443583464274,2010
R6B-347,STRESS,2010-03-15T13:50:00+00:00,3879.8543832266264,2010
R6B-347,STRESS,2010-03-16T11:50:00+00:00,3885.650530320148,2010
R6B-347,STRESS,2010-03-17T14:55:00+00:00,3860.585555929631,2010
R6B-347,STRESS,2010-03-23T08:10:00+00:00,3850.2291669705323,2010
R6B-347,STRESS,2010-03-25T15:10:00+00:00,3851.7477884468467,2010
R6B-347,STRESS,2010-03-26T11:40:00+00:00,3868.59899873334,2010
R6B-347,STRESS,2010-03-29T14:05:00+00:00,3866.28703300708,2010
R6B-347,STRESS,2010-03-30T12:05:00+00:00,3858.3445642696215,2010
R6B-347,STRESS,2010-03-31T08:30:00+00:00,3865.110174822083,2010
R6B-347,STRESS,2010-04-01T15:25:00+00:00,3901.619853935928,2010
R6B-347,STRESS,2010-04-05T08:45:00+00:00,3896.6170158601553,2010
R6B-347,STRESS,2010-04-07T12:30:00+00:00,3889.9060233575797,2010
R6B-347,STRESS,2010-04-09T12:15:00+00:00,3901.428813433242,2010
R6B-347,STRESS,2010-04-12T08:05:00+00:00,3898.2134802460314,2010
R6B-347,STRESS,2010-04-14T13:50:00+00:00,3890.069847339503,2010
R6B-347,STRESS,2010-04-20T09:05:00+00:00,3900.219794941061,2010
R6B-347,STRESS,2010-04-21T08:05:00+00:00,3899.498827002406,2010
R6B-347,STRESS,2010-04-22T13:45:00+00:00,3849.4385162624167,2010
R6B-347,STRESS,2010-04-23T15:35:00+00:00,3885.283879004376,2010
R6B-347,STRESS,2010-04-26T09:05:00+00:00,3872.6419917264816,2010
R6B-347,STRESS,2010-04-27T09:05:00+00:00,3860.2717173486526,2010
R6B-347,STRESS,2010-04-30T08:45:00+00:00,3864.591865055657,2010
R6B-347,STRESS,2010-05-06T16:00:00+00:00,3919.4751844185166,2010
R6B-347,STRESS,2010-05-11T13:00:00+00:00,3974.3563409605244,2010
R6B-347,STRESS,2010-05-12T12:55:00+00:00,3982.4482044375295,2010
R6B-347,STRESS,2010-05-14T09:05:00+00:00,3988.9567169911834,2010
R6B-347,STRESS,2010-05-17T09:40:00+00:00,3970.337097051168,2010
R6B-347,STRESS,2010-05-18T13:45:00+00:00,3931.7528198502696,2010
R6B-347,STRESS,2010-05-20T12:40:00+00:00,3856.977418730324,2010
R6B-347,STRESS,2010-05-24T08:15:00+00:00,3870.9525576916412,2010
R6B-347,STRESS,2010-05-25T12:00:00+00:00,3864.856233872047,2010
R6B-347,STRESS,2010-05-26T08:05:00+00:00,3871.7413375404954,2010
R6B-347,STRESS,2010-05-27T11:25:00+00:00,3864.3745034676645,2010
R6B-347,STRESS,2010-05-28T13:25:00+00:00,3848.36593761917,2010
R6B-347,STRESS,2010-05-31T12:50:00+00:00,3843.5181378656375,2010
R6B-347,STRESS,2010-06-01T08:05:00+00:00,3846.709058021941,2010
R6B-347,STRESS,2010-06-08T15:45:00+00:00,3849.016341467145,2010
R6B-347,STRESS,2010-06-11T10:45:00+00:00,3841.5327997812133,2010
R6B-347,STRESS,2010-06-14T08:05:00+00:00,3840.9173147559623,2010
R6B-347,STRESS,2010-06-15T14:30:00+00:00,3845.182633852923,2010
R6B-347,STRESS,2010-06-17T08:10:00+00:00,3841.6174234331124,2010
R6B-347,STRESS,2010-06-21T14:20:00+00:00,3820.418845719545,2010
R6B-347,STRESS,2010-06-22T09:40:00+00:00,3804.832348779695,2010
R6B-347,STRESS,2010-06-23T15:25:00+00:00,3766.08297901963,2010
R6B-347,STRESS,2010-06-25T10:20:00+00:00,3753.496164278432,2010
R6B-347,STRESS,2010-06-28T08:30:00+00:00,3736.803703647839,2010
R6B-347,STRESS,2010-06-29T08:15:00+00:00,3714.7073751676667,2010
R6B-347,STRESS,2010-07-02T10:30:00+00:00,3725.923997524049,2010
R6B-347,STRESS,2010-07-05T10:50:00+00:00,3706.9696967479267,2010
R6B-347,STRESS,2010-07-08T08:05:00+00:00,3696.507751242509,2010
R6B-347,STRESS,2010-07-09T15:20:00+00:00,3720.5249279617497,2010
R6B-347,STRESS,2010-07-13T15:30:00+00:00,3755.6626649334103,2010
R6B-347,STRESS,2010-07-14T14:30:00+00:00,3739.8595512530405,2010
R6B-347,STRESS,2010-07-15T09:15:00+00:00,3745.108264893214,2010
R6B-347,STRESS,2010-07-16T08:35:00+00:00,3721.821488555355,2010
R6B-347,STRESS,2010-07-23T15:30:00+00:00,3701.582397565091,2010
R6B-347,STRESS,2010-07-26T11:30:00+00:00,3682.6059559997248,2010
R6B-347,STRESS,2010-07-27T09:55:00+00:00,3677.0205673289593,2010
R6B-347,STRESS,2010-07-28T15:25:00+00:00,3657.209416220253,2010
R6B-347,STRESS,2010-07-29T09:25:00+00:00,3655.644278061837,2010
R6B-347,STRESS,2010-07-30T11:45:00+00:00,3657.6923244883124,2010
R6B-347,STRESS,2010-08-02T10:55:00+00:00,3637.5837988777766,2010
R6B-347,STRESS,2010-08-04T08:55:00+00:00,3646.383280738966,2010
R6B-347,STRESS,2010-08-05T15:55:00+00:00,3632.535013659707,2010
R6B-347,STRESS,2010-08-06T15:50:00+00:00,3656.751026119097,2010
R6B-347,STRESS,2010-08-09T13:05:00+00:00,3651.3730056766212,2010
R6B-347,STRESS,2010-08-13T12:40:00+00:00,3642.0386783516087,2010
R6B-347,STRESS,2010-08-16T08:05:00+00:00,3646.6852511232237,2010
R6B-347,STRESS,2010-08-17T15:10:00+00:00,3643.202962721823,2010
R6B-347,STRESS,2010-08-23T09:10:00+00:00,3638.1735865879427,2010
R6B-347,STRESS,2010-08-25T14:00:00+00:00,3649.2588655361083,2010
R6B-347,STRESS,2010-08-26T13:15:00+00:00,3632.015434330938,2010
R6B-347,STRESS,2010-09-01T13:55:00+00:00,3624.334714149038,2010
R6B-347,STRESS,2010-09-02T12:50:00+00:00,3625.2194418187332,2010
R6B-347,STRESS,2010-09-06T14:30:00+00:00,3620.74140226701,2010
R6B-347,STRESS,2010-09-08T12:00:00+00:00,3621.7339452591464,2010
R6B-347,STRESS,2010-09-09T12:40:00+00:00,3615.352520575099,2010
R6B-347,STRESS,2010-09-10T13:20:00+00:00,3596.448765576445,2010
R6B-347,STRESS,2010-09-13T14:10:00+00:00,3588.5127040013354,2010
R6B-347,STRESS,2010-09-14T14:40:00+00:00,3639.0238354718226,2010
R6B-347,STRESS,2010-09-15T15:10:00+00:00,3630.6434238847546,2010
R6B-347,STRESS,2010-09-17T10:25:00+00:00,3641.7414507863637,2010
R6B-347,STRESS,2010-09-20T09:25:00+00:00,3648.104515318596,2010
R6B-347,STRESS,2010-09-22T12:10:00+00:00,3651.766116804379,2010
R6B-347,STRESS,2010-09-23T09:25:00+00:00,3645.208913314733,2010
R6B-347,STRESS,2010-09-24T15:35:00+00:00,3643.4638269492266,2010
R6B-347,STRESS,2010-09-27T13:05:00+00:00,3643.4999226152686,2010
R6B-347,STRESS,2010-09-29T12:05:00+00:00,3638.1202422932242,2010
R6B-347,STRESS,2010-09-30T14:50:00+00:00,3626.2887140641974,2010
R6B-347,STRESS,2010-10-01T15:15:00+00:00,3642.8006527355046,2010
R6B-347,STRESS,2010-10-04T14:25:00+00:00,3625.412943052448,2010
R6B-347,STRESS,2010-10-05T12:50:00+00:00,3658.500419732635,2010
R6B-347,STRESS,2010-10-06T08:20:00+00:00,3671.555217591235,2010
R6B-347,STRESS,2010-10-07T10:40:00+00:00,3686.0214537068778,2010
R6B-347,STRESS,2010-10-11T08:05:00+00:00,3668.2875145584426,2010
R6B-347,STRESS,2010-10-13T08:50:00+00:00,3676.410410569791,2010
R6B-347,STRESS,2010-10-14T08:05:00+00:00,3694.6426346331673,2010
R6B-347,STRESS,2010-10-20T11:20:00+00:00,3702.6340681299534,2010
R6B-347,STRESS,2010-10-22T11:15:00+00:00,3676.7078676145616,2010
R6B-347,STRESS,2010-10-25T08:05:00+00:00,3704.0659066917874,2010
R6B-347,STRESS,2010-10-26T09:00:00+00:00,3681.78614539369,2010
R6B-347,STRESS,2010-11-01T08:05:00+00:00,3681.974371265705,2010
R6B-347,STRESS,2010-11-02T11:25:00+00:00,3681.9362495498613,2010
R6B-347,STRESS,2010-11-04T09:10:00+00:00,3712.562125345288,2010
R6B-347,STRESS,2010-11-09T10:40:00+00:00,3727.7191678915815,2010
R6B-347,STRESS,2010-11-11T10:20:00+00:00,3744.5747583990315,2010
R6B-347,STRESS,2010-11-16T13:05:00+00:00,3721.722875901259,2010
R6B-347,STRESS,2010-11-18T08:45:00+00:00,3747.189938518361,2010
R6B-347,STRESS,2010-11-19T08:05:00+00:00,3736.114065081968,2010
R6B-347,STRESS,2010-11-22T08:05:00+00:00,3740.786222191161,2010
R6B-347,STRESS,2010-11-23T15:15:00+00:00,3759.314671339072,2010
R6B-347,STRESS,2010-11-24T14:50:00+00:00,3749.011849762293,2010
R6B-347,STRESS,2010-11-29T11:00:00+00:00,3734.9702681467825,2010
R6B-347,STRESS,2010-11-30T15:20:00+00:00,3768.4855815903056,2010
R6B-347,STRESS,2010-12-01T09:55:00+00:00,3771.7240303068024,2010
R6B-347,STRESS,2010-12-02T11:10:00+00:00,3760.3292523408904,2010
R6B-347,STRESS,2010-12-03T14:05:00+00:00,3775.878170247103,2010
R6B-347,STRESS,2010-12-06T14:15:00+00:00,3769.4695389581043,2010
R6B-347,STRESS,2010-12-09T10:35:00+00:00,3751.7530120865995,2010
R6B-347,STRESS,2010-12-10T13:05:00+00:00,3741.8348575178234,2010
R6B-347,STRESS,2010-12-13T11:15:00+00:00,3744.9912449727344,2010
R6B-347,STRESS,2010-12-14T09:30:00+00:00,3751.9322026902405,2010
R6B-347,STRESS,2010-12-16T14:15:00+00:00,3726.7364987726555,2010
R6B-347,STRESS,2010-12-17T09:10:00+00:00,3726.9761535011385,2010
R6B-347,STRESS,2010-12-20T08:05:00+00:00,3737.2497953997595,2010
R6B-347,STRESS,2010-12-21T10:00:00+00:00,3734.812751168941,2010
R6B-347,STRESS,2010-12-22T09:00:00+00:00,3729.8123344052083,2010
R6B-347,STRESS,2010-12-23T11:05:00+00:00,3715.19197902954,2010
R6B-347,STRESS,2010-12-24T11:40:00+00:00,3718.8880494925147,2010
R6B-347,STRESS,2010-12-27T13:45:00+00:00,3705.6175457137406,2010
R6B-347,STRESS,2010-12-28T08:15:00+00:00,3716.4831108666976,2010
R6B-347,STRESS,2010-12-29T13:40:00+00:00,3703.980232631932,2010
R6B-347,STRESS,2010-12-31T09:15:00+00:00,3702.192924212041,2010
R6B-347,STRESS,2011-01-06T15:15:00+00:00,3669.605352555395,2011
R6B-347,STRESS,2011-01-10T09:40:00+00:00,3664.328770808022,2011
R6B-347,STRESS,2011-01-11T08:10:00+00:00,3663.679908793238,2011
R6B-347,STRESS,2011-01-12T10:00:00+00:00,3655.5119002124147,2011
R6B-347,STRESS,2011-01-14T13:45:00+00:00,3616.026942341627,2011
R6B-347,STRESS,2011-01-17T08:05:00+00:00,3609.6574010048093,2011
R6B-347,STRESS,2011-01-18T08:25:00+00:00,3617.8346212959727,2011
R6B-347,STRESS,2011-01-19T08:50:00+00:00,3616.3773497319785,2011
R6B-347,STRESS,2011-01-20T12:25:00+00:00,3591.8897294825533,2011
R6B-347,STRESS,2011-01-24T08:35:00+00:00,3591.121215111322,2011
R6B-347,STRESS,2011-01-26T09:20:00+00:00,3590.125290780355,2011
R6B-347,STRESS,2011-01-27T11:10:00+00:00,3570.1954517829945,2011
R6B-347,STRESS,2011-02-01T09:05:00+00:00,3560.859890018781,2011
R6B-347,STRESS,2011-02-07T14:10:00+00:00,3564.4303719921504,2011
R6B-347,STRESS,2011-02-08T15:35:00+00:00,3586.643084374877,2011
R6B-347,STRESS,2011-02-14T13:10:00+00:00,3579.751934854235,2011
R6B-347,STRESS,2011-02-15T10:50:00+00:00,3599.2452153251775,2011
R6B-347,STRESS,2011-02-16T14:20:00+00:00,3598.7694022065084,2011
R6B-347,STRESS,2011-02-17T10:00:00+00:00,3598.3026934364575,2011
R6B-347,STRESS,2011-02-18T12:15:00+00:00,3595.742453458213,2011
R6B-347,STRESS,2011-02-21T08:55:00+00:00,3606.8913230812072,2011
R6B-347,STRESS,2011-02-22T08:05:00+00:00,3580.4189930069642,2011
R6B-347,STRESS,2011-02-25T12:35:00+00:00,3571.0974618965197,2011
R6B-347,STRESS,2011-02-28T08:05:00+00:00,3562.573358432761,2011
R6B-347,STRESS,2011-03-01T12:10:00+00:00,3574.430793472063,2011
R6B-347,STRESS,2011-03-04T09:50:00+00:00,3573.3351501722186,2011
R6B-347,STRESS,2011-03-07T08:05:00+00:00,3578.4216409036762,2011
R6B-347,STRESS,2011-03-11T11:00:00+00:00,3555.422590353605,2011
R6B-347,STRESS,2011-03-14T08:05:00+00:00,3556.021618270118,2011
R6B-347,STRESS,2011-03-16T08:45:00+00:00,3555.219405002511,2011
R6B-347,STRESS,2011-03-17T15:20:00+00:00,3572.2652696634877,2011
R6B-347,STRESS,2011-03-18T08:05:00+00:00,3578.4828635135423,2011
R6B-347,STRESS,2011-03-21T08:05:00+00:00,3578.8704851632183,2011
R6B-347,STRESS,2011-03-22T09:30:00+00:00,3576.678312219325,2011
R6B-347,STRESS,2011-03-23T15:05:00+00:00,3598.9692930171177,2011
R6B-347,STRESS,2011-03-25T11:30:00+00:00,3604.0102824331884,2011
R6B-347,STRESS,2011-03-30T13:55:00+00:00,3615.388629230272,2011
R6B-347,STRESS,2011-03-31T09:55:00+00:00,3623.4784459092243,2011
R6B-347,STRESS,2011-04-01T15:00:00+00:00,3591.19733362562,2011
R6B-347,STRESS,2011-04-04T09:10:00+00:00,3597.136871418903,2011
R6B-347,STRESS,2011-04-05T08:35:00+00:00,3590.1820259056176,2011
R6B-347,STRESS,2011-04-06T14:50:00+00:00,3597.714695061302,2011
R6B-347,STRESS,2011-04-08T09:55:00+00:00,3615.430765271616,2011
R6B-347,STRESS,2011-04-11T08:05:00+00:00,3602.8733910959972,2011
R6B-347,STRESS,2011-04-13T08:10:00+00:00,3603.2773037590464,2011
R6B-347,STRESS,2011-04-14T10:55:00+00:00,3593.755988765939,2011
R6B-347,STRESS,2011-04-15T08:05:00+00:00,3576.5780672002206,2011
R6B-347,STRESS,2011-04-20T10:50:00+00:00,3589.687628231828,2011
R6B-347,STRESS,2011-04-21T08:30:00+00:00,3593.104602675609,2011
R6B-347,STRESS,2011-04-22T12:25:00+00:00,3587.3612111709326,2011
R6B-347,STRESS,2011-04-25T08:05:00+00:00,3595.417268150584,2011
R6B-347,STRESS,2011-04-27T08:35:00+00:00,3581.629894679664,2011
R6B-347,STRESS,2011-04-28T12:40:00+00:00,3575.435635374832,2011
R6B-347,STRESS,2011-05-03T11:55:00+00:00,3548.7926161296245,2011
R6B-347,STRESS,2011-05-04T15:40:00+00:00,3512.6727088797816,2011
R6B-347,STRESS,2011-05-05T12:00:00+00:00,3477.2759915307315,2011
R6B-347,STRESS,2011-05-06T08:20:00+00:00,3461.6449007298224,2011
R6B-347,STRESS,2011-05-09T10:40:00+00:00,3482.760709186965,2011
R6B-347,STRESS,2011-05-10T16:00:00+00:00,3484.3059930757627,2011
R6B-347,STRESS,2011-05-11T08:55:00+00:00,3495.6567445766614,2011
R6B-347,STRESS,2011-05-13T14:20:00+00:00,3496.397855170753,2011
R6B-347,STRESS,2011-05-16T15:15:00+00:00,3505.6321026371593,2011
R6B-347,STRESS,2011-05-17T11:10:00+00:00,3501.152553956811,2011
R6B-347,STRESS,2011-05-18T09:50:00+00:00,3500.0216011177486,2011
R6B-347,STRESS,2011-05-19T09:30:00+00:00,3474.3479852610585,2011
R6B-347,STRESS,2011-05-20T12:35:00+00:00,3478.176041446866,2011
R6B-347,STRESS,2011-05-24T08:35:00+00:00,3483.469442653896,2011
R6B-347,STRESS,2011-05-25T15:15:00+00:00,3486.9874219537714,2011
R6B-347,STRESS,2011-05-26T12:35:00+00:00,3464.236913389512,2011
R6B-347,STRESS,2011-05-27T09:00:00+00:00,3462.128145835174,2011
R6B-347,STRESS,2011-05-31T08:35:00+00:00,3457.9060208713227,2011
R6B-347,STRESS,2011-06-06T08:50:00+00:00,3453.7529160577847,2011
R6B-347,STRESS,2011-06-07T14:30:00+00:00,3449.2261096136936,2011
R6B-347,STRESS,2011-06-14T10:40:00+00:00,3442.340713217355,2011
R6B-347,STRESS,2011-06-20T08:20:00+00:00,3432.672800779468,2011
R6B-347,STRESS,2011-06-21T14:05:00+00:00,3432.8208658947146,2011
R6B-347,STRESS,2011-06-27T11:25:00+00:00,3427.578631500335,2011
R6B-347,STRESS,2011-06-28T15:35:00+00:00,3423.2146063865894,2011
R6B-347,STRESS,2011-06-29T08:30:00+00:00,3432.7901197288834,2011
R6B-347,STRESS,2011-06-30T10:55:00+00:00,3423.5370506756844,2011
R6B-347,STRESS,2011-07-04T08:05:00+00:00,3428.548399245917,2011
R6B-347,STRESS,2011-07-05T08:30:00+00:00,3426.7242581528963,2011
R6B-347,STRESS,2011-07-06T13:00:00+00:00,3440.535694381988,2011
R6B-347,STRESS,2011-07-07T11:20:00+00:00,3429.833824677327,2011
R6B-347,STRESS,2011-07-11T12:40:00+00:00,3447.4769344308374,2011
R6B-347,STRESS,2011-07-13T15:10:00+00:00,3477.523706610762,2011
R6B-347,STRESS,2011-07-18T08:05:00+00:00,3477.466529603316,2011
R6B-347,STRESS,2011-07-19T13:30:00+00:00,3471.4470396986253,2011
R6B-347,STRESS,2011-07-20T10:50:00+00:00,3462.31600344285,2011
R6B-347,STRESS,2011-07-21T14:20:00+00:00,3440.382542002297,2011
R6B-347,STRESS,2011-07-25T08:05:00+00:00,3440.6714587074384,2011
R6B-347,STRESS,2011-07-26T12:35:00+00:00,3431.3307324303078,2011
R6B-347,STRESS,2011-07-27T08:20:00+00:00,3434.165038494382,2011
R6B-347,STRESS,2011-07-28T10:50:00+00:00,3428.174615837556,2011
R6B-347,STRESS,2011-07-29T10:35:00+00:00,3416.382628994268,2011
R6B-347,STRESS,2011-08-02T11:10:00+00:00,3424.0024667256644,2011
R6B-347,STRESS,2011-08-03T13:55:00+00:00,3438.6991430494154,2011
R6B-347,STRESS,2011-08-04T11:20:00+00:00,3428.910795556607,2011
R6B-347,STRESS,2011-08-05T11:30:00+00:00,3445.2500105771965,2011
R6B-347,STRESS,2011-08-08T08:05:00+00:00,3479.876936606298,2011
R6B-347,STRESS,2011-08-09T08:05:00+00:00,3534.523434222381,2011
R6B-347,STRESS,2011-08-16T15:00:00+00:00,3556.608914872323,2011
R6B-347,STRESS,2011-08-17T14:05:00+00:00,3561.5642761146523,2011
R6B-347,STRESS,2011-08-18T10:50:00+00:00,3588.132357401826,2011
R6B-347,STRESS,2011-08-19T08:10:00+00:00,3644.415838503108,2011
R6B-347,STRESS,2011-08-22T08:05:00+00:00,3680.363852261551,2011
R6B-347,STRESS,2011-08-26T11:25:00+00:00,3705.2354911014645,2011
R6B-347,STRESS,2011-08-30T08:55:00+00:00,3695.805700883811,2011
R6B-347,STRESS,2011-09-02T10:45:00+00:00,3737.293579533812,2011
R6B-347,STRESS,2011-09-05T08:15:00+00:00,3745.9623069994086,2011
R6B-347,STRESS,2011-09-06T11:15:00+00:00,3701.0111553704705,2011
R6B-347,STRESS,2011-09-08T09:00:00+00:00,3699.004811311422,2011
R6B-347,STRESS,2011-09-09T13:40:00+00:00,3669.977527173293,2011
R6B-347,STRESS,2011-09-13T08:05:00+00:00,3647.5022302852767,2011
R6B-347,STRESS,2011-09-14T09:10:00+00:00,3613.780460942508,2011
R6B-347,STRESS,2011-09-15T08:20:00+00:00,3578.8140546612135,2011
R6B-347,STRESS,2011-09-19T08:05:00+00:00,3570.6427328838868,2011
R6B-347,STRESS,2011-09-20T15:05:00+00:00,3603.144499693665,2011
R6B-347,STRESS,2011-09-21T11:55:00+00:00,3588.8052224457456,2011
R6B-347,STRESS,2011-09-23T09:05:00+00:00,3555.552936140024,2011
R6B-347,STRESS,2011-09-27T09:05:00+00:00,3624.4206621911326,2011
R6B-347,STRESS,2011-09-28T14:55:00+00:00,3607.8408637998605,2011
R6B-347,STRESS,2011-09-29T11:40:00+00:00,3586.844445521854,2011
R6B-347,STRESS,2011-09-30T09:05:00+00:00,3594.7727562874684,2011
R6B-347,STRESS,2011-10-03T09:10:00+00:00,3635.726091030135,2011
R6B-347,STRESS,2011-10-04T14:10:00+00:00,3558.039894045384,2011
R6B-347,STRESS,2011-10-05T08:10:00+00:00,3537.12231828592,2011
R6B-347,STRESS,2011-10-06T10:35:00+00:00,3541.555206576418,2011
R6B-347,STRESS,2011-10-07T10:20:00+00:00,3533.1944089803114,2011
R6B-347,STRESS,2011-10-10T09:00:00+00:00,3558.4533104006982,2011
R6B-347,STRESS,2011-10-11T10:00:00+00:00,3510.7546781329065,2011
R6B-347,STRESS,2011-10-12T10:55:00+00:00,3538.2717708665323,2011
R6B-347,STRESS,2011-10-14T13:45:00+00:00,3548.784586941753,2011
R6B-347,STRESS,2011-10-17T11:15:00+00:00,3543.621601043258,2011
R6B-347,STRESS,2011-10-18T09:00:00+00:00,3506.0473507291335,2011
R6B-347,STRESS,2011-10-21T09:25:00+00:00,3505.1969805868152,2011
R6B-347,STRESS,2011-10-24T08:05:00+00:00,3520.343173433333,2011
R6B-347,STRESS,2011-10-25T11:05:00+00:00,3531.107436221869,2011
R6B-347,STRESS,2011-10-26T08:35:00+00:00,3539.4985930669354,2011
R6B-347,STRESS,2011-10-28T09:00:00+00:00,3511.40565618799,2011
R6B-347,STRESS,2011-11-02T09:05:00+00:00,3533.9626312050477,2011
R6B-347,STRESS,2011-11-07T08:40:00+00:00,3545.5476299191537,2011
R6B-347,STRESS,2011-11-11T09:50:00+00:00,3540.4966970036967,2011
R6B-347,STRESS,2011-11-14T08:05:00+00:00,3515.759584068891,2011
R6B-347,STRESS,2011-11-17T13:40:00+00:00,3472.9839139137134,2011
R6B-347,STRESS,2011-11-18T10:50:00+00:00,3476.7657084149187,2011
R6B-347,STRESS,2011-11-22T10:15:00+00:00,3485.8035343079073,2011
R6B-347,STRESS,2011-11-23T09:30:00+00:00,3457.1604193647872,2011
R6B-347,STRESS,2011-11-24T15:05:00+00:00,3449.520094846769,2011
R6B-347,STRESS,2011-11-28T08:05:00+00:00,3468.3524600957358,2011
R6B-347,STRESS,2011-11-30T08:20:00+00:00,3436.05759309928,2011
R6B-347,STRESS,2011-12-02T14:20:00+00:00,3448.323768587097,2011
R6B-347,STRESS,2011-12-05T08:05:00+00:00,3431.2571622172745,2011
R6B-347,STRESS,2011-12-07T15:05:00+00:00,3435.9296231531075,2011
R6B-347,STRESS,2011-12-09T10:00:00+00:00,3424.4827083123655,2011
R6B-347,STRESS,2011-12-14T12:00:00+00:00,3392.5681439162818,2011
R6B-347,STRESS,2011-12-16T08:40:00+00:00,3412.4725218611493,2011
R6B-347,STRESS,2011-12-19T08:05:00+00:00,3393.094098652576,2011
R6B-347,STRESS,2011-12-20T09:00:00+00:00,3396.5474171760907,2011
R6B-347,STRESS,2011-12-21T08:05:00+00:00,3412.9512758905025,2011
R6B-347,STRESS,2011-12-23T09:15:00+00:00,3413.449346738026,2011
R6B-347,STRESS,2011-12-30T08:05:00+00:00,3433.46671066993,2011
R6B-347,STRESS,2012-01-03T08:05:00+00:00,3465.8963564355327,2012
R6B-347,STRESS,2012-01-04T08:05:00+00:00,3458.79621549114,2012
R6B-347,STRESS,2012-01-05T11:05:00+00:00,3444.5771264418604,2012
R6B-347,STRESS,2012-01-06T11:05:00+00:00,3430.305196639502,2012
R6B-347,STRESS,2012-01-09T15:35:00+00:00,3429.673941119552,2012
R6B-347,STRESS,2012-01-10T09:40:00+00:00,3448.3375165620655,2012
R6B-347,STRESS,2012-01-11T11:20:00+00:00,3447.210112241381,2012
R6B-347,STRESS,2012-01-12T13:50:00+00:00,3464.189443787895,2012
R6B-347,STRESS,2012-01-16T15:15:00+00:00,3460.1419206114288,2012
R6B-347,STRESS,2012-01-17T09:10:00+00:00,3484.1720227986825,2012
R6B-347,STRESS,2012-01-18T12:55:00+00:00,3477.095011967756,2012
R6B-347,STRESS,2012-01-19T10:15:00+00:00,3470.9460514441735,2012
R6B-347,STRESS,2012-01-20T15:35:00+00:00,3472.027375950894,2012
R6B-347,STRESS,2012-01-23T09:35:00+00:00,3481.1894817543352,2012
R6B-347,STRESS,2012-01-25T15:35:00+00:00,3446.455032654392,2012
R6B-347,STRESS,2012-01-26T08:10:00+00:00,3435.0624962122142,2012
R6B-347,STRESS,2012-01-31T09:10:00+00:00,3449.0225218245423,2012
R6B-347,STRESS,2012-02-02T09:05:00+00:00,3445.2739696536255,2012
R6B-347,STRESS,2012-02-07T14:35:00+00:00,3443.232895937729,2012
R6B-347,STRESS,2012-02-08T14:30:00+00:00,3421.666056679977,2012
R6B-347,STRESS,2012-02-09T13:10:00+00:00,3419.429117795143,2012
R6B-347,STRESS,2012-02-13T08:05:00+00:00,3424.462225049514,2012
R6B-347,STRESS,2012-02-15T09:20:00+00:00,3430.169377126415,2012
R6B-347,STRESS,2012-02-17T09:05:00+00:00,3429.053871853264,2012
R6B-347,STRESS,2012-02-20T08:05:00+00:00,3422.7185683784996,2012
R6B-347,STRESS,2012-02-21T13:50:00+00:00,3434.808563834441,2012
R6B-347,STRESS,2012-02-22T15:25:00+00:00,3424.4761663110035,2012
R6B-347,STRESS,2012-02-24T12:40:00+00:00,3414.4985689810355,2012
R6B-347,STRESS,2012-02-28T12:45:00+00:00,3429.6372927741468,2012
R6B-347,STRESS,2012-02-29T12:35:00+00:00,3419.31525463745,2012
R6B-347,STRESS,2012-03-01T11:00:00+00:00,3409.5314938754113,2012
R6B-347,STRESS,2012-03-05T09:05:00+00:00,3375.371522206636,2012
R6B-347,STRESS,2012-03-06T09:05:00+00:00,3349.996177393699,2012
R6B-347,STRESS,2012-03-07T09:35:00+00:00,3343.317585892935,2012
R6B-347,STRESS,2012-03-08T13:05:00+00:00,3360.7130262317974,2012
R6B-347,STRESS,2012-03-09T10:50:00+00:00,3348.831496040209,2012
R6B-347,STRESS,2012-03-13T09:05:00+00:00,3334.9466146341906,2012
R6B-347,STRESS,2012-03-14T12:40:00+00:00,3263.0321575219496,2012
R6B-347,STRESS,2012-03-15T11:25:00+00:00,3261.687258527358,2012
R6B-347,STRESS,2012-03-16T10:20:00+00:00,3233.810447837611,2012
R6B-347,STRESS,2012-03-19T08:05:00+00:00,3223.255326412905,2012
R6B-347,STRESS,2012-03-21T09:05:00+00:00,3223.515378401856,2012
R6B-347,STRESS,2012-03-22T09:20:00+00:00,3187.5567027897346,2012
R6B-347,STRESS,2012-03-23T09:05:00+00:00,3195.7562433258126,2012
R6B-347,STRESS,2012-03-26T08:05:00+00:00,3180.3058334046946,2012
R6B-347,STRESS,2012-03-27T14:15:00+00:00,3182.0637678934672,2012
R6B-347,STRESS,2012-03-28T15:45:00+00:00,3161.030778030606,2012
R6B-347,STRESS,2012-03-30T08:55:00+00:00,3158.26834223602,2012
R6B-347,STRESS,2012-04-02T08:05:00+00:00,3143.8501361200615,2012
R6B-347,STRESS,2012-04-03T11:30:00+00:00,3130.7081106562955,2012
R6B-347,STRESS,2012-04-05T10:55:00+00:00,3126.415861986639,2012
R6B-347,STRESS,2012-04-06T15:35:00+00:00,3132.2631591705026,2012
R6B-347,STRESS,2012-04-09T08:05:00+00:00,3128.609261293605,2012
R6B-347,STRESS,2012-04-10T09:00:00+00:00,3123.24322126446,2012
R6B-347,STRESS,2012-04-18T11:20:00+00:00,3107.451660741036,2012
R6B-347,STRESS,2012-04-19T15:25:00+00:00,3106.337889536076,2012
R6B-347,STRESS,2012-04-20T11:10:00+00:00,3104.809519698061,2012
R6B-347,STRESS,2012-04-24T15:40:00+00:00,3107.1381322534266,2012
R6B-347,STRESS,2012-04-26T11:05:00+00:00,3107.02695542387,2012
R6B-347,STRESS,2012-04-30T14:30:00+00:00,3088.2308489237903,2012
R6B-347,STRESS,2012-05-01T08:05:00+00:00,3077.500632904902,2012
R6B-347,STRESS,2012-05-10T12:50:00+00:00,3071.4254025218393,2012
R6B-347,STRESS,2012-05-17T09:05:00+00:00,3067.1376940472965,2012
R6B-347,STRESS,2012-05-21T08:05:00+00:00,3063.757403414638,2012
R6B-347,STRESS,2012-05-25T14:55:00+00:00,3063.538962540557,2012
R6B-347,STRESS,2012-05-28T08:05:00+00:00,3068.0382823030777,2012
R6B-347,STRESS,2012-06-04T13:25:00+00:00,3057.543027690937,2012
R6B-347,STRESS,2012-06-05T09:05:00+00:00,3043.5198023158246,2012
R6B-347,STRESS,2012-06-06T08:10:00+00:00,3068.8400631862137,2012
R6B-347,STRESS,2012-06-11T08:05:00+00:00,3053.331068685961,2012
R6B-347,STRESS,2012-06-13T15:20:00+00:00,3065.307526306068,2012
R6B-347,STRESS,2012-06-14T12:05:00+00:00,3059.172813400572,2012
R6B-347,STRESS,2012-06-15T15:20:00+00:00,3055.649950004665,2012
R6B-347,STRESS,2012-06-19T15:05:00+00:00,3039.936440429138,2012
R6B-347,STRESS,2012-06-25T08:30:00+00:00,3024.0695980844157,2012
R6B-347,STRESS,2012-06-27T09:50:00+00:00,3008.9013122360725,2012
R6B-347,STRESS,2012-06-28T09:05:00+00:00,2989.4956637554683,2012
R6B-347,STRESS,2012-06-29T10:55:00+00:00,3014.1176970291417,2012
R6B-347,STRESS,2012-07-03T10:55:00+00:00,3028.8381897667277,2012
R6B-347,STRESS,2012-07-05T09:20:00+00:00,3026.287693282036,2012
R6B-347,STRESS,2012-07-11T13:40:00+00:00,3015.6946821890915,2012
R6B-347,STRESS,2012-07-13T15:00:00+00:00,3049.8535054191484,2012
R6B-347,STRESS,2012-07-17T09:20:00+00:00,3051.362354644929,2012
R6B-347,STRESS,2012-07-19T10:45:00+00:00,3059.6607398813885,2012
R6B-347,STRESS,2012-07-25T10:15:00+00:00,3066.754489836032,2012
R6B-347,STRESS,2012-07-26T13:45:00+00:00,3083.009630651137,2012
R6B-347,STRESS,2012-07-27T13:25:00+00:00,3097.131652145456,2012
R6B-347,STRESS,2012-08-01T14:55:00+00:00,3063.7447144482317,2012
R6B-347,STRESS,2012-08-02T15:30:00+00:00,3035.2239617536648,2012
R6B-347,STRESS,2012-08-03T09:05:00+00:00,3038.87406099657,2012
R6B-347,STRESS,2012-08-06T12:50:00+00:00,3035.787519108302,2012
R6B-347,STRESS,2012-08-07T15:15:00+00:00,3027.522846935839,2012
R6B-347,STRESS,2012-08-09T09:25:00+00:00,3022.174312888888,2012
R6B-347,STRESS,2012-08-13T10:20:00+00:00,3024.885766426486,2012
R6B-347,STRESS,2012-08-14T14:30:00+00:00,2996.7991780246157,2012
R6B-347,STRESS,2012-08-15T10:40:00+00:00,2981.550133947595,2012
R6B-347,STRESS,2012-08-16T09:05:00+00:00,2976.326919123008,2012
R6B-347,STRESS,2012-08-17T14:30:00+00:00,2965.731224147578,2012
R6B-347,STRESS,2012-08-20T10:40:00+00:00,2957.2982605213692,2012
R6B-347,STRESS,2012-08-21T13:40:00+00:00,2981.329042563996,2012
R6B-347,STRESS,2012-08-22T14:25:00+00:00,2979.695889810597,2012
R6B-347,STRESS,2012-08-23T09:10:00+00:00,2987.417067253264,2012
R6B-347,STRESS,2012-08-27T08:45:00+00:00,2981.400225576121,2012
R6B-347,STRESS,2012-08-29T12:50:00+00:00,2973.4904211519406,2012
R6B-347,STRESS,2012-08-30T11:00:00+00:00,2966.446873905082,2012
R6B-347,STRESS,2012-08-31T14:40:00+00:00,2976.168619676557,2012
R6B-347,STRESS,2012-09-04T09:05:00+00:00,2967.7245353673766,2012
R6B-347,STRESS,2012-09-06T09:35:00+00:00,2989.907840166968,2012
R6B-347,STRESS,2012-09-10T09:35:00+00:00,2977.2577803038803,2012
R6B-347,STRESS,2012-09-11T09:40:00+00:00,2974.854215065885,2012
R6B-347,STRESS,2012-09-12T08:45:00+00:00,2986.8551614541243,2012
R6B-347,STRESS,2012-09-14T09:10:00+00:00,2984.2516262255267,2012
R6B-347,STRESS,2012-09-17T09:15:00+00:00,2969.9625980338374,2012
R6B-347,STRESS,2012-09-19T13:15:00+00:00,2963.978426208989,2012
R6B-347,STRESS,2012-09-21T08:20:00+00:00,2962.3118852178627,2012
R6B-347,STRESS,2012-09-25T08:15:00+00:00,2962.211263724427,2012
R6B-347,STRESS,2012-09-27T09:05:00+00:00,2961.94546832644,2012
R6B-347,STRESS,2012-09-28T12:15:00+00:00,2957.666851930169,2012
R6B-347,STRESS,2012-10-03T13:10:00+00:00,2959.7244018599104,2012
R6B-347,STRESS,2012-10-04T11:00:00+00:00,2969.5001553648453,2012
R6B-347,STRESS,2012-10-05T10:00:00+00:00,2955.5231903920185,2012
R6B-347,STRESS,2012-10-09T09:05:00+00:00,2942.991771683931,2012
R6B-347,STRESS,2012-10-11T11:10:00+00:00,2949.6390888142532,2012
R6B-347,STRESS,2012-10-12T09:30:00+00:00,2942.193954095124,2012
R6B-347,STRESS,2012-10-16T14:10:00+00:00,2951.3709857409394,2012
R6B-347,STRESS,2012-10-17T08:10:00+00:00,2948.9692464848704,2012
R6B-347,STRESS,2012-10-22T11:05:00+00:00,2946.5214690549506,2012
R6B-347,STRESS,2012-10-24T08:05:00+00:00,2938.2806948924717,2012
R6B-347,STRESS,2012-10-25T08:10:00+00:00,2950.923013928623,2012
R6B-347,STRESS,2012-10-29T08:10:00+00:00,2942.52805030228,2012
R6B-347,STRESS,2012-10-30T08:35:00+00:00,2942.654014152572,2012
R6B-347,STRESS,2012-10-31T09:30:00+00:00,2946.808514613647,2012
R6B-347,STRESS,2012-11-01T11:20:00+00:00,2946.3135226635895,2012
R6B-347,STRESS,2012-11-05T08:25:00+00:00,2928.6279341574677,2012
R6B-347,STRESS,2012-11-06T13:45:00+00:00,2936.373358615627,2012
R6B-347,STRESS,2012-11-07T10:40:00+00:00,2944.075729611839,2012
R6B-347,STRESS,2012-11-09T13:30:00+00:00,2929.594890667025,2012
R6B-347,STRESS,2012-11-12T09:00:00+00:00,2924.4707211910913,2012
R6B-347,STRESS,2012-11-19T08:05:00+00:00,2929.0718156900566,2012
R6B-347,STRESS,2012-11-20T11:40:00+00:00,2925.2582671545424,2012
R6B-347,STRESS,2012-11-22T09:20:00+00:00,2917.8171815909845,2012
R6B-347,STRESS,2012-11-23T14:20:00+00:00,2918.8688707198944,2012
R6B-347,STRESS,2012-11-26T13:05:00+00:00,2914.1611234120237,2012
R6B-347,STRESS,2012-11-27T08:45:00+00:00,2905.8535374113267,2012
R6B-347,STRESS,2012-11-29T08:05:00+00:00,2899.73726737961,2012
R6B-347,STRESS,2012-11-30T12:35:00+00:00,2902.5831903475128,2012
R6B-347,STRESS,2012-12-03T09:00:00+00:00,2901.4213095726113,2012
R6B-347,STRESS,2012-12-05T09:00:00+00:00,2910.853335709234,2012
R6B-347,STRESS,2012-12-06T08:35:00+00:00,2898.257791845066,2012
R6B-347,STRESS,2012-12-07T08:20:00+00:00,2893.275312786245,2012
R6B-347,STRESS,2012-12-10T08:30:00+00:00,2898.7507525022056,2012
R6B-347,STRESS,2012-12-12T10:10:00+00:00,2900.2813688891847,2012
R6B-347,STRESS,2012-12-14T09:40:00+00:00,2895.4760781369837,2012
R6B-347,STRESS,2012-12-18T09:10:00+00:00,2896.6844698411646,2012
R6B-347,STRESS,2012-12-20T14:40:00+00:00,2859.711993238022,2012
R6B-347,STRESS,2012-12-24T14:00:00+00:00,2859.7642081606673,2012
R6B-347,STRESS,2012-12-25T14:05:00+00:00,2855.731956477322,2012
R6B-347,STRESS,2012-12-26T15:45:00+00:00,2863.2437236689984,2012
R6B-347,STRESS,2012-12-31T08:30:00+00:00,2874.047550436057,2012
R6B-347,STRESS,2013-01-02T09:45:00+00:00,2883.280182147643,2013
R6B-347,STRESS,2013-01-07T08:10:00+00:00,2871.0273541570364,2013
R6B-347,STRESS,2013-01-08T08:15:00+00:00,2864.415017011509,2013
R6B-347,STRESS,2013-01-09T14:00:00+00:00,2864.219979176321,2013
R6B-347,STRESS,2013-01-10T14:10:00+00:00,2878.2896733984217,2013
R6B-347,STRESS,2013-01-14T09:05:00+00:00,2884.6802502315286,2013
R6B-347,STRESS,2013-01-15T10:40:00+00:00,2899.597161192024,2013
R6B-347,STRESS,2013-01-16T14:50:00+00:00,2882.555164401696,2013
R6B-347,STRESS,2013-01-17T15:30:00+00:00,2889.6358145964005,2013
R6B-347,STRESS,2013-01-18T13:10:00+00:00,2885.7167161025036,2013
R6B-347,STRESS,2013-01-21T09:15:00+00:00,2882.610381917164,2013
R6B-347,STRESS,2013-01-22T14:00:00+00:00,2874.8950075868515,2013
R6B-347,STRESS,2013-01-25T13:45:00+00:00,2859.8951039116264,2013
R6B-347,STRESS,2013-01-28T14:35:00+00:00,2847.2656841705057,2013
R6B-347,STRESS,2013-01-29T08:40:00+00:00,2853.1740649849485,2013
R6B-347,STRESS,2013-01-30T08:15:00+00:00,2853.8631951685966,2013
R6B-347,STRESS,2013-02-01T16:00:00+00:00,2862.155762783002,2013
R6B-347,STRESS,2013-02-04T10:35:00+00:00,2845.4739374616242,2013
R6B-347,STRESS,2013-02-05T12:50:00+00:00,2844.7489677370004,2013
R6B-347,STRESS,2013-02-07T12:15:00+00:00,2836.4580462289687,2013
R6B-347,STRESS,2013-02-13T09:55:00+00:00,2823.5580095728023,2013
R6B-347,STRESS,2013-02-14T12:10:00+00:00,2825.645634795495,2013
R6B-347,STRESS,2013-02-18T08:05:00+00:00,2824.93648608507,2013
R6B-347,STRESS,2013-02-19T08:15:00+00:00,2822.117312072302,2013
R6B-347,STRESS,2013-02-20T09:10:00+00:00,2812.677206903203,2013
R6B-347,STRESS,2013-02-22T11:30:00+00:00,2807.9566094287043,2013
R6B-347,STRESS,2013-02-25T10:05:00+00:00,2818.857299353097,2013
R6B-347,STRESS,2013-02-26T09:45:00+00:00,2811.972292074577,2013
R6B-347,STRESS,2013-02-28T11:25:00+00:00,2790.90331935765,2013
R6B-347,STRESS,2013-03-01T08:55:00+00:00,2780.2859672345544,2013
R6B-347,STRESS,2013-03-04T08:05:00+00:00,2771.0196151236773,2013
R6B-347,STRESS,2013-03-05T09:00:00+00:00,2773.6185613330263,2013
R6B-347,STRESS,2013-03-06T08:15:00+00:00,2769.2558518093306,2013
R6B-347,STRESS,2013-03-07T14:15:00+00:00,2760.8530589873417,2013
R6B-347,STRESS,2013-03-11T09:50:00+00:00,2756.5453640767446,2013
R6B-347,STRESS,2013-03-12T09:50:00+00:00,2755.2565414381643,2013
R6B-347,STRESS,2013-03-15T13:45:00+00:00,2754.7747324799107,2013
R6B-347,STRESS,2013-03-18T08:05:00+00:00,2753.8868917117597,2013
R6B-347,STRESS,2013-03-19T12:10:00+00:00,2746.343680723042,2013
R6B-347,STRESS,2013-03-20T13:50:00+00:00,2734.950721011228,2013
R6B-347,STRESS,2013-03-21T12:35:00+00:00,2738.165330322376,2013
R6B-347,STRESS,2013-03-25T10:35:00+00:00,2723.056135576185,2013
R6B-347,STRESS,2013-04-01T08:25:00+00:00,2719.094305764572,2013
R6B-347,STRESS,2013-04-02T08:40:00+00:00,2711.4286446978012,2013
R6B-347,STRESS,2013-04-08T14:50:00+00:00,2692.393292322642,2013
R6B-347,STRESS,2013-04-09T09:20:00+00:00,2687.433890872189,2013
R6B-347,STRESS,2013-04-10T10:40:00+00:00,2672.9959908227866,2013
R6B-347,STRESS,2013-04-11T13:35:00+00:00,2664.7282367027965,2013
R6B-347,STRESS,2013-04-12T13:45:00+00:00,2616.734988346279,2013
R6B-347,STRESS,2013-04-16T14:10:00+00:00,2621.7579856033753,2013
R6B-347,STRESS,2013-04-17T15:20:00+00:00,2632.8635943020768,2013
R6B-347,STRESS,2013-04-18T15:40:00+00:00,2647.716160461484,2013
R6B-347,STRESS,2013-04-19T10:20:00+00:00,2671.111520119969,2013
R6B-347,STRESS,2013-04-22T08:05:00+00:00,2697.046554209972,2013
R6B-347,STRESS,2013-04-24T08:15:00+00:00,2704.809333856975,2013
R6B-347,STRESS,2013-04-25T09:05:00+00:00,2725.6794276323685,2013
R6B-347,STRESS,2013-04-26T08:40:00+00:00,2700.47487724374,2013
R6B-347,STRESS,2013-04-29T08:05:00+00:00,2713.8106660080707,2013
R6B-347,STRESS,2013-04-30T15:55:00+00:00,2698.4387426409103,2013
R6B-347,STRESS,2013-05-01T08:05:00+00:00,2684.3836467051447,2013
R6B-347,STRESS,2013-05-03T09:10:00+00:00,2694.467081909628,2013
R6B-347,STRESS,2013-05-06T08:40:00+00:00,2688.0154870748092,2013
R6B-347,STRESS,2013-05-08T10:40:00+00:00,2679.387853721493,2013
R6B-347,STRESS,2013-05-14T08:35:00+00:00,2675.231934861655,2013
R6B-347,STRESS,2013-05-16T10:50:00+00:00,2623.909840650327,2013
R6B-347,STRESS,2013-05-17T09:00:00+00:00,2598.636832648036,2013
R6B-347,STRESS,2013-05-21T13:25:00+00:00,2542.9809933287684,2013
R6B-347,STRESS,2013-05-22T14:55:00+00:00,2512.1600324994365,2013
R6B-347,STRESS,2013-05-23T12:35:00+00:00,2539.099476513861,2013
R6B-347,STRESS,2013-05-24T10:35:00+00:00,2523.3734453217517,2013
R6B-347,STRESS,2013-05-27T10:05:00+00:00,2527.2562700169624,2013
R6B-347,STRESS,2013-05-29T09:05:00+00:00,2524.1478689108158,2013
R6B-347,STRESS,2013-05-30T09:50:00+00:00,2538.4068912811076,2013
R6B-347,STRESS,2013-05-31T09:10:00+00:00,2528.947333996615,2013
R6B-347,STRESS,2013-06-04T09:00:00+00:00,2510.8906870530554,2013
R6B-347,STRESS,2013-06-05T09:05:00+00:00,2506.7736802079294,2013
R6B-347,STRESS,2013-06-10T08:05:00+00:00,2491.5036757505222,2013
R6B-347,STRESS,2013-06-12T15:35:00+00:00,2511.9378993452146,2013
R6B-347,STRESS,2013-06-13T10:30:00+00:00,2496.1622350075136,2013
R6B-347,STRESS,2013-06-17T10:35:00+00:00,2485.9507021864624,2013
R6B-347,STRESS,2013-06-21T10:10:00+00:00,2498.251006238436,2013
R6B-347,STRESS,2013-06-24T08:05:00+00:00,2463.511375180906,2013
R6B-347,STRESS,2013-06-27T09:00:00+00:00,2463.45708723096,2013
R6B-347,STRESS,2013-06-28T13:50:00+00:00,2428.817901032205,2013
R6B-347,STRESS,2013-07-01T08:05:00+00:00,2432.7720630267618,2013
R6B-347,STRESS,2013-07-02T10:55:00+00:00,2430.694023473824,2013
R6B-347,STRESS,2013-07-03T09:05:00+00:00,2430.8979545971515,2013
R6B-347,STRESS,2013-07-08T08:55:00+00:00,2431.83645034589,2013
R6B-347,STRESS,2013-07-09T09:00:00+00:00,2459.656768508588,2013
R6B-347,STRESS,2013-07-10T15:10:00+00:00,2464.490377929521,2013
R6B-347,STRESS,2013-07-11T13:50:00+00:00,2442.6090905420197,2013
R6B-347,STRESS,2013-07-12T08:55:00+00:00,2417.133475610788,2013
R6B-347,STRESS,2013-07-15T08:05:00+00:00,2407.314956327172,2013
R6B-347,STRESS,2013-07-16T15:30:00+00:00,2415.7720623427854,2013
R6B-347,STRESS,2013-07-17T08:35:00+00:00,2403.1675572529425,2013
R6B-347,STRESS,2013-07-19T10:30:00+00:00,2402.2826037294562,2013
R6B-347,STRESS,2013-07-22T08:05:00+00:00,2406.4676064940877,2013
R6B-347,STRESS,2013-07-23T10:25:00+00:00,2389.874341467075,2013
R6B-347,STRESS,2013-07-26T10:20:00+00:00,2372.552346094926,2013
R6B-347,STRESS,2013-07-31T09:45:00+00:00,2368.9908759544733,2013
R6B-347,STRESS,2013-08-05T09:10:00+00:00,2364.1487413587934,2013
R6B-347,STRESS,2013-08-06T08:10:00+00:00,2339.966492246995,2013
R6B-347,STRESS,2013-08-08T09:00:00+00:00,2335.022293099219,2013
R6B-347,STRESS,2013-08-09T08:35:00+00:00,2324.159999912634,2013
R6B-347,STRESS,2013-08-12T08:05:00+00:00,2321.252032821922,2013
R6B-347,STRESS,2013-08-13T14:35:00+00:00,2302.2373793982474,2013
R6B-347,STRESS,2013-08-14T10:10:00+00:00,2299.944512298541,2013
R6B-347,STRESS,2013-08-16T09:30:00+00:00,2279.847591784934,2013
R6B-347,STRESS,2013-08-19T09:45:00+00:00,2271.350623316526,2013
R6B-347,STRESS,2013-08-20T08:15:00+00:00,2258.2769400207103,2013
R6B-347,STRESS,2013-08-26T13:35:00+00:00,2250.7702210029965,2013
R6B-347,STRESS,2013-08-27T08:30:00+00:00,2258.2558774935333,2013
R6B-347,STRESS,2013-08-28T12:50:00+00:00,2266.6432086189184,2013
R6B-347,STRESS,2013-09-02T14:00:00+00:00,2257.846278659114,2013
R6B-347,STRESS,2013-09-03T08:05:00+00:00,2242.5476845339213,2013
R6B-347,STRESS,2013-09-06T10:40:00+00:00,2232.5459533906806,2013
R6B-347,STRESS,2013-09-11T10:45:00+00:00,2219.2092543062336,2013
R6B-347,STRESS,2013-09-16T08:05:00+00:00,2204.416721864732,2013
R6B-347,STRESS,2013-09-17T15:05:00+00:00,2190.905824619684,2013
R6B-347,STRESS,2013-09-19T15:10:00+00:00,2180.8684173798633,2013
R6B-347,STRESS,2013-09-25T14:00:00+00:00,2168.534066562913,2013
R6B-347,STRESS,2013-09-27T15:25:00+00:00,2186.735568818648,2013
R6B-347,STRESS,2013-09-30T08:10:00+00:00,2184.8611069759427,2013
R6B-347,STRESS,2013-10-01T14:25:00+00:00,2111.2649933215316,2013
R6B-347,STRESS,2013-10-02T10:45:00+00:00,2115.09758180139,2013
R6B-347,STRESS,2013-10-07T08:05:00+00:00,2108.3387176785604,2013
R6B-347,STRESS,2013-10-08T10:00:00+00:00,2098.2881178076664,2013
R6B-347,STRESS,2013-10-10T14:05:00+00:00,2082.6768046804027,2013
R6B-347,STRESS,2013-10-11T12:15:00+00:00,2072.1804175282314,2013
R6B-347,STRESS,2013-10-14T08:45:00+00:00,2075.946671367134,2013
R6B-347,STRESS,2013-10-16T14:30:00+00:00,2060.177179448343,2013
R6B-347,STRESS,2013-10-17T08:20:00+00:00,2097.143041120685,2013
R6B-347,STRESS,2013-10-18T14:50:00+00:00,2087.004775578988,2013
R6B-347,STRESS,2013-10-21T08:05:00+00:00,2090.702824538889,2013
R6B-347,STRESS,2013-10-22T13:45:00+00:00,2110.1058688468884,2013
R6B-347,STRESS,2013-10-24T09:35:00+00:00,2109.7177664447427,2013
R6B-347,STRESS,2013-10-29T10:20:00+00:00,2090.0814962660943,2013
R6B-347,STRESS,2013-10-30T14:35:00+00:00,2101.225634814382,2013
R6B-347,STRESS,2013-11-01T08:10:00+00:00,2096.2994179177294,2013
R6B-347,STRESS,2013-11-05T10:30:00+00:00,2084.313553468288,2013
R6B-347,STRESS,2013-11-06T10:45:00+00:00,2089.888571888397,2013
R6B-347,STRESS,2013-11-07T14:30:00+00:00,2068.7028371793626,2013
R6B-347,STRESS,2013-11-08T11:55:00+00:00,2065.325961152627,2013
R6B-347,STRESS,2013-11-12T15:40:00+00:00,2058.9727327976493,2013
R6B-347,STRESS,2013-11-13T13:45:00+00:00,2064.0918398374424,2013
R6B-347,STRESS,2013-11-15T10:10:00+00:00,2046.9822362346586,2013
R6B-347,STRESS,2013-11-20T10:05:00+00:00,2037.6800367721278,2013
R6B-347,STRESS,2013-11-27T12:05:00+00:00,2044.7806040353141,2013
R6B-347,STRESS,2013-11-28T14:20:00+00:00,2045.2151293861657,2013
R6B-347,STRESS,2013-12-03T15:05:00+00:00,2032.6453676767471,2013
R6B-347,STRESS,2013-12-06T14:50:00+00:00,2038.060890383088,2013
R6B-347,STRESS,2013-12-09T15:35:00+00:00,2044.143251713137,2013
R6B-347,STRESS,2013-12-10T14:05:00+00:00,2070.4278078536336,2013
R6B-347,STRESS,2013-12-13T15:15:00+00:00,2074.465564375908,2013
R6B-347,STRESS,2013-12-17T13:50:00+00:00,2055.650874244644,2013
R6B-347,STRESS,2013-12-18T08:10:00+00:00,2048.313772029807,2013
R6B-347,STRESS,2013-12-20T12:00:00+00:00,2043.6920075094285,2013
R6B-347,STRESS,2013-12-26T10:00:00+00:00,2044.2132185471808,2013
R6B-347,STRESS,2013-12-27T14:00:00+00:00,2051.4124713709234,2013
R6B-347,STRESS,2013-12-31T14:15:00+00:00,2026.4518901635927,2013
R6B-347,STRESS,2014-01-02T09:00:00+00:00,2049.3079028685925,2014
R6B-347,STRESS,2014-01-03T08:40:00+00:00,2048.70787677981,2014
R6B-347,STRESS,2014-01-06T09:40:00+00:00,2044.2641557157972,2014
R6B-347,STRESS,2014-01-07T10:10:00+00:00,2036.5385800536867,2014
R6B-347,STRESS,2014-01-10T10:30:00+00:00,2036.9542032106465,2014
R6B-347,STRESS,2014-01-13T09:05:00+00:00,2027.2864494351356,2014
R6B-347,STRESS,2014-01-16T13:55:00+00:00,2022.2582304168718,2014
R6B-347,STRESS,2014-01-17T09:55:00+00:00,2017.6080757489678,2014
R6B-347,STRESS,2014-01-20T08:05:00+00:00,2011.6283070878085,2014
R6B-347,STRESS,2014-01-23T15:05:00+00:00,2048.82835595294,2014
R6B-347,STRESS,2014-01-27T08:05:00+00:00,2033.0239624928295,2014
R6B-347,STRESS,2014-01-28T13:50:00+00:00,2031.6874468157898,2014
R6B-347,STRESS,2014-02-03T13:30:00+00:00,2031.1028880762683,2014
R6B-347,STRESS,2014-02-04T14:15:00+00:00,2009.7481379034741,2014
R6B-347,STRESS,2014-02-05T09:40:00+00:00,2009.7705906583412,2014
R6B-347,STRESS,2014-02-07T09:55:00+00:00,2009.433433592778,2014
R6B-347,STRESS,2014-02-10T10:00:00+00:00,2015.4510408162569,2014
R6B-347,STRESS,2014-02-11T08:50:00+00:00,2024.7399909725436,2014
R6B-347,STRESS,2014-02-14T09:15:00+00:00,2031.9585340311721,2014
R6B-347,STRESS,2014-02-17T08:05:00+00:00,2032.0690316828536,2014
R6B-347,STRESS,2014-02-24T14:45:00+00:00,2039.9917354540828,2014
R6B-347,STRESS,2014-02-26T13:50:00+00:00,2026.5247824502558,2014
R6B-347,STRESS,2014-03-03T08:05:00+00:00,2042.7064495273298,2014
R6B-347,STRESS,2014-03-11T11:15:00+00:00,2049.396605421734,2014
R6B-347,STRESS,2014-03-12T09:25:00+00:00,2054.92595631719,2014
R6B-347,STRESS,2014-03-13T09:35:00+00:00,2054.3817587051653,2014
R6B-347,STRESS,2014-03-14T08:15:00+00:00,2042.3673920646354,2014
R6B-347,STRESS,2014-03-17T08:05:00+00:00,2034.6967356490152,2014
R6B-347,STRESS,2014-03-21T09:05:00+00:00,2042.729207245476,2014
R6B-347,STRESS,2014-03-25T08:30:00+00:00,2044.209037749628,2014
R6B-347,STRESS,2014-03-26T09:00:00+00:00,2044.8522538552288,2014
R6B-347,STRESS,2014-03-28T14:00:00+00:00,2038.4868704316577,2014
R6B-347,STRESS,2014-03-31T08:05:00+00:00,2030.2359991073167,2014
R6B-347,STRESS,2014-04-01T14:00:00+00:00,2024.7539654777406,2014
R6B-347,STRESS,2014-04-02T08:45:00+00:00,2025.334788797488,2014
R6B-347,STRESS,2014-04-03T08:40:00+00:00,2014.1341363501401,2014
R6B-347,STRESS,2014-04-04T15:35:00+00:00,2036.4952313095405,2014
R6B-347,STRESS,2014-04-08T09:35:00+00:00,2055.4356918996527,2014
R6B-347,STRESS,2014-04-09T10:15:00+00:00,2049.94836926053,2014
R6B-347,STRESS,2014-04-10T09:05:00+00:00,2058.4457377808476,2014
R6B-347,STRESS,2014-04-11T12:25:00+00:00,2056.9888075362237,2014
R6B-347,STRESS,2014-04-14T08:05:00+00:00,2054.8752177875463,2014
R6B-347,STRESS,2014-04-17T08:05:00+00:00,2043.1657658179058,2014
R6B-347,STRESS,2014-04-21T08:15:00+00:00,2028.52004704116,2014
R6B-347,STRESS,2014-04-23T09:25:00+00:00,2022.6250663843307,2014
R6B-347,STRESS,2014-04-24T09:05:00+00:00,2017.784924308003,2014
R6B-347,STRESS,2014-04-28T08:05:00+00:00,2015.307536856814,2014
R6B-347,STRESS,2014-05-05T09:00:00+00:00,2028.601872064291,2014
R6B-347,STRESS,2014-05-06T08:25:00+00:00,2026.7162365346796,2014
R6B-347,STRESS,2014-05-07T08:45:00+00:00,2028.8661306595193,2014
R6B-347,STRESS,2014-05-08T08:30:00+00:00,2025.931289102333,2014
R6B-347,STRESS,2014-05-09T11:55:00+00:00,2026.4602595520912,2014
R6B-347,STRESS,2014-05-12T11:55:00+00:00,2032.3027272194668,2014
R6B-347,STRESS,2014-05-14T15:30:00+00:00,2042.3014884715315,2014
R6B-347,STRESS,2014-05-16T12:15:00+00:00,2037.2062189883566,2014
R6B-347,STRESS,2014-05-19T09:35:00+00:00,2046.349990241648,2014
R6B-347,STRESS,2014-05-20T10:10:00+00:00,2041.240776331549,2014
R6B-347,STRESS,2014-05-21T10:55:00+00:00,2033.2361103695575,2014
R6B-347,STRESS,2014-05-22T13:35:00+00:00,2042.0206301759006,2014
R6B-347,STRESS,2014-05-26T09:55:00+00:00,2039.256073848699,2014
R6B-347,STRESS,2014-05-30T08:10:00+00:00,2033.6990738783884,2014
R6B-347,STRESS,2014-06-03T14:15:00+00:00,2026.9497646646332,2014
R6B-347,STRESS,2014-06-06T08:55:00+00:00,2026.1978670114918,2014
R6B-347,STRESS,2014-06-09T08:05:00+00:00,2025.6807725272672,2014
R6B-347,STRESS,2014-06-10T13:35:00+00:00,2032.9784750492827,2014
R6B-347,STRESS,2014-06-11T09:45:00+00:00,2033.5430497136438,2014
R6B-347,STRESS,2014-06-12T08:40:00+00:00,2032.1005692156125,2014
R6B-347,STRESS,2014-06-13T09:10:00+00:00,2027.974823537767,2014
R6B-347,STRESS,2014-06-16T08:05:00+00:00,2031.5633725306566,2014
R6B-347,STRESS,2014-06-19T09:05:00+00:00,2032.499021088519,2014
R6B-347,STRESS,2014-06-23T13:40:00+00:00,2029.7846847153414,2014
R6B-347,STRESS,2014-06-27T11:10:00+00:00,2022.8318210704408,2014
R6B-347,STRESS,2014-07-01T09:05:00+00:00,2012.4224389024141,2014
R6B-347,STRESS,2014-07-04T14:15:00+00:00,2008.8660597609312,2014
R6B-347,STRESS,2014-07-09T10:45:00+00:00,2011.7725705900586,2014
R6B-347,STRESS,2014-07-15T13:45:00+00:00,2007.115811840242,2014
R6B-347,STRESS,2014-07-16T10:00:00+00:00,2006.382178475546,2014
R6B-347,STRESS,2014-07-17T09:05:00+00:00,2006.983801706651,2014
R6B-347,STRESS,2014-07-21T11:00:00+00:00,2008.9033881005894,2014
R6B-347,STRESS,2014-07-23T15:55:00+00:00,2003.0989198340199,2014
R6B-347,STRESS,2014-07-28T12:40:00+00:00,1996.6723825855577,2014
R6B-347,STRESS,2014-07-29T15:15:00+00:00,1982.523896198622,2014
R6B-347,STRESS,2014-08-01T15:40:00+00:00,1993.8120983965946,2014
R6B-347,STRESS,2014-08-04T14:20:00+00:00,1986.856098533814,2014
R6B-347,STRESS,2014-08-05T08:50:00+00:00,1990.3658870358233,2014
R6B-347,STRESS,2014-08-06T13:40:00+00:00,2012.8672528479046,2014
R6B-347,STRESS,2014-08-08T10:40:00+00:00,2015.2454653661123,2014
R6B-347,STRESS,2014-08-12T15:45:00+00:00,2022.0051086130597,2014
R6B-347,STRESS,2014-08-13T13:55:00+00:00,2025.3274140483186,2014
R6B-347,STRESS,2014-08-14T11:35:00+00:00,2018.1854003020765,2014
R6B-347,STRESS,2014-08-15T13:45:00+00:00,1988.2768313078534,2014
R6B-347,STRESS,2014-08-19T11:25:00+00:00,1987.4606204572704,2014
R6B-347,STRESS,2014-08-20T10:05:00+00:00,1982.3820450812266,2014
R6B-347,STRESS,2014-08-22T12:00:00+00:00,1979.4301655800516,2014
R6B-347,STRESS,2014-08-26T10:45:00+00:00,1990.760791140302,2014
R6B-347,STRESS,2014-08-27T10:35:00+00:00,1990.8357693573394,2014
R6B-347,STRESS,2014-08-28T08:20:00+00:00,2000.152475530352,2014
R6B-347,STRESS,2014-09-01T13:35:00+00:00,1996.3199337015171,2014
R6B-347,STRESS,2014-09-03T09:55:00+00:00,1994.569704542868,2014
R6B-347,STRESS,2014-09-04T09:35:00+00:00,1993.0795438413595,2014
R6B-347,STRESS,2014-09-05T14:00:00+00:00,1992.564040775696,2014
R6B-347,STRESS,2014-09-08T11:15:00+00:00,1983.4708247426022,2014
R6B-347,STRESS,2014-09-15T09:50:00+00:00,1987.079714793792,2014
R6B-347,STRESS,2014-09-16T09:25:00+00:00,1990.9336066945357,2014
R6B-347,STRESS,2014-09-17T14:35:00+00:00,1984.3321802409484,2014
R6B-347,STRESS,2014-09-18T13:55:00+00:00,1974.702679856751,2014
R6B-347,STRESS,2014-09-19T11:40:00+00:00,1965.1035998864502,2014
R6B-347,STRESS,2014-09-22T08:30:00+00:00,1959.2911171122835,2014
R6B-347,STRESS,2014-09-23T10:00:00+00:00,1967.4195876007566,2014
R6B-347,STRESS,2014-09-24T14:20:00+00:00,1956.8796098779223,2014
R6B-347,STRESS,2014-09-26T09:05:00+00:00,1953.0693931270148,2014
R6B-347,STRESS,2014-09-29T08:45:00+00:00,1951.8686209897826,2014
R6B-347,STRESS,2014-10-02T10:55:00+00:00,1943.4430168763636,2014
R6B-347,STRESS,2014-10-06T14:35:00+00:00,1953.851768329165,2014
R6B-347,STRESS,2014-10-07T15:10:00+00:00,1954.056903884911,2014
R6B-347,STRESS,2014-10-08T14:50:00+00:00,1945.44431360569,2014
R6B-347,STRESS,2014-10-09T10:10:00+00:00,1948.7939162129867,2014
R6B-347,STRESS,2014-10-13T08:05:00+00:00,1946.6910340230954,2014
R6B-347,STRESS,2014-10-17T13:55:00+00:00,1940.5980548930502,2014
R6B-347,STRESS,2014-10-20T14:00:00+00:00,1949.6818143041592,2014
R6B-347,STRESS,2014-10-21T09:45:00+00:00,1949.3496579511466,2014
R6B-347,STRESS,2014-10-23T13:45:00+00:00,1933.2886852249849,2014
R6B-347,STRESS,2014-10-24T14:55:00+00:00,1926.230211422048,2014
R6B-347,STRESS,2014-10-28T09:55:00+00:00,1920.8210097511221,2014
R6B-347,STRESS,2014-11-06T13:30:00+00:00,1922.4062245229852,2014
R6B-347,STRESS,2014-11-12T14:00:00+00:00,1919.9307000046315,2014
R6B-347,STRESS,2014-11-13T12:10:00+00:00,1915.2956060780546,2014
R6B-347,STRESS,2014-11-18T13:45:00+00:00,1930.2885228779644,2014
R6B-347,STRESS,2014-11-20T14:35:00+00:00,1941.6145532914927,2014
R6B-347,STRESS,2014-11-25T11:20:00+00:00,1939.301760442539,2014
R6B-347,STRESS,2014-11-27T08:55:00+00:00,1928.5819457777586,2014
R6B-347,STRESS,2014-12-03T09:25:00+00:00,1937.1650671969414,2014
R6B-347,STRESS,2014-12-05T15:20:00+00:00,1914.738284182809,2014
R6B-347,STRESS,2014-12-08T09:10:00+00:00,1916.7622570528713,2014
R6B-347,STRESS,2014-12-09T14:55:00+00:00,1949.603073311115,2014
R6B-347,STRESS,2014-12-10T12:55:00+00:00,1943.7829178622376,2014
R6B-347,STRESS,2014-12-11T09:05:00+00:00,1927.2452059845125,2014
R6B-347,STRESS,2014-12-17T15:50:00+00:00,1918.8250801782058,2014
R6B-347,STRESS,2014-12-18T14:05:00+00:00,1922.101332569155,2014
R6B-347,STRESS,2014-12-19T14:45:00+00:00,1915.1574853118593,2014
R6B-347,STRESS,2014-12-22T09:20:00+00:00,1911.6986972324696,2014
R6B-347,STRESS,2014-12-23T12:50:00+00:00,1905.2923838276809,2014
R6B-347,STRESS,2014-12-24T12:55:00+00:00,1899.7381403034294,2014
R6B-347,STRESS,2014-12-26T09:05:00+00:00,1907.7927593442555,2014
R6B-347,STRESS,2014-12-29T10:55:00+00:00,1899.4327034585544,2014
R6B-347,STRESS,2014-12-30T09:00:00+00:00,1903.8793149508713,2014
R6B-347,STRESS,2015-01-05T10:40:00+00:00,1899.2861697328792,2015
R6B-347,STRESS,2015-01-06T12:15:00+00:00,1902.659278399524,2015
R6B-347,STRESS,2015-01-09T10:50:00+00:00,1899.353576020431,2015
R6B-347,STRESS,2015-01-12T08:05:00+00:00,1902.3064024916748,2015
R6B-347,STRESS,2015-01-13T09:25:00+00:00,1903.3798315737174,2015
R6B-347,STRESS,2015-01-20T15:40:00+00:00,1920.2995803667702,2015
R6B-347,STRESS,2015-01-21T10:40:00+00:00,1920.6775530224904,2015
R6B-347,STRESS,2015-01-26T08:05:00+00:00,1905.2900270631176,2015
R6B-347,STRESS,2015-01-27T14:55:00+00:00,1913.528453326621,2015
R6B-347,STRESS,2015-01-30T15:20:00+00:00,1914.651203654162,2015
R6B-347,STRESS,2015-02-03T13:50:00+00:00,1897.9628150024726,2015
R6B-347,STRESS,2015-02-04T13:00:00+00:00,1904.3236983864726,2015
R6B-347,STRESS,2015-02-06T13:20:00+00:00,1893.0828626394973,2015
R6B-347,STRESS,2015-02-09T09:20:00+00:00,1894.570231967903,2015
R6B-347,STRESS,2015-02-10T10:30:00+00:00,1885.0565491565164,2015
R6B-347,STRESS,2015-02-11T09:25:00+00:00,1884.687809733092,2015
R6B-347,STRESS,2015-02-12T09:50:00+00:00,1887.122536628959,2015
R6B-347,STRESS,2015-02-13T09:35:00+00:00,1888.3294006592803,2015
R6B-347,STRESS,2015-02-16T08:50:00+00:00,1890.453284052469,2015
R6B-347,STRESS,2015-02-17T09:00:00+00:00,1870.6299983307824,2015
R6B-347,STRESS,2015-02-18T14:05:00+00:00,1865.6093213573997,2015
R6B-347,STRESS,2015-02-19T08:55:00+00:00,1865.0708936477408,2015
R6B-347,STRESS,2015-02-23T12:40:00+00:00,1851.3164924237244,2015
R6B-347,STRESS,2015-02-24T08:40:00+00:00,1841.1367204285832,2015
R6B-347,STRESS,2015-02-25T08:15:00+00:00,1845.0133671825486,2015
R6B-347,STRESS,2015-02-26T09:45:00+00:00,1857.5374998701175,2015
R6B-347,STRESS,2015-02-27T08:30:00+00:00,1847.110473475241,2015
R6B-347,STRESS,2015-03-02T09:10:00+00:00,1844.6082890923356,2015
R6B-347,STRESS,2015-03-03T09:05:00+00:00,1841.2759846101494,2015
R6B-347,STRESS,2015-03-04T10:15:00+00:00,1834.2844474297158,2015
R6B-347,STRESS,2015-03-05T09:40:00+00:00,1827.0762015448431,2015
R6B-347,STRESS,2015-03-09T14:00:00+00:00,1823.499953772987,2015
R6B-347,STRESS,2015-03-10T09:25:00+00:00,1806.0505740011586,2015
R6B-347,STRESS,2015-03-11T08:05:00+00:00,1801.7681244608027,2015
R6B-347,STRESS,2015-03-12T13:50:00+00:00,1797.3429954197852,2015
R6B-347,STRESS,2015-03-13T08:35:00+00:00,1798.3902725970754,2015
R6B-347,STRESS,2015-03-16T13:00:00+00:00,1786.7511962693902,2015
R6B-347,STRESS,2015-03-18T08:25:00+00:00,1780.4546267581056,2015
R6B-347,STRESS,2015-03-20T09:35:00+00:00,1774.6435850745595,2015
R6B-347,STRESS,2015-03-25T16:00:00+00:00,1779.2080910346278,2015
R6B-347,STRESS,2015-03-26T10:20:00+00:00,1796.6493083148252,2015
R6B-347,STRESS,2015-03-31T08:20:00+00:00,1783.5591105034252,2015
R6B-347,STRESS,2015-04-01T09:00:00+00:00,1776.2765398818765,2015
R6B-347,STRESS,2015-04-02T14:30:00+00:00,1764.9887613955534,2015
R6B-347,STRESS,2015-04-06T08:05:00+00:00,1769.6314429280487,2015
R6B-347,STRESS,2015-04-08T12:50:00+00:00,1760.756633451686,2015
R6B-347,STRESS,2015-04-10T10:50:00+00:00,1769.7074024326716,2015
R6B-347,STRESS,2015-04-13T09:15:00+00:00,1754.0348441653493,2015
R6B-347,STRESS,2015-04-14T08:55:00+00:00,1738.9884936029257,2015
R6B-347,STRESS,2015-04-15T09:05:00+00:00,1731.2029418582986,2015
R6B-347,STRESS,2015-04-16T08:05:00+00:00,1731.7113745829886,2015
R6B-347,STRESS,2015-04-17T14:20:00+00:00,1733.4871888568184,2015
R6B-347,STRESS,2015-04-20T08:05:00+00:00,1732.0350888679066,2015
R6B-347,STRESS,2015-04-21T14:00:00+00:00,1728.6343211175931,2015
R6B-347,STRESS,2015-04-22T14:30:00+00:00,1705.3930875972153,2015
R6B-347,STRESS,2015-04-27T08:05:00+00:00,1706.9676556241245,2015
R6B-347,STRESS,2015-04-28T15:20:00+00:00,1719.7154899271304,2015
R6B-347,STRESS,2015-05-01T09:35:00+00:00,1709.5668560003312,2015
R6B-347,STRESS,2015-05-04T08:40:00+00:00,1713.377008727288,2015
R6B-347,STRESS,2015-05-05T14:10:00+00:00,1721.3582879395954,2015
R6B-347,STRESS,2015-05-06T11:15:00+00:00,1713.2894010018108,2015
R6B-347,STRESS,2015-05-08T14:30:00+00:00,1712.9306928625738,2015
R6B-347,STRESS,2015-05-11T08:20:00+00:00,1704.6304112814723,2015
R6B-347,STRESS,2015-05-12T15:20:00+00:00,1713.0419269221986,2015
R6B-347,STRESS,2015-05-13T14:55:00+00:00,1737.1866012192866,2015
R6B-347,STRESS,2015-05-14T14:45:00+00:00,1749.0902754354722,2015
R6B-347,STRESS,2015-05-18T12:35:00+00:00,1747.8696275410457,2015
R6B-347,STRESS,2015-05-22T08:45:00+00:00,1754.5432336603349,2015
R6B-347,STRESS,2015-05-28T09:25:00+00:00,1755.0285519408212,2015
R6B-347,STRESS,2015-05-29T11:15:00+00:00,1752.8395744690665,2015
R6B-347,STRESS,2015-06-01T12:50:00+00:00,1746.8770010327125,2015
R6B-347,STRESS,2015-06-08T08:20:00+00:00,1746.54266478129,2015
R6B-347,STRESS,2015-06-09T09:30:00+00:00,1753.923410395684,2015
R6B-347,STRESS,2015-06-10T12:30:00+00:00,1769.7179175936426,2015
R6B-347,STRESS,2015-06-11T12:30:00+00:00,1752.2790129455077,2015
R6B-347,STRESS,2015-06-12T09:35:00+00:00,1745.8265280732217,2015
R6B-347,STRESS,2015-06-15T08:05:00+00:00,1735.5503971277776,2015
R6B-347,STRESS,2015-06-18T15:35:00+00:00,1751.9795059871376,2015
R6B-347,STRESS,2015-06-23T08:50:00+00:00,1745.5997605624414,2015
R6B-347,STRESS,2015-06-24T08:05:00+00:00,1739.2437112666366,2015
R6B-347,STRESS,2015-06-25T08:10:00+00:00,1737.5424457900856,2015
R6B-347,STRESS,2015-06-26T08:20:00+00:00,1736.1842073323514,2015
R6B-347,STRESS,2015-06-29T08:05:00+00:00,1724.3002556015097,2015
R6B-347,STRESS,2015-07-01T09:55:00+00:00,1719.8079888301488,2015
R6B-347,STRESS,2015-07-03T14:30:00+00:00,1716.9332357288138,2015
R6B-347,STRESS,2015-07-06T08:05:00+00:00,1701.4014330631971,2015
R6B-347,STRESS,2015-07-09T13:35:00+00:00,1705.5878848566804,2015
R6B-347,STRESS,2015-07-10T10:50:00+00:00,1705.106805054863,2015
R6B-347,STRESS,2015-07-21T15:10:00+00:00,1704.0785602645237,2015
R6B-347,STRESS,2015-07-23T09:35:00+00:00,1713.027000701496,2015
R6B-347,STRESS,2015-07-27T13:45:00+00:00,1704.8539522701883,2015
R6B-347,STRESS,2015-07-28T12:40:00+00:00,1700.0370428607926,2015
R6B-347,STRESS,2015-07-29T13:45:00+00:00,1690.0762242863134,2015
R6B-347,STRESS,2015-08-03T11:10:00+00:00,1681.8436012524858,2015
R6B-347,STRESS,2015-08-04T13:50:00+00:00,1688.3304935435842,2015
R6B-347,STRESS,2015-08-05T13:50:00+00:00,1688.5299857421899,2015
R6B-347,STRESS,2015-08-06T13:35:00+00:00,1689.325299082752,2015
R6B-347,STRESS,2015-08-07T14:40:00+00:00,1695.197415292238,2015
R6B-347,STRESS,2015-08-10T11:10:00+00:00,1693.9617732934976,2015
R6B-347,STRESS,2015-08-11T09:10:00+00:00,1702.515216673744,2015
R6B-347,STRESS,2015-08-12T08:15:00+00:00,1713.2245695295044,2015
R6B-347,STRESS,2015-08-14T14:35:00+00:00,1716.4517919290593,2015
R6B-347,STRESS,2015-08-17T09:25:00+00:00,1716.7377385718144,2015
R6B-347,STRESS,2015-08-19T14:15:00+00:00,1725.930224798829,2015
R6B-347,STRESS,2015-08-20T09:05:00+00:00,1728.4341739946462,2015
R6B-347,STRESS,2015-08-21T09:05:00+00:00,1719.1498161897443,2015
R6B-347,STRESS,2015-08-24T08:05:00+00:00,1712.9230832060348,2015
R6B-347,STRESS,2015-08-27T09:55:00+00:00,1711.061825126401,2015
R6B-347,STRESS,2015-08-28T09:10:00+00:00,1710.2915302097051,2015
R6B-347,STRESS,2015-09-01T08:15:00+00:00,1716.7322247834825,2015
R6B-347,STRESS,2015-09-02T14:05:00+00:00,1710.9486716603778,2015
R6B-347,STRESS,2015-09-03T15:05:00+00:00,1694.7631506643147,2015
R6B-347,STRESS,2015-09-04T08:10:00+00:00,1691.3838428395964,2015
R6B-347,STRESS,2015-09-07T10:25:00+00:00,1684.4890200079155,2015
R6B-347,STRESS,2015-09-08T08:20:00+00:00,1681.9074046116423,2015
R6B-347,STRESS,2015-09-09T09:10:00+00:00,1675.6639685756895,2015
R6B-347,STRESS,2015-09-14T10:10:00+00:00,1672.462046718456,2015
R6B-347,STRESS,2015-09-16T15:00:00+00:00,1690.4406926627075,2015
R6B-347,STRESS,2015-09-17T10:25:00+00:00,1682.291359576578,2015
R6B-347,STRESS,2015-09-21T13:50:00+00:00,1670.7839889138174,2015
R6B-347,STRESS,2015-09-22T10:00:00+00:00,1663.4012344248235,2015
R6B-347,STRESS,2015-09-23T13:50:00+00:00,1671.3730810576542,2015
R6B-347,STRESS,2015-09-24T09:15:00+00:00,1674.5895394905285,2015
R6B-347,STRESS,2015-10-06T14:35:00+00:00,1688.6700387945884,2015
R6B-347,STRESS,2015-10-07T08:35:00+00:00,1688.2728897099496,2015
R6B-347,STRESS,2015-10-09T10:50:00+00:00,1703.8171010411381,2015
R6B-347,STRESS,2015-10-12T09:50:00+00:00,1712.9436820040005,2015
R6B-347,STRESS,2015-10-14T09:15:00+00:00,1712.8122058118356,2015
R6B-347,STRESS,2015-10-15T13:45:00+00:00,1701.0245705315244,2015
R6B-347,STRESS,2015-10-20T14:15:00+00:00,1708.6496673485478,2015
R6B-347,STRESS,2015-10-21T09:20:00+00:00,1702.1089165399173,2015
R6B-347,STRESS,2015-10-22T14:45:00+00:00,1701.19469875376,2015
R6B-347,STRESS,2015-10-23T09:45:00+00:00,1706.675468858374,2015
R6B-347,STRESS,2015-10-26T13:55:00+00:00,1705.0039009120705,2015
R6B-347,STRESS,2015-10-27T13:10:00+00:00,1697.571980065868,2015
R6B-347,STRESS,2015-10-28T10:45:00+00:00,1700.8037209540396,2015
R6B-347,STRESS,2015-10-30T13:35:00+00:00,1692.5516455779884,2015
R6B-347,STRESS,2015-11-02T13:45:00+00:00,1683.026442916303,2015
R6B-347,STRESS,2015-11-03T12:20:00+00:00,1675.9588062254022,2015
R6B-347,STRESS,2015-11-04T09:25:00+00:00,1667.2698021721305,2015
R6B-347,STRESS,2015-11-05T11:05:00+00:00,1660.7264584512077,2015
R6B-347,STRESS,2015-11-06T10:30:00+00:00,1658.48294148222,2015
R6B-347,STRESS,2015-11-09T08:50:00+00:00,1661.741213773776,2015
R6B-347,STRESS,2015-11-10T09:45:00+00:00,1659.9271709371853,2015
R6B-347,STRESS,2015-11-11T09:15:00+00:00,1655.5129800837253,2015
R6B-347,STRESS,2015-11-12T09:50:00+00:00,1652.3975292145772,2015
R6B-347,STRESS,2015-11-16T08:05:00+00:00,1655.6427846530457,2015
R6B-347,STRESS,2015-11-19T09:15:00+00:00,1653.302392364459,2015
R6B-347,STRESS,2015-11-20T09:55:00+00:00,1652.0259076211119,2015
R6B-347,STRESS,2015-11-24T08:05:00+00:00,1652.310924743386,2015
R6B-347,STRESS,2015-11-25T08:55:00+00:00,1648.9363971541645,2015
R6B-347,STRESS,2015-11-26T09:55:00+00:00,1646.2056964307078,2015
R6B-347,STRESS,2015-11-27T08:25:00+00:00,1637.9330450629498,2015
R6B-347,STRESS,2015-12-01T10:10:00+00:00,1629.7091648849268,2015
R6B-347,STRESS,2015-12-08T15:05:00+00:00,1626.557835191029,2015
R6B-347,STRESS,2015-12-09T10:55:00+00:00,1626.1357178122048,2015
R6B-347,STRESS,2015-12-16T10:50:00+00:00,1624.55950704816,2015
R6B-347,STRESS,2015-12-18T09:35:00+00:00,1623.111933721638,2015
R6B-347,STRESS,2015-12-21T09:45:00+00:00,1626.9187053896117,2015
R6B-347,STRESS,2015-12-22T15:15:00+00:00,1619.7004239527696,2015
R6B-347,STRESS,2015-12-23T13:50:00+00:00,1611.4657676509291,2015
R6B-347,STRESS,2015-12-24T08:05:00+00:00,1612.2121124781145,2015
R6B-347,STRESS,2015-12-28T08:05:00+00:00,1606.1316129285888,2015
R6B-347,STRESS,2015-12-29T09:25:00+00:00,1606.4966103011852,2015
R6B-347,STRESS,2015-12-30T09:20:00+00:00,1602.7420640539997,2015
R6B-347,STRESS,2015-12-31T08:25:00+00:00,1601.0571392134657,2015
R6B-347,STRESS,2016-01-04T08:05:00+00:00,1611.3895174494867,2016
R6B-347,STRESS,2016-01-05T12:40:00+00:00,1616.162610012011,2016
R6B-347,STRESS,2016-01-06T14:05:00+00:00,1622.8490848716394,2016
R6B-347,STRESS,2016-01-07T09:50:00+00:00,1622.6985245538021,2016
R6B-347,STRESS,2016-01-08T08:10:00+00:00,1606.6159008259774,2016
R6B-347,STRESS,2016-01-11T08:05:00+00:00,1603.5701091420808,2016
R6B-347,STRESS,2016-01-12T11:50:00+00:00,1593.4328684661414,2016
R6B-347,STRESS,2016-01-15T11:35:00+00:00,1592.8839356148233,2016
R6B-347,STRESS,2016-01-18T11:30:00+00:00,1587.2937438232705,2016
R6B-347,STRESS,2016-01-20T09:30:00+00:00,1589.5016233804106,2016
R6B-347,STRESS,2016-01-21T12:50:00+00:00,1586.108015848712,2016
R6B-347,STRESS,2016-01-25T09:25:00+00:00,1589.405990196272,2016
R6B-347,STRESS,2016-01-26T09:20:00+00:00,1593.092264907688,2016
R6B-347,STRESS,2016-01-29T12:25:00+00:00,1587.0657248829575,2016
R6B-347,STRESS,2016-02-01T09:25:00+00:00,1588.9796773057965,2016
R6B-347,STRESS,2016-02-11T08:05:00+00:00,1601.1519610285077,2016
R6B-347,STRESS,2016-02-17T11:25:00+00:00,1596.9710363176446,2016
R6B-347,STRESS,2016-02-23T09:20:00+00:00,1601.1370283069741,2016
R6B-347,STRESS,2016-02-25T14:40:00+00:00,1594.3721734626458,2016
R6B-347,STRESS,2016-02-29T13:10:00+00:00,1592.4395417106211,2016
R6B-347,STRESS,2016-03-01T09:20:00+00:00,1589.574285854472,2016
R6B-347,STRESS,2016-03-08T10:00:00+00:00,1592.2260323060768,2016
R6B-347,STRESS,2016-03-11T09:10:00+00:00,1576.182111407321,2016
R6B-347,STRESS,2016-03-17T15:30:00+00:00,1575.953587104525,2016
R6B-347,STRESS,2016-03-18T09:20:00+00:00,1559.4708975138249,2016
R6B-347,STRESS,2016-03-22T11:35:00+00:00,1564.392046493034,2016
R6B-347,STRESS,2016-03-28T15:25:00+00:00,1566.098706258562,2016
R6B-347,STRESS,2016-03-31T12:50:00+00:00,1575.9426668291464,2016
R6B-347,STRESS,2016-04-01T14:35:00+00:00,1548.2917002696836,2016
R6B-347,STRESS,2016-04-05T09:00:00+00:00,1564.261038391616,2016
R6B-347,STRESS,2016-04-07T08:30:00+00:00,1564.6970708905726,2016
R6B-347,STRESS,2016-04-11T08:05:00+00:00,1570.8994808349414,2016
R6B-347,STRESS,2016-04-18T08:05:00+00:00,1566.2200265876847,2016
R6B-347,STRESS,2016-04-19T11:55:00+00:00,1577.2012540701398,2016
R6B-347,STRESS,2016-04-20T09:20:00+00:00,1570.4287273555913,2016
R6B-347,STRESS,2016-04-21T13:40:00+00:00,1574.1498984968232,2016
R6B-347,STRESS,2016-04-22T09:45:00+00:00,1567.448249459567,2016
R6B-347,STRESS,2016-04-25T13:10:00+00:00,1565.9581297807306,2016
R6B-347,STRESS,2016-04-26T09:25:00+00:00,1557.6536440958407,2016
R6B-347,STRESS,2016-04-27T08:25:00+00:00,1559.039109208659,2016
R6B-347,STRESS,2016-04-28T11:10:00+00:00,1568.277894465656,2016
R6B-347,STRESS,2016-04-29T09:30:00+00:00,1569.4458909394343,2016
R6B-347,STRESS,2016-05-02T08:40:00+00:00,1566.7218302136816,2016
R6B-347,STRESS,2016-05-03T09:05:00+00:00,1568.0874334117843,2016
R6B-347,STRESS,2016-05-06T09:00:00+00:00,1570.3670020764882,2016
R6B-347,STRESS,2016-05-10T10:55:00+00:00,1568.8848966312357,2016
R6B-347,STRESS,2016-05-11T10:05:00+00:00,1568.9873205391987,2016
R6B-347,STRESS,2016-05-13T12:15:00+00:00,1572.1373954565295,2016
R6B-347,STRESS,2016-05-16T10:10:00+00:00,1576.6193143679466,2016
R6B-347,STRESS,2016-05-17T09:35:00+00:00,1566.3369475980767,2016
R6B-347,STRESS,2016-05-23T08:30:00+00:00,1560.6734078047004,2016
R6B-347,STRESS,2016-05-26T08:05:00+00:00,1561.7888492183433,2016
R6B-347,STRESS,2016-05-27T08:10:00+00:00,1559.4610786747264,2016
R6B-347,STRESS,2016-05-31T08:05:00+00:00,1558.337048188529,2016
R6B-347,STRESS,2016-06-01T09:10:00+00:00,1553.132901444193,2016
R6B-347,STRESS,2016-06-02T10:30:00+00:00,1553.1617855006577,2016
R6B-347,STRESS,2016-06-03T12:15:00+00:00,1552.0047955503114,2016
R6B-347,STRESS,2016-06-06T08:05:00+00:00,1541.68969128141,2016
R6B-347,STRESS,2016-06-08T09:35:00+00:00,1547.977734872851,2016
R6B-347,STRESS,2016-06-13T08:05:00+00:00,1550.4906199256568,2016
R6B-347,STRESS,2016-06-15T14:20:00+00:00,1543.3403360921648,2016
R6B-347,STRESS,2016-06-16T09:05:00+00:00,1552.3846545896006,2016
R6B-347,STRESS,2016-06-21T08:10:00+00:00,1538.889084914458,2016
R6B-347,STRESS,2016-06-23T14:15:00+00:00,1531.4057810812676,2016
R6B-347,STRESS,2016-06-24T09:00:00+00:00,1577.3694977256448,2016
R6B-347,STRESS,2016-06-27T08:05:00+00:00,1568.0900184633326,2016
R6B-347,STRESS,2016-06-29T08:25:00+00:00,1571.600117723831,2016
R6B-347,STRESS,2016-07-01T09:30:00+00:00,1575.4209707927705,2016
R6B-347,STRESS,2016-07-04T09:20:00+00:00,1574.5461115575308,2016
R6B-347,STRESS,2016-07-05T08:30:00+00:00,1565.1135142934427,2016
R6B-347,STRESS,2016-07-06T09:05:00+00:00,1562.1996753545864,2016
R6B-347,STRESS,2016-07-07T09:10:00+00:00,1557.5489659345221,2016
R6B-347,STRESS,2016-07-11T08:05:00+00:00,1546.6234566431665,2016
R6B-347,STRESS,2016-07-13T10:35:00+00:00,1548.3769196911471,2016
R6B-347,STRESS,2016-07-20T08:05:00+00:00,1538.471060484106,2016
R6B-347,STRESS,2016-07-21T13:25:00+00:00,1536.1420652120537,2016
R6B-347,STRESS,2016-07-26T09:05:00+00:00,1535.9938734661525,2016
R6B-347,STRESS,2016-07-28T15:10:00+00:00,1529.670614654821,2016
R6B-347,STRESS,2016-07-29T08:55:00+00:00,1520.016178507854,2016
R6B-347,STRESS,2016-08-02T15:10:00+00:00,1532.3320486262176,2016
R6B-347,STRESS,2016-08-05T12:15:00+00:00,1529.8766075182855,2016
R6B-347,STRESS,2016-08-08T12:10:00+00:00,1522.9591678103686,2016
R6B-347,STRESS,2016-08-10T08:05:00+00:00,1530.5009016890735,2016
R6B-347,STRESS,2016-08-15T10:55:00+00:00,1529.8709803875138,2016
R6B-347,STRESS,2016-08-16T08:40:00+00:00,1536.6649822404206,2016
R6B-347,STRESS,2016-08-18T08:10:00+00:00,1531.5748201596775,2016
R6B-347,STRESS,2016-08-23T15:10:00+00:00,1525.6990146750481,2016
R6B-347,STRESS,2016-08-26T08:50:00+00:00,1526.8422278969986,2016
R6B-347,STRESS,2016-08-31T09:45:00+00:00,1525.2046864520116,2016
R6B-347,STRESS,2016-09-01T09:50:00+00:00,1518.0796483022884,2016
R6B-347,STRESS,2016-09-02T08:10:00+00:00,1511.4934181520293,2016
R6B-347,STRESS,2016-09-05T13:35:00+00:00,1509.7146350682565,2016
R6B-347,STRESS,2016-09-06T15:10:00+00:00,1521.9094674359555,2016
R6B-347,STRESS,2016-09-07T11:10:00+00:00,1516.9731662211987,2016
R6B-347,STRESS,2016-09-09T10:40:00+00:00,1510.0609076338894,2016
R6B-347,STRESS,2016-09-12T15:05:00+00:00,1502.7912953663451,2016
R6B-347,STRESS,2016-09-13T10:05:00+00:00,1499.0149337028815,2016
R6B-347,STRESS,2016-09-15T10:00:00+00:00,1493.5879912322625,2016
R6B-347,STRESS,2016-09-19T09:05:00+00:00,1496.4108886385495,2016
R6B-347,STRESS,2016-09-20T08:35:00+00:00,1495.9105647176377,2016
R6B-347,STRESS,2016-09-21T12:20:00+00:00,1501.6948969382058,2016
R6B-347,STRESS,2016-09-26T08:20:00+00:00,1495.9737171644424,2016
R6B-347,STRESS,2016-09-29T08:15:00+00:00,1491.5014951265593,2016
R6B-347,STRESS,2016-09-30T14:20:00+00:00,1485.5824854809596,2016
R6B-347,STRESS,2016-10-03T09:00:00+00:00,1480.3868064259684,2016
R6B-347,STRESS,2016-10-05T10:20:00+00:00,1480.3268307961837,2016
R6B-347,STRESS,2016-10-07T09:10:00+00:00,1477.437818093857,2016
R6B-347,STRESS,2016-10-10T08:05:00+00:00,1478.841344510706,2016
R6B-347,STRESS,2016-10-11T14:20:00+00:00,1471.2157608952098,2016
R6B-347,STRESS,2016-10-12T10:05:00+00:00,1467.8568816214522,2016
R6B-347,STRESS,2016-10-13T10:15:00+00:00,1469.0690878033226,2016
R6B-347,STRESS,2016-10-17T11:35:00+00:00,1467.3007929115809,2016
R6B-347,STRESS,2016-10-18T09:15:00+00:00,1470.8925483247099,2016
R6B-347,STRESS,2016-10-20T09:50:00+00:00,1467.6764608694996,2016
R6B-347,STRESS,2016-10-25T12:00:00+00:00,1470.1862862014275,2016
R6B-347,STRESS,2016-10-27T13:10:00+00:00,1472.5202686089117,2016
R6B-347,STRESS,2016-10-28T10:10:00+00:00,1466.2554376807564,2016
R6B-347,STRESS,2016-11-01T13:55:00+00:00,1475.326067445021,2016
R6B-347,STRESS,2016-11-02T12:15:00+00:00,1480.7416296438264,2016
R6B-347,STRESS,2016-11-03T11:15:00+00:00,1466.0923582631929,2016
R6B-347,STRESS,2016-11-08T09:35:00+00:00,1466.1412722173056,2016
R6B-347,STRESS,2016-11-09T10:00:00+00:00,1481.6746636688576,2016
R6B-347,STRESS,2016-11-10T09:15:00+00:00,1490.0042140447938,2016
R6B-347,STRESS,2016-11-15T09:20:00+00:00,1484.4421726486103,2016
R6B-347,STRESS,2016-11-16T09:40:00+00:00,1479.3647416192143,2016
R6B-347,STRESS,2016-11-21T09:05:00+00:00,1485.38209965023,2016
R6B-347,STRESS,2016-11-22T08:05:00+00:00,1482.7299082501588,2016
R6B-347,STRESS,2016-11-23T11:00:00+00:00,1478.4620576692262,2016
R6B-347,STRESS,2016-11-28T08:05:00+00:00,1483.796982662693,2016
R6B-347,STRESS,2016-11-30T09:40:00+00:00,1475.88871085359,2016
R6B-347,STRESS,2016-12-01T14:25:00+00:00,1464.1094152795322,2016
R6B-347,STRESS,2016-12-02T09:10:00+00:00,1460.922691692867,2016
R6B-347,STRESS,2016-12-05T08:05:00+00:00,1450.606515159049,2016
R6B-347,STRESS,2016-12-08T11:05:00+00:00,1446.8562112001116,2016
R6B-347,STRESS,2016-12-14T09:40:00+00:00,1446.4569302855152,2016
R6B-347,STRESS,2016-12-16T13:45:00+00:00,1447.507444584446,2016
R6B-347,STRESS,2016-12-19T14:25:00+00:00,1445.6107811944278,2016
R6B-347,STRESS,2016-12-21T10:00:00+00:00,1443.6186265493477,2016
R6B-347,STRESS,2016-12-23T09:35:00+00:00,1443.9372476429708,2016
R6B-347,STRESS,2016-12-27T10:35:00+00:00,1451.5217909981104,2016
R6B-347,STRESS,2016-12-28T08:30:00+00:00,1452.2619493943507,2016
R6B-347,STRESS,2016-12-29T08:05:00+00:00,1458.8122321228038,2016
R6B-347,STRESS,2016-12-30T09:05:00+00:00,1451.8417914512675,2016
R6B-347,STRESS,2017-01-03T09:05:00+00:00,1446.6687712613032,2017
R6B-347,STRESS,2017-01-04T11:35:00+00:00,1451.2372537582578,2017
R6B-347,STRESS,2017-01-05T08:05:00+00:00,1461.6986683934974,2017
R6B-347,STRESS,2017-01-09T09:05:00+00:00,1463.869072892782,2017
R6B-347,STRESS,2017-01-10T11:35:00+00:00,1460.1903481149795,2017
R6B-347,STRESS,2017-01-11T14:55:00+00:00,1449.8507450168042,2017
R6B-347,STRESS,2017-01-12T10:50:00+00:00,1456.9794854463632,2017
R6B-347,STRESS,2017-01-16T08:05:00+00:00,1457.1562209871815,2017
R6B-347,STRESS,2017-01-17T08:05:00+00:00,1465.8080584473678,2017
R6B-347,STRESS,2017-01-20T15:15:00+00:00,1459.5745712675646,2017
R6B-347,STRESS,2017-01-23T08:40:00+00:00,1455.0646057335582,2017
R6B-347,STRESS,2017-01-26T08:05:00+00:00,1447.0941365094225,2017
R6B-347,STRESS,2017-01-30T08:05:00+00:00,1441.4755635347724,2017
R6B-347,STRESS,2017-01-31T09:55:00+00:00,1440.2100487929306,2017
R6B-347,STRESS,2017-02-02T08:25:00+00:00,1442.1890982773712,2017
R6B-347,STRESS,2017-02-06T08:30:00+00:00,1442.9168068190445,2017
R6B-347,STRESS,2017-02-08T10:40:00+00:00,1442.96863460568,2017
R6B-347,STRESS,2017-02-14T12:05:00+00:00,1443.9213709569983,2017
R6B-347,STRESS,2017-02-16T08:25:00+00:00,1443.808064935791,2017
R6B-347,STRESS,2017-02-24T14:00:00+00:00,1453.2932676250693,2017
R6B-347,STRESS,2017-02-27T09:40:00+00:00,1447.5443479961316,2017
R6B-347,STRESS,2017-02-28T14:30:00+00:00,1449.0072118794128,2017
R6B-347,STRESS,2017-03-13T08:05:00+00:00,1452.1327248216983,2017
R6B-347,STRESS,2017-03-15T12:35:00+00:00,1447.463944868042,2017
R6B-347,STRESS,2017-03-16T08:30:00+00:00,1449.506833722937,2017
R6B-347,STRESS,2017-03-20T08:05:00+00:00,1451.5772149987256,2017
R6B-347,STRESS,2017-03-21T09:05:00+00:00,1446.3196415162715,2017
R6B-347,STRESS,2017-03-22T14:40:00+00:00,1444.620783696995,2017
R6B-347,STRESS,2017-03-27T08:05:00+00:00,1448.2217361694072,2017
R6B-347,STRESS,2017-04-04T14:50:00+00:00,1446.6601976871457,2017
R6B-347,STRESS,2017-04-05T15:30:00+00:00,1435.9745143921157,2017
R6B-347,STRESS,2017-04-07T09:15:00+00:00,1446.90920869465,2017
R6B-347,STRESS,2017-04-11T15:45:00+00:00,1461.630702354652,2017
R6B-347,STRESS,2017-04-12T09:00:00+00:00,1457.7726074977506,2017
R6B-347,STRESS,2017-04-17T08:05:00+00:00,1450.343630063012,2017
R6B-347,STRESS,2017-04-20T15:05:00+00:00,1450.2465710658253,2017
R6B-347,STRESS,2017-04-28T10:35:00+00:00,1450.5020748200777,2017
R6B-347,STRESS,2017-05-01T08:05:00+00:00,1440.9167349233492,2017
R6B-347,STRESS,2017-05-05T12:10:00+00:00,1442.1466072243068,2017
R6B-347,STRESS,2017-05-08T08:05:00+00:00,1437.748632154153,2017
R6B-347,STRESS,2017-05-11T10:20:00+00:00,1438.5606716019372,2017
R6B-347,STRESS,2017-05-12T10:10:00+00:00,1440.8829209746914,2017
R6B-347,STRESS,2017-05-15T12:35:00+00:00,1444.7291951032423,2017
R6B-347,STRESS,2017-05-16T09:10:00+00:00,1445.1463496260749,2017
R6B-347,STRESS,2017-05-17T08:05:00+00:00,1441.763999487429,2017
R6B-347,STRESS,2017-05-19T14:30:00+00:00,1440.1484988991558,2017
R6B-347,STRESS,2017-05-25T11:10:00+00:00,1436.181881513816,2017
R6B-347,STRESS,2017-05-26T10:45:00+00:00,1444.3768220945906,2017
R6B-347,STRESS,2017-05-30T09:00:00+00:00,1438.7670259909205,2017
R6B-347,STRESS,2017-05-31T15:25:00+00:00,1441.4188313763261,2017
R6B-347,STRESS,2017-06-05T08:05:00+00:00,1440.542494295796,2017
R6B-347,STRESS,2017-06-06T08:10:00+00:00,1448.4631350293162,2017
R6B-347,STRESS,2017-06-08T13:45:00+00:00,1434.1654596625153,2017
R6B-347,STRESS,2017-06-14T10:10:00+00:00,1430.5001412809552,2017
R6B-347,STRESS,2017-06-20T14:00:00+00:00,1425.0655243854812,2017
R6B-347,STRESS,2017-06-21T08:30:00+00:00,1423.6744378728936,2017
R6B-347,STRESS,2017-06-22T08:15:00+00:00,1424.526456516328,2017
R6B-347,STRESS,2017-06-23T13:45:00+00:00,1427.819235838947,2017
R6B-347,STRESS,2017-06-26T08:05:00+00:00,1408.7850450092071,2017
R6B-347,STRESS,2017-06-27T10:55:00+00:00,1414.9454878093936,2017
R6B-347,STRESS,2017-06-28T10:15:00+00:00,1414.1952088273954,2017
R6B-347,STRESS,2017-06-29T09:40:00+00:00,1407.7314749493394,2017
R6B-347,STRESS,2017-06-30T11:20:00+00:00,1401.6642741590274,2017
R6B-347,STRESS,2017-07-04T08:20:00+00:00,1400.2182009488893,2017
R6B-347,STRESS,2017-07-05T09:55:00+00:00,1390.0080363511913,2017
R6B-347,STRESS,2017-07-10T08:05:00+00:00,1382.2327322712874,2017
R6B-347,STRESS,2017-07-12T08:10:00+00:00,1381.0248552390622,2017
R6B-347,STRESS,2017-07-13T10:55:00+00:00,1379.371926489698,2017
R6B-347,STRESS,2017-07-14T14:25:00+00:00,1389.499007516057,2017
R6B-347,STRESS,2017-07-17T08:05:00+00:00,1387.2617901169885,2017
R6B-347,STRESS,2017-07-18T09:10:00+00:00,1386.1202278756627,2017
R6B-347,STRESS,2017-07-21T10:10:00+00:00,1387.301258270506,2017
R6B-347,STRESS,2017-07-24T08:05:00+00:00,1383.3380057630613,2017
R6B-347,STRESS,2017-07-25T14:00:00+00:00,1379.567778516913,2017
R6B-347,STRESS,2017-07-27T09:55:00+00:00,1376.7085094321785,2017
R6B-347,STRESS,2017-08-01T10:30:00+00:00,1370.0042390457252,2017
R6B-347,STRESS,2017-08-08T09:50:00+00:00,1370.0371205301258,2017
R6B-347,STRESS,2017-08-09T08:35:00+00:00,1373.694943626169,2017
R6B-347,STRESS,2017-08-10T13:45:00+00:00,1379.8483460337002,2017
R6B-347,STRESS,2017-08-11T08:25:00+00:00,1379.06067783845,2017
R6B-347,STRESS,2017-08-17T08:15:00+00:00,1381.4344365782902,2017
R6B-347,STRESS,2017-08-18T15:05:00+00:00,1383.1646223374223,2017
R6B-347,STRESS,2017-08-21T14:20:00+00:00,1387.3074813787157,2017
R6B-347,STRESS,2017-08-28T08:35:00+00:00,1389.2561044264824,2017
R6B-347,STRESS,2017-08-29T15:00:00+00:00,1386.3362556228988,2017
R6B-347,STRESS,2017-08-30T10:45:00+00:00,1384.37743744063,2017
R6B-347,STRESS,2017-09-04T08:05:00+00:00,1384.9012521776299,2017
R6B-347,STRESS,2017-09-05T09:05:00+00:00,1380.2794085847918,2017
R6B-347,STRESS,2017-09-07T13:40:00+00:00,1384.347143795784,2017
R6B-347,STRESS,2017-09-08T10:30:00+00:00,1386.2874877345862,2017
R6B-347,STRESS,2017-09-14T15:30:00+00:00,1387.2373286578331,2017
R6B-347,STRESS,2017-09-20T09:40:00+00:00,1389.8616280218516,2017
R6B-347,STRESS,2017-09-22T09:25:00+00:00,1388.5846944990528,2017
R6B-347,STRESS,2017-09-26T11:50:00+00:00,1375.6382170769643,2017
R6B-347,STRESS,2017-09-29T15:35:00+00:00,1369.2880290286423,2017
R6B-347,STRESS,2017-10-04T08:20:00+00:00,1369.3449486885295,2017
R6B-347,STRESS,2017-10-09T09:05:00+00:00,1370.5139641006726,2017
R6B-347,STRESS,2017-10-10T09:20:00+00:00,1372.832906477002,2017
R6B-347,STRESS,2017-10-12T08:10:00+00:00,1374.1066030298894,2017
R6B-347,STRESS,2017-10-13T10:20:00+00:00,1371.4618544997224,2017
R6B-347,STRESS,2017-10-16T08:05:00+00:00,1371.0363503624974,2017
R6B-347,STRESS,2017-10-18T09:45:00+00:00,1361.5307604204038,2017
R6B-347,STRESS,2017-10-19T15:30:00+00:00,1367.386257846408,2017
R6B-347,STRESS,2017-10-24T08:15:00+00:00,1360.4315674168608,2017
R6B-347,STRESS,2017-10-26T09:30:00+00:00,1355.8500872209374,2017
R6B-347,STRESS,2017-10-31T14:25:00+00:00,1346.272816774123,2017
R6B-347,STRESS,2017-11-01T14:00:00+00:00,1346.5909388414889,2017
R6B-347,STRESS,2017-11-02T09:20:00+00:00,1342.500070836858,2017
R6B-347,STRESS,2017-11-03T08:15:00+00:00,1338.158966953284,2017
R6B-347,STRESS,2017-11-08T12:35:00+00:00,1339.3414295812597,2017
R6B-347,STRESS,2017-11-09T12:45:00+00:00,1341.0998402261837,2017
R6B-347,STRESS,2017-11-13T13:40:00+00:00,1340.166095511978,2017
R6B-347,STRESS,2017-11-17T09:35:00+00:00,1339.5598612022852,2017
R6B-347,STRESS,2017-11-21T10:35:00+00:00,1338.809444422208,2017
R6B-347,STRESS,2017-11-22T14:15:00+00:00,1342.1767161504308,2017
R6B-347,STRESS,2017-11-24T09:35:00+00:00,1338.73024289423,2017
R6B-347,STRESS,2017-11-27T09:45:00+00:00,1340.4232640608018,2017
R6B-347,STRESS,2017-11-29T11:15:00+00:00,1337.3057216489435,2017
R6B-347,STRESS,2017-12-06T13:55:00+00:00,1333.6709681166737,2017
R6B-347,STRESS,2017-12-11T13:35:00+00:00,1331.8293665989704,2017
R6B-347,STRESS,2017-12-12T13:15:00+00:00,1328.8430140155883,2017
R6B-347,STRESS,2017-12-14T09:25:00+00:00,1324.1410115515025,2017
R6B-347,STRESS,2017-12-15T15:25:00+00:00,1321.3002217524916,2017
R6B-347,STRESS,2017-12-18T13:15:00+00:00,1323.2504140812123,2017
R6B-347,STRESS,2017-12-19T12:15:00+00:00,1323.7648746592458,2017
R6B-347,STRESS,2017-12-20T09:25:00+00:00,1324.56802513938,2017
R6B-347,STRESS,2017-12-22T13:50:00+00:00,1324.4243488904983,2017
R6B-347,STRESS,2017-12-26T09:05:00+00:00,1324.6051927865067,2017
R6B-347,STRESS,2017-12-27T15:10:00+00:00,1324.2318291093575,2017
R6B-347,STRESS,2017-12-28T10:50:00+00:00,1326.1333839374306,2017
R6B-347,STRESS,2017-12-29T09:15:00+00:00,1326.344589374209,2017
R6B-347,STRESS,2018-01-02T14:05:00+00:00,1331.1564652364693,2018
R6B-347,STRESS,2018-01-08T09:10:00+00:00,1324.9060525525174,2018
R6B-347,STRESS,2018-01-12T08:15:00+00:00,1326.7889446929892,2018
R6B-347,STRESS,2018-01-15T09:15:00+00:00,1327.310932687393,2018
R6B-347,STRESS,2018-01-17T08:05:00+00:00,1319.5526859086174,2018
R6B-347,STRESS,2018-01-19T10:05:00+00:00,1322.1444301337015,2018
R6B-347,STRESS,2018-01-23T09:25:00+00:00,1321.937924532488,2018
R6B-347,STRESS,2018-01-24T14:40:00+00:00,1331.9559414010164,2018
R6B-347,STRESS,2018-01-25T11:30:00+00:00,1328.2962885838124,2018
R6B-347,STRESS,2018-01-26T14:45:00+00:00,1324.9168362272571,2018
R6B-347,STRESS,2018-01-31T11:35:00+00:00,1324.5625239420451,2018
R6B-347,STRESS,2018-02-06T10:05:00+00:00,1322.4263672027464,2018
R6B-347,STRESS,2018-02-07T11:00:00+00:00,1318.367619315939,2018
R6B-347,STRESS,2018-02-12T09:10:00+00:00,1318.474829339701,2018
R6B-347,STRESS,2018-02-13T12:25:00+00:00,1321.0417343723057,2018
R6B-347,STRESS,2018-02-14T09:05:00+00:00,1317.7959979883667,2018
R6B-347,STRESS,2018-02-16T10:25:00+00:00,1320.2549293375614,2018
R6B-347,STRESS,2018-02-26T09:15:00+00:00,1327.0506178396156,2018
R6B-347,STRESS,2018-02-27T08:20:00+00:00,1326.6644478603314,2018
R6B-347,STRESS,2018-03-02T13:55:00+00:00,1329.9751278408405,2018
R6B-347,STRESS,2018-03-05T08:25:00+00:00,1331.8757843246826,2018
R6B-347,STRESS,2018-03-06T13:00:00+00:00,1335.4564474986348,2018
R6B-347,STRESS,2018-03-08T14:50:00+00:00,1329.5949310199403,2018
R6B-347,STRESS,2018-03-14T10:25:00+00:00,1325.0404927924842,2018
R6B-347,STRESS,2018-03-15T08:40:00+00:00,1321.3339079834288,2018
R6B-347,STRESS,2018-03-16T13:35:00+00:00,1319.119103102802,2018
R6B-347,STRESS,2018-03-21T09:50:00+00:00,1321.9298475302417,2018
R6B-347,STRESS,2018-03-23T08:30:00+00:00,1326.7149836458282,2018
R6B-347,STRESS,2018-03-27T12:35:00+00:00,1312.896669278664,2018
R6B-347,STRESS,2018-03-28T09:30:00+00:00,1306.6278215854688,2018
R6B-347,STRESS,2018-04-02T08:05:00+00:00,1310.7680281728544,2018
R6B-347,STRESS,2018-04-04T10:10:00+00:00,1319.138824988907,2018
R6B-347,STRESS,2018-04-06T09:15:00+00:00,1310.1693815309109,2018
R6B-347,STRESS,2018-04-11T14:10:00+00:00,1317.987764559512,2018
R6B-347,STRESS,2018-04-13T10:15:00+00:00,1318.2682734711332,2018
R6B-347,STRESS,2018-04-16T09:35:00+00:00,1314.739227529059,2018
R6B-347,STRESS,2018-04-19T11:05:00+00:00,1308.146005390227,2018
R6B-347,STRESS,2018-04-24T08:15:00+00:00,1306.8324174121917,2018
R6B-347,STRESS,2018-04-26T10:15:00+00:00,1303.4982402605233,2018
R6B-347,STRESS,2018-05-02T09:30:00+00:00,1304.586638064374,2018
R6B-347,STRESS,2018-05-07T08:10:00+00:00,1300.7854321211476,2018
R6B-347,STRESS,2018-05-10T09:15:00+00:00,1300.9749454845492,2018
R6B-347,STRESS,2018-05-16T10:15:00+00:00,1296.1501039235866,2018
R6B-347,STRESS,2018-05-17T10:15:00+00:00,1289.7033809307718,2018
R6B-347,STRESS,2018-05-18T15:05:00+00:00,1290.0264445342498,2018
R6B-347,STRESS,2018-05-23T08:10:00+00:00,1286.987372529279,2018
R6B-347,STRESS,2018-05-24T08:05:00+00:00,1286.4494366647018,2018
R6B-347,STRESS,2018-05-29T08:10:00+00:00,1284.1339848158561,2018
R6B-347,STRESS,2018-05-31T14:25:00+00:00,1282.479036372385,2018
R6B-347,STRESS,2018-06-05T15:00:00+00:00,1281.8172531053324,2018
R6B-347,STRESS,2018-06-06T13:55:00+00:00,1282.491378303681,2018
R6B-347,STRESS,2018-06-07T13:45:00+00:00,1280.738375218771,2018
R6B-347,STRESS,2018-06-08T16:00:00+00:00,1279.8761907727333,2018
R6B-347,STRESS,2018-06-11T09:30:00+00:00,1275.0285892548168,2018
R6B-347,STRESS,2018-06-14T14:55:00+00:00,1277.7179931958933,2018
R6B-347,STRESS,2018-06-18T08:05:00+00:00,1275.5632193942204,2018
R6B-347,STRESS,2018-06-19T08:05:00+00:00,1274.6550485592356,2018
R6B-347,STRESS,2018-06-22T14:30:00+00:00,1273.0798215134828,2018
R6B-347,STRESS,2018-06-25T08:05:00+00:00,1268.7424646934523,2018
R6B-347,STRESS,2018-06-29T12:00:00+00:00,1269.2396254533473,2018
R6B-347,STRESS,2018-07-03T15:10:00+00:00,1279.316276935847,2018
R6B-347,STRESS,2018-07-04T08:15:00+00:00,1278.6787365806163,2018
R6B-347,STRESS,2018-07-09T08:05:00+00:00,1282.172308332922,2018
R6B-347,STRESS,2018-07-10T09:35:00+00:00,1274.503001632778,2018
R6B-347,STRESS,2018-07-12T12:45:00+00:00,1274.7260513763401,2018
R6B-347,STRESS,2018-07-16T08:45:00+00:00,1274.1275291485626,2018
R6B-347,STRESS,2018-07-17T11:55:00+00:00,1272.4834999840373,2018
R6B-347,STRESS,2018-07-18T09:50:00+00:00,1265.093174955935,2018
R6B-347,STRESS,2018-07-23T08:05:00+00:00,1262.1662690323112,2018
R6B-347,STRESS,2018-07-25T08:45:00+00:00,1263.4471504500355,2018
R6B-347,STRESS,2018-07-26T08:05:00+00:00,1256.548964092543,2018
R6B-347,STRESS,2018-07-27T15:25:00+00:00,1254.7779917071405,2018
R6B-347,STRESS,2018-08-06T09:35:00+00:00,1248.069692004428,2018
R6B-347,STRESS,2018-08-07T12:05:00+00:00,1252.0023096416935,2018
R6B-347,STRESS,2018-08-08T09:35:00+00:00,1248.8622523115882,2018
R6B-347,STRESS,2018-08-09T08:25:00+00:00,1244.7628797605496,2018
R6B-347,STRESS,2018-08-14T09:45:00+00:00,1242.9967884254277,2018
R6B-347,STRESS,2018-08-16T13:35:00+00:00,1243.254297852394,2018
R6B-347,STRESS,2018-08-17T09:15:00+00:00,1241.5098409610248,2018
R6B-347,STRESS,2018-08-20T10:25:00+00:00,1241.7930927263853,2018
R6B-347,STRESS,2018-08-21T08:10:00+00:00,1242.6917318686196,2018
R6B-347,STRESS,2018-08-22T08:25:00+00:00,1238.0511344579954,2018
R6B-347,STRESS,2018-08-24T11:45:00+00:00,1242.7619790666913,2018
R6B-347,STRESS,2018-08-28T08:15:00+00:00,1243.1771778037364,2018
R6B-347,STRESS,2018-08-29T10:25:00+00:00,1242.6119116765162,2018
R6B-347,STRESS,2018-08-31T09:35:00+00:00,1247.5399369020395,2018
R6B-347,STRESS,2018-09-03T14:15:00+00:00,1245.8321795371958,2018
R6B-347,STRESS,2018-09-05T10:25:00+00:00,1244.2694554709942,2018
R6B-347,STRESS,2018-09-06T08:05:00+00:00,1245.069562297835,2018
R6B-347,STRESS,2018-09-07T08:35:00+00:00,1243.167574546296,2018
R6B-347,STRESS,2018-09-11T14:30:00+00:00,1237.6473218255655,2018
R6B-347,STRESS,2018-09-14T10:15:00+00:00,1237.8556573575436,2018
R6B-347,STRESS,2018-09-17T16:00:00+00:00,1243.0527495896624,2018
R6B-347,STRESS,2018-09-19T11:20:00+00:00,1244.5915947145525,2018
R6B-347,STRESS,2018-09-20T09:10:00+00:00,1241.1446781306188,2018
R6B-347,STRESS,2018-09-21T08:20:00+00:00,1239.6509351498842,2018
R6B-347,STRESS,2018-09-25T14:20:00+00:00,1240.7404876836943,2018
R6B-347,STRESS,2018-09-26T13:30:00+00:00,1232.287367879601,2018
R6B-347,STRESS,2018-09-27T11:30:00+00:00,1226.6132927726412,2018
R6B-347,STRESS,2018-10-02T09:10:00+00:00,1227.7579726981858,2018
R6B-347,STRESS,2018-10-03T08:10:00+00:00,1223.0881433541444,2018
R6B-347,STRESS,2018-10-04T15:30:00+00:00,1224.828406417605,2018
R6B-347,STRESS,2018-10-09T08:05:00+00:00,1222.5084725874626,2018
R6B-347,STRESS,2018-10-10T09:05:00+00:00,1216.6860036822993,2018
R6B-347,STRESS,2018-10-11T15:10:00+00:00,1239.6384819726568,2018
R6B-347,STRESS,2018-10-15T08:10:00+00:00,1245.216990059875,2018
R6B-347,STRESS,2018-10-19T09:15:00+00:00,1243.2769487742312,2018
R6B-347,STRESS,2018-10-22T08:10:00+00:00,1238.5198013188497,2018
R6B-347,STRESS,2018-10-23T10:10:00+00:00,1247.6517715003258,2018
R6B-347,STRESS,2018-10-25T08:05:00+00:00,1242.6698245102602,2018
R6B-347,STRESS,2018-10-26T15:15:00+00:00,1249.3495411961485,2018
R6B-347,STRESS,2018-11-01T08:25:00+00:00,1255.9272757346446,2018
R6B-347,STRESS,2018-11-02T15:35:00+00:00,1253.7927371946255,2018
R6B-347,STRESS,2018-11-05T08:05:00+00:00,1251.055641747077,2018
R6B-347,STRESS,2018-11-06T16:00:00+00:00,1246.9001198719072,2018
R6B-347,STRESS,2018-11-07T08:20:00+00:00,1248.9720796106456,2018
R6B-347,STRESS,2018-11-13T09:40:00+00:00,1243.2319001014966,2018
R6B-347,STRESS,2018-11-14T10:05:00+00:00,1235.5589929964535,2018
R6B-347,STRESS,2018-11-15T14:10:00+00:00,1236.4772606634165,2018
R6B-347,STRESS,2018-11-16T09:25:00+00:00,1235.8044856520387,2018
R6B-347,STRESS,2018-11-20T15:25:00+00:00,1231.4371975233685,2018
R6B-347,STRESS,2018-11-21T14:55:00+00:00,1234.5565131149096,2018
R6B-347,STRESS,2018-11-22T11:10:00+00:00,1234.0441940176024,2018
R6B-347,STRESS,2018-11-23T09:35:00+00:00,1228.056451892494,2018
R6B-347,STRESS,2018-11-26T08:05:00+00:00,1230.0380073343483,2018
R6B-347,STRESS,2018-11-29T10:45:00+00:00,1231.851672972802,2018
R6B-347,STRESS,2018-12-03T09:10:00+00:00,1238.8634072905038,2018
R6B-347,STRESS,2018-12-04T09:55:00+00:00,1243.449739725761,2018
R6B-347,STRESS,2018-12-06T08:50:00+00:00,1238.638909315898,2018
R6B-347,STRESS,2018-12-07T11:25:00+00:00,1239.529369933926,2018
R6B-347,STRESS,2018-12-10T09:30:00+00:00,1234.7419098564894,2018
R6B-347,STRESS,2018-12-11T09:25:00+00:00,1236.757035479631,2018
R6B-347,STRESS,2018-12-12T09:15:00+00:00,1234.1269551949263,2018
R6B-347,STRESS,2018-12-17T15:20:00+00:00,1236.159773108215,2018
R6B-347,STRESS,2018-12-18T11:45:00+00:00,1235.8210380324106,2018
R6B-347,STRESS,2018-12-19T08:10:00+00:00,1234.40751446955,2018
R6B-347,STRESS,2018-12-20T14:20:00+00:00,1246.809235918767,2018
R6B-347,STRESS,2018-12-24T08:05:00+00:00,1247.718348955991,2018
R6B-347,STRESS,2018-12-26T09:55:00+00:00,1247.534652203669,2018
R6B-347,STRESS,2018-12-28T13:55:00+00:00,1245.9156203918803,2018
R6B-347,STRESS,2018-12-31T16:00:00+00:00,1244.1275202220954,2018
R6B-347,STRESS,2019-01-02T11:00:00+00:00,1247.4909587301206,2019
R6B-347,STRESS,2019-01-03T14:25:00+00:00,1243.9151618689204,2019
R6B-347,STRESS,2019-01-04T08:05:00+00:00,1241.6542825257627,2019
R6B-347,STRESS,2019-01-07T09:20:00+00:00,1244.6680945291193,2019
R6B-347,STRESS,2019-01-10T10:35:00+00:00,1241.7346139635335,2019
R6B-347,STRESS,2019-01-11T09:40:00+00:00,1244.133607072874,2019
R6B-347,STRESS,2019-01-14T09:35:00+00:00,1245.2031294274393,2019
R6B-347,STRESS,2019-01-15T09:55:00+00:00,1239.9253551724496,2019
R6B-347,STRESS,2019-01-16T13:55:00+00:00,1237.3068463099257,2019
R6B-347,STRESS,2019-01-17T09:25:00+00:00,1235.2608353561573,2019
R6B-347,STRESS,2019-01-22T15:25:00+00:00,1233.3434569709568,2019
R6B-347,STRESS,2019-01-25T11:05:00+00:00,1233.589635633014,2019
R6B-347,STRESS,2019-01-28T13:25:00+00:00,1228.5143450823025,2019
R6B-347,STRESS,2019-01-29T09:00:00+00:00,1231.2153519940377,2019
R6B-347,STRESS,2019-01-30T09:35:00+00:00,1229.9415889152958,2019
R6B-347,STRESS,2019-01-31T13:45:00+00:00,1233.109676779664,2019
R6B-347,STRESS,2019-02-05T11:00:00+00:00,1231.1523643086427,2019
R6B-347,STRESS,2019-02-06T08:25:00+00:00,1229.5917623458151,2019
R6B-347,STRESS,2019-02-12T14:15:00+00:00,1229.8863256842426,2019
R6B-347,STRESS,2019-02-13T10:20:00+00:00,1228.410621134179,2019
R6B-347,STRESS,2019-02-15T14:25:00+00:00,1231.7299967116628,2019
R6B-347,STRESS,2019-02-18T09:05:00+00:00,1230.1218067502255,2019
R6B-347,STRESS,2019-02-20T09:20:00+00:00,1229.0168814241408,2019
R6B-347,STRESS,2019-02-25T11:00:00+00:00,1226.3382407972913,2019
R6B-347,STRESS,2019-02-26T10:35:00+00:00,1223.9426618795922,2019
R6B-347,STRESS,2019-02-27T08:30:00+00:00,1219.2676824713196,2019
R6B-347,STRESS,2019-02-28T15:25:00+00:00,1212.16478054664,2019
R6B-347,STRESS,2019-03-05T11:15:00+00:00,1207.7699548137812,2019
R6B-347,STRESS,2019-03-06T08:05:00+00:00,1206.5835740257255,2019
R6B-347,STRESS,2019-03-07T08:20:00+00:00,1201.1935771328745,2019
R6B-347,STRESS,2019-03-08T10:55:00+00:00,1205.8526478917502,2019
R6B-347,STRESS,2019-03-11T13:50:00+00:00,1201.6953152455937,2019
R6B-347,STRESS,2019-03-12T09:15:00+00:00,1201.7402266532795,2019
R6B-347,STRESS,2019-03-13T08:30:00+00:00,1203.4642772570842,2019
R6B-347,STRESS,2019-03-15T11:00:00+00:00,1206.2622864983005,2019
R6B-347,STRESS,2019-03-18T14:50:00+00:00,1207.3275968741898,2019
R6B-347,STRESS,2019-03-19T08:30:00+00:00,1206.5215295103185,2019
R6B-347,STRESS,2019-03-21T09:35:00+00:00,1205.9301222824317,2019
R6B-347,STRESS,2019-03-22T09:40:00+00:00,1207.4550073494224,2019
R6B-347,STRESS,2019-03-25T09:15:00+00:00,1208.1148202673235,2019
R6B-347,STRESS,2019-03-27T08:20:00+00:00,1204.4522092098834,2019
R6B-347,STRESS,2019-03-28T13:10:00+00:00,1190.0679266495601,2019
R6B-347,STRESS,2019-03-29T08:25:00+00:00,1185.1136832313027,2019
R6B-347,STRESS,2019-04-02T14:15:00+00:00,1184.981293568674,2019
R6B-347,STRESS,2019-04-03T13:30:00+00:00,1179.7884738203356,2019
R6B-347,STRESS,2019-04-04T08:05:00+00:00,1178.8825733161461,2019
R6B-347,STRESS,2019-04-08T08:20:00+00:00,1181.3341088247137,2019
R6B-347,STRESS,2019-04-09T08:50:00+00:00,1182.3080803352727,2019
R6B-347,STRESS,2019-04-17T13:35:00+00:00,1178.5001079511394,2019
R6B-347,STRESS,2019-04-18T16:00:00+00:00,1176.1039812960976,2019
R6B-347,STRESS,2019-04-22T08:05:00+00:00,1176.611714069914,2019
R6B-347,STRESS,2019-04-23T09:35:00+00:00,1172.9367860618872,2019
R6B-347,STRESS,2019-04-24T16:00:00+00:00,1176.3451054414138,2019
R6B-347,STRESS,2019-04-25T11:05:00+00:00,1175.575826636158,2019
R6B-347,STRESS,2019-04-26T08:05:00+00:00,1177.3518105949456,2019
R6B-347,STRESS,2019-04-30T08:05:00+00:00,1178.6969606978414,2019
R6B-347,STRESS,2019-05-03T11:35:00+00:00,1175.5561031400634,2019
R6B-347,STRESS,2019-05-06T08:05:00+00:00,1172.5864921650143,2019
R6B-347,STRESS,2019-05-07T08:05:00+00:00,1170.1920717022515,2019
R6B-347,STRESS,2019-05-08T09:00:00+00:00,1169.9910152433522,2019
R6B-347,STRESS,2019-05-09T08:20:00+00:00,1172.2381632002464,2019
R6B-347,STRESS,2019-05-10T12:15:00+00:00,1169.990330304371,2019
R6B-347,STRESS,2019-05-14T08:05:00+00:00,1164.8840634007156,2019
R6B-347,STRESS,2019-05-15T08:10:00+00:00,1163.114708955266,2019
R6B-347,STRESS,2019-05-16T15:10:00+00:00,1153.2330568979398,2019
R6B-347,STRESS,2019-05-17T13:40:00+00:00,1146.539961561638,2019
R6B-347,STRESS,2019-05-22T08:05:00+00:00,1143.61809860014,2019
R6B-347,STRESS,2019-05-23T14:05:00+00:00,1151.4081758986254,2019
R6B-347,STRESS,2019-05-24T14:20:00+00:00,1148.2795755954505,2019
R6B-347,STRESS,2019-05-27T09:10:00+00:00,1148.1605468109453,2019
R6B-347,STRESS,2019-05-28T08:10:00+00:00,1144.453721166371,2019
R6B-347,STRESS,2019-05-29T08:15:00+00:00,1146.561398615976,2019
R6B-347,STRESS,2019-05-31T08:10:00+00:00,1148.840842245918,2019
R6B-347,STRESS,2019-06-03T08:05:00+00:00,1153.1323611711941,2019
R6B-347,STRESS,2019-06-04T15:10:00+00:00,1145.723493359316,2019
R6B-347,STRESS,2019-06-05T14:05:00+00:00,1150.6906058574948,2019
R6B-347,STRESS,2019-06-06T15:35:00+00:00,1151.6076140501732,2019
R6B-347,STRESS,2019-06-07T15:45:00+00:00,1156.8730504573377,2019
R6B-347,STRESS,2019-06-12T09:45:00+00:00,1163.519009956085,2019
R6B-347,STRESS,2019-06-13T09:55:00+00:00,1163.4118325376405,2019
R6B-347,STRESS,2019-06-14T08:05:00+00:00,1171.3593799962357,2019
R6B-347,STRESS,2019-06-17T11:15:00+00:00,1163.5217036758468,2019
R6B-347,STRESS,2019-06-18T09:25:00+00:00,1165.6773879977159,2019
R6B-347,STRESS,2019-06-19T13:10:00+00:00,1161.9600359654908,2019
R6B-347,STRESS,2019-06-20T08:30:00+00:00,1176.3102825799056,2019
R6B-347,STRESS,2019-06-21T08:15:00+00:00,1168.6463227372553,2019
R6B-347,STRESS,2019-06-24T08:05:00+00:00,1164.4470187141947,2019
R6B-347,STRESS,2019-06-25T08:15:00+00:00,1168.896221788333,2019
R6B-347,STRESS,2019-06-28T08:10:00+00:00,1168.9773634999117,2019
R6B-347,STRESS,2019-07-02T09:05:00+00:00,1170.6893557667138,2019
R6B-347,STRESS,2019-07-04T09:45:00+00:00,1164.7193793066185,2019
R6B-347,STRESS,2019-07-08T13:20:00+00:00,1162.6358016383956,2019
R6B-347,STRESS,2019-07-09T12:55:00+00:00,1158.6379954141878,2019
R6B-347,STRESS,2019-07-11T08:05:00+00:00,1156.309756806171,2019
R6B-347,STRESS,2019-07-12T15:25:00+00:00,1153.6313674653386,2019
R6B-347,STRESS,2019-07-22T10:40:00+00:00,1151.4812624576973,2019
R6B-347,STRESS,2019-07-24T10:50:00+00:00,1154.4838535918868,2019
R6B-347,STRESS,2019-07-25T15:25:00+00:00,1146.4916097161947,2019
R6B-347,STRESS,2019-07-26T15:00:00+00:00,1146.8009932968655,2019
R6B-347,STRESS,2019-07-29T08:05:00+00:00,1144.3024275666771,2019
R6B-347,STRESS,2019-08-05T09:35:00+00:00,1150.6680130397401,2019
R6B-347,STRESS,2019-08-07T08:10:00+00:00,1155.4419713009959,2019
R6B-347,STRESS,2019-08-13T13:35:00+00:00,1152.6256352380885,2019
R6B-347,STRESS,2019-08-26T08:05:00+00:00,1139.215054920121,2019
R6B-347,STRESS,2019-08-27T14:00:00+00:00,1139.116970089479,2019
R6B-347,STRESS,2019-08-29T09:45:00+00:00,1134.13389340474,2019
R6B-347,STRESS,2019-08-30T13:40:00+00:00,1131.87082058891,2019
R6B-347,STRESS,2019-09-02T08:05:00+00:00,1125.9341047447776,2019
R6B-347,STRESS,2019-09-03T15:15:00+00:00,1139.9920446858669,2019
R6B-347,STRESS,2019-09-11T13:35:00+00:00,1136.1740486099877,2019
R6B-347,STRESS,2019-09-12T14:55:00+00:00,1144.9028434947877,2019
R6B-347,STRESS,2019-09-13T14:40:00+00:00,1137.0447589308992,2019
R6B-347,STRESS,2019-09-16T08:05:00+00:00,1132.664840166425,2019
R6B-347,STRESS,2019-09-19T12:55:00+00:00,1136.4917158134022,2019
R6B-347,STRESS,2019-09-20T09:35:00+00:00,1137.1769207130935,2019
R6B-347,STRESS,2019-09-23T10:00:00+00:00,1136.1163792548653,2019
R6B-347,STRESS,2019-09-24T15:40:00+00:00,1138.3195144463418,2019
R6B-347,STRESS,2019-09-26T08:10:00+00:00,1137.7106531761444,2019
R6B-347,STRESS,2019-10-03T14:20:00+00:00,1144.689945053434,2019
R6B-347,STRESS,2019-10-04T10:55:00+00:00,1143.0138325359487,2019
R6B-347,STRESS,2019-10-07T09:20:00+00:00,1136.2829219319315,2019
R6B-347,STRESS,2019-10-08T15:45:00+00:00,1142.0001754787315,2019
R6B-347,STRESS,2019-10-09T15:25:00+00:00,1138.77197710791,2019
R6B-347,STRESS,2019-10-11T10:55:00+00:00,1136.232470105831,2019
R6B-347,STRESS,2019-10-14T15:10:00+00:00,1136.949291690927,2019
R6B-347,STRESS,2019-10-15T09:50:00+00:00,1135.780158223717,2019
R6B-347,STRESS,2019-10-16T08:40:00+00:00,1134.4760588854497,2019
R6B-347,STRESS,2019-10-17T08:45:00+00:00,1130.5060889584563,2019
R6B-347,STRESS,2019-10-21T13:45:00+00:00,1128.099094209187,2019
R6B-347,STRESS,2019-10-22T12:50:00+00:00,1127.8949345469416,2019
R6B-347,STRESS,2019-10-23T08:05:00+00:00,1129.4317283229352,2019
R6B-347,STRESS,2019-10-25T13:40:00+00:00,1134.522518419413,2019
R6B-347,STRESS,2019-10-28T14:50:00+00:00,1121.4725501063524,2019
R6B-347,STRESS,2019-10-29T15:05:00+00:00,1116.180577412833,2019
R6B-347,STRESS,2019-10-31T09:20:00+00:00,1120.1405277715803,2019
R6B-347,STRESS,2019-11-06T08:30:00+00:00,1119.5329319585737,2019
R6B-347,STRESS,2019-11-08T14:20:00+00:00,1112.246199507358,2019
R6B-347,STRESS,2019-11-11T15:35:00+00:00,1101.2923804653929,2019
R6B-347,STRESS,2019-11-13T12:20:00+00:00,1104.3390342978937,2019
R6B-347,STRESS,2019-11-14T12:05:00+00:00,1104.9666980197123,2019
R6B-347,STRESS,2019-11-19T08:45:00+00:00,1099.7457325225803,2019
R6B-347,STRESS,2019-11-20T13:35:00+00:00,1094.7184565623802,2019
R6B-347,STRESS,2019-11-22T13:40:00+00:00,1096.3224863072378,2019
R6B-347,STRESS,2019-11-26T12:45:00+00:00,1096.5850838270896,2019
R6B-347,STRESS,2019-11-28T08:50:00+00:00,1094.6803586915098,2019
R6B-347,STRESS,2019-11-29T09:35:00+00:00,1093.664495318644,2019
R6B-347,STRESS,2019-12-04T11:10:00+00:00,1090.3022902137454,2019
R6B-347,STRESS,2019-12-05T09:45:00+00:00,1088.0797237468803,2019
R6B-347,STRESS,2019-12-09T14:45:00+00:00,1087.1146290972697,2019
R6B-347,STRESS,2019-12-10T13:35:00+00:00,1088.4465380688462,2019
R6B-347,STRESS,2019-12-11T15:40:00+00:00,1091.512801610609,2019
R6B-347,STRESS,2019-12-16T13:50:00+00:00,1092.0320872433692,2019
R6B-347,STRESS,2019-12-17T12:30:00+00:00,1092.3171416518653,2019
R6B-347,STRESS,2019-12-18T12:35:00+00:00,1090.647716093812,2019
R6B-347,STRESS,2019-12-19T09:35:00+00:00,1087.6790715272605,2019
R6B-347,STRESS,2019-12-23T09:05:00+00:00,1090.0375360243165,2019
R6B-347,STRESS,2019-12-24T09:50:00+00:00,1092.2962948125273,2019
R6B-347,STRESS,2019-12-26T09:55:00+00:00,1093.9830121566697,2019
R6B-347,STRESS,2019-12-27T10:35:00+00:00,1091.7463570851073,2019
R6B-347,STRESS,2019-12-30T11:15:00+00:00,1087.7233864514656,2019
R6B-347,STRESS,2019-12-31T09:05:00+00:00,1091.4652311581199,2019
R6B-347,STRESS,2020-01-03T08:10:00+00:00,1100.2644173570748,2020
R6B-347,STRESS,2020-01-06T08:05:00+00:00,1102.7156477125877,2020
R6B-347,STRESS,2020-01-07T14:05:00+00:00,1102.7622337926623,2020
R6B-347,STRESS,2020-01-08T08:15:00+00:00,1092.7561347179958,2020
R6B-347,STRESS,2020-01-15T10:30:00+00:00,1092.7022620816592,2020
R6B-347,STRESS,2020-01-17T11:55:00+00:00,1092.903732429318,2020
R6B-347,STRESS,2020-01-20T13:30:00+00:00,1092.2116708601773,2020
R6B-347,STRESS,2020-01-21T08:05:00+00:00,1090.56890795816,2020
R6B-347,STRESS,2020-01-27T08:05:00+00:00,1087.2222295287336,2020
R6B-347,STRESS,2020-01-30T09:15:00+00:00,1086.518003130321,2020
R6B-347,STRESS,2020-01-31T15:45:00+00:00,1091.7607390122291,2020
R6B-347,STRESS,2020-02-05T08:50:00+00:00,1090.207424457285,2020
R6B-347,STRESS,2020-02-06T15:05:00+00:00,1093.033957140082,2020
R6B-347,STRESS,2020-02-07T08:45:00+00:00,1089.866639800211,2020
R6B-347,STRESS,2020-02-10T08:05:00+00:00,1087.6233536382315,2020
R6B-347,STRESS,2020-02-13T08:40:00+00:00,1087.9919898041653,2020
R6B-347,STRESS,2020-02-18T08:40:00+00:00,1088.3674357336583,2020
R6B-347,STRESS,2020-02-19T09:10:00+00:00,1090.7131675419196,2020
R6B-347,STRESS,2020-02-21T10:10:00+00:00,1097.0689062163033,2020
R6B-347,STRESS,2020-02-24T08:05:00+00:00,1101.5136737102673,2020
R6B-347,STRESS,2020-02-26T15:05:00+00:00,1092.849504972475,2020
R6B-347,STRESS,2020-02-27T10:05:00+00:00,1088.9505956533567,2020
R6B-347,STRESS,2020-03-02T08:55:00+00:00,1093.3465474630825,2020
R6B-347,STRESS,2020-03-03T12:25:00+00:00,1093.280935676207,2020
R6B-347,STRESS,2020-03-05T15:00:00+00:00,1103.371268054295,2020
R6B-347,STRESS,2020-03-06T08:45:00+00:00,1102.7440408506916,2020
R6B-347,STRESS,2020-03-09T08:05:00+00:00,1090.2718234586787,2020
R6B-347,STRESS,2020-03-11T12:30:00+00:00,1094.3994101306878,2020
R6B-347,STRESS,2020-03-12T09:05:00+00:00,1089.722929321403,2020
R6B-347,STRESS,2020-03-13T13:40:00+00:00,1083.9849189577442,2020
R6B-347,STRESS,2020-03-16T08:05:00+00:00,1065.532525728781,2020
R6B-347,STRESS,2020-03-20T09:50:00+00:00,1081.4305424397442,2020
R6B-347,STRESS,2020-03-23T08:35:00+00:00,1071.05963792594,2020
R6B-347,STRESS,2020-03-24T08:55:00+00:00,1080.073572372433,2020
R6B-347,STRESS,2020-04-01T12:10:00+00:00,1078.0203503555908,2020
R6B-347,STRESS,2020-04-02T15:15:00+00:00,1082.5830765398964,2020
R6B-347,STRESS,2020-04-06T14:15:00+00:00,1097.824365101149,2020
R6B-347,STRESS,2020-04-08T15:20:00+00:00,1093.7242981644524,2020
R6B-347,STRESS,2020-04-09T14:05:00+00:00,1112.2416009514527,2020
R6B-347,STRESS,2020-04-13T08:05:00+00:00,1112.4147896056718,2020
R6B-347,STRESS,2020-04-21T15:00:00+00:00,1104.1249702118787,2020
R6B-347,STRESS,2020-04-22T15:50:00+00:00,1111.7783043670872,2020
R6B-347,STRESS,2020-04-29T09:55:00+00:00,1106.9884672955413,2020
R6B-347,STRESS,2020-04-30T14:15:00+00:00,1096.17164449468,2020
R6B-347,STRESS,2020-05-04T14:30:00+00:00,1099.3844630540414,2020
R6B-347,STRESS,2020-05-07T08:05:00+00:00,1097.974358590689,2020
R6B-347,STRESS,2020-05-11T09:40:00+00:00,1091.4128321350852,2020
R6B-347,STRESS,2020-05-12T10:55:00+00:00,1093.2373341042342,2020
R6B-347,STRESS,2020-05-15T14:05:00+00:00,1092.1598756341366,2020
R6B-347,STRESS,2020-05-18T08:05:00+00:00,1094.0582739639497,2020
R6B-347,STRESS,2020-05-19T08:45:00+00:00,1092.8413937317969,2020
R6B-347,STRESS,2020-05-20T09:05:00+00:00,1091.639781974966,2020
R6B-347,STRESS,2020-05-22T08:10:00+00:00,1097.1141722528812,2020
R6B-347,STRESS,2020-05-26T08:45:00+00:00,1093.4944292718205,2020
R6B-347,STRESS,2020-05-27T09:05:00+00:00,1086.0900459644029,2020
R6B-347,STRESS,2020-05-28T12:25:00+00:00,1089.2878121072042,2020
R6B-347,STRESS,2020-06-01T08:05:00+00:00,1088.5668316830875,2020
R6B-347,STRESS,2020-06-04T09:30:00+00:00,1090.4848076943956,2020
R6B-347,STRESS,2020-06-08T09:15:00+00:00,1093.8830017031887,2020
R6B-347,STRESS,2020-06-09T09:20:00+00:00,1097.5026574691074,2020
R6B-347,STRESS,2020-06-10T09:05:00+00:00,1098.287052932279,2020
R6B-347,STRESS,2020-06-12T14:10:00+00:00,1102.133522633342,2020
R6B-347,STRESS,2020-06-16T10:00:00+00:00,1101.4865973077985,2020
R6B-347,STRESS,2020-06-19T10:00:00+00:00,1104.0388457993922,2020
R6B-347,STRESS,2020-06-22T08:05:00+00:00,1101.2213432872975,2020
R6B-347,STRESS,2020-06-23T09:25:00+00:00,1099.548493785123,2020
R6B-347,STRESS,2020-06-25T14:45:00+00:00,1094.8402816891166,2020
R6B-347,STRESS,2020-06-29T08:45:00+00:00,1091.5516716171264,2020
R6B-347,STRESS,2020-07-01T15:15:00+00:00,1075.803247782411,2020
R6B-347,STRESS,2020-07-06T08:10:00+00:00,1074.9120569486126,2020
R6B-347,STRESS,2020-07-09T12:25:00+00:00,1071.7448935632558,2020
R6B-347,STRESS,2020-07-13T08:10:00+00:00,1072.9827927403903,2020
R6B-347,STRESS,2020-07-15T08:10:00+00:00,1072.6959555591409,2020
R6B-347,STRESS,2020-07-17T13:35:00+00:00,1076.8802413695666,2020
R6B-347,STRESS,2020-07-20T13:35:00+00:00,1078.28785694533,2020
R6B-347,STRESS,2020-07-21T11:20:00+00:00,1081.6642545379561,2020
R6B-347,STRESS,2020-07-22T09:05:00+00:00,1080.9587226044162,2020
R6B-347,STRESS,2020-07-23T08:10:00+00:00,1081.670048492546,2020
R6B-347,STRESS,2020-07-24T15:15:00+00:00,1086.0425848127884,2020
R6B-347,STRESS,2020-07-27T08:05:00+00:00,1096.1043287870161,2020
R6B-347,STRESS,2020-07-28T09:05:00+00:00,1074.7081017736773,2020
R6B-347,STRESS,2020-07-31T08:45:00+00:00,1082.3452626083526,2020
R6B-347,STRESS,2020-08-03T08:05:00+00:00,1077.404309214116,2020
R6B-347,STRESS,2020-08-04T09:30:00+00:00,1075.8964626336272,2020
R6B-347,STRESS,2020-08-05T14:55:00+00:00,1080.426581734032,2020
R6B-347,STRESS,2020-08-06T13:00:00+00:00,1084.5876788275953,2020
R6B-347,STRESS,2020-08-12T15:35:00+00:00,1090.3666350971232,2020
R6B-347,STRESS,2020-08-17T14:10:00+00:00,1105.4433294019018,2020
R6B-347,STRESS,2020-08-18T09:50:00+00:00,1111.485285579901,2020
R6B-347,STRESS,2020-08-20T11:20:00+00:00,1101.787088248616,2020
R6B-347,STRESS,2020-08-21T08:05:00+00:00,1091.1944542031342,2020
R6B-347,STRESS,2020-08-24T15:10:00+00:00,1083.7686085613695,2020
R6B-347,STRESS,2020-08-25T09:40:00+00:00,1077.771108510621,2020
R6B-347,STRESS,2020-08-28T11:05:00+00:00,1087.3581364541742,2020
R6B-347,STRESS,2020-08-31T08:05:00+00:00,1076.1071656781314,2020
R6B-347,STRESS,2020-09-01T09:40:00+00:00,1082.6286103940174,2020
R6B-347,STRESS,2020-09-03T10:00:00+00:00,1072.1778233292348,2020
R6B-347,STRESS,2020-09-04T09:50:00+00:00,1070.623392011381,2020
R6B-347,STRESS,2020-09-07T10:05:00+00:00,1062.655578907081,2020
R6B-347,STRESS,2020-09-08T14:05:00+00:00,1048.5770862913937,2020
R6B-347,STRESS,2020-09-09T13:35:00+00:00,1053.7985811445897,2020
R6B-347,STRESS,2020-09-14T09:10:00+00:00,1054.0177680921352,2020
R6B-347,STRESS,2020-09-15T09:50:00+00:00,1055.3511589762993,2020
R6B-347,STRESS,2020-09-16T10:05:00+00:00,1058.7112672698395,2020
R6B-347,STRESS,2020-09-18T08:10:00+00:00,1059.30178968175,2020
R6B-347,STRESS,2020-09-22T08:15:00+00:00,1048.4637939396996,2020
R6B-347,STRESS,2020-09-25T12:35:00+00:00,1039.0309371151202,2020
R6B-347,STRESS,2020-09-29T08:15:00+00:00,1035.6651646964597,2020
R6B-347,STRESS,2020-10-01T10:55:00+00:00,1036.9490388717688,2020
R6B-347,STRESS,2020-10-02T13:45:00+00:00,1031.7668826117174,2020
R6B-347,STRESS,2020-10-07T13:15:00+00:00,1032.996707595802,2020
R6B-347,STRESS,2020-10-08T13:40:00+00:00,1037.13076410351,2020
R6B-347,STRESS,2020-10-09T08:10:00+00:00,1044.4363037207713,2020
R6B-347,STRESS,2020-10-12T13:50:00+00:00,1039.297979898675,2020
R6B-347,STRESS,2020-10-14T11:00:00+00:00,1040.0253669277895,2020
R6B-347,STRESS,2020-10-15T15:45:00+00:00,1040.90693187077,2020
R6B-347,STRESS,2020-10-16T09:05:00+00:00,1040.0373775050116,2020
R6B-347,STRESS,2020-10-19T13:35:00+00:00,1041.5024650504627,2020
R6B-347,STRESS,2020-10-21T08:20:00+00:00,1044.218467712035,2020
R6B-347,STRESS,2020-10-23T15:45:00+00:00,1037.363904353627,2020
R6B-347,STRESS,2020-10-27T08:55:00+00:00,1034.033667828389,2020
R6B-347,STRESS,2020-10-28T12:45:00+00:00,1016.5862413977952,2020
R6B-347,STRESS,2020-10-29T11:30:00+00:00,1013.9443877033017,2020
R6B-347,STRESS,2020-10-30T09:45:00+00:00,1014.4833665434052,2020
R6B-347,STRESS,2020-11-02T09:55:00+00:00,1016.0670204724318,2020
R6B-347,STRESS,2020-11-03T09:55:00+00:00,1016.8427499342399,2020
R6B-347,STRESS,2020-11-05T08:05:00+00:00,1017.775712202292,2020
R6B-347,STRESS,2020-11-09T08:05:00+00:00,1018.1314388734255,2020
R6B-347,STRESS,2020-11-10T08:05:00+00:00,1025.641532051338,2020
R6B-347,STRESS,2020-11-11T10:45:00+00:00,1021.8159367586137,2020
R6B-347,STRESS,2020-11-12T09:45:00+00:00,1022.2349467709283,2020
R6B-347,STRESS,2020-11-16T09:15:00+00:00,1021.4929050182963,2020
R6B-347,STRESS,2020-11-20T13:30:00+00:00,1019.7361702647729,2020
R6B-347,STRESS,2020-11-23T09:15:00+00:00,1016.0580597435326,2020
R6B-347,STRESS,2020-11-25T09:05:00+00:00,1014.857220424034,2020
R6B-347,STRESS,2020-11-26T09:35:00+00:00,1014.7589599705142,2020
R6B-347,STRESS,2020-11-27T08:40:00+00:00,1012.0502082595214,2020
R6B-347,STRESS,2020-12-01T10:55:00+00:00,1019.8916268095879,2020
R6B-347,STRESS,2020-12-03T11:20:00+00:00,1022.5761866946397,2020
R6B-347,STRESS,2020-12-04T08:45:00+00:00,1021.2871490198011,2020
R6B-347,STRESS,2020-12-07T13:25:00+00:00,1016.8286014778794,2020
R6B-347,STRESS,2020-12-08T10:20:00+00:00,1014.9974736294461,2020
R6B-347,STRESS,2020-12-11T08:05:00+00:00,1012.6192686054019,2020
R6B-347,STRESS,2020-12-15T10:05:00+00:00,1020.1747717678074,2020
R6B-347,STRESS,2020-12-16T10:35:00+00:00,1022.3589081662544,2020
R6B-347,STRESS,2020-12-17T09:30:00+00:00,1027.4506627292346,2020
R6B-347,STRESS,2020-12-21T08:15:00+00:00,1031.89307249172,2020
R6B-347,STRESS,2020-12-22T10:35:00+00:00,1025.8851486225326,2020
R6B-347,STRESS,2020-12-23T13:15:00+00:00,1022.8720408184699,2020
R6B-347,STRESS,2020-12-24T09:15:00+00:00,1023.347131068616,2020
R6B-347,STRESS,2020-12-28T08:05:00+00:00,1020.9618645634348,2020
R6B-347,STRESS,2020-12-29T09:05:00+00:00,1018.5113680298726,2020
R6B-347,STRESS,2020-12-30T09:35:00+00:00,1015.8731615576141,2020
R6B-347,STRESS,2020-12-31T08:20:00+00:00,1013.0806111052302,2020
R6B-347,STRESS,2021-01-04T08:05:00+00:00,1020.6416800219743,2021
R6B-347,STRESS,2021-01-06T09:05:00+00:00,1019.3866469349709,2021
R6B-347,STRESS,2021-01-07T14:45:00+00:00,1008.4712816288107,2021
R6B-347,STRESS,2021-01-12T11:20:00+00:00,1013.2316044607436,2021
R6B-347,STRESS,2021-01-13T08:05:00+00:00,1010.7496533934764,2021
R6B-347,STRESS,2021-01-18T10:40:00+00:00,1011.516939005672,2021
R6B-347,STRESS,2021-01-19T08:50:00+00:00,1012.9527185271479,2021
R6B-347,STRESS,2021-01-20T09:00:00+00:00,1018.5305540274926,2021
R6B-347,STRESS,2021-01-21T13:35:00+00:00,1014.2512567592617,2021
R6B-347,STRESS,2021-01-25T08:35:00+00:00,1009.3230316034065,2021
R6B-347,STRESS,2021-01-26T10:05:00+00:00,1004.452609604408,2021
R6B-347,STRESS,2021-01-29T14:50:00+00:00,1008.1161265634762,2021
R6B-347,STRESS,2021-02-01T10:35:00+00:00,1006.9745167655171,2021
R6B-347,STRESS,2021-02-03T08:45:00+00:00,1003.1836059358287,2021
R6B-347,STRESS,2021-02-05T08:05:00+00:00,1003.6257372167117,2021
R6B-347,STRESS,2021-02-08T08:05:00+00:00,1001.5063212284277,2021
R6B-347,STRESS,2021-02-09T09:25:00+00:00,1005.4282359686955,2021
R6B-347,STRESS,2021-02-10T10:00:00+00:00,1004.3351250535248,2021
R6B-347,STRESS,2021-02-15T09:50:00+00:00,999.4399217411303,2021
R6B-347,STRESS,2021-02-16T08:30:00+00:00,998.5947351318061,2021
R6B-347,STRESS,2021-02-18T09:00:00+00:00,1001.456896877776,2021
R6B-347,STRESS,2021-02-22T09:05:00+00:00,1004.617492325309,2021
R6B-347,STRESS,2021-02-23T09:45:00+00:00,1000.3456143413819,2021
R6B-347,STRESS,2021-02-24T09:05:00+00:00,996.919572388649,2021
R6B-347,STRESS,2021-03-01T08:05:00+00:00,1004.3509991544432,2021
R6B-347,STRESS,2021-03-04T13:40:00+00:00,1002.5953666043303,2021
R6B-347,STRESS,2021-03-08T08:05:00+00:00,996.4001220073744,2021
R6B-347,STRESS,2021-03-09T10:20:00+00:00,1004.0875699819476,2021
R6B-347,STRESS,2021-03-11T08:05:00+00:00,1008.6180625369567,2021
R6B-347,STRESS,2021-03-15T09:10:00+00:00,1007.034901965477,2021
R6B-347,STRESS,2021-03-16T09:10:00+00:00,1005.7017867712973,2021
R6B-347,STRESS,2021-03-17T09:45:00+00:00,1006.3518005488722,2021
R6B-347,STRESS,2021-03-18T09:20:00+00:00,997.2346473068237,2021
R6B-347,STRESS,2021-03-19T14:15:00+00:00,994.7418448569697,2021
R6B-347,STRESS,2021-03-24T09:40:00+00:00,996.047219875165,2021
R6B-347,STRESS,2021-03-25T11:10:00+00:00,993.1960213753553,2021
R6B-347,STRESS,2021-03-31T14:35:00+00:00,997.7846429570751,2021
R6B-347,STRESS,2021-04-01T10:05:00+00:00,998.1137624239619,2021
R6B-347,STRESS,2021-04-05T09:25:00+00:00,994.4957816215909,2021
R6B-347,STRESS,2021-04-06T09:05:00+00:00,993.6933898149373,2021
R6B-347,STRESS,2021-04-08T11:25:00+00:00,998.1499051918211,2021
R6B-347,STRESS,2021-04-13T10:10:00+00:00,992.3188658901669,2021
R6B-347,STRESS,2021-04-14T09:05:00+00:00,989.7587348102918,2021
R6B-347,STRESS,2021-04-15T08:15:00+00:00,992.6651406051395,2021
R6B-347,STRESS,2021-04-19T08:35:00+00:00,995.3839148562523,2021
R6B-347,STRESS,2021-04-20T11:15:00+00:00,993.7550555334313,2021
R6B-347,STRESS,2021-04-21T09:05:00+00:00,992.0182936130166,2021
R6B-347,STRESS,2021-04-22T09:40:00+00:00,985.3200112446757,2021
R6B-347,STRESS,2021-04-23T09:15:00+00:00,983.5416590562616,2021
R6B-347,STRESS,2021-04-26T09:05:00+00:00,982.3543977688909,2021
R6B-347,STRESS,2021-04-29T08:10:00+00:00,978.6974888951837,2021
R6B-347,STRESS,2021-05-03T09:00:00+00:00,980.3690803864503,2021
R6B-347,STRESS,2021-05-05T10:20:00+00:00,978.3253341631621,2021
R6B-347,STRESS,2021-05-06T10:35:00+00:00,978.9537655037269,2021
R6B-347,STRESS,2021-05-07T10:55:00+00:00,979.4738493560455,2021
R6B-347,STRESS,2021-05-10T13:35:00+00:00,982.385137732605,2021
R6B-347,STRESS,2021-05-14T14:15:00+00:00,987.9649110467892,2021
R6B-347,STRESS,2021-05-17T08:05:00+00:00,991.0673202236499,2021
R6B-347,STRESS,2021-05-18T08:20:00+00:00,990.1725176542521,2021
R6B-347,STRESS,2021-05-19T14:05:00+00:00,996.3293376194833,2021
R6B-347,STRESS,2021-05-20T10:45:00+00:00,991.9249854629109,2021
R6B-347,STRESS,2021-05-24T08:05:00+00:00,990.4605537662546,2021
R6B-347,STRESS,2021-05-25T14:40:00+00:00,993.1823552748166,2021
R6B-347,STRESS,2021-05-26T09:05:00+00:00,994.2184572970821,2021
R6B-347,STRESS,2021-05-27T12:30:00+00:00,991.2712886767571,2021
R6B-347,STRESS,2021-05-31T09:05:00+00:00,990.3825763410665,2021
R6B-347,STRESS,2021-06-01T09:25:00+00:00,989.8745621097322,2021
R6B-347,STRESS,2021-06-04T14:45:00+00:00,1000.1842127165513,2021
R6B-347,STRESS,2021-06-08T09:00:00+00:00,994.5766098995382,2021
R6B-347,STRESS,2021-06-09T09:05:00+00:00,990.2400307895325,2021
R6B-347,STRESS,2021-06-11T10:20:00+00:00,985.175296842167,2021
R6B-347,STRESS,2021-06-18T09:30:00+00:00,989.8494597770947,2021
R6B-347,STRESS,2021-06-21T10:35:00+00:00,993.5201974558382,2021
R6B-347,STRESS,2021-06-22T11:30:00+00:00,989.841401107395,2021
R6B-347,STRESS,2021-06-23T11:00:00+00:00,989.1226442583811,2021
R6B-347,STRESS,2021-06-25T09:35:00+00:00,990.8083504459719,2021
R6B-347,STRESS,2021-06-28T13:15:00+00:00,988.7940553663544,2021
R6B-347,STRESS,2021-07-01T10:25:00+00:00,989.7611347644211,2021
R6B-347,STRESS,2021-07-02T08:40:00+00:00,991.6023692301893,2021
R6B-347,STRESS,2021-07-05T15:00:00+00:00,990.9644919474554,2021
R6B-347,STRESS,2021-07-06T09:25:00+00:00,997.6120614658604,2021
R6B-347,STRESS,2021-07-07T09:20:00+00:00,1000.2524804499078,2021
R6B-347,STRESS,2021-07-08T15:30:00+00:00,994.3084132335772,2021
R6B-347,STRESS,2021-07-09T09:25:00+00:00,993.6406963638386,2021
R6B-347,STRESS,2021-07-13T08:15:00+00:00,991.9150632761001,2021
R6B-347,STRESS,2021-07-14T10:30:00+00:00,993.3180851184435,2021
R6B-347,STRESS,2021-07-15T14:10:00+00:00,988.569699429662,2021
R6B-347,STRESS,2021-07-20T08:15:00+00:00,987.6359608081605,2021
R6B-347,STRESS,2021-07-21T14:15:00+00:00,982.1653535225473,2021
R6B-347,STRESS,2021-07-23T15:50:00+00:00,977.5256825991893,2021
R6B-347,STRESS,2021-07-26T09:30:00+00:00,978.7824940870639,2021
R6B-347,STRESS,2021-07-28T09:25:00+00:00,977.0671529364887,2021
R6B-347,STRESS,2021-07-29T09:05:00+00:00,979.611713037467,2021
R6B-347,STRESS,2021-08-04T09:55:00+00:00,979.414168903568,2021
R6B-347,STRESS,2021-08-05T15:50:00+00:00,972.4404551797289,2021
R6B-347,STRESS,2021-08-10T09:15:00+00:00,969.3306396262868,2021
R6B-347,STRESS,2021-08-11T10:20:00+00:00,970.1039020202157,2021
R6B-347,STRESS,2021-08-12T14:35:00+00:00,963.9795602542328,2021
R6B-347,STRESS,2021-08-13T09:25:00+00:00,964.4798445266337,2021
R6B-347,STRESS,2021-08-16T08:55:00+00:00,961.1803787034478,2021
R6B-347,STRESS,2021-08-17T13:40:00+00:00,959.8828612973421,2021
R6B-347,STRESS,2021-08-18T09:10:00+00:00,958.8847456384019,2021
R6B-347,STRESS,2021-08-20T09:20:00+00:00,957.011618106365,2021
R6B-347,STRESS,2021-08-23T09:55:00+00:00,957.1076266238183,2021
R6B-347,STRESS,2021-08-27T09:40:00+00:00,956.4714429942906,2021
R6B-347,STRESS,2021-08-30T08:35:00+00:00,953.1199001689052,2021
R6B-347,STRESS,2021-08-31T08:20:00+00:00,954.6794654564634,2021
R6B-347,STRESS,2021-09-01T12:15:00+00:00,952.1627653498821,2021
R6B-347,STRESS,2021-09-02T09:10:00+00:00,951.3352492614562,2021
R6B-347,STRESS,2021-09-03T09:05:00+00:00,949.787770408636,2021
R6B-347,STRESS,2021-09-07T08:10:00+00:00,944.3163735080316,2021
R6B-347,STRESS,2021-09-08T08:55:00+00:00,943.4311255522646,2021
R6B-347,STRESS,2021-09-09T15:30:00+00:00,942.8857173487713,2021
R6B-347,STRESS,2021-09-10T10:35:00+00:00,940.4405387603719,2021
R6B-347,STRESS,2021-09-13T11:10:00+00:00,938.6507321792124,2021
R6B-347,STRESS,2021-09-14T15:25:00+00:00,944.9709703794845,2021
R6B-347,STRESS,2021-09-17T09:05:00+00:00,948.7956616177215,2021
R6B-347,STRESS,2021-09-22T10:10:00+00:00,946.9616983908785,2021
R6B-347,STRESS,2021-09-24T10:45:00+00:00,948.1953942124806,2021
R6B-347,STRESS,2021-09-27T08:50:00+00:00,945.5019800165555,2021
R6B-347,STRESS,2021-09-28T10:00:00+00:00,936.6422074407875,2021
R6B-347,STRESS,2021-09-29T09:50:00+00:00,938.6566523830144,2021
R6B-347,STRESS,2021-09-30T08:50:00+00:00,938.9321706537625,2021
R6B-347,STRESS,2021-10-04T08:05:00+00:00,933.1919287955535,2021
R6B-347,STRESS,2021-10-07T15:20:00+00:00,929.419984104192,2021
R6B-347,STRESS,2021-10-11T09:45:00+00:00,924.6971048610808,2021
R6B-347,STRESS,2021-10-12T09:50:00+00:00,926.4267499743191,2021
R6B-347,STRESS,2021-10-13T09:50:00+00:00,928.096486495281,2021
R6B-347,STRESS,2021-10-14T14:45:00+00:00,928.1763820015633,2021
R6B-347,STRESS,2021-10-18T08:05:00+00:00,924.9159866296959,2021
R6B-347,STRESS,2021-10-19T09:05:00+00:00,931.3495384120539,2021
R6B-347,STRESS,2021-10-20T09:15:00+00:00,934.0680130751588,2021
R6B-347,STRESS,2021-10-21T10:10:00+00:00,932.4159589092236,2021
R6B-347,STRESS,2021-10-22T09:10:00+00:00,934.4897065987515,2021
R6B-347,STRESS,2021-10-25T11:40:00+00:00,935.222192331721,2021
R6B-347,STRESS,2021-10-28T10:10:00+00:00,933.192525993977,2021
R6B-347,STRESS,2021-11-01T10:05:00+00:00,933.000422889757,2021
R6B-347,STRESS,2021-11-02T12:40:00+00:00,930.1311317252203,2021
R6B-347,STRESS,2021-11-05T09:10:00+00:00,930.581577812512,2021
R6B-347,STRESS,2021-11-08T09:10:00+00:00,926.791782011396,2021
R6B-347,STRESS,2021-11-09T09:25:00+00:00,925.2039561633561,2021
R6B-347,STRESS,2021-11-11T11:25:00+00:00,928.6557310781437,2021
R6B-347,STRESS,2021-11-16T10:40:00+00:00,930.494557075608,2021
R6B-347,STRESS,2021-11-17T15:30:00+00:00,934.3020878048835,2021
R6B-347,STRESS,2021-11-18T08:25:00+00:00,932.5839581061418,2021
R6B-347,STRESS,2021-11-19T10:35:00+00:00,931.3582035194712,2021
R6B-347,STRESS,2021-11-22T12:15:00+00:00,926.1479794308322,2021
R6B-347,STRESS,2021-11-23T09:40:00+00:00,917.3646956939845,2021
R6B-347,STRESS,2021-11-24T08:05:00+00:00,916.9805637577431,2021
R6B-347,STRESS,2021-11-25T08:15:00+00:00,917.0949563636559,2021
R6B-347,STRESS,2021-11-26T08:45:00+00:00,918.8276960875986,2021
R6B-347,STRESS,2021-11-29T11:25:00+00:00,917.2836469168936,2021
R6B-347,STRESS,2021-11-30T09:50:00+00:00,920.5747119437272,2021
R6B-347,STRESS,2021-12-01T10:25:00+00:00,922.0928500799531,2021
R6B-347,STRESS,2021-12-03T08:50:00+00:00,920.0662000874613,2021
R6B-347,STRESS,2021-12-06T09:55:00+00:00,915.6145834293352,2021
R6B-347,STRESS,2021-12-07T14:05:00+00:00,910.7916013709203,2021
R6B-347,STRESS,2021-12-08T09:45:00+00:00,911.2167579695699,2021
R6B-347,STRESS,2021-12-09T13:20:00+00:00,905.1698987492138,2021
R6B-347,STRESS,2021-12-10T09:45:00+00:00,900.4079674401321,2021
R6B-347,STRESS,2021-12-13T09:35:00+00:00,898.9321952663628,2021
R6B-347,STRESS,2021-12-16T09:55:00+00:00,900.3777723137332,2021
R6B-347,STRESS,2021-12-17T09:45:00+00:00,903.1858897296838,2021
R6B-347,STRESS,2021-12-20T13:15:00+00:00,900.0139775251141,2021
R6B-347,STRESS,2021-12-21T13:35:00+00:00,902.1752703010559,2021
R6B-347,STRESS,2021-12-23T10:00:00+00:00,901.3116028999436,2021
R6B-347,STRESS,2021-12-27T09:10:00+00:00,898.682644461994,2021
R6B-347,STRESS,2021-12-28T13:50:00+00:00,900.8741047633115,2021
R6B-347,STRESS,2021-12-31T09:20:00+00:00,900.7392545894254,2021
R6B-347,STRESS,2022-01-04T09:05:00+00:00,897.9940894402025,2022
R6B-347,STRESS,2022-01-05T10:35:00+00:00,898.7374703323884,2022
R6B-347,STRESS,2022-01-07T11:25:00+00:00,896.8376486382448,2022
R6B-347,STRESS,2022-01-11T08:15:00+00:00,898.4559289317614,2022
R6B-347,STRESS,2022-01-13T13:35:00+00:00,893.5927848039022,2022
R6B-347,STRESS,2022-01-14T09:35:00+00:00,893.1211884312838,2022
R6B-347,STRESS,2022-01-17T11:35:00+00:00,893.3180667017192,2022
R6B-347,STRESS,2022-01-18T09:40:00+00:00,887.9942293749574,2022
R6B-347,STRESS,2022-01-24T09:35:00+00:00,890.8224638771104,2022
R6B-347,STRESS,2022-01-28T09:30:00+00:00,886.3715377998421,2022
R6B-347,STRESS,2022-02-01T13:05:00+00:00,889.1279402095117,2022
R6B-347,STRESS,2022-02-04T12:35:00+00:00,890.3318914828217,2022
R6B-347,STRESS,2022-02-07T08:05:00+00:00,890.2914327123133,2022
R6B-347,STRESS,2022-02-10T15:35:00+00:00,889.7997833577866,2022
R6B-347,STRESS,2022-02-15T10:40:00+00:00,879.0414658026314,2022
R6B-347,STRESS,2022-02-16T14:25:00+00:00,879.9119448840229,2022
R6B-347,STRESS,2022-02-17T12:00:00+00:00,883.1625195927313,2022
R6B-347,STRESS,2022-02-18T08:20:00+00:00,879.3231067500511,2022
R6B-347,STRESS,2022-02-21T08:05:00+00:00,871.9889351095601,2022
R6B-347,STRESS,2022-02-24T08:05:00+00:00,885.4027709030871,2022
R6B-347,STRESS,2022-02-28T08:05:00+00:00,877.8259061043015,2022
R6B-347,STRESS,2022-03-02T15:50:00+00:00,868.9131372389169,2022
R6B-347,STRESS,2022-03-03T15:55:00+00:00,866.6764297605945,2022
R6B-347,STRESS,2022-03-04T08:20:00+00:00,862.3310828248028,2022
R6B-347,STRESS,2022-03-07T08:05:00+00:00,862.8721484357957,2022
R6B-347,STRESS,2022-03-08T14:35:00+00:00,867.5591442729594,2022
R6B-347,STRESS,2022-03-09T11:45:00+00:00,848.7123375359884,2022
R6B-347,STRESS,2022-03-17T09:30:00+00:00,851.0499903032272,2022
R6B-347,STRESS,2022-03-30T09:20:00+00:00,848.5852650410188,2022
R6B-347,STRESS,2022-04-01T12:05:00+00:00,843.5760433913001,2022
R6B-347,STRESS,2022-04-04T08:25:00+00:00,844.763538522048,2022
R6B-347,STRESS,2022-04-07T15:25:00+00:00,844.9747664703874,2022
R6B-347,STRESS,2022-04-12T10:10:00+00:00,843.619079778573,2022
R6B-347,STRESS,2022-04-13T10:25:00+00:00,846.4313283740069,2022
R6B-347,STRESS,2022-04-18T08:05:00+00:00,847.8680362106809,2022
R6B-347,STRESS,2022-04-19T15:30:00+00:00,835.6809324890223,2022
R6B-347,STRESS,2022-04-22T14:05:00+00:00,829.9803388296384,2022
R6B-347,STRESS,2022-04-26T08:30:00+00:00,827.8650640483608,2022
R6B-347,STRESS,2022-04-29T08:20:00+00:00,835.1227324117341,2022
R6B-347,STRESS,2022-05-04T15:35:00+00:00,832.7297682166457,2022
R6B-347,STRESS,2022-05-05T08:05:00+00:00,830.6130875141249,2022
R6B-347,STRESS,2022-05-10T10:20:00+00:00,829.3614451660095,2022
R6B-347,STRESS,2022-05-11T14:25:00+00:00,831.6750786881452,2022
R6B-347,STRESS,2022-05-12T08:40:00+00:00,826.8960635956622,2022
R6B-347,STRESS,2022-05-13T11:20:00+00:00,822.3154443309907,2022
R6B-347,STRESS,2022-05-16T08:50:00+00:00,814.7603098257609,2022
R6B-347,STRESS,2022-05-17T14:10:00+00:00,810.6311829795728,2022
R6B-347,STRESS,2022-05-20T13:35:00+00:00,807.7649579085231,2022
R6B-347,STRESS,2022-05-23T08:05:00+00:00,811.2506080941173,2022
R6B-347,STRESS,2022-05-24T11:50:00+00:00,811.8964836385344,2022
R6B-347,STRESS,2022-05-27T09:55:00+00:00,812.7332227470812,2022
R6B-347,STRESS,2022-05-30T09:40:00+00:00,812.9728035415784,2022
R6B-347,STRESS,2022-06-02T14:25:00+00:00,819.3394855622256,2022
R6B-347,STRESS,2022-06-03T08:35:00+00:00,815.2390505653168,2022
R6B-347,STRESS,2022-06-06T08:05:00+00:00,814.4332380824735,2022
R6B-347,STRESS,2022-06-07T12:20:00+00:00,814.9100626439603,2022
R6B-347,STRESS,2022-06-09T11:50:00+00:00,810.055091485586,2022
R6B-347,STRESS,2022-06-13T08:05:00+00:00,800.5850827972596,2022
R6B-347,STRESS,2022-06-14T10:55:00+00:00,798.1120836589126,2022
R6B-347,STRESS,2022-06-15T09:25:00+00:00,801.4511462938502,2022
R6B-347,STRESS,2022-06-20T10:50:00+00:00,799.0202559966731,2022
R6B-347,STRESS,2022-06-21T08:05:00+00:00,797.4745924233754,2022
R6B-347,STRESS,2022-06-24T15:45:00+00:00,797.581551689936,2022
R6B-347,STRESS,2022-06-27T09:20:00+00:00,799.6306014386798,2022
R6B-347,STRESS,2022-06-28T11:55:00+00:00,797.2889073083949,2022
R6B-347,STRESS,2022-06-29T09:45:00+00:00,794.0004857099867,2022
R6B-347,STRESS,2022-06-30T08:35:00+00:00,791.1873875288882,2022
R6B-347,STRESS,2022-07-05T09:10:00+00:00,786.4386099453974,2022
R6B-347,STRESS,2022-07-06T09:00:00+00:00,783.5144542881844,2022
R6B-347,STRESS,2022-07-07T10:55:00+00:00,782.3050927617277,2022
R6B-347,STRESS,2022-07-08T08:25:00+00:00,778.5824931080009,2022
R6B-347,STRESS,2022-07-15T09:50:00+00:00,773.289273646555,2022
R6B-347,STRESS,2022-07-18T08:05:00+00:00,776.676563358774,2022
R6B-347,STRESS,2022-07-19T16:00:00+00:00,777.2122365218235,2022
R6B-347,STRESS,2022-07-22T15:30:00+00:00,782.23336519234,2022
R6B-347,STRESS,2022-07-26T08:30:00+00:00,782.5056202432027,2022
R6B-347,STRESS,2022-07-28T09:40:00+00:00,784.0002202379743,2022
R6B-347,STRESS,2022-07-29T11:15:00+00:00,783.8191885690029,2022
R6B-347,STRESS,2022-08-01T15:15:00+00:00,783.3557113253706,2022
R6B-347,STRESS,2022-08-02T08:25:00+00:00,781.1348928324762,2022
R6B-347,STRESS,2022-08-03T11:15:00+00:00,779.1942078992445,2022
R6B-347,STRESS,2022-08-04T08:55:00+00:00,782.1511578473893,2022
R6B-347,STRESS,2022-08-08T15:25:00+00:00,786.032953552636,2022
R6B-347,STRESS,2022-08-12T11:45:00+00:00,782.588254689065,2022
R6B-347,STRESS,2022-08-16T10:10:00+00:00,779.8467200006712,2022
R6B-347,STRESS,2022-08-17T12:30:00+00:00,774.9778383878879,2022
R6B-347,STRESS,2022-08-22T11:10:00+00:00,768.4003951842129,2022
R6B-347,STRESS,2022-08-23T08:35:00+00:00,769.1154369030057,2022
R6B-347,STRESS,2022-08-25T08:45:00+00:00,772.9156302659833,2022
R6B-347,STRESS,2022-08-31T12:10:00+00:00,767.1241147150877,2022
R6B-347,STRESS,2022-09-02T13:45:00+00:00,770.333642461791,2022
R6B-347,STRESS,2022-09-05T12:30:00+00:00,769.2853585751429,2022
R6B-347,STRESS,2022-09-06T08:10:00+00:00,768.6700918733753,2022
R6B-347,STRESS,2022-09-08T15:05:00+00:00,761.6053021680286,2022
R6B-347,STRESS,2022-09-09T08:15:00+00:00,767.705884188904,2022
R6B-347,STRESS,2022-09-12T14:50:00+00:00,771.5148158996343,2022
R6B-347,STRESS,2022-09-14T12:40:00+00:00,770.7988501504794,2022
R6B-347,STRESS,2022-09-20T08:05:00+00:00,766.7556676819328,2022
R6B-347,STRESS,2022-09-21T08:15:00+00:00,767.9074129589086,2022
R6B-347,STRESS,2022-09-23T09:20:00+00:00,761.1971493081704,2022
R6B-347,STRESS,2022-09-26T15:30:00+00:00,756.0041656619317,2022
R6B-347,STRESS,2022-09-27T09:05:00+00:00,757.0283034344408,2022
R6B-347,STRESS,2022-09-30T13:40:00+00:00,756.7935736502743,2022
R6B-347,STRESS,2022-10-03T09:30:00+00:00,753.3680695831335,2022
R6B-347,STRESS,2022-10-04T13:55:00+00:00,755.6941834217141,2022
R6B-347,STRESS,2022-10-05T14:55:00+00:00,746.0830851650002,2022
R6B-347,STRESS,2022-10-06T08:05:00+00:00,747.4656084037315,2022
R6B-347,STRESS,2022-10-11T08:55:00+00:00,743.6753966878459,2022
R6B-347,STRESS,2022-10-12T12:05:00+00:00,741.5351673047228,2022
R6B-347,STRESS,2022-10-17T09:25:00+00:00,743.595990404101,2022
R6B-347,STRESS,2022-10-18T12:05:00+00:00,742.0974210438127,2022
R6B-347,STRESS,2022-10-20T12:55:00+00:00,742.3553476373445,2022
R6B-347,STRESS,2022-10-24T08:05:00+00:00,737.3456298650694,2022
R6B-347,STRESS,2022-10-26T10:50:00+00:00,742.8178433168454,2022
R6B-347,STRESS,2022-10-27T08:20:00+00:00,740.9447244524574,2022
R6B-347,STRESS,2022-10-28T09:55:00+00:00,733.2897098345376,2022
R6B-347,STRESS,2022-11-01T09:40:00+00:00,737.5959133610714,2022
R6B-347,STRESS,2022-11-02T11:00:00+00:00,738.4785800149283,2022
R6B-347,STRESS,2022-11-04T10:00:00+00:00,743.2643491564716,2022
R6B-347,STRESS,2022-11-10T11:05:00+00:00,741.1097623913479,2022
R6B-347,STRESS,2022-11-11T13:30:00+00:00,741.7288891139475,2022
R6B-347,STRESS,2022-11-15T13:10:00+00:00,742.8174378241257,2022
R6B-347,STRESS,2022-11-18T08:40:00+00:00,742.389294342239,2022
R6B-347,STRESS,2022-11-22T08:15:00+00:00,742.9975480433803,2022
R6B-347,STRESS,2022-11-23T15:40:00+00:00,741.3196421602069,2022
R6B-347,STRESS,2022-11-24T08:25:00+00:00,740.9275285968537,2022
R6B-347,STRESS,2022-11-25T10:15:00+00:00,737.6277145037304,2022
R6B-347,STRESS,2022-11-29T09:45:00+00:00,740.9690127313977,2022
R6B-347,STRESS,2022-11-30T09:45:00+00:00,742.9330775833798,2022
R6B-347,STRESS,2022-12-01T08:05:00+00:00,742.9807336940399,2022
R6B-347,STRESS,2022-12-05T08:05:00+00:00,742.1422819778528,2022
R6B-347,STRESS,2022-12-06T09:15:00+00:00,740.8930541391802,2022
R6B-347,STRESS,2022-12-07T09:55:00+00:00,739.8751301327004,2022
R6B-347,STRESS,2022-12-09T09:10:00+00:00,738.8378410695699,2022
R6B-347,STRESS,2022-12-13T09:45:00+00:00,737.6969145587809,2022
R6B-347,STRESS,2022-12-16T10:20:00+00:00,737.6131428262736,2022
R6B-347,STRESS,2022-12-19T08:50:00+00:00,737.4872868591266,2022
R6B-347,STRESS,2022-12-20T11:05:00+00:00,742.6614603049989,2022
R6B-347,STRESS,2022-12-22T09:00:00+00:00,741.71387778601,2022
R6B-347,STRESS,2022-12-23T10:10:00+00:00,741.9497208042039,2022
R6B-347,STRESS,2022-12-27T10:00:00+00:00,742.9433844893792,2022
R6B-347,STRESS,2022-12-30T11:15:00+00:00,741.362663406487,2022
R6B-347,STRESS,2023-01-03T08:15:00+00:00,745.638957183842,2023
R6B-347,STRESS,2023-01-04T09:35:00+00:00,753.0964417768752,2023
R6B-347,STRESS,2023-01-05T09:50:00+00:00,748.6673986812286,2023
R6B-347,STRESS,2023-01-06T10:15:00+00:00,746.7801129263316,2023
R6B-347,STRESS,2023-01-09T09:40:00+00:00,746.2278363366394,2023
R6B-347,STRESS,2023-01-10T09:50:00+00:00,745.734169203455,2023
R6B-347,STRESS,2023-01-11T13:15:00+00:00,744.5981034753643,2023
R6B-347,STRESS,2023-01-12T09:05:00+00:00,745.3452627718403,2023
R6B-347,STRESS,2023-01-13T08:25:00+00:00,746.3003148695423,2023
R6B-347,STRESS,2023-01-16T10:00:00+00:00,743.0412613926082,2023
R6B-347,STRESS,2023-01-17T08:05:00+00:00,739.25838441626,2023
R6B-347,STRESS,2023-01-19T11:50:00+00:00,737.6972084127796,2023
R6B-347,STRESS,2023-01-23T08:50:00+00:00,734.8754090336859,2023
R6B-347,STRESS,2023-01-24T09:20:00+00:00,735.6642808007921,2023
R6B-347,STRESS,2023-01-25T08:05:00+00:00,731.7190043427922,2023
R6B-347,STRESS,2023-01-27T08:55:00+00:00,727.7463611458676,2023
R6B-347,STRESS,2023-01-30T12:30:00+00:00,724.973132885687,2023
R6B-347,STRESS,2023-01-31T09:40:00+00:00,716.4275733296591,2023
R6B-347,STRESS,2023-02-02T15:15:00+00:00,701.6159877386677,2023
R6B-347,STRESS,2023-02-06T09:00:00+00:00,704.0667897063851,2023
R6B-347,STRESS,2023-02-07T09:55:00+00:00,704.0795527187759,2023
R6B-347,STRESS,2023-02-08T15:30:00+00:00,700.3109653283344,2023
R6B-347,STRESS,2023-02-13T14:35:00+00:00,695.7988622744633,2023
R6B-347,STRESS,2023-02-14T08:25:00+00:00,696.5702782996058,2023
R6B-347,STRESS,2023-02-15T10:10:00+00:00,687.3507037219966,2023
R6B-347,STRESS,2023-02-16T09:35:00+00:00,685.7008951983248,2023
R6B-347,STRESS,2023-02-20T12:10:00+00:00,685.049694842365,2023
R6B-347,STRESS,2023-02-22T09:05:00+00:00,682.9905996055534,2023
R6B-347,STRESS,2023-02-23T14:30:00+00:00,680.8614796733408,2023
R6B-347,STRESS,2023-02-24T08:40:00+00:00,680.3079781178432,2023
R6B-347,STRESS,2023-02-27T08:50:00+00:00,678.956827832098,2023
R6B-347,STRESS,2023-03-01T11:25:00+00:00,680.8528158990449,2023
R6B-347,STRESS,2023-03-03T08:05:00+00:00,682.0747086047392,2023
R6B-347,STRESS,2023-03-06T15:40:00+00:00,679.9731449317107,2023
R6B-347,STRESS,2023-03-07T10:15:00+00:00,676.9425666129667,2023
R6B-347,STRESS,2023-03-13T08:05:00+00:00,675.4570582798204,2023
R6B-347,STRESS,2023-03-17T09:55:00+00:00,678.2961739200961,2023
R6B-347,STRESS,2023-03-20T14:05:00+00:00,671.0449214322298,2023
R6B-347,STRESS,2023-03-21T11:35:00+00:00,664.6841840605808,2023
R6B-347,STRESS,2023-03-22T09:05:00+00:00,663.3602855087493,2023
R6B-347,STRESS,2023-03-23T11:55:00+00:00,662.865394265213,2023
R6B-347,STRESS,2023-03-28T08:55:00+00:00,659.1209255206386,2023
R6B-347,STRESS,2023-03-30T14:05:00+00:00,658.78740142611,2023
R6B-347,STRESS,2023-03-31T09:40:00+00:00,656.9243917615158,2023
R6B-347,STRESS,2023-04-05T10:45:00+00:00,655.6174610350532,2023
R6B-347,STRESS,2023-04-11T08:05:00+00:00,657.7140682458903,2023
R6B-347,STRESS,2023-04-12T09:25:00+00:00,657.6500595207317,2023
R6B-347,STRESS,2023-04-13T08:05:00+00:00,659.3549065981904,2023
R6B-347,STRESS,2023-04-14T09:25:00+00:00,655.9895789818966,2023
R6B-347,STRESS,2023-04-17T13:35:00+00:00,652.25203267379,2023
R6B-347,STRESS,2023-04-18T09:40:00+00:00,652.3513431123841,2023
R6B-347,STRESS,2023-04-20T14:45:00+00:00,653.5331816086828,2023
R6B-347,STRESS,2023-04-24T08:05:00+00:00,652.124341287452,2023
R6B-347,STRESS,2023-04-25T08:40:00+00:00,648.6914251306356,2023
R6B-347,STRESS,2023-04-27T09:35:00+00:00,649.3903083412778,2023
R6B-347,STRESS,2023-05-02T09:30:00+00:00,647.7082279276545,2023
R6B-347,STRESS,2023-05-03T12:10:00+00:00,645.8148565570294,2023
R6B-347,STRESS,2023-05-05T09:35:00+00:00,641.1312634418423,2023
R6B-347,STRESS,2023-05-08T10:30:00+00:00,641.7042134234431,2023
R6B-347,STRESS,2023-05-09T12:00:00+00:00,643.0346148948266,2023
R6B-347,STRESS,2023-05-11T08:50:00+00:00,638.9562347660212,2023
R6B-347,STRESS,2023-05-15T09:40:00+00:00,637.6101894054767,2023
R6B-347,STRESS,2023-05-18T09:30:00+00:00,634.1279898971238,2023
R6B-347,STRESS,2023-05-19T09:10:00+00:00,635.2179749615315,2023
R6B-347,STRESS,2023-05-26T09:50:00+00:00,636.9812265035663,2023
R6B-347,STRESS,2023-05-29T13:55:00+00:00,636.1252017371199,2023
R6B-347,STRESS,2023-05-30T09:05:00+00:00,635.4596830423842,2023
R6B-347,STRESS,2023-05-31T13:45:00+00:00,636.754551206623,2023
R6B-347,STRESS,2023-06-02T10:10:00+00:00,636.604184784487,2023
R6B-347,STRESS,2023-06-08T13:30:00+00:00,639.9353003127284,2023
R6B-347,STRESS,2023-06-13T11:55:00+00:00,640.3165913234442,2023
R6B-347,STRESS,2023-06-14T09:40:00+00:00,641.2948310528095,2023
R6B-347,STRESS,2023-06-16T09:45:00+00:00,641.6015350058777,2023
R6B-347,STRESS,2023-06-20T14:45:00+00:00,634.1084999899755,2023
R6B-347,STRESS,2023-06-21T10:35:00+00:00,632.0262623145456,2023
R6B-347,STRESS,2023-06-23T13:05:00+00:00,635.1336785877442,2023
R6B-347,STRESS,2023-06-26T08:05:00+00:00,635.9389634405046,2023
R6B-347,STRESS,2023-06-27T09:30:00+00:00,634.9922309197517,2023
R6B-347,STRESS,2023-07-03T13:00:00+00:00,635.0148705045677,2023
R6B-347,STRESS,2023-07-04T09:20:00+00:00,636.7629465517828,2023
R6B-347,STRESS,2023-07-05T16:00:00+00:00,634.7827089055618,2023
R6B-347,STRESS,2023-07-06T13:25:00+00:00,631.0120434877751,2023
R6B-347,STRESS,2023-07-07T08:10:00+00:00,630.8694006563768,2023
R6B-347,STRESS,2023-07-11T09:05:00+00:00,633.1497876865875,2023
R6B-347,STRESS,2023-07-12T08:05:00+00:00,632.6080410101955,2023
R6B-347,STRESS,2023-07-13T09:45:00+00:00,632.2920826453292,2023
R6B-347,STRESS,2023-07-14T09:50:00+00:00,629.7256044659673,2023
R6B-347,STRESS,2023-07-17T13:35:00+00:00,626.3552115761546,2023
R6B-347,STRESS,2023-07-18T08:40:00+00:00,627.2440398258983,2023
R6B-347,STRESS,2023-07-20T09:05:00+00:00,627.4632926351551,2023
R6B-347,STRESS,2023-07-21T08:50:00+00:00,623.680183849057,2023
R6B-347,STRESS,2023-07-24T15:05:00+00:00,622.0633895091614,2023
R6B-347,STRESS,2023-07-25T09:35:00+00:00,622.3104051407489,2023
R6B-347,STRESS,2023-07-26T14:15:00+00:00,621.8340605513772,2023
R6B-347,STRESS,2023-07-27T10:05:00+00:00,620.0979758815124,2023
R6B-347,STRESS,2023-07-28T09:40:00+00:00,619.5670297492683,2023
R6B-347,STRESS,2023-08-03T09:50:00+00:00,618.2253221145969,2023
R6B-347,STRESS,2023-08-07T08:15:00+00:00,614.4966490293834,2023
R6B-347,STRESS,2023-08-09T09:20:00+00:00,614.0283915405272,2023
R6B-347,STRESS,2023-08-10T09:35:00+00:00,613.9449816623107,2023
R6B-347,STRESS,2023-08-11T14:15:00+00:00,613.6345573983142,2023
R6B-347,STRESS,2023-08-14T15:40:00+00:00,611.8062742577314,2023
R6B-347,STRESS,2023-08-16T11:20:00+00:00,611.36691326388,2023
R6B-347,STRESS,2023-08-17T14:35:00+00:00,610.5028621438729,2023
R6B-347,STRESS,2023-08-18T08:40:00+00:00,609.8621358313424,2023
R6B-347,STRESS,2023-08-21T10:55:00+00:00,608.0430225719866,2023
R6B-347,STRESS,2023-08-22T09:05:00+00:00,608.5942073762251,2023
R6B-347,STRESS,2023-08-23T08:10:00+00:00,609.6725267892261,2023
R6B-347,STRESS,2023-08-24T10:05:00+00:00,609.2972241336153,2023
R6B-347,STRESS,2023-08-28T08:05:00+00:00,608.2144548865165,2023
R6B-347,STRESS,2023-08-29T10:55:00+00:00,606.9008154217022,2023
R6B-347,STRESS,2023-08-31T09:05:00+00:00,605.7484928121494,2023
R6B-347,STRESS,2023-09-01T09:10:00+00:00,605.4170118759081,2023
R6B-347,STRESS,2023-09-04T08:50:00+00:00,605.2510032194898,2023
R6B-347,STRESS,2023-09-06T12:50:00+00:00,603.9555878488192,2023
R6B-347,STRESS,2023-09-07T09:55:00+00:00,603.6090095448735,2023
R6B-347,STRESS,2023-09-08T08:30:00+00:00,604.0506532007386,2023
R6B-347,STRESS,2023-09-11T09:35:00+00:00,605.1239823544265,2023
R6B-347,STRESS,2023-09-12T11:30:00+00:00,601.1760461209582,2023
R6B-347,STRESS,2023-09-14T08:45:00+00:00,599.0724639962458,2023
R6B-347,STRESS,2023-09-15T09:35:00+00:00,600.5078256007571,2023
R6B-347,STRESS,2023-09-18T09:15:00+00:00,599.9318581822424,2023
R6B-347,STRESS,2023-09-19T15:55:00+00:00,598.8574746423324,2023
R6B-347,STRESS,2023-09-22T08:05:00+00:00,599.9059923647669,2023
R6B-347,STRESS,2023-09-25T15:05:00+00:00,596.6056724719034,2023
R6B-347,STRESS,2023-09-27T09:35:00+00:00,593.4362083612327,2023
R6B-347,STRESS,2023-09-29T13:55:00+00:00,594.117794120009,2023
R6B-347,STRESS,2023-10-05T08:55:00+00:00,592.2088835762178,2023
R6B-347,STRESS,2023-10-06T10:30:00+00:00,591.7618998269007,2023
R6B-347,STRESS,2023-10-09T08:05:00+00:00,591.7961056971722,2023
R6B-347,STRESS,2023-10-10T08:05:00+00:00,589.1209641920684,2023
R6B-347,STRESS,2023-10-11T14:45:00+00:00,591.0988074081505,2023
R6B-347,STRESS,2023-10-12T08:40:00+00:00,591.9768894854557,2023
R6B-347,STRESS,2023-10-13T08:55:00+00:00,595.1252688481585,2023
R6B-347,STRESS,2023-10-17T15:50:00+00:00,595.9053555764206,2023
R6B-347,STRESS,2023-10-18T08:20:00+00:00,598.4067197373919,2023
R6B-347,STRESS,2023-10-24T09:20:00+00:00,594.5164742328765,2023
R6B-347,STRESS,2023-10-26T11:45:00+00:00,593.0257603384451,2023
R6B-347,STRESS,2023-10-27T10:15:00+00:00,591.9237438638175,2023
R6B-347,STRESS,2023-11-02T09:30:00+00:00,591.7802558781033,2023
R6B-347,STRESS,2023-11-03T10:35:00+00:00,591.5377632078655,2023
R6B-347,STRESS,2023-11-15T11:05:00+00:00,593.2580518169622,2023
R6B-347,STRESS,2023-11-16T13:00:00+00:00,593.2423327514844,2023
R6B-347,STRESS,2023-11-17T09:05:00+00:00,593.6273643479872,2023
R6B-347,STRESS,2023-11-20T10:35:00+00:00,590.95633353986,2023
R6B-347,STRESS,2023-11-21T08:30:00+00:00,593.3333264679254,2023
R6B-347,STRESS,2023-11-22T12:55:00+00:00,593.3698391164552,2023
R6B-347,STRESS,2023-11-23T09:50:00+00:00,592.926292444197,2023
R6B-347,STRESS,2023-11-24T08:55:00+00:00,592.0590047552666,2023
R6B-347,STRESS,2023-11-27T08:05:00+00:00,593.943882359665,2023
R6B-347,STRESS,2023-11-28T08:05:00+00:00,592.5332414000208,2023
R6B-347,STRESS,2023-11-29T08:45:00+00:00,590.6991338342352,2023
R6B-347,STRESS,2023-12-01T08:20:00+00:00,589.9380964875501,2023
R6B-347,STRESS,2023-12-04T08:05:00+00:00,575.5975443283016,2023
R6B-347,STRESS,2023-12-05T08:25:00+00:00,575.7190580017041,2023
R6B-347,STRESS,2023-12-06T11:25:00+00:00,574.5816706551047,2023
R6B-347,STRESS,2023-12-12T08:40:00+00:00,573.9212089383392,2023
R6B-347,STRESS,2023-12-14T08:05:00+00:00,573.8286408690943,2023
R6B-347,STRESS,2023-12-15T15:45:00+00:00,572.079732446815,2023
R6B-347,STRESS,2023-12-18T11:15:00+00:00,570.7095701731046,2023
R6B-347,STRESS,2023-12-20T14:15:00+00:00,569.3558981713165,2023
R6B-347,STRESS,2023-12-26T09:30:00+00:00,569.9142827531625,2023
R6B-347,STRESS,2023-12-28T09:55:00+00:00,566.5714405506882,2023
R6B-347,STRESS,2023-12-29T14:00:00+00:00,562.4954982286549,2023
R6B-347,STRESS,2024-01-02T09:05:00+00:00,563.9129783946826,2024
R6B-347,STRESS,2024-01-03T10:40:00+00:00,560.6843264182453,2024
R6B-347,STRESS,2024-01-04T10:20:00+00:00,561.4031933646414,2024
R6B-347,STRESS,2024-01-05T09:10:00+00:00,560.0893441971098,2024
R6B-347,STRESS,2024-01-09T09:05:00+00:00,559.5550002296851,2024
R6B-347,STRESS,2024-01-10T09:50:00+00:00,559.9440712047898,2024
R6B-347,STRESS,2024-01-11T09:55:00+00:00,560.0109177034399,2024
R6B-347,STRESS,2024-01-12T14:00:00+00:00,564.9980259949895,2024
R6B-347,STRESS,2024-01-15T09:40:00+00:00,565.5921030476524,2024
R6B-347,STRESS,2024-01-17T09:45:00+00:00,562.8144304287272,2024
R6B-347,STRESS,2024-01-18T08:55:00+00:00,562.2053842406301,2024
R6B-347,STRESS,2024-01-19T09:45:00+00:00,562.5661208540183,2024
R6B-347,STRESS,2024-01-22T09:05:00+00:00,559.7174001401712,2024
R6B-347,STRESS,2024-01-23T10:40:00+00:00,560.0383140250916,2024
R6B-347,STRESS,2024-01-24T15:45:00+00:00,555.952314300884,2024
R6B-347,STRESS,2024-01-26T09:05:00+00:00,554.6616681680654,2024
R6B-347,STRESS,2024-01-29T08:05:00+00:00,557.4300620765424,2024
R6B-347,STRESS,2024-01-30T14:15:00+00:00,558.9660174550775,2024
R6B-347,STRESS,2024-01-31T08:05:00+00:00,558.1456306341925,2024
R6B-347,STRESS,2024-02-06T09:05:00+00:00,556.4559151843434,2024
R6B-347,STRESS,2024-02-13T14:25:00+00:00,550.3749746315581,2024
R6B-347,STRESS,2024-02-16T15:40:00+00:00,550.1603503084114,2024
R6B-347,STRESS,2024-02-19T08:15:00+00:00,550.705168965602,2024
R6B-347,STRESS,2024-02-20T09:35:00+00:00,551.4402252964798,2024
R6B-347,STRESS,2024-02-21T10:45:00+00:00,551.0100042149866,2024
R6B-347,STRESS,2024-02-22T09:40:00+00:00,550.959539450801,2024
R6B-347,STRESS,2024-02-23T09:10:00+00:00,548.5161977535646,2024
R6B-347,STRESS,2024-02-27T10:40:00+00:00,548.292065377547,2024
R6B-347,STRESS,2024-02-29T09:40:00+00:00,547.5651923298469,2024
R6B-347,STRESS,2024-03-01T14:20:00+00:00,549.3565042763673,2024
R6B-347,STRESS,2024-03-04T15:05:00+00:00,552.4921455654828,2024
R6B-347,STRESS,2024-03-05T13:35:00+00:00,557.9026507545045,2024
R6B-347,STRESS,2024-03-06T15:05:00+00:00,559.0693051774203,2024
R6B-347,STRESS,2024-03-07T12:05:00+00:00,558.5038575763141,2024
R6B-347,STRESS,2024-03-08T08:35:00+00:00,558.3391345320024,2024
R6B-347,STRESS,2024-03-15T09:20:00+00:00,558.4472369480602,2024
R6B-347,STRESS,2024-03-22T08:25:00+00:00,553.1783519685848,2024
R6B-347,STRESS,2024-03-25T08:05:00+00:00,552.190793148799,2024
R6B-347,STRESS,2024-03-28T12:20:00+00:00,555.5958282765836,2024
R6B-347,STRESS,2024-04-01T08:05:00+00:00,558.6249277910914,2024
R6B-347,STRESS,2024-04-02T12:45:00+00:00,557.5547240515674,2024
R6B-347,STRESS,2024-04-08T10:35:00+00:00,558.589305573064,2024
R6B-347,STRESS,2024-04-09T09:15:00+00:00,561.9406237313578,2024
R6B-347,STRESS,2024-04-10T12:55:00+00:00,557.8049761389626,2024
R6B-347,STRESS,2024-04-11T10:45:00+00:00,555.5646279322656,2024
R6B-347,STRESS,2024-04-12T09:05:00+00:00,557.2967470035993,2024
R6B-347,STRESS,2024-04-18T12:35:00+00:00,558.1957018234893,2024
R6B-347,STRESS,2024-04-19T09:30:00+00:00,554.7920757162484,2024
R6B-347,STRESS,2024-04-24T11:25:00+00:00,551.6547574317141,2024
R6B-347,STRESS,2024-04-25T15:55:00+00:00,552.1878059577468,2024
R6B-347,STRESS,2024-04-26T12:30:00+00:00,552.9809946601526,2024
R6B-347,STRESS,2024-05-03T12:50:00+00:00,551.147530325585,2024
R6B-347,STRESS,2024-05-06T09:05:00+00:00,553.4699434989803,2024
R6B-347,STRESS,2024-05-07T09:00:00+00:00,549.7402924637605,2024
R6B-347,STRESS,2024-05-08T11:00:00+00:00,548.876759910433,2024
R6B-347,STRESS,2024-05-09T12:10:00+00:00,548.9832512622326,2024
R6B-347,STRESS,2024-05-10T08:30:00+00:00,553.0272007430378,2024
R6B-347,STRESS,2024-05-14T09:15:00+00:00,554.1841182058115,2024
R6B-347,STRESS,2024-05-15T11:45:00+00:00,554.4981979007367,2024
R6B-347,STRESS,2024-05-16T08:15:00+00:00,553.0639062052085,2024
R6B-347,STRESS,2024-05-17T13:35:00+00:00,557.0641002912238,2024
R6B-347,STRESS,2024-05-20T08:35:00+00:00,559.9189130376415,2024
R6B-347,STRESS,2024-05-24T13:35:00+00:00,561.322835940173,2024
R6B-347,STRESS,2024-05-27T09:15:00+00:00,562.0010998914195,2024
R6B-347,STRESS,2024-05-28T09:50:00+00:00,558.8420099987682,2024
R6B-347,STRESS,2024-06-05T09:55:00+00:00,558.6733509790148,2024
R6B-347,STRESS,2024-06-06T09:05:00+00:00,559.4045008912143,2024
R6B-347,STRESS,2024-06-07T11:50:00+00:00,547.7818550039478,2024
R6B-347,STRESS,2024-06-14T08:50:00+00:00,549.9291375157685,2024
R6B-347,STRESS,2024-06-18T08:05:00+00:00,547.5432425998355,2024
R6B-347,STRESS,2024-06-20T09:05:00+00:00,547.0609201324672,2024
R6B-347,STRESS,2024-06-21T08:05:00+00:00,547.1282867214471,2024
R6B-347,STRESS,2024-06-24T09:30:00+00:00,547.3169627214722,2024
R6B-347,STRESS,2024-06-27T12:10:00+00:00,551.3428684520062,2024
R6B-347,STRESS,2024-06-28T15:50:00+00:00,551.2035152169834,2024
R6B-347,STRESS,2024-07-02T08:05:00+00:00,550.0041749096081,2024
R6B-347,STRESS,2024-07-03T08:15:00+00:00,553.1581071148103,2024
R6B-347,STRESS,2024-07-04T09:30:00+00:00,551.6332792219803,2024
R6B-347,STRESS,2024-07-05T08:35:00+00:00,552.9871832851902,2024
R6B-347,STRESS,2024-07-09T08:05:00+00:00,551.7884400598166,2024
R6B-347,STRESS,2024-07-10T09:20:00+00:00,552.6207431941825,2024
R6B-347,STRESS,2024-07-11T10:45:00+00:00,552.9195674970096,2024
R6B-347,STRESS,2024-07-15T12:15:00+00:00,554.1131450352078,2024
R6B-347,STRESS,2024-07-16T09:55:00+00:00,557.1064764290495,2024
R6B-347,STRESS,2024-07-17T08:45:00+00:00,556.8394797020243,2024
R6B-347,STRESS,2024-07-18T09:15:00+00:00,557.1952001040966,2024
R6B-347,STRESS,2024-07-22T08:05:00+00:00,555.3029752643173,2024
R6B-347,STRESS,2024-07-23T09:25:00+00:00,555.5269121245377,2024
R6B-347,STRESS,2024-07-24T09:15:00+00:00,555.0758445271739,2024
R6B-347,STRESS,2024-07-26T09:35:00+00:00,555.9787326740367,2024
R6B-347,STRESS,2024-07-29T08:05:00+00:00,553.7709620752771,2024
R6B-347,STRESS,2024-07-30T11:55:00+00:00,553.9068073068389,2024
R6B-347,STRESS,2024-07-31T11:15:00+00:00,554.653679340267,2024
R6B-347,STRESS,2024-08-01T09:15:00+00:00,549.8678600933105,2024
R6B-347,STRESS,2024-08-02T08:30:00+00:00,552.8514187772225,2024
R6B-347,STRESS,2024-08-05T10:55:00+00:00,545.5639145158418,2024
R6B-347,STRESS,2024-08-06T08:45:00+00:00,544.6535074829173,2024
R6B-347,STRESS,2024-08-07T13:15:00+00:00,545.6844188639295,2024
R6B-347,STRESS,2024-08-08T11:45:00+00:00,549.2231321327376,2024
R6B-347,STRESS,2024-08-12T12:40:00+00:00,551.588777902684,2024
R6B-347,STRESS,2024-08-14T09:20:00+00:00,552.1573858316824,2024
R6B-347,STRESS,2024-08-15T08:35:00+00:00,552.7505266524502,2024
R6B-347,STRESS,2024-08-16T15:55:00+00:00,558.490906741972,2024
R6B-347,STRESS,2024-08-20T15:40:00+00:00,558.9316067036791,2024
R6B-347,STRESS,2024-08-21T10:10:00+00:00,555.3700203713844,2024
R6B-347,STRESS,2024-08-23T08:20:00+00:00,556.7155020412007,2024
R6B-347,STRESS,2024-08-26T08:05:00+00:00,558.1945020044584,2024
R6B-347,STRESS,2024-08-29T08:05:00+00:00,559.0281603088602,2024
R6B-347,STRESS,2024-08-30T14:30:00+00:00,555.7645694306722,2024
R6B-347,STRESS,2024-09-02T08:45:00+00:00,555.3286587857475,2024
R6B-347,STRESS,2024-09-03T15:20:00+00:00,550.2365647728093,2024
R6B-347,STRESS,2024-09-04T10:35:00+00:00,547.8566815000601,2024
R6B-347,STRESS,2024-09-05T09:25:00+00:00,551.0367000126545,2024
R6B-347,STRESS,2024-09-06T12:00:00+00:00,550.0835154042626,2024
R6B-347,STRESS,2024-09-09T11:45:00+00:00,549.2958507169964,2024
R6B-347,STRESS,2024-09-11T09:35:00+00:00,549.7180752030133,2024
R6B-347,STRESS,2024-09-12T11:55:00+00:00,550.022595145393,2024
R6B-347,STRESS,2024-09-13T08:45:00+00:00,550.8285032658682,2024
R6B-347,STRESS,2024-09-16T10:20:00+00:00,550.4494232563673,2024
R6B-347,STRESS,2024-09-17T10:15:00+00:00,547.5249564260005,2024
R6B-347,STRESS,2024-09-19T13:10:00+00:00,550.2826650423677,2024
R6B-347,STRESS,2024-09-20T10:35:00+00:00,553.6215158138162,2024
R6B-347,STRESS,2024-09-23T10:40:00+00:00,552.7537847055661,2024
R6B-347,STRESS,2024-09-24T11:20:00+00:00,552.1736479725254,2024
R6B-347,STRESS,2024-09-25T10:30:00+00:00,550.234116147813,2024
R6B-347,STRESS,2024-09-26T12:00:00+00:00,553.9045041536698,2024
R6B-347,STRESS,2024-09-30T08:05:00+00:00,550.6896548698327,2024
R6B-347,STRESS,2024-10-01T13:10:00+00:00,551.689728654029,2024
R6B-347,STRESS,2024-10-03T08:10:00+00:00,547.7613714658847,2024
R6B-347,STRESS,2024-10-04T10:25:00+00:00,547.1009638047071,2024
R6B-347,STRESS,2024-10-10T09:45:00+00:00,547.6717839954957,2024
R6B-347,STRESS,2024-10-11T10:00:00+00:00,547.1863742739902,2024
R6B-347,STRESS,2024-10-14T12:40:00+00:00,545.4171607834512,2024
R6B-347,STRESS,2024-10-16T10:00:00+00:00,547.4265629999243,2024
R6B-347,STRESS,2024-10-17T08:35:00+00:00,548.2285627262372,2024
R6B-347,STRESS,2024-10-18T08:20:00+00:00,549.4641312664155,2024
R6B-347,STRESS,2024-10-21T08:05:00+00:00,550.232887395954,2024
R6B-347,STRESS,2024-10-22T09:20:00+00:00,551.3542372694608,2024
R6B-347,STRESS,2024-10-23T13:35:00+00:00,547.8609479646385,2024
R6B-347,STRESS,2024-10-24T09:05:00+00:00,550.492894049681,2024
R6B-347,STRESS,2024-10-29T08:35:00+00:00,551.1542148228829,2024
R6B-347,STRESS,2024-10-30T08:10:00+00:00,551.8588266870141,2024
R6B-347,STRESS,2024-11-01T11:55:00+00:00,551.6373929894074,2024
R6B-347,STRESS,2024-11-04T11:15:00+00:00,550.2909352326533,2024
R6B-347,STRESS,2024-11-05T15:10:00+00:00,549.0918740490594,2024
R6B-347,STRESS,2024-11-06T09:45:00+00:00,542.6198334991486,2024
R6B-347,STRESS,2024-11-07T15:25:00+00:00,548.7496960202616,2024
R6B-347,STRESS,2024-11-12T09:50:00+00:00,541.7730902598456,2024
R6B-347,STRESS,2024-11-13T09:10:00+00:00,542.2910168083079,2024
R6B-347,STRESS,2024-11-18T08:50:00+00:00,544.0847396550901,2024
R6B-347,STRESS,2024-11-19T09:05:00+00:00,546.1798024723537,2024
R6B-347,STRESS,2024-11-20T08:10:00+00:00,542.6802083802457,2024
R6B-347,STRESS,2024-11-21T08:35:00+00:00,544.7229976857222,2024
R6B-347,STRESS,2024-11-22T09:05:00+00:00,548.2482279833395,2024
R6B-347,STRESS,2024-11-25T08:05:00+00:00,538.2259629139111,2024
R6B-347,STRESS,2024-11-26T09:35:00+00:00,536.0316509138621,2024
R6B-347,STRESS,2024-11-27T10:15:00+00:00,538.3273778537964,2024
R6B-347,STRESS,2024-11-29T09:25:00+00:00,541.229289161923,2024
R6B-347,STRESS,2024-12-03T14:15:00+00:00,542.1298639048747,2024
R6B-347,STRESS,2024-12-04T13:00:00+00:00,539.2982333241717,2024
R6B-347,STRESS,2024-12-05T13:35:00+00:00,537.8850558499545,2024
R6B-347,STRESS,2024-12-06T11:30:00+00:00,537.6393852080259,2024
R6B-347,STRESS,2024-12-09T09:15:00+00:00,539.0192603123903,2024
R6B-347,STRESS,2024-12-10T10:00:00+00:00,538.0362941400606,2024
R6B-347,STRESS,2024-12-11T08:35:00+00:00,536.6840041440247,2024
R6B-347,STRESS,2024-12-12T09:00:00+00:00,535.0219755498277,2024
R6B-347,STRESS,2024-12-13T09:05:00+00:00,531.5477194039104,2024
R6B-347,STRESS,2024-12-17T09:15:00+00:00,528.391044253109,2024
R6B-347,STRESS,2024-12-18T08:40:00+00:00,527.4302003346143,2024
R6B-347,STRESS,2024-12-19T15:30:00+00:00,521.0682221589855,2024
R6B-347,STRESS,2024-12-20T10:00:00+00:00,520.8233145841076,2024
R6B-347,STRESS,2024-12-23T13:35:00+00:00,518.1511787247825,2024
R6B-347,STRESS,2024-12-24T10:40:00+00:00,516.8912967731229,2024
R6B-347,STRESS,2024-12-26T08:35:00+00:00,517.3782465781136,2024
R6B-347,STRESS,2024-12-27T14:25:00+00:00,512.9346456269901,2024
R6B-347,STRESS,2024-12-30T08:05:00+00:00,510.9349425065439,2024
R6B-347,STRESS,2024-12-31T09:30:00+00:00,511.4103743928085,2024
R6B-347,STRESS,2025-01-02T08:45:00+00:00,512.7377820532655,2025
R6B-347,STRESS,2025-01-03T08:10:00+00:00,510.80956106108914,2025
R6B-347,STRESS,2025-01-06T09:00:00+00:00,508.06763635490313,2025
R6B-347,STRESS,2025-01-07T09:25:00+00:00,508.045883962849,2025
R6B-347,STRESS,2025-01-08T14:20:00+00:00,509.3541914202743,2025
R6B-347,STRESS,2025-01-09T14:45:00+00:00,510.6892197190488,2025
R6B-347,STRESS,2025-01-10T10:20:00+00:00,512.0372081777399,2025
R6B-347,STRESS,2025-01-14T08:45:00+00:00,512.0507700630257,2025
R6B-347,STRESS,2025-01-15T14:15:00+00:00,512.9239380116645,2025
R6B-347,STRESS,2025-01-16T09:10:00+00:00,512.4935238556614,2025
R6B-347,STRESS,2025-01-20T12:40:00+00:00,512.7869219303637,2025
R6B-347,STRESS,2025-01-21T09:30:00+00:00,514.1875381147763,2025
R6B-347,STRESS,2025-01-22T08:50:00+00:00,514.6270473531231,2025
R6B-347,STRESS,2025-01-24T08:45:00+00:00,516.4473763404986,2025
R6B-347,STRESS,2025-01-29T09:05:00+00:00,515.3073075239557,2025
R6B-347,STRESS,2025-01-30T08:30:00+00:00,516.9987846223968,2025
R6B-347,STRESS,2025-02-04T09:50:00+00:00,515.9644639527675,2025
R6B-347,STRESS,2025-02-05T08:35:00+00:00,518.671691753314,2025
R6B-347,STRESS,2025-02-07T08:05:00+00:00,519.2094505058886,2025
R6B-347,STRESS,2025-02-10T09:05:00+00:00,523.2038656487794,2025
R6B-347,STRESS,2025-02-11T08:50:00+00:00,520.8013570217175,2025
R6B-347,STRESS,2025-02-13T11:20:00+00:00,521.4107663591224,2025
R6B-347,STRESS,2025-02-14T09:10:00+00:00,521.6359305204857,2025
R6B-347,STRESS,2025-02-17T09:40:00+00:00,522.3385635626266,2025
R6B-347,STRESS,2025-02-18T10:40:00+00:00,523.1150157076673,2025
R6B-347,STRESS,2025-02-19T09:50:00+00:00,523.9467379773872,2025
R6B-347,STRESS,2025-02-20T08:10:00+00:00,525.9798331895972,2025
R6B-347,STRESS,2025-02-21T09:20:00+00:00,521.1088910247586,2025
R6B-347,STRESS,2025-02-26T08:05:00+00:00,519.7486934797136,2025
R6B-347,STRESS,2025-03-03T08:05:00+00:00,518.1811953574817,2025
R6B-347,STRESS,2025-03-04T15:30:00+00:00,519.0706384839923,2025
R6B-347,STRESS,2025-03-05T14:00:00+00:00,515.2486194300171,2025
R6B-347,STRESS,2025-03-06T09:55:00+00:00,509.2478278245574,2025
R6B-347,STRESS,2025-03-07T15:45:00+00:00,508.62682077450114,2025
R6B-347,STRESS,2025-03-11T10:10:00+00:00,511.6785238663026,2025
R6B-347,STRESS,2025-03-12T14:10:00+00:00,510.43355883407764,2025
R6B-347,STRESS,2025-03-13T09:05:00+00:00,510.1703048065314,2025
R6B-347,STRESS,2025-03-14T11:55:00+00:00,510.6788935183698,2025
R6B-347,STRESS,2025-03-18T09:30:00+00:00,513.4239247439237,2025
R6B-347,STRESS,2025-03-19T13:35:00+00:00,511.282175747732,2025
R6B-347,STRESS,2025-03-20T08:05:00+00:00,509.0688069263528,2025
R6B-347,STRESS,2025-03-24T08:05:00+00:00,508.18428076154083,2025
R6B-347,STRESS,2025-03-25T11:45:00+00:00,508.96746799805726,2025
R6B-347,STRESS,2025-03-26T09:55:00+00:00,507.71457769377946,2025
R6B-347,STRESS,2025-03-27T08:05:00+00:00,509.37489700093874,2025
R6B-347,STRESS,2025-03-28T08:10:00+00:00,511.6834601491135,2025
R6B-347,STRESS,2025-03-31T09:30:00+00:00,515.9817690592855,2025
R6B-347,STRESS,2025-04-01T08:50:00+00:00,516.1972317478129,2025
R6B-347,STRESS,2025-04-02T08:30:00+00:00,516.8658625548067,2025
R6B-347,STRESS,2025-04-07T09:40:00+00:00,513.0032615875818,2025
R6B-347,STRESS,2025-04-08T08:35:00+00:00,515.4889992940062,2025
R6B-347,STRESS,2025-04-09T09:35:00+00:00,524.1421815853696,2025
R6B-347,STRESS,2025-04-10T10:10:00+00:00,524.2990023924484,2025
R6B-347,STRESS,2025-04-11T08:25:00+00:00,527.7886350860907,2025
R6B-347,STRESS,2025-04-14T09:45:00+00:00,524.4010289715171,2025
R6B-347,STRESS,2025-04-15T09:15:00+00:00,525.7325355674261,2025
R6B-347,STRESS,2025-04-16T08:05:00+00:00,533.0125903520445,2025
R6B-347,STRESS,2025-04-21T08:05:00+00:00,537.8497301793972,2025
R6B-347,STRESS,2025-04-22T09:40:00+00:00,538.107910775806,2025
R6B-347,STRESS,2025-04-24T08:10:00+00:00,539.940169590142,2025
R6B-347,STRESS,2025-05-02T10:55:00+00:00,541.3697873037006,2025
R6B-347,STRESS,2025-05-05T08:05:00+00:00,543.9361610213522,2025
R6B-347,STRESS,2025-05-06T09:05:00+00:00,547.9854724349713,2025
R6B-347,STRESS,2025-05-08T09:55:00+00:00,536.9475285342897,2025
R6B-347,STRESS,2025-05-09T13:00:00+00:00,537.9329908350504,2025
R6B-347,STRESS,2025-05-13T08:10:00+00:00,540.180181231147,2025
R6B-347,STRESS,2025-05-19T08:05:00+00:00,538.704471164916,2025
R6B-347,STRESS,2025-05-21T13:55:00+00:00,535.5826619817673,2025
R6B-347,STRESS,2025-05-22T09:05:00+00:00,533.0250964213724,2025
R6B-347,STRESS,2025-05-23T08:35:00+00:00,535.5730849669591,2025
R6B-347,STRESS,2025-05-27T08:15:00+00:00,528.1051174067948,2025
R6B-347,STRESS,2025-05-28T08:10:00+00:00,528.9775617028363,2025
R6B-347,STRESS,2025-05-29T15:55:00+00:00,533.9507200757814,2025
R6B-347,STRESS,2025-06-02T08:05:00+00:00,540.545554753738,2025
R6B-347,STRESS,2025-06-04T09:25:00+00:00,539.9374244565213,2025
R6B-347,STRESS,2025-06-05T09:05:00+00:00,538.2350641240522,2025
R6B-347,STRESS,2025-06-06T08:05:00+00:00,537.1309684011617,2025
R6B-347,STRESS,2025-06-09T14:25:00+00:00,537.070741410947,2025
R6B-347,STRESS,2025-06-11T09:20:00+00:00,537.3614033563417,2025
R6B-347,STRESS,2025-06-13T08:05:00+00:00,539.4088594694904,2025
R6B-347,STRESS,2025-06-16T08:20:00+00:00,534.2567612802757,2025
R6B-347,STRESS,2025-06-25T08:10:00+00:00,534.4401172894411,2025
R6B-347,STRESS,2025-06-26T10:55:00+00:00,534.0576870116294,2025
R6B-347,STRESS,2025-06-30T10:10:00+00:00,534.3804701698577,2025
R6B-347,STRESS,2025-07-01T09:05:00+00:00,537.4956562164671,2025
R6B-347,STRESS,2025-07-04T09:25:00+00:00,537.8230414175983,2025
R6B-347,STRESS,2025-07-08T15:10:00+00:00,529.7431289360812,2025
R6B-347,STRESS,2025-07-10T08:45:00+00:00,529.8684610528322,2025
R6B-347,STRESS,2025-07-11T08:35:00+00:00,530.0744043453302,2025
R6B-347,STRESS,2025-07-14T08:05:00+00:00,530.4688843911699,2025
R6B-347,STRESS,2025-07-15T11:05:00+00:00,531.2370656268204,2025
R6B-347,STRESS,2025-07-16T09:20:00+00:00,531.881147107314,2025
R6B-347,STRESS,2025-07-18T15:25:00+00:00,532.6300559900521,2025
R6B-347,STRESS,2025-07-21T09:10:00+00:00,533.309310395149,2025
R6B-347,STRESS,2025-07-23T08:25:00+00:00,531.126645717457,2025
R6B-347,STRESS,2025-07-28T11:50:00+00:00,530.277636004351,2025
R6B-347,STRESS,2025-07-29T09:45:00+00:00,530.7079786248477,2025
R6B-347,STRESS,2025-07-30T08:50:00+00:00,530.2728108444103,2025
R6B-347,STRESS,2025-07-31T11:00:00+00:00,529.6054971671489,2025
R6B-347,STRESS,2025-08-01T13:55:00+00:00,536.2323642794806,2025
R6B-347,STRESS,2025-08-06T08:30:00+00:00,532.8386304319744,2025
R6B-347,STRESS,2025-08-07T09:35:00+00:00,531.6442833592273,2025
R6B-347,STRESS,2025-08-13T14:20:00+00:00,532.8933527058246,2025
R6B-347,STRESS,2025-08-14T08:05:00+00:00,529.1731491995862,2025
R6B-347,STRESS,2025-08-15T11:35:00+00:00,528.4284885177475,2025
R6B-347,STRESS,2025-08-18T09:55:00+00:00,528.2449309661877,2025
R6B-347,STRESS,2025-08-19T08:15:00+00:00,527.879755413492,2025
R6B-347,STRESS,2025-08-20T12:10:00+00:00,529.8685832022952,2025
R6B-347,STRESS,2025-08-26T08:25:00+00:00,529.0429186314401,2025
R6B-347,STRESS,2025-09-01T10:00:00+00:00,530.4374211764242,2025
R6B-347,STRESS,2025-09-02T08:35:00+00:00,529.0320480967612,2025
R6B-347,STRESS,2025-09-03T08:25:00+00:00,527.693179314135,2025
R6B-347,STRESS,2025-09-05T11:35:00+00:00,525.9949554325854,2025
R6B-347,STRESS,2025-09-08T14:45:00+00:00,531.1202548872337,2025
R6B-347,STRESS,2025-09-09T09:20:00+00:00,532.4490572174974,2025
R6B-347,STRESS,2025-09-10T12:55:00+00:00,532.0148387378024,2025
R6B-347,STRESS,2025-09-12T09:05:00+00:00,531.8727815718138,2025
R6B-347,STRESS,2025-09-16T09:00:00+00:00,532.517090316848,2025
R6B-347,STRESS,2025-09-19T09:10:00+00:00,533.0642233626937,2025
R6B-347,STRESS,2025-09-22T08:05:00+00:00,536.8822147656733,2025
R6B-347,STRESS,2025-09-23T09:10:00+00:00,540.5342949378863,2025
R6B-347,STRESS,2025-09-24T13:25:00+00:00,539.7705727877695,2025
R6B-347,STRESS,2025-09-25T08:05:00+00:00,540.5976904101312,2025
R6B-347,STRESS,2025-09-29T08:55:00+00:00,544.6752566346671,2025
R6B-347,STRESS,2025-09-30T08:05:00+00:00,545.3990135078454,2025
R6B-347,STRESS,2025-10-01T08:05:00+00:00,547.7142904273666,2025
R6B-347,STRESS,2025-10-02T14:15:00+00:00,547.148035955393,2025
R6B-347,STRESS,2025-10-03T15:45:00+00:00,549.7967544143112,2025
R6B-347,STRESS,2025-10-06T08:05:00+00:00,554.9496212847162,2025
R6B-347,STRESS,2025-10-08T08:05:00+00:00,559.823390593835,2025
R6B-347,STRESS,2025-10-13T08:05:00+00:00,564.9727159210646,2025
R6B-347,STRESS,2025-10-14T09:15:00+00:00,564.4825200780143,2025
R6B-347,STRESS,2025-10-15T08:15:00+00:00,569.9604439573271,2025
R6B-347,STRESS,2025-10-16T08:20:00+00:00,571.5117309746975,2025
R6B-347,STRESS,2025-10-20T09:15:00+00:00,570.6739203884333,2025
R6B-347,STRESS,2025-10-22T11:45:00+00:00,554.0709784791267,2025
R6B-347,STRESS,2025-10-23T14:05:00+00:00,556.7325477360816,2025
R6B-347,STRESS,2025-10-28T09:05:00+00:00,540.3500835234722,2025
R6B-347,STRESS,2025-10-29T08:40:00+00:00,544.2729482755036,2025
R6B-347,STRESS,2025-10-30T12:35:00+00:00,544.1411233021165,2025
R6B-347,STRESS,2025-11-03T11:05:00+00:00,542.4119394203188,2025
R6B-347,STRESS,2025-11-05T11:05:00+00:00,544.2024144594949,2025
R6B-347,STRESS,2025-11-06T15:00:00+00:00,543.9413443179732,2025
R6B-347,STRESS,2025-11-07T09:10:00+00:00,545.2053312644505,2025
R6B-347,STRESS,2025-11-10T08:50:00+00:00,552.5765352074225,2025
R6B-347,STRESS,2025-11-11T08:30:00+00:00,553.3639337893476,2025
R6B-347,STRESS,2025-11-13T12:00:00+00:00,555.1639181337051,2025
R6B-347,STRESS,2025-11-14T10:50:00+00:00,549.8916867136427,2025
R6B-347,STRESS,2025-11-19T13:20:00+00:00,551.6987893540402,2025
R6B-347,STRESS,2025-11-25T10:20:00+00:00,550.2715164690326,2025
R6B-347,STRESS,2025-11-26T10:20:00+00:00,550.5974242500614,2025
R6B-347,STRESS,2025-11-28T08:05:00+00:00,549.6676428635977,2025
R6B-347,STRESS,2025-12-01T09:30:00+00:00,550.8090019029563,2025
R6B-347,STRESS,2025-12-03T09:10:00+00:00,547.707195730302,2025
R6B-347,STRESS,2025-12-05T12:10:00+00:00,549.009360182676,2025
R6B-347,STRESS,2025-12-08T13:35:00+00:00,547.0920065464612,2025
R6B-347,STRESS,2025-12-10T09:20:00+00:00,543.9371645682486,2025
R6B-347,STRESS,2025-12-11T08:15:00+00:00,539.881630069826,2025
R6B-347,STRESS,2025-12-12T15:10:00+00:00,546.8174792809713,2025
R6B-347,STRESS,2025-12-15T09:05:00+00:00,550.493337230423,2025
R6B-347,STRESS,2025-12-17T09:35:00+00:00,549.7622225573078,2025
R6B-347,STRESS,2025-12-22T08:05:00+00:00,555.6581942612996,2025
R6B-347,STRESS,2025-12-23T08:10:00+00:00,558.1837365229167,2025
R6B-347,STRESS,2025-12-24T08:05:00+00:00,553.9923650191384,2025
R6B-347,STRESS,2025-12-26T08:10:00+00:00,554.7182207049921,2025
R6B-347,STRESS,2025-12-30T08:20:00+00:00,556.6087102460004,2025
R6B-307,E1,2004-11-09T08:35:00+00:00,10009.549649149281,2004
R6B-307,E1,2004-11-16T11:50:00+00:00,10016.273669162812,2004
R6B-307,E1,2004-11-17T10:25:00+00:00,10097.409083414312,2004
R6B-307,E1,2004-11-19T10:45:00+00:00,10106.104421010803,2004
R6B-307,E1,2004-11-22T10:15:00+00:00,10089.818362958182,2004
R6B-307,E1,2004-11-24T10:55:00+00:00,10103.421380772086,2004
R6B-307,E1,2004-11-26T04:20:00+00:00,10108.525404827753,2004
R6B-307,E1,2004-11-26T10:35:00+00:00,10048.956593328337,2004
R6B-307,E1,2004-12-02T11:55:00+00:00,10006.405475895826,2004
R6B-307,E1,2004-12-03T08:30:00+00:00,10012.579717734927,2004
R6B-307,E1,2004-12-13T04:50:00+00:00,10015.667684911015,2004
R6B-307,E1,2004-12-13T11:55:00+00:00,10010.877657196323,2004
R6B-307,E1,2004-12-15T08:25:00+00:00,10032.897953497499,2004
R6B-307,E1,2004-12-16T07:20:00+00:00,10033.69747784919,2004
R6B-307,E1,2004-12-17T09:50:00+00:00,10022.756233103833,2004
R6B-307,E1,2004-12-20T08:55:00+00:00,10008.116353208781,2004
R6B-307,E1,2004-12-22T11:50:00+00:00,9997.448094826846,2004
R6B-307,E1,2004-12-23T09:00:00+00:00,10008.490695073402,2004
R6B-307,E1,2004-12-24T08:00:00+00:00,9984.341448130972,2004
R6B-307,E1,2004-12-27T08:55:00+00:00,9957.586131035889,2004
R6B-307,E1,2004-12-29T11:15:00+00:00,9936.081668622657,2004
R6B-307,E1,2004-12-31T10:45:00+00:00,9920.72702664,2004
R6B-307,E1,2005-01-06T06:05:00+00:00,9913.38750003118,2005
R6B-307,E1,2005-01-10T04:05:00+00:00,9906.13907090126,2005
R6B-307,E1,2005-01-11T05:15:00+00:00,9908.07932443879,2005
R6B-307,E1,2005-01-11T10:25:00+00:00,9910.18247069534,2005
R6B-307,E1,2005-01-12T10:35:00+00:00,9874.317941365789,2005
R6B-307,E1,2005-01-18T07:55:00+00:00,9834.113664562477,2005
R6B-307,E1,2005-01-19T11:45:00+00:00,9866.273730270483,2005
R6B-307,E1,2005-01-21T11:45:00+00:00,9870.367982408881,2005
R6B-307,E1,2005-01-27T10:15:00+00:00,9826.214412875022,2005
R6B-307,E1,2005-01-28T04:10:00+00:00,9838.666130539243,2005
R6B-307,E1,2005-02-07T05:45:00+00:00,9822.330791346552,2005
R6B-307,E1,2005-02-09T10:35:00+00:00,9815.24026193791,2005
R6B-307,E1,2005-02-10T04:40:00+00:00,9808.06890430139,2005
R6B-307,E1,2005-02-11T07:35:00+00:00,9771.682698625378,2005
R6B-307,E1,2005-02-14T05:05:00+00:00,9785.33525105371,2005
R6B-307,E1,2005-02-17T11:55:00+00:00,9820.26025796188,2005
R6B-307,E1,2005-02-18T11:00:00+00:00,9806.452628726009,2005
R6B-307,E1,2005-02-22T10:25:00+00:00,9826.68627049807,2005
R6B-307,E1,2005-02-24T08:35:00+00:00,9822.821617267318,2005
R6B-307,E1,2005-02-28T04:40:00+00:00,9831.899707872173,2005
R6B-307,E1,2005-03-08T11:50:00+00:00,9823.874821831361,2005
R6B-307,E1,2005-03-09T11:50:00+00:00,9831.207186872727,2005
R6B-307,E1,2005-03-15T10:20:00+00:00,9820.203182109444,2005
R6B-307,E1,2005-03-16T11:30:00+00:00,9811.989924443813,2005
R6B-307,E1,2005-03-23T11:00:00+00:00,9775.021508033678,2005
R6B-307,E1,2005-03-24T07:45:00+00:00,9786.840652337822,2005
R6B-307,E1,2005-03-25T10:05:00+00:00,9789.0313313035,2005
R6B-307,E1,2005-03-28T04:30:00+00:00,9754.001752106416,2005
R6B-307,E1,2005-03-29T04:55:00+00:00,9741.039578411646,2005
R6B-307,E1,2005-03-29T11:20:00+00:00,9744.06804202469,2005
R6B-307,E1,2005-03-30T11:45:00+00:00,9724.40972962976,2005
R6B-307,E1,2005-03-31T11:55:00+00:00,9740.549477016188,2005
R6B-307,E1,2005-04-04T04:40:00+00:00,9739.902542439133,2005
R6B-307,E1,2005-04-07T09:55:00+00:00,9713.112338511199,2005
R6B-307,E1,2005-04-11T11:20:00+00:00,9728.802874063627,2005
R6B-307,E1,2005-04-12T06:40:00+00:00,9728.244176706417,2005
R6B-307,E1,2005-04-12T10:50:00+00:00,9715.849282786916,2005
R6B-307,E1,2005-04-18T11:35:00+00:00,9716.30791672301,2005
R6B-307,E1,2005-04-19T10:35:00+00:00,9689.446769397242,2005
R6B-307,E1,2005-04-21T09:00:00+00:00,9660.506555316717,2005
R6B-307,E1,2005-04-22T10:20:00+00:00,9666.602343143411,2005
R6B-307,E1,2005-04-25T10:15:00+00:00,9621.91438292127,2005
R6B-307,E1,2005-04-28T10:30:00+00:00,9587.339989512338,2005
R6B-307,E1,2005-04-29T10:30:00+00:00,9624.114011882693,2005
R6B-307,E1,2005-05-02T10:25:00+00:00,9571.208423239186,2005
R6B-307,E1,2005-05-05T10:25:00+00:00,9556.36380468994,2005
R6B-307,E1,2005-05-06T04:20:00+00:00,9549.186436377615,2005
R6B-307,E1,2005-05-10T05:10:00+00:00,9548.909318771759,2005
R6B-307,E1,2005-05-11T05:45:00+00:00,9561.968428888615,2005
R6B-307,E1,2005-05-11T09:55:00+00:00,9566.668069799318,2005
R6B-307,E1,2005-05-17T04:05:00+00:00,9563.892388073229,2005
R6B-307,E1,2005-05-19T04:45:00+00:00,9579.024481148086,2005
R6B-307,E1,2005-05-24T04:15:00+00:00,9551.276678527598,2005
R6B-307,E1,2005-05-24T11:00:00+00:00,9578.331878257777,2005
R6B-307,E1,2005-05-27T05:45:00+00:00,9574.366448860179,2005
R6B-307,E1,2005-06-03T09:55:00+00:00,9572.510192464759,2005
R6B-307,E1,2005-06-06T08:00:00+00:00,9596.489794669502,2005
R6B-307,E1,2005-06-07T10:25:00+00:00,9586.59728822859,2005
R6B-307,E1,2005-06-08T11:00:00+00:00,9562.514628890183,2005
R6B-307,E1,2005-06-17T04:20:00+00:00,9557.722297108616,2005
R6B-307,E1,2005-06-20T08:25:00+00:00,9583.679662033,2005
R6B-307,E1,2005-06-22T07:45:00+00:00,9559.004567553733,2005
R6B-307,E1,2005-06-24T08:30:00+00:00,9591.736750030193,2005
R6B-307,E1,2005-06-30T07:00:00+00:00,9568.282433721322,2005
R6B-307,E1,2005-07-04T04:05:00+00:00,9512.777313799732,2005
R6B-307,E1,2005-07-06T04:05:00+00:00,9493.589462018625,2005
R6B-307,E1,2005-07-06T09:05:00+00:00,9496.836096713369,2005
R6B-307,E1,2005-07-07T08:40:00+00:00,9512.128687806262,2005
R6B-307,E1,2005-07-11T07:55:00+00:00,9499.84767360697,2005
R6B-307,E1,2005-07-12T07:45:00+00:00,9502.929962775626,2005
R6B-307,E1,2005-07-15T08:15:00+00:00,9486.858140346767,2005
R6B-307,E1,2005-07-18T10:35:00+00:00,9468.066442738897,2005
R6B-307,E1,2005-07-19T08:00:00+00:00,9402.094296099014,2005
R6B-307,E1,2005-07-22T04:45:00+00:00,9397.141542403017,2005
R6B-307,E1,2005-07-25T04:35:00+00:00,9389.979125081121,2005
R6B-307,E1,2005-08-01T11:45:00+00:00,9386.549060382045,2005
R6B-307,E1,2005-08-05T10:25:00+00:00,9381.011070315555,2005
R6B-307,E1,2005-08-09T10:50:00+00:00,9336.119789527482,2005
R6B-307,E1,2005-08-10T07:55:00+00:00,9324.00782508151,2005
R6B-307,E1,2005-08-11T05:00:00+00:00,9341.63066692717,2005
R6B-307,E1,2005-08-12T10:55:00+00:00,9342.40293270638,2005
R6B-307,E1,2005-08-22T11:20:00+00:00,9354.479286309153,2005
R6B-307,E1,2005-08-23T07:55:00+00:00,9361.261494861223,2005
R6B-307,E1,2005-08-25T07:35:00+00:00,9381.397356414376,2005
R6B-307,E1,2005-08-26T11:25:00+00:00,9363.844243687461,2005
R6B-307,E1,2005-08-29T04:10:00+00:00,9356.1743903195,2005
R6B-307,E1,2005-08-31T08:25:00+00:00,9346.635800917556,2005
R6B-307,E1,2005-09-01T09:05:00+00:00,9335.87359107188,2005
R6B-307,E1,2005-09-02T10:15:00+00:00,9377.940800242,2005
R6B-307,E1,2005-09-05T06:00:00+00:00,9382.546678811605,2005
R6B-307,E1,2005-09-07T11:00:00+00:00,9351.799151702164,2005
R6B-307,E1,2005-09-12T04:05:00+00:00,9329.658229261338,2005
R6B-307,E1,2005-09-14T04:05:00+00:00,9324.833967751587,2005
R6B-307,E1,2005-09-14T11:55:00+00:00,9343.696535823286,2005
R6B-307,E1,2005-09-16T08:35:00+00:00,9353.151483247895,2005
R6B-307,E1,2005-09-20T11:25:00+00:00,9353.5016244054,2005
R6B-307,E1,2005-09-21T04:05:00+00:00,9314.490732458647,2005
R6B-307,E1,2005-09-21T11:25:00+00:00,9258.120905178193,2005
R6B-307,E1,2005-09-22T04:30:00+00:00,9295.63215550307,2005
R6B-307,E1,2005-10-04T07:05:00+00:00,9306.65427140684,2005
R6B-307,E1,2005-10-06T08:30:00+00:00,9306.09791101142,2005
R6B-307,E1,2005-10-10T09:40:00+00:00,9354.578161335634,2005
R6B-307,E1,2005-10-11T07:55:00+00:00,9322.193372401309,2005
R6B-307,E1,2005-10-12T08:00:00+00:00,9371.09824699394,2005
R6B-307,E1,2005-10-17T04:15:00+00:00,9402.464660492542,2005
R6B-307,E1,2005-10-21T04:50:00+00:00,9391.05141346886,2005
R6B-307,E1,2005-10-21T10:40:00+00:00,9409.77394631757,2005
R6B-307,E1,2005-10-26T10:15:00+00:00,9382.914133086371,2005
R6B-307,E1,2005-10-27T07:45:00+00:00,9381.96489143285,2005
R6B-307,E1,2005-11-03T07:45:00+00:00,9377.210674782174,2005
R6B-307,E1,2005-11-04T04:15:00+00:00,9374.956107554252,2005
R6B-307,E1,2005-11-09T05:50:00+00:00,9394.989624071088,2005
R6B-307,E1,2005-11-09T10:15:00+00:00,9388.211213966162,2005
R6B-307,E1,2005-11-14T07:50:00+00:00,9409.009446672377,2005
R6B-307,E1,2005-11-15T11:10:00+00:00,9398.490162643331,2005
R6B-307,E1,2005-11-16T05:40:00+00:00,9423.234805011381,2005
R6B-307,E1,2005-11-17T04:05:00+00:00,9461.673785857027,2005
R6B-307,E1,2005-11-18T10:25:00+00:00,9463.708092027875,2005
R6B-307,E1,2005-11-21T09:05:00+00:00,9504.059413940295,2005
R6B-307,E1,2005-11-22T04:15:00+00:00,9520.320383497996,2005
R6B-307,E1,2005-11-24T04:15:00+00:00,9519.756338966637,2005
R6B-307,E1,2005-11-25T04:05:00+00:00,9524.669829251505,2005
R6B-307,E1,2005-11-28T04:05:00+00:00,9540.66608355672,2005
R6B-307,E1,2005-11-29T04:30:00+00:00,9574.429463962117,2005
R6B-307,E1,2005-12-05T04:15:00+00:00,9591.002423203161,2005
R6B-307,E1,2005-12-05T08:40:00+00:00,9565.819369280094,2005
R6B-307,E1,2005-12-06T04:05:00+00:00,9516.924141982143,2005
R6B-307,E1,2005-12-07T10:35:00+00:00,9484.852269505915,2005
R6B-307,E1,2005-12-08T04:40:00+00:00,9509.25131544138,2005
R6B-307,E1,2005-12-09T04:10:00+00:00,9511.228280139212,2005
R6B-307,E1,2005-12-12T04:15:00+00:00,9564.166252706726,2005
R6B-307,E1,2005-12-12T08:30:00+00:00,9606.825872561898,2005
R6B-307,E1,2005-12-19T07:50:00+00:00,9677.676431523416,2005
R6B-307,E1,2005-12-19T12:00:00+00:00,9666.815971003303,2005
R6B-307,E1,2005-12-21T11:25:00+00:00,9687.036453863839,2005
R6B-307,E1,2005-12-22T04:15:00+00:00,9673.762218892187,2005
R6B-307,E1,2005-12-27T04:10:00+00:00,9695.072755879826,2005
R6B-307,E1,2005-12-27T08:15:00+00:00,9686.613136314983,2005
R6B-307,E1,2005-12-28T04:10:00+00:00,9714.098840731373,2005
R6B-307,E1,2005-12-29T11:50:00+00:00,9718.13498596981,2005
R6B-307,E1,2006-01-03T04:05:00+00:00,9741.009121215093,2006
R6B-307,E1,2006-01-04T04:10:00+00:00,9704.917653807857,2006
R6B-307,E1,2006-01-06T08:10:00+00:00,9758.104479876372,2006
R6B-307,E1,2006-01-09T04:45:00+00:00,9780.880431241152,2006
R6B-307,E1,2006-01-16T10:30:00+00:00,9805.681472895949,2006
R6B-307,E1,2006-01-17T04:30:00+00:00,9815.107622698319,2006
R6B-307,E1,2006-01-19T06:00:00+00:00,9871.130313785357,2006
R6B-307,E1,2006-01-20T04:05:00+00:00,9783.857779392232,2006
R6B-307,E1,2006-01-30T04:30:00+00:00,9808.789849002984,2006
R6B-307,E1,2006-01-31T04:30:00+00:00,9808.001184772706,2006
R6B-307,E1,2006-02-02T08:05:00+00:00,9821.374518177217,2006
R6B-307,E1,2006-02-06T05:40:00+00:00,9834.879608952127,2006
R6B-307,E1,2006-02-07T08:45:00+00:00,9820.603355922449,2006
R6B-307,E1,2006-02-09T04:10:00+00:00,9917.141663313581,2006
R6B-307,E1,2006-02-10T04:05:00+00:00,9802.578037907564,2006
R6B-307,E1,2006-02-16T11:25:00+00:00,9809.650217239228,2006
R6B-307,E1,2006-02-20T11:25:00+00:00,9839.107861909833,2006
R6B-307,E1,2006-02-21T04:15:00+00:00,9770.20213928092,2006
R6B-307,E1,2006-02-24T08:30:00+00:00,9785.225071472507,2006
R6B-307,E1,2006-02-28T08:05:00+00:00,9785.18251928286,2006
R6B-307,E1,2006-03-02T10:25:00+00:00,9779.290973955956,2006
R6B-307,E1,2006-03-06T08:15:00+00:00,9781.85252700833,2006
R6B-307,E1,2006-03-07T05:40:00+00:00,9764.693999446838,2006
R6B-307,E1,2006-03-09T09:45:00+00:00,9802.18492794251,2006
R6B-307,E1,2006-03-13T05:00:00+00:00,9831.209393783805,2006
R6B-307,E1,2006-03-20T10:20:00+00:00,9784.028704115679,2006
R6B-307,E1,2006-03-27T08:50:00+00:00,9817.118017884037,2006
R6B-307,E1,2006-03-30T10:25:00+00:00,9866.72218132887,2006
R6B-307,E1,2006-04-03T07:55:00+00:00,9841.703804976802,2006
R6B-307,E1,2006-04-06T09:25:00+00:00,9916.451768862427,2006
R6B-307,E1,2006-04-07T04:35:00+00:00,9906.25806696445,2006
R6B-307,E1,2006-04-10T04:05:00+00:00,9937.657810232664,2006
R6B-307,E1,2006-04-10T09:55:00+00:00,9984.026146973774,2006
R6B-307,E1,2006-04-11T06:20:00+00:00,10019.677280681959,2006
R6B-307,E1,2006-04-12T05:10:00+00:00,10005.809548017967,2006
R6B-307,E1,2006-04-14T04:30:00+00:00,10012.764694094923,2006
R6B-307,E1,2006-04-14T10:25:00+00:00,9990.603145334397,2006
R6B-307,E1,2006-04-17T04:05:00+00:00,10054.087743824428,2006
R6B-307,E1,2006-04-18T06:25:00+00:00,10021.41831288524,2006
R6B-307,E1,2006-04-20T11:20:00+00:00,9980.703634884976,2006
R6B-307,E1,2006-04-21T11:25:00+00:00,10028.176940953697,2006
R6B-307,E1,2006-04-24T04:05:00+00:00,9890.242595919899,2006
R6B-307,E1,2006-04-25T11:45:00+00:00,9903.895920344441,2006
R6B-307,E1,2006-04-26T10:10:00+00:00,9903.864948382254,2006
R6B-307,E1,2006-04-27T04:05:00+00:00,9806.137754657188,2006
R6B-307,E1,2006-04-28T09:45:00+00:00,9797.418544262702,2006
R6B-307,E1,2006-05-01T06:35:00+00:00,9865.409131930854,2006
R6B-307,E1,2006-05-03T10:40:00+00:00,9914.6353334724,2006
R6B-307,E1,2006-05-05T10:15:00+00:00,9932.68143708407,2006
R6B-307,E1,2006-05-08T04:05:00+00:00,9869.981974786253,2006
R6B-307,E1,2006-05-09T04:05:00+00:00,9860.911204352615,2006
R6B-307,E1,2006-05-10T09:20:00+00:00,9877.924799973225,2006
R6B-307,E1,2006-05-11T08:40:00+00:00,9852.298814166239,2006
R6B-307,E1,2006-05-12T11:10:00+00:00,9934.852646957366,2006
R6B-307,E1,2006-05-15T04:30:00+00:00,9904.717713738535,2006
R6B-307,E1,2006-05-16T05:05:00+00:00,9884.018118159811,2006
R6B-307,E1,2006-05-17T04:10:00+00:00,10061.17418850592,2006
R6B-307,E1,2006-05-17T11:45:00+00:00,10096.818995857664,2006
R6B-307,E1,2006-05-19T10:35:00+00:00,10002.074868708742,2006
R6B-307,E1,2006-05-22T04:20:00+00:00,9884.374364970063,2006
R6B-307,E1,2006-05-23T04:05:00+00:00,9854.201388060068,2006
R6B-307,E1,2006-05-24T10:55:00+00:00,9775.947168701394,2006
R6B-307,E1,2006-05-25T11:00:00+00:00,9776.070174398483,2006
R6B-307,E1,2006-05-26T04:05:00+00:00,9770.506750296567,2006
R6B-307,E1,2006-05-30T10:40:00+00:00,9765.262535237076,2006
R6B-307,E1,2006-05-31T08:50:00+00:00,9756.77709980733,2006
R6B-307,E1,2006-06-05T04:05:00+00:00,9753.088269708198,2006
R6B-307,E1,2006-06-14T11:50:00+00:00,9751.157251123097,2006
R6B-307,E1,2006-06-15T08:15:00+00:00,9945.590910214954,2006
R6B-307,E1,2006-06-16T04:10:00+00:00,10021.225666485643,2006
R6B-307,E1,2006-06-20T09:50:00+00:00,10096.664416510179,2006
R6B-307,E1,2006-06-22T05:40:00+00:00,10101.431021029086,2006
R6B-307,E1,2006-06-22T11:00:00+00:00,10027.396929817103,2006
R6B-307,E1,2006-06-23T05:25:00+00:00,9972.586572547432,2006
R6B-307,E1,2006-06-27T04:20:00+00:00,10035.337355207334,2006
R6B-307,E1,2006-06-29T04:20:00+00:00,10017.348724943944,2006
R6B-307,E1,2006-06-30T08:55:00+00:00,9980.0489215031,2006
R6B-307,E1,2006-07-03T04:15:00+00:00,9983.171034702335,2006
R6B-307,E1,2006-07-05T04:05:00+00:00,9927.676985580316,2006
R6B-307,E1,2006-07-10T07:10:00+00:00,9884.5298787092,2006
R6B-307,E1,2006-07-11T06:00:00+00:00,9894.460447363543,2006
R6B-307,E1,2006-07-13T11:20:00+00:00,9896.098413998427,2006
R6B-307,E1,2006-07-17T04:05:00+00:00,9939.082203855714,2006
R6B-307,E1,2006-07-17T10:15:00+00:00,9839.504383501657,2006
R6B-307,E1,2006-07-18T05:55:00+00:00,9851.55581804922,2006
R6B-307,E1,2006-07-25T04:05:00+00:00,9850.667721097927,2006
R6B-307,E1,2006-07-25T10:05:00+00:00,9831.810165510142,2006
R6B-307,E1,2006-07-27T10:30:00+00:00,9902.488676339042,2006
R6B-307,E1,2006-07-28T04:05:00+00:00,9806.804843567837,2006
R6B-307,E1,2006-07-31T04:05:00+00:00,9759.7188500493,2006
R6B-307,E1,2006-08-01T04:10:00+00:00,9727.927205689724,2006
R6B-307,E1,2006-08-02T05:20:00+00:00,9731.028881552973,2006
R6B-307,E1,2006-08-02T11:40:00+00:00,9677.201673051079,2006
R6B-307,E1,2006-08-07T07:50:00+00:00,9679.73962839169,2006
R6B-307,E1,2006-08-09T11:45:00+00:00,9755.334244258896,2006
R6B-307,E1,2006-08-10T09:45:00+00:00,9725.803330185781,2006
R6B-307,E1,2006-08-11T04:15:00+00:00,9768.597917781042,2006
R6B-307,E1,2006-08-11T08:15:00+00:00,9759.451674490083,2006
R6B-307,E1,2006-08-16T04:05:00+00:00,9745.1480916214,2006
R6B-307,E1,2006-08-16T11:20:00+00:00,9734.87545276609,2006
R6B-307,E1,2006-08-17T07:55:00+00:00,9748.286590202613,2006
R6B-307,E1,2006-08-18T11:50:00+00:00,9739.70022484007,2006
R6B-307,E1,2006-08-21T05:00:00+00:00,9781.082835222394,2006
R6B-307,E1,2006-08-21T09:50:00+00:00,9785.367286158229,2006
R6B-307,E1,2006-08-24T09:20:00+00:00,9791.454501232376,2006
R6B-307,E1,2006-08-25T11:20:00+00:00,9789.351482056994,2006
R6B-307,E1,2006-08-29T04:10:00+00:00,9809.023804556058,2006
R6B-307,E1,2006-08-30T08:00:00+00:00,9790.283625858485,2006
R6B-307,E1,2006-08-31T08:25:00+00:00,9815.880494715717,2006
R6B-307,E1,2006-09-05T08:00:00+00:00,9804.804351790168,2006
R6B-307,E1,2006-09-07T11:10:00+00:00,9760.248291913982,2006
R6B-307,E1,2006-09-08T07:10:00+00:00,9722.294868774496,2006
R6B-307,E1,2006-09-12T06:15:00+00:00,9769.47159654965,2006
R6B-307,E1,2006-09-14T09:20:00+00:00,9788.92138496509,2006
R6B-307,E1,2006-09-15T08:15:00+00:00,9767.239638920277,2006
R6B-307,E1,2006-09-20T11:10:00+00:00,9744.239690868344,2006
R6B-307,E1,2006-09-21T07:50:00+00:00,9754.631557226598,2006
R6B-307,E1,2006-09-22T04:30:00+00:00,9740.877675740781,2006
R6B-307,E1,2006-09-22T11:45:00+00:00,9769.315605834929,2006
R6B-307,E1,2006-09-25T09:30:00+00:00,9735.77429794021,2006
R6B-307,E1,2006-09-26T04:20:00+00:00,9719.387406303184,2006
R6B-307,E1,2006-09-27T08:25:00+00:00,9736.681999576844,2006
R6B-307,E1,2006-09-28T04:35:00+00:00,9707.383306144751,2006
R6B-307,E1,2006-09-29T08:00:00+00:00,9691.169279349024,2006
R6B-307,E1,2006-10-02T04:05:00+00:00,9703.696532346767,2006
R6B-307,E1,2006-10-02T09:45:00+00:00,9686.577785036017,2006
R6B-307,E1,2006-10-03T07:45:00+00:00,9664.509579898548,2006
R6B-307,E1,2006-10-04T10:25:00+00:00,9665.197962507762,2006
R6B-307,E1,2006-10-05T04:30:00+00:00,9655.118980915646,2006
R6B-307,E1,2006-10-09T04:05:00+00:00,9727.042104194923,2006
R6B-307,E1,2006-10-09T12:00:00+00:00,9656.549381211049,2006
R6B-307,E1,2006-10-10T05:45:00+00:00,9608.365220312367,2006
R6B-307,E1,2006-10-10T11:15:00+00:00,9504.90547751064,2006
R6B-307,E1,2006-10-12T10:35:00+00:00,9508.36270474816,2006
R6B-307,E1,2006-10-16T04:05:00+00:00,9482.348451621583,2006
R6B-307,E1,2006-10-18T05:50:00+00:00,9485.837510788651,2006
R6B-307,E1,2006-10-18T11:50:00+00:00,9465.88290599362,2006
R6B-307,E1,2006-10-19T12:00:00+00:00,9450.074376591163,2006
R6B-307,E1,2006-10-20T11:10:00+00:00,9372.26434192603,2006
R6B-307,E1,2006-10-26T04:30:00+00:00,9355.921331307609,2006
R6B-307,E1,2006-10-26T11:10:00+00:00,9321.195024958257,2006
R6B-307,E1,2006-10-30T04:45:00+00:00,9349.059238559203,2006
R6B-307,E1,2006-11-01T04:50:00+00:00,9335.206231187922,2006
R6B-307,E1,2006-11-06T04:20:00+00:00,9319.564650859855,2006
R6B-307,E1,2006-11-07T08:35:00+00:00,9282.70014531834,2006
R6B-307,E1,2006-11-08T07:50:00+00:00,9261.094369279666,2006
R6B-307,E1,2006-11-09T07:05:00+00:00,9263.792795156034,2006
R6B-307,E1,2006-11-13T04:45:00+00:00,9283.697464656321,2006
R6B-307,E1,2006-11-24T04:35:00+00:00,9292.074732859082,2006
R6B-307,E1,2006-11-27T04:05:00+00:00,9294.101497353662,2006
R6B-307,E1,2006-11-29T05:05:00+00:00,9258.887248712357,2006
R6B-307,E1,2006-12-05T04:35:00+00:00,9234.787522942976,2006
R6B-307,E1,2006-12-07T11:40:00+00:00,9229.646576893112,2006
R6B-307,E1,2006-12-11T11:40:00+00:00,9214.07130733354,2006
R6B-307,E1,2006-12-18T08:05:00+00:00,9209.47944041267,2006
R6B-307,E1,2006-12-22T11:45:00+00:00,9192.457788855216,2006
R6B-307,E1,2006-12-26T04:05:00+00:00,9195.280802603935,2006
R6B-307,E1,2006-12-26T08:50:00+00:00,9209.63983061969,2006
R6B-307,E1,2007-01-02T08:50:00+00:00,9220.463198921656,2007
R6B-307,E1,2007-01-04T07:05:00+00:00,9205.483339003815,2007
R6B-307,E1,2007-01-08T04:05:00+00:00,9210.517057272238,2007
R6B-307,E1,2007-01-08T09:20:00+00:00,9194.495727241056,2007
R6B-307,E1,2007-01-09T04:25:00+00:00,9221.948896108695,2007
R6B-307,E1,2007-01-09T11:50:00+00:00,9180.50807068461,2007
R6B-307,E1,2007-01-11T11:55:00+00:00,9169.036897749667,2007
R6B-307,E1,2007-01-12T11:00:00+00:00,9184.049942517422,2007
R6B-307,E1,2007-01-23T11:45:00+00:00,9212.798399740135,2007
R6B-307,E1,2007-01-29T04:05:00+00:00,9196.965624911516,2007
R6B-307,E1,2007-02-01T04:40:00+00:00,9170.406594507223,2007
R6B-307,E1,2007-02-05T04:10:00+00:00,9167.303398444525,2007
R6B-307,E1,2007-02-07T04:50:00+00:00,9167.008128643436,2007
R6B-307,E1,2007-02-08T07:05:00+00:00,9155.545636170851,2007
R6B-307,E1,2007-02-13T11:40:00+00:00,9182.04649728917,2007
R6B-307,E1,2007-02-14T09:45:00+00:00,9204.47816848676,2007
R6B-307,E1,2007-02-15T04:20:00+00:00,9192.169201542889,2007
R6B-307,E1,2007-02-19T05:15:00+00:00,9220.0865606724,2007
R6B-307,E1,2007-02-19T09:40:00+00:00,9188.923159325223,2007
R6B-307,E1,2007-02-21T04:30:00+00:00,9194.405444520336,2007
R6B-307,E1,2007-02-26T05:25:00+00:00,9199.173681072505,2007
R6B-307,E1,2007-02-28T08:15:00+00:00,9214.41933597762,2007
R6B-307,E1,2007-03-01T04:15:00+00:00,9161.637341174495,2007
R6B-307,E1,2007-03-06T09:20:00+00:00,9175.477114631798,2007
R6B-307,E1,2007-03-08T09:45:00+00:00,9161.380941811165,2007
R6B-307,E1,2007-03-09T11:30:00+00:00,9177.1103715084,2007
R6B-307,E1,2007-03-12T09:55:00+00:00,9183.67169380857,2007
R6B-307,E1,2007-03-15T04:05:00+00:00,9158.250427573403,2007
R6B-307,E1,2007-03-19T04:45:00+00:00,9167.130293962578,2007
R6B-307,E1,2007-03-20T04:15:00+00:00,9143.878592881194,2007
R6B-307,E1,2007-03-21T07:40:00+00:00,9139.801911560931,2007
R6B-307,E1,2007-03-21T11:50:00+00:00,9147.85402313092,2007
R6B-307,E1,2007-03-26T04:15:00+00:00,9150.275278314946,2007
R6B-307,E1,2007-03-26T08:35:00+00:00,9133.247688170783,2007
R6B-307,E1,2007-03-30T05:15:00+00:00,9121.95403252725,2007
R6B-307,E1,2007-03-30T11:05:00+00:00,9124.02619195839,2007
R6B-307,E1,2007-04-03T08:45:00+00:00,9126.043320047767,2007
R6B-307,E1,2007-04-04T11:15:00+00:00,9125.005865109108,2007
R6B-307,E1,2007-04-10T05:20:00+00:00,9155.158282815608,2007
R6B-307,E1,2007-04-10T09:45:00+00:00,9157.820670679519,2007
R6B-307,E1,2007-04-12T11:40:00+00:00,9130.388026049694,2007
R6B-307,E1,2007-04-13T04:05:00+00:00,9121.877331873091,2007
R6B-307,E1,2007-04-16T05:55:00+00:00,9133.117592265522,2007
R6B-307,E1,2007-04-18T05:25:00+00:00,9132.349825005187,2007
R6B-307,E1,2007-04-18T09:40:00+00:00,9142.539038450543,2007
R6B-307,E1,2007-04-19T04:30:00+00:00,9101.124526291898,2007
R6B-307,E1,2007-04-20T04:20:00+00:00,9083.40021980831,2007
R6B-307,E1,2007-04-23T04:10:00+00:00,9070.047824515448,2007
R6B-307,E1,2007-05-03T11:20:00+00:00,9083.876034761697,2007
R6B-307,E1,2007-05-07T08:50:00+00:00,9079.930733825013,2007
R6B-307,E1,2007-05-09T08:10:00+00:00,9063.675571789146,2007
R6B-307,E1,2007-05-11T07:30:00+00:00,9068.642015504152,2007
R6B-307,E1,2007-05-14T04:15:00+00:00,9075.66060105959,2007
R6B-307,E1,2007-05-14T10:10:00+00:00,9056.060065719668,2007
R6B-307,E1,2007-05-15T10:00:00+00:00,9007.049727726475,2007
R6B-307,E1,2007-05-18T04:10:00+00:00,8997.06738879752,2007
R6B-307,E1,2007-05-18T12:00:00+00:00,8972.93699802994,2007
R6B-307,E1,2007-05-22T11:10:00+00:00,8968.599369378082,2007
R6B-307,E1,2007-05-23T09:20:00+00:00,8950.212607326586,2007
R6B-307,E1,2007-05-28T04:20:00+00:00,8930.881604149392,2007
R6B-307,E1,2007-05-30T05:15:00+00:00,8922.786362803785,2007
R6B-307,E1,2007-05-31T04:10:00+00:00,8936.152857572046,2007
R6B-307,E1,2007-05-31T09:25:00+00:00,8932.793452905382,2007
R6B-307,E1,2007-06-01T04:15:00+00:00,8925.400022015778,2007
R6B-307,E1,2007-06-01T10:30:00+00:00,8899.833948771602,2007
R6B-307,E1,2007-06-05T10:25:00+00:00,8871.381320725384,2007
R6B-307,E1,2007-06-06T04:05:00+00:00,8873.98111918284,2007
R6B-307,E1,2007-06-07T10:00:00+00:00,8857.41359701655,2007
R6B-307,E1,2007-06-08T05:50:00+00:00,8839.012956213435,2007
R6B-307,E1,2007-06-11T04:05:00+00:00,8854.029189524796,2007
R6B-307,E1,2007-06-11T08:05:00+00:00,8856.75393078758,2007
R6B-307,E1,2007-06-12T07:25:00+00:00,8837.856776651895,2007
R6B-307,E1,2007-06-18T04:35:00+00:00,8837.28230953968,2007
R6B-307,E1,2007-06-18T09:20:00+00:00,8835.331655672833,2007
R6B-307,E1,2007-06-19T04:05:00+00:00,8830.018228021812,2007
R6B-307,E1,2007-06-21T10:45:00+00:00,8789.295405728777,2007
R6B-307,E1,2007-06-22T05:20:00+00:00,8776.896076535548,2007
R6B-307,E1,2007-06-22T11:15:00+00:00,8794.751124491224,2007
R6B-307,E1,2007-06-28T04:20:00+00:00,8793.50125193521,2007
R6B-307,E1,2007-06-28T10:55:00+00:00,8793.62409435933,2007
R6B-307,E1,2007-07-02T05:40:00+00:00,8766.875976997984,2007
R6B-307,E1,2007-07-03T09:45:00+00:00,8762.552806048792,2007
R6B-307,E1,2007-07-04T04:15:00+00:00,8755.73742802183,2007
R6B-307,E1,2007-07-05T10:05:00+00:00,8767.5159414848,2007
R6B-307,E1,2007-07-06T05:10:00+00:00,8763.994044407838,2007
R6B-307,E1,2007-07-10T11:25:00+00:00,8769.696750088273,2007
R6B-307,E1,2007-07-11T04:15:00+00:00,8758.847179750988,2007
R6B-307,E1,2007-07-11T09:50:00+00:00,8745.043241862344,2007
R6B-307,E1,2007-07-12T05:40:00+00:00,8751.036555039696,2007
R6B-307,E1,2007-07-12T10:50:00+00:00,8763.610638860207,2007
R6B-307,E1,2007-07-13T11:05:00+00:00,8758.97116936684,2007
R6B-307,E1,2007-07-16T07:10:00+00:00,8755.174316481078,2007
R6B-307,E1,2007-07-17T04:20:00+00:00,8744.278184146257,2007
R6B-307,E1,2007-07-18T05:30:00+00:00,8763.679927309808,2007
R6B-307,E1,2007-07-18T10:25:00+00:00,8751.814227633979,2007
R6B-307,E1,2007-07-23T09:30:00+00:00,8749.600207166388,2007
R6B-307,E1,2007-07-24T05:00:00+00:00,8739.579418903997,2007
R6B-307,E1,2007-07-27T04:15:00+00:00,8757.276327458392,2007
R6B-307,E1,2007-07-27T08:15:00+00:00,8693.263328108347,2007
R6B-307,E1,2007-07-30T10:45:00+00:00,8681.78534589685,2007
R6B-307,E1,2007-07-31T04:30:00+00:00,8678.243211468138,2007
R6B-307,E1,2007-08-06T10:50:00+00:00,8684.08209552501,2007
R6B-307,E1,2007-08-10T11:10:00+00:00,8634.047835760164,2007
R6B-307,E1,2007-08-20T11:45:00+00:00,8613.78994181109,2007
R6B-307,E1,2007-08-21T07:55:00+00:00,8586.24802857579,2007
R6B-307,E1,2007-08-23T06:10:00+00:00,8578.55249290962,2007
R6B-307,E1,2007-08-23T10:30:00+00:00,8594.07291427745,2007
R6B-307,E1,2007-08-28T11:20:00+00:00,8583.0779248735,2007
R6B-307,E1,2007-08-29T08:50:00+00:00,8591.772324043579,2007
R6B-307,E1,2007-08-31T07:20:00+00:00,8619.792155761541,2007
R6B-307,E1,2007-09-03T11:55:00+00:00,8596.234631088466,2007
R6B-307,E1,2007-09-04T08:45:00+00:00,8591.206416420262,2007
R6B-307,E1,2007-09-06T05:05:00+00:00,8591.461756651528,2007
R6B-307,E1,2007-09-06T11:05:00+00:00,8578.213956394915,2007
R6B-307,E1,2007-09-10T11:00:00+00:00,8595.464773042879,2007
R6B-307,E1,2007-09-11T10:55:00+00:00,8602.681296553876,2007
R6B-307,E1,2007-09-12T09:05:00+00:00,8597.682825384107,2007
R6B-307,E1,2007-09-17T05:45:00+00:00,8598.544067736799,2007
R6B-307,E1,2007-09-17T11:20:00+00:00,8580.200008650265,2007
R6B-307,E1,2007-09-20T04:15:00+00:00,8564.66776181297,2007
R6B-307,E1,2007-09-20T10:35:00+00:00,8627.462385260773,2007
R6B-307,E1,2007-09-21T07:45:00+00:00,8647.66812745884,2007
R6B-307,E1,2007-09-24T05:00:00+00:00,8658.946431955146,2007
R6B-307,E1,2007-09-27T10:10:00+00:00,8676.909838904847,2007
R6B-307,E1,2007-09-28T04:35:00+00:00,8691.736098721383,2007
R6B-307,E1,2007-10-01T07:40:00+00:00,8680.845037651823,2007
R6B-307,E1,2007-10-03T04:15:00+00:00,8685.537254192866,2007
R6B-307,E1,2007-10-03T08:25:00+00:00,8683.384695678355,2007
R6B-307,E1,2007-10-10T04:20:00+00:00,8682.702901054634,2007
R6B-307,E1,2007-10-10T09:20:00+00:00,8675.451500586922,2007
R6B-307,E1,2007-10-11T04:30:00+00:00,8682.346800814654,2007
R6B-307,E1,2007-10-11T09:20:00+00:00,8710.843713078675,2007
R6B-307,E1,2007-10-15T05:25:00+00:00,8724.954586417205,2007
R6B-307,E1,2007-10-15T10:00:00+00:00,8747.640786961207,2007
R6B-307,E1,2007-10-16T08:55:00+00:00,8775.35234846346,2007
R6B-307,E1,2007-10-17T05:00:00+00:00,8715.951525586217,2007
R6B-307,E1,2007-10-18T04:50:00+00:00,8700.332540596335,2007
R6B-307,E1,2007-10-23T04:30:00+00:00,8710.588127455387,2007
R6B-307,E1,2007-10-23T10:30:00+00:00,8689.906368014514,2007
R6B-307,E1,2007-10-26T04:10:00+00:00,8730.147407788732,2007
R6B-307,E1,2007-10-26T09:40:00+00:00,8712.273356290454,2007
R6B-307,E1,2007-10-29T04:05:00+00:00,8743.090191686746,2007
R6B-307,E1,2007-10-29T08:25:00+00:00,8720.59220700104,2007
R6B-307,E1,2007-10-31T08:35:00+00:00,8725.975641667786,2007
R6B-307,E1,2007-11-06T10:20:00+00:00,8815.55397294917,2007
R6B-307,E1,2007-11-07T04:25:00+00:00,8898.81268518206,2007
R6B-307,E1,2007-11-07T10:20:00+00:00,8942.263026698078,2007
R6B-307,E1,2007-11-08T07:35:00+00:00,8911.833320679565,2007
R6B-307,E1,2007-11-13T07:30:00+00:00,8944.133459269446,2007
R6B-307,E1,2007-11-13T11:50:00+00:00,8904.227420181987,2007
R6B-307,E1,2007-11-14T06:25:00+00:00,8912.870797573258,2007
R6B-307,E1,2007-11-14T10:30:00+00:00,8930.118881754208,2007
R6B-307,E1,2007-11-15T05:20:00+00:00,8914.528801658937,2007
R6B-307,E1,2007-11-16T05:30:00+00:00,8843.14065943436,2007
R6B-307,E1,2007-11-19T04:15:00+00:00,8823.979738445645,2007
R6B-307,E1,2007-11-20T11:20:00+00:00,8878.706683790093,2007
R6B-307,E1,2007-11-21T11:30:00+00:00,8775.627624649247,2007
R6B-307,E1,2007-11-22T07:45:00+00:00,8750.95519489268,2007
R6B-307,E1,2007-11-23T05:30:00+00:00,8772.958202097763,2007
R6B-307,E1,2007-11-23T11:15:00+00:00,8748.261808620773,2007
R6B-307,E1,2007-11-26T04:20:00+00:00,8755.245845226857,2007
R6B-307,E1,2007-11-26T11:45:00+00:00,8789.583257329312,2007
R6B-307,E1,2007-11-27T07:05:00+00:00,8780.510490162333,2007
R6B-307,E1,2007-11-29T10:05:00+00:00,8775.14372372135,2007
R6B-307,E1,2007-11-30T05:55:00+00:00,8761.912998267799,2007
R6B-307,E1,2007-12-03T04:20:00+00:00,8764.4918910703,2007
R6B-307,E1,2007-12-03T10:10:00+00:00,8719.051122136752,2007
R6B-307,E1,2007-12-05T10:15:00+00:00,8668.438645613376,2007
R6B-307,E1,2007-12-10T07:45:00+00:00,8676.272285495914,2007
R6B-307,E1,2007-12-11T11:25:00+00:00,8622.960808290856,2007
R6B-307,E1,2007-12-12T10:40:00+00:00,8626.929746356353,2007
R6B-307,E1,2007-12-14T04:05:00+00:00,8652.226977919083,2007
R6B-307,E1,2007-12-14T08:25:00+00:00,8595.794984128444,2007
R6B-307,E1,2007-12-17T04:05:00+00:00,8616.182404972511,2007
R6B-307,E1,2007-12-21T08:25:00+00:00,8619.284181067917,2007
R6B-307,E1,2007-12-26T04:05:00+00:00,8633.48609983069,2007
R6B-307,E1,2007-12-26T10:10:00+00:00,8632.56848946158,2007
R6B-307,E1,2007-12-31T04:05:00+00:00,8619.584575616955,2007
R6B-307,E1,2008-01-02T04:05:00+00:00,8620.824342164575,2008
R6B-307,E1,2008-01-08T05:30:00+00:00,8640.724878876255,2008
R6B-307,E1,2008-01-08T11:00:00+00:00,8728.199565637458,2008
R6B-307,E1,2008-01-09T04:05:00+00:00,8766.455269879105,2008
R6B-307,E1,2008-01-10T04:15:00+00:00,8741.440249382322,2008
R6B-307,E1,2008-01-14T05:15:00+00:00,8711.760566114759,2008
R6B-307,E1,2008-01-14T10:40:00+00:00,8839.593337247641,2008
R6B-307,E1,2008-01-15T05:20:00+00:00,8832.158412218141,2008
R6B-307,E1,2008-01-15T11:05:00+00:00,8772.894100524636,2008
R6B-307,E1,2008-01-16T07:30:00+00:00,8653.966287733912,2008
R6B-307,E1,2008-01-17T10:45:00+00:00,8625.055508946445,2008
R6B-307,E1,2008-01-25T10:40:00+00:00,8685.991132096264,2008
R6B-307,E1,2008-01-28T04:05:00+00:00,8723.06922225543,2008
R6B-307,E1,2008-01-29T05:05:00+00:00,8701.761512028193,2008
R6B-307,E1,2008-02-04T04:55:00+00:00,8677.879466344804,2008
R6B-307,E1,2008-02-05T04:50:00+00:00,8637.103309754591,2008
R6B-307,E1,2008-02-06T07:50:00+00:00,8614.897015356575,2008
R6B-307,E1,2008-02-07T09:15:00+00:00,8646.816540338745,2008
R6B-307,E1,2008-02-11T04:05:00+00:00,8624.521031176742,2008
R6B-307,E1,2008-02-14T10:20:00+00:00,8640.188488942335,2008
R6B-307,E1,2008-02-15T04:50:00+00:00,8624.401852486648,2008
R6B-307,E1,2008-02-15T10:00:00+00:00,8625.972561699724,2008
R6B-307,E1,2008-02-18T05:15:00+00:00,8621.191264321254,2008
R6B-307,E1,2008-02-18T10:35:00+00:00,8602.84159301788,2008
R6B-307,E1,2008-02-19T04:15:00+00:00,8612.433370799374,2008
R6B-307,E1,2008-02-19T10:10:00+00:00,8651.708718950369,2008
R6B-307,E1,2008-02-22T07:45:00+00:00,8625.419877814607,2008
R6B-307,E1,2008-02-25T07:40:00+00:00,8619.08489282239,2008
R6B-307,E1,2008-02-27T04:45:00+00:00,8632.379662532498,2008
R6B-307,E1,2008-02-27T10:00:00+00:00,8655.910340063832,2008
R6B-307,E1,2008-02-28T04:15:00+00:00,8611.706860444241,2008
R6B-307,E1,2008-02-29T04:15:00+00:00,8594.24630259284,2008
R6B-307,E1,2008-02-29T09:00:00+00:00,8581.176054432464,2008
R6B-307,E1,2008-03-03T04:05:00+00:00,8614.18061723799,2008
R6B-307,E1,2008-03-03T08:30:00+00:00,8603.42205358534,2008
R6B-307,E1,2008-03-04T04:40:00+00:00,8554.696942249382,2008
R6B-307,E1,2008-03-06T12:00:00+00:00,8530.71416583082,2008
R6B-307,E1,2008-03-07T05:00:00+00:00,8539.354766915343,2008
R6B-307,E1,2008-03-07T10:50:00+00:00,8487.82522279493,2008
R6B-307,E1,2008-03-10T08:05:00+00:00,8502.084426755058,2008
R6B-307,E1,2008-03-13T05:00:00+00:00,8501.976267486105,2008
R6B-307,E1,2008-03-13T10:40:00+00:00,8517.548761635715,2008
R6B-307,E1,2008-03-14T08:55:00+00:00,8513.167714160287,2008
R6B-307,E1,2008-03-17T04:05:00+00:00,8572.266827470512,2008
R6B-307,E1,2008-03-19T07:40:00+00:00,8573.787042537635,2008
R6B-307,E1,2008-03-19T11:55:00+00:00,8538.78999025802,2008
R6B-307,E1,2008-03-24T04:30:00+00:00,8422.504413934856,2008
R6B-307,E1,2008-03-25T06:05:00+00:00,8451.561951686432,2008
R6B-307,E1,2008-03-25T10:20:00+00:00,8491.691192840211,2008
R6B-307,E1,2008-03-26T04:35:00+00:00,8484.982310772608,2008
R6B-307,E1,2008-03-31T11:05:00+00:00,8490.910216061617,2008
R6B-307,E1,2008-04-02T05:00:00+00:00,8451.517769512982,2008
R6B-307,E1,2008-04-07T04:05:00+00:00,8426.684976949431,2008
R6B-307,E1,2008-04-15T04:25:00+00:00,8411.923441539107,2008
R6B-307,E1,2008-04-15T09:30:00+00:00,8432.352855271654,2008
R6B-307,E1,2008-04-16T10:10:00+00:00,8471.503586177105,2008
R6B-307,E1,2008-04-17T07:35:00+00:00,8460.162287762741,2008
R6B-307,E1,2008-04-17T11:50:00+00:00,8420.0165673612,2008
R6B-307,E1,2008-04-18T06:05:00+00:00,8433.122681161982,2008
R6B-307,E1,2008-04-18T11:55:00+00:00,8287.290660328566,2008
R6B-307,E1,2008-04-21T04:05:00+00:00,8303.816669989412,2008
R6B-307,E1,2008-04-22T09:05:00+00:00,8321.487451700323,2008
R6B-307,E1,2008-04-24T07:55:00+00:00,8298.68987682353,2008
R6B-307,E1,2008-04-25T07:30:00+00:00,8251.496721365473,2008
R6B-307,E1,2008-04-28T04:25:00+00:00,8274.720860907417,2008
R6B-307,E1,2008-04-28T11:40:00+00:00,8248.335199240364,2008
R6B-307,E1,2008-04-30T10:25:00+00:00,8141.644222448888,2008
R6B-307,E1,2008-05-01T04:45:00+00:00,8109.281939646223,2008
R6B-307,E1,2008-05-05T04:05:00+00:00,8112.098018058569,2008
R6B-307,E1,2008-05-06T06:30:00+00:00,8133.005297559832,2008
R6B-307,E1,2008-05-06T10:30:00+00:00,8136.390859885426,2008
R6B-307,E1,2008-05-09T10:05:00+00:00,8168.225823992482,2008
R6B-307,E1,2008-05-12T04:05:00+00:00,8132.332329477275,2008
R6B-307,E1,2008-05-14T10:05:00+00:00,8079.0018087560475,2008
R6B-307,E1,2008-05-15T09:55:00+00:00,8080.1650715721025,2008
R6B-307,E1,2008-05-16T11:55:00+00:00,8180.436175913913,2008
R6B-307,E1,2008-05-19T04:05:00+00:00,8171.5300788846625,2008
R6B-307,E1,2008-05-19T09:30:00+00:00,8183.008592906012,2008
R6B-307,E1,2008-05-20T09:15:00+00:00,8159.872633245344,2008
R6B-307,E1,2008-05-22T04:35:00+00:00,8122.3877947587525,2008
R6B-307,E1,2008-05-23T11:45:00+00:00,8153.87063648537,2008
R6B-307,E1,2008-05-26T04:20:00+00:00,8150.811802933522,2008
R6B-307,E1,2008-05-27T04:15:00+00:00,8136.082873030293,2008
R6B-307,E1,2008-05-28T06:30:00+00:00,8135.905074907866,2008
R6B-307,E1,2008-05-28T10:55:00+00:00,7979.868533065714,2008
R6B-307,E1,2008-05-30T04:25:00+00:00,7947.3658337243,2008
R6B-307,E1,2008-06-03T09:35:00+00:00,7954.59461849079,2008
R6B-307,E1,2008-06-05T10:50:00+00:00,7895.963559355393,2008
R6B-307,E1,2008-06-06T09:20:00+00:00,7909.6720875277515,2008
R6B-307,E1,2008-06-09T04:05:00+00:00,7879.891091932147,2008
R6B-307,E1,2008-06-09T11:35:00+00:00,7851.791448842706,2008
R6B-307,E1,2008-06-11T07:45:00+00:00,7875.45291417752,2008
R6B-307,E1,2008-06-13T05:25:00+00:00,7876.489020474917,2008
R6B-307,E1,2008-06-16T04:10:00+00:00,7880.205549627762,2008
R6B-307,E1,2008-06-17T10:35:00+00:00,7853.990904962241,2008
R6B-307,E1,2008-06-18T11:05:00+00:00,7844.973694583319,2008
R6B-307,E1,2008-06-20T09:45:00+00:00,7851.519194576361,2008
R6B-307,E1,2008-06-23T04:05:00+00:00,7845.692136787471,2008
R6B-307,E1,2008-06-23T09:10:00+00:00,7822.9482675027175,2008
R6B-307,E1,2008-06-24T04:05:00+00:00,7820.124173305526,2008
R6B-307,E1,2008-06-24T08:05:00+00:00,7842.502236123055,2008
R6B-307,E1,2008-06-25T09:50:00+00:00,7802.359363885645,2008
R6B-307,E1,2008-06-26T06:00:00+00:00,7793.986923029905,2008
R6B-307,E1,2008-06-27T11:25:00+00:00,7857.213174702673,2008
R6B-307,E1,2008-06-30T11:25:00+00:00,7863.352205284881,2008
R6B-307,E1,2008-07-01T10:30:00+00:00,7881.680697072095,2008
R6B-307,E1,2008-07-02T11:05:00+00:00,7795.255393341455,2008
R6B-307,E1,2008-07-03T11:05:00+00:00,7777.606274405516,2008
R6B-307,E1,2008-07-04T07:10:00+00:00,7768.205624048745,2008
R6B-307,E1,2008-07-08T09:55:00+00:00,7761.076720048765,2008
R6B-307,E1,2008-07-09T08:40:00+00:00,7778.148541950313,2008
R6B-307,E1,2008-07-10T04:10:00+00:00,7773.513638281214,2008
R6B-307,E1,2008-07-15T10:40:00+00:00,7852.818685324354,2008
R6B-307,E1,2008-07-17T04:40:00+00:00,7829.55821642393,2008
R6B-307,E1,2008-07-18T10:35:00+00:00,7824.40245783953,2008
R6B-307,E1,2008-07-21T04:50:00+00:00,7824.892661778686,2008
R6B-307,E1,2008-07-21T10:15:00+00:00,7856.8786694454575,2008
R6B-307,E1,2008-07-22T05:30:00+00:00,7848.789178520186,2008
R6B-307,E1,2008-07-22T10:45:00+00:00,7862.200271735716,2008
R6B-307,E1,2008-07-24T07:15:00+00:00,7887.330841018701,2008
R6B-307,E1,2008-07-24T11:35:00+00:00,7855.817101625887,2008
R6B-307,E1,2008-07-25T04:05:00+00:00,7881.472634165989,2008
R6B-307,E1,2008-07-25T08:10:00+00:00,7861.428508012055,2008
R6B-307,E1,2008-07-28T04:40:00+00:00,7854.379361599321,2008
R6B-307,E1,2008-07-29T04:20:00+00:00,7848.129408234698,2008
R6B-307,E1,2008-07-31T04:30:00+00:00,7852.83155108316,2008
R6B-307,E1,2008-07-31T10:30:00+00:00,7838.937674751808,2008
R6B-307,E1,2008-08-04T05:55:00+00:00,7857.901882362412,2008
R6B-307,E1,2008-08-06T07:50:00+00:00,7890.770029952627,2008
R6B-307,E1,2008-08-07T06:20:00+00:00,7886.636828385503,2008
R6B-307,E1,2008-08-07T10:30:00+00:00,7868.590081767198,2008
R6B-307,E1,2008-08-11T04:05:00+00:00,7901.907247775085,2008
R6B-307,E1,2008-08-11T08:05:00+00:00,7903.961945642529,2008
R6B-307,E1,2008-08-13T09:30:00+00:00,7962.483532930395,2008
R6B-307,E1,2008-08-14T04:10:00+00:00,7977.472047887341,2008
R6B-307,E1,2008-08-14T08:15:00+00:00,7995.486630478722,2008
R6B-307,E1,2008-08-18T04:05:00+00:00,8070.73530952508,2008
R6B-307,E1,2008-08-18T10:30:00+00:00,8027.0894291908735,2008
R6B-307,E1,2008-08-21T04:25:00+00:00,8027.766095950585,2008
R6B-307,E1,2008-08-21T10:15:00+00:00,8049.485323862335,2008
R6B-307,E1,2008-08-22T04:40:00+00:00,8042.641676990061,2008
R6B-307,E1,2008-08-22T09:40:00+00:00,7965.1988931953265,2008
R6B-307,E1,2008-08-27T05:05:00+00:00,7965.587777572152,2008
R6B-307,E1,2008-08-27T11:40:00+00:00,7981.790434933498,2008
R6B-307,E1,2008-08-28T04:10:00+00:00,8014.677142172416,2008
R6B-307,E1,2008-08-28T09:15:00+00:00,8005.813551648881,2008
R6B-307,E1,2008-08-29T06:00:00+00:00,8000.496215424104,2008
R6B-307,E1,2008-08-29T11:40:00+00:00,7959.642615741101,2008
R6B-307,E1,2008-09-01T04:10:00+00:00,7917.14302967467,2008
R6B-307,E1,2008-09-04T04:10:00+00:00,7888.450629478568,2008
R6B-307,E1,2008-09-04T10:10:00+00:00,7916.4675638916515,2008
R6B-307,E1,2008-09-05T09:05:00+00:00,7881.542747039674,2008
R6B-307,E1,2008-09-08T04:05:00+00:00,7905.319504210346,2008
R6B-307,E1,2008-09-08T10:00:00+00:00,7794.175942240731,2008
R6B-307,E1,2008-09-10T09:40:00+00:00,7744.68086638867,2008
R6B-307,E1,2008-09-12T04:05:00+00:00,7741.763160885391,2008
R6B-307,E1,2008-09-12T08:20:00+00:00,7758.604915100569,2008
R6B-307,E1,2008-09-15T04:05:00+00:00,7790.7610498246295,2008
R6B-307,E1,2008-09-18T04:10:00+00:00,7667.223931291633,2008
R6B-307,E1,2008-09-22T12:00:00+00:00,7736.713249713556,2008
R6B-307,E1,2008-09-23T04:45:00+00:00,7607.128438310124,2008
R6B-307,E1,2008-09-25T09:40:00+00:00,7591.469783882171,2008
R6B-307,E1,2008-09-26T04:05:00+00:00,7567.642173488856,2008
R6B-307,E1,2008-10-01T08:25:00+00:00,7537.651428262943,2008
R6B-307,E1,2008-10-03T07:40:00+00:00,7523.387189450379,2008
R6B-307,E1,2008-10-07T10:45:00+00:00,7649.769405541067,2008
R6B-307,E1,2008-10-08T10:20:00+00:00,7803.045403398562,2008
R6B-307,E1,2008-10-10T11:25:00+00:00,7693.581686263503,2008
R6B-307,E1,2008-10-13T06:30:00+00:00,7673.4131877612035,2008
R6B-307,E1,2008-10-14T04:15:00+00:00,7694.044434102908,2008
R6B-307,E1,2008-10-15T08:15:00+00:00,7687.167707710017,2008
R6B-307,E1,2008-10-17T05:35:00+00:00,7671.132592170028,2008
R6B-307,E1,2008-10-17T10:30:00+00:00,7496.736385594556,2008
R6B-307,E1,2008-10-20T04:10:00+00:00,7571.940592852942,2008
R6B-307,E1,2008-10-20T08:10:00+00:00,7575.439174848456,2008
R6B-307,E1,2008-10-21T04:10:00+00:00,7581.312174310636,2008
R6B-307,E1,2008-10-23T10:25:00+00:00,7388.821820978997,2008
R6B-307,E1,2008-10-24T04:05:00+00:00,7241.251932561075,2008
R6B-307,E1,2008-10-27T05:00:00+00:00,7188.457127198348,2008
R6B-307,E1,2008-10-28T08:45:00+00:00,7312.136601308971,2008
R6B-307,E1,2008-10-30T04:15:00+00:00,7344.826644421698,2008
R6B-307,E1,2008-10-30T11:25:00+00:00,7320.190028848111,2008
R6B-307,E1,2008-11-03T05:00:00+00:00,7354.44889996199,2008
R6B-307,E1,2008-11-07T09:10:00+00:00,7408.728029168844,2008
R6B-307,E1,2008-11-10T04:05:00+00:00,7369.317865387758,2008
R6B-307,E1,2008-11-12T08:45:00+00:00,7343.33468811018,2008
R6B-307,E1,2008-11-19T06:00:00+00:00,7326.002436714964,2008
R6B-307,E1,2008-11-19T11:45:00+00:00,7277.436148841285,2008
R6B-307,E1,2008-11-20T11:25:00+00:00,7290.438917232601,2008
R6B-307,E1,2008-11-21T10:20:00+00:00,7360.045573869805,2008
R6B-307,E1,2008-11-24T04:05:00+00:00,7217.823957804153,2008
R6B-307,E1,2008-11-27T07:20:00+00:00,7175.758323628656,2008
R6B-307,E1,2008-12-08T04:10:00+00:00,7198.465742722669,2008
R6B-307,E1,2008-12-08T09:40:00+00:00,7284.337942199734,2008
R6B-307,E1,2008-12-10T06:05:00+00:00,7288.728643363261,2008
R6B-307,E1,2008-12-10T11:00:00+00:00,7299.601912854559,2008
R6B-307,E1,2008-12-11T09:55:00+00:00,7377.797537647399,2008
R6B-307,E1,2008-12-15T04:05:00+00:00,7397.56472754997,2008
R6B-307,E1,2008-12-22T04:10:00+00:00,7409.28484025726,2008
R6B-307,E1,2008-12-22T11:45:00+00:00,7382.1963225370655,2008
R6B-307,E1,2008-12-24T06:50:00+00:00,7376.50476464635,2008
R6B-307,E1,2008-12-26T06:10:00+00:00,7363.769943228727,2008
R6B-307,E1,2008-12-29T04:05:00+00:00,7413.751942354796,2008
R6B-307,E1,2009-01-02T04:05:00+00:00,7316.558988894021,2009
R6B-307,E1,2009-01-05T04:05:00+00:00,7206.07668521099,2009
R6B-307,E1,2009-01-08T10:20:00+00:00,7158.325215490408,2009
R6B-307,E1,2009-01-13T05:30:00+00:00,7119.978575471364,2009
R6B-307,E1,2009-01-14T06:55:00+00:00,7138.291725433492,2009
R6B-307,E1,2009-01-14T11:50:00+00:00,7111.118114207438,2009
R6B-307,E1,2009-01-16T06:50:00+00:00,7128.456009674358,2009
R6B-307,E1,2009-01-28T04:25:00+00:00,7061.68861894383,2009
R6B-307,E1,2009-02-05T10:15:00+00:00,7102.210495703275,2009
R6B-307,E1,2009-02-06T11:20:00+00:00,7083.161602513859,2009
R6B-307,E1,2009-02-10T05:30:00+00:00,7059.997311972978,2009
R6B-307,E1,2009-02-11T11:55:00+00:00,7115.17458412631,2009
R6B-307,E1,2009-02-12T08:50:00+00:00,7139.665833502819,2009
R6B-307,E1,2009-02-17T04:40:00+00:00,7194.997473136314,2009
R6B-307,E1,2009-02-17T08:50:00+00:00,7214.9694161290345,2009
R6B-307,E1,2009-02-18T08:55:00+00:00,7203.734565458901,2009
R6B-307,E1,2009-02-24T10:50:00+00:00,7180.6556572101645,2009
R6B-307,E1,2009-03-02T04:20:00+00:00,7172.871656203407,2009
R6B-307,E1,2009-03-02T08:35:00+00:00,7190.8100524198235,2009
R6B-307,E1,2009-03-04T04:40:00+00:00,7156.209683809038,2009
R6B-307,E1,2009-03-05T05:20:00+00:00,7143.241003118971,2009
R6B-307,E1,2009-03-06T10:05:00+00:00,7144.610154077973,2009
R6B-307,E1,2009-03-11T11:05:00+00:00,7161.192768457322,2009
R6B-307,E1,2009-03-12T07:30:00+00:00,7173.545484278341,2009
R6B-307,E1,2009-03-20T09:45:00+00:00,7188.886368650906,2009
R6B-307,E1,2009-03-23T09:55:00+00:00,7156.84812949788,2009
R6B-307,E1,2009-03-30T04:15:00+00:00,7130.253789562847,2009
R6B-307,E1,2009-03-30T09:30:00+00:00,7094.6925005356825,2009
R6B-307,E1,2009-03-31T10:30:00+00:00,7052.51900894741,2009
R6B-307,E1,2009-04-02T08:35:00+00:00,6991.037698798026,2009
R6B-307,E1,2009-04-03T12:00:00+00:00,6950.219946867018,2009
R6B-307,E1,2009-04-07T04:15:00+00:00,6967.0664502064565,2009
R6B-307,E1,2009-04-07T10:00:00+00:00,6958.497733761104,2009
R6B-307,E1,2009-04-08T08:25:00+00:00,6962.743349588767,2009
R6B-307,E1,2009-04-09T07:15:00+00:00,6950.425103094831,2009
R6B-307,E1,2009-04-10T09:15:00+00:00,6972.675617672959,2009
R6B-307,E1,2009-04-13T04:05:00+00:00,6996.300978561955,2009
R6B-307,E1,2009-04-13T08:25:00+00:00,6996.147938811768,2009
R6B-307,E1,2009-04-14T06:35:00+00:00,6998.082143480612,2009
R6B-307,E1,2009-04-15T05:20:00+00:00,6990.86230388733,2009
R6B-307,E1,2009-04-16T09:30:00+00:00,6979.22340650019,2009
R6B-307,E1,2009-04-20T04:05:00+00:00,6964.809682081838,2009
R6B-307,E1,2009-04-20T11:05:00+00:00,6965.497089740963,2009
R6B-307,E1,2009-04-21T10:30:00+00:00,6942.016851040107,2009
R6B-307,E1,2009-04-22T09:50:00+00:00,6947.160544056542,2009
R6B-307,E1,2009-04-23T04:50:00+00:00,6929.366373609637,2009
R6B-307,E1,2009-04-24T08:15:00+00:00,6948.317790020479,2009
R6B-307,E1,2009-04-27T04:05:00+00:00,6933.665761281772,2009
R6B-307,E1,2009-04-29T10:20:00+00:00,6937.897982401481,2009
R6B-307,E1,2009-04-30T10:45:00+00:00,6881.0702483605255,2009
R6B-307,E1,2009-05-04T05:15:00+00:00,6902.083828402501,2009
R6B-307,E1,2009-05-04T10:10:00+00:00,6900.4860831838505,2009
R6B-307,E1,2009-05-05T05:45:00+00:00,6880.678186567414,2009
R6B-307,E1,2009-05-06T08:20:00+00:00,6907.240979543038,2009
R6B-307,E1,2009-05-07T09:35:00+00:00,6911.227599069748,2009
R6B-307,E1,2009-05-08T10:35:00+00:00,6900.520164306787,2009
R6B-307,E1,2009-05-11T04:05:00+00:00,6890.027961910025,2009
R6B-307,E1,2009-05-12T11:20:00+00:00,6916.697918422882,2009
R6B-307,E1,2009-05-13T09:55:00+00:00,6895.24872940907,2009
R6B-307,E1,2009-05-15T08:50:00+00:00,6876.557465841309,2009
R6B-307,E1,2009-05-18T08:35:00+00:00,6848.621559462876,2009
R6B-307,E1,2009-05-19T10:40:00+00:00,6834.186900265791,2009
R6B-307,E1,2009-05-20T07:20:00+00:00,6837.729220842227,2009
R6B-307,E1,2009-05-20T11:45:00+00:00,6855.953357297381,2009
R6B-307,E1,2009-05-21T05:30:00+00:00,6869.334060232176,2009
R6B-307,E1,2009-05-21T10:30:00+00:00,6846.408839825653,2009
R6B-307,E1,2009-05-28T11:35:00+00:00,6870.798640608184,2009
R6B-307,E1,2009-05-29T05:30:00+00:00,6858.910446712037,2009
R6B-307,E1,2009-05-29T10:00:00+00:00,6911.9058379318185,2009
R6B-307,E1,2009-06-01T05:15:00+00:00,6948.509267078663,2009
R6B-307,E1,2009-06-01T09:15:00+00:00,6949.752402013749,2009
R6B-307,E1,2009-06-03T04:45:00+00:00,6956.9031599364325,2009
R6B-307,E1,2009-06-03T08:55:00+00:00,6920.115354930721,2009
R6B-307,E1,2009-06-04T04:25:00+00:00,6912.3356753210455,2009
R6B-307,E1,2009-06-04T10:50:00+00:00,6893.181060532624,2009
R6B-307,E1,2009-06-08T06:50:00+00:00,6860.280595636844,2009
R6B-307,E1,2009-06-10T05:05:00+00:00,6866.2463332204115,2009
R6B-307,E1,2009-06-10T09:05:00+00:00,6877.365650834341,2009
R6B-307,E1,2009-06-11T08:55:00+00:00,6869.515791734818,2009
R6B-307,E1,2009-06-16T04:05:00+00:00,6864.422311692288,2009
R6B-307,E1,2009-06-16T09:30:00+00:00,6873.577974864662,2009
R6B-307,E1,2009-06-17T09:35:00+00:00,6852.186533990828,2009
R6B-307,E1,2009-06-24T10:45:00+00:00,6861.163563500092,2009
R6B-307,E1,2009-06-25T06:55:00+00:00,6855.559304196217,2009
R6B-307,E1,2009-06-26T04:15:00+00:00,6854.81874919197,2009
R6B-307,E1,2009-06-26T09:00:00+00:00,6863.102618360391,2009
R6B-307,E1,2009-06-29T11:20:00+00:00,6869.489362078177,2009
R6B-307,E1,2009-06-30T05:10:00+00:00,6874.987060501865,2009
R6B-307,E1,2009-06-30T10:10:00+00:00,6850.550093049,2009
R6B-307,E1,2009-07-01T06:45:00+00:00,6851.479382655542,2009
R6B-307,E1,2009-07-01T11:00:00+00:00,6843.833275798934,2009
R6B-307,E1,2009-07-03T04:30:00+00:00,6845.476864649889,2009
R6B-307,E1,2009-07-03T08:45:00+00:00,6831.861024741085,2009
R6B-307,E1,2009-07-07T04:10:00+00:00,6820.015552481304,2009
R6B-307,E1,2009-07-09T05:05:00+00:00,6822.231396752125,2009
R6B-307,E1,2009-07-09T09:50:00+00:00,6842.706706653622,2009
R6B-307,E1,2009-07-10T08:40:00+00:00,6809.712382664595,2009
R6B-307,E1,2009-07-13T04:05:00+00:00,6789.854252536816,2009
R6B-307,E1,2009-07-14T10:35:00+00:00,6801.716717340756,2009
R6B-307,E1,2009-07-15T10:00:00+00:00,6818.692107996767,2009
R6B-307,E1,2009-07-20T04:50:00+00:00,6829.319966150587,2009
R6B-307,E1,2009-07-20T09:30:00+00:00,6877.372939976755,2009
R6B-307,E1,2009-07-22T07:50:00+00:00,6855.63320942432,2009
R6B-307,E1,2009-07-23T08:55:00+00:00,6841.743620287324,2009
R6B-307,E1,2009-07-24T10:20:00+00:00,6858.218249876021,2009
R6B-307,E1,2009-07-27T07:30:00+00:00,6887.052301453251,2009
R6B-307,E1,2009-07-28T09:20:00+00:00,6889.28921394435,2009
R6B-307,E1,2009-07-29T04:50:00+00:00,6872.292448353214,2009
R6B-307,E1,2009-07-30T04:15:00+00:00,6872.336707824619,2009
R6B-307,E1,2009-07-31T06:50:00+00:00,6871.222254502177,2009
R6B-307,E1,2009-08-03T04:05:00+00:00,6860.305235324556,2009
R6B-307,E1,2009-08-06T11:40:00+00:00,6844.332983940497,2009
R6B-307,E1,2009-08-10T08:35:00+00:00,6834.338459353505,2009
R6B-307,E1,2009-08-11T05:15:00+00:00,6825.814735612217,2009
R6B-307,E1,2009-08-11T10:15:00+00:00,6810.640575727799,2009
R6B-307,E1,2009-08-12T04:05:00+00:00,6801.593668863016,2009
R6B-307,E1,2009-08-13T05:35:00+00:00,6792.537445494472,2009
R6B-307,E1,2009-08-13T09:45:00+00:00,6822.801299912969,2009
R6B-307,E1,2009-08-14T04:20:00+00:00,6798.0818749917125,2009
R6B-307,E1,2009-08-18T04:05:00+00:00,6800.028275086014,2009
R6B-307,E1,2009-08-18T09:35:00+00:00,6791.93913081145,2009
R6B-307,E1,2009-08-19T04:10:00+00:00,6777.611359068585,2009
R6B-307,E1,2009-08-20T10:10:00+00:00,6767.2537009448015,2009
R6B-307,E1,2009-08-21T11:40:00+00:00,6781.400399941533,2009
R6B-307,E1,2009-08-25T07:00:00+00:00,6770.2156006623045,2009
R6B-307,E1,2009-08-25T11:35:00+00:00,6772.024819007293,2009
R6B-307,E1,2009-08-26T05:25:00+00:00,6771.373919709739,2009
R6B-307,E1,2009-08-26T09:40:00+00:00,6777.9515981167215,2009
R6B-307,E1,2009-08-27T10:55:00+00:00,6764.220323522574,2009
R6B-307,E1,2009-08-28T10:40:00+00:00,6762.885886611018,2009
R6B-307,E1,2009-08-31T04:05:00+00:00,6734.260361242053,2009
R6B-307,E1,2009-09-01T05:15:00+00:00,6735.62071154962,2009
R6B-307,E1,2009-09-01T09:25:00+00:00,6713.861001098481,2009
R6B-307,E1,2009-09-03T10:35:00+00:00,6755.923398718018,2009
R6B-307,E1,2009-09-07T11:00:00+00:00,6746.693500779928,2009
R6B-307,E1,2009-09-08T04:05:00+00:00,6744.509866708363,2009
R6B-307,E1,2009-09-08T10:10:00+00:00,6779.058910099267,2009
R6B-307,E1,2009-09-09T05:00:00+00:00,6751.481546205714,2009
R6B-307,E1,2009-09-10T09:55:00+00:00,6693.983698317686,2009
R6B-307,E1,2009-09-11T06:05:00+00:00,6728.354883189795,2009
R6B-307,E1,2009-09-11T10:05:00+00:00,6704.992361038556,2009
R6B-307,E1,2009-09-14T04:05:00+00:00,6675.9715335406545,2009
R6B-307,E1,2009-09-15T04:15:00+00:00,6648.440744068028,2009
R6B-307,E1,2009-09-16T04:30:00+00:00,6643.026461985911,2009
R6B-307,E1,2009-09-16T09:05:00+00:00,6672.143281406779,2009
R6B-307,E1,2009-09-17T07:40:00+00:00,6676.9897924741235,2009
R6B-307,E1,2009-09-22T04:30:00+00:00,6683.941883254801,2009
R6B-307,E1,2009-09-22T10:25:00+00:00,6733.547354638111,2009
R6B-307,E1,2009-09-24T10:35:00+00:00,6738.407905754989,2009
R6B-307,E1,2009-09-25T08:35:00+00:00,6729.994508049554,2009
R6B-307,E1,2009-09-28T04:05:00+00:00,6686.466582027742,2009
R6B-307,E1,2009-09-29T08:35:00+00:00,6685.052213078894,2009
R6B-307,E1,2009-09-30T05:30:00+00:00,6691.953692515748,2009
R6B-307,E1,2009-09-30T10:00:00+00:00,6715.80819701369,2009
R6B-307,E1,2009-10-01T11:45:00+00:00,6684.373163802985,2009
R6B-307,E1,2009-10-05T05:25:00+00:00,6685.347977170103,2009
R6B-307,E1,2009-10-05T10:25:00+00:00,6682.254291153416,2009
R6B-307,E1,2009-10-06T05:30:00+00:00,6682.569732004042,2009
R6B-307,E1,2009-10-06T10:05:00+00:00,6701.302587450797,2009
R6B-307,E1,2009-10-07T10:15:00+00:00,6722.209448117606,2009
R6B-307,E1,2009-10-08T04:45:00+00:00,6740.546041901768,2009
R6B-307,E1,2009-10-08T08:50:00+00:00,6750.372579457397,2009
R6B-307,E1,2009-10-12T04:05:00+00:00,6732.475826125492,2009
R6B-307,E1,2009-10-14T07:00:00+00:00,6728.603536254834,2009
R6B-307,E1,2009-10-15T08:45:00+00:00,6679.213114784097,2009
R6B-307,E1,2009-10-16T05:10:00+00:00,6631.890455463737,2009
R6B-307,E1,2009-10-19T10:45:00+00:00,6641.799809481436,2009
R6B-307,E1,2009-10-20T05:40:00+00:00,6637.374740788232,2009
R6B-307,E1,2009-10-20T11:00:00+00:00,6614.277313463495,2009
R6B-307,E1,2009-10-21T09:10:00+00:00,6614.074434918449,2009
R6B-307,E1,2009-10-23T04:20:00+00:00,6608.3164037390825,2009
R6B-307,E1,2009-10-23T09:55:00+00:00,6594.746228527103,2009
R6B-307,E1,2009-10-26T06:05:00+00:00,6579.671828049831,2009
R6B-307,E1,2009-10-27T07:10:00+00:00,6581.609683056616,2009
R6B-307,E1,2009-10-28T05:20:00+00:00,6561.521999138454,2009
R6B-307,E1,2009-10-29T07:55:00+00:00,6560.153017251467,2009
R6B-307,E1,2009-10-30T08:20:00+00:00,6536.168928744026,2009
R6B-307,E1,2009-11-02T10:00:00+00:00,6582.406616029715,2009
R6B-307,E1,2009-11-03T04:05:00+00:00,6587.333415423878,2009
R6B-307,E1,2009-11-06T09:30:00+00:00,6604.5957317577795,2009
R6B-307,E1,2009-11-09T04:35:00+00:00,6643.526865392155,2009
R6B-307,E1,2009-11-09T10:35:00+00:00,6658.034736048647,2009
R6B-307,E1,2009-11-11T08:20:00+00:00,6686.409465050606,2009
R6B-307,E1,2009-11-12T04:30:00+00:00,6687.571544252382,2009
R6B-307,E1,2009-11-13T10:20:00+00:00,6692.608823584518,2009
R6B-307,E1,2009-11-16T04:05:00+00:00,6703.637857531346,2009
R6B-307,E1,2009-11-16T08:15:00+00:00,6713.916034455332,2009
R6B-307,E1,2009-11-20T09:45:00+00:00,6702.32269695211,2009
R6B-307,E1,2009-11-23T04:05:00+00:00,6727.285141205899,2009
R6B-307,E1,2009-11-23T11:20:00+00:00,6725.677623157385,2009
R6B-307,E1,2009-11-24T09:00:00+00:00,6712.470464329303,2009
R6B-307,E1,2009-11-25T06:05:00+00:00,6735.869739269559,2009
R6B-307,E1,2009-11-25T10:25:00+00:00,6733.7100577959545,2009
R6B-307,E1,2009-11-26T05:25:00+00:00,6722.327754842529,2009
R6B-307,E1,2009-11-30T05:15:00+00:00,6680.422855395781,2009
R6B-307,E1,2009-12-01T11:25:00+00:00,6746.67679925739,2009
R6B-307,E1,2009-12-02T04:25:00+00:00,6785.801167551477,2009
R6B-307,E1,2009-12-02T09:00:00+00:00,6793.481447670571,2009
R6B-307,E1,2009-12-03T04:15:00+00:00,6815.875355735929,2009
R6B-307,E1,2009-12-08T04:40:00+00:00,6808.908425113972,2009
R6B-307,E1,2009-12-10T05:25:00+00:00,6751.038645159202,2009
R6B-307,E1,2009-12-11T04:05:00+00:00,6742.847276959888,2009
R6B-307,E1,2009-12-11T09:55:00+00:00,6745.527666715242,2009
R6B-307,E1,2009-12-14T05:10:00+00:00,6771.974906166347,2009
R6B-307,E1,2009-12-14T09:45:00+00:00,6753.614682967089,2009
R6B-307,E1,2009-12-15T06:50:00+00:00,6718.80199770297,2009
R6B-307,E1,2009-12-16T05:20:00+00:00,6698.224895274234,2009
R6B-307,E1,2009-12-17T04:25:00+00:00,6648.795669337477,2009
R6B-307,E1,2009-12-18T06:25:00+00:00,6637.5882572533965,2009
R6B-307,E1,2009-12-21T07:25:00+00:00,6625.796093918481,2009
R6B-307,E1,2009-12-24T06:10:00+00:00,6637.541517469813,2009
R6B-307,E1,2009-12-24T10:15:00+00:00,6679.28685516664,2009
R6B-307,E1,2009-12-28T04:05:00+00:00,6702.934973146944,2009
R6B-307,E1,2009-12-31T05:15:00+00:00,6708.8021915483905,2009
R6B-307,E1,2009-12-31T10:40:00+00:00,6740.949615591529,2009
R6B-307,E1,2010-01-04T06:15:00+00:00,6771.031292561541,2010
R6B-307,E1,2010-01-04T10:15:00+00:00,6836.155204687159,2010
R6B-307,E1,2010-01-05T07:20:00+00:00,6853.735329312196,2010
R6B-307,E1,2010-01-06T06:00:00+00:00,6855.749564998394,2010
R6B-307,E1,2010-01-11T04:05:00+00:00,6859.644529618089,2010
R6B-307,E1,2010-01-12T10:30:00+00:00,6844.963738416196,2010
R6B-307,E1,2010-01-14T04:20:00+00:00,6848.068773451196,2010
R6B-307,E1,2010-01-18T07:45:00+00:00,6858.255864277266,2010
R6B-307,E1,2010-01-19T04:15:00+00:00,6855.121124039738,2010
R6B-307,E1,2010-01-19T11:25:00+00:00,6812.693829712194,2010
R6B-307,E1,2010-01-20T04:50:00+00:00,6770.813025098315,2010
R6B-307,E1,2010-01-21T10:45:00+00:00,6689.162740529513,2010
R6B-307,E1,2010-01-22T11:35:00+00:00,6665.735005917396,2010
R6B-307,E1,2010-01-25T05:50:00+00:00,6675.063189376497,2010
R6B-307,E1,2010-01-25T09:55:00+00:00,6669.486551101411,2010
R6B-307,E1,2010-01-26T05:15:00+00:00,6628.706547389761,2010
R6B-307,E1,2010-01-27T06:05:00+00:00,6595.566449482506,2010
R6B-307,E1,2010-01-28T09:20:00+00:00,6598.5016815813815,2010
R6B-307,E1,2010-02-01T04:20:00+00:00,6556.487027747266,2010
R6B-307,E1,2010-02-02T11:40:00+00:00,6603.615722917044,2010
R6B-307,E1,2010-02-03T11:20:00+00:00,6604.572776812573,2010
R6B-307,E1,2010-02-08T04:50:00+00:00,6591.048800717205,2010
R6B-307,E1,2010-02-08T11:30:00+00:00,6585.645138752731,2010
R6B-307,E1,2010-02-09T08:00:00+00:00,6605.811988638907,2010
R6B-307,E1,2010-02-10T11:10:00+00:00,6600.43891824249,2010
R6B-307,E1,2010-02-11T05:05:00+00:00,6609.393708133317,2010
R6B-307,E1,2010-02-11T09:25:00+00:00,6603.272417274567,2010
R6B-307,E1,2010-02-15T04:05:00+00:00,6591.441491584931,2010
R6B-307,E1,2010-02-16T04:30:00+00:00,6610.385836547919,2010
R6B-307,E1,2010-02-16T08:40:00+00:00,6657.10535272397,2010
R6B-307,E1,2010-02-22T04:20:00+00:00,6647.0717026746415,2010
R6B-307,E1,2010-02-23T08:30:00+00:00,6664.869423584059,2010
R6B-307,E1,2010-02-24T05:30:00+00:00,6654.285288704437,2010
R6B-307,E1,2010-02-26T05:30:00+00:00,6643.800630130965,2010
R6B-307,E1,2010-02-26T11:10:00+00:00,6646.992631477987,2010
R6B-307,E1,2010-03-01T04:50:00+00:00,6629.457449022334,2010
R6B-307,E1,2010-03-01T11:35:00+00:00,6607.799330440262,2010
R6B-307,E1,2010-03-05T07:15:00+00:00,6605.606110097717,2010
R6B-307,E1,2010-03-08T11:05:00+00:00,6592.3132304254295,2010
R6B-307,E1,2010-03-10T07:30:00+00:00,6593.851796134247,2010
R6B-307,E1,2010-03-12T04:05:00+00:00,6590.771873156002,2010
R6B-307,E1,2010-03-12T08:15:00+00:00,6593.786375926081,2010
R6B-307,E1,2010-03-15T09:50:00+00:00,6582.656575667608,2010
R6B-307,E1,2010-03-16T07:45:00+00:00,6590.11103191324,2010
R6B-307,E1,2010-03-17T10:55:00+00:00,6607.170050124101,2010
R6B-307,E1,2010-03-22T08:20:00+00:00,6598.757810989841,2010
R6B-307,E1,2010-03-23T04:10:00+00:00,6594.014152190168,2010
R6B-307,E1,2010-03-25T11:10:00+00:00,6608.366200566568,2010
R6B-307,E1,2010-03-26T07:40:00+00:00,6619.8399748069105,2010
R6B-307,E1,2010-03-29T10:05:00+00:00,6634.09212578807,2010
R6B-307,E1,2010-03-30T08:05:00+00:00,6629.572668162469,2010
R6B-307,E1,2010-03-31T04:30:00+00:00,6630.630266483013,2010
R6B-307,E1,2010-03-31T10:00:00+00:00,6635.739657024658,2010
R6B-307,E1,2010-04-01T11:25:00+00:00,6646.456773538788,2010
R6B-307,E1,2010-04-05T04:45:00+00:00,6642.920110812798,2010
R6B-307,E1,2010-04-07T08:30:00+00:00,6627.534163680131,2010
R6B-307,E1,2010-04-09T08:15:00+00:00,6652.450487190721,2010
R6B-307,E1,2010-04-12T04:05:00+00:00,6651.843875570613,2010
R6B-307,E1,2010-04-12T11:35:00+00:00,6620.587009501466,2010
R6B-307,E1,2010-04-14T05:20:00+00:00,6623.371855008817,2010
R6B-307,E1,2010-04-14T09:45:00+00:00,6645.258516185399,2010
R6B-307,E1,2010-04-20T05:05:00+00:00,6641.017453362666,2010
R6B-307,E1,2010-04-20T11:05:00+00:00,6659.8797457238925,2010
R6B-307,E1,2010-04-21T04:05:00+00:00,6658.621129211711,2010
R6B-307,E1,2010-04-21T09:20:00+00:00,6663.514855934507,2010
R6B-307,E1,2010-04-22T09:40:00+00:00,6641.855340688872,2010
R6B-307,E1,2010-04-23T11:05:00+00:00,6626.969931758177,2010
R6B-307,E1,2010-04-26T05:05:00+00:00,6626.06906741647,2010
R6B-307,E1,2010-04-27T05:05:00+00:00,6610.356366884227,2010
R6B-307,E1,2010-04-30T04:45:00+00:00,6613.379569256963,2010
R6B-307,E1,2010-05-06T12:00:00+00:00,6630.093557943868,2010
R6B-307,E1,2010-05-11T08:50:00+00:00,6657.455165065408,2010
R6B-307,E1,2010-05-12T08:55:00+00:00,6663.690386155152,2010
R6B-307,E1,2010-05-14T05:05:00+00:00,6655.8564790230885,2010
R6B-307,E1,2010-05-14T11:40:00+00:00,6690.331423008451,2010
R6B-307,E1,2010-05-17T05:40:00+00:00,6703.01606272602,2010
R6B-307,E1,2010-05-18T09:45:00+00:00,6634.352550621151,2010
R6B-307,E1,2010-05-20T04:10:00+00:00,6629.760407824463,2010
R6B-307,E1,2010-05-20T08:40:00+00:00,6575.528374315416,2010
R6B-307,E1,2010-05-24T04:10:00+00:00,6582.781177349017,2010
R6B-307,E1,2010-05-24T08:35:00+00:00,6588.305405502193,2010
R6B-307,E1,2010-05-25T08:00:00+00:00,6557.429890772147,2010
R6B-307,E1,2010-05-26T04:05:00+00:00,6545.383072619311,2010
R6B-307,E1,2010-05-26T08:20:00+00:00,6552.491890869966,2010
R6B-307,E1,2010-05-27T07:25:00+00:00,6534.919474097642,2010
R6B-307,E1,2010-05-28T09:25:00+00:00,6535.058795732333,2010
R6B-307,E1,2010-05-31T08:50:00+00:00,6520.4197879092035,2010
R6B-307,E1,2010-06-01T04:05:00+00:00,6527.736060198192,2010
R6B-307,E1,2010-06-02T04:35:00+00:00,6512.216601841688,2010
R6B-307,E1,2010-06-08T11:45:00+00:00,6525.969082971433,2010
R6B-307,E1,2010-06-11T06:45:00+00:00,6523.048162596518,2010
R6B-307,E1,2010-06-14T04:05:00+00:00,6516.15973224641,2010
R6B-307,E1,2010-06-14T10:55:00+00:00,6487.084962387518,2010
R6B-307,E1,2010-06-15T10:25:00+00:00,6483.900636127984,2010
R6B-307,E1,2010-06-17T04:10:00+00:00,6487.681877740073,2010
R6B-307,E1,2010-06-17T10:40:00+00:00,6481.186066667654,2010
R6B-307,E1,2010-06-21T10:05:00+00:00,6462.175220372335,2010
R6B-307,E1,2010-06-22T05:40:00+00:00,6448.005081873192,2010
R6B-307,E1,2010-06-23T11:25:00+00:00,6459.551057980304,2010
R6B-307,E1,2010-06-25T06:20:00+00:00,6440.604338055094,2010
R6B-307,E1,2010-06-25T11:30:00+00:00,6435.349432960883,2010
R6B-307,E1,2010-06-28T04:30:00+00:00,6422.845209210961,2010
R6B-307,E1,2010-06-29T04:15:00+00:00,6406.648737527119,2010
R6B-307,E1,2010-07-02T06:25:00+00:00,6408.901310043822,2010
R6B-307,E1,2010-07-02T11:30:00+00:00,6394.344980097006,2010
R6B-307,E1,2010-07-05T06:50:00+00:00,6382.997323991184,2010
R6B-307,E1,2010-07-08T04:05:00+00:00,6376.051728151234,2010
R6B-307,E1,2010-07-08T10:30:00+00:00,6332.609854783526,2010
R6B-307,E1,2010-07-09T11:20:00+00:00,6319.21957066285,2010
R6B-307,E1,2010-07-13T11:30:00+00:00,6337.714354147334,2010
R6B-307,E1,2010-07-14T10:30:00+00:00,6332.232968241368,2010
R6B-307,E1,2010-07-15T04:10:00+00:00,6338.902078728957,2010
R6B-307,E1,2010-07-16T04:35:00+00:00,6319.598967929742,2010
R6B-307,E1,2010-07-19T06:05:00+00:00,6312.528972762547,2010
R6B-307,E1,2010-07-20T10:30:00+00:00,6273.038113732935,2010
R6B-307,E1,2010-07-23T11:30:00+00:00,6269.178830883259,2010
R6B-307,E1,2010-07-26T04:40:00+00:00,6275.890419206521,2010
R6B-307,E1,2010-07-26T10:50:00+00:00,6238.484325479482,2010
R6B-307,E1,2010-07-27T05:55:00+00:00,6237.733083304639,2010
R6B-307,E1,2010-07-27T11:40:00+00:00,6224.055231073987,2010
R6B-307,E1,2010-07-28T06:50:00+00:00,6216.938929344123,2010
R6B-307,E1,2010-07-28T11:25:00+00:00,6206.641767585355,2010
R6B-307,E1,2010-07-29T04:45:00+00:00,6208.649080346663,2010
R6B-307,E1,2010-07-29T09:55:00+00:00,6200.336171801769,2010
R6B-307,E1,2010-07-30T07:45:00+00:00,6195.673922234742,2010
R6B-307,E1,2010-08-02T06:55:00+00:00,6183.770440046307,2010
R6B-307,E1,2010-08-04T04:55:00+00:00,6186.106930826175,2010
R6B-307,E1,2010-08-05T11:55:00+00:00,6177.227164415683,2010
R6B-307,E1,2010-08-06T08:45:00+00:00,6174.458086754733,2010
R6B-307,E1,2010-08-09T09:05:00+00:00,6182.028908558806,2010
R6B-307,E1,2010-08-13T08:40:00+00:00,6181.381704568222,2010
R6B-307,E1,2010-08-16T04:05:00+00:00,6192.962267836456,2010
R6B-307,E1,2010-08-16T10:25:00+00:00,6200.650180042244,2010
R6B-307,E1,2010-08-17T11:10:00+00:00,6203.815306137046,2010
R6B-307,E1,2010-08-23T05:05:00+00:00,6204.953517913048,2010
R6B-307,E1,2010-08-23T11:15:00+00:00,6180.505980419636,2010
R6B-307,E1,2010-08-25T09:20:00+00:00,6202.276080252103,2010
R6B-307,E1,2010-08-26T09:15:00+00:00,6201.707680926874,2010
R6B-307,E1,2010-09-01T09:55:00+00:00,6204.357346926726,2010
R6B-307,E1,2010-09-02T08:50:00+00:00,6205.938231956587,2010
R6B-307,E1,2010-09-03T11:15:00+00:00,6204.04293885173,2010
R6B-307,E1,2010-09-06T08:10:00+00:00,6206.87124069137,2010
R6B-307,E1,2010-09-08T08:00:00+00:00,6213.576506489479,2010
R6B-307,E1,2010-09-09T08:40:00+00:00,6205.014565124051,2010
R6B-307,E1,2010-09-10T09:20:00+00:00,6204.987646912948,2010
R6B-307,E1,2010-09-13T10:10:00+00:00,6195.467962755116,2010
R6B-307,E1,2010-09-14T10:40:00+00:00,6203.940870870069,2010
R6B-307,E1,2010-09-15T11:10:00+00:00,6191.502083467874,2010
R6B-307,E1,2010-09-17T06:25:00+00:00,6201.023028502547,2010
R6B-307,E1,2010-09-17T10:55:00+00:00,6190.238447489836,2010
R6B-307,E1,2010-09-20T05:05:00+00:00,6206.118412297933,2010
R6B-307,E1,2010-09-20T10:10:00+00:00,6193.786739449244,2010
R6B-307,E1,2010-09-22T08:10:00+00:00,6190.924762153569,2010
R6B-307,E1,2010-09-23T05:25:00+00:00,6178.276975410358,2010
R6B-307,E1,2010-09-24T11:35:00+00:00,6193.493865385062,2010
R6B-307,E1,2010-09-27T09:05:00+00:00,6191.020472053101,2010
R6B-307,E1,2010-09-29T08:05:00+00:00,6188.070000891903,2010
R6B-307,E1,2010-09-30T10:50:00+00:00,6205.814975333944,2010
R6B-307,E1,2010-10-01T07:00:00+00:00,6197.2883701154915,2010
R6B-307,E1,2010-10-01T11:15:00+00:00,6215.107928034415,2010
R6B-307,E1,2010-10-04T10:15:00+00:00,6197.012348136437,2010
R6B-307,E1,2010-10-05T08:50:00+00:00,6231.986115121237,2010
R6B-307,E1,2010-10-06T04:20:00+00:00,6240.1808582032,2010
R6B-307,E1,2010-10-06T08:35:00+00:00,6246.486950485303,2010
R6B-307,E1,2010-10-07T06:40:00+00:00,6270.071729392709,2010
R6B-307,E1,2010-10-07T10:40:00+00:00,6271.719583131037,2010
R6B-307,E1,2010-10-11T04:05:00+00:00,6271.107891930105,2010
R6B-307,E1,2010-10-13T04:50:00+00:00,6281.9999181071635,2010
R6B-307,E1,2010-10-13T11:55:00+00:00,6275.40624544544,2010
R6B-307,E1,2010-10-14T04:05:00+00:00,6281.964655917125,2010
R6B-307,E1,2010-10-14T08:55:00+00:00,6288.55387014323,2010
R6B-307,E1,2010-10-20T07:20:00+00:00,6293.921151366732,2010
R6B-307,E1,2010-10-20T11:50:00+00:00,6289.730462229677,2010
R6B-307,E1,2010-10-22T07:15:00+00:00,6266.51280075957,2010
R6B-307,E1,2010-10-25T04:05:00+00:00,6286.968686162139,2010
R6B-307,E1,2010-10-25T09:20:00+00:00,6308.86121257536,2010
R6B-307,E1,2010-10-26T05:00:00+00:00,6285.180650353183,2010
R6B-307,E1,2010-11-01T04:05:00+00:00,6273.310626208781,2010
R6B-307,E1,2010-11-01T09:20:00+00:00,6274.119458732707,2010
R6B-307,E1,2010-11-02T07:25:00+00:00,6278.058606403855,2010
R6B-307,E1,2010-11-04T05:10:00+00:00,6301.023476814501,2010
R6B-307,E1,2010-11-04T11:40:00+00:00,6317.310089576441,2010
R6B-307,E1,2010-11-09T06:40:00+00:00,6320.452649664856,2010
R6B-307,E1,2010-11-11T06:20:00+00:00,6325.424353630856,2010
R6B-307,E1,2010-11-16T08:40:00+00:00,6304.1036386837395,2010
R6B-307,E1,2010-11-18T04:45:00+00:00,6327.602703990336,2010
R6B-307,E1,2010-11-18T09:40:00+00:00,6346.4663430940445,2010
R6B-307,E1,2010-11-19T04:05:00+00:00,6298.885206830245,2010
R6B-307,E1,2010-11-22T04:05:00+00:00,6304.130108953158,2010
R6B-307,E1,2010-11-22T08:45:00+00:00,6300.659167517611,2010
R6B-307,E1,2010-11-23T11:15:00+00:00,6279.133961792321,2010
R6B-307,E1,2010-11-24T10:50:00+00:00,6273.586897788054,2010
R6B-307,E1,2010-11-29T07:00:00+00:00,6261.8439558386435,2010
R6B-307,E1,2010-11-29T11:20:00+00:00,6234.267094691414,2010
R6B-307,E1,2010-11-30T11:20:00+00:00,6249.315471649033,2010
R6B-307,E1,2010-12-01T05:55:00+00:00,6257.8243790404085,2010
R6B-307,E1,2010-12-01T10:30:00+00:00,6253.643722995566,2010
R6B-307,E1,2010-12-02T07:10:00+00:00,6257.1317984641055,2010
R6B-307,E1,2010-12-02T11:40:00+00:00,6237.216024452923,2010
R6B-307,E1,2010-12-03T10:05:00+00:00,6236.340378900852,2010
R6B-307,E1,2010-12-06T10:15:00+00:00,6231.925469618824,2010
R6B-307,E1,2010-12-09T06:35:00+00:00,6225.989675580318,2010
R6B-307,E1,2010-12-10T09:05:00+00:00,6224.298353561594,2010
R6B-307,E1,2010-12-13T07:15:00+00:00,6229.0027104100545,2010
R6B-307,E1,2010-12-13T11:15:00+00:00,6230.170564800966,2010
R6B-307,E1,2010-12-14T05:30:00+00:00,6238.585778764707,2010
R6B-307,E1,2010-12-16T10:15:00+00:00,6246.655432080415,2010
R6B-307,E1,2010-12-17T05:10:00+00:00,6250.355875850256,2010
R6B-307,E1,2010-12-17T10:35:00+00:00,6236.489864459139,2010
R6B-307,E1,2010-12-20T04:05:00+00:00,6248.097180384265,2010
R6B-307,E1,2010-12-20T10:05:00+00:00,6240.342531891661,2010
R6B-307,E1,2010-12-21T06:00:00+00:00,6230.65896997831,2010
R6B-307,E1,2010-12-21T11:10:00+00:00,6219.629421684648,2010
R6B-307,E1,2010-12-22T05:00:00+00:00,6219.122650016461,2010
R6B-307,E1,2010-12-23T07:05:00+00:00,6214.231012570076,2010
R6B-307,E1,2010-12-24T07:40:00+00:00,6228.746934955747,2010
R6B-307,E1,2010-12-24T11:50:00+00:00,6218.083956714048,2010
R6B-307,E1,2010-12-27T09:45:00+00:00,6205.1659256858975,2010
R6B-307,E1,2010-12-28T04:10:00+00:00,6228.900510004313,2010
R6B-307,E1,2010-12-28T08:25:00+00:00,6217.915442389689,2010
R6B-307,E1,2010-12-29T09:40:00+00:00,6211.914719230736,2010
R6B-307,E1,2010-12-30T10:00:00+00:00,6204.589354638904,2010
R6B-307,E1,2010-12-31T04:25:00+00:00,6206.490730695272,2010
R6B-307,E1,2010-12-31T10:30:00+00:00,6209.245302376946,2010
R6B-307,E1,2011-01-06T11:15:00+00:00,6185.706753309353,2011
R6B-307,E1,2011-01-10T05:40:00+00:00,6188.252459706822,2011
R6B-307,E1,2011-01-11T04:10:00+00:00,6184.607163724185,2011
R6B-307,E1,2011-01-11T11:25:00+00:00,6201.75725478785,2011
R6B-307,E1,2011-01-12T06:00:00+00:00,6193.591168247727,2011
R6B-307,E1,2011-01-12T11:55:00+00:00,6170.126208812958,2011
R6B-307,E1,2011-01-14T09:45:00+00:00,6135.332449580402,2011
R6B-307,E1,2011-01-17T04:05:00+00:00,6141.371341505642,2011
R6B-307,E1,2011-01-18T04:25:00+00:00,6144.145245410155,2011
R6B-307,E1,2011-01-18T08:55:00+00:00,6154.262766535214,2011
R6B-307,E1,2011-01-19T04:50:00+00:00,6155.104881894677,2011
R6B-307,E1,2011-01-19T09:35:00+00:00,6144.517842788833,2011
R6B-307,E1,2011-01-20T08:25:00+00:00,6104.482811164357,2011
R6B-307,E1,2011-01-24T04:35:00+00:00,6124.312898044533,2011
R6B-307,E1,2011-01-26T05:20:00+00:00,6117.172280343091,2011
R6B-307,E1,2011-01-26T11:20:00+00:00,6114.424645109172,2011
R6B-307,E1,2011-01-27T07:10:00+00:00,6102.094238477643,2011
R6B-307,E1,2011-02-01T05:05:00+00:00,6106.834949560061,2011
R6B-307,E1,2011-02-01T11:30:00+00:00,6096.834609383887,2011
R6B-307,E1,2011-02-07T10:10:00+00:00,6090.789559947957,2011
R6B-307,E1,2011-02-08T10:55:00+00:00,6094.870611525461,2011
R6B-307,E1,2011-02-09T11:15:00+00:00,6080.964703987938,2011
R6B-307,E1,2011-02-14T09:10:00+00:00,6079.646633370461,2011
R6B-307,E1,2011-02-15T06:50:00+00:00,6077.878006911681,2011
R6B-307,E1,2011-02-16T10:20:00+00:00,6079.293218325075,2011
R6B-307,E1,2011-02-17T06:00:00+00:00,6075.615739702528,2011
R6B-307,E1,2011-02-17T11:35:00+00:00,6068.01418709396,2011
R6B-307,E1,2011-02-18T08:15:00+00:00,6075.606554937798,2011
R6B-307,E1,2011-02-21T04:55:00+00:00,6082.976670992803,2011
R6B-307,E1,2011-02-21T11:00:00+00:00,6105.3318311308585,2011
R6B-307,E1,2011-02-22T04:05:00+00:00,6083.309732248511,2011
R6B-307,E1,2011-02-25T08:35:00+00:00,6079.086296721486,2011
R6B-307,E1,2011-02-28T04:05:00+00:00,6073.7757244401055,2011
R6B-307,E1,2011-02-28T11:05:00+00:00,6047.200437082961,2011
R6B-307,E1,2011-03-01T08:10:00+00:00,6049.806629496135,2011
R6B-307,E1,2011-03-04T05:50:00+00:00,6044.0273118173045,2011
R6B-307,E1,2011-03-07T04:05:00+00:00,6047.642905140561,2011
R6B-307,E1,2011-03-07T10:15:00+00:00,6044.516820580891,2011
R6B-307,E1,2011-03-11T07:00:00+00:00,6024.213186768314,2011
R6B-307,E1,2011-03-11T11:45:00+00:00,5982.49402864466,2011
R6B-307,E1,2011-03-14T04:05:00+00:00,5966.9490364989415,2011
R6B-307,E1,2011-03-16T04:45:00+00:00,5961.467766108471,2011
R6B-307,E1,2011-03-16T10:25:00+00:00,5953.865655844062,2011
R6B-307,E1,2011-03-17T11:20:00+00:00,5975.926677473215,2011
R6B-307,E1,2011-03-18T04:05:00+00:00,5978.563396014292,2011
R6B-307,E1,2011-03-18T10:55:00+00:00,5987.890884481666,2011
R6B-307,E1,2011-03-21T04:05:00+00:00,6004.17147900904,2011
R6B-307,E1,2011-03-22T05:30:00+00:00,6004.5885810546015,2011
R6B-307,E1,2011-03-23T11:05:00+00:00,6017.342210535132,2011
R6B-307,E1,2011-03-25T07:30:00+00:00,6017.637453652063,2011
R6B-307,E1,2011-03-25T11:55:00+00:00,6016.433144142897,2011
R6B-307,E1,2011-03-30T09:55:00+00:00,6004.774610343463,2011
R6B-307,E1,2011-03-31T05:55:00+00:00,6008.483237199418,2011
R6B-307,E1,2011-03-31T10:30:00+00:00,6007.451669604992,2011
R6B-307,E1,2011-04-01T11:00:00+00:00,6000.636437589278,2011
R6B-307,E1,2011-04-04T05:10:00+00:00,5995.170990891403,2011
R6B-307,E1,2011-04-04T10:55:00+00:00,6004.026418999065,2011
R6B-307,E1,2011-04-05T04:35:00+00:00,5998.766088704997,2011
R6B-307,E1,2011-04-05T09:00:00+00:00,5983.313653913714,2011
R6B-307,E1,2011-04-06T10:50:00+00:00,5999.991101091668,2011
R6B-307,E1,2011-04-08T05:55:00+00:00,6015.012938334925,2011
R6B-307,E1,2011-04-08T10:55:00+00:00,6033.815809608352,2011
R6B-307,E1,2011-04-11T04:05:00+00:00,6019.998913986186,2011
R6B-307,E1,2011-04-13T04:10:00+00:00,6023.827610977728,2011
R6B-307,E1,2011-04-13T09:05:00+00:00,6018.978721000568,2011
R6B-307,E1,2011-04-14T04:05:00+00:00,6018.492527130928,2011
R6B-307,E1,2011-04-14T09:25:00+00:00,6014.134535793557,2011
R6B-307,E1,2011-04-15T04:05:00+00:00,5993.759370217082,2011
R6B-307,E1,2011-04-20T06:45:00+00:00,6006.801701233302,2011
R6B-307,E1,2011-04-20T10:55:00+00:00,6015.329855101728,2011
R6B-307,E1,2011-04-21T04:30:00+00:00,6021.543694457403,2011
R6B-307,E1,2011-04-21T09:45:00+00:00,6014.145744135586,2011
R6B-307,E1,2011-04-22T08:25:00+00:00,6022.142233237837,2011
R6B-307,E1,2011-04-25T04:05:00+00:00,6022.530784184995,2011
R6B-307,E1,2011-04-25T08:05:00+00:00,6036.266271116325,2011
R6B-307,E1,2011-04-27T04:35:00+00:00,6027.0965130220575,2011
R6B-307,E1,2011-04-28T08:40:00+00:00,6018.877195819099,2011
R6B-307,E1,2011-05-03T07:50:00+00:00,5995.426319175605,2011
R6B-307,E1,2011-05-04T11:40:00+00:00,5984.565865426238,2011
R6B-307,E1,2011-05-05T08:00:00+00:00,5968.271730151608,2011
R6B-307,E1,2011-05-06T04:20:00+00:00,5969.293257399534,2011
R6B-307,E1,2011-05-09T06:40:00+00:00,5983.194115732479,2011
R6B-307,E1,2011-05-09T11:15:00+00:00,5987.943299204248,2011
R6B-307,E1,2011-05-10T12:00:00+00:00,5994.885907060323,2011
R6B-307,E1,2011-05-11T04:55:00+00:00,6007.965242965098,2011
R6B-307,E1,2011-05-11T10:25:00+00:00,6001.446326724166,2011
R6B-307,E1,2011-05-13T10:20:00+00:00,6018.724213154711,2011
R6B-307,E1,2011-05-16T11:15:00+00:00,6008.564639144433,2011
R6B-307,E1,2011-05-17T07:10:00+00:00,6012.062774954344,2011
R6B-307,E1,2011-05-17T11:45:00+00:00,6001.415411507322,2011
R6B-307,E1,2011-05-18T05:50:00+00:00,5999.9534857721455,2011
R6B-307,E1,2011-05-18T11:20:00+00:00,5999.947413630567,2011
R6B-307,E1,2011-05-19T05:30:00+00:00,5985.664615990319,2011
R6B-307,E1,2011-05-20T08:35:00+00:00,6012.486979448775,2011
R6B-307,E1,2011-05-24T04:35:00+00:00,6007.4075270213125,2011
R6B-307,E1,2011-05-24T09:20:00+00:00,6009.576570054967,2011
R6B-307,E1,2011-05-25T11:15:00+00:00,6012.64530907817,2011
R6B-307,E1,2011-05-26T08:35:00+00:00,5989.090933009869,2011
R6B-307,E1,2011-05-27T05:00:00+00:00,5987.817170593225,2011
R6B-307,E1,2011-05-27T11:05:00+00:00,5978.655422207024,2011
R6B-307,E1,2011-05-31T04:35:00+00:00,5970.616359488548,2011
R6B-307,E1,2011-06-06T04:50:00+00:00,5972.464648902897,2011
R6B-307,E1,2011-06-06T08:55:00+00:00,5961.531827904275,2011
R6B-307,E1,2011-06-07T10:30:00+00:00,5970.454566663682,2011
R6B-307,E1,2011-06-14T06:40:00+00:00,5977.308303262711,2011
R6B-307,E1,2011-06-20T04:20:00+00:00,5964.405046520186,2011
R6B-307,E1,2011-06-21T05:55:00+00:00,5962.890856462991,2011
R6B-307,E1,2011-06-21T10:05:00+00:00,5963.0266092884785,2011
R6B-307,E1,2011-06-27T07:25:00+00:00,5929.11585555188,2011
R6B-307,E1,2011-06-28T11:35:00+00:00,5918.669188225605,2011
R6B-307,E1,2011-06-29T04:30:00+00:00,5923.154074633336,2011
R6B-307,E1,2011-06-29T09:35:00+00:00,5925.966394918621,2011
R6B-307,E1,2011-06-30T06:40:00+00:00,5906.6427200939925,2011
R6B-307,E1,2011-07-04T04:05:00+00:00,5913.931069535874,2011
R6B-307,E1,2011-07-04T08:45:00+00:00,5913.830049492812,2011
R6B-307,E1,2011-07-05T04:30:00+00:00,5911.468618816471,2011
R6B-307,E1,2011-07-06T09:00:00+00:00,5907.3140143957635,2011
R6B-307,E1,2011-07-07T07:20:00+00:00,5905.0884048757025,2011
R6B-307,E1,2011-07-11T08:40:00+00:00,5901.894839371294,2011
R6B-307,E1,2011-07-13T11:10:00+00:00,5911.635176862647,2011
R6B-307,E1,2011-07-18T04:05:00+00:00,5904.46394425731,2011
R6B-307,E1,2011-07-18T11:00:00+00:00,5911.136303596648,2011
R6B-307,E1,2011-07-19T09:30:00+00:00,5895.166907794758,2011
R6B-307,E1,2011-07-20T06:50:00+00:00,5884.689179503823,2011
R6B-307,E1,2011-07-20T11:20:00+00:00,5867.229991280997,2011
R6B-307,E1,2011-07-21T10:20:00+00:00,5848.097345093933,2011
R6B-307,E1,2011-07-25T04:05:00+00:00,5840.277930104893,2011
R6B-307,E1,2011-07-25T10:25:00+00:00,5847.130883555867,2011
R6B-307,E1,2011-07-26T08:35:00+00:00,5829.998689150444,2011
R6B-307,E1,2011-07-27T04:20:00+00:00,5830.6014863117525,2011
R6B-307,E1,2011-07-27T09:35:00+00:00,5818.081862986086,2011
R6B-307,E1,2011-07-28T06:50:00+00:00,5807.431129145046,2011
R6B-307,E1,2011-07-28T11:50:00+00:00,5803.346967415891,2011
R6B-307,E1,2011-07-29T06:35:00+00:00,5786.016377175026,2011
R6B-307,E1,2011-08-02T07:10:00+00:00,5796.538373395421,2011
R6B-307,E1,2011-08-02T11:25:00+00:00,5798.77493147496,2011
R6B-307,E1,2011-08-03T09:55:00+00:00,5811.600887845672,2011
R6B-307,E1,2011-08-04T07:20:00+00:00,5805.535446142057,2011
R6B-307,E1,2011-08-05T07:30:00+00:00,5812.702929703729,2011
R6B-307,E1,2011-08-08T04:05:00+00:00,5857.4947148769,2011
R6B-307,E1,2011-08-08T08:20:00+00:00,5857.73344811945,2011
R6B-307,E1,2011-08-09T04:05:00+00:00,5995.522504318014,2011
R6B-307,E1,2011-08-09T08:05:00+00:00,5950.292062052813,2011
R6B-307,E1,2011-08-16T11:00:00+00:00,5971.82206317133,2011
R6B-307,E1,2011-08-17T10:05:00+00:00,5983.272338392238,2011
R6B-307,E1,2011-08-18T06:50:00+00:00,5983.30185575622,2011
R6B-307,E1,2011-08-18T12:00:00+00:00,6039.224189534036,2011
R6B-307,E1,2011-08-19T04:10:00+00:00,6068.675004207913,2011
R6B-307,E1,2011-08-19T09:40:00+00:00,6120.697134434158,2011
R6B-307,E1,2011-08-22T04:05:00+00:00,6129.442169785365,2011
R6B-307,E1,2011-08-22T09:10:00+00:00,6154.63911211124,2011
R6B-307,E1,2011-08-26T07:25:00+00:00,6165.763935242771,2011
R6B-307,E1,2011-08-26T11:30:00+00:00,6187.537189291648,2011
R6B-307,E1,2011-08-30T04:55:00+00:00,6178.712937629844,2011
R6B-307,E1,2011-09-02T06:45:00+00:00,6179.004705060778,2011
R6B-307,E1,2011-09-02T10:50:00+00:00,6232.99963393517,2011
R6B-307,E1,2011-09-05T04:15:00+00:00,6206.894059705917,2011
R6B-307,E1,2011-09-05T11:35:00+00:00,6214.647363040068,2011
R6B-307,E1,2011-09-06T07:15:00+00:00,6225.210403077962,2011
R6B-307,E1,2011-09-08T05:00:00+00:00,6224.584021287044,2011
R6B-307,E1,2011-09-09T09:40:00+00:00,6251.816473178493,2011
R6B-307,E1,2011-09-13T04:05:00+00:00,6269.701729370654,2011
R6B-307,E1,2011-09-13T08:20:00+00:00,6170.275145465591,2011
R6B-307,E1,2011-09-14T05:10:00+00:00,6129.956458291793,2011
R6B-307,E1,2011-09-15T04:20:00+00:00,6082.956586364706,2011
R6B-307,E1,2011-09-19T04:05:00+00:00,6069.406876825608,2011
R6B-307,E1,2011-09-20T11:05:00+00:00,6063.423171381205,2011
R6B-307,E1,2011-09-21T07:40:00+00:00,6076.687212858046,2011
R6B-307,E1,2011-09-23T05:05:00+00:00,6035.152470895453,2011
R6B-307,E1,2011-09-27T05:05:00+00:00,6050.335801856267,2011
R6B-307,E1,2011-09-27T10:00:00+00:00,6112.956936700436,2011
R6B-307,E1,2011-09-28T10:55:00+00:00,6118.99007310729,2011
R6B-307,E1,2011-09-29T07:40:00+00:00,6154.423618120192,2011
R6B-307,E1,2011-09-30T05:05:00+00:00,6140.199766101602,2011
R6B-307,E1,2011-10-03T05:10:00+00:00,6126.244336905323,2011
R6B-307,E1,2011-10-03T10:30:00+00:00,6208.076466500941,2011
R6B-307,E1,2011-10-04T10:10:00+00:00,6193.131167176138,2011
R6B-307,E1,2011-10-05T04:10:00+00:00,6165.440943289633,2011
R6B-307,E1,2011-10-06T06:35:00+00:00,6169.672352771942,2011
R6B-307,E1,2011-10-06T10:40:00+00:00,6173.406281770107,2011
R6B-307,E1,2011-10-07T06:20:00+00:00,6180.189563806168,2011
R6B-307,E1,2011-10-10T05:00:00+00:00,6192.215559808559,2011
R6B-307,E1,2011-10-10T11:25:00+00:00,6215.65830775615,2011
R6B-307,E1,2011-10-11T06:00:00+00:00,6203.61744204962,2011
R6B-307,E1,2011-10-12T06:55:00+00:00,6219.892885789394,2011
R6B-307,E1,2011-10-12T10:55:00+00:00,6252.853947849245,2011
R6B-307,E1,2011-10-14T09:45:00+00:00,6275.517579072511,2011
R6B-307,E1,2011-10-17T07:15:00+00:00,6271.603357543891,2011
R6B-307,E1,2011-10-17T11:25:00+00:00,6247.126707510678,2011
R6B-307,E1,2011-10-18T05:00:00+00:00,6227.383612357405,2011
R6B-307,E1,2011-10-21T05:25:00+00:00,6225.472376003133,2011
R6B-307,E1,2011-10-21T10:05:00+00:00,6196.0317425396115,2011
R6B-307,E1,2011-10-24T04:05:00+00:00,6201.55615256937,2011
R6B-307,E1,2011-10-24T08:35:00+00:00,6213.978575789397,2011
R6B-307,E1,2011-10-25T07:05:00+00:00,6210.520546694145,2011
R6B-307,E1,2011-10-25T11:50:00+00:00,6190.141938540383,2011
R6B-307,E1,2011-10-26T04:35:00+00:00,6199.8600915080815,2011
R6B-307,E1,2011-10-26T09:35:00+00:00,6186.520340819368,2011
R6B-307,E1,2011-10-27T06:00:00+00:00,6169.3756007152415,2011
R6B-307,E1,2011-10-28T05:00:00+00:00,6146.693049777027,2011
R6B-307,E1,2011-11-02T05:05:00+00:00,6148.207251714738,2011
R6B-307,E1,2011-11-02T12:00:00+00:00,6140.620002780578,2011
R6B-307,E1,2011-11-07T04:40:00+00:00,6177.662764228372,2011
R6B-307,E1,2011-11-07T11:05:00+00:00,6157.233216266741,2011
R6B-307,E1,2011-11-11T05:50:00+00:00,6170.220382202556,2011
R6B-307,E1,2011-11-14T04:05:00+00:00,6159.452690770884,2011
R6B-307,E1,2011-11-17T09:40:00+00:00,6136.5098481161795,2011
R6B-307,E1,2011-11-18T06:50:00+00:00,6121.113022664814,2011
R6B-307,E1,2011-11-22T06:15:00+00:00,6104.701885923159,2011
R6B-307,E1,2011-11-22T11:45:00+00:00,6140.240165880635,2011
R6B-307,E1,2011-11-23T05:30:00+00:00,6134.793135626505,2011
R6B-307,E1,2011-11-24T11:05:00+00:00,6139.725731281575,2011
R6B-307,E1,2011-11-28T04:05:00+00:00,6173.446387764383,2011
R6B-307,E1,2011-11-29T09:45:00+00:00,6153.036791568387,2011
R6B-307,E1,2011-11-30T04:20:00+00:00,6143.266848917512,2011
R6B-307,E1,2011-12-02T10:20:00+00:00,6162.297564217934,2011
R6B-307,E1,2011-12-05T04:05:00+00:00,6137.81120615212,2011
R6B-307,E1,2011-12-07T11:05:00+00:00,6116.142928095461,2011
R6B-307,E1,2011-12-09T06:00:00+00:00,6096.018653036247,2011
R6B-307,E1,2011-12-14T08:00:00+00:00,6080.714033839966,2011
R6B-307,E1,2011-12-15T11:50:00+00:00,6108.681285049854,2011
R6B-307,E1,2011-12-16T04:40:00+00:00,6144.717700244525,2011
R6B-307,E1,2011-12-16T10:50:00+00:00,6136.0164487732545,2011
R6B-307,E1,2011-12-19T04:05:00+00:00,6095.031677765578,2011
R6B-307,E1,2011-12-20T05:00:00+00:00,6083.83332179709,2011
R6B-307,E1,2011-12-21T04:05:00+00:00,6103.279007186545,2011
R6B-307,E1,2011-12-21T11:20:00+00:00,6095.618689530204,2011
R6B-307,E1,2011-12-23T05:15:00+00:00,6101.611268368822,2011
R6B-307,E1,2011-12-30T04:05:00+00:00,6113.115801208059,2011
R6B-307,E1,2011-12-30T11:10:00+00:00,6154.343104157538,2011
R6B-307,E1,2012-01-03T04:05:00+00:00,6176.245523862643,2012
R6B-307,E1,2012-01-03T08:35:00+00:00,6190.4710519563605,2012
R6B-307,E1,2012-01-04T04:05:00+00:00,6153.238002590254,2012
R6B-307,E1,2012-01-05T07:05:00+00:00,6170.43347609561,2012
R6B-307,E1,2012-01-05T11:05:00+00:00,6128.561507838779,2012
R6B-307,E1,2012-01-06T07:05:00+00:00,6125.3121369338005,2012
R6B-307,E1,2012-01-09T11:35:00+00:00,6119.346203257029,2012
R6B-307,E1,2012-01-10T05:40:00+00:00,6133.954015556567,2012
R6B-307,E1,2012-01-10T10:20:00+00:00,6145.119447241519,2012
R6B-307,E1,2012-01-11T07:20:00+00:00,6171.861248729016,2012
R6B-307,E1,2012-01-12T09:30:00+00:00,6182.9309345002985,2012
R6B-307,E1,2012-01-16T07:30:00+00:00,6186.585456295495,2012
R6B-307,E1,2012-01-17T05:10:00+00:00,6223.3217716000345,2012
R6B-307,E1,2012-01-17T10:15:00+00:00,6240.159381692482,2012
R6B-307,E1,2012-01-18T08:40:00+00:00,6211.124383150646,2012
R6B-307,E1,2012-01-19T05:50:00+00:00,6207.361616261284,2012
R6B-307,E1,2012-01-20T11:35:00+00:00,6159.632093945895,2012
R6B-307,E1,2012-01-23T05:35:00+00:00,6174.438312116586,2012
R6B-307,E1,2012-01-25T11:35:00+00:00,6123.254410676367,2012
R6B-307,E1,2012-01-26T04:10:00+00:00,6115.342487701481,2012
R6B-307,E1,2012-01-26T11:10:00+00:00,6117.491172096961,2012
R6B-307,E1,2012-01-31T05:10:00+00:00,6110.915541576297,2012
R6B-307,E1,2012-01-31T11:25:00+00:00,6108.7929894723575,2012
R6B-307,E1,2012-02-02T05:05:00+00:00,6096.983901170918,2012
R6B-307,E1,2012-02-07T10:35:00+00:00,6076.649116850044,2012
R6B-307,E1,2012-02-08T10:30:00+00:00,6046.809559884433,2012
R6B-307,E1,2012-02-09T09:10:00+00:00,6045.773242117503,2012
R6B-307,E1,2012-02-13T04:05:00+00:00,6051.101185590456,2012
R6B-307,E1,2012-02-13T08:35:00+00:00,6057.274750260831,2012
R6B-307,E1,2012-02-15T05:15:00+00:00,6064.996179871079,2012
R6B-307,E1,2012-02-15T09:30:00+00:00,6067.95217462703,2012
R6B-307,E1,2012-02-17T05:05:00+00:00,6069.277447819606,2012
R6B-307,E1,2012-02-17T09:40:00+00:00,6063.285740229552,2012
R6B-307,E1,2012-02-20T04:05:00+00:00,6065.565191990516,2012
R6B-307,E1,2012-02-21T09:50:00+00:00,6074.198071498779,2012
R6B-307,E1,2012-02-22T11:25:00+00:00,6057.059893356496,2012
R6B-307,E1,2012-02-24T08:40:00+00:00,6046.4154838085415,2012
R6B-307,E1,2012-02-28T08:35:00+00:00,6069.985341241471,2012
R6B-307,E1,2012-02-29T08:35:00+00:00,6056.67926646726,2012
R6B-307,E1,2012-03-01T07:00:00+00:00,6033.731201741878,2012
R6B-307,E1,2012-03-05T05:05:00+00:00,6017.314500758343,2012
R6B-307,E1,2012-03-06T05:05:00+00:00,5987.685268839186,2012
R6B-307,E1,2012-03-07T04:10:00+00:00,5986.91397334705,2012
R6B-307,E1,2012-03-08T09:05:00+00:00,6001.92976437973,2012
R6B-307,E1,2012-03-09T06:50:00+00:00,5994.163733299207,2012
R6B-307,E1,2012-03-13T05:05:00+00:00,5992.262591514881,2012
R6B-307,E1,2012-03-14T08:40:00+00:00,5933.183619440684,2012
R6B-307,E1,2012-03-15T07:25:00+00:00,5939.824780862937,2012
R6B-307,E1,2012-03-16T06:20:00+00:00,5932.9662551877445,2012
R6B-307,E1,2012-03-16T11:10:00+00:00,5873.354613886853,2012
R6B-307,E1,2012-03-19T04:05:00+00:00,5882.765456704786,2012
R6B-307,E1,2012-03-21T05:05:00+00:00,5870.192650286945,2012
R6B-307,E1,2012-03-22T05:15:00+00:00,5850.165981008435,2012
R6B-307,E1,2012-03-23T05:05:00+00:00,5838.249664171694,2012
R6B-307,E1,2012-03-26T04:05:00+00:00,5813.928020873896,2012
R6B-307,E1,2012-03-27T10:15:00+00:00,5822.638300560685,2012
R6B-307,E1,2012-03-28T11:45:00+00:00,5799.949160458205,2012
R6B-307,E1,2012-03-30T04:55:00+00:00,5791.536245199377,2012
R6B-307,E1,2012-03-30T11:05:00+00:00,5785.509698566836,2012
R6B-307,E1,2012-04-02T04:05:00+00:00,5769.372558334175,2012
R6B-307,E1,2012-04-03T07:30:00+00:00,5760.86301344281,2012
R6B-307,E1,2012-04-05T06:55:00+00:00,5758.832572621768,2012
R6B-307,E1,2012-04-05T12:00:00+00:00,5743.546490712205,2012
R6B-307,E1,2012-04-06T11:35:00+00:00,5735.1088635635,2012
R6B-307,E1,2012-04-09T04:05:00+00:00,5726.08461123122,2012
R6B-307,E1,2012-04-09T10:15:00+00:00,5707.157292500115,2012
R6B-307,E1,2012-04-10T05:00:00+00:00,5722.592054436787,2012
R6B-307,E1,2012-04-11T10:10:00+00:00,5708.0837961049,2012
R6B-307,E1,2012-04-18T07:15:00+00:00,5702.560013885754,2012
R6B-307,E1,2012-04-19T11:25:00+00:00,5676.669751129874,2012
R6B-307,E1,2012-04-20T07:10:00+00:00,5669.7862437543845,2012
R6B-307,E1,2012-04-24T11:40:00+00:00,5672.650126143668,2012
R6B-307,E1,2012-04-26T07:05:00+00:00,5680.843739627038,2012
R6B-307,E1,2012-04-26T11:20:00+00:00,5669.977493056898,2012
R6B-307,E1,2012-04-30T10:30:00+00:00,5657.312530093839,2012
R6B-307,E1,2012-05-01T04:05:00+00:00,5649.310045639589,2012
R6B-307,E1,2012-05-10T08:45:00+00:00,5638.7721997125545,2012
R6B-307,E1,2012-05-17T05:05:00+00:00,5635.232624342268,2012
R6B-307,E1,2012-05-17T09:35:00+00:00,5622.487429978108,2012
R6B-307,E1,2012-05-18T11:30:00+00:00,5674.513104079182,2012
R6B-307,E1,2012-05-21T04:05:00+00:00,5681.444959224709,2012
R6B-307,E1,2012-05-21T08:05:00+00:00,5668.827802078697,2012
R6B-307,E1,2012-05-25T10:50:00+00:00,5676.496138816793,2012
R6B-307,E1,2012-05-28T04:05:00+00:00,5681.247552094945,2012
R6B-307,E1,2012-05-28T08:35:00+00:00,5685.397423233797,2012
R6B-307,E1,2012-06-04T09:25:00+00:00,5657.637422931464,2012
R6B-307,E1,2012-06-05T05:05:00+00:00,5649.751220336648,2012
R6B-307,E1,2012-06-06T04:10:00+00:00,5673.37262461547,2012
R6B-307,E1,2012-06-06T11:55:00+00:00,5668.778977716989,2012
R6B-307,E1,2012-06-11T04:05:00+00:00,5645.077410004833,2012
R6B-307,E1,2012-06-13T11:20:00+00:00,5628.7525015602805,2012
R6B-307,E1,2012-06-14T08:05:00+00:00,5619.112890634334,2012
R6B-307,E1,2012-06-15T11:20:00+00:00,5610.57257399687,2012
R6B-307,E1,2012-06-19T11:05:00+00:00,5604.067913187238,2012
R6B-307,E1,2012-06-25T04:30:00+00:00,5581.786595382052,2012
R6B-307,E1,2012-06-27T05:50:00+00:00,5566.152350114787,2012
R6B-307,E1,2012-06-28T05:05:00+00:00,5550.026705490316,2012
R6B-307,E1,2012-06-29T06:55:00+00:00,5580.178468444411,2012
R6B-307,E1,2012-07-03T06:35:00+00:00,5596.161881905321,2012
R6B-307,E1,2012-07-03T11:00:00+00:00,5602.6813253586415,2012
R6B-307,E1,2012-07-05T04:45:00+00:00,5600.101919431395,2012
R6B-307,E1,2012-07-11T09:40:00+00:00,5596.324110818639,2012
R6B-307,E1,2012-07-13T11:00:00+00:00,5630.758484316975,2012
R6B-307,E1,2012-07-17T05:20:00+00:00,5624.8216319217845,2012
R6B-307,E1,2012-07-19T06:45:00+00:00,5622.389650172273,2012
R6B-307,E1,2012-07-19T11:10:00+00:00,5640.813581291718,2012
R6B-307,E1,2012-07-25T06:15:00+00:00,5636.669678647368,2012
R6B-307,E1,2012-07-25T11:15:00+00:00,5653.752060788748,2012
R6B-307,E1,2012-07-26T09:45:00+00:00,5645.134895331923,2012
R6B-307,E1,2012-07-27T09:25:00+00:00,5655.224355940244,2012
R6B-307,E1,2012-08-01T10:25:00+00:00,5647.383813757458,2012
R6B-307,E1,2012-08-02T11:30:00+00:00,5636.844885538655,2012
R6B-307,E1,2012-08-03T05:05:00+00:00,5629.2965768496015,2012
R6B-307,E1,2012-08-03T11:20:00+00:00,5637.009700476395,2012
R6B-307,E1,2012-08-06T08:50:00+00:00,5639.50089817363,2012
R6B-307,E1,2012-08-07T11:15:00+00:00,5640.315352754172,2012
R6B-307,E1,2012-08-09T05:10:00+00:00,5643.626138277701,2012
R6B-307,E1,2012-08-13T06:20:00+00:00,5643.234158714312,2012
R6B-307,E1,2012-08-14T10:30:00+00:00,5634.919435732012,2012
R6B-307,E1,2012-08-15T06:40:00+00:00,5634.717739049458,2012
R6B-307,E1,2012-08-16T05:05:00+00:00,5620.76261338982,2012
R6B-307,E1,2012-08-17T10:30:00+00:00,5614.968950717809,2012
R6B-307,E1,2012-08-20T06:40:00+00:00,5618.890970266044,2012
R6B-307,E1,2012-08-21T09:40:00+00:00,5621.445660475394,2012
R6B-307,E1,2012-08-22T10:25:00+00:00,5623.794949753101,2012
R6B-307,E1,2012-08-23T05:10:00+00:00,5644.1070172697655,2012
R6B-307,E1,2012-08-23T11:15:00+00:00,5619.272907427262,2012
R6B-307,E1,2012-08-27T04:45:00+00:00,5619.433275990493,2012
R6B-307,E1,2012-08-29T08:45:00+00:00,5610.963913686364,2012
R6B-307,E1,2012-08-30T07:00:00+00:00,5607.98460135233,2012
R6B-307,E1,2012-08-31T10:40:00+00:00,5609.098936480993,2012
R6B-307,E1,2012-09-04T04:45:00+00:00,5606.945473976077,2012
R6B-307,E1,2012-09-06T05:35:00+00:00,5612.895479907137,2012
R6B-307,E1,2012-09-06T10:05:00+00:00,5639.614908589599,2012
R6B-307,E1,2012-09-10T05:35:00+00:00,5631.8117438079635,2012
R6B-307,E1,2012-09-11T05:40:00+00:00,5626.295439479551,2012
R6B-307,E1,2012-09-12T04:45:00+00:00,5627.798949212296,2012
R6B-307,E1,2012-09-12T09:35:00+00:00,5645.650898522802,2012
R6B-307,E1,2012-09-14T05:10:00+00:00,5640.96259570535,2012
R6B-307,E1,2012-09-17T05:15:00+00:00,5634.064090781567,2012
R6B-307,E1,2012-09-19T09:10:00+00:00,5638.086563842316,2012
R6B-307,E1,2012-09-21T04:20:00+00:00,5633.206005368519,2012
R6B-307,E1,2012-09-21T11:05:00+00:00,5630.775417108218,2012
R6B-307,E1,2012-09-25T04:15:00+00:00,5622.612144670944,2012
R6B-307,E1,2012-09-25T11:55:00+00:00,5615.671904389292,2012
R6B-307,E1,2012-09-27T05:05:00+00:00,5613.89721370975,2012
R6B-307,E1,2012-09-27T09:30:00+00:00,5604.485559652148,2012
R6B-307,E1,2012-09-28T08:15:00+00:00,5598.356927390436,2012
R6B-307,E1,2012-10-03T09:10:00+00:00,5604.424974298914,2012
R6B-307,E1,2012-10-04T07:00:00+00:00,5613.85991388768,2012
R6B-307,E1,2012-10-04T11:05:00+00:00,5615.875248568892,2012
R6B-307,E1,2012-10-05T06:00:00+00:00,5603.069720911831,2012
R6B-307,E1,2012-10-09T05:05:00+00:00,5600.356250424918,2012
R6B-307,E1,2012-10-11T07:10:00+00:00,5597.469738772041,2012
R6B-307,E1,2012-10-11T11:15:00+00:00,5608.075677618642,2012
R6B-307,E1,2012-10-12T05:30:00+00:00,5605.003342858275,2012
R6B-307,E1,2012-10-16T10:10:00+00:00,5603.040573461371,2012
R6B-307,E1,2012-10-17T04:10:00+00:00,5602.641502424291,2012
R6B-307,E1,2012-10-22T05:05:00+00:00,5607.08589401257,2012
R6B-307,E1,2012-10-24T04:05:00+00:00,5603.126887382895,2012
R6B-307,E1,2012-10-25T04:10:00+00:00,5598.325675185199,2012
R6B-307,E1,2012-10-25T09:40:00+00:00,5615.449863885131,2012
R6B-307,E1,2012-10-29T04:10:00+00:00,5607.888933756995,2012
R6B-307,E1,2012-10-29T10:10:00+00:00,5590.3871266480965,2012
R6B-307,E1,2012-10-30T04:35:00+00:00,5586.4091594932415,2012
R6B-307,E1,2012-10-30T11:15:00+00:00,5590.620634860222,2012
R6B-307,E1,2012-10-31T04:20:00+00:00,5586.213325464802,2012
R6B-307,E1,2012-10-31T11:40:00+00:00,5601.694723529625,2012
R6B-307,E1,2012-11-01T07:20:00+00:00,5597.387879150839,2012
R6B-307,E1,2012-11-01T12:00:00+00:00,5603.961687612933,2012
R6B-307,E1,2012-11-05T04:25:00+00:00,5589.739514665154,2012
R6B-307,E1,2012-11-06T09:45:00+00:00,5594.479331669017,2012
R6B-307,E1,2012-11-07T06:40:00+00:00,5603.531413126862,2012
R6B-307,E1,2012-11-07T10:45:00+00:00,5602.025937963246,2012
R6B-307,E1,2012-11-09T04:10:00+00:00,5598.635000939037,2012
R6B-307,E1,2012-11-09T09:30:00+00:00,5592.290814288273,2012
R6B-307,E1,2012-11-12T05:00:00+00:00,5588.603491750168,2012
R6B-307,E1,2012-11-19T04:05:00+00:00,5599.820130359225,2012
R6B-307,E1,2012-11-20T07:40:00+00:00,5591.985936739315,2012
R6B-307,E1,2012-11-22T05:20:00+00:00,5586.443176849919,2012
R6B-307,E1,2012-11-23T10:20:00+00:00,5594.779775543305,2012
R6B-307,E1,2012-11-26T09:05:00+00:00,5582.881873525799,2012
R6B-307,E1,2012-11-27T04:40:00+00:00,5577.4342506437015,2012
R6B-307,E1,2012-11-29T04:05:00+00:00,5567.190541013019,2012
R6B-307,E1,2012-11-30T08:35:00+00:00,5575.747452600322,2012
R6B-307,E1,2012-12-03T05:00:00+00:00,5579.318849693877,2012
R6B-307,E1,2012-12-05T05:00:00+00:00,5588.34433986977,2012
R6B-307,E1,2012-12-05T10:40:00+00:00,5586.778960583464,2012
R6B-307,E1,2012-12-06T04:35:00+00:00,5570.115295076551,2012
R6B-307,E1,2012-12-07T04:20:00+00:00,5571.876759074069,2012
R6B-307,E1,2012-12-10T04:30:00+00:00,5573.817594054355,2012
R6B-307,E1,2012-12-10T10:00:00+00:00,5577.123298157623,2012
R6B-307,E1,2012-12-12T05:30:00+00:00,5575.46631875668,2012
R6B-307,E1,2012-12-12T10:50:00+00:00,5576.859244786238,2012
R6B-307,E1,2012-12-14T05:40:00+00:00,5569.546281956414,2012
R6B-307,E1,2012-12-18T05:05:00+00:00,5580.646118625825,2012
R6B-307,E1,2012-12-18T09:05:00+00:00,5572.9298286434105,2012
R6B-307,E1,2012-12-20T10:40:00+00:00,5563.864528024722,2012
R6B-307,E1,2012-12-24T10:00:00+00:00,5574.537215958459,2012
R6B-307,E1,2012-12-25T10:05:00+00:00,5572.229357551051,2012
R6B-307,E1,2012-12-26T11:45:00+00:00,5567.905838799557,2012
R6B-307,E1,2012-12-31T04:30:00+00:00,5573.32136203274,2012
R6B-307,E1,2012-12-31T09:05:00+00:00,5586.434962102856,2012
R6B-307,E1,2013-01-02T05:45:00+00:00,5599.323997740911,2013
R6B-307,E1,2013-01-02T10:15:00+00:00,5599.836659844174,2013
R6B-307,E1,2013-01-07T04:10:00+00:00,5597.130366081486,2013
R6B-307,E1,2013-01-08T04:15:00+00:00,5583.737956110854,2013
R6B-307,E1,2013-01-09T10:00:00+00:00,5582.769714331622,2013
R6B-307,E1,2013-01-10T10:10:00+00:00,5589.907110125739,2013
R6B-307,E1,2013-01-14T05:05:00+00:00,5593.6385858215635,2013
R6B-307,E1,2013-01-14T11:25:00+00:00,5591.661300270881,2013
R6B-307,E1,2013-01-15T06:40:00+00:00,5601.3908719061465,2013
R6B-307,E1,2013-01-15T11:30:00+00:00,5614.748449100955,2013
R6B-307,E1,2013-01-16T10:50:00+00:00,5593.820683183222,2013
R6B-307,E1,2013-01-17T11:30:00+00:00,5589.895489905331,2013
R6B-307,E1,2013-01-18T09:10:00+00:00,5589.486326453107,2013
R6B-307,E1,2013-01-21T05:15:00+00:00,5586.993717429288,2013
R6B-307,E1,2013-01-22T08:50:00+00:00,5582.236808374311,2013
R6B-307,E1,2013-01-25T09:45:00+00:00,5576.362297467858,2013
R6B-307,E1,2013-01-28T10:35:00+00:00,5556.379284033769,2013
R6B-307,E1,2013-01-29T04:40:00+00:00,5560.696914471079,2013
R6B-307,E1,2013-01-29T09:45:00+00:00,5563.4164995808405,2013
R6B-307,E1,2013-01-30T04:15:00+00:00,5567.888786265353,2013
R6B-307,E1,2013-01-30T10:35:00+00:00,5559.983744926607,2013
R6B-307,E1,2013-02-01T12:00:00+00:00,5560.30613497918,2013
R6B-307,E1,2013-02-04T06:35:00+00:00,5554.550785498069,2013
R6B-307,E1,2013-02-05T08:50:00+00:00,5546.803088650751,2013
R6B-307,E1,2013-02-07T08:15:00+00:00,5538.868873481988,2013
R6B-307,E1,2013-02-13T05:55:00+00:00,5528.045652594141,2013
R6B-307,E1,2013-02-14T06:40:00+00:00,5524.5439355842,2013
R6B-307,E1,2013-02-18T04:05:00+00:00,5529.0512689451225,2013
R6B-307,E1,2013-02-19T04:15:00+00:00,5526.47804923554,2013
R6B-307,E1,2013-02-20T05:05:00+00:00,5517.662013643286,2013
R6B-307,E1,2013-02-22T06:10:00+00:00,5532.136577962266,2013
R6B-307,E1,2013-02-25T06:05:00+00:00,5539.3450431563,2013
R6B-307,E1,2013-02-26T05:45:00+00:00,5519.121692908242,2013
R6B-307,E1,2013-02-28T07:00:00+00:00,5519.403907604998,2013
R6B-307,E1,2013-03-01T04:55:00+00:00,5504.268950534395,2013
R6B-307,E1,2013-03-04T04:05:00+00:00,5494.777597676783,2013
R6B-307,E1,2013-03-05T05:00:00+00:00,5503.413231241189,2013
R6B-307,E1,2013-03-05T09:55:00+00:00,5499.388453246098,2013
R6B-307,E1,2013-03-06T04:15:00+00:00,5497.69717088728,2013
R6B-307,E1,2013-03-07T10:15:00+00:00,5479.875621159263,2013
R6B-307,E1,2013-03-11T05:50:00+00:00,5480.067591800581,2013
R6B-307,E1,2013-03-11T10:35:00+00:00,5460.377780006377,2013
R6B-307,E1,2013-03-12T05:50:00+00:00,5461.553148177623,2013
R6B-307,E1,2013-03-13T07:45:00+00:00,5456.072032014428,2013
R6B-307,E1,2013-03-15T09:45:00+00:00,5454.58045431311,2013
R6B-307,E1,2013-03-18T04:05:00+00:00,5430.9094814199225,2013
R6B-307,E1,2013-03-19T08:10:00+00:00,5418.836077151174,2013
R6B-307,E1,2013-03-20T09:45:00+00:00,5409.273997547906,2013
R6B-307,E1,2013-03-21T08:35:00+00:00,5405.80739361547,2013
R6B-307,E1,2013-03-25T06:35:00+00:00,5407.1844959385,2013
R6B-307,E1,2013-04-01T04:20:00+00:00,5409.17461016869,2013
R6B-307,E1,2013-04-02T04:40:00+00:00,5405.581910658122,2013
R6B-307,E1,2013-04-08T10:50:00+00:00,5394.026414097345,2013
R6B-307,E1,2013-04-09T05:10:00+00:00,5398.521201597811,2013
R6B-307,E1,2013-04-10T06:40:00+00:00,5394.37946401146,2013
R6B-307,E1,2013-04-11T09:35:00+00:00,5375.970050071081,2013
R6B-307,E1,2013-04-12T09:45:00+00:00,5318.580201865105,2013
R6B-307,E1,2013-04-16T10:10:00+00:00,5388.3094260161415,2013
R6B-307,E1,2013-04-17T11:10:00+00:00,5365.0458805294675,2013
R6B-307,E1,2013-04-18T11:35:00+00:00,5430.550765841307,2013
R6B-307,E1,2013-04-19T06:20:00+00:00,5525.935287087509,2013
R6B-307,E1,2013-04-19T10:20:00+00:00,5479.070897276178,2013
R6B-307,E1,2013-04-22T04:05:00+00:00,5539.769143588979,2013
R6B-307,E1,2013-04-22T08:15:00+00:00,5532.243284215969,2013
R6B-307,E1,2013-04-23T06:30:00+00:00,5477.91692090207,2013
R6B-307,E1,2013-04-24T04:15:00+00:00,5493.038457660383,2013
R6B-307,E1,2013-04-24T08:50:00+00:00,5488.273189084105,2013
R6B-307,E1,2013-04-25T05:05:00+00:00,5538.834361856444,2013
R6B-307,E1,2013-04-26T04:40:00+00:00,5538.907753481445,2013
R6B-307,E1,2013-04-29T04:05:00+00:00,5550.04378661753,2013
R6B-307,E1,2013-04-29T11:10:00+00:00,5545.332218568158,2013
R6B-307,E1,2013-04-30T11:55:00+00:00,5535.2802027017815,2013
R6B-307,E1,2013-05-01T04:05:00+00:00,5522.058005385736,2013
R6B-307,E1,2013-05-03T05:10:00+00:00,5535.3509893372675,2013
R6B-307,E1,2013-05-03T11:20:00+00:00,5542.15304103849,2013
R6B-307,E1,2013-05-06T04:40:00+00:00,5544.400176037235,2013
R6B-307,E1,2013-05-08T06:40:00+00:00,5539.966029424657,2013
R6B-307,E1,2013-05-09T08:10:00+00:00,5521.680566949429,2013
R6B-307,E1,2013-05-14T04:35:00+00:00,5527.961344124974,2013
R6B-307,E1,2013-05-16T06:50:00+00:00,5504.058852230297,2013
R6B-307,E1,2013-05-17T05:00:00+00:00,5463.728784894276,2013
R6B-307,E1,2013-05-21T09:25:00+00:00,5391.2411631226905,2013
R6B-307,E1,2013-05-22T10:55:00+00:00,5393.020104331671,2013
R6B-307,E1,2013-05-23T08:35:00+00:00,5422.544281710699,2013
R6B-307,E1,2013-05-24T06:35:00+00:00,5406.764171324807,2013
R6B-307,E1,2013-05-27T06:05:00+00:00,5412.568982620684,2013
R6B-307,E1,2013-05-27T11:15:00+00:00,5413.596759039275,2013
R6B-307,E1,2013-05-29T05:05:00+00:00,5411.593569839228,2013
R6B-307,E1,2013-05-30T05:50:00+00:00,5436.297418976159,2013
R6B-307,E1,2013-05-30T10:15:00+00:00,5421.217226694451,2013
R6B-307,E1,2013-05-31T05:10:00+00:00,5419.290195327393,2013
R6B-307,E1,2013-06-03T10:55:00+00:00,5406.600503225372,2013
R6B-307,E1,2013-06-04T05:00:00+00:00,5388.310258680912,2013
R6B-307,E1,2013-06-05T05:05:00+00:00,5412.667303602063,2013
R6B-307,E1,2013-06-10T04:05:00+00:00,5413.273957327893,2013
R6B-307,E1,2013-06-12T11:35:00+00:00,5403.36883987316,2013
R6B-307,E1,2013-06-13T06:30:00+00:00,5388.212614014066,2013
R6B-307,E1,2013-06-17T06:35:00+00:00,5373.2646209733875,2013
R6B-307,E1,2013-06-21T06:10:00+00:00,5407.561520085094,2013
R6B-307,E1,2013-06-21T11:00:00+00:00,5377.172587525436,2013
R6B-307,E1,2013-06-24T04:05:00+00:00,5338.428527220336,2013
R6B-307,E1,2013-06-27T05:00:00+00:00,5347.805505879495,2013
R6B-307,E1,2013-06-28T09:50:00+00:00,5309.719045425275,2013
R6B-307,E1,2013-07-01T04:05:00+00:00,5326.950186087687,2013
R6B-307,E1,2013-07-01T08:15:00+00:00,5314.713370759159,2013
R6B-307,E1,2013-07-02T06:55:00+00:00,5312.935016778997,2013
R6B-307,E1,2013-07-02T11:05:00+00:00,5288.032960487498,2013
R6B-307,E1,2013-07-03T05:05:00+00:00,5278.81322299413,2013
R6B-307,E1,2013-07-08T04:55:00+00:00,5257.406824852574,2013
R6B-307,E1,2013-07-09T05:00:00+00:00,5316.442910325181,2013
R6B-307,E1,2013-07-09T09:05:00+00:00,5304.058087508146,2013
R6B-307,E1,2013-07-10T11:10:00+00:00,5308.712358883647,2013
R6B-307,E1,2013-07-11T09:50:00+00:00,5265.431724877828,2013
R6B-307,E1,2013-07-12T04:40:00+00:00,5237.739648541689,2013
R6B-307,E1,2013-07-15T04:05:00+00:00,5233.594381955065,2013
R6B-307,E1,2013-07-16T11:30:00+00:00,5255.417137679947,2013
R6B-307,E1,2013-07-17T04:35:00+00:00,5245.769629301878,2013
R6B-307,E1,2013-07-19T06:30:00+00:00,5255.765877784464,2013
R6B-307,E1,2013-07-22T04:05:00+00:00,5264.031659914993,2013
R6B-307,E1,2013-07-22T09:10:00+00:00,5253.698959817928,2013
R6B-307,E1,2013-07-23T06:25:00+00:00,5231.331618655571,2013
R6B-307,E1,2013-07-26T06:20:00+00:00,5219.956024998558,2013
R6B-307,E1,2013-07-31T05:45:00+00:00,5214.56786949702,2013
R6B-307,E1,2013-08-05T05:10:00+00:00,5222.619179676534,2013
R6B-307,E1,2013-08-06T04:10:00+00:00,5176.286940738445,2013
R6B-307,E1,2013-08-08T05:00:00+00:00,5193.79246193711,2013
R6B-307,E1,2013-08-08T09:35:00+00:00,5162.6317422873835,2013
R6B-307,E1,2013-08-09T04:35:00+00:00,5144.962731912497,2013
R6B-307,E1,2013-08-12T04:05:00+00:00,5144.093678520743,2013
R6B-307,E1,2013-08-13T10:35:00+00:00,5103.351795235034,2013
R6B-307,E1,2013-08-14T06:10:00+00:00,5089.896121130639,2013
R6B-307,E1,2013-08-16T05:30:00+00:00,5068.866832733499,2013
R6B-307,E1,2013-08-19T05:45:00+00:00,5063.792833760947,2013
R6B-307,E1,2013-08-20T04:15:00+00:00,5042.932473246554,2013
R6B-307,E1,2013-08-26T09:35:00+00:00,5031.42571554104,2013
R6B-307,E1,2013-08-27T04:30:00+00:00,5009.1838363906945,2013
R6B-307,E1,2013-08-28T08:50:00+00:00,5023.2243322168,2013
R6B-307,E1,2013-08-30T07:20:00+00:00,4973.38822063617,2013
R6B-307,E1,2013-09-02T09:50:00+00:00,4962.754153212454,2013
R6B-307,E1,2013-09-03T04:05:00+00:00,4953.4229049523665,2013
R6B-307,E1,2013-09-06T06:40:00+00:00,4939.433867622468,2013
R6B-307,E1,2013-09-11T06:45:00+00:00,4935.706265015727,2013
R6B-307,E1,2013-09-16T04:05:00+00:00,4937.008768854627,2013
R6B-307,E1,2013-09-17T11:05:00+00:00,4931.5203396689185,2013
R6B-307,E1,2013-09-19T11:10:00+00:00,4900.341775481421,2013
R6B-307,E1,2013-09-24T05:25:00+00:00,4896.118353431405,2013
R6B-307,E1,2013-09-25T10:00:00+00:00,4879.083528642779,2013
R6B-307,E1,2013-09-27T11:25:00+00:00,4897.828900443258,2013
R6B-307,E1,2013-09-30T04:10:00+00:00,4888.283180938702,2013
R6B-307,E1,2013-10-01T10:25:00+00:00,4873.210178169173,2013
R6B-307,E1,2013-10-02T06:45:00+00:00,4868.816908977637,2013
R6B-307,E1,2013-10-07T04:05:00+00:00,4866.293364899909,2013
R6B-307,E1,2013-10-08T06:00:00+00:00,4855.014119687684,2013
R6B-307,E1,2013-10-10T10:05:00+00:00,4821.342930887336,2013
R6B-307,E1,2013-10-11T08:15:00+00:00,4806.605317242005,2013
R6B-307,E1,2013-10-14T04:45:00+00:00,4791.004096032452,2013
R6B-307,E1,2013-10-14T10:45:00+00:00,4811.145900522851,2013
R6B-307,E1,2013-10-16T10:30:00+00:00,4808.0667856029295,2013
R6B-307,E1,2013-10-17T04:20:00+00:00,4796.385610897077,2013
R6B-307,E1,2013-10-17T11:50:00+00:00,4887.36688246301,2013
R6B-307,E1,2013-10-18T10:50:00+00:00,4877.6901076355525,2013
R6B-307,E1,2013-10-21T04:05:00+00:00,4883.814438249761,2013
R6B-307,E1,2013-10-21T09:50:00+00:00,4868.0927113155,2013
R6B-307,E1,2013-10-22T09:45:00+00:00,4853.132178606732,2013
R6B-307,E1,2013-10-24T05:35:00+00:00,4854.044575587311,2013
R6B-307,E1,2013-10-24T10:35:00+00:00,4854.393744302892,2013
R6B-307,E1,2013-10-29T06:20:00+00:00,4834.993784565512,2013
R6B-307,E1,2013-10-30T10:35:00+00:00,4844.965484024616,2013
R6B-307,E1,2013-11-01T04:10:00+00:00,4840.921168017997,2013
R6B-307,E1,2013-11-01T10:20:00+00:00,4798.672844595337,2013
R6B-307,E1,2013-11-05T06:20:00+00:00,4796.285583762012,2013
R6B-307,E1,2013-11-06T06:45:00+00:00,4796.976736320738,2013
R6B-307,E1,2013-11-07T10:30:00+00:00,4785.221319938439,2013
R6B-307,E1,2013-11-08T07:55:00+00:00,4781.6403736888515,2013
R6B-307,E1,2013-11-12T11:40:00+00:00,4770.2802468689915,2013
R6B-307,E1,2013-11-13T09:45:00+00:00,4781.6020539668,2013
R6B-307,E1,2013-11-15T06:10:00+00:00,4771.9558437700225,2013
R6B-307,E1,2013-11-20T06:05:00+00:00,4763.388959662281,2013
R6B-307,E1,2013-11-27T08:05:00+00:00,4758.561408354828,2013
R6B-307,E1,2013-11-28T10:15:00+00:00,4757.526595449753,2013
R6B-307,E1,2013-12-03T11:05:00+00:00,4737.007648549325,2013
R6B-307,E1,2013-12-06T10:50:00+00:00,4738.379822829518,2013
R6B-307,E1,2013-12-09T11:35:00+00:00,4724.942161531429,2013
R6B-307,E1,2013-12-10T10:05:00+00:00,4721.500704502263,2013
R6B-307,E1,2013-12-13T11:10:00+00:00,4707.674255517068,2013
R6B-307,E1,2013-12-17T09:50:00+00:00,4687.443621561003,2013
R6B-307,E1,2013-12-18T04:10:00+00:00,4681.782557138151,2013
R6B-307,E1,2013-12-20T08:00:00+00:00,4668.6031338025205,2013
R6B-307,E1,2013-12-26T06:00:00+00:00,4664.252863109494,2013
R6B-307,E1,2013-12-27T10:00:00+00:00,4658.052907286517,2013
R6B-307,E1,2013-12-31T10:15:00+00:00,4662.446583350317,2013
R6B-307,E1,2014-01-02T05:00:00+00:00,4718.587795058148,2014
R6B-307,E1,2014-01-03T04:40:00+00:00,4710.741593427339,2014
R6B-307,E1,2014-01-03T10:50:00+00:00,4695.6796982396245,2014
R6B-307,E1,2014-01-06T05:40:00+00:00,4692.876476261746,2014
R6B-307,E1,2014-01-07T06:10:00+00:00,4693.113216923284,2014
R6B-307,E1,2014-01-07T10:20:00+00:00,4668.708890658459,2014
R6B-307,E1,2014-01-10T06:30:00+00:00,4689.136542671917,2014
R6B-307,E1,2014-01-13T05:05:00+00:00,4679.036264882676,2014
R6B-307,E1,2014-01-16T09:55:00+00:00,4657.863838341867,2014
R6B-307,E1,2014-01-17T05:55:00+00:00,4656.3624707119825,2014
R6B-307,E1,2014-01-17T10:00:00+00:00,4645.245413598964,2014
R6B-307,E1,2014-01-20T04:05:00+00:00,4637.110999944734,2014
R6B-307,E1,2014-01-23T11:05:00+00:00,4662.51353277121,2014
R6B-307,E1,2014-01-27T04:05:00+00:00,4647.765695403784,2014
R6B-307,E1,2014-01-28T09:25:00+00:00,4631.388870905314,2014
R6B-307,E1,2014-02-03T09:30:00+00:00,4621.814511674601,2014
R6B-307,E1,2014-02-04T10:15:00+00:00,4597.726834112762,2014
R6B-307,E1,2014-02-05T05:40:00+00:00,4589.223835670787,2014
R6B-307,E1,2014-02-07T05:55:00+00:00,4590.966708336432,2014
R6B-307,E1,2014-02-07T11:50:00+00:00,4580.780898699315,2014
R6B-307,E1,2014-02-10T06:00:00+00:00,4583.336321317334,2014
R6B-307,E1,2014-02-10T10:05:00+00:00,4591.384510500408,2014
R6B-307,E1,2014-02-11T04:50:00+00:00,4613.6861659204815,2014
R6B-307,E1,2014-02-14T05:15:00+00:00,4620.046905213438,2014
R6B-307,E1,2014-02-14T11:05:00+00:00,4626.004970395626,2014
R6B-307,E1,2014-02-17T04:05:00+00:00,4634.439928504665,2014
R6B-307,E1,2014-02-24T10:45:00+00:00,4653.601852800976,2014
R6B-307,E1,2014-02-26T09:50:00+00:00,4648.378917784915,2014
R6B-307,E1,2014-03-03T04:05:00+00:00,4666.532095496814,2014
R6B-307,E1,2014-03-03T11:10:00+00:00,4656.705006109198,2014
R6B-307,E1,2014-03-11T05:55:00+00:00,4657.095598482879,2014
R6B-307,E1,2014-03-12T05:25:00+00:00,4678.549738092874,2014
R6B-307,E1,2014-03-12T10:30:00+00:00,4658.60180977329,2014
R6B-307,E1,2014-03-13T05:35:00+00:00,4665.312288637455,2014
R6B-307,E1,2014-03-14T04:15:00+00:00,4647.967986005549,2014
R6B-307,E1,2014-03-17T04:05:00+00:00,4635.703360249601,2014
R6B-307,E1,2014-03-21T05:05:00+00:00,4628.451269395258,2014
R6B-307,E1,2014-03-25T04:30:00+00:00,4632.354740887269,2014
R6B-307,E1,2014-03-25T09:05:00+00:00,4635.227675914469,2014
R6B-307,E1,2014-03-26T04:35:00+00:00,4637.6177922876595,2014
R6B-307,E1,2014-03-26T12:00:00+00:00,4628.179755671026,2014
R6B-307,E1,2014-03-28T07:20:00+00:00,4637.717535783626,2014
R6B-307,E1,2014-03-28T11:50:00+00:00,4617.492922908429,2014
R6B-307,E1,2014-03-31T04:05:00+00:00,4613.308740676178,2014
R6B-307,E1,2014-04-01T09:55:00+00:00,4618.671471325671,2014
R6B-307,E1,2014-04-02T04:45:00+00:00,4617.587885685472,2014
R6B-307,E1,2014-04-03T04:40:00+00:00,4612.590012580332,2014
R6B-307,E1,2014-04-03T09:20:00+00:00,4589.469944881847,2014
R6B-307,E1,2014-04-04T11:35:00+00:00,4598.5332466336995,2014
R6B-307,E1,2014-04-08T05:05:00+00:00,4601.452623690004,2014
R6B-307,E1,2014-04-08T09:35:00+00:00,4642.891152707312,2014
R6B-307,E1,2014-04-09T06:15:00+00:00,4647.535318619183,2014
R6B-307,E1,2014-04-10T05:05:00+00:00,4646.370410877392,2014
R6B-307,E1,2014-04-10T10:20:00+00:00,4663.407924061815,2014
R6B-307,E1,2014-04-11T08:25:00+00:00,4643.968443082029,2014
R6B-307,E1,2014-04-14T04:05:00+00:00,4645.085614806677,2014
R6B-307,E1,2014-04-14T10:35:00+00:00,4623.811886736332,2014
R6B-307,E1,2014-04-17T04:05:00+00:00,4611.08771916185,2014
R6B-307,E1,2014-04-21T04:15:00+00:00,4575.969288997703,2014
R6B-307,E1,2014-04-22T04:05:00+00:00,4564.824855473905,2014
R6B-307,E1,2014-04-23T05:25:00+00:00,4557.720286317071,2014
R6B-307,E1,2014-04-24T05:05:00+00:00,4559.169233943282,2014
R6B-307,E1,2014-04-28T04:05:00+00:00,4559.015936424254,2014
R6B-307,E1,2014-05-05T05:00:00+00:00,4565.227882496647,2014
R6B-307,E1,2014-05-05T12:00:00+00:00,4569.334028504193,2014
R6B-307,E1,2014-05-06T04:25:00+00:00,4560.093917894652,2014
R6B-307,E1,2014-05-06T11:10:00+00:00,4555.260322098293,2014
R6B-307,E1,2014-05-07T04:45:00+00:00,4559.136255910062,2014
R6B-307,E1,2014-05-08T04:30:00+00:00,4554.022878955414,2014
R6B-307,E1,2014-05-09T07:55:00+00:00,4551.047849836994,2014
R6B-307,E1,2014-05-12T07:55:00+00:00,4547.563795933522,2014
R6B-307,E1,2014-05-14T11:30:00+00:00,4570.528679906541,2014
R6B-307,E1,2014-05-16T08:15:00+00:00,4552.580800614469,2014
R6B-307,E1,2014-05-19T05:35:00+00:00,4557.057531110429,2014
R6B-307,E1,2014-05-19T10:05:00+00:00,4569.663345895168,2014
R6B-307,E1,2014-05-20T06:10:00+00:00,4562.188976643772,2014
R6B-307,E1,2014-05-21T06:55:00+00:00,4552.848522553731,2014
R6B-307,E1,2014-05-22T09:35:00+00:00,4557.197771232747,2014
R6B-307,E1,2014-05-26T05:55:00+00:00,4554.109789011397,2014
R6B-307,E1,2014-05-27T05:25:00+00:00,4538.282262500283,2014
R6B-307,E1,2014-05-28T11:40:00+00:00,4537.804865771947,2014
R6B-307,E1,2014-05-30T04:10:00+00:00,4535.053195817874,2014
R6B-307,E1,2014-06-03T10:15:00+00:00,4533.030114665785,2014
R6B-307,E1,2014-06-06T04:55:00+00:00,4532.103766521947,2014
R6B-307,E1,2014-06-06T09:05:00+00:00,4528.252615917031,2014
R6B-307,E1,2014-06-09T04:05:00+00:00,4522.03433098696,2014
R6B-307,E1,2014-06-10T09:35:00+00:00,4513.995288410524,2014
R6B-307,E1,2014-06-11T05:45:00+00:00,4510.191420462826,2014
R6B-307,E1,2014-06-12T04:40:00+00:00,4504.8216374176145,2014
R6B-307,E1,2014-06-12T10:45:00+00:00,4516.57065107873,2014
R6B-307,E1,2014-06-13T05:10:00+00:00,4505.846179496255,2014
R6B-307,E1,2014-06-16T04:05:00+00:00,4513.721756293952,2014
R6B-307,E1,2014-06-16T09:00:00+00:00,4502.530732958281,2014
R6B-307,E1,2014-06-19T05:05:00+00:00,4496.225451403672,2014
R6B-307,E1,2014-06-19T10:40:00+00:00,4502.225813542395,2014
R6B-307,E1,2014-06-23T09:40:00+00:00,4496.359850333688,2014
R6B-307,E1,2014-06-27T07:10:00+00:00,4498.223107397253,2014
R6B-307,E1,2014-07-01T05:05:00+00:00,4480.154640942945,2014
R6B-307,E1,2014-07-04T10:15:00+00:00,4480.524442726038,2014
R6B-307,E1,2014-07-08T05:05:00+00:00,4469.716237501107,2014
R6B-307,E1,2014-07-09T06:45:00+00:00,4480.275514090955,2014
R6B-307,E1,2014-07-15T04:05:00+00:00,4472.785625742694,2014
R6B-307,E1,2014-07-15T09:45:00+00:00,4478.353722944133,2014
R6B-307,E1,2014-07-16T06:00:00+00:00,4479.813195577417,2014
R6B-307,E1,2014-07-16T10:05:00+00:00,4475.571956656508,2014
R6B-307,E1,2014-07-17T05:05:00+00:00,4487.581375172043,2014
R6B-307,E1,2014-07-17T09:20:00+00:00,4478.943827530748,2014
R6B-307,E1,2014-07-21T07:00:00+00:00,4483.572507228189,2014
R6B-307,E1,2014-07-21T11:15:00+00:00,4478.578450640042,2014
R6B-307,E1,2014-07-23T05:35:00+00:00,4470.92258106918,2014
R6B-307,E1,2014-07-23T11:55:00+00:00,4462.850723201936,2014
R6B-307,E1,2014-07-28T08:40:00+00:00,4451.270736110247,2014
R6B-307,E1,2014-07-29T11:15:00+00:00,4454.786921654395,2014
R6B-307,E1,2014-08-01T11:40:00+00:00,4446.832700905103,2014
R6B-307,E1,2014-08-04T10:20:00+00:00,4438.1595626886865,2014
R6B-307,E1,2014-08-05T04:50:00+00:00,4437.895258810884,2014
R6B-307,E1,2014-08-05T09:05:00+00:00,4442.633760395498,2014
R6B-307,E1,2014-08-06T09:40:00+00:00,4430.063896533163,2014
R6B-307,E1,2014-08-08T06:40:00+00:00,4447.702986569781,2014
R6B-307,E1,2014-08-08T10:50:00+00:00,4432.22585421245,2014
R6B-307,E1,2014-08-12T11:45:00+00:00,4437.217589765708,2014
R6B-307,E1,2014-08-13T09:55:00+00:00,4433.88345576866,2014
R6B-307,E1,2014-08-14T07:35:00+00:00,4441.0231167433285,2014
R6B-307,E1,2014-08-14T11:35:00+00:00,4418.6939783181915,2014
R6B-307,E1,2014-08-15T09:45:00+00:00,4417.433109939241,2014
R6B-307,E1,2014-08-19T07:25:00+00:00,4413.8749346365885,2014
R6B-307,E1,2014-08-20T06:05:00+00:00,4409.025368529097,2014
R6B-307,E1,2014-08-22T07:50:00+00:00,4409.4130057677085,2014
R6B-307,E1,2014-08-26T06:10:00+00:00,4421.359438648721,2014
R6B-307,E1,2014-08-26T10:25:00+00:00,4422.481121443845,2014
R6B-307,E1,2014-08-27T06:35:00+00:00,4421.008199259618,2014
R6B-307,E1,2014-08-27T10:40:00+00:00,4420.154806190873,2014
R6B-307,E1,2014-08-28T04:20:00+00:00,4423.58027331458,2014
R6B-307,E1,2014-08-28T09:15:00+00:00,4429.54396350964,2014
R6B-307,E1,2014-09-01T09:35:00+00:00,4427.974948662207,2014
R6B-307,E1,2014-09-03T05:55:00+00:00,4428.500013969101,2014
R6B-307,E1,2014-09-03T10:25:00+00:00,4422.65004124519,2014
R6B-307,E1,2014-09-04T05:35:00+00:00,4424.10346133825,2014
R6B-307,E1,2014-09-05T10:00:00+00:00,4421.533992714368,2014
R6B-307,E1,2014-09-08T07:15:00+00:00,4417.704924388683,2014
R6B-307,E1,2014-09-15T05:50:00+00:00,4418.682654654863,2014
R6B-307,E1,2014-09-15T10:35:00+00:00,4416.545702926945,2014
R6B-307,E1,2014-09-16T05:25:00+00:00,4418.909997071743,2014
R6B-307,E1,2014-09-17T10:35:00+00:00,4413.05373577775,2014
R6B-307,E1,2014-09-18T09:55:00+00:00,4407.492937967845,2014
R6B-307,E1,2014-09-19T07:40:00+00:00,4393.354394807386,2014
R6B-307,E1,2014-09-22T04:30:00+00:00,4376.328374817833,2014
R6B-307,E1,2014-09-23T06:00:00+00:00,4373.773657219154,2014
R6B-307,E1,2014-09-24T09:15:00+00:00,4363.946369591686,2014
R6B-307,E1,2014-09-26T05:05:00+00:00,4355.205338059725,2014
R6B-307,E1,2014-09-29T04:45:00+00:00,4347.8806141351915,2014
R6B-307,E1,2014-09-29T11:50:00+00:00,4355.3539867268755,2014
R6B-307,E1,2014-10-02T06:55:00+00:00,4350.143538077846,2014
R6B-307,E1,2014-10-06T10:35:00+00:00,4360.336225140206,2014
R6B-307,E1,2014-10-07T11:10:00+00:00,4345.754483981383,2014
R6B-307,E1,2014-10-08T05:05:00+00:00,4340.068480720884,2014
R6B-307,E1,2014-10-08T10:50:00+00:00,4346.94360627062,2014
R6B-307,E1,2014-10-09T06:10:00+00:00,4351.988654747592,2014
R6B-307,E1,2014-10-09T11:40:00+00:00,4355.637348522964,2014
R6B-307,E1,2014-10-13T04:05:00+00:00,4360.861660229837,2014
R6B-307,E1,2014-10-13T10:35:00+00:00,4330.814351624157,2014
R6B-307,E1,2014-10-16T05:50:00+00:00,4312.989106314161,2014
R6B-307,E1,2014-10-17T09:55:00+00:00,4303.133312540232,2014
R6B-307,E1,2014-10-20T10:00:00+00:00,4310.804307160424,2014
R6B-307,E1,2014-10-21T05:45:00+00:00,4310.124702622509,2014
R6B-307,E1,2014-10-21T11:10:00+00:00,4294.64837117147,2014
R6B-307,E1,2014-10-23T09:45:00+00:00,4277.779627444594,2014
R6B-307,E1,2014-10-24T10:55:00+00:00,4269.718219757406,2014
R6B-307,E1,2014-10-28T05:55:00+00:00,4262.835570016822,2014
R6B-307,E1,2014-10-29T06:00:00+00:00,4263.673775094198,2014
R6B-307,E1,2014-10-29T11:30:00+00:00,4251.515550675037,2014
R6B-307,E1,2014-11-06T09:30:00+00:00,4245.15798118608,2014
R6B-307,E1,2014-11-12T10:00:00+00:00,4230.4606433156005,2014
R6B-307,E1,2014-11-13T08:10:00+00:00,4211.5665576715255,2014
R6B-307,E1,2014-11-18T09:45:00+00:00,4239.736507685846,2014
R6B-307,E1,2014-11-20T10:35:00+00:00,4259.858597717503,2014
R6B-307,E1,2014-11-25T07:20:00+00:00,4252.715351698466,2014
R6B-307,E1,2014-11-27T04:55:00+00:00,4211.613387875801,2014
R6B-307,E1,2014-12-03T05:25:00+00:00,4207.880766428355,2014
R6B-307,E1,2014-12-03T09:30:00+00:00,4222.503773054881,2014
R6B-307,E1,2014-12-05T11:20:00+00:00,4212.229847904766,2014
R6B-307,E1,2014-12-08T05:10:00+00:00,4208.643867891029,2014
R6B-307,E1,2014-12-08T11:40:00+00:00,4205.222671272641,2014
R6B-307,E1,2014-12-09T10:50:00+00:00,4213.362255097357,2014
R6B-307,E1,2014-12-10T08:55:00+00:00,4205.877550211003,2014
R6B-307,E1,2014-12-11T05:05:00+00:00,4191.411522985346,2014
R6B-307,E1,2014-12-17T11:50:00+00:00,4183.317668352094,2014
R6B-307,E1,2014-12-18T10:05:00+00:00,4185.024732319437,2014
R6B-307,E1,2014-12-19T10:45:00+00:00,4172.7474411824605,2014
R6B-307,E1,2014-12-22T05:20:00+00:00,4172.496928551249,2014
R6B-307,E1,2014-12-22T10:15:00+00:00,4161.070703864282,2014
R6B-307,E1,2014-12-23T08:50:00+00:00,4163.353265384314,2014
R6B-307,E1,2014-12-24T07:30:00+00:00,4164.702835274342,2014
R6B-307,E1,2014-12-26T05:05:00+00:00,4179.392122567448,2014
R6B-307,E1,2014-12-26T10:15:00+00:00,4178.295764237179,2014
R6B-307,E1,2014-12-29T06:55:00+00:00,4174.0564414700475,2014
R6B-307,E1,2014-12-30T05:00:00+00:00,4180.44851592454,2014
R6B-307,E1,2015-01-05T06:40:00+00:00,4184.214626695713,2015
R6B-307,E1,2015-01-06T08:15:00+00:00,4187.41167105165,2015
R6B-307,E1,2015-01-09T06:50:00+00:00,4185.933556783593,2015
R6B-307,E1,2015-01-12T04:05:00+00:00,4188.410469308521,2015
R6B-307,E1,2015-01-12T09:55:00+00:00,4168.002898888564,2015
R6B-307,E1,2015-01-13T05:25:00+00:00,4162.740535815799,2015
R6B-307,E1,2015-01-20T06:00:00+00:00,4159.5508699382135,2015
R6B-307,E1,2015-01-20T11:40:00+00:00,4179.710324692111,2015
R6B-307,E1,2015-01-21T06:35:00+00:00,4198.953535160324,2015
R6B-307,E1,2015-01-26T04:05:00+00:00,4184.853985111056,2015
R6B-307,E1,2015-01-27T10:55:00+00:00,4177.728932662225,2015
R6B-307,E1,2015-01-30T11:20:00+00:00,4177.55700320865,2015
R6B-307,E1,2015-02-03T09:35:00+00:00,4201.017678465659,2015
R6B-307,E1,2015-02-04T08:55:00+00:00,4204.6273761698885,2015
R6B-307,E1,2015-02-06T09:20:00+00:00,4200.731406224565,2015
R6B-307,E1,2015-02-09T05:20:00+00:00,4193.514701996988,2015
R6B-307,E1,2015-02-09T10:45:00+00:00,4198.356648310739,2015
R6B-307,E1,2015-02-10T06:30:00+00:00,4202.278933768683,2015
R6B-307,E1,2015-02-11T05:25:00+00:00,4205.04819357211,2015
R6B-307,E1,2015-02-11T09:55:00+00:00,4201.276988750005,2015
R6B-307,E1,2015-02-12T05:50:00+00:00,4192.474292951565,2015
R6B-307,E1,2015-02-13T05:35:00+00:00,4200.3560324936525,2015
R6B-307,E1,2015-02-13T09:40:00+00:00,4194.5403748292465,2015
R6B-307,E1,2015-02-16T04:50:00+00:00,4195.01400809051,2015
R6B-307,E1,2015-02-16T10:50:00+00:00,4190.949096591021,2015
R6B-307,E1,2015-02-17T05:00:00+00:00,4168.9443464818,2015
R6B-307,E1,2015-02-18T10:05:00+00:00,4161.287515498515,2015
R6B-307,E1,2015-02-19T04:55:00+00:00,4161.770573138474,2015
R6B-307,E1,2015-02-23T07:45:00+00:00,4156.835608182249,2015
R6B-307,E1,2015-02-24T04:40:00+00:00,4153.270865271504,2015
R6B-307,E1,2015-02-25T04:15:00+00:00,4165.989680518894,2015
R6B-307,E1,2015-02-25T10:05:00+00:00,4155.120331862634,2015
R6B-307,E1,2015-02-26T05:45:00+00:00,4166.009570244777,2015
R6B-307,E1,2015-02-26T10:00:00+00:00,4195.178525422453,2015
R6B-307,E1,2015-02-27T04:20:00+00:00,4188.852972946431,2015
R6B-307,E1,2015-02-27T10:35:00+00:00,4166.561995241462,2015
R6B-307,E1,2015-03-02T05:10:00+00:00,4172.773573630391,2015
R6B-307,E1,2015-03-02T09:45:00+00:00,4144.11364176671,2015
R6B-307,E1,2015-03-03T05:05:00+00:00,4139.1023966318935,2015
R6B-307,E1,2015-03-04T05:55:00+00:00,4142.951883684648,2015
R6B-307,E1,2015-03-05T05:40:00+00:00,4141.680468304911,2015
R6B-307,E1,2015-03-09T10:00:00+00:00,4147.498256310635,2015
R6B-307,E1,2015-03-10T05:25:00+00:00,4119.517396347621,2015
R6B-307,E1,2015-03-11T04:05:00+00:00,4113.676476243128,2015
R6B-307,E1,2015-03-12T09:50:00+00:00,4119.248749605967,2015
R6B-307,E1,2015-03-13T04:35:00+00:00,4123.105899955569,2015
R6B-307,E1,2015-03-16T08:55:00+00:00,4121.267446888449,2015
R6B-307,E1,2015-03-17T10:55:00+00:00,4109.040168396173,2015
R6B-307,E1,2015-03-18T04:25:00+00:00,4109.885952719315,2015
R6B-307,E1,2015-03-20T05:35:00+00:00,4099.906351328204,2015
R6B-307,E1,2015-03-25T12:00:00+00:00,4101.848909691353,2015
R6B-307,E1,2015-03-26T06:20:00+00:00,4109.0663926391235,2015
R6B-307,E1,2015-03-26T10:30:00+00:00,4137.353239038985,2015
R6B-307,E1,2015-03-31T04:20:00+00:00,4115.462324565371,2015
R6B-307,E1,2015-04-01T05:00:00+00:00,4116.831325334165,2015
R6B-307,E1,2015-04-02T10:30:00+00:00,4113.959438121778,2015
R6B-307,E1,2015-04-06T04:05:00+00:00,4111.516849590961,2015
R6B-307,E1,2015-04-06T11:05:00+00:00,4112.502667578644,2015
R6B-307,E1,2015-04-08T08:50:00+00:00,4104.849741086627,2015
R6B-307,E1,2015-04-10T06:50:00+00:00,4096.819271654271,2015
R6B-307,E1,2015-04-13T05:05:00+00:00,4078.0707870555448,2015
R6B-307,E1,2015-04-14T04:55:00+00:00,4066.8044417442316,2015
R6B-307,E1,2015-04-15T05:05:00+00:00,4061.777113048621,2015
R6B-307,E1,2015-04-16T04:05:00+00:00,4047.9730176623166,2015
R6B-307,E1,2015-04-16T11:55:00+00:00,4042.750980289032,2015
R6B-307,E1,2015-04-17T10:20:00+00:00,4057.3570026745415,2015
R6B-307,E1,2015-04-20T04:05:00+00:00,4048.769553027965,2015
R6B-307,E1,2015-04-20T10:55:00+00:00,4023.5506673427503,2015
R6B-307,E1,2015-04-21T10:00:00+00:00,4023.6660869786665,2015
R6B-307,E1,2015-04-22T10:30:00+00:00,4018.094583754985,2015
R6B-307,E1,2015-04-24T11:25:00+00:00,3989.06285895269,2015
R6B-307,E1,2015-04-27T04:05:00+00:00,3994.7306048760865,2015
R6B-307,E1,2015-04-28T11:20:00+00:00,3996.6465194799466,2015
R6B-307,E1,2015-05-01T05:35:00+00:00,3984.2720505266193,2015
R6B-307,E1,2015-05-04T04:40:00+00:00,3997.720490869469,2015
R6B-307,E1,2015-05-04T09:10:00+00:00,3991.5110821301027,2015
R6B-307,E1,2015-05-05T10:10:00+00:00,3981.6370475999656,2015
R6B-307,E1,2015-05-06T07:15:00+00:00,3973.8723183686884,2015
R6B-307,E1,2015-05-08T10:30:00+00:00,3978.8386255736655,2015
R6B-307,E1,2015-05-11T04:20:00+00:00,3970.6538813204666,2015
R6B-307,E1,2015-05-12T11:20:00+00:00,3994.8837283329653,2015
R6B-307,E1,2015-05-13T10:55:00+00:00,3987.8036427828747,2015
R6B-307,E1,2015-05-14T10:45:00+00:00,3995.1905301359475,2015
R6B-307,E1,2015-05-18T08:35:00+00:00,4003.7926354852384,2015
R6B-307,E1,2015-05-22T04:45:00+00:00,4006.4134794615657,2015
R6B-307,E1,2015-05-22T08:50:00+00:00,4017.0573757626444,2015
R6B-307,E1,2015-05-27T09:40:00+00:00,4004.5964659279252,2015
R6B-307,E1,2015-05-28T05:25:00+00:00,3999.810430210738,2015
R6B-307,E1,2015-05-29T07:15:00+00:00,3994.7225808629632,2015
R6B-307,E1,2015-06-01T08:50:00+00:00,3977.0195913359016,2015
R6B-307,E1,2015-06-03T05:35:00+00:00,3970.8833230548967,2015
R6B-307,E1,2015-06-08T04:20:00+00:00,3971.8840576800444,2015
R6B-307,E1,2015-06-09T05:30:00+00:00,3979.5620340637715,2015
R6B-307,E1,2015-06-10T08:30:00+00:00,3991.4768921738973,2015
R6B-307,E1,2015-06-11T08:30:00+00:00,3975.1737471136958,2015
R6B-307,E1,2015-06-12T05:30:00+00:00,3975.5442033512054,2015
R6B-307,E1,2015-06-12T09:35:00+00:00,3959.895560683121,2015
R6B-307,E1,2015-06-15T04:05:00+00:00,3952.3076923174403,2015
R6B-307,E1,2015-06-15T11:05:00+00:00,3923.888688740231,2015
R6B-307,E1,2015-06-16T11:10:00+00:00,3908.6876881593826,2015
R6B-307,E1,2015-06-18T11:35:00+00:00,3936.8016507246593,2015
R6B-307,E1,2015-06-23T04:50:00+00:00,3932.527917602053,2015
R6B-307,E1,2015-06-24T04:05:00+00:00,3926.1306161502926,2015
R6B-307,E1,2015-06-25T04:10:00+00:00,3930.051271692926,2015
R6B-307,E1,2015-06-25T08:25:00+00:00,3919.851226786663,2015
R6B-307,E1,2015-06-26T04:20:00+00:00,3916.007305211999,2015
R6B-307,E1,2015-06-26T11:35:00+00:00,3907.4188604582423,2015
R6B-307,E1,2015-06-29T04:05:00+00:00,3892.337594517032,2015
R6B-307,E1,2015-07-01T05:55:00+00:00,3888.804551864564,2015
R6B-307,E1,2015-07-03T10:30:00+00:00,3888.502603977005,2015
R6B-307,E1,2015-07-06T04:05:00+00:00,3866.632251509421,2015
R6B-307,E1,2015-07-09T09:35:00+00:00,3868.956215471377,2015
R6B-307,E1,2015-07-10T06:50:00+00:00,3868.71917924936,2015
R6B-307,E1,2015-07-21T11:10:00+00:00,3865.4408513527355,2015
R6B-307,E1,2015-07-23T05:35:00+00:00,3875.8391959542055,2015
R6B-307,E1,2015-07-23T11:45:00+00:00,3868.999576748533,2015
R6B-307,E1,2015-07-27T09:45:00+00:00,3866.378160470703,2015
R6B-307,E1,2015-07-28T08:40:00+00:00,3861.8472220576937,2015
R6B-307,E1,2015-07-29T09:45:00+00:00,3853.606096003089,2015
R6B-307,E1,2015-08-03T07:10:00+00:00,3851.726243495117,2015
R6B-307,E1,2015-08-04T09:50:00+00:00,3872.38369282945,2015
R6B-307,E1,2015-08-05T09:50:00+00:00,3862.7722379662446,2015
R6B-307,E1,2015-08-06T09:35:00+00:00,3858.7157070690946,2015
R6B-307,E1,2015-08-07T10:40:00+00:00,3857.503397115385,2015
R6B-307,E1,2015-08-10T07:10:00+00:00,3866.449728116233,2015
R6B-307,E1,2015-08-11T05:10:00+00:00,3838.2742479141693,2015
R6B-307,E1,2015-08-11T11:45:00+00:00,3841.2184263629642,2015
R6B-307,E1,2015-08-12T04:15:00+00:00,3838.621719101077,2015
R6B-307,E1,2015-08-12T10:55:00+00:00,3843.9739359168693,2015
R6B-307,E1,2015-08-13T05:05:00+00:00,3827.45950906328,2015
R6B-307,E1,2015-08-14T10:35:00+00:00,3835.2407261764297,2015
R6B-307,E1,2015-08-17T05:25:00+00:00,3836.4328658011123,2015
R6B-307,E1,2015-08-17T09:35:00+00:00,3833.643338147707,2015
R6B-307,E1,2015-08-18T10:30:00+00:00,3834.599578502169,2015
R6B-307,E1,2015-08-19T10:15:00+00:00,3846.8995878698183,2015
R6B-307,E1,2015-08-20T05:05:00+00:00,3857.5441168472694,2015
R6B-307,E1,2015-08-20T09:40:00+00:00,3850.16338471334,2015
R6B-307,E1,2015-08-21T05:05:00+00:00,3875.9731445392626,2015
R6B-307,E1,2015-08-24T04:05:00+00:00,3865.48850342295,2015
R6B-307,E1,2015-08-27T05:55:00+00:00,3859.982801128741,2015
R6B-307,E1,2015-08-28T05:10:00+00:00,3869.8473616839397,2015
R6B-307,E1,2015-09-01T04:15:00+00:00,3885.9753833190603,2015
R6B-307,E1,2015-09-01T10:50:00+00:00,3884.268074916558,2015
R6B-307,E1,2015-09-02T10:05:00+00:00,3872.0087307249432,2015
R6B-307,E1,2015-09-03T11:05:00+00:00,3843.2636076244644,2015
R6B-307,E1,2015-09-04T04:10:00+00:00,3836.069927960682,2015
R6B-307,E1,2015-09-07T06:25:00+00:00,3830.010353400653,2015
R6B-307,E1,2015-09-08T04:20:00+00:00,3830.146465801147,2015
R6B-307,E1,2015-09-09T05:10:00+00:00,3825.1483816125474,2015
R6B-307,E1,2015-09-14T06:10:00+00:00,3820.3597486502413,2015
R6B-307,E1,2015-09-16T11:00:00+00:00,3825.8503153255656,2015
R6B-307,E1,2015-09-17T06:25:00+00:00,3820.7918711058833,2015
R6B-307,E1,2015-09-21T09:50:00+00:00,3813.100100605032,2015
R6B-307,E1,2015-09-22T06:00:00+00:00,3809.9786588421744,2015
R6B-307,E1,2015-09-22T11:25:00+00:00,3786.044318366801,2015
R6B-307,E1,2015-09-23T09:50:00+00:00,3783.6766565172716,2015
R6B-307,E1,2015-09-24T05:15:00+00:00,3787.851997953291,2015
R6B-307,E1,2015-09-24T11:00:00+00:00,3782.05605856912,2015
R6B-307,E1,2015-10-06T10:35:00+00:00,3779.656463155674,2015
R6B-307,E1,2015-10-07T04:35:00+00:00,3777.265757356492,2015
R6B-307,E1,2015-10-07T09:35:00+00:00,3771.1722830545973,2015
R6B-307,E1,2015-10-09T06:50:00+00:00,3776.7008966098642,2015
R6B-307,E1,2015-10-09T11:45:00+00:00,3790.736921340912,2015
R6B-307,E1,2015-10-12T05:50:00+00:00,3808.1595692229284,2015
R6B-307,E1,2015-10-12T09:50:00+00:00,3811.418180387108,2015
R6B-307,E1,2015-10-14T05:15:00+00:00,3812.9978294553584,2015
R6B-307,E1,2015-10-14T11:30:00+00:00,3783.6158343239,2015
R6B-307,E1,2015-10-15T09:45:00+00:00,3776.0183623448797,2015
R6B-307,E1,2015-10-20T10:15:00+00:00,3784.3798417724856,2015
R6B-307,E1,2015-10-21T05:20:00+00:00,3780.315131956556,2015
R6B-307,E1,2015-10-22T10:45:00+00:00,3777.38521011179,2015
R6B-307,E1,2015-10-23T05:45:00+00:00,3777.6260232300074,2015
R6B-307,E1,2015-10-23T09:55:00+00:00,3784.465637402811,2015
R6B-307,E1,2015-10-26T09:55:00+00:00,3780.465338235339,2015
R6B-307,E1,2015-10-27T09:10:00+00:00,3780.4311207209353,2015
R6B-307,E1,2015-10-28T06:45:00+00:00,3787.956467387103,2015
R6B-307,E1,2015-10-29T10:30:00+00:00,3776.58306978414,2015
R6B-307,E1,2015-10-30T09:35:00+00:00,3773.444927679808,2015
R6B-307,E1,2015-11-02T09:45:00+00:00,3762.430239021243,2015
R6B-307,E1,2015-11-03T08:20:00+00:00,3757.4959692670996,2015
R6B-307,E1,2015-11-04T05:25:00+00:00,3752.941599393806,2015
R6B-307,E1,2015-11-05T07:05:00+00:00,3744.60138077428,2015
R6B-307,E1,2015-11-06T06:30:00+00:00,3748.7288560387615,2015
R6B-307,E1,2015-11-06T10:35:00+00:00,3740.145031438302,2015
R6B-307,E1,2015-11-09T04:50:00+00:00,3744.2883833714777,2015
R6B-307,E1,2015-11-09T10:25:00+00:00,3744.3359186013795,2015
R6B-307,E1,2015-11-10T05:45:00+00:00,3738.5466511299055,2015
R6B-307,E1,2015-11-11T05:15:00+00:00,3740.427762460992,2015
R6B-307,E1,2015-11-12T05:50:00+00:00,3737.0931189225375,2015
R6B-307,E1,2015-11-16T04:05:00+00:00,3739.820132697245,2015
R6B-307,E1,2015-11-16T09:50:00+00:00,3732.464930436573,2015
R6B-307,E1,2015-11-19T05:15:00+00:00,3732.5731343666976,2015
R6B-307,E1,2015-11-20T05:55:00+00:00,3738.533480239608,2015
R6B-307,E1,2015-11-20T10:00:00+00:00,3736.9857273787884,2015
R6B-307,E1,2015-11-24T04:05:00+00:00,3735.5781812485884,2015
R6B-307,E1,2015-11-24T11:30:00+00:00,3743.498414521039,2015
R6B-307,E1,2015-11-25T04:55:00+00:00,3744.6654097660244,2015
R6B-307,E1,2015-11-26T05:55:00+00:00,3744.0997562351536,2015
R6B-307,E1,2015-11-27T04:25:00+00:00,3725.6273724476955,2015
R6B-307,E1,2015-12-01T06:10:00+00:00,3717.460980090849,2015
R6B-307,E1,2015-12-08T08:45:00+00:00,3717.4800380687416,2015
R6B-307,E1,2015-12-09T06:55:00+00:00,3712.500301794407,2015
R6B-307,E1,2015-12-16T06:50:00+00:00,3709.4541270493855,2015
R6B-307,E1,2015-12-18T05:35:00+00:00,3707.672376150359,2015
R6B-307,E1,2015-12-18T10:05:00+00:00,3701.1180082475357,2015
R6B-307,E1,2015-12-21T05:45:00+00:00,3699.969955151358,2015
R6B-307,E1,2015-12-22T11:15:00+00:00,3689.898625954478,2015
R6B-307,E1,2015-12-23T09:40:00+00:00,3679.5443491473784,2015
R6B-307,E1,2015-12-24T04:05:00+00:00,3683.6490114783687,2015
R6B-307,E1,2015-12-28T04:05:00+00:00,3673.59431979805,2015
R6B-307,E1,2015-12-29T05:25:00+00:00,3676.047586056014,2015
R6B-307,E1,2015-12-29T10:05:00+00:00,3671.1989386933824,2015
R6B-307,E1,2015-12-30T05:20:00+00:00,3671.057536956476,2015
R6B-307,E1,2015-12-31T04:25:00+00:00,3669.3994989948333,2015
R6B-307,E1,2016-01-04T04:05:00+00:00,3669.80618096247,2016
R6B-307,E1,2016-01-04T09:15:00+00:00,3693.044470728879,2016
R6B-307,E1,2016-01-05T08:40:00+00:00,3689.9044104811596,2016
R6B-307,E1,2016-01-06T10:05:00+00:00,3699.5795054147484,2016
R6B-307,E1,2016-01-07T05:50:00+00:00,3707.2122287734364,2016
R6B-307,E1,2016-01-08T04:10:00+00:00,3680.24566974854,2016
R6B-307,E1,2016-01-11T04:05:00+00:00,3668.633040879746,2016
R6B-307,E1,2016-01-12T07:50:00+00:00,3659.5997020255236,2016
R6B-307,E1,2016-01-15T07:35:00+00:00,3663.8865216180557,2016
R6B-307,E1,2016-01-18T07:30:00+00:00,3655.2515445592276,2016
R6B-307,E1,2016-01-20T05:30:00+00:00,3655.445371437037,2016
R6B-307,E1,2016-01-20T11:25:00+00:00,3654.3760910224223,2016
R6B-307,E1,2016-01-21T08:50:00+00:00,3644.4369255890438,2016
R6B-307,E1,2016-01-25T05:25:00+00:00,3648.359792370032,2016
R6B-307,E1,2016-01-25T11:40:00+00:00,3652.232524311929,2016
R6B-307,E1,2016-01-26T04:05:00+00:00,3664.1211871684345,2016
R6B-307,E1,2016-01-26T10:45:00+00:00,3664.2149452395042,2016
R6B-307,E1,2016-01-29T08:25:00+00:00,3648.616208457476,2016
R6B-307,E1,2016-02-01T05:25:00+00:00,3652.417187484082,2016
R6B-307,E1,2016-02-01T11:10:00+00:00,3651.623650164031,2016
R6B-307,E1,2016-02-11T04:05:00+00:00,3672.0372465465475,2016
R6B-307,E1,2016-02-17T07:25:00+00:00,3686.6581462675713,2016
R6B-307,E1,2016-02-17T11:25:00+00:00,3662.8176136335223,2016
R6B-307,E1,2016-02-23T05:20:00+00:00,3685.7091373917506,2016
R6B-307,E1,2016-02-25T10:40:00+00:00,3677.2974904115545,2016
R6B-307,E1,2016-02-29T09:10:00+00:00,3690.210284027564,2016
R6B-307,E1,2016-03-01T05:20:00+00:00,3697.086458822254,2016
R6B-307,E1,2016-03-08T06:00:00+00:00,3692.6764714473047,2016
R6B-307,E1,2016-03-08T11:50:00+00:00,3701.0542680102376,2016
R6B-307,E1,2016-03-11T05:10:00+00:00,3690.790371903295,2016
R6B-307,E1,2016-03-17T11:30:00+00:00,3703.379677000923,2016
R6B-307,E1,2016-03-18T05:20:00+00:00,3692.1730584447473,2016
R6B-307,E1,2016-03-22T07:35:00+00:00,3712.1487881737094,2016
R6B-307,E1,2016-03-22T11:55:00+00:00,3697.155166203729,2016
R6B-307,E1,2016-03-28T11:25:00+00:00,3693.6175506203895,2016
R6B-307,E1,2016-03-31T08:50:00+00:00,3703.561900104731,2016
R6B-307,E1,2016-04-01T10:35:00+00:00,3692.643597643253,2016
R6B-307,E1,2016-04-05T05:00:00+00:00,3711.1075375357686,2016
R6B-307,E1,2016-04-05T10:05:00+00:00,3721.3268612022957,2016
R6B-307,E1,2016-04-07T04:30:00+00:00,3721.789355644702,2016
R6B-307,E1,2016-04-07T08:35:00+00:00,3721.2791368840467,2016
R6B-307,E1,2016-04-11T04:05:00+00:00,3735.139984358953,2016
R6B-307,E1,2016-04-11T08:35:00+00:00,3723.466806818924,2016
R6B-307,E1,2016-04-18T04:05:00+00:00,3714.6151417381125,2016
R6B-307,E1,2016-04-19T07:55:00+00:00,3741.914136771901,2016
R6B-307,E1,2016-04-20T05:20:00+00:00,3730.455016784286,2016
R6B-307,E1,2016-04-21T06:55:00+00:00,3754.463140845231,2016
R6B-307,E1,2016-04-21T10:55:00+00:00,3752.0206352373566,2016
R6B-307,E1,2016-04-22T05:45:00+00:00,3738.7848412753074,2016
R6B-307,E1,2016-04-25T09:10:00+00:00,3730.004722143615,2016
R6B-307,E1,2016-04-26T05:25:00+00:00,3716.3186070627376,2016
R6B-307,E1,2016-04-27T04:25:00+00:00,3710.937827873069,2016
R6B-307,E1,2016-04-27T11:00:00+00:00,3701.252320278389,2016
R6B-307,E1,2016-04-28T07:10:00+00:00,3720.4007504401707,2016
R6B-307,E1,2016-04-29T05:30:00+00:00,3727.7420198398318,2016
R6B-307,E1,2016-05-02T04:40:00+00:00,3717.7219343087318,2016
R6B-307,E1,2016-05-03T05:05:00+00:00,3710.6987128854403,2016
R6B-307,E1,2016-05-03T10:50:00+00:00,3702.586118445618,2016
R6B-307,E1,2016-05-06T05:00:00+00:00,3699.5189419574995,2016
R6B-307,E1,2016-05-10T06:55:00+00:00,3701.3482790809535,2016
R6B-307,E1,2016-05-10T11:15:00+00:00,3694.789840872488,2016
R6B-307,E1,2016-05-11T06:05:00+00:00,3700.0904946154415,2016
R6B-307,E1,2016-05-11T10:05:00+00:00,3695.400588370584,2016
R6B-307,E1,2016-05-13T08:15:00+00:00,3706.2669145556883,2016
R6B-307,E1,2016-05-16T06:10:00+00:00,3712.0952988091267,2016
R6B-307,E1,2016-05-16T10:10:00+00:00,3717.2019703350024,2016
R6B-307,E1,2016-05-17T05:35:00+00:00,3716.698613487965,2016
R6B-307,E1,2016-05-23T04:30:00+00:00,3716.6419916867776,2016
R6B-307,E1,2016-05-25T05:15:00+00:00,3708.131025957857,2016
R6B-307,E1,2016-05-26T04:05:00+00:00,3718.9724141371885,2016
R6B-307,E1,2016-05-27T04:10:00+00:00,3704.389465106655,2016
R6B-307,E1,2016-05-31T04:05:00+00:00,3706.8387016149227,2016
R6B-307,E1,2016-06-01T05:10:00+00:00,3693.075972386514,2016
R6B-307,E1,2016-06-02T06:30:00+00:00,3689.693850175291,2016
R6B-307,E1,2016-06-02T10:50:00+00:00,3687.6297113173464,2016
R6B-307,E1,2016-06-03T08:15:00+00:00,3685.4672920523994,2016
R6B-307,E1,2016-06-06T04:05:00+00:00,3663.5432582486133,2016
R6B-307,E1,2016-06-08T05:25:00+00:00,3669.676537000335,2016
R6B-307,E1,2016-06-08T09:50:00+00:00,3677.007479227978,2016
R6B-307,E1,2016-06-13T04:05:00+00:00,3667.422711533034,2016
R6B-307,E1,2016-06-13T09:50:00+00:00,3680.5661320719723,2016
R6B-307,E1,2016-06-15T10:20:00+00:00,3665.795641740058,2016
R6B-307,E1,2016-06-16T05:05:00+00:00,3675.516749791207,2016
R6B-307,E1,2016-06-16T10:05:00+00:00,3670.606440864158,2016
R6B-307,E1,2016-06-21T04:10:00+00:00,3651.559141706909,2016
R6B-307,E1,2016-06-23T10:15:00+00:00,3643.5139583444948,2016
R6B-307,E1,2016-06-24T05:00:00+00:00,3830.141270851708,2016
R6B-307,E1,2016-06-27T04:05:00+00:00,3809.3110016938404,2016
R6B-307,E1,2016-06-29T04:25:00+00:00,3813.642091472071,2016
R6B-307,E1,2016-06-29T11:05:00+00:00,3797.362516431096,2016
R6B-307,E1,2016-07-01T05:30:00+00:00,3802.1086061473243,2016
R6B-307,E1,2016-07-01T09:35:00+00:00,3801.064976013886,2016
R6B-307,E1,2016-07-04T05:20:00+00:00,3791.634707377752,2016
R6B-307,E1,2016-07-05T04:30:00+00:00,3768.9853598920668,2016
R6B-307,E1,2016-07-06T05:05:00+00:00,3761.9467383611354,2016
R6B-307,E1,2016-07-07T05:10:00+00:00,3753.7494780099723,2016
R6B-307,E1,2016-07-11T04:05:00+00:00,3752.3874469464363,2016
R6B-307,E1,2016-07-12T06:00:00+00:00,3747.59892706312,2016
R6B-307,E1,2016-07-13T06:35:00+00:00,3753.492840435063,2016
R6B-307,E1,2016-07-13T11:00:00+00:00,3738.9130489486233,2016
R6B-307,E1,2016-07-20T04:05:00+00:00,3734.420506773349,2016
R6B-307,E1,2016-07-21T09:25:00+00:00,3747.781720898906,2016
R6B-307,E1,2016-07-26T05:05:00+00:00,3736.708528781055,2016
R6B-307,E1,2016-07-28T10:10:00+00:00,3733.4031912864734,2016
R6B-307,E1,2016-07-29T04:40:00+00:00,3738.33165877369,2016
R6B-307,E1,2016-08-02T11:10:00+00:00,3744.9795104681857,2016
R6B-307,E1,2016-08-05T08:15:00+00:00,3745.0042730282557,2016
R6B-307,E1,2016-08-08T08:10:00+00:00,3726.1871186371222,2016
R6B-307,E1,2016-08-10T04:05:00+00:00,3743.9278625454585,2016
R6B-307,E1,2016-08-10T08:25:00+00:00,3745.0434660561973,2016
R6B-307,E1,2016-08-15T06:55:00+00:00,3743.7138662304533,2016
R6B-307,E1,2016-08-15T11:05:00+00:00,3738.5612027570905,2016
R6B-307,E1,2016-08-16T04:40:00+00:00,3745.504176898817,2016
R6B-307,E1,2016-08-16T09:35:00+00:00,3751.4335007067207,2016
R6B-307,E1,2016-08-18T04:10:00+00:00,3750.0716048447453,2016
R6B-307,E1,2016-08-23T11:10:00+00:00,3738.4385007076894,2016
R6B-307,E1,2016-08-25T09:25:00+00:00,3733.690562985105,2016
R6B-307,E1,2016-08-26T04:50:00+00:00,3735.0596183391776,2016
R6B-307,E1,2016-08-26T11:30:00+00:00,3738.332908841201,2016
R6B-307,E1,2016-08-30T04:15:00+00:00,3732.7770011828165,2016
R6B-307,E1,2016-08-31T05:45:00+00:00,3730.8312414648813,2016
R6B-307,E1,2016-09-01T05:50:00+00:00,3722.941820252814,2016
R6B-307,E1,2016-09-02T04:10:00+00:00,3716.732275839331,2016
R6B-307,E1,2016-09-05T09:35:00+00:00,3720.4105660838186,2016
R6B-307,E1,2016-09-06T11:10:00+00:00,3729.3665918013353,2016
R6B-307,E1,2016-09-07T07:10:00+00:00,3724.981156862698,2016
R6B-307,E1,2016-09-09T06:40:00+00:00,3713.2009823989315,2016
R6B-307,E1,2016-09-12T11:05:00+00:00,3699.1815418061683,2016
R6B-307,E1,2016-09-13T06:05:00+00:00,3692.013649785508,2016
R6B-307,E1,2016-09-15T06:00:00+00:00,3681.127476529014,2016
R6B-307,E1,2016-09-19T05:05:00+00:00,3689.084781831389,2016
R6B-307,E1,2016-09-19T11:05:00+00:00,3678.371477922999,2016
R6B-307,E1,2016-09-20T04:35:00+00:00,3678.974130539275,2016
R6B-307,E1,2016-09-20T11:00:00+00:00,3669.8524321769137,2016
R6B-307,E1,2016-09-21T08:20:00+00:00,3672.308699225623,2016
R6B-307,E1,2016-09-26T04:20:00+00:00,3656.1231047643746,2016
R6B-307,E1,2016-09-29T04:15:00+00:00,3654.7695229798596,2016
R6B-307,E1,2016-09-30T05:50:00+00:00,3651.1099486590906,2016
R6B-307,E1,2016-09-30T10:20:00+00:00,3653.9022300283445,2016
R6B-307,E1,2016-10-03T05:00:00+00:00,3640.2784847006865,2016
R6B-307,E1,2016-10-05T06:20:00+00:00,3639.889575541129,2016
R6B-307,E1,2016-10-07T05:10:00+00:00,3626.2265130012665,2016
R6B-307,E1,2016-10-10T04:05:00+00:00,3629.412077930103,2016
R6B-307,E1,2016-10-10T10:25:00+00:00,3621.5933669789997,2016
R6B-307,E1,2016-10-11T10:20:00+00:00,3603.024262959204,2016
R6B-307,E1,2016-10-12T05:45:00+00:00,3599.8693476175654,2016
R6B-307,E1,2016-10-13T06:15:00+00:00,3605.4954014549253,2016
R6B-307,E1,2016-10-17T07:35:00+00:00,3604.175136671329,2016
R6B-307,E1,2016-10-18T05:15:00+00:00,3606.18398635825,2016
R6B-307,E1,2016-10-18T10:35:00+00:00,3606.4630798409075,2016
R6B-307,E1,2016-10-19T05:55:00+00:00,3597.5799022705296,2016
R6B-307,E1,2016-10-20T05:50:00+00:00,3594.117701592768,2016
R6B-307,E1,2016-10-25T08:00:00+00:00,3600.495178195935,2016
R6B-307,E1,2016-10-27T09:10:00+00:00,3602.3017860438963,2016
R6B-307,E1,2016-10-28T06:10:00+00:00,3593.129565224572,2016
R6B-307,E1,2016-11-01T09:55:00+00:00,3598.0883092514973,2016
R6B-307,E1,2016-11-02T08:05:00+00:00,3609.443987647498,2016
R6B-307,E1,2016-11-03T07:15:00+00:00,3607.5561663772805,2016
R6B-307,E1,2016-11-08T05:35:00+00:00,3607.049381752966,2016
R6B-307,E1,2016-11-08T11:00:00+00:00,3603.725254660182,2016
R6B-307,E1,2016-11-09T06:00:00+00:00,3714.005898066806,2016
R6B-307,E1,2016-11-10T05:15:00+00:00,3715.332412648625,2016
R6B-307,E1,2016-11-15T05:20:00+00:00,3700.6285971618804,2016
R6B-307,E1,2016-11-16T05:40:00+00:00,3698.678815641115,2016
R6B-307,E1,2016-11-17T06:00:00+00:00,3693.4919032980947,2016
R6B-307,E1,2016-11-17T12:00:00+00:00,3697.825372007626,2016
R6B-307,E1,2016-11-21T05:05:00+00:00,3699.432076349301,2016
R6B-307,E1,2016-11-21T11:25:00+00:00,3698.640513932052,2016
R6B-307,E1,2016-11-22T04:05:00+00:00,3699.2972101832124,2016
R6B-307,E1,2016-11-23T06:45:00+00:00,3693.867181722783,2016
R6B-307,E1,2016-11-25T11:15:00+00:00,3697.553534320907,2016
R6B-307,E1,2016-11-28T04:05:00+00:00,3706.5160015310967,2016
R6B-307,E1,2016-11-30T05:40:00+00:00,3700.2859552616783,2016
R6B-307,E1,2016-12-01T10:25:00+00:00,3674.724989894109,2016
R6B-307,E1,2016-12-02T05:10:00+00:00,3667.3000053717997,2016
R6B-307,E1,2016-12-05T04:05:00+00:00,3653.525466871492,2016
R6B-307,E1,2016-12-07T06:45:00+00:00,3645.0096127775246,2016
R6B-307,E1,2016-12-08T06:15:00+00:00,3644.1911316925393,2016
R6B-307,E1,2016-12-14T05:40:00+00:00,3640.883388374383,2016
R6B-307,E1,2016-12-14T10:30:00+00:00,3638.768017230856,2016
R6B-307,E1,2016-12-16T09:45:00+00:00,3645.1085318508945,2016
R6B-307,E1,2016-12-19T10:00:00+00:00,3639.8679349497284,2016
R6B-307,E1,2016-12-21T06:00:00+00:00,3639.2909711422894,2016
R6B-307,E1,2016-12-21T10:45:00+00:00,3629.2317082170593,2016
R6B-307,E1,2016-12-23T05:35:00+00:00,3630.04694674296,2016
R6B-307,E1,2016-12-23T10:05:00+00:00,3627.58233764332,2016
R6B-307,E1,2016-12-27T06:05:00+00:00,3634.7703991141243,2016
R6B-307,E1,2016-12-27T10:25:00+00:00,3646.735354470447,2016
R6B-307,E1,2016-12-28T04:05:00+00:00,3652.3620557364816,2016
R6B-307,E1,2016-12-28T09:35:00+00:00,3643.7592202310907,2016
R6B-307,E1,2016-12-29T04:05:00+00:00,3659.427053537132,2016
R6B-307,E1,2016-12-29T08:10:00+00:00,3658.672947695793,2016
R6B-307,E1,2016-12-30T05:05:00+00:00,3648.5733287225053,2016
R6B-307,E1,2017-01-03T05:05:00+00:00,3658.121114854084,2017
R6B-307,E1,2017-01-04T07:35:00+00:00,3660.5939204919255,2017
R6B-307,E1,2017-01-05T04:05:00+00:00,3675.3092445588186,2017
R6B-307,E1,2017-01-05T09:20:00+00:00,3664.286797875618,2017
R6B-307,E1,2017-01-09T05:05:00+00:00,3659.6400597236347,2017
R6B-307,E1,2017-01-10T07:35:00+00:00,3656.857210636739,2017
R6B-307,E1,2017-01-11T10:20:00+00:00,3653.0410500150206,2017
R6B-307,E1,2017-01-12T06:50:00+00:00,3656.003099728718,2017
R6B-307,E1,2017-01-12T10:50:00+00:00,3671.3651926748666,2017
R6B-307,E1,2017-01-16T04:05:00+00:00,3668.9330101093074,2017
R6B-307,E1,2017-01-16T10:10:00+00:00,3660.767037166874,2017
R6B-307,E1,2017-01-17T04:05:00+00:00,3665.090991809495,2017
R6B-307,E1,2017-01-17T08:10:00+00:00,3683.6752832745206,2017
R6B-307,E1,2017-01-20T07:15:00+00:00,3684.2570839949203,2017
R6B-307,E1,2017-01-20T11:15:00+00:00,3655.908871535737,2017
R6B-307,E1,2017-01-23T04:40:00+00:00,3654.9394131110334,2017
R6B-307,E1,2017-01-26T04:05:00+00:00,3645.3802471889803,2017
R6B-307,E1,2017-01-30T04:05:00+00:00,3643.4712453674474,2017
R6B-307,E1,2017-01-31T05:55:00+00:00,3653.2459016366447,2017
R6B-307,E1,2017-02-02T04:25:00+00:00,3663.0364549897886,2017
R6B-307,E1,2017-02-02T09:50:00+00:00,3662.1519621775456,2017
R6B-307,E1,2017-02-06T04:30:00+00:00,3665.7037098145875,2017
R6B-307,E1,2017-02-08T06:40:00+00:00,3656.2924321041733,2017
R6B-307,E1,2017-02-14T08:05:00+00:00,3654.072753760513,2017
R6B-307,E1,2017-02-16T04:25:00+00:00,3654.3330069250005,2017
R6B-307,E1,2017-02-24T08:00:00+00:00,3662.1544026964552,2017
R6B-307,E1,2017-02-27T05:40:00+00:00,3654.553158509935,2017
R6B-307,E1,2017-02-28T10:30:00+00:00,3642.8546376303134,2017
R6B-307,E1,2017-03-13T04:05:00+00:00,3644.400717597456,2017
R6B-307,E1,2017-03-13T09:15:00+00:00,3648.1456381392927,2017
R6B-307,E1,2017-03-15T08:35:00+00:00,3650.3074972712393,2017
R6B-307,E1,2017-03-16T04:30:00+00:00,3655.095714580603,2017
R6B-307,E1,2017-03-16T09:40:00+00:00,3645.4489004696698,2017
R6B-307,E1,2017-03-20T04:05:00+00:00,3654.140035322767,2017
R6B-307,E1,2017-03-20T08:55:00+00:00,3647.03252564218,2017
R6B-307,E1,2017-03-21T05:05:00+00:00,3625.988623561435,2017
R6B-307,E1,2017-03-22T10:40:00+00:00,3615.0785705237295,2017
R6B-307,E1,2017-03-27T04:05:00+00:00,3621.7645926299315,2017
R6B-307,E1,2017-04-04T04:10:00+00:00,3619.1381717961667,2017
R6B-307,E1,2017-04-04T10:50:00+00:00,3618.531957757443,2017
R6B-307,E1,2017-04-05T11:30:00+00:00,3607.1376794877947,2017
R6B-307,E1,2017-04-07T05:15:00+00:00,3637.312963404732,2017
R6B-307,E1,2017-04-11T11:45:00+00:00,3634.4513208884314,2017
R6B-307,E1,2017-04-12T05:00:00+00:00,3630.1002432276005,2017
R6B-307,E1,2017-04-17T04:05:00+00:00,3619.2564065893584,2017
R6B-307,E1,2017-04-20T11:05:00+00:00,3609.177083206897,2017
R6B-307,E1,2017-04-28T06:35:00+00:00,3608.0735204898156,2017
R6B-307,E1,2017-05-01T04:05:00+00:00,3589.176218437995,2017
R6B-307,E1,2017-05-05T08:10:00+00:00,3598.311204569479,2017
R6B-307,E1,2017-05-08T04:05:00+00:00,3586.6078955365465,2017
R6B-307,E1,2017-05-11T06:20:00+00:00,3589.0360820859196,2017
R6B-307,E1,2017-05-12T06:10:00+00:00,3588.308097559071,2017
R6B-307,E1,2017-05-12T10:20:00+00:00,3589.7739631003,2017
R6B-307,E1,2017-05-15T06:25:00+00:00,3595.248450338235,2017
R6B-307,E1,2017-05-15T10:25:00+00:00,3590.4152699427314,2017
R6B-307,E1,2017-05-16T05:10:00+00:00,3592.194485594434,2017
R6B-307,E1,2017-05-17T04:05:00+00:00,3586.728488710792,2017
R6B-307,E1,2017-05-19T10:30:00+00:00,3589.1094072544342,2017
R6B-307,E1,2017-05-25T07:10:00+00:00,3582.258057084278,2017
R6B-307,E1,2017-05-26T06:40:00+00:00,3584.5323298086087,2017
R6B-307,E1,2017-05-26T10:50:00+00:00,3599.729656010223,2017
R6B-307,E1,2017-05-30T05:00:00+00:00,3598.389830949466,2017
R6B-307,E1,2017-05-31T11:25:00+00:00,3597.594839086754,2017
R6B-307,E1,2017-06-05T04:05:00+00:00,3595.970608664171,2017
R6B-307,E1,2017-06-06T04:10:00+00:00,3605.654778011998,2017
R6B-307,E1,2017-06-06T09:25:00+00:00,3613.0816686144703,2017
R6B-307,E1,2017-06-08T09:45:00+00:00,3602.8241469633717,2017
R6B-307,E1,2017-06-14T06:10:00+00:00,3599.800127458994,2017
R6B-307,E1,2017-06-20T10:00:00+00:00,3600.3924411902954,2017
R6B-307,E1,2017-06-21T04:30:00+00:00,3602.465777064903,2017
R6B-307,E1,2017-06-22T04:15:00+00:00,3607.6878442894435,2017
R6B-307,E1,2017-06-22T09:55:00+00:00,3597.9421551649507,2017
R6B-307,E1,2017-06-23T09:45:00+00:00,3605.8310919105743,2017
R6B-307,E1,2017-06-26T04:05:00+00:00,3595.3317453806535,2017
R6B-307,E1,2017-06-27T06:55:00+00:00,3611.690763394613,2017
R6B-307,E1,2017-06-28T06:15:00+00:00,3610.7177734026836,2017
R6B-307,E1,2017-06-29T05:40:00+00:00,3611.421342353994,2017
R6B-307,E1,2017-06-30T07:20:00+00:00,3594.217846753244,2017
R6B-307,E1,2017-07-04T04:20:00+00:00,3588.1569863851314,2017
R6B-307,E1,2017-07-04T09:40:00+00:00,3581.5817255452093,2017
R6B-307,E1,2017-07-05T05:55:00+00:00,3570.7725701608856,2017
R6B-307,E1,2017-07-10T04:05:00+00:00,3563.4873087753067,2017
R6B-307,E1,2017-07-12T04:10:00+00:00,3565.254657572365,2017
R6B-307,E1,2017-07-13T06:00:00+00:00,3567.5682231528363,2017
R6B-307,E1,2017-07-13T10:35:00+00:00,3560.8849775192507,2017
R6B-307,E1,2017-07-14T10:25:00+00:00,3561.18983869271,2017
R6B-307,E1,2017-07-17T04:05:00+00:00,3559.2527110882183,2017
R6B-307,E1,2017-07-18T05:10:00+00:00,3561.941584701346,2017
R6B-307,E1,2017-07-18T09:45:00+00:00,3555.4841686676673,2017
R6B-307,E1,2017-07-21T06:10:00+00:00,3557.294485195647,2017
R6B-307,E1,2017-07-21T10:10:00+00:00,3558.868749528933,2017
R6B-307,E1,2017-07-24T04:05:00+00:00,3552.2316120475202,2017
R6B-307,E1,2017-07-25T10:00:00+00:00,3537.6486301192213,2017
R6B-307,E1,2017-07-27T05:55:00+00:00,3536.4163618192906,2017
R6B-307,E1,2017-08-01T06:30:00+00:00,3531.6932670122437,2017
R6B-307,E1,2017-08-08T05:40:00+00:00,3532.494220193179,2017
R6B-307,E1,2017-08-09T04:10:00+00:00,3538.0269306189343,2017
R6B-307,E1,2017-08-09T11:05:00+00:00,3532.183974919655,2017
R6B-307,E1,2017-08-10T09:45:00+00:00,3533.5282891945562,2017
R6B-307,E1,2017-08-11T04:25:00+00:00,3527.2985865320893,2017
R6B-307,E1,2017-08-17T04:15:00+00:00,3534.416645528154,2017
R6B-307,E1,2017-08-18T11:05:00+00:00,3540.6155313805943,2017
R6B-307,E1,2017-08-21T10:20:00+00:00,3540.2500234590407,2017
R6B-307,E1,2017-08-25T09:05:00+00:00,3540.354678470101,2017
R6B-307,E1,2017-08-28T04:35:00+00:00,3539.49092068053,2017
R6B-307,E1,2017-08-28T10:00:00+00:00,3543.4171415183064,2017
R6B-307,E1,2017-08-29T11:00:00+00:00,3539.4798538165373,2017
R6B-307,E1,2017-08-30T06:45:00+00:00,3522.6567648381306,2017
R6B-307,E1,2017-09-04T04:05:00+00:00,3514.6733772946714,2017
R6B-307,E1,2017-09-04T10:10:00+00:00,3504.8301354215287,2017
R6B-307,E1,2017-09-05T05:05:00+00:00,3508.1655111424798,2017
R6B-307,E1,2017-09-07T09:40:00+00:00,3516.347070695799,2017
R6B-307,E1,2017-09-08T06:30:00+00:00,3521.118040644555,2017
R6B-307,E1,2017-09-14T11:30:00+00:00,3518.5958259843965,2017
R6B-307,E1,2017-09-19T07:15:00+00:00,3511.228510499383,2017
R6B-307,E1,2017-09-20T05:40:00+00:00,3513.1999478308026,2017
R6B-307,E1,2017-09-20T09:40:00+00:00,3518.221031316521,2017
R6B-307,E1,2017-09-22T05:25:00+00:00,3519.9197640823013,2017
R6B-307,E1,2017-09-26T07:50:00+00:00,3501.7329223042275,2017
R6B-307,E1,2017-09-29T11:35:00+00:00,3496.0540550982682,2017
R6B-307,E1,2017-10-04T04:20:00+00:00,3497.651587972677,2017
R6B-307,E1,2017-10-04T09:15:00+00:00,3494.9622916429216,2017
R6B-307,E1,2017-10-09T05:05:00+00:00,3502.3544587801316,2017
R6B-307,E1,2017-10-10T05:15:00+00:00,3506.4546164247004,2017
R6B-307,E1,2017-10-10T10:25:00+00:00,3511.454030650192,2017
R6B-307,E1,2017-10-12T04:10:00+00:00,3513.4439100054856,2017
R6B-307,E1,2017-10-12T09:50:00+00:00,3508.3302135804483,2017
R6B-307,E1,2017-10-13T06:20:00+00:00,3510.202171843241,2017
R6B-307,E1,2017-10-13T10:20:00+00:00,3501.929698207466,2017
R6B-307,E1,2017-10-16T04:05:00+00:00,3496.4689864082366,2017
R6B-307,E1,2017-10-16T10:45:00+00:00,3496.5301315777306,2017
R6B-307,E1,2017-10-18T05:45:00+00:00,3485.6711847715014,2017
R6B-307,E1,2017-10-19T11:30:00+00:00,3493.330948155869,2017
R6B-307,E1,2017-10-24T04:15:00+00:00,3488.981001518428,2017
R6B-307,E1,2017-10-26T05:30:00+00:00,3490.3991227918,2017
R6B-307,E1,2017-10-31T10:25:00+00:00,3479.5339145459247,2017
R6B-307,E1,2017-11-01T10:00:00+00:00,3496.5472905907486,2017
R6B-307,E1,2017-11-02T05:20:00+00:00,3495.430427183356,2017
R6B-307,E1,2017-11-03T04:15:00+00:00,3489.6179012489197,2017
R6B-307,E1,2017-11-08T08:35:00+00:00,3490.1355039550313,2017
R6B-307,E1,2017-11-09T08:45:00+00:00,3491.6827055125236,2017
R6B-307,E1,2017-11-13T09:40:00+00:00,3494.5548349418596,2017
R6B-307,E1,2017-11-17T05:35:00+00:00,3494.9096781549797,2017
R6B-307,E1,2017-11-21T06:35:00+00:00,3495.4501334700676,2017
R6B-307,E1,2017-11-22T10:15:00+00:00,3495.193504657639,2017
R6B-307,E1,2017-11-24T05:25:00+00:00,3495.161491947103,2017
R6B-307,E1,2017-11-27T05:45:00+00:00,3497.1229462968863,2017
R6B-307,E1,2017-11-27T10:10:00+00:00,3503.148390643885,2017
R6B-307,E1,2017-11-29T07:15:00+00:00,3500.968264217705,2017
R6B-307,E1,2017-11-29T11:25:00+00:00,3493.117239861939,2017
R6B-307,E1,2017-12-01T06:25:00+00:00,3489.657611229935,2017
R6B-307,E1,2017-12-06T09:55:00+00:00,3489.2890868659388,2017
R6B-307,E1,2017-12-11T09:05:00+00:00,3490.562089113713,2017
R6B-307,E1,2017-12-12T09:15:00+00:00,3485.4560452367896,2017
R6B-307,E1,2017-12-14T05:25:00+00:00,3483.107413994378,2017
R6B-307,E1,2017-12-15T11:15:00+00:00,3486.748276530129,2017
R6B-307,E1,2017-12-18T09:15:00+00:00,3487.9052167342193,2017
R6B-307,E1,2017-12-19T08:15:00+00:00,3491.602198881503,2017
R6B-307,E1,2017-12-20T05:20:00+00:00,3493.919373291903,2017
R6B-307,E1,2017-12-22T09:50:00+00:00,3493.961454474347,2017
R6B-307,E1,2017-12-26T05:05:00+00:00,3495.773071996363,2017
R6B-307,E1,2017-12-26T10:15:00+00:00,3490.9101846925464,2017
R6B-307,E1,2017-12-27T11:10:00+00:00,3493.732641217085,2017
R6B-307,E1,2017-12-28T06:50:00+00:00,3496.702684002358,2017
R6B-307,E1,2017-12-29T05:15:00+00:00,3496.1969817113795,2017
R6B-307,E1,2018-01-02T10:05:00+00:00,3503.9397380992136,2018
R6B-307,E1,2018-01-08T05:10:00+00:00,3498.5391856732067,2018
R6B-307,E1,2018-01-12T04:15:00+00:00,3505.5783052223333,2018
R6B-307,E1,2018-01-12T08:25:00+00:00,3502.1964575414368,2018
R6B-307,E1,2018-01-15T05:15:00+00:00,3507.4379190415025,2018
R6B-307,E1,2018-01-15T09:20:00+00:00,3501.027911804693,2018
R6B-307,E1,2018-01-17T04:05:00+00:00,3492.667807398687,2018
R6B-307,E1,2018-01-19T06:05:00+00:00,3492.042626757799,2018
R6B-307,E1,2018-01-19T12:00:00+00:00,3489.336291195899,2018
R6B-307,E1,2018-01-23T05:25:00+00:00,3490.609018618359,2018
R6B-307,E1,2018-01-23T10:20:00+00:00,3487.413265187455,2018
R6B-307,E1,2018-01-24T10:40:00+00:00,3504.626130310733,2018
R6B-307,E1,2018-01-25T07:30:00+00:00,3500.346006157909,2018
R6B-307,E1,2018-01-26T10:45:00+00:00,3499.0958223412745,2018
R6B-307,E1,2018-01-31T07:35:00+00:00,3501.705611135422,2018
R6B-307,E1,2018-02-06T06:05:00+00:00,3496.4878507057256,2018
R6B-307,E1,2018-02-07T06:50:00+00:00,3497.425063216354,2018
R6B-307,E1,2018-02-07T11:15:00+00:00,3488.000581403258,2018
R6B-307,E1,2018-02-12T05:10:00+00:00,3495.704831073539,2018
R6B-307,E1,2018-02-13T08:25:00+00:00,3503.4183613554687,2018
R6B-307,E1,2018-02-14T05:05:00+00:00,3504.7887420972647,2018
R6B-307,E1,2018-02-15T08:30:00+00:00,3503.5187655131654,2018
R6B-307,E1,2018-02-16T06:25:00+00:00,3509.4639963866152,2018
R6B-307,E1,2018-02-26T05:15:00+00:00,3523.671683665809,2018
R6B-307,E1,2018-02-26T09:35:00+00:00,3522.6049797927612,2018
R6B-307,E1,2018-02-27T04:20:00+00:00,3518.1627819388177,2018
R6B-307,E1,2018-03-02T09:55:00+00:00,3511.5533368922847,2018
R6B-307,E1,2018-03-05T04:25:00+00:00,3516.5489354683627,2018
R6B-307,E1,2018-03-05T11:55:00+00:00,3506.3090812759574,2018
R6B-307,E1,2018-03-06T08:55:00+00:00,3502.5258330840215,2018
R6B-307,E1,2018-03-08T06:40:00+00:00,3500.732951640506,2018
R6B-307,E1,2018-03-08T10:50:00+00:00,3491.0633492942325,2018
R6B-307,E1,2018-03-14T06:20:00+00:00,3489.407763668965,2018
R6B-307,E1,2018-03-15T04:40:00+00:00,3489.620596598814,2018
R6B-307,E1,2018-03-15T09:15:00+00:00,3476.8513396440803,2018
R6B-307,E1,2018-03-16T09:35:00+00:00,3483.8117165436624,2018
R6B-307,E1,2018-03-21T05:50:00+00:00,3483.5528597713383,2018
R6B-307,E1,2018-03-21T10:55:00+00:00,3484.288086074443,2018
R6B-307,E1,2018-03-23T04:30:00+00:00,3494.3706959554884,2018
R6B-307,E1,2018-03-23T10:20:00+00:00,3499.6329529407217,2018
R6B-307,E1,2018-03-27T08:35:00+00:00,3493.2540932725014,2018
R6B-307,E1,2018-03-28T05:30:00+00:00,3485.8368209304444,2018
R6B-307,E1,2018-04-02T04:05:00+00:00,3492.1110459854626,2018
R6B-307,E1,2018-04-02T11:00:00+00:00,3495.362701029545,2018
R6B-307,E1,2018-04-04T06:10:00+00:00,3495.6241077527993,2018
R6B-307,E1,2018-04-04T11:35:00+00:00,3508.70915946169,2018
R6B-307,E1,2018-04-06T05:15:00+00:00,3495.093225579358,2018
R6B-307,E1,2018-04-11T10:10:00+00:00,3497.8373302650016,2018
R6B-307,E1,2018-04-13T06:15:00+00:00,3491.0898927620324,2018
R6B-307,E1,2018-04-16T05:35:00+00:00,3486.847208967469,2018
R6B-307,E1,2018-04-17T05:05:00+00:00,3474.006797125845,2018
R6B-307,E1,2018-04-19T07:05:00+00:00,3476.6004207270316,2018
R6B-307,E1,2018-04-19T11:05:00+00:00,3456.9353891960523,2018
R6B-307,E1,2018-04-24T04:15:00+00:00,3457.1729584930213,2018
R6B-307,E1,2018-04-24T10:25:00+00:00,3453.043075972489,2018
R6B-307,E1,2018-04-26T06:10:00+00:00,3451.33453042278,2018
R6B-307,E1,2018-04-26T10:55:00+00:00,3450.0879599808977,2018
R6B-307,E1,2018-05-02T05:30:00+00:00,3451.077930830294,2018
R6B-307,E1,2018-05-07T04:10:00+00:00,3454.4393085594884,2018
R6B-307,E1,2018-05-08T04:05:00+00:00,3440.7016018675317,2018
R6B-307,E1,2018-05-10T05:15:00+00:00,3441.5555536872316,2018
R6B-307,E1,2018-05-16T06:15:00+00:00,3443.093627923547,2018
R6B-307,E1,2018-05-16T11:25:00+00:00,3429.7354908316483,2018
R6B-307,E1,2018-05-17T06:15:00+00:00,3420.238696467598,2018
R6B-307,E1,2018-05-18T11:05:00+00:00,3407.296944800045,2018
R6B-307,E1,2018-05-23T04:10:00+00:00,3399.2629458723113,2018
R6B-307,E1,2018-05-24T04:05:00+00:00,3397.4883605863524,2018
R6B-307,E1,2018-05-24T10:55:00+00:00,3395.185593218939,2018
R6B-307,E1,2018-05-29T04:10:00+00:00,3392.387060164366,2018
R6B-307,E1,2018-05-31T10:25:00+00:00,3388.614837479727,2018
R6B-307,E1,2018-06-05T11:00:00+00:00,3380.505016926891,2018
R6B-307,E1,2018-06-06T09:55:00+00:00,3368.042027170345,2018
R6B-307,E1,2018-06-07T09:45:00+00:00,3366.984864864526,2018
R6B-307,E1,2018-06-08T12:00:00+00:00,3364.341299329426,2018
R6B-307,E1,2018-06-11T05:30:00+00:00,3360.368009175866,2018
R6B-307,E1,2018-06-14T10:55:00+00:00,3365.4010001035203,2018
R6B-307,E1,2018-06-18T04:05:00+00:00,3360.903082082838,2018
R6B-307,E1,2018-06-19T04:05:00+00:00,3364.87836460543,2018
R6B-307,E1,2018-06-22T10:25:00+00:00,3362.160092447743,2018
R6B-307,E1,2018-06-25T04:05:00+00:00,3351.955199110336,2018
R6B-307,E1,2018-06-29T07:20:00+00:00,3353.786196608008,2018
R6B-307,E1,2018-07-03T11:10:00+00:00,3359.8639104588915,2018
R6B-307,E1,2018-07-04T04:15:00+00:00,3360.1602147781336,2018
R6B-307,E1,2018-07-05T05:20:00+00:00,3349.0814885187237,2018
R6B-307,E1,2018-07-09T04:05:00+00:00,3355.5609041970674,2018
R6B-307,E1,2018-07-09T09:15:00+00:00,3359.17407113505,2018
R6B-307,E1,2018-07-10T05:35:00+00:00,3352.7720271870985,2018
R6B-307,E1,2018-07-12T07:55:00+00:00,3356.6632499876473,2018
R6B-307,E1,2018-07-16T04:45:00+00:00,3357.0532669222016,2018
R6B-307,E1,2018-07-16T09:10:00+00:00,3354.2881089980183,2018
R6B-307,E1,2018-07-17T07:55:00+00:00,3359.39359966337,2018
R6B-307,E1,2018-07-18T05:50:00+00:00,3346.4945887828458,2018
R6B-307,E1,2018-07-23T04:05:00+00:00,3343.5920686440277,2018
R6B-307,E1,2018-07-25T04:45:00+00:00,3335.641989116415,2018
R6B-307,E1,2018-07-26T04:05:00+00:00,3327.3672359839366,2018
R6B-307,E1,2018-07-27T11:25:00+00:00,3310.402337341947,2018
R6B-307,E1,2018-08-06T05:35:00+00:00,3302.561430663514,2018
R6B-307,E1,2018-08-07T08:05:00+00:00,3302.6049247636874,2018
R6B-307,E1,2018-08-08T05:35:00+00:00,3302.4323194099206,2018
R6B-307,E1,2018-08-08T11:15:00+00:00,3289.4341556688214,2018
R6B-307,E1,2018-08-09T04:25:00+00:00,3290.1905429496765,2018
R6B-307,E1,2018-08-09T10:10:00+00:00,3284.8829378222536,2018
R6B-307,E1,2018-08-14T05:40:00+00:00,3280.774405670418,2018
R6B-307,E1,2018-08-16T09:35:00+00:00,3289.0525805218767,2018
R6B-307,E1,2018-08-17T05:15:00+00:00,3281.2987275486016,2018
R6B-307,E1,2018-08-20T06:25:00+00:00,3281.0972098351044,2018
R6B-307,E1,2018-08-20T10:45:00+00:00,3279.622770454157,2018
R6B-307,E1,2018-08-21T04:10:00+00:00,3284.401439781587,2018
R6B-307,E1,2018-08-21T08:45:00+00:00,3281.8930137577486,2018
R6B-307,E1,2018-08-22T04:25:00+00:00,3274.167050328428,2018
R6B-307,E1,2018-08-24T07:45:00+00:00,3275.681242430281,2018
R6B-307,E1,2018-08-24T11:55:00+00:00,3280.8102543083573,2018
R6B-307,E1,2018-08-28T04:15:00+00:00,3273.0904812393946,2018
R6B-307,E1,2018-08-29T06:25:00+00:00,3268.9896938180527,2018
R6B-307,E1,2018-08-29T11:25:00+00:00,3262.618919050126,2018
R6B-307,E1,2018-08-31T05:35:00+00:00,3271.2092692314313,2018
R6B-307,E1,2018-08-31T11:10:00+00:00,3266.871576664504,2018
R6B-307,E1,2018-09-03T10:15:00+00:00,3264.8367820164844,2018
R6B-307,E1,2018-09-05T06:25:00+00:00,3258.156182745828,2018
R6B-307,E1,2018-09-05T11:05:00+00:00,3255.880645509437,2018
R6B-307,E1,2018-09-06T04:05:00+00:00,3254.616942884625,2018
R6B-307,E1,2018-09-07T04:35:00+00:00,3250.995332218053,2018
R6B-307,E1,2018-09-11T10:30:00+00:00,3242.87611522494,2018
R6B-307,E1,2018-09-14T06:15:00+00:00,3242.451549590841,2018
R6B-307,E1,2018-09-14T10:35:00+00:00,3239.3061687816535,2018
R6B-307,E1,2018-09-17T07:30:00+00:00,3237.7782107243515,2018
R6B-307,E1,2018-09-17T12:00:00+00:00,3238.4583240828606,2018
R6B-307,E1,2018-09-19T07:20:00+00:00,3246.9175717499634,2018
R6B-307,E1,2018-09-19T11:25:00+00:00,3240.983523688906,2018
R6B-307,E1,2018-09-20T05:10:00+00:00,3241.1261536853285,2018
R6B-307,E1,2018-09-21T04:20:00+00:00,3241.9248512272784,2018
R6B-307,E1,2018-09-21T11:05:00+00:00,3224.2335747859206,2018
R6B-307,E1,2018-09-25T10:20:00+00:00,3223.352792356072,2018
R6B-307,E1,2018-09-26T07:10:00+00:00,3216.066766275692,2018
R6B-307,E1,2018-09-27T07:30:00+00:00,3208.6715981358957,2018
R6B-307,E1,2018-10-02T05:10:00+00:00,3210.4956781406804,2018
R6B-307,E1,2018-10-02T10:15:00+00:00,3205.590960287838,2018
R6B-307,E1,2018-10-03T04:10:00+00:00,3206.208852393221,2018
R6B-307,E1,2018-10-04T11:30:00+00:00,3205.7393670379392,2018
R6B-307,E1,2018-10-09T04:05:00+00:00,3205.004303518797,2018
R6B-307,E1,2018-10-09T08:15:00+00:00,3199.511437358157,2018
R6B-307,E1,2018-10-10T05:05:00+00:00,3193.5652225874637,2018
R6B-307,E1,2018-10-11T11:10:00+00:00,3213.1928220175314,2018
R6B-307,E1,2018-10-15T04:10:00+00:00,3215.254919788445,2018
R6B-307,E1,2018-10-15T09:25:00+00:00,3238.4576973951425,2018
R6B-307,E1,2018-10-16T11:50:00+00:00,3238.249605398641,2018
R6B-307,E1,2018-10-18T08:20:00+00:00,3231.324893588828,2018
R6B-307,E1,2018-10-19T05:15:00+00:00,3228.5638613822853,2018
R6B-307,E1,2018-10-19T09:55:00+00:00,3225.2023523564303,2018
R6B-307,E1,2018-10-22T04:05:00+00:00,3222.050362444963,2018
R6B-307,E1,2018-10-23T06:10:00+00:00,3219.8691865081123,2018
R6B-307,E1,2018-10-23T10:20:00+00:00,3241.4613959614353,2018
R6B-307,E1,2018-10-25T04:05:00+00:00,3244.97949663091,2018
R6B-307,E1,2018-10-25T10:10:00+00:00,3227.984657523593,2018
R6B-307,E1,2018-10-26T11:15:00+00:00,3231.4793294407336,2018
R6B-307,E1,2018-11-01T04:25:00+00:00,3232.09811099895,2018
R6B-307,E1,2018-11-01T08:30:00+00:00,3248.9119425372296,2018
R6B-307,E1,2018-11-02T11:35:00+00:00,3249.4612660725625,2018
R6B-307,E1,2018-11-05T04:05:00+00:00,3240.9048513392568,2018
R6B-307,E1,2018-11-06T12:00:00+00:00,3249.671463128029,2018
R6B-307,E1,2018-11-07T04:20:00+00:00,3249.304605697421,2018
R6B-307,E1,2018-11-12T07:00:00+00:00,3235.5422749978698,2018
R6B-307,E1,2018-11-13T05:40:00+00:00,3236.702153139088,2018
R6B-307,E1,2018-11-14T06:05:00+00:00,3229.0197111744906,2018
R6B-307,E1,2018-11-15T10:10:00+00:00,3223.307730022636,2018
R6B-307,E1,2018-11-16T05:25:00+00:00,3220.5420773049864,2018
R6B-307,E1,2018-11-20T11:25:00+00:00,3215.546411655162,2018
R6B-307,E1,2018-11-21T10:55:00+00:00,3215.3197059877716,2018
R6B-307,E1,2018-11-22T07:10:00+00:00,3210.445120961404,2018
R6B-307,E1,2018-11-23T05:35:00+00:00,3209.3774373720416,2018
R6B-307,E1,2018-11-26T04:05:00+00:00,3207.3489667518743,2018
R6B-307,E1,2018-11-26T09:15:00+00:00,3210.882601837658,2018
R6B-307,E1,2018-11-28T07:00:00+00:00,3206.726691098736,2018
R6B-307,E1,2018-11-29T06:45:00+00:00,3210.6675456088387,2018
R6B-307,E1,2018-11-29T11:35:00+00:00,3204.515479523629,2018
R6B-307,E1,2018-12-03T05:10:00+00:00,3207.4573134016196,2018
R6B-307,E1,2018-12-03T09:55:00+00:00,3219.2570388489726,2018
R6B-307,E1,2018-12-04T05:55:00+00:00,3224.6490222892694,2018
R6B-307,E1,2018-12-04T10:15:00+00:00,3228.0806201848245,2018
R6B-307,E1,2018-12-06T04:50:00+00:00,3227.923712295003,2018
R6B-307,E1,2018-12-07T07:25:00+00:00,3223.1777338312368,2018
R6B-307,E1,2018-12-10T05:30:00+00:00,3219.6780450178485,2018
R6B-307,E1,2018-12-11T05:25:00+00:00,3220.911509919478,2018
R6B-307,E1,2018-12-11T09:55:00+00:00,3223.004207441519,2018
R6B-307,E1,2018-12-12T05:15:00+00:00,3219.7986709534553,2018
R6B-307,E1,2018-12-17T11:20:00+00:00,3222.937492850508,2018
R6B-307,E1,2018-12-18T07:45:00+00:00,3217.5260001990455,2018
R6B-307,E1,2018-12-19T04:10:00+00:00,3216.399721737182,2018
R6B-307,E1,2018-12-19T08:25:00+00:00,3213.2508614554463,2018
R6B-307,E1,2018-12-20T10:20:00+00:00,3237.6872703277763,2018
R6B-307,E1,2018-12-24T04:05:00+00:00,3244.0579947255965,2018
R6B-307,E1,2018-12-26T05:55:00+00:00,3247.715672526832,2018
R6B-307,E1,2018-12-26T09:55:00+00:00,3243.904947989988,2018
R6B-307,E1,2018-12-28T09:55:00+00:00,3236.7960673768494,2018
R6B-307,E1,2018-12-31T12:00:00+00:00,3241.5694248107698,2018
R6B-307,E1,2019-01-02T07:00:00+00:00,3248.153812351364,2019
R6B-307,E1,2019-01-03T10:25:00+00:00,3240.2672035121577,2019
R6B-307,E1,2019-01-04T04:05:00+00:00,3238.1930742466693,2019
R6B-307,E1,2019-01-07T05:05:00+00:00,3244.6379520229666,2019
R6B-307,E1,2019-01-07T09:35:00+00:00,3244.9970094229034,2019
R6B-307,E1,2019-01-10T06:35:00+00:00,3246.8047545528902,2019
R6B-307,E1,2019-01-11T05:40:00+00:00,3255.352833966939,2019
R6B-307,E1,2019-01-11T09:40:00+00:00,3253.4012603419555,2019
R6B-307,E1,2019-01-14T05:35:00+00:00,3250.266306136413,2019
R6B-307,E1,2019-01-14T11:55:00+00:00,3254.065265255373,2019
R6B-307,E1,2019-01-15T05:55:00+00:00,3248.3153786138882,2019
R6B-307,E1,2019-01-16T05:05:00+00:00,3243.767936069134,2019
R6B-307,E1,2019-01-16T09:55:00+00:00,3236.768881633245,2019
R6B-307,E1,2019-01-17T05:25:00+00:00,3228.373749009222,2019
R6B-307,E1,2019-01-22T11:20:00+00:00,3234.473335914584,2019
R6B-307,E1,2019-01-25T07:05:00+00:00,3235.0503560773636,2019
R6B-307,E1,2019-01-25T11:10:00+00:00,3233.6279314396506,2019
R6B-307,E1,2019-01-28T09:20:00+00:00,3225.915671428121,2019
R6B-307,E1,2019-01-29T05:00:00+00:00,3223.0223239201036,2019
R6B-307,E1,2019-01-29T10:10:00+00:00,3231.269824316647,2019
R6B-307,E1,2019-01-30T05:35:00+00:00,3232.416711569624,2019
R6B-307,E1,2019-01-30T10:00:00+00:00,3227.6872442619783,2019
R6B-307,E1,2019-01-31T09:45:00+00:00,3226.441380731464,2019
R6B-307,E1,2019-02-05T07:00:00+00:00,3224.148522205989,2019
R6B-307,E1,2019-02-06T04:25:00+00:00,3218.109576043389,2019
R6B-307,E1,2019-02-12T10:15:00+00:00,3222.6972281914705,2019
R6B-307,E1,2019-02-13T06:20:00+00:00,3223.5233013402976,2019
R6B-307,E1,2019-02-13T10:35:00+00:00,3215.7305315122608,2019
R6B-307,E1,2019-02-15T10:25:00+00:00,3220.5117144884975,2019
R6B-307,E1,2019-02-18T05:05:00+00:00,3219.494710318301,2019
R6B-307,E1,2019-02-20T05:20:00+00:00,3217.8502058324466,2019
R6B-307,E1,2019-02-25T07:00:00+00:00,3214.4398954393887,2019
R6B-307,E1,2019-02-26T06:35:00+00:00,3211.9649415306612,2019
R6B-307,E1,2019-02-27T04:15:00+00:00,3206.8670629518165,2019
R6B-307,E1,2019-02-28T11:25:00+00:00,3214.295396277608,2019
R6B-307,E1,2019-03-05T07:15:00+00:00,3207.7762740586136,2019
R6B-307,E1,2019-03-06T04:05:00+00:00,3201.9515063446984,2019
R6B-307,E1,2019-03-06T10:50:00+00:00,3190.901740218342,2019
R6B-307,E1,2019-03-07T04:20:00+00:00,3186.162179905377,2019
R6B-307,E1,2019-03-08T05:50:00+00:00,3193.0133814051155,2019
R6B-307,E1,2019-03-08T09:50:00+00:00,3202.68708360977,2019
R6B-307,E1,2019-03-11T09:50:00+00:00,3197.3906945757794,2019
R6B-307,E1,2019-03-12T05:15:00+00:00,3201.772618408025,2019
R6B-307,E1,2019-03-12T09:40:00+00:00,3199.361216338256,2019
R6B-307,E1,2019-03-13T04:30:00+00:00,3202.227058217777,2019
R6B-307,E1,2019-03-15T07:00:00+00:00,3204.8132340097613,2019
R6B-307,E1,2019-03-15T11:20:00+00:00,3204.7482807952224,2019
R6B-307,E1,2019-03-18T10:50:00+00:00,3210.383520998641,2019
R6B-307,E1,2019-03-19T04:30:00+00:00,3214.6362941437096,2019
R6B-307,E1,2019-03-21T05:35:00+00:00,3215.2500160654945,2019
R6B-307,E1,2019-03-21T10:40:00+00:00,3209.2154231624872,2019
R6B-307,E1,2019-03-22T05:40:00+00:00,3205.216638886524,2019
R6B-307,E1,2019-03-22T10:30:00+00:00,3205.943448940612,2019
R6B-307,E1,2019-03-25T05:00:00+00:00,3209.869925374763,2019
R6B-307,E1,2019-03-25T10:05:00+00:00,3211.2948267443785,2019
R6B-307,E1,2019-03-27T04:20:00+00:00,3206.529457593409,2019
R6B-307,E1,2019-03-28T09:10:00+00:00,3197.6287640794926,2019
R6B-307,E1,2019-03-29T04:25:00+00:00,3189.082107227985,2019
R6B-307,E1,2019-04-02T10:15:00+00:00,3184.7029441409477,2019
R6B-307,E1,2019-04-03T05:55:00+00:00,3183.680021619297,2019
R6B-307,E1,2019-04-04T04:05:00+00:00,3182.879367013735,2019
R6B-307,E1,2019-04-04T08:20:00+00:00,3180.4291728641088,2019
R6B-307,E1,2019-04-08T04:20:00+00:00,3187.8021410219585,2019
R6B-307,E1,2019-04-08T10:35:00+00:00,3187.072004209843,2019
R6B-307,E1,2019-04-09T04:50:00+00:00,3187.911658223292,2019
R6B-307,E1,2019-04-09T11:55:00+00:00,3191.052169387022,2019
R6B-307,E1,2019-04-17T06:00:00+00:00,3192.945245792432,2019
R6B-307,E1,2019-04-17T10:00:00+00:00,3183.385310035162,2019
R6B-307,E1,2019-04-18T12:00:00+00:00,3184.59570912372,2019
R6B-307,E1,2019-04-22T04:05:00+00:00,3186.7607238052724,2019
R6B-307,E1,2019-04-23T05:35:00+00:00,3179.1676554075407,2019
R6B-307,E1,2019-04-24T12:00:00+00:00,3181.798703937879,2019
R6B-307,E1,2019-04-25T06:50:00+00:00,3181.386131631193,2019
R6B-307,E1,2019-04-25T11:10:00+00:00,3179.6781335886976,2019
R6B-307,E1,2019-04-26T04:05:00+00:00,3180.9148909727855,2019
R6B-307,E1,2019-04-26T10:30:00+00:00,3176.7683131408876,2019
R6B-307,E1,2019-04-30T04:05:00+00:00,3180.7601852315415,2019
R6B-307,E1,2019-04-30T08:35:00+00:00,3181.9460701542794,2019
R6B-307,E1,2019-05-03T07:35:00+00:00,3176.219279859289,2019
R6B-307,E1,2019-05-06T04:05:00+00:00,3173.766687556142,2019
R6B-307,E1,2019-05-07T04:05:00+00:00,3172.568982171683,2019
R6B-307,E1,2019-05-07T08:25:00+00:00,3165.5716173428655,2019
R6B-307,E1,2019-05-08T05:00:00+00:00,3166.3109300135375,2019
R6B-307,E1,2019-05-08T10:05:00+00:00,3167.5888415537947,2019
R6B-307,E1,2019-05-09T04:20:00+00:00,3165.733892665441,2019
R6B-307,E1,2019-05-09T10:15:00+00:00,3168.56738208279,2019
R6B-307,E1,2019-05-10T08:15:00+00:00,3164.1267036806794,2019
R6B-307,E1,2019-05-14T04:05:00+00:00,3156.1678104303805,2019
R6B-307,E1,2019-05-15T04:10:00+00:00,3150.0210937291304,2019
R6B-307,E1,2019-05-16T11:10:00+00:00,3140.4927203042666,2019
R6B-307,E1,2019-05-17T09:40:00+00:00,3134.704993769692,2019
R6B-307,E1,2019-05-22T04:05:00+00:00,3130.047039308379,2019
R6B-307,E1,2019-05-23T10:05:00+00:00,3132.87581445272,2019
R6B-307,E1,2019-05-24T10:20:00+00:00,3122.4373370519884,2019
R6B-307,E1,2019-05-27T05:10:00+00:00,3125.0794398565745,2019
R6B-307,E1,2019-05-28T04:10:00+00:00,3117.177651631671,2019
R6B-307,E1,2019-05-29T04:15:00+00:00,3113.089661349614,2019
R6B-307,E1,2019-05-29T10:30:00+00:00,3112.6329592743405,2019
R6B-307,E1,2019-05-31T04:10:00+00:00,3112.1155731864524,2019
R6B-307,E1,2019-05-31T09:10:00+00:00,3114.515236986285,2019
R6B-307,E1,2019-06-03T04:05:00+00:00,3120.331797107198,2019
R6B-307,E1,2019-06-03T11:15:00+00:00,3126.587043672298,2019
R6B-307,E1,2019-06-04T11:10:00+00:00,3123.0798785244374,2019
R6B-307,E1,2019-06-05T10:05:00+00:00,3145.5883348669427,2019
R6B-307,E1,2019-06-06T11:25:00+00:00,3149.945739919396,2019
R6B-307,E1,2019-06-07T11:35:00+00:00,3150.2158513757836,2019
R6B-307,E1,2019-06-12T05:45:00+00:00,3160.266199351229,2019
R6B-307,E1,2019-06-12T09:50:00+00:00,3165.587541704623,2019
R6B-307,E1,2019-06-13T05:55:00+00:00,3163.423963192215,2019
R6B-307,E1,2019-06-13T11:00:00+00:00,3158.449884345498,2019
R6B-307,E1,2019-06-14T04:05:00+00:00,3158.8023462891574,2019
R6B-307,E1,2019-06-14T10:25:00+00:00,3163.760894853106,2019
R6B-307,E1,2019-06-17T07:15:00+00:00,3149.392149241002,2019
R6B-307,E1,2019-06-18T05:25:00+00:00,3151.3057225039493,2019
R6B-307,E1,2019-06-18T09:40:00+00:00,3153.5676433283925,2019
R6B-307,E1,2019-06-19T09:10:00+00:00,3141.8226096982694,2019
R6B-307,E1,2019-06-20T04:30:00+00:00,3175.7810610141064,2019
R6B-307,E1,2019-06-21T04:15:00+00:00,3201.6175528547305,2019
R6B-307,E1,2019-06-24T04:05:00+00:00,3190.914430337161,2019
R6B-307,E1,2019-06-25T04:15:00+00:00,3211.4795872459154,2019
R6B-307,E1,2019-06-28T04:10:00+00:00,3225.018000498234,2019
R6B-307,E1,2019-07-02T05:05:00+00:00,3226.0490186846623,2019
R6B-307,E1,2019-07-02T09:10:00+00:00,3227.710360823938,2019
R6B-307,E1,2019-07-04T05:45:00+00:00,3214.875202266517,2019
R6B-307,E1,2019-07-08T09:15:00+00:00,3226.6332094381683,2019
R6B-307,E1,2019-07-09T08:55:00+00:00,3205.45054986512,2019
R6B-307,E1,2019-07-11T04:05:00+00:00,3206.4809179381787,2019
R6B-307,E1,2019-07-12T11:25:00+00:00,3200.223568390057,2019
R6B-307,E1,2019-07-22T06:40:00+00:00,3190.90036112764,2019
R6B-307,E1,2019-07-24T06:50:00+00:00,3192.7153158682545,2019
R6B-307,E1,2019-07-24T10:50:00+00:00,3199.538788762918,2019
R6B-307,E1,2019-07-25T11:25:00+00:00,3198.9992747489964,2019
R6B-307,E1,2019-07-26T05:25:00+00:00,3191.49961764694,2019
R6B-307,E1,2019-07-26T10:55:00+00:00,3192.534722627057,2019
R6B-307,E1,2019-07-29T04:05:00+00:00,3192.253659680471,2019
R6B-307,E1,2019-07-31T10:30:00+00:00,3189.371816083198,2019
R6B-307,E1,2019-08-05T05:35:00+00:00,3200.891691118296,2019
R6B-307,E1,2019-08-05T10:15:00+00:00,3199.669758839803,2019
R6B-307,E1,2019-08-06T04:10:00+00:00,3160.843448391741,2019
R6B-307,E1,2019-08-07T04:10:00+00:00,3175.57117745252,2019
R6B-307,E1,2019-08-13T09:35:00+00:00,3192.7825440166703,2019
R6B-307,E1,2019-08-16T04:45:00+00:00,3180.1514927197177,2019
R6B-307,E1,2019-08-26T04:05:00+00:00,3163.951095471234,2019
R6B-307,E1,2019-08-27T10:00:00+00:00,3161.8770063109314,2019
R6B-307,E1,2019-08-29T05:45:00+00:00,3162.991857800423,2019
R6B-307,E1,2019-08-29T09:45:00+00:00,3148.3637873112016,2019
R6B-307,E1,2019-08-30T09:40:00+00:00,3138.161579678108,2019
R6B-307,E1,2019-09-02T04:05:00+00:00,3131.099633825166,2019
R6B-307,E1,2019-09-03T11:15:00+00:00,3134.5758316791535,2019
R6B-307,E1,2019-09-11T09:35:00+00:00,3132.124757133681,2019
R6B-307,E1,2019-09-12T10:55:00+00:00,3138.1376231592244,2019
R6B-307,E1,2019-09-13T10:40:00+00:00,3145.1097400492563,2019
R6B-307,E1,2019-09-16T04:05:00+00:00,3135.1450083419913,2019
R6B-307,E1,2019-09-19T08:55:00+00:00,3138.59062562043,2019
R6B-307,E1,2019-09-20T05:35:00+00:00,3143.064889084821,2019
R6B-307,E1,2019-09-20T09:50:00+00:00,3139.1609399271783,2019
R6B-307,E1,2019-09-23T06:00:00+00:00,3132.7547122472906,2019
R6B-307,E1,2019-09-24T11:40:00+00:00,3124.9136757326187,2019
R6B-307,E1,2019-09-26T04:10:00+00:00,3125.547069447644,2019
R6B-307,E1,2019-09-26T09:10:00+00:00,3119.266148524267,2019
R6B-307,E1,2019-10-03T10:20:00+00:00,3111.2043553666344,2019
R6B-307,E1,2019-10-04T06:55:00+00:00,3107.3409880249574,2019
R6B-307,E1,2019-10-07T05:20:00+00:00,3096.749822745599,2019
R6B-307,E1,2019-10-08T11:45:00+00:00,3117.7191571889275,2019
R6B-307,E1,2019-10-09T11:25:00+00:00,3094.042542155689,2019
R6B-307,E1,2019-10-11T06:55:00+00:00,3096.9565283783368,2019
R6B-307,E1,2019-10-11T11:05:00+00:00,3083.0115214879006,2019
R6B-307,E1,2019-10-14T11:10:00+00:00,3093.4542927006764,2019
R6B-307,E1,2019-10-15T05:50:00+00:00,3086.669594407645,2019
R6B-307,E1,2019-10-16T04:40:00+00:00,3084.1234913863077,2019
R6B-307,E1,2019-10-17T04:45:00+00:00,3073.0136548508635,2019
R6B-307,E1,2019-10-21T09:45:00+00:00,3069.470195301826,2019
R6B-307,E1,2019-10-22T08:50:00+00:00,3074.5222086544168,2019
R6B-307,E1,2019-10-23T04:05:00+00:00,3073.4412995348403,2019
R6B-307,E1,2019-10-23T10:55:00+00:00,3073.6673435571297,2019
R6B-307,E1,2019-10-25T09:40:00+00:00,3072.993193974519,2019
R6B-307,E1,2019-10-28T10:45:00+00:00,3069.5321864685166,2019
R6B-307,E1,2019-10-29T11:05:00+00:00,3055.224942562209,2019
R6B-307,E1,2019-10-30T11:30:00+00:00,3059.9933919231667,2019
R6B-307,E1,2019-10-31T05:20:00+00:00,3058.7531235783345,2019
R6B-307,E1,2019-10-31T12:00:00+00:00,3070.3088236686294,2019
R6B-307,E1,2019-11-06T04:30:00+00:00,3070.759145744153,2019
R6B-307,E1,2019-11-07T11:05:00+00:00,3048.923752220811,2019
R6B-307,E1,2019-11-08T10:20:00+00:00,3041.7097251705995,2019
R6B-307,E1,2019-11-11T11:35:00+00:00,3042.194737684995,2019
R6B-307,E1,2019-11-13T08:20:00+00:00,3041.0185900241304,2019
R6B-307,E1,2019-11-14T08:05:00+00:00,3042.8313897925464,2019
R6B-307,E1,2019-11-18T04:05:00+00:00,3036.510775050862,2019
R6B-307,E1,2019-11-19T04:45:00+00:00,3026.933719708669,2019
R6B-307,E1,2019-11-20T09:35:00+00:00,3023.7737431443807,2019
R6B-307,E1,2019-11-21T06:05:00+00:00,3011.9704020091954,2019
R6B-307,E1,2019-11-22T09:40:00+00:00,3020.480885073469,2019
R6B-307,E1,2019-11-26T08:45:00+00:00,3022.591806948719,2019
R6B-307,E1,2019-11-28T04:50:00+00:00,3017.381596121644,2019
R6B-307,E1,2019-11-29T05:35:00+00:00,3020.5426365624007,2019
R6B-307,E1,2019-11-29T09:35:00+00:00,3014.8837199945224,2019
R6B-307,E1,2019-12-04T07:10:00+00:00,3019.2991429099247,2019
R6B-307,E1,2019-12-04T11:10:00+00:00,3005.9182105886553,2019
R6B-307,E1,2019-12-05T05:45:00+00:00,3007.524032194875,2019
R6B-307,E1,2019-12-09T10:35:00+00:00,3009.879294648844,2019
R6B-307,E1,2019-12-10T09:35:00+00:00,3013.7574446386966,2019
R6B-307,E1,2019-12-11T11:40:00+00:00,3015.5943739813556,2019
R6B-307,E1,2019-12-16T09:50:00+00:00,3015.8982626857774,2019
R6B-307,E1,2019-12-17T08:30:00+00:00,3018.461165064296,2019
R6B-307,E1,2019-12-18T08:35:00+00:00,3017.8449954836397,2019
R6B-307,E1,2019-12-19T05:35:00+00:00,3017.8891093019774,2019
R6B-307,E1,2019-12-20T10:05:00+00:00,3013.8049538330206,2019
R6B-307,E1,2019-12-23T05:05:00+00:00,3014.864816212112,2019
R6B-307,E1,2019-12-23T10:35:00+00:00,3014.8356799012445,2019
R6B-307,E1,2019-12-24T05:50:00+00:00,3019.8110385046775,2019
R6B-307,E1,2019-12-24T09:55:00+00:00,3020.0598676151058,2019
R6B-307,E1,2019-12-26T05:55:00+00:00,3028.9750269369442,2019
R6B-307,E1,2019-12-27T06:35:00+00:00,3019.268187063814,2019
R6B-307,E1,2019-12-30T05:10:00+00:00,3017.972368165706,2019
R6B-307,E1,2019-12-31T05:05:00+00:00,3026.7680633340237,2019
R6B-307,E1,2019-12-31T11:15:00+00:00,3021.2870712760614,2019
R6B-307,E1,2020-01-03T04:10:00+00:00,3037.1126425374728,2020
R6B-307,E1,2020-01-03T09:35:00+00:00,3047.728349700063,2020
R6B-307,E1,2020-01-06T04:05:00+00:00,3066.174374322705,2020
R6B-307,E1,2020-01-07T10:05:00+00:00,3064.3372439064565,2020
R6B-307,E1,2020-01-08T04:15:00+00:00,3043.0161113373088,2020
R6B-307,E1,2020-01-15T06:30:00+00:00,3045.366896228844,2020
R6B-307,E1,2020-01-17T07:55:00+00:00,3045.8493158632273,2020
R6B-307,E1,2020-01-20T09:30:00+00:00,3045.330201542561,2020
R6B-307,E1,2020-01-21T04:05:00+00:00,3054.5980830018884,2020
R6B-307,E1,2020-01-27T04:05:00+00:00,3050.5004852242614,2020
R6B-307,E1,2020-01-30T04:35:00+00:00,3050.931951856666,2020
R6B-307,E1,2020-01-30T11:20:00+00:00,3049.2579661994705,2020
R6B-307,E1,2020-01-31T11:45:00+00:00,3055.637623934109,2020
R6B-307,E1,2020-02-05T04:50:00+00:00,3059.125215091857,2020
R6B-307,E1,2020-02-05T09:15:00+00:00,3050.8278249594523,2020
R6B-307,E1,2020-02-06T11:05:00+00:00,3064.4767704514593,2020
R6B-307,E1,2020-02-07T04:45:00+00:00,3059.0129196924313,2020
R6B-307,E1,2020-02-10T04:05:00+00:00,3050.9071488204613,2020
R6B-307,E1,2020-02-13T04:40:00+00:00,3051.3764403945274,2020
R6B-307,E1,2020-02-13T09:40:00+00:00,3049.6869557463842,2020
R6B-307,E1,2020-02-18T04:40:00+00:00,3049.0838110568957,2020
R6B-307,E1,2020-02-18T11:35:00+00:00,3047.37989014835,2020
R6B-307,E1,2020-02-19T05:10:00+00:00,3042.641634449014,2020
R6B-307,E1,2020-02-19T10:25:00+00:00,3049.4165219407864,2020
R6B-307,E1,2020-02-21T06:10:00+00:00,3059.2038781577166,2020
R6B-307,E1,2020-02-21T10:10:00+00:00,3067.4881374395277,2020
R6B-307,E1,2020-02-24T04:05:00+00:00,3054.091847783418,2020
R6B-307,E1,2020-02-24T11:10:00+00:00,3082.7162869855097,2020
R6B-307,E1,2020-02-26T11:05:00+00:00,3085.0588036840895,2020
R6B-307,E1,2020-02-27T06:05:00+00:00,3084.366352506882,2020
R6B-307,E1,2020-03-02T04:55:00+00:00,3087.7292518510694,2020
R6B-307,E1,2020-03-03T08:25:00+00:00,3077.251327928601,2020
R6B-307,E1,2020-03-05T11:00:00+00:00,3086.2471885038494,2020
R6B-307,E1,2020-03-06T04:45:00+00:00,3084.5700649637024,2020
R6B-307,E1,2020-03-06T08:55:00+00:00,3081.8227795445896,2020
R6B-307,E1,2020-03-09T04:05:00+00:00,3043.6449125689887,2020
R6B-307,E1,2020-03-11T08:30:00+00:00,3045.366829467812,2020
R6B-307,E1,2020-03-12T05:05:00+00:00,3020.213824585167,2020
R6B-307,E1,2020-03-13T09:40:00+00:00,3011.448739366354,2020
R6B-307,E1,2020-03-16T04:05:00+00:00,2993.4426047818906,2020
R6B-307,E1,2020-03-20T05:50:00+00:00,2994.201299736094,2020
R6B-307,E1,2020-03-20T10:10:00+00:00,3024.2651590655,2020
R6B-307,E1,2020-03-23T04:35:00+00:00,3005.4847762845275,2020
R6B-307,E1,2020-03-24T04:55:00+00:00,3011.3984583706865,2020
R6B-307,E1,2020-04-01T07:50:00+00:00,3033.5601895992945,2020
R6B-307,E1,2020-04-02T11:15:00+00:00,3025.3739753010627,2020
R6B-307,E1,2020-04-03T11:55:00+00:00,3028.2011832753938,2020
R6B-307,E1,2020-04-06T10:15:00+00:00,3045.8209506292883,2020
R6B-307,E1,2020-04-08T09:20:00+00:00,3049.06577262957,2020
R6B-307,E1,2020-04-09T10:05:00+00:00,3068.889776222826,2020
R6B-307,E1,2020-04-13T04:05:00+00:00,3060.238828501651,2020
R6B-307,E1,2020-04-13T11:15:00+00:00,3053.1828290260087,2020
R6B-307,E1,2020-04-16T10:45:00+00:00,3059.2205681308546,2020
R6B-307,E1,2020-04-21T11:00:00+00:00,3029.4163236762242,2020
R6B-307,E1,2020-04-22T11:50:00+00:00,3029.077804823417,2020
R6B-307,E1,2020-04-29T05:55:00+00:00,3025.365045683131,2020
R6B-307,E1,2020-04-30T10:10:00+00:00,3022.456001257,2020
R6B-307,E1,2020-05-04T10:30:00+00:00,3031.2197732218024,2020
R6B-307,E1,2020-05-07T04:05:00+00:00,3031.278433749905,2020
R6B-307,E1,2020-05-11T05:40:00+00:00,3018.9036660947454,2020
R6B-307,E1,2020-05-12T06:55:00+00:00,3016.8546088058038,2020
R6B-307,E1,2020-05-12T11:35:00+00:00,3015.7827293963687,2020
R6B-307,E1,2020-05-15T05:25:00+00:00,3012.18681861294,2020
R6B-307,E1,2020-05-15T09:55:00+00:00,3011.761060571648,2020
R6B-307,E1,2020-05-18T04:05:00+00:00,3012.535045554247,2020
R6B-307,E1,2020-05-18T09:55:00+00:00,3009.0053742240398,2020
R6B-307,E1,2020-05-19T04:45:00+00:00,3008.9034880238623,2020
R6B-307,E1,2020-05-20T05:05:00+00:00,3005.110970971794,2020
R6B-307,E1,2020-05-22T04:10:00+00:00,3002.075813880209,2020
R6B-307,E1,2020-05-22T10:05:00+00:00,3008.549408532607,2020
R6B-307,E1,2020-05-26T04:45:00+00:00,3009.3941368795518,2020
R6B-307,E1,2020-05-27T05:05:00+00:00,2995.1373736819314,2020
R6B-307,E1,2020-05-28T08:25:00+00:00,3003.596034931705,2020
R6B-307,E1,2020-06-01T04:05:00+00:00,3002.357726617966,2020
R6B-307,E1,2020-06-01T08:15:00+00:00,3004.5411223514775,2020
R6B-307,E1,2020-06-04T05:30:00+00:00,3005.4276964881938,2020
R6B-307,E1,2020-06-08T05:15:00+00:00,3011.726133919186,2020
R6B-307,E1,2020-06-08T10:30:00+00:00,3010.9291474564093,2020
R6B-307,E1,2020-06-09T05:20:00+00:00,2999.8516877977504,2020
R6B-307,E1,2020-06-10T05:05:00+00:00,2997.07320885245,2020
R6B-307,E1,2020-06-10T10:15:00+00:00,2995.0183068075594,2020
R6B-307,E1,2020-06-12T10:10:00+00:00,2997.4159520640874,2020
R6B-307,E1,2020-06-16T05:55:00+00:00,2995.243906550255,2020
R6B-307,E1,2020-06-19T06:00:00+00:00,2997.5783959991936,2020
R6B-307,E1,2020-06-19T10:00:00+00:00,3002.4826829519857,2020
R6B-307,E1,2020-06-22T04:05:00+00:00,3005.322634277992,2020
R6B-307,E1,2020-06-23T05:25:00+00:00,2996.851395507697,2020
R6B-307,E1,2020-06-25T10:45:00+00:00,2984.2181146507987,2020
R6B-307,E1,2020-06-29T04:45:00+00:00,2983.633711876577,2020
R6B-307,E1,2020-07-01T08:35:00+00:00,2988.0205901487125,2020
R6B-307,E1,2020-07-06T04:10:00+00:00,2979.9550405642335,2020
R6B-307,E1,2020-07-06T11:05:00+00:00,2976.9609617552605,2020
R6B-307,E1,2020-07-09T08:25:00+00:00,2978.8840625297526,2020
R6B-307,E1,2020-07-13T04:10:00+00:00,2980.9749390686416,2020
R6B-307,E1,2020-07-13T09:05:00+00:00,2985.6641516033515,2020
R6B-307,E1,2020-07-15T04:10:00+00:00,2979.1863863461213,2020
R6B-307,E1,2020-07-15T12:00:00+00:00,2967.451922850265,2020
R6B-307,E1,2020-07-17T09:35:00+00:00,2971.982518790501,2020
R6B-307,E1,2020-07-20T09:35:00+00:00,2971.3382487086915,2020
R6B-307,E1,2020-07-21T07:20:00+00:00,2974.6792491944716,2020
R6B-307,E1,2020-07-22T05:05:00+00:00,2985.051235977291,2020
R6B-307,E1,2020-07-23T04:10:00+00:00,2972.1870476189756,2020
R6B-307,E1,2020-07-24T11:15:00+00:00,2971.7885680656696,2020
R6B-307,E1,2020-07-27T04:05:00+00:00,2994.9874833361473,2020
R6B-307,E1,2020-07-28T05:05:00+00:00,2952.8104731545936,2020
R6B-307,E1,2020-07-31T04:45:00+00:00,2960.7878095818483,2020
R6B-307,E1,2020-07-31T09:40:00+00:00,2963.720229212363,2020
R6B-307,E1,2020-08-03T04:05:00+00:00,2952.1301884984705,2020
R6B-307,E1,2020-08-04T05:30:00+00:00,2944.7745473149466,2020
R6B-307,E1,2020-08-05T10:55:00+00:00,2951.6876316581825,2020
R6B-307,E1,2020-08-06T09:00:00+00:00,2952.94371250064,2020
R6B-307,E1,2020-08-12T11:35:00+00:00,2959.115899588946,2020
R6B-307,E1,2020-08-17T10:10:00+00:00,2961.7475413729453,2020
R6B-307,E1,2020-08-18T05:50:00+00:00,2966.6044831107442,2020
R6B-307,E1,2020-08-18T10:30:00+00:00,2966.796083416194,2020
R6B-307,E1,2020-08-20T07:20:00+00:00,2955.852738354601,2020
R6B-307,E1,2020-08-21T04:05:00+00:00,2947.052939385212,2020
R6B-307,E1,2020-08-24T11:10:00+00:00,2957.7675259160887,2020
R6B-307,E1,2020-08-25T05:40:00+00:00,2952.4595660678574,2020
R6B-307,E1,2020-08-28T07:05:00+00:00,2966.5546382115035,2020
R6B-307,E1,2020-08-28T11:05:00+00:00,2979.0136029705654,2020
R6B-307,E1,2020-08-31T04:05:00+00:00,2969.609168327917,2020
R6B-307,E1,2020-09-01T05:40:00+00:00,2990.471277190229,2020
R6B-307,E1,2020-09-01T11:20:00+00:00,2986.6037370014583,2020
R6B-307,E1,2020-09-03T04:40:00+00:00,2980.962445715886,2020
R6B-307,E1,2020-09-04T05:50:00+00:00,2970.7742270130293,2020
R6B-307,E1,2020-09-07T05:35:00+00:00,2962.431073391924,2020
R6B-307,E1,2020-09-08T10:05:00+00:00,2936.119236157332,2020
R6B-307,E1,2020-09-09T09:35:00+00:00,2926.5201848979214,2020
R6B-307,E1,2020-09-14T05:10:00+00:00,2928.5587438026582,2020
R6B-307,E1,2020-09-15T05:50:00+00:00,2938.790258807635,2020
R6B-307,E1,2020-09-16T06:05:00+00:00,2941.6171311321473,2020
R6B-307,E1,2020-09-16T11:15:00+00:00,2940.908438778686,2020
R6B-307,E1,2020-09-18T04:10:00+00:00,2939.7511875259615,2020
R6B-307,E1,2020-09-22T04:10:00+00:00,2929.1978907817393,2020
R6B-307,E1,2020-09-25T08:35:00+00:00,2926.921266376383,2020
R6B-307,E1,2020-09-29T04:15:00+00:00,2922.341619350782,2020
R6B-307,E1,2020-10-01T06:50:00+00:00,2929.106313939448,2020
R6B-307,E1,2020-10-02T09:45:00+00:00,2926.435887988621,2020
R6B-307,E1,2020-10-07T09:15:00+00:00,2931.6518799861924,2020
R6B-307,E1,2020-10-08T09:35:00+00:00,2932.6259075687535,2020
R6B-307,E1,2020-10-09T04:10:00+00:00,2950.4255288224444,2020
R6B-307,E1,2020-10-09T11:55:00+00:00,2949.979648149626,2020
R6B-307,E1,2020-10-12T09:50:00+00:00,2934.1241959540002,2020
R6B-307,E1,2020-10-14T06:55:00+00:00,2935.6647903525663,2020
R6B-307,E1,2020-10-15T11:45:00+00:00,2920.345352209449,2020
R6B-307,E1,2020-10-16T05:05:00+00:00,2913.598509679254,2020
R6B-307,E1,2020-10-19T08:55:00+00:00,2925.874287496179,2020
R6B-307,E1,2020-10-21T04:20:00+00:00,2929.144056094387,2020
R6B-307,E1,2020-10-21T12:00:00+00:00,2921.4654658497757,2020
R6B-307,E1,2020-10-23T11:40:00+00:00,2925.124902052431,2020
R6B-307,E1,2020-10-27T04:55:00+00:00,2928.02797321807,2020
R6B-307,E1,2020-10-28T08:45:00+00:00,2919.3921297986644,2020
R6B-307,E1,2020-10-29T07:30:00+00:00,2921.7801438218253,2020
R6B-307,E1,2020-10-30T05:45:00+00:00,2917.843833272875,2020
R6B-307,E1,2020-11-02T05:55:00+00:00,2918.1501253018564,2020
R6B-307,E1,2020-11-02T11:55:00+00:00,2920.3916930926107,2020
R6B-307,E1,2020-11-03T05:55:00+00:00,2912.148261712092,2020
R6B-307,E1,2020-11-05T04:05:00+00:00,2912.332392954902,2020
R6B-307,E1,2020-11-05T11:25:00+00:00,2919.8225314702445,2020
R6B-307,E1,2020-11-09T04:05:00+00:00,2926.2206359319416,2020
R6B-307,E1,2020-11-09T08:05:00+00:00,2921.1349447955627,2020
R6B-307,E1,2020-11-10T04:05:00+00:00,2937.242795491911,2020
R6B-307,E1,2020-11-10T08:05:00+00:00,2942.97107095787,2020
R6B-307,E1,2020-11-11T06:45:00+00:00,2941.2728261187444,2020
R6B-307,E1,2020-11-11T10:55:00+00:00,2928.1348677963633,2020
R6B-307,E1,2020-11-12T05:45:00+00:00,2925.956560291193,2020
R6B-307,E1,2020-11-16T05:15:00+00:00,2926.1196806394,2020
R6B-307,E1,2020-11-17T07:05:00+00:00,2920.4235547044655,2020
R6B-307,E1,2020-11-20T08:40:00+00:00,2921.1999434012664,2020
R6B-307,E1,2020-11-23T05:15:00+00:00,2918.0122266541184,2020
R6B-307,E1,2020-11-25T05:05:00+00:00,2907.38592687233,2020
R6B-307,E1,2020-11-26T05:35:00+00:00,2898.6596687488504,2020
R6B-307,E1,2020-11-26T10:55:00+00:00,2900.049349283022,2020
R6B-307,E1,2020-11-27T04:40:00+00:00,2890.741346980116,2020
R6B-307,E1,2020-12-01T06:55:00+00:00,2893.7783715427227,2020
R6B-307,E1,2020-12-01T11:30:00+00:00,2922.104715451375,2020
R6B-307,E1,2020-12-02T11:50:00+00:00,2938.81140437282,2020
R6B-307,E1,2020-12-03T07:20:00+00:00,2940.7359740598254,2020
R6B-307,E1,2020-12-03T11:30:00+00:00,2945.63122299672,2020
R6B-307,E1,2020-12-04T04:45:00+00:00,2942.861146572163,2020
R6B-307,E1,2020-12-07T09:25:00+00:00,2927.1388623396715,2020
R6B-307,E1,2020-12-08T06:20:00+00:00,2927.7566606367136,2020
R6B-307,E1,2020-12-11T04:05:00+00:00,2923.6470908506612,2020
R6B-307,E1,2020-12-15T06:05:00+00:00,2935.283934997551,2020
R6B-307,E1,2020-12-15T11:10:00+00:00,2936.841250991628,2020
R6B-307,E1,2020-12-16T06:25:00+00:00,2939.48845739913,2020
R6B-307,E1,2020-12-17T05:30:00+00:00,2939.200752976464,2020
R6B-307,E1,2020-12-17T09:55:00+00:00,2952.84293935894,2020
R6B-307,E1,2020-12-21T04:15:00+00:00,2968.2432740764702,2020
R6B-307,E1,2020-12-21T09:00:00+00:00,2961.7547924381884,2020
R6B-307,E1,2020-12-22T05:35:00+00:00,2953.5624184953,2020
R6B-307,E1,2020-12-23T09:15:00+00:00,2957.6505786997977,2020
R6B-307,E1,2020-12-24T05:15:00+00:00,2958.3021896558053,2020
R6B-307,E1,2020-12-28T04:05:00+00:00,2966.9461411192115,2020
R6B-307,E1,2020-12-29T05:05:00+00:00,2960.738410956477,2020
R6B-307,E1,2020-12-30T05:35:00+00:00,2958.207265032851,2020
R6B-307,E1,2020-12-31T04:20:00+00:00,2947.8698784491535,2020
R6B-307,E1,2021-01-04T04:05:00+00:00,2964.6529550798673,2021
R6B-307,E1,2021-01-04T10:25:00+00:00,2971.1276709905537,2021
R6B-307,E1,2021-01-06T05:05:00+00:00,2955.7971495003108,2021
R6B-307,E1,2021-01-07T10:45:00+00:00,2934.1961726913346,2021
R6B-307,E1,2021-01-12T07:20:00+00:00,2948.3061271607344,2021
R6B-307,E1,2021-01-13T04:05:00+00:00,2946.641573256152,2021
R6B-307,E1,2021-01-18T06:40:00+00:00,2957.121026880608,2021
R6B-307,E1,2021-01-18T10:50:00+00:00,2945.294128359404,2021
R6B-307,E1,2021-01-19T04:40:00+00:00,2943.386266767969,2021
R6B-307,E1,2021-01-20T05:00:00+00:00,2951.7299604947816,2021
R6B-307,E1,2021-01-20T10:00:00+00:00,2955.7750439538218,2021
R6B-307,E1,2021-01-21T09:35:00+00:00,2948.401054651403,2021
R6B-307,E1,2021-01-25T04:35:00+00:00,2939.9803359366165,2021
R6B-307,E1,2021-01-26T06:05:00+00:00,2932.676824550141,2021
R6B-307,E1,2021-01-29T10:50:00+00:00,2946.15355524233,2021
R6B-307,E1,2021-02-01T06:35:00+00:00,2956.966083746894,2021
R6B-307,E1,2021-02-03T04:45:00+00:00,2957.168625490537,2021
R6B-307,E1,2021-02-05T04:05:00+00:00,2953.6962322474633,2021
R6B-307,E1,2021-02-05T09:35:00+00:00,2965.3193712402135,2021
R6B-307,E1,2021-02-08T04:05:00+00:00,2952.4754925684797,2021
R6B-307,E1,2021-02-09T05:25:00+00:00,2957.9375375888862,2021
R6B-307,E1,2021-02-10T06:00:00+00:00,2961.8639796929347,2021
R6B-307,E1,2021-02-10T11:25:00+00:00,2951.477779970359,2021
R6B-307,E1,2021-02-15T05:50:00+00:00,2947.8311956821926,2021
R6B-307,E1,2021-02-16T04:30:00+00:00,2954.477063384676,2021
R6B-307,E1,2021-02-18T05:00:00+00:00,2956.2063737801955,2021
R6B-307,E1,2021-02-19T10:15:00+00:00,2942.7916741089375,2021
R6B-307,E1,2021-02-22T05:05:00+00:00,2941.062858683954,2021
R6B-307,E1,2021-02-22T09:55:00+00:00,2952.083974119365,2021
R6B-307,E1,2021-02-23T05:45:00+00:00,2948.5990922469955,2021
R6B-307,E1,2021-02-24T05:05:00+00:00,2947.5250030696016,2021
R6B-307,E1,2021-03-01T04:05:00+00:00,2965.4775085300053,2021
R6B-307,E1,2021-03-01T10:15:00+00:00,2952.816718977986,2021
R6B-307,E1,2021-03-04T09:40:00+00:00,2939.3742592006843,2021
R6B-307,E1,2021-03-05T11:15:00+00:00,2929.329462097909,2021
R6B-307,E1,2021-03-08T04:05:00+00:00,2924.8908285415696,2021
R6B-307,E1,2021-03-09T06:20:00+00:00,2930.1229742137675,2021
R6B-307,E1,2021-03-09T10:45:00+00:00,2942.5551338074797,2021
R6B-307,E1,2021-03-11T04:05:00+00:00,2948.4019797668698,2021
R6B-307,E1,2021-03-11T10:00:00+00:00,2943.9881090130066,2021
R6B-307,E1,2021-03-15T05:10:00+00:00,2933.2778469649797,2021
R6B-307,E1,2021-03-16T05:10:00+00:00,2935.139383009804,2021
R6B-307,E1,2021-03-16T09:40:00+00:00,2927.934318384559,2021
R6B-307,E1,2021-03-17T05:45:00+00:00,2931.8834529843894,2021
R6B-307,E1,2021-03-18T05:20:00+00:00,2927.7278638361613,2021
R6B-307,E1,2021-03-19T10:15:00+00:00,2924.3213584559294,2021
R6B-307,E1,2021-03-24T05:35:00+00:00,2930.315355387633,2021
R6B-307,E1,2021-03-25T07:10:00+00:00,2924.3601694322692,2021
R6B-307,E1,2021-03-31T10:35:00+00:00,2926.5640429582763,2021
R6B-307,E1,2021-04-01T06:05:00+00:00,2927.5353955219766,2021
R6B-307,E1,2021-04-01T10:45:00+00:00,2922.9994859396775,2021
R6B-307,E1,2021-04-05T05:25:00+00:00,2914.0734879978554,2021
R6B-307,E1,2021-04-06T05:05:00+00:00,2918.4002295915366,2021
R6B-307,E1,2021-04-06T09:35:00+00:00,2906.7923603645663,2021
R6B-307,E1,2021-04-08T07:25:00+00:00,2914.6804141257326,2021
R6B-307,E1,2021-04-08T11:40:00+00:00,2920.0998707779536,2021
R6B-307,E1,2021-04-13T06:10:00+00:00,2906.709658443289,2021
R6B-307,E1,2021-04-14T05:05:00+00:00,2895.2189551052356,2021
R6B-307,E1,2021-04-15T04:15:00+00:00,2894.0153383016877,2021
R6B-307,E1,2021-04-15T09:10:00+00:00,2902.120869384359,2021
R6B-307,E1,2021-04-19T04:35:00+00:00,2894.9071613158585,2021
R6B-307,E1,2021-04-19T11:45:00+00:00,2889.3606160275604,2021
R6B-307,E1,2021-04-20T04:15:00+00:00,2887.0839264708843,2021
R6B-307,E1,2021-04-21T05:05:00+00:00,2887.741807125292,2021
R6B-307,E1,2021-04-21T09:50:00+00:00,2876.0343151352904,2021
R6B-307,E1,2021-04-22T05:35:00+00:00,2872.126328638351,2021
R6B-307,E1,2021-04-23T05:15:00+00:00,2868.381230389631,2021
R6B-307,E1,2021-04-26T05:05:00+00:00,2868.342630623309,2021
R6B-307,E1,2021-04-26T09:35:00+00:00,2861.3867849626968,2021
R6B-307,E1,2021-04-27T05:05:00+00:00,2857.0195299910165,2021
R6B-307,E1,2021-04-29T04:10:00+00:00,2853.6925442516667,2021
R6B-307,E1,2021-05-03T05:00:00+00:00,2857.7877213250454,2021
R6B-307,E1,2021-05-03T10:25:00+00:00,2859.918672424481,2021
R6B-307,E1,2021-05-05T06:20:00+00:00,2854.2693473949375,2021
R6B-307,E1,2021-05-06T06:35:00+00:00,2860.5865485559234,2021
R6B-307,E1,2021-05-06T10:35:00+00:00,2856.388009998809,2021
R6B-307,E1,2021-05-07T06:55:00+00:00,2855.9016580973866,2021
R6B-307,E1,2021-05-10T09:35:00+00:00,2851.3426085522387,2021
R6B-307,E1,2021-05-14T10:15:00+00:00,2859.132728894919,2021
R6B-307,E1,2021-05-17T04:05:00+00:00,2867.0593738124808,2021
R6B-307,E1,2021-05-17T08:50:00+00:00,2865.8724112317223,2021
R6B-307,E1,2021-05-18T04:20:00+00:00,2862.9492009769397,2021
R6B-307,E1,2021-05-19T05:05:00+00:00,2857.022191354541,2021
R6B-307,E1,2021-05-19T10:05:00+00:00,2834.3903654613696,2021
R6B-307,E1,2021-05-20T06:35:00+00:00,2836.231186210302,2021
R6B-307,E1,2021-05-24T04:05:00+00:00,2835.885264417496,2021
R6B-307,E1,2021-05-25T10:40:00+00:00,2834.8663467788706,2021
R6B-307,E1,2021-05-26T05:05:00+00:00,2840.8279792146363,2021
R6B-307,E1,2021-05-26T11:45:00+00:00,2836.327996312657,2021
R6B-307,E1,2021-05-27T08:25:00+00:00,2837.570099721848,2021
R6B-307,E1,2021-05-31T05:05:00+00:00,2837.8137068366227,2021
R6B-307,E1,2021-06-01T05:25:00+00:00,2838.79308864699,2021
R6B-307,E1,2021-06-01T10:20:00+00:00,2826.4149416126957,2021
R6B-307,E1,2021-06-04T10:45:00+00:00,2821.034390765457,2021
R6B-307,E1,2021-06-08T05:00:00+00:00,2813.2507488371425,2021
R6B-307,E1,2021-06-09T05:00:00+00:00,2810.394034208947,2021
R6B-307,E1,2021-06-11T06:20:00+00:00,2808.920037918835,2021
R6B-307,E1,2021-06-11T11:15:00+00:00,2787.0936261237684,2021
R6B-307,E1,2021-06-16T10:40:00+00:00,2780.670180446461,2021
R6B-307,E1,2021-06-18T05:30:00+00:00,2781.0213699848814,2021
R6B-307,E1,2021-06-18T11:30:00+00:00,2787.3065869499565,2021
R6B-307,E1,2021-06-21T06:30:00+00:00,2790.1262845196106,2021
R6B-307,E1,2021-06-21T10:50:00+00:00,2795.9153081187214,2021
R6B-307,E1,2021-06-22T07:30:00+00:00,2780.0453781682677,2021
R6B-307,E1,2021-06-23T07:00:00+00:00,2778.972403652468,2021
R6B-307,E1,2021-06-25T05:35:00+00:00,2778.857793671187,2021
R6B-307,E1,2021-06-25T09:50:00+00:00,2782.713562047222,2021
R6B-307,E1,2021-06-28T09:15:00+00:00,2773.8646182296843,2021
R6B-307,E1,2021-07-01T06:25:00+00:00,2781.2074930423437,2021
R6B-307,E1,2021-07-02T04:40:00+00:00,2780.0091571100556,2021
R6B-307,E1,2021-07-05T11:00:00+00:00,2782.8122243487296,2021
R6B-307,E1,2021-07-06T05:25:00+00:00,2794.4289685619005,2021
R6B-307,E1,2021-07-06T09:35:00+00:00,2798.390444897013,2021
R6B-307,E1,2021-07-07T05:20:00+00:00,2797.1229802774646,2021
R6B-307,E1,2021-07-07T10:35:00+00:00,2800.9899345084823,2021
R6B-307,E1,2021-07-08T11:30:00+00:00,2810.9643669961624,2021
R6B-307,E1,2021-07-09T05:25:00+00:00,2803.8092109981862,2021
R6B-307,E1,2021-07-13T04:15:00+00:00,2804.9272448682946,2021
R6B-307,E1,2021-07-14T06:30:00+00:00,2808.8464974165267,2021
R6B-307,E1,2021-07-14T10:35:00+00:00,2809.2001372240316,2021
R6B-307,E1,2021-07-15T09:50:00+00:00,2813.6113138871688,2021
R6B-307,E1,2021-07-20T04:15:00+00:00,2817.9220801096467,2021
R6B-307,E1,2021-07-21T10:15:00+00:00,2805.8572236571695,2021
R6B-307,E1,2021-07-23T11:50:00+00:00,2782.706177237814,2021
R6B-307,E1,2021-07-26T05:30:00+00:00,2785.125968684142,2021
R6B-307,E1,2021-07-26T09:35:00+00:00,2783.049186571818,2021
R6B-307,E1,2021-07-27T11:45:00+00:00,2778.9596196306165,2021
R6B-307,E1,2021-07-28T05:25:00+00:00,2779.6633132246125,2021
R6B-307,E1,2021-07-29T05:05:00+00:00,2781.071223769955,2021
R6B-307,E1,2021-07-29T10:55:00+00:00,2785.4854445111487,2021
R6B-307,E1,2021-08-04T05:55:00+00:00,2786.4681696556395,2021
R6B-307,E1,2021-08-05T11:50:00+00:00,2783.625518143746,2021
R6B-307,E1,2021-08-10T05:15:00+00:00,2785.030440476436,2021
R6B-307,E1,2021-08-11T06:20:00+00:00,2785.191043081783,2021
R6B-307,E1,2021-08-12T10:35:00+00:00,2780.407585198587,2021
R6B-307,E1,2021-08-13T05:25:00+00:00,2780.3496909716414,2021
R6B-307,E1,2021-08-13T10:05:00+00:00,2781.539744410199,2021
R6B-307,E1,2021-08-16T04:55:00+00:00,2775.768803772877,2021
R6B-307,E1,2021-08-17T09:40:00+00:00,2779.599872071328,2021
R6B-307,E1,2021-08-18T05:10:00+00:00,2782.086934339286,2021
R6B-307,E1,2021-08-18T10:35:00+00:00,2773.002152526456,2021
R6B-307,E1,2021-08-20T05:20:00+00:00,2774.9206774877525,2021
R6B-307,E1,2021-08-20T10:10:00+00:00,2764.9176529011693,2021
R6B-307,E1,2021-08-23T05:55:00+00:00,2766.033278231724,2021
R6B-307,E1,2021-08-27T05:40:00+00:00,2774.488022733538,2021
R6B-307,E1,2021-08-27T10:05:00+00:00,2763.5977372973575,2021
R6B-307,E1,2021-08-30T04:30:00+00:00,2756.834145835088,2021
R6B-307,E1,2021-08-31T04:20:00+00:00,2761.3229120367796,2021
R6B-307,E1,2021-08-31T09:30:00+00:00,2757.277757132462,2021
R6B-307,E1,2021-09-01T08:15:00+00:00,2746.9356719997118,2021
R6B-307,E1,2021-09-02T05:10:00+00:00,2740.261892142207,2021
R6B-307,E1,2021-09-03T05:05:00+00:00,2737.167136092322,2021
R6B-307,E1,2021-09-07T04:10:00+00:00,2733.9337619898797,2021
R6B-307,E1,2021-09-08T04:50:00+00:00,2732.821675097258,2021
R6B-307,E1,2021-09-08T11:35:00+00:00,2728.2632400403722,2021
R6B-307,E1,2021-09-09T11:30:00+00:00,2740.027803734907,2021
R6B-307,E1,2021-09-10T06:35:00+00:00,2745.1130765169164,2021
R6B-307,E1,2021-09-13T07:10:00+00:00,2740.503528327954,2021
R6B-307,E1,2021-09-14T11:25:00+00:00,2728.8874105541036,2021
R6B-307,E1,2021-09-17T05:05:00+00:00,2731.9031696575294,2021
R6B-307,E1,2021-09-17T09:20:00+00:00,2738.1561511195164,2021
R6B-307,E1,2021-09-21T06:00:00+00:00,2732.4794115989416,2021
R6B-307,E1,2021-09-22T06:10:00+00:00,2733.8135665600753,2021
R6B-307,E1,2021-09-22T10:25:00+00:00,2726.9817033945096,2021
R6B-307,E1,2021-09-24T06:45:00+00:00,2731.481536000088,2021
R6B-307,E1,2021-09-27T04:50:00+00:00,2737.4571191015293,2021
R6B-307,E1,2021-09-28T05:55:00+00:00,2728.7341526021532,2021
R6B-307,E1,2021-09-29T05:50:00+00:00,2731.5201622512523,2021
R6B-307,E1,2021-09-30T04:30:00+00:00,2733.6423143746924,2021
R6B-307,E1,2021-10-04T04:05:00+00:00,2725.2381392891502,2021
R6B-307,E1,2021-10-07T11:20:00+00:00,2723.306901380021,2021
R6B-307,E1,2021-10-08T06:40:00+00:00,2721.5142207845483,2021
R6B-307,E1,2021-10-11T05:45:00+00:00,2711.9348364351754,2021
R6B-307,E1,2021-10-12T05:50:00+00:00,2718.2953217960985,2021
R6B-307,E1,2021-10-13T05:50:00+00:00,2716.645734595049,2021
R6B-307,E1,2021-10-13T11:35:00+00:00,2727.4607815965983,2021
R6B-307,E1,2021-10-14T10:45:00+00:00,2733.628111703047,2021
R6B-307,E1,2021-10-18T04:05:00+00:00,2729.870827204122,2021
R6B-307,E1,2021-10-19T05:05:00+00:00,2738.999572134201,2021
R6B-307,E1,2021-10-19T09:55:00+00:00,2741.457156861562,2021
R6B-307,E1,2021-10-20T05:15:00+00:00,2744.2880101804694,2021
R6B-307,E1,2021-10-20T09:15:00+00:00,2749.732035909543,2021
R6B-307,E1,2021-10-21T06:10:00+00:00,2745.934001811343,2021
R6B-307,E1,2021-10-22T05:10:00+00:00,2744.926264988086,2021
R6B-307,E1,2021-10-22T10:30:00+00:00,2751.770488074331,2021
R6B-307,E1,2021-10-25T07:40:00+00:00,2749.713374279469,2021
R6B-307,E1,2021-10-28T06:10:00+00:00,2751.600523973826,2021
R6B-307,E1,2021-11-01T06:05:00+00:00,2752.741666456511,2021
R6B-307,E1,2021-11-02T08:40:00+00:00,2748.3435127564944,2021
R6B-307,E1,2021-11-05T05:10:00+00:00,2750.4387637428326,2021
R6B-307,E1,2021-11-05T11:05:00+00:00,2745.20530934833,2021
R6B-307,E1,2021-11-08T05:10:00+00:00,2743.6841998116497,2021
R6B-307,E1,2021-11-09T05:25:00+00:00,2737.8733229726513,2021
R6B-307,E1,2021-11-11T07:25:00+00:00,2736.790050692808,2021
R6B-307,E1,2021-11-11T11:45:00+00:00,2749.3116832391943,2021
R6B-307,E1,2021-11-16T06:40:00+00:00,2744.989843009955,2021
R6B-307,E1,2021-11-17T10:55:00+00:00,2750.0844749844005,2021
R6B-307,E1,2021-11-18T04:25:00+00:00,2744.563698770127,2021
R6B-307,E1,2021-11-19T06:35:00+00:00,2741.3650302995793,2021
R6B-307,E1,2021-11-22T08:15:00+00:00,2735.4471376156184,2021
R6B-307,E1,2021-11-23T05:40:00+00:00,2728.8555411484263,2021
R6B-307,E1,2021-11-24T04:05:00+00:00,2731.6584908828067,2021
R6B-307,E1,2021-11-25T04:15:00+00:00,2731.548913779641,2021
R6B-307,E1,2021-11-26T04:45:00+00:00,2735.837099434045,2021
R6B-307,E1,2021-11-26T10:40:00+00:00,2748.19863034285,2021
R6B-307,E1,2021-11-29T07:25:00+00:00,2744.1662991448366,2021
R6B-307,E1,2021-11-30T05:50:00+00:00,2750.2726234899333,2021
R6B-307,E1,2021-11-30T10:00:00+00:00,2751.185950319797,2021
R6B-307,E1,2021-12-01T06:25:00+00:00,2762.040054524395,2021
R6B-307,E1,2021-12-03T04:50:00+00:00,2762.4043863603997,2021
R6B-307,E1,2021-12-03T09:35:00+00:00,2749.360935088497,2021
R6B-307,E1,2021-12-06T05:55:00+00:00,2743.716826658025,2021
R6B-307,E1,2021-12-07T10:05:00+00:00,2739.3684618951784,2021
R6B-307,E1,2021-12-08T05:45:00+00:00,2743.707290434842,2021
R6B-307,E1,2021-12-08T09:50:00+00:00,2740.273452172738,2021
R6B-307,E1,2021-12-09T09:20:00+00:00,2734.6600490320548,2021
R6B-307,E1,2021-12-10T05:45:00+00:00,2731.509554408436,2021
R6B-307,E1,2021-12-13T05:30:00+00:00,2732.393733911619,2021
R6B-307,E1,2021-12-16T05:55:00+00:00,2733.654253132426,2021
R6B-307,E1,2021-12-16T10:20:00+00:00,2736.0036737870287,2021
R6B-307,E1,2021-12-17T05:45:00+00:00,2740.396297105212,2021
R6B-307,E1,2021-12-17T09:55:00+00:00,2742.389261914303,2021
R6B-307,E1,2021-12-20T09:15:00+00:00,2738.8811316412844,2021
R6B-307,E1,2021-12-21T09:35:00+00:00,2742.954534366191,2021
R6B-307,E1,2021-12-23T06:00:00+00:00,2740.5441339954814,2021
R6B-307,E1,2021-12-27T05:10:00+00:00,2739.733629987574,2021
R6B-307,E1,2021-12-28T09:50:00+00:00,2741.122637541212,2021
R6B-307,E1,2021-12-31T05:20:00+00:00,2738.646529479726,2021
R6B-307,E1,2021-12-31T11:05:00+00:00,2737.113954568989,2021
R6B-307,E1,2022-01-04T05:05:00+00:00,2732.0260616115015,2022
R6B-307,E1,2022-01-05T06:35:00+00:00,2730.4287210559205,2022
R6B-307,E1,2022-01-07T07:25:00+00:00,2725.735198995308,2022
R6B-307,E1,2022-01-11T04:15:00+00:00,2727.6743069298986,2022
R6B-307,E1,2022-01-11T10:05:00+00:00,2724.188814266007,2022
R6B-307,E1,2022-01-13T09:35:00+00:00,2712.6586479533585,2022
R6B-307,E1,2022-01-14T05:35:00+00:00,2716.9210383337954,2022
R6B-307,E1,2022-01-14T09:45:00+00:00,2709.4788710168855,2022
R6B-307,E1,2022-01-17T07:35:00+00:00,2712.065304600866,2022
R6B-307,E1,2022-01-17T11:35:00+00:00,2710.347068005157,2022
R6B-307,E1,2022-01-18T04:50:00+00:00,2704.648573519572,2022
R6B-307,E1,2022-01-20T05:30:00+00:00,2697.1184070471877,2022
R6B-307,E1,2022-01-21T07:30:00+00:00,2695.000285568827,2022
R6B-307,E1,2022-01-24T05:35:00+00:00,2697.66695443142,2022
R6B-307,E1,2022-01-24T09:55:00+00:00,2700.8929028042726,2022
R6B-307,E1,2022-01-28T05:30:00+00:00,2699.939901460135,2022
R6B-307,E1,2022-02-01T09:05:00+00:00,2708.1217095471766,2022
R6B-307,E1,2022-02-04T06:00:00+00:00,2706.0071644807067,2022
R6B-307,E1,2022-02-04T11:10:00+00:00,2710.1366644282325,2022
R6B-307,E1,2022-02-07T04:05:00+00:00,2708.0870071629856,2022
R6B-307,E1,2022-02-10T11:35:00+00:00,2703.381192905175,2022
R6B-307,E1,2022-02-15T06:40:00+00:00,2704.8593903248407,2022
R6B-307,E1,2022-02-16T10:25:00+00:00,2704.8329681527925,2022
R6B-307,E1,2022-02-17T08:00:00+00:00,2705.314218215237,2022
R6B-307,E1,2022-02-18T04:20:00+00:00,2687.751147710868,2022
R6B-307,E1,2022-02-21T04:05:00+00:00,2673.6850273797813,2022
R6B-307,E1,2022-02-24T04:05:00+00:00,2698.27582504424,2022
R6B-307,E1,2022-02-24T08:10:00+00:00,2709.8163601205783,2022
R6B-307,E1,2022-02-28T04:05:00+00:00,2703.623794297571,2022
R6B-307,E1,2022-03-02T11:50:00+00:00,2678.17501538825,2022
R6B-307,E1,2022-03-03T11:55:00+00:00,2681.1945402222013,2022
R6B-307,E1,2022-03-04T04:20:00+00:00,2674.578783327788,2022
R6B-307,E1,2022-03-07T04:05:00+00:00,2675.435113673174,2022
R6B-307,E1,2022-03-08T10:35:00+00:00,2675.3253495741255,2022
R6B-307,E1,2022-03-09T07:45:00+00:00,2656.4419471715632,2022
R6B-307,E1,2022-03-17T05:30:00+00:00,2661.3818067517705,2022
R6B-307,E1,2022-03-22T10:15:00+00:00,2646.163397965315,2022
R6B-307,E1,2022-03-30T05:20:00+00:00,2646.932756995832,2022
R6B-307,E1,2022-04-01T08:05:00+00:00,2633.343368749711,2022
R6B-307,E1,2022-04-04T04:25:00+00:00,2619.3718272904953,2022
R6B-307,E1,2022-04-04T11:00:00+00:00,2619.605096436867,2022
R6B-307,E1,2022-04-07T11:25:00+00:00,2619.8384492489276,2022
R6B-307,E1,2022-04-12T06:05:00+00:00,2620.5430570026447,2022
R6B-307,E1,2022-04-13T06:25:00+00:00,2616.745327759983,2022
R6B-307,E1,2022-04-18T04:05:00+00:00,2612.2182501063107,2022
R6B-307,E1,2022-04-18T10:30:00+00:00,2611.8642975475154,2022
R6B-307,E1,2022-04-19T11:30:00+00:00,2609.780468090911,2022
R6B-307,E1,2022-04-22T10:05:00+00:00,2593.05638763479,2022
R6B-307,E1,2022-04-26T04:30:00+00:00,2590.8455342014295,2022
R6B-307,E1,2022-04-26T09:40:00+00:00,2587.604331992854,2022
R6B-307,E1,2022-04-29T04:20:00+00:00,2597.0678527827886,2022
R6B-307,E1,2022-04-29T09:05:00+00:00,2605.599268201698,2022
R6B-307,E1,2022-05-04T11:35:00+00:00,2600.941689066008,2022
R6B-307,E1,2022-05-05T04:05:00+00:00,2608.1661109806787,2022
R6B-307,E1,2022-05-10T06:20:00+00:00,2614.7216878679533,2022
R6B-307,E1,2022-05-11T10:25:00+00:00,2625.7296400584582,2022
R6B-307,E1,2022-05-12T04:40:00+00:00,2616.349883256552,2022
R6B-307,E1,2022-05-13T07:20:00+00:00,2612.9747756679244,2022
R6B-307,E1,2022-05-13T11:35:00+00:00,2596.641830476846,2022
R6B-307,E1,2022-05-16T04:50:00+00:00,2586.521998817295,2022
R6B-307,E1,2022-05-17T10:10:00+00:00,2581.9388927794885,2022
R6B-307,E1,2022-05-20T09:35:00+00:00,2582.590768330974,2022
R6B-307,E1,2022-05-23T04:05:00+00:00,2590.9146423956704,2022
R6B-307,E1,2022-05-23T08:15:00+00:00,2591.391759057346,2022
R6B-307,E1,2022-05-24T07:50:00+00:00,2591.4082639651183,2022
R6B-307,E1,2022-05-24T12:00:00+00:00,2587.6455620104066,2022
R6B-307,E1,2022-05-27T05:55:00+00:00,2583.7431883700697,2022
R6B-307,E1,2022-05-27T11:20:00+00:00,2583.061380715731,2022
R6B-307,E1,2022-05-30T05:40:00+00:00,2591.4700084150213,2022
R6B-307,E1,2022-05-30T10:20:00+00:00,2581.4784333858306,2022
R6B-307,E1,2022-06-02T10:25:00+00:00,2588.7226482609617,2022
R6B-307,E1,2022-06-03T04:35:00+00:00,2579.3676318764174,2022
R6B-307,E1,2022-06-06T04:05:00+00:00,2583.4649368412074,2022
R6B-307,E1,2022-06-07T08:20:00+00:00,2585.0167314047103,2022
R6B-307,E1,2022-06-09T07:50:00+00:00,2576.0631941902966,2022
R6B-307,E1,2022-06-13T04:05:00+00:00,2556.494846408904,2022
R6B-307,E1,2022-06-14T06:55:00+00:00,2559.9411802167538,2022
R6B-307,E1,2022-06-14T10:55:00+00:00,2548.854811273572,2022
R6B-307,E1,2022-06-15T05:25:00+00:00,2548.468342527186,2022
R6B-307,E1,2022-06-15T10:35:00+00:00,2552.2045170866063,2022
R6B-307,E1,2022-06-20T06:50:00+00:00,2550.9955471807757,2022
R6B-307,E1,2022-06-21T04:05:00+00:00,2551.33719460116,2022
R6B-307,E1,2022-06-24T11:45:00+00:00,2543.8703018985516,2022
R6B-307,E1,2022-06-27T05:20:00+00:00,2547.713342937273,2022
R6B-307,E1,2022-06-27T10:35:00+00:00,2546.9498054603464,2022
R6B-307,E1,2022-06-28T07:55:00+00:00,2548.3815221655227,2022
R6B-307,E1,2022-06-29T05:45:00+00:00,2545.5855845599904,2022
R6B-307,E1,2022-06-30T04:35:00+00:00,2539.5589902273273,2022
R6B-307,E1,2022-07-05T05:10:00+00:00,2540.3733855298933,2022
R6B-307,E1,2022-07-06T05:00:00+00:00,2532.5901524526284,2022
R6B-307,E1,2022-07-07T06:55:00+00:00,2533.1763862525504,2022
R6B-307,E1,2022-07-08T04:25:00+00:00,2527.341572865752,2022
R6B-307,E1,2022-07-15T05:50:00+00:00,2522.208908948678,2022
R6B-307,E1,2022-07-18T04:05:00+00:00,2531.096807789314,2022
R6B-307,E1,2022-07-18T09:50:00+00:00,2537.4235619005813,2022
R6B-307,E1,2022-07-19T09:35:00+00:00,2540.081294616743,2022
R6B-307,E1,2022-07-22T10:30:00+00:00,2543.7124259412644,2022
R6B-307,E1,2022-07-25T07:20:00+00:00,2540.3086677205456,2022
R6B-307,E1,2022-07-26T04:30:00+00:00,2539.8440915326373,2022
R6B-307,E1,2022-07-27T11:10:00+00:00,2539.775505460713,2022
R6B-307,E1,2022-07-28T05:35:00+00:00,2534.8220755113525,2022
R6B-307,E1,2022-07-28T11:10:00+00:00,2529.3775322194283,2022
R6B-307,E1,2022-07-29T07:10:00+00:00,2542.4348571028017,2022
R6B-307,E1,2022-08-01T11:15:00+00:00,2550.8930491827305,2022
R6B-307,E1,2022-08-02T04:20:00+00:00,2550.9242068203866,2022
R6B-307,E1,2022-08-03T07:15:00+00:00,2549.666091360415,2022
R6B-307,E1,2022-08-04T04:55:00+00:00,2554.293976196399,2022
R6B-307,E1,2022-08-04T09:25:00+00:00,2560.27964768678,2022
R6B-307,E1,2022-08-08T11:25:00+00:00,2566.0535873473955,2022
R6B-307,E1,2022-08-12T07:45:00+00:00,2560.5222239338336,2022
R6B-307,E1,2022-08-16T06:05:00+00:00,2560.415283292008,2022
R6B-307,E1,2022-08-17T08:30:00+00:00,2553.531583401523,2022
R6B-307,E1,2022-08-22T07:10:00+00:00,2541.6946534430003,2022
R6B-307,E1,2022-08-23T04:35:00+00:00,2539.813451988878,2022
R6B-307,E1,2022-08-25T04:35:00+00:00,2543.8674512919583,2022
R6B-307,E1,2022-08-25T09:05:00+00:00,2550.4663112657754,2022
R6B-307,E1,2022-08-26T10:25:00+00:00,2534.6783190587307,2022
R6B-307,E1,2022-08-31T08:10:00+00:00,2526.6067776180475,2022
R6B-307,E1,2022-09-02T09:45:00+00:00,2534.3645392885546,2022
R6B-307,E1,2022-09-05T08:30:00+00:00,2532.349716671301,2022
R6B-307,E1,2022-09-06T04:10:00+00:00,2535.27220591622,2022
R6B-307,E1,2022-09-08T11:05:00+00:00,2536.512738832833,2022
R6B-307,E1,2022-09-09T04:15:00+00:00,2549.6046329876435,2022
R6B-307,E1,2022-09-09T08:15:00+00:00,2557.0811538876983,2022
R6B-307,E1,2022-09-12T10:50:00+00:00,2566.5071542708556,2022
R6B-307,E1,2022-09-14T08:40:00+00:00,2565.28808530986,2022
R6B-307,E1,2022-09-19T04:05:00+00:00,2550.6352460188846,2022
R6B-307,E1,2022-09-20T04:05:00+00:00,2546.358328394136,2022
R6B-307,E1,2022-09-21T04:15:00+00:00,2538.9939604989877,2022
R6B-307,E1,2022-09-21T10:05:00+00:00,2546.614070514841,2022
R6B-307,E1,2022-09-23T05:20:00+00:00,2537.036980024013,2022
R6B-307,E1,2022-09-26T11:30:00+00:00,2522.2664059380395,2022
R6B-307,E1,2022-09-27T05:05:00+00:00,2521.450878324684,2022
R6B-307,E1,2022-09-27T09:45:00+00:00,2520.957810277343,2022
R6B-307,E1,2022-09-30T09:40:00+00:00,2524.255865808651,2022
R6B-307,E1,2022-10-03T05:25:00+00:00,2518.999673476081,2022
R6B-307,E1,2022-10-04T09:55:00+00:00,2525.752237507222,2022
R6B-307,E1,2022-10-05T10:55:00+00:00,2501.966560953694,2022
R6B-307,E1,2022-10-06T04:05:00+00:00,2505.5245764587357,2022
R6B-307,E1,2022-10-06T09:40:00+00:00,2492.8319641591756,2022
R6B-307,E1,2022-10-11T04:50:00+00:00,2477.35209498268,2022
R6B-307,E1,2022-10-12T08:05:00+00:00,2477.4232716855026,2022
R6B-307,E1,2022-10-14T06:35:00+00:00,2477.8960805953475,2022
R6B-307,E1,2022-10-17T05:25:00+00:00,2480.7762879219954,2022
R6B-307,E1,2022-10-17T09:50:00+00:00,2485.6273078950285,2022
R6B-307,E1,2022-10-18T08:05:00+00:00,2487.4067059101226,2022
R6B-307,E1,2022-10-20T08:55:00+00:00,2482.45059706981,2022
R6B-307,E1,2022-10-24T04:05:00+00:00,2474.12325541889,2022
R6B-307,E1,2022-10-26T06:50:00+00:00,2484.753379877386,2022
R6B-307,E1,2022-10-26T10:55:00+00:00,2490.9954228955194,2022
R6B-307,E1,2022-10-27T04:20:00+00:00,2482.113636480615,2022
R6B-307,E1,2022-10-28T05:45:00+00:00,2475.641443857466,2022
R6B-307,E1,2022-11-01T05:40:00+00:00,2477.6398303180026,2022
R6B-307,E1,2022-11-01T09:50:00+00:00,2488.8544182998817,2022
R6B-307,E1,2022-11-02T06:55:00+00:00,2486.73754526569,2022
R6B-307,E1,2022-11-04T05:50:00+00:00,2508.5855177864155,2022
R6B-307,E1,2022-11-10T07:05:00+00:00,2506.5931352054513,2022
R6B-307,E1,2022-11-11T09:30:00+00:00,2512.272891338905,2022
R6B-307,E1,2022-11-15T09:10:00+00:00,2518.2869666800484,2022
R6B-307,E1,2022-11-18T04:40:00+00:00,2518.187251937713,2022
R6B-307,E1,2022-11-18T11:15:00+00:00,2514.806498036808,2022
R6B-307,E1,2022-11-22T04:15:00+00:00,2519.375804226296,2022
R6B-307,E1,2022-11-22T08:35:00+00:00,2516.99162038966,2022
R6B-307,E1,2022-11-23T04:15:00+00:00,2505.219516624078,2022
R6B-307,E1,2022-11-23T11:40:00+00:00,2496.3787299298947,2022
R6B-307,E1,2022-11-24T04:25:00+00:00,2498.062721171102,2022
R6B-307,E1,2022-11-24T11:10:00+00:00,2495.536014477177,2022
R6B-307,E1,2022-11-25T05:40:00+00:00,2496.80559858014,2022
R6B-307,E1,2022-11-29T05:45:00+00:00,2508.4141423532083,2022
R6B-307,E1,2022-11-30T05:45:00+00:00,2508.0334681478944,2022
R6B-307,E1,2022-12-01T04:05:00+00:00,2510.005657087666,2022
R6B-307,E1,2022-12-01T09:45:00+00:00,2502.7556022691315,2022
R6B-307,E1,2022-12-05T04:05:00+00:00,2514.1619090873637,2022
R6B-307,E1,2022-12-05T08:10:00+00:00,2497.2967501019884,2022
R6B-307,E1,2022-12-06T05:15:00+00:00,2496.0670209465657,2022
R6B-307,E1,2022-12-07T05:55:00+00:00,2495.3418881430907,2022
R6B-307,E1,2022-12-09T05:10:00+00:00,2500.0570119799854,2022
R6B-307,E1,2022-12-13T05:45:00+00:00,2499.1102442534175,2022
R6B-307,E1,2022-12-13T11:05:00+00:00,2497.6281781419975,2022
R6B-307,E1,2022-12-16T06:20:00+00:00,2498.1517542801216,2022
R6B-307,E1,2022-12-19T04:50:00+00:00,2494.6266269220423,2022
R6B-307,E1,2022-12-20T07:05:00+00:00,2495.9764779269185,2022
R6B-307,E1,2022-12-22T05:00:00+00:00,2496.99742326393,2022
R6B-307,E1,2022-12-23T06:10:00+00:00,2496.8508183510553,2022
R6B-307,E1,2022-12-23T11:05:00+00:00,2498.247942016954,2022
R6B-307,E1,2022-12-27T06:00:00+00:00,2499.054687070467,2022
R6B-307,E1,2022-12-29T09:10:00+00:00,2501.0444823156195,2022
R6B-307,E1,2022-12-30T07:15:00+00:00,2502.812223145589,2022
R6B-307,E1,2023-01-03T04:15:00+00:00,2515.7292678415665,2023
R6B-307,E1,2023-01-03T10:20:00+00:00,2507.4153898739273,2023
R6B-307,E1,2023-01-04T05:35:00+00:00,2511.6608590822316,2023
R6B-307,E1,2023-01-04T10:10:00+00:00,2529.639419740026,2023
R6B-307,E1,2023-01-05T05:50:00+00:00,2520.0096956490297,2023
R6B-307,E1,2023-01-06T06:15:00+00:00,2519.1308507434096,2023
R6B-307,E1,2023-01-09T04:05:00+00:00,2527.5572224750076,2023
R6B-307,E1,2023-01-09T10:15:00+00:00,2517.784872220167,2023
R6B-307,E1,2023-01-10T05:50:00+00:00,2515.444725846154,2023
R6B-307,E1,2023-01-11T09:15:00+00:00,2519.7136643396084,2023
R6B-307,E1,2023-01-12T05:05:00+00:00,2526.797123635257,2023
R6B-307,E1,2023-01-13T04:25:00+00:00,2521.979151688864,2023
R6B-307,E1,2023-01-16T05:25:00+00:00,2519.3212861851944,2023
R6B-307,E1,2023-01-17T04:05:00+00:00,2507.774343282136,2023
R6B-307,E1,2023-01-19T07:45:00+00:00,2506.4039332246266,2023
R6B-307,E1,2023-01-19T11:50:00+00:00,2500.214388126255,2023
R6B-307,E1,2023-01-23T04:50:00+00:00,2497.1598705841934,2023
R6B-307,E1,2023-01-24T05:20:00+00:00,2496.0485379818615,2023
R6B-307,E1,2023-01-24T10:35:00+00:00,2494.611995191201,2023
R6B-307,E1,2023-01-25T04:05:00+00:00,2485.948736348196,2023
R6B-307,E1,2023-01-27T04:55:00+00:00,2468.9080810656337,2023
R6B-307,E1,2023-01-30T08:30:00+00:00,2455.833551567876,2023
R6B-307,E1,2023-01-31T05:40:00+00:00,2444.8963048689457,2023
R6B-307,E1,2023-02-02T11:15:00+00:00,2436.262024925337,2023
R6B-307,E1,2023-02-06T05:00:00+00:00,2446.407496153141,2023
R6B-307,E1,2023-02-06T09:00:00+00:00,2445.0144396841856,2023
R6B-307,E1,2023-02-07T05:15:00+00:00,2447.5956147600155,2023
R6B-307,E1,2023-02-07T10:35:00+00:00,2442.7892534737807,2023
R6B-307,E1,2023-02-08T11:30:00+00:00,2442.949986407688,2023
R6B-307,E1,2023-02-09T11:40:00+00:00,2442.561699163443,2023
R6B-307,E1,2023-02-13T10:35:00+00:00,2433.7985639268827,2023
R6B-307,E1,2023-02-14T04:25:00+00:00,2434.888543164113,2023
R6B-307,E1,2023-02-14T08:50:00+00:00,2434.509131450921,2023
R6B-307,E1,2023-02-15T06:10:00+00:00,2414.5633384723747,2023
R6B-307,E1,2023-02-16T05:35:00+00:00,2409.408351309749,2023
R6B-307,E1,2023-02-20T08:10:00+00:00,2411.11547766704,2023
R6B-307,E1,2023-02-22T05:05:00+00:00,2408.331940178752,2023
R6B-307,E1,2023-02-22T11:55:00+00:00,2407.164728162213,2023
R6B-307,E1,2023-02-23T10:30:00+00:00,2399.3191839823817,2023
R6B-307,E1,2023-02-24T04:15:00+00:00,2400.1052214341294,2023
R6B-307,E1,2023-02-27T04:50:00+00:00,2391.2396933026375,2023
R6B-307,E1,2023-03-01T07:25:00+00:00,2395.487439685333,2023
R6B-307,E1,2023-03-03T04:05:00+00:00,2394.170171383339,2023
R6B-307,E1,2023-03-03T10:20:00+00:00,2398.844802235945,2023
R6B-307,E1,2023-03-06T11:40:00+00:00,2387.518955181454,2023
R6B-307,E1,2023-03-07T06:15:00+00:00,2383.523925790446,2023
R6B-307,E1,2023-03-07T11:30:00+00:00,2371.3255508031584,2023
R6B-307,E1,2023-03-08T11:40:00+00:00,2372.1991550476864,2023
R6B-307,E1,2023-03-13T04:05:00+00:00,2376.987198501382,2023
R6B-307,E1,2023-03-17T05:55:00+00:00,2384.7668932342276,2023
R6B-307,E1,2023-03-17T10:55:00+00:00,2381.5344806959915,2023
R6B-307,E1,2023-03-20T10:00:00+00:00,2376.6318757858594,2023
R6B-307,E1,2023-03-21T07:35:00+00:00,2364.166168016179,2023
R6B-307,E1,2023-03-22T05:05:00+00:00,2356.2239928454933,2023
R6B-307,E1,2023-03-23T07:55:00+00:00,2353.616480454818,2023
R6B-307,E1,2023-03-28T04:55:00+00:00,2349.725538767716,2023
R6B-307,E1,2023-03-30T10:05:00+00:00,2350.8558619977957,2023
R6B-307,E1,2023-03-31T05:40:00+00:00,2344.893559067674,2023
R6B-307,E1,2023-03-31T11:00:00+00:00,2338.346683899087,2023
R6B-307,E1,2023-04-05T06:45:00+00:00,2336.1199266923463,2023
R6B-307,E1,2023-04-05T11:15:00+00:00,2330.4961732363045,2023
R6B-307,E1,2023-04-11T04:05:00+00:00,2335.4316173891843,2023
R6B-307,E1,2023-04-11T08:05:00+00:00,2338.1808373097824,2023
R6B-307,E1,2023-04-12T05:25:00+00:00,2349.2722644485452,2023
R6B-307,E1,2023-04-13T04:05:00+00:00,2347.426932862792,2023
R6B-307,E1,2023-04-13T10:30:00+00:00,2352.7820521212725,2023
R6B-307,E1,2023-04-14T05:25:00+00:00,2349.6560391048665,2023
R6B-307,E1,2023-04-17T09:35:00+00:00,2351.9830140015383,2023
R6B-307,E1,2023-04-18T05:40:00+00:00,2354.397827945324,2023
R6B-307,E1,2023-04-18T11:30:00+00:00,2355.7194790796293,2023
R6B-307,E1,2023-04-20T10:45:00+00:00,2357.923114588242,2023
R6B-307,E1,2023-04-24T04:05:00+00:00,2352.8357750468103,2023
R6B-307,E1,2023-04-25T04:40:00+00:00,2344.726324627851,2023
R6B-307,E1,2023-04-27T05:35:00+00:00,2350.5283051227216,2023
R6B-307,E1,2023-04-27T10:55:00+00:00,2346.9841030706043,2023
R6B-307,E1,2023-05-02T05:30:00+00:00,2345.184698012091,2023
R6B-307,E1,2023-05-03T08:10:00+00:00,2339.2780104733906,2023
R6B-307,E1,2023-05-05T05:35:00+00:00,2334.0433081611377,2023
R6B-307,E1,2023-05-08T06:30:00+00:00,2334.6371865677997,2023
R6B-307,E1,2023-05-09T08:00:00+00:00,2333.3352028158606,2023
R6B-307,E1,2023-05-10T04:10:00+00:00,2325.335751817607,2023
R6B-307,E1,2023-05-11T04:50:00+00:00,2319.9611580611527,2023
R6B-307,E1,2023-05-15T05:40:00+00:00,2316.8413580360334,2023
R6B-307,E1,2023-05-15T11:45:00+00:00,2307.9688971408827,2023
R6B-307,E1,2023-05-18T05:30:00+00:00,2300.5604059022,2023
R6B-307,E1,2023-05-19T04:05:00+00:00,2303.1770265357973,2023
R6B-307,E1,2023-05-19T10:10:00+00:00,2303.5127416437535,2023
R6B-307,E1,2023-05-24T08:30:00+00:00,2297.739790760364,2023
R6B-307,E1,2023-05-25T11:30:00+00:00,2297.620484352389,2023
R6B-307,E1,2023-05-26T05:40:00+00:00,2302.999786089043,2023
R6B-307,E1,2023-05-26T09:40:00+00:00,2304.985984003689,2023
R6B-307,E1,2023-05-29T09:55:00+00:00,2302.8361312109178,2023
R6B-307,E1,2023-05-30T05:05:00+00:00,2294.3654188255955,2023
R6B-307,E1,2023-05-31T09:45:00+00:00,2288.807972006644,2023
R6B-307,E1,2023-06-02T06:10:00+00:00,2288.3344284484383,2023
R6B-307,E1,2023-06-08T06:05:00+00:00,2286.0589665935963,2023
R6B-307,E1,2023-06-13T07:35:00+00:00,2289.58855927544,2023
R6B-307,E1,2023-06-14T05:40:00+00:00,2289.7812437301823,2023
R6B-307,E1,2023-06-14T11:35:00+00:00,2285.26009931065,2023
R6B-307,E1,2023-06-16T05:45:00+00:00,2280.2350129960346,2023
R6B-307,E1,2023-06-16T10:25:00+00:00,2281.8239688828407,2023
R6B-307,E1,2023-06-20T10:45:00+00:00,2278.6719805490134,2023
R6B-307,E1,2023-06-21T06:35:00+00:00,2271.5486239274114,2023
R6B-307,E1,2023-06-23T09:05:00+00:00,2270.181850425588,2023
R6B-307,E1,2023-06-26T04:05:00+00:00,2268.687954029003,2023
R6B-307,E1,2023-06-26T11:55:00+00:00,2271.029675718967,2023
R6B-307,E1,2023-06-27T05:30:00+00:00,2274.0757729712936,2023
R6B-307,E1,2023-06-30T09:35:00+00:00,2266.2288811656813,2023
R6B-307,E1,2023-07-03T09:00:00+00:00,2255.8153992041093,2023
R6B-307,E1,2023-07-04T05:20:00+00:00,2256.4219556570224,2023
R6B-307,E1,2023-07-04T10:15:00+00:00,2262.1346653932496,2023
R6B-307,E1,2023-07-05T12:00:00+00:00,2261.342481979621,2023
R6B-307,E1,2023-07-06T09:25:00+00:00,2258.8871543991922,2023
R6B-307,E1,2023-07-07T04:10:00+00:00,2255.8144441449217,2023
R6B-307,E1,2023-07-07T09:10:00+00:00,2257.605275139431,2023
R6B-307,E1,2023-07-11T05:05:00+00:00,2258.922512451163,2023
R6B-307,E1,2023-07-11T09:05:00+00:00,2265.9903206326035,2023
R6B-307,E1,2023-07-12T04:05:00+00:00,2270.921593640542,2023
R6B-307,E1,2023-07-13T05:45:00+00:00,2267.354288138359,2023
R6B-307,E1,2023-07-13T11:00:00+00:00,2263.8053620450933,2023
R6B-307,E1,2023-07-14T05:50:00+00:00,2259.1773375595612,2023
R6B-307,E1,2023-07-17T09:35:00+00:00,2256.9028764947197,2023
R6B-307,E1,2023-07-18T04:40:00+00:00,2260.629146182464,2023
R6B-307,E1,2023-07-18T11:20:00+00:00,2264.781808197385,2023
R6B-307,E1,2023-07-19T11:20:00+00:00,2255.4266468188566,2023
R6B-307,E1,2023-07-20T04:15:00+00:00,2261.572927927106,2023
R6B-307,E1,2023-07-21T04:50:00+00:00,2257.084188291464,2023
R6B-307,E1,2023-07-24T11:05:00+00:00,2259.6004808208822,2023
R6B-307,E1,2023-07-25T05:35:00+00:00,2259.437077613191,2023
R6B-307,E1,2023-07-25T10:25:00+00:00,2255.790049171166,2023
R6B-307,E1,2023-07-26T10:15:00+00:00,2258.8334606993553,2023
R6B-307,E1,2023-07-27T06:05:00+00:00,2254.736996556621,2023
R6B-307,E1,2023-07-28T05:35:00+00:00,2255.966293294632,2023
R6B-307,E1,2023-08-03T05:50:00+00:00,2249.051495475471,2023
R6B-307,E1,2023-08-07T04:15:00+00:00,2240.674873321211,2023
R6B-307,E1,2023-08-09T05:20:00+00:00,2245.280843830209,2023
R6B-307,E1,2023-08-10T05:35:00+00:00,2244.0703905041264,2023
R6B-307,E1,2023-08-10T11:10:00+00:00,2245.2530288611997,2023
R6B-307,E1,2023-08-11T06:10:00+00:00,2244.8977031607087,2023
R6B-307,E1,2023-08-11T10:15:00+00:00,2244.557284147379,2023
R6B-307,E1,2023-08-14T11:40:00+00:00,2242.6201648932433,2023
R6B-307,E1,2023-08-16T06:40:00+00:00,2243.98759364365,2023
R6B-307,E1,2023-08-16T10:40:00+00:00,2243.0350451030286,2023
R6B-307,E1,2023-08-17T10:35:00+00:00,2244.3551359383337,2023
R6B-307,E1,2023-08-18T04:25:00+00:00,2244.4698608752715,2023
R6B-307,E1,2023-08-21T06:55:00+00:00,2239.627153092292,2023
R6B-307,E1,2023-08-22T05:05:00+00:00,2236.928555397143,2023
R6B-307,E1,2023-08-22T10:15:00+00:00,2242.4596504107776,2023
R6B-307,E1,2023-08-23T04:10:00+00:00,2243.5852841613782,2023
R6B-307,E1,2023-08-23T09:35:00+00:00,2243.634422428805,2023
R6B-307,E1,2023-08-24T06:05:00+00:00,2245.3348135283477,2023
R6B-307,E1,2023-08-28T04:05:00+00:00,2245.811727976385,2023
R6B-307,E1,2023-08-29T05:05:00+00:00,2247.136683973485,2023
R6B-307,E1,2023-08-31T05:05:00+00:00,2245.3290090854853,2023
R6B-307,E1,2023-09-01T05:10:00+00:00,2240.944036560126,2023
R6B-307,E1,2023-09-04T04:50:00+00:00,2243.3892290002505,2023
R6B-307,E1,2023-09-04T10:20:00+00:00,2237.942355467006,2023
R6B-307,E1,2023-09-06T08:50:00+00:00,2234.054767376912,2023
R6B-307,E1,2023-09-07T05:50:00+00:00,2231.9542049639676,2023
R6B-307,E1,2023-09-08T04:30:00+00:00,2235.3510477646023,2023
R6B-307,E1,2023-09-11T05:15:00+00:00,2241.61715535993,2023
R6B-307,E1,2023-09-11T09:30:00+00:00,2239.5961158130062,2023
R6B-307,E1,2023-09-12T07:30:00+00:00,2233.838276890898,2023
R6B-307,E1,2023-09-14T04:45:00+00:00,2230.5767078654058,2023
R6B-307,E1,2023-09-15T05:35:00+00:00,2233.1981394181266,2023
R6B-307,E1,2023-09-15T10:15:00+00:00,2233.1238220092146,2023
R6B-307,E1,2023-09-18T05:15:00+00:00,2234.5904547293217,2023
R6B-307,E1,2023-09-18T09:40:00+00:00,2229.265883579272,2023
R6B-307,E1,2023-09-19T11:55:00+00:00,2228.6298393856437,2023
R6B-307,E1,2023-09-22T04:05:00+00:00,2230.339386183864,2023
R6B-307,E1,2023-09-22T11:20:00+00:00,2227.402639096755,2023
R6B-307,E1,2023-09-25T11:05:00+00:00,2225.393315423675,2023
R6B-307,E1,2023-09-27T05:35:00+00:00,2216.6677230273285,2023
R6B-307,E1,2023-09-28T11:20:00+00:00,2212.894075712896,2023
R6B-307,E1,2023-09-29T09:55:00+00:00,2218.173528399325,2023
R6B-307,E1,2023-10-05T04:55:00+00:00,2221.340277502977,2023
R6B-307,E1,2023-10-06T06:30:00+00:00,2214.5826886662253,2023
R6B-307,E1,2023-10-09T04:05:00+00:00,2217.5589066987604,2023
R6B-307,E1,2023-10-09T08:25:00+00:00,2212.3569909940647,2023
R6B-307,E1,2023-10-10T04:05:00+00:00,2208.5934344289158,2023
R6B-307,E1,2023-10-11T10:45:00+00:00,2221.0965034675023,2023
R6B-307,E1,2023-10-12T04:40:00+00:00,2221.4198201500826,2023
R6B-307,E1,2023-10-12T09:10:00+00:00,2221.484695343008,2023
R6B-307,E1,2023-10-13T04:55:00+00:00,2225.405165828024,2023
R6B-307,E1,2023-10-13T09:15:00+00:00,2231.7477951992555,2023
R6B-307,E1,2023-10-17T11:50:00+00:00,2234.0410611842926,2023
R6B-307,E1,2023-10-18T04:20:00+00:00,2244.7750133913764,2023
R6B-307,E1,2023-10-20T11:40:00+00:00,2244.1287795347585,2023
R6B-307,E1,2023-10-24T05:20:00+00:00,2240.330291538768,2023
R6B-307,E1,2023-10-26T07:45:00+00:00,2241.071035340831,2023
R6B-307,E1,2023-10-26T11:50:00+00:00,2234.411871758229,2023
R6B-307,E1,2023-10-27T06:15:00+00:00,2233.498064137375,2023
R6B-307,E1,2023-11-02T05:30:00+00:00,2231.5620292998256,2023
R6B-307,E1,2023-11-03T06:35:00+00:00,2230.99754560308,2023
R6B-307,E1,2023-11-03T11:20:00+00:00,2229.5803381961355,2023
R6B-307,E1,2023-11-08T04:20:00+00:00,2226.2695343515898,2023
R6B-307,E1,2023-11-15T07:05:00+00:00,2230.4554831289465,2023
R6B-307,E1,2023-11-16T08:55:00+00:00,2235.100765824484,2023
R6B-307,E1,2023-11-17T05:05:00+00:00,2233.972870883141,2023
R6B-307,E1,2023-11-17T12:00:00+00:00,2234.2728726643895,2023
R6B-307,E1,2023-11-20T06:35:00+00:00,2229.4526878542288,2023
R6B-307,E1,2023-11-21T04:30:00+00:00,2238.8832132691878,2023
R6B-307,E1,2023-11-22T08:55:00+00:00,2238.1689649651908,2023
R6B-307,E1,2023-11-23T05:50:00+00:00,2239.4086975003347,2023
R6B-307,E1,2023-11-24T04:55:00+00:00,2237.808044844815,2023
R6B-307,E1,2023-11-27T04:05:00+00:00,2243.8167726594947,2023
R6B-307,E1,2023-11-28T04:05:00+00:00,2239.8736728217527,2023
R6B-307,E1,2023-11-29T04:45:00+00:00,2236.1556321133276,2023
R6B-307,E1,2023-12-01T04:20:00+00:00,2232.9124866766865,2023
R6B-307,E1,2023-12-04T04:05:00+00:00,2206.632891728982,2023
R6B-307,E1,2023-12-05T04:25:00+00:00,2206.1636728024846,2023
R6B-307,E1,2023-12-06T04:55:00+00:00,2204.35570342885,2023
R6B-307,E1,2023-12-06T09:50:00+00:00,2201.5494773853557,2023
R6B-307,E1,2023-12-08T04:55:00+00:00,2199.573207881606,2023
R6B-307,E1,2023-12-12T04:40:00+00:00,2197.466596300918,2023
R6B-307,E1,2023-12-14T04:05:00+00:00,2194.104588009245,2023
R6B-307,E1,2023-12-15T11:45:00+00:00,2197.0241250453128,2023
R6B-307,E1,2023-12-18T07:15:00+00:00,2196.3967912920966,2023
R6B-307,E1,2023-12-20T10:15:00+00:00,2191.4765119522403,2023
R6B-307,E1,2023-12-26T05:30:00+00:00,2196.6695956797353,2023
R6B-307,E1,2023-12-28T05:55:00+00:00,2193.645115749903,2023
R6B-307,E1,2023-12-29T10:00:00+00:00,2185.666626680571,2023
R6B-307,E1,2024-01-02T05:05:00+00:00,2187.648011344648,2024
R6B-307,E1,2024-01-02T09:15:00+00:00,2189.8147844875593,2024
R6B-307,E1,2024-01-03T06:40:00+00:00,2188.749146462458,2024
R6B-307,E1,2024-01-04T06:20:00+00:00,2189.962590476243,2024
R6B-307,E1,2024-01-04T10:25:00+00:00,2190.3393973683237,2024
R6B-307,E1,2024-01-05T05:10:00+00:00,2187.708837792664,2024
R6B-307,E1,2024-01-09T05:05:00+00:00,2184.660905358439,2024
R6B-307,E1,2024-01-09T11:30:00+00:00,2182.33309922832,2024
R6B-307,E1,2024-01-10T05:50:00+00:00,2174.5250783938295,2024
R6B-307,E1,2024-01-11T05:55:00+00:00,2177.948687601548,2024
R6B-307,E1,2024-01-11T09:55:00+00:00,2175.0021414697617,2024
R6B-307,E1,2024-01-12T10:00:00+00:00,2176.3232422037368,2024
R6B-307,E1,2024-01-15T05:40:00+00:00,2180.028490265999,2024
R6B-307,E1,2024-01-17T05:45:00+00:00,2168.5724048354296,2024
R6B-307,E1,2024-01-18T04:55:00+00:00,2166.24011176302,2024
R6B-307,E1,2024-01-18T10:25:00+00:00,2164.471450032795,2024
R6B-307,E1,2024-01-19T05:45:00+00:00,2159.0228835545995,2024
R6B-307,E1,2024-01-19T11:25:00+00:00,2162.519787532849,2024
R6B-307,E1,2024-01-22T05:05:00+00:00,2156.196173420355,2024
R6B-307,E1,2024-01-23T06:40:00+00:00,2162.4644699098153,2024
R6B-307,E1,2024-01-23T10:55:00+00:00,2154.344202612066,2024
R6B-307,E1,2024-01-24T11:45:00+00:00,2155.2656755945513,2024
R6B-307,E1,2024-01-26T05:05:00+00:00,2152.7008746490064,2024
R6B-307,E1,2024-01-29T04:05:00+00:00,2156.728938904955,2024
R6B-307,E1,2024-01-29T08:30:00+00:00,2161.169559563349,2024
R6B-307,E1,2024-01-30T10:15:00+00:00,2161.4532923970673,2024
R6B-307,E1,2024-01-31T04:05:00+00:00,2156.467201561321,2024
R6B-307,E1,2024-02-06T05:05:00+00:00,2153.4590472611694,2024
R6B-307,E1,2024-02-06T09:45:00+00:00,2147.61270567345,2024
R6B-307,E1,2024-02-08T06:10:00+00:00,2141.234688568014,2024
R6B-307,E1,2024-02-13T09:50:00+00:00,2145.824240684451,2024
R6B-307,E1,2024-02-16T11:40:00+00:00,2146.240406118962,2024
R6B-307,E1,2024-02-19T04:15:00+00:00,2148.3633420061124,2024
R6B-307,E1,2024-02-20T05:35:00+00:00,2146.569521589367,2024
R6B-307,E1,2024-02-20T10:45:00+00:00,2152.8944580007947,2024
R6B-307,E1,2024-02-21T06:45:00+00:00,2153.0844163480974,2024
R6B-307,E1,2024-02-22T05:40:00+00:00,2152.8723871908414,2024
R6B-307,E1,2024-02-22T11:35:00+00:00,2148.949787227716,2024
R6B-307,E1,2024-02-23T05:10:00+00:00,2147.204581098453,2024
R6B-307,E1,2024-02-27T06:10:00+00:00,2146.17101251805,2024
R6B-307,E1,2024-02-27T10:40:00+00:00,2145.869903466799,2024
R6B-307,E1,2024-02-29T05:40:00+00:00,2144.475652159735,2024
R6B-307,E1,2024-02-29T11:10:00+00:00,2137.4727548119204,2024
R6B-307,E1,2024-03-01T10:20:00+00:00,2138.7176103408383,2024
R6B-307,E1,2024-03-04T11:05:00+00:00,2136.9705836798003,2024
R6B-307,E1,2024-03-05T09:35:00+00:00,2143.4299072980493,2024
R6B-307,E1,2024-03-06T11:05:00+00:00,2140.3882209206895,2024
R6B-307,E1,2024-03-07T07:55:00+00:00,2141.6200455760395,2024
R6B-307,E1,2024-03-08T04:35:00+00:00,2134.9951018170577,2024
R6B-307,E1,2024-03-15T05:20:00+00:00,2132.888942967347,2024
R6B-307,E1,2024-03-15T09:45:00+00:00,2133.117983637665,2024
R6B-307,E1,2024-03-20T05:25:00+00:00,2129.8055245515707,2024
R6B-307,E1,2024-03-22T04:25:00+00:00,2118.785229964424,2024
R6B-307,E1,2024-03-25T04:05:00+00:00,2119.5978580858446,2024
R6B-307,E1,2024-03-28T08:20:00+00:00,2115.565462899811,2024
R6B-307,E1,2024-04-01T04:05:00+00:00,2133.7300957865677,2024
R6B-307,E1,2024-04-01T08:05:00+00:00,2127.3092817078555,2024
R6B-307,E1,2024-04-02T08:45:00+00:00,2131.4240245892747,2024
R6B-307,E1,2024-04-08T06:35:00+00:00,2135.2048866985774,2024
R6B-307,E1,2024-04-09T05:15:00+00:00,2136.6441236992023,2024
R6B-307,E1,2024-04-09T11:15:00+00:00,2134.5377544793537,2024
R6B-307,E1,2024-04-10T08:55:00+00:00,2132.096073670532,2024
R6B-307,E1,2024-04-11T06:45:00+00:00,2126.3463761848,2024
R6B-307,E1,2024-04-12T05:05:00+00:00,2124.1833498406877,2024
R6B-307,E1,2024-04-12T11:10:00+00:00,2121.3196564959967,2024
R6B-307,E1,2024-04-18T08:35:00+00:00,2123.101619449206,2024
R6B-307,E1,2024-04-19T05:30:00+00:00,2111.908899907154,2024
R6B-307,E1,2024-04-24T07:25:00+00:00,2108.4020438802177,2024
R6B-307,E1,2024-04-25T11:50:00+00:00,2112.9726705635253,2024
R6B-307,E1,2024-04-26T08:30:00+00:00,2120.4674009779123,2024
R6B-307,E1,2024-05-03T08:50:00+00:00,2114.7827381275392,2024
R6B-307,E1,2024-05-06T05:05:00+00:00,2118.18996975158,2024
R6B-307,E1,2024-05-06T11:30:00+00:00,2121.079661612596,2024
R6B-307,E1,2024-05-07T05:00:00+00:00,2114.2104971977888,2024
R6B-307,E1,2024-05-08T07:00:00+00:00,2111.2186175441434,2024
R6B-307,E1,2024-05-09T08:10:00+00:00,2108.626575195324,2024
R6B-307,E1,2024-05-10T04:30:00+00:00,2110.928859271459,2024
R6B-307,E1,2024-05-10T09:45:00+00:00,2123.137134356855,2024
R6B-307,E1,2024-05-14T05:15:00+00:00,2125.091146574461,2024
R6B-307,E1,2024-05-14T09:40:00+00:00,2124.9180755111506,2024
R6B-307,E1,2024-05-15T07:45:00+00:00,2126.0363732720657,2024
R6B-307,E1,2024-05-16T04:15:00+00:00,2121.6822500104913,2024
R6B-307,E1,2024-05-17T09:35:00+00:00,2121.721356602131,2024
R6B-307,E1,2024-05-20T04:35:00+00:00,2130.6763718104717,2024
R6B-307,E1,2024-05-20T09:35:00+00:00,2129.0360056850795,2024
R6B-307,E1,2024-05-24T09:35:00+00:00,2131.288670345772,2024
R6B-307,E1,2024-05-27T05:15:00+00:00,2133.2482058832434,2024
R6B-307,E1,2024-05-28T05:50:00+00:00,2128.7007065194703,2024
R6B-307,E1,2024-06-05T05:55:00+00:00,2134.625816463764,2024
R6B-307,E1,2024-06-06T05:05:00+00:00,2144.4548221839286,2024
R6B-307,E1,2024-06-07T07:50:00+00:00,2137.313891364302,2024
R6B-307,E1,2024-06-14T04:50:00+00:00,2136.2992582212305,2024
R6B-307,E1,2024-06-14T09:35:00+00:00,2144.6563393521824,2024
R6B-307,E1,2024-06-18T04:05:00+00:00,2144.922739424337,2024
R6B-307,E1,2024-06-20T05:05:00+00:00,2151.0003929316213,2024
R6B-307,E1,2024-06-20T09:05:00+00:00,2143.2481492302727,2024
R6B-307,E1,2024-06-21T04:05:00+00:00,2143.005202811131,2024
R6B-307,E1,2024-06-24T05:30:00+00:00,2143.1992275948483,2024
R6B-307,E1,2024-06-24T11:30:00+00:00,2140.4549499563313,2024
R6B-307,E1,2024-06-27T08:10:00+00:00,2141.9193304588366,2024
R6B-307,E1,2024-06-28T11:50:00+00:00,2145.7046830255517,2024
R6B-307,E1,2024-07-02T04:05:00+00:00,2137.899689435458,2024
R6B-307,E1,2024-07-03T04:15:00+00:00,2138.050589325403,2024
R6B-307,E1,2024-07-03T08:35:00+00:00,2148.262600206652,2024
R6B-307,E1,2024-07-04T05:30:00+00:00,2142.546192273712,2024
R6B-307,E1,2024-07-05T04:35:00+00:00,2145.5533190504734,2024
R6B-307,E1,2024-07-05T08:55:00+00:00,2145.424437873718,2024
R6B-307,E1,2024-07-09T04:05:00+00:00,2150.038824307782,2024
R6B-307,E1,2024-07-09T08:05:00+00:00,2140.9889970522113,2024
R6B-307,E1,2024-07-10T05:20:00+00:00,2141.73029876296,2024
R6B-307,E1,2024-07-10T10:50:00+00:00,2142.58595644063,2024
R6B-307,E1,2024-07-11T05:50:00+00:00,2147.463386930775,2024
R6B-307,E1,2024-07-15T08:10:00+00:00,2142.408954498178,2024
R6B-307,E1,2024-07-16T05:55:00+00:00,2144.3108940787783,2024
R6B-307,E1,2024-07-16T11:00:00+00:00,2149.016814936308,2024
R6B-307,E1,2024-07-17T04:45:00+00:00,2146.0075959395836,2024
R6B-307,E1,2024-07-18T05:15:00+00:00,2150.598844003371,2024
R6B-307,E1,2024-07-18T09:25:00+00:00,2146.741613792513,2024
R6B-307,E1,2024-07-22T04:05:00+00:00,2141.8626647275246,2024
R6B-307,E1,2024-07-23T05:25:00+00:00,2133.9614763980835,2024
R6B-307,E1,2024-07-24T05:15:00+00:00,2135.7609323699353,2024
R6B-307,E1,2024-07-24T10:15:00+00:00,2130.5599290684604,2024
R6B-307,E1,2024-07-26T05:35:00+00:00,2134.4741148700678,2024
R6B-307,E1,2024-07-29T04:05:00+00:00,2130.4043434656082,2024
R6B-307,E1,2024-07-30T07:50:00+00:00,2134.0234390083356,2024
R6B-307,E1,2024-07-31T07:15:00+00:00,2136.2497636697767,2024
R6B-307,E1,2024-08-01T05:15:00+00:00,2128.431693863064,2024
R6B-307,E1,2024-08-02T04:30:00+00:00,2134.605294934308,2024
R6B-307,E1,2024-08-02T08:50:00+00:00,2136.3506017663717,2024
R6B-307,E1,2024-08-05T06:55:00+00:00,2118.9259992200577,2024
R6B-307,E1,2024-08-06T04:45:00+00:00,2111.917919525322,2024
R6B-307,E1,2024-08-07T09:15:00+00:00,2110.7438827628785,2024
R6B-307,E1,2024-08-08T07:45:00+00:00,2113.8292736578455,2024
R6B-307,E1,2024-08-12T08:40:00+00:00,2120.999087554763,2024
R6B-307,E1,2024-08-14T05:20:00+00:00,2113.027803294392,2024
R6B-307,E1,2024-08-15T04:05:00+00:00,2116.7330066704803,2024
R6B-307,E1,2024-08-15T08:05:00+00:00,2116.5636555355613,2024
R6B-307,E1,2024-08-16T11:55:00+00:00,2123.347277673905,2024
R6B-307,E1,2024-08-20T11:40:00+00:00,2134.9599610894084,2024
R6B-307,E1,2024-08-21T06:10:00+00:00,2129.1528352557084,2024
R6B-307,E1,2024-08-23T04:20:00+00:00,2132.8746434985947,2024
R6B-307,E1,2024-08-23T09:10:00+00:00,2134.108938533454,2024
R6B-307,E1,2024-08-26T04:05:00+00:00,2128.7716438678367,2024
R6B-307,E1,2024-08-26T11:15:00+00:00,2133.8165350069044,2024
R6B-307,E1,2024-08-29T04:05:00+00:00,2139.0475936323323,2024
R6B-307,E1,2024-08-29T08:05:00+00:00,2137.216305824544,2024
R6B-307,E1,2024-08-30T10:30:00+00:00,2134.0187386072193,2024
R6B-307,E1,2024-09-02T04:45:00+00:00,2126.8746214926496,2024
R6B-307,E1,2024-09-03T11:20:00+00:00,2126.5640447824426,2024
R6B-307,E1,2024-09-04T06:35:00+00:00,2120.119116099158,2024
R6B-307,E1,2024-09-05T05:25:00+00:00,2116.4928134372094,2024
R6B-307,E1,2024-09-05T09:50:00+00:00,2129.85904557207,2024
R6B-307,E1,2024-09-06T08:00:00+00:00,2127.4551565355546,2024
R6B-307,E1,2024-09-09T07:45:00+00:00,2121.970305438323,2024
R6B-307,E1,2024-09-11T05:35:00+00:00,2122.259652185487,2024
R6B-307,E1,2024-09-11T10:15:00+00:00,2118.1287668403747,2024
R6B-307,E1,2024-09-12T07:50:00+00:00,2117.6054785619967,2024
R6B-307,E1,2024-09-13T04:45:00+00:00,2123.35241989033,2024
R6B-307,E1,2024-09-13T11:50:00+00:00,2119.5741399798494,2024
R6B-307,E1,2024-09-16T06:20:00+00:00,2122.2800729653313,2024
R6B-307,E1,2024-09-17T04:05:00+00:00,2116.2882433359487,2024
R6B-307,E1,2024-09-19T09:10:00+00:00,2130.247528817634,2024
R6B-307,E1,2024-09-20T06:35:00+00:00,2136.639822812256,2024
R6B-307,E1,2024-09-20T10:35:00+00:00,2143.3839028466127,2024
R6B-307,E1,2024-09-23T06:40:00+00:00,2144.27715883984,2024
R6B-307,E1,2024-09-24T07:20:00+00:00,2141.3610070683276,2024
R6B-307,E1,2024-09-25T06:30:00+00:00,2134.7377626505377,2024
R6B-307,E1,2024-09-26T08:00:00+00:00,2135.553456037531,2024
R6B-307,E1,2024-09-30T04:05:00+00:00,2125.319343743128,2024
R6B-307,E1,2024-10-01T09:10:00+00:00,2129.017720483286,2024
R6B-307,E1,2024-10-03T04:10:00+00:00,2123.03176755837,2024
R6B-307,E1,2024-10-04T06:25:00+00:00,2126.1348810668974,2024
R6B-307,E1,2024-10-10T05:45:00+00:00,2128.2422856451426,2024
R6B-307,E1,2024-10-11T06:00:00+00:00,2133.024327735737,2024
R6B-307,E1,2024-10-14T08:40:00+00:00,2133.786107727311,2024
R6B-307,E1,2024-10-16T06:00:00+00:00,2134.1342056072945,2024
R6B-307,E1,2024-10-16T10:15:00+00:00,2136.627243324753,2024
R6B-307,E1,2024-10-17T04:35:00+00:00,2136.580572920888,2024
R6B-307,E1,2024-10-18T04:20:00+00:00,2148.1112059908523,2024
R6B-307,E1,2024-10-18T09:10:00+00:00,2143.6161084970995,2024
R6B-307,E1,2024-10-21T04:05:00+00:00,2149.0326667293816,2024
R6B-307,E1,2024-10-22T05:20:00+00:00,2153.754101954216,2024
R6B-307,E1,2024-10-22T10:25:00+00:00,2152.508287151975,2024
R6B-307,E1,2024-10-23T08:35:00+00:00,2157.0317483717313,2024
R6B-307,E1,2024-10-24T05:05:00+00:00,2159.9654128599473,2024
R6B-307,E1,2024-10-24T09:20:00+00:00,2166.9709033171393,2024
R6B-307,E1,2024-10-29T04:35:00+00:00,2172.0461467046225,2024
R6B-307,E1,2024-10-30T04:10:00+00:00,2172.343389366367,2024
R6B-307,E1,2024-10-30T09:35:00+00:00,2170.8610496268657,2024
R6B-307,E1,2024-11-01T06:00:00+00:00,2174.082696036855,2024
R6B-307,E1,2024-11-01T10:00:00+00:00,2170.342157757817,2024
R6B-307,E1,2024-11-04T07:15:00+00:00,2169.981773563901,2024
R6B-307,E1,2024-11-05T11:10:00+00:00,2168.1097089459377,2024
R6B-307,E1,2024-11-06T05:45:00+00:00,2160.7745575293584,2024
R6B-307,E1,2024-11-07T11:25:00+00:00,2160.234222226932,2024
R6B-307,E1,2024-11-12T05:50:00+00:00,2145.665220630153,2024
R6B-307,E1,2024-11-13T05:10:00+00:00,2147.7408951779958,2024
R6B-307,E1,2024-11-18T04:50:00+00:00,2161.931333790902,2024
R6B-307,E1,2024-11-19T05:05:00+00:00,2167.3357186770077,2024
R6B-307,E1,2024-11-19T10:55:00+00:00,2173.7403722440326,2024
R6B-307,E1,2024-11-20T04:10:00+00:00,2174.2915438649475,2024
R6B-307,E1,2024-11-21T04:35:00+00:00,2174.381604204285,2024
R6B-307,E1,2024-11-21T10:20:00+00:00,2179.3302199543277,2024
R6B-307,E1,2024-11-22T05:05:00+00:00,2188.3295897440007,2024
R6B-307,E1,2024-11-22T11:00:00+00:00,2199.3669553065674,2024
R6B-307,E1,2024-11-25T04:05:00+00:00,2163.996457725374,2024
R6B-307,E1,2024-11-26T05:35:00+00:00,2153.045061372527,2024
R6B-307,E1,2024-11-27T06:15:00+00:00,2157.8656267434803,2024
R6B-307,E1,2024-11-27T11:00:00+00:00,2157.582588900372,2024
R6B-307,E1,2024-11-29T05:25:00+00:00,2171.088020236635,2024
R6B-307,E1,2024-11-29T10:10:00+00:00,2169.632780396289,2024
R6B-307,E1,2024-12-03T10:15:00+00:00,2168.586957394331,2024
R6B-307,E1,2024-12-04T09:00:00+00:00,2161.8624650680326,2024
R6B-307,E1,2024-12-05T09:35:00+00:00,2153.036792595456,2024
R6B-307,E1,2024-12-06T07:25:00+00:00,2154.834166904898,2024
R6B-307,E1,2024-12-09T05:15:00+00:00,2149.2385796293834,2024
R6B-307,E1,2024-12-10T06:00:00+00:00,2149.412193183118,2024
R6B-307,E1,2024-12-11T04:35:00+00:00,2141.4282353413078,2024
R6B-307,E1,2024-12-12T05:00:00+00:00,2131.7692334257317,2024
R6B-307,E1,2024-12-13T05:05:00+00:00,2130.6860161911172,2024
R6B-307,E1,2024-12-17T05:15:00+00:00,2124.867743582313,2024
R6B-307,E1,2024-12-18T04:40:00+00:00,2120.3946287438343,2024
R6B-307,E1,2024-12-19T11:30:00+00:00,2118.8863288668003,2024
R6B-307,E1,2024-12-20T05:40:00+00:00,2116.5186419660395,2024
R6B-307,E1,2024-12-20T10:45:00+00:00,2116.3688124992764,2024
R6B-307,E1,2024-12-23T09:30:00+00:00,2117.076011194388,2024
R6B-307,E1,2024-12-24T06:40:00+00:00,2114.8282316036875,2024
R6B-307,E1,2024-12-26T04:25:00+00:00,2120.271858544425,2024
R6B-307,E1,2024-12-27T10:25:00+00:00,2111.2625629952868,2024
R6B-307,E1,2024-12-30T04:05:00+00:00,2110.6611445543685,2024
R6B-307,E1,2024-12-31T05:30:00+00:00,2107.272863533466,2024
R6B-307,E1,2024-12-31T11:50:00+00:00,2105.0639205370985,2024
R6B-307,E1,2025-01-02T04:45:00+00:00,2108.3082777082723,2025
R6B-307,E1,2025-01-03T04:10:00+00:00,2108.687202269439,2025
R6B-307,E1,2025-01-06T05:00:00+00:00,2101.6323190431485,2025
R6B-307,E1,2025-01-07T05:25:00+00:00,2104.1996132089434,2025
R6B-307,E1,2025-01-07T09:25:00+00:00,2101.752570674487,2025
R6B-307,E1,2025-01-08T10:20:00+00:00,2102.1504449885365,2025
R6B-307,E1,2025-01-09T10:45:00+00:00,2104.5928746715836,2025
R6B-307,E1,2025-01-10T06:20:00+00:00,2105.6134830451883,2025
R6B-307,E1,2025-01-10T10:35:00+00:00,2107.7457003442555,2025
R6B-307,E1,2025-01-14T04:40:00+00:00,2107.8757190330543,2025
R6B-307,E1,2025-01-14T08:45:00+00:00,2107.223846298734,2025
R6B-307,E1,2025-01-15T10:05:00+00:00,2111.722192829697,2025
R6B-307,E1,2025-01-16T04:20:00+00:00,2110.774366329813,2025
R6B-307,E1,2025-01-20T08:40:00+00:00,2111.5703450372002,2025
R6B-307,E1,2025-01-21T05:30:00+00:00,2121.6709048480243,2025
R6B-307,E1,2025-01-21T11:40:00+00:00,2112.9711141817666,2025
R6B-307,E1,2025-01-22T04:50:00+00:00,2116.094930154957,2025
R6B-307,E1,2025-01-22T08:50:00+00:00,2114.9882746136664,2025
R6B-307,E1,2025-01-24T04:45:00+00:00,2123.0915710478266,2025
R6B-307,E1,2025-01-24T10:15:00+00:00,2118.857787252639,2025
R6B-307,E1,2025-01-29T05:05:00+00:00,2115.383666132326,2025
R6B-307,E1,2025-01-30T04:30:00+00:00,2115.365861055746,2025
R6B-307,E1,2025-01-30T11:00:00+00:00,2124.422868628035,2025
R6B-307,E1,2025-01-31T11:30:00+00:00,2121.312765018851,2025
R6B-307,E1,2025-02-04T05:50:00+00:00,2114.094909243859,2025
R6B-307,E1,2025-02-05T04:35:00+00:00,2119.388508623558,2025
R6B-307,E1,2025-02-05T09:45:00+00:00,2127.919294951265,2025
R6B-307,E1,2025-02-07T04:05:00+00:00,2133.646210721803,2025
R6B-307,E1,2025-02-10T05:05:00+00:00,2137.017476917071,2025
R6B-307,E1,2025-02-10T10:05:00+00:00,2153.3390028756885,2025
R6B-307,E1,2025-02-11T04:50:00+00:00,2149.2127408224983,2025
R6B-307,E1,2025-02-13T07:20:00+00:00,2151.9845214199354,2025
R6B-307,E1,2025-02-14T05:10:00+00:00,2147.4424285405094,2025
R6B-307,E1,2025-02-14T10:40:00+00:00,2150.161080039716,2025
R6B-307,E1,2025-02-17T05:40:00+00:00,2153.740540126992,2025
R6B-307,E1,2025-02-18T06:40:00+00:00,2160.5955302282655,2025
R6B-307,E1,2025-02-19T05:50:00+00:00,2155.965423181673,2025
R6B-307,E1,2025-02-20T04:10:00+00:00,2155.39771897874,2025
R6B-307,E1,2025-02-20T09:25:00+00:00,2161.3702102381517,2025
R6B-307,E1,2025-02-21T05:20:00+00:00,2144.644761944535,2025
R6B-307,E1,2025-02-26T04:05:00+00:00,2141.6172527150406,2025
R6B-307,E1,2025-03-03T04:05:00+00:00,2136.92448709564,2025
R6B-307,E1,2025-03-04T11:30:00+00:00,2149.1871787179107,2025
R6B-307,E1,2025-03-05T10:00:00+00:00,2148.5403752687494,2025
R6B-307,E1,2025-03-06T05:50:00+00:00,2142.910771678294,2025
R6B-307,E1,2025-03-07T11:45:00+00:00,2145.257513814675,2025
R6B-307,E1,2025-03-11T06:10:00+00:00,2147.714951329498,2025
R6B-307,E1,2025-03-11T10:35:00+00:00,2155.152016978332,2025
R6B-307,E1,2025-03-12T10:10:00+00:00,2151.5959592352137,2025
R6B-307,E1,2025-03-13T05:05:00+00:00,2153.1481958418135,2025
R6B-307,E1,2025-03-14T07:55:00+00:00,2147.9815802809276,2025
R6B-307,E1,2025-03-18T05:30:00+00:00,2149.31775020715,2025
R6B-307,E1,2025-03-18T11:15:00+00:00,2151.520947602676,2025
R6B-307,E1,2025-03-19T07:55:00+00:00,2150.3469407903294,2025
R6B-307,E1,2025-03-20T04:05:00+00:00,2146.463518233246,2025
R6B-307,E1,2025-03-20T08:45:00+00:00,2133.72429891467,2025
R6B-307,E1,2025-03-24T04:05:00+00:00,2127.3896336200223,2025
R6B-307,E1,2025-03-24T11:10:00+00:00,2127.1907496343683,2025
R6B-307,E1,2025-03-25T07:45:00+00:00,2124.365871272823,2025
R6B-307,E1,2025-03-26T05:55:00+00:00,2121.758641029135,2025
R6B-307,E1,2025-03-26T11:35:00+00:00,2121.1534747156134,2025
R6B-307,E1,2025-03-27T04:05:00+00:00,2127.24684098975,2025
R6B-307,E1,2025-03-27T08:10:00+00:00,2127.886762331767,2025
R6B-307,E1,2025-03-28T04:10:00+00:00,2136.6713339475727,2025
R6B-307,E1,2025-03-28T09:35:00+00:00,2132.6910042918103,2025
R6B-307,E1,2025-03-31T05:30:00+00:00,2145.975726669566,2025
R6B-307,E1,2025-03-31T09:55:00+00:00,2140.7011402181506,2025
R6B-307,E1,2025-04-01T04:50:00+00:00,2151.8530564045514,2025
R6B-307,E1,2025-04-01T09:35:00+00:00,2140.350442369262,2025
R6B-307,E1,2025-04-02T04:30:00+00:00,2141.324270859433,2025
R6B-307,E1,2025-04-07T05:40:00+00:00,2131.9253271918046,2025
R6B-307,E1,2025-04-08T04:30:00+00:00,2136.134950154685,2025
R6B-307,E1,2025-04-08T09:55:00+00:00,2136.0820401862984,2025
R6B-307,E1,2025-04-09T05:35:00+00:00,2148.5842980598873,2025
R6B-307,E1,2025-04-09T10:20:00+00:00,2156.8745491111877,2025
R6B-307,E1,2025-04-10T06:10:00+00:00,2163.716437134962,2025
R6B-307,E1,2025-04-11T04:25:00+00:00,2173.3030688860035,2025
R6B-307,E1,2025-04-14T05:40:00+00:00,2165.8080507042446,2025
R6B-307,E1,2025-04-15T05:15:00+00:00,2171.7561110182924,2025
R6B-307,E1,2025-04-16T04:05:00+00:00,2185.609461620135,2025
R6B-307,E1,2025-04-16T09:20:00+00:00,2198.258143938461,2025
R6B-307,E1,2025-04-21T04:05:00+00:00,2212.9988851166454,2025
R6B-307,E1,2025-04-21T10:10:00+00:00,2216.120037768272,2025
R6B-307,E1,2025-04-22T05:35:00+00:00,2237.626677618258,2025
R6B-307,E1,2025-04-22T10:15:00+00:00,2216.3318312452457,2025
R6B-307,E1,2025-04-24T04:10:00+00:00,2222.1877903368177,2025
R6B-307,E1,2025-05-02T06:20:00+00:00,2231.711424684236,2025
R6B-307,E1,2025-05-02T10:20:00+00:00,2229.9660425243724,2025
R6B-307,E1,2025-05-05T04:05:00+00:00,2234.1388388883943,2025
R6B-307,E1,2025-05-06T05:05:00+00:00,2242.4788816320906,2025
R6B-307,E1,2025-05-08T05:55:00+00:00,2213.604098362258,2025
R6B-307,E1,2025-05-09T09:00:00+00:00,2215.4173272591906,2025
R6B-307,E1,2025-05-13T04:10:00+00:00,2209.8066319662153,2025
R6B-307,E1,2025-05-13T08:40:00+00:00,2214.9036806984086,2025
R6B-307,E1,2025-05-19T04:05:00+00:00,2195.742603657681,2025
R6B-307,E1,2025-05-21T09:55:00+00:00,2190.776191210678,2025
R6B-307,E1,2025-05-22T05:05:00+00:00,2198.034566607218,2025
R6B-307,E1,2025-05-23T04:35:00+00:00,2201.064353490167,2025
R6B-307,E1,2025-05-23T08:35:00+00:00,2208.759915695383,2025
R6B-307,E1,2025-05-27T04:15:00+00:00,2202.008239739348,2025
R6B-307,E1,2025-05-28T04:10:00+00:00,2191.44259544168,2025
R6B-307,E1,2025-05-28T11:45:00+00:00,2186.557243543861,2025
R6B-307,E1,2025-05-29T11:55:00+00:00,2196.774818139422,2025
R6B-307,E1,2025-06-02T04:05:00+00:00,2195.5934008819872,2025
R6B-307,E1,2025-06-02T09:15:00+00:00,2214.443913580831,2025
R6B-307,E1,2025-06-04T05:25:00+00:00,2205.7182124941437,2025
R6B-307,E1,2025-06-05T05:05:00+00:00,2195.2372588861076,2025
R6B-307,E1,2025-06-06T04:05:00+00:00,2198.478585907203,2025
R6B-307,E1,2025-06-06T08:50:00+00:00,2192.668723390542,2025
R6B-307,E1,2025-06-09T10:25:00+00:00,2189.245235589959,2025
R6B-307,E1,2025-06-11T05:20:00+00:00,2190.845505429646,2025
R6B-307,E1,2025-06-11T11:55:00+00:00,2181.0145859301892,2025
R6B-307,E1,2025-06-12T05:30:00+00:00,2179.620640841383,2025
R6B-307,E1,2025-06-13T04:05:00+00:00,2193.7136434821728,2025
R6B-307,E1,2025-06-16T04:05:00+00:00,2187.587404656836,2025
R6B-307,E1,2025-06-18T08:45:00+00:00,2178.022687652494,2025
R6B-307,E1,2025-06-25T04:10:00+00:00,2177.841163956608,2025
R6B-307,E1,2025-06-26T06:55:00+00:00,2175.8054649629835,2025
R6B-307,E1,2025-06-26T11:20:00+00:00,2172.6109137543317,2025
R6B-307,E1,2025-06-30T06:10:00+00:00,2177.775918531383,2025
R6B-307,E1,2025-06-30T10:35:00+00:00,2172.266251789175,2025
R6B-307,E1,2025-07-01T05:00:00+00:00,2176.753040552994,2025
R6B-307,E1,2025-07-01T09:05:00+00:00,2185.023981858181,2025
R6B-307,E1,2025-07-04T05:25:00+00:00,2188.5599891307584,2025
R6B-307,E1,2025-07-08T11:10:00+00:00,2178.720749754171,2025
R6B-307,E1,2025-07-10T04:45:00+00:00,2175.707063761163,2025
R6B-307,E1,2025-07-10T10:20:00+00:00,2173.171406774747,2025
R6B-307,E1,2025-07-11T04:05:00+00:00,2177.5842022865354,2025
R6B-307,E1,2025-07-11T09:25:00+00:00,2174.2482533725074,2025
R6B-307,E1,2025-07-14T04:05:00+00:00,2166.7529491362625,2025
R6B-307,E1,2025-07-14T11:30:00+00:00,2162.549671252219,2025
R6B-307,E1,2025-07-15T07:05:00+00:00,2165.164525503982,2025
R6B-307,E1,2025-07-16T05:20:00+00:00,2167.909946991082,2025
R6B-307,E1,2025-07-16T09:25:00+00:00,2168.102947758116,2025
R6B-307,E1,2025-07-18T11:20:00+00:00,2172.517798900677,2025
R6B-307,E1,2025-07-21T05:10:00+00:00,2173.1278602195393,2025
R6B-307,E1,2025-07-21T09:10:00+00:00,2175.505248484441,2025
R6B-307,E1,2025-07-23T04:25:00+00:00,2165.4337024743695,2025
R6B-307,E1,2025-07-28T07:50:00+00:00,2162.5876137563505,2025
R6B-307,E1,2025-07-29T05:45:00+00:00,2160.368097212471,2025
R6B-307,E1,2025-07-29T10:30:00+00:00,2162.029797293431,2025
R6B-307,E1,2025-07-30T04:50:00+00:00,2158.3443602618836,2025
R6B-307,E1,2025-07-31T07:00:00+00:00,2158.6092221882927,2025
R6B-307,E1,2025-07-31T11:50:00+00:00,2157.0301987023795,2025
R6B-307,E1,2025-08-01T09:55:00+00:00,2154.1095541785135,2025
R6B-307,E1,2025-08-04T11:00:00+00:00,2150.1945410961675,2025
R6B-307,E1,2025-08-05T04:50:00+00:00,2144.19086881149,2025
R6B-307,E1,2025-08-06T04:25:00+00:00,2137.5571161939333,2025
R6B-307,E1,2025-08-07T05:30:00+00:00,2137.7097661545163,2025
R6B-307,E1,2025-08-07T10:45:00+00:00,2131.7089016147165,2025
R6B-307,E1,2025-08-08T11:55:00+00:00,2119.5122198742524,2025
R6B-307,E1,2025-08-13T10:20:00+00:00,2125.5704805746295,2025
R6B-307,E1,2025-08-14T04:05:00+00:00,2121.337303535359,2025
R6B-307,E1,2025-08-15T07:35:00+00:00,2119.9496987940256,2025
R6B-307,E1,2025-08-18T04:50:00+00:00,2128.070981701349,2025
R6B-307,E1,2025-08-18T08:50:00+00:00,2122.1440134373124,2025
R6B-307,E1,2025-08-19T04:15:00+00:00,2121.7061949692097,2025
R6B-307,E1,2025-08-20T08:10:00+00:00,2124.371557943258,2025
R6B-307,E1,2025-08-26T04:25:00+00:00,2121.4863866301275,2025
R6B-307,E1,2025-09-01T06:00:00+00:00,2132.6129459047274,2025
R6B-307,E1,2025-09-01T10:35:00+00:00,2122.3802787561985,2025
R6B-307,E1,2025-09-02T04:30:00+00:00,2128.3740893580193,2025
R6B-307,E1,2025-09-03T04:25:00+00:00,2121.2046958970973,2025
R6B-307,E1,2025-09-05T07:35:00+00:00,2115.598447936147,2025
R6B-307,E1,2025-09-08T10:45:00+00:00,2126.5052807292045,2025
R6B-307,E1,2025-09-09T05:20:00+00:00,2131.4146528486144,2025
R6B-307,E1,2025-09-09T09:40:00+00:00,2128.370747646265,2025
R6B-307,E1,2025-09-10T08:10:00+00:00,2130.108150725294,2025
R6B-307,E1,2025-09-12T05:05:00+00:00,2138.3110752326293,2025
R6B-307,E1,2025-09-12T09:20:00+00:00,2130.1226397399114,2025
R6B-307,E1,2025-09-15T08:10:00+00:00,2127.220040167581,2025
R6B-307,E1,2025-09-16T05:00:00+00:00,2125.0700806795335,2025
R6B-307,E1,2025-09-16T10:45:00+00:00,2126.700871513313,2025
R6B-307,E1,2025-09-19T05:10:00+00:00,2131.8560893992867,2025
R6B-307,E1,2025-09-22T04:05:00+00:00,2135.176203600789,2025
R6B-307,E1,2025-09-22T09:35:00+00:00,2147.815362927854,2025
R6B-307,E1,2025-09-23T05:10:00+00:00,2143.320771750443,2025
R6B-307,E1,2025-09-24T09:25:00+00:00,2140.377022962671,2025
R6B-307,E1,2025-09-25T04:05:00+00:00,2132.863769847772,2025
R6B-307,E1,2025-09-25T11:40:00+00:00,2131.4407572479913,2025
R6B-307,E1,2025-09-29T04:50:00+00:00,2142.960791454335,2025
R6B-307,E1,2025-09-29T08:55:00+00:00,2147.8890407027575,2025
R6B-307,E1,2025-09-30T04:05:00+00:00,2163.3203553608946,2025
R6B-307,E1,2025-09-30T09:05:00+00:00,2134.1462589167813,2025
R6B-307,E1,2025-10-01T04:05:00+00:00,2132.4124110147463,2025
R6B-307,E1,2025-10-01T11:55:00+00:00,2133.8551179364,2025
R6B-307,E1,2025-10-02T10:15:00+00:00,2135.3136265211656,2025
R6B-307,E1,2025-10-03T11:45:00+00:00,2132.0374203373503,2025
R6B-307,E1,2025-10-06T04:05:00+00:00,2145.353151499665,2025
R6B-307,E1,2025-10-06T08:30:00+00:00,2149.848684918769,2025
R6B-307,E1,2025-10-08T04:05:00+00:00,2159.4089170813468,2025
R6B-307,E1,2025-10-08T08:05:00+00:00,2168.9415240362478,2025
R6B-307,E1,2025-10-10T04:50:00+00:00,2153.148213417736,2025
R6B-307,E1,2025-10-13T04:05:00+00:00,2162.863236264444,2025
R6B-307,E1,2025-10-13T09:05:00+00:00,2171.3407834120294,2025
R6B-307,E1,2025-10-14T05:15:00+00:00,2189.332190535787,2025
R6B-307,E1,2025-10-14T09:20:00+00:00,2167.776672408157,2025
R6B-307,E1,2025-10-15T04:15:00+00:00,2175.3699437285577,2025
R6B-307,E1,2025-10-15T09:25:00+00:00,2170.4170707161543,2025
R6B-307,E1,2025-10-16T04:20:00+00:00,2179.314852350688,2025
R6B-307,E1,2025-10-20T05:15:00+00:00,2181.689961433772,2025
R6B-307,E1,2025-10-22T07:45:00+00:00,2179.8644077317635,2025
R6B-307,E1,2025-10-23T10:05:00+00:00,2178.910664116627,2025
R6B-307,E1,2025-10-28T05:05:00+00:00,2156.848353504382,2025
R6B-307,E1,2025-10-29T04:30:00+00:00,2146.3949171041163,2025
R6B-307,E1,2025-10-29T11:10:00+00:00,2167.584073945802,2025
R6B-307,E1,2025-10-30T08:35:00+00:00,2167.8295836982165,2025
R6B-307,E1,2025-11-03T07:05:00+00:00,2174.585159067743,2025
R6B-307,E1,2025-11-03T11:05:00+00:00,2161.1585172375108,2025
R6B-307,E1,2025-11-05T07:05:00+00:00,2167.7543730480775,2025
R6B-307,E1,2025-11-06T07:40:00+00:00,2176.8081477546457,2025
R6B-307,E1,2025-11-07T05:10:00+00:00,2177.099702166739,2025
R6B-307,E1,2025-11-07T10:50:00+00:00,2177.7494837698837,2025
R6B-307,E1,2025-11-10T04:50:00+00:00,2193.585499752289,2025
R6B-307,E1,2025-11-10T09:35:00+00:00,2204.93596037388,2025
R6B-307,E1,2025-11-11T04:30:00+00:00,2214.1775632886297,2025
R6B-307,E1,2025-11-13T08:00:00+00:00,2217.1496409158167,2025
R6B-307,E1,2025-11-13T12:00:00+00:00,2221.6001945564394,2025
R6B-307,E1,2025-11-14T06:30:00+00:00,2209.403520391723,2025
R6B-307,E1,2025-11-19T09:20:00+00:00,2209.667198627054,2025
R6B-307,E1,2025-11-25T06:20:00+00:00,2209.7757154018036,2025
R6B-307,E1,2025-11-26T06:20:00+00:00,2209.2011531513676,2025
R6B-307,E1,2025-11-28T04:05:00+00:00,2217.9849825722085,2025
R6B-307,E1,2025-12-01T04:30:00+00:00,2223.7085254059893,2025
R6B-307,E1,2025-12-03T05:10:00+00:00,2223.9157602083633,2025
R6B-307,E1,2025-12-05T08:10:00+00:00,2229.002036960618,2025
R6B-307,E1,2025-12-08T07:20:00+00:00,2229.264245595161,2025
R6B-307,E1,2025-12-09T07:30:00+00:00,2217.998377405208,2025
R6B-307,E1,2025-12-10T05:20:00+00:00,2209.5800437110347,2025
R6B-307,E1,2025-12-11T04:15:00+00:00,2195.09677384684,2025
R6B-307,E1,2025-12-12T11:10:00+00:00,2219.4366978450003,2025
R6B-307,E1,2025-12-15T04:40:00+00:00,2227.962598822639,2025
R6B-307,E1,2025-12-15T09:35:00+00:00,2233.043323536933,2025
R6B-307,E1,2025-12-17T05:05:00+00:00,2238.921636993411,2025
R6B-307,E1,2025-12-17T09:10:00+00:00,2232.966379086359,2025
R6B-307,E1,2025-12-22T04:05:00+00:00,2248.5432711957346,2025
R6B-307,E1,2025-12-22T08:05:00+00:00,2257.1336258155593,2025
R6B-307,E1,2025-12-23T04:05:00+00:00,2268.175962144089,2025
R6B-307,E1,2025-12-24T04:05:00+00:00,2258.474646667773,2025
R6B-307,E1,2025-12-26T04:10:00+00:00,2259.0691084607474,2025
R6B-307,E1,2025-12-30T04:20:00+00:00,2265.7446160632658,2025
R6B-307,E1,2025-12-30T09:25:00+00:00,2263.0532744648185,2025
R6B-307,STRESS,2004-11-09T08:35:00+00:00,10004.406130248122,2004
R6B-307,STRESS,2004-11-16T11:50:00+00:00,10005.981638139205,2004
R6B-307,STRESS,2004-11-17T10:25:00+00:00,10081.868709573177,2004
R6B-307,STRESS,2004-11-19T10:45:00+00:00,10085.365279557001,2004
R6B-307,STRESS,2004-11-22T10:15:00+00:00,10063.931869470784,2004
R6B-307,STRESS,2004-11-24T10:55:00+00:00,10072.322567681218,2004
R6B-307,STRESS,2004-11-26T04:20:00+00:00,10072.231327688685,2004
R6B-307,STRESS,2004-11-26T10:35:00+00:00,10007.713452885479,2004
R6B-307,STRESS,2004-12-02T11:55:00+00:00,9960.202837736604,2004
R6B-307,STRESS,2004-12-03T08:30:00+00:00,9961.226387256653,2004
R6B-307,STRESS,2004-12-13T04:50:00+00:00,9959.176596513886,2004
R6B-307,STRESS,2004-12-13T11:55:00+00:00,9949.294733575194,2004
R6B-307,STRESS,2004-12-15T08:25:00+00:00,9966.058948065433,2004
R6B-307,STRESS,2004-12-16T07:20:00+00:00,9961.729326984101,2004
R6B-307,STRESS,2004-12-17T09:50:00+00:00,9945.74796317858,2004
R6B-307,STRESS,2004-12-20T08:55:00+00:00,9926.111127879438,2004
R6B-307,STRESS,2004-12-22T11:50:00+00:00,9910.429926193623,2004
R6B-307,STRESS,2004-12-23T09:00:00+00:00,9916.27858182179,2004
R6B-307,STRESS,2004-12-24T08:00:00+00:00,9887.259959143028,2004
R6B-307,STRESS,2004-12-27T08:55:00+00:00,9855.688500746395,2004
R6B-307,STRESS,2004-12-29T11:15:00+00:00,9829.342695471361,2004
R6B-307,STRESS,2004-12-31T10:45:00+00:00,9809.1035780025,2004
R6B-307,STRESS,2005-01-06T06:05:00+00:00,9796.805574646063,2005
R6B-307,STRESS,2005-01-10T04:05:00+00:00,9784.607628063151,2005
R6B-307,STRESS,2005-01-11T05:15:00+00:00,9781.493255797242,2005
R6B-307,STRESS,2005-01-11T10:25:00+00:00,9778.54026999854,2005
R6B-307,STRESS,2005-01-12T10:35:00+00:00,9738.134034345901,2005
R6B-307,STRESS,2005-01-18T07:55:00+00:00,9693.48799869698,2005
R6B-307,STRESS,2005-01-19T11:45:00+00:00,9720.196549656031,2005
R6B-307,STRESS,2005-01-21T11:45:00+00:00,9719.231931218363,2005
R6B-307,STRESS,2005-01-27T10:15:00+00:00,9670.768901810368,2005
R6B-307,STRESS,2005-01-28T04:10:00+00:00,9678.04868547264,2005
R6B-307,STRESS,2005-02-07T05:45:00+00:00,9657.008606198335,2005
R6B-307,STRESS,2005-02-09T10:35:00+00:00,9645.074481149235,2005
R6B-307,STRESS,2005-02-10T04:40:00+00:00,9633.070669314398,2005
R6B-307,STRESS,2005-02-11T07:35:00+00:00,9592.39043890128,2005
R6B-307,STRESS,2005-02-14T05:05:00+00:00,9600.857537842156,2005
R6B-307,STRESS,2005-02-17T11:55:00+00:00,9630.179451552254,2005
R6B-307,STRESS,2005-02-18T11:00:00+00:00,9611.69162604177,2005
R6B-307,STRESS,2005-02-22T10:25:00+00:00,9626.576887592782,2005
R6B-307,STRESS,2005-02-24T08:35:00+00:00,9617.842821878112,2005
R6B-307,STRESS,2005-02-28T04:40:00+00:00,9621.784594907595,2005
R6B-307,STRESS,2005-03-08T11:50:00+00:00,9608.986604221944,2005
R6B-307,STRESS,2005-03-09T11:50:00+00:00,9611.216695300316,2005
R6B-307,STRESS,2005-03-15T10:20:00+00:00,9595.520501508861,2005
R6B-307,STRESS,2005-03-16T11:30:00+00:00,9582.56410442084,2005
R6B-307,STRESS,2005-03-23T11:00:00+00:00,9541.542913343546,2005
R6B-307,STRESS,2005-03-24T07:45:00+00:00,9548.171420743776,2005
R6B-307,STRESS,2005-03-25T10:05:00+00:00,9545.399350584777,2005
R6B-307,STRESS,2005-03-28T04:30:00+00:00,9506.343025871942,2005
R6B-307,STRESS,2005-03-29T04:55:00+00:00,9488.825943254034,2005
R6B-307,STRESS,2005-03-29T11:20:00+00:00,9486.896969688183,2005
R6B-307,STRESS,2005-03-30T11:45:00+00:00,9462.885135981074,2005
R6B-307,STRESS,2005-03-31T11:55:00+00:00,9473.721860009187,2005
R6B-307,STRESS,2005-04-04T04:40:00+00:00,9468.222307753666,2005
R6B-307,STRESS,2005-04-07T09:55:00+00:00,9437.31839753853,2005
R6B-307,STRESS,2005-04-11T11:20:00+00:00,9447.70771163717,2005
R6B-307,STRESS,2005-04-12T06:40:00+00:00,9442.308169065018,2005
R6B-307,STRESS,2005-04-12T10:50:00+00:00,9425.426331478891,2005
R6B-307,STRESS,2005-04-18T11:35:00+00:00,9421.025469544638,2005
R6B-307,STRESS,2005-04-19T10:35:00+00:00,9390.143928249001,2005
R6B-307,STRESS,2005-04-21T09:00:00+00:00,9357.277340912979,2005
R6B-307,STRESS,2005-04-22T10:20:00+00:00,9358.36963678347,2005
R6B-307,STRESS,2005-04-25T10:15:00+00:00,9310.30653548496,2005
R6B-307,STRESS,2005-04-28T10:30:00+00:00,9272.073952661745,2005
R6B-307,STRESS,2005-04-29T10:30:00+00:00,9302.86273903135,2005
R6B-307,STRESS,2005-05-02T10:25:00+00:00,9246.953613760785,2005
R6B-307,STRESS,2005-05-05T10:25:00+00:00,9227.861671699025,2005
R6B-307,STRESS,2005-05-06T04:20:00+00:00,9216.188705620747,2005
R6B-307,STRESS,2005-05-10T05:10:00+00:00,9211.183218602095,2005
R6B-307,STRESS,2005-05-11T05:45:00+00:00,9219.041687227682,2005
R6B-307,STRESS,2005-05-11T09:55:00+00:00,9218.832048822907,2005
R6B-307,STRESS,2005-05-17T04:05:00+00:00,9211.418515374377,2005
R6B-307,STRESS,2005-05-19T04:45:00+00:00,9221.253524805006,2005
R6B-307,STRESS,2005-05-24T04:15:00+00:00,9189.808246878443,2005
R6B-307,STRESS,2005-05-24T11:00:00+00:00,9211.108310838628,2005
R6B-307,STRESS,2005-05-27T05:45:00+00:00,9202.56040232617,2005
R6B-307,STRESS,2005-06-03T09:55:00+00:00,9196.045594094976,2005
R6B-307,STRESS,2005-06-06T08:00:00+00:00,9214.348466662152,2005
R6B-307,STRESS,2005-06-07T10:25:00+00:00,9200.115175121808,2005
R6B-307,STRESS,2005-06-08T11:00:00+00:00,9172.279506868084,2005
R6B-307,STRESS,2005-06-17T04:20:00+00:00,9162.968398411478,2005
R6B-307,STRESS,2005-06-20T08:25:00+00:00,9183.136532356306,2005
R6B-307,STRESS,2005-06-22T07:45:00+00:00,9154.777684215544,2005
R6B-307,STRESS,2005-06-24T08:30:00+00:00,9181.411114971826,2005
R6B-307,STRESS,2005-06-30T07:00:00+00:00,9154.245701243415,2005
R6B-307,STRESS,2005-07-04T04:05:00+00:00,9096.449781006284,2005
R6B-307,STRESS,2005-07-06T04:05:00+00:00,9073.42986037295,2005
R6B-307,STRESS,2005-07-06T09:05:00+00:00,9071.867302004093,2005
R6B-307,STRESS,2005-07-07T08:40:00+00:00,9081.807912954306,2005
R6B-307,STRESS,2005-07-11T07:55:00+00:00,9065.416479870144,2005
R6B-307,STRESS,2005-07-12T07:45:00+00:00,9063.696470070612,2005
R6B-307,STRESS,2005-07-15T08:15:00+00:00,9043.71173668203,2005
R6B-307,STRESS,2005-07-18T10:35:00+00:00,9021.153003989673,2005
R6B-307,STRESS,2005-07-19T08:00:00+00:00,8953.673211839907,2005
R6B-307,STRESS,2005-07-22T04:45:00+00:00,8944.354745029175,2005
R6B-307,STRESS,2005-07-25T04:35:00+00:00,8932.94083995669,2005
R6B-307,STRESS,2005-08-01T11:45:00+00:00,8925.08608329534,2005
R6B-307,STRESS,2005-08-05T10:25:00+00:00,8915.233262263782,2005
R6B-307,STRESS,2005-08-09T10:50:00+00:00,8867.998471985631,2005
R6B-307,STRESS,2005-08-10T07:55:00+00:00,8851.93767449161,2005
R6B-307,STRESS,2005-08-11T05:00:00+00:00,8864.113141561751,2005
R6B-307,STRESS,2005-08-12T10:55:00+00:00,8860.288645497847,2005
R6B-307,STRESS,2005-08-22T11:20:00+00:00,8867.183724139039,2005
R6B-307,STRESS,2005-08-23T07:55:00+00:00,8869.052303811293,2005
R6B-307,STRESS,2005-08-25T07:35:00+00:00,8883.564894082087,2005
R6B-307,STRESS,2005-08-26T11:25:00+00:00,8862.380428232691,2005
R6B-307,STRESS,2005-08-29T04:10:00+00:00,8850.566979334053,2005
R6B-307,STRESS,2005-08-31T08:25:00+00:00,8836.996041137214,2005
R6B-307,STRESS,2005-09-01T09:05:00+00:00,8822.280116598089,2005
R6B-307,STRESS,2005-09-02T10:15:00+00:00,8857.487277359967,2005
R6B-307,STRESS,2005-09-05T06:00:00+00:00,8857.282731283658,2005
R6B-307,STRESS,2005-09-07T11:00:00+00:00,8823.710420960399,2005
R6B-307,STRESS,2005-09-12T04:05:00+00:00,8798.288822713374,2005
R6B-307,STRESS,2005-09-14T04:05:00+00:00,8789.217239046293,2005
R6B-307,STRESS,2005-09-14T11:55:00+00:00,8802.473181635527,2005
R6B-307,STRESS,2005-09-16T08:35:00+00:00,8806.852764062261,2005
R6B-307,STRESS,2005-09-20T11:25:00+00:00,8802.654709906084,2005
R6B-307,STRESS,2005-09-21T04:05:00+00:00,8761.425185331129,2005
R6B-307,STRESS,2005-09-21T11:25:00+00:00,8703.911747912969,2005
R6B-307,STRESS,2005-09-22T04:30:00+00:00,8734.693699807303,2005
R6B-307,STRESS,2005-10-04T07:05:00+00:00,8740.557469456538,2005
R6B-307,STRESS,2005-10-06T08:30:00+00:00,8735.541508471819,2005
R6B-307,STRESS,2005-10-10T09:40:00+00:00,8776.546741356757,2005
R6B-307,STRESS,2005-10-11T07:55:00+00:00,8741.658781265041,2005
R6B-307,STRESS,2005-10-12T08:00:00+00:00,8783.01220007699,2005
R6B-307,STRESS,2005-10-17T04:15:00+00:00,8807.887245354514,2005
R6B-307,STRESS,2005-10-21T04:50:00+00:00,8792.670287129265,2005
R6B-307,STRESS,2005-10-21T10:40:00+00:00,8805.674979247233,2005
R6B-307,STRESS,2005-10-26T10:15:00+00:00,8776.018948704736,2005
R6B-307,STRESS,2005-10-27T07:45:00+00:00,8770.61952539362,2005
R6B-307,STRESS,2005-11-03T07:45:00+00:00,8761.667212521905,2005
R6B-307,STRESS,2005-11-04T04:15:00+00:00,8755.05675284612,2005
R6B-307,STRESS,2005-11-09T05:50:00+00:00,8769.259755062316,2005
R6B-307,STRESS,2005-11-09T10:15:00+00:00,8758.42609767963,2005
R6B-307,STRESS,2005-11-14T07:50:00+00:00,8773.321381385515,2005
R6B-307,STRESS,2005-11-15T11:10:00+00:00,8759.004897838817,2005
R6B-307,STRESS,2005-11-16T05:40:00+00:00,8777.556894741054,2005
R6B-307,STRESS,2005-11-17T04:05:00+00:00,8808.840243355397,2005
R6B-307,STRESS,2005-11-18T10:25:00+00:00,8806.205018980254,2005
R6B-307,STRESS,2005-11-21T09:05:00+00:00,8839.215903703023,2005
R6B-307,STRESS,2005-11-22T04:15:00+00:00,8849.791174234739,2005
R6B-307,STRESS,2005-11-24T04:15:00+00:00,8844.717256467024,2005
R6B-307,STRESS,2005-11-25T04:05:00+00:00,8844.734035333322,2005
R6B-307,STRESS,2005-11-28T04:05:00+00:00,8855.037415260076,2005
R6B-307,STRESS,2005-11-29T04:30:00+00:00,8881.813943627863,2005
R6B-307,STRESS,2005-12-05T04:15:00+00:00,8892.617863329067,2005
R6B-307,STRESS,2005-12-05T08:40:00+00:00,8864.70280473314,2005
R6B-307,STRESS,2005-12-06T04:05:00+00:00,8814.845547796118,2005
R6B-307,STRESS,2005-12-07T10:35:00+00:00,8780.615535416284,2005
R6B-307,STRESS,2005-12-08T04:40:00+00:00,8798.68301017246,2005
R6B-307,STRESS,2005-12-09T04:10:00+00:00,8795.988318757978,2005
R6B-307,STRESS,2005-12-12T04:15:00+00:00,8840.410721930335,2005
R6B-307,STRESS,2005-12-12T08:30:00+00:00,8875.287084257177,2005
R6B-307,STRESS,2005-12-19T07:50:00+00:00,8936.162860780472,2005
R6B-307,STRESS,2005-12-19T12:00:00+00:00,8921.542979054344,2005
R6B-307,STRESS,2005-12-21T11:25:00+00:00,8935.613123831496,2005
R6B-307,STRESS,2005-12-22T04:15:00+00:00,8918.77786253226,2005
R6B-307,STRESS,2005-12-27T04:10:00+00:00,8933.834977126824,2005
R6B-307,STRESS,2005-12-27T08:15:00+00:00,8921.448651911911,2005
R6B-307,STRESS,2005-12-28T04:10:00+00:00,8942.170125798257,2005
R6B-307,STRESS,2005-12-29T11:50:00+00:00,8941.287357555037,2005
R6B-307,STRESS,2006-01-03T04:05:00+00:00,8957.73079874004,2006
R6B-307,STRESS,2006-01-04T04:10:00+00:00,8919.944764597738,2006
R6B-307,STRESS,2006-01-06T08:10:00+00:00,8964.231258997115,2006
R6B-307,STRESS,2006-01-09T04:45:00+00:00,8980.540319651478,2006
R6B-307,STRESS,2006-01-16T10:30:00+00:00,8998.689159620393,2006
R6B-307,STRESS,2006-01-17T04:30:00+00:00,9002.711044555595,2006
R6B-307,STRESS,2006-01-19T06:00:00+00:00,9049.455176682528,2006
R6B-307,STRESS,2006-01-20T04:05:00+00:00,8964.815410865214,2006
R6B-307,STRESS,2006-01-30T04:30:00+00:00,8983.045584737958,2006
R6B-307,STRESS,2006-01-31T04:30:00+00:00,8977.705257775953,2006
R6B-307,STRESS,2006-02-02T08:05:00+00:00,8985.327829729249,2006
R6B-307,STRESS,2006-02-06T05:40:00+00:00,8993.060705993757,2006
R6B-307,STRESS,2006-02-07T08:45:00+00:00,8975.386397653618,2006
R6B-307,STRESS,2006-02-09T04:10:00+00:00,9058.979086418705,2006
R6B-307,STRESS,2006-02-10T04:05:00+00:00,8949.698645585082,2006
R6B-307,STRESS,2006-02-16T11:25:00+00:00,8951.552748322405,2006
R6B-307,STRESS,2006-02-20T11:25:00+00:00,8973.82463018787,2006
R6B-307,STRESS,2006-02-21T04:15:00+00:00,8906.381355118898,2006
R6B-307,STRESS,2006-02-24T08:30:00+00:00,8915.493704640989,2006
R6B-307,STRESS,2006-02-28T08:05:00+00:00,8910.871432011962,2006
R6B-307,STRESS,2006-03-02T10:25:00+00:00,8900.926542193149,2006
R6B-307,STRESS,2006-03-06T08:15:00+00:00,8898.68139679451,2006
R6B-307,STRESS,2006-03-07T05:40:00+00:00,8878.501199104923,2006
R6B-307,STRESS,2006-03-09T09:45:00+00:00,8908.016389251265,2006
R6B-307,STRESS,2006-03-13T05:00:00+00:00,8929.806755632495,2006
R6B-307,STRESS,2006-03-20T10:20:00+00:00,8882.372107641306,2006
R6B-307,STRESS,2006-03-27T08:50:00+00:00,8907.837837580744,2006
R6B-307,STRESS,2006-03-30T10:25:00+00:00,8948.256422593482,2006
R6B-307,STRESS,2006-04-03T07:55:00+00:00,8920.972413633606,2006
R6B-307,STRESS,2006-04-06T09:25:00+00:00,8984.12365621615,2006
R6B-307,STRESS,2006-04-07T04:35:00+00:00,8970.271927309865,2006
R6B-307,STRESS,2006-04-10T04:05:00+00:00,8994.085903912644,2006
R6B-307,STRESS,2006-04-10T09:55:00+00:00,9031.416903186175,2006
R6B-307,STRESS,2006-04-11T06:20:00+00:00,9059.015044203235,2006
R6B-307,STRESS,2006-04-12T05:10:00+00:00,9041.822841076599,2006
R6B-307,STRESS,2006-04-14T04:30:00+00:00,9043.457834882776,2006
R6B-307,STRESS,2006-04-14T10:25:00+00:00,9018.797527117335,2006
R6B-307,STRESS,2006-04-17T04:05:00+00:00,9071.455500889115,2006
R6B-307,STRESS,2006-04-18T06:25:00+00:00,9037.322887101649,2006
R6B-307,STRESS,2006-04-20T11:20:00+00:00,8995.969650801731,2006
R6B-307,STRESS,2006-04-21T11:25:00+00:00,9034.12317619236,2006
R6B-307,STRESS,2006-04-24T04:05:00+00:00,8905.249161126789,2006
R6B-307,STRESS,2006-04-25T11:45:00+00:00,8912.961311813626,2006
R6B-307,STRESS,2006-04-26T10:10:00+00:00,8908.351235302995,2006
R6B-307,STRESS,2006-04-27T04:05:00+00:00,8815.89010919397,2006
R6B-307,STRESS,2006-04-28T09:45:00+00:00,8803.521095121047,2006
R6B-307,STRESS,2006-05-01T06:35:00+00:00,8860.072738623745,2006
R6B-307,STRESS,2006-05-03T10:40:00+00:00,8899.716150425598,2006
R6B-307,STRESS,2006-05-05T10:15:00+00:00,8911.335385856775,2006
R6B-307,STRESS,2006-05-08T04:05:00+00:00,8850.516194751754,2006
R6B-307,STRESS,2006-05-09T04:05:00+00:00,8837.83432353055,2006
R6B-307,STRESS,2006-05-10T09:20:00+00:00,8848.535239007448,2006
R6B-307,STRESS,2006-05-11T08:40:00+00:00,8821.036577673214,2006
R6B-307,STRESS,2006-05-12T11:10:00+00:00,8890.395364780432,2006
R6B-307,STRESS,2006-05-15T04:30:00+00:00,8858.864858430203,2006
R6B-307,STRESS,2006-05-16T05:05:00+00:00,8835.80132149069,2006
R6B-307,STRESS,2006-05-17T04:10:00+00:00,8989.586441208925,2006
R6B-307,STRESS,2006-05-17T11:45:00+00:00,9016.80502837272,2006
R6B-307,STRESS,2006-05-19T10:35:00+00:00,8927.581430717062,2006
R6B-307,STRESS,2006-05-22T04:20:00+00:00,8817.962422990346,2006
R6B-307,STRESS,2006-05-23T04:05:00+00:00,8786.518316302017,2006
R6B-307,STRESS,2006-05-24T10:55:00+00:00,8712.243515800894,2006
R6B-307,STRESS,2006-05-25T11:00:00+00:00,8707.874088979266,2006
R6B-307,STRESS,2006-05-26T04:05:00+00:00,8698.443060106605,2006
R6B-307,STRESS,2006-05-30T10:40:00+00:00,8689.303538475733,2006
R6B-307,STRESS,2006-05-31T08:50:00+00:00,8677.28776188418,2006
R6B-307,STRESS,2006-06-05T04:05:00+00:00,8669.546857734274,2006
R6B-307,STRESS,2006-06-14T11:50:00+00:00,8663.373741568214,2006
R6B-307,STRESS,2006-06-15T08:15:00+00:00,8831.619190628135,2006
R6B-307,STRESS,2006-06-16T04:10:00+00:00,8894.224699507131,2006
R6B-307,STRESS,2006-06-20T09:50:00+00:00,8956.589714231304,2006
R6B-307,STRESS,2006-06-22T05:40:00+00:00,8956.212365802596,2006
R6B-307,STRESS,2006-06-22T11:00:00+00:00,8885.98408841828,2006
R6B-307,STRESS,2006-06-23T05:25:00+00:00,8832.856906407664,2006
R6B-307,STRESS,2006-06-27T04:20:00+00:00,8883.880821554982,2006
R6B-307,STRESS,2006-06-29T04:20:00+00:00,8863.393043426868,2006
R6B-307,STRESS,2006-06-30T08:55:00+00:00,8825.84177375775,2006
R6B-307,STRESS,2006-07-03T04:15:00+00:00,8824.064678412673,2006
R6B-307,STRESS,2006-07-05T04:05:00+00:00,8770.489923181789,2006
R6B-307,STRESS,2006-07-10T07:10:00+00:00,8727.872950074321,2006
R6B-307,STRESS,2006-07-11T06:00:00+00:00,8732.152165052275,2006
R6B-307,STRESS,2006-07-13T11:20:00+00:00,8729.108091702916,2006
R6B-307,STRESS,2006-07-17T04:05:00+00:00,8762.525612438136,2006
R6B-307,STRESS,2006-07-17T10:15:00+00:00,8670.253189903688,2006
R6B-307,STRESS,2006-07-18T05:55:00+00:00,8676.412361958483,2006
R6B-307,STRESS,2006-07-25T04:05:00+00:00,8671.16980348042,2006
R6B-307,STRESS,2006-07-25T10:05:00+00:00,8650.116574179478,2006
R6B-307,STRESS,2006-07-27T10:30:00+00:00,8707.837110290562,2006
R6B-307,STRESS,2006-07-28T04:05:00+00:00,8619.241596452113,2006
R6B-307,STRESS,2006-07-31T04:05:00+00:00,8573.436951043506,2006
R6B-307,STRESS,2006-08-01T04:10:00+00:00,8541.109061936068,2006
R6B-307,STRESS,2006-08-02T05:20:00+00:00,8539.440590831888,2006
R6B-307,STRESS,2006-08-02T11:40:00+00:00,8487.826616387261,2006
R6B-307,STRESS,2006-08-07T07:50:00+00:00,8485.688426362658,2006
R6B-307,STRESS,2006-08-09T11:45:00+00:00,8547.57843297937,2006
R6B-307,STRESS,2006-08-10T09:45:00+00:00,8517.31586975327,2006
R6B-307,STRESS,2006-08-11T04:15:00+00:00,8550.404541507418,2006
R6B-307,STRESS,2006-08-11T08:15:00+00:00,8538.005120825488,2006
R6B-307,STRESS,2006-08-16T04:05:00+00:00,8521.105479680426,2006
R6B-307,STRESS,2006-08-16T11:20:00+00:00,8507.744692972188,2006
R6B-307,STRESS,2006-08-17T07:55:00+00:00,8515.08838914535,2006
R6B-307,STRESS,2006-08-18T11:50:00+00:00,8503.212500498594,2006
R6B-307,STRESS,2006-08-21T05:00:00+00:00,8534.96060620662,2006
R6B-307,STRESS,2006-08-21T09:50:00+00:00,8534.310373688495,2006
R6B-307,STRESS,2006-08-24T09:20:00+00:00,8535.230431346048,2006
R6B-307,STRESS,2006-08-25T11:20:00+00:00,8529.009679812125,2006
R6B-307,STRESS,2006-08-29T04:10:00+00:00,8541.760041230247,2006
R6B-307,STRESS,2006-08-30T08:00:00+00:00,8521.053796084927,2006
R6B-307,STRESS,2006-08-31T08:25:00+00:00,8538.94578613135,2006
R6B-307,STRESS,2006-09-05T08:00:00+00:00,8524.923073657485,2006
R6B-307,STRESS,2006-09-07T11:10:00+00:00,8481.810430046782,2006
R6B-307,STRESS,2006-09-08T07:10:00+00:00,8444.47622873649,2006
R6B-307,STRESS,2006-09-12T06:15:00+00:00,8481.100542334243,2006
R6B-307,STRESS,2006-09-14T09:20:00+00:00,8493.620817697436,2006
R6B-307,STRESS,2006-09-15T08:15:00+00:00,8470.446278632631,2006
R6B-307,STRESS,2006-09-20T11:10:00+00:00,8446.150442864675,2006
R6B-307,STRESS,2006-09-21T07:50:00+00:00,8450.8134101866,2006
R6B-307,STRESS,2006-09-22T04:30:00+00:00,8434.556337823442,2006
R6B-307,STRESS,2006-09-22T11:45:00+00:00,8454.837949022023,2006
R6B-307,STRESS,2006-09-25T09:30:00+00:00,8421.470455083636,2006
R6B-307,STRESS,2006-09-26T04:20:00+00:00,8402.969862155458,2006
R6B-307,STRESS,2006-09-27T08:25:00+00:00,8413.598169353185,2006
R6B-307,STRESS,2006-09-28T04:35:00+00:00,8383.961796379435,2006
R6B-307,STRESS,2006-09-29T08:00:00+00:00,8365.651602166352,2006
R6B-307,STRESS,2006-10-02T04:05:00+00:00,8372.161814939926,2006
R6B-307,STRESS,2006-10-02T09:45:00+00:00,8353.091705042634,2006
R6B-307,STRESS,2006-10-03T07:45:00+00:00,8329.771995062269,2006
R6B-307,STRESS,2006-10-04T10:25:00+00:00,8326.082765378827,2006
R6B-307,STRESS,2006-10-05T04:30:00+00:00,8313.121968037041,2006
R6B-307,STRESS,2006-10-09T04:05:00+00:00,8370.758510439593,2006
R6B-307,STRESS,2006-10-09T12:00:00+00:00,8305.80702582567,2006
R6B-307,STRESS,2006-10-10T05:45:00+00:00,8260.103371127161,2006
R6B-307,STRESS,2006-10-10T11:15:00+00:00,8166.937562424365,2006
R6B-307,STRESS,2006-10-12T10:35:00+00:00,8165.708690875001,2006
R6B-307,STRESS,2006-10-16T04:05:00+00:00,8139.175549989886,2006
R6B-307,STRESS,2006-10-18T05:50:00+00:00,8137.985212367623,2006
R6B-307,STRESS,2006-10-18T11:50:00+00:00,8116.686587703583,2006
R6B-307,STRESS,2006-10-19T12:00:00+00:00,8098.961931823597,2006
R6B-307,STRESS,2006-10-20T11:10:00+00:00,8028.130101580206,2006
R6B-307,STRESS,2006-10-26T04:30:00+00:00,8010.007228173691,2006
R6B-307,STRESS,2006-10-26T11:10:00+00:00,7976.166187681709,2006
R6B-307,STRESS,2006-10-30T04:45:00+00:00,7995.902926714734,2006
R6B-307,STRESS,2006-11-01T04:50:00+00:00,7979.947264817142,2006
R6B-307,STRESS,2006-11-06T04:20:00+00:00,7962.477379929485,2006
R6B-307,STRESS,2006-11-07T08:35:00+00:00,7926.895509355754,2006
R6B-307,STRESS,2006-11-08T07:50:00+00:00,7904.37488588606,2006
R6B-307,STRESS,2006-11-09T07:05:00+00:00,7902.61371948691,2006
R6B-307,STRESS,2006-11-13T04:45:00+00:00,7915.526539359844,2006
R6B-307,STRESS,2006-11-24T04:35:00+00:00,7918.597961274202,2006
R6B-307,STRESS,2006-11-27T04:05:00+00:00,7916.253700388827,2006
R6B-307,STRESS,2006-11-29T05:05:00+00:00,7882.197866697079,2006
R6B-307,STRESS,2006-12-05T04:35:00+00:00,7857.634476435086,2006
R6B-307,STRESS,2006-12-07T11:40:00+00:00,7849.221646604356,2006
R6B-307,STRESS,2006-12-11T11:40:00+00:00,7831.943949730839,2006
R6B-307,STRESS,2006-12-18T08:05:00+00:00,7824.015421781199,2006
R6B-307,STRESS,2006-12-22T11:45:00+00:00,7805.535829490383,2006
R6B-307,STRESS,2006-12-26T04:05:00+00:00,7803.919425768973,2006
R6B-307,STRESS,2006-12-26T08:50:00+00:00,7812.090575117725,2006
R6B-307,STRESS,2007-01-02T08:50:00+00:00,7817.252907402432,2007
R6B-307,STRESS,2007-01-04T07:05:00+00:00,7800.537112543896,2007
R6B-307,STRESS,2007-01-08T04:05:00+00:00,7800.791179174595,2007
R6B-307,STRESS,2007-01-08T09:20:00+00:00,7783.215062657158,2007
R6B-307,STRESS,2007-01-09T04:25:00+00:00,7802.447017890557,2007
R6B-307,STRESS,2007-01-09T11:50:00+00:00,7763.382756246686,2007
R6B-307,STRESS,2007-01-11T11:55:00+00:00,7749.693589751249,2007
R6B-307,STRESS,2007-01-12T11:00:00+00:00,7758.395224922424,2007
R6B-307,STRESS,2007-01-23T11:45:00+00:00,7778.686129888416,2007
R6B-307,STRESS,2007-01-29T04:05:00+00:00,7761.32233120315,2007
R6B-307,STRESS,2007-02-01T04:40:00+00:00,7734.92477231103,2007
R6B-307,STRESS,2007-02-05T04:10:00+00:00,7728.331430753625,2007
R6B-307,STRESS,2007-02-07T04:50:00+00:00,7724.109388016392,2007
R6B-307,STRESS,2007-02-08T07:05:00+00:00,7710.482574875445,2007
R6B-307,STRESS,2007-02-13T11:40:00+00:00,7728.830934360942,2007
R6B-307,STRESS,2007-02-14T09:45:00+00:00,7743.7341157244555,2007
R6B-307,STRESS,2007-02-15T04:20:00+00:00,7729.4001314315365,2007
R6B-307,STRESS,2007-02-19T05:15:00+00:00,7748.895174560713,2007
R6B-307,STRESS,2007-02-19T09:40:00+00:00,7718.727297289215,2007
R6B-307,STRESS,2007-02-21T04:30:00+00:00,7719.363004866113,2007
R6B-307,STRESS,2007-02-26T05:25:00+00:00,7719.396678440064,2007
R6B-307,STRESS,2007-02-28T08:15:00+00:00,7728.21804088041,2007
R6B-307,STRESS,2007-03-01T04:15:00+00:00,7679.987550266722,2007
R6B-307,STRESS,2007-03-06T09:20:00+00:00,7687.637797492627,2007
R6B-307,STRESS,2007-03-08T09:45:00+00:00,7671.878145863391,2007
R6B-307,STRESS,2007-03-09T11:30:00+00:00,7681.102659141519,2007
R6B-307,STRESS,2007-03-12T09:55:00+00:00,7682.644070911711,2007
R6B-307,STRESS,2007-03-15T04:05:00+00:00,7657.433560025238,2007
R6B-307,STRESS,2007-03-19T04:45:00+00:00,7660.919585754454,2007
R6B-307,STRESS,2007-03-20T04:15:00+00:00,7637.554735888083,2007
R6B-307,STRESS,2007-03-21T07:40:00+00:00,7630.22398916277,2007
R6B-307,STRESS,2007-03-21T11:50:00+00:00,7633.02169643866,2007
R6B-307,STRESS,2007-03-26T04:15:00+00:00,7631.117300846935,2007
R6B-307,STRESS,2007-03-26T08:35:00+00:00,7612.997129560501,2007
R6B-307,STRESS,2007-03-30T05:15:00+00:00,7599.671858577786,2007
R6B-307,STRESS,2007-03-30T11:05:00+00:00,7597.490729827424,2007
R6B-307,STRESS,2007-04-03T08:45:00+00:00,7595.264022906722,2007
R6B-307,STRESS,2007-04-04T11:15:00+00:00,7590.496035984915,2007
R6B-307,STRESS,2007-04-10T05:20:00+00:00,7611.6690917661435,2007
R6B-307,STRESS,2007-04-10T09:45:00+00:00,7609.968844620941,2007
R6B-307,STRESS,2007-04-12T11:40:00+00:00,7583.266382375213,2007
R6B-307,STRESS,2007-04-13T04:05:00+00:00,7572.301015303362,2007
R6B-307,STRESS,2007-04-16T05:55:00+00:00,7577.736472635878,2007
R6B-307,STRESS,2007-04-18T05:25:00+00:00,7573.203857870241,2007
R6B-307,STRESS,2007-04-18T09:40:00+00:00,7577.757884679187,2007
R6B-307,STRESS,2007-04-19T04:30:00+00:00,7539.544677071595,2007
R6B-307,STRESS,2007-04-20T04:20:00+00:00,7520.989170405195,2007
R6B-307,STRESS,2007-04-23T04:10:00+00:00,7506.06973747544,2007
R6B-307,STRESS,2007-05-03T11:20:00+00:00,7513.651643859426,2007
R6B-307,STRESS,2007-05-07T08:50:00+00:00,7506.526343678375,2007
R6B-307,STRESS,2007-05-09T08:10:00+00:00,7489.232237924172,2007
R6B-307,STRESS,2007-05-11T07:30:00+00:00,7489.484647732403,2007
R6B-307,STRESS,2007-05-14T04:15:00+00:00,7491.429178020432,2007
R6B-307,STRESS,2007-05-14T10:10:00+00:00,7471.402844798843,2007
R6B-307,STRESS,2007-05-15T10:00:00+00:00,7427.1377837932405,2007
R6B-307,STRESS,2007-05-18T04:10:00+00:00,7415.090207354197,2007
R6B-307,STRESS,2007-05-18T12:00:00+00:00,7391.3956909840035,2007
R6B-307,STRESS,2007-05-22T11:10:00+00:00,7384.023553442641,2007
R6B-307,STRESS,2007-05-23T09:20:00+00:00,7365.093089397979,2007
R6B-307,STRESS,2007-05-28T04:20:00+00:00,7345.403333850822,2007
R6B-307,STRESS,2007-05-30T05:15:00+00:00,7334.970613998293,2007
R6B-307,STRESS,2007-05-31T04:10:00+00:00,7342.184752266674,2007
R6B-307,STRESS,2007-05-31T09:25:00+00:00,7335.650619775938,2007
R6B-307,STRESS,2007-06-01T04:15:00+00:00,7325.809356305753,2007
R6B-307,STRESS,2007-06-01T10:30:00+00:00,7301.064327117328,2007
R6B-307,STRESS,2007-06-05T10:25:00+00:00,7273.9754160416605,2007
R6B-307,STRESS,2007-06-06T04:05:00+00:00,7272.366942078876,2007
R6B-307,STRESS,2007-06-07T10:00:00+00:00,7255.054316893637,2007
R6B-307,STRESS,2007-06-08T05:50:00+00:00,7236.2564666562075,2007
R6B-307,STRESS,2007-06-11T04:05:00+00:00,7244.826477413591,2007
R6B-307,STRESS,2007-06-11T08:05:00+00:00,7243.3308173271835,2007
R6B-307,STRESS,2007-06-12T07:25:00+00:00,7224.156262429513,2007
R6B-307,STRESS,2007-06-18T04:35:00+00:00,7219.972822627679,2007
R6B-307,STRESS,2007-06-18T09:20:00+00:00,7214.667732866199,2007
R6B-307,STRESS,2007-06-19T04:05:00+00:00,7206.6209549626465,2007
R6B-307,STRESS,2007-06-21T10:45:00+00:00,7169.688589426707,2007
R6B-307,STRESS,2007-06-22T05:20:00+00:00,7155.890706348779,2007
R6B-307,STRESS,2007-06-22T11:15:00+00:00,7166.765473321767,2007
R6B-307,STRESS,2007-06-28T04:20:00+00:00,7162.062744829951,2007
R6B-307,STRESS,2007-06-28T10:55:00+00:00,7158.480708434079,2007
R6B-307,STRESS,2007-07-02T05:40:00+00:00,7133.031685354742,2007
R6B-307,STRESS,2007-07-03T09:45:00+00:00,7125.847971640303,2007
R6B-307,STRESS,2007-07-04T04:15:00+00:00,7116.64357779783,2007
R6B-307,STRESS,2007-07-05T10:05:00+00:00,7122.555953897364,2007
R6B-307,STRESS,2007-07-06T05:10:00+00:00,7116.0338183237545,2007
R6B-307,STRESS,2007-07-10T11:25:00+00:00,7117.004612143199,2007
R6B-307,STRESS,2007-07-11T04:15:00+00:00,7104.543061809302,2007
R6B-307,STRESS,2007-07-11T09:50:00+00:00,7089.696693137867,2007
R6B-307,STRESS,2007-07-12T05:40:00+00:00,7090.909426376645,2007
R6B-307,STRESS,2007-07-12T10:50:00+00:00,7097.450025724852,2007
R6B-307,STRESS,2007-07-13T11:05:00+00:00,7090.044745549834,2007
R6B-307,STRESS,2007-07-16T07:10:00+00:00,7083.327094075573,2007
R6B-307,STRESS,2007-07-17T04:20:00+00:00,7070.872318391997,2007
R6B-307,STRESS,2007-07-18T05:30:00+00:00,7082.92190672647,2007
R6B-307,STRESS,2007-07-18T10:25:00+00:00,7069.692980960545,2007
R6B-307,STRESS,2007-07-23T09:30:00+00:00,7064.270386122993,2007
R6B-307,STRESS,2007-07-24T05:00:00+00:00,7052.550074217183,2007
R6B-307,STRESS,2007-07-27T04:15:00+00:00,7063.201459032314,2007
R6B-307,STRESS,2007-07-27T08:15:00+00:00,7007.953660638818,2007
R6B-307,STRESS,2007-07-30T10:45:00+00:00,6995.100388939792,2007
R6B-307,STRESS,2007-07-31T04:30:00+00:00,6988.650922974093,2007
R6B-307,STRESS,2007-08-06T10:50:00+00:00,6989.758898836126,2007
R6B-307,STRESS,2007-08-10T11:10:00+00:00,6945.903533817999,2007
R6B-307,STRESS,2007-08-20T11:45:00+00:00,6926.039754659081,2007
R6B-307,STRESS,2007-08-21T07:55:00+00:00,6900.339260355719,2007
R6B-307,STRESS,2007-08-23T06:10:00+00:00,6890.608823212295,2007
R6B-307,STRESS,2007-08-23T10:30:00+00:00,6899.529685659152,2007
R6B-307,STRESS,2007-08-28T11:20:00+00:00,6887.157818604838,2007
R6B-307,STRESS,2007-08-29T08:50:00+00:00,6890.591776507353,2007
R6B-307,STRESS,2007-08-31T07:20:00+00:00,6909.515376334745,2007
R6B-307,STRESS,2007-09-03T11:55:00+00:00,6887.08459297374,2007
R6B-307,STRESS,2007-09-04T08:45:00+00:00,6879.516456366762,2007
R6B-307,STRESS,2007-09-06T05:05:00+00:00,6876.184067143581,2007
R6B-307,STRESS,2007-09-06T11:05:00+00:00,6862.048813506138,2007
R6B-307,STRESS,2007-09-10T11:00:00+00:00,6872.317045873466,2007
R6B-307,STRESS,2007-09-11T10:55:00+00:00,6874.552274982235,2007
R6B-307,STRESS,2007-09-12T09:05:00+00:00,6867.024685017238,2007
R6B-307,STRESS,2007-09-17T05:45:00+00:00,6864.182006553598,2007
R6B-307,STRESS,2007-09-17T11:20:00+00:00,6846.012864583345,2007
R6B-307,STRESS,2007-09-20T04:15:00+00:00,6830.103524285147,2007
R6B-307,STRESS,2007-09-20T10:35:00+00:00,6876.656358407152,2007
R6B-307,STRESS,2007-09-21T07:45:00+00:00,6889.222194160336,2007
R6B-307,STRESS,2007-09-24T05:00:00+00:00,6894.663027365291,2007
R6B-307,STRESS,2007-09-27T10:10:00+00:00,6905.418075135835,2007
R6B-307,STRESS,2007-09-28T04:35:00+00:00,6913.664229337594,2007
R6B-307,STRESS,2007-10-01T07:40:00+00:00,6901.4490245869065,2007
R6B-307,STRESS,2007-10-03T04:15:00+00:00,6901.630394396654,2007
R6B-307,STRESS,2007-10-03T08:25:00+00:00,6896.372213187566,2007
R6B-307,STRESS,2007-10-10T04:20:00+00:00,6892.285399663729,2007
R6B-307,STRESS,2007-10-10T09:20:00+00:00,6882.987386299053,2007
R6B-307,STRESS,2007-10-11T04:30:00+00:00,6884.918031225129,2007
R6B-307,STRESS,2007-10-11T09:20:00+00:00,6903.970092889826,2007
R6B-307,STRESS,2007-10-15T05:25:00+00:00,6911.60172467782,2007
R6B-307,STRESS,2007-10-15T10:00:00+00:00,6926.015015451559,2007
R6B-307,STRESS,2007-10-16T08:55:00+00:00,6944.389518731808,2007
R6B-307,STRESS,2007-10-17T05:00:00+00:00,6893.824507651311,2007
R6B-307,STRESS,2007-10-18T04:50:00+00:00,6877.9297903298,2007
R6B-307,STRESS,2007-10-23T04:30:00+00:00,6882.499133465258,2007
R6B-307,STRESS,2007-10-23T10:30:00+00:00,6862.62371332886,2007
R6B-307,STRESS,2007-10-26T04:10:00+00:00,6890.86672243861,2007
R6B-307,STRESS,2007-10-26T09:40:00+00:00,6873.219390907954,2007
R6B-307,STRESS,2007-10-29T04:05:00+00:00,6893.991355115004,2007
R6B-307,STRESS,2007-10-29T08:25:00+00:00,6872.7118423934035,2007
R6B-307,STRESS,2007-10-31T08:35:00+00:00,6873.420139511778,2007
R6B-307,STRESS,2007-11-06T10:20:00+00:00,6940.42886725105,2007
R6B-307,STRESS,2007-11-07T04:25:00+00:00,7002.392946876765,2007
R6B-307,STRESS,2007-11-07T10:20:00+00:00,7032.974852737259,2007
R6B-307,STRESS,2007-11-08T07:35:00+00:00,7005.432734666486,2007
R6B-307,STRESS,2007-11-13T07:30:00+00:00,7027.215231210149,2007
R6B-307,STRESS,2007-11-13T11:50:00+00:00,6992.257228798748,2007
R6B-307,STRESS,2007-11-14T06:25:00+00:00,6995.44813830075,2007
R6B-307,STRESS,2007-11-14T10:30:00+00:00,7005.38576381422,2007
R6B-307,STRESS,2007-11-15T05:20:00+00:00,6989.557486515337,2007
R6B-307,STRESS,2007-11-16T05:30:00+00:00,6930.005654551939,2007
R6B-307,STRESS,2007-11-19T04:15:00+00:00,6911.431128136576,2007
R6B-307,STRESS,2007-11-20T11:20:00+00:00,6950.732082443122,2007
R6B-307,STRESS,2007-11-21T11:30:00+00:00,6866.4835433643875,2007
R6B-307,STRESS,2007-11-22T07:45:00+00:00,6843.653477429436,2007
R6B-307,STRESS,2007-11-23T05:30:00+00:00,6857.338061885224,2007
R6B-307,STRESS,2007-11-23T11:15:00+00:00,6834.513812308037,2007
R6B-307,STRESS,2007-11-26T04:20:00+00:00,6836.4549685069705,2007
R6B-307,STRESS,2007-11-26T11:45:00+00:00,6859.745470526462,2007
R6B-307,STRESS,2007-11-27T07:05:00+00:00,6849.139897828687,2007
R6B-307,STRESS,2007-11-29T10:05:00+00:00,6841.433500442257,2007
R6B-307,STRESS,2007-11-30T05:55:00+00:00,6827.603753756624,2007
R6B-307,STRESS,2007-12-03T04:20:00+00:00,6826.102690085682,2007
R6B-307,STRESS,2007-12-03T10:10:00+00:00,6787.2115327623305,2007
R6B-307,STRESS,2007-12-05T10:15:00+00:00,6744.3338054838305,2007
R6B-307,STRESS,2007-12-10T07:45:00+00:00,6746.959766103442,2007
R6B-307,STRESS,2007-12-11T11:25:00+00:00,6702.04497791498,2007
R6B-307,STRESS,2007-12-12T10:40:00+00:00,6701.683408105671,2007
R6B-307,STRESS,2007-12-14T04:05:00+00:00,6717.884701596639,2007
R6B-307,STRESS,2007-12-14T08:25:00+00:00,6670.626528263385,2007
R6B-307,STRESS,2007-12-17T04:05:00+00:00,6683.014375002366,2007
R6B-307,STRESS,2007-12-21T08:25:00+00:00,6681.983822728225,2007
R6B-307,STRESS,2007-12-26T04:05:00+00:00,6689.5555878931455,2007
R6B-307,STRESS,2007-12-26T10:10:00+00:00,6685.405627545773,2007
R6B-307,STRESS,2007-12-31T04:05:00+00:00,6671.915941128811,2007
R6B-307,STRESS,2008-01-02T04:05:00+00:00,6669.445250376301,2008
R6B-307,STRESS,2008-01-08T05:30:00+00:00,6681.4084103777095,2008
R6B-307,STRESS,2008-01-08T11:00:00+00:00,6745.595545369809,2008
R6B-307,STRESS,2008-01-09T04:05:00+00:00,6771.685941090542,2008
R6B-307,STRESS,2008-01-10T04:15:00+00:00,6748.886581039269,2008
R6B-307,STRESS,2008-01-14T05:15:00+00:00,6722.50843008103,2008
R6B-307,STRESS,2008-01-14T10:40:00+00:00,6817.670297352514,2008
R6B-307,STRESS,2008-01-15T05:20:00+00:00,6808.432464706882,2008
R6B-307,STRESS,2008-01-15T11:05:00+00:00,6759.2589596965445,2008
R6B-307,STRESS,2008-01-16T07:30:00+00:00,6664.17712463004,2008
R6B-307,STRESS,2008-01-17T10:45:00+00:00,6638.493369929994,2008
R6B-307,STRESS,2008-01-25T10:40:00+00:00,6681.969074539648,2008
R6B-307,STRESS,2008-01-28T04:05:00+00:00,6707.049974543829,2008
R6B-307,STRESS,2008-01-29T05:05:00+00:00,6687.22283810463,2008
R6B-307,STRESS,2008-02-04T04:55:00+00:00,6665.436481444739,2008
R6B-307,STRESS,2008-02-05T04:50:00+00:00,6630.697823451597,2008
R6B-307,STRESS,2008-02-06T07:50:00+00:00,6610.245565454527,2008
R6B-307,STRESS,2008-02-07T09:15:00+00:00,6631.332881678633,2008
R6B-307,STRESS,2008-02-11T04:05:00+00:00,6610.829409891283,2008
R6B-307,STRESS,2008-02-14T10:20:00+00:00,6619.437002956129,2008
R6B-307,STRESS,2008-02-15T04:50:00+00:00,6603.94252999086,2008
R6B-307,STRESS,2008-02-15T10:00:00+00:00,6601.749826986661,2008
R6B-307,STRESS,2008-02-18T05:15:00+00:00,6594.697476339609,2008
R6B-307,STRESS,2008-02-18T10:35:00+00:00,6577.274303207743,2008
R6B-307,STRESS,2008-02-19T04:15:00+00:00,6581.224361467328,2008
R6B-307,STRESS,2008-02-19T10:10:00+00:00,6607.8456067548805,2008
R6B-307,STRESS,2008-02-22T07:45:00+00:00,6584.375216430928,2008
R6B-307,STRESS,2008-02-25T07:40:00+00:00,6576.155460934647,2008
R6B-307,STRESS,2008-02-27T04:45:00+00:00,6582.915600869637,2008
R6B-307,STRESS,2008-02-27T10:00:00+00:00,6597.470790092671,2008
R6B-307,STRESS,2008-02-28T04:15:00+00:00,6560.396083405097,2008
R6B-307,STRESS,2008-02-29T04:15:00+00:00,6543.725312284064,2008
R6B-307,STRESS,2008-02-29T09:00:00+00:00,6530.411911600612,2008
R6B-307,STRESS,2008-03-03T04:05:00+00:00,6552.165127608122,2008
R6B-307,STRESS,2008-03-03T08:30:00+00:00,6540.615483483001,2008
R6B-307,STRESS,2008-03-04T04:40:00+00:00,6500.21993788479,2008
R6B-307,STRESS,2008-03-06T12:00:00+00:00,6478.65969118314,2008
R6B-307,STRESS,2008-03-07T05:00:00+00:00,6481.88939730088,2008
R6B-307,STRESS,2008-03-07T10:50:00+00:00,6439.45301396291,2008
R6B-307,STRESS,2008-03-10T08:05:00+00:00,6446.9576903702655,2008
R6B-307,STRESS,2008-03-13T05:00:00+00:00,6443.561274153171,2008
R6B-307,STRESS,2008-03-13T10:40:00+00:00,6452.047799011269,2008
R6B-307,STRESS,2008-03-14T08:55:00+00:00,6445.412967045972,2008
R6B-307,STRESS,2008-03-17T04:05:00+00:00,6486.832426447445,2008
R6B-307,STRESS,2008-03-19T07:40:00+00:00,6484.647590436574,2008
R6B-307,STRESS,2008-03-19T11:55:00+00:00,6454.85113104137,2008
R6B-307,STRESS,2008-03-24T04:30:00+00:00,6363.649807447963,2008
R6B-307,STRESS,2008-03-25T06:05:00+00:00,6382.327085278507,2008
R6B-307,STRESS,2008-03-25T10:20:00+00:00,6409.3423143991395,2008
R6B-307,STRESS,2008-03-26T04:35:00+00:00,6400.984814921599,2008
R6B-307,STRESS,2008-03-31T11:05:00+00:00,6402.164829818062,2008
R6B-307,STRESS,2008-04-02T05:00:00+00:00,6369.17907998563,2008
R6B-307,STRESS,2008-04-07T04:05:00+00:00,6347.1951234053195,2008
R6B-307,STRESS,2008-04-15T04:25:00+00:00,6332.816080867091,2008
R6B-307,STRESS,2008-04-15T09:30:00+00:00,6344.936426157757,2008
R6B-307,STRESS,2008-04-16T10:10:00+00:00,6371.1259068266845,2008
R6B-307,STRESS,2008-04-17T07:35:00+00:00,6359.323262876065,2008
R6B-307,STRESS,2008-04-17T11:50:00+00:00,6325.884970417704,2008
R6B-307,STRESS,2008-04-18T06:05:00+00:00,6332.47677025543,2008
R6B-307,STRESS,2008-04-18T11:55:00+00:00,6219.743309912954,2008
R6B-307,STRESS,2008-04-21T04:05:00+00:00,6228.945544597835,2008
R6B-307,STRESS,2008-04-22T09:05:00+00:00,6238.995187470815,2008
R6B-307,STRESS,2008-04-24T07:55:00+00:00,6218.699701469322,2008
R6B-307,STRESS,2008-04-25T07:30:00+00:00,6180.147092702486,2008
R6B-307,STRESS,2008-04-28T04:25:00+00:00,6194.359618452293,2008
R6B-307,STRESS,2008-04-28T11:40:00+00:00,6171.428136759837,2008
R6B-307,STRESS,2008-04-30T10:25:00+00:00,6088.449389294647,2008
R6B-307,STRESS,2008-05-01T04:45:00+00:00,6061.124475989027,2008
R6B-307,STRESS,2008-05-05T04:05:00+00:00,6060.112694788164,2008
R6B-307,STRESS,2008-05-06T06:30:00+00:00,6072.611842694647,2008
R6B-307,STRESS,2008-05-06T10:30:00+00:00,6072.017097355471,2008
R6B-307,STRESS,2008-05-09T10:05:00+00:00,6092.647090579789,2008
R6B-307,STRESS,2008-05-12T04:05:00+00:00,6062.748888996368,2008
R6B-307,STRESS,2008-05-14T10:05:00+00:00,6019.883683650783,2008
R6B-307,STRESS,2008-05-15T09:55:00+00:00,6017.65537872934,2008
R6B-307,STRESS,2008-05-16T11:55:00+00:00,6089.218782839215,2008
R6B-307,STRESS,2008-05-19T04:05:00+00:00,6079.460606156093,2008
R6B-307,STRESS,2008-05-19T09:30:00+00:00,6084.872714110661,2008
R6B-307,STRESS,2008-05-20T09:15:00+00:00,6064.544999888584,2008
R6B-307,STRESS,2008-05-22T04:35:00+00:00,6033.575021169816,2008
R6B-307,STRESS,2008-05-23T11:45:00+00:00,6053.853593485076,2008
R6B-307,STRESS,2008-05-26T04:20:00+00:00,6048.470816665326,2008
R6B-307,STRESS,2008-05-27T04:15:00+00:00,6034.434175287752,2008
R6B-307,STRESS,2008-05-28T06:30:00+00:00,6031.199997131321,2008
R6B-307,STRESS,2008-05-28T10:55:00+00:00,5912.45813573818,2008
R6B-307,STRESS,2008-05-30T04:25:00+00:00,5885.34273650679,2008
R6B-307,STRESS,2008-06-03T09:35:00+00:00,5887.66887267463,2008
R6B-307,STRESS,2008-06-05T10:50:00+00:00,5841.2568031447445,2008
R6B-307,STRESS,2008-06-06T09:20:00+00:00,5848.392430517246,2008
R6B-307,STRESS,2008-06-09T04:05:00+00:00,5823.37139844865,2008
R6B-307,STRESS,2008-06-09T11:35:00+00:00,5799.616797199121,2008
R6B-307,STRESS,2008-06-11T07:45:00+00:00,5814.107897521602,2008
R6B-307,STRESS,2008-06-13T05:25:00+00:00,5811.883543398502,2008
R6B-307,STRESS,2008-06-16T04:10:00+00:00,5811.637254865235,2008
R6B-307,STRESS,2008-06-17T10:35:00+00:00,5789.321171689903,2008
R6B-307,STRESS,2008-06-18T11:05:00+00:00,5779.6998014123565,2008
R6B-307,STRESS,2008-06-20T09:45:00+00:00,5781.549507639457,2008
R6B-307,STRESS,2008-06-23T04:05:00+00:00,5774.287463017899,2008
R6B-307,STRESS,2008-06-23T09:10:00+00:00,5754.584091229182,2008
R6B-307,STRESS,2008-06-24T04:05:00+00:00,5749.548744490969,2008
R6B-307,STRESS,2008-06-24T08:05:00+00:00,5763.0415407556975,2008
R6B-307,STRESS,2008-06-25T09:50:00+00:00,5730.587425741728,2008
R6B-307,STRESS,2008-06-26T06:00:00+00:00,5721.493580290946,2008
R6B-307,STRESS,2008-06-27T11:25:00+00:00,5764.953998622434,2008
R6B-307,STRESS,2008-06-30T11:25:00+00:00,5766.4933388628215,2008
R6B-307,STRESS,2008-07-01T10:30:00+00:00,5776.966268333978,2008
R6B-307,STRESS,2008-07-02T11:05:00+00:00,5710.666180261848,2008
R6B-307,STRESS,2008-07-03T11:05:00+00:00,5694.804181348358,2008
R6B-307,STRESS,2008-07-04T07:10:00+00:00,5684.99500969913,2008
R6B-307,STRESS,2008-07-08T09:55:00+00:00,5676.8565225340835,2008
R6B-307,STRESS,2008-07-09T08:40:00+00:00,5686.4220257694005,2008
R6B-307,STRESS,2008-07-10T04:10:00+00:00,5680.111001312338,2008
R6B-307,STRESS,2008-07-15T10:40:00+00:00,5735.124168952095,2008
R6B-307,STRESS,2008-07-17T04:40:00+00:00,5715.192326987331,2008
R6B-307,STRESS,2008-07-18T10:35:00+00:00,5708.491627188638,2008
R6B-307,STRESS,2008-07-21T04:50:00+00:00,5705.914403814698,2008
R6B-307,STRESS,2008-07-21T10:15:00+00:00,5726.2991688756365,2008
R6B-307,STRESS,2008-07-22T05:30:00+00:00,5717.4609241558155,2008
R6B-307,STRESS,2008-07-22T10:45:00+00:00,5724.2883583141975,2008
R6B-307,STRESS,2008-07-24T07:15:00+00:00,5739.637754954572,2008
R6B-307,STRESS,2008-07-24T11:35:00+00:00,5713.760208706647,2008
R6B-307,STRESS,2008-07-25T04:05:00+00:00,5729.477933152869,2008
R6B-307,STRESS,2008-07-25T08:10:00+00:00,5711.964934473202,2008
R6B-307,STRESS,2008-07-28T04:40:00+00:00,5703.907917023421,2008
R6B-307,STRESS,2008-07-29T04:20:00+00:00,5696.437906049743,2008
R6B-307,STRESS,2008-07-31T04:30:00+00:00,5696.921427863648,2008
R6B-307,STRESS,2008-07-31T10:30:00+00:00,5683.915732320753,2008
R6B-307,STRESS,2008-08-04T05:55:00+00:00,5694.7407700793265,2008
R6B-307,STRESS,2008-08-06T07:50:00+00:00,5715.626989865933,2008
R6B-307,STRESS,2008-08-07T06:20:00+00:00,5709.695461743394,2008
R6B-307,STRESS,2008-08-07T10:30:00+00:00,5693.698109919385,2008
R6B-307,STRESS,2008-08-11T04:05:00+00:00,5714.8729896238,2008
R6B-307,STRESS,2008-08-11T08:05:00+00:00,5713.420567821524,2008
R6B-307,STRESS,2008-08-13T09:30:00+00:00,5752.775025756583,2008
R6B-307,STRESS,2008-08-14T04:10:00+00:00,5760.643681060811,2008
R6B-307,STRESS,2008-08-14T08:15:00+00:00,5770.6873343465695,2008
R6B-307,STRESS,2008-08-18T04:05:00+00:00,5822.016841748875,2008
R6B-307,STRESS,2008-08-18T10:30:00+00:00,5787.546804988719,2008
R6B-307,STRESS,2008-08-21T04:25:00+00:00,5785.059142649326,2008
R6B-307,STRESS,2008-08-21T10:15:00+00:00,5797.732537839997,2008
R6B-307,STRESS,2008-08-22T04:40:00+00:00,5789.823939577575,2008
R6B-307,STRESS,2008-08-22T09:40:00+00:00,5731.111335067763,2008
R6B-307,STRESS,2008-08-27T05:05:00+00:00,5728.444671691806,2008
R6B-307,STRESS,2008-08-27T11:40:00+00:00,5737.14877158106,2008
R6B-307,STRESS,2008-08-28T04:10:00+00:00,5757.83148728514,2008
R6B-307,STRESS,2008-08-28T09:15:00+00:00,5748.505285849458,2008
R6B-307,STRESS,2008-08-29T06:00:00+00:00,5741.73285645798,2008
R6B-307,STRESS,2008-08-29T11:40:00+00:00,5709.469042918159,2008
R6B-307,STRESS,2008-09-01T04:10:00+00:00,5676.056558407182,2008
R6B-307,STRESS,2008-09-04T04:10:00+00:00,5652.573236839626,2008
R6B-307,STRESS,2008-09-04T10:10:00+00:00,5669.737955688353,2008
R6B-307,STRESS,2008-09-05T09:05:00+00:00,5641.816542056544,2008
R6B-307,STRESS,2008-09-08T04:05:00+00:00,5655.931703997926,2008
R6B-307,STRESS,2008-09-08T10:00:00+00:00,5573.525735623497,2008
R6B-307,STRESS,2008-09-10T09:40:00+00:00,5535.276087559481,2008
R6B-307,STRESS,2008-09-12T04:05:00+00:00,5530.345560990536,2008
R6B-307,STRESS,2008-09-12T08:20:00+00:00,5539.530226518408,2008
R6B-307,STRESS,2008-09-15T04:05:00+00:00,5559.635425927423,2008
R6B-307,STRESS,2008-09-18T04:10:00+00:00,5468.641402644983,2008
R6B-307,STRESS,2008-09-22T12:00:00+00:00,5515.3804002491715,2008
R6B-307,STRESS,2008-09-23T04:45:00+00:00,5420.189692976632,2008
R6B-307,STRESS,2008-09-25T09:40:00+00:00,5406.248987454503,2008
R6B-307,STRESS,2008-09-26T04:05:00+00:00,5386.505180115389,2008
R6B-307,STRESS,2008-10-01T08:25:00+00:00,5362.39458275705,2008
R6B-307,STRESS,2008-10-03T07:40:00+00:00,5349.492563319873,2008
R6B-307,STRESS,2008-10-07T10:45:00+00:00,5436.5831303891555,2008
R6B-307,STRESS,2008-10-08T10:20:00+00:00,5542.6912355514905,2008
R6B-307,STRESS,2008-10-10T11:25:00+00:00,5462.106972325495,2008
R6B-307,STRESS,2008-10-13T06:30:00+00:00,5444.9837956293095,2008
R6B-307,STRESS,2008-10-14T04:15:00+00:00,5456.820475045967,2008
R6B-307,STRESS,2008-10-15T08:15:00+00:00,5449.1391854502,2008
R6B-307,STRESS,2008-10-17T05:35:00+00:00,5434.9739896792025,2008
R6B-307,STRESS,2008-10-17T10:30:00+00:00,5308.6524161457155,2008
R6B-307,STRESS,2008-10-20T04:10:00+00:00,5359.163754671458,2008
R6B-307,STRESS,2008-10-20T08:10:00+00:00,5358.88411583923,2008
R6B-307,STRESS,2008-10-21T04:10:00+00:00,5360.282585313959,2008
R6B-307,STRESS,2008-10-23T10:25:00+00:00,5221.463646645749,2008
R6B-307,STRESS,2008-10-24T04:05:00+00:00,5114.522753003743,2008
R6B-307,STRESS,2008-10-27T05:00:00+00:00,5074.6137648180575,2008
R6B-307,STRESS,2008-10-28T08:45:00+00:00,5159.292620955236,2008
R6B-307,STRESS,2008-10-30T04:15:00+00:00,5179.699686087556,2008
R6B-307,STRESS,2008-10-30T11:25:00+00:00,5159.66706479943,2008
R6B-307,STRESS,2008-11-03T05:00:00+00:00,5181.155750731545,2008
R6B-307,STRESS,2008-11-07T09:10:00+00:00,5216.721507649948,2008
R6B-307,STRESS,2008-11-10T04:05:00+00:00,5186.2967384737285,2008
R6B-307,STRESS,2008-11-12T08:45:00+00:00,5165.348978330786,2008
R6B-307,STRESS,2008-11-19T06:00:00+00:00,5150.504955693713,2008
R6B-307,STRESS,2008-11-19T11:45:00+00:00,5113.721568256036,2008
R6B-307,STRESS,2008-11-20T11:25:00+00:00,5120.227030624351,2008
R6B-307,STRESS,2008-11-21T10:20:00+00:00,5166.4683270218175,2008
R6B-307,STRESS,2008-11-24T04:05:00+00:00,5064.003781611286,2008
R6B-307,STRESS,2008-11-27T07:20:00+00:00,5031.894807471693,2008
R6B-307,STRESS,2008-12-08T04:10:00+00:00,5045.22702811603,2008
R6B-307,STRESS,2008-12-08T09:40:00+00:00,5102.803479737085,2008
R6B-307,STRESS,2008-12-10T06:05:00+00:00,5103.255066459094,2008
R6B-307,STRESS,2008-12-10T11:00:00+00:00,5108.242490138947,2008
R6B-307,STRESS,2008-12-11T09:55:00+00:00,5160.323339387283,2008
R6B-307,STRESS,2008-12-15T04:05:00+00:00,5171.492784376744,2008
R6B-307,STRESS,2008-12-22T04:10:00+00:00,5177.025282187479,2008
R6B-307,STRESS,2008-12-22T11:45:00+00:00,5155.441280648346,2008
R6B-307,STRESS,2008-12-24T06:50:00+00:00,5148.817092320039,2008
R6B-307,STRESS,2008-12-26T06:10:00+00:00,5137.283402997889,2008
R6B-307,STRESS,2008-12-29T04:05:00+00:00,5169.502927033752,2008
R6B-307,STRESS,2009-01-02T04:05:00+00:00,5099.091420043755,2009
R6B-307,STRESS,2009-01-05T04:05:00+00:00,5019.491879038645,2009
R6B-307,STRESS,2009-01-08T10:20:00+00:00,4983.657932625454,2009
R6B-307,STRESS,2009-01-13T05:30:00+00:00,4954.405562780448,2009
R6B-307,STRESS,2009-01-14T06:55:00+00:00,4964.5983197908545,2009
R6B-307,STRESS,2009-01-14T11:50:00+00:00,4943.151917410864,2009
R6B-307,STRESS,2009-01-16T06:50:00+00:00,4952.659605524009,2009
R6B-307,STRESS,2009-01-28T04:25:00+00:00,4903.737147228019,2009
R6B-307,STRESS,2009-02-05T10:15:00+00:00,4929.3478397351555,2009
R6B-307,STRESS,2009-02-06T11:20:00+00:00,4913.595987209745,2009
R6B-307,STRESS,2009-02-10T05:30:00+00:00,4895.004915977148,2009
R6B-307,STRESS,2009-02-11T11:55:00+00:00,4930.735344728622,2009
R6B-307,STRESS,2009-02-12T08:50:00+00:00,4945.168217616506,2009
R6B-307,STRESS,2009-02-17T04:40:00+00:00,4980.9405436047555,2009
R6B-307,STRESS,2009-02-17T08:50:00+00:00,4992.2023986499,2009
R6B-307,STRESS,2009-02-18T08:55:00+00:00,4981.864223357772,2009
R6B-307,STRESS,2009-02-24T10:50:00+00:00,4963.346509109195,2009
R6B-307,STRESS,2009-03-02T04:20:00+00:00,4955.415818521717,2009
R6B-307,STRESS,2009-03-02T08:35:00+00:00,4965.2578565340145,2009
R6B-307,STRESS,2009-03-04T04:40:00+00:00,4938.819755450307,2009
R6B-307,STRESS,2009-03-05T05:20:00+00:00,4927.3327117021545,2009
R6B-307,STRESS,2009-03-06T10:05:00+00:00,4925.743721537543,2009
R6B-307,STRESS,2009-03-11T11:05:00+00:00,4934.641059736158,2009
R6B-307,STRESS,2009-03-12T07:30:00+00:00,4940.613961462341,2009
R6B-307,STRESS,2009-03-20T09:45:00+00:00,4948.636924429185,2009
R6B-307,STRESS,2009-03-23T09:55:00+00:00,4924.044201291966,2009
R6B-307,STRESS,2009-03-30T04:15:00+00:00,4903.220022945784,2009
R6B-307,STRESS,2009-03-30T09:30:00+00:00,4876.251307832407,2009
R6B-307,STRESS,2009-03-31T10:30:00+00:00,4844.765594771172,2009
R6B-307,STRESS,2009-04-02T08:35:00+00:00,4800.050811771382,2009
R6B-307,STRESS,2009-04-03T12:00:00+00:00,4769.564785004179,2009
R6B-307,STRESS,2009-04-07T04:15:00+00:00,4778.670605022117,2009
R6B-307,STRESS,2009-04-07T10:00:00+00:00,4770.338137449047,2009
R6B-307,STRESS,2009-04-08T08:25:00+00:00,4770.79547317822,2009
R6B-307,STRESS,2009-04-09T07:15:00+00:00,4759.904618614969,2009
R6B-307,STRESS,2009-04-10T09:15:00+00:00,4772.6915681512555,2009
R6B-307,STRESS,2009-04-13T04:05:00+00:00,4786.404944129073,2009
R6B-307,STRESS,2009-04-13T08:25:00+00:00,4783.839549897706,2009
R6B-307,STRESS,2009-04-14T06:35:00+00:00,4782.702381521129,2009
R6B-307,STRESS,2009-04-15T05:20:00+00:00,4775.310573700382,2009
R6B-307,STRESS,2009-04-16T09:30:00+00:00,4764.907314201025,2009
R6B-307,STRESS,2009-04-20T04:05:00+00:00,4752.619529149415,2009
R6B-307,STRESS,2009-04-20T11:05:00+00:00,4750.645126917208,2009
R6B-307,STRESS,2009-04-21T10:30:00+00:00,4732.192789714226,2009
R6B-307,STRESS,2009-04-22T09:50:00+00:00,4733.26535982147,2009
R6B-307,STRESS,2009-04-23T04:50:00+00:00,4718.711483425093,2009
R6B-307,STRESS,2009-04-24T08:15:00+00:00,4729.18764934983,2009
R6B-307,STRESS,2009-04-27T04:05:00+00:00,4716.7863934896,2009
R6B-307,STRESS,2009-04-29T10:20:00+00:00,4717.2397895102295,2009
R6B-307,STRESS,2009-04-30T10:45:00+00:00,4676.186047128598,2009
R6B-307,STRESS,2009-05-04T05:15:00+00:00,4688.058570082603,2009
R6B-307,STRESS,2009-05-04T10:10:00+00:00,4684.5634617002825,2009
R6B-307,STRESS,2009-05-05T05:45:00+00:00,4668.71147985377,2009
R6B-307,STRESS,2009-05-06T08:20:00+00:00,4684.330148856605,2009
R6B-307,STRESS,2009-05-07T09:35:00+00:00,4684.624842320954,2009
R6B-307,STRESS,2009-05-08T10:35:00+00:00,4674.960511184463,2009
R6B-307,STRESS,2009-05-11T04:05:00+00:00,4665.450659780313,2009
R6B-307,STRESS,2009-05-12T11:20:00+00:00,4681.106530583509,2009
R6B-307,STRESS,2009-05-13T09:55:00+00:00,4664.187219425554,2009
R6B-307,STRESS,2009-05-15T08:50:00+00:00,4649.149156902482,2009
R6B-307,STRESS,2009-05-18T08:35:00+00:00,4627.876759166783,2009
R6B-307,STRESS,2009-05-19T10:40:00+00:00,4615.745991387265,2009
R6B-307,STRESS,2009-05-20T07:20:00+00:00,4615.76484200095,2009
R6B-307,STRESS,2009-05-20T11:45:00+00:00,4625.6907707696155,2009
R6B-307,STRESS,2009-05-21T05:30:00+00:00,4632.338272209112,2009
R6B-307,STRESS,2009-05-21T10:30:00+00:00,4614.501099357096,2009
R6B-307,STRESS,2009-05-28T11:35:00+00:00,4628.5633316263675,2009
R6B-307,STRESS,2009-05-29T05:30:00+00:00,4618.177248068401,2009
R6B-307,STRESS,2009-05-29T10:00:00+00:00,4651.476201155439,2009
R6B-307,STRESS,2009-06-01T05:15:00+00:00,4673.711371316922,2009
R6B-307,STRESS,2009-06-01T09:15:00+00:00,4672.14452969872,2009
R6B-307,STRESS,2009-06-03T04:45:00+00:00,4674.548590016543,2009
R6B-307,STRESS,2009-06-03T08:55:00+00:00,4647.432916412441,2009
R6B-307,STRESS,2009-06-04T04:25:00+00:00,4639.820282531447,2009
R6B-307,STRESS,2009-06-04T10:50:00+00:00,4624.580926567285,2009
R6B-307,STRESS,2009-06-08T06:50:00+00:00,4600.136410589733,2009
R6B-307,STRESS,2009-06-10T05:05:00+00:00,4601.770726486217,2009
R6B-307,STRESS,2009-06-10T09:05:00+00:00,4606.855197850183,2009
R6B-307,STRESS,2009-06-11T08:55:00+00:00,4599.229848398437,2009
R6B-307,STRESS,2009-06-16T04:05:00+00:00,4593.456080491357,2009
R6B-307,STRESS,2009-06-16T09:30:00+00:00,4597.21966297656,2009
R6B-307,STRESS,2009-06-17T09:35:00+00:00,4580.552753527656,2009
R6B-307,STRESS,2009-06-24T10:45:00+00:00,4584.197288166932,2009
R6B-307,STRESS,2009-06-25T06:55:00+00:00,4578.097072376748,2009
R6B-307,STRESS,2009-06-26T04:15:00+00:00,4575.24903268543,2009
R6B-307,STRESS,2009-06-26T09:00:00+00:00,4578.424515344897,2009
R6B-307,STRESS,2009-06-29T11:20:00+00:00,4580.330264834883,2009
R6B-307,STRESS,2009-06-30T05:10:00+00:00,4581.640214435403,2009
R6B-307,STRESS,2009-06-30T10:10:00+00:00,4563.00362576216,2009
R6B-307,STRESS,2009-07-01T06:45:00+00:00,4561.276576963869,2009
R6B-307,STRESS,2009-07-01T11:00:00+00:00,4553.842615147075,2009
R6B-307,STRESS,2009-07-03T04:30:00+00:00,4552.59480775881,2009
R6B-307,STRESS,2009-07-03T08:45:00+00:00,4541.201382127572,2009
R6B-307,STRESS,2009-07-07T04:10:00+00:00,4530.994950030835,2009
R6B-307,STRESS,2009-07-09T05:05:00+00:00,4530.137292393142,2009
R6B-307,STRESS,2009-07-09T09:50:00+00:00,4541.400957804992,2009
R6B-307,STRESS,2009-07-10T08:40:00+00:00,4517.173989374206,2009
R6B-307,STRESS,2009-07-13T04:05:00+00:00,4501.682318721284,2009
R6B-307,STRESS,2009-07-14T10:35:00+00:00,4507.230783108434,2009
R6B-307,STRESS,2009-07-15T10:00:00+00:00,4516.159620626284,2009
R6B-307,STRESS,2009-07-20T04:50:00+00:00,4520.87507301614,2009
R6B-307,STRESS,2009-07-20T09:30:00+00:00,4550.352805961462,2009
R6B-307,STRESS,2009-07-22T07:50:00+00:00,4533.633237840308,2009
R6B-307,STRESS,2009-07-23T08:55:00+00:00,4522.11963756665,2009
R6B-307,STRESS,2009-07-24T10:20:00+00:00,4530.681060857638,2009
R6B-307,STRESS,2009-07-27T07:30:00+00:00,4547.39528413534,2009
R6B-307,STRESS,2009-07-28T09:20:00+00:00,4546.534051980198,2009
R6B-307,STRESS,2009-07-29T04:50:00+00:00,4532.982646664818,2009
R6B-307,STRESS,2009-07-30T04:15:00+00:00,4530.681397356095,2009
R6B-307,STRESS,2009-07-31T06:50:00+00:00,4527.617615327223,2009
R6B-307,STRESS,2009-08-03T04:05:00+00:00,4518.098294252361,2009
R6B-307,STRESS,2009-08-06T11:40:00+00:00,4505.259119949293,2009
R6B-307,STRESS,2009-08-10T08:35:00+00:00,4496.365766280455,2009
R6B-307,STRESS,2009-08-11T05:15:00+00:00,4488.44777145083,2009
R6B-307,STRESS,2009-08-11T10:15:00+00:00,4476.164731341918,2009
R6B-307,STRESS,2009-08-12T04:05:00+00:00,4467.919126248488,2009
R6B-307,STRESS,2009-08-13T05:35:00+00:00,4459.674699977204,2009
R6B-307,STRESS,2009-08-13T09:45:00+00:00,4477.246731245026,2009
R6B-307,STRESS,2009-08-14T04:20:00+00:00,4458.727781862454,2009
R6B-307,STRESS,2009-08-18T04:05:00+00:00,4457.711798565578,2009
R6B-307,STRESS,2009-08-18T09:35:00+00:00,4450.118640459905,2009
R6B-307,STRESS,2009-08-19T04:10:00+00:00,4438.445578298921,2009
R6B-307,STRESS,2009-08-20T10:10:00+00:00,4429.38258230636,2009
R6B-307,STRESS,2009-08-21T11:40:00+00:00,4436.362492179782,2009
R6B-307,STRESS,2009-08-25T07:00:00+00:00,4426.766563797895,2009
R6B-307,STRESS,2009-08-25T11:35:00+00:00,4425.673404356019,2009
R6B-307,STRESS,2009-08-26T05:25:00+00:00,4422.972868990752,2009
R6B-307,STRESS,2009-08-26T09:40:00+00:00,4424.994339349842,2009
R6B-307,STRESS,2009-08-27T10:55:00+00:00,4413.757245545484,2009
R6B-307,STRESS,2009-08-28T10:40:00+00:00,4410.617587940356,2009
R6B-307,STRESS,2009-08-31T04:05:00+00:00,4389.685870455904,2009
R6B-307,STRESS,2009-09-01T05:15:00+00:00,4388.31561275804,2009
R6B-307,STRESS,2009-09-01T09:25:00+00:00,4371.88655456517,2009
R6B-307,STRESS,2009-09-03T10:35:00+00:00,4397.021806423249,2009
R6B-307,STRESS,2009-09-07T11:00:00+00:00,4388.7556312700135,2009
R6B-307,STRESS,2009-09-08T04:05:00+00:00,4385.079244799098,2009
R6B-307,STRESS,2009-09-08T10:10:00+00:00,4405.281831422211,2009
R6B-307,STRESS,2009-09-09T05:00:00+00:00,4385.100868841061,2009
R6B-307,STRESS,2009-09-10T09:55:00+00:00,4345.511091737313,2009
R6B-307,STRESS,2009-09-11T06:05:00+00:00,4365.583928724117,2009
R6B-307,STRESS,2009-09-11T10:05:00+00:00,4348.185056901262,2009
R6B-307,STRESS,2009-09-14T04:05:00+00:00,4327.134468846572,2009
R6B-307,STRESS,2009-09-15T04:15:00+00:00,4307.069940048821,2009
R6B-307,STRESS,2009-09-16T04:30:00+00:00,4301.349006386426,2009
R6B-307,STRESS,2009-09-16T09:05:00+00:00,4317.985903093154,2009
R6B-307,STRESS,2009-09-17T07:40:00+00:00,4318.901690957166,2009
R6B-307,STRESS,2009-09-22T04:30:00+00:00,4321.177006240197,2009
R6B-307,STRESS,2009-09-22T10:25:00+00:00,4351.017218785499,2009
R6B-307,STRESS,2009-09-24T10:35:00+00:00,4351.920268568457,2009
R6B-307,STRESS,2009-09-25T08:35:00+00:00,4344.25062272306,2009
R6B-307,STRESS,2009-09-28T04:05:00+00:00,4313.926908444479,2009
R6B-307,STRESS,2009-09-29T08:35:00+00:00,4310.79681300433,2009
R6B-307,STRESS,2009-09-30T05:30:00+00:00,4313.029818733767,2009
R6B-307,STRESS,2009-09-30T10:00:00+00:00,4326.182972661504,2009
R6B-307,STRESS,2009-10-01T11:45:00+00:00,4303.714269441096,2009
R6B-307,STRESS,2009-10-05T05:25:00+00:00,4302.129171740897,2009
R6B-307,STRESS,2009-10-05T10:25:00+00:00,4297.927094450886,2009
R6B-307,STRESS,2009-10-06T05:30:00+00:00,4295.920337283899,2009
R6B-307,STRESS,2009-10-06T10:05:00+00:00,4305.7511828633105,2009
R6B-307,STRESS,2009-10-07T10:15:00+00:00,4316.967286044796,2009
R6B-307,STRESS,2009-10-08T04:45:00+00:00,4326.520541903477,2009
R6B-307,STRESS,2009-10-08T08:50:00+00:00,4330.601939106836,2009
R6B-307,STRESS,2009-10-12T04:05:00+00:00,4316.897102063454,2009
R6B-307,STRESS,2009-10-14T07:00:00+00:00,4312.195464198816,2009
R6B-307,STRESS,2009-10-15T08:45:00+00:00,4278.3335745707,2009
R6B-307,STRESS,2009-10-16T05:10:00+00:00,4245.829575910081,2009
R6B-307,STRESS,2009-10-19T10:45:00+00:00,4249.98924479338,2009
R6B-307,STRESS,2009-10-20T05:40:00+00:00,4244.973490024981,2009
R6B-307,STRESS,2009-10-20T11:00:00+00:00,4228.022818559868,2009
R6B-307,STRESS,2009-10-21T09:10:00+00:00,4225.719512841091,2009
R6B-307,STRESS,2009-10-23T04:20:00+00:00,4219.869193833632,2009
R6B-307,STRESS,2009-10-23T09:55:00+00:00,4209.036459671661,2009
R6B-307,STRESS,2009-10-26T06:05:00+00:00,4197.253941878764,2009
R6B-307,STRESS,2009-10-27T07:10:00+00:00,4196.33197057922,2009
R6B-307,STRESS,2009-10-28T05:20:00+00:00,4181.370306707872,2009
R6B-307,STRESS,2009-10-29T07:55:00+00:00,4178.34846950497,2009
R6B-307,STRESS,2009-10-30T08:20:00+00:00,4160.92813075453,2009
R6B-307,STRESS,2009-11-02T10:00:00+00:00,4188.216337580735,2009
R6B-307,STRESS,2009-11-03T04:05:00+00:00,4189.1971388548445,2009
R6B-307,STRESS,2009-11-06T09:30:00+00:00,4198.018547953576,2009
R6B-307,STRESS,2009-11-09T04:35:00+00:00,4220.599397945861,2009
R6B-307,STRESS,2009-11-09T10:35:00+00:00,4227.643969234797,2009
R6B-307,STRESS,2009-11-11T08:20:00+00:00,4243.482945182077,2009
R6B-307,STRESS,2009-11-12T04:30:00+00:00,4242.038659218672,2009
R6B-307,STRESS,2009-11-13T10:20:00+00:00,4243.052209253674,2009
R6B-307,STRESS,2009-11-16T04:05:00+00:00,4247.8613372249665,2009
R6B-307,STRESS,2009-11-16T08:15:00+00:00,4252.188732296768,2009
R6B-307,STRESS,2009-11-20T09:45:00+00:00,4242.6620227063495,2009
R6B-307,STRESS,2009-11-23T04:05:00+00:00,4256.278350115758,2009
R6B-307,STRESS,2009-11-23T11:20:00+00:00,4253.073372774867,2009
R6B-307,STRESS,2009-11-24T09:00:00+00:00,4242.537261422892,2009
R6B-307,STRESS,2009-11-25T06:05:00+00:00,4255.141578152622,2009
R6B-307,STRESS,2009-11-25T10:25:00+00:00,4251.590032751799,2009
R6B-307,STRESS,2009-11-26T05:25:00+00:00,4242.219450190295,2009
R6B-307,STRESS,2009-11-30T05:15:00+00:00,4213.600619496393,2009
R6B-307,STRESS,2009-12-01T11:25:00+00:00,4253.21255899726,2009
R6B-307,STRESS,2009-12-02T04:25:00+00:00,4275.68424032219,2009
R6B-307,STRESS,2009-12-02T09:00:00+00:00,4278.324128640616,2009
R6B-307,STRESS,2009-12-03T04:15:00+00:00,4290.22397905194,2009
R6B-307,STRESS,2009-12-08T04:40:00+00:00,4283.634169525998,2009
R6B-307,STRESS,2009-12-10T05:25:00+00:00,4245.034131691337,2009
R6B-307,STRESS,2009-12-11T04:05:00+00:00,4237.702347072272,2009
R6B-307,STRESS,2009-12-11T09:55:00+00:00,4237.207838620895,2009
R6B-307,STRESS,2009-12-14T05:10:00+00:00,4251.63804420405,2009
R6B-307,STRESS,2009-12-14T09:45:00+00:00,4237.928143598867,2009
R6B-307,STRESS,2009-12-15T06:50:00+00:00,4213.909872741318,2009
R6B-307,STRESS,2009-12-16T05:20:00+00:00,4198.841209251789,2009
R6B-307,STRESS,2009-12-17T04:25:00+00:00,4165.705377540648,2009
R6B-307,STRESS,2009-12-18T06:25:00+00:00,4156.543727012971,2009
R6B-307,STRESS,2009-12-21T07:25:00+00:00,4147.024313959983,2009
R6B-307,STRESS,2009-12-24T06:10:00+00:00,4152.241764141696,2009
R6B-307,STRESS,2009-12-24T10:15:00+00:00,4176.214956223152,2009
R6B-307,STRESS,2009-12-28T04:05:00+00:00,4188.850089978481,2009
R6B-307,STRESS,2009-12-31T05:15:00+00:00,4190.362220383882,2009
R6B-307,STRESS,2009-12-31T10:40:00+00:00,4208.282260550882,2009
R6B-307,STRESS,2010-01-04T06:15:00+00:00,4224.893506144887,2010
R6B-307,STRESS,2010-01-04T10:15:00+00:00,4263.346124917543,2010
R6B-307,STRESS,2010-01-05T07:20:00+00:00,4272.115281059637,2010
R6B-307,STRESS,2010-01-06T06:00:00+00:00,4271.17416304996,2010
R6B-307,STRESS,2010-01-11T04:05:00+00:00,4271.404288174421,2010
R6B-307,STRESS,2010-01-12T10:30:00+00:00,4260.069159174942,2010
R6B-307,STRESS,2010-01-14T04:20:00+00:00,4259.811000169283,2010
R6B-307,STRESS,2010-01-18T07:45:00+00:00,4263.956210074407,2010
R6B-307,STRESS,2010-01-19T04:15:00+00:00,4259.815634183362,2010
R6B-307,STRESS,2010-01-19T11:25:00+00:00,4231.267823495499,2010
R6B-307,STRESS,2010-01-20T04:50:00+00:00,4203.0876121249175,2010
R6B-307,STRESS,2010-01-21T10:45:00+00:00,4150.254120973679,2010
R6B-307,STRESS,2010-01-22T11:35:00+00:00,4133.588576348575,2010
R6B-307,STRESS,2010-01-25T05:50:00+00:00,4137.246624286258,2010
R6B-307,STRESS,2010-01-25T09:55:00+00:00,4131.66409183944,2010
R6B-307,STRESS,2010-01-26T05:15:00+00:00,4104.2837646852,2010
R6B-307,STRESS,2010-01-27T06:05:00+00:00,4081.6597084234236,2010
R6B-307,STRESS,2010-01-28T09:20:00+00:00,4081.377299504011,2010
R6B-307,STRESS,2010-02-01T04:20:00+00:00,4053.298354861424,2010
R6B-307,STRESS,2010-02-02T11:40:00+00:00,4080.342559486859,2010
R6B-307,STRESS,2010-02-03T11:20:00+00:00,4078.8360362044727,2010
R6B-307,STRESS,2010-02-08T04:50:00+00:00,4068.3891229598285,2010
R6B-307,STRESS,2010-02-08T11:30:00+00:00,4062.9629323524928,2010
R6B-307,STRESS,2010-02-09T08:00:00+00:00,4073.3127212588174,2010
R6B-307,STRESS,2010-02-10T11:10:00+00:00,4067.906283983284,2010
R6B-307,STRESS,2010-02-11T05:05:00+00:00,4071.332441312118,2010
R6B-307,STRESS,2010-02-11T09:25:00+00:00,4065.4696473372032,2010
R6B-307,STRESS,2010-02-15T04:05:00+00:00,4056.097430642408,2010
R6B-307,STRESS,2010-02-16T04:30:00+00:00,4065.666725977103,2010
R6B-307,STRESS,2010-02-16T08:40:00+00:00,4092.3036318627196,2010
R6B-307,STRESS,2010-02-22T04:20:00+00:00,4084.033380316918,2010
R6B-307,STRESS,2010-02-23T08:30:00+00:00,4092.866055609898,2010
R6B-307,STRESS,2010-02-24T05:30:00+00:00,4084.2638884523235,2010
R6B-307,STRESS,2010-02-26T05:30:00+00:00,4075.7305278664808,2010
R6B-307,STRESS,2010-02-26T11:10:00+00:00,4075.5928422601414,2010
R6B-307,STRESS,2010-03-01T04:50:00+00:00,4062.7486485985874,2010
R6B-307,STRESS,2010-03-01T11:35:00+00:00,4047.390570795317,2010
R6B-307,STRESS,2010-03-05T07:15:00+00:00,4043.9667415158992,2010
R6B-307,STRESS,2010-03-08T11:05:00+00:00,4033.751873622466,2010
R6B-307,STRESS,2010-03-10T07:30:00+00:00,4032.6192825174494,2010
R6B-307,STRESS,2010-03-12T04:05:00+00:00,4028.662974643336,2010
R6B-307,STRESS,2010-03-12T08:15:00+00:00,4028.4339788694124,2010
R6B-307,STRESS,2010-03-15T09:50:00+00:00,4019.5649986777944,2010
R6B-307,STRESS,2010-03-16T07:45:00+00:00,4022.049256141851,2010
R6B-307,STRESS,2010-03-17T10:55:00+00:00,4030.390207879089,2010
R6B-307,STRESS,2010-03-22T08:20:00+00:00,4023.187990595414,2010
R6B-307,STRESS,2010-03-23T04:10:00+00:00,4018.2282321434777,2010
R6B-307,STRESS,2010-03-25T11:10:00+00:00,4024.905968479203,2010
R6B-307,STRESS,2010-03-26T07:40:00+00:00,4029.823184201429,2010
R6B-307,STRESS,2010-03-29T10:05:00+00:00,4036.425183526959,2010
R6B-307,STRESS,2010-03-30T08:05:00+00:00,4031.60093434034,2010
R6B-307,STRESS,2010-03-31T04:30:00+00:00,4030.1712478156965,2010
R6B-307,STRESS,2010-03-31T10:00:00+00:00,4031.2040573626377,2010
R6B-307,STRESS,2010-04-01T11:25:00+00:00,4035.64055164684,2010
R6B-307,STRESS,2010-04-05T04:45:00+00:00,4031.4189401471776,2010
R6B-307,STRESS,2010-04-07T08:30:00+00:00,4020.0114226940505,2010
R6B-307,STRESS,2010-04-09T08:15:00+00:00,4033.0541231243456,2010
R6B-307,STRESS,2010-04-12T04:05:00+00:00,4030.613039804096,2010
R6B-307,STRESS,2010-04-12T11:35:00+00:00,4009.605983393396,2010
R6B-307,STRESS,2010-04-14T05:20:00+00:00,4009.230763210224,2010
R6B-307,STRESS,2010-04-14T09:45:00+00:00,4020.4145254253735,2010
R6B-307,STRESS,2010-04-20T05:05:00+00:00,4015.7823999186417,2010
R6B-307,STRESS,2010-04-20T11:05:00+00:00,4025.1208406971396,2010
R6B-307,STRESS,2010-04-21T04:05:00+00:00,4022.2910088316403,2010
R6B-307,STRESS,2010-04-21T09:20:00+00:00,4023.17852987314,2010
R6B-307,STRESS,2010-04-22T09:40:00+00:00,4008.0363524085046,2010
R6B-307,STRESS,2010-04-23T11:05:00+00:00,3996.995484540593,2010
R6B-307,STRESS,2010-04-26T05:05:00+00:00,3994.397395198964,2010
R6B-307,STRESS,2010-04-27T05:05:00+00:00,3982.874187476219,2010
R6B-307,STRESS,2010-04-30T04:45:00+00:00,3982.6476390018065,2010
R6B-307,STRESS,2010-05-06T12:00:00+00:00,3990.6628890776174,2010
R6B-307,STRESS,2010-05-11T08:50:00+00:00,4005.0760211957695,2010
R6B-307,STRESS,2010-05-12T08:55:00+00:00,4006.7670848138514,2010
R6B-307,STRESS,2010-05-14T05:05:00+00:00,3999.997991833546,2010
R6B-307,STRESS,2010-05-14T11:40:00+00:00,4018.6547932465564,2010
R6B-307,STRESS,2010-05-17T05:40:00+00:00,4024.2060506543176,2010
R6B-307,STRESS,2010-05-18T09:45:00+00:00,3980.9251213732346,2010
R6B-307,STRESS,2010-05-20T04:10:00+00:00,3976.123707777751,2010
R6B-307,STRESS,2010-05-20T08:40:00+00:00,3941.562869770963,2010
R6B-307,STRESS,2010-05-24T04:10:00+00:00,3943.882910464722,2010
R6B-307,STRESS,2010-05-24T08:35:00+00:00,3945.164165689281,2010
R6B-307,STRESS,2010-05-25T08:00:00+00:00,3924.65201853438,2010
R6B-307,STRESS,2010-05-26T04:05:00+00:00,3915.4261068823757,2010
R6B-307,STRESS,2010-05-26T08:20:00+00:00,3917.664539233646,2010
R6B-307,STRESS,2010-05-27T07:25:00+00:00,3905.146784101231,2010
R6B-307,STRESS,2010-05-28T09:25:00+00:00,3903.2223577027003,2010
R6B-307,STRESS,2010-05-31T08:50:00+00:00,3892.4744310843607,2010
R6B-307,STRESS,2010-06-01T04:05:00+00:00,3894.839734308458,2010
R6B-307,STRESS,2010-06-02T04:35:00+00:00,3883.579910656332,2010
R6B-307,STRESS,2010-06-08T11:45:00+00:00,3889.7825625471264,2010
R6B-307,STRESS,2010-06-11T06:45:00+00:00,3886.0422428377638,2010
R6B-307,STRESS,2010-06-14T04:05:00+00:00,3879.9417433201797,2010
R6B-307,STRESS,2010-06-14T10:55:00+00:00,3860.639389746742,2010
R6B-307,STRESS,2010-06-15T10:25:00+00:00,3856.7600188628867,2010
R6B-307,STRESS,2010-06-17T04:10:00+00:00,3857.0258174174282,2010
R6B-307,STRESS,2010-06-17T10:40:00+00:00,3851.1820296269334,2010
R6B-307,STRESS,2010-06-21T10:05:00+00:00,3837.9085913709027,2010
R6B-307,STRESS,2010-06-22T05:40:00+00:00,3827.52196608041,2010
R6B-307,STRESS,2010-06-23T11:25:00+00:00,3832.40611736526,2010
R6B-307,STRESS,2010-06-25T06:20:00+00:00,3819.19778685273,2010
R6B-307,STRESS,2010-06-25T11:30:00+00:00,3814.1190207744617,2010
R6B-307,STRESS,2010-06-28T04:30:00+00:00,3804.7490280489146,2010
R6B-307,STRESS,2010-06-29T04:15:00+00:00,3793.2010228794757,2010
R6B-307,STRESS,2010-07-02T06:25:00+00:00,3792.58425748007,2010
R6B-307,STRESS,2010-07-02T11:30:00+00:00,3782.0227060061784,2010
R6B-307,STRESS,2010-07-05T06:50:00+00:00,3773.368342848241,2010
R6B-307,STRESS,2010-07-08T04:05:00+00:00,3767.323531696484,2010
R6B-307,STRESS,2010-07-08T10:30:00+00:00,3739.7254661438083,2010
R6B-307,STRESS,2010-07-09T11:20:00+00:00,3729.8972438938,2010
R6B-307,STRESS,2010-07-13T11:30:00+00:00,3738.8933549672015,2010
R6B-307,STRESS,2010-07-14T10:30:00+00:00,3733.738289158785,2010
R6B-307,STRESS,2010-07-15T04:10:00+00:00,3735.750114304081,2010
R6B-307,STRESS,2010-07-16T04:35:00+00:00,3722.4564262108265,2010
R6B-307,STRESS,2010-07-19T06:05:00+00:00,3716.3792929040937,2010
R6B-307,STRESS,2010-07-20T10:30:00+00:00,3691.225175543915,2010
R6B-307,STRESS,2010-07-23T11:30:00+00:00,3687.0571703849973,2010
R6B-307,STRESS,2010-07-26T04:40:00+00:00,3689.1078649934493,2010
R6B-307,STRESS,2010-07-26T10:50:00+00:00,3665.228789762911,2010
R6B-307,STRESS,2010-07-27T05:55:00+00:00,3662.9032164341425,2010
R6B-307,STRESS,2010-07-27T11:40:00+00:00,3652.9902909304583,2010
R6B-307,STRESS,2010-07-28T06:50:00+00:00,3646.9366757919315,2010
R6B-307,STRESS,2010-07-28T11:25:00+00:00,3639.0228668389254,2010
R6B-307,STRESS,2010-07-29T04:45:00+00:00,3638.3286290275128,2010
R6B-307,STRESS,2010-07-29T09:55:00+00:00,3631.5879480237627,2010
R6B-307,STRESS,2010-07-30T07:45:00+00:00,3626.9909093192446,2010
R6B-307,STRESS,2010-08-02T06:55:00+00:00,3618.1596593789777,2010
R6B-307,STRESS,2010-08-04T04:55:00+00:00,3617.6662830645023,2010
R6B-307,STRESS,2010-08-05T11:55:00+00:00,3610.6148206210287,2010
R6B-307,STRESS,2010-08-06T08:45:00+00:00,3607.140459068065,2010
R6B-307,STRESS,2010-08-09T09:05:00+00:00,3609.707769236366,2010
R6B-307,STRESS,2010-08-13T08:40:00+00:00,3607.4741878268505,2010
R6B-307,STRESS,2010-08-16T04:05:00+00:00,3612.376278809722,2010
R6B-307,STRESS,2010-08-16T10:25:00+00:00,3615.002366017354,2010
R6B-307,STRESS,2010-08-17T11:10:00+00:00,3614.9886761861026,2010
R6B-307,STRESS,2010-08-23T05:05:00+00:00,3613.7932575016407,2010
R6B-307,STRESS,2010-08-23T11:15:00+00:00,3597.7006856891217,2010
R6B-307,STRESS,2010-08-25T09:20:00+00:00,3608.5203015218085,2010
R6B-307,STRESS,2010-08-26T09:15:00+00:00,3606.3345250469424,2010
R6B-307,STRESS,2010-09-01T09:55:00+00:00,3606.0208877758764,2010
R6B-307,STRESS,2010-09-02T08:50:00+00:00,3605.085595823421,2010
R6B-307,STRESS,2010-09-03T11:15:00+00:00,3602.131488299043,2010
R6B-307,STRESS,2010-09-06T08:10:00+00:00,3601.92132856926,2010
R6B-307,STRESS,2010-09-08T08:00:00+00:00,3603.9597031127355,2010
R6B-307,STRESS,2010-09-09T08:40:00+00:00,3597.142117241503,2010
R6B-307,STRESS,2010-09-10T09:20:00+00:00,3595.2772025039308,2010
R6B-307,STRESS,2010-09-13T10:10:00+00:00,3587.914395552172,2010
R6B-307,STRESS,2010-09-14T10:40:00+00:00,3590.9753881378997,2010
R6B-307,STRESS,2010-09-15T11:10:00+00:00,3581.931255708445,2010
R6B-307,STRESS,2010-09-17T06:25:00+00:00,3585.5964392279025,2010
R6B-307,STRESS,2010-09-17T10:55:00+00:00,3577.518732450511,2010
R6B-307,STRESS,2010-09-20T05:05:00+00:00,3584.854641301155,2010
R6B-307,STRESS,2010-09-20T10:10:00+00:00,3575.8903025965665,2010
R6B-307,STRESS,2010-09-22T08:10:00+00:00,3572.400019304791,2010
R6B-307,STRESS,2010-09-23T05:25:00+00:00,3563.267045561492,2010
R6B-307,STRESS,2010-09-24T11:35:00+00:00,3570.2090989950534,2010
R6B-307,STRESS,2010-09-27T09:05:00+00:00,3566.9482226468153,2010
R6B-307,STRESS,2010-09-29T08:05:00+00:00,3563.414958590892,2010
R6B-307,STRESS,2010-09-30T10:50:00+00:00,3571.7988435584975,2010
R6B-307,STRESS,2010-10-01T07:00:00+00:00,3565.0562749378214,2010
R6B-307,STRESS,2010-10-01T11:15:00+00:00,3573.4717125227503,2010
R6B-307,STRESS,2010-10-04T10:15:00+00:00,3561.232910745586,2010
R6B-307,STRESS,2010-10-05T08:50:00+00:00,3579.495242911919,2010
R6B-307,STRESS,2010-10-06T04:20:00+00:00,3582.3606447601946,2010
R6B-307,STRESS,2010-10-06T08:35:00+00:00,3584.1381986449205,2010
R6B-307,STRESS,2010-10-07T06:40:00+00:00,3595.8246752862597,2010
R6B-307,STRESS,2010-10-07T10:40:00+00:00,3594.9208237909224,2010
R6B-307,STRESS,2010-10-11T04:05:00+00:00,3592.7221234656863,2010
R6B-307,STRESS,2010-10-13T04:50:00+00:00,3597.11352742993,2010
R6B-307,STRESS,2010-10-13T11:55:00+00:00,3591.4896194419475,2010
R6B-307,STRESS,2010-10-14T04:05:00+00:00,3593.395703062336,2010
R6B-307,STRESS,2010-10-14T08:55:00+00:00,3595.316494347065,2010
R6B-307,STRESS,2010-10-20T07:20:00+00:00,3596.535933194513,2010
R6B-307,STRESS,2010-10-20T11:50:00+00:00,3592.292860665753,2010
R6B-307,STRESS,2010-10-22T07:15:00+00:00,3577.1890010921556,2010
R6B-307,STRESS,2010-10-25T04:05:00+00:00,3587.024023211901,2010
R6B-307,STRESS,2010-10-25T09:20:00+00:00,3597.667460600016,2010
R6B-307,STRESS,2010-10-26T05:00:00+00:00,3582.3173595215626,2010
R6B-307,STRESS,2010-11-01T04:05:00+00:00,3573.7119374346967,2010
R6B-307,STRESS,2010-11-01T09:20:00+00:00,3572.3353177408594,2010
R6B-307,STRESS,2010-11-02T07:25:00+00:00,3572.7410382778944,2010
R6B-307,STRESS,2010-11-04T05:10:00+00:00,3583.969844052581,2010
R6B-307,STRESS,2010-11-04T11:40:00+00:00,3591.3886110694616,2010
R6B-307,STRESS,2010-11-09T06:40:00+00:00,3591.328340235159,2010
R6B-307,STRESS,2010-11-11T06:20:00+00:00,3592.306248413062,2010
R6B-307,STRESS,2010-11-16T08:40:00+00:00,3578.3541696244583,2010
R6B-307,STRESS,2010-11-18T04:45:00+00:00,3589.849695872762,2010
R6B-307,STRESS,2010-11-18T09:40:00+00:00,3598.7033209184447,2010
R6B-307,STRESS,2010-11-19T04:05:00+00:00,3569.879709376998,2010
R6B-307,STRESS,2010-11-22T04:05:00+00:00,3571.0161842737207,2010
R6B-307,STRESS,2010-11-22T08:45:00+00:00,3567.214669600319,2010
R6B-307,STRESS,2010-11-23T11:15:00+00:00,3553.1970494104444,2010
R6B-307,STRESS,2010-11-24T10:50:00+00:00,3548.2321969805485,2010
R6B-307,STRESS,2010-11-29T07:00:00+00:00,3539.76813047134,2010
R6B-307,STRESS,2010-11-29T11:20:00+00:00,3522.3633506096326,2010
R6B-307,STRESS,2010-11-30T11:20:00+00:00,3529.0526343685865,2010
R6B-307,STRESS,2010-12-01T05:55:00+00:00,3532.0421580253496,2010
R6B-307,STRESS,2010-12-01T10:30:00+00:00,3527.867272525611,2010
R6B-307,STRESS,2010-12-02T07:10:00+00:00,3528.0207951075517,2010
R6B-307,STRESS,2010-12-02T11:40:00+00:00,3514.9805946975384,2010
R6B-307,STRESS,2010-12-03T10:05:00+00:00,3512.68017775974,2010
R6B-307,STRESS,2010-12-06T10:15:00+00:00,3508.3881843864015,2010
R6B-307,STRESS,2010-12-09T06:35:00+00:00,3503.2436834556743,2010
R6B-307,STRESS,2010-12-10T09:05:00+00:00,3500.4912139111498,2010
R6B-307,STRESS,2010-12-13T07:15:00+00:00,3501.3365981839065,2010
R6B-307,STRESS,2010-12-13T11:15:00+00:00,3500.192823437602,2010
R6B-307,STRESS,2010-12-14T05:30:00+00:00,3503.1199158899017,2010
R6B-307,STRESS,2010-12-16T10:15:00+00:00,3505.8490842309297,2010
R6B-307,STRESS,2010-12-17T05:10:00+00:00,3506.1229938287074,2010
R6B-307,STRESS,2010-12-17T10:35:00+00:00,3496.5443651118594,2010
R6B-307,STRESS,2010-12-20T04:05:00+00:00,3501.2528429084014,2010
R6B-307,STRESS,2010-12-20T10:05:00+00:00,3495.1084627498667,2010
R6B-307,STRESS,2010-12-21T06:00:00+00:00,3487.8894027995148,2010
R6B-307,STRESS,2010-12-21T11:10:00+00:00,3479.92356170788,2010
R6B-307,STRESS,2010-12-22T05:00:00+00:00,3477.8510414737884,2010
R6B-307,STRESS,2010-12-23T07:05:00+00:00,3473.3282628854276,2010
R6B-307,STRESS,2010-12-24T07:40:00+00:00,3479.653920470757,2010
R6B-307,STRESS,2010-12-24T11:50:00+00:00,3471.909727317617,2010
R6B-307,STRESS,2010-12-27T09:45:00+00:00,3462.913779278274,2010
R6B-307,STRESS,2010-12-28T04:10:00+00:00,3474.3756156835675,2010
R6B-307,STRESS,2010-12-28T08:25:00+00:00,3466.4637065047777,2010
R6B-307,STRESS,2010-12-29T09:40:00+00:00,3461.337055337591,2010
R6B-307,STRESS,2010-12-30T10:00:00+00:00,3455.47684720087,2010
R6B-307,STRESS,2010-12-31T04:25:00+00:00,3454.759011728685,2010
R6B-307,STRESS,2010-12-31T10:30:00+00:00,3454.5157988391,2010
R6B-307,STRESS,2011-01-06T11:15:00+00:00,3439.647496299824,2011
R6B-307,STRESS,2011-01-10T05:40:00+00:00,3439.2943627043037,2011
R6B-307,STRESS,2011-01-11T04:10:00+00:00,3435.5007449872837,2011
R6B-307,STRESS,2011-01-11T11:25:00+00:00,3443.2588241710096,2011
R6B-307,STRESS,2011-01-12T06:00:00+00:00,3436.955920008519,2011
R6B-307,STRESS,2011-01-12T11:55:00+00:00,3422.171099222211,2011
R6B-307,STRESS,2011-01-14T09:45:00+00:00,3401.1188451658313,2011
R6B-307,STRESS,2011-01-17T04:05:00+00:00,3402.717104712472,2011
R6B-307,STRESS,2011-01-18T04:25:00+00:00,3402.5042731974354,2011
R6B-307,STRESS,2011-01-18T08:55:00+00:00,3406.356463759366,2011
R6B-307,STRESS,2011-01-19T04:50:00+00:00,3405.071221250504,2011
R6B-307,STRESS,2011-01-19T09:35:00+00:00,3397.4652921581287,2011
R6B-307,STRESS,2011-01-20T08:25:00+00:00,3373.5879031285203,2011
R6B-307,STRESS,2011-01-24T04:35:00+00:00,3382.8096233649026,2011
R6B-307,STRESS,2011-01-26T05:20:00+00:00,3377.1273399551956,2011
R6B-307,STRESS,2011-01-26T11:20:00+00:00,3373.8746310463457,2011
R6B-307,STRESS,2011-01-27T07:10:00+00:00,3365.3380618218034,2011
R6B-307,STRESS,2011-02-01T05:05:00+00:00,3366.221775734515,2011
R6B-307,STRESS,2011-02-01T11:30:00+00:00,3358.9801889557234,2011
R6B-307,STRESS,2011-02-07T10:10:00+00:00,3353.9237220197892,2011
R6B-307,STRESS,2011-02-08T10:55:00+00:00,3354.4461221109555,2011
R6B-307,STRESS,2011-02-09T11:15:00+00:00,3345.0701250006236,2011
R6B-307,STRESS,2011-02-14T09:10:00+00:00,3342.6255335687238,2011
R6B-307,STRESS,2011-02-15T06:50:00+00:00,3339.934917037217,2011
R6B-307,STRESS,2011-02-16T10:20:00+00:00,3338.9953266482516,2011
R6B-307,STRESS,2011-02-17T06:00:00+00:00,3335.259425941172,2011
R6B-307,STRESS,2011-02-17T11:35:00+00:00,3329.3728852409204,2011
R6B-307,STRESS,2011-02-18T08:15:00+00:00,3331.8259114084253,2011
R6B-307,STRESS,2011-02-21T04:55:00+00:00,3334.1536865013263,2011
R6B-307,STRESS,2011-02-21T11:00:00+00:00,3344.6895629052656,2011
R6B-307,STRESS,2011-02-22T04:05:00+00:00,3330.908750941625,2011
R6B-307,STRESS,2011-02-25T08:35:00+00:00,3326.8843668879776,2011
R6B-307,STRESS,2011-02-28T04:05:00+00:00,3322.2684394680473,2011
R6B-307,STRESS,2011-02-28T11:05:00+00:00,3306.0278744323987,2011
R6B-307,STRESS,2011-03-01T08:10:00+00:00,3305.7526735128085,2011
R6B-307,STRESS,2011-03-04T05:50:00+00:00,3300.8960252670477,2011
R6B-307,STRESS,2011-03-07T04:05:00+00:00,3301.1731325483292,2011
R6B-307,STRESS,2011-03-07T10:15:00+00:00,3297.7700088627525,2011
R6B-307,STRESS,2011-03-11T07:00:00+00:00,3285.0001865218055,2011
R6B-307,STRESS,2011-03-11T11:45:00+00:00,3260.5677602271167,2011
R6B-307,STRESS,2011-03-14T04:05:00+00:00,3250.421356521097,2011
R6B-307,STRESS,2011-03-16T04:45:00+00:00,3245.765207601229,2011
R6B-307,STRESS,2011-03-16T10:25:00+00:00,3239.9585776584886,2011
R6B-307,STRESS,2011-03-17T11:20:00+00:00,3250.29491560258,2011
R6B-307,STRESS,2011-03-18T04:05:00+00:00,3250.057655585945,2011
R6B-307,STRESS,2011-03-18T10:55:00+00:00,3253.4560719723395,2011
R6B-307,STRESS,2011-03-21T04:05:00+00:00,3260.6270613340293,2011
R6B-307,STRESS,2011-03-22T05:30:00+00:00,3259.1772053654986,2011
R6B-307,STRESS,2011-03-23T11:05:00+00:00,3264.422291108437,2011
R6B-307,STRESS,2011-03-25T07:30:00+00:00,3262.90415957088,2011
R6B-307,STRESS,2011-03-25T11:55:00+00:00,3260.5738425942704,2011
R6B-307,STRESS,2011-03-30T09:55:00+00:00,3252.580904568611,2011
R6B-307,STRESS,2011-03-31T05:55:00+00:00,3252.9170517298035,2011
R6B-307,STRESS,2011-03-31T10:30:00+00:00,3250.6863720654937,2011
R6B-307,STRESS,2011-04-01T11:00:00+00:00,3245.328337662106,2011
R6B-307,STRESS,2011-04-04T05:10:00+00:00,3240.7047720373826,2011
R6B-307,STRESS,2011-04-04T10:55:00+00:00,3243.8242984274716,2011
R6B-307,STRESS,2011-04-05T04:35:00+00:00,3239.315334066552,2011
R6B-307,STRESS,2011-04-05T09:00:00+00:00,3229.307858634235,2011
R6B-307,STRESS,2011-04-06T10:50:00+00:00,3236.6464715586585,2011
R6B-307,STRESS,2011-04-08T05:55:00+00:00,3243.0838159710206,2011
R6B-307,STRESS,2011-04-08T10:55:00+00:00,3251.5517679557743,2011
R6B-307,STRESS,2011-04-11T04:05:00+00:00,3242.4362770860193,2011
R6B-307,STRESS,2011-04-13T04:10:00+00:00,3242.8309671584325,2011
R6B-307,STRESS,2011-04-13T09:05:00+00:00,3238.554155785648,2011
R6B-307,STRESS,2011-04-14T04:05:00+00:00,3236.627661495881,2011
R6B-307,STRESS,2011-04-14T09:25:00+00:00,3232.6206502989185,2011
R6B-307,STRESS,2011-04-15T04:05:00+00:00,3220.0098238380992,2011
R6B-307,STRESS,2011-04-20T06:45:00+00:00,3225.35928842584,2011
R6B-307,STRESS,2011-04-20T10:55:00+00:00,3228.2791357601895,2011
R6B-307,STRESS,2011-04-21T04:30:00+00:00,3229.9534138165404,2011
R6B-307,STRESS,2011-04-21T09:45:00+00:00,3224.3256367415293,2011
R6B-307,STRESS,2011-04-22T08:25:00+00:00,3226.95399499461,2011
R6B-307,STRESS,2011-04-25T04:05:00+00:00,3225.503148037053,2011
R6B-307,STRESS,2011-04-25T08:05:00+00:00,3231.1993572224787,2011
R6B-307,STRESS,2011-04-27T04:35:00+00:00,3224.6308883554643,2011
R6B-307,STRESS,2011-04-28T08:40:00+00:00,3218.576697505289,2011
R6B-307,STRESS,2011-05-03T07:50:00+00:00,3204.3849434185945,2011
R6B-307,STRESS,2011-05-04T11:40:00+00:00,3196.9344368039806,2011
R6B-307,STRESS,2011-05-05T08:00:00+00:00,3186.5888388660296,2011
R6B-307,STRESS,2011-05-06T04:20:00+00:00,3185.495868296652,2011
R6B-307,STRESS,2011-05-09T06:40:00+00:00,3191.2744299494107,2011
R6B-307,STRESS,2011-05-09T11:15:00+00:00,3192.166210580103,2011
R6B-307,STRESS,2011-05-10T12:00:00+00:00,3194.2252429547416,2011
R6B-307,STRESS,2011-05-11T04:55:00+00:00,3199.5502773892867,2011
R6B-307,STRESS,2011-05-11T10:25:00+00:00,3194.434602496116,2011
R6B-307,STRESS,2011-05-13T10:20:00+00:00,3201.9865886771577,2011
R6B-307,STRESS,2011-05-16T11:15:00+00:00,3194.9368800592324,2011
R6B-307,STRESS,2011-05-17T07:10:00+00:00,3195.153929764381,2011
R6B-307,STRESS,2011-05-17T11:45:00+00:00,3187.8541174062384,2011
R6B-307,STRESS,2011-05-18T05:50:00+00:00,3185.438869616856,2011
R6B-307,STRESS,2011-05-18T11:20:00+00:00,3183.797992114211,2011
R6B-307,STRESS,2011-05-19T05:30:00+00:00,3174.584139132725,2011
R6B-307,STRESS,2011-05-20T08:35:00+00:00,3187.174038291016,2011
R6B-307,STRESS,2011-05-24T04:35:00+00:00,3182.843604332102,2011
R6B-307,STRESS,2011-05-24T09:20:00+00:00,3182.356190607581,2011
R6B-307,STRESS,2011-05-25T11:15:00+00:00,3182.34474619927,2011
R6B-307,STRESS,2011-05-26T08:35:00+00:00,3168.2451370602444,2011
R6B-307,STRESS,2011-05-27T05:00:00+00:00,3165.942671378318,2011
R6B-307,STRESS,2011-05-27T11:05:00+00:00,3159.4721876033905,2011
R6B-307,STRESS,2011-05-31T04:35:00+00:00,3153.600662444939,2011
R6B-307,STRESS,2011-06-06T04:50:00+00:00,3152.955367207662,2011
R6B-307,STRESS,2011-06-06T08:55:00+00:00,3145.5642929036717,2011
R6B-307,STRESS,2011-06-07T10:30:00+00:00,3148.6539541891307,2011
R6B-307,STRESS,2011-06-14T06:40:00+00:00,3150.6487545565933,2011
R6B-307,STRESS,2011-06-20T04:20:00+00:00,3142.229406840559,2011
R6B-307,STRESS,2011-06-21T05:55:00+00:00,3139.81645035935,2011
R6B-307,STRESS,2011-06-21T10:05:00+00:00,3138.273714127886,2011
R6B-307,STRESS,2011-06-27T07:25:00+00:00,3118.8180473808693,2011
R6B-307,STRESS,2011-06-28T11:35:00+00:00,3111.7209268384418,2011
R6B-307,STRESS,2011-06-29T04:30:00+00:00,3112.478479370361,2011
R6B-307,STRESS,2011-06-29T09:35:00+00:00,3112.3557626589045,2011
R6B-307,STRESS,2011-06-30T06:40:00+00:00,3100.6093707270206,2011
R6B-307,STRESS,2011-07-04T04:05:00+00:00,3102.8402610672406,2011
R6B-307,STRESS,2011-07-04T08:45:00+00:00,3101.192082788028,2011
R6B-307,STRESS,2011-07-05T04:30:00+00:00,3098.359732241696,2011
R6B-307,STRESS,2011-07-06T09:00:00+00:00,3094.5898654078264,2011
R6B-307,STRESS,2011-07-07T07:20:00+00:00,3091.833314684663,2011
R6B-307,STRESS,2011-07-11T08:40:00+00:00,3088.5721006337076,2011
R6B-307,STRESS,2011-07-13T11:10:00+00:00,3092.0802366688067,2011
R6B-307,STRESS,2011-07-18T04:05:00+00:00,3086.740629983871,2011
R6B-307,STRESS,2011-07-18T11:00:00+00:00,3088.641001814993,2011
R6B-307,STRESS,2011-07-19T09:30:00+00:00,3078.7110519315866,2011
R6B-307,STRESS,2011-07-20T06:50:00+00:00,3071.6577506240906,2011
R6B-307,STRESS,2011-07-20T11:20:00+00:00,3060.9676829898376,2011
R6B-307,STRESS,2011-07-21T10:20:00+00:00,3049.4149738910814,2011
R6B-307,STRESS,2011-07-25T04:05:00+00:00,3043.770965006002,2011
R6B-307,STRESS,2011-07-25T10:25:00+00:00,3045.776770665411,2011
R6B-307,STRESS,2011-07-26T08:35:00+00:00,3035.289032719191,2011
R6B-307,STRESS,2011-07-27T04:20:00+00:00,3034.0423265006775,2011
R6B-307,STRESS,2011-07-27T09:35:00+00:00,3025.969403716703,2011
R6B-307,STRESS,2011-07-28T06:50:00+00:00,3018.875738063583,2011
R6B-307,STRESS,2011-07-28T11:50:00+00:00,3015.20119144505,2011
R6B-307,STRESS,2011-07-29T06:35:00+00:00,3004.64904771348,2011
R6B-307,STRESS,2011-08-02T07:10:00+00:00,3008.5669532701077,2011
R6B-307,STRESS,2011-08-02T11:25:00+00:00,3008.1807680425213,2011
R6B-307,STRESS,2011-08-03T09:55:00+00:00,3013.286144154649,2011
R6B-307,STRESS,2011-08-04T07:20:00+00:00,3008.592901456119,2011
R6B-307,STRESS,2011-08-05T07:30:00+00:00,3010.759602748,2011
R6B-307,STRESS,2011-08-08T04:05:00+00:00,3032.406233744542,2011
R6B-307,STRESS,2011-08-08T08:20:00+00:00,3030.970813903071,2011
R6B-307,STRESS,2011-08-09T04:05:00+00:00,3100.690526403392,2011
R6B-307,STRESS,2011-08-09T08:05:00+00:00,3075.710730943614,2011
R6B-307,STRESS,2011-08-16T11:00:00+00:00,3085.255502474515,2011
R6B-307,STRESS,2011-08-17T10:05:00+00:00,3089.5834513148616,2011
R6B-307,STRESS,2011-08-18T06:50:00+00:00,3088.010314602428,2011
R6B-307,STRESS,2011-08-18T12:00:00+00:00,3115.2771100911714,2011
R6B-307,STRESS,2011-08-19T04:10:00+00:00,3128.863547381112,2011
R6B-307,STRESS,2011-08-19T09:40:00+00:00,3154.0694490926458,2011
R6B-307,STRESS,2011-08-22T04:05:00+00:00,3156.953186130971,2011
R6B-307,STRESS,2011-08-22T09:10:00+00:00,3168.304459719563,2011
R6B-307,STRESS,2011-08-26T07:25:00+00:00,3172.4010133853562,2011
R6B-307,STRESS,2011-08-26T11:30:00+00:00,3181.969928981245,2011
R6B-307,STRESS,2011-08-30T04:55:00+00:00,3175.797311607411,2011
R6B-307,STRESS,2011-09-02T06:45:00+00:00,3174.314540851313,2011
R6B-307,STRESS,2011-09-02T10:50:00+00:00,3200.414066790796,2011
R6B-307,STRESS,2011-09-05T04:15:00+00:00,3185.3679150710664,2011
R6B-307,STRESS,2011-09-05T11:35:00+00:00,3187.708256825766,2011
R6B-307,STRESS,2011-09-06T07:15:00+00:00,3191.486192558229,2011
R6B-307,STRESS,2011-09-08T05:00:00+00:00,3189.524383654096,2011
R6B-307,STRESS,2011-09-09T09:40:00+00:00,3201.8351581132565,2011
R6B-307,STRESS,2011-09-13T04:05:00+00:00,3209.346560144888,2011
R6B-307,STRESS,2011-09-13T08:20:00+00:00,3156.8150325258175,2011
R6B-307,STRESS,2011-09-14T05:10:00+00:00,3134.5696873618895,2011
R6B-307,STRESS,2011-09-15T04:20:00+00:00,3108.930852086622,2011
R6B-307,STRESS,2011-09-19T04:05:00+00:00,3100.4092063699345,2011
R6B-307,STRESS,2011-09-20T11:05:00+00:00,3095.7594210907882,2011
R6B-307,STRESS,2011-09-21T07:40:00+00:00,3100.9382591216236,2011
R6B-307,STRESS,2011-09-23T05:05:00+00:00,3078.1542835970486,2011
R6B-307,STRESS,2011-09-27T05:05:00+00:00,3084.3138628057295,2011
R6B-307,STRESS,2011-09-27T10:00:00+00:00,3114.6427212547924,2011
R6B-307,STRESS,2011-09-28T10:55:00+00:00,3116.114646253408,2011
R6B-307,STRESS,2011-09-29T07:40:00+00:00,3132.5526359110663,2011
R6B-307,STRESS,2011-09-30T05:05:00+00:00,3123.7042040179376,2011
R6B-307,STRESS,2011-10-03T05:10:00+00:00,3115.0005662132126,2011
R6B-307,STRESS,2011-10-03T10:30:00+00:00,3154.9974663445155,2011
R6B-307,STRESS,2011-10-04T10:10:00+00:00,3145.7820855412265,2011
R6B-307,STRESS,2011-10-05T04:10:00+00:00,3130.103269448206,2011
R6B-307,STRESS,2011-10-06T06:35:00+00:00,3130.6417351440027,2011
R6B-307,STRESS,2011-10-06T10:40:00+00:00,3130.9264514542297,2011
R6B-307,STRESS,2011-10-07T06:20:00+00:00,3132.756170950024,2011
R6B-307,STRESS,2011-10-10T05:00:00+00:00,3137.240046484231,2011
R6B-307,STRESS,2011-10-10T11:25:00+00:00,3147.5012124788122,2011
R6B-307,STRESS,2011-10-11T06:00:00+00:00,3139.7873443229523,2011
R6B-307,STRESS,2011-10-12T06:55:00+00:00,3146.4084024378467,2011
R6B-307,STRESS,2011-10-12T10:55:00+00:00,3161.4602815208145,2011
R6B-307,STRESS,2011-10-14T09:45:00+00:00,3171.29080377919,2011
R6B-307,STRESS,2011-10-17T07:15:00+00:00,3167.682905621893,2011
R6B-307,STRESS,2011-10-17T11:25:00+00:00,3153.6948070966037,2011
R6B-307,STRESS,2011-10-18T05:00:00+00:00,3142.1092608395284,2011
R6B-307,STRESS,2011-10-21T05:25:00+00:00,3139.5297904516315,2011
R6B-307,STRESS,2011-10-21T10:05:00+00:00,3123.0725291496337,2011
R6B-307,STRESS,2011-10-24T04:05:00+00:00,3124.2507674005656,2011
R6B-307,STRESS,2011-10-24T08:35:00+00:00,3128.9011914455846,2011
R6B-307,STRESS,2011-10-25T07:05:00+00:00,3125.5518424907323,2011
R6B-307,STRESS,2011-10-25T11:50:00+00:00,3113.6917255958933,2011
R6B-307,STRESS,2011-10-26T04:35:00+00:00,3116.9780101229303,2011
R6B-307,STRESS,2011-10-26T09:35:00+00:00,3108.6707195253894,2011
R6B-307,STRESS,2011-10-27T06:00:00+00:00,3098.4596690508974,2011
R6B-307,STRESS,2011-10-28T05:00:00+00:00,3085.477749697297,2011
R6B-307,STRESS,2011-11-02T05:05:00+00:00,3084.651379829125,2011
R6B-307,STRESS,2011-11-02T12:00:00+00:00,3079.259878232973,2011
R6B-307,STRESS,2011-11-07T04:40:00+00:00,3096.2474062847705,2011
R6B-307,STRESS,2011-11-07T11:05:00+00:00,3084.4189388225245,2011
R6B-307,STRESS,2011-11-11T05:50:00+00:00,3089.3373684942817,2011
R6B-307,STRESS,2011-11-14T04:05:00+00:00,3082.35928354002,2011
R6B-307,STRESS,2011-11-17T09:40:00+00:00,3069.2963455363392,2011
R6B-307,STRESS,2011-11-18T06:50:00+00:00,3060.019354415129,2011
R6B-307,STRESS,2011-11-22T06:15:00+00:00,3050.244159467944,2011
R6B-307,STRESS,2011-11-22T11:45:00+00:00,3066.4283204164717,2011
R6B-307,STRESS,2011-11-23T05:30:00+00:00,3062.13230901916,2011
R6B-307,STRESS,2011-11-24T11:05:00+00:00,3063.0194794496283,2011
R6B-307,STRESS,2011-11-28T04:05:00+00:00,3078.2631801538273,2011
R6B-307,STRESS,2011-11-29T09:45:00+00:00,3066.5064121907094,2011
R6B-307,STRESS,2011-11-30T04:20:00+00:00,3060.0620790981566,2011
R6B-307,STRESS,2011-12-02T10:20:00+00:00,3067.9659565934166,2011
R6B-307,STRESS,2011-12-05T04:05:00+00:00,3054.201033155382,2011
R6B-307,STRESS,2011-12-07T11:05:00+00:00,3041.8513927823283,2011
R6B-307,STRESS,2011-12-09T06:00:00+00:00,3030.2813624415157,2011
R6B-307,STRESS,2011-12-14T08:00:00+00:00,3021.117629014275,2011
R6B-307,STRESS,2011-12-15T11:50:00+00:00,3033.456018512245,2011
R6B-307,STRESS,2011-12-16T04:40:00+00:00,3049.7869041648137,2011
R6B-307,STRESS,2011-12-16T10:50:00+00:00,3043.9014366052747,2011
R6B-307,STRESS,2011-12-19T04:05:00+00:00,3022.010406319708,2011
R6B-307,STRESS,2011-12-20T05:00:00+00:00,3014.9058815438907,2011
R6B-307,STRESS,2011-12-21T04:05:00+00:00,3022.989930488476,2011
R6B-307,STRESS,2011-12-21T11:20:00+00:00,3017.642566940149,2011
R6B-307,STRESS,2011-12-23T05:15:00+00:00,3019.057047539653,2011
R6B-307,STRESS,2011-12-30T04:05:00+00:00,3023.195872458954,2011
R6B-307,STRESS,2011-12-30T11:10:00+00:00,3042.0250426897933,2011
R6B-307,STRESS,2012-01-03T04:05:00+00:00,3051.28446374707,2012
R6B-307,STRESS,2012-01-03T08:35:00+00:00,3056.7418880035066,2012
R6B-307,STRESS,2012-01-04T04:05:00+00:00,3036.7901213848727,2012
R6B-307,STRESS,2012-01-05T07:05:00+00:00,3043.713140000178,2012
R6B-307,STRESS,2012-01-05T11:05:00+00:00,3021.4993120019235,2012
R6B-307,STRESS,2012-01-06T07:05:00+00:00,3018.344348926744,2012
R6B-307,STRESS,2012-01-09T11:35:00+00:00,3013.853546303775,2012
R6B-307,STRESS,2012-01-10T05:40:00+00:00,3019.4967833973674,2012
R6B-307,STRESS,2012-01-10T10:20:00+00:00,3023.4393170854323,2012
R6B-307,STRESS,2012-01-11T07:20:00+00:00,3035.0387082964644,2012
R6B-307,STRESS,2012-01-12T09:30:00+00:00,3038.9205406605497,2012
R6B-307,STRESS,2012-01-16T07:30:00+00:00,3039.153953760703,2012
R6B-307,STRESS,2012-01-17T05:10:00+00:00,3055.633544704157,2012
R6B-307,STRESS,2012-01-17T10:15:00+00:00,3062.3277181693934,2012
R6B-307,STRESS,2012-01-18T08:40:00+00:00,3046.508234833564,2012
R6B-307,STRESS,2012-01-19T05:50:00+00:00,3043.096871894291,2012
R6B-307,STRESS,2012-01-20T11:35:00+00:00,3018.1394905627535,2012
R6B-307,STRESS,2012-01-23T05:35:00+00:00,3023.8408348698695,2012
R6B-307,STRESS,2012-01-25T11:35:00+00:00,2997.226135269047,2012
R6B-307,STRESS,2012-01-26T04:10:00+00:00,2991.813489388904,2012
R6B-307,STRESS,2012-01-26T11:10:00+00:00,2991.3263111050837,2012
R6B-307,STRESS,2012-01-31T05:10:00+00:00,2986.5739305986112,2012
R6B-307,STRESS,2012-01-31T11:25:00+00:00,2984.0014303333032,2012
R6B-307,STRESS,2012-02-02T05:05:00+00:00,2976.700357449015,2012
R6B-307,STRESS,2012-02-07T10:35:00+00:00,2965.2446172704344,2012
R6B-307,STRESS,2012-02-08T10:30:00+00:00,2949.1629914714194,2012
R6B-307,STRESS,2012-02-09T09:10:00+00:00,2947.1415026361196,2012
R6B-307,STRESS,2012-02-13T04:05:00+00:00,2948.2229106891446,2012
R6B-307,STRESS,2012-02-13T08:35:00+00:00,2949.714326874962,2012
R6B-307,STRESS,2012-02-15T05:15:00+00:00,2951.9570019883336,2012
R6B-307,STRESS,2012-02-15T09:30:00+00:00,2951.8777548938315,2012
R6B-307,STRESS,2012-02-17T05:05:00+00:00,2951.004715755945,2012
R6B-307,STRESS,2012-02-17T09:40:00+00:00,2946.5750454565623,2012
R6B-307,STRESS,2012-02-20T04:05:00+00:00,2946.1676527707446,2012
R6B-307,STRESS,2012-02-21T09:50:00+00:00,2948.845095350647,2012
R6B-307,STRESS,2012-02-22T11:25:00+00:00,2939.0111307514926,2012
R6B-307,STRESS,2012-02-24T08:40:00+00:00,2932.336605531972,2012
R6B-307,STRESS,2012-02-28T08:35:00+00:00,2942.2568332733063,2012
R6B-307,STRESS,2012-02-29T08:35:00+00:00,2934.2961078065073,2012
R6B-307,STRESS,2012-03-01T07:00:00+00:00,2921.672712928827,2012
R6B-307,STRESS,2012-03-05T05:05:00+00:00,2912.2233578940904,2012
R6B-307,STRESS,2012-03-06T05:05:00+00:00,2896.3900753217354,2012
R6B-307,STRESS,2012-03-07T04:10:00+00:00,2894.528023970404,2012
R6B-307,STRESS,2012-03-08T09:05:00+00:00,2900.297834009299,2012
R6B-307,STRESS,2012-03-09T06:50:00+00:00,2895.054976722929,2012
R6B-307,STRESS,2012-03-13T05:05:00+00:00,2892.648634918429,2012
R6B-307,STRESS,2012-03-14T08:40:00+00:00,2862.6496077020984,2012
R6B-307,STRESS,2012-03-15T07:25:00+00:00,2864.381313117114,2012
R6B-307,STRESS,2012-03-16T06:20:00+00:00,2859.602156986173,2012
R6B-307,STRESS,2012-03-16T11:10:00+00:00,2829.4074714941235,2012
R6B-307,STRESS,2012-03-19T04:05:00+00:00,2832.4852331736315,2012
R6B-307,STRESS,2012-03-21T05:05:00+00:00,2824.9769259017235,2012
R6B-307,STRESS,2012-03-22T05:15:00+00:00,2813.889411678854,2012
R6B-307,STRESS,2012-03-23T05:05:00+00:00,2806.712580332209,2012
R6B-307,STRESS,2012-03-26T04:05:00+00:00,2793.5801149963672,2012
R6B-307,STRESS,2012-03-27T10:15:00+00:00,2796.328112676631,2012
R6B-307,STRESS,2012-03-28T11:45:00+00:00,2783.9968201869397,2012
R6B-307,STRESS,2012-03-30T04:55:00+00:00,2778.5283574654427,2012
R6B-307,STRESS,2012-03-30T11:05:00+00:00,2774.209365234917,2012
R6B-307,STRESS,2012-04-02T04:05:00+00:00,2765.0471963901164,2012
R6B-307,STRESS,2012-04-03T07:30:00+00:00,2759.5484056059213,2012
R6B-307,STRESS,2012-04-05T06:55:00+00:00,2757.1573394245193,2012
R6B-307,STRESS,2012-04-05T12:00:00+00:00,2748.42322808176,2012
R6B-307,STRESS,2012-04-06T11:35:00+00:00,2742.973679195944,2012
R6B-307,STRESS,2012-04-09T04:05:00+00:00,2737.2485111881083,2012
R6B-307,STRESS,2012-04-09T10:15:00+00:00,2726.795746339284,2012
R6B-307,STRESS,2012-04-10T05:00:00+00:00,2732.766489599501,2012
R6B-307,STRESS,2012-04-11T10:10:00+00:00,2724.435064329872,2012
R6B-307,STRESS,2012-04-18T07:15:00+00:00,2720.3986234799227,2012
R6B-307,STRESS,2012-04-19T11:25:00+00:00,2706.6523086684956,2012
R6B-307,STRESS,2012-04-20T07:10:00+00:00,2701.9795690714564,2012
R6B-307,STRESS,2012-04-24T11:40:00+00:00,2701.9549180523572,2012
R6B-307,STRESS,2012-04-26T07:05:00+00:00,2704.46754411245,2012
R6B-307,STRESS,2012-04-26T11:20:00+00:00,2697.905418161981,2012
R6B-307,STRESS,2012-04-30T10:30:00+00:00,2690.493676675522,2012
R6B-307,STRESS,2012-05-01T04:05:00+00:00,2685.3056489110904,2012
R6B-307,STRESS,2012-05-10T08:45:00+00:00,2678.9174136535516,2012
R6B-307,STRESS,2012-05-17T05:05:00+00:00,2675.8589847237804,2012
R6B-307,STRESS,2012-05-17T09:35:00+00:00,2668.4328791806565,2012
R6B-307,STRESS,2012-05-18T11:30:00+00:00,2691.746061951813,2012
R6B-307,STRESS,2012-05-21T04:05:00+00:00,2693.6495480990793,2012
R6B-307,STRESS,2012-05-21T08:05:00+00:00,2686.284299156519,2012
R6B-307,STRESS,2012-05-25T10:50:00+00:00,2688.536119592205,2012
R6B-307,STRESS,2012-05-28T04:05:00+00:00,2689.403740289679,2012
R6B-307,STRESS,2012-05-28T08:35:00+00:00,2689.9850723922127,2012
R6B-307,STRESS,2012-06-04T09:25:00+00:00,2675.471162289805,2012
R6B-307,STRESS,2012-06-05T05:05:00+00:00,2670.367294459117,2012
R6B-307,STRESS,2012-06-06T04:10:00+00:00,2680.156280118598,2012
R6B-307,STRESS,2012-06-06T11:55:00+00:00,2676.6088690201614,2012
R6B-307,STRESS,2012-06-11T04:05:00+00:00,2664.044592000241,2012
R6B-307,STRESS,2012-06-13T11:20:00+00:00,2654.972862255967,2012
R6B-307,STRESS,2012-06-14T08:05:00+00:00,2649.062275801673,2012
R6B-307,STRESS,2012-06-15T11:20:00+00:00,2643.6751826461145,2012
R6B-307,STRESS,2012-06-19T11:05:00+00:00,2639.251874793666,2012
R6B-307,STRESS,2012-06-25T04:30:00+00:00,2627.404265192675,2012
R6B-307,STRESS,2012-06-27T05:50:00+00:00,2618.696191684691,2012
R6B-307,STRESS,2012-06-28T05:05:00+00:00,2609.7652545911396,2012
R6B-307,STRESS,2012-06-29T06:55:00+00:00,2622.598047236933,2012
R6B-307,STRESS,2012-07-03T06:35:00+00:00,2628.7597802864902,2012
R6B-307,STRESS,2012-07-03T11:00:00+00:00,2630.469995961087,2012
R6B-307,STRESS,2012-07-05T04:45:00+00:00,2627.906929549158,2012
R6B-307,STRESS,2012-07-11T09:40:00+00:00,2624.7835848572036,2012
R6B-307,STRESS,2012-07-13T11:00:00+00:00,2639.580398436668,2012
R6B-307,STRESS,2012-07-17T05:20:00+00:00,2635.441017851474,2012
R6B-307,STRESS,2012-07-19T06:45:00+00:00,2632.9469384628387,2012
R6B-307,STRESS,2012-07-19T11:10:00+00:00,2640.218973282615,2012
R6B-307,STRESS,2012-07-25T06:15:00+00:00,2636.922538120317,2012
R6B-307,STRESS,2012-07-25T11:15:00+00:00,2643.5562316005125,2012
R6B-307,STRESS,2012-07-26T09:45:00+00:00,2638.169022187059,2012
R6B-307,STRESS,2012-07-27T09:25:00+00:00,2641.5266684427847,2012
R6B-307,STRESS,2012-08-01T10:25:00+00:00,2636.5073064487583,2012
R6B-307,STRESS,2012-08-02T11:30:00+00:00,2630.232978355022,2012
R6B-307,STRESS,2012-08-03T05:05:00+00:00,2625.3595145537947,2012
R6B-307,STRESS,2012-08-03T11:20:00+00:00,2627.6060787168913,2012
R6B-307,STRESS,2012-08-06T08:50:00+00:00,2627.4161448777527,2012
R6B-307,STRESS,2012-08-07T11:15:00+00:00,2626.444726280833,2012
R6B-307,STRESS,2012-08-09T05:10:00+00:00,2626.6357438962277,2012
R6B-307,STRESS,2012-08-13T06:20:00+00:00,2625.102986808464,2012
R6B-307,STRESS,2012-08-14T10:30:00+00:00,2619.886580469266,2012
R6B-307,STRESS,2012-08-15T06:40:00+00:00,2618.4459276736743,2012
R6B-307,STRESS,2012-08-16T05:05:00+00:00,2610.61650620406,2012
R6B-307,STRESS,2012-08-17T10:30:00+00:00,2606.5841416218145,2012
R6B-307,STRESS,2012-08-20T06:40:00+00:00,2607.0642941707742,2012
R6B-307,STRESS,2012-08-21T09:40:00+00:00,2606.909011281487,2012
R6B-307,STRESS,2012-08-22T10:25:00+00:00,2606.6579702664803,2012
R6B-307,STRESS,2012-08-23T05:10:00+00:00,2614.730198705704,2012
R6B-307,STRESS,2012-08-23T11:15:00+00:00,2601.8840755003243,2012
R6B-307,STRESS,2012-08-27T04:45:00+00:00,2600.6206663425864,2012
R6B-307,STRESS,2012-08-29T08:45:00+00:00,2595.3651371645783,2012
R6B-307,STRESS,2012-08-30T07:00:00+00:00,2592.6531092893306,2012
R6B-307,STRESS,2012-08-31T10:40:00+00:00,2591.835250651388,2012
R6B-307,STRESS,2012-09-04T04:45:00+00:00,2589.5079619382955,2012
R6B-307,STRESS,2012-09-06T05:35:00+00:00,2590.9239196953968,2012
R6B-307,STRESS,2012-09-06T10:05:00+00:00,2601.9224810990504,2012
R6B-307,STRESS,2012-09-10T05:35:00+00:00,2596.985632191928,2012
R6B-307,STRESS,2012-09-11T05:40:00+00:00,2593.1074371323375,2012
R6B-307,STRESS,2012-09-12T04:45:00+00:00,2592.4670795386905,2012
R6B-307,STRESS,2012-09-12T09:35:00+00:00,2599.3557303499533,2012
R6B-307,STRESS,2012-09-14T05:10:00+00:00,2595.8613636985438,2012
R6B-307,STRESS,2012-09-17T05:15:00+00:00,2591.353072821159,2012
R6B-307,STRESS,2012-09-19T09:10:00+00:00,2591.870477712963,2012
R6B-307,STRESS,2012-09-21T04:20:00+00:00,2588.294928026518,2012
R6B-307,STRESS,2012-09-21T11:05:00+00:00,2585.847771184704,2012
R6B-307,STRESS,2012-09-25T04:15:00+00:00,2580.770475466584,2012
R6B-307,STRESS,2012-09-25T11:55:00+00:00,2576.258943845858,2012
R6B-307,STRESS,2012-09-27T05:05:00+00:00,2574.120520567596,2012
R6B-307,STRESS,2012-09-27T09:30:00+00:00,2568.4827653846014,2012
R6B-307,STRESS,2012-09-28T08:15:00+00:00,2564.3543196351425,2012
R6B-307,STRESS,2012-10-03T09:10:00+00:00,2565.814752230874,2012
R6B-307,STRESS,2012-10-04T07:00:00+00:00,2568.814038920894,2012
R6B-307,STRESS,2012-10-04T11:05:00+00:00,2568.415343556885,2012
R6B-307,STRESS,2012-10-05T06:00:00+00:00,2561.2398139592387,2012
R6B-307,STRESS,2012-10-09T05:05:00+00:00,2558.6830184892383,2012
R6B-307,STRESS,2012-10-11T07:10:00+00:00,2556.04913666741,2012
R6B-307,STRESS,2012-10-11T11:15:00+00:00,2559.5769453441817,2012
R6B-307,STRESS,2012-10-12T05:30:00+00:00,2556.859169215627,2012
R6B-307,STRESS,2012-10-16T10:10:00+00:00,2554.6495364606253,2012
R6B-307,STRESS,2012-10-17T04:10:00+00:00,2553.1542691158393,2012
R6B-307,STRESS,2012-10-22T05:05:00+00:00,2553.8664889817514,2012
R6B-307,STRESS,2012-10-24T04:05:00+00:00,2550.750779595721,2012
R6B-307,STRESS,2012-10-25T04:10:00+00:00,2547.254294549996,2012
R6B-307,STRESS,2012-10-25T09:40:00+00:00,2553.7342871058027,2012
R6B-307,STRESS,2012-10-29T04:10:00+00:00,2548.9838007602407,2012
R6B-307,STRESS,2012-10-29T10:10:00+00:00,2539.72020654769,2012
R6B-307,STRESS,2012-10-30T04:35:00+00:00,2536.607788928404,2012
R6B-307,STRESS,2012-10-30T11:15:00+00:00,2537.21550583782,2012
R6B-307,STRESS,2012-10-31T04:20:00+00:00,2533.9114329515205,2012
R6B-307,STRESS,2012-10-31T11:40:00+00:00,2539.62930394016,2012
R6B-307,STRESS,2012-11-01T07:20:00+00:00,2536.3715805710503,2012
R6B-307,STRESS,2012-11-01T12:00:00+00:00,2538.0456717479924,2012
R6B-307,STRESS,2012-11-05T04:25:00+00:00,2530.301250772356,2012
R6B-307,STRESS,2012-11-06T09:45:00+00:00,2531.145422905984,2012
R6B-307,STRESS,2012-11-07T06:40:00+00:00,2533.9385821304045,2012
R6B-307,STRESS,2012-11-07T10:45:00+00:00,2531.955261343418,2012
R6B-307,STRESS,2012-11-09T04:10:00+00:00,2529.1213544413163,2012
R6B-307,STRESS,2012-11-09T09:30:00+00:00,2524.95593754502,2012
R6B-307,STRESS,2012-11-12T05:00:00+00:00,2521.99341915784,2012
R6B-307,STRESS,2012-11-19T04:05:00+00:00,2525.7573263521567,2012
R6B-307,STRESS,2012-11-20T07:40:00+00:00,2520.92617168204,2012
R6B-307,STRESS,2012-11-22T05:20:00+00:00,2517.13205510242,2012
R6B-307,STRESS,2012-11-23T10:20:00+00:00,2519.593309238954,2012
R6B-307,STRESS,2012-11-26T09:05:00+00:00,2512.9411608081887,2012
R6B-307,STRESS,2012-11-27T04:40:00+00:00,2509.197812922491,2012
R6B-307,STRESS,2012-11-29T04:05:00+00:00,2503.300522895429,2012
R6B-307,STRESS,2012-11-30T08:35:00+00:00,2505.860206733883,2012
R6B-307,STRESS,2012-12-03T05:00:00+00:00,2506.1765776097263,2012
R6B-307,STRESS,2012-12-05T05:00:00+00:00,2508.94125775375,2012
R6B-307,STRESS,2012-12-05T10:40:00+00:00,2506.9487834269044,2012
R6B-307,STRESS,2012-12-06T04:35:00+00:00,2498.1843999206153,2012
R6B-307,STRESS,2012-12-07T04:20:00+00:00,2497.6898769259005,2012
R6B-307,STRESS,2012-12-10T04:30:00+00:00,2497.2755876556785,2012
R6B-307,STRESS,2012-12-10T10:00:00+00:00,2497.4724187404468,2012
R6B-307,STRESS,2012-12-12T05:30:00+00:00,2495.446636621208,2012
R6B-307,STRESS,2012-12-12T10:50:00+00:00,2494.7869919263694,2012
R6B-307,STRESS,2012-12-14T05:40:00+00:00,2490.2338204408784,2012
R6B-307,STRESS,2012-12-18T05:05:00+00:00,2493.9152152407564,2012
R6B-307,STRESS,2012-12-18T09:05:00+00:00,2489.185658252167,2012
R6B-307,STRESS,2012-12-20T10:40:00+00:00,2483.857916761315,2012
R6B-307,STRESS,2012-12-24T10:00:00+00:00,2487.3442980469995,2012
R6B-307,STRESS,2012-12-25T10:05:00+00:00,2485.036042538412,2012
R6B-307,STRESS,2012-12-26T11:45:00+00:00,2481.8308141305115,2012
R6B-307,STRESS,2012-12-31T04:30:00+00:00,2482.968176487315,2012
R6B-307,STRESS,2012-12-31T09:05:00+00:00,2487.53239961102,2012
R6B-307,STRESS,2013-01-02T05:45:00+00:00,2491.991308470943,2013
R6B-307,STRESS,2013-01-02T10:15:00+00:00,2490.9382624798614,2013
R6B-307,STRESS,2013-01-07T04:10:00+00:00,2488.4541418379513,2013
R6B-307,STRESS,2013-01-08T04:15:00+00:00,2481.222148462309,2013
R6B-307,STRESS,2013-01-09T10:00:00+00:00,2479.516393300559,2013
R6B-307,STRESS,2013-01-10T10:10:00+00:00,2481.410827028171,2013
R6B-307,STRESS,2013-01-14T05:05:00+00:00,2481.7911281586244,2013
R6B-307,STRESS,2013-01-14T11:25:00+00:00,2479.638164897213,2013
R6B-307,STRESS,2013-01-15T06:40:00+00:00,2482.6768642546044,2013
R6B-307,STRESS,2013-01-15T11:30:00+00:00,2487.3193954069498,2013
R6B-307,STRESS,2013-01-16T10:50:00+00:00,2476.772084128446,2013
R6B-307,STRESS,2013-01-17T11:30:00+00:00,2473.7612513513086,2013
R6B-307,STRESS,2013-01-18T09:10:00+00:00,2472.3084495139096,2013
R6B-307,STRESS,2013-01-21T05:15:00+00:00,2469.93518722893,2013
R6B-307,STRESS,2013-01-22T08:50:00+00:00,2466.562952399241,2013
R6B-307,STRESS,2013-01-25T09:45:00+00:00,2462.6998368118207,2013
R6B-307,STRESS,2013-01-28T10:35:00+00:00,2452.610878025033,2013
R6B-307,STRESS,2013-01-29T04:40:00+00:00,2453.255306693282,2013
R6B-307,STRESS,2013-01-29T09:45:00+00:00,2453.193584204664,2013
R6B-307,STRESS,2013-01-30T04:15:00+00:00,2453.903933620207,2013
R6B-307,STRESS,2013-01-30T10:35:00+00:00,2449.1593175251223,2013
R6B-307,STRESS,2013-02-01T12:00:00+00:00,2448.0421645314173,2013
R6B-307,STRESS,2013-02-04T06:35:00+00:00,2444.250347566034,2013
R6B-307,STRESS,2013-02-05T08:50:00+00:00,2439.585286603029,2013
R6B-307,STRESS,2013-02-07T08:15:00+00:00,2434.8423644338486,2013
R6B-307,STRESS,2013-02-13T05:55:00+00:00,2428.834018174741,2013
R6B-307,STRESS,2013-02-14T06:40:00+00:00,2426.0471999155557,2013
R6B-307,STRESS,2013-02-18T04:05:00+00:00,2426.7787942279533,2013
R6B-307,STRESS,2013-02-19T04:15:00+00:00,2424.402039469708,2013
R6B-307,STRESS,2013-02-20T05:05:00+00:00,2419.289140044421,2013
R6B-307,STRESS,2013-02-22T06:10:00+00:00,2424.390293560274,2013
R6B-307,STRESS,2013-02-25T06:05:00+00:00,2426.302107463952,2013
R6B-307,STRESS,2013-02-26T05:45:00+00:00,2416.1989276933505,2013
R6B-307,STRESS,2013-02-28T07:00:00+00:00,2415.0802624436665,2013
R6B-307,STRESS,2013-03-01T04:55:00+00:00,2407.2178775459793,2013
R6B-307,STRESS,2013-03-04T04:05:00+00:00,2401.8304630570447,2013
R6B-307,STRESS,2013-03-05T05:00:00+00:00,2404.369431029346,2013
R6B-307,STRESS,2013-03-05T09:55:00+00:00,2401.375408270513,2013
R6B-307,STRESS,2013-03-06T04:15:00+00:00,2399.4025164136706,2013
R6B-307,STRESS,2013-03-07T10:15:00+00:00,2390.392970654029,2013
R6B-307,STRESS,2013-03-11T05:50:00+00:00,2389.247772849908,2013
R6B-307,STRESS,2013-03-11T10:35:00+00:00,2379.437115611099,2013
R6B-307,STRESS,2013-03-12T05:50:00+00:00,2378.725883425239,2013
R6B-307,STRESS,2013-03-13T07:45:00+00:00,2375.1163324568893,2013
R6B-307,STRESS,2013-03-15T09:45:00+00:00,2373.246128931232,2013
R6B-307,STRESS,2013-03-18T04:05:00+00:00,2361.7296164281083,2013
R6B-307,STRESS,2013-03-19T08:10:00+00:00,2355.2664465592943,2013
R6B-307,STRESS,2013-03-20T09:45:00+00:00,2349.9005534756297,2013
R6B-307,STRESS,2013-03-21T08:35:00+00:00,2347.186877145674,2013
R6B-307,STRESS,2013-03-25T06:35:00+00:00,2346.5779536955934,2013
R6B-307,STRESS,2013-04-01T04:20:00+00:00,2346.234998913074,2013
R6B-307,STRESS,2013-04-02T04:40:00+00:00,2343.4708479363667,2013
R6B-307,STRESS,2013-04-08T10:50:00+00:00,2337.2577115071244,2013
R6B-307,STRESS,2013-04-09T05:10:00+00:00,2338.0032248311722,2013
R6B-307,STRESS,2013-04-10T06:40:00+00:00,2335.007990777175,2013
R6B-307,STRESS,2013-04-11T09:35:00+00:00,2325.8409081957393,2013
R6B-307,STRESS,2013-04-12T09:45:00+00:00,2299.8226171877677,2013
R6B-307,STRESS,2013-04-16T10:10:00+00:00,2328.784328235725,2013
R6B-307,STRESS,2013-04-17T11:10:00+00:00,2317.5353510259392,2013
R6B-307,STRESS,2013-04-18T11:35:00+00:00,2344.63272011785,2013
R6B-307,STRESS,2013-04-19T06:20:00+00:00,2384.5988776227164,2013
R6B-307,STRESS,2013-04-19T10:20:00+00:00,2363.154815920752,2013
R6B-307,STRESS,2013-04-22T04:05:00+00:00,2388.112676484364,2013
R6B-307,STRESS,2013-04-22T08:15:00+00:00,2383.641479521533,2013
R6B-307,STRESS,2013-04-23T06:30:00+00:00,2359.0148060989,2013
R6B-307,STRESS,2013-04-24T04:15:00+00:00,2364.3122990231923,2013
R6B-307,STRESS,2013-04-24T08:50:00+00:00,2361.0462523583337,2013
R6B-307,STRESS,2013-04-25T05:05:00+00:00,2381.578166961002,2013
R6B-307,STRESS,2013-04-26T04:40:00+00:00,2380.3853310294176,2013
R6B-307,STRESS,2013-04-29T04:05:00+00:00,2383.94611957987,2013
R6B-307,STRESS,2013-04-29T11:10:00+00:00,2380.6972475656257,2013
R6B-307,STRESS,2013-04-30T11:55:00+00:00,2375.158938587694,2013
R6B-307,STRESS,2013-05-01T04:05:00+00:00,2368.2657388228395,2013
R6B-307,STRESS,2013-05-03T05:10:00+00:00,2372.7477446820053,2013
R6B-307,STRESS,2013-05-03T11:20:00+00:00,2374.4428738334254,2013
R6B-307,STRESS,2013-05-06T04:40:00+00:00,2374.1846574859787,2013
R6B-307,STRESS,2013-05-08T06:40:00+00:00,2371.0658024257523,2013
R6B-307,STRESS,2013-05-09T08:10:00+00:00,2362.022786909526,2013
R6B-307,STRESS,2013-05-14T04:35:00+00:00,2363.4945086102907,2013
R6B-307,STRESS,2013-05-16T06:50:00+00:00,2352.0624741444044,2013
R6B-307,STRESS,2013-05-17T05:00:00+00:00,2333.6233508242767,2013
R6B-307,STRESS,2013-05-21T09:25:00+00:00,2301.471255592029,2013
R6B-307,STRESS,2013-05-22T10:55:00+00:00,2301.047272879367,2013
R6B-307,STRESS,2013-05-23T08:35:00+00:00,2312.458172830981,2013
R6B-307,STRESS,2013-05-24T06:35:00+00:00,2304.5415837493497,2013
R6B-307,STRESS,2013-05-27T06:05:00+00:00,2305.8303705647672,2013
R6B-307,STRESS,2013-05-27T11:15:00+00:00,2305.0826630072497,2013
R6B-307,STRESS,2013-05-29T05:05:00+00:00,2303.0448764341186,2013
R6B-307,STRESS,2013-05-30T05:50:00+00:00,2312.371531564743,2013
R6B-307,STRESS,2013-05-30T10:15:00+00:00,2304.769897878586,2013
R6B-307,STRESS,2013-05-31T05:10:00+00:00,2302.7659556277863,2013
R6B-307,STRESS,2013-06-03T10:55:00+00:00,2296.191368204882,2013
R6B-307,STRESS,2013-06-04T05:00:00+00:00,2287.2449838330767,2013
R6B-307,STRESS,2013-06-05T05:05:00+00:00,2296.405585285064,2013
R6B-307,STRESS,2013-06-10T04:05:00+00:00,2295.482304251422,2013
R6B-307,STRESS,2013-06-12T11:35:00+00:00,2290.103026896157,2013
R6B-307,STRESS,2013-06-13T06:30:00+00:00,2282.5036772546387,2013
R6B-307,STRESS,2013-06-17T06:35:00+00:00,2274.9997276622507,2013
R6B-307,STRESS,2013-06-21T06:10:00+00:00,2288.347451585574,2013
R6B-307,STRESS,2013-06-21T11:00:00+00:00,2274.3144518999966,2013
R6B-307,STRESS,2013-06-24T04:05:00+00:00,2256.7623409988137,2013
R6B-307,STRESS,2013-06-27T05:00:00+00:00,2259.565121342704,2013
R6B-307,STRESS,2013-06-28T09:50:00+00:00,2242.3152360228296,2013
R6B-307,STRESS,2013-07-01T04:05:00+00:00,2248.437355357074,2013
R6B-307,STRESS,2013-07-01T08:15:00+00:00,2242.117744124562,2013
R6B-307,STRESS,2013-07-02T06:55:00+00:00,2240.2150157842075,2013
R6B-307,STRESS,2013-07-02T11:05:00+00:00,2228.5659790122872,2013
R6B-307,STRESS,2013-07-03T05:05:00+00:00,2223.5357309972683,2013
R6B-307,STRESS,2013-07-08T04:55:00+00:00,2213.3781359585632,2013
R6B-307,STRESS,2013-07-09T05:00:00+00:00,2237.0881380303495,2013
R6B-307,STRESS,2013-07-09T09:05:00+00:00,2230.7280082796246,2013
R6B-307,STRESS,2013-07-10T11:10:00+00:00,2231.5381207095234,2013
R6B-307,STRESS,2013-07-11T09:50:00+00:00,2212.2023644278183,2013
R6B-307,STRESS,2013-07-12T04:40:00+00:00,2199.4335834429194,2013
R6B-307,STRESS,2013-07-15T04:05:00+00:00,2196.5626060725326,2013
R6B-307,STRESS,2013-07-16T11:30:00+00:00,2204.5900914715385,2013
R6B-307,STRESS,2013-07-17T04:35:00+00:00,2199.410713439265,2013
R6B-307,STRESS,2013-07-19T06:30:00+00:00,2202.4700642146313,2013
R6B-307,STRESS,2013-07-22T04:05:00+00:00,2204.800710914304,2013
R6B-307,STRESS,2013-07-22T09:10:00+00:00,2199.3405461841385,2013
R6B-307,STRESS,2013-07-23T06:25:00+00:00,2188.8486837289456,2013
R6B-307,STRESS,2013-07-26T06:20:00+00:00,2182.9649281952034,2013
R6B-307,STRESS,2013-07-31T05:45:00+00:00,2179.5899258407835,2013
R6B-307,STRESS,2013-08-05T05:10:00+00:00,2181.8338137419146,2013
R6B-307,STRESS,2013-08-06T04:10:00+00:00,2161.361050615696,2013
R6B-307,STRESS,2013-08-08T05:00:00+00:00,2167.5574407723484,2013
R6B-307,STRESS,2013-08-08T09:35:00+00:00,2153.441933049528,2013
R6B-307,STRESS,2013-08-09T04:35:00+00:00,2144.9666145525157,2013
R6B-307,STRESS,2013-08-12T04:05:00+00:00,2143.501652876298,2013
R6B-307,STRESS,2013-08-13T10:35:00+00:00,2125.4272201088534,2013
R6B-307,STRESS,2013-08-14T06:10:00+00:00,2118.7319898008927,2013
R6B-307,STRESS,2013-08-16T05:30:00+00:00,2108.8912857443547,2013
R6B-307,STRESS,2013-08-19T05:45:00+00:00,2105.6966073336603,2013
R6B-307,STRESS,2013-08-20T04:15:00+00:00,2095.941840352565,2013
R6B-307,STRESS,2013-08-26T09:35:00+00:00,2090.083097882466,2013
R6B-307,STRESS,2013-08-27T04:30:00+00:00,2079.7715435628156,2013
R6B-307,STRESS,2013-08-28T08:50:00+00:00,2084.5303185073044,2013
R6B-307,STRESS,2013-08-30T07:20:00+00:00,2062.7830470749627,2013
R6B-307,STRESS,2013-09-02T09:50:00+00:00,2057.313061074708,2013
R6B-307,STRESS,2013-09-03T04:05:00+00:00,2052.388102338209,2013
R6B-307,STRESS,2013-09-06T06:40:00+00:00,2045.5382657341754,2013
R6B-307,STRESS,2013-09-11T06:45:00+00:00,2042.9433483676646,2013
R6B-307,STRESS,2013-09-16T04:05:00+00:00,2042.4320402284084,2013
R6B-307,STRESS,2013-09-17T11:05:00+00:00,2039.1120427314838,2013
R6B-307,STRESS,2013-09-19T11:10:00+00:00,2025.1751524775266,2013
R6B-307,STRESS,2013-09-24T05:25:00+00:00,2022.3890225612201,2013
R6B-307,STRESS,2013-09-25T10:00:00+00:00,2014.3147090043885,2013
R6B-307,STRESS,2013-09-27T11:25:00+00:00,2021.0161169987482,2013
R6B-307,STRESS,2013-09-30T04:10:00+00:00,2016.0392132092686,2013
R6B-307,STRESS,2013-10-01T10:25:00+00:00,2008.7879031210423,2013
R6B-307,STRESS,2013-10-02T06:45:00+00:00,2005.9446866312055,2013
R6B-307,STRESS,2013-10-07T04:05:00+00:00,2003.8739887699435,2013
R6B-307,STRESS,2013-10-08T06:00:00+00:00,1998.2003371037006,2013
R6B-307,STRESS,2013-10-10T10:05:00+00:00,1983.3184067423106,2013
R6B-307,STRESS,2013-10-11T08:15:00+00:00,1976.237830678394,2013
R6B-307,STRESS,2013-10-14T04:45:00+00:00,1968.8090341805946,2013
R6B-307,STRESS,2013-10-14T10:45:00+00:00,1976.0717763373452,2013
R6B-307,STRESS,2013-10-16T10:30:00+00:00,1973.7915118818419,2013
R6B-307,STRESS,2013-10-17T04:20:00+00:00,1967.9826888153211,2013
R6B-307,STRESS,2013-10-17T11:50:00+00:00,2004.2914433456813,2013
R6B-307,STRESS,2013-10-18T10:50:00+00:00,1999.2936340427602,2013
R6B-307,STRESS,2013-10-21T04:05:00+00:00,2000.7754123857399,2013
R6B-307,STRESS,2013-10-21T09:50:00+00:00,1993.307662099377,2013
R6B-307,STRESS,2013-10-22T09:45:00+00:00,1986.1586681302824,2013
R6B-307,STRESS,2013-10-24T05:35:00+00:00,1985.5108763869396,2013
R6B-307,STRESS,2013-10-24T10:35:00+00:00,1984.6329006588708,2013
R6B-307,STRESS,2013-10-29T06:20:00+00:00,1975.683296958377,2013
R6B-307,STRESS,2013-10-30T10:35:00+00:00,1978.741190727055,2013
R6B-307,STRESS,2013-11-01T04:10:00+00:00,1976.0725852827343,2013
R6B-307,STRESS,2013-11-01T10:20:00+00:00,1957.8152663319638,2013
R6B-307,STRESS,2013-11-05T06:20:00+00:00,1955.835010396716,2013
R6B-307,STRESS,2013-11-06T06:45:00+00:00,1955.1112696272633,2013
R6B-307,STRESS,2013-11-07T10:30:00+00:00,1949.3161925993697,2013
R6B-307,STRESS,2013-11-08T07:55:00+00:00,1946.8556710238772,2013
R6B-307,STRESS,2013-11-12T11:40:00+00:00,1941.2306676781454,2013
R6B-307,STRESS,2013-11-13T09:45:00+00:00,1944.8388108445288,2013
R6B-307,STRESS,2013-11-15T06:10:00+00:00,1939.9165262459248,2013
R6B-307,STRESS,2013-11-20T06:05:00+00:00,1935.4374504244113,2013
R6B-307,STRESS,2013-11-27T08:05:00+00:00,1932.4814262226032,2013
R6B-307,STRESS,2013-11-28T10:15:00+00:00,1931.0677891757234,2013
R6B-307,STRESS,2013-12-03T11:05:00+00:00,1921.7485679932981,2013
R6B-307,STRESS,2013-12-06T10:50:00+00:00,1921.3171166758814,2013
R6B-307,STRESS,2013-12-09T11:35:00+00:00,1914.8820561066814,2013
R6B-307,STRESS,2013-12-10T10:05:00+00:00,1912.5032387158226,2013
R6B-307,STRESS,2013-12-13T11:10:00+00:00,1905.9208711000963,2013
R6B-307,STRESS,2013-12-17T09:50:00+00:00,1896.7526767033223,2013
R6B-307,STRESS,2013-12-18T04:10:00+00:00,1893.4874089134191,2013
R6B-307,STRESS,2013-12-20T08:00:00+00:00,1887.1850748732898,2013
R6B-307,STRESS,2013-12-26T06:00:00+00:00,1884.4568070849948,2013
R6B-307,STRESS,2013-12-27T10:00:00+00:00,1880.9837263462887,2013
R6B-307,STRESS,2013-12-31T10:15:00+00:00,1881.7904693190774,2013
R6B-307,STRESS,2014-01-02T05:00:00+00:00,1903.476122821595,2014
R6B-307,STRESS,2014-01-03T04:40:00+00:00,1899.3331930377349,2014
R6B-307,STRESS,2014-01-03T10:50:00+00:00,1892.285459441222,2014
R6B-307,STRESS,2014-01-06T05:40:00+00:00,1890.1832591140026,2014
R6B-307,STRESS,2014-01-07T06:10:00+00:00,1889.306832979994,2014
R6B-307,STRESS,2014-01-07T10:20:00+00:00,1878.5136026703726,2014
R6B-307,STRESS,2014-01-10T06:30:00+00:00,1885.7650561111886,2014
R6B-307,STRESS,2014-01-13T05:05:00+00:00,1880.7347275569853,2014
R6B-307,STRESS,2014-01-16T09:55:00+00:00,1871.2597781008164,2014
R6B-307,STRESS,2014-01-17T05:55:00+00:00,1869.694743968054,2014
R6B-307,STRESS,2014-01-17T10:00:00+00:00,1864.2707764624142,2014
R6B-307,STRESS,2014-01-20T04:05:00+00:00,1860.048607558525,2014
R6B-307,STRESS,2014-01-23T11:05:00+00:00,1869.2792477042665,2014
R6B-307,STRESS,2014-01-27T04:05:00+00:00,1862.4071057162732,2014
R6B-307,STRESS,2014-01-28T09:25:00+00:00,1854.8889565489499,2014
R6B-307,STRESS,2014-02-03T09:30:00+00:00,1850.1017644096844,2014
R6B-307,STRESS,2014-02-04T10:15:00+00:00,1839.510851576897,2014
R6B-307,STRESS,2014-02-05T05:40:00+00:00,1835.1640453749246,2014
R6B-307,STRESS,2014-02-07T05:55:00+00:00,1834.9173461101177,2014
R6B-307,STRESS,2014-02-07T11:50:00+00:00,1829.903985895892,2014
R6B-307,STRESS,2014-02-10T06:00:00+00:00,1829.9837836290778,2014
R6B-307,STRESS,2014-02-10T10:05:00+00:00,1832.2555430985417,2014
R6B-307,STRESS,2014-02-11T04:50:00+00:00,1840.2110653859738,2014
R6B-307,STRESS,2014-02-14T05:15:00+00:00,1841.8013881623108,2014
R6B-307,STRESS,2014-02-14T11:05:00+00:00,1843.2291037813095,2014
R6B-307,STRESS,2014-02-17T04:05:00+00:00,1845.6415283147267,2014
R6B-307,STRESS,2014-02-24T10:45:00+00:00,1852.3218469915064,2014
R6B-307,STRESS,2014-02-26T09:50:00+00:00,1849.2911513454162,2014
R6B-307,STRESS,2014-03-03T04:05:00+00:00,1855.5605449358197,2014
R6B-307,STRESS,2014-03-03T11:10:00+00:00,1850.7000326717366,2014
R6B-307,STRESS,2014-03-11T05:55:00+00:00,1849.9037679378753,2014
R6B-307,STRESS,2014-03-12T05:25:00+00:00,1857.4725997430587,2014
R6B-307,STRESS,2014-03-12T10:30:00+00:00,1848.5999926483041,2014
R6B-307,STRESS,2014-03-13T05:35:00+00:00,1850.3117452832987,2014
R6B-307,STRESS,2014-03-14T04:15:00+00:00,1842.483324168736,2014
R6B-307,STRESS,2014-03-17T04:05:00+00:00,1836.6755676947016,2014
R6B-307,STRESS,2014-03-21T05:05:00+00:00,1832.858765694543,2014
R6B-307,STRESS,2014-03-25T04:30:00+00:00,1833.461851919822,2014
R6B-307,STRESS,2014-03-25T09:05:00+00:00,1833.6560578302344,2014
R6B-307,STRESS,2014-03-26T04:35:00+00:00,1833.6586298469258,2014
R6B-307,STRESS,2014-03-26T12:00:00+00:00,1828.9852065592966,2014
R6B-307,STRESS,2014-03-28T07:20:00+00:00,1831.8131281551318,2014
R6B-307,STRESS,2014-03-28T11:50:00+00:00,1822.885084553516,2014
R6B-307,STRESS,2014-03-31T04:05:00+00:00,1820.296528717483,2014
R6B-307,STRESS,2014-04-01T09:55:00+00:00,1821.4761583913946,2014
R6B-307,STRESS,2014-04-02T04:45:00+00:00,1820.1124994772124,2014
R6B-307,STRESS,2014-04-03T04:40:00+00:00,1817.2072649972733,2014
R6B-307,STRESS,2014-04-03T09:20:00+00:00,1807.1668296376556,2014
R6B-307,STRESS,2014-04-04T11:35:00+00:00,1809.805635772374,2014
R6B-307,STRESS,2014-04-08T05:05:00+00:00,1810.0238621520755,2014
R6B-307,STRESS,2014-04-08T09:35:00+00:00,1825.3893551993351,2014
R6B-307,STRESS,2014-04-09T06:15:00+00:00,1826.276332011245,2014
R6B-307,STRESS,2014-04-10T05:05:00+00:00,1824.8797919466108,2014
R6B-307,STRESS,2014-04-10T10:20:00+00:00,1830.6314381031764,2014
R6B-307,STRESS,2014-04-11T08:25:00+00:00,1822.061247586154,2014
R6B-307,STRESS,2014-04-14T04:05:00+00:00,1821.5627239159955,2014
R6B-307,STRESS,2014-04-14T10:35:00+00:00,1812.285933587117,2014
R6B-307,STRESS,2014-04-17T04:05:00+00:00,1806.3683173800173,2014
R6B-307,STRESS,2014-04-21T04:15:00+00:00,1791.6857358088716,2014
R6B-307,STRESS,2014-04-22T04:05:00+00:00,1786.4022226972415,2014
R6B-307,STRESS,2014-04-23T05:25:00+00:00,1782.7042287268348,2014
R6B-307,STRESS,2014-04-24T05:05:00+00:00,1782.3543239465484,2014
R6B-307,STRESS,2014-04-28T04:05:00+00:00,1781.378089667578,2014
R6B-307,STRESS,2014-05-05T05:00:00+00:00,1782.8888875746488,2014
R6B-307,STRESS,2014-05-05T12:00:00+00:00,1783.5754813337721,2014
R6B-307,STRESS,2014-05-06T04:25:00+00:00,1779.0527131992687,2014
R6B-307,STRESS,2014-05-06T11:10:00+00:00,1776.2528201147927,2014
R6B-307,STRESS,2014-05-07T04:45:00+00:00,1776.8506086745163,2014
R6B-307,STRESS,2014-05-08T04:30:00+00:00,1773.9447735559488,2014
R6B-307,STRESS,2014-05-09T07:55:00+00:00,1771.8742013465378,2014
R6B-307,STRESS,2014-05-12T07:55:00+00:00,1769.6071601310189,2014
R6B-307,STRESS,2014-05-14T11:30:00+00:00,1777.6314909312093,2014
R6B-307,STRESS,2014-05-16T08:15:00+00:00,1769.7388628809288,2014
R6B-307,STRESS,2014-05-19T05:35:00+00:00,1770.5688347827233,2014
R6B-307,STRESS,2014-05-19T10:05:00+00:00,1774.55509447993,2014
R6B-307,STRESS,2014-05-20T06:10:00+00:00,1770.7409796053767,2014
R6B-307,STRESS,2014-05-21T06:55:00+00:00,1766.206213723051,2014
R6B-307,STRESS,2014-05-22T09:35:00+00:00,1766.9849849213465,2014
R6B-307,STRESS,2014-05-26T05:55:00+00:00,1764.8795556452017,2014
R6B-307,STRESS,2014-05-27T05:25:00+00:00,1757.8400668163338,2014
R6B-307,STRESS,2014-05-28T11:40:00+00:00,1756.7514845518826,2014
R6B-307,STRESS,2014-05-30T04:10:00+00:00,1754.7833283254063,2014
R6B-307,STRESS,2014-06-03T10:15:00+00:00,1753.0985776824598,2014
R6B-307,STRESS,2014-06-06T04:55:00+00:00,1751.839135781597,2014
R6B-307,STRESS,2014-06-06T09:05:00+00:00,1749.4502631478733,2014
R6B-307,STRESS,2014-06-09T04:05:00+00:00,1746.1490977985943,2014
R6B-307,STRESS,2014-06-10T09:35:00+00:00,1742.1479742426204,2014
R6B-307,STRESS,2014-06-11T05:45:00+00:00,1739.7846233433572,2014
R6B-307,STRESS,2014-06-12T04:40:00+00:00,1736.8193533906326,2014
R6B-307,STRESS,2014-06-12T10:45:00+00:00,1740.455073101652,2014
R6B-307,STRESS,2014-06-13T05:10:00+00:00,1735.4286940348147,2014
R6B-307,STRESS,2014-06-16T04:05:00+00:00,1737.569001271001,2014
R6B-307,STRESS,2014-06-16T09:00:00+00:00,1732.3687995464302,2014
R6B-307,STRESS,2014-06-19T05:05:00+00:00,1729.0528159976861,2014
R6B-307,STRESS,2014-06-19T10:40:00+00:00,1730.4707841016761,2014
R6B-307,STRESS,2014-06-23T09:40:00+00:00,1727.327082058939,2014
R6B-307,STRESS,2014-06-27T07:10:00+00:00,1727.1546592323941,2014
R6B-307,STRESS,2014-07-01T05:05:00+00:00,1719.3308649212413,2014
R6B-307,STRESS,2014-07-04T10:15:00+00:00,1718.5888267471082,2014
R6B-307,STRESS,2014-07-08T05:05:00+00:00,1713.5606658793508,2014
R6B-307,STRESS,2014-07-09T06:45:00+00:00,1716.7267957623271,2014
R6B-307,STRESS,2014-07-15T04:05:00+00:00,1712.975019880348,2014
R6B-307,STRESS,2014-07-15T09:45:00+00:00,1714.2262746908716,2014
R6B-307,STRESS,2014-07-16T06:00:00+00:00,1713.903493957452,2014
R6B-307,STRESS,2014-07-16T10:05:00+00:00,1711.4001533994212,2014
R6B-307,STRESS,2014-07-17T05:05:00+00:00,1715.1113756653,2014
R6B-307,STRESS,2014-07-17T09:20:00+00:00,1710.9292850312029,2014
R6B-307,STRESS,2014-07-21T07:00:00+00:00,1711.817358286951,2014
R6B-307,STRESS,2014-07-21T11:15:00+00:00,1709.0310731448396,2014
R6B-307,STRESS,2014-07-23T05:35:00+00:00,1705.2317109730943,2014
R6B-307,STRESS,2014-07-23T11:55:00+00:00,1701.2771857489024,2014
R6B-307,STRESS,2014-07-28T08:40:00+00:00,1695.989291989149,2014
R6B-307,STRESS,2014-07-29T11:15:00+00:00,1696.4567388892108,2014
R6B-307,STRESS,2014-08-01T11:40:00+00:00,1692.5562590409086,2014
R6B-307,STRESS,2014-08-04T10:20:00+00:00,1688.385778244746,2014
R6B-307,STRESS,2014-08-05T04:50:00+00:00,1687.4172463869274,2014
R6B-307,STRESS,2014-08-05T09:05:00+00:00,1688.3509877637262,2014
R6B-307,STRESS,2014-08-06T09:40:00+00:00,1682.707250475103,2014
R6B-307,STRESS,2014-08-08T06:40:00+00:00,1688.5404368847248,2014
R6B-307,STRESS,2014-08-08T10:50:00+00:00,1681.7980688721555,2014
R6B-307,STRESS,2014-08-12T11:45:00+00:00,1682.8270615730885,2014
R6B-307,STRESS,2014-08-13T09:55:00+00:00,1680.697754859078,2014
R6B-307,STRESS,2014-08-14T07:35:00+00:00,1682.5393453083755,2014
R6B-307,STRESS,2014-08-14T11:35:00+00:00,1673.216831187551,2014
R6B-307,STRESS,2014-08-15T09:45:00+00:00,1671.8792922331372,2014
R6B-307,STRESS,2014-08-19T07:25:00+00:00,1669.673441132305,2014
R6B-307,STRESS,2014-08-20T06:05:00+00:00,1666.9810368614383,2014
R6B-307,STRESS,2014-08-22T07:50:00+00:00,1666.2705528965353,2014
R6B-307,STRESS,2014-08-26T06:10:00+00:00,1669.9271827570865,2014
R6B-307,STRESS,2014-08-26T10:25:00+00:00,1669.4922080226406,2014
R6B-307,STRESS,2014-08-27T06:35:00+00:00,1668.0780243057213,2014
R6B-307,STRESS,2014-08-27T10:40:00+00:00,1666.8985461444652,2014
R6B-307,STRESS,2014-08-28T04:20:00+00:00,1667.3330395827336,2014
R6B-307,STRESS,2014-08-28T09:15:00+00:00,1668.7231054487156,2014
R6B-307,STRESS,2014-09-01T09:35:00+00:00,1667.2742678923391,2014
R6B-307,STRESS,2014-09-03T05:55:00+00:00,1666.614764561871,2014
R6B-307,STRESS,2014-09-03T10:25:00+00:00,1663.5569435452262,2014
R6B-307,STRESS,2014-09-04T05:35:00+00:00,1663.2482541688303,2014
R6B-307,STRESS,2014-09-05T10:00:00+00:00,1661.427420336265,2014
R6B-307,STRESS,2014-09-08T07:15:00+00:00,1659.134836059379,2014
R6B-307,STRESS,2014-09-15T05:50:00+00:00,1658.6489709570862,2014
R6B-307,STRESS,2014-09-15T10:35:00+00:00,1656.9943035981298,2014
R6B-307,STRESS,2014-09-16T05:25:00+00:00,1657.0292372146548,2014
R6B-307,STRESS,2014-09-17T10:35:00+00:00,1653.9818965282934,2014
R6B-307,STRESS,2014-09-18T09:55:00+00:00,1651.0479611411222,2014
R6B-307,STRESS,2014-09-19T07:40:00+00:00,1644.9042063756613,2014
R6B-307,STRESS,2014-09-22T04:30:00+00:00,1637.6855220227337,2014
R6B-307,STRESS,2014-09-23T06:00:00+00:00,1635.887810765079,2014
R6B-307,STRESS,2014-09-24T09:15:00+00:00,1631.3721128428108,2014
R6B-307,STRESS,2014-09-26T05:05:00+00:00,1627.2665980201805,2014
R6B-307,STRESS,2014-09-29T04:45:00+00:00,1623.6939241859195,2014
R6B-307,STRESS,2014-09-29T11:50:00+00:00,1625.6493483471747,2014
R6B-307,STRESS,2014-10-02T06:55:00+00:00,1622.8692754192637,2014
R6B-307,STRESS,2014-10-06T10:35:00+00:00,1625.8364653957258,2014
R6B-307,STRESS,2014-10-07T11:10:00+00:00,1619.5649232347012,2014
R6B-307,STRESS,2014-10-08T05:05:00+00:00,1616.6137937216981,2014
R6B-307,STRESS,2014-10-08T10:50:00+00:00,1618.3429104270422,2014
R6B-307,STRESS,2014-10-09T06:10:00+00:00,1619.3886706192422,2014
R6B-307,STRESS,2014-10-09T11:40:00+00:00,1619.913473951715,2014
R6B-307,STRESS,2014-10-13T04:05:00+00:00,1621.0231504248195,2014
R6B-307,STRESS,2014-10-13T10:35:00+00:00,1609.0234323138297,2014
R6B-307,STRESS,2014-10-16T05:50:00+00:00,1601.575328539232,2014
R6B-307,STRESS,2014-10-17T09:55:00+00:00,1597.0930616333735,2014
R6B-307,STRESS,2014-10-20T10:00:00+00:00,1599.1183171574933,2014
R6B-307,STRESS,2014-10-21T05:45:00+00:00,1598.0441616531793,2014
R6B-307,STRESS,2014-10-21T11:10:00+00:00,1591.4859870405771,2014
R6B-307,STRESS,2014-10-23T09:45:00+00:00,1584.4182791060825,2014
R6B-307,STRESS,2014-10-24T10:55:00+00:00,1580.618675944449,2014
R6B-307,STRESS,2014-10-28T05:55:00+00:00,1577.258817725479,2014
R6B-307,STRESS,2014-10-29T06:00:00+00:00,1576.7579969015069,2014
R6B-307,STRESS,2014-10-29T11:30:00+00:00,1571.4522731901282,2014
R6B-307,STRESS,2014-11-06T09:30:00+00:00,1568.2950880829012,2014
R6B-307,STRESS,2014-11-12T10:00:00+00:00,1562.0605535966504,2014
R6B-307,STRESS,2014-11-13T08:10:00+00:00,1554.2828058313146,2014
R6B-307,STRESS,2014-11-18T09:45:00+00:00,1563.877214682684,2014
R6B-307,STRESS,2014-11-20T10:35:00+00:00,1570.4935796154477,2014
R6B-307,STRESS,2014-11-25T07:20:00+00:00,1567.0533359172334,2014
R6B-307,STRESS,2014-11-27T04:55:00+00:00,1551.1062216562934,2014
R6B-307,STRESS,2014-12-03T05:25:00+00:00,1548.9344443418588,2014
R6B-307,STRESS,2014-12-03T09:30:00+00:00,1553.5195193421885,2014
R6B-307,STRESS,2014-12-05T11:20:00+00:00,1548.9418926313988,2014
R6B-307,STRESS,2014-12-08T05:10:00+00:00,1546.8272563999703,2014
R6B-307,STRESS,2014-12-08T11:40:00+00:00,1544.774933587548,2014
R6B-307,STRESS,2014-12-09T10:50:00+00:00,1546.9700360581244,2014
R6B-307,STRESS,2014-12-10T08:55:00+00:00,1543.4273652741338,2014
R6B-307,STRESS,2014-12-11T05:05:00+00:00,1537.3266580166091,2014
R6B-307,STRESS,2014-12-17T11:50:00+00:00,1533.5684061749635,2014
R6B-307,STRESS,2014-12-18T10:05:00+00:00,1533.4056229762411,2014
R6B-307,STRESS,2014-12-19T10:45:00+00:00,1528.120009297515,2014
R6B-307,STRESS,2014-12-22T05:20:00+00:00,1527.2426752537617,2014
R6B-307,STRESS,2014-12-22T10:15:00+00:00,1522.2762888662555,2014
R6B-307,STRESS,2014-12-23T08:50:00+00:00,1522.3285091299012,2014
R6B-307,STRESS,2014-12-24T07:30:00+00:00,1522.0392131351355,2014
R6B-307,STRESS,2014-12-26T05:05:00+00:00,1526.6237144002655,2014
R6B-307,STRESS,2014-12-26T10:15:00+00:00,1525.4384989841317,2014
R6B-307,STRESS,2014-12-29T06:55:00+00:00,1523.1069404789346,2014
R6B-307,STRESS,2014-12-30T05:00:00+00:00,1524.6557602606802,2014
R6B-307,STRESS,2015-01-05T06:40:00+00:00,1525.2451140894457,2015
R6B-307,STRESS,2015-01-06T08:15:00+00:00,1525.6260744449112,2015
R6B-307,STRESS,2015-01-09T06:50:00+00:00,1524.3033480336996,2015
R6B-307,STRESS,2015-01-12T04:05:00+00:00,1524.4214271689004,2015
R6B-307,STRESS,2015-01-12T09:55:00+00:00,1516.2120454452995,2015
R6B-307,STRESS,2015-01-13T05:25:00+00:00,1513.5187310972594,2015
R6B-307,STRESS,2015-01-20T06:00:00+00:00,1511.5811981635893,2015
R6B-307,STRESS,2015-01-20T11:40:00+00:00,1518.1281493002593,2015
R6B-307,STRESS,2015-01-21T06:35:00+00:00,1524.335271384583,2015
R6B-307,STRESS,2015-01-26T04:05:00+00:00,1518.434393259134,2015
R6B-307,STRESS,2015-01-27T10:55:00+00:00,1515.069163538048,2015
R6B-307,STRESS,2015-01-30T11:20:00+00:00,1514.2279219193697,2015
R6B-307,STRESS,2015-02-03T09:35:00+00:00,1521.9509900163055,2015
R6B-307,STRESS,2015-02-04T08:55:00+00:00,1522.4759357977362,2015
R6B-307,STRESS,2015-02-06T09:20:00+00:00,1520.2828712475311,2015
R6B-307,STRESS,2015-02-09T05:20:00+00:00,1516.8901645788653,2015
R6B-307,STRESS,2015-02-09T10:45:00+00:00,1517.8613141112871,2015
R6B-307,STRESS,2015-02-10T06:30:00+00:00,1518.4986587214637,2015
R6B-307,STRESS,2015-02-11T05:25:00+00:00,1518.7184070276764,2015
R6B-307,STRESS,2015-02-11T09:55:00+00:00,1516.5759451135273,2015
R6B-307,STRESS,2015-02-12T05:50:00+00:00,1512.6194854947926,2015
R6B-307,STRESS,2015-02-13T05:35:00+00:00,1514.6847913224842,2015
R6B-307,STRESS,2015-02-13T09:40:00+00:00,1511.8094446655125,2015
R6B-307,STRESS,2015-02-16T04:50:00+00:00,1511.2028782377506,2015
R6B-307,STRESS,2015-02-16T10:50:00+00:00,1508.962000515321,2015
R6B-307,STRESS,2015-02-17T05:00:00+00:00,1500.2654031571997,2015
R6B-307,STRESS,2015-02-18T10:05:00+00:00,1496.739374739555,2015
R6B-307,STRESS,2015-02-19T04:55:00+00:00,1496.1435937999272,2015
R6B-307,STRESS,2015-02-23T07:45:00+00:00,1493.6007682338534,2015
R6B-307,STRESS,2015-02-24T04:40:00+00:00,1491.5523729565423,2015
R6B-307,STRESS,2015-02-25T04:15:00+00:00,1495.3520542021715,2015
R6B-307,STRESS,2015-02-25T10:05:00+00:00,1490.6828124009253,2015
R6B-307,STRESS,2015-02-26T05:45:00+00:00,1493.822040397334,2015
R6B-307,STRESS,2015-02-26T10:00:00+00:00,1503.5105925791822,2015
R6B-307,STRESS,2015-02-27T04:20:00+00:00,1500.4711952689875,2015
R6B-307,STRESS,2015-02-27T10:35:00+00:00,1491.7170896144612,2015
R6B-307,STRESS,2015-03-02T05:10:00+00:00,1493.1734927402667,2015
R6B-307,STRESS,2015-03-02T09:45:00+00:00,1482.1528898938564,2015
R6B-307,STRESS,2015-03-03T05:05:00+00:00,1479.5990815884759,2015
R6B-307,STRESS,2015-03-04T05:55:00+00:00,1480.2141271820103,2015
R6B-307,STRESS,2015-03-05T05:40:00+00:00,1478.998998855368,2015
R6B-307,STRESS,2015-03-09T10:00:00+00:00,1480.315640934887,2015
R6B-307,STRESS,2015-03-10T05:25:00+00:00,1469.5703033961502,2015
R6B-307,STRESS,2015-03-11T04:05:00+00:00,1466.7316709687896,2015
R6B-307,STRESS,2015-03-12T09:50:00+00:00,1467.9638986066345,2015
R6B-307,STRESS,2015-03-13T04:35:00+00:00,1468.5834163213153,2015
R6B-307,STRESS,2015-03-16T08:55:00+00:00,1467.1737493337207,2015
R6B-307,STRESS,2015-03-17T10:55:00+00:00,1462.0676661293592,2015
R6B-307,STRESS,2015-03-18T04:25:00+00:00,1461.6168751136422,2015
R6B-307,STRESS,2015-03-20T05:35:00+00:00,1457.3172711100044,2015
R6B-307,STRESS,2015-03-25T12:00:00+00:00,1457.2583624637057,2015
R6B-307,STRESS,2015-03-26T06:20:00+00:00,1459.0726629674064,2015
R6B-307,STRESS,2015-03-26T10:30:00+00:00,1468.3642305399649,2015
R6B-307,STRESS,2015-03-31T04:20:00+00:00,1459.8421536300973,2015
R6B-307,STRESS,2015-04-01T05:00:00+00:00,1459.5771283184486,2015
R6B-307,STRESS,2015-04-02T10:30:00+00:00,1457.808816147097,2015
R6B-307,STRESS,2015-04-06T04:05:00+00:00,1456.1940223176175,2015
R6B-307,STRESS,2015-04-06T11:05:00+00:00,1455.79444537255,2015
R6B-307,STRESS,2015-04-08T08:50:00+00:00,1452.3376311066443,2015
R6B-307,STRESS,2015-04-10T06:50:00+00:00,1448.7504435051487,2015
R6B-307,STRESS,2015-04-13T05:05:00+00:00,1441.3773447154483,2015
R6B-307,STRESS,2015-04-14T04:55:00+00:00,1436.655303542638,2015
R6B-307,STRESS,2015-04-15T05:05:00+00:00,1434.1411924691897,2015
R6B-307,STRESS,2015-04-16T04:05:00+00:00,1428.5311637803654,2015
R6B-307,STRESS,2015-04-16T11:55:00+00:00,1425.9543615386872,2015
R6B-307,STRESS,2015-04-17T10:20:00+00:00,1430.371763986457,2015
R6B-307,STRESS,2015-04-20T04:05:00+00:00,1426.6097781536757,2015
R6B-307,STRESS,2015-04-20T10:55:00+00:00,1416.992597814576,2015
R6B-307,STRESS,2015-04-21T10:00:00+00:00,1416.304750248625,2015
R6B-307,STRESS,2015-04-22T10:30:00+00:00,1413.6159894614862,2015
R6B-307,STRESS,2015-04-24T11:25:00+00:00,1402.6781415062899,2015
R6B-307,STRESS,2015-04-27T04:05:00+00:00,1403.949458523056,2015
R6B-307,STRESS,2015-04-28T11:20:00+00:00,1403.900854865655,2015
R6B-307,STRESS,2015-05-01T05:35:00+00:00,1398.8334416646167,2015
R6B-307,STRESS,2015-05-04T04:40:00+00:00,1402.8346760192771,2015
R6B-307,STRESS,2015-05-04T09:10:00+00:00,1399.93509460059,2015
R6B-307,STRESS,2015-05-05T10:10:00+00:00,1395.7531678062523,2015
R6B-307,STRESS,2015-05-06T07:15:00+00:00,1392.314394889091,2015
R6B-307,STRESS,2015-05-08T10:30:00+00:00,1393.3381808474905,2015
R6B-307,STRESS,2015-05-11T04:20:00+00:00,1389.7564011868858,2015
R6B-307,STRESS,2015-05-12T11:20:00+00:00,1397.520353100401,2015
R6B-307,STRESS,2015-05-13T10:55:00+00:00,1394.3257066558178,2015
R6B-307,STRESS,2015-05-14T10:45:00+00:00,1396.1910178962476,2015
R6B-307,STRESS,2015-05-18T08:35:00+00:00,1398.4786144698126,2015
R6B-307,STRESS,2015-05-22T04:45:00+00:00,1398.6748429183478,2015
R6B-307,STRESS,2015-05-22T08:50:00+00:00,1401.6706996117666,2015
R6B-307,STRESS,2015-05-27T09:40:00+00:00,1396.6032275887542,2015
R6B-307,STRESS,2015-05-28T05:25:00+00:00,1394.2165237456857,2015
R6B-307,STRESS,2015-05-29T07:15:00+00:00,1391.7267289944175,2015
R6B-307,STRESS,2015-06-01T08:50:00+00:00,1384.8452505763885,2015
R6B-307,STRESS,2015-06-03T05:35:00+00:00,1381.9971208079257,2015
R6B-307,STRESS,2015-06-08T04:20:00+00:00,1381.6348260339814,2015
R6B-307,STRESS,2015-06-09T05:30:00+00:00,1383.5946451719728,2015
R6B-307,STRESS,2015-06-10T08:30:00+00:00,1387.0247649983705,2015
R6B-307,STRESS,2015-06-11T08:30:00+00:00,1380.6478549659619,2015
R6B-307,STRESS,2015-06-12T05:30:00+00:00,1380.0666879452879,2015
R6B-307,STRESS,2015-06-12T09:35:00+00:00,1373.926328009499,2015
R6B-307,STRESS,2015-06-15T04:05:00+00:00,1370.587971738697,2015
R6B-307,STRESS,2015-06-15T11:05:00+00:00,1360.0306866159283,2015
R6B-307,STRESS,2015-06-16T11:10:00+00:00,1354.0641315239113,2015
R6B-307,STRESS,2015-06-18T11:35:00+00:00,1363.1048528755655,2015
R6B-307,STRESS,2015-06-23T04:50:00+00:00,1360.924686007232,2015
R6B-307,STRESS,2015-06-24T04:05:00+00:00,1358.0116894002447,2015
R6B-307,STRESS,2015-06-25T04:10:00+00:00,1358.6692962001052,2015
R6B-307,STRESS,2015-06-25T08:25:00+00:00,1354.445415243609,2015
R6B-307,STRESS,2015-06-26T04:20:00+00:00,1352.4212185064698,2015
R6B-307,STRESS,2015-06-26T11:35:00+00:00,1348.7606114902337,2015
R6B-307,STRESS,2015-06-29T04:05:00+00:00,1342.8628003632696,2015
R6B-307,STRESS,2015-07-01T05:55:00+00:00,1340.9538338356754,2015
R6B-307,STRESS,2015-07-03T10:30:00+00:00,1340.1603486948632,2015
R6B-307,STRESS,2015-07-06T04:05:00+00:00,1331.9357521019865,2015
R6B-307,STRESS,2015-07-09T09:35:00+00:00,1332.0513236346264,2015
R6B-307,STRESS,2015-07-10T06:50:00+00:00,1331.2849187628879,2015
R6B-307,STRESS,2015-07-21T11:10:00+00:00,1329.4726642957307,2015
R6B-307,STRESS,2015-07-23T05:35:00+00:00,1332.3646422066324,2015
R6B-307,STRESS,2015-07-23T11:45:00+00:00,1329.3290709955836,2015
R6B-307,STRESS,2015-07-27T09:45:00+00:00,1327.7452073728407,2015
R6B-307,STRESS,2015-07-28T08:40:00+00:00,1325.5070444799474,2015
R6B-307,STRESS,2015-07-29T09:45:00+00:00,1321.9977070510615,2015
R6B-307,STRESS,2015-08-03T07:10:00+00:00,1320.6733330639377,2015
R6B-307,STRESS,2015-08-04T09:50:00+00:00,1327.0755367948427,2015
R6B-307,STRESS,2015-08-05T09:50:00+00:00,1323.1002559061396,2015
R6B-307,STRESS,2015-08-06T09:35:00+00:00,1321.0309310821594,2015
R6B-307,STRESS,2015-08-07T10:40:00+00:00,1319.9368530962133,2015
R6B-307,STRESS,2015-08-10T07:10:00+00:00,1322.3186788833266,2015
R6B-307,STRESS,2015-08-11T05:10:00+00:00,1312.005380986493,2015
R6B-307,STRESS,2015-08-11T11:45:00+00:00,1312.3369959563945,2015
R6B-307,STRESS,2015-08-12T04:15:00+00:00,1310.7753884188428,2015
R6B-307,STRESS,2015-08-12T10:55:00+00:00,1311.9286637827329,2015
R6B-307,STRESS,2015-08-13T05:05:00+00:00,1305.6193521297155,2015
R6B-307,STRESS,2015-08-14T10:35:00+00:00,1307.601763942963,2015
R6B-307,STRESS,2015-08-17T05:25:00+00:00,1307.335865687132,2015
R6B-307,STRESS,2015-08-17T09:35:00+00:00,1305.7134168342998,2015
R6B-307,STRESS,2015-08-18T10:30:00+00:00,1305.3677465719384,2015
R6B-307,STRESS,2015-08-19T10:15:00+00:00,1308.882720220281,2015
R6B-307,STRESS,2015-08-20T05:05:00+00:00,1311.8306164366159,2015
R6B-307,STRESS,2015-08-20T09:40:00+00:00,1308.6468839412273,2015
R6B-307,STRESS,2015-08-21T05:05:00+00:00,1316.7444240251357,2015
R6B-307,STRESS,2015-08-24T04:05:00+00:00,1312.5065537225892,2015
R6B-307,STRESS,2015-08-27T05:55:00+00:00,1309.9628335829061,2015
R6B-307,STRESS,2015-08-28T05:10:00+00:00,1312.6362498703343,2015
R6B-307,STRESS,2015-09-01T04:15:00+00:00,1317.4305673121496,2015
R6B-307,STRESS,2015-09-01T10:50:00+00:00,1316.174601730796,2015
R6B-307,STRESS,2015-09-02T10:05:00+00:00,1311.344967343585,2015
R6B-307,STRESS,2015-09-03T11:05:00+00:00,1300.9381006732376,2015
R6B-307,STRESS,2015-09-04T04:10:00+00:00,1297.8348578158211,2015
R6B-307,STRESS,2015-09-07T06:25:00+00:00,1295.1180595272335,2015
R6B-307,STRESS,2015-09-08T04:20:00+00:00,1294.4982456000591,2015
R6B-307,STRESS,2015-09-09T05:10:00+00:00,1292.1439365907102,2015
R6B-307,STRESS,2015-09-14T06:10:00+00:00,1289.8624416563118,2015
R6B-307,STRESS,2015-09-16T11:00:00+00:00,1291.052610536978,2015
R6B-307,STRESS,2015-09-17T06:25:00+00:00,1288.6823132040631,2015
R6B-307,STRESS,2015-09-21T09:50:00+00:00,1285.426168524048,2015
R6B-307,STRESS,2015-09-22T06:00:00+00:00,1283.7133304847212,2015
R6B-307,STRESS,2015-09-22T11:25:00+00:00,1274.9911326200497,2015
R6B-307,STRESS,2015-09-23T09:50:00+00:00,1273.5385208641726,2015
R6B-307,STRESS,2015-09-24T05:15:00+00:00,1274.2887933057073,2015
R6B-307,STRESS,2015-09-24T11:00:00+00:00,1271.6843357116861,2015
R6B-307,STRESS,2015-10-06T10:35:00+00:00,1270.2239183849133,2015
R6B-307,STRESS,2015-10-07T04:35:00+00:00,1268.7676534490051,2015
R6B-307,STRESS,2015-10-07T09:35:00+00:00,1266.0691256299199,2015
R6B-307,STRESS,2015-10-09T06:50:00+00:00,1267.2738367774023,2015
R6B-307,STRESS,2015-10-09T11:45:00+00:00,1271.3309074971248,2015
R6B-307,STRESS,2015-10-12T05:50:00+00:00,1276.518984181428,2015
R6B-307,STRESS,2015-10-12T09:50:00+00:00,1276.9547437136584,2015
R6B-307,STRESS,2015-10-14T05:15:00+00:00,1276.8273532180558,2015
R6B-307,STRESS,2015-10-14T11:30:00+00:00,1266.334549096033,2015
R6B-307,STRESS,2015-10-15T09:45:00+00:00,1263.1413817999037,2015
R6B-307,STRESS,2015-10-20T10:15:00+00:00,1265.28832863447,2015
R6B-307,STRESS,2015-10-21T05:20:00+00:00,1263.2791698739031,2015
R6B-307,STRESS,2015-10-22T10:45:00+00:00,1261.6508609095063,2015
R6B-307,STRESS,2015-10-23T05:45:00+00:00,1261.0826492790534,2015
R6B-307,STRESS,2015-10-23T09:55:00+00:00,1262.7169960188867,2015
R6B-307,STRESS,2015-10-26T09:55:00+00:00,1260.7334366312791,2015
R6B-307,STRESS,2015-10-27T09:10:00+00:00,1260.073877340693,2015
R6B-307,STRESS,2015-10-28T06:45:00+00:00,1261.9337304019944,2015
R6B-307,STRESS,2015-10-29T10:30:00+00:00,1257.4969606708182,2015
R6B-307,STRESS,2015-10-30T09:35:00+00:00,1255.8058281023064,2015
R6B-307,STRESS,2015-11-02T09:45:00+00:00,1251.4954543456004,2015
R6B-307,STRESS,2015-11-03T08:20:00+00:00,1249.2111904918938,2015
R6B-307,STRESS,2015-11-04T05:25:00+00:00,1247.055213574947,2015
R6B-307,STRESS,2015-11-05T07:05:00+00:00,1243.6434572803425,2015
R6B-307,STRESS,2015-11-06T06:30:00+00:00,1244.3745419806326,2015
R6B-307,STRESS,2015-11-06T10:35:00+00:00,1240.8861695310788,2015
R6B-307,STRESS,2015-11-09T04:50:00+00:00,1241.622528724293,2015
R6B-307,STRESS,2015-11-09T10:25:00+00:00,1240.9999614534377,2015
R6B-307,STRESS,2015-11-10T05:45:00+00:00,1238.4436889638196,2015
R6B-307,STRESS,2015-11-11T05:15:00+00:00,1238.4299802795351,2015
R6B-307,STRESS,2015-11-12T05:50:00+00:00,1236.6895016731305,2015
R6B-307,STRESS,2015-11-16T04:05:00+00:00,1236.955910862271,2015
R6B-307,STRESS,2015-11-16T09:50:00+00:00,1233.887855619364,2015
R6B-307,STRESS,2015-11-19T05:15:00+00:00,1233.2892670924869,2015
R6B-307,STRESS,2015-11-20T05:55:00+00:00,1234.6240924343579,2015
R6B-307,STRESS,2015-11-20T10:00:00+00:00,1233.4783612765787,2015
R6B-307,STRESS,2015-11-24T04:05:00+00:00,1232.3797484814336,2015
R6B-307,STRESS,2015-11-24T11:30:00+00:00,1234.35841397189,2015
R6B-307,STRESS,2015-11-25T04:55:00+00:00,1234.1085213965073,2015
R6B-307,STRESS,2015-11-26T05:55:00+00:00,1233.2876869204188,2015
R6B-307,STRESS,2015-11-27T04:25:00+00:00,1226.5704992701899,2015
R6B-307,STRESS,2015-12-01T06:10:00+00:00,1223.2520202622395,2015
R6B-307,STRESS,2015-12-08T08:45:00+00:00,1222.6294080735756,2015
R6B-307,STRESS,2015-12-09T06:55:00+00:00,1220.3634988509161,2015
R6B-307,STRESS,2015-12-16T06:50:00+00:00,1218.7350288493076,2015
R6B-307,STRESS,2015-12-18T05:35:00+00:00,1217.5232285069146,2015
R6B-307,STRESS,2015-12-18T10:05:00+00:00,1214.7455258549564,2015
R6B-307,STRESS,2015-12-21T05:45:00+00:00,1213.7443112422984,2015
R6B-307,STRESS,2015-12-22T11:15:00+00:00,1209.817351125537,2015
R6B-307,STRESS,2015-12-23T09:40:00+00:00,1205.8013633024946,2015
R6B-307,STRESS,2015-12-24T04:05:00+00:00,1206.5262215454754,2015
R6B-307,STRESS,2015-12-28T04:05:00+00:00,1202.6135156401494,2015
R6B-307,STRESS,2015-12-29T05:25:00+00:00,1202.7981562641587,2015
R6B-307,STRESS,2015-12-29T10:05:00+00:00,1200.5937264808351,2015
R6B-307,STRESS,2015-12-30T05:20:00+00:00,1199.930262757999,2015
R6B-307,STRESS,2015-12-31T04:25:00+00:00,1198.7715601358043,2015
R6B-307,STRESS,2016-01-04T04:05:00+00:00,1198.288090474409,2016
R6B-307,STRESS,2016-01-04T09:15:00+00:00,1205.2580042835627,2016
R6B-307,STRESS,2016-01-05T08:40:00+00:00,1203.6138501573062,2016
R6B-307,STRESS,2016-01-06T10:05:00+00:00,1206.150182848142,2016
R6B-307,STRESS,2016-01-07T05:50:00+00:00,1208.0179014990697,2016
R6B-307,STRESS,2016-01-08T04:10:00+00:00,1198.6118913989799,2016
R6B-307,STRESS,2016-01-11T04:05:00+00:00,1194.2145555174654,2016
R6B-307,STRESS,2016-01-12T07:50:00+00:00,1190.660822768171,2016
R6B-307,STRESS,2016-01-15T07:35:00+00:00,1191.4430664231952,2016
R6B-307,STRESS,2016-01-18T07:30:00+00:00,1188.0232896501657,2016
R6B-307,STRESS,2016-01-20T05:30:00+00:00,1187.4755003224618,2016
R6B-307,STRESS,2016-01-20T11:25:00+00:00,1186.5177439003958,2016
R6B-307,STRESS,2016-01-21T08:50:00+00:00,1182.6814882331091,2016
R6B-307,STRESS,2016-01-25T05:25:00+00:00,1183.346173548183,2016
R6B-307,STRESS,2016-01-25T11:40:00+00:00,1183.993606123538,2016
R6B-307,STRESS,2016-01-26T04:05:00+00:00,1187.2380253268643,2016
R6B-307,STRESS,2016-01-26T10:45:00+00:00,1186.6580300503792,2016
R6B-307,STRESS,2016-01-29T08:25:00+00:00,1180.9976005554486,2016
R6B-307,STRESS,2016-02-01T05:25:00+00:00,1181.620440820521,2016
R6B-307,STRESS,2016-02-01T11:10:00+00:00,1180.7563050434226,2016
R6B-307,STRESS,2016-02-11T04:05:00+00:00,1186.748331556166,2016
R6B-307,STRESS,2016-02-17T07:25:00+00:00,1190.8622613570624,2016
R6B-307,STRESS,2016-02-17T11:25:00+00:00,1182.5510553681715,2016
R6B-307,STRESS,2016-02-23T05:20:00+00:00,1189.3317919137721,2016
R6B-307,STRESS,2016-02-25T10:40:00+00:00,1186.0067142708886,2016
R6B-307,STRESS,2016-02-29T09:10:00+00:00,1189.5605608890257,2016
R6B-307,STRESS,2016-03-01T05:20:00+00:00,1191.1650049928392,2016
R6B-307,STRESS,2016-03-08T06:00:00+00:00,1189.1321299574013,2016
R6B-307,STRESS,2016-03-08T11:50:00+00:00,1191.2179513946246,2016
R6B-307,STRESS,2016-03-11T05:10:00+00:00,1187.302859526465,2016
R6B-307,STRESS,2016-03-17T11:30:00+00:00,1190.7413146980575,2016
R6B-307,STRESS,2016-03-18T05:20:00+00:00,1186.5268283136654,2016
R6B-307,STRESS,2016-03-22T07:35:00+00:00,1192.3346322645564,2016
R6B-307,STRESS,2016-03-22T11:55:00+00:00,1186.9069624545405,2016
R6B-307,STRESS,2016-03-28T11:25:00+00:00,1185.1613683231903,2016
R6B-307,STRESS,2016-03-31T08:50:00+00:00,1187.7420663799187,2016
R6B-307,STRESS,2016-04-01T10:35:00+00:00,1183.6308122354171,2016
R6B-307,STRESS,2016-04-05T05:00:00+00:00,1188.9391641859218,2016
R6B-307,STRESS,2016-04-05T10:05:00+00:00,1191.6010781384964,2016
R6B-307,STRESS,2016-04-07T04:30:00+00:00,1191.13652503351,2016
R6B-307,STRESS,2016-04-07T08:35:00+00:00,1190.3609035986487,2016
R6B-307,STRESS,2016-04-11T04:05:00+00:00,1194.1815926545876,2016
R6B-307,STRESS,2016-04-11T08:35:00+00:00,1189.8365215027627,2016
R6B-307,STRESS,2016-04-18T04:05:00+00:00,1186.3969899829929,2016
R6B-307,STRESS,2016-04-19T07:55:00+00:00,1194.5037380682832,2016
R6B-307,STRESS,2016-04-20T05:20:00+00:00,1190.2325656933253,2016
R6B-307,STRESS,2016-04-21T06:55:00+00:00,1197.278681302074,2016
R6B-307,STRESS,2016-04-21T10:55:00+00:00,1195.8844505853428,2016
R6B-307,STRESS,2016-04-22T05:45:00+00:00,1191.052068224842,2016
R6B-307,STRESS,2016-04-25T09:10:00+00:00,1187.64340677185,2016
R6B-307,STRESS,2016-04-26T05:25:00+00:00,1182.6762564336843,2016
R6B-307,STRESS,2016-04-27T04:25:00+00:00,1180.3563031790386,2016
R6B-307,STRESS,2016-04-27T11:00:00+00:00,1176.6695491361697,2016
R6B-307,STRESS,2016-04-28T07:10:00+00:00,1182.150551307712,2016
R6B-307,STRESS,2016-04-29T05:30:00+00:00,1183.87487547112,2016
R6B-307,STRESS,2016-05-02T04:40:00+00:00,1180.084827121274,2016
R6B-307,STRESS,2016-05-03T05:05:00+00:00,1177.2493895887628,2016
R6B-307,STRESS,2016-05-03T10:50:00+00:00,1174.0710330479453,2016
R6B-307,STRESS,2016-05-06T05:00:00+00:00,1172.4950996920136,2016
R6B-307,STRESS,2016-05-10T06:55:00+00:00,1172.4719384650145,2016
R6B-307,STRESS,2016-05-10T11:15:00+00:00,1169.7921880292915,2016
R6B-307,STRESS,2016-05-11T06:05:00+00:00,1170.8685771160574,2016
R6B-307,STRESS,2016-05-11T10:05:00+00:00,1168.7829184810382,2016
R6B-307,STRESS,2016-05-13T08:15:00+00:00,1171.6179626667088,2016
R6B-307,STRESS,2016-05-16T06:10:00+00:00,1172.857610362919,2016
R6B-307,STRESS,2016-05-16T10:10:00+00:00,1173.8677038917488,2016
R6B-307,STRESS,2016-05-17T05:35:00+00:00,1173.1052950803287,2016
R6B-307,STRESS,2016-05-23T04:30:00+00:00,1172.4843271173472,2016
R6B-307,STRESS,2016-05-25T05:15:00+00:00,1169.1972920146634,2016
R6B-307,STRESS,2016-05-26T04:05:00+00:00,1172.0136801315678,2016
R6B-307,STRESS,2016-05-27T04:10:00+00:00,1166.8165856076878,2016
R6B-307,STRESS,2016-05-31T04:05:00+00:00,1166.987985207802,2016
R6B-307,STRESS,2016-06-01T05:10:00+00:00,1162.0563567083323,2016
R6B-307,STRESS,2016-06-02T06:30:00+00:00,1160.3949974016084,2016
R6B-307,STRESS,2016-06-02T10:50:00+00:00,1159.1494337562915,2016
R6B-307,STRESS,2016-06-03T08:15:00+00:00,1157.8739592234667,2016
R6B-307,STRESS,2016-06-06T04:05:00+00:00,1150.392521969889,2016
R6B-307,STRESS,2016-06-08T05:25:00+00:00,1151.726519128831,2016
R6B-307,STRESS,2016-06-08T09:50:00+00:00,1153.4346310108788,2016
R6B-307,STRESS,2016-06-13T04:05:00+00:00,1149.8357851718097,2016
R6B-307,STRESS,2016-06-13T09:50:00+00:00,1153.3644042624826,2016
R6B-307,STRESS,2016-06-15T10:20:00+00:00,1148.1440720402632,2016
R6B-307,STRESS,2016-06-16T05:05:00+00:00,1150.5977169670039,2016
R6B-307,STRESS,2016-06-16T10:05:00+00:00,1148.469440668001,2016
R6B-307,STRESS,2016-06-21T04:10:00+00:00,1141.9209656979874,2016
R6B-307,STRESS,2016-06-23T10:15:00+00:00,1138.8186418904959,2016
R6B-307,STRESS,2016-06-24T05:00:00+00:00,1196.5505047861907,2016
R6B-307,STRESS,2016-06-27T04:05:00+00:00,1189.4295689763542,2016
R6B-307,STRESS,2016-06-29T04:25:00+00:00,1190.170079166848,2016
R6B-307,STRESS,2016-06-29T11:05:00+00:00,1184.478944315586,2016
R6B-307,STRESS,2016-07-01T05:30:00+00:00,1185.35002289074,2016
R6B-307,STRESS,2016-07-01T09:35:00+00:00,1184.415347065434,2016
R6B-307,STRESS,2016-07-04T05:20:00+00:00,1180.8687064736469,2016
R6B-307,STRESS,2016-07-05T04:30:00+00:00,1173.2095028048652,2016
R6B-307,STRESS,2016-07-06T05:05:00+00:00,1170.415929833382,2016
R6B-307,STRESS,2016-07-07T05:10:00+00:00,1167.2645374565393,2016
R6B-307,STRESS,2016-07-11T04:05:00+00:00,1166.2410114642628,2016
R6B-307,STRESS,2016-07-12T06:00:00+00:00,1164.1535513381832,2016
R6B-307,STRESS,2016-07-13T06:35:00+00:00,1165.385466238864,2016
R6B-307,STRESS,2016-07-13T11:00:00+00:00,1160.2607601009245,2016
R6B-307,STRESS,2016-07-20T04:05:00+00:00,1158.2704937505364,2016
R6B-307,STRESS,2016-07-21T09:25:00+00:00,1161.818077796648,2016
R6B-307,STRESS,2016-07-26T05:05:00+00:00,1157.788955509022,2016
R6B-307,STRESS,2016-07-28T10:10:00+00:00,1156.1698599029046,2016
R6B-307,STRESS,2016-07-29T04:40:00+00:00,1157.1013336660758,2016
R6B-307,STRESS,2016-08-02T11:10:00+00:00,1158.5635975542104,2016
R6B-307,STRESS,2016-08-05T08:15:00+00:00,1157.9756312601346,2016
R6B-307,STRESS,2016-08-08T08:10:00+00:00,1151.5634379698074,2016
R6B-307,STRESS,2016-08-10T04:05:00+00:00,1156.4527094544217,2016
R6B-307,STRESS,2016-08-10T08:25:00+00:00,1156.2026771531287,2016
R6B-307,STRESS,2016-08-15T06:55:00+00:00,1155.1978857270924,2016
R6B-307,STRESS,2016-08-15T11:05:00+00:00,1153.0144422729759,2016
R6B-307,STRESS,2016-08-16T04:40:00+00:00,1154.5624112681091,2016
R6B-307,STRESS,2016-08-16T09:35:00+00:00,1155.7961045868997,2016
R6B-307,STRESS,2016-08-18T04:10:00+00:00,1154.782417595011,2016
R6B-307,STRESS,2016-08-23T11:10:00+00:00,1150.6074046579622,2016
R6B-307,STRESS,2016-08-25T09:25:00+00:00,1148.5549370418757,2016
R6B-307,STRESS,2016-08-26T04:50:00+00:00,1148.385497046886,2016
R6B-307,STRESS,2016-08-26T11:30:00+00:00,1148.8012554584293,2016
R6B-307,STRESS,2016-08-30T04:15:00+00:00,1146.503740637958,2016
R6B-307,STRESS,2016-08-31T05:45:00+00:00,1145.3168389847265,2016
R6B-307,STRESS,2016-09-01T05:50:00+00:00,1142.3066967413329,2016
R6B-307,STRESS,2016-09-02T04:10:00+00:00,1139.8146506785913,2016
R6B-307,STRESS,2016-09-05T09:35:00+00:00,1140.3564002820688,2016
R6B-307,STRESS,2016-09-06T11:10:00+00:00,1142.5145737015312,2016
R6B-307,STRESS,2016-09-07T07:10:00+00:00,1140.5840397935515,2016
R6B-307,STRESS,2016-09-09T06:40:00+00:00,1136.391512404286,2016
R6B-307,STRESS,2016-09-12T11:05:00+00:00,1131.5178663538695,2016
R6B-307,STRESS,2016-09-13T06:05:00+00:00,1128.7441708621504,2016
R6B-307,STRESS,2016-09-15T06:00:00+00:00,1124.8365467013741,2016
R6B-307,STRESS,2016-09-19T05:05:00+00:00,1126.6891377273482,2016
R6B-307,STRESS,2016-09-19T11:05:00+00:00,1122.8387738060308,2016
R6B-307,STRESS,2016-09-20T04:35:00+00:00,1122.4454302117113,2016
R6B-307,STRESS,2016-09-20T11:00:00+00:00,1119.0860827543058,2016
R6B-307,STRESS,2016-09-21T08:20:00+00:00,1119.2595758157922,2016
R6B-307,STRESS,2016-09-26T04:20:00+00:00,1113.752321097015,2016
R6B-307,STRESS,2016-09-29T04:15:00+00:00,1112.7675028652857,2016
R6B-307,STRESS,2016-09-30T05:50:00+00:00,1111.081477941946,2016
R6B-307,STRESS,2016-09-30T10:20:00+00:00,1111.3597738829308,2016
R6B-307,STRESS,2016-10-03T05:00:00+00:00,1106.6457249500784,2016
R6B-307,STRESS,2016-10-05T06:20:00+00:00,1105.9585931725162,2016
R6B-307,STRESS,2016-10-07T05:10:00+00:00,1101.2396403642426,2016
R6B-307,STRESS,2016-10-10T04:05:00+00:00,1101.6406535530862,2016
R6B-307,STRESS,2016-10-10T10:25:00+00:00,1098.701678507029,2016
R6B-307,STRESS,2016-10-11T10:20:00+00:00,1092.5048709934254,2016
R6B-307,STRESS,2016-10-12T05:45:00+00:00,1090.9868233281113,2016
R6B-307,STRESS,2016-10-13T06:15:00+00:00,1092.1305498795668,2016
R6B-307,STRESS,2016-10-17T07:35:00+00:00,1091.1692636317346,2016
R6B-307,STRESS,2016-10-18T05:15:00+00:00,1091.2163123418613,2016
R6B-307,STRESS,2016-10-18T10:35:00+00:00,1090.7397418537837,2016
R6B-307,STRESS,2016-10-19T05:55:00+00:00,1087.493045340324,2016
R6B-307,STRESS,2016-10-20T05:50:00+00:00,1085.8876572162599,2016
R6B-307,STRESS,2016-10-25T08:00:00+00:00,1087.2557215791453,2016
R6B-307,STRESS,2016-10-27T09:10:00+00:00,1087.2421646955868,2016
R6B-307,STRESS,2016-10-28T06:10:00+00:00,1083.9155700439592,2016
R6B-307,STRESS,2016-11-01T09:55:00+00:00,1084.8538090109796,2016
R6B-307,STRESS,2016-11-02T08:05:00+00:00,1087.719030912189,2016
R6B-307,STRESS,2016-11-03T07:15:00+00:00,1086.5910720290026,2016
R6B-307,STRESS,2016-11-08T05:35:00+00:00,1085.8798449735325,2016
R6B-307,STRESS,2016-11-08T11:00:00+00:00,1084.3211365617126,2016
R6B-307,STRESS,2016-11-09T06:00:00+00:00,1116.9373785457924,2016
R6B-307,STRESS,2016-11-10T05:15:00+00:00,1116.761982765932,2016
R6B-307,STRESS,2016-11-15T05:20:00+00:00,1111.7692823287412,2016
R6B-307,STRESS,2016-11-16T05:40:00+00:00,1110.612097881156,2016
R6B-307,STRESS,2016-11-17T06:00:00+00:00,1108.4840374970142,2016
R6B-307,STRESS,2016-11-17T12:00:00+00:00,1109.2143771407775,2016
R6B-307,STRESS,2016-11-21T05:05:00+00:00,1109.1259524373995,2016
R6B-307,STRESS,2016-11-21T11:25:00+00:00,1108.3184865073454,2016
R6B-307,STRESS,2016-11-22T04:05:00+00:00,1107.9454250123229,2016
R6B-307,STRESS,2016-11-23T06:45:00+00:00,1105.7499389970185,2016
R6B-307,STRESS,2016-11-25T11:15:00+00:00,1106.284682670865,2016
R6B-307,STRESS,2016-11-28T04:05:00+00:00,1108.3967589651052,2016
R6B-307,STRESS,2016-11-30T05:40:00+00:00,1105.9643705713318,2016
R6B-307,STRESS,2016-12-01T10:25:00+00:00,1097.757931445105,2016
R6B-307,STRESS,2016-12-02T05:10:00+00:00,1094.9760567534124,2016
R6B-307,STRESS,2016-12-05T04:05:00+00:00,1090.3014019714612,2016
R6B-307,STRESS,2016-12-07T06:45:00+00:00,1087.2001850234471,2016
R6B-307,STRESS,2016-12-08T06:15:00+00:00,1086.3971821190917,2016
R6B-307,STRESS,2016-12-14T05:40:00+00:00,1084.8528156315529,2016
R6B-307,STRESS,2016-12-14T10:30:00+00:00,1083.6649430373234,2016
R6B-307,STRESS,2016-12-16T09:45:00+00:00,1084.9956132101943,2016
R6B-307,STRESS,2016-12-19T10:00:00+00:00,1082.8783055274716,2016
R6B-307,STRESS,2016-12-21T06:00:00+00:00,1082.1499854411886,2016
R6B-307,STRESS,2016-12-21T10:45:00+00:00,1078.6032733876402,2016
R6B-307,STRESS,2016-12-23T05:35:00+00:00,1078.2909821463209,2016
R6B-307,STRESS,2016-12-23T10:05:00+00:00,1077.004711704411,2016
R6B-307,STRESS,2016-12-27T06:05:00+00:00,1078.5845550413812,2016
R6B-307,STRESS,2016-12-27T10:25:00+00:00,1081.5796251778875,2016
R6B-307,STRESS,2016-12-28T04:05:00+00:00,1082.691963852045,2016
R6B-307,STRESS,2016-12-28T09:35:00+00:00,1079.5858094802213,2016
R6B-307,STRESS,2016-12-29T04:05:00+00:00,1083.6717150473844,2016
R6B-307,STRESS,2016-12-29T08:10:00+00:00,1082.8913353532666,2016
R6B-307,STRESS,2016-12-30T05:05:00+00:00,1079.3461045411193,2016
R6B-307,STRESS,2017-01-03T05:05:00+00:00,1081.6149716382201,2017
R6B-307,STRESS,2017-01-04T07:35:00+00:00,1081.7898653138514,2017
R6B-307,STRESS,2017-01-05T04:05:00+00:00,1085.5813097608811,2017
R6B-307,STRESS,2017-01-05T09:20:00+00:00,1081.7683265920323,2017
R6B-307,STRESS,2017-01-09T05:05:00+00:00,1079.8407282071935,2017
R6B-307,STRESS,2017-01-10T07:35:00+00:00,1078.4646579926166,2017
R6B-307,STRESS,2017-01-11T10:20:00+00:00,1076.7850559469468,2017
R6B-307,STRESS,2017-01-12T06:50:00+00:00,1077.1043550821469,2017
R6B-307,STRESS,2017-01-12T10:50:00+00:00,1081.075310658538,2017
R6B-307,STRESS,2017-01-16T04:05:00+00:00,1079.8035231293538,2017
R6B-307,STRESS,2017-01-16T10:10:00+00:00,1076.8456798186792,2017
R6B-307,STRESS,2017-01-17T04:05:00+00:00,1077.5636675366275,2017
R6B-307,STRESS,2017-01-17T08:10:00+00:00,1082.4721988197207,2017
R6B-307,STRESS,2017-01-20T07:15:00+00:00,1082.086614934991,2017
R6B-307,STRESS,2017-01-20T11:15:00+00:00,1073.2064211843888,2017
R6B-307,STRESS,2017-01-23T04:40:00+00:00,1072.3701636967053,2017
R6B-307,STRESS,2017-01-26T04:05:00+00:00,1069.0148843595264,2017
R6B-307,STRESS,2017-01-30T04:05:00+00:00,1067.9056223305993,2017
R6B-307,STRESS,2017-01-31T05:55:00+00:00,1070.220831783489,2017
R6B-307,STRESS,2017-02-02T04:25:00+00:00,1072.538036289338,2017
R6B-307,STRESS,2017-02-02T09:50:00+00:00,1071.7277244438553,2017
R6B-307,STRESS,2017-02-06T04:30:00+00:00,1072.2158930920154,2017
R6B-307,STRESS,2017-02-08T06:40:00+00:00,1068.9125751598767,2017
R6B-307,STRESS,2017-02-14T08:05:00+00:00,1067.7142869272052,2017
R6B-307,STRESS,2017-02-16T04:25:00+00:00,1067.2413941759075,2017
R6B-307,STRESS,2017-02-24T08:00:00+00:00,1068.9763559631126,2017
R6B-307,STRESS,2017-02-27T05:40:00+00:00,1066.2085690368817,2017
R6B-307,STRESS,2017-02-28T10:30:00+00:00,1062.24828162879,2017
R6B-307,STRESS,2017-03-13T04:05:00+00:00,1062.152890551346,2017
R6B-307,STRESS,2017-03-13T09:15:00+00:00,1062.697999559234,2017
R6B-307,STRESS,2017-03-15T08:35:00+00:00,1062.7812433430452,2017
R6B-307,STRESS,2017-03-16T04:30:00+00:00,1063.6285842204593,2017
R6B-307,STRESS,2017-03-16T09:40:00+00:00,1060.275275888012,2017
R6B-307,STRESS,2017-03-20T04:05:00+00:00,1062.257339934911,2017
R6B-307,STRESS,2017-03-20T08:55:00+00:00,1059.6456069277776,2017
R6B-307,STRESS,2017-03-21T05:05:00+00:00,1052.9881004741562,2017
R6B-307,STRESS,2017-03-22T10:40:00+00:00,1049.2792845116517,2017
R6B-307,STRESS,2017-03-27T04:05:00+00:00,1050.679967427692,2017
R6B-307,STRESS,2017-04-04T04:10:00+00:00,1049.3780728879542,2017
R6B-307,STRESS,2017-04-04T10:50:00+00:00,1048.662852806649,2017
R6B-307,STRESS,2017-04-05T11:30:00+00:00,1044.8224767563747,2017
R6B-307,STRESS,2017-04-07T05:15:00+00:00,1053.0234769799151,2017
R6B-307,STRESS,2017-04-11T11:45:00+00:00,1051.6538614824917,2017
R6B-307,STRESS,2017-04-12T05:00:00+00:00,1049.8545084147374,2017
R6B-307,STRESS,2017-04-17T04:05:00+00:00,1046.1794518776328,2017
R6B-307,STRESS,2017-04-20T11:05:00+00:00,1042.7288318175772,2017
R6B-307,STRESS,2017-04-28T06:35:00+00:00,1041.8740094304715,2017
R6B-307,STRESS,2017-05-01T04:05:00+00:00,1035.882957951883,2017
R6B-307,STRESS,2017-05-05T08:10:00+00:00,1037.9862020325556,2017
R6B-307,STRESS,2017-05-08T04:05:00+00:00,1034.077441497634,2017
R6B-307,STRESS,2017-05-11T06:20:00+00:00,1034.2457214022409,2017
R6B-307,STRESS,2017-05-12T06:10:00+00:00,1033.50428104264,2017
R6B-307,STRESS,2017-05-12T10:20:00+00:00,1033.3950398377638,2017
R6B-307,STRESS,2017-05-15T06:25:00+00:00,1034.4393107450953,2017
R6B-307,STRESS,2017-05-15T10:25:00+00:00,1032.5172342560138,2017
R6B-307,STRESS,2017-05-16T05:10:00+00:00,1032.4979387045948,2017
R6B-307,STRESS,2017-05-17T04:05:00+00:00,1030.3964471718505,2017
R6B-307,STRESS,2017-05-19T10:30:00+00:00,1030.5505289272846,2017
R6B-307,STRESS,2017-05-25T07:10:00+00:00,1028.0539755689163,2017
R6B-307,STRESS,2017-05-26T06:40:00+00:00,1028.1779605849572,2017
R6B-307,STRESS,2017-05-26T10:50:00+00:00,1032.00740883006,2017
R6B-307,STRESS,2017-05-30T05:00:00+00:00,1031.0928311470464,2017
R6B-307,STRESS,2017-05-31T11:25:00+00:00,1030.3349990365932,2017
R6B-307,STRESS,2017-06-05T04:05:00+00:00,1029.3402444767864,2017
R6B-307,STRESS,2017-06-06T04:10:00+00:00,1031.5824178889848,2017
R6B-307,STRESS,2017-06-06T09:25:00+00:00,1033.1763714073488,2017
R6B-307,STRESS,2017-06-08T09:45:00+00:00,1029.7127799752927,2017
R6B-307,STRESS,2017-06-14T06:10:00+00:00,1028.3193338955637,2017
R6B-307,STRESS,2017-06-20T10:00:00+00:00,1027.9598252447265,2017
R6B-307,STRESS,2017-06-21T04:30:00+00:00,1028.0231572464108,2017
R6B-307,STRESS,2017-06-22T04:15:00+00:00,1028.9844640910524,2017
R6B-307,STRESS,2017-06-22T09:55:00+00:00,1025.6765063401476,2017
R6B-307,STRESS,2017-06-23T09:45:00+00:00,1027.397544998945,2017
R6B-307,STRESS,2017-06-26T04:05:00+00:00,1023.8785781652119,2017
R6B-307,STRESS,2017-06-27T06:55:00+00:00,1028.0097192674505,2017
R6B-307,STRESS,2017-06-28T06:15:00+00:00,1027.2043381007352,2017
R6B-307,STRESS,2017-06-29T05:40:00+00:00,1026.8763509317766,2017
R6B-307,STRESS,2017-06-30T07:20:00+00:00,1021.4580197681637,2017
R6B-307,STRESS,2017-07-04T04:20:00+00:00,1019.2108594050104,2017
R6B-307,STRESS,2017-07-04T09:40:00+00:00,1016.8196632121502,2017
R6B-307,STRESS,2017-07-05T05:55:00+00:00,1013.2289533106456,2017
R6B-307,STRESS,2017-07-10T04:05:00+00:00,1010.6413388967628,2017
R6B-307,STRESS,2017-07-12T04:10:00+00:00,1010.6228709968441,2017
R6B-307,STRESS,2017-07-13T06:00:00+00:00,1010.7589482600641,2017
R6B-307,STRESS,2017-07-13T10:35:00+00:00,1008.3463085567786,2017
R6B-307,STRESS,2017-07-14T10:25:00+00:00,1007.9142174956493,2017
R6B-307,STRESS,2017-07-17T04:05:00+00:00,1006.847923113013,2017
R6B-307,STRESS,2017-07-18T05:10:00+00:00,1007.0907341046501,2017
R6B-307,STRESS,2017-07-18T09:45:00+00:00,1004.7477046865519,2017
R6B-307,STRESS,2017-07-21T06:10:00+00:00,1004.7426050383904,2017
R6B-307,STRESS,2017-07-21T10:10:00+00:00,1004.6705903460319,2017
R6B-307,STRESS,2017-07-24T04:05:00+00:00,1002.2808968372199,2017
R6B-307,STRESS,2017-07-25T10:00:00+00:00,997.6520101480751,2017
R6B-307,STRESS,2017-07-27T05:55:00+00:00,996.7916882883501,2017
R6B-307,STRESS,2017-08-01T06:30:00+00:00,994.9482987815187,2017
R6B-307,STRESS,2017-08-08T05:40:00+00:00,994.6623759296663,2017
R6B-307,STRESS,2017-08-09T04:10:00+00:00,995.708486602599,2017
R6B-307,STRESS,2017-08-09T11:05:00+00:00,993.5526235545574,2017
R6B-307,STRESS,2017-08-10T09:45:00+00:00,993.4198708736016,2017
R6B-307,STRESS,2017-08-11T04:25:00+00:00,991.1581723646274,2017
R6B-307,STRESS,2017-08-17T04:15:00+00:00,992.648246340024,2017
R6B-307,STRESS,2017-08-18T11:05:00+00:00,993.8784419423955,2017
R6B-307,STRESS,2017-08-21T10:20:00+00:00,993.2649081008394,2017
R6B-307,STRESS,2017-08-25T09:05:00+00:00,992.7836190645899,2017
R6B-307,STRESS,2017-08-28T04:35:00+00:00,992.0310705798348,2017
R6B-307,STRESS,2017-08-28T10:00:00+00:00,992.6212000037391,2017
R6B-307,STRESS,2017-08-29T11:00:00+00:00,991.0082140097334,2017
R6B-307,STRESS,2017-08-30T06:45:00+00:00,985.7896955000269,2017
R6B-307,STRESS,2017-09-04T04:05:00+00:00,983.04937642723,2017
R6B-307,STRESS,2017-09-04T10:10:00+00:00,979.7915507231113,2017
R6B-307,STRESS,2017-09-05T05:05:00+00:00,980.2200137033859,2017
R6B-307,STRESS,2017-09-07T09:40:00+00:00,982.0015063761803,2017
R6B-307,STRESS,2017-09-08T06:30:00+00:00,982.8286875331372,2017
R6B-307,STRESS,2017-09-14T11:30:00+00:00,981.6195792199501,2017
R6B-307,STRESS,2017-09-19T07:15:00+00:00,979.060113348854,2017
R6B-307,STRESS,2017-09-20T05:40:00+00:00,979.106340455736,2017
R6B-307,STRESS,2017-09-20T09:40:00+00:00,980.0019597350234,2017
R6B-307,STRESS,2017-09-22T05:25:00+00:00,979.9711955390935,2017
R6B-307,STRESS,2017-09-26T07:50:00+00:00,974.405338906303,2017
R6B-307,STRESS,2017-09-29T11:35:00+00:00,972.3245741697647,2017
R6B-307,STRESS,2017-10-04T04:20:00+00:00,972.2688884237455,2017
R6B-307,STRESS,2017-10-04T09:15:00+00:00,971.021666696313,2017
R6B-307,STRESS,2017-10-09T05:05:00+00:00,972.5757305569341,2017
R6B-307,STRESS,2017-10-10T05:15:00+00:00,973.2140113400945,2017
R6B-307,STRESS,2017-10-10T10:25:00+00:00,974.1009029949422,2017
R6B-307,STRESS,2017-10-12T04:10:00+00:00,974.1519754580573,2017
R6B-307,STRESS,2017-10-12T09:50:00+00:00,972.2336775301685,2017
R6B-307,STRESS,2017-10-13T06:20:00+00:00,972.2524724634533,2017
R6B-307,STRESS,2017-10-13T10:20:00+00:00,969.461918291317,2017
R6B-307,STRESS,2017-10-16T04:05:00+00:00,967.452176007716,2017
R6B-307,STRESS,2017-10-16T10:45:00+00:00,966.9717167908352,2017
R6B-307,STRESS,2017-10-18T05:45:00+00:00,963.4723010246315,2017
R6B-307,STRESS,2017-10-19T11:30:00+00:00,965.093660146256,2017
R6B-307,STRESS,2017-10-24T04:15:00+00:00,963.3960595101756,2017
R6B-307,STRESS,2017-10-26T05:30:00+00:00,963.292249974549,2017
R6B-307,STRESS,2017-10-31T10:25:00+00:00,959.7991688206858,2017
R6B-307,STRESS,2017-11-01T10:00:00+00:00,963.997515399027,2017
R6B-307,STRESS,2017-11-02T05:20:00+00:00,963.1940781809842,2017
R6B-307,STRESS,2017-11-03T04:15:00+00:00,961.09761718025,2017
R6B-307,STRESS,2017-11-08T08:35:00+00:00,960.7460303003031,2017
R6B-307,STRESS,2017-11-09T08:45:00+00:00,960.677900578102,2017
R6B-307,STRESS,2017-11-13T09:40:00+00:00,960.9740249932305,2017
R6B-307,STRESS,2017-11-17T05:35:00+00:00,960.5775359810601,2017
R6B-307,STRESS,2017-11-21T06:35:00+00:00,960.2322031142099,2017
R6B-307,STRESS,2017-11-22T10:15:00+00:00,959.6680614093584,2017
R6B-307,STRESS,2017-11-24T05:25:00+00:00,959.1659024953956,2017
R6B-307,STRESS,2017-11-27T05:45:00+00:00,959.2109263811406,2017
R6B-307,STRESS,2017-11-27T10:10:00+00:00,960.3700584775243,2017
R6B-307,STRESS,2017-11-29T07:15:00+00:00,959.2788092845565,2017
R6B-307,STRESS,2017-11-29T11:25:00+00:00,956.6349798986,2017
R6B-307,STRESS,2017-12-01T06:25:00+00:00,955.1959475647811,2017
R6B-307,STRESS,2017-12-06T09:55:00+00:00,954.6040279129616,2017
R6B-307,STRESS,2017-12-11T09:05:00+00:00,954.4614398643148,2017
R6B-307,STRESS,2017-12-12T09:15:00+00:00,952.5749042317655,2017
R6B-307,STRESS,2017-12-14T05:25:00+00:00,951.4434635926453,2017
R6B-307,STRESS,2017-12-15T11:15:00+00:00,951.9486005128448,2017
R6B-307,STRESS,2017-12-18T09:15:00+00:00,951.7749831164563,2017
R6B-307,STRESS,2017-12-19T08:15:00+00:00,952.29423779235,2017
R6B-307,STRESS,2017-12-20T05:20:00+00:00,952.4364773637258,2017
R6B-307,STRESS,2017-12-22T09:50:00+00:00,951.9582919680549,2017
R6B-307,STRESS,2017-12-26T05:05:00+00:00,951.9623471918621,2017
R6B-307,STRESS,2017-12-26T10:15:00+00:00,950.1490253131252,2017
R6B-307,STRESS,2017-12-27T11:10:00+00:00,950.4285607649214,2017
R6B-307,STRESS,2017-12-28T06:50:00+00:00,950.7476965976717,2017
R6B-307,STRESS,2017-12-29T05:15:00+00:00,950.1214468295664,2017
R6B-307,STRESS,2018-01-02T10:05:00+00:00,951.736602728389,2018
R6B-307,STRESS,2018-01-08T05:10:00+00:00,949.7807932532517,2018
R6B-307,STRESS,2018-01-12T04:15:00+00:00,951.2029885327908,2018
R6B-307,STRESS,2018-01-12T08:25:00+00:00,949.7965749036681,2018
R6B-307,STRESS,2018-01-15T05:15:00+00:00,950.7293986974405,2018
R6B-307,STRESS,2018-01-15T09:20:00+00:00,948.5035666845657,2018
R6B-307,STRESS,2018-01-17T04:05:00+00:00,945.7515854825687,2018
R6B-307,STRESS,2018-01-19T06:05:00+00:00,945.0961243714306,2018
R6B-307,STRESS,2018-01-19T12:00:00+00:00,943.877982483269,2018
R6B-307,STRESS,2018-01-23T05:25:00+00:00,943.7369175916133,2018
R6B-307,STRESS,2018-01-23T10:20:00+00:00,942.3879400589445,2018
R6B-307,STRESS,2018-01-24T10:40:00+00:00,946.5536115694525,2018
R6B-307,STRESS,2018-01-25T07:30:00+00:00,944.9112739626202,2018
R6B-307,STRESS,2018-01-26T10:45:00+00:00,944.0880911874684,2018
R6B-307,STRESS,2018-01-31T07:35:00+00:00,944.3066933537067,2018
R6B-307,STRESS,2018-02-06T06:05:00+00:00,942.4145048590407,2018
R6B-307,STRESS,2018-02-07T06:50:00+00:00,942.1825471133748,2018
R6B-307,STRESS,2018-02-07T11:15:00+00:00,939.1599262753801,2018
R6B-307,STRESS,2018-02-12T05:10:00+00:00,940.7509689634002,2018
R6B-307,STRESS,2018-02-13T08:25:00+00:00,942.3426255921718,2018
R6B-307,STRESS,2018-02-14T05:05:00+00:00,942.2266687861676,2018
R6B-307,STRESS,2018-02-15T08:30:00+00:00,941.4009315320841,2018
R6B-307,STRESS,2018-02-16T06:25:00+00:00,942.5140334041695,2018
R6B-307,STRESS,2018-02-26T05:15:00+00:00,945.8441667049481,2018
R6B-307,STRESS,2018-02-26T09:35:00+00:00,945.0716449765586,2018
R6B-307,STRESS,2018-02-27T04:20:00+00:00,943.394296808286,2018
R6B-307,STRESS,2018-03-02T09:55:00+00:00,941.1374266069554,2018
R6B-307,STRESS,2018-03-05T04:25:00+00:00,941.9921165931144,2018
R6B-307,STRESS,2018-03-05T11:55:00+00:00,938.7655465260265,2018
R6B-307,STRESS,2018-03-06T08:55:00+00:00,937.2702693547742,2018
R6B-307,STRESS,2018-03-08T06:40:00+00:00,936.3087638330912,2018
R6B-307,STRESS,2018-03-08T10:50:00+00:00,933.2418268964907,2018
R6B-307,STRESS,2018-03-14T06:20:00+00:00,932.319578789234,2018
R6B-307,STRESS,2018-03-15T04:40:00+00:00,931.8971185913098,2018
R6B-307,STRESS,2018-03-15T09:15:00+00:00,928.0088929498738,2018
R6B-307,STRESS,2018-03-16T09:35:00+00:00,929.3891192847447,2018
R6B-307,STRESS,2018-03-21T05:50:00+00:00,928.842275962076,2018
R6B-307,STRESS,2018-03-21T10:55:00+00:00,928.5607399496284,2018
R6B-307,STRESS,2018-03-23T04:30:00+00:00,930.7696798670104,2018
R6B-307,STRESS,2018-03-23T10:20:00+00:00,931.692473380842,2018
R6B-307,STRESS,2018-03-27T08:35:00+00:00,929.515704005258,2018
R6B-307,STRESS,2018-03-28T05:30:00+00:00,927.0646884256837,2018
R6B-307,STRESS,2018-04-02T04:05:00+00:00,928.2562912454355,2018
R6B-307,STRESS,2018-04-02T11:00:00+00:00,928.643185976028,2018
R6B-307,STRESS,2018-04-04T06:10:00+00:00,928.2351968830546,2018
R6B-307,STRESS,2018-04-04T11:35:00+00:00,931.2317235376827,2018
R6B-307,STRESS,2018-04-06T05:15:00+00:00,927.1401525619699,2018
R6B-307,STRESS,2018-04-11T10:10:00+00:00,927.3912428630156,2018
R6B-307,STRESS,2018-04-13T06:15:00+00:00,925.1259582393162,2018
R6B-307,STRESS,2018-04-16T05:35:00+00:00,923.5263384721245,2018
R6B-307,STRESS,2018-04-17T05:05:00+00:00,919.651510421442,2018
R6B-307,STRESS,2018-04-19T07:05:00+00:00,919.8651285104645,2018
R6B-307,STRESS,2018-04-19T11:05:00+00:00,914.190435219016,2018
R6B-307,STRESS,2018-04-24T04:15:00+00:00,913.7832533664617,2018
R6B-307,STRESS,2018-04-24T10:25:00+00:00,912.222161528093,2018
R6B-307,STRESS,2018-04-26T06:10:00+00:00,911.3019360835593,2018
R6B-307,STRESS,2018-04-26T10:55:00+00:00,910.5043658794004,2018
R6B-307,STRESS,2018-05-02T05:30:00+00:00,910.2974633962216,2018
R6B-307,STRESS,2018-05-07T04:10:00+00:00,910.7158827881289,2018
R6B-307,STRESS,2018-05-08T04:05:00+00:00,906.6268495791442,2018
R6B-307,STRESS,2018-05-10T05:15:00+00:00,906.3857058521438,2018
R6B-307,STRESS,2018-05-16T06:15:00+00:00,906.3246981319919,2018
R6B-307,STRESS,2018-05-16T11:25:00+00:00,902.3433954590847,2018
R6B-307,STRESS,2018-05-17T06:15:00+00:00,899.3815859923011,2018
R6B-307,STRESS,2018-05-18T11:05:00+00:00,895.5169364807863,2018
R6B-307,STRESS,2018-05-23T04:10:00+00:00,892.945566342761,2018
R6B-307,STRESS,2018-05-24T04:05:00+00:00,892.0204548723964,2018
R6B-307,STRESS,2018-05-24T10:55:00+00:00,890.9574185697592,2018
R6B-307,STRESS,2018-05-29T04:10:00+00:00,889.7651752931625,2018
R6B-307,STRESS,2018-05-31T10:25:00+00:00,888.3186060559119,2018
R6B-307,STRESS,2018-06-05T11:00:00+00:00,885.7364889901403,2018
R6B-307,STRESS,2018-06-06T09:55:00+00:00,882.0164993834328,2018
R6B-307,STRESS,2018-06-07T09:45:00+00:00,881.2862725309982,2018
R6B-307,STRESS,2018-06-08T12:00:00+00:00,880.1414394699536,2018
R6B-307,STRESS,2018-06-11T05:30:00+00:00,878.649772449964,2018
R6B-307,STRESS,2018-06-14T10:55:00+00:00,879.513712317012,2018
R6B-307,STRESS,2018-06-18T04:05:00+00:00,877.8863651811863,2018
R6B-307,STRESS,2018-06-19T04:05:00+00:00,878.4731369096842,2018
R6B-307,STRESS,2018-06-22T10:25:00+00:00,877.3120278295402,2018
R6B-307,STRESS,2018-06-25T04:05:00+00:00,874.1988461282839,2018
R6B-307,STRESS,2018-06-29T07:20:00+00:00,874.2268211683465,2018
R6B-307,STRESS,2018-07-03T11:10:00+00:00,875.3612376000817,2018
R6B-307,STRESS,2018-07-04T04:15:00+00:00,874.9883864921462,2018
R6B-307,STRESS,2018-07-05T05:20:00+00:00,871.6543817981503,2018
R6B-307,STRESS,2018-07-09T04:05:00+00:00,872.8922013324335,2018
R6B-307,STRESS,2018-07-09T09:15:00+00:00,873.3831042863662,2018
R6B-307,STRESS,2018-07-10T05:35:00+00:00,871.2699929701196,2018
R6B-307,STRESS,2018-07-12T07:55:00+00:00,871.8330023557497,2018
R6B-307,STRESS,2018-07-16T04:45:00+00:00,871.4860612699218,2018
R6B-307,STRESS,2018-07-16T09:10:00+00:00,870.3203783038308,2018
R6B-307,STRESS,2018-07-17T07:55:00+00:00,871.1972966576731,2018
R6B-307,STRESS,2018-07-18T05:50:00+00:00,867.405145807276,2018
R6B-307,STRESS,2018-07-23T04:05:00+00:00,866.2070728416309,2018
R6B-307,STRESS,2018-07-25T04:45:00+00:00,863.7026937283126,2018
R6B-307,STRESS,2018-07-26T04:05:00+00:00,861.1166153628748,2018
R6B-307,STRESS,2018-07-27T11:25:00+00:00,856.2845533030946,2018
R6B-307,STRESS,2018-08-06T05:35:00+00:00,853.8166867099205,2018
R6B-307,STRESS,2018-08-07T08:05:00+00:00,853.3889757829705,2018
R6B-307,STRESS,2018-08-08T05:35:00+00:00,852.9056534908723,2018
R6B-307,STRESS,2018-08-08T11:15:00+00:00,849.1110496767584,2018
R6B-307,STRESS,2018-08-09T04:25:00+00:00,848.8697144610825,2018
R6B-307,STRESS,2018-08-09T10:10:00+00:00,847.0642940681008,2018
R6B-307,STRESS,2018-08-14T05:40:00+00:00,845.5696286162399,2018
R6B-307,STRESS,2018-08-16T09:35:00+00:00,847.2679408823915,2018
R6B-307,STRESS,2018-08-17T05:15:00+00:00,844.835457050834,2018
R6B-307,STRESS,2018-08-20T06:25:00+00:00,844.3492503237233,2018
R6B-307,STRESS,2018-08-20T10:45:00+00:00,843.5358339886036,2018
R6B-307,STRESS,2018-08-21T04:10:00+00:00,844.330949178513,2018
R6B-307,STRESS,2018-08-21T08:45:00+00:00,843.2521903590122,2018
R6B-307,STRESS,2018-08-22T04:25:00+00:00,840.8340641036176,2018
R6B-307,STRESS,2018-08-24T07:45:00+00:00,840.7905434245308,2018
R6B-307,STRESS,2018-08-24T11:55:00+00:00,841.6744462541197,2018
R6B-307,STRESS,2018-08-28T04:15:00+00:00,839.2617783141909,2018
R6B-307,STRESS,2018-08-29T06:25:00+00:00,837.7790849946331,2018
R6B-307,STRESS,2018-08-29T11:25:00+00:00,835.716090227732,2018
R6B-307,STRESS,2018-08-31T05:35:00+00:00,837.4862859470442,2018
R6B-307,STRESS,2018-08-31T11:10:00+00:00,835.9454898310959,2018
R6B-307,STRESS,2018-09-03T10:15:00+00:00,834.9951840188544,2018
R6B-307,STRESS,2018-09-05T06:25:00+00:00,832.8577565993303,2018
R6B-307,STRESS,2018-09-05T11:05:00+00:00,831.8480502737274,2018
R6B-307,STRESS,2018-09-06T04:05:00+00:00,831.0976102556518,2018
R6B-307,STRESS,2018-09-07T04:35:00+00:00,829.7457623890487,2018
R6B-307,STRESS,2018-09-11T10:30:00+00:00,827.247464109293,2018
R6B-307,STRESS,2018-09-14T06:15:00+00:00,826.713893364885,2018
R6B-307,STRESS,2018-09-14T10:35:00+00:00,825.487116404837,2018
R6B-307,STRESS,2018-09-17T07:30:00+00:00,824.67345177127,2018
R6B-307,STRESS,2018-09-17T12:00:00+00:00,824.4226645839451,2018
R6B-307,STRESS,2018-09-19T07:20:00+00:00,826.1517624843848,2018
R6B-307,STRESS,2018-09-19T11:25:00+00:00,824.2175504149408,2018
R6B-307,STRESS,2018-09-20T05:10:00+00:00,823.830077926451,2018
R6B-307,STRESS,2018-09-21T04:20:00+00:00,823.6095025088736,2018
R6B-307,STRESS,2018-09-21T11:05:00+00:00,818.6927743092539,2018
R6B-307,STRESS,2018-09-25T10:20:00+00:00,818.0482895738171,2018
R6B-307,STRESS,2018-09-26T07:10:00+00:00,815.7790949502959,2018
R6B-307,STRESS,2018-09-27T07:30:00+00:00,813.4843408304193,2018
R6B-307,STRESS,2018-10-02T05:10:00+00:00,813.5284576594789,2018
R6B-307,STRESS,2018-10-02T10:15:00+00:00,811.8676984534885,2018
R6B-307,STRESS,2018-10-03T04:10:00+00:00,811.6067629913719,2018
R6B-307,STRESS,2018-10-04T11:30:00+00:00,811.0706976670127,2018
R6B-307,STRESS,2018-10-09T04:05:00+00:00,810.4677934766189,2018
R6B-307,STRESS,2018-10-09T08:15:00+00:00,808.6624713017259,2018
R6B-307,STRESS,2018-10-10T05:05:00+00:00,806.7442393659684,2018
R6B-307,STRESS,2018-10-11T11:10:00+00:00,811.2864493194562,2018
R6B-307,STRESS,2018-10-15T04:10:00+00:00,811.3898788925267,2018
R6B-307,STRESS,2018-10-15T09:25:00+00:00,816.8266004584664,2018
R6B-307,STRESS,2018-10-16T11:50:00+00:00,816.3541917239179,2018
R6B-307,STRESS,2018-10-18T08:20:00+00:00,814.1892459257551,2018
R6B-307,STRESS,2018-10-19T05:15:00+00:00,813.0751541186555,2018
R6B-307,STRESS,2018-10-19T09:55:00+00:00,811.8108087672549,2018
R6B-307,STRESS,2018-10-22T04:05:00+00:00,810.6002729419836,2018
R6B-307,STRESS,2018-10-23T06:10:00+00:00,809.6349410865442,2018
R6B-307,STRESS,2018-10-23T10:20:00+00:00,814.6466602098843,2018
R6B-307,STRESS,2018-10-25T04:05:00+00:00,815.1117897213888,2018
R6B-307,STRESS,2018-10-25T10:10:00+00:00,810.4248709842668,2018
R6B-307,STRESS,2018-10-26T11:15:00+00:00,810.8853807839995,2018
R6B-307,STRESS,2018-11-01T04:25:00+00:00,810.6237323163261,2018
R6B-307,STRESS,2018-11-01T08:30:00+00:00,814.4228807999294,2018
R6B-307,STRESS,2018-11-02T11:35:00+00:00,814.1418473689012,2018
R6B-307,STRESS,2018-11-05T04:05:00+00:00,811.5800612675312,2018
R6B-307,STRESS,2018-11-06T12:00:00+00:00,813.3575735395157,2018
R6B-307,STRESS,2018-11-07T04:20:00+00:00,812.8476243512749,2018
R6B-307,STRESS,2018-11-12T07:00:00+00:00,808.9878277768473,2018
R6B-307,STRESS,2018-11-13T05:40:00+00:00,808.8618535900526,2018
R6B-307,STRESS,2018-11-14T06:05:00+00:00,806.5266400701564,2018
R6B-307,STRESS,2018-11-15T10:10:00+00:00,804.6856592989486,2018
R6B-307,STRESS,2018-11-16T05:25:00+00:00,803.5817087642705,2018
R6B-307,STRESS,2018-11-20T11:25:00+00:00,801.9223965022728,2018
R6B-307,STRESS,2018-11-21T10:55:00+00:00,801.4535996500699,2018
R6B-307,STRESS,2018-11-22T07:10:00+00:00,799.8268359090883,2018
R6B-307,STRESS,2018-11-23T05:35:00+00:00,799.1497132860379,2018
R6B-307,STRESS,2018-11-26T04:05:00+00:00,798.2338966288934,2018
R6B-307,STRESS,2018-11-26T09:15:00+00:00,798.7027322565767,2018
R6B-307,STRESS,2018-11-28T07:00:00+00:00,797.2586025751548,2018
R6B-307,STRESS,2018-11-29T06:45:00+00:00,797.8282529279785,2018
R6B-307,STRESS,2018-11-29T11:35:00+00:00,795.8897322080641,2018
R6B-307,STRESS,2018-12-03T05:10:00+00:00,796.2110211728275,2018
R6B-307,STRESS,2018-12-03T09:55:00+00:00,798.730064791534,2018
R6B-307,STRESS,2018-12-04T05:55:00+00:00,799.656894006207,2018
R6B-307,STRESS,2018-12-04T10:15:00+00:00,800.0965431392783,2018
R6B-307,STRESS,2018-12-06T04:50:00+00:00,799.6463279329336,2018
R6B-307,STRESS,2018-12-07T07:25:00+00:00,798.0598161988668,2018
R6B-307,STRESS,2018-12-10T05:30:00+00:00,796.7832272178681,2018
R6B-307,STRESS,2018-12-11T05:25:00+00:00,796.6787665824281,2018
R6B-307,STRESS,2018-12-11T09:55:00+00:00,796.7866756960159,2018
R6B-307,STRESS,2018-12-12T05:15:00+00:00,795.584777924817,2018
R6B-307,STRESS,2018-12-17T11:20:00+00:00,795.9511394319429,2018
R6B-307,STRESS,2018-12-18T07:45:00+00:00,794.2058328089425,2018
R6B-307,STRESS,2018-12-19T04:10:00+00:00,793.5195902791087,2018
R6B-307,STRESS,2018-12-19T08:25:00+00:00,792.3349795535648,2018
R6B-307,STRESS,2018-12-20T10:20:00+00:00,797.9517039610824,2018
R6B-307,STRESS,2018-12-24T04:05:00+00:00,799.1111798892339,2018
R6B-307,STRESS,2018-12-26T05:55:00+00:00,799.6011185523497,2018
R6B-307,STRESS,2018-12-26T09:55:00+00:00,798.2520634076537,2018
R6B-307,STRESS,2018-12-28T09:55:00+00:00,796.0927908978896,2018
R6B-307,STRESS,2018-12-31T12:00:00+00:00,796.8572240944411,2018
R6B-307,STRESS,2019-01-02T07:00:00+00:00,798.0657424802249,2019
R6B-307,STRESS,2019-01-03T10:25:00+00:00,795.718223773899,2019
R6B-307,STRESS,2019-01-04T04:05:00+00:00,794.7999232144903,2019
R6B-307,STRESS,2019-01-07T05:05:00+00:00,795.9727711151062,2019
R6B-307,STRESS,2019-01-07T09:35:00+00:00,795.6516175240547,2019
R6B-307,STRESS,2019-01-10T06:35:00+00:00,795.6857010304865,2019
R6B-307,STRESS,2019-01-11T05:40:00+00:00,797.3709502371684,2019
R6B-307,STRESS,2019-01-11T09:40:00+00:00,796.4831182511754,2019
R6B-307,STRESS,2019-01-14T05:35:00+00:00,795.3063530080387,2019
R6B-307,STRESS,2019-01-14T11:55:00+00:00,795.8268077406958,2019
R6B-307,STRESS,2019-01-15T05:55:00+00:00,794.0118149837994,2019
R6B-307,STRESS,2019-01-16T05:05:00+00:00,792.4923262389965,2019
R6B-307,STRESS,2019-01-16T09:55:00+00:00,790.3753854720403,2019
R6B-307,STRESS,2019-01-17T05:25:00+00:00,787.9195969909922,2019
R6B-307,STRESS,2019-01-22T11:20:00+00:00,789.0028100901872,2019
R6B-307,STRESS,2019-01-25T07:05:00+00:00,788.7378981918405,2019
R6B-307,STRESS,2019-01-25T11:10:00+00:00,787.9856906509688,2019
R6B-307,STRESS,2019-01-28T09:20:00+00:00,785.7017053778884,2019
R6B-307,STRESS,2019-01-29T05:00:00+00:00,784.5932505886713,2019
R6B-307,STRESS,2019-01-29T10:10:00+00:00,786.1970921804703,2019
R6B-307,STRESS,2019-01-30T05:35:00+00:00,786.0718794935644,2019
R6B-307,STRESS,2019-01-30T10:00:00+00:00,784.517919970435,2019
R6B-307,STRESS,2019-01-31T09:45:00+00:00,783.8118539661455,2019
R6B-307,STRESS,2019-02-05T07:00:00+00:00,782.8520214720845,2019
R6B-307,STRESS,2019-02-06T04:25:00+00:00,780.9836191386871,2019
R6B-307,STRESS,2019-02-12T10:15:00+00:00,781.6951739155165,2019
R6B-307,STRESS,2019-02-13T06:20:00+00:00,781.4936196266741,2019
R6B-307,STRESS,2019-02-13T10:35:00+00:00,779.203097239658,2019
R6B-307,STRESS,2019-02-15T10:25:00+00:00,779.9607337315657,2019
R6B-307,STRESS,2019-02-18T05:05:00+00:00,779.3135107208248,2019
R6B-307,STRESS,2019-02-20T05:20:00+00:00,778.5148928718601,2019
R6B-307,STRESS,2019-02-25T07:00:00+00:00,777.2897874481813,2019
R6B-307,STRESS,2019-02-26T06:35:00+00:00,776.2918583332203,2019
R6B-307,STRESS,2019-02-27T04:15:00+00:00,774.6609847557809,2019
R6B-307,STRESS,2019-02-28T11:25:00+00:00,776.0566770933116,2019
R6B-307,STRESS,2019-03-05T07:15:00+00:00,774.0841347786886,2019
R6B-307,STRESS,2019-03-06T04:05:00+00:00,772.2809313644558,2019
R6B-307,STRESS,2019-03-06T10:50:00+00:00,769.219480992618,2019
R6B-307,STRESS,2019-03-07T04:20:00+00:00,767.6817648442939,2019
R6B-307,STRESS,2019-03-08T05:50:00+00:00,768.9374157682142,2019
R6B-307,STRESS,2019-03-08T09:50:00+00:00,770.8711099299004,2019
R6B-307,STRESS,2019-03-11T09:50:00+00:00,769.2003129091789,2019
R6B-307,STRESS,2019-03-12T05:15:00+00:00,769.8587560643983,2019
R6B-307,STRESS,2019-03-12T09:40:00+00:00,768.883299776023,2019
R6B-307,STRESS,2019-03-13T04:30:00+00:00,769.1765654970102,2019
R6B-307,STRESS,2019-03-15T07:00:00+00:00,769.4021679480267,2019
R6B-307,STRESS,2019-03-15T11:20:00+00:00,768.9910235864463,2019
R6B-307,STRESS,2019-03-18T10:50:00+00:00,769.9475291997601,2019
R6B-307,STRESS,2019-03-19T04:30:00+00:00,770.5713762969328,2019
R6B-307,STRESS,2019-03-21T05:35:00+00:00,770.3222963380616,2019
R6B-307,STRESS,2019-03-21T10:40:00+00:00,768.4808487406852,2019
R6B-307,STRESS,2019-03-22T05:40:00+00:00,767.1284624125553,2019
R6B-307,STRESS,2019-03-22T10:30:00+00:00,766.9079849166409,2019
R6B-307,STRESS,2019-03-25T05:00:00+00:00,767.4527410453899,2019
R6B-307,STRESS,2019-03-25T10:05:00+00:00,767.3987829556605,2019
R6B-307,STRESS,2019-03-27T04:20:00+00:00,765.8657772130142,2019
R6B-307,STRESS,2019-03-28T09:10:00+00:00,763.3466947737911,2019
R6B-307,STRESS,2019-03-29T04:25:00+00:00,760.9144964624211,2019
R6B-307,STRESS,2019-04-02T10:15:00+00:00,759.4787063839217,2019
R6B-307,STRESS,2019-04-03T05:55:00+00:00,758.8443726206051,2019
R6B-307,STRESS,2019-04-04T04:05:00+00:00,758.2634553070972,2019
R6B-307,STRESS,2019-04-04T08:20:00+00:00,757.290062790079,2019
R6B-307,STRESS,2019-04-08T04:20:00+00:00,758.6558568209817,2019
R6B-307,STRESS,2019-04-08T10:35:00+00:00,758.0921084829331,2019
R6B-307,STRESS,2019-04-09T04:50:00+00:00,757.9020412238325,2019
R6B-307,STRESS,2019-04-09T11:55:00+00:00,758.258839929341,2019
R6B-307,STRESS,2019-04-17T06:00:00+00:00,758.3187319869119,2019
R6B-307,STRESS,2019-04-17T10:00:00+00:00,755.6589915949313,2019
R6B-307,STRESS,2019-04-18T12:00:00+00:00,755.5577481901931,2019
R6B-307,STRESS,2019-04-22T04:05:00+00:00,755.6828372419388,2019
R6B-307,STRESS,2019-04-23T05:35:00+00:00,753.4942394350271,2019
R6B-307,STRESS,2019-04-24T12:00:00+00:00,753.7302874942576,2019
R6B-307,STRESS,2019-04-25T06:50:00+00:00,753.2450815634779,2019
R6B-307,STRESS,2019-04-25T11:10:00+00:00,752.4535409739004,2019
R6B-307,STRESS,2019-04-26T04:05:00+00:00,752.359296458558,2019
R6B-307,STRESS,2019-04-26T10:30:00+00:00,750.991995097992,2019
R6B-307,STRESS,2019-04-30T04:05:00+00:00,751.5493462668626,2019
R6B-307,STRESS,2019-04-30T08:35:00+00:00,751.443098539039,2019
R6B-307,STRESS,2019-05-03T07:35:00+00:00,749.7046951754293,2019
R6B-307,STRESS,2019-05-06T04:05:00+00:00,748.740513900367,2019
R6B-307,STRESS,2019-05-07T04:05:00+00:00,748.0730970539475,2019
R6B-307,STRESS,2019-05-07T08:25:00+00:00,746.03899453652,2019
R6B-307,STRESS,2019-05-08T05:00:00+00:00,745.8296421706342,2019
R6B-307,STRESS,2019-05-08T10:05:00+00:00,745.7471431123894,2019
R6B-307,STRESS,2019-05-09T04:20:00+00:00,744.9271503623258,2019
R6B-307,STRESS,2019-05-09T10:15:00+00:00,745.2107540276675,2019
R6B-307,STRESS,2019-05-10T08:15:00+00:00,743.7835081620739,2019
R6B-307,STRESS,2019-05-14T04:05:00+00:00,741.5307276657352,2019
R6B-307,STRESS,2019-05-15T04:10:00+00:00,739.7057233136663,2019
R6B-307,STRESS,2019-05-16T11:10:00+00:00,737.0885046014685,2019
R6B-307,STRESS,2019-05-17T09:40:00+00:00,735.3515050373029,2019
R6B-307,STRESS,2019-05-22T04:05:00+00:00,733.8810555866146,2019
R6B-307,STRESS,2019-05-23T10:05:00+00:00,734.1668360029279,2019
R6B-307,STRESS,2019-05-24T10:20:00+00:00,731.3438430670203,2019
R6B-307,STRESS,2019-05-27T05:10:00+00:00,731.5865343102392,2019
R6B-307,STRESS,2019-05-28T04:10:00+00:00,729.3610740992804,2019
R6B-307,STRESS,2019-05-29T04:15:00+00:00,728.0298377485709,2019
R6B-307,STRESS,2019-05-29T10:30:00+00:00,727.5487756485774,2019
R6B-307,STRESS,2019-05-31T04:10:00+00:00,727.0538350915865,2019
R6B-307,STRESS,2019-05-31T09:10:00+00:00,727.2405184772174,2019
R6B-307,STRESS,2019-06-03T04:05:00+00:00,728.2244593933658,2019
R6B-307,STRESS,2019-06-03T11:15:00+00:00,729.3095515716727,2019
R6B-307,STRESS,2019-06-04T11:10:00+00:00,728.1167357111747,2019
R6B-307,STRESS,2019-06-05T10:05:00+00:00,732.9886924821382,2019
R6B-307,STRESS,2019-06-06T11:25:00+00:00,733.626964941385,2019
R6B-307,STRESS,2019-06-07T11:35:00+00:00,733.3126957923774,2019
R6B-307,STRESS,2019-06-12T05:45:00+00:00,735.2746310438812,2019
R6B-307,STRESS,2019-06-12T09:50:00+00:00,736.1343788541014,2019
R6B-307,STRESS,2019-06-13T05:55:00+00:00,735.2529323121356,2019
R6B-307,STRESS,2019-06-13T11:00:00+00:00,733.7191402052903,2019
R6B-307,STRESS,2019-06-14T04:05:00+00:00,733.4237876025946,2019
R6B-307,STRESS,2019-06-14T10:25:00+00:00,734.197730092277,2019
R6B-307,STRESS,2019-06-17T07:15:00+00:00,730.4866505066577,2019
R6B-307,STRESS,2019-06-18T05:25:00+00:00,730.5548328322429,2019
R6B-307,STRESS,2019-06-18T09:40:00+00:00,730.7034873388526,2019
R6B-307,STRESS,2019-06-19T09:10:00+00:00,727.6071217960882,2019
R6B-307,STRESS,2019-06-20T04:30:00+00:00,735.0953886363609,2019
R6B-307,STRESS,2019-06-21T04:15:00+00:00,740.696285318468,2019
R6B-307,STRESS,2019-06-24T04:05:00+00:00,737.8399508047896,2019
R6B-307,STRESS,2019-06-25T04:15:00+00:00,742.2147124188596,2019
R6B-307,STRESS,2019-06-28T04:10:00+00:00,744.9612342231985,2019
R6B-307,STRESS,2019-07-02T05:05:00+00:00,744.8163431239425,2019
R6B-307,STRESS,2019-07-02T09:10:00+00:00,744.8168932058128,2019
R6B-307,STRESS,2019-07-04T05:45:00+00:00,741.4729361732899,2019
R6B-307,STRESS,2019-07-08T09:15:00+00:00,743.8028883697439,2019
R6B-307,STRESS,2019-07-09T08:55:00+00:00,738.538726951926,2019
R6B-307,STRESS,2019-07-11T04:05:00+00:00,738.3963761724998,2019
R6B-307,STRESS,2019-07-12T11:25:00+00:00,736.5761742834064,2019
R6B-307,STRESS,2019-07-22T06:40:00+00:00,734.0521809019808,2019
R6B-307,STRESS,2019-07-24T06:50:00+00:00,734.0922147619355,2019
R6B-307,STRESS,2019-07-24T10:50:00+00:00,735.2833122364757,2019
R6B-307,STRESS,2019-07-25T11:25:00+00:00,734.7813449760115,2019
R6B-307,STRESS,2019-07-26T05:25:00+00:00,732.6814282176829,2019
R6B-307,STRESS,2019-07-26T10:55:00+00:00,732.5423228343909,2019
R6B-307,STRESS,2019-07-29T04:05:00+00:00,732.1012434681577,2019
R6B-307,STRESS,2019-07-31T10:30:00+00:00,731.0641226141375,2019
R6B-307,STRESS,2019-08-05T05:35:00+00:00,733.3281715472863,2019
R6B-307,STRESS,2019-08-05T10:15:00+00:00,732.6712886193485,2019
R6B-307,STRESS,2019-08-06T04:10:00+00:00,723.4063219963502,2019
R6B-307,STRESS,2019-08-07T04:10:00+00:00,726.4042089217944,2019
R6B-307,STRESS,2019-08-13T09:35:00+00:00,729.9668062211042,2019
R6B-307,STRESS,2019-08-16T04:45:00+00:00,726.7044269659204,2019
R6B-307,STRESS,2019-08-26T04:05:00+00:00,722.6297815704851,2019
R6B-307,STRESS,2019-08-27T10:00:00+00:00,721.7846836781607,2019
R6B-307,STRESS,2019-08-29T05:45:00+00:00,721.6680393882618,2019
R6B-307,STRESS,2019-08-29T09:45:00+00:00,717.9603434094759,2019
R6B-307,STRESS,2019-08-30T09:40:00+00:00,715.2652978011398,2019
R6B-307,STRESS,2019-09-02T04:05:00+00:00,713.2883954613671,2019
R6B-307,STRESS,2019-09-03T11:15:00+00:00,713.7133901657479,2019
R6B-307,STRESS,2019-09-11T09:35:00+00:00,712.7885224008031,2019
R6B-307,STRESS,2019-09-12T10:55:00+00:00,713.7900903399972,2019
R6B-307,STRESS,2019-09-13T10:40:00+00:00,715.008572582203,2019
R6B-307,STRESS,2019-09-16T04:05:00+00:00,712.3761844327755,2019
R6B-307,STRESS,2019-09-19T08:55:00+00:00,712.7926685543392,2019
R6B-307,STRESS,2019-09-20T05:35:00+00:00,713.4420880179789,2019
R6B-307,STRESS,2019-09-20T09:50:00+00:00,712.1893759733639,2019
R6B-307,STRESS,2019-09-23T06:00:00+00:00,710.370211373548,2019
R6B-307,STRESS,2019-09-24T11:40:00+00:00,708.2274622372533,2019
R6B-307,STRESS,2019-09-26T04:10:00+00:00,708.0068728027037,2019
R6B-307,STRESS,2019-09-26T09:10:00+00:00,706.2204774613791,2019
R6B-307,STRESS,2019-10-03T10:20:00+00:00,704.0326360574741,2019
R6B-307,STRESS,2019-10-04T06:55:00+00:00,702.7966739188314,2019
R6B-307,STRESS,2019-10-07T05:20:00+00:00,700.0405416177048,2019
R6B-307,STRESS,2019-10-08T11:45:00+00:00,704.4196829402483,2019
R6B-307,STRESS,2019-10-09T11:25:00+00:00,698.7094001094274,2019
R6B-307,STRESS,2019-10-11T06:55:00+00:00,699.0080683144982,2019
R6B-307,STRESS,2019-10-11T11:05:00+00:00,695.5020123052998,2019
R6B-307,STRESS,2019-10-14T11:10:00+00:00,697.4996478968106,2019
R6B-307,STRESS,2019-10-15T05:50:00+00:00,695.6116655624882,2019
R6B-307,STRESS,2019-10-16T04:40:00+00:00,694.680405015766,2019
R6B-307,STRESS,2019-10-17T04:45:00+00:00,691.821484248277,2019
R6B-307,STRESS,2019-10-21T09:45:00+00:00,690.668287401143,2019
R6B-307,STRESS,2019-10-22T08:50:00+00:00,691.4496829129121,2019
R6B-307,STRESS,2019-10-23T04:05:00+00:00,690.8511738617082,2019
R6B-307,STRESS,2019-10-23T10:55:00+00:00,690.5468001774243,2019
R6B-307,STRESS,2019-10-25T09:40:00+00:00,690.0403664606685,2019
R6B-307,STRESS,2019-10-28T10:45:00+00:00,688.9086431015581,2019
R6B-307,STRESS,2019-10-29T11:05:00+00:00,685.344258303726,2019
R6B-307,STRESS,2019-10-30T11:30:00+00:00,686.0612960981179,2019
R6B-307,STRESS,2019-10-31T05:20:00+00:00,685.4305865294552,2019
R6B-307,STRESS,2019-10-31T12:00:00+00:00,687.6670330691336,2019
R6B-307,STRESS,2019-11-06T04:30:00+00:00,687.4143332050118,2019
R6B-307,STRESS,2019-11-07T11:05:00+00:00,682.1741556576458,2019
R6B-307,STRESS,2019-11-08T10:20:00+00:00,680.2097752086561,2019
R6B-307,STRESS,2019-11-11T11:35:00+00:00,679.9685092271699,2019
R6B-307,STRESS,2019-11-13T08:20:00+00:00,679.3561169385653,2019
R6B-307,STRESS,2019-11-14T08:05:00+00:00,679.4117265360942,2019
R6B-307,STRESS,2019-11-18T04:05:00+00:00,677.6515152045615,2019
R6B-307,STRESS,2019-11-19T04:45:00+00:00,675.1663889563766,2019
R6B-307,STRESS,2019-11-20T09:35:00+00:00,674.1146207778087,2019
R6B-307,STRESS,2019-11-21T06:05:00+00:00,671.1373151126403,2019
R6B-307,STRESS,2019-11-22T09:40:00+00:00,672.6881259521504,2019
R6B-307,STRESS,2019-11-26T08:45:00+00:00,672.8122930194774,2019
R6B-307,STRESS,2019-11-28T04:50:00+00:00,671.3069297756856,2019
R6B-307,STRESS,2019-11-29T05:35:00+00:00,671.6648939442023,2019
R6B-307,STRESS,2019-11-29T09:35:00+00:00,670.0615615683746,2019
R6B-307,STRESS,2019-12-04T07:10:00+00:00,670.6981594646594,2019
R6B-307,STRESS,2019-12-04T11:10:00+00:00,667.3817126551533,2019
R6B-307,STRESS,2019-12-05T05:45:00+00:00,667.3950444423748,2019
R6B-307,STRESS,2019-12-09T10:35:00+00:00,667.5744506978864,2019
R6B-307,STRESS,2019-12-10T09:35:00+00:00,668.0911773388743,2019
R6B-307,STRESS,2019-12-11T11:40:00+00:00,668.1548140702673,2019
R6B-307,STRESS,2019-12-16T09:50:00+00:00,667.8786256537146,2019
R6B-307,STRESS,2019-12-17T08:30:00+00:00,668.102680567285,2019
R6B-307,STRESS,2019-12-18T08:35:00+00:00,667.6228574904349,2019
R6B-307,STRESS,2019-12-19T05:35:00+00:00,667.28938486694,2019
R6B-307,STRESS,2019-12-20T10:05:00+00:00,666.0435063137168,2019
R6B-307,STRESS,2019-12-23T05:05:00+00:00,665.9352558522801,2019
R6B-307,STRESS,2019-12-23T10:35:00+00:00,665.586460174075,2019
R6B-307,STRESS,2019-12-24T05:50:00+00:00,666.3424074362283,2019
R6B-307,STRESS,2019-12-24T09:55:00+00:00,666.0547282964961,2019
R6B-307,STRESS,2019-12-26T05:55:00+00:00,667.6779807795737,2019
R6B-307,STRESS,2019-12-27T06:35:00+00:00,665.1955912782662,2019
R6B-307,STRESS,2019-12-30T05:10:00+00:00,664.5681926305646,2019
R6B-307,STRESS,2019-12-31T05:05:00+00:00,666.1628791892598,2019
R6B-307,STRESS,2019-12-31T11:15:00+00:00,664.6143964073846,2019
R6B-307,STRESS,2020-01-03T04:10:00+00:00,667.753084542137,2020
R6B-307,STRESS,2020-01-03T09:35:00+00:00,669.7432050007743,2020
R6B-307,STRESS,2020-01-06T04:05:00+00:00,673.4513873325975,2020
R6B-307,STRESS,2020-01-07T10:05:00+00:00,672.7017599366237,2020
R6B-307,STRESS,2020-01-08T04:15:00+00:00,667.6765793895298,2020
R6B-307,STRESS,2020-01-15T06:30:00+00:00,667.8489822047299,2020
R6B-307,STRESS,2020-01-17T07:55:00+00:00,667.6114041916767,2020
R6B-307,STRESS,2020-01-20T09:30:00+00:00,667.1544268797475,2020
R6B-307,STRESS,2020-01-21T04:05:00+00:00,668.8412738210965,2020
R6B-307,STRESS,2020-01-27T04:05:00+00:00,667.6004301594141,2020
R6B-307,STRESS,2020-01-30T04:35:00+00:00,667.3516144675526,2020
R6B-307,STRESS,2020-01-30T11:20:00+00:00,666.6424562884804,2020
R6B-307,STRESS,2020-01-31T11:45:00+00:00,667.694121999872,2020
R6B-307,STRESS,2020-02-05T04:50:00+00:00,668.1127415169335,2020
R6B-307,STRESS,2020-02-05T09:15:00+00:00,665.9575768308807,2020
R6B-307,STRESS,2020-02-06T11:05:00+00:00,668.5938320983759,2020
R6B-307,STRESS,2020-02-07T04:45:00+00:00,667.0583316252794,2020
R6B-307,STRESS,2020-02-10T04:05:00+00:00,664.9482761805136,2020
R6B-307,STRESS,2020-02-13T04:40:00+00:00,664.7086782822638,2020
R6B-307,STRESS,2020-02-13T09:40:00+00:00,663.9990063045003,2020
R6B-307,STRESS,2020-02-18T04:40:00+00:00,663.5263530624958,2020
R6B-307,STRESS,2020-02-18T11:35:00+00:00,662.8145264819946,2020
R6B-307,STRESS,2020-02-19T05:10:00+00:00,661.4434489592845,2020
R6B-307,STRESS,2020-02-19T10:25:00+00:00,662.5758188283243,2020
R6B-307,STRESS,2020-02-21T06:10:00+00:00,664.3612299660907,2020
R6B-307,STRESS,2020-02-21T10:10:00+00:00,665.818291278283,2020
R6B-307,STRESS,2020-02-24T04:05:00+00:00,662.5689852797732,2020
R6B-307,STRESS,2020-02-24T11:10:00+00:00,668.4366779280837,2020
R6B-307,STRESS,2020-02-26T11:05:00+00:00,668.6008362643175,2020
R6B-307,STRESS,2020-02-27T06:05:00+00:00,668.1070732923125,2020
R6B-307,STRESS,2020-03-02T04:55:00+00:00,668.4918482420338,2020
R6B-307,STRESS,2020-03-03T08:25:00+00:00,665.8802900765784,2020
R6B-307,STRESS,2020-03-05T11:00:00+00:00,667.4840527415914,2020
R6B-307,STRESS,2020-03-06T04:45:00+00:00,666.7782650208661,2020
R6B-307,STRESS,2020-03-06T08:55:00+00:00,665.8417537969176,2020
R6B-307,STRESS,2020-03-09T04:05:00+00:00,657.2530596630057,2020
R6B-307,STRESS,2020-03-11T08:30:00+00:00,657.2869015415907,2020
R6B-307,STRESS,2020-03-12T05:05:00+00:00,651.5215641262429,2020
R6B-307,STRESS,2020-03-13T09:40:00+00:00,649.2962915419563,2020
R6B-307,STRESS,2020-03-16T04:05:00+00:00,645.0811923913498,2020
R6B-307,STRESS,2020-03-20T05:50:00+00:00,644.9130073042567,2020
R6B-307,STRESS,2020-03-20T10:10:00+00:00,651.0551631326725,2020
R6B-307,STRESS,2020-03-23T04:35:00+00:00,646.678503588218,2020
R6B-307,STRESS,2020-03-24T04:55:00+00:00,647.6181389850178,2020
R6B-307,STRESS,2020-04-01T07:50:00+00:00,652.0499739262644,2020
R6B-307,STRESS,2020-04-02T11:15:00+00:00,649.9556135957702,2020
R6B-307,STRESS,2020-04-03T11:55:00+00:00,650.2286937770857,2020
R6B-307,STRESS,2020-04-06T10:15:00+00:00,653.6768285582185,2020
R6B-307,STRESS,2020-04-08T09:20:00+00:00,654.0369754065806,2020
R6B-307,STRESS,2020-04-09T10:05:00+00:00,657.9519669238881,2020
R6B-307,STRESS,2020-04-13T04:05:00+00:00,655.7594738978494,2020
R6B-307,STRESS,2020-04-13T11:15:00+00:00,653.9107463191442,2020
R6B-307,STRESS,2020-04-16T10:45:00+00:00,654.8673577183872,2020
R6B-307,STRESS,2020-04-21T11:00:00+00:00,648.1523263090016,2020
R6B-307,STRESS,2020-04-22T11:50:00+00:00,647.7466985743021,2020
R6B-307,STRESS,2020-04-29T05:55:00+00:00,646.6199448429095,2020
R6B-307,STRESS,2020-04-30T10:10:00+00:00,645.6659147958673,2020
R6B-307,STRESS,2020-05-04T10:30:00+00:00,647.2056352422826,2020
R6B-307,STRESS,2020-05-07T04:05:00+00:00,646.8854242529295,2020
R6B-307,STRESS,2020-05-11T05:40:00+00:00,643.9127164054784,2020
R6B-307,STRESS,2020-05-12T06:55:00+00:00,643.1447383605049,2020
R6B-307,STRESS,2020-05-12T11:35:00+00:00,642.5856448604177,2020
R6B-307,STRESS,2020-05-15T05:25:00+00:00,641.4892884104739,2020
R6B-307,STRESS,2020-05-15T09:55:00+00:00,641.0688465481801,2020
R6B-307,STRESS,2020-05-18T04:05:00+00:00,640.9039732800201,2020
R6B-307,STRESS,2020-05-18T09:55:00+00:00,639.823750946722,2020
R6B-307,STRESS,2020-05-19T04:45:00+00:00,639.4731543148471,2020
R6B-307,STRESS,2020-05-20T05:05:00+00:00,638.3385920720281,2020
R6B-307,STRESS,2020-05-22T04:10:00+00:00,637.3658629111877,2020
R6B-307,STRESS,2020-05-22T10:05:00+00:00,638.412234159148,2020
R6B-307,STRESS,2020-05-26T04:45:00+00:00,638.2632270637358,2020
R6B-307,STRESS,2020-05-27T05:05:00+00:00,634.9121482717184,2020
R6B-307,STRESS,2020-05-28T08:25:00+00:00,636.3783502346727,2020
R6B-307,STRESS,2020-06-01T04:05:00+00:00,635.7888884354832,2020
R6B-307,STRESS,2020-06-01T08:15:00+00:00,635.924269311574,2020
R6B-307,STRESS,2020-06-04T05:30:00+00:00,635.7849356225273,2020
R6B-307,STRESS,2020-06-08T05:15:00+00:00,636.7901385931567,2020
R6B-307,STRESS,2020-06-08T10:30:00+00:00,636.294291637999,2020
R6B-307,STRESS,2020-06-09T05:20:00+00:00,633.6267905927963,2020
R6B-307,STRESS,2020-06-10T05:05:00+00:00,632.714321267841,2020
R6B-307,STRESS,2020-06-10T10:15:00+00:00,631.9553384086711,2020
R6B-307,STRESS,2020-06-12T10:10:00+00:00,632.1362244036154,2020
R6B-307,STRESS,2020-06-16T05:55:00+00:00,631.3532860841877,2020
R6B-307,STRESS,2020-06-19T06:00:00+00:00,631.5206528019106,2020
R6B-307,STRESS,2020-06-19T10:00:00+00:00,632.2289385763997,2020
R6B-307,STRESS,2020-06-22T04:05:00+00:00,632.5017568238906,2020
R6B-307,STRESS,2020-06-23T05:25:00+00:00,630.3941805974442,2020
R6B-307,STRESS,2020-06-25T10:45:00+00:00,627.4133360081956,2020
R6B-307,STRESS,2020-06-29T04:45:00+00:00,626.967943312205,2020
R6B-307,STRESS,2020-07-01T08:35:00+00:00,627.5672178253974,2020
R6B-307,STRESS,2020-07-06T04:10:00+00:00,625.5510277602077,2020
R6B-307,STRESS,2020-07-06T11:05:00+00:00,624.6010736371466,2020
R6B-307,STRESS,2020-07-09T08:25:00+00:00,624.6833474355079,2020
R6B-307,STRESS,2020-07-13T04:10:00+00:00,624.8005457941887,2020
R6B-307,STRESS,2020-07-13T09:05:00+00:00,625.4619195692364,2020
R6B-307,STRESS,2020-07-15T04:10:00+00:00,623.783697909298,2020
R6B-307,STRESS,2020-07-15T12:00:00+00:00,621.0066697913416,2020
R6B-307,STRESS,2020-07-17T09:35:00+00:00,621.6352925970793,2020
R6B-307,STRESS,2020-07-20T09:35:00+00:00,621.180981668019,2020
R6B-307,STRESS,2020-07-21T07:20:00+00:00,621.5599106992101,2020
R6B-307,STRESS,2020-07-22T05:05:00+00:00,623.4070346921703,2020
R6B-307,STRESS,2020-07-23T04:10:00+00:00,620.4006321188516,2020
R6B-307,STRESS,2020-07-24T11:15:00+00:00,619.9985247663495,2020
R6B-307,STRESS,2020-07-27T04:05:00+00:00,624.5184804536138,2020
R6B-307,STRESS,2020-07-28T05:05:00+00:00,615.4048700500296,2020
R6B-307,STRESS,2020-07-31T04:45:00+00:00,616.7506418191126,2020
R6B-307,STRESS,2020-07-31T09:40:00+00:00,617.0442507125781,2020
R6B-307,STRESS,2020-08-03T04:05:00+00:00,614.3146070920848,2020
R6B-307,STRESS,2020-08-04T05:30:00+00:00,612.4685275453808,2020
R6B-307,STRESS,2020-08-05T10:55:00+00:00,613.5911008485667,2020
R6B-307,STRESS,2020-08-06T09:00:00+00:00,613.5366942569772,2020
R6B-307,STRESS,2020-08-12T11:35:00+00:00,614.5033442576395,2020
R6B-307,STRESS,2020-08-17T10:10:00+00:00,614.7337822614443,2020
R6B-307,STRESS,2020-08-18T05:50:00+00:00,615.425580655658,2020
R6B-307,STRESS,2020-08-18T10:30:00+00:00,615.1489239059255,2020
R6B-307,STRESS,2020-08-20T07:20:00+00:00,612.56421246888,2020
R6B-307,STRESS,2020-08-21T04:05:00+00:00,610.4261076769255,2020
R6B-307,STRESS,2020-08-24T11:10:00+00:00,612.3310365567573,2020
R6B-307,STRESS,2020-08-25T05:40:00+00:00,610.9176367279636,2020
R6B-307,STRESS,2020-08-28T07:05:00+00:00,613.5193374032548,2020
R6B-307,STRESS,2020-08-28T11:05:00+00:00,615.7799252729766,2020
R6B-307,STRESS,2020-08-31T04:05:00+00:00,613.5198956750007,2020
R6B-307,STRESS,2020-09-01T05:40:00+00:00,617.5134754018004,2020
R6B-307,STRESS,2020-09-01T11:20:00+00:00,616.3975903663829,2020
R6B-307,STRESS,2020-09-03T04:40:00+00:00,614.916703850166,2020
R6B-307,STRESS,2020-09-04T05:50:00+00:00,612.4994728079806,2020
R6B-307,STRESS,2020-09-07T05:35:00+00:00,610.4648750906352,2020
R6B-307,STRESS,2020-09-08T10:05:00+00:00,604.7303738868482,2020
R6B-307,STRESS,2020-09-09T09:35:00+00:00,602.4429419969255,2020
R6B-307,STRESS,2020-09-14T05:10:00+00:00,602.5527647632871,2020
R6B-307,STRESS,2020-09-15T05:50:00+00:00,604.3475879091407,2020
R6B-307,STRESS,2020-09-16T06:05:00+00:00,604.6180717268599,2020
R6B-307,STRESS,2020-09-16T11:15:00+00:00,604.1616069731198,2020
R6B-307,STRESS,2020-09-18T04:10:00+00:00,603.6133263544041,2020
R6B-307,STRESS,2020-09-22T04:10:00+00:00,601.1366742109226,2020
R6B-307,STRESS,2020-09-25T08:35:00+00:00,600.3605320305348,2020
R6B-307,STRESS,2020-09-29T04:15:00+00:00,599.112762046744,2020
R6B-307,STRESS,2020-10-01T06:50:00+00:00,600.1912360011853,2020
R6B-307,STRESS,2020-10-02T09:45:00+00:00,599.3356283908357,2020
R6B-307,STRESS,2020-10-07T09:15:00+00:00,600.09546944797,2020
R6B-307,STRESS,2020-10-08T09:35:00+00:00,599.9862841699331,2020
R6B-307,STRESS,2020-10-09T04:10:00+00:00,603.3185179316104,2020
R6B-307,STRESS,2020-10-09T11:55:00+00:00,602.9171954228071,2020
R6B-307,STRESS,2020-10-12T09:50:00+00:00,599.367525570816,2020
R6B-307,STRESS,2020-10-14T06:55:00+00:00,599.3740105409875,2020
R6B-307,STRESS,2020-10-15T11:45:00+00:00,595.9389063114971,2020
R6B-307,STRESS,2020-10-16T05:05:00+00:00,594.2560929364132,2020
R6B-307,STRESS,2020-10-19T08:55:00+00:00,596.4536999734082,2020
R6B-307,STRESS,2020-10-21T04:20:00+00:00,596.8134461878752,2020
R6B-307,STRESS,2020-10-21T12:00:00+00:00,594.9425090543278,2020
R6B-307,STRESS,2020-10-23T11:40:00+00:00,595.3816804628831,2020
R6B-307,STRESS,2020-10-27T04:55:00+00:00,595.6663318814898,2020
R6B-307,STRESS,2020-10-28T08:45:00+00:00,593.6037060508704,2020
R6B-307,STRESS,2020-10-29T07:30:00+00:00,593.7839636853828,2020
R6B-307,STRESS,2020-10-30T05:45:00+00:00,592.6789374592986,2020
R6B-307,STRESS,2020-11-02T05:55:00+00:00,592.436436140589,2020
R6B-307,STRESS,2020-11-02T11:55:00+00:00,592.5868219644109,2020
R6B-307,STRESS,2020-11-03T05:55:00+00:00,590.6098959478923,2020
R6B-307,STRESS,2020-11-05T04:05:00+00:00,590.3435934852074,2020
R6B-307,STRESS,2020-11-05T11:25:00+00:00,591.5579903956591,2020
R6B-307,STRESS,2020-11-09T04:05:00+00:00,592.5497936617678,2020
R6B-307,STRESS,2020-11-09T08:05:00+00:00,591.2155894522183,2020
R6B-307,STRESS,2020-11-10T04:05:00+00:00,594.1709107055298,2020
R6B-307,STRESS,2020-11-10T08:05:00+00:00,595.0239109393862,2020
R6B-307,STRESS,2020-11-11T06:45:00+00:00,594.374734356095,2020
R6B-307,STRESS,2020-11-11T10:55:00+00:00,591.4149159474147,2020
R6B-307,STRESS,2020-11-12T05:45:00+00:00,590.6710115505275,2020
R6B-307,STRESS,2020-11-16T05:15:00+00:00,590.4002648877234,2020
R6B-307,STRESS,2020-11-17T07:05:00+00:00,588.9477300697826,2020
R6B-307,STRESS,2020-11-20T08:40:00+00:00,588.8014785788513,2020
R6B-307,STRESS,2020-11-23T05:15:00+00:00,587.8564161101059,2020
R6B-307,STRESS,2020-11-25T05:05:00+00:00,585.4139943169946,2020
R6B-307,STRESS,2020-11-26T05:35:00+00:00,583.3564132729034,2020
R6B-307,STRESS,2020-11-26T10:55:00+00:00,583.3361078683953,2020
R6B-307,STRESS,2020-11-27T04:40:00+00:00,581.1644159383703,2020
R6B-307,STRESS,2020-12-01T06:55:00+00:00,581.4760523235794,2020
R6B-307,STRESS,2020-12-01T11:30:00+00:00,586.8675464211111,2020
R6B-307,STRESS,2020-12-02T11:50:00+00:00,589.920297434564,2020
R6B-307,STRESS,2020-12-03T07:20:00+00:00,590.0032434987244,2020
R6B-307,STRESS,2020-12-03T11:30:00+00:00,590.6818060163555,2020
R6B-307,STRESS,2020-12-04T04:45:00+00:00,589.8227973561877,2020
R6B-307,STRESS,2020-12-07T09:25:00+00:00,586.3692376383888,2020
R6B-307,STRESS,2020-12-08T06:20:00+00:00,586.1915080020025,2020
R6B-307,STRESS,2020-12-11T04:05:00+00:00,585.0675421427774,2020
R6B-307,STRESS,2020-12-15T06:05:00+00:00,587.0948712193043,2020
R6B-307,STRESS,2020-12-15T11:10:00+00:00,587.1044453161659,2020
R6B-307,STRESS,2020-12-16T06:25:00+00:00,587.3316786153052,2020
R6B-307,STRESS,2020-12-17T05:30:00+00:00,586.9722569207405,2020
R6B-307,STRESS,2020-12-17T09:55:00+00:00,589.39419939319,2020
R6B-307,STRESS,2020-12-21T04:15:00+00:00,592.1643399079079,2020
R6B-307,STRESS,2020-12-21T09:00:00+00:00,590.565785492507,2020
R6B-307,STRESS,2020-12-22T05:35:00+00:00,588.6290548263106,2020
R6B-307,STRESS,2020-12-23T09:15:00+00:00,589.1409756938866,2020
R6B-307,STRESS,2020-12-24T05:15:00+00:00,588.967857004284,2020
R6B-307,STRESS,2020-12-28T04:05:00+00:00,590.3855452488242,2020
R6B-307,STRESS,2020-12-29T05:05:00+00:00,588.847080334735,2020
R6B-307,STRESS,2020-12-30T05:35:00+00:00,588.0410721832392,2020
R6B-307,STRESS,2020-12-31T04:20:00+00:00,585.6843888319193,2020
R6B-307,STRESS,2021-01-04T04:05:00+00:00,588.7168983907433,2021
R6B-307,STRESS,2021-01-04T10:25:00+00:00,589.6996453573291,2021
R6B-307,STRESS,2021-01-06T05:05:00+00:00,586.3545076499273,2021
R6B-307,STRESS,2021-01-07T10:45:00+00:00,581.7690795354187,2021
R6B-307,STRESS,2021-01-12T07:20:00+00:00,584.2668787435076,2021
R6B-307,STRESS,2021-01-13T04:05:00+00:00,583.636722940554,2021
R6B-307,STRESS,2021-01-18T06:40:00+00:00,585.4117871276806,2021
R6B-307,STRESS,2021-01-18T10:50:00+00:00,582.7700917514377,2021
R6B-307,STRESS,2021-01-19T04:40:00+00:00,582.093084252596,2021
R6B-307,STRESS,2021-01-20T05:00:00+00:00,583.4434767429588,2021
R6B-307,STRESS,2021-01-20T10:00:00+00:00,583.9428765903924,2021
R6B-307,STRESS,2021-01-21T09:35:00+00:00,582.1862370550431,2021
R6B-307,STRESS,2021-01-25T04:35:00+00:00,580.224618042041,2021
R6B-307,STRESS,2021-01-26T06:05:00+00:00,578.4852949395494,2021
R6B-307,STRESS,2021-01-29T10:50:00+00:00,580.8455617120289,2021
R6B-307,STRESS,2021-02-01T06:35:00+00:00,582.6781291131164,2021
R6B-307,STRESS,2021-02-03T04:45:00+00:00,582.4184716841294,2021
R6B-307,STRESS,2021-02-05T04:05:00+00:00,581.4353297269765,2021
R6B-307,STRESS,2021-02-05T09:35:00+00:00,583.4238377633891,2021
R6B-307,STRESS,2021-02-08T04:05:00+00:00,580.5975241667254,2021
R6B-307,STRESS,2021-02-09T05:25:00+00:00,581.372857765712,2021
R6B-307,STRESS,2021-02-10T06:00:00+00:00,581.8455011095007,2021
R6B-307,STRESS,2021-02-10T11:25:00+00:00,579.5065705857252,2021
R6B-307,STRESS,2021-02-15T05:50:00+00:00,578.4928396380104,2021
R6B-307,STRESS,2021-02-16T04:30:00+00:00,579.4993061396863,2021
R6B-307,STRESS,2021-02-18T05:00:00+00:00,579.5404863644281,2021
R6B-307,STRESS,2021-02-19T10:15:00+00:00,576.6133728856056,2021
R6B-307,STRESS,2021-02-22T05:05:00+00:00,575.9782736009117,2021
R6B-307,STRESS,2021-02-22T09:55:00+00:00,577.8399818746707,2021
R6B-307,STRESS,2021-02-23T05:45:00+00:00,576.8609562980031,2021
R6B-307,STRESS,2021-02-24T05:05:00+00:00,576.3543086678546,2021
R6B-307,STRESS,2021-03-01T04:05:00+00:00,579.5675029813475,2021
R6B-307,STRESS,2021-03-01T10:15:00+00:00,576.7957780846917,2021
R6B-307,STRESS,2021-03-04T09:40:00+00:00,573.8741024111154,2021
R6B-307,STRESS,2021-03-05T11:15:00+00:00,571.618459843367,2021
R6B-307,STRESS,2021-03-08T04:05:00+00:00,570.4586713148107,2021
R6B-307,STRESS,2021-03-09T06:20:00+00:00,571.1855887058547,2021
R6B-307,STRESS,2021-03-09T10:45:00+00:00,573.3147873787816,2021
R6B-307,STRESS,2021-03-11T04:05:00+00:00,574.1589240657278,2021
R6B-307,STRESS,2021-03-11T10:00:00+00:00,573.0044283081453,2021
R6B-307,STRESS,2021-03-15T05:10:00+00:00,570.6257823030454,2021
R6B-307,STRESS,2021-03-16T05:10:00+00:00,570.694461120326,2021
R6B-307,STRESS,2021-03-16T09:40:00+00:00,569.0005052391903,2021
R6B-307,STRESS,2021-03-17T05:45:00+00:00,569.475236752213,2021
R6B-307,STRESS,2021-03-18T05:20:00+00:00,568.3755112887329,2021
R6B-307,STRESS,2021-03-19T10:15:00+00:00,567.4221526243671,2021
R6B-307,STRESS,2021-03-24T05:35:00+00:00,568.2931864771974,2021
R6B-307,STRESS,2021-03-25T07:10:00+00:00,566.8463961497164,2021
R6B-307,STRESS,2021-03-31T10:35:00+00:00,566.9820570889154,2021
R6B-307,STRESS,2021-04-01T06:05:00+00:00,566.8787059752136,2021
R6B-307,STRESS,2021-04-01T10:45:00+00:00,565.7091765620223,2021
R6B-307,STRESS,2021-04-05T05:25:00+00:00,563.6912731254725,2021
R6B-307,STRESS,2021-04-06T05:05:00+00:00,564.2382150349194,2021
R6B-307,STRESS,2021-04-06T09:35:00+00:00,561.7044690125518,2021
R6B-307,STRESS,2021-04-08T07:25:00+00:00,562.939577746209,2021
R6B-307,STRESS,2021-04-08T11:40:00+00:00,563.6966083568914,2021
R6B-307,STRESS,2021-04-13T06:10:00+00:00,560.8226237275834,2021
R6B-307,STRESS,2021-04-14T05:05:00+00:00,558.3178466453818,2021
R6B-307,STRESS,2021-04-15T04:15:00+00:00,557.7987644660053,2021
R6B-307,STRESS,2021-04-15T09:10:00+00:00,559.0738725211035,2021
R6B-307,STRESS,2021-04-19T04:35:00+00:00,557.3971344083909,2021
R6B-307,STRESS,2021-04-19T11:45:00+00:00,556.0428932151036,2021
R6B-307,STRESS,2021-04-20T04:15:00+00:00,555.3190031828683,2021
R6B-307,STRESS,2021-04-21T05:05:00+00:00,555.160018295063,2021
R6B-307,STRESS,2021-04-21T09:50:00+00:00,552.6244540070668,2021
R6B-307,STRESS,2021-04-22T05:35:00+00:00,551.5896271711418,2021
R6B-307,STRESS,2021-04-23T05:15:00+00:00,550.5869930786276,2021
R6B-307,STRESS,2021-04-26T05:05:00+00:00,550.2965254348437,2021
R6B-307,STRESS,2021-04-26T09:35:00+00:00,548.6794663928122,2021
R6B-307,STRESS,2021-04-27T05:05:00+00:00,547.5601678277364,2021
R6B-307,STRESS,2021-04-29T04:10:00+00:00,546.641196305779,2021
R6B-307,STRESS,2021-05-03T05:00:00+00:00,547.1444176036738,2021
R6B-307,STRESS,2021-05-03T10:25:00+00:00,547.271008490735,2021
R6B-307,STRESS,2021-05-05T06:20:00+00:00,545.9088819796671,2021
R6B-307,STRESS,2021-05-06T06:35:00+00:00,546.8361469762428,2021
R6B-307,STRESS,2021-05-06T10:35:00+00:00,545.7526192541969,2021
R6B-307,STRESS,2021-05-07T06:55:00+00:00,545.3791439273293,2021
R6B-307,STRESS,2021-05-10T09:35:00+00:00,544.228362897485,2021
R6B-307,STRESS,2021-05-14T10:15:00+00:00,545.4350694534352,2021
R6B-307,STRESS,2021-05-17T04:05:00+00:00,546.6664304749675,2021
R6B-307,STRESS,2021-05-17T08:50:00+00:00,546.1591240274867,2021
R6B-307,STRESS,2021-05-18T04:20:00+00:00,545.3213971213235,2021
R6B-307,STRESS,2021-05-19T05:05:00+00:00,543.9123845511551,2021
R6B-307,STRESS,2021-05-19T10:05:00+00:00,539.325275617986,2021
R6B-307,STRESS,2021-05-20T06:35:00+00:00,539.398184729601,2021
R6B-307,STRESS,2021-05-24T04:05:00+00:00,539.0551057092028,2021
R6B-307,STRESS,2021-05-25T10:40:00+00:00,538.5843443345395,2021
R6B-307,STRESS,2021-05-26T05:05:00+00:00,539.4397890210633,2021
R6B-307,STRESS,2021-05-26T11:45:00+00:00,538.3081854334716,2021
R6B-307,STRESS,2021-05-27T08:25:00+00:00,538.2671166047852,2021
R6B-307,STRESS,2021-05-31T05:05:00+00:00,538.0365887057521,2021
R6B-307,STRESS,2021-06-01T05:25:00+00:00,537.9456192546504,2021
R6B-307,STRESS,2021-06-01T10:20:00+00:00,535.3240267653127,2021
R6B-307,STRESS,2021-06-04T10:45:00+00:00,534.029996895564,2021
R6B-307,STRESS,2021-06-08T05:00:00+00:00,532.2823613933155,2021
R6B-307,STRESS,2021-06-09T05:00:00+00:00,531.4683445872259,2021
R6B-307,STRESS,2021-06-11T06:20:00+00:00,530.916440277386,2021
R6B-307,STRESS,2021-06-11T11:15:00+00:00,526.5191239236896,2021
R6B-307,STRESS,2021-06-16T10:40:00+00:00,525.0352745037563,2021
R6B-307,STRESS,2021-06-18T05:30:00+00:00,524.8316436904532,2021
R6B-307,STRESS,2021-06-18T11:30:00+00:00,525.747659501407,2021
R6B-307,STRESS,2021-06-21T06:30:00+00:00,526.0090898575043,2021
R6B-307,STRESS,2021-06-21T10:50:00+00:00,526.8297614498987,2021
R6B-307,STRESS,2021-06-22T07:30:00+00:00,523.5693385343166,2021
R6B-307,STRESS,2021-06-23T07:00:00+00:00,523.0981455201409,2021
R6B-307,STRESS,2021-06-25T05:35:00+00:00,522.8076494130377,2021
R6B-307,STRESS,2021-06-25T09:50:00+00:00,523.2640992053643,2021
R6B-307,STRESS,2021-06-28T09:15:00+00:00,521.3315496989903,2021
R6B-307,STRESS,2021-07-01T06:25:00+00:00,522.4432252220672,2021
R6B-307,STRESS,2021-07-02T04:40:00+00:00,521.949587109552,2021
R6B-307,STRESS,2021-07-05T11:00:00+00:00,522.20739296359,2021
R6B-307,STRESS,2021-07-06T05:25:00+00:00,524.1182974226172,2021
R6B-307,STRESS,2021-07-06T09:35:00+00:00,524.591661550134,2021
R6B-307,STRESS,2021-07-07T05:20:00+00:00,524.0844253268422,2021
R6B-307,STRESS,2021-07-07T10:35:00+00:00,524.5393378429578,2021
R6B-307,STRESS,2021-07-08T11:30:00+00:00,526.1370933429774,2021
R6B-307,STRESS,2021-07-09T05:25:00+00:00,524.5276939551013,2021
R6B-307,STRESS,2021-07-13T04:15:00+00:00,524.4671353516985,2021
R6B-307,STRESS,2021-07-14T06:30:00+00:00,524.930139471313,2021
R6B-307,STRESS,2021-07-14T10:35:00+00:00,524.7263423614537,2021
R6B-307,STRESS,2021-07-15T09:50:00+00:00,525.2803225546852,2021
R6B-307,STRESS,2021-07-20T04:15:00+00:00,525.8148537178835,2021
R6B-307,STRESS,2021-07-21T10:15:00+00:00,523.2938456693252,2021
R6B-307,STRESS,2021-07-23T11:50:00+00:00,518.7082444830401,2021
R6B-307,STRESS,2021-07-26T05:30:00+00:00,518.8925166994354,2021
R6B-307,STRESS,2021-07-26T09:35:00+00:00,518.2389281169244,2021
R6B-307,STRESS,2021-07-27T11:45:00+00:00,517.2111648630945,2021
R6B-307,STRESS,2021-07-28T05:25:00+00:00,517.076198841837,2021
R6B-307,STRESS,2021-07-29T05:05:00+00:00,517.0722004834744,2021
R6B-307,STRESS,2021-07-29T10:55:00+00:00,517.6268758077332,2021
R6B-307,STRESS,2021-08-04T05:55:00+00:00,517.5433334210303,2021
R6B-307,STRESS,2021-08-05T11:50:00+00:00,516.7494182680778,2021
R6B-307,STRESS,2021-08-10T05:15:00+00:00,516.7444953923874,2021
R6B-307,STRESS,2021-08-11T06:20:00+00:00,516.5086248521443,2021
R6B-307,STRESS,2021-08-12T10:35:00+00:00,515.3562288922514,2021
R6B-307,STRESS,2021-08-13T05:25:00+00:00,515.0805528508288,2021
R6B-307,STRESS,2021-08-13T10:05:00+00:00,515.0361562529755,2021
R6B-307,STRESS,2021-08-16T04:55:00+00:00,513.7030871808207,2021
R6B-307,STRESS,2021-08-17T09:40:00+00:00,514.1478110323267,2021
R6B-307,STRESS,2021-08-18T05:10:00+00:00,514.343402671989,2021
R6B-307,STRESS,2021-08-18T10:35:00+00:00,512.3998415287211,2021
R6B-307,STRESS,2021-08-20T05:20:00+00:00,512.4908305142167,2021
R6B-307,STRESS,2021-08-20T10:10:00+00:00,510.3804053700504,2021
R6B-307,STRESS,2021-08-23T05:55:00+00:00,510.3238975897475,2021
R6B-307,STRESS,2021-08-27T05:40:00+00:00,511.62100794670056,2021
R6B-307,STRESS,2021-08-27T10:05:00+00:00,509.35030660951924,2021
R6B-307,STRESS,2021-08-30T04:30:00+00:00,507.8421897753078,2021
R6B-307,STRESS,2021-08-31T04:20:00+00:00,508.40777731661467,2021
R6B-307,STRESS,2021-08-31T09:30:00+00:00,507.4018093902386,2021
R6B-307,STRESS,2021-09-01T08:15:00+00:00,505.23826122305616,2021
R6B-307,STRESS,2021-09-02T05:10:00+00:00,503.75133583311356,2021
R6B-307,STRESS,2021-09-03T05:05:00+00:00,502.923581117866,2021
R6B-307,STRESS,2021-09-07T04:10:00+00:00,502.0710815753423,2021
R6B-307,STRESS,2021-09-08T04:50:00+00:00,501.6087877976067,2021
R6B-307,STRESS,2021-09-08T11:35:00+00:00,500.51442286999895,2021
R6B-307,STRESS,2021-09-09T11:30:00+00:00,502.41482228384837,2021
R6B-307,STRESS,2021-09-10T06:35:00+00:00,503.08872970337205,2021
R6B-307,STRESS,2021-09-13T07:10:00+00:00,501.9855274858137,2021
R6B-307,STRESS,2021-09-14T11:25:00+00:00,499.60024437385005,2021
R6B-307,STRESS,2021-09-17T05:05:00+00:00,499.89537500497045,2021
R6B-307,STRESS,2021-09-17T09:20:00+00:00,500.782278873663,2021
R6B-307,STRESS,2021-09-21T06:00:00+00:00,499.4868696053474,2021
R6B-307,STRESS,2021-09-22T06:10:00+00:00,499.47389597663465,2021
R6B-307,STRESS,2021-09-22T10:25:00+00:00,497.96923730021405,2021
R6B-307,STRESS,2021-09-24T06:45:00+00:00,498.53472326159647,2021
R6B-307,STRESS,2021-09-27T04:50:00+00:00,499.36877300160654,2021
R6B-307,STRESS,2021-09-28T05:55:00+00:00,497.5212039094156,2021
R6B-307,STRESS,2021-09-29T05:50:00+00:00,497.7732585525926,2021
R6B-307,STRESS,2021-09-30T04:30:00+00:00,497.9039769787581,2021
R6B-307,STRESS,2021-10-04T04:05:00+00:00,496.11766339447445,2021
R6B-307,STRESS,2021-10-07T11:20:00+00:00,495.511123090806,2021
R6B-307,STRESS,2021-10-08T06:40:00+00:00,494.9302796763766,2021
R6B-307,STRESS,2021-10-11T05:45:00+00:00,492.9341889302731,2021
R6B-307,STRESS,2021-10-12T05:50:00+00:00,493.8365832285108,2021
R6B-307,STRESS,2021-10-13T05:50:00+00:00,493.2830928480067,2021
R6B-307,STRESS,2021-10-13T11:35:00+00:00,494.9927626383232,2021
R6B-307,STRESS,2021-10-14T10:45:00+00:00,495.85727284426184,2021
R6B-307,STRESS,2021-10-18T04:05:00+00:00,494.9209846479113,2021
R6B-307,STRESS,2021-10-19T05:05:00+00:00,496.32114325726434,2021
R6B-307,STRESS,2021-10-19T09:55:00+00:00,496.51119419323965,2021
R6B-307,STRESS,2021-10-20T05:15:00+00:00,496.7685047376533,2021
R6B-307,STRESS,2021-10-20T09:15:00+00:00,497.498332103561,2021
R6B-307,STRESS,2021-10-21T06:10:00+00:00,496.55557810166255,2021
R6B-307,STRESS,2021-10-22T05:10:00+00:00,496.11811042678863,2021
R6B-307,STRESS,2021-10-22T10:30:00+00:00,497.09976016982597,2021
R6B-307,STRESS,2021-10-25T07:40:00+00:00,496.4726815733005,2021
R6B-307,STRESS,2021-10-28T06:10:00+00:00,496.5580872627195,2021
R6B-307,STRESS,2021-11-01T06:05:00+00:00,496.5086829663536,2021
R6B-307,STRESS,2021-11-02T08:40:00+00:00,495.460338919458,2021
R6B-307,STRESS,2021-11-05T05:10:00+00:00,495.5832459254098,2021
R6B-307,STRESS,2021-11-05T11:05:00+00:00,494.3857244915101,2021
R6B-307,STRESS,2021-11-08T05:10:00+00:00,493.85769047415886,2021
R6B-307,STRESS,2021-11-09T05:25:00+00:00,492.5581176690251,2021
R6B-307,STRESS,2021-11-11T07:25:00+00:00,492.11005397264825,2021
R6B-307,STRESS,2021-11-11T11:45:00+00:00,494.1080288737049,2021
R6B-307,STRESS,2021-11-16T06:40:00+00:00,493.0774805699473,2021
R6B-307,STRESS,2021-11-17T10:55:00+00:00,493.7388904158925,2021
R6B-307,STRESS,2021-11-18T04:25:00+00:00,492.4941333394512,2021
R6B-307,STRESS,2021-11-19T06:35:00+00:00,491.66710619952624,2021
R6B-307,STRESS,2021-11-22T08:15:00+00:00,490.35322866010284,2021
R6B-307,STRESS,2021-11-23T05:40:00+00:00,488.91983635420615,2021
R6B-307,STRESS,2021-11-24T04:05:00+00:00,489.1705454829214,2021
R6B-307,STRESS,2021-11-25T04:15:00+00:00,488.89944233825327,2021
R6B-307,STRESS,2021-11-26T04:45:00+00:00,489.41540888142794,2021
R6B-307,STRESS,2021-11-26T10:40:00+00:00,491.3745899397846,2021
R6B-307,STRESS,2021-11-29T07:25:00+00:00,490.4011804957891,2021
R6B-307,STRESS,2021-11-30T05:50:00+00:00,491.2400232887257,2021
R6B-307,STRESS,2021-11-30T10:00:00+00:00,491.1505656045148,2021
R6B-307,STRESS,2021-12-01T06:25:00+00:00,492.83527345861415,2021
R6B-307,STRESS,2021-12-03T04:50:00+00:00,492.64689528989794,2021
R6B-307,STRESS,2021-12-03T09:35:00+00:00,490.06805262742887,2021
R6B-307,STRESS,2021-12-06T05:55:00+00:00,488.81031313302987,2021
R6B-307,STRESS,2021-12-07T10:05:00+00:00,487.78452336703174,2021
R6B-307,STRESS,2021-12-08T05:45:00+00:00,488.3061433466902,2021
R6B-307,STRESS,2021-12-08T09:50:00+00:00,487.4441282099091,2021
R6B-307,STRESS,2021-12-09T09:20:00+00:00,486.1952657917336,2021
R6B-307,STRESS,2021-12-10T05:45:00+00:00,485.3853271614859,2021
R6B-307,STRESS,2021-12-13T05:30:00+00:00,485.2928644914336,2021
R6B-307,STRESS,2021-12-16T05:55:00+00:00,485.26719208683386,2021
R6B-307,STRESS,2021-12-16T10:20:00+00:00,485.43466550986307,2021
R6B-307,STRESS,2021-12-17T05:45:00+00:00,485.9642600294669,2021
R6B-307,STRESS,2021-12-17T09:55:00+00:00,486.0677514041,2021
R6B-307,STRESS,2021-12-20T09:15:00+00:00,485.19623113042917,2021
R6B-307,STRESS,2021-12-21T09:35:00+00:00,485.6682115526621,2021
R6B-307,STRESS,2021-12-23T06:00:00+00:00,484.9918500240397,2021
R6B-307,STRESS,2021-12-27T05:10:00+00:00,484.5991152405699,2021
R6B-307,STRESS,2021-12-28T09:50:00+00:00,484.5956017090737,2021
R6B-307,STRESS,2021-12-31T05:20:00+00:00,483.9088361246015,2021
R6B-307,STRESS,2021-12-31T11:05:00+00:00,483.3893247075339,2021
R6B-307,STRESS,2022-01-04T05:05:00+00:00,482.24249234430573,2022
R6B-307,STRESS,2022-01-05T06:35:00+00:00,481.7126869276499,2022
R6B-307,STRESS,2022-01-07T07:25:00+00:00,480.6371990637708,2022
R6B-307,STRESS,2022-01-11T04:15:00+00:00,480.73194131769395,2022
R6B-307,STRESS,2022-01-11T10:05:00+00:00,479.870660155802,2022
R6B-307,STRESS,2022-01-13T09:35:00+00:00,477.5934185356648,2022
R6B-307,STRESS,2022-01-14T05:35:00+00:00,478.09813254545685,2022
R6B-307,STRESS,2022-01-14T09:45:00+00:00,476.5430734640903,2022
R6B-307,STRESS,2022-01-17T07:35:00+00:00,476.75286455138826,2022
R6B-307,STRESS,2022-01-17T11:35:00+00:00,476.20579236767907,2022
R6B-307,STRESS,2022-01-18T04:50:00+00:00,474.96000839372135,2022
R6B-307,STRESS,2022-01-20T05:30:00+00:00,473.3938050467061,2022
R6B-307,STRESS,2022-01-21T07:30:00+00:00,472.77875660344307,2022
R6B-307,STRESS,2022-01-24T05:35:00+00:00,473.00338639010454,2022
R6B-307,STRESS,2022-01-24T09:55:00+00:00,473.32569808480383,2022
R6B-307,STRESS,2022-01-28T05:30:00+00:00,472.9153897906228,2022
R6B-307,STRESS,2022-02-01T09:05:00+00:00,474.1049996455595,2022
R6B-307,STRESS,2022-02-04T06:00:00+00:00,473.4911655559239,2022
R6B-307,STRESS,2022-02-04T11:10:00+00:00,473.97012576647234,2022
R6B-307,STRESS,2022-02-07T04:05:00+00:00,473.3680865576839,2022
R6B-307,STRESS,2022-02-10T11:35:00+00:00,472.3023696894642,2022
R6B-307,STRESS,2022-02-15T06:40:00+00:00,472.3177425676607,2022
R6B-307,STRESS,2022-02-16T10:25:00+00:00,472.07030837808514,2022
R6B-307,STRESS,2022-02-17T08:00:00+00:00,471.9115842408269,2022
R6B-307,STRESS,2022-02-18T04:20:00+00:00,468.60607921625217,2022
R6B-307,STRESS,2022-02-21T04:05:00+00:00,465.9133855766964,2022
R6B-307,STRESS,2022-02-24T04:05:00+00:00,469.95792013027955,2022
R6B-307,STRESS,2022-02-24T08:10:00+00:00,471.7258067340784,2022
R6B-307,STRESS,2022-02-28T04:05:00+00:00,470.40556248239324,2022
R6B-307,STRESS,2022-03-02T11:50:00+00:00,465.7370097167508,2022
R6B-307,STRESS,2022-03-03T11:55:00+00:00,466.02253440120546,2022
R6B-307,STRESS,2022-03-04T04:20:00+00:00,464.6333499533911,2022
R6B-307,STRESS,2022-03-07T04:05:00+00:00,464.5432042029127,2022
R6B-307,STRESS,2022-03-08T10:35:00+00:00,464.28532581484905,2022
R6B-307,STRESS,2022-03-09T07:45:00+00:00,460.7703843679713,2022
R6B-307,STRESS,2022-03-17T05:30:00+00:00,461.3901173303195,2022
R6B-307,STRESS,2022-03-22T10:15:00+00:00,458.5152543926227,2022
R6B-307,STRESS,2022-03-30T05:20:00+00:00,458.4128055517478,2022
R6B-307,STRESS,2022-04-01T08:05:00+00:00,455.8242400619486,2022
R6B-307,STRESS,2022-04-04T04:25:00+00:00,453.17208549910526,2022
R6B-307,STRESS,2022-04-04T11:00:00+00:00,452.9794538587441,2022
R6B-307,STRESS,2022-04-07T11:25:00+00:00,452.78691497346546,2022
R6B-307,STRESS,2022-04-12T06:05:00+00:00,452.67588043330187,2022
R6B-307,STRESS,2022-04-13T06:25:00+00:00,451.787300995565,2022
R6B-307,STRESS,2022-04-18T04:05:00+00:00,450.77362443822864,2022
R6B-307,STRESS,2022-04-18T10:30:00+00:00,450.4808152191836,2022
R6B-307,STRESS,2022-04-19T11:30:00+00:00,449.88990442317163,2022
R6B-307,STRESS,2022-04-22T10:05:00+00:00,446.77635502272756,2022
R6B-307,STRESS,2022-04-26T04:30:00+00:00,446.16583849086186,2022
R6B-307,STRESS,2022-04-26T09:40:00+00:00,445.3784424047172,2022
R6B-307,STRESS,2022-04-29T04:20:00+00:00,446.77791293574427,2022
R6B-307,STRESS,2022-04-29T09:05:00+00:00,448.01551789963395,2022
R6B-307,STRESS,2022-05-04T11:35:00+00:00,446.98455625046097,2022
R6B-307,STRESS,2022-05-05T04:05:00+00:00,447.99599173917284,2022
R6B-307,STRESS,2022-05-10T06:20:00+00:00,448.8914142523487,2022
R6B-307,STRESS,2022-05-11T10:25:00+00:00,450.54997888865756,2022
R6B-307,STRESS,2022-05-12T04:40:00+00:00,448.70928581712377,2022
R6B-307,STRESS,2022-05-13T07:20:00+00:00,447.89991251897305,2022
R6B-307,STRESS,2022-05-13T11:35:00+00:00,444.8706718993202,2022
R6B-307,STRESS,2022-05-16T04:50:00+00:00,442.90862260152295,2022
R6B-307,STRESS,2022-05-17T10:10:00+00:00,441.8963242092573,2022
R6B-307,STRESS,2022-05-20T09:35:00+00:00,441.78068165964316,2022
R6B-307,STRESS,2022-05-23T04:05:00+00:00,442.9770839825427,2022
R6B-307,STRESS,2022-05-23T08:15:00+00:00,442.8308998360347,2022
R6B-307,STRESS,2022-05-24T07:50:00+00:00,442.6060573503677,2022
R6B-307,STRESS,2022-05-24T12:00:00+00:00,441.7360158368503,2022
R6B-307,STRESS,2022-05-27T05:55:00+00:00,440.842914995307,2022
R6B-307,STRESS,2022-05-27T11:20:00+00:00,440.4999734765074,2022
R6B-307,STRESS,2022-05-30T05:40:00+00:00,441.7070985316326,2022
R6B-307,STRESS,2022-05-30T10:20:00+00:00,439.77742243731933,2022
R6B-307,STRESS,2022-06-02T10:25:00+00:00,440.78512815889275,2022
R6B-307,STRESS,2022-06-03T04:35:00+00:00,438.96603649766115,2022
R6B-307,STRESS,2022-06-06T04:05:00+00:00,439.4374760598296,2022
R6B-307,STRESS,2022-06-07T08:20:00+00:00,439.4754448869236,2022
R6B-307,STRESS,2022-06-09T07:50:00+00:00,437.7277194074979,2022
R6B-307,STRESS,2022-06-13T04:05:00+00:00,434.17845857253684,2022
R6B-307,STRESS,2022-06-14T06:55:00+00:00,434.5403971100254,2022
R6B-307,STRESS,2022-06-14T10:55:00+00:00,432.43561136004666,2022
R6B-307,STRESS,2022-06-15T05:25:00+00:00,432.14774247287704,2022
R6B-307,STRESS,2022-06-15T10:35:00+00:00,432.55895862610765,2022
R6B-307,STRESS,2022-06-20T06:50:00+00:00,432.1317283689531,2022
R6B-307,STRESS,2022-06-21T04:05:00+00:00,431.96742594412177,2022
R6B-307,STRESS,2022-06-24T11:45:00+00:00,430.48145254246896,2022
R6B-307,STRESS,2022-06-27T05:20:00+00:00,430.910303165695,2022
R6B-307,STRESS,2022-06-27T10:35:00+00:00,430.5596608565474,2022
R6B-307,STRESS,2022-06-28T07:55:00+00:00,430.5802756282588,2022
R6B-307,STRESS,2022-06-29T05:45:00+00:00,429.8866250682938,2022
R6B-307,STRESS,2022-06-30T04:35:00+00:00,428.64813605177955,2022
R6B-307,STRESS,2022-07-05T05:10:00+00:00,428.5651904520613,2022
R6B-307,STRESS,2022-07-06T05:00:00+00:00,427.0321555638169,2022
R6B-307,STRESS,2022-07-07T06:55:00+00:00,426.91143787211706,2022
R6B-307,STRESS,2022-07-08T04:25:00+00:00,425.7088826318553,2022
R6B-307,STRESS,2022-07-15T05:50:00+00:00,424.62569224157284,2022
R6B-307,STRESS,2022-07-18T04:05:00+00:00,425.90332425188194,2022
R6B-307,STRESS,2022-07-18T09:50:00+00:00,426.7486830448519,2022
R6B-307,STRESS,2022-07-19T09:35:00+00:00,426.9761564155745,2022
R6B-307,STRESS,2022-07-22T10:30:00+00:00,427.36686505977553,2022
R6B-307,STRESS,2022-07-25T07:20:00+00:00,426.5754376128221,2022
R6B-307,STRESS,2022-07-26T04:30:00+00:00,426.27813961747205,2022
R6B-307,STRESS,2022-07-27T11:10:00+00:00,426.0474790136141,2022
R6B-307,STRESS,2022-07-28T05:35:00+00:00,424.997720718426,2022
R6B-307,STRESS,2022-07-28T11:10:00+00:00,423.8666088804634,2022
R6B-307,STRESS,2022-07-29T07:10:00+00:00,425.83624694864403,2022
R6B-307,STRESS,2022-08-01T11:15:00+00:00,427.0336329893017,2022
R6B-307,STRESS,2022-08-02T04:20:00+00:00,426.8193068783393,2022
R6B-307,STRESS,2022-08-03T07:15:00+00:00,426.3894232217596,2022
R6B-307,STRESS,2022-08-04T04:55:00+00:00,426.9439518298603,2022
R6B-307,STRESS,2022-08-04T09:25:00+00:00,427.72469028824185,2022
R6B-307,STRESS,2022-08-08T11:25:00+00:00,428.4691505501557,2022
R6B-307,STRESS,2022-08-12T07:45:00+00:00,427.3255047432504,2022
R6B-307,STRESS,2022-08-16T06:05:00+00:00,427.0879712246517,2022
R6B-307,STRESS,2022-08-17T08:30:00+00:00,425.72046779407077,2022
R6B-307,STRESS,2022-08-22T07:10:00+00:00,423.5286764893969,2022
R6B-307,STRESS,2022-08-23T04:35:00+00:00,422.997549144852,2022
R6B-307,STRESS,2022-08-25T04:35:00+00:00,423.4550900419992,2022
R6B-307,STRESS,2022-08-25T09:05:00+00:00,424.3355604972794,2022
R6B-307,STRESS,2022-08-26T10:25:00+00:00,421.4913441608441,2022
R6B-307,STRESS,2022-08-31T08:10:00+00:00,419.9327821421378,2022
R6B-307,STRESS,2022-09-02T09:45:00+00:00,421.00593352540096,2022
R6B-307,STRESS,2022-09-05T08:30:00+00:00,420.4548775233748,2022
R6B-307,STRESS,2022-09-06T04:10:00+00:00,420.72382535200086,2022
R6B-307,STRESS,2022-09-08T11:05:00+00:00,420.7133398041889,2022
R6B-307,STRESS,2022-09-09T04:15:00+00:00,422.66794963930766,2022
R6B-307,STRESS,2022-09-09T08:15:00+00:00,423.6897762250398,2022
R6B-307,STRESS,2022-09-12T10:50:00+00:00,425.0333729352282,2022
R6B-307,STRESS,2022-09-14T08:40:00+00:00,424.61302522594536,2022
R6B-307,STRESS,2022-09-19T04:05:00+00:00,421.9699770597475,2022
R6B-307,STRESS,2022-09-20T04:05:00+00:00,421.045660147506,2022
R6B-307,STRESS,2022-09-21T04:15:00+00:00,419.61179729238086,2022
R6B-307,STRESS,2022-09-21T10:05:00+00:00,420.6551008290409,2022
R6B-307,STRESS,2022-09-23T05:20:00+00:00,418.8572819106331,2022
R6B-307,STRESS,2022-09-26T11:30:00+00:00,416.2039935461308,2022
R6B-307,STRESS,2022-09-27T05:05:00+00:00,415.8554832253319,2022
R6B-307,STRESS,2022-09-27T09:45:00+00:00,415.56038989168115,2022
R6B-307,STRESS,2022-09-30T09:40:00+00:00,415.8902668182111,2022
R6B-307,STRESS,2022-10-03T05:25:00+00:00,414.810680080905,2022
R6B-307,STRESS,2022-10-04T09:55:00+00:00,415.7091009135836,2022
R6B-307,STRESS,2022-10-05T10:55:00+00:00,411.5815459961415,2022
R6B-307,STRESS,2022-10-06T04:05:00+00:00,411.9551038238746,2022
R6B-307,STRESS,2022-10-06T09:40:00+00:00,409.6569486306347,2022
R6B-307,STRESS,2022-10-11T04:50:00+00:00,406.90312705698204,2022
R6B-307,STRESS,2022-10-12T08:05:00+00:00,406.70562326006154,2022
R6B-307,STRESS,2022-10-14T06:35:00+00:00,406.5741319034433,2022
R6B-307,STRESS,2022-10-17T05:25:00+00:00,406.83757356979305,2022
R6B-307,STRESS,2022-10-17T09:50:00+00:00,407.42375950195526,2022
R6B-307,STRESS,2022-10-18T08:05:00+00:00,407.50588977321036,2022
R6B-307,STRESS,2022-10-20T08:55:00+00:00,406.4846496352801,2022
R6B-307,STRESS,2022-10-24T04:05:00+00:00,404.9124773740165,2022
R6B-307,STRESS,2022-10-26T06:50:00+00:00,406.44357735868005,2022
R6B-307,STRESS,2022-10-26T10:55:00+00:00,407.25540194513917,2022
R6B-307,STRESS,2022-10-27T04:20:00+00:00,405.5943101974153,2022
R6B-307,STRESS,2022-10-28T05:45:00+00:00,404.3284629624125,2022
R6B-307,STRESS,2022-11-01T05:40:00+00:00,404.4468930957164,2022
R6B-307,STRESS,2022-11-01T09:50:00+00:00,406.06914940002395,2022
R6B-307,STRESS,2022-11-02T06:55:00+00:00,405.5150969124115,2022
R6B-307,STRESS,2022-11-04T05:50:00+00:00,408.86847672026704,2022
R6B-307,STRESS,2022-11-10T07:05:00+00:00,408.3336245151855,2022
R6B-307,STRESS,2022-11-11T09:30:00+00:00,409.04871377651045,2022
R6B-307,STRESS,2022-11-15T09:10:00+00:00,409.8173803066907,2022
R6B-307,STRESS,2022-11-18T04:40:00+00:00,409.59046749742026,2022
R6B-307,STRESS,2022-11-18T11:15:00+00:00,408.8301463202649,2022
R6B-307,STRESS,2022-11-22T04:15:00+00:00,409.3626017466411,2022
R6B-307,STRESS,2022-11-22T08:35:00+00:00,408.764849548234,2022
R6B-307,STRESS,2022-11-23T04:15:00+00:00,406.6433773881845,2022
R6B-307,STRESS,2022-11-23T11:40:00+00:00,404.9996653945431,2022
R6B-307,STRESS,2022-11-24T04:25:00+00:00,405.0645843322493,2022
R6B-307,STRESS,2022-11-24T11:10:00+00:00,404.44673409770684,2022
R6B-307,STRESS,2022-11-25T05:40:00+00:00,404.4445116057778,2022
R6B-307,STRESS,2022-11-29T05:45:00+00:00,406.1165081682612,2022
R6B-307,STRESS,2022-11-30T05:45:00+00:00,405.84610510719733,2022
R6B-307,STRESS,2022-12-01T04:05:00+00:00,405.9565115568329,2022
R6B-307,STRESS,2022-12-01T09:45:00+00:00,404.57551834840706,2022
R6B-307,STRESS,2022-12-05T04:05:00+00:00,406.2109021462364,2022
R6B-307,STRESS,2022-12-05T08:10:00+00:00,403.27787821448004,2022
R6B-307,STRESS,2022-12-06T05:15:00+00:00,402.87201776023426,2022
R6B-307,STRESS,2022-12-07T05:55:00+00:00,402.5478903446783,2022
R6B-307,STRESS,2022-12-09T05:10:00+00:00,403.10138489331274,2022
R6B-307,STRESS,2022-12-13T05:45:00+00:00,402.741533252193,2022
R6B-307,STRESS,2022-12-13T11:05:00+00:00,402.2957018035457,2022
R6B-307,STRESS,2022-12-16T06:20:00+00:00,402.1731903047615,2022
R6B-307,STRESS,2022-12-19T04:50:00+00:00,401.399072121238,2022
R6B-307,STRESS,2022-12-20T07:05:00+00:00,401.4098528631797,2022
R6B-307,STRESS,2022-12-22T05:00:00+00:00,401.36763453435384,2022
R6B-307,STRESS,2022-12-23T06:10:00+00:00,401.1377296254075,2022
R6B-307,STRESS,2022-12-23T11:05:00+00:00,401.15590279765064,2022
R6B-307,STRESS,2022-12-27T06:00:00+00:00,401.07917567744283,2022
R6B-307,STRESS,2022-12-29T09:10:00+00:00,401.1922431393024,2022
R6B-307,STRESS,2022-12-30T07:15:00+00:00,401.26947783573075,2022
R6B-307,STRESS,2023-01-03T04:15:00+00:00,403.13360700107813,2023
R6B-307,STRESS,2023-01-03T10:20:00+00:00,401.59443662118775,2023
R6B-307,STRESS,2023-01-04T05:35:00+00:00,402.0677654010536,2023
R6B-307,STRESS,2023-01-04T10:10:00+00:00,404.7383358220057,2023
R6B-307,STRESS,2023-01-05T05:50:00+00:00,402.98991255410516,2023
R6B-307,STRESS,2023-01-06T06:15:00+00:00,402.642227602998,2023
R6B-307,STRESS,2023-01-09T04:05:00+00:00,403.78169936928026,2023
R6B-307,STRESS,2023-01-09T10:15:00+00:00,402.01336380423305,2023
R6B-307,STRESS,2023-01-10T05:50:00+00:00,401.43313228004655,2023
R6B-307,STRESS,2023-01-11T09:15:00+00:00,401.90784634947426,2023
R6B-307,STRESS,2023-01-12T05:05:00+00:00,402.83078227679795,2023
R6B-307,STRESS,2023-01-13T04:25:00+00:00,401.85578398634385,2023
R6B-307,STRESS,2023-01-16T05:25:00+00:00,401.2257881000492,2023
R6B-307,STRESS,2023-01-17T04:05:00+00:00,399.18102797189937,2023
R6B-307,STRESS,2023-01-19T07:45:00+00:00,398.7577241902525,2023
R6B-307,STRESS,2023-01-19T11:50:00+00:00,397.5682442968806,2023
R6B-307,STRESS,2023-01-23T04:50:00+00:00,396.8782667434691,2023
R6B-307,STRESS,2023-01-24T05:20:00+00:00,396.4976483215714,2023
R6B-307,STRESS,2023-01-24T10:35:00+00:00,396.06566997612975,2023
R6B-307,STRESS,2023-01-25T04:05:00+00:00,394.4869514866534,2023
R6B-307,STRESS,2023-01-27T04:55:00+00:00,391.5807132929461,2023
R6B-307,STRESS,2023-01-30T08:30:00+00:00,389.3062488193178,2023
R6B-307,STRESS,2023-01-31T05:40:00+00:00,387.3727438381819,2023
R6B-307,STRESS,2023-02-02T11:15:00+00:00,385.80591744626815,2023
R6B-307,STRESS,2023-02-06T05:00:00+00:00,387.21379375342303,2023
R6B-307,STRESS,2023-02-06T09:00:00+00:00,386.79429039708765,2023
R6B-307,STRESS,2023-02-07T05:15:00+00:00,387.0036665218007,2023
R6B-307,STRESS,2023-02-07T10:35:00+00:00,386.044938889118,2023
R6B-307,STRESS,2023-02-08T11:30:00+00:00,385.87186552527737,2023
R6B-307,STRESS,2023-02-09T11:40:00+00:00,385.61217085949227,2023
R6B-307,STRESS,2023-02-13T10:35:00+00:00,384.03082684384805,2023
R6B-307,STRESS,2023-02-14T04:25:00+00:00,384.00533852990463,2023
R6B-307,STRESS,2023-02-14T08:50:00+00:00,383.7480974259788,2023
R6B-307,STRESS,2023-02-15T06:10:00+00:00,380.40759219142996,2023
R6B-307,STRESS,2023-02-16T05:35:00+00:00,379.40007739167106,2023
R6B-307,STRESS,2023-02-20T08:10:00+00:00,379.4737707664743,2023
R6B-307,STRESS,2023-02-22T05:05:00+00:00,378.8407060103857,2023
R6B-307,STRESS,2023-02-22T11:55:00+00:00,378.46238142672206,2023
R6B-307,STRESS,2023-02-23T10:30:00+00:00,377.03462621343886,2023
R6B-307,STRESS,2023-02-24T04:15:00+00:00,376.96427830468264,2023
R6B-307,STRESS,2023-02-27T04:50:00+00:00,375.3784027642434,2023
R6B-307,STRESS,2023-03-01T07:25:00+00:00,375.8520609765165,2023
R6B-307,STRESS,2023-03-03T04:05:00+00:00,375.4522067048472,2023
R6B-307,STRESS,2023-03-03T10:20:00+00:00,375.9920684458985,2023
R6B-307,STRESS,2023-03-06T11:40:00+00:00,374.0240250859473,2023
R6B-307,STRESS,2023-03-07T06:15:00+00:00,373.2060443595221,2023
R6B-307,STRESS,2023-03-07T11:30:00+00:00,371.1046775230999,2023
R6B-307,STRESS,2023-03-08T11:40:00+00:00,371.0505712853081,2023
R6B-307,STRESS,2023-03-13T04:05:00+00:00,371.60854724819086,2023
R6B-307,STRESS,2023-03-17T05:55:00+00:00,372.63343422692304,2023
R6B-307,STRESS,2023-03-17T10:55:00+00:00,371.9369079147211,2023
R6B-307,STRESS,2023-03-20T10:00:00+00:00,370.98022368921653,2023
R6B-307,STRESS,2023-03-21T07:35:00+00:00,368.84416657070994,2023
R6B-307,STRESS,2023-03-22T05:05:00+00:00,367.41576555748225,2023
R6B-307,STRESS,2023-03-23T07:55:00+00:00,366.82037906408266,2023
R6B-307,STRESS,2023-03-28T04:55:00+00:00,366.0255316770386,2023
R6B-307,STRESS,2023-03-30T10:05:00+00:00,366.01338501764315,2023
R6B-307,STRESS,2023-03-31T05:40:00+00:00,364.8971609577419,2023
R6B-307,STRESS,2023-03-31T11:00:00+00:00,363.69104451526397,2023
R6B-307,STRESS,2023-04-05T06:45:00+00:00,363.15782248788713,2023
R6B-307,STRESS,2023-04-05T11:15:00+00:00,362.097113755619,2023
R6B-307,STRESS,2023-04-11T04:05:00+00:00,362.6775969291772,2023
R6B-307,STRESS,2023-04-11T08:05:00+00:00,362.91796858025015,2023
R6B-307,STRESS,2023-04-12T05:25:00+00:00,364.4524903268902,2023
R6B-307,STRESS,2023-04-13T04:05:00+00:00,363.97892249617473,2023
R6B-307,STRESS,2023-04-13T10:30:00+00:00,364.6219200726912,2023
R6B-307,STRESS,2023-04-14T05:25:00+00:00,363.95013689980146,2023
R6B-307,STRESS,2023-04-17T09:35:00+00:00,364.12337208863624,2023
R6B-307,STRESS,2023-04-18T05:40:00+00:00,364.30992840089476,2023
R6B-307,STRESS,2023-04-18T11:30:00+00:00,364.327088672703,2023
R6B-307,STRESS,2023-04-20T10:45:00+00:00,364.48050450412387,2023
R6B-307,STRESS,2023-04-24T04:05:00+00:00,363.5069395736497,2023
R6B-307,STRESS,2023-04-25T04:40:00+00:00,362.06749161310097,2023
R6B-307,STRESS,2023-04-27T05:35:00+00:00,362.77704918564217,2023
R6B-307,STRESS,2023-04-27T10:55:00+00:00,362.0436769002932,2023
R6B-307,STRESS,2023-05-02T05:30:00+00:00,361.580044651185,2023
R6B-307,STRESS,2023-05-03T08:10:00+00:00,360.4836963768065,2023
R6B-307,STRESS,2023-05-05T05:35:00+00:00,359.4919069847339,2023
R6B-307,STRESS,2023-05-08T06:30:00+00:00,359.3985361786919,2023
R6B-307,STRESS,2023-05-09T08:00:00+00:00,359.01338872331644,2023
R6B-307,STRESS,2023-05-10T04:10:00+00:00,357.59831642568406,2023
R6B-307,STRESS,2023-05-11T04:50:00+00:00,356.5881613478383,2023
R6B-307,STRESS,2023-05-15T05:40:00+00:00,355.9254334589424,2023
R6B-307,STRESS,2023-05-15T11:45:00+00:00,354.37976586649773,2023
R6B-307,STRESS,2023-05-18T05:30:00+00:00,353.06032396364446,2023
R6B-307,STRESS,2023-05-19T04:05:00+00:00,353.28027533267874,2023
R6B-307,STRESS,2023-05-19T10:10:00+00:00,353.150133189393,2023
R6B-307,STRESS,2023-05-24T08:30:00+00:00,352.08375636117717,2023
R6B-307,STRESS,2023-05-25T11:30:00+00:00,351.8844711641574,2023
R6B-307,STRESS,2023-05-26T05:40:00+00:00,352.5272025078582,2023
R6B-307,STRESS,2023-05-26T09:40:00+00:00,352.64992123291364,2023
R6B-307,STRESS,2023-05-29T09:55:00+00:00,352.1397907787545,2023
R6B-307,STRESS,2023-05-30T05:05:00+00:00,350.6637815245133,2023
R6B-307,STRESS,2023-05-31T09:45:00+00:00,349.63433821052973,2023
R6B-307,STRESS,2023-06-02T06:10:00+00:00,349.38226985450905,2023
R6B-307,STRESS,2023-06-08T06:05:00+00:00,348.85532260130117,2023
R6B-307,STRESS,2023-06-13T07:35:00+00:00,349.2144554390947,2023
R6B-307,STRESS,2023-06-14T05:40:00+00:00,349.0643032643069,2023
R6B-307,STRESS,2023-06-14T11:35:00+00:00,348.19580112949524,2023
R6B-307,STRESS,2023-06-16T05:45:00+00:00,347.25133624755694,2023
R6B-307,STRESS,2023-06-16T10:25:00+00:00,347.31472805901683,2023
R6B-307,STRESS,2023-06-20T10:45:00+00:00,346.65653285178615,2023
R6B-307,STRESS,2023-06-21T06:35:00+00:00,345.3949100531558,2023
R6B-307,STRESS,2023-06-23T09:05:00+00:00,345.00957224723544,2023
R6B-307,STRESS,2023-06-26T04:05:00+00:00,344.60522493070636,2023
R6B-307,STRESS,2023-06-26T11:55:00+00:00,344.7836685177067,2023
R6B-307,STRESS,2023-06-27T05:30:00+00:00,345.06874719158526,2023
R6B-307,STRESS,2023-06-30T09:35:00+00:00,343.70096214730654,2023
R6B-307,STRESS,2023-07-03T09:00:00+00:00,341.9453390156469,2023
R6B-307,STRESS,2023-07-04T05:20:00+00:00,341.86146329244986,2023
R6B-307,STRESS,2023-07-04T10:15:00+00:00,342.55099743972005,2023
R6B-307,STRESS,2023-07-05T12:00:00+00:00,342.2549616943656,2023
R6B-307,STRESS,2023-07-06T09:25:00+00:00,341.7074870718873,2023
R6B-307,STRESS,2023-07-07T04:10:00+00:00,341.0671160052646,2023
R6B-307,STRESS,2023-07-07T09:10:00+00:00,341.1624657102054,2023
R6B-307,STRESS,2023-07-11T05:05:00+00:00,341.1860776393746,2023
R6B-307,STRESS,2023-07-11T09:05:00+00:00,342.07791409214616,2023
R6B-307,STRESS,2023-07-12T04:05:00+00:00,342.6462919970244,2023
R6B-307,STRESS,2023-07-13T05:45:00+00:00,341.93202349516406,2023
R6B-307,STRESS,2023-07-13T11:00:00+00:00,341.2211700916709,2023
R6B-307,STRESS,2023-07-14T05:50:00+00:00,340.3483478009899,2023
R6B-307,STRESS,2023-07-17T09:35:00+00:00,339.8308097453362,2023
R6B-307,STRESS,2023-07-18T04:40:00+00:00,340.2170355138612,2023
R6B-307,STRESS,2023-07-18T11:20:00+00:00,340.66692868584204,2023
R6B-307,STRESS,2023-07-19T11:20:00+00:00,339.0849543807812,2023
R6B-307,STRESS,2023-07-20T04:15:00+00:00,339.8344342140391,2023
R6B-307,STRESS,2023-07-21T04:50:00+00:00,338.9853976988856,2023
R6B-307,STRESS,2023-07-24T11:05:00+00:00,339.1889411884672,2023
R6B-307,STRESS,2023-07-25T05:35:00+00:00,338.99003980374937,2023
R6B-307,STRESS,2023-07-25T10:25:00+00:00,338.26872901507704,2023
R6B-307,STRESS,2023-07-26T10:15:00+00:00,338.5510826922222,2023
R6B-307,STRESS,2023-07-27T06:05:00+00:00,337.76321639918905,2023
R6B-307,STRESS,2023-07-28T05:35:00+00:00,337.7736734481694,2023
R6B-307,STRESS,2023-08-03T05:50:00+00:00,336.56497255415456,2023
R6B-307,STRESS,2023-08-07T04:15:00+00:00,335.13872385355234,2023
R6B-307,STRESS,2023-08-09T05:20:00+00:00,335.6551668295491,2023
R6B-307,STRESS,2023-08-10T05:35:00+00:00,335.3016958156782,2023
R6B-307,STRESS,2023-08-10T11:10:00+00:00,335.30597561507295,2023
R6B-307,STRESS,2023-08-11T06:10:00+00:00,335.0805419786782,2023
R6B-307,STRESS,2023-08-11T10:15:00+00:00,334.8574759624233,2023
R6B-307,STRESS,2023-08-14T11:40:00+00:00,334.3964059743053,2023
R6B-307,STRESS,2023-08-16T06:40:00+00:00,334.42833510668083,2023
R6B-307,STRESS,2023-08-16T10:40:00+00:00,334.11447862141983,2023
R6B-307,STRESS,2023-08-17T10:35:00+00:00,334.139293688487,2023
R6B-307,STRESS,2023-08-18T04:25:00+00:00,333.98458637598054,2023
R6B-307,STRESS,2023-08-21T06:55:00+00:00,333.09245695062356,2023
R6B-307,STRESS,2023-08-22T05:05:00+00:00,332.51996149618,2023
R6B-307,STRESS,2023-08-22T10:15:00+00:00,333.17099809366897,2023
R6B-307,STRESS,2023-08-23T04:10:00+00:00,333.1669095640098,2023
R6B-307,STRESS,2023-08-23T09:35:00+00:00,333.00292135402015,2023
R6B-307,STRESS,2023-08-24T06:05:00+00:00,333.08403163614383,2023
R6B-307,STRESS,2023-08-28T04:05:00+00:00,332.9835206516725,2023
R6B-307,STRESS,2023-08-29T05:05:00+00:00,333.0087306546908,2023
R6B-307,STRESS,2023-08-31T05:05:00+00:00,332.5697137854788,2023
R6B-307,STRESS,2023-09-01T05:10:00+00:00,331.74941882173516,2023
R6B-307,STRESS,2023-09-04T04:50:00+00:00,331.94075762665676,2023
R6B-307,STRESS,2023-09-04T10:20:00+00:00,330.96437093247926,2023
R6B-307,STRESS,2023-09-06T08:50:00+00:00,330.21944096022315,2023
R6B-307,STRESS,2023-09-07T05:50:00+00:00,329.7392651279751,2023
R6B-307,STRESS,2023-09-08T04:30:00+00:00,330.0714499299447,2023
R6B-307,STRESS,2023-09-11T05:15:00+00:00,330.826772330439,2023
R6B-307,STRESS,2023-09-11T09:30:00+00:00,330.3584957822478,2023
R6B-307,STRESS,2023-09-12T07:30:00+00:00,329.3395469832471,2023
R6B-307,STRESS,2023-09-14T04:45:00+00:00,328.68949492699363,2023
R6B-307,STRESS,2023-09-15T05:35:00+00:00,328.90669866682975,2023
R6B-307,STRESS,2023-09-15T10:15:00+00:00,328.726662925176,2023
R6B-307,STRESS,2023-09-18T05:15:00+00:00,328.7735023957329,2023
R6B-307,STRESS,2023-09-18T09:40:00+00:00,327.82127931447474,2023
R6B-307,STRESS,2023-09-19T11:55:00+00:00,327.5592358287086,2023
R6B-307,STRESS,2023-09-22T04:05:00+00:00,327.64203645921765,2023
R6B-307,STRESS,2023-09-22T11:20:00+00:00,327.04228951138765,2023
R6B-307,STRESS,2023-09-25T11:05:00+00:00,326.57920834263916,2023
R6B-307,STRESS,2023-09-27T05:35:00+00:00,325.1311495990394,2023
R6B-307,STRESS,2023-09-28T11:20:00+00:00,324.4106377426459,2023
R6B-307,STRESS,2023-09-29T09:55:00+00:00,325.0176258419874,2023
R6B-307,STRESS,2023-10-05T04:55:00+00:00,325.31442047714427,2023
R6B-307,STRESS,2023-10-06T06:30:00+00:00,324.1577823733118,2023
R6B-307,STRESS,2023-10-09T04:05:00+00:00,324.42666034701523,2023
R6B-307,STRESS,2023-10-09T08:25:00+00:00,323.49903105274194,2023
R6B-307,STRESS,2023-10-10T04:05:00+00:00,322.78253840728144,2023
R6B-307,STRESS,2023-10-11T10:45:00+00:00,324.4434284645204,2023
R6B-307,STRESS,2023-10-12T04:40:00+00:00,324.3238458880842,2023
R6B-307,STRESS,2023-10-12T09:10:00+00:00,324.1665781601987,2023
R6B-307,STRESS,2023-10-13T04:55:00+00:00,324.5718633321209,2023
R6B-307,STRESS,2023-10-13T09:15:00+00:00,325.32982364345605,2023
R6B-307,STRESS,2023-10-17T11:50:00+00:00,325.49678111178486,2023
R6B-307,STRESS,2023-10-18T04:20:00+00:00,326.8929615391431,2023
R6B-307,STRESS,2023-10-20T11:40:00+00:00,326.63082084518044,2023
R6B-307,STRESS,2023-10-24T05:20:00+00:00,325.9101736228957,2023
R6B-307,STRESS,2023-10-26T07:45:00+00:00,325.8503524961304,2023
R6B-307,STRESS,2023-10-26T11:50:00+00:00,324.71484132651096,2023
R6B-307,STRESS,2023-10-27T06:15:00+00:00,324.4151388208532,2023
R6B-307,STRESS,2023-11-02T05:30:00+00:00,323.9672185343446,2023
R6B-307,STRESS,2023-11-03T06:35:00+00:00,323.7187370014177,2023
R6B-307,STRESS,2023-11-03T11:20:00+00:00,323.34672655422963,2023
R6B-307,STRESS,2023-11-08T04:20:00+00:00,322.70046329224823,2023
R6B-307,STRESS,2023-11-15T07:05:00+00:00,323.1411632879923,2023
R6B-307,STRESS,2023-11-16T08:55:00+00:00,323.64785485549766,2023
R6B-307,STRESS,2023-11-17T05:05:00+00:00,323.3181855538969,2023
R6B-307,STRESS,2023-11-17T12:00:00+00:00,323.1953730645162,2023
R6B-307,STRESS,2023-11-20T06:35:00+00:00,322.33213891280343,2023
R6B-307,STRESS,2023-11-21T04:30:00+00:00,323.5295317690142,2023
R6B-307,STRESS,2023-11-22T08:55:00+00:00,323.2600173312601,2023
R6B-307,STRESS,2023-11-23T05:50:00+00:00,323.27283653138284,2023
R6B-307,STRESS,2023-11-24T04:55:00+00:00,322.87563493195955,2023
R6B-307,STRESS,2023-11-27T04:05:00+00:00,323.57637149011464,2023
R6B-307,STRESS,2023-11-28T04:05:00+00:00,322.84153834952514,2023
R6B-307,STRESS,2023-11-29T04:45:00+00:00,322.1398058007622,2023
R6B-307,STRESS,2023-12-01T04:20:00+00:00,321.5071053454848,2023
R6B-307,STRESS,2023-12-04T04:05:00+00:00,317.5589075067803,2023
R6B-307,STRESS,2023-12-05T04:25:00+00:00,317.32813999247395,2023
R6B-307,STRESS,2023-12-06T04:55:00+00:00,316.90501337042986,2023
R6B-307,STRESS,2023-12-06T09:50:00+00:00,316.3387624102786,2023
R6B-307,STRESS,2023-12-08T04:55:00+00:00,315.8922351402985,2023
R6B-307,STRESS,2023-12-12T04:40:00+00:00,315.4273691539067,2023
R6B-307,STRESS,2023-12-14T04:05:00+00:00,314.78274268592924,2023
R6B-307,STRESS,2023-12-15T11:45:00+00:00,315.0396619272565,2023
R6B-307,STRESS,2023-12-18T07:15:00+00:00,314.78776536053647,2023
R6B-307,STRESS,2023-12-20T10:15:00+00:00,313.92093738203727,2023
R6B-307,STRESS,2023-12-26T05:30:00+00:00,314.50324751138527,2023
R6B-307,STRESS,2023-12-28T05:55:00+00:00,313.90864754390816,2023
R6B-307,STRESS,2023-12-29T10:00:00+00:00,312.60584394322035,2023
R6B-307,STRESS,2024-01-02T05:05:00+00:00,312.72844676254493,2024
R6B-307,STRESS,2024-01-02T09:15:00+00:00,312.87733578630423,2024
R6B-307,STRESS,2024-01-03T06:40:00+00:00,312.5642659710896,2024
R6B-307,STRESS,2024-01-04T06:20:00+00:00,312.5768159744873,2024
R6B-307,STRESS,2024-01-04T10:25:00+00:00,312.46988664489453,2024
R6B-307,STRESS,2024-01-05T05:10:00+00:00,311.934069426431,2024
R6B-307,STRESS,2024-01-09T05:05:00+00:00,311.3392249341626,2024
R6B-307,STRESS,2024-01-09T11:30:00+00:00,310.8475096528705,2024
R6B-307,STRESS,2024-01-10T05:50:00+00:00,309.57582671650533,2024
R6B-307,STRESS,2024-01-11T05:55:00+00:00,309.90394794971985,2024
R6B-307,STRESS,2024-01-11T09:55:00+00:00,309.3254631544691,2024
R6B-307,STRESS,2024-01-12T10:00:00+00:00,309.3542735699201,2024
R6B-307,STRESS,2024-01-15T05:40:00+00:00,309.72178102781623,2024
R6B-307,STRESS,2024-01-17T05:45:00+00:00,307.9353764091271,2024
R6B-307,STRESS,2024-01-18T04:55:00+00:00,307.4459664185848,2024
R6B-307,STRESS,2024-01-18T10:25:00+00:00,307.0369517727137,2024
R6B-307,STRESS,2024-01-19T05:45:00+00:00,306.10640481512047,2024
R6B-307,STRESS,2024-01-19T11:25:00+00:00,306.44469737891905,2024
R6B-307,STRESS,2024-01-22T05:05:00+00:00,305.39128067047227,2024
R6B-307,STRESS,2024-01-23T06:40:00+00:00,306.1218544696877,2024
R6B-307,STRESS,2024-01-23T10:55:00+00:00,304.815252994874,2024
R6B-307,STRESS,2024-01-24T11:45:00+00:00,304.7888899719286,2024
R6B-307,STRESS,2024-01-26T05:05:00+00:00,304.2695855806803,2024
R6B-307,STRESS,2024-01-29T04:05:00+00:00,304.6823516943275,2024
R6B-307,STRESS,2024-01-29T08:30:00+00:00,305.15288035136354,2024
R6B-307,STRESS,2024-01-30T10:15:00+00:00,305.0360515157497,2024
R6B-307,STRESS,2024-01-31T04:05:00+00:00,304.175747126,2024
R6B-307,STRESS,2024-02-06T05:05:00+00:00,303.59516888886156,2024
R6B-307,STRESS,2024-02-06T09:45:00+00:00,302.6150818999188,2024
R6B-307,STRESS,2024-02-08T06:10:00+00:00,301.5610250877838,2024
R6B-307,STRESS,2024-02-13T09:50:00+00:00,302.0521945628891,2024
R6B-307,STRESS,2024-02-16T11:40:00+00:00,301.9554731383052,2024
R6B-307,STRESS,2024-02-19T04:15:00+00:00,302.0988358677403,2024
R6B-307,STRESS,2024-02-20T05:35:00+00:00,301.6913460834725,2024
R6B-307,STRESS,2024-02-20T10:45:00+00:00,302.4249594181432,2024
R6B-307,STRESS,2024-02-21T06:45:00+00:00,302.2961580903082,2024
R6B-307,STRESS,2024-02-22T05:40:00+00:00,302.1109841478681,2024
R6B-307,STRESS,2024-02-22T11:35:00+00:00,301.4053529043181,2024
R6B-307,STRESS,2024-02-23T05:10:00+00:00,301.00568393820913,2024
R6B-307,STRESS,2024-02-27T06:10:00+00:00,300.7060815082969,2024
R6B-307,STRESS,2024-02-27T10:40:00+00:00,300.50930818700976,2024
R6B-307,STRESS,2024-02-29T05:40:00+00:00,300.1596125631248,2024
R6B-307,STRESS,2024-02-29T11:10:00+00:00,299.0253636291485,2024
R6B-307,STRESS,2024-03-01T10:20:00+00:00,299.0457391734774,2024
R6B-307,STRESS,2024-03-04T11:05:00+00:00,298.64778299611737,2024
R6B-307,STRESS,2024-03-05T09:35:00+00:00,299.39672326094217,2024
R6B-307,STRESS,2024-03-06T11:05:00+00:00,298.8180444881792,2024
R6B-307,STRESS,2024-03-07T07:55:00+00:00,298.83635015321886,2024
R6B-307,STRESS,2024-03-08T04:35:00+00:00,297.75852586746333,2024
R6B-307,STRESS,2024-03-15T05:20:00+00:00,297.3117849442641,2024
R6B-307,STRESS,2024-03-15T09:45:00+00:00,297.1908537212807,2024
R6B-307,STRESS,2024-03-20T05:25:00+00:00,296.57668528264185,2024
R6B-307,STRESS,2024-03-22T04:25:00+00:00,294.8900251952725,2024
R6B-307,STRESS,2024-03-25T04:05:00+00:00,294.8514918903006,2024
R6B-307,STRESS,2024-03-28T08:20:00+00:00,294.13911550887815,2024
R6B-307,STRESS,2024-04-01T04:05:00+00:00,296.5127798848892,2024
R6B-307,STRESS,2024-04-01T08:05:00+00:00,295.468304766618,2024
R6B-307,STRESS,2024-04-02T08:45:00+00:00,295.8877645700317,2024
R6B-307,STRESS,2024-04-08T06:35:00+00:00,296.2603773091703,2024
R6B-307,STRESS,2024-04-09T05:15:00+00:00,296.30771122182296,2024
R6B-307,STRESS,2024-04-09T11:15:00+00:00,295.8633433947085,2024
R6B-307,STRESS,2024-04-10T08:55:00+00:00,295.3728894132658,2024
R6B-307,STRESS,2024-04-11T06:45:00+00:00,294.4246987418633,2024
R6B-307,STRESS,2024-04-12T05:05:00+00:00,293.9739065084646,2024
R6B-307,STRESS,2024-04-12T11:10:00+00:00,293.42655696922185,2024
R6B-307,STRESS,2024-04-18T08:35:00+00:00,293.5221269726862,2024
R6B-307,STRESS,2024-04-19T05:30:00+00:00,291.8242121008506,2024
R6B-307,STRESS,2024-04-24T07:25:00+00:00,291.18972953149836,2024
R6B-307,STRESS,2024-04-25T11:50:00+00:00,291.67111037842216,2024
R6B-307,STRESS,2024-04-26T08:30:00+00:00,292.55545414251424,2024
R6B-307,STRESS,2024-05-03T08:50:00+00:00,291.6209527405566,2024
R6B-307,STRESS,2024-05-06T05:05:00+00:00,291.94075278167077,2024
R6B-307,STRESS,2024-05-06T11:30:00+00:00,292.1888352368496,2024
R6B-307,STRESS,2024-05-07T05:00:00+00:00,291.09260217036297,2024
R6B-307,STRESS,2024-05-08T07:00:00+00:00,290.531122027601,2024
R6B-307,STRESS,2024-05-09T08:10:00+00:00,290.025151085053,2024
R6B-307,STRESS,2024-05-10T04:30:00+00:00,290.19262712726544,2024
R6B-307,STRESS,2024-05-10T09:45:00+00:00,291.72129612936095,2024
R6B-307,STRESS,2024-05-14T05:15:00+00:00,291.839734678591,2024
R6B-307,STRESS,2024-05-14T09:40:00+00:00,291.6659361795502,2024
R6B-307,STRESS,2024-05-15T07:45:00+00:00,291.6694467764573,2024
R6B-307,STRESS,2024-05-16T04:15:00+00:00,290.92231205443653,2024
R6B-307,STRESS,2024-05-17T09:35:00+00:00,290.77810789332324,2024
R6B-307,STRESS,2024-05-20T04:35:00+00:00,291.85557031335594,2024
R6B-307,STRESS,2024-05-20T09:35:00+00:00,291.48088934522997,2024
R6B-307,STRESS,2024-05-24T09:35:00+00:00,291.63936444708764,2024
R6B-307,STRESS,2024-05-27T05:15:00+00:00,291.75749901742347,2024
R6B-307,STRESS,2024-05-28T05:50:00+00:00,290.98571761667495,2024
R6B-307,STRESS,2024-06-05T05:55:00+00:00,291.6458529809757,2024
R6B-307,STRESS,2024-06-06T05:05:00+00:00,292.838470668111,2024
R6B-307,STRESS,2024-06-07T07:50:00+00:00,291.71303324723124,2024
R6B-307,STRESS,2024-06-14T04:50:00+00:00,291.42461426768256,2024
R6B-307,STRESS,2024-06-14T09:35:00+00:00,292.4145344660159,2024
R6B-307,STRESS,2024-06-18T04:05:00+00:00,292.3005154279979,2024
R6B-307,STRESS,2024-06-20T05:05:00+00:00,292.9782645048807,2024
R6B-307,STRESS,2024-06-20T09:05:00+00:00,291.77201503584877,2024
R6B-307,STRESS,2024-06-21T04:05:00+00:00,291.5889480558532,2024
R6B-307,STRESS,2024-06-24T05:30:00+00:00,291.46543358791496,2024
R6B-307,STRESS,2024-06-24T11:30:00+00:00,290.9424758828627,2024
R6B-307,STRESS,2024-06-27T08:10:00+00:00,290.9918960216711,2024
R6B-307,STRESS,2024-06-28T11:50:00+00:00,291.3564246575924,2024
R6B-307,STRESS,2024-07-02T04:05:00+00:00,290.1471008538166,2024
R6B-307,STRESS,2024-07-03T04:15:00+00:00,290.01840862574835,2024
R6B-307,STRESS,2024-07-03T08:35:00+00:00,291.2541725628096,2024
R6B-307,STRESS,2024-07-04T05:30:00+00:00,290.3296248983316,2024
R6B-307,STRESS,2024-07-05T04:35:00+00:00,290.58774602322046,2024
R6B-307,STRESS,2024-07-05T08:55:00+00:00,290.4209021784191,2024
R6B-307,STRESS,2024-07-09T04:05:00+00:00,290.8960726653178,2024
R6B-307,STRESS,2024-07-09T08:05:00+00:00,289.52241183117684,2024
R6B-307,STRESS,2024-07-10T05:20:00+00:00,289.47378574131477,2024
R6B-307,STRESS,2024-07-10T10:50:00+00:00,289.44058538299925,2024
R6B-307,STRESS,2024-07-11T05:50:00+00:00,289.95050176251044,2024
R6B-307,STRESS,2024-07-15T08:10:00+00:00,289.1191623152397,2024
R6B-307,STRESS,2024-07-16T05:55:00+00:00,289.22712602209845,2024
R6B-307,STRESS,2024-07-16T11:00:00+00:00,289.71300937321257,2024
R6B-307,STRESS,2024-07-17T04:45:00+00:00,289.1584918470413,2024
R6B-307,STRESS,2024-07-18T05:15:00+00:00,289.62831096889977,2024
R6B-307,STRESS,2024-07-18T09:25:00+00:00,288.96007868053624,2024
R6B-307,STRESS,2024-07-22T04:05:00+00:00,288.15496503973975,2024
R6B-307,STRESS,2024-07-23T05:25:00+00:00,286.94411153910096,2024
R6B-307,STRESS,2024-07-24T05:15:00+00:00,287.03849420813987,2024
R6B-307,STRESS,2024-07-24T10:15:00+00:00,286.1921096419756,2024
R6B-307,STRESS,2024-07-26T05:35:00+00:00,286.57062283578006,2024
R6B-307,STRESS,2024-07-29T04:05:00+00:00,285.87703536419235,2024
R6B-307,STRESS,2024-07-30T07:50:00+00:00,286.21558247509256,2024
R6B-307,STRESS,2024-07-31T07:15:00+00:00,286.36695549180934,2024
R6B-307,STRESS,2024-08-01T05:15:00+00:00,285.17197974825,2024
R6B-307,STRESS,2024-08-02T04:30:00+00:00,285.85231109315964,2024
R6B-307,STRESS,2024-08-02T08:50:00+00:00,285.93901252775726,2024
R6B-307,STRESS,2024-08-05T06:55:00+00:00,283.4604198041179,2024
R6B-307,STRESS,2024-08-06T04:45:00+00:00,282.3774224879893,2024
R6B-307,STRESS,2024-08-07T09:15:00+00:00,282.0753142973147,2024
R6B-307,STRESS,2024-08-08T07:45:00+00:00,282.34251664435806,2024
R6B-307,STRESS,2024-08-12T08:40:00+00:00,283.15478279157384,2024
R6B-307,STRESS,2024-08-14T05:20:00+00:00,281.94531291636116,2024
R6B-307,STRESS,2024-08-15T04:05:00+00:00,282.29462826225495,2024
R6B-307,STRESS,2024-08-15T08:05:00+00:00,282.12691935104107,2024
R6B-307,STRESS,2024-08-16T11:55:00+00:00,282.88586518729284,2024
R6B-307,STRESS,2024-08-20T11:40:00+00:00,284.28714980512643,2024
R6B-307,STRESS,2024-08-21T06:10:00+00:00,283.3679290501706,2024
R6B-307,STRESS,2024-08-23T04:20:00+00:00,283.717454127434,2024
R6B-307,STRESS,2024-08-23T09:10:00+00:00,283.73573831366315,2024
R6B-307,STRESS,2024-08-26T04:05:00+00:00,282.8804421343967,2024
R6B-307,STRESS,2024-08-26T11:15:00+00:00,283.4052262556143,2024
R6B-307,STRESS,2024-08-29T04:05:00+00:00,283.95411611439056,2024
R6B-307,STRESS,2024-08-29T08:05:00+00:00,283.56509632415583,2024
R6B-307,STRESS,2024-08-30T10:30:00+00:00,282.9951706648495,2024
R6B-307,STRESS,2024-09-02T04:45:00+00:00,281.90253332456456,2024
R6B-307,STRESS,2024-09-03T11:20:00+00:00,281.716451207574,2024
R6B-307,STRESS,2024-09-04T06:35:00+00:00,280.71804687588616,2024
R6B-307,STRESS,2024-09-05T05:25:00+00:00,280.0937044569933,2024
R6B-307,STRESS,2024-09-05T09:50:00+00:00,281.7181203036529,2024
R6B-307,STRESS,2024-09-06T08:00:00+00:00,281.2554046607764,2024
R6B-307,STRESS,2024-09-09T07:45:00+00:00,280.38588348785976,2024
R6B-307,STRESS,2024-09-11T05:35:00+00:00,280.27995822003624,2024
R6B-307,STRESS,2024-09-11T10:15:00+00:00,279.59045208056034,2024
R6B-307,STRESS,2024-09-12T07:50:00+00:00,279.37765716597806,2024
R6B-307,STRESS,2024-09-13T04:45:00+00:00,279.9920317315117,2024
R6B-307,STRESS,2024-09-13T11:50:00+00:00,279.34999804039234,2024
R6B-307,STRESS,2024-09-16T06:20:00+00:00,279.56292010500016,2024
R6B-307,STRESS,2024-09-17T04:05:00+00:00,278.63010839421315,2024
R6B-307,STRESS,2024-09-19T09:10:00+00:00,280.3242673208011,2024
R6B-307,STRESS,2024-09-20T06:35:00+00:00,281.02111154813787,2024
R6B-307,STRESS,2024-09-20T10:35:00+00:00,281.76342251980105,2024
R6B-307,STRESS,2024-09-23T06:40:00+00:00,281.73596095718074,2024
R6B-307,STRESS,2024-09-24T07:20:00+00:00,281.20806483517805,2024
R6B-307,STRESS,2024-09-25T06:30:00+00:00,280.19393904822954,2024
R6B-307,STRESS,2024-09-26T08:00:00+00:00,280.15692545359764,2024
R6B-307,STRESS,2024-09-30T04:05:00+00:00,278.6706572435948,2024
R6B-307,STRESS,2024-10-01T09:10:00+00:00,279.0121952637052,2024
R6B-307,STRESS,2024-10-03T04:10:00+00:00,278.08448338399415,2024
R6B-307,STRESS,2024-10-04T06:25:00+00:00,278.3478739922774,2024
R6B-307,STRESS,2024-10-10T05:45:00+00:00,278.4805983982868,2024
R6B-307,STRESS,2024-10-11T06:00:00+00:00,278.96299931415194,2024
R6B-307,STRESS,2024-10-14T08:40:00+00:00,278.91918479454927,2024
R6B-307,STRESS,2024-10-16T06:00:00+00:00,278.82128078733473,2024
R6B-307,STRESS,2024-10-16T10:15:00+00:00,279.0035647145245,2024
R6B-307,STRESS,2024-10-17T04:35:00+00:00,278.8540344757402,2024
R6B-307,STRESS,2024-10-18T04:20:00+00:00,280.2151979663891,2024
R6B-307,STRESS,2024-10-18T09:10:00+00:00,279.48491515760804,2024
R6B-307,STRESS,2024-10-21T04:05:00+00:00,280.04726012480336,2024
R6B-307,STRESS,2024-10-22T05:20:00+00:00,280.5183930712053,2024
R6B-307,STRESS,2024-10-22T10:25:00+00:00,280.2119557693602,2024
R6B-307,STRESS,2024-10-23T08:35:00+00:00,280.65660651465123,2024
R6B-307,STRESS,2024-10-24T05:05:00+00:00,280.893927201668,2024
R6B-307,STRESS,2024-10-24T09:20:00+00:00,281.66031663130013,2024
R6B-307,STRESS,2024-10-29T04:35:00+00:00,282.1750178232184,2024
R6B-307,STRESS,2024-10-30T04:10:00+00:00,282.06855531993625,2024
R6B-307,STRESS,2024-10-30T09:35:00+00:00,281.73111670870645,2024
R6B-307,STRESS,2024-11-01T06:00:00+00:00,282.0042699386095,2024
R6B-307,STRESS,2024-11-01T10:00:00+00:00,281.37422234320303,2024
R6B-307,STRESS,2024-11-04T07:15:00+00:00,281.1828560152204,2024
R6B-307,STRESS,2024-11-05T11:10:00+00:00,280.7957812435528,2024
R6B-307,STRESS,2024-11-06T05:45:00+00:00,279.7016778930235,2024
R6B-307,STRESS,2024-11-07T11:25:00+00:00,279.48795568715775,2024
R6B-307,STRESS,2024-11-12T05:50:00+00:00,277.4598374538787,2024
R6B-307,STRESS,2024-11-13T05:10:00+00:00,277.5855337939619,2024
R6B-307,STRESS,2024-11-18T04:50:00+00:00,279.2764021223156,2024
R6B-307,STRESS,2024-11-19T05:05:00+00:00,279.8307785985287,2024
R6B-307,STRESS,2024-11-19T10:55:00+00:00,280.51362598173995,2024
R6B-307,STRESS,2024-11-20T04:10:00+00:00,280.44052062174427,2024
R6B-307,STRESS,2024-11-21T04:35:00+00:00,280.3079573633764,2024
R6B-307,STRESS,2024-11-21T10:20:00+00:00,280.8016304907688,2024
R6B-307,STRESS,2024-11-22T05:05:00+00:00,281.8165183785825,2024
R6B-307,STRESS,2024-11-22T11:00:00+00:00,283.0926785833396,2024
R6B-307,STRESS,2024-11-25T04:05:00+00:00,278.3955768261166,2024
R6B-307,STRESS,2024-11-26T05:35:00+00:00,276.8439298770377,2024
R6B-307,STRESS,2024-11-27T06:15:00+00:00,277.32128368351164,2024
R6B-307,STRESS,2024-11-27T11:00:00+00:00,277.1423453559978,2024
R6B-307,STRESS,2024-11-29T05:25:00+00:00,278.7341968254581,2024
R6B-307,STRESS,2024-11-29T10:10:00+00:00,278.404115472635,2024
R6B-307,STRESS,2024-12-03T10:15:00+00:00,278.1268221425638,2024
R6B-307,STRESS,2024-12-04T09:00:00+00:00,277.12162371062027,2024
R6B-307,STRESS,2024-12-05T09:35:00+00:00,275.84811228123976,2024
R6B-307,STRESS,2024-12-06T07:25:00+00:00,275.9365182665221,2024
R6B-307,STRESS,2024-12-09T05:15:00+00:00,275.0783007906289,2024
R6B-307,STRESS,2024-12-10T06:00:00+00:00,274.9590961359807,2024
R6B-307,STRESS,2024-12-11T04:35:00+00:00,273.796669186211,2024
R6B-307,STRESS,2024-12-12T05:00:00+00:00,272.4212546430495,2024
R6B-307,STRESS,2024-12-13T05:05:00+00:00,272.14281112710034,2024
R6B-307,STRESS,2024-12-17T05:15:00+00:00,271.25995034950955,2024
R6B-307,STRESS,2024-12-18T04:40:00+00:00,270.5496042133442,2024
R6B-307,STRESS,2024-12-19T11:30:00+00:00,270.2181123998165,2024
R6B-307,STRESS,2024-12-20T05:40:00+00:00,269.7773219060729,2024
R6B-307,STRESS,2024-12-20T10:45:00+00:00,269.6195348841073,2024
R6B-307,STRESS,2024-12-23T09:30:00+00:00,269.5709937503271,2024
R6B-307,STRESS,2024-12-24T06:40:00+00:00,269.146265433801,2024
R6B-307,STRESS,2024-12-26T04:25:00+00:00,269.7005075360355,2024
R6B-307,STRESS,2024-12-27T10:25:00+00:00,268.4161567666554,2024
R6B-307,STRESS,2024-12-30T04:05:00+00:00,268.20172039332044,2024
R6B-307,STRESS,2024-12-31T05:30:00+00:00,267.6333979560296,2024
R6B-307,STRESS,2024-12-31T11:50:00+00:00,267.21533204737665,2024
R6B-307,STRESS,2025-01-02T04:45:00+00:00,267.4896854835172,2025
R6B-307,STRESS,2025-01-03T04:10:00+00:00,267.40023066899687,2025
R6B-307,STRESS,2025-01-06T05:00:00+00:00,266.3683667209094,2025
R6B-307,STRESS,2025-01-07T05:25:00+00:00,266.55672940158564,2025
R6B-307,STRESS,2025-01-07T09:25:00+00:00,266.1097830213742,2025
R6B-307,STRESS,2025-01-08T10:20:00+00:00,266.0233374961499,2025
R6B-307,STRESS,2025-01-09T10:45:00+00:00,266.1955788009593,2025
R6B-307,STRESS,2025-01-10T06:20:00+00:00,266.1877825457861,2025
R6B-307,STRESS,2025-01-10T10:35:00+00:00,266.3204153987812,2025
R6B-307,STRESS,2025-01-14T04:40:00+00:00,266.1999224185937,2025
R6B-307,STRESS,2025-01-14T08:45:00+00:00,265.9807646285072,2025
R6B-307,STRESS,2025-01-15T10:05:00+00:00,266.4116724390795,2025
R6B-307,STRESS,2025-01-16T04:20:00+00:00,266.1551628701471,2025
R6B-307,STRESS,2025-01-20T08:40:00+00:00,266.11867282322663,2025
R6B-307,STRESS,2025-01-21T05:30:00+00:00,267.25449370673937,2025
R6B-307,STRESS,2025-01-21T11:40:00+00:00,266.02151632070036,2025
R6B-307,STRESS,2025-01-22T04:50:00+00:00,266.2779380023029,2025
R6B-307,STRESS,2025-01-22T08:50:00+00:00,266.00182305446316,2025
R6B-307,STRESS,2025-01-24T04:45:00+00:00,266.88395846517267,2025
R6B-307,STRESS,2025-01-24T10:15:00+00:00,266.21467926000366,2025
R6B-307,STRESS,2025-01-29T05:05:00+00:00,265.6414379325706,2025
R6B-307,STRESS,2025-01-30T04:30:00+00:00,265.5026346487208,2025
R6B-307,STRESS,2025-01-30T11:00:00+00:00,266.5026039836193,2025
R6B-307,STRESS,2025-01-31T11:30:00+00:00,265.97554021734715,2025
R6B-307,STRESS,2025-02-04T05:50:00+00:00,264.9340401658257,2025
R6B-307,STRESS,2025-02-05T04:35:00+00:00,265.46104837641616,2025
R6B-307,STRESS,2025-02-05T09:45:00+00:00,266.39281021864844,2025
R6B-307,STRESS,2025-02-07T04:05:00+00:00,266.97262047519337,2025
R6B-307,STRESS,2025-02-10T05:05:00+00:00,267.2570896082105,2025
R6B-307,STRESS,2025-02-10T10:05:00+00:00,269.1603492381332,2025
R6B-307,STRESS,2025-02-11T04:50:00+00:00,268.50633545965866,2025
R6B-307,STRESS,2025-02-13T07:20:00+00:00,268.7144908578246,2025
R6B-307,STRESS,2025-02-14T05:10:00+00:00,268.0093257188752,2025
R6B-307,STRESS,2025-02-14T10:40:00+00:00,268.21075166986395,2025
R6B-307,STRESS,2025-02-17T05:40:00+00:00,268.5192493115084,2025
R6B-307,STRESS,2025-02-18T06:40:00+00:00,269.2356332899493,2025
R6B-307,STRESS,2025-02-19T05:50:00+00:00,268.52039999661696,2025
R6B-307,STRESS,2025-02-20T04:10:00+00:00,268.3116638932523,2025
R6B-307,STRESS,2025-02-20T09:25:00+00:00,268.917009238236,2025
R6B-307,STRESS,2025-02-21T05:20:00+00:00,266.6983171149558,2025
R6B-307,STRESS,2025-02-26T04:05:00+00:00,266.1848152269517,2025
R6B-307,STRESS,2025-03-03T04:05:00+00:00,265.4648469680121,2025
R6B-307,STRESS,2025-03-04T11:30:00+00:00,266.8513420775601,2025
R6B-307,STRESS,2025-03-05T10:00:00+00:00,266.63386313068514,2025
R6B-307,STRESS,2025-03-06T05:50:00+00:00,265.79833072075064,2025
R6B-307,STRESS,2025-03-07T11:45:00+00:00,265.95268805288686,2025
R6B-307,STRESS,2025-03-11T06:10:00+00:00,266.1205361451614,2025
R6B-307,STRESS,2025-03-11T10:35:00+00:00,266.90500202265014,2025
R6B-307,STRESS,2025-03-12T10:10:00+00:00,266.3274973502731,2025
R6B-307,STRESS,2025-03-13T05:05:00+00:00,266.3826652609031,2025
R6B-307,STRESS,2025-03-14T07:55:00+00:00,265.6066784404315,2025
R6B-307,STRESS,2025-03-18T05:30:00+00:00,265.63530873027,2025
R6B-307,STRESS,2025-03-18T11:15:00+00:00,265.77096824278124,2025
R6B-307,STRESS,2025-03-19T07:55:00+00:00,265.48934939842053,2025
R6B-307,STRESS,2025-03-20T04:05:00+00:00,264.8735219420137,2025
R6B-307,STRESS,2025-03-20T08:45:00+00:00,263.16573363768515,2025
R6B-307,STRESS,2025-03-24T04:05:00+00:00,262.2493448783667,2025
R6B-307,STRESS,2025-03-24T11:10:00+00:00,262.0900101169512,2025
R6B-307,STRESS,2025-03-25T07:45:00+00:00,261.6073057071486,2025
R6B-307,STRESS,2025-03-26T05:55:00+00:00,261.1518240879031,2025
R6B-307,STRESS,2025-03-26T11:35:00+00:00,260.94309788970304,2025
R6B-307,STRESS,2025-03-27T04:05:00+00:00,261.55835514876196,2025
R6B-307,STRESS,2025-03-27T08:10:00+00:00,261.5025484413205,2025
R6B-307,STRESS,2025-03-28T04:10:00+00:00,262.44739382540894,2025
R6B-307,STRESS,2025-03-28T09:35:00+00:00,261.82368961581807,2025
R6B-307,STRESS,2025-03-31T05:30:00+00:00,263.31958825264235,2025
R6B-307,STRESS,2025-03-31T09:55:00+00:00,262.53716800536677,2025
R6B-307,STRESS,2025-04-01T04:50:00+00:00,263.7695236356398,2025
R6B-307,STRESS,2025-04-01T09:35:00+00:00,262.2243147489617,2025
R6B-307,STRESS,2025-04-02T04:30:00+00:00,262.2087811478258,2025
R6B-307,STRESS,2025-04-07T05:40:00+00:00,260.92335721196855,2025
R6B-307,STRESS,2025-04-08T04:30:00+00:00,261.3042922687473,2025
R6B-307,STRESS,2025-04-08T09:55:00+00:00,261.16348346759304,2025
R6B-307,STRESS,2025-04-09T05:35:00+00:00,262.55738644106185,2025
R6B-307,STRESS,2025-04-09T10:20:00+00:00,263.43521376044896,2025
R6B-307,STRESS,2025-04-10T06:10:00+00:00,264.1352161588653,2025
R6B-307,STRESS,2025-04-11T04:25:00+00:00,265.16940772687803,2025
R6B-307,STRESS,2025-04-14T05:40:00+00:00,264.118834120773,2025
R6B-307,STRESS,2025-04-15T05:15:00+00:00,264.70822443202485,2025
R6B-307,STRESS,2025-04-16T04:05:00+00:00,266.26024163539455,2025
R6B-307,STRESS,2025-04-16T09:20:00+00:00,267.6638757306487,2025
R6B-307,STRESS,2025-04-21T04:05:00+00:00,269.32066587661325,2025
R6B-307,STRESS,2025-04-21T10:10:00+00:00,269.5619512023437,2025
R6B-307,STRESS,2025-04-22T05:35:00+00:00,272.038696039144,2025
R6B-307,STRESS,2025-04-22T10:15:00+00:00,269.3105910297399,2025
R6B-307,STRESS,2025-04-24T04:10:00+00:00,269.88352226815624,2025
R6B-307,STRESS,2025-05-02T06:20:00+00:00,270.90111641831146,2025
R6B-307,STRESS,2025-05-02T10:20:00+00:00,270.5500318886417,2025
R6B-307,STRESS,2025-05-05T04:05:00+00:00,270.9170736461591,2025
R6B-307,STRESS,2025-05-06T05:05:00+00:00,271.7888672122255,2025
R6B-307,STRESS,2025-05-08T05:55:00+00:00,268.1504091576605,2025
R6B-307,STRESS,2025-05-09T09:00:00+00:00,268.2321448192301,2025
R6B-307,STRESS,2025-05-13T04:10:00+00:00,267.4151033907181,2025
R6B-307,STRESS,2025-05-13T08:40:00+00:00,267.89427365582543,2025
R6B-307,STRESS,2025-05-19T04:05:00+00:00,265.43959646659465,2025
R6B-307,STRESS,2025-05-21T09:55:00+00:00,264.7029054223241,2025
R6B-307,STRESS,2025-05-22T05:05:00+00:00,265.4435955946221,2025
R6B-307,STRESS,2025-05-23T04:35:00+00:00,265.6729246760423,2025
R6B-307,STRESS,2025-05-23T08:35:00+00:00,266.46497169780355,2025
R6B-307,STRESS,2025-05-27T04:15:00+00:00,265.51366699366736,2025
R6B-307,STRESS,2025-05-28T04:10:00+00:00,264.10350832670287,2025
R6B-307,STRESS,2025-05-28T11:45:00+00:00,263.37912015292807,2025
R6B-307,STRESS,2025-05-29T11:55:00+00:00,264.4741445417371,2025
R6B-307,STRESS,2025-06-02T04:05:00+00:00,264.1959800445042,2025
R6B-307,STRESS,2025-06-02T09:15:00+00:00,266.3278562713527,2025
R6B-307,STRESS,2025-06-04T05:25:00+00:00,265.1417781501469,2025
R6B-307,STRESS,2025-06-05T05:05:00+00:00,263.74591162884184,2025
R6B-307,STRESS,2025-06-06T04:05:00+00:00,263.9996460132396,2025
R6B-307,STRESS,2025-06-06T08:50:00+00:00,263.1664363957627,2025
R6B-307,STRESS,2025-06-09T10:25:00+00:00,262.62035580712046,2025
R6B-307,STRESS,2025-06-11T05:20:00+00:00,262.6772589234157,2025
R6B-307,STRESS,2025-06-11T11:55:00+00:00,261.3638135568661,2025
R6B-307,STRESS,2025-06-12T05:30:00+00:00,261.06244303777805,2025
R6B-307,STRESS,2025-06-13T04:05:00+00:00,262.6157741899326,2025
R6B-307,STRESS,2025-06-16T04:05:00+00:00,261.7475605692594,2025
R6B-307,STRESS,2025-06-18T08:45:00+00:00,260.46885832697683,2025
R6B-307,STRESS,2025-06-25T04:10:00+00:00,260.31324684944065,2025
R6B-307,STRESS,2025-06-26T06:55:00+00:00,259.93615742306343,2025
R6B-307,STRESS,2025-06-26T11:20:00+00:00,259.4209783933722,2025
R6B-307,STRESS,2025-06-30T06:10:00+00:00,259.9041781547865,2025
R6B-307,STRESS,2025-06-30T10:35:00+00:00,259.11318388883245,2025
R6B-307,STRESS,2025-07-01T05:00:00+00:00,259.51502960634264,2025
R6B-307,STRESS,2025-07-01T09:05:00+00:00,260.3674290396999,2025
R6B-307,STRESS,2025-07-04T05:25:00+00:00,260.6548147461934,2025
R6B-307,STRESS,2025-07-08T11:10:00+00:00,259.3492702915906,2025
R6B-307,STRESS,2025-07-10T04:45:00+00:00,258.8572880126709,2025
R6B-307,STRESS,2025-07-10T10:20:00+00:00,258.4226026163022,2025
R6B-307,STRESS,2025-07-11T04:05:00+00:00,258.8143584378463,2025
R6B-307,STRESS,2025-07-11T09:25:00+00:00,258.28491171908894,2025
R6B-307,STRESS,2025-07-14T04:05:00+00:00,257.2619669189195,2025
R6B-307,STRESS,2025-07-14T11:30:00+00:00,256.63077341559625,2025
R6B-307,STRESS,2025-07-15T07:05:00+00:00,256.80906409226264,2025
R6B-307,STRESS,2025-07-16T05:20:00+00:00,257.0025862482246,2025
R6B-307,STRESS,2025-07-16T09:25:00+00:00,256.893333649507,2025
R6B-307,STRESS,2025-07-18T11:20:00+00:00,257.2842338291965,2025
R6B-307,STRESS,2025-07-21T05:10:00+00:00,257.22419136476356,2025
R6B-307,STRESS,2025-07-21T09:10:00+00:00,257.37328007719776,2025
R6B-307,STRESS,2025-07-23T04:25:00+00:00,256.0497542387458,2025
R6B-307,STRESS,2025-07-28T07:50:00+00:00,255.58167072966788,2025
R6B-307,STRESS,2025-07-29T05:45:00+00:00,255.18803226097765,2025
R6B-307,STRESS,2025-07-29T10:30:00+00:00,255.25307213195217,2025
R6B-307,STRESS,2025-07-30T04:50:00+00:00,254.6868475015443,2025
R6B-307,STRESS,2025-07-31T07:00:00+00:00,254.58715730376534,2025
R6B-307,STRESS,2025-07-31T11:50:00+00:00,254.27008967789334,2025
R6B-307,STRESS,2025-08-01T09:55:00+00:00,253.79517156744103,2025
R6B-307,STRESS,2025-08-04T11:00:00+00:00,253.203549230635,2025
R6B-307,STRESS,2025-08-05T04:50:00+00:00,252.36657432290875,2025
R6B-307,STRESS,2025-08-06T04:25:00+00:00,251.4562535749209,2025
R6B-307,STRESS,2025-08-07T05:30:00+00:00,251.34493100055607,2025
R6B-307,STRESS,2025-08-07T10:45:00+00:00,250.51033227249604,2025
R6B-307,STRESS,2025-08-08T11:55:00+00:00,248.94860402631846,2025
R6B-307,STRESS,2025-08-13T10:20:00+00:00,249.5320117572896,2025
R6B-307,STRESS,2025-08-14T04:05:00+00:00,248.90689834674396,2025
R6B-307,STRESS,2025-08-15T07:35:00+00:00,248.61616110176553,2025
R6B-307,STRESS,2025-08-18T04:50:00+00:00,249.4405209724102,2025
R6B-307,STRESS,2025-08-18T08:50:00+00:00,248.61773466672696,2025
R6B-307,STRESS,2025-08-19T04:15:00+00:00,248.43863967801147,2025
R6B-307,STRESS,2025-08-20T08:10:00+00:00,248.62293303228032,2025
R6B-307,STRESS,2025-08-26T04:25:00+00:00,248.15753908563684,2025
R6B-307,STRESS,2025-09-01T06:00:00+00:00,249.33113695181223,2025
R6B-307,STRESS,2025-09-01T10:35:00+00:00,248.00692531164398,2025
R6B-307,STRESS,2025-09-02T04:30:00+00:00,248.5796392677535,2025
R6B-307,STRESS,2025-09-03T04:25:00+00:00,247.61472164881624,2025
R6B-307,STRESS,2025-09-05T07:35:00+00:00,246.8331550554345,2025
R6B-307,STRESS,2025-09-08T10:45:00+00:00,247.97846202331976,2025
R6B-307,STRESS,2025-09-09T05:20:00+00:00,248.42332485253587,2025
R6B-307,STRESS,2025-09-09T09:40:00+00:00,247.94092294915615,2025
R6B-307,STRESS,2025-09-10T08:10:00+00:00,248.01579871458662,2025
R6B-307,STRESS,2025-09-12T05:05:00+00:00,248.84314133341184,2025
R6B-307,STRESS,2025-09-12T09:20:00+00:00,247.76253600375628,2025
R6B-307,STRESS,2025-09-15T08:10:00+00:00,247.29763425755397,2025
R6B-307,STRESS,2025-09-16T05:00:00+00:00,246.920620019737,2025
R6B-307,STRESS,2025-09-16T10:45:00+00:00,246.98311612099667,2025
R6B-307,STRESS,2025-09-19T05:10:00+00:00,247.45468472468494,2025
R6B-307,STRESS,2025-09-22T04:05:00+00:00,247.71274908179848,2025
R6B-307,STRESS,2025-09-22T09:35:00+00:00,249.05135518663505,2025
R6B-307,STRESS,2025-09-23T05:10:00+00:00,248.40227695172163,2025
R6B-307,STRESS,2025-09-24T09:25:00+00:00,247.9334907715906,2025
R6B-307,STRESS,2025-09-25T04:05:00+00:00,246.93594236534798,2025
R6B-307,STRESS,2025-09-25T11:40:00+00:00,246.6442816497955,2025
R6B-307,STRESS,2025-09-29T04:50:00+00:00,247.85020327763397,2025
R6B-307,STRESS,2025-09-29T08:55:00+00:00,248.2926260153025,2025
R6B-307,STRESS,2025-09-30T04:05:00+00:00,249.94835457833346,2025
R6B-307,STRESS,2025-09-30T09:05:00+00:00,246.4499685145692,2025
R6B-307,STRESS,2025-10-01T04:05:00+00:00,246.1230947240941,2025
R6B-307,STRESS,2025-10-01T11:55:00+00:00,246.1630357280931,2025
R6B-307,STRESS,2025-10-02T10:15:00+00:00,246.2046930639692,2025
R6B-307,STRESS,2025-10-03T11:45:00+00:00,245.70046352656652,2025
R6B-307,STRESS,2025-10-06T04:05:00+00:00,247.10828567656483,2025
R6B-307,STRESS,2025-10-06T08:30:00+00:00,247.49892179908068,2025
R6B-307,STRESS,2025-10-08T04:05:00+00:00,248.47200912400584,2025
R6B-307,STRESS,2025-10-08T08:05:00+00:00,249.4408538723779,2025
R6B-307,STRESS,2025-10-10T04:50:00+00:00,247.49675929786,2025
R6B-307,STRESS,2025-10-13T04:05:00+00:00,248.48594003708277,2025
R6B-307,STRESS,2025-10-13T09:05:00+00:00,249.3319056233342,2025
R6B-307,STRESS,2025-10-14T05:15:00+00:00,251.26911857280163,2025
R6B-307,STRESS,2025-10-14T09:20:00+00:00,248.6666538946382,2025
R6B-307,STRESS,2025-10-15T04:15:00+00:00,249.40961650299198,2025
R6B-307,STRESS,2025-10-15T09:25:00+00:00,248.71368463313453,2025
R6B-307,STRESS,2025-10-16T04:20:00+00:00,249.60517696445285,2025
R6B-307,STRESS,2025-10-20T05:15:00+00:00,249.74881364723007,2025
R6B-307,STRESS,2025-10-22T07:45:00+00:00,249.41148975826925,2025
R6B-307,STRESS,2025-10-23T10:05:00+00:00,249.1741701771103,2025
R6B-307,STRESS,2025-10-28T05:05:00+00:00,246.5237321170353,2025
R6B-307,STRESS,2025-10-29T04:30:00+00:00,245.20249158167252,2025
R6B-307,STRESS,2025-10-29T11:10:00+00:00,247.4964420405728,2025
R6B-307,STRESS,2025-10-30T08:35:00+00:00,247.39722782080995,2025
R6B-307,STRESS,2025-11-03T07:05:00+00:00,248.04080147761277,2025
R6B-307,STRESS,2025-11-03T11:05:00+00:00,246.38218597173798,2025
R6B-307,STRESS,2025-11-05T07:05:00+00:00,247.00728445241063,2025
R6B-307,STRESS,2025-11-06T07:40:00+00:00,247.91167409234592,2025
R6B-307,STRESS,2025-11-07T05:10:00+00:00,247.81741703597305,2025
R6B-307,STRESS,2025-11-07T10:50:00+00:00,247.76395758913895,2025
R6B-307,STRESS,2025-11-10T04:50:00+00:00,249.4377911413839,2025
R6B-307,STRESS,2025-11-10T09:35:00+00:00,250.59990950409662,2025
R6B-307,STRESS,2025-11-11T04:30:00+00:00,251.52115012438057,2025
R6B-307,STRESS,2025-11-13T08:00:00+00:00,251.72937007598597,2025
R6B-307,STRESS,2025-11-13T12:00:00+00:00,252.10512872116345,2025
R6B-307,STRESS,2025-11-14T06:30:00+00:00,250.59180836134846,2025
R6B-307,STRESS,2025-11-19T09:20:00+00:00,250.4928763529002,2025
R6B-307,STRESS,2025-11-25T06:20:00+00:00,250.37639490264,2025
R6B-307,STRESS,2025-11-26T06:20:00+00:00,250.1825913322926,2025
R6B-307,STRESS,2025-11-28T04:05:00+00:00,251.048446313666,2025
R6B-307,STRESS,2025-12-01T04:30:00+00:00,251.56704837557373,2025
R6B-307,STRESS,2025-12-03T05:10:00+00:00,251.46115448606054,2025
R6B-307,STRESS,2025-12-05T08:10:00+00:00,251.9068410334817,2025
R6B-307,STRESS,2025-12-08T07:20:00+00:00,251.8069595516169,2025
R6B-307,STRESS,2025-12-09T07:30:00+00:00,250.40529283422475,2025
R6B-307,STRESS,2025-12-10T05:20:00+00:00,249.32639781244347,2025
R6B-307,STRESS,2025-12-11T04:15:00+00:00,247.56436256355232,2025
R6B-307,STRESS,2025-12-12T11:10:00+00:00,250.1814540999808,2025
R6B-307,STRESS,2025-12-15T04:40:00+00:00,251.0136518866874,2025
R6B-307,STRESS,2025-12-15T09:35:00+00:00,251.4568774277655,2025
R6B-307,STRESS,2025-12-17T05:05:00+00:00,251.9893724208137,2025
R6B-307,STRESS,2025-12-17T09:10:00+00:00,251.18973442483954,2025
R6B-307,STRESS,2025-12-22T04:05:00+00:00,252.81241369046367,2025
R6B-307,STRESS,2025-12-22T08:05:00+00:00,253.64803972018657,2025
R6B-307,STRESS,2025-12-23T04:05:00+00:00,254.7582141669524,2025
R6B-307,STRESS,2025-12-24T04:05:00+00:00,253.5378838261365,2025
R6B-307,STRESS,2025-12-26T04:10:00+00:00,253.47425589978056,2025
R6B-307,STRESS,2025-12-30T04:20:00+00:00,254.09276238290315,2025
R6B-307,STRESS,2025-12-30T09:25:00+00:00,253.660387753366,2025
