candidate_id,feature,tail,side,horizon,outcome_kind,expected_sign,discovery_eligible,discovery_worst_abs_effect,btcusdt_threshold,btcusdt_annual_n,btcusdt_annual_effect,btcusdt_h1_n,btcusdt_h1_effect,btcusdt_h2_n,btcusdt_h2_effect,ethusdt_threshold,ethusdt_annual_n,ethusdt_annual_effect,ethusdt_h1_n,ethusdt_h1_effect,ethusdt_h2_n,ethusdt_h2_effect
oi_change_15m_pct|LOW_1P|15m|return_atr,oi_change_15m_pct,LOW_1P,LOW,15m,return_atr,0,False,0.0006955447805201877,-1.3201893063919998,1054,0.02159990333384708,575,0.03970015735934725,479,-0.0010251906386325327,-1.1352306397279999,1054,-0.0006955447805201877,563,0.03067037291610364,491,-0.037753279481384516
oi_change_15m_pct|LOW_1P|15m|excursion_bias_atr,oi_change_15m_pct,LOW_1P,LOW,15m,excursion_bias_atr,-1,True,0.10775882904899167,-1.3201893063919998,1054,-0.10775882904899167,575,-0.02802103554148416,479,-0.20119802659876915,-1.1352306397279999,1054,-0.11503328583071284,563,-0.11016503103810897,491,-0.12009775800599323
oi_change_15m_pct|LOW_1P|15m|up_first_touch,oi_change_15m_pct,LOW_1P,LOW,15m,up_first_touch,0,False,0.0229569462809317,-1.3201893063919998,725,0.0229569462809317,395,0.02023660770876501,330,0.026383008564090482,-1.1352306397279999,687,-0.03041865402936994,365,-0.03283911484787849,322,-0.02767282265247506
oi_change_15m_pct|LOW_1P|30m|return_atr,oi_change_15m_pct,LOW_1P,LOW,30m,return_atr,0,False,0.03598633326271715,-1.3201893063919998,1054,0.07643135559836275,575,0.05358060611346403,479,0.10207442486156743,-1.1352306397279999,1054,0.03598633326271715,563,0.0886811560098511,491,-0.02669435106831415
oi_change_15m_pct|LOW_1P|30m|excursion_bias_atr,oi_change_15m_pct,LOW_1P,LOW,30m,excursion_bias_atr,-1,True,0.10116314345508134,-1.3201893063919998,1054,-0.10116314345508134,575,-0.09532050716860085,479,-0.10562429459808069,-1.1352306397279999,1054,-0.12414931225808612,563,-0.03967550552817706,491,-0.22128664815822258
oi_change_15m_pct|LOW_1P|30m|up_first_touch,oi_change_15m_pct,LOW_1P,LOW,30m,up_first_touch,0,False,0.01489478553078949,-1.3201893063919998,930,0.031092906192579983,504,0.010816089088340364,426,0.0552415809092614,-1.1352306397279999,898,-0.01489478553078949,490,-0.023171768707482998,408,-0.004707192150739059
oi_change_15m_pct|LOW_1P|1h|return_atr,oi_change_15m_pct,LOW_1P,LOW,1h,return_atr,0,False,0.02666137875629928,-1.3201893063919998,1054,0.07428169865734419,575,0.05682517376319375,479,0.09221799619826274,-1.1352306397279999,1054,0.02666137875629928,563,0.1433685437119046,491,-0.11154844129319784
oi_change_15m_pct|LOW_1P|1h|excursion_bias_atr,oi_change_15m_pct,LOW_1P,LOW,1h,excursion_bias_atr,-1,True,0.09667686594249875,-1.3201893063919998,1054,-0.09667686594249875,575,-0.09720822556089825,479,-0.09337840858937996,-1.1352306397279999,1054,-0.27228079790656207,563,-0.13937473174580023,491,-0.4269577501149882
oi_change_15m_pct|LOW_1P|1h|up_first_touch,oi_change_15m_pct,LOW_1P,LOW,1h,up_first_touch,0,False,0.014791034230972222,-1.3201893063919998,1007,0.0338950038608658,547,0.01934725882105809,460,0.05143466459868168,-1.1352306397279999,1003,-0.014791034230972222,536,-0.01756017572771229,467,-0.011584663512637927
oi_change_15m_pct|LOW_1P|2h|return_atr,oi_change_15m_pct,LOW_1P,LOW,2h,return_atr,1,True,0.08151554960902706,-1.3201893063919998,1054,0.08151554960902706,575,0.07233423476661058,479,0.08669046856569125,-1.1352306397279999,1054,0.08835337898478261,563,0.10053584465035272,491,0.06521452933037368
oi_change_15m_pct|LOW_1P|2h|excursion_bias_atr,oi_change_15m_pct,LOW_1P,LOW,2h,excursion_bias_atr,-1,True,0.07245096327148076,-1.3201893063919998,1054,-0.07245096327148076,575,-0.04186008153233437,479,-0.10930710073987032,-1.1352306397279999,1054,-0.15820220735788634,563,-0.05774959558444001,491,-0.28035126704221913
oi_change_15m_pct|LOW_1P|2h|up_first_touch,oi_change_15m_pct,LOW_1P,LOW,2h,up_first_touch,0,False,0.015776206776316803,-1.3201893063919998,1034,0.033023137548383596,562,0.016793639559376405,472,0.05260805451704803,-1.1352306397279999,1043,-0.015776206776316803,557,-0.023398448061097532,486,-0.006953782572034051
oi_change_15m_pct|LOW_1P|4h|return_atr,oi_change_15m_pct,LOW_1P,LOW,4h,return_atr,0,False,0.2068191124831833,-1.3201893063919998,1054,0.22862121944018185,575,0.37702808528871773,479,0.04109951273930054,-1.1352306397279999,1054,0.2068191124831833,563,0.3767265222001941,491,-0.005941493069281253
oi_change_15m_pct|LOW_1P|4h|excursion_bias_atr,oi_change_15m_pct,LOW_1P,LOW,4h,excursion_bias_atr,0,False,0.019302489637587836,-1.3201893063919998,1054,0.019302489637587836,575,0.09903423769470845,479,-0.0817686525225958,-1.1352306397279999,1054,-0.07100465215963375,563,-0.012730248767708285,491,-0.15362496257707992
oi_change_15m_pct|LOW_1P|4h|up_first_touch,oi_change_15m_pct,LOW_1P,LOW,4h,up_first_touch,0,False,0.016481211951909658,-1.3201893063919998,1041,0.03138534424789058,567,0.01410728150366497,474,0.052334076547980946,-1.1352306397279999,1046,-0.016481211951909658,558,-0.02432000490564673,488,-0.007400789541927633
oi_change_15m_pct|LOW_2P|15m|return_atr,oi_change_15m_pct,LOW_2P,LOW,15m,return_atr,0,False,0.00024430125113919683,-0.959308146068,2108,-0.00024430125113919683,1123,0.0041041203947809884,985,-0.005843294941946381,-0.82235387765,2108,0.02179445302503328,1086,0.03439346893573794,1022,0.007896018240765402
oi_change_15m_pct|LOW_2P|15m|excursion_bias_atr,oi_change_15m_pct,LOW_2P,LOW,15m,excursion_bias_atr,-1,True,0.08635491061564513,-0.959308146068,2108,-0.08717073207887176,1123,-0.044043401294126996,985,-0.13471089169622938,-0.82235387765,2108,-0.08635491061564513,1086,-0.10236805042970766,1022,-0.06909709192515778
oi_change_15m_pct|LOW_2P|15m|up_first_touch,oi_change_15m_pct,LOW_2P,LOW,15m,up_first_touch,0,False,0.0029569462809316827,-0.959308146068,1468,0.0029569462809316827,795,-0.003137327487477304,673,0.01031294687738682,-0.82235387765,1401,-0.015014809613809021,727,-0.008942824972051788,674,-0.02156301193680704
oi_change_15m_pct|LOW_2P|30m|return_atr,oi_change_15m_pct,LOW_2P,LOW,30m,return_atr,0,False,0.01809213603086439,-0.959308146068,2108,-0.01809213603086439,1123,-0.027615940603936438,985,-0.008511530529603205,-0.82235387765,2108,0.04043760613235581,1086,0.03871810791841987,1022,0.04120972870890453
oi_change_15m_pct|LOW_2P|30m|excursion_bias_atr,oi_change_15m_pct,LOW_2P,LOW,30m,excursion_bias_atr,-1,True,0.08642926767063167,-0.959308146068,2108,-0.13466301190320795,1123,-0.11974330464520933,985,-0.1498486634600351,-0.82235387765,2108,-0.08642926767063167,1086,-0.08530876297644092,1022,-0.08774901624866711
oi_change_15m_pct|LOW_2P|30m|up_first_touch,oi_change_15m_pct,LOW_2P,LOW,30m,up_first_touch,0,False,0.0021401990602202825,-0.959308146068,1863,0.008233487634236702,999,0.0013780796503309323,864,0.01629726687691918,-0.82235387765,1819,0.0021401990602202825,952,-0.0020133053221289,867,0.006826833224116813
oi_change_15m_pct|LOW_2P|1h|return_atr,oi_change_15m_pct,LOW_2P,LOW,1h,return_atr,0,False,0.003885314473779926,-0.959308146068,2108,-0.003885314473779926,1123,0.04417755802384411,985,-0.060839072448086534,-0.82235387765,2108,0.027667587631198906,1086,0.042308884655061656,1022,0.010061071410045992
oi_change_15m_pct|LOW_2P|1h|excursion_bias_atr,oi_change_15m_pct,LOW_2P,LOW,1h,excursion_bias_atr,-1,True,0.18596139196359301,-0.959308146068,2108,-0.18596139196359301,1123,-0.1307936732123064,985,-0.24695696480862284,-0.82235387765,2108,-0.19769347116413838,1086,-0.2266683398914962,1022,-0.1679690100380421
oi_change_15m_pct|LOW_2P|1h|up_first_touch,oi_change_15m_pct,LOW_2P,LOW,1h,up_first_touch,0,False,0.0014216293183698103,-0.959308146068,2023,0.013736066987442397,1075,0.012645162821738276,948,0.015147744767458005,-0.82235387765,2013,0.0014216293183698103,1036,-0.003859374713478414,977,0.007034147294381732
oi_change_15m_pct|LOW_2P|2h|return_atr,oi_change_15m_pct,LOW_2P,LOW,2h,return_atr,0,False,0.05400657314187566,-0.959308146068,2108,-0.05400657314187566,1123,-0.018815098306962735,985,-0.09830447091450482,-0.82235387765,2108,0.11250147808763616,1086,0.04724437106814859,1022,0.17757226061420706
oi_change_15m_pct|LOW_2P|2h|excursion_bias_atr,oi_change_15m_pct,LOW_2P,LOW,2h,excursion_bias_atr,0,False,0.10412222511601557,-0.959308146068,2108,-0.23510094604237647,1123,-0.13399601789735538,985,-0.35046676134059085,-0.82235387765,2108,-0.10412222511601557,1086,-0.20942157182175894,1022,0.004525240450293094
oi_change_15m_pct|LOW_2P|2h|up_first_touch,oi_change_15m_pct,LOW_2P,LOW,2h,up_first_touch,0,False,0.001248314605324763,-0.959308146068,2075,0.011958142558753937,1104,0.01158450035673575,971,0.012574191122679157,-0.82235387765,2091,0.001248314605324763,1075,-0.0062684743648009356,1016,0.009239795082610969
oi_change_15m_pct|LOW_2P|4h|return_atr,oi_change_15m_pct,LOW_2P,LOW,4h,return_atr,0,False,0.002187006143846093,-0.959308146068,2108,0.002187006143846093,1123,0.12116586810075602,985,-0.140149169755864,-0.82235387765,2108,0.2641135894245064,1086,0.31782675350493117,1022,0.19870566565869469
oi_change_15m_pct|LOW_2P|4h|excursion_bias_atr,oi_change_15m_pct,LOW_2P,LOW,4h,excursion_bias_atr,0,False,0.06435551294392783,-0.959308146068,2108,-0.29552625314956554,1123,-0.204007858072282,985,-0.403691629571058,-0.82235387765,2108,0.06435551294392783,1086,-0.03595837593076012,1022,0.16361289876813057
oi_change_15m_pct|LOW_2P|4h|up_first_touch,oi_change_15m_pct,LOW_2P,LOW,4h,up_first_touch,0,False,0.0004956036938594255,-0.959308146068,2088,0.010231115886566944,1109,0.01026824129552345,979,0.010383494062623844,-0.82235387765,2097,0.0004956036938594255,1078,-0.007705538982425042,1019,0.009223914845208514
oi_change_15m_pct|HIGH_2P|15m|return_atr,oi_change_15m_pct,HIGH_2P,HIGH,15m,return_atr,0,False,0.0246839338290376,0.8589583432,2108,0.0246839338290376,1123,0.0022708354094381107,985,0.04959578991851339,0.8258828144279999,2108,-0.05572671517195957,1157,-0.04658949065880529,951,-0.0684201623833888
oi_change_15m_pct|HIGH_2P|15m|excursion_bias_atr,oi_change_15m_pct,HIGH_2P,HIGH,15m,excursion_bias_atr,0,False,0.005658378384682507,0.8589583432,2108,-0.005658378384682507,1123,-0.04451608072470713,985,0.040272723113813476,0.8258828144279999,2108,-0.02863823016409444,1157,-0.023053882256249658,951,-0.03468489418360609
oi_change_15m_pct|HIGH_2P|15m|up_first_touch,oi_change_15m_pct,HIGH_2P,HIGH,15m,up_first_touch,0,False,0.011057093556336661,0.8589583432,1358,0.011057093556336661,717,0.0030835614364984054,641,0.02008130195037139,0.8258828144279999,1354,-0.02510150649733911,735,-0.026427783191928456,619,-0.023523674055760224
oi_change_15m_pct|HIGH_2P|30m|return_atr,oi_change_15m_pct,HIGH_2P,HIGH,30m,return_atr,0,False,0.03224352398439856,0.8589583432,2108,-0.03224352398439856,1123,-0.09409365086800464,985,0.03699440126785729,0.8258828144279999,2108,-0.14808771928181805,1157,-0.14535543853318075,951,-0.15467305280528165
oi_change_15m_pct|HIGH_2P|30m|excursion_bias_atr,oi_change_15m_pct,HIGH_2P,HIGH,30m,excursion_bias_atr,0,False,0.051850124094901626,0.8589583432,2108,-0.051850124094901626,1123,-0.14315635366694301,985,0.05407257669358568,0.8258828144279999,2108,-0.1483501953203047,1157,-0.15194131638976682,951,-0.14438016204718762
oi_change_15m_pct|HIGH_2P|30m|up_first_touch,oi_change_15m_pct,HIGH_2P,HIGH,30m,up_first_touch,0,False,0.003467513631721708,0.8589583432,1777,0.003467513631721708,944,-0.0013577069837607536,833,0.009054091829122257,0.8258828144279999,1798,-0.025438547344831808,999,-0.028095059345059348,799,-0.02181190637685504
oi_change_15m_pct|HIGH_2P|1h|return_atr,oi_change_15m_pct,HIGH_2P,HIGH,1h,return_atr,-1,True,0.028404989015335124,0.8589583432,2108,-0.028404989015335124,1123,-0.008869618058633774,985,-0.05283449903993992,0.8258828144279999,2108,-0.1329668225944665,1157,-0.18401509182860828,951,-0.07719880005190413
oi_change_15m_pct|HIGH_2P|1h|excursion_bias_atr,oi_change_15m_pct,HIGH_2P,HIGH,1h,excursion_bias_atr,-1,True,0.09222181067250781,0.8589583432,2108,-0.09222181067250781,1123,-0.14805066341919954,985,-0.026670023322380658,0.8258828144279999,2108,-0.22465634988430805,1157,-0.30176690137668755,951,-0.13413753338436119
oi_change_15m_pct|HIGH_2P|1h|up_first_touch,oi_change_15m_pct,HIGH_2P,HIGH,1h,up_first_touch,0,False,0.00551010571919347,0.8589583432,2031,-0.00551010571919347,1075,-0.011540883689889592,956,0.0014346645986816342,0.8258828144279999,2022,-0.02601206944383022,1115,-0.03418556894101793,907,-0.015921619238859597
oi_change_15m_pct|HIGH_2P|2h|return_atr,oi_change_15m_pct,HIGH_2P,HIGH,2h,return_atr,0,False,0.013188203207453491,0.8589583432,2108,-0.042491814549687604,1123,-0.16334055574373385,985,0.09111197559699409,0.8258828144279999,2108,-0.013188203207453491,1157,-0.0909268514121612,951,0.0681411973267233
oi_change_15m_pct|HIGH_2P|2h|excursion_bias_atr,oi_change_15m_pct,HIGH_2P,HIGH,2h,excursion_bias_atr,0,False,0.11283285223711523,0.8589583432,2108,-0.148420466759827,1123,-0.25220412255323843,985,-0.030192495496763352,0.8258828144279999,2108,-0.11283285223711523,1157,-0.28851133786631533,951,0.09083557254132901
oi_change_15m_pct|HIGH_2P|2h|up_first_touch,oi_change_15m_pct,HIGH_2P,HIGH,2h,up_first_touch,-1,True,0.007082881711906297,0.8589583432,2074,-0.007082881711906297,1103,-0.01243431525812233,971,-0.0008140684035824464,0.8258828144279999,2090,-0.022915623347029734,1149,-0.03342980777909449,941,-0.00994945742979414
oi_change_15m_pct|HIGH_2P|4h|return_atr,oi_change_15m_pct,HIGH_2P,HIGH,4h,return_atr,0,False,0.01508064407667023,0.8589583432,2108,0.01508064407667023,1123,-0.039117894615363275,985,0.07018428637875096,0.8258828144279999,2108,0.08030663856213767,1157,0.03523367328052299,951,0.10920375025922466
oi_change_15m_pct|HIGH_2P|4h|excursion_bias_atr,oi_change_15m_pct,HIGH_2P,HIGH,4h,excursion_bias_atr,0,False,0.025087212137097747,0.8589583432,2108,-0.1692839296676374,1123,-0.31971658809437925,985,-0.0016005415358094528,0.8258828144279999,2108,-0.025087212137097747,1157,-0.20865345720238565,951,0.17539367317941015
oi_change_15m_pct|HIGH_2P|4h|up_first_touch,oi_change_15m_pct,HIGH_2P,HIGH,4h,up_first_touch,-1,True,0.006078632697354369,0.8589583432,2082,-0.006078632697354369,1106,-0.010963600107301075,976,-0.0003480151722929925,0.8258828144279999,2095,-0.02289637689438856,1152,-0.032972558669087604,943,-0.01041045524086548
oi_change_15m_pct|HIGH_1P|15m|return_atr,oi_change_15m_pct,HIGH_1P,HIGH,15m,return_atr,0,False,0.00721865769290354,1.1176106523529987,1054,0.00721865769290354,607,-0.03229076846838736,447,0.05930465959378419,1.1300523633689956,1054,-0.057959982612004905,613,-0.03735802329284513,441,-0.08937515491758868
oi_change_15m_pct|HIGH_1P|15m|excursion_bias_atr,oi_change_15m_pct,HIGH_1P,HIGH,15m,excursion_bias_atr,0,False,0.005423420532555241,1.1176106523529987,1054,-0.0144187003142652,607,-0.06367538409858084,447,0.05644622021624834,1.1300523633689956,1054,-0.005423420532555241,613,0.03726606303530771,441,-0.06344627511532289
oi_change_15m_pct|HIGH_1P|15m|up_first_touch,oi_change_15m_pct,HIGH_1P,HIGH,15m,up_first_touch,0,False,0.005738705892981366,1.1176106523529987,690,-0.005738705892981366,397,-0.007554101088225074,293,-0.002978869603248502,1.1300523633689956,645,-0.0159709372966933,364,0.006879385829526297,281,-0.04556588425588787
oi_change_15m_pct|HIGH_1P|30m|return_atr,oi_change_15m_pct,HIGH_1P,HIGH,30m,return_atr,0,False,0.05847292392252311,1.1176106523529987,1054,-0.07657129848741133,607,-0.17497813814090046,447,0.05394048626159026,1.1300523633689956,1054,-0.05847292392252311,613,-0.03237608940134569,441,-0.10049363849679699
oi_change_15m_pct|HIGH_1P|30m|excursion_bias_atr,oi_change_15m_pct,HIGH_1P,HIGH,30m,excursion_bias_atr,0,False,0.052717986004058734,1.1176106523529987,1054,-0.10958349306904105,607,-0.23405377142105085,447,0.06389395787774345,1.1300523633689956,1054,-0.052717986004058734,613,-0.00947129567979324,441,-0.11353477300133298
oi_change_15m_pct|HIGH_1P|30m|up_first_touch,oi_change_15m_pct,HIGH_1P,HIGH,30m,up_first_touch,-1,True,0.013669688950587844,1.1176106523529987,890,-0.013669688950587844,511,-0.009840575403940566,379,-0.01853794762518185,1.1300523633689956,874,-0.014331622029900126,509,-0.003365024791842086,365,-0.029149845924577367
oi_change_15m_pct|HIGH_1P|1h|return_atr,oi_change_15m_pct,HIGH_1P,HIGH,1h,return_atr,0,False,0.05572803391124901,1.1176106523529987,1054,-0.05572803391124901,607,-0.10935778965545001,447,0.011828991574864785,1.1300523633689956,1054,-0.11998309633785072,613,-0.1706149026264813,441,-0.06077231672896183
oi_change_15m_pct|HIGH_1P|1h|excursion_bias_atr,oi_change_15m_pct,HIGH_1P,HIGH,1h,excursion_bias_atr,0,False,0.15326976475811963,1.1176106523529987,1054,-0.15326976475811963,607,-0.27407509469797353,447,0.015420676284695723,1.1300523633689956,1054,-0.16211170869698616,613,-0.1970199658804796,441,-0.11939468406686334
oi_change_15m_pct|HIGH_1P|1h|up_first_touch,oi_change_15m_pct,HIGH_1P,HIGH,1h,up_first_touch,-1,True,0.014791034230972222,1.1176106523529987,1013,-0.019597282611615585,579,-0.02468945580701215,434,-0.01239022019394509,1.1300523633689956,1003,-0.014791034230972222,585,-0.013120833974937685,418,-0.01705580681765928
oi_change_15m_pct|HIGH_1P|2h|return_atr,oi_change_15m_pct,HIGH_1P,HIGH,2h,return_atr,0,False,0.042709111981247994,1.1176106523529987,1054,-0.04645710543591349,607,-0.35857457423564587,447,0.3671711435952638,1.1300523633689956,1054,0.042709111981247994,613,0.04214427553932859,441,0.020138314482519227
oi_change_15m_pct|HIGH_1P|2h|excursion_bias_atr,oi_change_15m_pct,HIGH_1P,HIGH,2h,excursion_bias_atr,0,False,0.01197319107659256,1.1176106523529987,1054,-0.21157048717279922,607,-0.45623727428270056,447,0.12043825300581143,1.1300523633689956,1054,-0.01197319107659256,613,-0.10807378920269803,441,0.10386604923052284
oi_change_15m_pct|HIGH_1P|2h|up_first_touch,oi_change_15m_pct,HIGH_1P,HIGH,2h,up_first_touch,-1,True,0.01194111569290357,1.1176106523529987,1038,-0.022005689648688542,597,-0.026650151161726143,441,-0.015246205831159043,1.1300523633689956,1043,-0.01194111569290357,608,-0.015307642051459458,435,-0.00701054431461956
oi_change_15m_pct|HIGH_1P|4h|return_atr,oi_change_15m_pct,HIGH_1P,HIGH,4h,return_atr,0,False,0.08470107381214469,1.1176106523529987,1054,0.13729393814738447,607,-0.11087188237459158,447,0.4579093243227059,1.1300523633689956,1054,0.08470107381214469,613,0.13525386091812422,441,-0.03133612781791993
oi_change_15m_pct|HIGH_1P|4h|excursion_bias_atr,oi_change_15m_pct,HIGH_1P,HIGH,4h,excursion_bias_atr,0,False,0.03997731650289427,1.1176106523529987,1054,-0.1532698494128119,607,-0.5199728724066757,447,0.33532383395973064,1.1300523633689956,1054,0.03997731650289427,613,0.0024207957493230514,441,0.05186767797752623
oi_change_15m_pct|HIGH_1P|4h|up_first_touch,oi_change_15m_pct,HIGH_1P,HIGH,4h,up_first_touch,-1,True,0.012164042437262546,1.1176106523529987,1045,-0.02039776823596512,600,-0.023926228196511412,445,-0.015152767428693814,1.1300523633689956,1047,-0.012164042437262546,611,-0.014467773708185638,436,-0.008622777810840254
oi_change_1h_pct|LOW_1P|15m|return_atr,oi_change_1h_pct,LOW_1P,LOW,15m,return_atr,0,False,0.010279474083074898,-2.4772074853159998,1054,0.010279474083074898,543,0.03143859814507604,511,-0.01251734280883703,-2.2232688827000002,1054,0.0479248098616703,564,0.10606874637963033,490,-0.02012272350167356
oi_change_1h_pct|LOW_1P|15m|excursion_bias_atr,oi_change_1h_pct,LOW_1P,LOW,15m,excursion_bias_atr,0,False,0.028096393540846552,-2.4772074853159998,1054,-0.06683592041201362,543,-0.014923519215192246,511,-0.12120487342372989,-2.2232688827000002,1054,-0.028096393540846552,564,0.058235763833519506,490,-0.1269344284185005
oi_change_1h_pct|LOW_1P|15m|up_first_touch,oi_change_1h_pct,LOW_1P,LOW,15m,up_first_touch,0,False,0.007842939766273704,-2.4772074853159998,614,0.007842939766273704,316,0.0006163545442080531,298,0.015563403113612484,-2.2232688827000002,610,0.01124980231443895,331,0.02322180473992108,279,-0.00295054477451695
oi_change_1h_pct|LOW_1P|30m|return_atr,oi_change_1h_pct,LOW_1P,LOW,30m,return_atr,0,False,0.010853691334851139,-2.4772074853159998,1054,0.04040620502687802,543,0.08553336911148704,511,-0.00816946574525886,-2.2232688827000002,1054,0.010853691334851139,564,0.15365786073661666,490,-0.15583830302803225
oi_change_1h_pct|LOW_1P|30m|excursion_bias_atr,oi_change_1h_pct,LOW_1P,LOW,30m,excursion_bias_atr,0,False,0.1051849823139638,-2.4772074853159998,1054,-0.1051849823139638,543,-0.023152687108011487,511,-0.19146531299090197,-2.2232688827000002,1054,-0.11154471874466965,564,0.11727613430088087,490,-0.3752062002118093
oi_change_1h_pct|LOW_1P|30m|up_first_touch,oi_change_1h_pct,LOW_1P,LOW,30m,up_first_touch,1,True,0.013329924521895409,-2.4772074853159998,843,0.013329924521895409,431,0.008680045188955432,412,0.018241261842758816,-2.2232688827000002,864,0.03056889920071265,465,0.04077380952380949,399,0.018881190570770645
oi_change_1h_pct|LOW_1P|1h|return_atr,oi_change_1h_pct,LOW_1P,LOW,1h,return_atr,0,False,0.011199600247171263,-2.4772074853159998,1054,-0.04968216733770236,543,0.04874509115938526,511,-0.15532357752078332,-2.2232688827000002,1054,0.011199600247171263,564,0.22053412445701112,490,-0.23425951922652058
oi_change_1h_pct|LOW_1P|1h|excursion_bias_atr,oi_change_1h_pct,LOW_1P,LOW,1h,excursion_bias_atr,0,False,0.1728494167231438,-2.4772074853159998,1054,-0.24220537078736185,543,-0.09001248556372976,511,-0.40300315937043457,-2.2232688827000002,1054,-0.1728494167231438,564,0.1485052101660564,490,-0.5450801995016188
oi_change_1h_pct|LOW_1P|1h|up_first_touch,oi_change_1h_pct,LOW_1P,LOW,1h,up_first_touch,1,True,0.010337966970795531,-2.4772074853159998,971,0.010337966970795531,493,0.004822152302374205,478,0.016079016063116736,-2.2232688827000002,999,0.020166156259618095,526,0.02574043150229738,473,0.013989035732691224
oi_change_1h_pct|LOW_1P|2h|return_atr,oi_change_1h_pct,LOW_1P,LOW,2h,return_atr,0,False,0.053125976820689064,-2.4772074853159998,1054,-0.058148609845556344,543,0.04160071473474125,511,-0.16617472865356844,-2.2232688827000002,1054,0.053125976820689064,564,0.11641729266335334,490,-0.029148920188221336
oi_change_1h_pct|LOW_1P|2h|excursion_bias_atr,oi_change_1h_pct,LOW_1P,LOW,2h,excursion_bias_atr,0,False,0.13444144052291532,-2.4772074853159998,1054,-0.3031945081571251,543,-0.19825808796138572,511,-0.4147489287933559,-2.2232688827000002,1054,-0.13444144052291532,564,0.09409207446382377,490,-0.4046482858393726
oi_change_1h_pct|LOW_1P|2h|up_first_touch,oi_change_1h_pct,LOW_1P,LOW,2h,up_first_touch,0,False,0.0011007323353360299,-2.4772074853159998,1030,0.0011007323353360299,528,-0.008919452212434231,502,0.011720756252479203,-2.2232688827000002,1041,0.011083245977184686,555,0.012537308161911842,486,0.009507122777760224
oi_change_1h_pct|LOW_1P|4h|return_atr,oi_change_1h_pct,LOW_1P,LOW,4h,return_atr,0,False,0.027384614466864243,-2.4772074853159998,1054,0.027384614466864243,543,0.39591047968411935,511,-0.36746052970167997,-2.2232688827000002,1054,0.3888512249312632,564,0.32506697124557404,490,0.4438292130696282
oi_change_1h_pct|LOW_1P|4h|excursion_bias_atr,oi_change_1h_pct,LOW_1P,LOW,4h,excursion_bias_atr,0,False,0.08439214533183276,-2.4772074853159998,1054,-0.2531652539129801,543,0.03773135032838828,511,-0.5641322627918088,-2.2232688827000002,1054,0.08439214533183276,564,0.1421134077414803,490,0.0017119747308543265
oi_change_1h_pct|LOW_1P|4h|up_first_touch,oi_change_1h_pct,LOW_1P,LOW,4h,up_first_touch,0,False,0.0011424459358280181,-2.4772074853159998,1050,0.0011424459358280181,541,-0.007607682293861995,509,0.010542029595654423,-2.2232688827000002,1048,0.008366262250066592,559,0.008826102133933644,489,0.00795758653504447
oi_change_1h_pct|LOW_2P|15m|return_atr,oi_change_1h_pct,LOW_2P,LOW,15m,return_atr,0,False,0.02183145791572775,-1.9234482683920002,2108,0.02183145791572775,1082,0.036345327696165025,1026,0.006246862765262793,-1.7289938420519997,2108,0.035801732189470775,1102,0.10384864610407317,1006,-0.03947636864167209
oi_change_1h_pct|LOW_2P|15m|excursion_bias_atr,oi_change_1h_pct,LOW_2P,LOW,15m,excursion_bias_atr,0,False,0.033475106127209234,-1.9234482683920002,2108,-0.033475106127209234,1082,0.003923673949200169,1026,-0.07220749103788106,-1.7289938420519997,2108,-0.04191683902874061,1102,0.04307751604650078,1006,-0.13467241505917152
oi_change_1h_pct|LOW_2P|15m|up_first_touch,oi_change_1h_pct,LOW_2P,LOW,15m,up_first_touch,0,False,0.018354496207946713,-1.9234482683920002,1276,0.020198325591276545,652,0.028320788806846853,624,0.011755968937050776,-1.7289938420519997,1258,0.018354496207946713,654,0.03867862634436314,604,-0.0036507750197162236
oi_change_1h_pct|LOW_2P|30m|return_atr,oi_change_1h_pct,LOW_2P,LOW,30m,return_atr,0,False,0.031228906332681015,-1.9234482683920002,2108,0.04080279459673564,1082,0.052190189254977634,1026,0.028239303159414607,-1.7289938420519997,2108,0.031228906332681015,1102,0.16090420204871111,1006,-0.11234600419539682
oi_change_1h_pct|LOW_2P|30m|excursion_bias_atr,oi_change_1h_pct,LOW_2P,LOW,30m,excursion_bias_atr,0,False,0.04278338394336321,-1.9234482683920002,2108,-0.04278338394336321,1082,0.0240794688291672,1026,-0.11250372916883479,-1.7289938420519997,2108,-0.09476701926200529,1102,0.09181670613570257,1006,-0.29934252358408564
oi_change_1h_pct|LOW_2P|30m|up_first_touch,oi_change_1h_pct,LOW_2P,LOW,30m,up_first_touch,1,True,0.015073950615050569,-1.9234482683920002,1729,0.015073950615050569,887,0.02260900618001732,842,0.007189212860907956,-1.7289938420519997,1737,0.03303363725482894,901,0.04018187463664713,836,0.025431657647553507
oi_change_1h_pct|LOW_2P|1h|return_atr,oi_change_1h_pct,LOW_2P,LOW,1h,return_atr,0,False,0.03137429848686457,-1.9234482683920002,2108,-0.03301796546849024,1082,0.030960484829305523,1026,-0.10142395444991006,-1.7289938420519997,2108,0.03137429848686457,1102,0.22297829509603959,1006,-0.1814761598519133
oi_change_1h_pct|LOW_2P|1h|excursion_bias_atr,oi_change_1h_pct,LOW_2P,LOW,1h,excursion_bias_atr,0,False,0.13709485898924093,-1.9234482683920002,2108,-0.13709485898924093,1082,-0.003942944691665114,1026,-0.27668979872769034,-1.7289938420519997,2108,-0.1544371255650447,1102,0.12132763004893832,1006,-0.45805736434784444
oi_change_1h_pct|LOW_2P|1h|up_first_touch,oi_change_1h_pct,LOW_2P,LOW,1h,up_first_touch,1,True,0.011447893351744065,-1.9234482683920002,1981,0.011447893351744065,1004,0.018748192563237398,977,0.0039935182322537455,-1.7289938420519997,2005,0.027842660694227195,1041,0.038929709141887814,964,0.01588608204255232
oi_change_1h_pct|LOW_2P|2h|return_atr,oi_change_1h_pct,LOW_2P,LOW,2h,return_atr,0,False,0.049262719236735225,-1.9234482683920002,2108,-0.049262719236735225,1082,0.01512966601749638,1026,-0.11897725332432749,-1.7289938420519997,2108,-0.09279670455112475,1102,-0.05160652335740552,1006,-0.14410253394731026
oi_change_1h_pct|LOW_2P|2h|excursion_bias_atr,oi_change_1h_pct,LOW_2P,LOW,2h,excursion_bias_atr,-1,True,0.19410254815713598,-1.9234482683920002,2108,-0.19410254815713598,1082,-0.11859971856945785,1026,-0.2737679133257103,-1.7289938420519997,2108,-0.22809391284718986,1102,-0.053926108259228306,1006,-0.4235806358942883
oi_change_1h_pct|LOW_2P|2h|up_first_touch,oi_change_1h_pct,LOW_2P,LOW,2h,up_first_touch,1,True,0.008112494393907266,-1.9234482683920002,2071,0.008112494393907266,1058,0.010954380633988348,1013,0.005215680799110112,-1.7289938420519997,2084,0.022592646542490824,1087,0.03064815129575399,997,0.013865878055940417
oi_change_1h_pct|LOW_2P|4h|return_atr,oi_change_1h_pct,LOW_2P,LOW,4h,return_atr,0,False,0.04424946590976839,-1.9234482683920002,2108,-0.04424946590976839,1082,0.1687181877123926,1026,-0.2717246810265173,-1.7289938420519997,2108,0.0865138106478143,1102,0.053339548290134875,1006,0.11077159141849499
oi_change_1h_pct|LOW_2P|4h|excursion_bias_atr,oi_change_1h_pct,LOW_2P,LOW,4h,excursion_bias_atr,-1,True,0.11865573816908664,-1.9234482683920002,2108,-0.262475976282104,1082,-0.04548933035317025,1026,-0.4929551353436636,-1.7289938420519997,2108,-0.11865573816908664,1102,-0.08144571442055715,1006,-0.17005913162681352
oi_change_1h_pct|LOW_2P|4h|up_first_touch,oi_change_1h_pct,LOW_2P,LOW,4h,up_first_touch,1,True,0.008290296496452687,-1.9234482683920002,2098,0.008290296496452687,1075,0.011383849322868456,1023,0.005122475028498608,-1.7289938420519997,2097,0.022431702883177473,1092,0.02907910494507604,1005,0.015282923042690244
oi_change_1h_pct|HIGH_2P|15m|return_atr,oi_change_1h_pct,HIGH_2P,HIGH,15m,return_atr,-1,True,0.04033089954947999,1.7621712471879998,2108,-0.04033089954947999,1090,-0.02929865684826022,1018,-0.052490460734929086,1.7665397539519994,2108,-0.06457505950768298,1243,-0.031968223059829035,865,-0.11453419691998698
oi_change_1h_pct|HIGH_2P|15m|excursion_bias_atr,oi_change_1h_pct,HIGH_2P,HIGH,15m,excursion_bias_atr,-1,True,0.0527543679363694,1.7621712471879998,2108,-0.060512167883738394,1090,-0.052816408548110996,1018,-0.06787055232048887,1.7665397539519994,2108,-0.0527543679363694,1243,-0.006956016567621515,865,-0.11709566809537544
oi_change_1h_pct|HIGH_2P|15m|up_first_touch,oi_change_1h_pct,HIGH_2P,HIGH,15m,up_first_touch,0,False,0.008537306592631522,1.7621712471879998,1392,-0.008537306592631522,694,0.002339989316031632,698,-0.01934938702503869,1.7665397539519994,1325,-0.036804636287478765,768,-0.02032127808988765,557,-0.05952602916027527
oi_change_1h_pct|HIGH_2P|30m|return_atr,oi_change_1h_pct,HIGH_2P,HIGH,30m,return_atr,-1,True,0.10338816957204466,1.7621712471879998,2108,-0.10338816957204466,1090,-0.10398706282453064,1018,-0.1034379690089741,1.7665397539519994,2108,-0.10345060541438114,1243,-0.07027545738194302,865,-0.1575415572713329
oi_change_1h_pct|HIGH_2P|30m|excursion_bias_atr,oi_change_1h_pct,HIGH_2P,HIGH,30m,excursion_bias_atr,-1,True,0.11431372915089215,1.7621712471879998,2108,-0.11431372915089215,1090,-0.11122273907097016,1018,-0.11663648200157312,1.7665397539519994,2108,-0.1148476521763053,1243,-0.04527835850966577,865,-0.21560355841415157
oi_change_1h_pct|HIGH_2P|30m|up_first_touch,oi_change_1h_pct,HIGH_2P,HIGH,30m,up_first_touch,-1,True,0.01715970920815707,1.7621712471879998,1847,-0.01715970920815707,954,-0.008650817171018677,893,-0.026184639721728742,1.7665397539519994,1786,-0.039649310330206855,1043,-0.02467841163310963,743,-0.0601791790612502
oi_change_1h_pct|HIGH_2P|1h|return_atr,oi_change_1h_pct,HIGH_2P,HIGH,1h,return_atr,-1,True,0.024630348376865605,1.7621712471879998,2108,-0.1489188746472908,1090,-0.21450769470882403,1018,-0.07985734382091625,1.7665397539519994,2108,-0.024630348376865605,1243,-0.003144928510392976,865,-0.06798181510253634
oi_change_1h_pct|HIGH_2P|1h|excursion_bias_atr,oi_change_1h_pct,HIGH_2P,HIGH,1h,excursion_bias_atr,-1,True,0.07393171392027346,1.7621712471879998,2108,-0.1597523239505294,1090,-0.19662499813201226,1018,-0.11924395597271482,1.7665397539519994,2108,-0.07393171392027346,1243,-0.03532192479556098,865,-0.13590023708463567
oi_change_1h_pct|HIGH_2P|1h|up_first_touch,oi_change_1h_pct,HIGH_2P,HIGH,1h,up_first_touch,-1,True,0.014020079790366236,1.7621712471879998,2044,-0.014020079790366236,1058,-0.007534201490039083,986,-0.02087770862647048,1.7665397539519994,2054,-0.03575831738637458,1208,-0.0274568842381403,846,-0.04753416260396581
oi_change_1h_pct|HIGH_2P|2h|return_atr,oi_change_1h_pct,HIGH_2P,HIGH,2h,return_atr,0,False,0.08466546199575109,1.7621712471879998,2108,-0.11037618547015876,1090,-0.30797400817078857,1018,0.09894240393780492,1.7665397539519994,2108,0.08466546199575109,1243,0.14749921883171946,865,-0.03172002843588076
oi_change_1h_pct|HIGH_2P|2h|excursion_bias_atr,oi_change_1h_pct,HIGH_2P,HIGH,2h,excursion_bias_atr,0,False,0.08577226444354483,1.7621712471879998,2108,-0.24383014922166843,1090,-0.4182759108622259,1018,-0.05709817267747549,1.7665397539519994,2108,0.08577226444354483,1243,0.193157484849458,865,-0.08836227683743211
oi_change_1h_pct|HIGH_2P|2h|up_first_touch,oi_change_1h_pct,HIGH_2P,HIGH,2h,up_first_touch,-1,True,0.015653589123487965,1.7621712471879998,2086,-0.015653589123487965,1080,-0.00955076534374738,1006,-0.022096261956989105,1.7665397539519994,2098,-0.03520620768116428,1237,-0.027502893721459032,861,-0.04602692462620589
oi_change_1h_pct|HIGH_2P|4h|return_atr,oi_change_1h_pct,HIGH_2P,HIGH,4h,return_atr,0,False,0.000956099941805455,1.7621712471879998,2108,-0.000956099941805455,1090,-0.2471817089936799,1018,0.2590823950763895,1.7665397539519994,2108,0.16454629835176166,1243,0.28636648487507765,865,-0.0616472434923461
oi_change_1h_pct|HIGH_2P|4h|excursion_bias_atr,oi_change_1h_pct,HIGH_2P,HIGH,4h,excursion_bias_atr,0,False,0.14890729508796696,1.7621712471879998,2108,-0.14890729508796696,1090,-0.4465420169384196,1018,0.16771821707605497,1.7665397539519994,2108,0.1666044962248536,1243,0.32901353129856487,865,-0.11182136175436308
oi_change_1h_pct|HIGH_2P|4h|up_first_touch,oi_change_1h_pct,HIGH_2P,HIGH,4h,up_first_touch,-1,True,0.016761861371820563,1.7621712471879998,2095,-0.016761861371820563,1082,-0.008531896711606923,1013,-0.02544592270227214,1.7665397539519994,2100,-0.03545234916396467,1238,-0.02714859304352668,862,-0.04703887862184092
oi_change_1h_pct|HIGH_1P|15m|return_atr,oi_change_1h_pct,HIGH_1P,HIGH,15m,return_atr,0,False,0.017284134218691835,2.2472995269739955,1054,-0.017284134218691835,532,-0.08494348730898887,522,0.05154310899231193,2.2739441804859992,1054,-0.07290118227699512,645,-0.03714593805751759,409,-0.13336090088130712
oi_change_1h_pct|HIGH_1P|15m|excursion_bias_atr,oi_change_1h_pct,HIGH_1P,HIGH,15m,excursion_bias_atr,0,False,0.04306583201248663,2.2472995269739955,1054,-0.07073905582544403,532,-0.14451311555771643,522,0.004774164472397168,2.2739441804859992,1054,-0.04306583201248663,645,0.02485829879960609,409,-0.14825309835064734
oi_change_1h_pct|HIGH_1P|15m|up_first_touch,oi_change_1h_pct,HIGH_1P,HIGH,15m,up_first_touch,0,False,0.02266497547801194,2.2472995269739955,685,0.02266497547801194,327,0.017542379396141672,358,0.02728024912613547,2.2739441804859992,663,-0.030359376035337282,389,-0.007082872991344358,274,-0.06339844263706046
oi_change_1h_pct|HIGH_1P|30m|return_atr,oi_change_1h_pct,HIGH_1P,HIGH,30m,return_atr,0,False,0.08901601146302687,2.2472995269739955,1054,-0.08901601146302687,532,-0.19309496244584085,522,0.0168016765405025,2.2739441804859992,1054,-0.10455106411968243,645,-0.07877127521585889,409,-0.15363071218544724
oi_change_1h_pct|HIGH_1P|30m|excursion_bias_atr,oi_change_1h_pct,HIGH_1P,HIGH,30m,excursion_bias_atr,0,False,0.08275699309600504,2.2472995269739955,1054,-0.09597813916239671,532,-0.2169578677701123,522,0.027683521845603777,2.2739441804859992,1054,-0.08275699309600504,645,0.00788132266947704,409,-0.22672581849335438
oi_change_1h_pct|HIGH_1P|30m|up_first_touch,oi_change_1h_pct,HIGH_1P,HIGH,30m,up_first_touch,0,False,0.0097529558203715,2.2472995269739955,910,0.0097529558203715,457,0.019290959707631117,453,0.00014721782124099692,2.2739441804859992,893,-0.02117226665719457,543,-0.004530057879505445,350,-0.04633184201068302
oi_change_1h_pct|HIGH_1P|1h|return_atr,oi_change_1h_pct,HIGH_1P,HIGH,1h,return_atr,0,False,0.010032518111369657,2.2472995269739955,1054,-0.15999677842708224,532,-0.36990609475980546,522,0.053504282525763204,2.2739441804859992,1054,-0.010032518111369657,645,0.06760965664376559,409,-0.14885314841764227
oi_change_1h_pct|HIGH_1P|1h|excursion_bias_atr,oi_change_1h_pct,HIGH_1P,HIGH,1h,excursion_bias_atr,0,False,0.02868637060351059,2.2472995269739955,1054,-0.18736571352954162,532,-0.36760049066464157,522,-0.0032996220369988162,2.2739441804859992,1054,0.02868637060351059,645,0.13771963310515203,409,-0.1517752206650671
oi_change_1h_pct|HIGH_1P|1h|up_first_touch,oi_change_1h_pct,HIGH_1P,HIGH,1h,up_first_touch,0,False,0.004103544079336496,2.2472995269739955,1007,0.004103544079336496,509,0.008719544875011975,498,-0.000573367529832447,2.2739441804859992,1025,-0.02315423730467797,625,-0.008772116026219745,400,-0.04552470633919037
oi_change_1h_pct|HIGH_1P|2h|return_atr,oi_change_1h_pct,HIGH_1P,HIGH,2h,return_atr,0,False,0.09623313227044154,2.2472995269739955,1054,-0.09623313227044154,532,-0.2521871961601883,522,0.061882063078671126,2.2739441804859992,1054,0.1179617628141863,645,0.18339226889887283,409,-0.019478470175082106
oi_change_1h_pct|HIGH_1P|2h|excursion_bias_atr,oi_change_1h_pct,HIGH_1P,HIGH,2h,excursion_bias_atr,0,False,0.1457591842717361,2.2472995269739955,1054,-0.2866132362629443,532,-0.5365976082838901,522,-0.03185887795859599,2.2739441804859992,1054,0.1457591842717361,645,0.3044179364532741,409,-0.1304709889911336
oi_change_1h_pct|HIGH_1P|2h|up_first_touch,oi_change_1h_pct,HIGH_1P,HIGH,2h,up_first_touch,0,False,0.0006363201391428874,2.2472995269739955,1039,0.0006363201391428874,525,0.005290504497522441,514,-0.0040759789855569495,2.2739441804859992,1046,-0.025758076254894735,639,-0.013567670055742442,407,-0.044577264639960534
oi_change_1h_pct|HIGH_1P|4h|return_atr,oi_change_1h_pct,HIGH_1P,HIGH,4h,return_atr,0,False,0.05448845366890795,2.2472995269739955,1054,0.05448845366890795,532,0.04067711686879749,522,0.06725669588288627,2.2739441804859992,1054,0.11799044332559677,645,0.22017105845675114,409,-0.1102996782234637
oi_change_1h_pct|HIGH_1P|4h|excursion_bias_atr,oi_change_1h_pct,HIGH_1P,HIGH,4h,excursion_bias_atr,0,False,0.08583804564713864,2.2472995269739955,1054,-0.08583804564713864,532,-0.1768650828821287,522,0.0061849159073627,2.2739441804859992,1054,0.13181669019950848,645,0.3670475686618435,409,-0.2982945071204771
oi_change_1h_pct|HIGH_1P|4h|up_first_touch,oi_change_1h_pct,HIGH_1P,HIGH,4h,up_first_touch,0,False,0.0007768839376127712,2.2472995269739955,1046,-0.0007768839376127712,527,0.0072534049470685535,519,-0.008896137349241107,2.2739441804859992,1047,-0.025535580164101124,640,-0.012833669780198731,407,-0.04506643581413128
oi_accel_15m_pctpt|LOW_1P|15m|return_atr,oi_accel_15m_pctpt,LOW_1P,LOW,15m,return_atr,0,False,0.00443536271616782,-1.660052596726,1054,0.009294924445328957,598,0.006906053409488751,456,0.011059628222303684,-1.531922927613,1054,-0.00443536271616782,558,0.04776205347733889,496,-0.0640999170024231
oi_accel_15m_pctpt|LOW_1P|15m|excursion_bias_atr,oi_accel_15m_pctpt,LOW_1P,LOW,15m,excursion_bias_atr,-1,True,0.06098204245841567,-1.660052596726,1054,-0.06098204245841567,598,-0.039769081481687354,456,-0.08532516436254328,-1.531922927613,1054,-0.10035009538303141,558,-0.04219753382110408,496,-0.16532509142330257
oi_accel_15m_pctpt|LOW_1P|15m|up_first_touch,oi_accel_15m_pctpt,LOW_1P,LOW,15m,up_first_touch,0,False,0.016705137308428042,-1.660052596726,691,0.016705137308428042,395,0.015173316569524475,296,0.01903247621355808,-1.531922927613,655,-0.04458801523029887,341,-0.029962804238470253,314,-0.06046943617464934
oi_accel_15m_pctpt|LOW_1P|30m|return_atr,oi_accel_15m_pctpt,LOW_1P,LOW,30m,return_atr,0,False,0.01579293285443739,-1.660052596726,1054,0.047035743950802476,598,0.023852715939699426,456,0.07471247350342848,-1.531922927613,1054,-0.01579293285443739,558,0.05703929421270902,496,-0.09967789056972046
oi_accel_15m_pctpt|LOW_1P|30m|excursion_bias_atr,oi_accel_15m_pctpt,LOW_1P,LOW,30m,excursion_bias_atr,-1,True,0.04886032758542032,-1.660052596726,1054,-0.04886032758542032,598,-0.05522251281287053,456,-0.0366246838197246,-1.531922927613,1054,-0.12998211834781734,558,-0.02109889261836971,496,-0.2527141513703184
oi_accel_15m_pctpt|LOW_1P|30m|up_first_touch,oi_accel_15m_pctpt,LOW_1P,LOW,30m,up_first_touch,0,False,0.022472288538750995,-1.660052596726,910,0.026236472303888037,520,0.014418042690293953,390,0.04227661160626389,-1.531922927613,870,-0.022472288538750995,461,-0.0023209120958578855,409,-0.045025519970864625
oi_accel_15m_pctpt|LOW_1P|1h|return_atr,oi_accel_15m_pctpt,LOW_1P,LOW,1h,return_atr,0,False,0.015388517505097649,-1.660052596726,1054,-0.015388517505097649,598,-0.01557749385497214,456,-0.01974495439648904,-1.531922927613,1054,0.03622591106264708,558,0.032418129583127335,496,0.03672369303560359
oi_accel_15m_pctpt|LOW_1P|1h|excursion_bias_atr,oi_accel_15m_pctpt,LOW_1P,LOW,1h,excursion_bias_atr,-1,True,0.11071468983569466,-1.660052596726,1054,-0.11071468983569466,598,-0.08835410552099332,456,-0.13598052486524298,-1.531922927613,1054,-0.15398961863215177,558,-0.12667334049101148,496,-0.18668865681361851
oi_accel_15m_pctpt|LOW_1P|1h|up_first_touch,oi_accel_15m_pctpt,LOW_1P,LOW,1h,up_first_touch,0,False,0.02140146346431432,-1.660052596726,1008,0.029399685375974316,573,0.027368162943496477,435,0.032469147357302275,-1.531922927613,998,-0.02140146346431432,529,0.003882704389659264,469,-0.049895708471386524
oi_accel_15m_pctpt|LOW_1P|2h|return_atr,oi_accel_15m_pctpt,LOW_1P,LOW,2h,return_atr,0,False,0.01032780146550491,-1.660052596726,1054,-0.01032780146550491,598,-0.17482719891807355,456,0.19647704278761313,-1.531922927613,1054,0.017139012760156672,558,-0.051387331877417286,496,0.08632249106598562
oi_accel_15m_pctpt|LOW_1P|2h|excursion_bias_atr,oi_accel_15m_pctpt,LOW_1P,LOW,2h,excursion_bias_atr,-1,True,0.09991363143082801,-1.660052596726,1054,-0.16713286466158,598,-0.26223565576202335,456,-0.04261964798073437,-1.531922927613,1054,-0.09991363143082801,558,-0.17369597522172878,496,-0.02291645534474554
oi_accel_15m_pctpt|LOW_1P|2h|up_first_touch,oi_accel_15m_pctpt,LOW_1P,LOW,2h,up_first_touch,0,False,0.015776206776316803,-1.660052596726,1034,0.025286193641226973,588,0.02474628681044766,446,0.026424274019974214,-1.531922927613,1043,-0.015776206776316803,554,0.00623425420542828,489,-0.04063299689201183
oi_accel_15m_pctpt|LOW_1P|4h|return_atr,oi_accel_15m_pctpt,LOW_1P,LOW,4h,return_atr,1,True,0.15933609256007691,-1.660052596726,1054,0.23122150708875014,598,0.14978001704492244,456,0.3237151729069063,-1.531922927613,1054,0.15933609256007691,558,0.18401378215736605,496,0.1161100032976986
oi_accel_15m_pctpt|LOW_1P|4h|excursion_bias_atr,oi_accel_15m_pctpt,LOW_1P,LOW,4h,excursion_bias_atr,0,False,0.007091636554956303,-1.660052596726,1054,0.007091636554956303,598,-0.12907791306499974,456,0.17748125816997232,-1.531922927613,1054,-0.04590835012729816,558,-0.18998554931728168,496,0.10255744683506224
oi_accel_15m_pctpt|LOW_1P|4h|up_first_touch,oi_accel_15m_pctpt,LOW_1P,LOW,4h,up_first_touch,0,False,0.017853729163056775,-1.660052596726,1044,0.022204295963195342,591,0.02217360259875084,453,0.0226724675838319,-1.531922927613,1049,-0.017853729163056775,555,0.005254731120702183,494,-0.04371359235602468
oi_accel_15m_pctpt|LOW_2P|15m|return_atr,oi_accel_15m_pctpt,LOW_2P,LOW,15m,return_atr,0,False,0.004300614256649019,-1.2557004003,2108,0.004300614256649019,1162,-0.026657658864230487,946,0.04131193945684054,-1.1579719091999998,2108,-0.03153500440451354,1146,-0.0044056198000286505,962,-0.0652548052842089
oi_accel_15m_pctpt|LOW_2P|15m|excursion_bias_atr,oi_accel_15m_pctpt,LOW_2P,LOW,15m,excursion_bias_atr,-1,True,0.06557333259184699,-1.2557004003,2108,-0.06557333259184699,1162,-0.08836467130454449,946,-0.034997771643172235,-1.1579719091999998,2108,-0.10287607633322174,1146,-0.06938018577617933,962,-0.14211452350541837
oi_accel_15m_pctpt|LOW_2P|15m|up_first_touch,oi_accel_15m_pctpt,LOW_2P,LOW,15m,up_first_touch,0,False,0.005810013328007235,-1.2557004003,1402,0.005810013328007235,771,-0.002055664369252974,631,0.015611265779669314,-1.1579719091999998,1309,-0.04042773904487673,709,-0.02774994816511095,600,-0.05540574190713343
oi_accel_15m_pctpt|LOW_2P|30m|return_atr,oi_accel_15m_pctpt,LOW_2P,LOW,30m,return_atr,0,False,0.03530813856525819,-1.2557004003,2108,0.038811482576289004,1162,-0.00567254710579361,946,0.09142921885620514,-1.1579719091999998,2108,-0.03530813856525819,1146,-0.005948501904224114,962,-0.07318142663146841
oi_accel_15m_pctpt|LOW_2P|30m|excursion_bias_atr,oi_accel_15m_pctpt,LOW_2P,LOW,30m,excursion_bias_atr,0,False,0.06102275132891999,-1.2557004003,2108,-0.06102275132891999,1162,-0.11506303870046117,946,0.008245947709195626,-1.1579719091999998,2108,-0.13411493725375107,1146,-0.08208048473377534,962,-0.19645647709527575
oi_accel_15m_pctpt|LOW_2P|30m|up_first_touch,oi_accel_15m_pctpt,LOW_2P,LOW,30m,up_first_touch,0,False,0.008596595840482113,-1.2557004003,1836,0.008596595840482113,1018,-6.737366152709257e-05,818,0.019588378893581282,-1.1579719091999998,1771,-0.025074883345243826,967,-0.015827362485842322,804,-0.03594804670151458
oi_accel_15m_pctpt|LOW_2P|1h|return_atr,oi_accel_15m_pctpt,LOW_2P,LOW,1h,return_atr,0,False,0.017127453445677607,-1.2557004003,2108,-0.017127453445677607,1162,0.009903431128597859,946,-0.05374784401547826,-1.1579719091999998,2108,-0.039762927350020794,1146,-0.02412102967008272,962,-0.06402859529081985
oi_accel_15m_pctpt|LOW_2P|1h|excursion_bias_atr,oi_accel_15m_pctpt,LOW_2P,LOW,1h,excursion_bias_atr,-1,True,0.10933510259568753,-1.2557004003,2108,-0.10933510259568753,1162,-0.09527734339558577,946,-0.1235906487262197,-1.1579719091999998,2108,-0.21599566651847552,1146,-0.1968704727766546,962,-0.24170681288239615
oi_accel_15m_pctpt|LOW_2P|1h|up_first_touch,oi_accel_15m_pctpt,LOW_2P,LOW,1h,up_first_touch,0,False,0.010996614088287615,-1.2557004003,2028,0.010996614088287615,1120,0.009165096376555548,908,0.013549202043615594,-1.1579719091999998,2002,-0.02132338522992344,1090,-0.012603308686770176,912,-0.03170891686550614
oi_accel_15m_pctpt|LOW_2P|2h|return_atr,oi_accel_15m_pctpt,LOW_2P,LOW,2h,return_atr,0,False,0.007378365821502593,-1.2557004003,2108,0.025299434037322807,1162,-0.04994904488324835,946,0.11110986257963425,-1.1579719091999998,2108,-0.007378365821502593,1146,-0.05096495906001925,962,0.03277374858603155
oi_accel_15m_pctpt|LOW_2P|2h|excursion_bias_atr,oi_accel_15m_pctpt,LOW_2P,LOW,2h,excursion_bias_atr,-1,True,0.11414220979368442,-1.2557004003,2108,-0.11414220979368442,1162,-0.1302942500217323,946,-0.09445424200869793,-1.1579719091999998,2108,-0.12217785711790005,1146,-0.18951850765286074,962,-0.05089929969562765
oi_accel_15m_pctpt|LOW_2P|2h|up_first_touch,oi_accel_15m_pctpt,LOW_2P,LOW,2h,up_first_touch,0,False,0.006896044455357742,-1.2557004003,2076,0.006896044455357742,1147,0.005645882917416967,929,0.008757367611135047,-1.1579719091999998,2093,-0.015949363062691624,1139,-0.011813117768847747,954,-0.02077473140346503
oi_accel_15m_pctpt|LOW_2P|4h|return_atr,oi_accel_15m_pctpt,LOW_2P,LOW,4h,return_atr,1,True,0.08680775896812762,-1.2557004003,2108,0.08680775896812762,1162,0.05930654867809809,946,0.10997506593669523,-1.1579719091999998,2108,0.10554388298192147,1146,0.14588361669408154,962,0.034447322844472696
oi_accel_15m_pctpt|LOW_2P|4h|excursion_bias_atr,oi_accel_15m_pctpt,LOW_2P,LOW,4h,excursion_bias_atr,0,False,0.06461932142663857,-1.2557004003,2108,-0.0815934503787214,1162,-0.1678982437415609,946,0.01834736597001355,-1.1579719091999998,2108,-0.06461932142663857,1146,-0.16153805539454963,962,0.030541319648281995
oi_accel_15m_pctpt|LOW_2P|4h|up_first_touch,oi_accel_15m_pctpt,LOW_2P,LOW,4h,up_first_touch,0,False,0.00496291665285048,-1.2557004003,2088,0.00496291665285048,1150,0.004407105136821909,938,0.0059655574796696476,-1.1579719091999998,2100,-0.016880920592536097,1140,-0.012312836446865372,960,-0.02215488790258341
oi_accel_15m_pctpt|HIGH_2P|15m|return_atr,oi_accel_15m_pctpt,HIGH_2P,HIGH,15m,return_atr,0,False,0.0032042495867290544,1.3083809137419995,2108,0.004669416757854372,1163,-0.023240762316353292,945,0.037992486476011486,1.14182761028,2108,-0.0032042495867290544,1162,0.007617204727682243,946,-0.01815467753029632
oi_accel_15m_pctpt|HIGH_2P|15m|excursion_bias_atr,oi_accel_15m_pctpt,HIGH_2P,HIGH,15m,excursion_bias_atr,0,False,0.004141438604830877,1.3083809137419995,2108,-0.031599147337976016,1163,-0.07284273539218288,945,0.021764528989745346,1.14182761028,2108,-0.004141438604830877,1162,0.009924758237153636,946,-0.020633581722137882
oi_accel_15m_pctpt|HIGH_2P|15m|up_first_touch,oi_accel_15m_pctpt,HIGH_2P,HIGH,15m,up_first_touch,0,False,0.0034743952388949784,1.3083809137419995,1334,-0.008287431530162759,739,-0.025312457911899233,595,0.013064954069565315,1.14182761028,1261,-0.0034743952388949784,711,0.007516933935428849,550,-0.017678469179860712
oi_accel_15m_pctpt|HIGH_2P|30m|return_atr,oi_accel_15m_pctpt,HIGH_2P,HIGH,30m,return_atr,0,False,0.00862592783155905,1.3083809137419995,2108,0.00862592783155905,1163,-0.030558447998776796,945,0.05480640570056425,1.14182761028,2108,-0.02100752749208084,1162,-0.008182245471564632,946,-0.040190250049235425
oi_accel_15m_pctpt|HIGH_2P|30m|excursion_bias_atr,oi_accel_15m_pctpt,HIGH_2P,HIGH,30m,excursion_bias_atr,0,False,0.06048338670004601,1.3083809137419995,2108,-0.07518154363068118,1163,-0.13892444708502083,945,0.006183940620690122,1.14182761028,2108,-0.06048338670004601,1162,-0.05578826048407355,946,-0.06667005944158157
oi_accel_15m_pctpt|HIGH_2P|30m|up_first_touch,oi_accel_15m_pctpt,HIGH_2P,HIGH,30m,up_first_touch,0,False,0.0005685828251115188,1.3083809137419995,1774,0.0020606481280638356,985,-0.0037194036197411573,789,0.00948924687973568,1.14182761028,1756,0.0005685828251115188,980,0.008460884353741482,776,-0.009078528314070355
oi_accel_15m_pctpt|HIGH_2P|1h|return_atr,oi_accel_15m_pctpt,HIGH_2P,HIGH,1h,return_atr,-1,True,0.0229105793906033,1.3083809137419995,2108,-0.0229105793906033,1163,-0.031618421465594855,945,-0.015645177826736086,1.14182761028,2108,-0.03559483112991346,1162,-0.015293940168216356,946,-0.06719540082412886
oi_accel_15m_pctpt|HIGH_2P|1h|excursion_bias_atr,oi_accel_15m_pctpt,HIGH_2P,HIGH,1h,excursion_bias_atr,-1,True,0.11044715151023897,1.3083809137419995,2108,-0.11044715151023897,1163,-0.14047834576728913,945,-0.07044642023760078,1.14182761028,2108,-0.14880701995964035,1162,-0.12811570662234714,946,-0.17768740921307136
oi_accel_15m_pctpt|HIGH_2P|1h|up_first_touch,oi_accel_15m_pctpt,HIGH_2P,HIGH,1h,up_first_touch,0,False,0.0006298441061330373,1.3083809137419995,2016,0.0006298441061330373,1117,-0.0029064600884655123,899,0.0053278792816627285,1.14182761028,2007,0.0024084882777348215,1113,0.00707406546524475,894,-0.0033546839678257334
oi_accel_15m_pctpt|HIGH_2P|2h|return_atr,oi_accel_15m_pctpt,HIGH_2P,HIGH,2h,return_atr,0,False,0.03325739997167239,1.3083809137419995,2108,-0.03325739997167239,1163,-0.1604759252138056,945,0.11662406436930699,1.14182761028,2108,0.058578365510322916,1162,-0.01879577789432968,946,0.13968792854292109
oi_accel_15m_pctpt|HIGH_2P|2h|excursion_bias_atr,oi_accel_15m_pctpt,HIGH_2P,HIGH,2h,excursion_bias_atr,0,False,0.056017957221814685,1.3083809137419995,2108,-0.18497789630174216,1163,-0.2864712021060627,945,-0.0602248848701128,1.14182761028,2108,-0.056017957221814685,1162,-0.14848588298771512,946,0.04697990160625953
oi_accel_15m_pctpt|HIGH_2P|2h|up_first_touch,oi_accel_15m_pctpt,HIGH_2P,HIGH,2h,up_first_touch,0,False,0.00220319223058002,1.3083809137419995,2087,-0.0034261353290310215,1154,-0.008660143352605454,933,0.003368313931730038,1.14182761028,2089,0.00220319223058002,1157,0.003132743701167562,932,0.0011883605248062534
oi_accel_15m_pctpt|HIGH_2P|4h|return_atr,oi_accel_15m_pctpt,HIGH_2P,HIGH,4h,return_atr,1,True,0.14627262109954156,1.3083809137419995,2108,0.14627262109954156,1163,0.07939794777157039,945,0.21785631587176849,1.14182761028,2108,0.3286985452449898,1162,0.36513987020901073,946,0.2566576537102955
oi_accel_15m_pctpt|HIGH_2P|4h|excursion_bias_atr,oi_accel_15m_pctpt,HIGH_2P,HIGH,4h,excursion_bias_atr,0,False,0.13811352874593452,1.3083809137419995,2108,-0.13811352874593452,1163,-0.2797996469801422,945,0.030127922834140904,1.14182761028,2108,0.14670150109740515,1162,0.06380816673165049,946,0.22449345614797087
oi_accel_15m_pctpt|HIGH_2P|4h|up_first_touch,oi_accel_15m_pctpt,HIGH_2P,HIGH,4h,up_first_touch,0,False,0.0016905079788924748,1.3083809137419995,2096,-0.002677982999104711,1158,-0.007682704880449254,938,0.0038333613176227965,1.14182761028,2100,0.0016905079788924748,1159,0.0030596110653577924,941,0.00018836395714033616
oi_accel_15m_pctpt|HIGH_1P|15m|return_atr,oi_accel_15m_pctpt,HIGH_1P,HIGH,15m,return_atr,0,False,0.02393788615041361,1.7728416459399967,1054,0.02393788615041361,606,0.00020064332519895492,448,0.05450357359334757,1.5456563568409836,1054,-0.08225023743739784,589,-0.07163028824681633,465,-0.0976258033508551
oi_accel_15m_pctpt|HIGH_1P|15m|excursion_bias_atr,oi_accel_15m_pctpt,HIGH_1P,HIGH,15m,excursion_bias_atr,0,False,0.019346258450291996,1.7728416459399967,1054,-0.019346258450291996,606,-0.0732313212622103,448,0.05746339408256611,1.5456563568409836,1054,-0.0817488627390478,589,-0.044800687651384355,465,-0.1276382691574966
oi_accel_15m_pctpt|HIGH_1P|15m|up_first_touch,oi_accel_15m_pctpt,HIGH_1P,HIGH,15m,up_first_touch,0,False,0.00533867966175311,1.7728416459399967,663,-0.00533867966175311,386,-0.02989784497045056,277,0.029216396596034477,1.5456563568409836,612,-0.031239215150470512,355,-0.031218431845756178,257,-0.03126177303553812
oi_accel_15m_pctpt|HIGH_1P|30m|return_atr,oi_accel_15m_pctpt,HIGH_1P,HIGH,30m,return_atr,0,False,0.006133069294667892,1.7728416459399967,1054,-0.006133069294667892,606,-0.07684380003703886,448,0.08644133355735002,1.5456563568409836,1054,-0.1542292833884599,589,-0.19171656449262803,465,-0.11072366942673671
oi_accel_15m_pctpt|HIGH_1P|30m|excursion_bias_atr,oi_accel_15m_pctpt,HIGH_1P,HIGH,30m,excursion_bias_atr,0,False,0.0786957458917986,1.7728416459399967,1054,-0.0786957458917986,606,-0.17712779312958316,448,0.058841690947080194,1.5456563568409836,1054,-0.22698160478237214,589,-0.2547290182812877,465,-0.19232158291106893
oi_accel_15m_pctpt|HIGH_1P|30m|up_first_touch,oi_accel_15m_pctpt,HIGH_1P,HIGH,30m,up_first_touch,0,False,0.005485305662310425,1.7728416459399967,876,0.005485305662310425,505,-0.006031309937276463,371,0.021466604003803458,1.5456563568409836,864,-0.026144063762250314,491,-0.026164411793230535,373,-0.025734369777822064
oi_accel_15m_pctpt|HIGH_1P|1h|return_atr,oi_accel_15m_pctpt,HIGH_1P,HIGH,1h,return_atr,-1,True,0.01996781127530236,1.7728416459399967,1054,-0.01996781127530236,606,-0.017522633631187307,448,-0.02846922811711771,1.5456563568409836,1054,-0.15250111932523563,589,-0.17791329485773918,465,-0.1280446748858191
oi_accel_15m_pctpt|HIGH_1P|1h|excursion_bias_atr,oi_accel_15m_pctpt,HIGH_1P,HIGH,1h,excursion_bias_atr,-1,True,0.12953963629511733,1.7728416459399967,1054,-0.12953963629511733,606,-0.15542505629466297,448,-0.08994741796540061,1.5456563568409836,1054,-0.39938353709385466,589,-0.45301693229143386,465,-0.3354677241421432
oi_accel_15m_pctpt|HIGH_1P|1h|up_first_touch,oi_accel_15m_pctpt,HIGH_1P,HIGH,1h,up_first_touch,0,False,0.0021164586524490825,1.7728416459399967,1005,0.0021164586524490825,575,-0.0040181334371090505,430,0.010736990180076955,1.5456563568409836,992,-0.03264774635267165,557,-0.03556708909623768,435,-0.028858039672523705
oi_accel_15m_pctpt|HIGH_1P|2h|return_atr,oi_accel_15m_pctpt,HIGH_1P,HIGH,2h,return_atr,0,False,0.0626685264602306,1.7728416459399967,1054,-0.10530561031314209,606,-0.18624906253865073,448,-0.005878490326857624,1.5456563568409836,1054,-0.0626685264602306,589,-0.14659482256137116,465,0.027472185995359916
oi_accel_15m_pctpt|HIGH_1P|2h|excursion_bias_atr,oi_accel_15m_pctpt,HIGH_1P,HIGH,2h,excursion_bias_atr,-1,True,0.25898239833863934,1.7728416459399967,1054,-0.25898239833863934,606,-0.3274501490051365,448,-0.16659871616192606,1.5456563568409836,1054,-0.2856284738478805,589,-0.4331641444681824,465,-0.11103070751850305
oi_accel_15m_pctpt|HIGH_1P|2h|up_first_touch,oi_accel_15m_pctpt,HIGH_1P,HIGH,2h,up_first_touch,0,False,0.002230770331541676,1.7728416459399967,1043,-0.002230770331541676,601,-0.011468864807603896,442,0.010810370645585488,1.5456563568409836,1041,-0.02734134576152808,585,-0.03403233840773473,456,-0.018595541289816164
oi_accel_15m_pctpt|HIGH_1P|4h|return_atr,oi_accel_15m_pctpt,HIGH_1P,HIGH,4h,return_atr,1,True,0.045538714723152546,1.7728416459399967,1054,0.045538714723152546,606,0.028985080335817925,448,0.05178524721909228,1.5456563568409836,1054,0.11700144281290675,589,0.1387991715354792,465,0.057728436378112515
oi_accel_15m_pctpt|HIGH_1P|4h|excursion_bias_atr,oi_accel_15m_pctpt,HIGH_1P,HIGH,4h,excursion_bias_atr,-1,True,0.17361414195452307,1.7728416459399967,1054,-0.1989953334354607,606,-0.27604224344717654,448,-0.10400940683089101,1.5456563568409836,1054,-0.17361414195452307,589,-0.32299984723502545,465,-0.012281923542438844
oi_accel_15m_pctpt|HIGH_1P|4h|up_first_touch,oi_accel_15m_pctpt,HIGH_1P,HIGH,4h,up_first_touch,0,False,0.000762315968933891,1.7728416459399967,1050,-0.000762315968933891,604,-0.008837927975760884,446,0.010669775021046712,1.5456563568409836,1049,-0.02833990647478224,587,-0.03397666381767739,462,-0.020964411712107223
atr_slope_3bar_pct|LOW_1P|15m|return_atr,atr_slope_3bar_pct,LOW_1P,LOW,15m,return_atr,0,False,0.02236382960609193,-11.32451764395,1054,-0.029447251021349125,599,-0.03402803550963762,455,-0.024806344870165295,-11.001772843100001,1054,-0.02236382960609193,602,-0.05347377209906211,452,0.01669506708300736
atr_slope_3bar_pct|LOW_1P|15m|excursion_bias_atr,atr_slope_3bar_pct,LOW_1P,LOW,15m,excursion_bias_atr,0,False,0.032150284363469735,-11.32451764395,1054,-0.03738165409185573,599,-0.030222701002065016,455,-0.043275917115199194,-11.001772843100001,1054,-0.032150284363469735,602,-0.07250445453970086,452,0.022721344738492293
atr_slope_3bar_pct|LOW_1P|15m|up_first_touch,atr_slope_3bar_pct,LOW_1P,LOW,15m,up_first_touch,0,False,0.003600430768248619,-11.32451764395,610,-0.003600430768248619,347,0.002339989316031632,263,-0.011167400469208333,-11.001772843100001,560,-0.02610382766214181,331,-0.04324345205766206,229,-0.001322772474819045
atr_slope_3bar_pct|LOW_1P|30m|return_atr,atr_slope_3bar_pct,LOW_1P,LOW,30m,return_atr,0,False,0.01883368728747535,-11.32451764395,1054,0.03418137980278215,599,0.07788330612685741,455,-0.026120003664151323,-11.001772843100001,1054,-0.01883368728747535,602,-0.06347544614379547,452,0.035710576239568456
atr_slope_3bar_pct|LOW_1P|30m|excursion_bias_atr,atr_slope_3bar_pct,LOW_1P,LOW,30m,excursion_bias_atr,0,False,0.010619572036190142,-11.32451764395,1054,-0.02204788570849678,599,0.033804208638517234,455,-0.09162267073464439,-11.001772843100001,1054,-0.010619572036190142,602,-0.04383250314838809,452,0.03301438665296689
atr_slope_3bar_pct|LOW_1P|30m|up_first_touch,atr_slope_3bar_pct,LOW_1P,LOW,30m,up_first_touch,0,False,0.009176086283584017,-11.32451764395,868,-0.012916310397281805,494,0.0028795811518324554,374,-0.033508387708147125,-11.001772843100001,842,-0.009176086283584017,477,-0.031343590895477724,365,0.020165222568573338
atr_slope_3bar_pct|LOW_1P|1h|return_atr,atr_slope_3bar_pct,LOW_1P,LOW,1h,return_atr,0,False,0.021040443556470646,-11.32451764395,1054,0.021040443556470646,599,-0.015527595193109839,455,0.06450483450078223,-11.001772843100001,1054,0.10631022009521586,602,-0.012252016062799645,452,0.2546700054222065
atr_slope_3bar_pct|LOW_1P|1h|excursion_bias_atr,atr_slope_3bar_pct,LOW_1P,LOW,1h,excursion_bias_atr,0,False,0.022046284930027957,-11.32451764395,1054,0.022046284930027957,599,0.01940114128016439,455,0.029650443773203257,-11.001772843100001,1054,0.10588356685561502,602,-0.04846529215167392,452,0.3064904742495526
atr_slope_3bar_pct|LOW_1P|1h|up_first_touch,atr_slope_3bar_pct,LOW_1P,LOW,1h,up_first_touch,0,False,0.012113327311266742,-11.32451764395,1002,-0.019342116734091308,569,-0.009373065812748993,433,-0.03205263332279645,-11.001772843100001,1005,0.012113327311266742,571,-0.0030530267092320207,434,0.03212506324606307
atr_slope_3bar_pct|LOW_1P|2h|return_atr,atr_slope_3bar_pct,LOW_1P,LOW,2h,return_atr,0,False,0.07411071526191558,-11.32451764395,1053,-0.0833951856539934,599,-0.0169586427408753,454,-0.18019168974391725,-11.001772843100001,1054,0.07411071526191558,602,0.0013156453375304383,452,0.15109770626234947
atr_slope_3bar_pct|LOW_1P|2h|excursion_bias_atr,atr_slope_3bar_pct,LOW_1P,LOW,2h,excursion_bias_atr,0,False,0.0593544036005403,-11.32451764395,1053,-0.0593544036005403,599,0.002586734670297323,454,-0.14128849861673973,-11.001772843100001,1054,0.1822996121756179,602,0.03631106674532175,452,0.3615683407353985
atr_slope_3bar_pct|LOW_1P|2h|up_first_touch,atr_slope_3bar_pct,LOW_1P,LOW,2h,up_first_touch,0,False,0.012746993776058979,-11.32451764395,1045,-0.012746993776058979,595,-0.0015442293960349351,450,-0.027128291998959497,-11.001772843100001,1048,0.019145810598695134,599,0.0035944755129022066,449,0.04008261289296822
atr_slope_3bar_pct|LOW_1P|4h|return_atr,atr_slope_3bar_pct,LOW_1P,LOW,4h,return_atr,1,True,0.13850612025389544,-11.32451764395,1051,0.13850612025389544,599,0.22159457040017272,452,0.013471835259626141,-11.001772843100001,1054,0.14762517420703364,602,0.032235287043703376,452,0.26219127207924564
atr_slope_3bar_pct|LOW_1P|4h|excursion_bias_atr,atr_slope_3bar_pct,LOW_1P,LOW,4h,excursion_bias_atr,0,False,0.11247317688264022,-11.32451764395,1051,0.11247317688264022,599,0.2562891292263485,452,-0.08664994993237604,-11.001772843100001,1054,0.14975447632112132,602,-0.0943633055105918,452,0.440429029512391
atr_slope_3bar_pct|LOW_1P|4h|up_first_touch,atr_slope_3bar_pct,LOW_1P,LOW,4h,up_first_touch,0,False,0.012682058126998241,-11.32451764395,1049,-0.012682058126998241,599,-0.0014359666494885848,450,-0.027187723733313074,-11.001772843100001,1052,0.018804395358939574,601,0.005185776975208944,451,0.03721318305085347
atr_slope_3bar_pct|LOW_2P|15m|return_atr,atr_slope_3bar_pct,LOW_2P,LOW,15m,return_atr,0,False,0.012323643204945304,-10.47876718044,2108,-0.012323643204945304,1168,0.00015287654447758425,940,-0.02890236736429848,-10.21351627894,2108,-0.05053448256404275,1162,-0.04316346902818738,946,-0.06124663124261852
atr_slope_3bar_pct|LOW_2P|15m|excursion_bias_atr,atr_slope_3bar_pct,LOW_2P,LOW,15m,excursion_bias_atr,0,False,0.011921614557074304,-10.47876718044,2108,-0.011921614557074304,1168,0.013679357665848036,940,-0.04099860773463697,-10.21351627894,2108,-0.06751002512215665,1162,-0.0536253508515538,946,-0.08377919865389788
atr_slope_3bar_pct|LOW_2P|15m|up_first_touch,atr_slope_3bar_pct,LOW_2P,LOW,15m,up_first_touch,0,False,0.003811243228374561,-10.47876718044,1182,-0.003811243228374561,664,0.009805007891775519,518,-0.02102543884435698,-10.21351627894,1126,-0.04456360944341564,643,-0.04402810481357866,483,-0.045271166337775226
atr_slope_3bar_pct|LOW_2P|30m|return_atr,atr_slope_3bar_pct,LOW_2P,LOW,30m,return_atr,0,False,0.01607155933066209,-10.47876718044,2108,-0.01607155933066209,1168,0.02924031945512086,940,-0.07451753762823835,-10.21351627894,2108,-0.07261602219620958,1162,-0.08606547077994604,946,-0.05952470990966265
atr_slope_3bar_pct|LOW_2P|30m|excursion_bias_atr,atr_slope_3bar_pct,LOW_2P,LOW,30m,excursion_bias_atr,0,False,0.023988160214212087,-10.47876718044,2108,-0.023988160214212087,1168,0.04009180049981964,940,-0.10054981503839153,-10.21351627894,2108,-0.09361584957186,1162,-0.06474322056172803,946,-0.12950046972017515
atr_slope_3bar_pct|LOW_2P|30m|up_first_touch,atr_slope_3bar_pct,LOW_2P,LOW,30m,up_first_touch,0,False,0.01821745152431159,-10.47876718044,1726,-0.01821745152431159,959,0.002358204718047263,767,-0.043729472704905126,-10.21351627894,1692,-0.02624256652032758,934,-0.03538607627205059,758,-0.014692188787916338
atr_slope_3bar_pct|LOW_2P|1h|return_atr,atr_slope_3bar_pct,LOW_2P,LOW,1h,return_atr,0,False,0.04444453766306077,-10.47876718044,2108,-0.04444453766306077,1168,-0.06402050065219181,940,-0.023741093346298273,-10.21351627894,2108,0.0468405403440743,1162,-0.00017412373705014833,946,0.09792567356715137
atr_slope_3bar_pct|LOW_2P|1h|excursion_bias_atr,atr_slope_3bar_pct,LOW_2P,LOW,1h,excursion_bias_atr,0,False,0.019953048320057523,-10.47876718044,2108,-0.033854011430409565,1168,-0.014463241585597131,940,-0.054756983923764095,-10.21351627894,2108,-0.019953048320057523,1162,-0.0635635524690352,946,0.03015040166440497
atr_slope_3bar_pct|LOW_2P|1h|up_first_touch,atr_slope_3bar_pct,LOW_2P,LOW,1h,up_first_touch,-1,True,0.010245089146662112,-10.47876718044,2002,-0.022860554384265486,1108,-0.00702237139033457,894,-0.04218949647514386,-10.21351627894,2014,-0.010245089146662112,1108,-0.01773529292152659,906,-0.0010434701360998444
atr_slope_3bar_pct|LOW_2P|2h|return_atr,atr_slope_3bar_pct,LOW_2P,LOW,2h,return_atr,0,False,0.09938625706068098,-10.47876718044,2107,-0.1660487588722312,1168,-0.1410366151225204,939,-0.20421086079713596,-10.21351627894,2108,0.09938625706068098,1162,0.06837906523574268,946,0.12354191128183328
atr_slope_3bar_pct|LOW_2P|2h|excursion_bias_atr,atr_slope_3bar_pct,LOW_2P,LOW,2h,excursion_bias_atr,0,False,0.15863117406983532,-10.47876718044,2107,-0.16836018523570856,1168,-0.09492214916335898,939,-0.2598699855872829,-10.21351627894,2108,0.15863117406983532,1162,0.14754335598639956,946,0.16166742071289708
atr_slope_3bar_pct|LOW_2P|2h|up_first_touch,atr_slope_3bar_pct,LOW_2P,LOW,2h,up_first_touch,0,False,0.00589723526471575,-10.47876718044,2088,-0.020424953042040006,1155,-0.00648438727736933,933,-0.037360517793886217,-10.21351627894,2097,-0.00589723526471575,1157,-0.014153341000647468,940,0.004398113058821429
atr_slope_3bar_pct|LOW_2P|4h|return_atr,atr_slope_3bar_pct,LOW_2P,LOW,4h,return_atr,0,False,0.024144421784429243,-10.47876718044,2105,-0.024144421784429243,1168,0.06664991379946533,937,-0.14874541586450574,-10.21351627894,2108,0.15012872502170774,1162,0.06512467356941523,946,0.22726280959246264
atr_slope_3bar_pct|LOW_2P|4h|excursion_bias_atr,atr_slope_3bar_pct,LOW_2P,LOW,4h,excursion_bias_atr,0,False,0.10121714041663893,-10.47876718044,2105,-0.10121714041663893,1168,0.023532326137147216,937,-0.26325432282244166,-10.21351627894,2108,0.12286707033620287,1162,-0.021106490018752116,946,0.27568568775405405
atr_slope_3bar_pct|LOW_2P|4h|up_first_touch,atr_slope_3bar_pct,LOW_2P,LOW,4h,up_first_touch,0,False,0.005193328691167454,-10.47876718044,2099,-0.02196470259294986,1165,-0.008897615893221023,934,-0.037913395872261446,-10.21351627894,2105,-0.005193328691167454,1161,-0.012442035413273655,944,0.003904434131314971
atr_slope_3bar_pct|HIGH_2P|15m|return_atr,atr_slope_3bar_pct,HIGH_2P,HIGH,15m,return_atr,1,True,0.03439805444724758,27.102616653059993,2108,0.06871408924589448,1102,0.09961321395975958,1006,0.03441451070920715,25.971407122739965,2108,0.03439805444724758,1050,0.06046509908565227,1058,0.008503760336280825
atr_slope_3bar_pct|HIGH_2P|15m|excursion_bias_atr,atr_slope_3bar_pct,HIGH_2P,HIGH,15m,excursion_bias_atr,0,False,0.005096544605701688,27.102616653059993,2108,-0.005096544605701688,1102,0.015362580245911885,1006,-0.026360142493287022,25.971407122739965,2108,-0.05571247986063332,1050,-0.04233049256276673,1058,-0.06898173876443345
atr_slope_3bar_pct|HIGH_2P|15m|up_first_touch,atr_slope_3bar_pct,HIGH_2P,HIGH,15m,up_first_touch,0,False,0.004671231995217351,27.102616653059993,1750,0.004671231995217351,915,0.01634921751716234,835,-0.008039056396896671,25.971407122739965,1726,-0.005453273118192159,836,-0.0059236006576707245,890,-0.00501248348016714
atr_slope_3bar_pct|HIGH_2P|30m|return_atr,atr_slope_3bar_pct,HIGH_2P,HIGH,30m,return_atr,1,True,0.024149015371928886,27.102616653059993,2108,0.030718422372992993,1102,0.02308416557856774,1006,0.03818134394273154,25.971407122739965,2108,0.024149015371928886,1050,0.014945704405958441,1058,0.0332331618356302
atr_slope_3bar_pct|HIGH_2P|30m|excursion_bias_atr,atr_slope_3bar_pct,HIGH_2P,HIGH,30m,excursion_bias_atr,-1,True,0.0376690205459838,27.102616653059993,2108,-0.0376690205459838,1102,-0.05185198264614611,1006,-0.020847581729514453,25.971407122739965,2108,-0.08280839612612881,1050,-0.06732884696941778,1058,-0.09817696256179224
atr_slope_3bar_pct|HIGH_2P|30m|up_first_touch,atr_slope_3bar_pct,HIGH_2P,HIGH,30m,up_first_touch,0,False,0.0013840421556861049,27.102616653059993,1931,0.002837447713770702,1011,0.015243577195353686,920,-0.01070555115850752,25.971407122739965,1947,0.0013840421556861049,959,0.0027480882864094336,988,3.600067294912135e-05
atr_slope_3bar_pct|HIGH_2P|1h|return_atr,atr_slope_3bar_pct,HIGH_2P,HIGH,1h,return_atr,0,False,0.026475197147357233,27.102616653059993,2108,-0.026475197147357233,1102,-0.09995394250115242,1006,0.05249640411945213,25.971407122739965,2108,-0.04725534088805346,1050,-0.04016586218018846,1058,-0.054384486038071986
atr_slope_3bar_pct|HIGH_2P|1h|excursion_bias_atr,atr_slope_3bar_pct,HIGH_2P,HIGH,1h,excursion_bias_atr,-1,True,0.15673766909183814,27.102616653059993,2108,-0.15673766909183814,1102,-0.21963059753137365,1006,-0.08650424776790888,25.971407122739965,2108,-0.2503923463073387,1050,-0.3221945277862406,1058,-0.17918158264953044
atr_slope_3bar_pct|HIGH_2P|1h|up_first_touch,atr_slope_3bar_pct,HIGH_2P,HIGH,1h,up_first_touch,0,False,0.0023648430384413666,27.102616653059993,2007,0.0023648430384413666,1051,0.01570138834338991,956,-0.012163661761151023,25.971407122739965,2027,0.0034172909661054907,1005,0.0033353466603474047,1022,0.0034968200795962856
atr_slope_3bar_pct|HIGH_2P|2h|return_atr,atr_slope_3bar_pct,HIGH_2P,HIGH,2h,return_atr,0,False,0.06154359633959358,27.102616653059993,2108,-0.06154359633959358,1102,0.0005179708017701568,1006,-0.13246633700812754,25.971407122739965,2108,-0.1598334568578315,1050,-0.125168971945805,1058,-0.19441793100949978
atr_slope_3bar_pct|HIGH_2P|2h|excursion_bias_atr,atr_slope_3bar_pct,HIGH_2P,HIGH,2h,excursion_bias_atr,-1,True,0.22741947130182974,27.102616653059993,2108,-0.22741947130182974,1102,-0.24439270127951915,1006,-0.20889404004586737,25.971407122739965,2108,-0.33340051801227133,1050,-0.3780325144696065,1058,-0.28924434116724684
atr_slope_3bar_pct|HIGH_2P|2h|up_first_touch,atr_slope_3bar_pct,HIGH_2P,HIGH,2h,up_first_touch,0,False,0.00290016144496269,27.102616653059993,2018,0.003042479908151541,1056,0.017595699302717316,962,-0.012792417663085143,25.971407122739965,2044,0.00290016144496269,1015,0.0019661458666115905,1029,0.003820191920761329
atr_slope_3bar_pct|HIGH_2P|4h|return_atr,atr_slope_3bar_pct,HIGH_2P,HIGH,4h,return_atr,0,False,0.10188667696256894,27.102616653059993,2108,-0.10188667696256894,1102,0.09156815356318665,1006,-0.3185031619014611,25.971407122739965,2108,-0.10255233278875765,1050,-0.008067426784469589,1058,-0.196628760699303
atr_slope_3bar_pct|HIGH_2P|4h|excursion_bias_atr,atr_slope_3bar_pct,HIGH_2P,HIGH,4h,excursion_bias_atr,-1,True,0.23923284139096543,27.102616653059993,2108,-0.23923284139096543,1102,-0.014643599415023217,1006,-0.4879425171260137,25.971407122739965,2108,-0.3524064437794017,1050,-0.272403254482065,1058,-0.43207419928339863
atr_slope_3bar_pct|HIGH_2P|4h|up_first_touch,atr_slope_3bar_pct,HIGH_2P,HIGH,4h,up_first_touch,0,False,0.0030472078405899272,27.102616653059993,2020,0.0030472078405899272,1056,0.01766468089439771,964,-0.012821656421187655,25.971407122739965,2048,0.003106988633654384,1015,0.001890776032609176,1033,0.004297193413970335
atr_slope_3bar_pct|HIGH_1P|15m|return_atr,atr_slope_3bar_pct,HIGH_1P,HIGH,15m,return_atr,0,False,0.010515209096782975,36.73073727978008,1054,0.09992196744453488,550,0.08140608465209342,504,0.11969360018618722,34.38144270535007,1054,0.010515209096782975,527,-0.0015884709427543744,527,0.022542165600254502
atr_slope_3bar_pct|HIGH_1P|15m|excursion_bias_atr,atr_slope_3bar_pct,HIGH_1P,HIGH,15m,excursion_bias_atr,0,False,0.018204781226617634,36.73073727978008,1054,0.018204781226617634,550,-0.0629917232749084,504,0.10791515698507192,34.38144270535007,1054,-0.09701200943861296,527,-0.14838594491757218,527,-0.0456017143977813
atr_slope_3bar_pct|HIGH_1P|15m|up_first_touch,atr_slope_3bar_pct,HIGH_1P,HIGH,15m,up_first_touch,0,False,0.005769094762371529,36.73073727978008,889,0.005769094762371529,472,-0.006812308832749692,417,0.02012619583245756,34.38144270535007,862,-0.01939186213347094,425,-0.03390277318792684,437,-0.005279883783563644
atr_slope_3bar_pct|HIGH_1P|30m|return_atr,atr_slope_3bar_pct,HIGH_1P,HIGH,30m,return_atr,0,False,0.04104503917318947,36.73073727978008,1054,0.052443953604086914,550,-0.07605255180720885,504,0.19180360750637662,34.38144270535007,1054,0.04104503917318947,527,-0.008197159365965854,527,0.09012933530537823
atr_slope_3bar_pct|HIGH_1P|30m|excursion_bias_atr,atr_slope_3bar_pct,HIGH_1P,HIGH,30m,excursion_bias_atr,0,False,0.027670174395461225,36.73073727978008,1054,-0.027670174395461225,550,-0.21672707745672617,504,0.17987676559534888,34.38144270535007,1054,-0.08285712413412541,527,-0.14552502067889211,527,-0.020208545357008667
atr_slope_3bar_pct|HIGH_1P|30m|up_first_touch,atr_slope_3bar_pct,HIGH_1P,HIGH,30m,up_first_touch,0,False,0.0025755811867661516,36.73073727978008,971,0.0025755811867661516,510,-0.0088851247305205,461,0.015350753660883176,34.38144270535007,965,-0.004617485370386976,478,-0.02184822673839415,487,0.012283587734110202
atr_slope_3bar_pct|HIGH_1P|1h|return_atr,atr_slope_3bar_pct,HIGH_1P,HIGH,1h,return_atr,0,False,0.018959802944522965,36.73073727978008,1054,-0.018959802944522965,550,-0.21465537729742562,504,0.1931372345415842,34.38144270535007,1054,-0.07394359807229886,527,0.02250812784477104,527,-0.17069923231888545
atr_slope_3bar_pct|HIGH_1P|1h|excursion_bias_atr,atr_slope_3bar_pct,HIGH_1P,HIGH,1h,excursion_bias_atr,0,False,0.18524020755912268,36.73073727978008,1054,-0.18524020755912268,550,-0.5059218413358572,504,0.16599642607638834,34.38144270535007,1054,-0.28675675796321903,527,-0.308700772902072,527,-0.26497073680363425
atr_slope_3bar_pct|HIGH_1P|1h|up_first_touch,atr_slope_3bar_pct,HIGH_1P,HIGH,1h,up_first_touch,0,False,0.002113470589759525,36.73073727978008,999,0.002113470589759525,520,-0.005807431095971927,479,0.010829236623733862,34.38144270535007,1000,-0.006349359255897469,499,-0.024230232258684647,501,0.01146132160492136
atr_slope_3bar_pct|HIGH_1P|2h|return_atr,atr_slope_3bar_pct,HIGH_1P,HIGH,2h,return_atr,0,False,0.09258263590952029,36.73073727978008,1054,-0.09258263590952029,550,-0.19783457184176906,504,0.019451974509237815,34.38144270535007,1054,-0.2099355027186342,527,-0.03256402467729597,527,-0.38792981382340286
atr_slope_3bar_pct|HIGH_1P|2h|excursion_bias_atr,atr_slope_3bar_pct,HIGH_1P,HIGH,2h,excursion_bias_atr,0,False,0.2566172396464646,36.73073727978008,1054,-0.2566172396464646,550,-0.5314576846599979,504,0.0432429837436675,34.38144270535007,1054,-0.4265177986455355,527,-0.3506052944083329,527,-0.5029034496399617
atr_slope_3bar_pct|HIGH_1P|2h|up_first_touch,atr_slope_3bar_pct,HIGH_1P,HIGH,2h,up_first_touch,0,False,0.0010464719241196074,36.73073727978008,1002,0.0010464719241196074,521,-0.0062184983358565815,481,0.009037104166436716,34.38144270535007,1011,-0.006507121650381864,503,-0.02638590929013268,508,0.01317680295662671
atr_slope_3bar_pct|HIGH_1P|4h|return_atr,atr_slope_3bar_pct,HIGH_1P,HIGH,4h,return_atr,0,False,0.07958137467011668,36.73073727978008,1054,-0.18185246656409873,550,-0.20873262547222043,504,-0.15703475495532385,34.38144270535007,1054,0.07958137467011668,527,0.35250859895301545,527,-0.19451642491282103
atr_slope_3bar_pct|HIGH_1P|4h|excursion_bias_atr,atr_slope_3bar_pct,HIGH_1P,HIGH,4h,excursion_bias_atr,0,False,0.2544730338200974,36.73073727978008,1054,-0.2967053074449887,550,-0.38395725994421515,504,-0.20407255853608927,34.38144270535007,1054,-0.2544730338200974,527,8.325260669198031e-05,527,-0.5100604110642792
atr_slope_3bar_pct|HIGH_1P|4h|up_first_touch,atr_slope_3bar_pct,HIGH_1P,HIGH,4h,up_first_touch,0,False,0.0015516943809688044,36.73073727978008,1003,0.0015516943809688044,521,-0.006149516744176187,482,0.009999920342297797,34.38144270535007,1013,-0.005782815012693121,503,-0.026461279124135095,510,0.014609817979769513
range_atr|LOW_1P|15m|return_atr,range_atr,LOW_1P,LOW,15m,return_atr,0,False,0.005597851568969817,0.302551517817,1054,0.005597851568969817,611,-0.03993692759021524,443,0.06674507645789832,0.335058976003,1054,-0.04443383387733016,623,-0.07277377553749637,431,-0.0066311819972198205
range_atr|LOW_1P|15m|excursion_bias_atr,range_atr,LOW_1P,LOW,15m,excursion_bias_atr,0,False,0.008869900226155983,0.302551517817,1054,-0.008869900226155983,611,-0.06459963279725221,443,0.07220103344979895,0.335058976003,1054,-0.03412009814184518,623,-0.054497959624304856,431,-0.0031658919960052406
range_atr|LOW_1P|15m|up_first_touch,range_atr,LOW_1P,LOW,15m,up_first_touch,0,False,0.00016152891854015472,0.302551517817,682,0.0073557732604038195,403,5.882713898774927e-05,279,0.018269616579730696,0.335058976003,614,-0.00016152891854015472,375,-0.015706694756554285,239,0.02423860955730167
range_atr|LOW_1P|30m|return_atr,range_atr,LOW_1P,LOW,30m,return_atr,0,False,0.017174831779139622,0.302551517817,1054,-0.017174831779139622,611,-0.06346538244638228,443,0.04337164323678759,0.335058976003,1054,-0.03563623866896731,623,-0.0708577978622257,431,0.00873570299797559
range_atr|LOW_1P|30m|excursion_bias_atr,range_atr,LOW_1P,LOW,30m,excursion_bias_atr,0,False,0.027132854284421484,0.302551517817,1054,-0.04203751271846406,611,-0.12587055027561977,443,0.07829880715569786,0.335058976003,1054,-0.027132854284421484,623,-0.07272577737684625,431,0.037970506638451584
range_atr|LOW_1P|30m|up_first_touch,range_atr,LOW_1P,LOW,30m,up_first_touch,0,False,8.036058377680622e-06,0.302551517817,922,-0.007700740158270214,537,-0.009224701902171284,385,-0.005242535912883595,0.335058976003,877,-8.036058377680622e-06,528,-0.019074675324675328,349,0.029452030277487218
range_atr|LOW_1P|1h|return_atr,range_atr,LOW_1P,LOW,1h,return_atr,0,False,0.06329174980339616,0.302551517817,1054,0.06329174980339616,611,-0.07058679418926857,443,0.2423681877910506,0.335058976003,1054,-0.07127903189974033,623,-0.10360191734937632,431,-0.03727039372551786
range_atr|LOW_1P|1h|excursion_bias_atr,range_atr,LOW_1P,LOW,1h,excursion_bias_atr,0,False,0.044724949828774806,0.302551517817,1054,0.044724949828774806,611,-0.08528306622477708,443,0.2289481101086907,0.335058976003,1054,-0.0815132042027109,623,-0.14783064836025286,431,0.007737739689161874
range_atr|LOW_1P|1h|up_first_touch,range_atr,LOW_1P,LOW,1h,up_first_touch,0,False,0.003161067755026059,0.302551517817,1019,-0.005727540195314074,593,-0.010525941927467586,426,0.0014346645986816342,0.335058976003,1007,0.003161067755026059,597,-0.014435097600759117,410,0.028865537563248667
range_atr|LOW_1P|2h|return_atr,range_atr,LOW_1P,LOW,2h,return_atr,0,False,0.035463624883315385,0.302551517817,1053,0.07341686098810059,611,-0.19714865427233316,442,0.43654871342220547,0.335058976003,1054,-0.035463624883315385,623,-0.03320367653955066,431,-0.0653184233497859
range_atr|LOW_1P|2h|excursion_bias_atr,range_atr,LOW_1P,LOW,2h,excursion_bias_atr,0,False,0.0005177144645209519,0.302551517817,1053,0.10327950332857938,611,-0.2661249051772117,442,0.6136767177136925,0.335058976003,1054,0.0005177144645209519,623,-0.05553492245545258,431,0.061342290718388814
range_atr|LOW_1P|2h|up_first_touch,range_atr,LOW_1P,LOW,2h,up_first_touch,0,False,0.006730346052791991,0.302551517817,1048,-0.007453703297955305,608,-0.01539871856012165,440,0.004033324162656726,0.335058976003,1052,0.006730346052791991,622,-0.008432536280601421,430,0.028915678620424545
range_atr|LOW_1P|4h|return_atr,range_atr,LOW_1P,LOW,4h,return_atr,0,False,0.15646587221863695,0.302551517817,1052,0.42374683772405575,611,-0.0004225324609993808,441,0.9938234077824122,0.335058976003,1054,0.15646587221863695,623,0.12441818890315567,431,0.15068157275039967
range_atr|LOW_1P|4h|excursion_bias_atr,range_atr,LOW_1P,LOW,4h,excursion_bias_atr,0,False,0.15081050103703825,0.302551517817,1052,0.5173579635275375,611,-0.02596886914398036,441,1.2600619681399716,0.335058976003,1054,0.15081050103703825,623,-0.09013776116600097,431,0.4531960848876274
range_atr|LOW_1P|4h|up_first_touch,range_atr,LOW_1P,LOW,4h,up_first_touch,0,False,0.006919106540824338,0.302551517817,1049,-0.006962325047875251,609,-0.01447631029831764,440,0.00397389242830315,0.335058976003,1053,0.006919106540824338,623,-0.007684693054677061,430,0.0284265074462538
range_atr|LOW_2P|15m|return_atr,range_atr,LOW_2P,LOW,15m,return_atr,0,False,0.0011463415556758356,0.355018479602,2108,0.0011463415556758356,1189,-0.022679341132228324,919,0.03067857264338377,0.38097894912,2108,-0.025540556062529772,1200,-0.052585110245577396,908,0.007897150075137709
range_atr|LOW_2P|15m|excursion_bias_atr,range_atr,LOW_2P,LOW,15m,excursion_bias_atr,0,False,0.0007283014694242015,0.355018479602,2108,0.00849868315476198,1189,-0.029810703893644094,919,0.061349153564579914,0.38097894912,2108,-0.0007283014694242015,1200,-0.034314280301525626,908,0.0447503264808391
range_atr|LOW_2P|15m|up_first_touch,range_atr,LOW_2P,LOW,15m,up_first_touch,0,False,0.0055454174017373625,0.355018479602,1315,0.016264931071806155,754,0.00908595129403178,561,0.026204755444660832,0.38097894912,1230,0.0055454174017373625,708,-0.008734943344124946,522,0.02491992859095088
range_atr|LOW_2P|30m|return_atr,range_atr,LOW_2P,LOW,30m,return_atr,0,False,0.008202334422147482,0.355018479602,2108,0.008202334422147482,1189,-0.021641484542955752,919,0.044237450138211315,0.38097894912,2108,0.01671135212164307,1200,-0.06475618011822315,908,0.11961262396585842
range_atr|LOW_2P|30m|excursion_bias_atr,range_atr,LOW_2P,LOW,30m,excursion_bias_atr,0,False,0.018629383596316676,0.355018479602,2108,0.018629383596316676,1189,-0.03811251111556665,919,0.09572162804023114,0.38097894912,2108,0.02224598992338729,1200,-0.060419040197409124,908,0.1309119700925358
range_atr|LOW_2P|30m|up_first_touch,range_atr,LOW_2P,LOW,30m,up_first_touch,0,False,0.003452031034008929,0.355018479602,1814,-0.003452031034008929,1028,-0.0019842320777395117,786,-0.005110352574593358,0.38097894912,1743,0.00425531151664299,997,-0.009109172756364359,746,0.022523002876333464
range_atr|LOW_2P|1h|return_atr,range_atr,LOW_2P,LOW,1h,return_atr,0,False,0.027539556095501357,0.355018479602,2108,0.05138110222720867,1189,-0.07090267586427518,919,0.2052388016318203,0.38097894912,2108,0.027539556095501357,1200,-0.08016840778678633,908,0.16062271326944738
range_atr|LOW_2P|1h|excursion_bias_atr,range_atr,LOW_2P,LOW,1h,excursion_bias_atr,0,False,0.05980351083767858,0.355018479602,2108,0.08821595065822832,1189,-0.055898837764636375,919,0.27850757488413597,0.38097894912,2108,0.05980351083767858,1200,-0.0828281138700675,908,0.24348830216928666
range_atr|LOW_2P|1h|up_first_touch,range_atr,LOW_2P,LOW,1h,up_first_touch,0,False,0.006494842302157522,0.355018479602,2031,-0.006494842302157522,1144,-0.00842980871834953,887,-0.003638616122851601,0.38097894912,2028,0.013033283742130142,1156,-0.002092531251133234,872,0.033145018431451845
range_atr|LOW_2P|2h|return_atr,range_atr,LOW_2P,LOW,2h,return_atr,0,False,0.06881810909259907,0.355018479602,2107,0.06881810909259907,1189,-0.14118414013401678,918,0.3323428058016983,0.38097894912,2108,0.12595040919865036,1200,0.06713954034426865,908,0.18430703899458578
range_atr|LOW_2P|2h|excursion_bias_atr,range_atr,LOW_2P,LOW,2h,excursion_bias_atr,0,False,0.09464984366604029,0.355018479602,2107,0.09464984366604029,1189,-0.19754518290076414,918,0.4729082663461472,0.38097894912,2108,0.20730928988256203,1200,0.09985638876882849,908,0.33460503741603165
range_atr|LOW_2P|2h|up_first_touch,range_atr,LOW_2P,LOW,2h,up_first_touch,0,False,0.006995761009630508,0.355018479602,2092,-0.006995761009630508,1181,-0.008786347242326742,911,-0.004276724734658954,0.38097894912,2096,0.015329016705565301,1193,0.001495419668221143,903,0.033788325353536375
range_atr|LOW_2P|4h|return_atr,range_atr,LOW_2P,LOW,4h,return_atr,1,True,0.1259232000451025,0.355018479602,2106,0.3116191340633313,1189,0.013440415239111547,917,0.6845921663207655,0.38097894912,2108,0.1259232000451025,1200,0.011369198315945461,908,0.23937386893078946
range_atr|LOW_2P|4h|excursion_bias_atr,range_atr,LOW_2P,LOW,4h,excursion_bias_atr,0,False,0.20829971539125522,0.355018479602,2106,0.37475114560412176,1189,-0.050521901625893484,917,0.918360986434987,0.38097894912,2108,0.20829971539125522,1200,-0.05925006401472521,908,0.5284686087912623
range_atr|LOW_2P|4h|up_first_touch,range_atr,LOW_2P,LOW,4h,up_first_touch,0,False,0.007205534171808747,0.355018479602,2097,-0.007205534171808747,1184,-0.009106408376691577,913,-0.004322931229966354,0.38097894912,2102,0.015012967314672443,1196,0.001845469015787915,906,0.03264643660072791
range_atr|HIGH_2P|15m|return_atr,range_atr,HIGH_2P,HIGH,15m,return_atr,1,True,0.04142573777581762,2.341473085634,2108,0.04142573777581762,1107,0.06329700574120337,1001,0.0167421988410211,2.3172388950119998,2108,0.04452582163280233,1104,0.024557120666947554,1004,0.0657168827982386
range_atr|HIGH_2P|15m|excursion_bias_atr,range_atr,HIGH_2P,HIGH,15m,excursion_bias_atr,0,False,0.0012796493476376347,2.341473085634,2108,-0.0012796493476376347,1107,-0.03851513010029188,1001,0.041159545509071555,2.3172388950119998,2108,-0.04178111712006898,1104,-0.09982695435713361,1004,0.022409450841941993
range_atr|HIGH_2P|15m|up_first_touch,range_atr,HIGH_2P,HIGH,15m,up_first_touch,0,False,0.004288329200603291,2.341473085634,1792,0.020814089138074587,947,0.029652083628725512,845,0.011016323966636654,2.3172388950119998,1785,0.004288329200603291,912,-0.0013382737039226988,873,0.010166995779006316
range_atr|HIGH_2P|30m|return_atr,range_atr,HIGH_2P,HIGH,30m,return_atr,0,False,0.030887700340749252,2.341473085634,2108,0.03917016091163191,1107,0.047466324588704964,1001,0.02900715116909834,2.3172388950119998,2108,0.030887700340749252,1104,-0.015046521365948121,1004,0.079812209166823
range_atr|HIGH_2P|30m|excursion_bias_atr,range_atr,HIGH_2P,HIGH,30m,excursion_bias_atr,0,False,0.01738875475966204,2.341473085634,2108,-0.01738875475966204,1107,-0.045113656350301755,1001,0.01468343500551189,2.3172388950119998,2108,-0.054356477870253134,1104,-0.11505185919317583,1004,0.012190371626168803
range_atr|HIGH_2P|30m|up_first_touch,range_atr,HIGH_2P,HIGH,30m,up_first_touch,1,True,0.0057510485631898645,2.341473085634,1945,0.017227743243745097,1030,0.031034920957657752,915,0.0017974186680545512,2.3172388950119998,1952,0.0057510485631898645,1011,0.006945916348735315,941,0.004565379789833179
range_atr|HIGH_2P|1h|return_atr,range_atr,HIGH_2P,HIGH,1h,return_atr,0,False,0.03635279834713077,2.341473085634,2108,0.03635279834713077,1107,0.047132669297390836,1001,0.022762853386493635,2.3172388950119998,2108,-0.06514636788863229,1104,-0.11374422952150767,1004,-0.01478654299792482
range_atr|HIGH_2P|1h|excursion_bias_atr,range_atr,HIGH_2P,HIGH,1h,excursion_bias_atr,-1,True,0.05111199228410631,2.341473085634,2108,-0.05111199228410631,1107,-0.0805560907718893,1001,-0.017079380255360647,2.3172388950119998,2108,-0.2001010869605071,1104,-0.3219697132372275,1004,-0.06769456060554431
range_atr|HIGH_2P|1h|up_first_touch,range_atr,HIGH_2P,HIGH,1h,up_first_touch,0,False,0.0005654546359272761,2.341473085634,1997,0.016885378200926004,1059,0.030720134822528833,938,0.0014346645986816342,2.3172388950119998,2013,-0.0005654546359272761,1049,-0.0032750712216439437,964,0.00240060486412913
range_atr|HIGH_2P|2h|return_atr,range_atr,HIGH_2P,HIGH,2h,return_atr,0,False,0.045131377013478705,2.341473085634,2108,0.045131377013478705,1107,0.08232024902067492,1001,0.0007757514558149742,2.3172388950119998,2108,-0.07468653496266756,1104,-0.0944215478268969,1004,-0.0594141557514959
range_atr|HIGH_2P|2h|excursion_bias_atr,range_atr,HIGH_2P,HIGH,2h,excursion_bias_atr,-1,True,0.08229942388245055,2.341473085634,2108,-0.08229942388245055,1107,-0.10414264237412874,1001,-0.05821730685681046,2.3172388950119998,2108,-0.2287396048302525,1104,-0.3648761763207963,1004,-0.08392697092174647
range_atr|HIGH_2P|2h|up_first_touch,range_atr,HIGH_2P,HIGH,2h,up_first_touch,0,False,0.001170609423024882,2.341473085634,2006,0.01799761450436288,1063,0.03114903605690067,943,0.003351264970523238,2.3172388950119998,2031,0.001170609423024882,1059,-0.0017086658574332891,972,0.004363089855949465
range_atr|HIGH_2P|4h|return_atr,range_atr,HIGH_2P,HIGH,4h,return_atr,0,False,0.003082300928947141,2.341473085634,2108,0.05323443714795836,1107,0.13031064848277513,1001,-0.037170082668643425,2.3172388950119998,2108,0.003082300928947141,1104,-0.029593052871422706,1004,0.02645266194693379
range_atr|HIGH_2P|4h|excursion_bias_atr,range_atr,HIGH_2P,HIGH,4h,excursion_bias_atr,-1,True,0.09663705235698072,2.341473085634,2108,-0.09663705235698072,1107,-0.0206101840153102,1001,-0.18366948301999556,2.3172388950119998,2108,-0.20881362141561294,1104,-0.32567041884924336,1004,-0.09138063322947498
range_atr|HIGH_2P|4h|up_first_touch,range_atr,HIGH_2P,HIGH,4h,up_first_touch,0,False,0.0006425139781425782,2.341473085634,2008,0.017987446884414615,1065,0.031167668517103564,943,0.003291833236169661,2.3172388950119998,2032,0.0006425139781425782,1059,-0.0017840356914357036,973,0.003358986712010681
range_atr|HIGH_1P|15m|return_atr,range_atr,HIGH_1P,HIGH,15m,return_atr,1,True,0.02995679397872479,2.756326794208996,1054,0.0670865016975245,568,0.10795016611778091,486,0.018565366366431114,2.7163492974839953,1054,0.02995679397872479,554,0.04274933969060097,500,0.014957932565825022
range_atr|HIGH_1P|15m|excursion_bias_atr,range_atr,HIGH_1P,HIGH,15m,excursion_bias_atr,0,False,0.003799745913173681,2.756326794208996,1054,-0.003799745913173681,568,0.00016046147696297322,486,-0.006490271021524674,2.7163492974839953,1054,-0.06506598685156054,554,-0.05442628439946469,500,-0.07646393900866921
range_atr|HIGH_1P|15m|up_first_touch,range_atr,HIGH_1P,HIGH,15m,up_first_touch,0,False,0.021238365028888095,2.756326794208996,912,0.022693788386194846,496,0.04611962118365276,416,-0.005070954139872241,2.7163492974839953,903,0.021238365028888095,460,0.020496203794170387,443,0.02200960797999979
range_atr|HIGH_1P|30m|return_atr,range_atr,HIGH_1P,HIGH,30m,return_atr,0,False,0.033996647122013925,2.756326794208996,1054,0.033996647122013925,568,0.07671215885753142,486,-0.01744546542876077,2.7163492974839953,1054,0.05491182960284114,554,0.07667063562504982,500,0.02909791904614816
range_atr|HIGH_1P|30m|excursion_bias_atr,range_atr,HIGH_1P,HIGH,30m,excursion_bias_atr,-1,True,0.049523443346801824,2.756326794208996,1054,-0.049523443346801824,568,-0.007750994318275743,486,-0.09617406131332307,2.7163492974839953,1054,-0.05386861870862415,554,-0.0035414993176143134,500,-0.10983967533268106
range_atr|HIGH_1P|30m|up_first_touch,range_atr,HIGH_1P,HIGH,30m,up_first_touch,0,False,0.017556515896658853,2.756326794208996,968,0.017556515896658853,528,0.04644018721243853,440,-0.016930847601195287,2.7163492974839953,971,0.023256134582335275,502,0.029352826788085706,469,0.016823808309146426
range_atr|HIGH_1P|1h|return_atr,range_atr,HIGH_1P,HIGH,1h,return_atr,0,False,0.0001582296594053803,2.756326794208996,1054,0.0001582296594053803,568,0.048671261075919806,486,-0.05910620938412155,2.7163492974839953,1054,-0.006843932602049248,554,0.013211918949504721,500,-0.032378227627444106
range_atr|HIGH_1P|1h|excursion_bias_atr,range_atr,HIGH_1P,HIGH,1h,excursion_bias_atr,-1,True,0.15162621157001305,2.756326794208996,1054,-0.15162621157001305,568,-0.08209152078614726,486,-0.23063150609322958,2.7163492974839953,1054,-0.17382317723749469,554,-0.16611064167724832,500,-0.18409070042782705
range_atr|HIGH_1P|1h|up_first_touch,range_atr,HIGH_1P,HIGH,1h,up_first_touch,0,False,0.016674688840294938,2.756326794208996,981,0.018414174963858387,535,0.047733187164272495,446,-0.016502555132260066,2.7163492974839953,998,0.016674688840294938,522,0.022069263284125118,476,0.01077781466921296
range_atr|HIGH_1P|2h|return_atr,range_atr,HIGH_1P,HIGH,2h,return_atr,0,False,0.016484741151328593,2.756326794208996,1054,-0.037642467811607586,568,0.03869292270897168,486,-0.1318262415193153,2.7163492974839953,1054,-0.016484741151328593,554,0.041583631076787225,500,-0.08774228460819365
range_atr|HIGH_1P|2h|excursion_bias_atr,range_atr,HIGH_1P,HIGH,2h,excursion_bias_atr,-1,True,0.17748601164366087,2.756326794208996,1054,-0.19084519890335008,568,-0.12300905122360299,486,-0.2702410946635487,2.7163492974839953,1054,-0.17748601164366087,554,-0.18162491213201412,500,-0.17815533588792806
range_atr|HIGH_1P|2h|up_first_touch,range_atr,HIGH_1P,HIGH,2h,up_first_touch,0,False,0.018306495722693383,2.756326794208996,984,0.020318902672379235,537,0.04996195967177097,447,-0.01501792660000345,2.7163492974839953,1005,0.018306495722693383,526,0.02344060689791022,479,0.012728855296639585
range_atr|HIGH_1P|4h|return_atr,range_atr,HIGH_1P,HIGH,4h,return_atr,0,False,0.010113607449866575,2.756326794208996,1054,0.0648600402678782,568,0.2311737220418696,486,-0.1374763465694739,2.7163492974839953,1054,0.010113607449866575,554,0.08481859576848266,500,-0.08617934468209543
range_atr|HIGH_1P|4h|excursion_bias_atr,range_atr,HIGH_1P,HIGH,4h,excursion_bias_atr,0,False,0.14348114970171355,2.756326794208996,1054,-0.14348114970171355,568,0.06036022200577846,486,-0.3862688824203732,2.7163492974839953,1054,-0.21155819769972734,554,-0.1439830284373247,500,-0.29834030263082134
range_atr|HIGH_1P|4h|up_first_touch,range_atr,HIGH_1P,HIGH,4h,up_first_touch,0,False,0.017511770877690125,2.756326794208996,984,0.020323630604817622,537,0.05003094126345137,447,-0.015077358334357027,2.7163492974839953,1006,0.017511770877690125,526,0.023365237063907807,480,0.011178445430749917
mark_index_bps_change_15m|LOW_1P|15m|return_atr,mark_index_bps_change_15m,LOW_1P,LOW,15m,return_atr,0,False,0.024438532053172507,-2.978969789757313,1054,-0.034866662353193384,636,-0.06902457434195317,418,0.014846163652259447,-2.8954131459546506,1054,-0.024438532053172507,818,-0.05915602203226159,236,0.0787391209005933
mark_index_bps_change_15m|LOW_1P|15m|excursion_bias_atr,mark_index_bps_change_15m,LOW_1P,LOW,15m,excursion_bias_atr,0,False,0.13702340149877584,-2.978969789757313,1054,-0.13702340149877584,636,-0.23794658549389977,418,0.022274698435336315,-2.8954131459546506,1054,-0.1864962209394924,818,-0.2297057880773694,236,-0.02859684571415607
mark_index_bps_change_15m|LOW_1P|15m|up_first_touch,mark_index_bps_change_15m,LOW_1P,LOW,15m,up_first_touch,0,False,0.0010885433743896278,-2.978969789757313,754,-0.006326873347715534,452,-0.013918203538014429,302,0.005451842599811907,-2.8954131459546506,701,-0.0010885433743896278,542,-0.010668564375250489,159,0.031606836709218766
mark_index_bps_change_15m|LOW_1P|30m|return_atr,mark_index_bps_change_15m,LOW_1P,LOW,30m,return_atr,0,False,0.012154112653145435,-2.978969789757313,1054,-0.012154112653145435,636,-0.02658490530849162,418,0.005300929777207735,-2.8954131459546506,1054,-0.043777173345682374,818,-0.09636444615859664,236,0.103007403159028
mark_index_bps_change_15m|LOW_1P|30m|excursion_bias_atr,mark_index_bps_change_15m,LOW_1P,LOW,30m,excursion_bias_atr,-1,True,0.17201211088654336,-2.978969789757313,1054,-0.17201211088654336,636,-0.2702375976773122,418,-0.016130109089132913,-2.8954131459546506,1054,-0.22239551258547155,818,-0.25903324934106925,236,-0.09974702183472449
mark_index_bps_change_15m|LOW_1P|30m|up_first_touch,mark_index_bps_change_15m,LOW_1P,LOW,30m,up_first_touch,0,False,0.0035429954405868935,-2.978969789757313,927,-0.006029966758667571,560,-0.011406133133881835,367,0.0026133684007863534,-2.8954131459546506,919,0.0035429954405868935,713,0.003934164830027342,206,0.005096729417888413
mark_index_bps_change_15m|LOW_1P|1h|return_atr,mark_index_bps_change_15m,LOW_1P,LOW,1h,return_atr,0,False,0.043370954450905254,-2.978969789757313,1054,0.043370954450905254,636,0.09124566743219535,418,-0.037077854396046044,-2.8954131459546506,1054,-0.04496341581141894,818,-0.13545828406040267,236,0.1997001033432097
mark_index_bps_change_15m|LOW_1P|1h|excursion_bias_atr,mark_index_bps_change_15m,LOW_1P,LOW,1h,excursion_bias_atr,0,False,0.17642098527570374,-2.978969789757313,1054,-0.17642098527570374,636,-0.2385180860077123,418,-0.0752349020763954,-2.8954131459546506,1054,-0.31190620925654483,818,-0.4152882952533707,236,0.010554900828847413
mark_index_bps_change_15m|LOW_1P|1h|up_first_touch,mark_index_bps_change_15m,LOW_1P,LOW,1h,up_first_touch,0,False,0.0023463463700574283,-2.978969789757313,1008,-0.0023463463700574283,605,-0.003630063009512907,403,0.00019396980959973664,-2.8954131459546506,1012,0.004650640744102541,784,0.004827883973780256,228,0.0044752936608096205
mark_index_bps_change_15m|LOW_1P|2h|return_atr,mark_index_bps_change_15m,LOW_1P,LOW,2h,return_atr,0,False,0.10075464887365644,-2.978969789757313,1054,-0.11644426553392653,636,-0.026209015885667514,418,-0.26847971903166024,-2.8954131459546506,1054,0.10075464887365644,818,0.025546542884812548,236,0.21707004980402073
mark_index_bps_change_15m|LOW_1P|2h|excursion_bias_atr,mark_index_bps_change_15m,LOW_1P,LOW,2h,excursion_bias_atr,0,False,0.27307405147642694,-2.978969789757313,1054,-0.34754112415141497,636,-0.32956522310566017,418,-0.37523061976880645,-2.8954131459546506,1054,-0.27307405147642694,818,-0.4113585459035066,236,0.09656561033850694
mark_index_bps_change_15m|LOW_1P|2h|up_first_touch,mark_index_bps_change_15m,LOW_1P,LOW,2h,up_first_touch,0,False,0.003878635026176025,-2.978969789757313,1026,-0.004754791047014151,618,-0.005370614318936151,408,-0.003141363894384297,-2.8954131459546506,1040,0.003878635026176025,808,0.003191576291427467,232,0.007644628099173545
mark_index_bps_change_15m|LOW_1P|4h|return_atr,mark_index_bps_change_15m,LOW_1P,LOW,4h,return_atr,0,False,0.22380886318221538,-2.978969789757313,1054,-0.22380886318221538,636,-0.0903112104935904,418,-0.45058673320210196,-2.8954131459546506,1054,0.24480301321117848,818,0.1141776300927522,236,0.41440713491460834
mark_index_bps_change_15m|LOW_1P|4h|excursion_bias_atr,mark_index_bps_change_15m,LOW_1P,LOW,4h,excursion_bias_atr,0,False,0.15212754567985476,-2.978969789757313,1054,-0.657521115745536,636,-0.4976321276205175,418,-0.914327127804477,-2.8954131459546506,1054,-0.15212754567985476,818,-0.41136082178096084,236,0.49698526179127733
mark_index_bps_change_15m|LOW_1P|4h|up_first_touch,mark_index_bps_change_15m,LOW_1P,LOW,4h,up_first_touch,0,False,0.003595269883654384,-2.978969789757313,1035,-0.005165352545883517,622,-0.005239197113981964,413,-0.004352103609557345,-2.8954131459546506,1042,0.003595269883654384,810,0.00311926231856674,232,0.007155456925002801
mark_index_bps_change_15m|LOW_2P|15m|return_atr,mark_index_bps_change_15m,LOW_2P,LOW,15m,return_atr,0,False,0.013471160653598463,-2.336595988897461,2108,-0.013471160653598463,1246,-0.016652004766762117,862,-0.010810175476652509,-2.3036680701364887,2108,-0.042943528129385476,1548,-0.06851516146038254,560,0.015447782155167632
mark_index_bps_change_15m|LOW_2P|15m|excursion_bias_atr,mark_index_bps_change_15m,LOW_2P,LOW,15m,excursion_bias_atr,-1,True,0.08979994204231388,-2.336595988897461,2108,-0.08979994204231388,1246,-0.12353248442638497,862,-0.03611974548748919,-2.3036680701364887,2108,-0.15375794938728968,1548,-0.17492176945662913,560,-0.0894279894742547
mark_index_bps_change_15m|LOW_2P|15m|up_first_touch,mark_index_bps_change_15m,LOW_2P,LOW,15m,up_first_touch,0,False,0.0004519985751982314,-2.336595988897461,1463,0.0005646017833240147,874,0.00034841722705719613,589,0.001291687887031212,-2.3036680701364887,1441,-0.0004519985751982314,1061,-0.0030972068520616625,380,0.006962679145498141
mark_index_bps_change_15m|LOW_2P|30m|return_atr,mark_index_bps_change_15m,LOW_2P,LOW,30m,return_atr,0,False,0.006085179771387998,-2.336595988897461,2108,-0.006085179771387998,1246,0.0019308252102438611,862,-0.02153105342679864,-2.3036680701364887,2108,-0.03333818240714653,1548,-0.08663665593693054,560,0.08856026330774212
mark_index_bps_change_15m|LOW_2P|30m|excursion_bias_atr,mark_index_bps_change_15m,LOW_2P,LOW,30m,excursion_bias_atr,-1,True,0.13428622300821288,-2.336595988897461,2108,-0.13428622300821288,1246,-0.1721386776591198,862,-0.07406067907732211,-2.3036680701364887,2108,-0.19934034575426038,1548,-0.21971668750040352,560,-0.146125879888089
mark_index_bps_change_15m|LOW_2P|30m|up_first_touch,mark_index_bps_change_15m,LOW_2P,LOW,30m,up_first_touch,0,False,0.0017395690272021813,-2.336595988897461,1842,-0.0017395690272021813,1099,-0.004854722760815389,743,0.0032698131109055173,-2.3036680701364887,1853,0.003834849311643851,1360,0.0030287114845938268,493,0.008139325766772787
mark_index_bps_change_15m|LOW_2P|1h|return_atr,mark_index_bps_change_15m,LOW_2P,LOW,1h,return_atr,0,False,0.01789921068503033,-2.336595988897461,2108,0.01789921068503033,1246,0.08248463475818384,862,-0.08197693448483538,-2.3036680701364887,2108,0.01895670911526203,1548,-0.07166600482189539,560,0.2200130300885599
mark_index_bps_change_15m|LOW_2P|1h|excursion_bias_atr,mark_index_bps_change_15m,LOW_2P,LOW,1h,excursion_bias_atr,-1,True,0.15373705011662375,-2.336595988897461,2108,-0.15373705011662375,1246,-0.1511856355511087,862,-0.15167918030485422,-2.3036680701364887,2108,-0.237529990202132,1548,-0.31706947093977883,560,-0.04336825816368374
mark_index_bps_change_15m|LOW_2P|1h|up_first_touch,mark_index_bps_change_15m,LOW_2P,LOW,1h,up_first_touch,0,False,0.00440372716385562,-2.336595988897461,2023,-0.004553601821257525,1198,-0.002035118266897784,825,-0.00765624449222746,-2.3036680701364887,2025,0.00440372716385562,1487,0.003819141539348536,538,0.006334029720289125
mark_index_bps_change_15m|LOW_2P|2h|return_atr,mark_index_bps_change_15m,LOW_2P,LOW,2h,return_atr,0,False,0.06454254722305702,-2.336595988897461,2108,-0.06454254722305702,1246,-0.04344393042946816,862,-0.10767344676385586,-2.3036680701364887,2108,0.1347689447404973,1548,0.07267887556698176,560,0.20294656815193063
mark_index_bps_change_15m|LOW_2P|2h|excursion_bias_atr,mark_index_bps_change_15m,LOW_2P,LOW,2h,excursion_bias_atr,0,False,0.19054617019085637,-2.336595988897461,2108,-0.2397862083771953,1246,-0.22491465169631328,862,-0.2615728969208658,-2.3036680701364887,2108,-0.19054617019085637,1548,-0.2930146541056351,560,0.014112904239154456
mark_index_bps_change_15m|LOW_2P|2h|up_first_touch,mark_index_bps_change_15m,LOW_2P,LOW,2h,up_first_touch,0,False,0.0002711314186724101,-2.336595988897461,2068,-0.006145140981597019,1222,-0.0005718600882463898,846,-0.013605833370117892,-2.3036680701364887,2079,0.0002711314186724101,1528,-0.00015195177865701126,551,0.002426842255253414
mark_index_bps_change_15m|LOW_2P|4h|return_atr,mark_index_bps_change_15m,LOW_2P,LOW,4h,return_atr,0,False,0.07896784751642014,-2.336595988897461,2108,-0.07896784751642014,1246,-0.0520375290631378,862,-0.13816848957603503,-2.3036680701364887,2108,0.21204587744877984,1548,0.08547536945168688,560,0.3590152662920626
mark_index_bps_change_15m|LOW_2P|4h|excursion_bias_atr,mark_index_bps_change_15m,LOW_2P,LOW,4h,excursion_bias_atr,0,False,0.08617591317913559,-2.336595988897461,2108,-0.3716225946261265,1246,-0.3198202870677266,862,-0.45809640985249467,-2.3036680701364887,2108,-0.08617591317913559,1548,-0.2844758279804945,560,0.28325230658619005
mark_index_bps_change_15m|LOW_2P|4h|up_first_touch,mark_index_bps_change_15m,LOW_2P,LOW,4h,up_first_touch,0,False,0.00024350170943582272,-2.336595988897461,2079,-0.00681330201991992,1227,-0.0008903683758105241,852,-0.014730759727053289,-2.3036680701364887,2084,-0.00024350170943582272,1532,-0.00021536038072089703,552,0.0010335178945180545
mark_index_bps_change_15m|HIGH_2P|15m|return_atr,mark_index_bps_change_15m,HIGH_2P,HIGH,15m,return_atr,0,False,0.003121049972594589,2.30422813196962,2108,0.003121049972594589,1228,-0.02035996091352833,880,0.034163091531504,2.289406170451257,2108,-0.0034939918404321155,1567,0.018962459437370533,541,-0.08175044332295267
mark_index_bps_change_15m|HIGH_2P|15m|excursion_bias_atr,mark_index_bps_change_15m,HIGH_2P,HIGH,15m,excursion_bias_atr,0,False,0.005353352322354982,2.30422813196962,2108,0.006334209674160031,1228,-0.020095101690164072,880,0.047596624772545205,2.289406170451257,2108,-0.005353352322354982,1567,0.024179811868047515,541,-0.08463477761430849
mark_index_bps_change_15m|HIGH_2P|15m|up_first_touch,mark_index_bps_change_15m,HIGH_2P,HIGH,15m,up_first_touch,-1,True,0.013865365353602443,2.30422813196962,1452,-0.028034789256258408,833,-0.0316332541600331,619,-0.022899803400466268,2.289406170451257,1427,-0.013865365353602443,1053,-0.0012945390110652433,374,-0.04922927131889815
mark_index_bps_change_15m|HIGH_2P|30m|return_atr,mark_index_bps_change_15m,HIGH_2P,HIGH,30m,return_atr,0,False,0.00327639227262665,2.30422813196962,2108,-0.00327639227262665,1228,-0.055491373519991186,880,0.0661511528550515,2.289406170451257,2108,-0.08908909483973745,1567,-0.06667390445190055,541,-0.18134217020487653
mark_index_bps_change_15m|HIGH_2P|30m|excursion_bias_atr,mark_index_bps_change_15m,HIGH_2P,HIGH,30m,excursion_bias_atr,0,False,0.053259487914872145,2.30422813196962,2108,-0.053259487914872145,1228,-0.12277096780935007,880,0.04864752122037294,2.289406170451257,2108,-0.10453264265897885,1567,-0.08195187493506308,541,-0.17328083926113785
mark_index_bps_change_15m|HIGH_2P|30m|up_first_touch,mark_index_bps_change_15m,HIGH_2P,HIGH,30m,up_first_touch,-1,True,0.025932583707622248,2.30422813196962,1853,-0.026811451170371148,1066,-0.02620109427030637,787,-0.027338610105527017,2.289406170451257,1817,-0.025932583707622248,1343,-0.010057662305428539,474,-0.06874293302936896
mark_index_bps_change_15m|HIGH_2P|1h|return_atr,mark_index_bps_change_15m,HIGH_2P,HIGH,1h,return_atr,0,False,0.017281479612755828,2.30422813196962,2108,0.017281479612755828,1228,-0.0849414586117302,880,0.15412400907624366,2.289406170451257,2108,-0.22473736651968956,1567,-0.18559966663525124,541,-0.3912326905573421
mark_index_bps_change_15m|HIGH_2P|1h|excursion_bias_atr,mark_index_bps_change_15m,HIGH_2P,HIGH,1h,excursion_bias_atr,0,False,0.02764616700330689,2.30422813196962,2108,-0.02764616700330689,1228,-0.14628443646323455,880,0.14302425887318101,2.289406170451257,2108,-0.2743542429673186,1567,-0.22676230632893557,541,-0.4398263676343908
mark_index_bps_change_15m|HIGH_2P|1h|up_first_touch,mark_index_bps_change_15m,HIGH_2P,HIGH,1h,up_first_touch,-1,True,0.01367428162444878,2.30422813196962,2026,-0.01367428162444878,1174,-0.011524244095578784,852,-0.016170969204135244,2.289406170451257,2005,-0.024027663495298945,1484,-0.0052799327378100225,521,-0.07709860269235735
mark_index_bps_change_15m|HIGH_2P|2h|return_atr,mark_index_bps_change_15m,HIGH_2P,HIGH,2h,return_atr,0,False,0.08696760351396944,2.30422813196962,2108,-0.08696760351396944,1228,-0.23268890801830597,880,0.10513182165255609,2.289406170451257,2108,-0.23690983711794497,1567,-0.24582970123652648,541,-0.3222362479829584
mark_index_bps_change_15m|HIGH_2P|2h|excursion_bias_atr,mark_index_bps_change_15m,HIGH_2P,HIGH,2h,excursion_bias_atr,0,False,0.13119413528729643,2.30422813196962,2108,-0.13119413528729643,1228,-0.34280712364440014,880,0.16384377958861515,2.289406170451257,2108,-0.3658237498696919,1567,-0.35185213184710495,541,-0.4907391851828167
mark_index_bps_change_15m|HIGH_2P|2h|up_first_touch,mark_index_bps_change_15m,HIGH_2P,HIGH,2h,up_first_touch,-1,True,0.013882084888753699,2.30422813196962,2068,-0.013882084888753699,1205,-0.011844449068966367,863,-0.016200005659317396,2.289406170451257,2072,-0.023148392000851004,1538,-0.005973920882477168,534,-0.07157208376961116
mark_index_bps_change_15m|HIGH_2P|4h|return_atr,mark_index_bps_change_15m,HIGH_2P,HIGH,4h,return_atr,-1,True,0.23550006675016097,2.30422813196962,2108,-0.2477725442179874,1228,-0.27142121075351944,880,-0.23282011484330914,2.289406170451257,2108,-0.23550006675016097,1567,-0.33377081449747864,541,-0.1688843410177999
mark_index_bps_change_15m|HIGH_2P|4h|excursion_bias_atr,mark_index_bps_change_15m,HIGH_2P,HIGH,4h,excursion_bias_atr,-1,True,0.4415041061195694,2.30422813196962,2108,-0.4415041061195694,1228,-0.53712238970038,880,-0.3183952773959373,2.289406170451257,2108,-0.46692763703708323,1567,-0.586966700884284,541,-0.31128070451907386
mark_index_bps_change_15m|HIGH_2P|4h|up_first_touch,mark_index_bps_change_15m,HIGH_2P,HIGH,4h,up_first_touch,-1,True,0.013050821952778624,2.30422813196962,2081,-0.013050821952778624,1209,-0.01089479726185466,872,-0.015500669706809467,2.289406170451257,2079,-0.024543258254873745,1543,-0.007635800369958923,536,-0.07178175357422517
mark_index_bps_change_15m|HIGH_1P|15m|return_atr,mark_index_bps_change_15m,HIGH_1P,HIGH,15m,return_atr,0,False,0.009994891073069534,2.974359710633312,1054,-0.042604830567045546,640,-0.08099540124039795,414,0.01438005799845369,2.8884264455159023,1054,0.009994891073069534,810,0.013770869334187714,244,-0.018682660080377573
mark_index_bps_change_15m|HIGH_1P|15m|excursion_bias_atr,mark_index_bps_change_15m,HIGH_1P,HIGH,15m,excursion_bias_atr,0,False,0.011851820287245143,2.974359710633312,1054,-0.06860659305813173,640,-0.13383068126096578,414,0.03822582674578683,2.8884264455159023,1054,-0.011851820287245143,810,-0.017030569411298435,244,0.01298993771902899
mark_index_bps_change_15m|HIGH_1P|15m|up_first_touch,mark_index_bps_change_15m,HIGH_1P,HIGH,15m,up_first_touch,-1,False,0.013338081586242778,2.974359710633312,739,-0.04237458281243772,433,-0.059729481103466375,306,-0.017467258815588693,2.8884264455159023,719,-0.013338081586242778,553,-0.009360703195372855,166,-0.026550320220386447
mark_index_bps_change_15m|HIGH_1P|30m|return_atr,mark_index_bps_change_15m,HIGH_1P,HIGH,30m,return_atr,0,False,0.06955580754585633,2.974359710633312,1054,-0.10762940163323831,640,-0.19250631837330034,414,0.018873487695171887,2.8884264455159023,1054,-0.06955580754585633,810,-0.06876937143593724,244,-0.10555696817022887
mark_index_bps_change_15m|HIGH_1P|30m|excursion_bias_atr,mark_index_bps_change_15m,HIGH_1P,HIGH,30m,excursion_bias_atr,0,False,0.1066840832158939,2.974359710633312,1054,-0.21459608708822508,640,-0.3506901487385795,414,0.002513837433284624,2.8884264455159023,1054,-0.1066840832158939,810,-0.11456837659560075,244,-0.08459579922368328
mark_index_bps_change_15m|HIGH_1P|30m|up_first_touch,mark_index_bps_change_15m,HIGH_1P,HIGH,30m,up_first_touch,-1,True,0.026030642991813957,2.974359710633312,924,-0.03798264191522621,554,-0.05307709754852857,370,-0.014965245635593316,2.8884264455159023,898,-0.026030642991813957,692,-0.01857108450316547,206,-0.04830132883453875
mark_index_bps_change_15m|HIGH_1P|1h|return_atr,mark_index_bps_change_15m,HIGH_1P,HIGH,1h,return_atr,0,False,0.05717471307734179,2.974359710633312,1054,-0.05717471307734179,640,-0.11600830921509492,414,0.02582180837117696,2.8884264455159023,1054,-0.20696111296488773,810,-0.20058270638514214,244,-0.29305721185452754
mark_index_bps_change_15m|HIGH_1P|1h|excursion_bias_atr,mark_index_bps_change_15m,HIGH_1P,HIGH,1h,excursion_bias_atr,0,False,0.18194185842093938,2.974359710633312,1054,-0.18194185842093938,640,-0.3106779780075473,414,0.024080638124512884,2.8884264455159023,1054,-0.27948317824646174,810,-0.2918982596471246,244,-0.27202032066363574
mark_index_bps_change_15m|HIGH_1P|1h|up_first_touch,mark_index_bps_change_15m,HIGH_1P,HIGH,1h,up_first_touch,-1,True,0.0216674957085507,2.974359710633312,1009,-0.0216674957085507,607,-0.031612145327374774,402,-0.0060280219684825664,2.8884264455159023,994,-0.02351837334040452,764,-0.013496723356062668,230,-0.056394271556581665
mark_index_bps_change_15m|HIGH_1P|2h|return_atr,mark_index_bps_change_15m,HIGH_1P,HIGH,2h,return_atr,-1,True,0.20129403751088598,2.974359710633312,1054,-0.20129403751088598,640,-0.24214451168635337,414,-0.15355798222647848,2.8884264455159023,1054,-0.26395383219016366,810,-0.29984148264834914,244,-0.2806472588300843
mark_index_bps_change_15m|HIGH_1P|2h|excursion_bias_atr,mark_index_bps_change_15m,HIGH_1P,HIGH,2h,excursion_bias_atr,-1,True,0.28995553135891117,2.974359710633312,1054,-0.28995553135891117,640,-0.43591848692269114,414,-0.06466641795484387,2.8884264455159023,1054,-0.3720795510552609,810,-0.41149762410637036,244,-0.34440924807878015
mark_index_bps_change_15m|HIGH_1P|2h|up_first_touch,mark_index_bps_change_15m,HIGH_1P,HIGH,2h,up_first_touch,-1,True,0.02376442995927497,2.974359710633312,1032,-0.025058295285646903,628,-0.035470793652310706,404,-0.008140393209080499,2.8884264455159023,1031,-0.02376442995927497,793,-0.01637786173686462,238,-0.04708588479563952
mark_index_bps_change_15m|HIGH_1P|4h|return_atr,mark_index_bps_change_15m,HIGH_1P,HIGH,4h,return_atr,0,False,0.1295823444813099,2.974359710633312,1054,-0.19532263434280736,640,-0.02332286989244703,414,-0.4859568614691001,2.8884264455159023,1054,-0.1295823444813099,810,-0.25054466408678167,244,0.005559631315158117
mark_index_bps_change_15m|HIGH_1P|4h|excursion_bias_atr,mark_index_bps_change_15m,HIGH_1P,HIGH,4h,excursion_bias_atr,-1,True,0.34132639147512284,2.974359710633312,1054,-0.5011020934208765,640,-0.3592868424295345,414,-0.7344832088642788,2.8884264455159023,1054,-0.34132639147512284,810,-0.4930854388370754,244,-0.07220386116088251
mark_index_bps_change_15m|HIGH_1P|4h|up_first_touch,mark_index_bps_change_15m,HIGH_1P,HIGH,4h,up_first_touch,-1,True,0.025816494822227976,2.974359710633312,1038,-0.0258545262634563,629,-0.034543610284481774,409,-0.01174626760726033,2.8884264455159023,1037,-0.025816494822227976,797,-0.018858214949583896,240,-0.047154887902583376
mark_index_bps_change_1h|LOW_1P|15m|return_atr,mark_index_bps_change_1h,LOW_1P,LOW,15m,return_atr,0,False,0.013071757112882007,-4.064759793515438,1054,0.01578315270663851,649,0.005995750307536834,405,0.028864298185923058,-4.044371822401871,1054,-0.013071757112882007,823,-0.017343721923003076,231,-0.015677943485158004
mark_index_bps_change_1h|LOW_1P|15m|excursion_bias_atr,mark_index_bps_change_1h,LOW_1P,LOW,15m,excursion_bias_atr,-1,True,0.10001721814547103,-4.064759793515438,1054,-0.10001721814547103,649,-0.13335174054349228,405,-0.03998700646748829,-4.044371822401871,1054,-0.14164544199437423,823,-0.13543462386304,231,-0.15532525321991364
mark_index_bps_change_1h|LOW_1P|15m|up_first_touch,mark_index_bps_change_1h,LOW_1P,LOW,15m,up_first_touch,0,False,0.0028570072074404207,-4.064759793515438,688,-0.0028570072074404207,421,0.0025932630501763754,267,-0.01096802991054352,-4.044371822401871,700,-0.0161038276621418,546,-0.010519881569741096,154,-0.0358602873616789
mark_index_bps_change_1h|LOW_1P|30m|return_atr,mark_index_bps_change_1h,LOW_1P,LOW,30m,return_atr,0,False,0.044458991264155236,-4.064759793515438,1054,0.044458991264155236,649,0.03953707775296775,405,0.04716015058479933,-4.044371822401871,1054,-0.05123759564325183,823,-0.09520086212260612,231,0.06852026033107304
mark_index_bps_change_1h|LOW_1P|30m|excursion_bias_atr,mark_index_bps_change_1h,LOW_1P,LOW,30m,excursion_bias_atr,-1,True,0.12642255309713266,-4.064759793515438,1054,-0.12642255309713266,649,-0.16654217274011118,405,-0.05472616478510428,-4.044371822401871,1054,-0.2660439279317146,823,-0.27624998723882555,231,-0.2341931415899396
mark_index_bps_change_1h|LOW_1P|30m|up_first_touch,mark_index_bps_change_1h,LOW_1P,LOW,30m,up_first_touch,0,False,0.01473981020083115,-4.064759793515438,907,0.01473981020083115,552,0.028241899992412167,355,-0.00579128294050385,-4.044371822401871,901,-0.027587932714443375,707,-0.018726426214050018,194,-0.05675894068520437
mark_index_bps_change_1h|LOW_1P|1h|return_atr,mark_index_bps_change_1h,LOW_1P,LOW,1h,return_atr,1,True,0.08045371213610135,-4.064759793515438,1054,0.11103341554923499,649,0.0006295574585702401,405,0.27919004267918146,-4.044371822401871,1054,0.08045371213610135,823,0.028279610532440706,231,0.1946443110336117
mark_index_bps_change_1h|LOW_1P|1h|excursion_bias_atr,mark_index_bps_change_1h,LOW_1P,LOW,1h,excursion_bias_atr,0,False,0.1185866083823372,-4.064759793515438,1054,-0.1185866083823372,649,-0.23341876855691368,405,0.07315080449079413,-4.044371822401871,1054,-0.2711413076428847,823,-0.3310225670682512,231,-0.09506977694483888
mark_index_bps_change_1h|LOW_1P|1h|up_first_touch,mark_index_bps_change_1h,LOW_1P,LOW,1h,up_first_touch,0,False,0.019163620037100537,-4.064759793515438,997,0.019163620037100537,611,0.03408618592530471,386,-0.0037466825515774516,-4.044371822401871,1012,-0.0240054857381109,791,-0.018560232334690008,221,-0.04303601855638495
mark_index_bps_change_1h|LOW_1P|2h|return_atr,mark_index_bps_change_1h,LOW_1P,LOW,2h,return_atr,1,True,0.061658698932192293,-4.064759793515438,1054,0.061658698932192293,649,0.07930366659329824,405,0.01640189363861444,-4.044371822401871,1054,0.266480461175883,823,0.292600848235813,231,0.023421471686036532
mark_index_bps_change_1h|LOW_1P|2h|excursion_bias_atr,mark_index_bps_change_1h,LOW_1P,LOW,2h,excursion_bias_atr,-1,True,0.07738193196344947,-4.064759793515438,1054,-0.2780190081540344,649,-0.26321481760675325,405,-0.30213236351450745,-4.044371822401871,1054,-0.07738193196344947,823,-0.028940069849465094,231,-0.36391798457282565
mark_index_bps_change_1h|LOW_1P|2h|up_first_touch,mark_index_bps_change_1h,LOW_1P,LOW,2h,up_first_touch,0,False,0.009812305826913614,-4.064759793515438,1034,0.009812305826913614,635,0.02402316291522022,399,-0.012023864262952821,-4.044371822401871,1031,-0.024734362064027682,809,-0.01843853789428035,222,-0.046215266277962186
mark_index_bps_change_1h|LOW_1P|4h|return_atr,mark_index_bps_change_1h,LOW_1P,LOW,4h,return_atr,0,False,0.015487893476873654,-4.064759793515438,1054,0.015487893476873654,649,-0.0487962221646501,405,0.09124343487428965,-4.044371822401871,1054,0.3561144493087796,823,0.18224967164929265,231,0.6813444283917376
mark_index_bps_change_1h|LOW_1P|4h|excursion_bias_atr,mark_index_bps_change_1h,LOW_1P,LOW,4h,excursion_bias_atr,0,False,0.011697366651467422,-4.064759793515438,1054,-0.35585151891447625,649,-0.35334557610054435,405,-0.37545649007203824,-4.044371822401871,1054,-0.011697366651467422,823,-0.1488460355865608,231,0.2177793251036522
mark_index_bps_change_1h|LOW_1P|4h|up_first_touch,mark_index_bps_change_1h,LOW_1P,LOW,4h,up_first_touch,0,False,0.010739515532897592,-4.064759793515438,1040,0.010739515532897592,640,0.026282105136821887,400,-0.013298834844424179,-4.044371822401871,1040,-0.02525088396249947,813,-0.01963140963259724,227,-0.04341039451051293
mark_index_bps_change_1h|LOW_2P|15m|return_atr,mark_index_bps_change_1h,LOW_2P,LOW,15m,return_atr,0,False,0.004245406396830087,-3.1769331473341156,2108,0.010938285229549538,1296,0.03730062815025523,812,-0.0337132438294646,-3.2120386715186466,2108,-0.004245406396830087,1595,-0.008318155410265515,513,-0.006267138519334992
mark_index_bps_change_1h|LOW_2P|15m|excursion_bias_atr,mark_index_bps_change_1h,LOW_2P,LOW,15m,excursion_bias_atr,-1,True,0.07824350574387623,-3.1769331473341156,2108,-0.07824350574387623,1296,-0.06877359065191378,812,-0.08681446740812869,-3.2120386715186466,2108,-0.12435887240295906,1595,-0.12287609286335992,513,-0.12201000400632789
mark_index_bps_change_1h|LOW_2P|15m|up_first_touch,mark_index_bps_change_1h,LOW_2P,LOW,15m,up_first_touch,0,False,0.00940260428086609,-3.1769331473341156,1335,-0.00940260428086609,809,0.00439895847780325,526,-0.030178807313314793,-3.2120386715186466,1402,-0.018920212418612192,1055,-0.011700375641230443,347,-0.040838018564193945
mark_index_bps_change_1h|LOW_2P|30m|return_atr,mark_index_bps_change_1h,LOW_2P,LOW,30m,return_atr,0,False,0.02496025153591045,-3.1769331473341156,2108,0.03530542854677752,1296,0.06582232865404755,812,-0.01853321696730985,-3.2120386715186466,2108,-0.02496025153591045,1595,-0.055286405235930244,513,0.03895407136436854
mark_index_bps_change_1h|LOW_2P|30m|excursion_bias_atr,mark_index_bps_change_1h,LOW_2P,LOW,30m,excursion_bias_atr,-1,True,0.10738864643082434,-3.1769331473341156,2108,-0.10738864643082434,1296,-0.09040180704518047,812,-0.12717209061713255,-3.2120386715186466,2108,-0.21196518482039647,1595,-0.216372705276681,513,-0.20197751616475068
mark_index_bps_change_1h|LOW_2P|30m|up_first_touch,mark_index_bps_change_1h,LOW_2P,LOW,30m,up_first_touch,0,False,0.009498664656989453,-3.1769331473341156,1815,0.009498664656989453,1102,0.024658165543846977,713,-0.013475537133262105,-3.2120386715186466,1827,-0.027398396913135226,1384,-0.01640345444536201,443,-0.05923735636089261
mark_index_bps_change_1h|LOW_2P|1h|return_atr,mark_index_bps_change_1h,LOW_2P,LOW,1h,return_atr,1,True,0.05113717122073037,-3.1769331473341156,2108,0.05113717122073037,1296,0.03855180202069404,812,0.06255358397946942,-3.2120386715186466,2108,0.11734896856567258,1595,0.09798390307636326,513,0.11850029350338936
mark_index_bps_change_1h|LOW_2P|1h|excursion_bias_atr,mark_index_bps_change_1h,LOW_2P,LOW,1h,excursion_bias_atr,-1,True,0.11665086637199854,-3.1769331473341156,2108,-0.11665086637199854,1296,-0.12857911743328676,812,-0.08997095413708649,-3.2120386715186466,2108,-0.19001337546687586,1595,-0.19798925514685428,513,-0.19591763770119186
mark_index_bps_change_1h|LOW_2P|1h|up_first_touch,mark_index_bps_change_1h,LOW_2P,LOW,1h,up_first_touch,0,False,0.014311332961837897,-3.1769331473341156,2009,0.014311332961837897,1228,0.03068091768879383,781,-0.010729227846900946,-3.2120386715186466,2042,-0.018366009598698607,1545,-0.007146226058582228,497,-0.052868770725508274
mark_index_bps_change_1h|LOW_2P|2h|return_atr,mark_index_bps_change_1h,LOW_2P,LOW,2h,return_atr,0,False,0.004891110606293866,-3.1769331473341156,2108,0.004891110606293866,1296,-0.001599696074858381,812,-0.001552942233007018,-3.2120386715186466,2108,0.26902178734579807,1595,0.292485003583266,513,0.07251212627623682
mark_index_bps_change_1h|LOW_2P|2h|excursion_bias_atr,mark_index_bps_change_1h,LOW_2P,LOW,2h,excursion_bias_atr,0,False,0.03280793284756148,-3.1769331473341156,2108,-0.23569285516523344,1296,-0.1927953193301473,812,-0.3045458769627716,-3.2120386715186466,2108,0.03280793284756148,1595,0.09726306160829615,513,-0.2614571820919951
mark_index_bps_change_1h|LOW_2P|2h|up_first_touch,mark_index_bps_change_1h,LOW_2P,LOW,2h,up_first_touch,0,False,0.007398723857812706,-3.1769331473341156,2066,0.007398723857812706,1266,0.02250558010122361,800,-0.015739403110070604,-3.2120386715186466,2079,-0.018487887340346343,1577,-0.0066678196037739945,502,-0.05443464103120149
mark_index_bps_change_1h|LOW_2P|4h|return_atr,mark_index_bps_change_1h,LOW_2P,LOW,4h,return_atr,0,False,0.0966054203789073,-3.1769331473341156,2108,-0.0966054203789073,1296,-0.1965477305795761,812,0.03593581060770515,-3.2120386715186466,2108,0.48865752875099044,1595,0.3278180647361243,513,0.7463909642581611
mark_index_bps_change_1h|LOW_2P|4h|excursion_bias_atr,mark_index_bps_change_1h,LOW_2P,LOW,4h,excursion_bias_atr,0,False,0.23294792551355506,-3.1769331473341156,2108,-0.36003323970835793,1296,-0.393094068511177,812,-0.32269238558729496,-3.2120386715186466,2108,0.23294792551355506,1595,0.12336403763597319,513,0.36019674907083876
mark_index_bps_change_1h|LOW_2P|4h|up_first_touch,mark_index_bps_change_1h,LOW_2P,LOW,4h,up_first_touch,0,False,0.008330589204662953,-3.1769331473341156,2082,0.008330589204662953,1277,0.023592696366265875,805,-0.01506902117982789,-3.2120386715186466,2088,-0.018914308660406942,1581,-0.007347624555657295,507,-0.053367905654062686
mark_index_bps_change_1h|HIGH_2P|15m|return_atr,mark_index_bps_change_1h,HIGH_2P,HIGH,15m,return_atr,0,False,0.0346825813515468,3.096997415151313,2108,-0.0346825813515468,1299,-0.09069148284581124,809,0.05263361755163236,3.1912572830346435,2108,-0.047078627712481606,1605,-0.03779655366526552,503,-0.09194674475203375
mark_index_bps_change_1h|HIGH_2P|15m|excursion_bias_atr,mark_index_bps_change_1h,HIGH_2P,HIGH,15m,excursion_bias_atr,0,False,0.031937025140355076,3.096997415151313,2108,-0.031937025140355076,1299,-0.06552477172675021,809,0.028641689756584068,3.1912572830346435,2108,-0.058891068274652215,1605,-0.055266524782898535,503,-0.06322925686699177
mark_index_bps_change_1h|HIGH_2P|15m|up_first_touch,mark_index_bps_change_1h,HIGH_2P,HIGH,15m,up_first_touch,-1,True,0.02503738398129368,3.096997415151313,1411,-0.02503738398129368,843,-0.027654438434454642,568,-0.020746739621995802,3.1912572830346435,1389,-0.034665999831225425,1036,-0.03477490582476539,353,-0.034315090349059774
mark_index_bps_change_1h|HIGH_2P|30m|return_atr,mark_index_bps_change_1h,HIGH_2P,HIGH,30m,return_atr,0,False,0.09878746372869016,3.096997415151313,2108,-0.09878746372869016,1299,-0.22581829917216867,809,0.09997092566387836,3.1912572830346435,2108,-0.12732283235719702,1605,-0.12204152502150971,503,-0.17571968072825328
mark_index_bps_change_1h|HIGH_2P|30m|excursion_bias_atr,mark_index_bps_change_1h,HIGH_2P,HIGH,30m,excursion_bias_atr,0,False,0.09703111325951826,3.096997415151313,2108,-0.09703111325951826,1299,-0.2122939303305072,809,0.09548955194096859,3.1912572830346435,2108,-0.1352956562359698,1605,-0.12140684411729623,503,-0.183472048263204
mark_index_bps_change_1h|HIGH_2P|30m|up_first_touch,mark_index_bps_change_1h,HIGH_2P,HIGH,30m,up_first_touch,-1,True,0.03160381103308407,3.096997415151313,1812,-0.03160381103308407,1099,-0.0394316108408882,713,-0.019085635309980198,3.1912572830346435,1790,-0.04680928205316698,1345,-0.04423238626305542,445,-0.05220664136862846
mark_index_bps_change_1h|HIGH_2P|1h|return_atr,mark_index_bps_change_1h,HIGH_2P,HIGH,1h,return_atr,0,False,0.18484960472982384,3.096997415151313,2108,-0.18484960472982384,1299,-0.3818961266151222,809,0.12273714168666428,3.1912572830346435,2108,-0.23278257530761176,1605,-0.2809295659431987,503,-0.14048599663346759
mark_index_bps_change_1h|HIGH_2P|1h|excursion_bias_atr,mark_index_bps_change_1h,HIGH_2P,HIGH,1h,excursion_bias_atr,0,False,0.15701822748129227,3.096997415151313,2108,-0.15701822748129227,1299,-0.38245790198716795,809,0.21273002997782775,3.1912572830346435,2108,-0.24119561723884392,1605,-0.25462334206891796,503,-0.2302353257172851
mark_index_bps_change_1h|HIGH_2P|1h|up_first_touch,mark_index_bps_change_1h,HIGH_2P,HIGH,1h,up_first_touch,-1,True,0.02216303584730195,3.096997415151313,2018,-0.02216303584730195,1242,-0.03403423649669035,776,-0.002431314782761651,3.1912572830346435,2022,-0.04727814263868679,1540,-0.04776951862362233,482,-0.04531723745952232
mark_index_bps_change_1h|HIGH_2P|2h|return_atr,mark_index_bps_change_1h,HIGH_2P,HIGH,2h,return_atr,0,False,0.18324605350764359,3.096997415151313,2108,-0.29257706869356925,1299,-0.4180302748548291,809,-0.1082089888541446,3.1912572830346435,2108,-0.18324605350764359,1605,-0.29304225423102237,503,0.03877735016244274
mark_index_bps_change_1h|HIGH_2P|2h|excursion_bias_atr,mark_index_bps_change_1h,HIGH_2P,HIGH,2h,excursion_bias_atr,0,False,0.32874553516780247,3.096997415151313,2108,-0.3756806232712399,1299,-0.61110003391362,809,0.001936892533084985,3.1912572830346435,2108,-0.32874553516780247,1605,-0.45258511652017774,503,-0.03107234288135649
mark_index_bps_change_1h|HIGH_2P|2h|up_first_touch,mark_index_bps_change_1h,HIGH_2P,HIGH,2h,up_first_touch,-1,True,0.02332423513780879,3.096997415151313,2067,-0.02332423513780879,1275,-0.03213246469015263,792,-0.0083404132110807,3.1912572830346435,2085,-0.047200501664471484,1587,-0.04881591651834499,498,-0.040842423555721874
mark_index_bps_change_1h|HIGH_2P|4h|return_atr,mark_index_bps_change_1h,HIGH_2P,HIGH,4h,return_atr,0,False,0.1175977923951752,3.096997415151313,2108,-0.352667857234528,1299,-0.39686546513799803,809,-0.3091012570616103,3.1912572830346435,2108,-0.1175977923951752,1605,-0.262029462399828,503,0.09157903725785269
mark_index_bps_change_1h|HIGH_2P|4h|excursion_bias_atr,mark_index_bps_change_1h,HIGH_2P,HIGH,4h,excursion_bias_atr,0,False,0.25951439737253684,3.096997415151313,2108,-0.5620134471317859,1299,-0.6286096990498351,809,-0.4707518992518007,3.1912572830346435,2108,-0.25951439737253684,1605,-0.4495482641656012,503,0.12516277682577082
mark_index_bps_change_1h|HIGH_2P|4h|up_first_touch,mark_index_bps_change_1h,HIGH_2P,HIGH,4h,up_first_touch,-1,True,0.023824193311041575,3.096997415151313,2084,-0.023824193311041575,1282,-0.03147433012058837,802,-0.01076766277459873,3.1912572830346435,2092,-0.04755195764980641,1592,-0.049666270282711256,500,-0.03915488790258337
mark_index_bps_change_1h|HIGH_1P|15m|return_atr,mark_index_bps_change_1h,HIGH_1P,HIGH,15m,return_atr,0,False,0.04120013717223037,3.915570436177642,1054,-0.0691465594956437,654,-0.18619742657760793,400,0.11949073693154824,4.042995400104569,1054,-0.04120013717223037,812,-0.052893807544790145,242,-0.0183533185829103
mark_index_bps_change_1h|HIGH_1P|15m|excursion_bias_atr,mark_index_bps_change_1h,HIGH_1P,HIGH,15m,excursion_bias_atr,0,False,0.05167925756626272,3.915570436177642,1054,-0.0744513782302735,654,-0.19620203292297564,400,0.13157422079248857,4.042995400104569,1054,-0.05167925756626272,812,-0.07325181450704256,242,0.028471876800671096
mark_index_bps_change_1h|HIGH_1P|15m|up_first_touch,mark_index_bps_change_1h,HIGH_1P,HIGH,15m,up_first_touch,0,False,0.021060012703918884,3.915570436177642,719,-0.04780800504034788,429,-0.0579906502653284,290,-0.032342174299023474,4.042995400104569,701,-0.021060012703918884,528,-0.03014608869594826,173,0.006704084682461919
mark_index_bps_change_1h|HIGH_1P|30m|return_atr,mark_index_bps_change_1h,HIGH_1P,HIGH,30m,return_atr,0,False,0.10484496915765187,3.915570436177642,1054,-0.10484496915765187,654,-0.30365441861454573,400,0.2147474306609784,4.042995400104569,1054,-0.13955845636162428,812,-0.16306353198555143,242,-0.09459208581335331
mark_index_bps_change_1h|HIGH_1P|30m|excursion_bias_atr,mark_index_bps_change_1h,HIGH_1P,HIGH,30m,excursion_bias_atr,0,False,0.12779575677907634,3.915570436177642,1054,-0.12779575677907634,654,-0.35509829470750637,400,0.2516425347268824,4.042995400104569,1054,-0.14415257561523814,812,-0.19254521088994836,242,0.014075157332042058
mark_index_bps_change_1h|HIGH_1P|30m|up_first_touch,mark_index_bps_change_1h,HIGH_1P,HIGH,30m,up_first_touch,-1,True,0.035729937429870906,3.915570436177642,905,-0.04821559496585881,549,-0.06542642977712931,356,-0.02122093953173665,4.042995400104569,893,-0.035729937429870906,676,-0.044334671738517906,217,-0.006424007909300533
mark_index_bps_change_1h|HIGH_1P|1h|return_atr,mark_index_bps_change_1h,HIGH_1P,HIGH,1h,return_atr,0,False,0.23025295472070834,3.915570436177642,1054,-0.23025295472070834,654,-0.46265299072443944,400,0.1404942512168914,4.042995400104569,1054,-0.2854286013591725,812,-0.3480630205922619,242,-0.14118318238865143
mark_index_bps_change_1h|HIGH_1P|1h|excursion_bias_atr,mark_index_bps_change_1h,HIGH_1P,HIGH,1h,excursion_bias_atr,0,False,0.1818604604928581,3.915570436177642,1054,-0.1818604604928581,654,-0.494245111892421,400,0.3370204274544585,4.042995400104569,1054,-0.2886432063065124,812,-0.36860097683291515,242,-0.05462329075741894
mark_index_bps_change_1h|HIGH_1P|1h|up_first_touch,mark_index_bps_change_1h,HIGH_1P,HIGH,1h,up_first_touch,-1,True,0.03526951893653618,3.915570436177642,1001,-0.03684656837027944,621,-0.058188825868671024,380,-0.001196914348686795,4.042995400104569,1002,-0.03526951893653618,769,-0.04393674541503639,233,-0.006254320073095954
mark_index_bps_change_1h|HIGH_1P|2h|return_atr,mark_index_bps_change_1h,HIGH_1P,HIGH,2h,return_atr,-1,True,0.2933171317932065,3.915570436177642,1054,-0.4052730529735891,654,-0.6171573018847394,400,-0.07672453570469562,4.042995400104569,1054,-0.2933171317932065,812,-0.35810303076571665,242,-0.21384582510974337
mark_index_bps_change_1h|HIGH_1P|2h|excursion_bias_atr,mark_index_bps_change_1h,HIGH_1P,HIGH,2h,excursion_bias_atr,0,False,0.46195667955069253,3.915570436177642,1054,-0.49634464408016526,654,-0.8477520131685244,400,0.07779561090052131,4.042995400104569,1054,-0.46195667955069253,812,-0.5789137726402368,242,-0.1742876440482082
mark_index_bps_change_1h|HIGH_1P|2h|up_first_touch,mark_index_bps_change_1h,HIGH_1P,HIGH,2h,up_first_touch,-1,True,0.0384290572815163,3.915570436177642,1027,-0.039313897891264216,639,-0.05747721291808228,388,-0.008548681460586072,4.042995400104569,1040,-0.0384290572815163,801,-0.048629476600378585,239,-0.0029418673560276942
mark_index_bps_change_1h|HIGH_1P|4h|return_atr,mark_index_bps_change_1h,HIGH_1P,HIGH,4h,return_atr,-1,True,0.3031845080780061,3.915570436177642,1054,-0.4753433983627049,654,-0.5946581930566208,400,-0.3089686954507256,4.042995400104569,1054,-0.3031845080780061,812,-0.4388320748508746,242,-0.11853182641361396
mark_index_bps_change_1h|HIGH_1P|4h|excursion_bias_atr,mark_index_bps_change_1h,HIGH_1P,HIGH,4h,excursion_bias_atr,-1,True,0.5509234472236995,3.915570436177642,1054,-0.7219969651842846,654,-0.8883546579126999,400,-0.46641910542344855,4.042995400104569,1054,-0.5509234472236995,812,-0.7497763341668859,242,-0.12196147759102305
mark_index_bps_change_1h|HIGH_1P|4h|up_first_touch,mark_index_bps_change_1h,HIGH_1P,HIGH,4h,up_first_touch,-1,True,0.03915208842566359,3.915570436177642,1038,-0.04030539331547944,641,-0.05565529735927793,397,-0.014671630814197478,4.042995400104569,1041,-0.03915208842566359,802,-0.04926212987994932,239,-0.003431038530198438
premium_index_change_15m|LOW_1P|15m|return_atr,premium_index_change_15m,LOW_1P,LOW,15m,return_atr,0,False,0.009413964560222681,-0.000393975,1054,0.04348433343714988,572,0.032189791525400406,482,0.056048684024407484,-0.0003853719999999999,1054,-0.009413964560222681,832,-0.0023318780760247827,222,-0.05506318860721662
premium_index_change_15m|LOW_1P|15m|excursion_bias_atr,premium_index_change_15m,LOW_1P,LOW,15m,excursion_bias_atr,0,False,0.04897172220819861,-0.000393975,1054,-0.04897172220819861,572,-0.09106377886604534,482,0.0031116877517091248,-0.0003853719999999999,1054,-0.15512521898376858,832,-0.1263390653654453,222,-0.25395341876390304
premium_index_change_15m|LOW_1P|15m|up_first_touch,premium_index_change_15m,LOW_1P,LOW,15m,up_first_touch,0,False,0.01350546948768272,-0.000393975,711,0.01350546948768272,378,0.022299430024751876,333,0.003642085823167718,-0.0003853719999999999,709,-0.024945254218660062,562,-0.022401831174110653,147,-0.034623428981963356
premium_index_change_15m|LOW_1P|30m|return_atr,premium_index_change_15m,LOW_1P,LOW,30m,return_atr,0,False,0.01039608762897487,-0.000393975,1054,0.1301194802989568,572,0.07785173042208292,482,0.1904751706659781,-0.0003853719999999999,1054,-0.01039608762897487,832,-0.03818800790509442,222,0.05423778637748845
premium_index_change_15m|LOW_1P|30m|excursion_bias_atr,premium_index_change_15m,LOW_1P,LOW,30m,excursion_bias_atr,0,False,0.0067952521151663555,-0.000393975,1054,-0.0067952521151663555,572,-0.0754419935561442,482,0.07705646772716157,-0.0003853719999999999,1054,-0.22085050282236654,832,-0.22788049283223416,222,-0.19933914266566016
premium_index_change_15m|LOW_1P|30m|up_first_touch,premium_index_change_15m,LOW_1P,LOW,30m,up_first_touch,0,False,0.01288315895057468,-0.000393975,924,0.01288315895057468,489,0.007992055589460312,435,0.018492349890967763,-0.0003853719999999999,908,-0.02677630393193542,713,-0.031128948774460707,195,-0.007723783402624418
premium_index_change_15m|LOW_1P|1h|return_atr,premium_index_change_15m,LOW_1P,LOW,1h,return_atr,0,False,0.010916726478039117,-0.000393975,1054,0.1758122535936557,572,0.18117409443287558,482,0.16662605961615054,-0.0003853719999999999,1054,0.010916726478039117,832,0.002283709449130665,222,-0.033575476799422084
premium_index_change_15m|LOW_1P|1h|excursion_bias_atr,premium_index_change_15m,LOW_1P,LOW,1h,excursion_bias_atr,0,False,0.05561540142154521,-0.000393975,1054,0.05561540142154521,572,-0.0244014886783722,482,0.1530613820994305,-0.0003853719999999999,1054,-0.2203858351122554,832,-0.2055833381875697,222,-0.31581232947353866
premium_index_change_15m|LOW_1P|1h|up_first_touch,premium_index_change_15m,LOW_1P,LOW,1h,up_first_touch,0,False,0.014401790343698095,-0.000393975,1018,0.014401790343698095,546,0.00747095718241636,472,0.02262110527664779,-0.0003853719999999999,1010,-0.024062230543026197,793,-0.029850552344000303,217,-0.002437148735503769
premium_index_change_15m|LOW_1P|2h|return_atr,premium_index_change_15m,LOW_1P,LOW,2h,return_atr,1,True,0.13173852523825078,-0.000393975,1054,0.30756671590673024,572,0.25462066150164403,482,0.36493176801183064,-0.0003853719999999999,1054,0.13173852523825078,832,0.11111844366311045,222,0.04823765295060092
premium_index_change_15m|LOW_1P|2h|excursion_bias_atr,premium_index_change_15m,LOW_1P,LOW,2h,excursion_bias_atr,0,False,0.09596519060383646,-0.000393975,1054,0.09596519060383646,572,-0.04369734617761764,482,0.26158020112887054,-0.0003853719999999999,1054,-0.17262876202488733,832,-0.17222410569530824,222,-0.29628463852507725
premium_index_change_15m|LOW_1P|2h|up_first_touch,premium_index_change_15m,LOW_1P,LOW,2h,up_first_touch,0,False,0.012168320446095837,-0.000393975,1041,0.012168320446095837,563,0.0034500240780012126,478,0.02268109898197962,-0.0003853719999999999,1042,-0.025871844820273104,822,-0.03085060529899436,220,-0.005756625819321737
premium_index_change_15m|LOW_1P|4h|return_atr,premium_index_change_15m,LOW_1P,LOW,4h,return_atr,1,True,0.384342891668982,-0.000393975,1054,0.4030666544520527,572,0.36927683996539457,482,0.43440354845067075,-0.0003853719999999999,1054,0.384342891668982,832,0.3320651702816003,222,0.26490507288786125
premium_index_change_15m|LOW_1P|4h|excursion_bias_atr,premium_index_change_15m,LOW_1P,LOW,4h,excursion_bias_atr,0,False,0.012729603975870474,-0.000393975,1054,0.15728965353378482,572,0.031242550100662188,482,0.3018612295220627,-0.0003853719999999999,1054,0.012729603975870474,832,-0.06457238254300707,222,0.024654556383170934
premium_index_change_15m|LOW_1P|4h|up_first_touch,premium_index_change_15m,LOW_1P,LOW,4h,up_first_touch,0,False,0.010695391396995324,-0.000393975,1046,0.010695391396995324,565,0.003522149384609541,481,0.01937268282709348,-0.0003853719999999999,1044,-0.026098216706383903,823,-0.030275574397452654,221,-0.008467105097153538
premium_index_change_15m|LOW_2P|15m|return_atr,premium_index_change_15m,LOW_2P,LOW,15m,return_atr,0,False,0.010599409997202578,-0.000314496,2108,0.02804071626381458,1154,-0.00042061730297572597,954,0.06153241482724115,-0.00030953999999999997,2108,-0.010599409997202578,1564,-0.016837095054144886,544,-0.005728851981977447
premium_index_change_15m|LOW_2P|15m|excursion_bias_atr,premium_index_change_15m,LOW_2P,LOW,15m,excursion_bias_atr,0,False,0.05244484265690924,-0.000314496,2108,-0.05244484265690924,1154,-0.1015580587501265,954,0.009343529722512558,-0.00030953999999999997,2108,-0.12047002092632664,1564,-0.12115854608780664,544,-0.11230000919983088
premium_index_change_15m|LOW_2P|15m|up_first_touch,premium_index_change_15m,LOW_2P,LOW,15m,up_first_touch,0,False,0.00685489100098835,-0.000314496,1411,0.00685489100098835,758,0.010377217574835007,653,0.00290628110573965,-0.00030953999999999997,1397,-0.022959334360168226,1035,-0.02853761263095045,362,-0.006980327542492559
premium_index_change_15m|LOW_2P|30m|return_atr,premium_index_change_15m,LOW_2P,LOW,30m,return_atr,0,False,0.013172706474790515,-0.000314496,2108,0.08362430237953813,1154,0.07583770991263673,954,0.09117794180779372,-0.00030953999999999997,2108,-0.013172706474790515,1564,-0.03566219797584785,544,0.024464681317132968
premium_index_change_15m|LOW_2P|30m|excursion_bias_atr,premium_index_change_15m,LOW_2P,LOW,30m,excursion_bias_atr,0,False,0.020906896916166005,-0.000314496,2108,-0.020906896916166005,1154,-0.05370676158472656,954,0.021433076779082398,-0.00030953999999999997,2108,-0.17834851726331075,1564,-0.19196501240953312,544,-0.14250670612389876
premium_index_change_15m|LOW_2P|30m|up_first_touch,premium_index_change_15m,LOW_2P,LOW,30m,up_first_touch,0,False,0.009057418849269472,-0.000314496,1858,0.009057418849269472,1002,0.009865609095944194,856,0.008260316375015397,-0.00030953999999999997,1815,-0.022111312002225825,1334,-0.03004078317983866,481,0.0019782262993853217
premium_index_change_15m|LOW_2P|1h|return_atr,premium_index_change_15m,LOW_2P,LOW,1h,return_atr,0,False,0.01111388118811953,-0.000314496,2108,0.08301172059475334,1154,0.10651061121749252,954,0.051435821884832776,-0.00030953999999999997,2108,0.01111388118811953,1564,-0.023873659065291857,544,0.05916819315735899
premium_index_change_15m|LOW_2P|1h|excursion_bias_atr,premium_index_change_15m,LOW_2P,LOW,1h,excursion_bias_atr,-1,True,0.013187203063422843,-0.000314496,2108,-0.013187203063422843,1154,-0.021606999399659464,954,-0.00022549040327494996,-0.00030953999999999997,2108,-0.16578910787185397,1564,-0.19193371691314165,544,-0.11793482305865506
premium_index_change_15m|LOW_2P|1h|up_first_touch,premium_index_change_15m,LOW_2P,LOW,1h,up_first_touch,0,False,0.00604534363927961,-0.000314496,2040,0.00604534363927961,1113,0.008749552800634663,927,0.003052787576027949,-0.00030953999999999997,2029,-0.01629563821104779,1498,-0.02320949920378984,531,0.0035336740751222284
premium_index_change_15m|LOW_2P|2h|return_atr,premium_index_change_15m,LOW_2P,LOW,2h,return_atr,0,False,0.06948145340845341,-0.000314496,2108,0.1174772913585115,1154,0.07812806460069618,954,0.158973824032967,-0.00030953999999999997,2108,0.06948145340845341,1564,0.0575937806993385,544,-0.006251715836435502
premium_index_change_15m|LOW_2P|2h|excursion_bias_atr,premium_index_change_15m,LOW_2P,LOW,2h,excursion_bias_atr,0,False,0.039477318046456156,-0.000314496,2108,-0.039477318046456156,1154,-0.1080642314758459,954,0.04334822691607196,-0.00030953999999999997,2108,-0.1779124498993838,1564,-0.20544346573886843,544,-0.18225613494000228
premium_index_change_15m|LOW_2P|2h|up_first_touch,premium_index_change_15m,LOW_2P,LOW,2h,up_first_touch,0,False,0.004721136982492102,-0.000314496,2085,0.004721136982492102,1138,0.0069743274115738885,947,0.002288579994470019,-0.00030953999999999997,2084,-0.019153994532365215,1547,-0.025628977063196945,537,0.0005409871822018575
premium_index_change_15m|LOW_2P|4h|return_atr,premium_index_change_15m,LOW_2P,LOW,4h,return_atr,1,True,0.2391672204427019,-0.000314496,2108,0.2624137395296394,1154,0.25232570321552744,954,0.26483472106962724,-0.00030953999999999997,2108,0.2391672204427019,1564,0.21380045760813818,544,0.09652939081119054
premium_index_change_15m|LOW_2P|4h|excursion_bias_atr,premium_index_change_15m,LOW_2P,LOW,4h,excursion_bias_atr,0,False,0.01324117743226949,-0.000314496,2108,0.01324117743226949,1154,-0.03213980086288131,954,0.06254149238285003,-0.00030953999999999997,2108,-0.051939598726745806,1564,-0.11606753993739827,544,-0.05745227819821819
premium_index_change_15m|LOW_2P|4h|up_first_touch,premium_index_change_15m,LOW_2P,LOW,4h,up_first_touch,0,False,0.003286099383829344,-0.000314496,2093,0.003286099383829344,1141,0.006598165610091022,952,-0.00039967518055861184,-0.00030953999999999997,2089,-0.018664184400692174,1550,-0.024678427844714856,539,6.218074305669452e-05
premium_index_change_15m|HIGH_2P|15m|return_atr,premium_index_change_15m,HIGH_2P,HIGH,15m,return_atr,0,False,0.0034081808909793058,0.0003132459999999999,2108,-0.005976775408239326,1103,-0.055463781032129046,1005,0.047875153922465136,0.00031190199999999997,2108,-0.0034081808909793058,1560,0.018888909358221042,548,-0.07974853919315526
premium_index_change_15m|HIGH_2P|15m|excursion_bias_atr,premium_index_change_15m,HIGH_2P,HIGH,15m,excursion_bias_atr,0,False,0.00908162750582895,0.0003132459999999999,2108,-0.00908162750582895,1103,-0.061831376749471714,1005,0.049982238839113666,0.00031190199999999997,2108,-0.017209453762284874,1560,0.009874895619403398,548,-0.08821322063171824
premium_index_change_15m|HIGH_2P|15m|up_first_touch,premium_index_change_15m,HIGH_2P,HIGH,15m,up_first_touch,0,False,0.0018639791789044624,0.0003132459999999999,1407,-0.0023735441241856114,732,-0.009880290679558978,675,0.005844288025369848,0.00031190199999999997,1420,0.0018639791789044624,1041,0.00818571638657728,379,-0.015471704967819466
premium_index_change_15m|HIGH_2P|30m|return_atr,premium_index_change_15m,HIGH_2P,HIGH,30m,return_atr,0,False,0.020152473188009556,0.0003132459999999999,2108,-0.048904007529073264,1103,-0.10487181353618957,1005,0.011603877647900093,0.00031190199999999997,2108,0.020152473188009556,1560,0.0380876072736287,548,-0.05751843071918603
premium_index_change_15m|HIGH_2P|30m|excursion_bias_atr,premium_index_change_15m,HIGH_2P,HIGH,30m,excursion_bias_atr,0,False,0.015484935439808875,0.0003132459999999999,2108,-0.06357035533423541,1103,-0.14761754732317015,1005,0.029982685973830893,0.00031190199999999997,2108,-0.015484935439808875,1560,0.0031128662575852784,548,-0.071683620739202
premium_index_change_15m|HIGH_2P|30m|up_first_touch,premium_index_change_15m,HIGH_2P,HIGH,30m,up_first_touch,0,False,0.0016385637117911633,0.0003132459999999999,1819,-0.0037117542908476353,934,-0.007827056963799262,885,0.000685998829210499,0.00031190199999999997,1835,-0.0016385637117911633,1343,0.005578972095167167,492,-0.019293514484550633
premium_index_change_15m|HIGH_2P|1h|return_atr,premium_index_change_15m,HIGH_2P,HIGH,1h,return_atr,0,False,0.025979216616056497,0.0003132459999999999,2108,-0.025979216616056497,1103,-0.09192965130651652,1005,0.04485338906202086,0.00031190199999999997,2108,-0.034974489316618895,1560,-0.0027249702160914574,548,-0.17852664367436163
premium_index_change_15m|HIGH_2P|1h|excursion_bias_atr,premium_index_change_15m,HIGH_2P,HIGH,1h,excursion_bias_atr,-1,True,0.06439803238933516,0.0003132459999999999,2108,-0.09838957905912989,1103,-0.17559557633297782,1005,-0.0122900046459778,0.00031190199999999997,2108,-0.06439803238933516,1560,-0.010036179790556543,548,-0.24605260322113748
premium_index_change_15m|HIGH_2P|1h|up_first_touch,premium_index_change_15m,HIGH_2P,HIGH,1h,up_first_touch,0,False,0.0022663553033283046,0.0003132459999999999,2033,-0.003042693936793628,1059,-0.0013856253285570719,974,-0.004725499672365574,0.00031190199999999997,2024,-0.0022663553033283046,1492,0.007508849121233341,532,-0.02935929280535582
premium_index_change_15m|HIGH_2P|2h|return_atr,premium_index_change_15m,HIGH_2P,HIGH,2h,return_atr,0,False,0.014274658812915019,0.0003132459999999999,2108,-0.02640004532444598,1103,-0.09809277542464398,1005,0.04928707629551164,0.00031190199999999997,2108,0.014274658812915019,1560,-0.0021761204065691153,548,-0.04715626646055393
premium_index_change_15m|HIGH_2P|2h|excursion_bias_atr,premium_index_change_15m,HIGH_2P,HIGH,2h,excursion_bias_atr,-1,True,0.10833516413802516,0.0003132459999999999,2108,-0.12676278234777788,1103,-0.23633674830848966,1005,-0.006572828879510384,0.00031190199999999997,2108,-0.10833516413802516,1560,-0.08695668067725035,548,-0.2514365731342185
premium_index_change_15m|HIGH_2P|2h|up_first_touch,premium_index_change_15m,HIGH_2P,HIGH,2h,up_first_touch,0,False,0.003089168914237217,0.0003132459999999999,2073,-0.004916999107767439,1082,-0.003979806214562731,991,-0.005807516127224965,0.00031190199999999997,2081,-0.003089168914237217,1539,0.007353176661990812,542,-0.0317210672819182
premium_index_change_15m|HIGH_2P|4h|return_atr,premium_index_change_15m,HIGH_2P,HIGH,4h,return_atr,1,True,0.09907132579728609,0.0003132459999999999,2108,0.09907132579728609,1103,0.09624669013405096,1005,0.09737788596791158,0.00031190199999999997,2108,0.18079799897780452,1560,0.16512578038738504,548,0.01307927917787459
premium_index_change_15m|HIGH_2P|4h|excursion_bias_atr,premium_index_change_15m,HIGH_2P,HIGH,4h,excursion_bias_atr,0,False,0.028350665446692846,0.0003132459999999999,2108,-0.10988544971503252,1103,-0.23310084569914225,1005,0.022603472172536762,0.00031190199999999997,2108,-0.028350665446692846,1560,-0.04291895142169827,548,-0.1739105895423636
premium_index_change_15m|HIGH_2P|4h|up_first_touch,premium_index_change_15m,HIGH_2P,HIGH,4h,up_first_touch,0,False,0.003595525897745422,0.0003132459999999999,2081,-0.0053622107081847115,1084,-0.0038954778890083475,997,-0.006824411574614719,0.00031190199999999997,2086,-0.003595525897745422,1542,0.006947863942239674,544,-0.03208135849081867
premium_index_change_15m|HIGH_1P|15m|return_atr,premium_index_change_15m,HIGH_1P,HIGH,15m,return_atr,0,False,0.01265206684496937,0.00039385300000000076,1054,-0.013389442519538436,585,-0.08799118336754722,469,0.07856763194162969,0.00038682700000000045,1054,-0.01265206684496937,815,-0.012516006671833012,239,-0.029884470677441093
premium_index_change_15m|HIGH_1P|15m|excursion_bias_atr,premium_index_change_15m,HIGH_1P,HIGH,15m,excursion_bias_atr,0,False,0.010522007084662208,0.00039385300000000076,1054,-0.010522007084662208,585,-0.11508788742787969,469,0.12269176079353926,0.00038682700000000045,1054,-0.06804390497964535,815,-0.06314067843123658,239,-0.07681749150396708
premium_index_change_15m|HIGH_1P|15m|up_first_touch,premium_index_change_15m,HIGH_1P,HIGH,15m,up_first_touch,0,False,0.009250652574637974,0.00039385300000000076,715,0.009250652574637974,397,-0.012591884463539926,318,0.036731779290219646,0.00038682700000000045,708,-0.01581327076141542,541,-0.011630293031354044,167,-0.02932789759575616
premium_index_change_15m|HIGH_1P|30m|return_atr,premium_index_change_15m,HIGH_1P,HIGH,30m,return_atr,0,False,0.013870069974841012,0.00039385300000000076,1054,-0.013870069974841012,585,-0.13448472644032206,469,0.13439280403081247,0.00038682700000000045,1054,-0.05006417485012275,815,-0.044217746369064295,239,-0.10468586368678551
premium_index_change_15m|HIGH_1P|30m|excursion_bias_atr,premium_index_change_15m,HIGH_1P,HIGH,30m,excursion_bias_atr,0,False,0.054767296647539654,0.00039385300000000076,1054,-0.054767296647539654,585,-0.2259289970834837,469,0.16184746791638266,0.00038682700000000045,1054,-0.1030188816977558,815,-0.10902230143571918,239,-0.08679034434596745
premium_index_change_15m|HIGH_1P|30m|up_first_touch,premium_index_change_15m,HIGH_1P,HIGH,30m,up_first_touch,0,False,0.0006479109185233978,0.00039385300000000076,923,-0.0006479109185233978,501,-0.01608249469647094,422,0.01783864830574139,0.00038682700000000045,917,-0.011730113279597554,704,-0.006764069264069306,213,-0.025419702506994213
premium_index_change_15m|HIGH_1P|1h|return_atr,premium_index_change_15m,HIGH_1P,HIGH,1h,return_atr,0,False,0.05030704912584245,0.00039385300000000076,1054,0.05030704912584245,585,-0.05447281418651084,469,0.177313578399435,0.00038682700000000045,1054,-0.12189490227842238,815,-0.11425801726414711,239,-0.2153762648450498
premium_index_change_15m|HIGH_1P|1h|excursion_bias_atr,premium_index_change_15m,HIGH_1P,HIGH,1h,excursion_bias_atr,0,False,0.042265300410004626,0.00039385300000000076,1054,-0.042265300410004626,585,-0.17243603468211963,469,0.1233524706930657,0.00038682700000000045,1054,-0.22274223259795906,815,-0.19698346210506756,239,-0.34564058065909536
premium_index_change_15m|HIGH_1P|1h|up_first_touch,premium_index_change_15m,HIGH_1P,HIGH,1h,up_first_touch,0,False,0.0026139710902600144,0.00039385300000000076,1012,0.0026139710902600144,563,-0.0024087427505695147,449,0.009229764821398756,0.00038682700000000045,1009,-0.007737862724678413,780,-0.0003003211544248541,229,-0.03264261026932136
premium_index_change_15m|HIGH_1P|2h|return_atr,premium_index_change_15m,HIGH_1P,HIGH,2h,return_atr,0,False,0.01069323738355965,0.00039385300000000076,1054,0.01069323738355965,585,-0.18898949016646874,469,0.2526185812335249,0.00038682700000000045,1054,-0.09606563824879055,815,-0.2217803144876458,239,0.19153066393059387
premium_index_change_15m|HIGH_1P|2h|excursion_bias_atr,premium_index_change_15m,HIGH_1P,HIGH,2h,excursion_bias_atr,0,False,0.10105684638265518,0.00039385300000000076,1054,-0.10105684638265518,585,-0.34887060275262854,469,0.20788570875097323,0.00038682700000000045,1054,-0.30408169496945237,815,-0.3823717737407567,239,-0.1442954624441611
premium_index_change_15m|HIGH_1P|2h|up_first_touch,premium_index_change_15m,HIGH_1P,HIGH,2h,up_first_touch,0,False,0.0008485706755060329,0.00039385300000000076,1028,-0.0008485706755060329,571,-0.007045414108098391,457,0.007231056408529002,0.00038682700000000045,1040,-0.00669828805074707,806,0.0019478104756399106,234,-0.03512725518995108
premium_index_change_15m|HIGH_1P|4h|return_atr,premium_index_change_15m,HIGH_1P,HIGH,4h,return_atr,0,False,0.05338291570028633,0.00039385300000000076,1054,0.11861926611484594,585,0.013925936805596173,469,0.23774816257503598,0.00038682700000000045,1054,0.05338291570028633,815,-0.10583001107848725,239,0.31955907621022606
premium_index_change_15m|HIGH_1P|4h|excursion_bias_atr,premium_index_change_15m,HIGH_1P,HIGH,4h,excursion_bias_atr,0,False,0.16108211194516295,0.00039385300000000076,1054,-0.16108211194516295,585,-0.4193887218990071,469,0.15455921736434014,0.00038682700000000045,1054,-0.3005850654453283,815,-0.4774314769101374,239,0.058698838013586
premium_index_change_15m|HIGH_1P|4h|up_first_touch,premium_index_change_15m,HIGH_1P,HIGH,4h,up_first_touch,0,False,0.0008212641129883846,0.00039385300000000076,1034,-0.0008212641129883846,572,-0.006082405352688558,462,0.006030169484580128,0.00038682700000000045,1042,-0.007921044895616236,807,0.0012559367873353766,235,-0.03758041981747701
premium_index_change_1h|LOW_1P|15m|return_atr,premium_index_change_1h,LOW_1P,LOW,15m,return_atr,0,False,0.00070026202744533,-0.00048148040000000003,1054,0.029271655694179097,624,0.019126175110074257,430,0.04203342537017915,-0.0004767238,1054,-0.00070026202744533,851,0.005208672405157794,203,-0.04765622975364414
premium_index_change_1h|LOW_1P|15m|excursion_bias_atr,premium_index_change_1h,LOW_1P,LOW,15m,excursion_bias_atr,-1,True,0.05828058711741277,-0.00048148040000000003,1054,-0.05828058711741277,624,-0.0912885235233641,430,-0.00539877484641541,-0.0004767238,1054,-0.14203382792465727,851,-0.12813700048012994,203,-0.18977741204576937
premium_index_change_1h|LOW_1P|15m|up_first_touch,premium_index_change_1h,LOW_1P,LOW,15m,up_first_touch,0,False,0.00219822093950528,-0.00048148040000000003,659,0.00219822093950528,375,-0.010885755160433275,284,0.019746218124483073,-0.0004767238,668,-0.027814691648454903,525,-0.02751621856607811,143,-0.028867280368671866
premium_index_change_1h|LOW_1P|30m|return_atr,premium_index_change_1h,LOW_1P,LOW,30m,return_atr,0,False,0.004452802294843626,-0.00048148040000000003,1054,0.06343202436247511,624,-0.019861236311419776,430,0.1803970957203674,-0.0004767238,1054,-0.004452802294843626,851,0.009572636496218364,203,-0.10913856122352376
premium_index_change_1h|LOW_1P|30m|excursion_bias_atr,premium_index_change_1h,LOW_1P,LOW,30m,excursion_bias_atr,0,False,0.07676776494237988,-0.00048148040000000003,1054,-0.07676776494237988,624,-0.1831341373427481,430,0.08316655389564578,-0.0004767238,1054,-0.24083092332115089,851,-0.2077612924141063,203,-0.38507683876811455
premium_index_change_1h|LOW_1P|30m|up_first_touch,premium_index_change_1h,LOW_1P,LOW,30m,up_first_touch,0,False,0.01754737379178062,-0.00048148040000000003,904,0.01754737379178062,531,-0.003711755947979234,373,0.04816786066105189,-0.0004767238,913,-0.018380687022969966,737,-0.014947583511016382,176,-0.028994179673020704
premium_index_change_1h|LOW_1P|1h|return_atr,premium_index_change_1h,LOW_1P,LOW,1h,return_atr,0,False,0.08699998680810675,-0.00048148040000000003,1054,0.13963147522389233,624,0.027967757924330483,430,0.2950729774858722,-0.0004767238,1054,0.08699998680810675,851,0.1252154514034702,203,-0.16242894334995067
premium_index_change_1h|LOW_1P|1h|excursion_bias_atr,premium_index_change_1h,LOW_1P,LOW,1h,excursion_bias_atr,0,False,0.05483708322423816,-0.00048148040000000003,1054,-0.05483708322423816,624,-0.21084905742193025,430,0.17737916710880228,-0.0004767238,1054,-0.17740408514874012,851,-0.14085967260327525,203,-0.3769883603962738
premium_index_change_1h|LOW_1P|1h|up_first_touch,premium_index_change_1h,LOW_1P,LOW,1h,up_first_touch,0,False,0.012590738566242266,-0.00048148040000000003,1008,0.017494923471212342,595,0.0029676173849589316,413,0.03896493094250725,-0.0004767238,1015,-0.012590738566242266,820,-0.012245286757927076,195,-0.01347342428790832
premium_index_change_1h|LOW_1P|2h|return_atr,premium_index_change_1h,LOW_1P,LOW,2h,return_atr,0,False,0.17375541634299058,-0.00048148040000000003,1054,0.17375541634299058,624,0.07458192320327386,430,0.30488143106347,-0.0004767238,1054,0.21755052147137235,851,0.2616289496340716,203,-0.15391204634351474
premium_index_change_1h|LOW_1P|2h|excursion_bias_atr,premium_index_change_1h,LOW_1P,LOW,2h,excursion_bias_atr,0,False,0.03361684738683918,-0.00048148040000000003,1054,-0.08905557486729647,624,-0.263014005166707,430,0.16309259241074764,-0.0004767238,1054,-0.03361684738683918,851,0.052696828410751545,203,-0.537269370856391
premium_index_change_1h|LOW_1P|2h|up_first_touch,premium_index_change_1h,LOW_1P,LOW,2h,up_first_touch,0,False,0.011713000139365382,-0.00048148040000000003,1038,0.011713000139365382,616,-0.005402136195118201,422,0.037305620586611854,-0.0004767238,1036,-0.012530631383090407,838,-0.011083926437843061,198,-0.016867736930432864
premium_index_change_1h|LOW_1P|4h|return_atr,premium_index_change_1h,LOW_1P,LOW,4h,return_atr,0,False,0.06631822395966527,-0.00048148040000000003,1054,0.06631822395966527,624,-0.09376169196243242,430,0.2780937115135337,-0.0004767238,1054,0.2089502219428471,851,0.1913523714383665,203,-0.08345053990924506
premium_index_change_1h|LOW_1P|4h|excursion_bias_atr,premium_index_change_1h,LOW_1P,LOW,4h,excursion_bias_atr,0,False,0.08753400519299537,-0.00048148040000000003,1054,-0.18879009076351186,624,-0.35168178158420926,430,0.03585272825262324,-0.0004767238,1054,-0.08753400519299537,851,-0.0638993229713864,203,-0.5091536378642992
premium_index_change_1h|LOW_1P|4h|up_first_touch,premium_index_change_1h,LOW_1P,LOW,4h,up_first_touch,0,False,0.013075861135718847,-0.00048148040000000003,1047,0.013075861135718847,620,-0.0020445077664039135,427,0.03565901058883114,-0.0004767238,1043,-0.013183253606278478,840,-0.012312836446865372,203,-0.014396267212928193
premium_index_change_1h|LOW_2P|15m|return_atr,premium_index_change_1h,LOW_2P,LOW,15m,return_atr,0,False,0.004853470874195038,-0.0003839714,2108,0.004853470874195038,1249,-0.023373181888783342,859,0.043922404286060986,-0.0003826004,2108,-0.016345791713251463,1592,0.0032902923192301235,516,-0.09144754327145624
premium_index_change_1h|LOW_2P|15m|excursion_bias_atr,premium_index_change_1h,LOW_2P,LOW,15m,excursion_bias_atr,0,False,0.07763110085416304,-0.0003839714,2108,-0.07763110085416304,1249,-0.12862115426872117,859,0.0015219454584975496,-0.0003826004,2108,-0.15180723816154074,1592,-0.1157870506338778,516,-0.25605863325391004
premium_index_change_1h|LOW_2P|15m|up_first_touch,premium_index_change_1h,LOW_2P,LOW,15m,up_first_touch,0,False,0.009384115798350301,-0.0003839714,1337,-0.009384115798350301,780,-0.028270370545048662,557,0.017400907481450734,-0.0003826004,1392,-0.01625161091337335,1037,-0.007248964123317381,355,-0.042518417963471444
premium_index_change_1h|LOW_2P|30m|return_atr,premium_index_change_1h,LOW_2P,LOW,30m,return_atr,0,False,0.01030643935438464,-0.0003839714,2108,0.026342803246466873,1249,-0.0044343690807556665,859,0.06716218246506557,-0.0003826004,2108,0.01030643935438464,1592,0.0048040226735140655,516,-0.0027494433235034504
premium_index_change_1h|LOW_2P|30m|excursion_bias_atr,premium_index_change_1h,LOW_2P,LOW,30m,excursion_bias_atr,0,False,0.10899089568554358,-0.0003839714,2108,-0.10899089568554358,1249,-0.18222776232995716,859,0.003110546013801359,-0.0003826004,2108,-0.18637821746850555,1592,-0.16575505266801166,516,-0.2536804292519842
premium_index_change_1h|LOW_2P|30m|up_first_touch,premium_index_change_1h,LOW_2P,LOW,30m,up_first_touch,0,False,0.00371994016346211,-0.0003839714,1808,0.00371994016346211,1061,-0.013614292552220297,747,0.028694076336981678,-0.0003826004,1813,-0.012214317689647147,1365,-0.006845238095238126,448,-0.026153270582111587
premium_index_change_1h|LOW_2P|1h|return_atr,premium_index_change_1h,LOW_2P,LOW,1h,return_atr,1,True,0.05290368255804171,-0.0003839714,2108,0.05290368255804171,1249,0.016298884892227555,859,0.09948616310334343,-0.0003826004,2108,0.10352205225049668,1592,0.09652425372024603,516,0.06671986782829883
premium_index_change_1h|LOW_2P|1h|excursion_bias_atr,premium_index_change_1h,LOW_2P,LOW,1h,excursion_bias_atr,0,False,0.10984691477281842,-0.0003839714,2108,-0.10984691477281842,1249,-0.18277146304376574,859,0.0020399709766193634,-0.0003826004,2108,-0.12708824920915712,1592,-0.13341695863300027,516,-0.13791904781897735
premium_index_change_1h|LOW_2P|1h|up_first_touch,premium_index_change_1h,LOW_2P,LOW,1h,up_first_touch,0,False,0.0049222605813761255,-0.0003839714,2015,0.007824889204403884,1188,-0.0062930565815974004,827,0.028641436061801306,-0.0003826004,2037,-0.0049222605813761255,1539,0.0006043622063988119,498,-0.021629124009873102
premium_index_change_1h|LOW_2P|2h|return_atr,premium_index_change_1h,LOW_2P,LOW,2h,return_atr,0,False,0.011868594031299196,-0.0003839714,2108,0.011868594031299196,1249,-0.08158745669965692,859,0.1348853188677499,-0.0003826004,2108,0.31499068601435354,1592,0.3535785440046913,516,0.07377044379530981
premium_index_change_1h|LOW_2P|2h|excursion_bias_atr,premium_index_change_1h,LOW_2P,LOW,2h,excursion_bias_atr,0,False,0.05118469904061321,-0.0003839714,2108,-0.23058578515689054,1249,-0.3561538235756437,859,-0.04830346012390597,-0.0003826004,2108,0.05118469904061321,1592,0.10498054741210089,516,-0.2075959454750265
premium_index_change_1h|LOW_2P|2h|up_first_touch,premium_index_change_1h,LOW_2P,LOW,2h,up_first_touch,0,False,0.002562633459015251,-0.0003839714,2084,0.002562633459015251,1234,-0.013490077427305791,850,0.026466479242870544,-0.0003826004,2079,-0.0035768724293314125,1574,0.00315855202330817,505,-0.0233983899957394
premium_index_change_1h|LOW_2P|4h|return_atr,premium_index_change_1h,LOW_2P,LOW,4h,return_atr,0,False,0.0014273004707787973,-0.0003839714,2108,0.0014273004707787973,1249,-0.1402132733534192,859,0.18672152791669858,-0.0003826004,2108,0.4474012863713911,1592,0.3692979766439827,516,0.44876046099065425
premium_index_change_1h|LOW_2P|4h|excursion_bias_atr,premium_index_change_1h,LOW_2P,LOW,4h,excursion_bias_atr,0,False,0.22465268555076084,-0.0003839714,2108,-0.275178724918571,1249,-0.4243997061024777,859,-0.07002113054505689,-0.0003826004,2108,0.22465268555076084,1592,0.18530221378676417,516,0.13500059492828942
premium_index_change_1h|LOW_2P|4h|up_first_touch,premium_index_change_1h,LOW_2P,LOW,4h,up_first_touch,0,False,0.0032858713250767946,-0.0003839714,2095,0.0032858713250767946,1240,-0.011721927121242592,855,0.025677773342710375,-0.0003826004,2089,-0.0043032461527266475,1577,0.0027685416972901833,512,-0.024498637902583387
premium_index_change_1h|HIGH_2P|15m|return_atr,premium_index_change_1h,HIGH_2P,HIGH,15m,return_atr,0,False,0.0008972644009840568,0.0003742414000000001,2108,0.0008972644009840568,1233,-0.06797122419010138,875,0.09616009111374804,0.00037926280000000033,2108,-0.01881069403858327,1565,-0.014314591896221952,543,-0.04488128482781828
premium_index_change_1h|HIGH_2P|15m|excursion_bias_atr,premium_index_change_1h,HIGH_2P,HIGH,15m,excursion_bias_atr,0,False,0.0017233579582833433,0.0003742414000000001,2108,0.026880379787315896,1233,-0.050431545843353714,875,0.1403529694794473,0.00037926280000000033,2108,-0.0017233579582833433,1565,0.010997324556350344,543,-0.03217217388797904
premium_index_change_1h|HIGH_2P|15m|up_first_touch,premium_index_change_1h,HIGH_2P,HIGH,15m,up_first_touch,0,False,0.0029569462809316827,0.0003742414000000001,1396,0.0029569462809316827,817,-0.013966946510902467,579,0.027183762214585072,0.00037926280000000033,1383,-0.017504509409895175,1008,-0.01120669475655428,375,-0.034405741907133414
premium_index_change_1h|HIGH_2P|30m|return_atr,premium_index_change_1h,HIGH_2P,HIGH,30m,return_atr,0,False,0.017691461626493266,0.0003742414000000001,2108,-0.017691461626493266,1233,-0.10974378980708452,875,0.10847161918928458,0.00037926280000000033,2108,-0.07276341794814067,1565,-0.09943359742413467,543,-0.02301846355446528
premium_index_change_1h|HIGH_2P|30m|excursion_bias_atr,premium_index_change_1h,HIGH_2P,HIGH,30m,excursion_bias_atr,0,False,0.028683945246262325,0.0003742414000000001,2108,0.028683945246262325,1233,-0.084322384289501,875,0.1929981483608961,0.00037926280000000033,2108,-0.07280619967605326,1565,-0.08846563139139262,543,-0.030991703502066578
premium_index_change_1h|HIGH_2P|30m|up_first_touch,premium_index_change_1h,HIGH_2P,HIGH,30m,up_first_touch,0,False,0.0026589520940349942,0.0003742414000000001,1801,-0.0026589520940349942,1053,-0.019437607832023196,748,0.021304446516451747,0.00037926280000000033,1802,-0.027032993757728607,1320,-0.026650432900432952,482,-0.026023602532319057
premium_index_change_1h|HIGH_2P|1h|return_atr,premium_index_change_1h,HIGH_2P,HIGH,1h,return_atr,0,False,0.0874080955095703,0.0003742414000000001,2108,-0.0874080955095703,1233,-0.2199697389389541,875,0.09338972492293632,0.00037926280000000033,2108,-0.15232040799191893,1565,-0.21042668582218918,543,-0.0375838546846599
premium_index_change_1h|HIGH_2P|1h|excursion_bias_atr,premium_index_change_1h,HIGH_2P,HIGH,1h,excursion_bias_atr,0,False,0.04187144876081774,0.0003742414000000001,2108,-0.04187144876081774,1233,-0.22741226772062179,875,0.2248705198737548,0.00037926280000000033,2108,-0.16310375396310817,1565,-0.2176690942118949,543,-0.03325381993540778
premium_index_change_1h|HIGH_2P|1h|up_first_touch,premium_index_change_1h,HIGH_2P,HIGH,1h,up_first_touch,0,False,0.0028532257288254592,0.0003742414000000001,2012,-0.0028532257288254592,1189,-0.016797597363682304,823,0.017838066785801965,0.00037926280000000033,2019,-0.026800572727913308,1500,-0.02517211602621977,519,-0.031170178400847404
premium_index_change_1h|HIGH_2P|2h|return_atr,premium_index_change_1h,HIGH_2P,HIGH,2h,return_atr,0,False,0.07282808703599956,0.0003742414000000001,2108,-0.0947231298195309,1233,-0.22892627205720914,875,0.08276114086136206,0.00037926280000000033,2108,-0.07282808703599956,1565,-0.13070005295437914,543,-0.016359372326084524
premium_index_change_1h|HIGH_2P|2h|excursion_bias_atr,premium_index_change_1h,HIGH_2P,HIGH,2h,excursion_bias_atr,0,False,0.14313029270831154,0.0003742414000000001,2108,-0.14313029270831154,1233,-0.34993126352125664,875,0.1480147178801837,0.00037926280000000033,2108,-0.23543353409369924,1565,-0.3219299912151936,543,-0.06995029636975394
premium_index_change_1h|HIGH_2P|2h|up_first_touch,premium_index_change_1h,HIGH_2P,HIGH,2h,up_first_touch,0,False,0.005644778779107129,0.0003742414000000001,2072,-0.005644778779107129,1217,-0.01579334728476811,855,0.00936293607121591,0.00037926280000000033,2082,-0.027821653158262016,1549,-0.026881322864207913,533,-0.02949873736631131
premium_index_change_1h|HIGH_2P|4h|return_atr,premium_index_change_1h,HIGH_2P,HIGH,4h,return_atr,-1,True,0.04872101341338082,0.0003742414000000001,2108,-0.06884927576620817,1233,-0.046586229321912004,875,-0.11887825713919932,0.00037926280000000033,2108,-0.04872101341338082,1565,-0.09211853871141037,543,-0.14002670132632852
premium_index_change_1h|HIGH_2P|4h|excursion_bias_atr,premium_index_change_1h,HIGH_2P,HIGH,4h,excursion_bias_atr,-1,True,0.22381223386279808,0.0003742414000000001,2108,-0.23296603555126547,1233,-0.23531064632443094,875,-0.24033255964795677,0.00037926280000000033,2108,-0.22381223386279808,1565,-0.31855591073746176,543,-0.14134731980611281
premium_index_change_1h|HIGH_2P|4h|up_first_touch,premium_index_change_1h,HIGH_2P,HIGH,4h,up_first_touch,0,False,0.007244797903785349,0.0003742414000000001,2089,-0.007244797903785349,1222,-0.016051160002294285,867,0.005738074036775398,0.00037926280000000033,2093,-0.02722173919422427,1552,-0.0265740048317451,541,-0.02765396368816564
premium_index_change_1h|HIGH_1P|15m|return_atr,premium_index_change_1h,HIGH_1P,HIGH,15m,return_atr,0,False,0.033768336232547456,0.0004755193000000011,1054,0.0343383466477168,597,-0.023793818743772625,457,0.10893243950143977,0.00047872570000000007,1054,-0.033768336232547456,817,-0.02335123514742967,237,-0.08670494895560027
premium_index_change_1h|HIGH_1P|15m|excursion_bias_atr,premium_index_change_1h,HIGH_1P,HIGH,15m,excursion_bias_atr,0,False,0.04825331774386638,0.0004755193000000011,1054,0.055197874213062256,597,-0.011582495495743587,457,0.14585724323406069,0.00047872570000000007,1054,-0.04825331774386638,817,-0.02249435940509284,237,-0.12898230671981817
premium_index_change_1h|HIGH_1P|15m|up_first_touch,premium_index_change_1h,HIGH_1P,HIGH,15m,up_first_touch,0,False,0.0114315225521181,0.0004755193000000011,708,0.0114315225521181,396,0.0037809115062333865,312,0.021371353552435468,0.00047872570000000007,707,-0.02928628876539502,538,-0.020113138374893813,169,-0.05845307918523995
premium_index_change_1h|HIGH_1P|30m|return_atr,premium_index_change_1h,HIGH_1P,HIGH,30m,return_atr,0,False,0.05202054097753276,0.0004755193000000011,1054,0.05202054097753276,597,-0.0717108937517981,457,0.21097375321705053,0.00047872570000000007,1054,-0.10005157326393213,817,-0.11568139506381374,237,-0.08138984246237638
premium_index_change_1h|HIGH_1P|30m|excursion_bias_atr,premium_index_change_1h,HIGH_1P,HIGH,30m,excursion_bias_atr,0,False,0.09007795008141124,0.0004755193000000011,1054,0.09007795008141124,597,-0.05580898893278729,457,0.2844879256761512,0.00047872570000000007,1054,-0.12569032879248307,817,-0.1288205563101899,237,-0.11920823133997617
premium_index_change_1h|HIGH_1P|30m|up_first_touch,premium_index_change_1h,HIGH_1P,HIGH,30m,up_first_touch,0,False,0.005408862413778137,0.0004755193000000011,896,0.005408862413778137,506,-0.0030492726031082773,390,0.01663558596523823,0.00047872570000000007,892,-0.03297432451627791,686,-0.027544946550048632,206,-0.04830132883453875
premium_index_change_1h|HIGH_1P|1h|return_atr,premium_index_change_1h,HIGH_1P,HIGH,1h,return_atr,0,False,0.03575199704216637,0.0004755193000000011,1054,0.03575199704216637,597,-0.07825572043606066,457,0.18015348173897067,0.00047872570000000007,1054,-0.2078826656853977,817,-0.27685203515783646,237,-0.03860345781506667
premium_index_change_1h|HIGH_1P|1h|excursion_bias_atr,premium_index_change_1h,HIGH_1P,HIGH,1h,excursion_bias_atr,0,False,0.08276841032755677,0.0004755193000000011,1054,0.08276841032755677,597,-0.11674296664638871,457,0.34739348279911947,0.00047872570000000007,1054,-0.24819834864443024,817,-0.3138774978923932,237,-0.05738422931763522
premium_index_change_1h|HIGH_1P|1h|up_first_touch,premium_index_change_1h,HIGH_1P,HIGH,1h,up_first_touch,0,False,0.007136584155586656,0.0004755193000000011,995,0.007136584155586656,572,0.00031145002290922097,423,0.016801094858728882,0.00047872570000000007,1009,-0.025577307719723053,785,-0.01873899500711146,224,-0.04909613491061893
premium_index_change_1h|HIGH_1P|2h|return_atr,premium_index_change_1h,HIGH_1P,HIGH,2h,return_atr,0,False,0.016938386868190033,0.0004755193000000011,1054,0.016938386868190033,597,-0.07526760695542015,457,0.12861112552285014,0.00047872570000000007,1054,-0.1812438912143833,817,-0.2773077803069996,237,0.006647888101497634
premium_index_change_1h|HIGH_1P|2h|excursion_bias_atr,premium_index_change_1h,HIGH_1P,HIGH,2h,excursion_bias_atr,0,False,0.02245706589306645,0.0004755193000000011,1054,-0.02245706589306645,597,-0.17073095887773923,457,0.17103820208809709,0.00047872570000000007,1054,-0.357085138330239,817,-0.5169223616160725,237,0.08508084921189199
premium_index_change_1h|HIGH_1P|2h|up_first_touch,premium_index_change_1h,HIGH_1P,HIGH,2h,up_first_touch,0,False,0.002556571258977569,0.0004755193000000011,1029,0.002556571258977569,585,0.005192824399842366,444,-0.0004916553623228181,0.00047872570000000007,1043,-0.027281480026556504,811,-0.022081280833989136,232,-0.04407950983186093
premium_index_change_1h|HIGH_1P|4h|return_atr,premium_index_change_1h,HIGH_1P,HIGH,4h,return_atr,-1,True,0.04229404368517503,0.0004755193000000011,1054,-0.04229404368517503,597,-0.001019857017900222,457,-0.11029638354855772,0.00047872570000000007,1054,-0.23495991955487125,817,-0.3553753678394211,237,-0.1008588654833103
premium_index_change_1h|HIGH_1P|4h|excursion_bias_atr,premium_index_change_1h,HIGH_1P,HIGH,4h,excursion_bias_atr,0,False,0.06562372074822506,0.0004755193000000011,1054,-0.06562372074822506,597,0.009579753498802815,457,-0.17192037545340266,0.00047872570000000007,1054,-0.4555820413995259,817,-0.6333780915488236,237,-0.09019139171773916
premium_index_change_1h|HIGH_1P|4h|up_first_touch,premium_index_change_1h,HIGH_1P,HIGH,4h,up_first_touch,0,False,0.0007989460055639053,0.0004755193000000011,1040,-0.0007989460055639053,587,0.003555316380433493,453,-0.006025104160097439,0.00047872570000000007,1046,-0.02890951023106836,811,-0.02215665066799155,235,-0.050346377264285536
taker_imbalance_diff_change_15m|LOW_1P|15m|return_atr,taker_imbalance_diff_change_15m,LOW_1P,LOW,15m,return_atr,0,False,0.007396589547476021,-0.761164672181214,1054,0.04150699816752547,353,-0.00048074278497763773,701,0.06470964792121053,-0.7557956129419803,1054,-0.007396589547476021,383,-0.020830282906523702,671,0.00316716952656659
taker_imbalance_diff_change_15m|LOW_1P|15m|excursion_bias_atr,taker_imbalance_diff_change_15m,LOW_1P,LOW,15m,excursion_bias_atr,0,False,0.01042748899327697,-0.761164672181214,1054,0.01758105070152212,353,-0.0523425107447302,701,0.04756114723878244,-0.7557956129419803,1054,0.01042748899327697,383,0.04099692066968354,671,-0.008393630719425935
taker_imbalance_diff_change_15m|LOW_1P|15m|up_first_touch,taker_imbalance_diff_change_15m,LOW_1P,LOW,15m,up_first_touch,0,False,0.009790929073175969,-0.761164672181214,706,-0.009790929073175969,245,-0.0431578640039707,461,0.007563577814074018,-0.7557956129419803,701,0.026015593572828677,250,0.04162663857677906,451,0.01735479024364267
taker_imbalance_diff_change_15m|LOW_1P|30m|return_atr,taker_imbalance_diff_change_15m,LOW_1P,LOW,30m,return_atr,1,True,0.050519166373968694,-0.761164672181214,1054,0.05839556620349217,353,0.18097135099657613,701,0.000773885594040246,-0.7557956129419803,1054,0.050519166373968694,383,0.12637650178074109,671,0.013211701241999874
taker_imbalance_diff_change_15m|LOW_1P|30m|excursion_bias_atr,taker_imbalance_diff_change_15m,LOW_1P,LOW,30m,excursion_bias_atr,1,True,0.07557369423844054,-0.761164672181214,1054,0.0907284279227521,353,0.1606550590423677,701,0.04965593823581776,-0.7557956129419803,1054,0.07557369423844054,383,0.13855570459316713,671,0.04035715574141123
taker_imbalance_diff_change_15m|LOW_1P|30m|up_first_touch,taker_imbalance_diff_change_15m,LOW_1P,LOW,30m,up_first_touch,0,False,0.00417929219586044,-0.761164672181214,944,0.00417929219586044,316,-0.009778646696268822,628,0.010805110708011434,-0.7557956129419803,929,0.021871524484769533,340,0.02214635854341729,589,0.021225761675952914
taker_imbalance_diff_change_15m|LOW_1P|1h|return_atr,taker_imbalance_diff_change_15m,LOW_1P,LOW,1h,return_atr,0,False,0.055718523549783024,-0.761164672181214,1054,-0.055718523549783024,353,0.01589210667071099,701,-0.08484349344470682,-0.7557956129419803,1053,0.08680088681229378,383,0.1735628315953479,670,0.048832790087571354
taker_imbalance_diff_change_15m|LOW_1P|1h|excursion_bias_atr,taker_imbalance_diff_change_15m,LOW_1P,LOW,1h,excursion_bias_atr,0,False,0.011849867224981716,-0.761164672181214,1054,0.011849867224981716,353,0.14176274828695679,701,-0.059682615841458155,-0.7557956129419803,1053,0.17112621492840147,383,0.22485681125400694,670,0.1464569869941707
taker_imbalance_diff_change_15m|LOW_1P|1h|up_first_touch,taker_imbalance_diff_change_15m,LOW_1P,LOW,1h,up_first_touch,0,False,0.00020781132125136104,-0.761164672181214,1039,0.00020781132125136104,348,-0.022054115446104527,691,0.010841321617494903,-0.7557956129419803,1023,0.011982019043222769,368,0.0021104926694324178,655,0.017452392897450875
taker_imbalance_diff_change_15m|LOW_1P|2h|return_atr,taker_imbalance_diff_change_15m,LOW_1P,LOW,2h,return_atr,0,False,0.02918124499121038,-0.761164672181214,1054,-0.03504575266009001,353,0.2697408699030489,701,-0.175073271612803,-0.7557956129419803,1053,-0.02918124499121038,383,0.08485155526405115,670,-0.07002244402886819
taker_imbalance_diff_change_15m|LOW_1P|2h|excursion_bias_atr,taker_imbalance_diff_change_15m,LOW_1P,LOW,2h,excursion_bias_atr,0,False,0.07987425266026284,-0.761164672181214,1054,0.07987425266026284,353,0.5033847793546874,701,-0.13308235154103656,-0.7557956129419803,1053,0.13047689577143834,383,0.3087972718727606,670,0.047035433666258425
taker_imbalance_diff_change_15m|LOW_1P|2h|up_first_touch,taker_imbalance_diff_change_15m,LOW_1P,LOW,2h,up_first_touch,0,False,0.0007743139849782366,-0.761164672181214,1048,-0.0007743139849782366,350,-0.024233305026287066,698,0.010356585428611342,-0.7557956129419803,1042,0.00963679241581139,376,-0.003549523350451611,666,0.016847796785100844
taker_imbalance_diff_change_15m|LOW_1P|4h|return_atr,taker_imbalance_diff_change_15m,LOW_1P,LOW,4h,return_atr,0,False,0.12170666465808405,-0.761164672181214,1054,-0.31232609631549724,353,0.041987509538181256,701,-0.4691168396784323,-0.7557956129419803,1053,-0.12170666465808405,383,0.16528660313340007,670,-0.23795400672887365
taker_imbalance_diff_change_15m|LOW_1P|4h|excursion_bias_atr,taker_imbalance_diff_change_15m,LOW_1P,LOW,4h,excursion_bias_atr,0,False,0.14622149054919717,-0.761164672181214,1054,-0.1925157148182788,353,0.35028029210279654,701,-0.45347906573548297,-0.7557956129419803,1053,0.14622149054919717,383,0.5670168555205464,670,-0.05220971014671216
taker_imbalance_diff_change_15m|LOW_1P|4h|up_first_touch,taker_imbalance_diff_change_15m,LOW_1P,LOW,4h,up_first_touch,0,False,0.0012425919687523157,-0.761164672181214,1049,-0.0012425919687523157,351,-0.02550742477770801,698,0.010297153694257766,-0.7557956129419803,1046,0.009331407550958348,378,-0.0035826777167066726,668,0.01631816598963215
taker_imbalance_diff_change_15m|LOW_2P|15m|return_atr,taker_imbalance_diff_change_15m,LOW_2P,LOW,15m,return_atr,0,False,0.019251826963264232,-0.6472309529938366,2108,0.019251826963264232,771,0.02234781109334756,1337,0.01921541608909175,-0.6549409039706305,2107,-0.022306034900605308,794,-0.05305175803049739,1313,-0.0010524869971800755
taker_imbalance_diff_change_15m|LOW_2P|15m|excursion_bias_atr,taker_imbalance_diff_change_15m,LOW_2P,LOW,15m,excursion_bias_atr,0,False,0.0010637829982560118,-0.6472309529938366,2108,0.03119985249987269,771,0.015679045721497836,1337,0.035706922581283884,-0.6549409039706305,2107,0.0010637829982560118,794,-0.01711434007283006,1313,0.010795468624698698
taker_imbalance_diff_change_15m|LOW_2P|15m|up_first_touch,taker_imbalance_diff_change_15m,LOW_2P,LOW,15m,up_first_touch,0,False,0.004165560841575433,-0.6472309529938366,1404,-0.004165560841575433,524,-0.015303057959415445,880,0.0021405843216661946,-0.6549409039706305,1399,0.01568622645814821,522,0.0057952209522579845,877,0.021566892072342025
taker_imbalance_diff_change_15m|LOW_2P|30m|return_atr,taker_imbalance_diff_change_15m,LOW_2P,LOW,30m,return_atr,0,False,0.0026502982401533483,-0.6472309529938366,2108,0.038502454148647884,771,0.11887804935161973,1337,-0.004361835908915226,-0.6549409039706305,2107,-0.0026502982401533483,794,0.08003540124446615,1313,-0.04714715295580191
taker_imbalance_diff_change_15m|LOW_2P|30m|excursion_bias_atr,taker_imbalance_diff_change_15m,LOW_2P,LOW,30m,excursion_bias_atr,0,False,0.017377893766816137,-0.6472309529938366,2108,0.08852279975383896,771,0.1535258590055462,1337,0.04606049397579022,-0.6549409039706305,2107,0.017377893766816137,794,0.05999226400671784,1313,-0.007718471689024023
taker_imbalance_diff_change_15m|LOW_2P|30m|up_first_touch,taker_imbalance_diff_change_15m,LOW_2P,LOW,30m,up_first_touch,0,False,0.00019198822416632844,-0.6472309529938366,1873,0.00019198822416632844,679,-0.0037478120734988907,1194,0.0020884915186463737,-0.6549409039706305,1851,0.01571769264569728,698,0.01173847045981713,1153,0.01767261840314427
taker_imbalance_diff_change_15m|LOW_2P|1h|return_atr,taker_imbalance_diff_change_15m,LOW_2P,LOW,1h,return_atr,0,False,0.02921512821055413,-0.6472309529938366,2107,-0.02921512821055413,771,0.04267104336760838,1336,-0.06481497604190364,-0.6549409039706305,2106,0.0336606685974364,794,0.045984159612186055,1312,0.03689702000752496
taker_imbalance_diff_change_15m|LOW_2P|1h|excursion_bias_atr,taker_imbalance_diff_change_15m,LOW_2P,LOW,1h,excursion_bias_atr,0,False,0.04987157207372973,-0.6472309529938366,2107,0.04987157207372973,771,0.15158348958710768,1336,-0.014012945348369324,-0.6549409039706305,2106,0.09118573756478113,794,0.10133956705023739,1312,0.0906005019389137
taker_imbalance_diff_change_15m|LOW_2P|1h|up_first_touch,taker_imbalance_diff_change_15m,LOW_2P,LOW,1h,up_first_touch,0,False,4.175078323104264e-05,-0.6472309529938366,2071,-4.175078323104264e-05,759,-0.010026038575448926,1312,0.005245640208437707,-0.6549409039706305,2042,0.008568368462026188,764,0.0009011824030996096,1278,0.013082492408853452
taker_imbalance_diff_change_15m|LOW_2P|2h|return_atr,taker_imbalance_diff_change_15m,LOW_2P,LOW,2h,return_atr,0,False,0.04065193512138972,-0.6472309529938366,2107,0.04065193512138972,771,0.24496411648840388,1336,-0.06583939991712608,-0.6549409039706305,2106,-0.11530885858489201,794,-0.06072282722950014,1312,-0.12595367679315816
taker_imbalance_diff_change_15m|LOW_2P|2h|excursion_bias_atr,taker_imbalance_diff_change_15m,LOW_2P,LOW,2h,excursion_bias_atr,0,False,0.03178140116833006,-0.6472309529938366,2107,0.1497110851664799,771,0.41960340954518455,1336,-0.0057803852815045235,-0.6549409039706305,2106,-0.03178140116833006,794,0.05546740621377194,1312,-0.06757412427528844
taker_imbalance_diff_change_15m|LOW_2P|2h|up_first_touch,taker_imbalance_diff_change_15m,LOW_2P,LOW,2h,up_first_touch,0,False,0.0006547053140732451,-0.6472309529938366,2094,0.0006547053140732451,766,-0.008716706742064761,1328,0.005525657130893313,-0.6549409039706305,2088,0.009146834259892489,782,-0.0006858894602627674,1306,0.014819735032689962
taker_imbalance_diff_change_15m|LOW_2P|4h|return_atr,taker_imbalance_diff_change_15m,LOW_2P,LOW,4h,return_atr,0,False,0.11601295992197826,-0.6472309529938366,2107,-0.11601295992197826,771,0.1882612924785088,1336,-0.273249837363395,-0.6549409039706305,2106,-0.21813445464937753,794,-0.0897336258466992,1312,-0.2518656984798662
taker_imbalance_diff_change_15m|LOW_2P|4h|excursion_bias_atr,taker_imbalance_diff_change_15m,LOW_2P,LOW,4h,excursion_bias_atr,0,False,0.023329131646733923,-0.6472309529938366,2107,0.023329131646733923,771,0.43721670156413356,1336,-0.20502403866720598,-0.6549409039706305,2106,-0.13623540578833065,794,0.050156091555567744,1312,-0.2103015951016366
taker_imbalance_diff_change_15m|LOW_2P|4h|up_first_touch,taker_imbalance_diff_change_15m,LOW_2P,LOW,4h,up_first_touch,0,False,0.0004244133723019239,-0.6472309529938366,2097,0.0004244133723019239,768,-0.009915811529844776,1329,0.0058396151179536115,-0.6549409039706305,2093,0.009089775378159859,785,-0.00010476850631335743,1308,0.01431300200567348
taker_imbalance_diff_change_15m|HIGH_2P|15m|return_atr,taker_imbalance_diff_change_15m,HIGH_2P,HIGH,15m,return_atr,0,False,0.026340059555605422,0.6505705281970676,2108,0.03387961169853237,738,0.041683750762954316,1370,0.0315856776332775,0.6586965163180283,2108,-0.026340059555605422,817,-0.027462586839558444,1291,-0.02316350538895313
taker_imbalance_diff_change_15m|HIGH_2P|15m|excursion_bias_atr,taker_imbalance_diff_change_15m,HIGH_2P,HIGH,15m,excursion_bias_atr,0,False,0.024255981181731716,0.6505705281970676,2108,0.044944695361283454,738,0.08955264290923325,1370,0.01606247087470265,0.6586965163180283,2108,-0.024255981181731716,817,-0.024136602127778392,1291,-0.02550025668332362
taker_imbalance_diff_change_15m|HIGH_2P|15m|up_first_touch,taker_imbalance_diff_change_15m,HIGH_2P,HIGH,15m,up_first_touch,0,False,0.007251712035832636,0.6505705281970676,1393,0.021262761069158587,506,0.019591188186075303,887,0.02187000934985106,0.6586965163180283,1364,-0.007251712035832636,530,-0.011128078404353037,834,-0.004794231115766545
taker_imbalance_diff_change_15m|HIGH_2P|30m|return_atr,taker_imbalance_diff_change_15m,HIGH_2P,HIGH,30m,return_atr,0,False,0.02682385530059448,0.6505705281970676,2108,0.02682385530059448,738,0.01045429345151569,1370,0.03944838915750192,0.6586965163180283,2107,-0.034074178899864416,817,-0.047451024967890686,1290,-0.020507065880936325
taker_imbalance_diff_change_15m|HIGH_2P|30m|excursion_bias_atr,taker_imbalance_diff_change_15m,HIGH_2P,HIGH,30m,excursion_bias_atr,0,False,0.043377514366561176,0.6505705281970676,2108,0.0764283089562381,738,0.09491435816756927,1370,0.06103429717355013,0.6586965163180283,2107,-0.043377514366561176,817,-0.05016046956373374,1290,-0.038458307335618544
taker_imbalance_diff_change_15m|HIGH_2P|30m|up_first_touch,taker_imbalance_diff_change_15m,HIGH_2P,HIGH,30m,up_first_touch,0,False,0.0025933391245691606,0.6505705281970676,1834,0.010239492184770493,651,0.008255925237853956,1183,0.010972018763209579,0.6586965163180283,1863,-0.0025933391245691606,726,-0.006333628492719401,1137,-0.0006200691748996512
taker_imbalance_diff_change_15m|HIGH_2P|1h|return_atr,taker_imbalance_diff_change_15m,HIGH_2P,HIGH,1h,return_atr,0,False,0.00120473457249793,0.6505705281970676,2108,0.00120473457249793,738,0.0012360327073196453,1370,0.007621919292998922,0.6586965163180283,2107,-0.0056113974163774834,817,-0.011991188586577231,1290,0.008339282657060442
taker_imbalance_diff_change_15m|HIGH_2P|1h|excursion_bias_atr,taker_imbalance_diff_change_15m,HIGH_2P,HIGH,1h,excursion_bias_atr,0,False,0.0006708348383027973,0.6505705281970676,2108,0.08896845717270051,738,0.0631717626945403,1370,0.09719420598771557,0.6586965163180283,2107,0.0006708348383027973,817,-0.021927300758475876,1290,0.020135005984346505
taker_imbalance_diff_change_15m|HIGH_2P|1h|up_first_touch,taker_imbalance_diff_change_15m,HIGH_2P,HIGH,1h,up_first_touch,0,False,0.003355181672200225,0.6505705281970676,2066,0.009390350567510752,723,0.0017332647227322195,1343,0.012975989989597536,0.6586965163180283,2061,-0.003355181672200225,800,-0.006422116026219726,1261,-0.001472366926026203
taker_imbalance_diff_change_15m|HIGH_2P|2h|return_atr,taker_imbalance_diff_change_15m,HIGH_2P,HIGH,2h,return_atr,0,False,0.012763988549813352,0.6505705281970676,2107,-0.012763988549813352,738,0.043145185946483144,1369,-0.030434260438566688,0.6586965163180283,2107,0.04792662606234353,817,0.11320072376660696,1290,0.027335288407044737
taker_imbalance_diff_change_15m|HIGH_2P|2h|excursion_bias_atr,taker_imbalance_diff_change_15m,HIGH_2P,HIGH,2h,excursion_bias_atr,1,True,0.057714351169147915,0.6505705281970676,2107,0.1372026842968758,738,0.13619128450308898,1369,0.13803435436331313,0.6586965163180283,2107,0.057714351169147915,817,0.14899638418798455,1290,0.015664704336281837
taker_imbalance_diff_change_15m|HIGH_2P|2h|up_first_touch,taker_imbalance_diff_change_15m,HIGH_2P,HIGH,2h,up_first_touch,0,False,0.0020879520859958256,0.6505705281970676,2094,0.008773138933939495,736,0.0016207322407936764,1358,0.012069875240444838,0.6586965163180283,2095,-0.0020879520859958256,814,-0.006627311002707359,1281,0.0006020428344288842
taker_imbalance_diff_change_15m|HIGH_2P|4h|return_atr,taker_imbalance_diff_change_15m,HIGH_2P,HIGH,4h,return_atr,0,False,0.01579494068226034,0.6505705281970676,2107,-0.01579494068226034,738,0.06533096607791777,1369,-0.039478500583197754,0.6586965163180283,2107,0.09606959582761784,817,0.04345875400809343,1290,0.17014568563175478
taker_imbalance_diff_change_15m|HIGH_2P|4h|excursion_bias_atr,taker_imbalance_diff_change_15m,HIGH_2P,HIGH,4h,excursion_bias_atr,1,True,0.10907372543897059,0.6505705281970676,2107,0.10907372543897059,738,0.2968169032782956,1369,0.019332073350461016,0.6586965163180283,2107,0.20423891132907296,817,0.18677868248104296,1290,0.2511965186217765
taker_imbalance_diff_change_15m|HIGH_2P|4h|up_first_touch,taker_imbalance_diff_change_15m,HIGH_2P,HIGH,4h,up_first_touch,0,False,0.00164282535444088,0.6505705281970676,2096,0.008295299443643323,737,0.0010149748790200253,1359,0.011634939990012971,0.6586965163180283,2100,-0.00164282535444088,817,-0.006050086548864575,1283,0.0008965540303862429
taker_imbalance_diff_change_15m|HIGH_1P|15m|return_atr,taker_imbalance_diff_change_15m,HIGH_1P,HIGH,15m,return_atr,0,False,0.019497489312588698,0.7585449106518967,1054,0.07975565127664633,338,0.11139431535767935,716,0.0670127479947657,0.7586810859672283,1054,-0.019497489312588698,385,-0.004875984219899218,669,-0.025048538389548083
taker_imbalance_diff_change_15m|HIGH_1P|15m|excursion_bias_atr,taker_imbalance_diff_change_15m,HIGH_1P,HIGH,15m,excursion_bias_atr,0,False,0.027664127313810218,0.7585449106518967,1054,0.0816352017116028,338,0.14619329963448305,716,0.04558890442630654,0.7586810859672283,1054,-0.027664127313810218,385,0.014118114360576261,669,-0.05306619894603994
taker_imbalance_diff_change_15m|HIGH_1P|15m|up_first_touch,taker_imbalance_diff_change_15m,HIGH_1P,HIGH,15m,up_first_touch,0,False,0.0036638782310419726,0.7585449106518967,692,0.031858680384977967,236,0.03344192845538596,456,0.03064935625149079,0.7586810859672283,678,-0.0036638782310419726,254,0.021437662198826257,424,-0.018707628699586254
taker_imbalance_diff_change_15m|HIGH_1P|30m|return_atr,taker_imbalance_diff_change_15m,HIGH_1P,HIGH,30m,return_atr,0,False,0.008278856849803722,0.7585449106518967,1054,0.008278856849803722,338,0.0005140901082652805,716,0.016313979899723517,0.7586810859672283,1053,-0.046052213131867976,385,-0.029503140862350986,668,-0.049678711266016896
taker_imbalance_diff_change_15m|HIGH_1P|30m|excursion_bias_atr,taker_imbalance_diff_change_15m,HIGH_1P,HIGH,30m,excursion_bias_atr,0,False,0.054979965276921394,0.7585449106518967,1054,0.08951565680209495,338,0.1612852767842634,716,0.049395539376642754,0.7586810859672283,1053,-0.054979965276921394,385,0.0025125173885161,668,-0.08739238846690021
taker_imbalance_diff_change_15m|HIGH_1P|30m|up_first_touch,taker_imbalance_diff_change_15m,HIGH_1P,HIGH,30m,up_first_touch,0,False,0.0011834648654812097,0.7585449106518967,923,0.01018632526782548,302,0.029369647376998043,621,0.0004458176015568749,0.7586810859672283,940,-0.0011834648654812097,351,0.011713980463980422,589,-0.00933450997090618
taker_imbalance_diff_change_15m|HIGH_1P|1h|return_atr,taker_imbalance_diff_change_15m,HIGH_1P,HIGH,1h,return_atr,0,False,0.010605641831871175,0.7585449106518967,1054,-0.010605641831871175,338,0.029521164876204944,716,-0.022162483062701074,0.7586810859672283,1053,-0.044041167180244964,385,-0.043710418458122804,668,-0.0327342157410174
taker_imbalance_diff_change_15m|HIGH_1P|1h|excursion_bias_atr,taker_imbalance_diff_change_15m,HIGH_1P,HIGH,1h,excursion_bias_atr,0,False,0.04482050671186262,0.7585449106518967,1054,0.11934242176879566,338,0.16625791939565887,716,0.0906858567932934,0.7586810859672283,1053,-0.04482050671186262,385,-0.04156217088862016,668,-0.04072115796247176
taker_imbalance_diff_change_15m|HIGH_1P|1h|up_first_touch,taker_imbalance_diff_change_15m,HIGH_1P,HIGH,1h,up_first_touch,0,False,0.007045265688645996,0.7585449106518967,1037,0.00791773193886175,332,0.018868194483268097,705,0.002143884456837608,0.7586810859672283,1026,-0.007045265688645996,376,0.0074874584418653245,650,-0.015524706339190397
taker_imbalance_diff_change_15m|HIGH_1P|2h|return_atr,taker_imbalance_diff_change_15m,HIGH_1P,HIGH,2h,return_atr,-1,True,0.06458355461488235,0.7585449106518967,1053,-0.06458355461488235,338,-0.03049497087254943,715,-0.06639130858054462,0.7586810859672283,1053,-0.08680651750486494,385,-0.010389029839474484,668,-0.10677908395044942
taker_imbalance_diff_change_15m|HIGH_1P|2h|excursion_bias_atr,taker_imbalance_diff_change_15m,HIGH_1P,HIGH,2h,excursion_bias_atr,0,False,0.05785971661164688,0.7585449106518967,1053,0.08355993509761421,338,0.11144059905721725,715,0.070708644121967,0.7586810859672283,1053,-0.05785971661164688,385,0.08895525443799751,668,-0.1241905656681582
taker_imbalance_diff_change_15m|HIGH_1P|2h|up_first_touch,taker_imbalance_diff_change_15m,HIGH_1P,HIGH,2h,up_first_touch,0,False,0.006169211863776114,0.7585449106518967,1050,0.006852003717675359,337,0.017691239272144443,713,0.0010593346178396357,0.7586810859672283,1045,-0.006169211863776114,383,0.00834564913996555,662,-0.014792604945935317
taker_imbalance_diff_change_15m|HIGH_1P|4h|return_atr,taker_imbalance_diff_change_15m,HIGH_1P,HIGH,4h,return_atr,0,False,0.05085522026412739,0.7585449106518967,1053,-0.05085522026412739,338,0.05098271024138745,715,-0.0759951747628813,0.7586810859672283,1053,0.06997029911979936,385,0.06247432195644281,668,0.12156253731427441
taker_imbalance_diff_change_15m|HIGH_1P|4h|excursion_bias_atr,taker_imbalance_diff_change_15m,HIGH_1P,HIGH,4h,excursion_bias_atr,0,False,0.09607176330284953,0.7585449106518967,1053,0.09607176330284953,338,0.43093063823472544,715,-0.04907006745323306,0.7586810859672283,1053,0.16846981918858336,385,0.2096482472707489,668,0.18637582057463206
taker_imbalance_diff_change_15m|HIGH_1P|4h|up_first_touch,taker_imbalance_diff_change_15m,HIGH_1P,HIGH,4h,up_first_touch,0,False,0.005460974158290333,0.7585449106518967,1052,0.005898918867205893,338,0.016241424663449078,714,0.0003006049314862036,0.7586810859672283,1049,-0.005460974158290333,385,0.008249934115905133,664,-0.013721152962824334
taker_imbalance_diff_change_1h|LOW_1P|15m|return_atr,taker_imbalance_diff_change_1h,LOW_1P,LOW,15m,return_atr,1,True,0.0031116153342740926,-0.7675719956589858,1054,0.0365763618594427,346,0.06752035588299207,708,0.023576116883314478,-0.774675609291401,1054,0.0031116153342740926,380,0.005339079040826044,674,0.004800141750637757
taker_imbalance_diff_change_1h|LOW_1P|15m|excursion_bias_atr,taker_imbalance_diff_change_1h,LOW_1P,LOW,15m,excursion_bias_atr,1,True,0.030709814588105545,-0.7675719956589858,1054,0.0461491588020483,346,0.06655207913035069,708,0.030786965303411698,-0.774675609291401,1054,0.030709814588105545,380,0.0287775990625167,674,0.030403848308889286
taker_imbalance_diff_change_1h|LOW_1P|15m|up_first_touch,taker_imbalance_diff_change_1h,LOW_1P,LOW,15m,up_first_touch,0,False,0.002263465004926135,-0.7675719956589858,721,0.002263465004926135,239,-0.01923164079502182,482,0.012514028305068647,-0.774675609291401,698,-0.003283524755879008,253,0.043223476521443094,445,-0.02973158460376263
taker_imbalance_diff_change_1h|LOW_1P|30m|return_atr,taker_imbalance_diff_change_1h,LOW_1P,LOW,30m,return_atr,0,False,0.07463508107137626,-0.7675719956589858,1054,0.10053034785666448,346,0.21617594162461717,708,0.048243304387540695,-0.774675609291401,1054,-0.07463508107137626,380,-0.06217094856620896,674,-0.07557103850278343
taker_imbalance_diff_change_1h|LOW_1P|30m|excursion_bias_atr,taker_imbalance_diff_change_1h,LOW_1P,LOW,30m,excursion_bias_atr,0,False,0.026940036658973973,-0.7675719956589858,1054,0.1585581014357087,346,0.2515663483117083,708,0.10706566971936861,-0.774675609291401,1054,-0.026940036658973973,380,-0.03955357339257887,674,-0.019083338168375846
taker_imbalance_diff_change_1h|LOW_1P|30m|up_first_touch,taker_imbalance_diff_change_1h,LOW_1P,LOW,30m,up_first_touch,0,False,0.004774262492335757,-0.7675719956589858,951,-0.004774262492335757,314,-0.02896755260612932,637,0.006745476075128376,-0.774675609291401,942,-0.005413938732762247,348,0.024681855500821026,594,-0.023522799201640188
taker_imbalance_diff_change_1h|LOW_1P|1h|return_atr,taker_imbalance_diff_change_1h,LOW_1P,LOW,1h,return_atr,0,False,0.008601632814301749,-0.7675719956589858,1054,-0.008601632814301749,346,0.14742914762892673,708,-0.07770587250413466,-0.774675609291401,1053,-0.07551952496071995,380,0.02282424114824954,673,-0.11922413675072889
taker_imbalance_diff_change_1h|LOW_1P|1h|excursion_bias_atr,taker_imbalance_diff_change_1h,LOW_1P,LOW,1h,excursion_bias_atr,0,False,0.019568224176881713,-0.7675719956589858,1054,0.1615555860369633,346,0.3176656484445625,708,0.07896462096303912,-0.774675609291401,1053,-0.019568224176881713,380,0.014020010007477907,673,-0.03238646516193085
taker_imbalance_diff_change_1h|LOW_1P|1h|up_first_touch,taker_imbalance_diff_change_1h,LOW_1P,LOW,1h,up_first_touch,0,False,0.0021271161730253563,-0.7675719956589858,1027,0.0021271161730253563,338,-0.022819265415498557,689,0.01377138448257137,-0.774675609291401,1032,-0.0060082739845796485,371,0.022348099607203464,661,-0.021999744160672963
taker_imbalance_diff_change_1h|LOW_1P|2h|return_atr,taker_imbalance_diff_change_1h,LOW_1P,LOW,2h,return_atr,0,False,0.05415423084306389,-0.7675719956589858,1053,-0.05415423084306389,346,0.014994610934068786,707,-0.07414978053615658,-0.774675609291401,1053,-0.19382708011927008,380,-0.15131990708805704,673,-0.19307509712344884
taker_imbalance_diff_change_1h|LOW_1P|2h|excursion_bias_atr,taker_imbalance_diff_change_1h,LOW_1P,LOW,2h,excursion_bias_atr,0,False,0.12377500885086713,-0.7675719956589858,1053,0.12377500885086713,346,0.3693548234898052,707,0.003908319301440102,-0.774675609291401,1053,-0.1799813229274386,380,-0.027199303684871223,673,-0.24744341987822807
taker_imbalance_diff_change_1h|LOW_1P|2h|up_first_touch,taker_imbalance_diff_change_1h,LOW_1P,LOW,2h,up_first_touch,0,False,0.005444016891821057,-0.7675719956589858,1041,0.005444016891821057,340,-0.02213246469015262,701,0.0181657324106142,-0.774675609291401,1049,-0.006130897862289153,380,0.017587094790645852,669,-0.01983462554754567
taker_imbalance_diff_change_1h|LOW_1P|4h|return_atr,taker_imbalance_diff_change_1h,LOW_1P,LOW,4h,return_atr,0,False,0.18444192205900362,-0.7675719956589858,1053,-0.2072735447048362,346,0.041482529041587446,707,-0.3067524766983608,-0.774675609291401,1053,-0.18444192205900362,380,-0.11478197802471804,673,-0.17516334650221418
taker_imbalance_diff_change_1h|LOW_1P|4h|excursion_bias_atr,taker_imbalance_diff_change_1h,LOW_1P,LOW,4h,excursion_bias_atr,0,False,0.051808674573529404,-0.7675719956589858,1053,-0.051808674573529404,346,0.4964183660693274,707,-0.3073753994080698,-0.774675609291401,1053,-0.1288312581068426,380,-0.02880112478659158,673,-0.14249322760691685
taker_imbalance_diff_change_1h|LOW_1P|4h|up_first_touch,taker_imbalance_diff_change_1h,LOW_1P,LOW,4h,up_first_touch,0,False,0.005443740582568246,-0.7675719956589858,1043,0.006402912538576555,340,-0.022063483098472225,703,0.019482103989146293,-0.774675609291401,1051,-0.005443740582568246,380,0.017511724956643437,671,-0.018764425905563986
taker_imbalance_diff_change_1h|LOW_2P|15m|return_atr,taker_imbalance_diff_change_1h,LOW_2P,LOW,15m,return_atr,0,False,0.023663222842159902,-0.6611802988907812,2108,0.03700105313545667,761,0.07854706579198792,1347,0.015327841049003432,-0.6728755126155811,2108,-0.023663222842159902,808,-0.01854184820169227,1300,-0.024301890825609688
taker_imbalance_diff_change_1h|LOW_2P|15m|excursion_bias_atr,taker_imbalance_diff_change_1h,LOW_2P,LOW,15m,excursion_bias_atr,0,False,0.0019681208278240422,-0.6611802988907812,2108,0.058504502807617514,761,0.08942239612223177,1347,0.036467778506709785,-0.6728755126155811,2108,0.0019681208278240422,808,-0.003253285382602361,1300,0.004007595214195171
taker_imbalance_diff_change_1h|LOW_2P|15m|up_first_touch,taker_imbalance_diff_change_1h,LOW_2P,LOW,15m,up_first_touch,0,False,0.004917317257920051,-0.6611802988907812,1433,-0.009953032783967142,511,-0.00698229788711302,922,-0.011959198758594136,-0.6728755126155811,1385,0.004917317257920051,528,0.022884214334354835,857,-0.0061583673447063725
taker_imbalance_diff_change_1h|LOW_2P|30m|return_atr,taker_imbalance_diff_change_1h,LOW_2P,LOW,30m,return_atr,0,False,0.04953361033767149,-0.6611802988907812,2108,0.04953361033767149,761,0.17825303021917482,1347,-0.019603223432470642,-0.6728755126155811,2108,-0.09111100539403982,808,-0.0786459078341684,1300,-0.09359445440728908
taker_imbalance_diff_change_1h|LOW_2P|30m|excursion_bias_atr,taker_imbalance_diff_change_1h,LOW_2P,LOW,30m,excursion_bias_atr,0,False,0.05366583374865773,-0.6611802988907812,2108,0.1304807592203773,761,0.2538689297596906,1347,0.05565281023683982,-0.6728755126155811,2108,-0.05366583374865773,808,-0.06696160065490596,1300,-0.04475799507527334
taker_imbalance_diff_change_1h|LOW_2P|30m|up_first_touch,taker_imbalance_diff_change_1h,LOW_2P,LOW,30m,up_first_touch,0,False,0.0016352336037207538,-0.6611802988907812,1894,-0.0016352336037207538,682,-0.004451797147287773,1212,-0.00039919443587876913,-0.6728755126155811,1855,-0.009100537756460192,717,0.0025590257023311302,1138,-0.016871636135714407
taker_imbalance_diff_change_1h|LOW_2P|1h|return_atr,taker_imbalance_diff_change_1h,LOW_2P,LOW,1h,return_atr,0,False,0.04014982587292982,-0.6611802988907812,2108,-0.04014982587292982,761,0.10879311037739912,1347,-0.1182377703299296,-0.6728755126155811,2107,-0.08737639042900777,808,-0.03228154951963158,1299,-0.11142093355828701
taker_imbalance_diff_change_1h|LOW_2P|1h|excursion_bias_atr,taker_imbalance_diff_change_1h,LOW_2P,LOW,1h,excursion_bias_atr,0,False,0.040837602996554964,-0.6611802988907812,2108,0.11053934752308806,761,0.3203277471464568,1347,-0.013322328354077397,-0.6728755126155811,2107,-0.040837602996554964,808,-0.056283663284923874,1299,-0.02591399091043571
taker_imbalance_diff_change_1h|LOW_2P|1h|up_first_touch,taker_imbalance_diff_change_1h,LOW_2P,LOW,1h,up_first_touch,0,False,0.006005443958477075,-0.6611802988907812,2064,0.006005443958477075,744,0.00649612556242346,1320,0.005222543386560419,-0.6728755126155811,2056,-0.010427180267570613,787,-0.004701976254936402,1269,-0.014043224857708925
taker_imbalance_diff_change_1h|LOW_2P|2h|return_atr,taker_imbalance_diff_change_1h,LOW_2P,LOW,2h,return_atr,-1,True,0.11127179234412365,-0.6611802988907812,2107,-0.15687902296176418,761,-0.0878156284333993,1346,-0.18418514147334608,-0.6728755126155811,2107,-0.11127179234412365,808,-0.007997968334413463,1299,-0.15410134126964775
taker_imbalance_diff_change_1h|LOW_2P|2h|excursion_bias_atr,taker_imbalance_diff_change_1h,LOW_2P,LOW,2h,excursion_bias_atr,0,False,0.026643205700949475,-0.6611802988907812,2107,0.026643205700949475,761,0.31191364705994007,1346,-0.13437296965217418,-0.6728755126155811,2107,-0.11006714448631186,808,0.020571268167398835,1299,-0.17506306902698202
taker_imbalance_diff_change_1h|LOW_2P|2h|up_first_touch,taker_imbalance_diff_change_1h,LOW_2P,LOW,2h,up_first_touch,0,False,0.008542240788113276,-0.6611802988907812,2091,0.008542240788113276,752,0.006997698013226583,1339,0.008855443790601603,-0.6728755126155811,2097,-0.009712209036771058,804,-0.004277267607887825,1293,-0.013293713634831839
taker_imbalance_diff_change_1h|LOW_2P|4h|return_atr,taker_imbalance_diff_change_1h,LOW_2P,LOW,4h,return_atr,0,False,0.1399414864126307,-0.6611802988907812,2107,-0.2801812865192927,761,-0.13202484142376064,1346,-0.34506604047128997,-0.6728755126155811,2107,-0.1399414864126307,808,0.07337958493843183,1299,-0.2305809432661782
taker_imbalance_diff_change_1h|LOW_2P|4h|excursion_bias_atr,taker_imbalance_diff_change_1h,LOW_2P,LOW,4h,excursion_bias_atr,0,False,0.09845924859201238,-0.6611802988907812,2107,-0.16833177462826462,761,0.126570383147909,1346,-0.3242655040382347,-0.6728755126155811,2107,-0.09845924859201238,808,0.10505025340305603,1299,-0.18800635910943364
taker_imbalance_diff_change_1h|LOW_2P|4h|up_first_touch,taker_imbalance_diff_change_1h,LOW_2P,LOW,4h,up_first_touch,0,False,0.009019496421574125,-0.6611802988907812,2093,0.009019496421574125,752,0.007066679604906978,1341,0.009531142784211188,-0.6728755126155811,2102,-0.009725377119200018,807,-0.004939850077596453,1295,-0.01298500373269923
taker_imbalance_diff_change_1h|HIGH_2P|15m|return_atr,taker_imbalance_diff_change_1h,HIGH_2P,HIGH,15m,return_atr,0,False,0.015526077484841954,0.6593306401288523,2108,-0.015526077484841954,767,0.02467435692486624,1341,-0.036750283418073744,0.6737194931143194,2108,-0.01769665926825014,796,-0.01784617150034821,1312,-0.014958766744188182
taker_imbalance_diff_change_1h|HIGH_2P|15m|excursion_bias_atr,taker_imbalance_diff_change_1h,HIGH_2P,HIGH,15m,excursion_bias_atr,0,False,0.02572929413240086,0.6593306401288523,2108,-0.02572929413240086,767,0.009713080355909294,1341,-0.05049486844803282,0.6737194931143194,2108,-0.04524126466477959,796,-0.04688224420469983,1312,-0.04550017968687397
taker_imbalance_diff_change_1h|HIGH_2P|15m|up_first_touch,taker_imbalance_diff_change_1h,HIGH_2P,HIGH,15m,up_first_touch,-1,True,0.019884922189504994,0.6593306401288523,1410,-0.02328418847084135,526,-0.009527073284641141,884,-0.0317960672620442,0.6737194931143194,1407,-0.019884922189504994,555,-0.04352651457637413,852,-0.004490248949386932
taker_imbalance_diff_change_1h|HIGH_2P|30m|return_atr,taker_imbalance_diff_change_1h,HIGH_2P,HIGH,30m,return_atr,0,False,0.0010062887626165092,0.6593306401288523,2108,-0.0010062887626165092,767,0.018365490768823448,1341,-0.008561003652489638,0.6737194931143194,2108,0.04020927975191575,796,0.09180146382200143,1312,0.014384489611042005
taker_imbalance_diff_change_1h|HIGH_2P|30m|excursion_bias_atr,taker_imbalance_diff_change_1h,HIGH_2P,HIGH,30m,excursion_bias_atr,0,False,0.004600607379048743,0.6593306401288523,2108,0.010772503026234757,767,0.03605474474212311,1341,-0.008722102254570947,0.6737194931143194,2108,-0.004600607379048743,796,0.025296986689840775,1312,-0.022069693892406872
taker_imbalance_diff_change_1h|HIGH_2P|30m|up_first_touch,taker_imbalance_diff_change_1h,HIGH_2P,HIGH,30m,up_first_touch,-1,True,0.01599865106331083,0.6593306401288523,1855,-0.01599865106331083,679,-0.0037478120734988907,1176,-0.02340889336495533,0.6737194931143194,1874,-0.01614860939646512,720,-0.03839285714285717,1154,-0.0027022307207597573
taker_imbalance_diff_change_1h|HIGH_2P|1h|return_atr,taker_imbalance_diff_change_1h,HIGH_2P,HIGH,1h,return_atr,0,False,0.05047719870813793,0.6593306401288523,2107,0.05047719870813793,767,0.06499474929567185,1340,0.04812013698425157,0.6737194931143194,2108,0.08611787323522309,796,0.26872839357985856,1312,-0.014021412054696559
taker_imbalance_diff_change_1h|HIGH_2P|1h|excursion_bias_atr,taker_imbalance_diff_change_1h,HIGH_2P,HIGH,1h,excursion_bias_atr,1,True,0.0652915199270928,0.6593306401288523,2107,0.0652915199270928,767,0.09563879756254008,1340,0.042674834000128004,0.6737194931143194,2108,0.0936261860458116,796,0.24526777941746453,1312,0.0071617344014391765
taker_imbalance_diff_change_1h|HIGH_2P|1h|up_first_touch,taker_imbalance_diff_change_1h,HIGH_2P,HIGH,1h,up_first_touch,-1,True,0.016048171420646407,0.6593306401288523,2063,-0.016048171420646407,753,-0.00482418459479711,1310,-0.022992816317348896,0.6737194931143194,2053,-0.020921692426866756,776,-0.03898654901591048,1277,-0.010011785430811382
taker_imbalance_diff_change_1h|HIGH_2P|2h|return_atr,taker_imbalance_diff_change_1h,HIGH_2P,HIGH,2h,return_atr,0,False,0.0011041990738639706,0.6593306401288523,2107,-0.0011041990738639706,767,-0.0011100509876553755,1340,0.010445899761346786,0.6737194931143194,2108,0.1326399797064614,796,0.32561618857059427,1312,0.037860766238106774
taker_imbalance_diff_change_1h|HIGH_2P|2h|excursion_bias_atr,taker_imbalance_diff_change_1h,HIGH_2P,HIGH,2h,excursion_bias_atr,1,True,0.0975576345613322,0.6593306401288523,2107,0.0975576345613322,767,0.08841788808918752,1340,0.10305437010623872,0.6737194931143194,2108,0.175874586932089,796,0.33097504624123103,1312,0.09871527116397844
taker_imbalance_diff_change_1h|HIGH_2P|2h|up_first_touch,taker_imbalance_diff_change_1h,HIGH_2P,HIGH,2h,up_first_touch,-1,True,0.016363365803396146,0.6593306401288523,2087,-0.016363365803396146,762,-0.0048482281608952515,1325,-0.023522421977995145,0.6737194931143194,2094,-0.019044001076975847,792,-0.03471221408761044,1302,-0.009722552365893422
taker_imbalance_diff_change_1h|HIGH_2P|4h|return_atr,taker_imbalance_diff_change_1h,HIGH_2P,HIGH,4h,return_atr,0,False,0.0139271509676209,0.6593306401288523,2107,-0.0139271509676209,767,-0.1485916690644081,1340,0.08172116540774169,0.6737194931143194,2108,0.1580982958525604,796,0.3930392604064755,1312,0.05935833287097597
taker_imbalance_diff_change_1h|HIGH_2P|4h|excursion_bias_atr,taker_imbalance_diff_change_1h,HIGH_2P,HIGH,4h,excursion_bias_atr,1,True,0.11505252097645777,0.6593306401288523,2107,0.11505252097645777,767,0.0502014650075178,1340,0.16279188318619858,0.6737194931143194,2108,0.2200033474653198,796,0.5095969269282152,1312,0.08288603029961067
taker_imbalance_diff_change_1h|HIGH_2P|4h|up_first_touch,taker_imbalance_diff_change_1h,HIGH_2P,HIGH,4h,up_first_touch,-1,True,0.016551262522698784,0.6593306401288523,2092,-0.016551262522698784,763,-0.004111898795026048,1329,-0.024258202790248096,0.6737194931143194,2098,-0.018807018009577292,795,-0.03401094965441254,1303,-0.009817973090610999
taker_imbalance_diff_change_1h|HIGH_1P|15m|return_atr,taker_imbalance_diff_change_1h,HIGH_1P,HIGH,15m,return_atr,0,False,0.033617809381249544,0.7664929701543137,1054,-0.033617809381249544,370,-0.015349390774886227,684,-0.041599344552077595,0.7767290148479431,1054,0.04622953888258236,382,0.03104759086352904,672,0.05777188561238823
taker_imbalance_diff_change_1h|HIGH_1P|15m|excursion_bias_atr,taker_imbalance_diff_change_1h,HIGH_1P,HIGH,15m,excursion_bias_atr,0,False,0.021885653478989405,0.7664929701543137,1054,-0.04989669018566032,370,-0.05314010950273687,684,-0.0529705057286924,0.7767290148479431,1054,0.021885653478989405,382,0.048364113283802336,672,0.0054538399380414625
taker_imbalance_diff_change_1h|HIGH_1P|15m|up_first_touch,taker_imbalance_diff_change_1h,HIGH_1P,HIGH,15m,up_first_touch,0,False,0.004645919045051683,0.7664929701543137,711,-0.03290803262202191,268,-0.040995207896751706,443,-0.028333456310387972,0.7767290148479431,705,0.004645919045051683,265,-0.01867524821567379,440,0.01868516718377561
taker_imbalance_diff_change_1h|HIGH_1P|30m|return_atr,taker_imbalance_diff_change_1h,HIGH_1P,HIGH,30m,return_atr,0,False,0.010074976514781817,0.7664929701543137,1054,-0.010074976514781817,370,-0.04801199832452443,684,0.014233973638120179,0.7767290148479431,1054,0.11409141419113814,382,0.16263905174733115,672,0.09251901494425542
taker_imbalance_diff_change_1h|HIGH_1P|30m|excursion_bias_atr,taker_imbalance_diff_change_1h,HIGH_1P,HIGH,30m,excursion_bias_atr,0,False,0.014983479358408837,0.7664929701543137,1054,-0.014983479358408837,370,-0.06857626940993614,684,0.008598095119262539,0.7767290148479431,1054,0.07808647445592361,382,0.10317120188546919,672,0.06456405305629127
taker_imbalance_diff_change_1h|HIGH_1P|30m|up_first_touch,taker_imbalance_diff_change_1h,HIGH_1P,HIGH,30m,up_first_touch,0,False,0.0035838152421560077,0.7664929701543137,927,-0.023289945183694538,329,-0.041193367176435014,598,-0.013799196643457357,0.7767290148479431,933,0.0035838152421560077,350,-0.021130952380952417,583,0.017961223414457828
taker_imbalance_diff_change_1h|HIGH_1P|1h|return_atr,taker_imbalance_diff_change_1h,HIGH_1P,HIGH,1h,return_atr,1,True,0.05650486161767262,0.7664929701543137,1053,0.05650486161767262,370,0.0545271803144871,683,0.0639668223400254,0.7767290148479431,1054,0.15727235378170695,382,0.31709524335525424,672,0.07813815429551509
taker_imbalance_diff_change_1h|HIGH_1P|1h|excursion_bias_atr,taker_imbalance_diff_change_1h,HIGH_1P,HIGH,1h,excursion_bias_atr,1,True,0.07113043835216677,0.7664929701543137,1053,0.07113043835216677,370,0.0651739351006778,683,0.06872496115306623,0.7767290148479431,1054,0.20640851848984315,382,0.3466484376006397,672,0.13278041751474123
taker_imbalance_diff_change_1h|HIGH_1P|1h|up_first_touch,taker_imbalance_diff_change_1h,HIGH_1P,HIGH,1h,up_first_touch,0,False,0.0026379889935068124,0.7664929701543137,1033,-0.021103357080117513,365,-0.03591807387784757,668,-0.013535395281557894,0.7767290148479431,1029,-0.0026379889935068124,373,-0.02064128492702405,656,0.007524074148614501
taker_imbalance_diff_change_1h|HIGH_1P|2h|return_atr,taker_imbalance_diff_change_1h,HIGH_1P,HIGH,2h,return_atr,0,False,0.05067319745345989,0.7664929701543137,1053,-0.05067319745345989,370,-0.021962449907427836,683,-0.053830716872092704,0.7767290148479431,1054,0.19651570752871717,382,0.24524310771786417,672,0.193347115916375
taker_imbalance_diff_change_1h|HIGH_1P|2h|excursion_bias_atr,taker_imbalance_diff_change_1h,HIGH_1P,HIGH,2h,excursion_bias_atr,1,True,0.0432030739331299,0.7664929701543137,1053,0.0432030739331299,370,0.030104330158176845,683,0.05058378623030271,0.7767290148479431,1054,0.3331922387253998,382,0.36980160641362714,672,0.33101669589806826
taker_imbalance_diff_change_1h|HIGH_1P|2h|up_first_touch,taker_imbalance_diff_change_1h,HIGH_1P,HIGH,2h,up_first_touch,0,False,0.0005357505944663665,0.7664929701543137,1046,-0.02277013959471652,370,-0.03890511969810173,676,-0.014511592459183043,0.7767290148479431,1047,0.0005357505944663665,380,-0.013991852577775243,667,0.008581659583431489
taker_imbalance_diff_change_1h|HIGH_1P|4h|return_atr,taker_imbalance_diff_change_1h,HIGH_1P,HIGH,4h,return_atr,0,False,0.11672935494531468,0.7664929701543137,1053,-0.11672935494531468,370,-0.33565470371613726,683,0.021800522506811637,0.7767290148479431,1054,0.2928564960283461,382,0.5243891876944089,672,0.20941588252483787
taker_imbalance_diff_change_1h|HIGH_1P|4h|excursion_bias_atr,taker_imbalance_diff_change_1h,HIGH_1P,HIGH,4h,excursion_bias_atr,0,False,0.043500965493846966,0.7664929701543137,1053,0.043500965493846966,370,-0.08616975198026448,683,0.12514667511892905,0.7767290148479431,1054,0.41709555586733593,382,0.5314641943293855,672,0.3945166828242474
taker_imbalance_diff_change_1h|HIGH_1P|4h|up_first_touch,taker_imbalance_diff_change_1h,HIGH_1P,HIGH,4h,up_first_touch,0,False,0.00025875892083265795,0.7664929701543137,1047,-0.023218312694271603,370,-0.038836138106421336,677,-0.015285540900554173,0.7767290148479431,1049,0.00025875892083265795,381,-0.01533120915027747,668,0.008833136049512469
spot_taker_imbalance_change_15m|LOW_1P|15m|return_atr,spot_taker_imbalance_change_15m,LOW_1P,LOW,15m,return_atr,1,True,0.07201564740162773,-0.887198885936469,1054,0.07734841869139697,361,0.047728142660792,693,0.09476371933733385,-0.8364390995611686,1054,0.07201564740162773,453,0.13914150454011454,601,0.023048774039836507
spot_taker_imbalance_change_15m|LOW_1P|15m|excursion_bias_atr,spot_taker_imbalance_change_15m,LOW_1P,LOW,15m,excursion_bias_atr,0,False,0.040300654906450586,-0.887198885936469,1054,0.040300654906450586,361,-0.0035097397423966593,693,0.05807853678988915,-0.8364390995611686,1054,0.07103841162922908,453,0.10501618541256186,601,0.04465597170458122
spot_taker_imbalance_change_15m|LOW_1P|15m|up_first_touch,spot_taker_imbalance_change_15m,LOW_1P,LOW,15m,up_first_touch,1,True,0.02238140671258637,-0.887198885936469,695,0.02238140671258637,241,0.001706222709552896,454,0.032977588726952556,-0.8364390995611686,653,0.031815664790275644,283,0.04319554317041863,370,0.023107771606380056
spot_taker_imbalance_change_15m|LOW_1P|30m|return_atr,spot_taker_imbalance_change_15m,LOW_1P,LOW,30m,return_atr,0,False,0.02928461647783924,-0.887198885936469,1054,0.033598031473072165,361,-0.05722753737644233,693,0.08486783811358714,-0.8364390995611686,1054,0.02928461647783924,453,0.13982500558527158,601,-0.050664449380141176
spot_taker_imbalance_change_15m|LOW_1P|30m|excursion_bias_atr,spot_taker_imbalance_change_15m,LOW_1P,LOW,30m,excursion_bias_atr,0,False,0.060540578711440605,-0.887198885936469,1054,0.060540578711440605,361,-0.018362712450679067,693,0.09599289892902642,-0.8364390995611686,1054,0.1025053090494766,453,0.24165410975752832,601,-0.001964938053662782
spot_taker_imbalance_change_15m|LOW_1P|30m|up_first_touch,spot_taker_imbalance_change_15m,LOW_1P,LOW,30m,up_first_touch,0,False,0.010151263014795187,-0.887198885936469,927,0.010151263014795187,319,-0.008092205682023346,608,0.019343075843780755,-0.8364390995611686,923,0.030640375064442005,403,0.043420625073850805,520,0.020481344802503743
spot_taker_imbalance_change_15m|LOW_1P|1h|return_atr,spot_taker_imbalance_change_15m,LOW_1P,LOW,1h,return_atr,0,False,0.059016233174038556,-0.887198885936469,1054,0.059016233174038556,361,-0.014300788727275235,693,0.10389657872204258,-0.8364390995611686,1054,0.10056889532316728,453,0.1696104850729546,601,0.05508515913331591
spot_taker_imbalance_change_15m|LOW_1P|1h|excursion_bias_atr,spot_taker_imbalance_change_15m,LOW_1P,LOW,1h,excursion_bias_atr,0,False,0.1128686791271795,-0.887198885936469,1054,0.1128686791271795,361,-0.07982016385651147,693,0.2073506262378374,-0.8364390995611686,1054,0.17827920356477434,453,0.35008269999654457,601,0.05219164273827187
spot_taker_imbalance_change_15m|LOW_1P|1h|up_first_touch,spot_taker_imbalance_change_15m,LOW_1P,LOW,1h,up_first_touch,0,False,0.008918529771152317,-0.887198885936469,1031,0.008918529771152317,357,-0.014399329393752547,674,0.020722498426574865,-0.8364390995611686,1030,0.02309724268585006,440,0.03664606579196211,590,0.012949869931996039
spot_taker_imbalance_change_15m|LOW_1P|2h|return_atr,spot_taker_imbalance_change_15m,LOW_1P,LOW,2h,return_atr,0,False,0.0035960006715463656,-0.887198885936469,1054,0.12854764212266567,361,-0.01738511848479421,693,0.21753950642373449,-0.8364390995611686,1054,-0.0035960006715463656,453,0.06160226316164989,601,-0.03900817669736163
spot_taker_imbalance_change_15m|LOW_1P|2h|excursion_bias_atr,spot_taker_imbalance_change_15m,LOW_1P,LOW,2h,excursion_bias_atr,1,True,0.19353414440947578,-0.887198885936469,1054,0.27823702653590165,361,0.007668556872825977,693,0.4194805025954407,-0.8364390995611686,1054,0.19353414440947578,453,0.3729790594275713,601,0.06870937232748323
spot_taker_imbalance_change_15m|LOW_1P|2h|up_first_touch,spot_taker_imbalance_change_15m,LOW_1P,LOW,2h,up_first_touch,0,False,0.009262575601931444,-0.887198885936469,1045,0.009262575601931444,361,-0.013667416621063466,684,0.02076644484314577,-0.8364390995611686,1049,0.024374345226366723,450,0.03776253338713703,599,0.014185702303306846
spot_taker_imbalance_change_15m|LOW_1P|4h|return_atr,spot_taker_imbalance_change_15m,LOW_1P,LOW,4h,return_atr,0,False,0.02487108712567221,-0.887198885936469,1054,-0.02487108712567221,361,-0.08769726693686716,693,0.028714030094181164,-0.8364390995611686,1054,0.08872183673650139,453,0.3014161340654191,601,-0.04460759164536396
spot_taker_imbalance_change_15m|LOW_1P|4h|excursion_bias_atr,spot_taker_imbalance_change_15m,LOW_1P,LOW,4h,excursion_bias_atr,1,True,0.11907989352271768,-0.887198885936469,1054,0.11907989352271768,361,0.12902683478868507,693,0.12582711794003207,-0.8364390995611686,1054,0.2789156805358993,453,0.5734546701707322,601,0.08068051631626771
spot_taker_imbalance_change_15m|LOW_1P|4h|up_first_touch,spot_taker_imbalance_change_15m,LOW_1P,LOW,4h,up_first_touch,0,False,0.00926730353436983,-0.887198885936469,1045,0.00926730353436983,361,-0.013598435029383071,684,0.020707013108792194,-0.8364390995611686,1050,0.02454765083603533,451,0.03872190117323815,599,0.013696531129136102
spot_taker_imbalance_change_15m|LOW_2P|15m|return_atr,spot_taker_imbalance_change_15m,LOW_2P,LOW,15m,return_atr,1,True,0.048496830603360505,-0.7702238486960569,2108,0.07945776527378445,798,0.07205459035198941,1310,0.08557855870423078,-0.7275398479159298,2108,0.048496830603360505,897,0.06721117430343572,1211,0.036354018200786625
spot_taker_imbalance_change_15m|LOW_2P|15m|excursion_bias_atr,spot_taker_imbalance_change_15m,LOW_2P,LOW,15m,excursion_bias_atr,1,True,0.029909580382468277,-0.7702238486960569,2108,0.058194857004522454,798,0.0479609766593748,1310,0.0603359434327084,-0.7275398479159298,2108,0.029909580382468277,897,0.024486528730363617,1211,0.03311180586549401
spot_taker_imbalance_change_15m|LOW_2P|15m|up_first_touch,spot_taker_imbalance_change_15m,LOW_2P,LOW,15m,up_first_touch,1,True,0.010749410216153055,-0.7702238486960569,1372,0.024822835493759632,527,0.02180747697112906,845,0.026400939351251984,-0.7275398479159298,1317,0.010749410216153055,580,0.0027300868526410893,737,0.01705694466003077
spot_taker_imbalance_change_15m|LOW_2P|30m|return_atr,spot_taker_imbalance_change_15m,LOW_2P,LOW,30m,return_atr,0,False,0.02932030033135584,-0.7702238486960569,2108,0.031093323021352287,798,-0.017868352491582678,1310,0.06412956708027265,-0.7275398479159298,2108,0.02932030033135584,897,0.13694011447924156,1211,-0.046838001784874905
spot_taker_imbalance_change_15m|LOW_2P|30m|excursion_bias_atr,spot_taker_imbalance_change_15m,LOW_2P,LOW,30m,excursion_bias_atr,0,False,0.042855030271146594,-0.7702238486960569,2108,0.0638511875423694,798,0.036244148564115196,1310,0.07608321611463156,-0.7275398479159298,2108,0.042855030271146594,897,0.11909697937394853,1211,-0.01318301874047434
spot_taker_imbalance_change_15m|LOW_2P|30m|up_first_touch,spot_taker_imbalance_change_15m,LOW_2P,LOW,30m,up_first_touch,1,True,0.017338438188647054,-0.7702238486960569,1855,0.022815365109195906,705,0.02486539675466931,1150,0.02125097058062292,-0.7275398479159298,1851,0.017338438188647054,805,0.017999482401656275,1046,0.016569004752496452
spot_taker_imbalance_change_15m|LOW_2P|1h|return_atr,spot_taker_imbalance_change_15m,LOW_2P,LOW,1h,return_atr,0,False,0.056325954812947186,-0.7702238486960569,2108,0.056325954812947186,798,0.009319964894374935,1310,0.0903874555361184,-0.7275398479159298,2108,0.060304989098363806,897,0.18568885135065613,1211,-0.025649109172519544
spot_taker_imbalance_change_15m|LOW_2P|1h|excursion_bias_atr,spot_taker_imbalance_change_15m,LOW_2P,LOW,1h,excursion_bias_atr,0,False,0.09764050601299246,-0.7702238486960569,2108,0.11565754670851479,798,0.011767675767244457,1310,0.1741598270156538,-0.7275398479159298,2108,0.09764050601299246,897,0.2543681922880848,1211,-0.014852279737620391
spot_taker_imbalance_change_15m|LOW_2P|1h|up_first_touch,spot_taker_imbalance_change_15m,LOW_2P,LOW,1h,up_first_touch,1,True,0.012440319419857182,-0.7702238486960569,2064,0.017148854811190273,789,0.015848511187346814,1275,0.017513095971230686,-0.7275398479159298,2054,0.012440319419857182,873,0.01570990001043543,1181,0.00997910399103824
spot_taker_imbalance_change_15m|LOW_2P|2h|return_atr,spot_taker_imbalance_change_15m,LOW_2P,LOW,2h,return_atr,0,False,0.003603134150367702,-0.7702238486960569,2108,0.1305595920782731,798,0.009362613552330423,1310,0.21491632448232362,-0.7275398479159298,2108,0.003603134150367702,897,0.08788665466501004,1211,-0.04433623245181678
spot_taker_imbalance_change_15m|LOW_2P|2h|excursion_bias_atr,spot_taker_imbalance_change_15m,LOW_2P,LOW,2h,excursion_bias_atr,0,False,0.11828634362103757,-0.7702238486960569,2108,0.24533023471039442,798,0.024172729867009773,1310,0.3802924667134956,-0.7275398479159298,2108,0.11828634362103757,897,0.3206574336530369,1211,-0.02060415671834262
spot_taker_imbalance_change_15m|LOW_2P|2h|up_first_touch,spot_taker_imbalance_change_15m,LOW_2P,LOW,2h,up_first_touch,1,True,0.012700761874054,-0.7702238486960569,2091,0.016672322088926328,798,0.014363186201783118,1293,0.017615198591398873,-0.7275398479159298,2097,0.012700761874054,892,0.016761038618826107,1205,0.009558349661628829
spot_taker_imbalance_change_15m|LOW_2P|4h|return_atr,spot_taker_imbalance_change_15m,LOW_2P,LOW,4h,return_atr,0,False,0.0018458942899275098,-0.7702238486960569,2108,0.08085660747833592,798,0.06329253917756444,1310,0.10848798984216343,-0.7275398479159298,2108,0.0018458942899275098,897,0.0536838629999879,1211,-0.008073118385391861
spot_taker_imbalance_change_15m|LOW_2P|4h|excursion_bias_atr,spot_taker_imbalance_change_15m,LOW_2P,LOW,4h,excursion_bias_atr,1,True,0.15535713948421231,-0.7702238486960569,2108,0.19309723100924298,798,0.20568211908572337,1310,0.19511480138917842,-0.7275398479159298,2108,0.15535713948421231,897,0.2685074999708892,1211,0.09663002013800992
spot_taker_imbalance_change_15m|LOW_2P|4h|up_first_touch,spot_taker_imbalance_change_15m,LOW_2P,LOW,4h,up_first_touch,1,True,0.012885408044683466,-0.7702238486960569,2093,0.016186242718755295,798,0.014432167793463513,1295,0.01675908021349093,-0.7275398479159298,2099,0.012885408044683466,893,0.01723176974947649,1206,0.009478611268229187
spot_taker_imbalance_change_15m|HIGH_2P|15m|return_atr,spot_taker_imbalance_change_15m,HIGH_2P,HIGH,15m,return_atr,-1,True,0.03197531497931985,0.7694091000748882,2107,-0.03197531497931985,795,-0.07016377659429818,1312,-0.007210489964565957,0.7280948488363126,2108,-0.06549609251615081,950,-0.09152318222251253,1158,-0.04297668265401743
spot_taker_imbalance_change_15m|HIGH_2P|15m|excursion_bias_atr,spot_taker_imbalance_change_15m,HIGH_2P,HIGH,15m,excursion_bias_atr,0,False,0.0002885152641693839,0.7694091000748882,2107,0.027029242467366113,795,0.01564581714576674,1312,0.02979933375236649,0.7280948488363126,2108,-0.0002885152641693839,950,-0.0169149932724144,1158,0.012798323214691126
spot_taker_imbalance_change_15m|HIGH_2P|15m|up_first_touch,spot_taker_imbalance_change_15m,HIGH_2P,HIGH,15m,up_first_touch,0,False,0.0064361173028833485,0.7694091000748882,1384,-0.0064361173028833485,506,-0.017958218928549208,878,-0.00013732000635202635,0.7280948488363126,1350,0.009610458052143889,627,0.0040445014156945125,723,0.014435198618454381
spot_taker_imbalance_change_15m|HIGH_2P|30m|return_atr,spot_taker_imbalance_change_15m,HIGH_2P,HIGH,30m,return_atr,0,False,0.0025491963851165984,0.7694091000748882,2107,-0.0025491963851165984,795,-0.06049413783314263,1312,0.035800172160056785,0.7280948488363126,2108,-0.03245382737147843,950,-0.023598000670254995,1158,-0.03730356432319632
spot_taker_imbalance_change_15m|HIGH_2P|30m|excursion_bias_atr,spot_taker_imbalance_change_15m,HIGH_2P,HIGH,30m,excursion_bias_atr,0,False,0.04358429237473674,0.7694091000748882,2107,0.04832836853036224,795,-0.006427292517225347,1312,0.07688339748765394,0.7280948488363126,2108,0.04358429237473674,950,0.04332407260073033,1158,0.04409327201973841
spot_taker_imbalance_change_15m|HIGH_2P|30m|up_first_touch,spot_taker_imbalance_change_15m,HIGH_2P,HIGH,30m,up_first_touch,0,False,0.00030120777716241554,0.7694091000748882,1872,-0.006486360418944737,698,-0.02720637873355436,1174,0.005509914362564927,0.7280948488363126,1828,-0.00030120777716241554,827,0.0007899320550469047,1001,-0.001396777075618083
spot_taker_imbalance_change_15m|HIGH_2P|1h|return_atr,spot_taker_imbalance_change_15m,HIGH_2P,HIGH,1h,return_atr,0,False,0.0301294152452369,0.7694091000748882,2107,0.0301294152452369,795,0.09463207393101751,1312,-0.0034824095340435443,0.7280948488363126,2108,0.06007418712879466,950,0.11709130883596591,1158,0.01799816191200139
spot_taker_imbalance_change_15m|HIGH_2P|1h|excursion_bias_atr,spot_taker_imbalance_change_15m,HIGH_2P,HIGH,1h,excursion_bias_atr,1,True,0.09577887279825857,0.7694091000748882,2107,0.1013165486835964,795,0.1078453736383039,1312,0.09253665479922875,0.7280948488363126,2108,0.09577887279825857,950,0.12542015874275536,1158,0.07390499262673758
spot_taker_imbalance_change_15m|HIGH_2P|1h|up_first_touch,spot_taker_imbalance_change_15m,HIGH_2P,HIGH,1h,up_first_touch,0,False,0.0034293412814743185,0.7694091000748882,2065,-0.007313389684558413,772,-0.027280129382141693,1293,0.004141547816005675,0.7280948488363126,2047,0.0034293412814743185,924,0.0015811307270270358,1123,0.004920529635876358
spot_taker_imbalance_change_15m|HIGH_2P|2h|return_atr,spot_taker_imbalance_change_15m,HIGH_2P,HIGH,2h,return_atr,0,False,0.014799261225466907,0.7694091000748882,2107,-0.03810994059788529,795,0.10531727639267288,1312,-0.11440157480348662,0.7280948488363126,2108,0.014799261225466907,950,0.12739780503727494,1158,-0.06772771827848821
spot_taker_imbalance_change_15m|HIGH_2P|2h|excursion_bias_atr,spot_taker_imbalance_change_15m,HIGH_2P,HIGH,2h,excursion_bias_atr,1,True,0.15672891441173728,0.7694091000748882,2107,0.15672891441173728,795,0.28544668545778445,1312,0.0789769133023438,0.7280948488363126,2108,0.19691395466968656,950,0.31070792149224613,1158,0.11103982508334519
spot_taker_imbalance_change_15m|HIGH_2P|2h|up_first_touch,spot_taker_imbalance_change_15m,HIGH_2P,HIGH,2h,up_first_touch,0,False,0.003162644572715423,0.7694091000748882,2089,-0.008206921719421445,784,-0.027549631556899323,1305,0.0029100221772856982,0.7280948488363126,2095,0.003162644572715423,942,0.001244486678007528,1153,0.004635237304544848
spot_taker_imbalance_change_15m|HIGH_2P|4h|return_atr,spot_taker_imbalance_change_15m,HIGH_2P,HIGH,4h,return_atr,0,False,0.03800992739421522,0.7694091000748882,2107,-0.10426039526090618,795,-0.11265625584614322,1312,-0.08209787989347912,0.7280948488363126,2107,-0.03800992739421522,950,0.10774399851616481,1157,-0.13839989267953917
spot_taker_imbalance_change_15m|HIGH_2P|4h|excursion_bias_atr,spot_taker_imbalance_change_15m,HIGH_2P,HIGH,4h,excursion_bias_atr,0,False,0.017288510028328253,0.7694091000748882,2107,0.017288510028328253,795,0.11227078813408556,1312,-0.030499948525851115,0.7280948488363126,2107,0.13575350855138843,950,0.2931694455680815,1157,0.023489777942996726
spot_taker_imbalance_change_15m|HIGH_2P|4h|up_first_touch,spot_taker_imbalance_change_15m,HIGH_2P,HIGH,4h,up_first_touch,0,False,0.003356834022900934,0.7694091000748882,2094,-0.008414110210985981,787,-0.02799441964081467,1307,0.002848831567205501,0.7280948488363126,2097,0.003356834022900934,942,0.0011691168440051136,1155,0.00500961426191876
spot_taker_imbalance_change_15m|HIGH_1P|15m|return_atr,spot_taker_imbalance_change_15m,HIGH_1P,HIGH,15m,return_atr,-1,True,0.03593768315062998,0.8872342111741437,1054,-0.03593768315062998,392,-0.05361774322201433,662,-0.02378526620338216,0.8325952829679013,1054,-0.07779370559321938,481,-0.09029186108349278,573,-0.06626694638105211
spot_taker_imbalance_change_15m|HIGH_1P|15m|excursion_bias_atr,spot_taker_imbalance_change_15m,HIGH_1P,HIGH,15m,excursion_bias_atr,0,False,1.4354851702501337e-05,0.8872342111741437,1054,-1.4354851702501337e-05,392,0.0068575387295962895,662,-0.008359886538493632,0.8325952829679013,1054,-0.018596506797522686,481,-0.010976628364465106,573,-0.02548357616479277
spot_taker_imbalance_change_15m|HIGH_1P|15m|up_first_touch,spot_taker_imbalance_change_15m,HIGH_1P,HIGH,15m,up_first_touch,0,False,0.005211631072671752,0.8872342111741437,710,-0.025212067803575378,252,-0.023996866271544404,458,-0.02624369515431635,0.8325952829679013,682,0.005211631072671752,325,0.00808817703831749,357,0.0025914569724184155
spot_taker_imbalance_change_15m|HIGH_1P|30m|return_atr,spot_taker_imbalance_change_15m,HIGH_1P,HIGH,30m,return_atr,-1,True,0.018155732551073594,0.8872342111741437,1054,-0.04342819270005033,392,-0.09072862881308291,662,-0.01206490413799627,0.8325952829679013,1054,-0.018155732551073594,481,-0.008267501152916867,573,-0.024314002509854958
spot_taker_imbalance_change_15m|HIGH_1P|30m|excursion_bias_atr,spot_taker_imbalance_change_15m,HIGH_1P,HIGH,30m,excursion_bias_atr,0,False,0.010661369094574848,0.8872342111741437,1054,0.010661369094574848,392,-0.04079048216620584,662,0.03633783753260878,0.8325952829679013,1054,0.041669884578571084,481,0.06529923242690952,573,0.02209652005443971
spot_taker_imbalance_change_15m|HIGH_1P|30m|up_first_touch,spot_taker_imbalance_change_15m,HIGH_1P,HIGH,30m,up_first_touch,-1,True,0.010863728178047372,0.8872342111741437,945,-0.023865277797862072,344,-0.040725070010958264,601,-0.01455601777212251,0.8325952829679013,905,-0.010863728178047372,418,-0.006913590795169788,487,-0.014410457440427793
spot_taker_imbalance_change_15m|HIGH_1P|1h|return_atr,spot_taker_imbalance_change_15m,HIGH_1P,HIGH,1h,return_atr,1,True,0.08171078569150464,0.8872342111741437,1054,0.08171078569150464,392,0.2115665119874124,662,0.010487746491555275,0.8325952829679013,1054,0.123881579589826,481,0.1991169848391392,573,0.06489454574111665
spot_taker_imbalance_change_15m|HIGH_1P|1h|excursion_bias_atr,spot_taker_imbalance_change_15m,HIGH_1P,HIGH,1h,excursion_bias_atr,1,True,0.10321205158463376,0.8872342111741437,1054,0.10321205158463376,392,0.14494123364438355,662,0.07350479730000473,0.8325952829679013,1054,0.12621153895276135,481,0.16954225816028878,573,0.09200512360339372
spot_taker_imbalance_change_15m|HIGH_1P|1h|up_first_touch,spot_taker_imbalance_change_15m,HIGH_1P,HIGH,1h,up_first_touch,-1,True,0.0069998446927906355,0.8872342111741437,1033,-0.028847790768404047,378,-0.0491020993906402,655,-0.017649304866967197,0.8325952829679013,1030,-0.0069998446927906355,473,-0.01314251771755165,557,-0.0018083688167487288
spot_taker_imbalance_change_15m|HIGH_1P|2h|return_atr,spot_taker_imbalance_change_15m,HIGH_1P,HIGH,2h,return_atr,0,False,0.05639290086892941,0.8872342111741437,1054,-0.05639290086892941,392,0.038465694489848934,662,-0.10156336376915454,0.8325952829679013,1054,0.05764669337012082,481,0.16863157953286978,573,-0.026783054269481285
spot_taker_imbalance_change_15m|HIGH_1P|2h|excursion_bias_atr,spot_taker_imbalance_change_15m,HIGH_1P,HIGH,2h,excursion_bias_atr,1,True,0.10922496981483477,0.8872342111741437,1054,0.10922496981483477,392,0.22725365167578795,662,0.0395875583798139,0.8325952829679013,1054,0.22792233662460135,481,0.3977072382315775,573,0.09203398109467409
spot_taker_imbalance_change_15m|HIGH_1P|2h|up_first_touch,spot_taker_imbalance_change_15m,HIGH_1P,HIGH,2h,up_first_touch,-1,True,0.010434342073060598,0.8872342111741437,1045,-0.02901493635979102,385,-0.04890862970161175,660,-0.0179363728070403,0.8325952829679013,1048,-0.010434342073060598,478,-0.014399251829041504,570,-0.007192032517886304
spot_taker_imbalance_change_15m|HIGH_1P|4h|return_atr,spot_taker_imbalance_change_15m,HIGH_1P,HIGH,4h,return_atr,0,False,0.018780151171699344,0.8872342111741437,1054,0.018780151171699344,392,-0.005906902183677065,662,0.05108748350265763,0.8325952829679013,1054,0.023719942762031748,481,0.08803313736461707,573,-0.013078756995452828
spot_taker_imbalance_change_15m|HIGH_1P|4h|excursion_bias_atr,spot_taker_imbalance_change_15m,HIGH_1P,HIGH,4h,excursion_bias_atr,1,True,0.04174773624890399,0.8872342111741437,1054,0.04174773624890399,392,0.10455233790711771,662,0.01467501431812478,0.8325952829679013,1054,0.25449628619939735,481,0.3685340559004082,573,0.17390855366686397
spot_taker_imbalance_change_15m|HIGH_1P|4h|up_first_touch,spot_taker_imbalance_change_15m,HIGH_1P,HIGH,4h,up_first_touch,-1,True,0.010690444402059907,0.8872342111741437,1046,-0.028501549329582154,386,-0.04740636636576878,660,-0.01799580454139388,0.8325952829679013,1050,-0.010690444402059907,478,-0.014474621663043918,572,-0.007644398392093854
perp_taker_imbalance_change_15m|LOW_1P|15m|return_atr,perp_taker_imbalance_change_15m,LOW_1P,LOW,15m,return_atr,1,True,0.05391971821316801,-0.7806744650092696,1054,0.05391971821316801,457,0.005673223169645063,597,0.09179998167935188,-0.7517654594830029,1054,0.07097752540811707,370,0.09727471861711821,684,0.05985514572336105
perp_taker_imbalance_change_15m|LOW_1P|15m|excursion_bias_atr,perp_taker_imbalance_change_15m,LOW_1P,LOW,15m,excursion_bias_atr,0,False,0.04296715091969689,-0.7806744650092696,1054,0.04296715091969689,457,-0.013546524657872417,597,0.08381998132957552,-0.7517654594830029,1054,0.0451534762296623,370,0.061065773524594025,684,0.03507556137553157
perp_taker_imbalance_change_15m|LOW_1P|15m|up_first_touch,perp_taker_imbalance_change_15m,LOW_1P,LOW,15m,up_first_touch,1,True,0.01720924224667275,-0.7806744650092696,696,0.017324762372885716,293,0.01572630399770092,403,0.018269616579730696,-0.7517654594830029,658,0.01720924224667275,229,0.007443232463241911,429,0.022414770913379345
perp_taker_imbalance_change_15m|LOW_1P|30m|return_atr,perp_taker_imbalance_change_15m,LOW_1P,LOW,30m,return_atr,0,False,0.01629846916121583,-0.7806744650092696,1054,0.01629846916121583,457,-0.0909487565252186,597,0.10028478148204573,-0.7517654594830029,1054,0.08026609369528848,370,0.19295964677737767,684,0.025724967022769087
perp_taker_imbalance_change_15m|LOW_1P|30m|excursion_bias_atr,perp_taker_imbalance_change_15m,LOW_1P,LOW,30m,excursion_bias_atr,0,False,0.04156916355362656,-0.7806744650092696,1054,0.04156916355362656,457,-0.09874841026801615,597,0.146283589812741,-0.7517654594830029,1054,0.09143678149430003,370,0.21882141040660896,684,0.0233151714915776
perp_taker_imbalance_change_15m|LOW_1P|30m|up_first_touch,perp_taker_imbalance_change_15m,LOW_1P,LOW,30m,up_first_touch,0,False,0.002535974103091032,-0.7806744650092696,926,0.013939697804089768,395,0.009208695075883122,531,0.017258503537308345,-0.7517654594830029,939,0.002535974103091032,336,-0.004464285714285754,603,0.00592591681424004
perp_taker_imbalance_change_15m|LOW_1P|1h|return_atr,perp_taker_imbalance_change_15m,LOW_1P,LOW,1h,return_atr,0,False,0.02049197095867101,-0.7806744650092696,1054,0.02049197095867101,457,-0.10320189879254194,597,0.11837298415380523,-0.7517654594830029,1054,0.1267996781294341,370,0.4162626276351619,684,-0.017297135018516013
perp_taker_imbalance_change_15m|LOW_1P|1h|excursion_bias_atr,perp_taker_imbalance_change_15m,LOW_1P,LOW,1h,excursion_bias_atr,0,False,0.009493794498778648,-0.7806744650092696,1054,-0.009493794498778648,457,-0.20664840595441036,597,0.13861183734216867,-0.7517654594830029,1054,0.17981697403566355,370,0.4943868670005314,684,0.016145005277533958
perp_taker_imbalance_change_15m|LOW_1P|1h|up_first_touch,perp_taker_imbalance_change_15m,LOW_1P,LOW,1h,up_first_touch,0,False,0.001666171695158869,-0.7806744650092696,1025,0.013833483285381976,444,0.0015557012671604808,581,0.022949294547046473,-0.7517654594830029,1029,-0.001666171695158869,363,-0.004813989304456645,666,-2.9210843694893462e-05
perp_taker_imbalance_change_15m|LOW_1P|2h|return_atr,perp_taker_imbalance_change_15m,LOW_1P,LOW,2h,return_atr,0,False,0.04439033345451489,-0.7806744650092696,1054,0.04439033345451489,457,0.07017405009162159,597,0.030851736649031875,-0.7517654594830029,1054,0.15195769041765517,370,0.6109032197231372,684,-0.07016784740721653
perp_taker_imbalance_change_15m|LOW_1P|2h|excursion_bias_atr,perp_taker_imbalance_change_15m,LOW_1P,LOW,2h,excursion_bias_atr,0,False,0.026236793702507887,-0.7806744650092696,1054,0.026236793702507887,457,-0.1142968406675932,597,0.1339568641588917,-0.7517654594830029,1054,0.29858613850051896,370,0.8776929661671755,684,0.005180135506524602
perp_taker_imbalance_change_15m|LOW_1P|2h|up_first_touch,perp_taker_imbalance_change_15m,LOW_1P,LOW,2h,up_first_touch,0,False,0.00470915123336596,-0.7806744650092696,1046,0.019294869965512884,456,0.006531106001281817,590,0.028879240957726038,-0.7517654594830029,1048,-0.00470915123336596,369,-0.007765921897415817,679,-0.003293109953743989
perp_taker_imbalance_change_15m|LOW_1P|4h|return_atr,perp_taker_imbalance_change_15m,LOW_1P,LOW,4h,return_atr,0,False,0.04684770126480109,-0.7806744650092696,1054,0.04684770126480109,457,0.10106814003593562,597,0.015319422260006321,-0.7517654594830029,1053,0.1720540344025222,370,0.7703283887858124,683,-0.10081720818255438
perp_taker_imbalance_change_15m|LOW_1P|4h|excursion_bias_atr,perp_taker_imbalance_change_15m,LOW_1P,LOW,4h,excursion_bias_atr,1,True,0.20331309691001292,-0.7806744650092696,1054,0.20331309691001292,457,0.16316011078049278,597,0.23975610762326086,-0.7517654594830029,1053,0.4782527631988678,370,1.3492694615261287,683,0.05152487111734799
perp_taker_imbalance_change_15m|LOW_1P|4h|up_first_touch,perp_taker_imbalance_change_15m,LOW_1P,LOW,4h,up_first_touch,0,False,0.0035543964652493543,-0.7806744650092696,1047,0.0188065201615068,456,0.006600087592962212,591,0.027927899504137543,-0.7517654594830029,1049,-0.0035543964652493543,370,-0.00645698059100952,679,-0.0023095270778411003
perp_taker_imbalance_change_15m|LOW_2P|15m|return_atr,perp_taker_imbalance_change_15m,LOW_2P,LOW,15m,return_atr,1,True,0.03935197837246846,-0.6894390386735852,2108,0.05465351128090264,939,0.0713714113190636,1169,0.042012526386894934,-0.6615577790436608,2107,0.03935197837246846,771,0.05911211938252611,1336,0.030800752537092007
perp_taker_imbalance_change_15m|LOW_2P|15m|excursion_bias_atr,perp_taker_imbalance_change_15m,LOW_2P,LOW,15m,excursion_bias_atr,1,True,0.02262915712777759,-0.6894390386735852,2108,0.04760886912884951,939,0.06500118667277174,1169,0.031637352954175156,-0.6615577790436608,2107,0.02262915712777759,771,0.056193632909089596,1336,0.0019075383602323234
perp_taker_imbalance_change_15m|LOW_2P|15m|up_first_touch,perp_taker_imbalance_change_15m,LOW_2P,LOW,15m,up_first_touch,0,False,0.008498523285650206,-0.6894390386735852,1369,0.027427362643239972,611,0.03405914391212539,758,0.021929502527470945,-0.6615577790436608,1349,0.008498523285650206,494,0.02379667906260896,855,-0.00034726237496968126
perp_taker_imbalance_change_15m|LOW_2P|30m|return_atr,perp_taker_imbalance_change_15m,LOW_2P,LOW,30m,return_atr,0,False,0.022560576247095426,-0.6894390386735852,2108,0.022560576247095426,939,0.009640179575766843,1169,0.034508913920973966,-0.6615577790436608,2107,0.028047918395363247,771,0.09567998785357712,1336,-0.0050814736786186495
perp_taker_imbalance_change_15m|LOW_2P|30m|excursion_bias_atr,perp_taker_imbalance_change_15m,LOW_2P,LOW,30m,excursion_bias_atr,0,False,0.0330599592385899,-0.6894390386735852,2108,0.05744450029004616,939,0.03778842273009142,1169,0.07099119208196714,-0.6615577790436608,2107,0.0330599592385899,771,0.09782473523495819,1336,-0.0035936191394777828
perp_taker_imbalance_change_15m|LOW_2P|30m|up_first_touch,perp_taker_imbalance_change_15m,LOW_2P,LOW,30m,up_first_touch,0,False,0.0030270976904644975,-0.6894390386735852,1870,0.011151557218972874,828,0.018580064243619854,1042,0.005089742173713108,-0.6615577790436608,1854,0.0030270976904644975,686,0.007440476190476164,1168,-4.025688348147094e-05
perp_taker_imbalance_change_15m|LOW_2P|1h|return_atr,perp_taker_imbalance_change_15m,LOW_2P,LOW,1h,return_atr,0,False,0.047433350269836166,-0.6894390386735852,2108,0.0713470119143427,939,0.003818875544331704,1169,0.12824375833254945,-0.6615577790436608,2107,0.047433350269836166,771,0.1913510081908779,1336,-0.024144199976553628
perp_taker_imbalance_change_15m|LOW_2P|1h|excursion_bias_atr,perp_taker_imbalance_change_15m,LOW_2P,LOW,1h,excursion_bias_atr,0,False,0.07356245387110324,-0.6894390386735852,2108,0.09620331635332965,939,0.011439961889714396,1169,0.16194982097732374,-0.6615577790436608,2107,0.07356245387110324,771,0.21908261568941245,1336,-0.004450179437864063
perp_taker_imbalance_change_15m|LOW_2P|1h|up_first_touch,perp_taker_imbalance_change_15m,LOW_2P,LOW,1h,up_first_touch,0,False,0.00026467583182182564,-0.6894390386735852,2054,0.011377359600483972,915,0.016376259530341664,1139,0.0071414249147483955,-0.6615577790436608,2052,0.00026467583182182564,754,0.002175364079881059,1298,-0.0009176185117635849
perp_taker_imbalance_change_15m|LOW_2P|2h|return_atr,perp_taker_imbalance_change_15m,LOW_2P,LOW,2h,return_atr,0,False,0.04753065296964899,-0.6894390386735852,2108,0.1946046545899514,939,0.22665157640010897,1169,0.1740159669067763,-0.6615577790436608,2106,0.04753065296964899,771,0.3509811570186967,1335,-0.10371891428074163
perp_taker_imbalance_change_15m|LOW_2P|2h|excursion_bias_atr,perp_taker_imbalance_change_15m,LOW_2P,LOW,2h,excursion_bias_atr,0,False,0.11867765923407421,-0.6894390386735852,2108,0.26411896225593345,939,0.2282710288693184,1169,0.2930322138232123,-0.6615577790436608,2106,0.11867765923407421,771,0.4210949087445872,1335,-0.037743516705899344
perp_taker_imbalance_change_15m|LOW_2P|2h|up_first_touch,perp_taker_imbalance_change_15m,LOW_2P,LOW,2h,up_first_touch,0,False,0.001862991768082356,-0.6894390386735852,2090,0.01404726459714678,933,0.01880757692134727,1157,0.0099714871232916,-0.6615577790436608,2090,-0.001862991768082356,765,0.001161226197594567,1325,-0.0038355280491673693
perp_taker_imbalance_change_15m|LOW_2P|4h|return_atr,perp_taker_imbalance_change_15m,LOW_2P,LOW,4h,return_atr,0,False,0.11697114257483471,-0.6894390386735852,2108,0.161436423758915,939,0.1465596448831813,1169,0.1816836627420089,-0.6615577790436608,2104,0.11697114257483471,771,0.5715230559932852,1333,-0.09890137455118458
perp_taker_imbalance_change_15m|LOW_2P|4h|excursion_bias_atr,perp_taker_imbalance_change_15m,LOW_2P,LOW,4h,excursion_bias_atr,1,True,0.2984324278790784,-0.6894390386735852,2108,0.3793265623308589,939,0.3510094391802357,1169,0.40681779464076423,-0.6615577790436608,2104,0.2984324278790784,771,0.8826707651720231,1333,0.0019450039726520707
perp_taker_imbalance_change_15m|LOW_2P|4h|up_first_touch,perp_taker_imbalance_change_15m,LOW_2P,LOW,4h,up_first_touch,0,False,0.0009436694378936461,-0.6894390386735852,2091,0.013807609562254186,933,0.018876558513027664,1158,0.009473185880964463,-0.6615577790436608,2093,-0.0009436694378936461,767,0.0023981587726044085,1326,-0.0031880704063541043
perp_taker_imbalance_change_15m|HIGH_2P|15m|return_atr,perp_taker_imbalance_change_15m,HIGH_2P,HIGH,15m,return_atr,0,False,0.021364786416480167,0.69091559552512,2108,-0.046481054915233945,901,-0.08924788167922579,1207,-0.013527998986041888,0.666123212386047,2108,0.021364786416480167,756,0.009609244720905775,1352,0.03091456145792047
perp_taker_imbalance_change_15m|HIGH_2P|15m|excursion_bias_atr,perp_taker_imbalance_change_15m,HIGH_2P,HIGH,15m,excursion_bias_atr,0,False,0.020869025386078786,0.69091559552512,2108,0.020869025386078786,901,-0.02729652482747939,1207,0.05421059194134446,0.666123212386047,2108,0.10258588740182517,756,0.10723581336946603,1352,0.09857524937590696
perp_taker_imbalance_change_15m|HIGH_2P|15m|up_first_touch,perp_taker_imbalance_change_15m,HIGH_2P,HIGH,15m,up_first_touch,0,False,0.017263097926139115,0.69091559552512,1398,0.017263097926139115,607,-0.0036325975547221168,791,0.03311403564909987,0.666123212386047,1348,0.03557484974353853,500,0.02562663857677905,848,0.04143388073437598
perp_taker_imbalance_change_15m|HIGH_2P|30m|return_atr,perp_taker_imbalance_change_15m,HIGH_2P,HIGH,30m,return_atr,0,False,0.017106716449957732,0.69091559552512,2108,-0.017106716449957732,901,-0.08500284548614687,1207,0.03562624199765074,0.666123212386047,2108,0.04026732767728386,756,-0.0038492682745367088,1352,0.07109365623293214
perp_taker_imbalance_change_15m|HIGH_2P|30m|excursion_bias_atr,perp_taker_imbalance_change_15m,HIGH_2P,HIGH,30m,excursion_bias_atr,0,False,0.045752686101758026,0.69091559552512,2108,0.045752686101758026,901,-0.02854387329544348,1207,0.09828609582138506,0.666123212386047,2108,0.14350722933492033,756,0.14717350659209405,1352,0.14221046919740765
perp_taker_imbalance_change_15m|HIGH_2P|30m|up_first_touch,perp_taker_imbalance_change_15m,HIGH_2P,HIGH,30m,up_first_touch,0,False,0.005272639562753367,0.69091559552512,1868,0.005272639562753367,813,-0.008805535699336065,1055,0.01594291370858497,0.666123212386047,1836,0.019335239069993626,667,0.003692350253444665,1169,0.02776567723653678
perp_taker_imbalance_change_15m|HIGH_2P|1h|return_atr,perp_taker_imbalance_change_15m,HIGH_2P,HIGH,1h,return_atr,0,False,0.022757510720998873,0.69091559552512,2107,0.022757510720998873,901,-0.058461579940631635,1206,0.08689299128263392,0.666123212386047,2108,0.038192321926318815,756,0.02885946262938461,1352,0.05538702463410638
perp_taker_imbalance_change_15m|HIGH_2P|1h|excursion_bias_atr,perp_taker_imbalance_change_15m,HIGH_2P,HIGH,1h,excursion_bias_atr,1,True,0.13907471111108005,0.69091559552512,2107,0.13907471111108005,901,0.03004083383066473,1206,0.2174870096535288,0.666123212386047,2108,0.15419445137505763,756,0.13435178190073738,1352,0.1715159264443039
perp_taker_imbalance_change_15m|HIGH_2P|1h|up_first_touch,perp_taker_imbalance_change_15m,HIGH_2P,HIGH,1h,up_first_touch,0,False,0.005770843358351374,0.69091559552512,2059,0.005770843358351374,881,-0.01265061628762476,1178,0.0192614897260161,0.666123212386047,2054,0.01828257842667308,741,0.00415312014112168,1313,0.02618131041633137
perp_taker_imbalance_change_15m|HIGH_2P|2h|return_atr,perp_taker_imbalance_change_15m,HIGH_2P,HIGH,2h,return_atr,1,True,0.026328433061417706,0.69091559552512,2107,0.1692293158773348,901,0.15780424173803842,1206,0.18447313557982398,0.666123212386047,2106,0.026328433061417706,756,0.06644215610071015,1350,0.02888802384098163
perp_taker_imbalance_change_15m|HIGH_2P|2h|excursion_bias_atr,perp_taker_imbalance_change_15m,HIGH_2P,HIGH,2h,excursion_bias_atr,1,True,0.18698496307464274,0.69091559552512,2107,0.2816148086995876,901,0.2536755086052519,1206,0.30264230076766485,0.666123212386047,2106,0.18698496307464274,756,0.3335701799627867,1350,0.12390663986360277
perp_taker_imbalance_change_15m|HIGH_2P|2h|up_first_touch,perp_taker_imbalance_change_15m,HIGH_2P,HIGH,2h,up_first_touch,0,False,0.004716320175966016,0.69091559552512,2091,0.004716320175966016,895,-0.01186299377329425,1196,0.01681076411400967,0.666123212386047,2092,0.018218979194436047,751,0.003763421092418895,1341,0.026078504002385317
perp_taker_imbalance_change_15m|HIGH_2P|4h|return_atr,perp_taker_imbalance_change_15m,HIGH_2P,HIGH,4h,return_atr,0,False,0.030933938370525875,0.69091559552512,2107,0.23171167264654277,901,0.10922489675665675,1206,0.33401683280023275,0.666123212386047,2105,-0.030933938370525875,756,-0.08865584442668624,1349,0.05050800659264248
perp_taker_imbalance_change_15m|HIGH_2P|4h|excursion_bias_atr,perp_taker_imbalance_change_15m,HIGH_2P,HIGH,4h,excursion_bias_atr,1,True,0.16057457108353562,0.69091559552512,2107,0.4536550573430654,901,0.33910876906409426,1206,0.5454065401057457,0.666123212386047,2105,0.16057457108353562,756,0.297403925661973,1349,0.1271370936008393
perp_taker_imbalance_change_15m|HIGH_2P|4h|up_first_touch,perp_taker_imbalance_change_15m,HIGH_2P,HIGH,4h,up_first_touch,0,False,0.004721048108404402,0.69091559552512,2091,0.004721048108404402,895,-0.011794012181613855,1196,0.016751332379656092,0.666123212386047,2093,0.01864543710773464,752,0.004353830219801291,1341,0.026335044983322675
perp_taker_imbalance_change_15m|HIGH_1P|15m|return_atr,perp_taker_imbalance_change_15m,HIGH_1P,HIGH,15m,return_atr,0,False,0.05375012579916117,0.7790792826476247,1054,-0.05375012579916117,464,-0.08719796849249262,590,-0.026586389364961164,0.7569282594983345,1054,0.06370297630223268,363,0.05739226302790486,691,0.07022897954452678
perp_taker_imbalance_change_15m|HIGH_1P|15m|excursion_bias_atr,perp_taker_imbalance_change_15m,HIGH_1P,HIGH,15m,excursion_bias_atr,0,False,0.03222160907330582,0.7790792826476247,1054,0.03222160907330582,464,-0.008953764865362122,590,0.06242129817300893,0.7569282594983345,1054,0.16047212228886182,363,0.18738756825843833,691,0.144811127990039
perp_taker_imbalance_change_15m|HIGH_1P|15m|up_first_touch,perp_taker_imbalance_change_15m,HIGH_1P,HIGH,15m,up_first_touch,1,True,0.0258795823840835,0.7790792826476247,698,0.0258795823840835,304,0.013649332558864913,394,0.03513550817953426,0.7569282594983345,678,0.05533317191645071,241,0.044896348120347485,437,0.06108167228050959
perp_taker_imbalance_change_15m|HIGH_1P|30m|return_atr,perp_taker_imbalance_change_15m,HIGH_1P,HIGH,30m,return_atr,0,False,0.04893158337811267,0.7790792826476247,1054,-0.04893158337811267,464,-0.13650735017886745,590,0.021653683349930994,0.7569282594983345,1054,0.07553622799578741,363,0.11805784370947173,691,0.05984100622954212
perp_taker_imbalance_change_15m|HIGH_1P|30m|excursion_bias_atr,perp_taker_imbalance_change_15m,HIGH_1P,HIGH,30m,excursion_bias_atr,0,False,0.05401355623284686,0.7790792826476247,1054,0.05401355623284686,464,-0.04467728927475632,590,0.1291830601421424,0.7569282594983345,1054,0.23223846019329533,363,0.2819926479644921,691,0.20691395040604083
perp_taker_imbalance_change_15m|HIGH_1P|30m|up_first_touch,perp_taker_imbalance_change_15m,HIGH_1P,HIGH,30m,up_first_touch,0,False,0.005811987892265336,0.7790792826476247,933,0.005811987892265336,412,-0.0019747877802063774,521,0.011807592461620942,0.7569282594983345,918,0.029139160638621153,317,0.018481485654198604,601,0.034214865857156274
perp_taker_imbalance_change_15m|HIGH_1P|1h|return_atr,perp_taker_imbalance_change_15m,HIGH_1P,HIGH,1h,return_atr,0,False,0.011029091578629475,0.7790792826476247,1053,-0.011029091578629475,464,-0.13300716345237604,589,0.08793807783848437,0.7569282594983345,1054,0.07200658988394103,363,0.10534771135003246,691,0.06741050859011487
perp_taker_imbalance_change_15m|HIGH_1P|1h|excursion_bias_atr,perp_taker_imbalance_change_15m,HIGH_1P,HIGH,1h,excursion_bias_atr,0,False,0.10603459133257986,0.7790792826476247,1053,0.10603459133257986,464,-0.056284227434177964,589,0.23137090263931953,0.7569282594983345,1054,0.2443496296574078,363,0.3107613061022969,691,0.21617804526920711
perp_taker_imbalance_change_15m|HIGH_1P|1h|up_first_touch,perp_taker_imbalance_change_15m,HIGH_1P,HIGH,1h,up_first_touch,0,False,0.0016449788421979972,0.7790792826476247,1032,0.0016449788421979972,456,-0.01812187104199081,576,0.017059664598681634,0.7569282594983345,1023,0.026644775641463225,353,0.014742898138086213,670,0.032833502616033516
perp_taker_imbalance_change_15m|HIGH_1P|2h|return_atr,perp_taker_imbalance_change_15m,HIGH_1P,HIGH,2h,return_atr,0,False,0.010923907612530795,0.7790792826476247,1053,0.13891282839213248,464,0.1520300146037999,589,0.13416102050626855,0.7569282594983345,1054,-0.010923907612530795,363,-0.06536154592082696,691,0.04471790627496751
perp_taker_imbalance_change_15m|HIGH_1P|2h|excursion_bias_atr,perp_taker_imbalance_change_15m,HIGH_1P,HIGH,2h,excursion_bias_atr,1,True,0.21663045361747052,0.7790792826476247,1053,0.2807160293397425,464,0.24600170190739884,589,0.3081913608839893,0.7569282594983345,1054,0.21663045361747052,363,0.3356213857837419,691,0.17466619738638067
perp_taker_imbalance_change_15m|HIGH_1P|2h|up_first_touch,perp_taker_imbalance_change_15m,HIGH_1P,HIGH,2h,up_first_touch,0,False,0.0006501354105438728,0.7790792826476247,1045,0.0006501354105438728,461,-0.016269251726008183,584,0.013746898259792417,0.7569282594983345,1045,0.02158198430847269,359,0.014178503674973586,686,0.025200172484415306
perp_taker_imbalance_change_15m|HIGH_1P|4h|return_atr,perp_taker_imbalance_change_15m,HIGH_1P,HIGH,4h,return_atr,0,False,0.15468830763957866,0.7790792826476247,1053,0.3015284306840579,464,0.007753047519366146,589,0.5419434846499279,0.7569282594983345,1054,-0.15468830763957866,363,-0.3044670071034955,691,-0.02289969791590593
perp_taker_imbalance_change_15m|HIGH_1P|4h|excursion_bias_atr,perp_taker_imbalance_change_15m,HIGH_1P,HIGH,4h,excursion_bias_atr,1,True,0.05474074931744355,0.7790792826476247,1053,0.4554901021105726,464,0.20118080819728748,589,0.6609680465650226,0.7569282594983345,1054,0.05474074931744355,363,0.04721498060735599,691,0.10547219470341918
perp_taker_imbalance_change_15m|HIGH_1P|4h|up_first_touch,perp_taker_imbalance_change_15m,HIGH_1P,HIGH,4h,up_first_touch,0,False,0.0006548633429822592,0.7790792826476247,1045,0.0006548633429822592,461,-0.016200270134327788,584,0.01368746652543884,0.7569282594983345,1045,0.02129861916595105,359,0.014103133840971172,686,0.024711001310244562
perp_spot_basis_bps_change_15m|LOW_1P|15m|return_atr,perp_spot_basis_bps_change_15m,LOW_1P,LOW,15m,return_atr,0,False,0.031065206394223624,-2.7468843924491004,1054,0.031065206394223624,682,0.03769321432892917,372,0.015331592996388095,-2.7389441290233463,1054,-0.054798208306086824,733,-0.014309470663978585,321,-0.15621984024952762
perp_spot_basis_bps_change_15m|LOW_1P|15m|excursion_bias_atr,perp_spot_basis_bps_change_15m,LOW_1P,LOW,15m,excursion_bias_atr,0,False,0.00928543721269559,-2.7468843924491004,1054,-0.00928543721269559,682,0.004261014923728084,372,-0.025019729510612782,-2.7389441290233463,1054,-0.1776648788347939,733,-0.12204367725196706,321,-0.30042624685314434
perp_spot_basis_bps_change_15m|LOW_1P|15m|up_first_touch,perp_spot_basis_bps_change_15m,LOW_1P,LOW,15m,up_first_touch,0,False,0.018671231995217363,-2.7468843924491004,700,0.018671231995217363,452,0.01926763716995017,248,0.018269616579730696,-2.7389441290233463,698,-0.03336948464126588,482,-0.0007468054066234742,216,-0.10614648264787419
perp_spot_basis_bps_change_15m|LOW_1P|30m|return_atr,perp_spot_basis_bps_change_15m,LOW_1P,LOW,30m,return_atr,0,False,0.02786918626700228,-2.7468843924491004,1054,0.02786918626700228,682,0.021225987326498948,372,0.03291075263450129,-2.7389441290233463,1054,0.04050077835744546,733,0.1151214891716775,321,-0.14844048030517226
perp_spot_basis_bps_change_15m|LOW_1P|30m|excursion_bias_atr,perp_spot_basis_bps_change_15m,LOW_1P,LOW,30m,excursion_bias_atr,-1,True,0.04595030822082554,-2.7468843924491004,1054,-0.04595030822082554,682,-0.02594354545773314,372,-0.07243649210312547,-2.7389441290233463,1054,-0.12098830420271894,733,-0.026327882733550398,321,-0.3394132213849974
perp_spot_basis_bps_change_15m|LOW_1P|30m|up_first_touch,perp_spot_basis_bps_change_15m,LOW_1P,LOW,30m,up_first_touch,0,False,0.0113300047256647,-2.7468843924491004,917,0.0113300047256647,590,0.014743987931493507,327,0.005838126543925626,-2.7389441290233463,897,-0.02773888600924651,630,-0.003670634920634963,267,-0.08291825185551982
perp_spot_basis_bps_change_15m|LOW_1P|1h|return_atr,perp_spot_basis_bps_change_15m,LOW_1P,LOW,1h,return_atr,0,False,0.05530692562472156,-2.7468843924491004,1054,-0.05530692562472156,682,-0.020297916155173457,372,-0.1315501639996754,-2.7389441290233463,1054,0.13318682029398965,733,0.12813243696474333,321,0.10867101318325488
perp_spot_basis_bps_change_15m|LOW_1P|1h|excursion_bias_atr,perp_spot_basis_bps_change_15m,LOW_1P,LOW,1h,excursion_bias_atr,0,False,0.005979636405206726,-2.7468843924491004,1054,-0.15680037981436562,682,-0.13850087289188,372,-0.17972048276886907,-2.7389441290233463,1054,-0.005979636405206726,733,0.03348959402559968,321,-0.1148524865959367
perp_spot_basis_bps_change_15m|LOW_1P|1h|up_first_touch,perp_spot_basis_bps_change_15m,LOW_1P,LOW,1h,up_first_touch,0,False,0.01183287573941394,-2.7468843924491004,1008,0.013526669502958388,651,0.012256494226017878,357,0.016840827063667574,-2.7389441290233463,1001,-0.01183287573941394,691,0.002657116969438711,310,-0.04391180311338394
perp_spot_basis_bps_change_15m|LOW_1P|2h|return_atr,perp_spot_basis_bps_change_15m,LOW_1P,LOW,2h,return_atr,0,False,0.1655168172482589,-2.7468843924491004,1054,-0.1655168172482589,682,-0.06634954629286441,372,-0.3706985410747998,-2.7389441290233463,1054,0.34349174303838775,733,0.2287893617607386,321,0.5299803175558699
perp_spot_basis_bps_change_15m|LOW_1P|2h|excursion_bias_atr,perp_spot_basis_bps_change_15m,LOW_1P,LOW,2h,excursion_bias_atr,0,False,0.1879128223923345,-2.7468843924491004,1054,-0.2812536119862847,682,-0.14423225468728204,372,-0.5329964093771147,-2.7389441290233463,1054,0.1879128223923345,733,0.07531929458101554,321,0.38771478217891897
perp_spot_basis_bps_change_15m|LOW_1P|2h|up_first_touch,perp_spot_basis_bps_change_15m,LOW_1P,LOW,2h,up_first_touch,0,False,0.013207049124027592,-2.7468843924491004,1033,0.013207049124027592,668,0.01032614749723737,365,0.019568816068011585,-2.7389441290233463,1038,-0.013462405436251712,722,-0.0024960077024289706,316,-0.037804957234741754
perp_spot_basis_bps_change_15m|LOW_1P|4h|return_atr,perp_spot_basis_bps_change_15m,LOW_1P,LOW,4h,return_atr,0,False,0.2422125805106158,-2.7468843924491004,1054,-0.2422125805106158,682,-0.18109743697229325,372,-0.3917853493926454,-2.7389441290233463,1054,0.416957657611902,733,0.2665337769810633,321,0.6125179343656987
perp_spot_basis_bps_change_15m|LOW_1P|4h|excursion_bias_atr,perp_spot_basis_bps_change_15m,LOW_1P,LOW,4h,excursion_bias_atr,0,False,0.3276795116556892,-2.7468843924491004,1054,-0.5255302880784741,682,-0.4142284479525378,372,-0.7510468850349824,-2.7389441290233463,1054,0.3276795116556892,733,0.2050291943557131,321,0.47744645855319745
perp_spot_basis_bps_change_15m|LOW_1P|4h|up_first_touch,perp_spot_basis_bps_change_15m,LOW_1P,LOW,4h,up_first_touch,0,False,0.013644510345406868,-2.7468843924491004,1038,0.013644510345406868,670,0.01186979170398611,368,0.018005512981662752,-2.7389441290233463,1042,-0.014638895183524125,725,-0.0032323766767504147,317,-0.03974163869122693
perp_spot_basis_bps_change_15m|LOW_2P|15m|return_atr,perp_spot_basis_bps_change_15m,LOW_2P,LOW,15m,return_atr,0,False,0.03881753448642965,-2.315858781755309,2108,0.03881753448642965,1301,0.039038117634988614,807,0.035818015143453855,-2.326715294172721,2108,-0.05722233537986247,1365,-0.03339089379496614,743,-0.10687890780566763
perp_spot_basis_bps_change_15m|LOW_2P|15m|excursion_bias_atr,perp_spot_basis_bps_change_15m,LOW_2P,LOW,15m,excursion_bias_atr,0,False,0.010489512973173559,-2.315858781755309,2108,0.010489512973173559,1301,0.02186843370759578,807,-0.0011380038060862724,-2.326715294172721,2108,-0.13638117879799488,1365,-0.1203026611249668,743,-0.16313572431860018
perp_spot_basis_bps_change_15m|LOW_2P|15m|up_first_touch,perp_spot_basis_bps_change_15m,LOW_2P,LOW,15m,up_first_touch,0,False,0.019851266913570087,-2.315858781755309,1391,0.019851266913570087,871,0.030761393710596163,520,0.0021405843216661946,-2.326715294172721,1414,-0.029993502343895695,911,-0.0183645798644943,503,-0.05104192480971792
perp_spot_basis_bps_change_15m|LOW_2P|30m|return_atr,perp_spot_basis_bps_change_15m,LOW_2P,LOW,30m,return_atr,0,False,0.02163666213760377,-2.315858781755309,2108,0.053270134158590395,1301,0.031065647923864848,807,0.08379911965983489,-2.326715294172721,2108,0.02163666213760377,1365,0.07350353233965891,743,-0.0858015874000518
perp_spot_basis_bps_change_15m|LOW_2P|30m|excursion_bias_atr,perp_spot_basis_bps_change_15m,LOW_2P,LOW,30m,excursion_bias_atr,0,False,0.015399030860135927,-2.315858781755309,2108,0.015399030860135927,1301,0.025000915518161075,807,0.007442138547289066,-2.326715294172721,2108,-0.09960053560291263,1365,-0.03608252753824509,743,-0.2177790114902921
perp_spot_basis_bps_change_15m|LOW_2P|30m|up_first_touch,perp_spot_basis_bps_change_15m,LOW_2P,LOW,30m,up_first_touch,0,False,0.01782151769328122,-2.315858781755309,1840,0.01782151769328122,1139,0.02790153022997116,701,0.0019642373423917614,-2.326715294172721,1827,-0.023019633913682558,1186,-0.018697803742070196,641,-0.03000467463827383
perp_spot_basis_bps_change_15m|LOW_2P|1h|return_atr,perp_spot_basis_bps_change_15m,LOW_2P,LOW,1h,return_atr,0,False,0.031139640147208447,-2.315858781755309,2108,-0.031139640147208447,1301,0.011536923514895936,807,-0.10884074535877772,-2.326715294172721,2108,0.06462894957723415,1365,0.07761855257442557,743,0.01714124869265377
perp_spot_basis_bps_change_15m|LOW_2P|1h|excursion_bias_atr,perp_spot_basis_bps_change_15m,LOW_2P,LOW,1h,excursion_bias_atr,-1,True,0.047016598493825404,-2.315858781755309,2108,-0.07509847956965418,1301,-0.05340822877835119,807,-0.10222205827705481,-2.326715294172721,2108,-0.047016598493825404,1365,-0.01834407160991587,743,-0.11197366509647629
perp_spot_basis_bps_change_15m|LOW_2P|1h|up_first_touch,perp_spot_basis_bps_change_15m,LOW_2P,LOW,1h,up_first_touch,0,False,0.01231935433705833,-2.315858781755309,2021,0.019189923589022995,1249,0.025825567610685718,772,0.009206685324070263,-2.326715294172721,2033,-0.01231935433705833,1314,-0.010392816178426745,719,-0.015691604809287718
perp_spot_basis_bps_change_15m|LOW_2P|2h|return_atr,perp_spot_basis_bps_change_15m,LOW_2P,LOW,2h,return_atr,0,False,0.11468761689213784,-2.315858781755309,2108,-0.11468761689213784,1301,-0.029717099443060113,807,-0.26892153177941,-2.326715294172721,2108,0.2464400074610574,1365,0.27301383567128507,743,0.14820270950574968
perp_spot_basis_bps_change_15m|LOW_2P|2h|excursion_bias_atr,perp_spot_basis_bps_change_15m,LOW_2P,LOW,2h,excursion_bias_atr,0,False,0.13374829311227898,-2.315858781755309,2108,-0.19472824491180404,1301,-0.07636648260839365,807,-0.3859406713675325,-2.326715294172721,2108,0.13374829311227898,1365,0.17923729198906999,743,0.012637572276982728
perp_spot_basis_bps_change_15m|LOW_2P|2h|up_first_touch,perp_spot_basis_bps_change_15m,LOW_2P,LOW,2h,up_first_touch,0,False,0.013180471172766772,-2.315858781755309,2070,0.01946760068109843,1278,0.025464884108521768,792,0.010598980728313279,-2.326715294172721,2081,-0.013180471172766772,1351,-0.01444570742214002,730,-0.010364346865398943
perp_spot_basis_bps_change_15m|LOW_2P|4h|return_atr,perp_spot_basis_bps_change_15m,LOW_2P,LOW,4h,return_atr,0,False,0.12509988656850382,-2.315858781755309,2108,-0.12509988656850382,1301,-0.06810805664298508,807,-0.24466707736363474,-2.326715294172721,2108,0.24640523384665186,1365,0.24568093052298565,743,0.15084184956387664
perp_spot_basis_bps_change_15m|LOW_2P|4h|excursion_bias_atr,perp_spot_basis_bps_change_15m,LOW_2P,LOW,4h,excursion_bias_atr,0,False,0.20318315797903436,-2.315858781755309,2108,-0.32331089742813557,1301,-0.20060924250932557,807,-0.5369590316772099,-2.326715294172721,2108,0.20318315797903436,1365,0.25425011172935663,743,0.024017424708511204
perp_spot_basis_bps_change_15m|LOW_2P|4h|up_first_touch,perp_spot_basis_bps_change_15m,LOW_2P,LOW,4h,up_first_touch,0,False,0.012919809101505975,-2.315858781755309,2076,0.01942485716621617,1280,0.026282105136821887,796,0.009238853597786867,-2.326715294172721,2089,-0.012919809101505975,1355,-0.01446535797208065,734,-0.00941646828405479
perp_spot_basis_bps_change_15m|HIGH_2P|15m|return_atr,perp_spot_basis_bps_change_15m,HIGH_2P,HIGH,15m,return_atr,0,False,0.03431455529051296,2.3161166288985235,2108,0.03431455529051296,1306,0.011820028693086057,802,0.06823229848242385,2.322736413625126,2108,0.0932271178568388,1387,0.14079620075642674,721,-0.00475663418804737
perp_spot_basis_bps_change_15m|HIGH_2P|15m|excursion_bias_atr,perp_spot_basis_bps_change_15m,HIGH_2P,HIGH,15m,excursion_bias_atr,0,False,0.02803900944507055,2.3161166288985235,2108,0.02803900944507055,1306,0.0171877416766995,802,0.052601984865174777,2.322736413625126,2108,0.11689089267636638,1387,0.1804779663455678,721,-0.0023644534832752903
perp_spot_basis_bps_change_15m|HIGH_2P|15m|up_first_touch,perp_spot_basis_bps_change_15m,HIGH_2P,HIGH,15m,up_first_touch,0,False,0.0028451015006382696,2.3161166288985235,1465,-0.0028451015006382696,892,-0.0007033934265020525,573,-0.0057128188196950425,2.322736413625126,1452,0.02131844703286012,962,0.046009174959315446,490,-0.027140435784684447
perp_spot_basis_bps_change_15m|HIGH_2P|30m|return_atr,perp_spot_basis_bps_change_15m,HIGH_2P,HIGH,30m,return_atr,0,False,0.010603523129959234,2.3161166288985235,2108,0.010603523129959234,1306,-0.01840195799949316,802,0.052431385211922435,2.322736413625126,2108,0.10019940674603739,1387,0.15125863794885372,721,-0.01141554881008322
perp_spot_basis_bps_change_15m|HIGH_2P|30m|excursion_bias_atr,perp_spot_basis_bps_change_15m,HIGH_2P,HIGH,30m,excursion_bias_atr,0,False,0.014639325130589886,2.3161166288985235,2108,0.014639325130589886,1306,-0.018733532902999138,802,0.07670396991188912,2.322736413625126,2108,0.1414499074951991,1387,0.2131067286128025,721,0.0019641504131943793
perp_spot_basis_bps_change_15m|HIGH_2P|30m|up_first_touch,perp_spot_basis_bps_change_15m,HIGH_2P,HIGH,30m,up_first_touch,0,False,0.002963148804775939,2.3161166288985235,1891,-0.002963148804775939,1156,-0.0014456783637384896,735,-0.004871478398968954,2.322736413625126,1845,0.021710498116701837,1209,0.0459020146520146,636,-0.02320515737456441
perp_spot_basis_bps_change_15m|HIGH_2P|1h|return_atr,perp_spot_basis_bps_change_15m,HIGH_2P,HIGH,1h,return_atr,0,False,0.006053332570045276,2.3161166288985235,2108,0.006053332570045276,1306,-0.06804415920302799,802,0.11758284680459352,2.322736413625126,2108,0.13710621602922446,1387,0.15765614436911166,721,0.07153852564133127
perp_spot_basis_bps_change_15m|HIGH_2P|1h|excursion_bias_atr,perp_spot_basis_bps_change_15m,HIGH_2P,HIGH,1h,excursion_bias_atr,0,False,0.034280651533032884,2.3161166288985235,2108,-0.034280651533032884,1306,-0.10170483031187154,802,0.08356408493962295,2.322736413625126,2108,0.14506541685845228,1387,0.20444113442464124,721,0.01730820856985918
perp_spot_basis_bps_change_15m|HIGH_2P|1h|up_first_touch,perp_spot_basis_bps_change_15m,HIGH_2P,HIGH,1h,up_first_touch,0,False,0.0006493345480203527,2.3161166288985235,2036,0.0006493345480203527,1255,0.0010191088978987461,781,0.0007944597331246417,2.322736413625126,2041,0.02057420762308343,1339,0.04328942243531869,702,-0.02259023340471744
perp_spot_basis_bps_change_15m|HIGH_2P|2h|return_atr,perp_spot_basis_bps_change_15m,HIGH_2P,HIGH,2h,return_atr,0,False,0.0330962497517646,2.3161166288985235,2108,-0.06684309056845415,1306,-0.10101168951962476,802,-0.028902199834093395,2.322736413625126,2108,0.0330962497517646,1387,-0.026121929227029585,721,0.09255210110079631
perp_spot_basis_bps_change_15m|HIGH_2P|2h|excursion_bias_atr,perp_spot_basis_bps_change_15m,HIGH_2P,HIGH,2h,excursion_bias_atr,0,False,0.09908123655651124,2.3161166288985235,2108,-0.1146060354170732,1306,-0.15080941757674432,802,-0.05605801350711318,2.322736413625126,2108,0.09908123655651124,1387,0.09551059935487441,721,0.0645761691683974
perp_spot_basis_bps_change_15m|HIGH_2P|2h|up_first_touch,perp_spot_basis_bps_change_15m,HIGH_2P,HIGH,2h,up_first_touch,0,False,0.0008222543913653513,2.3161166288985235,2070,-0.0008222543913653513,1279,3.788898689288667e-05,791,-0.0013999593679719924,2.322736413625126,2079,0.0219161530636941,1365,0.04508854071314433,714,-0.02187580076202611
perp_spot_basis_bps_change_15m|HIGH_2P|4h|return_atr,perp_spot_basis_bps_change_15m,HIGH_2P,HIGH,4h,return_atr,0,False,0.02993521013761526,2.3161166288985235,2108,-0.03666464615937473,1306,-0.05524071870714484,802,-0.03482748814293743,2.322736413625126,2108,0.02993521013761526,1387,-0.038518187956764344,721,0.05482726481220698
perp_spot_basis_bps_change_15m|HIGH_2P|4h|excursion_bias_atr,perp_spot_basis_bps_change_15m,HIGH_2P,HIGH,4h,excursion_bias_atr,0,False,0.0640976861605358,2.3161166288985235,2108,-0.17508176435777273,1306,-0.16712965990546652,802,-0.2042809793351045,2.322736413625126,2108,0.0640976861605358,1387,0.05869099615293616,721,-0.019568959183496604
perp_spot_basis_bps_change_15m|HIGH_2P|4h|up_first_touch,perp_spot_basis_bps_change_15m,HIGH_2P,HIGH,4h,up_first_touch,0,False,0.0012922328537205985,2.3161166288985235,2074,-0.0012922328537205985,1283,-0.0006591458374571313,791,-0.001459391102325569,2.322736413625126,2085,0.021101265087491272,1371,0.0441058360549581,714,-0.022364971936196854
perp_spot_basis_bps_change_15m|HIGH_1P|15m|return_atr,perp_spot_basis_bps_change_15m,HIGH_1P,HIGH,15m,return_atr,0,False,0.02430164482036319,2.7179062318754035,1054,-0.02430164482036319,680,-0.08684899281941375,374,0.08590281820626008,2.76790178207453,1054,0.11819059221739947,738,0.16640416539309522,316,-0.003735330411593803
perp_spot_basis_bps_change_15m|HIGH_1P|15m|excursion_bias_atr,perp_spot_basis_bps_change_15m,HIGH_1P,HIGH,15m,excursion_bias_atr,0,False,0.0385257579807209,2.7179062318754035,1054,-0.0385257579807209,680,-0.11284266059586552,374,0.10553345352139136,2.76790178207453,1054,0.12360075798132328,738,0.18165506604441733,316,-0.007562208568199259
perp_spot_basis_bps_change_15m|HIGH_1P|15m|up_first_touch,perp_spot_basis_bps_change_15m,HIGH_1P,HIGH,15m,up_first_touch,0,False,0.012313160754846564,2.7179062318754035,757,-0.02016062307177635,483,-0.02831018580225525,274,-0.005158685751326497,2.76790178207453,740,0.012313160754846564,522,0.04027797957294765,218,-0.054625925393371966
perp_spot_basis_bps_change_15m|HIGH_1P|30m|return_atr,perp_spot_basis_bps_change_15m,HIGH_1P,HIGH,30m,return_atr,0,False,0.0004454264520946036,2.7179062318754035,1054,-0.0004454264520946036,680,-0.051024156990452846,374,0.08450635121301935,2.76790178207453,1054,0.16217770556252037,738,0.2515491456558847,316,-0.06583419402405613
perp_spot_basis_bps_change_15m|HIGH_1P|30m|excursion_bias_atr,perp_spot_basis_bps_change_15m,HIGH_1P,HIGH,30m,excursion_bias_atr,0,False,0.04433125129209492,2.7179062318754035,1054,-0.04433125129209492,680,-0.14903268540816092,374,0.15604496776537477,2.76790178207453,1054,0.14981334261002335,738,0.2314012125631218,316,-0.04309041631370107
perp_spot_basis_bps_change_15m|HIGH_1P|30m|up_first_touch,perp_spot_basis_bps_change_15m,HIGH_1P,HIGH,30m,up_first_touch,0,False,0.0016352336037207538,2.7179062318754035,947,-0.0016352336037207538,609,-0.012719762033717608,338,0.01900244987056371,2.76790178207453,927,0.015432707183452632,647,0.04221636490763225,280,-0.044903270582111576
perp_spot_basis_bps_change_15m|HIGH_1P|1h|return_atr,perp_spot_basis_bps_change_15m,HIGH_1P,HIGH,1h,return_atr,0,False,0.05616036023955215,2.7179062318754035,1054,-0.05616036023955215,680,-0.18630519933586714,374,0.168623005727074,2.76790178207453,1054,0.20086352995102935,738,0.24840798445081355,316,0.05232147282750019
perp_spot_basis_bps_change_15m|HIGH_1P|1h|excursion_bias_atr,perp_spot_basis_bps_change_15m,HIGH_1P,HIGH,1h,excursion_bias_atr,0,False,0.09082803202657258,2.7179062318754035,1054,-0.09082803202657258,680,-0.2365772166424599,374,0.1846087214481478,2.76790178207453,1054,0.22830960044315995,738,0.33495505509837276,316,-0.04025246630230671
perp_spot_basis_bps_change_15m|HIGH_1P|1h|up_first_touch,perp_spot_basis_bps_change_15m,HIGH_1P,HIGH,1h,up_first_touch,0,False,0.004094721337051743,2.7179062318754035,1013,0.004094721337051743,651,-0.006176685497484347,362,0.023534112112493843,2.76790178207453,1020,0.014454562312729957,713,0.04059225985035814,307,-0.046013305687724604
perp_spot_basis_bps_change_15m|HIGH_1P|2h|return_atr,perp_spot_basis_bps_change_15m,HIGH_1P,HIGH,2h,return_atr,0,False,0.07889180101265486,2.7179062318754035,1054,-0.14404207204622874,680,-0.2767375526203468,374,0.07426699805511637,2.76790178207453,1054,0.07889180101265486,738,0.05395015211605077,316,0.05868031964165783
perp_spot_basis_bps_change_15m|HIGH_1P|2h|excursion_bias_atr,perp_spot_basis_bps_change_15m,HIGH_1P,HIGH,2h,excursion_bias_atr,0,False,0.1271602425270862,2.7179062318754035,1054,-0.24847208025216214,680,-0.4117626816957243,374,0.047892586283762244,2.76790178207453,1054,0.1271602425270862,738,0.18019614641106252,316,-0.05630666646186508
perp_spot_basis_bps_change_15m|HIGH_1P|2h|up_first_touch,perp_spot_basis_bps_change_15m,HIGH_1P,HIGH,2h,up_first_touch,0,False,0.004013353694559352,2.7179062318754035,1030,0.004013353694559352,664,-0.006204045129557301,366,0.023618520387197195,2.76790178207453,1039,0.014946969963615886,727,0.042255885060681286,312,-0.04794776801046391
perp_spot_basis_bps_change_15m|HIGH_1P|4h|return_atr,perp_spot_basis_bps_change_15m,HIGH_1P,HIGH,4h,return_atr,0,False,0.042739318647143365,2.7179062318754035,1054,-0.042739318647143365,680,-0.12207522596470473,374,0.06465349941920992,2.76790178207453,1054,0.1528649458408349,738,0.05778860338949349,316,0.22103864485324756
perp_spot_basis_bps_change_15m|HIGH_1P|4h|excursion_bias_atr,perp_spot_basis_bps_change_15m,HIGH_1P,HIGH,4h,excursion_bias_atr,0,False,0.1692344099205481,2.7179062318754035,1054,-0.20516587823772459,680,-0.3038542109934426,374,-0.04681026472182048,2.76790178207453,1054,0.1692344099205481,738,0.19987282605154302,316,-0.03785636597213543
perp_spot_basis_bps_change_15m|HIGH_1P|4h|up_first_touch,perp_spot_basis_bps_change_15m,HIGH_1P,HIGH,4h,up_first_touch,0,False,0.0040162000886519444,2.7179062318754035,1032,0.0040162000886519444,666,-0.006103405373688586,366,0.02355908865284362,2.76790178207453,1043,0.013662383977614156,731,0.04060554020612139,312,-0.04843693918463465
perp_spot_basis_bps_change_1h|LOW_1P|15m|return_atr,perp_spot_basis_bps_change_1h,LOW_1P,LOW,15m,return_atr,0,False,0.014769785630319492,-3.3492402631812856,1054,0.014769785630319492,692,0.028483040639105964,362,-0.015358810403514861,-3.345407426887781,1054,-0.028154717127278656,772,-0.09297378784920228,282,0.13718214610951499
perp_spot_basis_bps_change_1h|LOW_1P|15m|excursion_bias_atr,perp_spot_basis_bps_change_1h,LOW_1P,LOW,15m,excursion_bias_atr,0,False,0.043820778810732285,-3.3492402631812856,1054,-0.043820778810732285,692,-0.030947613672916926,362,-0.05848471571551598,-3.345407426887781,1054,-0.0893700721508616,772,-0.16271800295505695,282,0.11716587999446793
perp_spot_basis_bps_change_1h|LOW_1P|15m|up_first_touch,perp_spot_basis_bps_change_1h,LOW_1P,LOW,15m,up_first_touch,0,False,0.004893476920068418,-3.3492402631812856,638,0.026467918067765495,415,0.05799777897611291,223,-0.031491702673849487,-3.345407426887781,636,0.004893476920068418,471,-0.014789497304324994,165,0.061109409608018084
perp_spot_basis_bps_change_1h|LOW_1P|30m|return_atr,perp_spot_basis_bps_change_1h,LOW_1P,LOW,30m,return_atr,0,False,0.0016460054610491076,-3.3492402631812856,1054,0.0016460054610491076,692,0.061066489486991685,362,-0.11974158923944554,-3.345407426887781,1054,-0.0046922910274265536,772,-0.07339356087930994,282,0.15833223522932843
perp_spot_basis_bps_change_1h|LOW_1P|30m|excursion_bias_atr,perp_spot_basis_bps_change_1h,LOW_1P,LOW,30m,excursion_bias_atr,0,False,0.07991166842148933,-3.3492402631812856,1054,-0.07991166842148933,692,-0.053611129408783244,362,-0.1190501099639102,-3.345407426887781,1054,-0.09739738509746532,772,-0.21712649799862582,282,0.22730690290632566
perp_spot_basis_bps_change_1h|LOW_1P|30m|up_first_touch,perp_spot_basis_bps_change_1h,LOW_1P,LOW,30m,up_first_touch,0,False,0.010209228650794044,-3.3492402631812856,904,0.02529073662363901,593,0.05937199261894882,311,-0.03894195546439316,-3.345407426887781,887,0.010209228650794044,654,-0.006320991699432066,233,0.05874479808741628
perp_spot_basis_bps_change_1h|LOW_1P|1h|return_atr,perp_spot_basis_bps_change_1h,LOW_1P,LOW,1h,return_atr,0,False,0.06453430329569221,-3.3492402631812856,1054,0.06453430329569221,692,0.1414503853909604,362,-0.09567677831632965,-3.345407426887781,1054,0.08560047294847775,772,-0.0033455044067441306,282,0.2803909056801071
perp_spot_basis_bps_change_1h|LOW_1P|1h|excursion_bias_atr,perp_spot_basis_bps_change_1h,LOW_1P,LOW,1h,excursion_bias_atr,0,False,0.045530197539296824,-3.3492402631812856,1054,-0.045530197539296824,692,0.015646588754284,362,-0.15086148175617464,-3.345407426887781,1054,-0.06446190738863623,772,-0.23694475380957364,282,0.38240368033129346
perp_spot_basis_bps_change_1h|LOW_1P|1h|up_first_touch,perp_spot_basis_bps_change_1h,LOW_1P,LOW,1h,up_first_touch,0,False,0.013058158053696978,-3.3492402631812856,1002,0.029560078874691198,652,0.06055641977708143,350,-0.027136763972746947,-3.345407426887781,1011,0.013058158053696978,739,-0.005320965823242763,272,0.06329882307257434
perp_spot_basis_bps_change_1h|LOW_1P|2h|return_atr,perp_spot_basis_bps_change_1h,LOW_1P,LOW,2h,return_atr,1,True,0.055090922989377275,-3.3492402631812856,1054,0.055090922989377275,692,0.02648204105660984,362,0.08423701229488777,-3.345407426887781,1054,0.265857171690118,772,0.023990271856042328,282,0.826088265533437
perp_spot_basis_bps_change_1h|LOW_1P|2h|excursion_bias_atr,perp_spot_basis_bps_change_1h,LOW_1P,LOW,2h,excursion_bias_atr,0,False,0.08975558310174513,-3.3492402631812856,1054,-0.08975558310174513,692,-0.11375832126821929,362,-0.04445866711191622,-3.345407426887781,1054,0.15436183889318916,772,-0.1268427798914634,282,0.8467734266381844
perp_spot_basis_bps_change_1h|LOW_1P|2h|up_first_touch,perp_spot_basis_bps_change_1h,LOW_1P,LOW,2h,up_first_touch,0,False,0.009658981846985326,-3.3492402631812856,1031,0.027775748579344506,674,0.05626690692793079,357,-0.024850047367773687,-3.345407426887781,1038,0.009658981846985326,761,-0.008054374190611557,277,0.059290961971948386
perp_spot_basis_bps_change_1h|LOW_1P|4h|return_atr,perp_spot_basis_bps_change_1h,LOW_1P,LOW,4h,return_atr,0,False,0.051891637810153546,-3.3492402631812856,1054,0.051891637810153546,692,-0.2538486117019282,362,0.5953350493353294,-3.345407426887781,1054,0.35920776811910937,772,-0.03502687739115272,282,1.238605074824726
perp_spot_basis_bps_change_1h|LOW_1P|4h|excursion_bias_atr,perp_spot_basis_bps_change_1h,LOW_1P,LOW,4h,excursion_bias_atr,0,False,0.0168574676017555,-3.3492402631812856,1054,-0.0168574676017555,692,-0.3990820670473805,362,0.690349279081899,-3.345407426887781,1054,0.2204629152589161,772,-0.24009626708660126,282,1.3052440245817236
perp_spot_basis_bps_change_1h|LOW_1P|4h|up_first_touch,perp_spot_basis_bps_change_1h,LOW_1P,LOW,4h,up_first_touch,0,False,0.00935342727328975,-3.3492402631812856,1040,0.02804720784058995,679,0.056689873914436084,361,-0.024614624318108402,-3.345407426887781,1042,0.00935342727328975,764,-0.008735175015800789,278,0.06039906893194896
perp_spot_basis_bps_change_1h|LOW_2P|15m|return_atr,perp_spot_basis_bps_change_1h,LOW_2P,LOW,15m,return_atr,0,False,0.0002564801161454699,-2.7779395802216107,2108,0.015636302049556176,1319,0.0618852956870807,789,-0.0645765417876512,-2.758581189394027,2108,0.0002564801161454699,1451,-0.04577889839525566,657,0.09347986223249623
perp_spot_basis_bps_change_1h|LOW_2P|15m|excursion_bias_atr,perp_spot_basis_bps_change_1h,LOW_2P,LOW,15m,excursion_bias_atr,0,False,0.017304530669433476,-2.7779395802216107,2108,-0.017304530669433476,1319,0.04241259262563983,789,-0.1097766030434052,-2.758581189394027,2108,-0.035322556343887625,1451,-0.0902192543495239,657,0.08992108319194815
perp_spot_basis_bps_change_1h|LOW_2P|15m|up_first_touch,perp_spot_basis_bps_change_1h,LOW_2P,LOW,15m,up_first_touch,0,False,0.016264931071806155,-2.7779395802216107,1315,0.016264931071806155,824,0.05717896975866055,491,-0.051830902440044624,-2.758581189394027,1292,0.01657640232458968,896,-0.0037662185660781167,396,0.06262456112316955
perp_spot_basis_bps_change_1h|LOW_2P|30m|return_atr,perp_spot_basis_bps_change_1h,LOW_2P,LOW,30m,return_atr,0,False,0.024292527128238026,-2.7779395802216107,2108,0.024978789255983312,1319,0.10624965144465846,789,-0.11665626288999945,-2.758581189394027,2108,0.024292527128238026,1451,6.683865314218232e-05,657,0.06032383823841999
perp_spot_basis_bps_change_1h|LOW_2P|30m|excursion_bias_atr,perp_spot_basis_bps_change_1h,LOW_2P,LOW,30m,excursion_bias_atr,0,False,0.004227737119331896,-2.7779395802216107,2108,-0.004227737119331896,1319,0.08959236363286027,789,-0.15282809631288974,-2.758581189394027,2108,-0.039039842839107566,1451,-0.0986375953165803,657,0.09044571398781753
perp_spot_basis_bps_change_1h|LOW_2P|30m|up_first_touch,perp_spot_basis_bps_change_1h,LOW_2P,LOW,30m,up_first_touch,0,False,0.012132544315922866,-2.7779395802216107,1819,0.018278350162148516,1130,0.05509197053236342,689,-0.04156470431052367,-2.758581189394027,1789,0.012132544315922866,1230,-0.0015026132404181713,559,0.04355826787942685
perp_spot_basis_bps_change_1h|LOW_2P|1h|return_atr,perp_spot_basis_bps_change_1h,LOW_2P,LOW,1h,return_atr,0,False,0.026149197016623126,-2.7779395802216107,2108,0.026149197016623126,1319,0.17181343114447656,789,-0.22711463558851336,-2.758581189394027,2108,0.1603662822044864,1451,0.11048777260392509,657,0.23655498845499123
perp_spot_basis_bps_change_1h|LOW_2P|1h|excursion_bias_atr,perp_spot_basis_bps_change_1h,LOW_2P,LOW,1h,excursion_bias_atr,0,False,0.03539182435413921,-2.7779395802216107,2108,-0.03539182435413921,1319,0.13203839894310165,789,-0.30669652627377014,-2.758581189394027,2108,0.051172920772542915,1451,-0.053479329079961335,657,0.2646402300219001
perp_spot_basis_bps_change_1h|LOW_2P|1h|up_first_touch,perp_spot_basis_bps_change_1h,LOW_2P,LOW,1h,up_first_touch,0,False,0.014784105894868727,-2.7779395802216107,2019,0.021187522353261545,1256,0.05476336753215155,763,-0.0332966591234678,-2.758581189394027,2023,0.014784105894868727,1389,-0.002011568869992264,634,0.05179390564819136
perp_spot_basis_bps_change_1h|LOW_2P|2h|return_atr,perp_spot_basis_bps_change_1h,LOW_2P,LOW,2h,return_atr,0,False,0.06632663441673847,-2.7779395802216107,2108,-0.06632663441673847,1319,-0.009910761861525924,789,-0.17953874228451835,-2.758581189394027,2108,0.32067078771488394,1451,0.20578301842825852,657,0.5033395593277528
perp_spot_basis_bps_change_1h|LOW_2P|2h|excursion_bias_atr,perp_spot_basis_bps_change_1h,LOW_2P,LOW,2h,excursion_bias_atr,0,False,0.13300596291529027,-2.7779395802216107,2108,-0.13300596291529027,1319,-0.009241509296984562,789,-0.3403416676099982,-2.758581189394027,2108,0.29343466288543646,1451,0.1695640295202558,657,0.5130211066666581
perp_spot_basis_bps_change_1h|LOW_2P|2h|up_first_touch,perp_spot_basis_bps_change_1h,LOW_2P,LOW,2h,up_first_touch,0,False,0.013258144405685401,-2.7779395802216107,2072,0.019451746317417973,1293,0.05035513823965043,779,-0.030973677821238776,-2.758581189394027,2079,0.013258144405685401,1431,-0.002908326151647045,648,0.04963057956788364
perp_spot_basis_bps_change_1h|LOW_2P|4h|return_atr,perp_spot_basis_bps_change_1h,LOW_2P,LOW,4h,return_atr,0,False,0.09289291962381309,-2.7779395802216107,2108,-0.09289291962381309,1319,-0.2800568648872308,789,0.1896565601698427,-2.758581189394027,2108,0.43143708144331877,1451,0.23828997695651075,657,0.7186479274276112
perp_spot_basis_bps_change_1h|LOW_2P|4h|excursion_bias_atr,perp_spot_basis_bps_change_1h,LOW_2P,LOW,4h,excursion_bias_atr,0,False,0.15320475252779128,-2.7779395802216107,2108,-0.15320475252779128,1319,-0.2872221995173896,789,0.053485425853357735,-2.758581189394027,2108,0.4730779122216713,1451,0.2588654310168815,657,0.8234180177414279
perp_spot_basis_bps_change_1h|LOW_2P|4h|up_first_touch,perp_spot_basis_bps_change_1h,LOW_2P,LOW,4h,up_first_touch,0,False,0.013173813944957036,-2.7779395802216107,2085,0.02007358673747245,1300,0.051330182059898866,785,-0.030782911277545177,-2.758581189394027,2088,0.013173813944957036,1436,-0.003306336911117924,652,0.05039112436735521
perp_spot_basis_bps_change_1h|HIGH_2P|15m|return_atr,perp_spot_basis_bps_change_1h,HIGH_2P,HIGH,15m,return_atr,0,False,0.033395003721860265,2.7392836351797896,2108,0.033395003721860265,1316,-0.016771999855493054,792,0.11389952201204687,2.796609201672595,2108,0.10208816096599137,1429,0.10102962112423201,679,0.09658909315732865
perp_spot_basis_bps_change_1h|HIGH_2P|15m|excursion_bias_atr,perp_spot_basis_bps_change_1h,HIGH_2P,HIGH,15m,excursion_bias_atr,0,False,0.0566907577080123,2.7392836351797896,2108,0.0566907577080123,1316,-0.009632547058909608,792,0.17414477430942732,2.796609201672595,2108,0.10971970830018601,1429,0.10586832506266698,679,0.12148697150942453
perp_spot_basis_bps_change_1h|HIGH_2P|15m|up_first_touch,perp_spot_basis_bps_change_1h,HIGH_2P,HIGH,15m,up_first_touch,1,True,0.0119722028690038,2.7392836351797896,1442,0.0119722028690038,884,0.0015184680673193673,558,0.029022304751773698,2.796609201672595,1459,0.014750965248853998,999,0.019136148086288496,460,0.005246432005910073
perp_spot_basis_bps_change_1h|HIGH_2P|30m|return_atr,perp_spot_basis_bps_change_1h,HIGH_2P,HIGH,30m,return_atr,0,False,0.026875751137538005,2.7392836351797896,2108,0.026875751137538005,1316,-0.06485813080053505,792,0.17361620608483674,2.796609201672595,2108,0.1307831574346217,1429,0.1346543059958714,679,0.10665372271442118
perp_spot_basis_bps_change_1h|HIGH_2P|30m|excursion_bias_atr,perp_spot_basis_bps_change_1h,HIGH_2P,HIGH,30m,excursion_bias_atr,0,False,0.0640801342315153,2.7392836351797896,2108,0.0640801342315153,1316,-0.028940432831909814,792,0.2267645586461928,2.796609201672595,2108,0.18181027652611614,1429,0.18112154702655728,679,0.18130447363260369
perp_spot_basis_bps_change_1h|HIGH_2P|30m|up_first_touch,perp_spot_basis_bps_change_1h,HIGH_2P,HIGH,30m,up_first_touch,0,False,0.005279532248235519,2.7392836351797896,1864,0.005279532248235519,1153,-0.008829005144785074,711,0.028677130918175642,2.796609201672595,1854,0.013814584206106317,1257,0.013407063302647959,597,0.015984501612193225
perp_spot_basis_bps_change_1h|HIGH_2P|1h|return_atr,perp_spot_basis_bps_change_1h,HIGH_2P,HIGH,1h,return_atr,0,False,0.09372395526717071,2.7392836351797896,2108,-0.09372395526717071,1316,-0.24561117840363872,792,0.14904724333344901,2.796609201672595,2108,0.09469887252668038,1429,0.04897489387008081,679,0.15985473198561828
perp_spot_basis_bps_change_1h|HIGH_2P|1h|excursion_bias_atr,perp_spot_basis_bps_change_1h,HIGH_2P,HIGH,1h,excursion_bias_atr,0,False,0.03891366917174606,2.7392836351797896,2108,-0.03891366917174606,1316,-0.2023413865601384,792,0.241107546807572,2.796609201672595,2108,0.20068591394791707,1429,0.18852574767546637,679,0.2101236324555977
perp_spot_basis_bps_change_1h|HIGH_2P|1h|up_first_touch,perp_spot_basis_bps_change_1h,HIGH_2P,HIGH,1h,up_first_touch,0,False,0.0016306869211351604,2.7392836351797896,2034,0.0016306869211351604,1267,-0.014739797072536753,767,0.02946595534183677,2.796609201672595,2031,0.010805244387627921,1381,0.008810505262701274,650,0.015244524430040374
perp_spot_basis_bps_change_1h|HIGH_2P|2h|return_atr,perp_spot_basis_bps_change_1h,HIGH_2P,HIGH,2h,return_atr,0,False,0.060231542113092645,2.7392836351797896,2108,-0.2501331106382398,1316,-0.2891855212952929,792,-0.20386235676649256,2.796609201672595,2108,0.060231542113092645,1429,-0.02350789785004176,679,0.1714624669572523
perp_spot_basis_bps_change_1h|HIGH_2P|2h|excursion_bias_atr,perp_spot_basis_bps_change_1h,HIGH_2P,HIGH,2h,excursion_bias_atr,0,False,0.13958495814945446,2.7392836351797896,2108,-0.313054391233946,1316,-0.4274168302073116,792,-0.12345564137435708,2.796609201672595,2108,0.13958495814945446,1429,0.037299427873015004,679,0.30546989568717614
perp_spot_basis_bps_change_1h|HIGH_2P|2h|up_first_touch,perp_spot_basis_bps_change_1h,HIGH_2P,HIGH,2h,up_first_touch,0,False,0.0011119779776496141,2.7392836351797896,2072,0.0011119779776496141,1292,-0.012689740231948243,780,0.024837519966852517,2.796609201672595,2081,0.007002133344292338,1411,0.005492275886546494,670,0.010796969838751558
perp_spot_basis_bps_change_1h|HIGH_2P|4h|return_atr,perp_spot_basis_bps_change_1h,HIGH_2P,HIGH,4h,return_atr,0,False,0.15795368926866557,2.7392836351797896,2108,-0.21103495585342852,1316,-0.27516650124299097,792,-0.13436201626354055,2.796609201672595,2108,0.15795368926866557,1429,-0.004603025131263122,679,0.37259293117799375
perp_spot_basis_bps_change_1h|HIGH_2P|4h|excursion_bias_atr,perp_spot_basis_bps_change_1h,HIGH_2P,HIGH,4h,excursion_bias_atr,0,False,0.21769252380403403,2.7392836351797896,2108,-0.40200608318309017,1316,-0.5059788353668586,792,-0.24633744876165922,2.796609201672595,2108,0.21769252380403403,1429,0.0549707762496526,679,0.44786851605192657
perp_spot_basis_bps_change_1h|HIGH_2P|4h|up_first_touch,perp_spot_basis_bps_change_1h,HIGH_2P,HIGH,4h,up_first_touch,0,False,7.629047752638618e-05,2.7392836351797896,2081,-7.629047752638618e-05,1296,-0.013339808443425027,785,0.022720273435830607,2.796609201672595,2083,0.006715769163539165,1412,0.0050620455172517564,671,0.011041833408892032
perp_spot_basis_bps_change_1h|HIGH_1P|15m|return_atr,perp_spot_basis_bps_change_1h,HIGH_1P,HIGH,15m,return_atr,1,True,0.09012643331126804,3.3504476139985067,1054,0.09012643331126804,678,0.028687574433649665,376,0.1974580667068967,3.438113879577143,1054,0.11975692751690645,758,0.08983968180576957,296,0.18548259022726585
perp_spot_basis_bps_change_1h|HIGH_1P|15m|excursion_bias_atr,perp_spot_basis_bps_change_1h,HIGH_1P,HIGH,15m,excursion_bias_atr,1,True,0.09662190351382267,3.3504476139985067,1054,0.09662190351382267,678,0.007544236596316678,376,0.2660220024362603,3.438113879577143,1054,0.10545472152107974,758,0.061967997102609126,296,0.2219752627659629
perp_spot_basis_bps_change_1h|HIGH_1P|15m|up_first_touch,perp_spot_basis_bps_change_1h,HIGH_1P,HIGH,15m,up_first_touch,0,False,0.008451451775437158,3.3504476139985067,728,0.008451451775437158,451,0.01597603345745291,277,-0.003274578133207473,3.438113879577143,744,0.02036314622418689,531,0.01245149733384121,213,0.040110690017749195
perp_spot_basis_bps_change_1h|HIGH_1P|30m|return_atr,perp_spot_basis_bps_change_1h,HIGH_1P,HIGH,30m,return_atr,0,False,0.09618345038252932,3.3504476139985067,1054,0.09618345038252932,678,-0.014884981257018735,376,0.28957826900397965,3.438113879577143,1054,0.16163059757705683,758,0.1421485996720653,296,0.18900160779725675
perp_spot_basis_bps_change_1h|HIGH_1P|30m|excursion_bias_atr,perp_spot_basis_bps_change_1h,HIGH_1P,HIGH,30m,excursion_bias_atr,1,True,0.1355410032644261,3.3504476139985067,1054,0.1355410032644261,678,0.005676159226300381,376,0.37954119984627094,3.438113879577143,1054,0.18311109893763783,758,0.14367729473653407,296,0.2813386750400989
perp_spot_basis_bps_change_1h|HIGH_1P|30m|up_first_touch,perp_spot_basis_bps_change_1h,HIGH_1P,HIGH,30m,up_first_touch,1,True,0.006894160480373168,3.3504476139985067,931,0.006894160480373168,594,0.004563082835334187,337,0.011636727257180735,3.438113879577143,938,0.013726030212321272,673,0.006697534139956107,265,0.033398616210341237
perp_spot_basis_bps_change_1h|HIGH_1P|1h|return_atr,perp_spot_basis_bps_change_1h,HIGH_1P,HIGH,1h,return_atr,0,False,0.010845625837982382,3.3504476139985067,1054,-0.010845625837982382,678,-0.19718600432291894,376,0.3135322821462889,3.438113879577143,1054,0.11951338359443074,758,0.01892026853718585,296,0.3333306684388611
perp_spot_basis_bps_change_1h|HIGH_1P|1h|excursion_bias_atr,perp_spot_basis_bps_change_1h,HIGH_1P,HIGH,1h,excursion_bias_atr,0,False,0.07939168156812676,3.3504476139985067,1054,0.07939168156812676,678,-0.1296707900154167,376,0.46662085931564506,3.438113879577143,1054,0.18257215312668568,758,0.10832585942590453,296,0.3499414398390646
perp_spot_basis_bps_change_1h|HIGH_1P|1h|up_first_touch,perp_spot_basis_bps_change_1h,HIGH_1P,HIGH,1h,up_first_touch,0,False,0.003112475576800444,3.3504476139985067,1003,0.003112475576800444,642,-0.00709547327186455,361,0.02221028786737972,3.438113879577143,1023,0.01491457036287086,738,0.01024793817432229,285,0.02728231120466923
perp_spot_basis_bps_change_1h|HIGH_1P|2h|return_atr,perp_spot_basis_bps_change_1h,HIGH_1P,HIGH,2h,return_atr,0,False,0.11110343103518425,3.3504476139985067,1054,-0.16323761717746127,678,-0.2143795905836312,376,-0.09355912968734631,3.438113879577143,1054,0.11110343103518425,758,-0.03912480127364624,296,0.4042123071198788
perp_spot_basis_bps_change_1h|HIGH_1P|2h|excursion_bias_atr,perp_spot_basis_bps_change_1h,HIGH_1P,HIGH,2h,excursion_bias_atr,0,False,0.1455736799257261,3.3504476139985067,1054,-0.20905627336111174,678,-0.37578979848301747,376,0.09107840107970816,3.438113879577143,1054,0.1455736799257261,758,-0.0501024819045332,296,0.5770797845658583
perp_spot_basis_bps_change_1h|HIGH_1P|2h|up_first_touch,perp_spot_basis_bps_change_1h,HIGH_1P,HIGH,2h,up_first_touch,0,False,0.001093162169360118,3.3504476139985067,1026,0.001093162169360118,660,-0.007783088576070629,366,0.01815403951288025,3.438113879577143,1041,0.011083245977184686,748,0.007102996845247567,293,0.02210561432960778
perp_spot_basis_bps_change_1h|HIGH_1P|4h|return_atr,perp_spot_basis_bps_change_1h,HIGH_1P,HIGH,4h,return_atr,0,False,0.056829732998242316,3.3504476139985067,1054,0.056829732998242316,678,0.008119384946772501,376,0.10847641403979727,3.438113879577143,1054,0.22017499730514375,758,-0.08558483157286073,296,0.8235267329181033
perp_spot_basis_bps_change_1h|HIGH_1P|4h|excursion_bias_atr,perp_spot_basis_bps_change_1h,HIGH_1P,HIGH,4h,excursion_bias_atr,0,False,0.049172443879965194,3.3504476139985067,1054,-0.049172443879965194,678,-0.12127471463909506,376,0.060145441861367846,3.438113879577143,1054,0.21041525884844392,758,-0.09969785351234883,296,0.8463207969887852
perp_spot_basis_bps_change_1h|HIGH_1P|4h|up_first_touch,perp_spot_basis_bps_change_1h,HIGH_1P,HIGH,4h,up_first_touch,0,False,0.0013090361090712377,3.3504476139985067,1033,-0.0013090361090712377,663,-0.0099217033096336,370,0.015214678669089321,3.438113879577143,1042,0.010313120171562218,749,0.006356500446770608,293,0.021616443155437037
spot_volume_shock_1h|LOW_1P|15m|return_atr,spot_volume_shock_1h,LOW_1P,LOW,15m,return_atr,0,False,0.015402042304765658,-1.1560516498595659,1054,-0.06796934402193261,413,-0.08878373509147847,641,-0.05309653703446079,-1.2039636453346423,1054,-0.015402042304765658,515,0.0011995608718338348,539,-0.03103276218537647
spot_volume_shock_1h|LOW_1P|15m|excursion_bias_atr,spot_volume_shock_1h,LOW_1P,LOW,15m,excursion_bias_atr,0,False,0.003229445674799096,-1.1560516498595659,1054,0.003921475333502263,413,-0.0014268385355865366,641,0.003653227395515787,-1.2039636453346423,1054,0.003229445674799096,515,0.026452615345517808,539,-0.01906945524975666
spot_volume_shock_1h|LOW_1P|15m|up_first_touch,spot_volume_shock_1h,LOW_1P,LOW,15m,up_first_touch,0,False,0.011318150294309604,-1.1560516498595659,598,0.011318150294309604,235,0.022929847676446125,363,0.0035179947899857122,-1.2039636453346423,547,-0.024210382898495975,272,-0.023461596717338606,275,-0.024951196452587976
spot_volume_shock_1h|LOW_1P|30m|return_atr,spot_volume_shock_1h,LOW_1P,LOW,30m,return_atr,-1,True,0.032917348682977535,-1.1560516498595659,1054,-0.07479631700754669,413,-0.09462839739196587,641,-0.059104755319530716,-1.2039636453346423,1054,-0.032917348682977535,515,-0.05914562403739311,539,-0.007376929419782559
spot_volume_shock_1h|LOW_1P|30m|excursion_bias_atr,spot_volume_shock_1h,LOW_1P,LOW,30m,excursion_bias_atr,0,False,0.009725362731209136,-1.1560516498595659,1054,-0.07164083982922431,413,-0.11070912057008281,641,-0.05062973591347581,-1.2039636453346423,1054,-0.009725362731209136,515,0.021648303937510445,539,-0.039643333120417915
spot_volume_shock_1h|LOW_1P|30m|up_first_touch,spot_volume_shock_1h,LOW_1P,LOW,30m,up_first_touch,-1,True,0.008428862361446632,-1.1560516498595659,858,-0.008428862361446632,340,-0.011826301201108724,518,-0.006471037141384806,-1.2039636453346423,843,-0.01568208933230436,419,-0.010459285146039332,424,-0.020846666808526704
spot_volume_shock_1h|LOW_1P|1h|return_atr,spot_volume_shock_1h,LOW_1P,LOW,1h,return_atr,0,False,0.055594338128047024,-1.1560516498595659,1054,-0.08345346528079936,413,-0.07365574673279784,641,-0.0848409290672004,-1.2039636453346423,1054,0.055594338128047024,515,-0.053346771823141084,539,0.1606210937806516
spot_volume_shock_1h|LOW_1P|1h|excursion_bias_atr,spot_volume_shock_1h,LOW_1P,LOW,1h,excursion_bias_atr,0,False,0.034772159353709337,-1.1560516498595659,1054,-0.0681160800154855,413,-0.10002173430111112,641,-0.05189990771471134,-1.2039636453346423,1054,0.034772159353709337,515,-0.047701635665962,539,0.11406049003059404
spot_volume_shock_1h|LOW_1P|1h|up_first_touch,spot_volume_shock_1h,LOW_1P,LOW,1h,up_first_touch,-1,True,0.010802998338649228,-1.1560516498595659,1005,-0.010818864730635536,395,-0.027837616100840457,610,-0.00020467966361342738,-1.2039636453346423,1003,-0.010802998338649228,489,-0.00846454956405207,514,-0.013034433965649517
spot_volume_shock_1h|LOW_1P|2h|return_atr,spot_volume_shock_1h,LOW_1P,LOW,2h,return_atr,0,False,0.14770773322786898,-1.1560516498595659,1054,-0.14770773322786898,413,-0.07301221986168141,641,-0.18627949145441086,-1.2039636453346423,1054,0.155083083482918,515,-0.014746468193131967,539,0.31932314053448524
spot_volume_shock_1h|LOW_1P|2h|excursion_bias_atr,spot_volume_shock_1h,LOW_1P,LOW,2h,excursion_bias_atr,0,False,0.1304633132325285,-1.1560516498595659,1054,-0.1304633132325285,413,-0.1187177961832261,641,-0.13781151883599116,-1.2039636453346423,1054,0.23611315515095707,515,0.11553148196173917,539,0.35282413819961256
spot_volume_shock_1h|LOW_1P|2h|up_first_touch,spot_volume_shock_1h,LOW_1P,LOW,2h,up_first_touch,-1,True,0.012835787132372212,-1.1560516498595659,1046,-0.01512195603831118,409,-0.031114199193244818,637,-0.00530376731729193,-1.2039636453346423,1047,-0.012835787132372212,510,-0.005374721514823766,537,-0.01994318413995827
spot_volume_shock_1h|LOW_1P|4h|return_atr,spot_volume_shock_1h,LOW_1P,LOW,4h,return_atr,0,False,0.09699728386723296,-1.1560516498595659,1054,-0.09699728386723296,413,0.12237807122691324,641,-0.2229735759741881,-1.2039636453346423,1053,0.33665814362969143,515,0.24409407457249324,538,0.4289827883796338
spot_volume_shock_1h|LOW_1P|4h|excursion_bias_atr,spot_volume_shock_1h,LOW_1P,LOW,4h,excursion_bias_atr,0,False,0.22151378490615112,-1.1560516498595659,1054,-0.22151378490615112,413,-0.061065107758957314,641,-0.3161022259379116,-1.2039636453346423,1053,0.4106609216628307,515,0.29395859955357445,538,0.5256488805984489
spot_volume_shock_1h|LOW_1P|4h|up_first_touch,spot_volume_shock_1h,LOW_1P,LOW,4h,up_first_touch,-1,True,0.013055538869913619,-1.1560516498595659,1051,-0.015506550484814474,411,-0.02843961019164526,640,-0.007673834844424188,-1.2039636453346423,1051,-0.013055538869913619,513,-0.006367417343551562,538,-0.01945972061633805
spot_volume_shock_1h|LOW_2P|15m|return_atr,spot_volume_shock_1h,LOW_2P,LOW,15m,return_atr,0,False,0.004775729300138743,-1.0261110395821413,2108,-0.004775729300138743,832,-0.04473504287254913,1276,0.022708420003430367,-1.0583113238432067,2108,-0.005429236588064369,977,-0.008179372080239795,1131,-0.002187241277190555
spot_volume_shock_1h|LOW_2P|15m|excursion_bias_atr,spot_volume_shock_1h,LOW_2P,LOW,15m,excursion_bias_atr,0,False,0.01597407319169081,-1.0261110395821413,2108,0.034229786315660246,832,-0.007609006215435237,1276,0.057879387545815474,-1.0583113238432067,2108,0.01597407319169081,977,0.0036110253925179248,1131,0.02624318030157562
spot_volume_shock_1h|LOW_2P|15m|up_first_touch,spot_volume_shock_1h,LOW_2P,LOW,15m,up_first_touch,0,False,0.012723179140198881,-1.0261110395821413,1173,0.024696076715714277,481,0.02145242917775103,692,0.026707058310105447,-1.0583113238432067,1097,-0.012723179140198881,527,-0.015990059715441096,570,-0.009703987521168522
spot_volume_shock_1h|LOW_2P|30m|return_atr,spot_volume_shock_1h,LOW_2P,LOW,30m,return_atr,0,False,0.003652151737480215,-1.0261110395821413,2108,-0.003652151737480215,832,-0.04034413069206012,1276,0.023120676607793156,-1.0583113238432067,2108,-0.01696528024777062,977,-0.04024577218616428,1131,0.004938095902814836
spot_volume_shock_1h|LOW_2P|30m|excursion_bias_atr,spot_volume_shock_1h,LOW_2P,LOW,30m,excursion_bias_atr,0,False,0.007046027099700029,-1.0261110395821413,2108,0.015022229653152893,832,-0.05589511533233018,1276,0.05719552868990547,-1.0583113238432067,2108,0.007046027099700029,977,-0.006979628213775707,1131,0.019381244764610554
spot_volume_shock_1h|LOW_2P|30m|up_first_touch,spot_volume_shock_1h,LOW_2P,LOW,30m,up_first_touch,0,False,0.0040978168048133035,-1.0261110395821413,1705,0.011738067482902514,686,0.0043373070993543705,1019,0.01646196174843445,-1.0583113238432067,1689,-0.0040978168048133035,800,-0.00630952380952382,889,-0.0022148566338551223
spot_volume_shock_1h|LOW_2P|1h|return_atr,spot_volume_shock_1h,LOW_2P,LOW,1h,return_atr,0,False,0.016831280818411162,-1.0261110395821413,2108,-0.016831280818411162,832,-0.10227678655559926,1276,0.0436972162113683,-1.0583113238432067,2107,0.023649875118717648,977,-0.0672320623591287,1130,0.10569437305727869
spot_volume_shock_1h|LOW_2P|1h|excursion_bias_atr,spot_volume_shock_1h,LOW_2P,LOW,1h,excursion_bias_atr,0,False,0.005035121197167059,-1.0261110395821413,2108,-0.005035121197167059,832,-0.1587209176373537,1276,0.09093031812246768,-1.0583113238432067,2107,0.008189186298066017,977,-0.07712744925406334,1130,0.08375692374213473
spot_volume_shock_1h|LOW_2P|1h|up_first_touch,spot_volume_shock_1h,LOW_2P,LOW,1h,up_first_touch,0,False,0.00739755202698178,-1.0261110395821413,2010,0.010574170095235147,796,-0.010011141957974201,1214,0.023675191781548144,-1.0583113238432067,1992,-0.00739755202698178,935,-0.010680137416594071,1057,-0.004512407379871575
spot_volume_shock_1h|LOW_2P|2h|return_atr,spot_volume_shock_1h,LOW_2P,LOW,2h,return_atr,0,False,0.009870284256645153,-1.0261110395821413,2108,-0.09354412976446363,832,-0.19895241018006043,1276,-0.015473106565695102,-1.0583113238432067,2107,-0.009870284256645153,977,-0.18901555362254152,1130,0.15228810358297384
spot_volume_shock_1h|LOW_2P|2h|excursion_bias_atr,spot_volume_shock_1h,LOW_2P,LOW,2h,excursion_bias_atr,0,False,0.033549275087111974,-1.0261110395821413,2108,-0.08129756757850527,832,-0.2962710959119656,1276,0.05908783940399925,-1.0583113238432067,2107,0.033549275087111974,977,-0.12323689332231977,1130,0.1746289591050078
spot_volume_shock_1h|LOW_2P|2h|up_first_touch,spot_volume_shock_1h,LOW_2P,LOW,2h,up_first_touch,0,False,0.005672800329002858,-1.0261110395821413,2091,0.005672800329002858,824,-0.013865759950004108,1267,0.01794054953397045,-1.0583113238432067,2090,-0.009518494160426827,969,-0.01053468023515397,1121,-0.008708535640098658
spot_volume_shock_1h|LOW_2P|4h|return_atr,spot_volume_shock_1h,LOW_2P,LOW,4h,return_atr,0,False,0.10022591155175709,-1.0261110395821413,2108,-0.10299404139305063,832,-0.08630112927630951,1276,-0.09885390298399174,-1.0583113238432067,2106,0.10022591155175709,977,0.07218244078645195,1129,0.13871777783437345
spot_volume_shock_1h|LOW_2P|4h|excursion_bias_atr,spot_volume_shock_1h,LOW_2P,LOW,4h,excursion_bias_atr,0,False,0.007142897815384186,-1.0261110395821413,2108,-0.157378413400175,832,-0.27206354180042797,1276,-0.07400655140887323,-1.0583113238432067,2106,0.007142897815384186,977,-0.01567265567245893,1129,0.039415782825575785
spot_volume_shock_1h|LOW_2P|4h|up_first_touch,spot_volume_shock_1h,LOW_2P,LOW,4h,up_first_touch,0,False,0.005665008887710321,-1.0261110395821413,2101,0.005665008887710321,829,-0.01187757520093441,1272,0.016638272073814853,-1.0583113238432067,2100,-0.009738063449678924,973,-0.011576282832613916,1127,-0.00824628098155411
spot_volume_shock_1h|HIGH_2P|15m|return_atr,spot_volume_shock_1h,HIGH_2P,HIGH,15m,return_atr,1,True,0.0796396572695515,1.5395961592902063,2108,0.11964324640553592,898,0.19591306365992384,1210,0.06408658909597462,1.6107782132848276,2108,0.0796396572695515,970,0.14771364866796644,1138,0.022560982579891767
spot_volume_shock_1h|HIGH_2P|15m|excursion_bias_atr,spot_volume_shock_1h,HIGH_2P,HIGH,15m,excursion_bias_atr,0,False,0.02564455274861243,1.5395961592902063,2108,0.1160904251839258,898,0.15489346840638465,1210,0.08463312669461624,1.6107782132848276,2108,0.02564455274861243,970,0.07357273604653386,1138,-0.015656301179266204
spot_volume_shock_1h|HIGH_2P|15m|up_first_touch,spot_volume_shock_1h,HIGH_2P,HIGH,15m,up_first_touch,1,True,0.019826122070305097,1.5395961592902063,1770,0.020471070574716976,754,0.04224244996777182,1016,0.004109088258674065,1.6107782132848276,1762,0.019826122070305097,801,0.026480571161048738,961,0.014276880361336952
spot_volume_shock_1h|HIGH_2P|30m|return_atr,spot_volume_shock_1h,HIGH_2P,HIGH,30m,return_atr,1,True,0.08891360211183838,1.5395961592902063,2108,0.0989242385095401,898,0.14280831192352483,1210,0.06844226434670739,1.6107782132848276,2108,0.08891360211183838,970,0.15278640051013245,1138,0.036427246772100394
spot_volume_shock_1h|HIGH_2P|30m|excursion_bias_atr,spot_volume_shock_1h,HIGH_2P,HIGH,30m,excursion_bias_atr,0,False,0.03627511434778351,1.5395961592902063,2108,0.11539113878554469,898,0.17660051961444945,1210,0.06698499822594811,1.6107782132848276,2108,0.03627511434778351,970,0.13044109100042853,1138,-0.04374995504857675
spot_volume_shock_1h|HIGH_2P|30m|up_first_touch,spot_volume_shock_1h,HIGH_2P,HIGH,30m,up_first_touch,0,False,0.01770969892334351,1.5395961592902063,1949,0.01770969892334351,832,0.04254304269029402,1117,-0.0009871672886698213,1.6107782132848276,1957,0.02338138145813612,894,0.032048977309044435,1063,0.01591516779982638
spot_volume_shock_1h|HIGH_2P|1h|return_atr,spot_volume_shock_1h,HIGH_2P,HIGH,1h,return_atr,0,False,0.046874478885896007,1.5395961592902063,2108,-0.05727865801852991,898,-0.06575042626397021,1210,-0.04746377478465623,1.6107782132848276,2108,0.046874478885896007,970,0.07717686100616164,1138,0.024854035559764717
spot_volume_shock_1h|HIGH_2P|1h|excursion_bias_atr,spot_volume_shock_1h,HIGH_2P,HIGH,1h,excursion_bias_atr,0,False,0.0027389229077803418,1.5395961592902063,2108,-0.024980015412641922,898,-0.05229828049238955,1210,-0.007814783760810901,1.6107782132848276,2108,-0.0027389229077803418,970,0.0739204680052252,1138,-0.06610136137814267
spot_volume_shock_1h|HIGH_2P|1h|up_first_touch,spot_volume_shock_1h,HIGH_2P,HIGH,1h,up_first_touch,0,False,0.01812948660577557,1.5395961592902063,1998,0.01812948660577557,849,0.0432661396207083,1149,-0.0007411404491860507,1.6107782132848276,2026,0.018964559796422364,928,0.02530202190481473,1098,0.01358276178467116
spot_volume_shock_1h|HIGH_2P|2h|return_atr,spot_volume_shock_1h,HIGH_2P,HIGH,2h,return_atr,-1,True,0.08977622454486311,1.5395961592902063,2108,-0.14254188480750163,898,-0.16512147402994412,1210,-0.11893923461122073,1.6107782132848276,2108,-0.08977622454486311,970,-0.02507540153899343,1138,-0.1369435634993012
spot_volume_shock_1h|HIGH_2P|2h|excursion_bias_atr,spot_volume_shock_1h,HIGH_2P,HIGH,2h,excursion_bias_atr,-1,True,0.11685110346673969,1.5395961592902063,2108,-0.13301250373904602,898,-0.15496817399100038,1210,-0.11656088040750448,1.6107782132848276,2108,-0.11685110346673969,970,-0.03496815913456633,1138,-0.18058230478614565
spot_volume_shock_1h|HIGH_2P|2h|up_first_touch,spot_volume_shock_1h,HIGH_2P,HIGH,2h,up_first_touch,1,True,0.01857011396838959,1.5395961592902063,2011,0.020198123866381312,854,0.04532173010251861,1157,0.0013284447723840298,1.6107782132848276,2042,0.01857011396838959,933,0.02532952159721208,1109,0.012802272451028274
spot_volume_shock_1h|HIGH_2P|4h|return_atr,spot_volume_shock_1h,HIGH_2P,HIGH,4h,return_atr,0,False,0.06615269057394113,1.5395961592902063,2107,-0.06615269057394113,898,-0.20415908316755732,1209,0.04734171578289148,1.6107782132848276,2107,0.14443797555174448,970,0.3099061247321938,1137,0.01889756250669658
spot_volume_shock_1h|HIGH_2P|4h|excursion_bias_atr,spot_volume_shock_1h,HIGH_2P,HIGH,4h,excursion_bias_atr,0,False,0.008428274442734696,1.5395961592902063,2107,-0.09208092096566182,898,-0.16652405787857505,1209,-0.03050284168962888,1.6107782132848276,2107,0.008428274442734696,970,0.20306025377593465,1137,-0.14385420744273592
spot_volume_shock_1h|HIGH_2P|4h|up_first_touch,spot_volume_shock_1h,HIGH_2P,HIGH,4h,up_first_touch,1,True,0.01828674882586795,1.5395961592902063,2011,0.0202028517988197,854,0.045390711694199004,1157,0.0012690130380304532,1.6107782132848276,2042,0.01828674882586795,934,0.024696442639501548,1108,0.012772909931351661
spot_volume_shock_1h|HIGH_1P|15m|return_atr,spot_volume_shock_1h,HIGH_1P,HIGH,15m,return_atr,1,True,0.07622549486063411,1.8502171364208622,1054,0.15494249131610138,434,0.18582568089907814,620,0.13454996032317698,1.909476246559508,1054,0.07622549486063411,477,0.13121551949868282,577,0.03188940958045472
spot_volume_shock_1h|HIGH_1P|15m|excursion_bias_atr,spot_volume_shock_1h,HIGH_1P,HIGH,15m,excursion_bias_atr,1,True,0.011307558283436214,1.8502171364208622,1054,0.13763700367323223,434,0.11772032009412146,620,0.14846474440509472,1.909476246559508,1054,0.011307558283436214,477,0.013781437334206934,577,0.008729946907289416
spot_volume_shock_1h|HIGH_1P|15m|up_first_touch,spot_volume_shock_1h,HIGH_1P,HIGH,15m,up_first_touch,1,True,0.016352031085851704,1.8502171364208622,911,0.03204585956303929,380,0.04588617466412814,531,0.021914595621101207,1.909476246559508,890,0.016352031085851704,399,0.008373505744698806,491,0.02283254729856926
spot_volume_shock_1h|HIGH_1P|30m|return_atr,spot_volume_shock_1h,HIGH_1P,HIGH,30m,return_atr,1,True,0.11487642770564346,1.8502171364208622,1054,0.16514252321502335,434,0.11316652732239209,620,0.20396855520234136,1.909476246559508,1054,0.11487642770564346,477,0.15835271667305387,577,0.08126003318215438
spot_volume_shock_1h|HIGH_1P|30m|excursion_bias_atr,spot_volume_shock_1h,HIGH_1P,HIGH,30m,excursion_bias_atr,0,False,0.03486114370566484,1.8502171364208622,1054,0.1611994591665467,434,0.12591114300564535,620,0.18241279486028725,1.909476246559508,1054,0.03486114370566484,477,0.07954928102341666,577,-0.0017976410519166125
spot_volume_shock_1h|HIGH_1P|30m|up_first_touch,spot_volume_shock_1h,HIGH_1P,HIGH,30m,up_first_touch,1,True,0.017032574414387824,1.8502171364208622,974,0.024647917121903617,404,0.03753304649836714,570,0.01528605829992119,1.909476246559508,975,0.017032574414387824,434,0.007440476190476164,541,0.02450523219053169
spot_volume_shock_1h|HIGH_1P|1h|return_atr,spot_volume_shock_1h,HIGH_1P,HIGH,1h,return_atr,0,False,0.0035083942631541354,1.8502171364208622,1054,-0.0035083942631541354,434,-0.12580899823910757,620,0.08623169656655158,1.909476246559508,1054,0.09181140977532141,477,0.14485018199104366,577,0.05248870897213085
spot_volume_shock_1h|HIGH_1P|1h|excursion_bias_atr,spot_volume_shock_1h,HIGH_1P,HIGH,1h,excursion_bias_atr,0,False,0.06098387850017863,1.8502171364208622,1054,0.06098387850017863,434,-0.09244192181681424,620,0.16474230230057105,1.909476246559508,1054,0.06827165413733696,477,0.09635770633182178,577,0.04740506122108969
spot_volume_shock_1h|HIGH_1P|1h|up_first_touch,spot_volume_shock_1h,HIGH_1P,HIGH,1h,up_first_touch,1,True,0.01459099859698526,1.8502171364208622,992,0.025799454961227763,407,0.036977486688945904,585,0.017673980837997927,1.909476246559508,1006,0.01459099859698526,449,0.005941469719882686,557,0.021530948957039386
spot_volume_shock_1h|HIGH_1P|2h|return_atr,spot_volume_shock_1h,HIGH_1P,HIGH,2h,return_atr,0,False,0.011016671557964805,1.8502171364208622,1054,-0.10282609272446898,434,-0.2244190644572436,620,-0.009698468877088237,1.909476246559508,1054,-0.011016671557964805,477,0.1348732903606053,577,-0.12214357872321362
spot_volume_shock_1h|HIGH_1P|2h|excursion_bias_atr,spot_volume_shock_1h,HIGH_1P,HIGH,2h,excursion_bias_atr,0,False,0.013701473115005303,1.8502171364208622,1054,-0.05104518424879301,434,-0.23674477608766928,620,0.0791285954893475,1.909476246559508,1054,-0.013701473115005303,477,0.08215994148977473,577,-0.08574835233203851
spot_volume_shock_1h|HIGH_1P|2h|up_first_touch,spot_volume_shock_1h,HIGH_1P,HIGH,2h,up_first_touch,1,True,0.015253511386215557,1.8502171364208622,993,0.025701090180054842,408,0.03620086864318073,585,0.017999913129245704,1.909476246559508,1011,0.015253511386215557,451,0.007755142404136273,560,0.021191426128730262
spot_volume_shock_1h|HIGH_1P|4h|return_atr,spot_volume_shock_1h,HIGH_1P,HIGH,4h,return_atr,0,False,0.06658467897693038,1.8502171364208622,1054,-0.15194329342846533,434,-0.4397559380546342,620,0.06241637674350123,1.909476246559508,1054,0.06658467897693038,477,0.16451279277541372,577,0.004275074648184288
spot_volume_shock_1h|HIGH_1P|4h|excursion_bias_atr,spot_volume_shock_1h,HIGH_1P,HIGH,4h,excursion_bias_atr,0,False,0.06899031694525187,1.8502171364208622,1054,-0.14165555393585447,434,-0.5102762855605741,620,0.1237514807643867,1.909476246559508,1054,-0.06899031694525187,477,-0.013442266294230037,577,-0.09848666099202497
spot_volume_shock_1h|HIGH_1P|4h|up_first_touch,spot_volume_shock_1h,HIGH_1P,HIGH,4h,up_first_touch,1,True,0.014464835101045737,1.8502171364208622,993,0.02570581811249323,408,0.03626985023486112,585,0.017940481394892127,1.909476246559508,1012,0.014464835101045737,452,0.006566219600332213,560,0.020702254954559518
perp_volume_shock_1h|LOW_1P|15m|return_atr,perp_volume_shock_1h,LOW_1P,LOW,15m,return_atr,0,False,0.012982105434124655,-1.211984182179873,1054,-0.012982105434124655,505,-0.034809658378723185,549,0.007389071193128257,-1.2375119000728136,1054,0.036676150915604826,464,0.055975805868030165,590,0.022900484218232632
perp_volume_shock_1h|LOW_1P|15m|excursion_bias_atr,perp_volume_shock_1h,LOW_1P,LOW,15m,excursion_bias_atr,0,False,0.001575513448560155,-1.211984182179873,1054,0.001575513448560155,505,-0.014923766939044344,549,0.01600804856853896,-1.2375119000728136,1054,0.031072837572306618,464,0.03426816382149787,590,0.027895316212332655
perp_volume_shock_1h|LOW_1P|15m|up_first_touch,perp_volume_shock_1h,LOW_1P,LOW,15m,up_first_touch,0,False,0.0013231652344643519,-1.211984182179873,565,0.010921548050843222,272,0.011133852682703949,293,0.010673007529857337,-1.2375119000728136,543,0.0013231652344643519,252,0.017563146513286942,291,-0.012742511666583578
perp_volume_shock_1h|LOW_1P|30m|return_atr,perp_volume_shock_1h,LOW_1P,LOW,30m,return_atr,0,False,0.019639855008080884,-1.211984182179873,1054,-0.019639855008080884,505,-0.02554222433361996,549,-0.013626206263001817,-1.2375119000728136,1054,0.06893381639449547,464,0.0693073968682914,590,0.07154165113464316
perp_volume_shock_1h|LOW_1P|30m|excursion_bias_atr,perp_volume_shock_1h,LOW_1P,LOW,30m,excursion_bias_atr,0,False,0.028161509196700227,-1.211984182179873,1054,-0.028161509196700227,505,-0.08321017649414919,549,0.021640793070843795,-1.2375119000728136,1054,0.09910965263080489,464,0.11110303379428242,590,0.09003255543915781
perp_volume_shock_1h|LOW_1P|30m|up_first_touch,perp_volume_shock_1h,LOW_1P,LOW,30m,up_first_touch,1,True,0.0020606481280638356,-1.211984182179873,836,0.0020606481280638356,395,0.0016137583670223221,441,0.0023847574286954276,-1.2375119000728136,835,0.03201184663916906,377,0.04324949475811546,458,0.022563978326185397
perp_volume_shock_1h|LOW_1P|1h|return_atr,perp_volume_shock_1h,LOW_1P,LOW,1h,return_atr,0,False,0.07943551508498306,-1.211984182179873,1054,-0.07943551508498306,505,-0.04948248029030928,549,-0.10599890351616781,-1.2375119000728136,1054,0.11998793342696183,464,0.21648989100513658,590,0.04973997773576642
perp_volume_shock_1h|LOW_1P|1h|excursion_bias_atr,perp_volume_shock_1h,LOW_1P,LOW,1h,excursion_bias_atr,0,False,0.04977658502388103,-1.211984182179873,1054,-0.04977658502388103,505,-0.06954217226988584,549,-0.03246680323029579,-1.2375119000728136,1054,0.17207605039223453,464,0.24675259767363414,590,0.11628211662448038
perp_volume_shock_1h|LOW_1P|1h|up_first_touch,perp_volume_shock_1h,LOW_1P,LOW,1h,up_first_touch,0,False,0.0026139710902600144,-1.211984182179873,994,0.0026139710902600144,476,-0.006696248161259577,518,0.011087174251191267,-1.2375119000728136,997,0.03123037996175554,446,0.049670933301134534,551,0.016272026873150824
perp_volume_shock_1h|LOW_1P|2h|return_atr,perp_volume_shock_1h,LOW_1P,LOW,2h,return_atr,0,False,0.020200699826977517,-1.211984182179873,1054,-0.020200699826977517,505,-0.08656099096393587,549,0.04276478951531243,-1.2375119000728136,1054,0.16489164792248392,464,0.14489492079343297,590,0.19244270358223026
perp_volume_shock_1h|LOW_1P|2h|excursion_bias_atr,perp_volume_shock_1h,LOW_1P,LOW,2h,excursion_bias_atr,0,False,0.07728228438054045,-1.211984182179873,1054,-0.07728228438054045,505,-0.24541636109770384,549,0.07742075713987828,-1.2375119000728136,1054,0.2579582225527973,464,0.2289631647467984,590,0.2897440575833996
perp_volume_shock_1h|LOW_1P|2h|up_first_touch,perp_volume_shock_1h,LOW_1P,LOW,2h,up_first_touch,0,False,0.004134553584671408,-1.211984182179873,1045,-0.004134553584671408,503,-0.012560484804759076,542,0.003605615340113888,-1.2375119000728136,1046,0.027779208639942765,463,0.05302531236481883,583,0.0076224479371105325
perp_volume_shock_1h|LOW_1P|4h|return_atr,perp_volume_shock_1h,LOW_1P,LOW,4h,return_atr,0,False,0.04040802196673196,-1.211984182179873,1053,-0.04040802196673196,505,-0.07632208741809646,548,-0.004276652883845322,-1.2375119000728136,1054,0.349062014359319,464,0.28700817341864804,590,0.4211125242578987
perp_volume_shock_1h|LOW_1P|4h|excursion_bias_atr,perp_volume_shock_1h,LOW_1P,LOW,4h,excursion_bias_atr,0,False,0.07488242104408703,-1.211984182179873,1053,-0.07488242104408703,505,-0.24339193063644818,548,0.08214062174920152,-1.2375119000728136,1054,0.4084157987389493,464,0.4422587240369127,590,0.4022788836185022
perp_volume_shock_1h|LOW_1P|4h|up_first_touch,perp_volume_shock_1h,LOW_1P,LOW,4h,up_first_touch,0,False,0.004557354897052668,-1.211984182179873,1052,-0.004557354897052668,505,-0.010444380011692955,547,0.0007870883731261324,-1.2375119000728136,1049,0.02790413546992704,463,0.05294994253081642,586,0.007964566022331254
perp_volume_shock_1h|LOW_2P|15m|return_atr,perp_volume_shock_1h,LOW_2P,LOW,15m,return_atr,0,False,0.005979494147957547,-1.093655310397563,2108,-0.017499562133931834,1027,-0.011972301779975988,1081,-0.022585790639412927,-1.1025747719501962,2108,-0.005979494147957547,958,-0.01560657384389939,1150,0.0031198824886931693
perp_volume_shock_1h|LOW_2P|15m|excursion_bias_atr,perp_volume_shock_1h,LOW_2P,LOW,15m,excursion_bias_atr,0,False,0.008117213514046307,-1.093655310397563,2108,-0.01342270998341745,1027,-0.014565477961881842,1081,-0.012756023930416147,-1.1025747719501962,2108,0.008117213514046307,958,0.006411994053827176,1150,0.009026108787894688
perp_volume_shock_1h|LOW_2P|15m|up_first_touch,perp_volume_shock_1h,LOW_2P,LOW,15m,up_first_touch,0,False,0.0011959319228259102,-1.093655310397563,1156,0.011607465312073573,568,0.01786541854848689,588,0.0055419448658838855,-1.1025747719501962,1129,0.0011959319228259102,520,0.0038574078075482854,609,-0.0010789767182992627
perp_volume_shock_1h|LOW_2P|30m|return_atr,perp_volume_shock_1h,LOW_2P,LOW,30m,return_atr,0,False,0.005292626342892317,-1.093655310397563,2108,0.015171094430765267,1027,0.030173331556726052,1081,0.0012473809110501999,-1.1025747719501962,2108,-0.005292626342892317,958,-0.020093899943592685,1150,0.009271461416241772
perp_volume_shock_1h|LOW_2P|30m|excursion_bias_atr,perp_volume_shock_1h,LOW_2P,LOW,30m,excursion_bias_atr,0,False,0.006099511979704292,-1.093655310397563,2108,0.007449048337416726,1027,0.006286515642792832,1081,0.008083529471271889,-1.1025747719501962,2108,0.006099511979704292,958,-0.015296941185536483,1150,0.024196993084457954
perp_volume_shock_1h|LOW_2P|30m|up_first_touch,perp_volume_shock_1h,LOW_2P,LOW,30m,up_first_touch,0,False,0.005301661681393233,-1.093655310397563,1697,0.005301661681393233,822,0.013828486261321549,875,-0.0027490294193771025,-1.1025747719501962,1685,0.01783604394189303,764,0.019220580902518103,921,0.016497380883686463
perp_volume_shock_1h|LOW_2P|1h|return_atr,perp_volume_shock_1h,LOW_2P,LOW,1h,return_atr,0,False,0.01350859200068727,-1.093655310397563,2108,0.015267845839189796,1027,0.03831848280814977,1081,-0.006073580432576962,-1.1025747719501962,2108,0.01350859200068727,958,-0.0012644565577506137,1150,0.030162101593775234
perp_volume_shock_1h|LOW_2P|1h|excursion_bias_atr,perp_volume_shock_1h,LOW_2P,LOW,1h,excursion_bias_atr,1,True,0.03072374128245922,-1.093655310397563,2108,0.03072374128245922,1027,0.055999821910740266,1081,0.006218733286943409,-1.1025747719501962,2108,0.03698638484865774,958,0.0053990212202311705,1150,0.06555987796497034
perp_volume_shock_1h|LOW_2P|1h|up_first_touch,perp_volume_shock_1h,LOW_2P,LOW,1h,up_first_touch,0,False,0.004851663780463922,-1.093655310397563,2011,0.004851663780463922,980,0.00993040249900451,1031,-2.0233558447380062e-05,-1.1025747719501962,2011,0.018325429406459592,921,0.02817207507041436,1090,0.009979880816772868
perp_volume_shock_1h|LOW_2P|2h|return_atr,perp_volume_shock_1h,LOW_2P,LOW,2h,return_atr,1,True,0.056688928816654216,-1.093655310397563,2108,0.07872658713777696,1027,0.09165166458360846,1081,0.06753469219583595,-1.1025747719501962,2108,0.056688928816654216,958,0.017088007281607226,1150,0.09878671497158847
perp_volume_shock_1h|LOW_2P|2h|excursion_bias_atr,perp_volume_shock_1h,LOW_2P,LOW,2h,excursion_bias_atr,0,False,0.07532002058462099,-1.093655310397563,2108,0.07532002058462099,1027,0.05764430646107705,1081,0.09213774939920183,-1.1025747719501962,2108,0.08783983725876343,958,-0.02136890224548324,1150,0.1857349049610485
perp_volume_shock_1h|LOW_2P|2h|up_first_touch,perp_volume_shock_1h,LOW_2P,LOW,2h,up_first_touch,0,False,0.00149212629709905,-1.093655310397563,2095,-0.00149212629709905,1024,0.0023849985451415145,1071,-0.005242204230518743,-1.1025747719501962,2092,0.016784944777610056,955,0.029036529896735608,1137,0.0064125594369347505
perp_volume_shock_1h|LOW_2P|4h|return_atr,perp_volume_shock_1h,LOW_2P,LOW,4h,return_atr,0,False,0.01732478452459285,-1.093655310397563,2107,-0.01732478452459285,1027,-0.09917376546414378,1080,0.062235287185320926,-1.1025747719501962,2106,0.112294452495288,958,0.0717483702699705,1148,0.16388405035138842
perp_volume_shock_1h|LOW_2P|4h|excursion_bias_atr,perp_volume_shock_1h,LOW_2P,LOW,4h,excursion_bias_atr,0,False,0.013665400480256782,-1.093655310397563,2107,-0.013665400480256782,1027,-0.13051721422022872,1080,0.09844015632985752,-1.1025747719501962,2106,0.1534555299700363,958,0.14740135255755732,1148,0.17414625374393825
perp_volume_shock_1h|LOW_2P|4h|up_first_touch,perp_volume_shock_1h,LOW_2P,LOW,4h,up_first_touch,0,False,0.0019409156748494971,-1.093655310397563,2105,-0.0019409156748494971,1027,0.003920250219587251,1078,-0.00757527269229058,-1.1025747719501962,2098,0.01789460258146186,955,0.028961160062733193,1143,0.008531901248772733
perp_volume_shock_1h|HIGH_2P|15m|return_atr,perp_volume_shock_1h,HIGH_2P,HIGH,15m,return_atr,1,True,0.07921774797096544,1.7421354876928916,2108,0.11496219723439441,1098,0.11604985358787878,1010,0.11336315105707079,1.7379331745002817,2108,0.07921774797096544,997,0.08288492018160165,1111,0.07656081015553924
perp_volume_shock_1h|HIGH_2P|15m|excursion_bias_atr,perp_volume_shock_1h,HIGH_2P,HIGH,15m,excursion_bias_atr,0,False,0.012360945616855641,1.7421354876928916,2108,0.09464298698157197,1098,0.04188175012801352,1010,0.15305968953536028,1.7379331745002817,2108,0.012360945616855641,997,-0.029313966127226324,1111,0.04945915500363136
perp_volume_shock_1h|HIGH_2P|15m|up_first_touch,perp_volume_shock_1h,HIGH_2P,HIGH,15m,up_first_touch,1,True,0.02029321485550517,1.7421354876928916,1817,0.02029321485550517,956,0.025747438702886094,861,0.014335706272885718,1.7379331745002817,1805,0.020413782151866844,848,0.01434361970885456,957,0.025790705323796514
perp_volume_shock_1h|HIGH_2P|30m|return_atr,perp_volume_shock_1h,HIGH_2P,HIGH,30m,return_atr,1,True,0.07752526716280383,1.7421354876928916,2108,0.09357941366162995,1098,0.04602403759970265,1010,0.1444485276878296,1.7379331745002817,2108,0.07752526716280383,997,0.05251597710489213,1111,0.10128048055964439
perp_volume_shock_1h|HIGH_2P|30m|excursion_bias_atr,perp_volume_shock_1h,HIGH_2P,HIGH,30m,excursion_bias_atr,0,False,0.02702905359226572,1.7421354876928916,2108,0.1003772876155702,1098,0.016577124225217614,1010,0.19266370392676593,1.7379331745002817,2108,0.02702905359226572,997,-0.021497551539823107,1111,0.07073685736440176
perp_volume_shock_1h|HIGH_2P|30m|up_first_touch,perp_volume_shock_1h,HIGH_2P,HIGH,30m,up_first_touch,1,True,0.017828705096527675,1.7421354876928916,1966,0.017828705096527675,1031,0.028582781927778134,935,0.006063804805221784,1.7379331745002817,1963,0.023838483736853433,928,0.02037151067323484,1035,0.026835859852671007
perp_volume_shock_1h|HIGH_2P|1h|return_atr,perp_volume_shock_1h,HIGH_2P,HIGH,1h,return_atr,0,False,0.0022110028433368484,1.7421354876928916,2108,-0.009960805202040825,1098,-0.04152272324247219,1010,0.02295057748060437,1.7379331745002817,2108,0.0022110028433368484,997,-0.028800888543207743,1111,0.03259521148458255
perp_volume_shock_1h|HIGH_2P|1h|excursion_bias_atr,perp_volume_shock_1h,HIGH_2P,HIGH,1h,excursion_bias_atr,0,False,0.00996643879538099,1.7421354876928916,2108,-0.00996643879538099,1098,-0.15129353191736808,1010,0.14490860341928394,1.7379331745002817,2108,-0.06697062116692783,997,-0.16562830620900687,1111,0.02289176588994095
perp_volume_shock_1h|HIGH_2P|1h|up_first_touch,perp_volume_shock_1h,HIGH_2P,HIGH,1h,up_first_touch,1,True,0.017356599775917136,1.7421354876928916,2001,0.017356599775917136,1047,0.027208144541380264,954,0.006675754745432194,1.7379331745002817,2020,0.019502125892617406,956,0.01528813501980536,1064,0.023272286142012655
perp_volume_shock_1h|HIGH_2P|2h|return_atr,perp_volume_shock_1h,HIGH_2P,HIGH,2h,return_atr,0,False,0.008101362928019929,1.7421354876928916,2108,-0.02755391317304451,1098,-0.040825140523003595,1010,-0.015835345543057412,1.7379331745002817,2108,0.008101362928019929,997,0.04462144222592786,1111,-0.01931341021698487
perp_volume_shock_1h|HIGH_2P|2h|excursion_bias_atr,perp_volume_shock_1h,HIGH_2P,HIGH,2h,excursion_bias_atr,0,False,0.039604313865592114,1.7421354876928916,2108,-0.039604313865592114,1098,-0.11452297999648663,1010,0.04177968843972639,1.7379331745002817,2108,-0.07335861660504042,997,-0.13078482842561914,1111,-0.01775464051663808
perp_volume_shock_1h|HIGH_2P|2h|up_first_touch,perp_volume_shock_1h,HIGH_2P,HIGH,2h,up_first_touch,1,True,0.019460390355912738,1.7421354876928916,2010,0.019460390355912738,1052,0.029052952442479962,958,0.009067486242747835,1.7379331745002817,2036,0.01959572736409354,962,0.01586371148831517,1074,0.022887355897285633
perp_volume_shock_1h|HIGH_2P|4h|return_atr,perp_volume_shock_1h,HIGH_2P,HIGH,4h,return_atr,0,False,0.027179702367600145,1.7421354876928916,2108,0.027179702367600145,1098,0.13182182014316046,1010,-0.09091131516012274,1.7379331745002817,2108,0.13120119192754873,997,0.2825679133778769,1111,0.0059286345580755045
perp_volume_shock_1h|HIGH_2P|4h|excursion_bias_atr,perp_volume_shock_1h,HIGH_2P,HIGH,4h,excursion_bias_atr,0,False,0.02501000155025701,1.7421354876928916,2108,0.035578088094276566,1098,0.041460060950622706,1010,0.026706315062341786,1.7379331745002817,2108,-0.02501000155025701,997,0.07431655172377985,1111,-0.10484084835362861
perp_volume_shock_1h|HIGH_2P|4h|up_first_touch,perp_volume_shock_1h,HIGH_2P,HIGH,4h,up_first_touch,1,True,0.0193123622215719,1.7421354876928916,2011,0.01970558675655215,1052,0.029121934034160357,959,0.009521811662353774,1.7379331745002817,2036,0.0193123622215719,962,0.015788341654312754,1074,0.02239818472311489
perp_volume_shock_1h|HIGH_1P|15m|return_atr,perp_volume_shock_1h,HIGH_1P,HIGH,15m,return_atr,1,True,0.09915418910981416,2.062425311794491,1054,0.20277508357421273,541,0.19548138655344036,513,0.21018833177551072,2.0529587419428075,1054,0.09915418910981416,497,0.078850343686835,557,0.11794023970448103
perp_volume_shock_1h|HIGH_1P|15m|excursion_bias_atr,perp_volume_shock_1h,HIGH_1P,HIGH,15m,excursion_bias_atr,0,False,0.04395051354772086,2.062425311794491,1054,0.16201769689712142,541,0.09727272373277407,513,0.23100416286997702,2.0529587419428075,1054,0.04395051354772086,497,-0.03460114397600568,557,0.11372339238226925
perp_volume_shock_1h|HIGH_1P|15m|up_first_touch,perp_volume_shock_1h,HIGH_1P,HIGH,15m,up_first_touch,1,True,0.022739560896782862,2.062425311794491,909,0.02660931151745538,470,0.03995112427219083,439,0.012391153797748244,2.0529587419428075,914,0.022739560896782862,417,0.0036314347398485602,497,0.03876930839467746
perp_volume_shock_1h|HIGH_1P|30m|return_atr,perp_volume_shock_1h,HIGH_1P,HIGH,30m,return_atr,1,True,0.10882132955177967,2.062425311794491,1054,0.19141632602611094,541,0.07336708551806405,513,0.31535423736649404,2.0529587419428075,1054,0.10882132955177967,497,0.028639663667813512,557,0.18175116839447877
perp_volume_shock_1h|HIGH_1P|30m|excursion_bias_atr,perp_volume_shock_1h,HIGH_1P,HIGH,30m,excursion_bias_atr,1,True,0.09516343003013226,2.062425311794491,1054,0.2210953703625659,541,0.10331928967813217,513,0.3460917171453156,2.0529587419428075,1054,0.09516343003013226,497,0.013004575796724364,557,0.16864162030993293
perp_volume_shock_1h|HIGH_1P|30m|up_first_touch,perp_volume_shock_1h,HIGH_1P,HIGH,30m,up_first_touch,1,True,0.022589874257401943,2.062425311794491,974,0.025674611167078254,505,0.04545383857757507,469,0.004449264823693289,2.0529587419428075,980,0.022589874257401943,454,0.011845762534088533,526,0.03171269899963747
perp_volume_shock_1h|HIGH_1P|1h|return_atr,perp_volume_shock_1h,HIGH_1P,HIGH,1h,return_atr,0,False,0.032713864218353615,2.062425311794491,1054,0.10811886199916554,541,-0.04439227460019741,513,0.26801865569096767,2.0529587419428075,1054,0.032713864218353615,497,-0.01235393239115494,557,0.07562375403727409
perp_volume_shock_1h|HIGH_1P|1h|excursion_bias_atr,perp_volume_shock_1h,HIGH_1P,HIGH,1h,excursion_bias_atr,0,False,0.027640500698727824,2.062425311794491,1054,0.13326224990662686,541,-0.1379400465840305,513,0.4200915363600566,2.0529587419428075,1054,-0.027640500698727824,497,-0.17833645089942257,557,0.108224482840827
perp_volume_shock_1h|HIGH_1P|1h|up_first_touch,perp_volume_shock_1h,HIGH_1P,HIGH,1h,up_first_touch,1,True,0.02010427982685431,2.062425311794491,986,0.02492634431541213,510,0.04498442410764797,476,0.0035355049348160805,2.0529587419428075,1003,0.02010427982685431,467,0.008039875408469788,536,0.030594696645884267
perp_volume_shock_1h|HIGH_1P|2h|return_atr,perp_volume_shock_1h,HIGH_1P,HIGH,2h,return_atr,0,False,0.07141073131677514,2.062425311794491,1054,0.11435462009028215,541,0.019452348560173416,513,0.21262918799163338,2.0529587419428075,1054,0.07141073131677514,497,0.15941734747628283,557,-0.0014600220055963065
perp_volume_shock_1h|HIGH_1P|2h|excursion_bias_atr,perp_volume_shock_1h,HIGH_1P,HIGH,2h,excursion_bias_atr,0,False,0.014302618528747757,2.062425311794491,1054,0.15894655789860962,541,-0.05924237290668903,513,0.3890029127545973,2.0529587419428075,1054,-0.014302618528747757,497,-0.09495103039824396,557,0.06195488351374448
perp_volume_shock_1h|HIGH_1P|2h|up_first_touch,perp_volume_shock_1h,HIGH_1P,HIGH,2h,up_first_touch,1,True,0.021665196290998168,2.062425311794491,987,0.02482566126580099,511,0.04445554037488708,476,0.0038614372260638574,2.0529587419428075,1012,0.021665196290998168,470,0.010812178777207915,542,0.031009560024354843
perp_volume_shock_1h|HIGH_1P|4h|return_atr,perp_volume_shock_1h,HIGH_1P,HIGH,4h,return_atr,0,False,0.027496779326173754,2.062425311794491,1054,0.027496779326173754,541,-0.038552766438560315,513,0.09426777252971641,2.0529587419428075,1054,0.30151223863876686,497,0.48592148844084404,557,0.1481141896722203
perp_volume_shock_1h|HIGH_1P|4h|excursion_bias_atr,perp_volume_shock_1h,HIGH_1P,HIGH,4h,excursion_bias_atr,1,True,0.11831026129853908,2.062425311794491,1054,0.11968766087100495,541,0.02444815755529481,513,0.21847623424872845,2.0529587419428075,1054,0.11831026129853908,497,0.22789317891477623,557,0.030350034705637685
perp_volume_shock_1h|HIGH_1P|4h|up_first_touch,perp_volume_shock_1h,HIGH_1P,HIGH,4h,up_first_touch,1,True,0.021381831148476527,2.062425311794491,987,0.024830389198239378,511,0.044524521966567476,476,0.003802005491710281,2.0529587419428075,1012,0.021381831148476527,470,0.0107368089432055,542,0.0305203888501841
spot_trade_shock_1h|LOW_1P|15m|return_atr,spot_trade_shock_1h,LOW_1P,LOW,15m,return_atr,0,False,0.017349608620796684,-0.911618233190416,1054,-0.017349608620796684,269,0.00516140545745911,785,-0.02232198448137946,-0.9199940908976829,1053,0.04077161424201263,254,-0.047690592132192254,799,0.07354096837894351
spot_trade_shock_1h|LOW_1P|15m|excursion_bias_atr,spot_trade_shock_1h,LOW_1P,LOW,15m,excursion_bias_atr,1,True,0.023466688765171953,-0.911618233190416,1054,0.023466688765171953,269,0.06253039056445857,785,0.003115425264114481,-0.9199940908976829,1053,0.08413798259915176,254,0.01527194397203583,799,0.10382787129166354
spot_trade_shock_1h|LOW_1P|15m|up_first_touch,spot_trade_shock_1h,LOW_1P,LOW,15m,up_first_touch,0,False,0.011489369489122825,-0.911618233190416,586,0.011489369489122825,137,0.05122616698068594,449,-0.0012001729166411512,-0.9199940908976829,561,0.028327035592250804,117,-0.028834899884759402,444,0.04337804187665034
spot_trade_shock_1h|LOW_1P|30m|return_atr,spot_trade_shock_1h,LOW_1P,LOW,30m,return_atr,0,False,0.037568232249893405,-0.911618233190416,1054,-0.037568232249893405,269,-0.12762077158354174,785,-0.0012460361740263617,-0.9199940908976829,1053,0.07187663573127362,254,-0.08435464617299801,799,0.13115632153906434
spot_trade_shock_1h|LOW_1P|30m|excursion_bias_atr,spot_trade_shock_1h,LOW_1P,LOW,30m,excursion_bias_atr,0,False,0.013889092070214317,-0.911618233190416,1054,-0.013889092070214317,269,-0.07605015359062603,785,-0.0003900779879179683,-0.9199940908976829,1053,0.14728251891056487,254,0.0030083978960538174,799,0.19432307979860008
spot_trade_shock_1h|LOW_1P|30m|up_first_touch,spot_trade_shock_1h,LOW_1P,LOW,30m,up_first_touch,0,False,0.014821669009734362,-0.911618233190416,862,0.014821669009734362,208,0.03172573499798631,654,0.008896230519460813,-0.9199940908976829,853,0.03146850191010436,198,-0.022862554112554112,655,0.04708146224231591
spot_trade_shock_1h|LOW_1P|1h|return_atr,spot_trade_shock_1h,LOW_1P,LOW,1h,return_atr,0,False,0.09355369517658832,-0.911618233190416,1054,-0.09355369517658832,269,-0.3248842660489988,785,-0.005048383999871682,-0.9199940908976829,1053,0.1704319236878558,254,-0.09211065660500879,799,0.2725906108935707
spot_trade_shock_1h|LOW_1P|1h|excursion_bias_atr,spot_trade_shock_1h,LOW_1P,LOW,1h,excursion_bias_atr,0,False,0.053463679070794794,-0.911618233190416,1054,-0.053463679070794794,269,-0.40354087176127884,785,0.058360734233282856,-0.9199940908976829,1053,0.22827767318503916,254,-0.11573258108491385,799,0.3473577443567851
spot_trade_shock_1h|LOW_1P|1h|up_first_touch,spot_trade_shock_1h,LOW_1P,LOW,1h,up_first_touch,0,False,0.00914663440684288,-0.911618233190416,995,0.00914663440684288,247,-0.010362086966417272,748,0.014803648555900939,-0.9199940908976829,1004,0.02855502321422204,239,-0.022368768745885004,765,0.044344574706561224
spot_trade_shock_1h|LOW_1P|2h|return_atr,spot_trade_shock_1h,LOW_1P,LOW,2h,return_atr,0,False,0.06475315466056947,-0.911618233190416,1053,-0.06475315466056947,269,-0.022521635935083217,784,-0.061346775564260915,-0.9199940908976829,1053,0.16174420020648717,254,-0.1764595029866919,799,0.30839288590199854
spot_trade_shock_1h|LOW_1P|2h|excursion_bias_atr,spot_trade_shock_1h,LOW_1P,LOW,2h,excursion_bias_atr,0,False,0.08700244229173351,-0.911618233190416,1053,-0.08700244229173351,269,-0.3070520813672774,784,-0.011089594645267167,-0.9199940908976829,1053,0.3645607218352155,254,-0.14425198635848788,799,0.5560402866909723
spot_trade_shock_1h|LOW_1P|2h|up_first_touch,spot_trade_shock_1h,LOW_1P,LOW,2h,up_first_touch,0,False,0.003042479908151541,-0.911618233190416,1044,0.003042479908151541,265,-0.008869423624669803,779,0.006253536556168171,-0.9199940908976829,1050,0.021973873121414078,254,-0.027066862938322278,796,0.03725388126153706
spot_trade_shock_1h|LOW_1P|4h|return_atr,spot_trade_shock_1h,LOW_1P,LOW,4h,return_atr,0,False,0.03351420305163502,-0.911618233190416,1052,0.03351420305163502,269,-0.0065422836782574045,783,0.07602399266844956,-0.9199940908976829,1053,0.38022073852080757,254,0.13504102973392632,799,0.5349871086938192
spot_trade_shock_1h|LOW_1P|4h|excursion_bias_atr,spot_trade_shock_1h,LOW_1P,LOW,4h,excursion_bias_atr,0,False,0.036755986854965006,-0.911618233190416,1052,-0.036755986854965006,269,-0.14747312700881515,783,0.017722713483129322,-0.9199940908976829,1053,0.5334802930114082,254,0.014561277685187501,799,0.7661133588899052
spot_trade_shock_1h|LOW_1P|4h|up_first_touch,spot_trade_shock_1h,LOW_1P,LOW,4h,up_first_touch,0,False,0.0030472078405899272,-0.911618233190416,1048,0.0030472078405899272,269,-0.008604047279534954,779,0.006194104821814594,-0.9199940908976829,1052,0.0226066767277609,254,-0.027142232772324693,798,0.037932831395662225
spot_trade_shock_1h|LOW_2P|15m|return_atr,spot_trade_shock_1h,LOW_2P,LOW,15m,return_atr,0,False,0.014574315388576483,-0.7911155882366698,2108,-0.03473937625344901,656,-0.026953333732353205,1452,-0.03597835106297318,-0.7898753348853584,2107,0.014574315388576483,588,-0.047539708607438745,1519,0.04278663678448998
spot_trade_shock_1h|LOW_2P|15m|excursion_bias_atr,spot_trade_shock_1h,LOW_2P,LOW,15m,excursion_bias_atr,0,False,0.007016089652444963,-0.7911155882366698,2108,0.007016089652444963,656,0.01874803259202932,1452,-0.004073373895961673,-0.7898753348853584,2107,0.03902651135236704,588,-0.030171283084666628,1519,0.06383743729103591
spot_trade_shock_1h|LOW_2P|15m|up_first_touch,spot_trade_shock_1h,LOW_2P,LOW,15m,up_first_touch,0,False,0.009610458052143889,-0.7911155882366698,1189,0.01346998244577613,361,0.04117703338988987,828,0.0009328548530671554,-0.7898753348853584,1134,0.009610458052143889,297,-0.045928916978776546,837,0.02930751974161211
spot_trade_shock_1h|LOW_2P|30m|return_atr,spot_trade_shock_1h,LOW_2P,LOW,30m,return_atr,0,False,0.026738420822536024,-0.7911155882366698,2108,-0.051939899714447346,656,-0.08254667090571922,1452,-0.033571010950324644,-0.7898753348853584,2107,0.026738420822536024,588,-0.0647716433463249,1519,0.07078446513842035
spot_trade_shock_1h|LOW_2P|30m|excursion_bias_atr,spot_trade_shock_1h,LOW_2P,LOW,30m,excursion_bias_atr,0,False,0.04674851177366895,-0.7911155882366698,2108,-0.04674851177366895,656,-0.061873593170800815,1452,-0.04639995968360599,-0.7898753348853584,2107,0.083048777854837,588,-0.010051318810120835,1519,0.12014243682851597
spot_trade_shock_1h|LOW_2P|30m|up_first_touch,spot_trade_shock_1h,LOW_2P,LOW,30m,up_first_touch,0,False,0.004793619953211148,-0.7911155882366698,1730,0.011309203041358629,518,0.03569811397036532,1212,0.0004258880723720937,-0.7898753348853584,1701,0.004793619953211148,463,-0.03683598169289315,1238,0.019636309385578254
spot_trade_shock_1h|LOW_2P|1h|return_atr,spot_trade_shock_1h,LOW_2P,LOW,1h,return_atr,0,False,0.08036476239490419,-0.7911155882366698,2108,-0.08569010156129654,656,-0.13905940993529775,1452,-0.05390299686556231,-0.7898753348853584,2107,0.08036476239490419,588,-0.0656125134817792,1519,0.15364153205061962
spot_trade_shock_1h|LOW_2P|1h|excursion_bias_atr,spot_trade_shock_1h,LOW_2P,LOW,1h,excursion_bias_atr,0,False,0.08530461866028871,-0.7911155882366698,2108,-0.08530461866028871,656,-0.20002795160425665,1452,-0.040238275582529466,-0.7898753348853584,2107,0.133350613557904,588,-0.07162778077105586,1519,0.22141506877691614
spot_trade_shock_1h|LOW_2P|1h|up_first_touch,spot_trade_shock_1h,LOW_2P,LOW,1h,up_first_touch,0,False,0.0026139710902600144,-0.7911155882366698,2004,0.0026139710902600144,614,0.005436618014526717,1390,0.0007152401382499729,-0.7898753348853584,2006,0.009137181122965965,554,-0.04210352396845801,1452,0.028579976856401956
spot_trade_shock_1h|LOW_2P|2h|return_atr,spot_trade_shock_1h,LOW_2P,LOW,2h,return_atr,0,False,0.05634956805601739,-0.7911155882366698,2107,-0.05634956805601739,656,-0.00319034094324655,1451,-0.06550489579421943,-0.7898753348853584,2107,0.0905153622731552,588,-0.18303098849820437,1519,0.23150549095662676
spot_trade_shock_1h|LOW_2P|2h|excursion_bias_atr,spot_trade_shock_1h,LOW_2P,LOW,2h,excursion_bias_atr,0,False,0.10459884362098543,-0.7911155882366698,2107,-0.10459884362098543,656,-0.1931509592940884,1451,-0.06422247382065427,-0.7898753348853584,2107,0.2031258682867136,588,-0.18652300668026708,1519,0.38062298655097077
spot_trade_shock_1h|LOW_2P|2h|up_first_touch,spot_trade_shock_1h,LOW_2P,LOW,2h,up_first_touch,0,False,0.000652422546774889,-0.7911155882366698,2092,0.000652422546774889,647,0.00974770623447696,1445,-0.004121756051247039,-0.7898753348853584,2096,0.005309932736099698,585,-0.044288748664145006,1511,0.024181404383433858
spot_trade_shock_1h|LOW_2P|4h|return_atr,spot_trade_shock_1h,LOW_2P,LOW,4h,return_atr,0,False,0.00923698888873567,-0.7911155882366698,2106,-0.00923698888873567,656,0.01418869206019907,1450,0.004070218355777228,-0.7898753348853584,2106,0.267479050250509,588,0.18027496626976167,1518,0.3701403348524339
spot_trade_shock_1h|LOW_2P|4h|excursion_bias_atr,spot_trade_shock_1h,LOW_2P,LOW,4h,excursion_bias_atr,0,False,0.09229134433047832,-0.7911155882366698,2106,-0.09229134433047832,656,-0.10754642882984972,1450,-0.0717177996861655,-0.7898753348853584,2106,0.3838935654646946,588,0.10919260591968041,1518,0.5509741191474902
spot_trade_shock_1h|LOW_2P|4h|up_first_touch,spot_trade_shock_1h,LOW_2P,LOW,4h,up_first_touch,0,False,0.0013813344469678634,-0.7911155882366698,2101,0.0013813344469678634,655,0.011277334144455475,1446,-0.003831338302238807,-0.7898753348853584,2102,0.005973956848449868,587,-0.044198128894338384,1515,0.02495732331853867
spot_trade_shock_1h|HIGH_2P|15m|return_atr,spot_trade_shock_1h,HIGH_2P,HIGH,15m,return_atr,1,True,0.07350931418025322,1.2275612061520542,2108,0.13075657968323798,1146,0.11362251760600398,962,0.15030942568579192,1.2205190610081582,2108,0.07350931418025322,1060,0.1415274635867657,1048,0.004556303264394913
spot_trade_shock_1h|HIGH_2P|15m|excursion_bias_atr,spot_trade_shock_1h,HIGH_2P,HIGH,15m,excursion_bias_atr,0,False,0.02385488121340868,1.2275612061520542,2108,0.09900833029015284,1146,0.06630710853118284,962,0.14014509413555667,1.2205190610081582,2108,0.02385488121340868,1060,0.10199733218007533,1048,-0.055108388531765105
spot_trade_shock_1h|HIGH_2P|15m|up_first_touch,spot_trade_shock_1h,HIGH_2P,HIGH,15m,up_first_touch,1,True,0.020559363161632982,1.2275612061520542,1780,0.02318166538205524,956,0.027839488912091093,824,0.017917283350792457,1.2205190610081582,1781,0.020559363161632982,878,0.026710921036915747,903,0.014577646797185484
spot_trade_shock_1h|HIGH_2P|30m|return_atr,spot_trade_shock_1h,HIGH_2P,HIGH,30m,return_atr,1,True,0.11206102441272953,1.2275612061520542,2108,0.14728780895079452,1146,0.10875087787532457,962,0.1914856006324687,1.2205190610081582,2108,0.11206102441272953,1060,0.14618561378445227,1048,0.07722375032601855
spot_trade_shock_1h|HIGH_2P|30m|excursion_bias_atr,spot_trade_shock_1h,HIGH_2P,HIGH,30m,excursion_bias_atr,0,False,0.04933984136726929,1.2275612061520542,2108,0.12656589407307983,1146,0.07855533737341251,962,0.18620134601589555,1.2205190610081582,2108,0.04933984136726929,1060,0.1348263402025072,1048,-0.03716489725060794
spot_trade_shock_1h|HIGH_2P|30m|up_first_touch,spot_trade_shock_1h,HIGH_2P,HIGH,30m,up_first_touch,1,True,0.01820621450428117,1.2275612061520542,1951,0.01820621450428117,1068,0.030033139204266923,883,0.0040822276587655915,1.2205190610081582,1952,0.021632196104173496,970,0.02805903289150713,982,0.0152800288068905
spot_trade_shock_1h|HIGH_2P|1h|return_atr,spot_trade_shock_1h,HIGH_2P,HIGH,1h,return_atr,1,True,0.05564409549939827,1.2275612061520542,2108,0.05564409549939827,1146,0.048331979152996724,962,0.06146666489176105,1.2205190610081582,2108,0.08918436679940563,1060,0.07042906469528565,1048,0.10753154825959932
spot_trade_shock_1h|HIGH_2P|1h|excursion_bias_atr,spot_trade_shock_1h,HIGH_2P,HIGH,1h,excursion_bias_atr,0,False,0.005062170799328247,1.2275612061520542,2108,0.04122817278859178,1146,0.00503459700888801,962,0.08688984233540459,1.2205190610081582,2108,0.005062170799328247,1060,-0.007082881332898819,1048,0.017022471902495617
spot_trade_shock_1h|HIGH_2P|1h|up_first_touch,spot_trade_shock_1h,HIGH_2P,HIGH,1h,up_first_touch,1,True,0.017598986075275047,1.2275612061520542,2002,0.017598986075275047,1100,0.029262498973958218,902,0.0036519594989033455,1.2205190610081582,2021,0.020731788690663666,1010,0.024629864171800075,1011,0.01683928970433085
spot_trade_shock_1h|HIGH_2P|2h|return_atr,spot_trade_shock_1h,HIGH_2P,HIGH,2h,return_atr,0,False,0.03547440367289258,1.2275612061520542,2108,0.03547440367289258,1146,-0.033621760191066635,962,0.11219336404565457,1.2205190610081582,2108,0.10873314932950098,1060,0.1767120391469451,1048,0.038685638273799096
spot_trade_shock_1h|HIGH_2P|2h|excursion_bias_atr,spot_trade_shock_1h,HIGH_2P,HIGH,2h,excursion_bias_atr,0,False,0.008063253566496092,1.2275612061520542,2108,0.008063253566496092,1146,-0.04747046201798642,962,0.07409031684475306,1.2205190610081582,2108,0.04320808187987213,1060,0.056023584558077905,1048,0.029265684191965152
spot_trade_shock_1h|HIGH_2P|2h|up_first_touch,spot_trade_shock_1h,HIGH_2P,HIGH,2h,up_first_touch,1,True,0.018209063697311123,1.2275612061520542,2011,0.018209063697311123,1104,0.028794645284272002,907,0.005619472303380391,1.2205190610081582,2034,0.020594465901298986,1016,0.02411423942388241,1018,0.01708673906726521
spot_trade_shock_1h|HIGH_2P|4h|return_atr,spot_trade_shock_1h,HIGH_2P,HIGH,4h,return_atr,1,True,0.11112946832003343,1.2275612061520542,2108,0.11112946832003343,1146,0.009282830293376232,962,0.22349165762214288,1.2205190610081582,2108,0.20919776685076866,1060,0.24319703791247874,1048,0.17232932304949983
spot_trade_shock_1h|HIGH_2P|4h|excursion_bias_atr,spot_trade_shock_1h,HIGH_2P,HIGH,4h,excursion_bias_atr,0,False,0.019708932797984646,1.2275612061520542,2108,0.019708932797984646,1146,-0.10646328662679838,962,0.16488692043105968,1.2205190610081582,2108,0.14061924035132287,1060,0.17866691324783035,1048,0.09995153736221346
spot_trade_shock_1h|HIGH_2P|4h|up_first_touch,spot_trade_shock_1h,HIGH_2P,HIGH,4h,up_first_touch,1,True,0.01845476251255812,1.2275612061520542,2012,0.01845476251255812,1104,0.028863626875952397,908,0.0061064514991882035,1.2205190610081582,2035,0.0200571863455708,1017,0.023527871517736387,1018,0.016597567893094467
spot_trade_shock_1h|HIGH_1P|15m|return_atr,spot_trade_shock_1h,HIGH_1P,HIGH,15m,return_atr,1,True,0.09277402720840194,1.4848728668700883,1054,0.17639473965292862,582,0.17687059909675318,472,0.17477230805883856,1.4807286514092406,1054,0.09277402720840194,573,0.0994589624996891,481,0.0834090484835138
spot_trade_shock_1h|HIGH_1P|15m|excursion_bias_atr,spot_trade_shock_1h,HIGH_1P,HIGH,15m,excursion_bias_atr,1,True,0.020654901912886287,1.4848728668700883,1054,0.1464108710841238,582,0.10633443382286657,472,0.19845831848255563,1.4807286514092406,1054,0.020654901912886287,573,0.011183443639169788,481,0.03260209066589718
spot_trade_shock_1h|HIGH_1P|15m|up_first_touch,spot_trade_shock_1h,HIGH_1P,HIGH,15m,up_first_touch,1,True,0.0212641761431539,1.4848728668700883,916,0.028066116586608514,509,0.030303504826469152,407,0.02548210766318959,1.4807286514092406,901,0.0212641761431539,480,0.005459971910112382,421,0.039285469494291736
spot_trade_shock_1h|HIGH_1P|30m|return_atr,spot_trade_shock_1h,HIGH_1P,HIGH,30m,return_atr,1,True,0.14071860255299629,1.4848728668700883,1054,0.14071860255299629,582,0.07519663831732042,472,0.21944728404787406,1.4807286514092406,1054,0.19293716620558501,573,0.14132359487351207,481,0.2515246851665065
spot_trade_shock_1h|HIGH_1P|30m|excursion_bias_atr,spot_trade_shock_1h,HIGH_1P,HIGH,30m,excursion_bias_atr,1,True,0.08444119685851753,1.4848728668700883,1054,0.14267253113930597,582,0.09091503061850467,472,0.2094385555483988,1.4807286514092406,1054,0.08444119685851753,573,0.0367479226273196,481,0.1409021256831522
spot_trade_shock_1h|HIGH_1P|30m|up_first_touch,spot_trade_shock_1h,HIGH_1P,HIGH,30m,up_first_touch,1,True,0.020081153266446716,1.4848728668700883,975,0.026163212230627897,544,0.034129581151832455,431,0.016332177077142573,1.4807286514092406,977,0.020081153266446716,524,0.0036236822973463867,453,0.03931306495872722
spot_trade_shock_1h|HIGH_1P|1h|return_atr,spot_trade_shock_1h,HIGH_1P,HIGH,1h,return_atr,1,True,0.024054628986128805,1.4848728668700883,1054,0.024054628986128805,582,0.020647791680361932,472,0.024770443093029525,1.4807286514092406,1054,0.15152105262364735,573,0.09947680142000126,481,0.20788774083730518
spot_trade_shock_1h|HIGH_1P|1h|excursion_bias_atr,spot_trade_shock_1h,HIGH_1P,HIGH,1h,excursion_bias_atr,0,False,0.041610178633849956,1.4848728668700883,1054,0.041610178633849956,582,0.008724820578808346,472,0.08523095351565182,1.4807286514092406,1054,0.07104537138431744,573,-0.0193117286680715,481,0.17575699912451853
spot_trade_shock_1h|HIGH_1P|1h|up_first_touch,spot_trade_shock_1h,HIGH_1P,HIGH,1h,up_first_touch,1,True,0.020555213308714848,1.4848728668700883,991,0.027336473612964374,554,0.036298928248654605,437,0.016308806475111848,1.4807286514092406,1006,0.020555213308714848,542,0.004827883973780256,464,0.038958052281499234
spot_trade_shock_1h|HIGH_1P|2h|return_atr,spot_trade_shock_1h,HIGH_1P,HIGH,2h,return_atr,0,False,0.002426369418788016,1.4848728668700883,1054,-0.002426369418788016,582,-0.0014640209890276479,472,-0.010363264097088015,1.4807286514092406,1054,0.14137542103507597,573,0.18920490400954176,481,0.07262647167953507
spot_trade_shock_1h|HIGH_1P|2h|excursion_bias_atr,spot_trade_shock_1h,HIGH_1P,HIGH,2h,excursion_bias_atr,0,False,0.010666802780780488,1.4848728668700883,1054,-0.010666802780780488,582,-0.07016333450111133,472,0.06254037777831747,1.4807286514092406,1054,0.09408297914675143,573,0.02981571501828159,481,0.16170030910349636
spot_trade_shock_1h|HIGH_1P|2h|up_first_touch,spot_trade_shock_1h,HIGH_1P,HIGH,2h,up_first_touch,1,True,0.020677053998508055,1.4848728668700883,994,0.028193385340747112,555,0.03586965507667306,439,0.018844879350066124,1.4807286514092406,1012,0.020677053998508055,544,0.002590964759686065,468,0.04179582173312579
spot_trade_shock_1h|HIGH_1P|4h|return_atr,spot_trade_shock_1h,HIGH_1P,HIGH,4h,return_atr,0,False,0.025627212436070385,1.4848728668700883,1054,-0.025627212436070385,582,-0.1048466793158829,472,0.061231141771025926,1.4807286514092406,1054,0.21525119026291184,573,0.2805534463079604,481,0.11441757129647079
spot_trade_shock_1h|HIGH_1P|4h|excursion_bias_atr,spot_trade_shock_1h,HIGH_1P,HIGH,4h,excursion_bias_atr,0,False,0.12659527908675133,1.4848728668700883,1054,-0.1474327669172272,582,-0.23349980080958208,472,-0.047497790703250914,1.4807286514092406,1054,0.12659527908675133,573,0.12184489180397437,481,0.11195870051389545
spot_trade_shock_1h|HIGH_1P|4h|up_first_touch,spot_trade_shock_1h,HIGH_1P,HIGH,4h,up_first_touch,1,True,0.020393688855986414,1.4848728668700883,994,0.0281981132731855,555,0.03593863666835345,439,0.018785447615712547,1.4807286514092406,1012,0.020393688855986414,544,0.0025155949256836507,468,0.04130665055895505
perp_trade_shock_1h|LOW_1P|15m|return_atr,perp_trade_shock_1h,LOW_1P,LOW,15m,return_atr,0,False,0.032563974638006185,-0.8804488681753911,1054,-0.032563974638006185,551,-0.06581217745286047,503,0.003405189307064675,-0.8383759119876044,1054,0.06405771295312873,554,0.034933131836454835,500,0.09550302806626237
perp_trade_shock_1h|LOW_1P|15m|excursion_bias_atr,perp_trade_shock_1h,LOW_1P,LOW,15m,excursion_bias_atr,0,False,0.019131090932945165,-0.8804488681753911,1054,-0.019131090932945165,551,-0.0689346443580613,503,0.03657297664761678,-0.8383759119876044,1054,0.06442786384350055,554,0.03161323532364561,500,0.10117731040331349
perp_trade_shock_1h|LOW_1P|15m|up_first_touch,perp_trade_shock_1h,LOW_1P,LOW,15m,up_first_touch,1,True,0.0029569462809316827,-0.8804488681753911,560,0.0029569462809316827,303,0.005431076522735001,257,0.00019505902983740775,-0.8383759119876044,518,0.030845979287665082,271,0.0004015463258565388,247,0.06425012853821072
perp_trade_shock_1h|LOW_1P|30m|return_atr,perp_trade_shock_1h,LOW_1P,LOW,30m,return_atr,0,False,0.043273675908291176,-0.8804488681753911,1054,-0.043273675908291176,551,-0.022597967230728294,503,-0.06682226721144638,-0.8383759119876044,1054,0.07867769859946924,554,0.005655446973385991,500,0.15788119991708383
perp_trade_shock_1h|LOW_1P|30m|excursion_bias_atr,perp_trade_shock_1h,LOW_1P,LOW,30m,excursion_bias_atr,0,False,0.029020142593811596,-0.8804488681753911,1054,-0.029020142593811596,551,-0.0670196173205854,503,0.013890557569105375,-0.8383759119876044,1054,0.12278624190146625,554,0.05775039795571012,500,0.1946373486545458
perp_trade_shock_1h|LOW_1P|30m|up_first_touch,perp_trade_shock_1h,LOW_1P,LOW,30m,up_first_touch,0,False,0.009807966364059117,-0.8804488681753911,839,0.009807966364059117,439,0.019963863611969168,400,-0.0012490294193771012,-0.8383759119876044,819,0.03984087722269064,437,0.026891277105807965,382,0.05483494931317634
perp_trade_shock_1h|LOW_1P|1h|return_atr,perp_trade_shock_1h,LOW_1P,LOW,1h,return_atr,0,False,0.047485529390663105,-0.8804488681753911,1054,-0.047485529390663105,551,-0.0024012073932948713,503,-0.09839116492403473,-0.8383759119876044,1054,0.08886984092796178,554,-0.03943195490508688,500,0.22771581920470654
perp_trade_shock_1h|LOW_1P|1h|excursion_bias_atr,perp_trade_shock_1h,LOW_1P,LOW,1h,excursion_bias_atr,0,False,0.013745907512355023,-0.8804488681753911,1054,-0.013745907512355023,551,-0.03857154284671581,503,0.014787556553221724,-0.8383759119876044,1054,0.17132081828408646,554,0.029154592834533866,500,0.32711896229261117
perp_trade_shock_1h|LOW_1P|1h|up_first_touch,perp_trade_shock_1h,LOW_1P,LOW,1h,up_first_touch,0,False,0.006110474586763559,-0.8804488681753911,1001,0.006110474586763559,523,-0.000972161203340649,478,0.013986965853911737,-0.8383759119876044,988,0.04412432495462887,521,0.028820206430594075,467,0.06122047567365757
perp_trade_shock_1h|LOW_1P|2h|return_atr,perp_trade_shock_1h,LOW_1P,LOW,2h,return_atr,0,False,0.03507442231571441,-0.8804488681753911,1054,0.03507442231571441,551,0.11275153531235163,503,-0.052954015701240816,-0.8383759119876044,1054,0.13639626468769414,554,-0.12100924374265751,500,0.41468378100041153
perp_trade_shock_1h|LOW_1P|2h|excursion_bias_atr,perp_trade_shock_1h,LOW_1P,LOW,2h,excursion_bias_atr,0,False,0.0010051598610445744,-0.8804488681753911,1054,0.0010051598610445744,551,0.0018196260712215993,503,4.546070047724282e-05,-0.8383759119876044,1054,0.27009473944666906,554,-0.11495688840313448,500,0.6914767171188877
perp_trade_shock_1h|LOW_1P|2h|up_first_touch,perp_trade_shock_1h,LOW_1P,LOW,2h,up_first_touch,0,False,0.005561726592804461,-0.8804488681753911,1046,-0.005561726592804461,546,-0.010313891106873141,500,-0.00023940311007059067,-0.8383759119876044,1044,0.039319248052995914,551,0.02893010749482,493,0.05100162607077596
perp_trade_shock_1h|LOW_1P|4h|return_atr,perp_trade_shock_1h,LOW_1P,LOW,4h,return_atr,0,False,0.18011405687682822,-0.8804488681753911,1053,0.18011405687682822,551,0.19062518379641746,502,0.16377911006240045,-0.8383759119876044,1054,0.2291558577005472,554,-0.14642578900532213,500,0.6317804971757155
perp_trade_shock_1h|LOW_1P|4h|excursion_bias_atr,perp_trade_shock_1h,LOW_1P,LOW,4h,excursion_bias_atr,0,False,0.13482364780474151,-0.8804488681753911,1053,0.13482364780474151,551,0.1907874887037536,502,0.07065322203266651,-0.8383759119876044,1054,0.32366587773785,554,-0.16531595811677113,500,0.8535489344764198
perp_trade_shock_1h|LOW_1P|4h|up_first_touch,perp_trade_shock_1h,LOW_1P,LOW,4h,up_first_touch,0,False,0.00408885305379636,-0.8804488681753911,1051,-0.00408885305379636,550,-0.008320167590450844,501,0.00070316116355984,-0.8383759119876044,1050,0.04073812702651153,553,0.028766126783996593,497,0.05415295917991153
perp_trade_shock_1h|LOW_2P|15m|return_atr,perp_trade_shock_1h,LOW_2P,LOW,15m,return_atr,0,False,0.01572520552780083,-0.7873598636188929,2108,-0.035618989108318094,1111,-0.07613701949159507,997,0.008999919928306354,-0.7440255563971828,2108,0.01572520552780083,1118,0.016755151945655498,990,0.013589900851900804
perp_trade_shock_1h|LOW_2P|15m|excursion_bias_atr,perp_trade_shock_1h,LOW_2P,LOW,15m,excursion_bias_atr,0,False,0.01826026888061215,-0.7873598636188929,2108,-0.03393013477425939,1111,-0.07310598757904291,997,0.011076960433303785,-0.7440255563971828,2108,0.01826026888061215,1118,0.018943942081406658,990,0.017948927578097528
perp_trade_shock_1h|LOW_2P|15m|up_first_touch,perp_trade_shock_1h,LOW_2P,LOW,15m,up_first_touch,0,False,0.0034492434403934347,-0.7873598636188929,1142,-0.005799621144637501,622,-0.021942561162576923,520,0.013679045860127692,-0.7440255563971828,1072,-0.0034492434403934347,575,-0.005155970118873143,497,-0.0014721402974754993
perp_trade_shock_1h|LOW_2P|30m|return_atr,perp_trade_shock_1h,LOW_2P,LOW,30m,return_atr,0,False,0.009240132382815444,-0.7873598636188929,2108,-0.038970350929965245,1111,-0.07237196915322092,997,-0.0028092434620461855,-0.7440255563971828,2108,0.009240132382815444,1118,0.015716298103287136,990,-8.356025632343892e-05
perp_trade_shock_1h|LOW_2P|30m|excursion_bias_atr,perp_trade_shock_1h,LOW_2P,LOW,30m,excursion_bias_atr,0,False,0.03885668509483624,-0.7873598636188929,2108,-0.05166083236409667,1111,-0.11504493996335333,997,0.020484184265957696,-0.7440255563971828,2108,0.03885668509483624,1118,0.05769902583439988,990,0.017332234673170216
perp_trade_shock_1h|LOW_2P|30m|up_first_touch,perp_trade_shock_1h,LOW_2P,LOW,30m,up_first_touch,0,False,0.0002833969432297079,-0.7873598636188929,1688,0.0002833969432297079,895,-0.005500307116323988,793,0.006925623796259772,-0.7440255563971828,1658,0.014707251968438084,887,0.021532922639179608,771,0.0070422547097171995
perp_trade_shock_1h|LOW_2P|1h|return_atr,perp_trade_shock_1h,LOW_2P,LOW,1h,return_atr,0,False,0.04738447489156649,-0.7873598636188929,2108,-0.04738447489156649,1111,-0.10813589911717919,997,0.018524208703664967,-0.7440255563971828,2108,0.04963570030771791,1118,0.02034637701823728,990,0.07880636777917598
perp_trade_shock_1h|LOW_2P|1h|excursion_bias_atr,perp_trade_shock_1h,LOW_2P,LOW,1h,excursion_bias_atr,0,False,0.05260730603674147,-0.7873598636188929,2108,-0.05260730603674147,1111,-0.1563703183328619,997,0.06459721211614086,-0.7440255563971828,2108,0.07851590852946871,1118,0.05407733316808922,990,0.10408382404794275
perp_trade_shock_1h|LOW_2P|1h|up_first_touch,perp_trade_shock_1h,LOW_2P,LOW,1h,up_first_touch,0,False,0.0011169651022360783,-0.7873598636188929,2004,0.0011169651022360783,1058,-0.009424560658281067,946,0.013062571575425841,-0.7440255563971828,1988,0.019238165895007986,1062,0.026485134444590053,926,0.010954775302278341
perp_trade_shock_1h|LOW_2P|2h|return_atr,perp_trade_shock_1h,LOW_2P,LOW,2h,return_atr,0,False,0.035347020529137865,-0.7873598636188929,2108,0.035347020529137865,1111,0.013740822305974981,997,0.055961073243164114,-0.7440255563971828,2108,0.04737230279069311,1118,-0.026149347313722184,990,0.12224090269329604
perp_trade_shock_1h|LOW_2P|2h|excursion_bias_atr,perp_trade_shock_1h,LOW_2P,LOW,2h,excursion_bias_atr,0,False,0.02104596737814705,-0.7873598636188929,2108,-0.02104596737814705,1111,-0.16557258530183497,997,0.13992671695187317,-0.7440255563971828,2108,0.120339809328438,1118,-0.010224194469543924,990,0.26158677044047735
perp_trade_shock_1h|LOW_2P|2h|up_first_touch,perp_trade_shock_1h,LOW_2P,LOW,2h,up_first_touch,0,False,0.004370241277883824,-0.7873598636188929,2091,-0.004370241277883824,1103,-0.010621078630742464,988,0.0027727426389173027,-0.7440255563971828,2092,0.014394887416233404,1112,0.02151553098905551,980,0.006395507761383312
perp_trade_shock_1h|LOW_2P|4h|return_atr,perp_trade_shock_1h,LOW_2P,LOW,4h,return_atr,1,True,0.11259503972862914,-0.7873598636188929,2107,0.11259503972862914,1111,0.03084045520663109,996,0.1981971227887501,-0.7440255563971828,2107,0.17687233705106045,1118,0.03907776431081189,989,0.31655498676307026
perp_trade_shock_1h|LOW_2P|4h|excursion_bias_atr,perp_trade_shock_1h,LOW_2P,LOW,4h,excursion_bias_atr,0,False,0.09550834282267387,-0.7873598636188929,2107,0.09550834282267387,1111,-0.019801926013917684,996,0.2209343482802849,-0.7440255563971828,2107,0.18904207708609402,1118,0.03830272380794361,989,0.3452746433911542
perp_trade_shock_1h|LOW_2P|4h|up_first_touch,perp_trade_shock_1h,LOW_2P,LOW,4h,up_first_touch,0,False,0.004082069725949988,-0.7873598636188929,2104,-0.004082069725949988,1110,-0.010007309277592524,994,0.0027072013728796085,-0.7440255563971828,2100,0.01454765083603532,1116,0.020482862477865793,984,0.007926412910424785
perp_trade_shock_1h|HIGH_2P|15m|return_atr,perp_trade_shock_1h,HIGH_2P,HIGH,15m,return_atr,1,True,0.050665103570701954,1.3892962765239525,2108,0.09466746428132797,1096,0.08775264691408996,1012,0.10175711366536946,1.2923200332954812,2108,0.050665103570701954,1117,0.07610958087069883,991,0.021028193781506877
perp_trade_shock_1h|HIGH_2P|15m|excursion_bias_atr,perp_trade_shock_1h,HIGH_2P,HIGH,15m,excursion_bias_atr,0,False,0.022323364649575836,1.3892962765239525,2108,0.05230129609510924,1096,-0.004823205035536817,1012,0.11518134792770107,1.2923200332954812,2108,-0.022323364649575836,1117,-0.013890916075607315,991,-0.03137427722984051
perp_trade_shock_1h|HIGH_2P|15m|up_first_touch,perp_trade_shock_1h,HIGH_2P,HIGH,15m,up_first_touch,1,True,0.014202146500350232,1.3892962765239525,1823,0.014202146500350232,948,0.021713400957710127,875,0.006140584321666198,1.2923200332954812,1817,0.015939571976194555,952,0.026433361265854716,865,0.004391945954138221
perp_trade_shock_1h|HIGH_2P|30m|return_atr,perp_trade_shock_1h,HIGH_2P,HIGH,30m,return_atr,1,True,0.055230955182528914,1.3892962765239525,2108,0.11153163414185588,1096,0.0739110571429063,1012,0.15148003504175347,1.2923200332954812,2108,0.055230955182528914,1117,0.040816488783406185,991,0.0694987164599023
perp_trade_shock_1h|HIGH_2P|30m|excursion_bias_atr,perp_trade_shock_1h,HIGH_2P,HIGH,30m,excursion_bias_atr,0,False,0.023113466750074724,1.3892962765239525,2108,0.07044030106066555,1096,0.0010829546586577747,1012,0.14668964064234188,1.2923200332954812,2108,-0.023113466750074724,1117,-0.021644717360197227,991,-0.025011121619832696
perp_trade_shock_1h|HIGH_2P|30m|up_first_touch,perp_trade_shock_1h,HIGH_2P,HIGH,30m,up_first_touch,1,True,0.014554273829236686,1.3892962765239525,1961,0.014554273829236686,1023,0.026828750262291867,938,0.001250970580622901,1.2923200332954812,1973,0.018174139387681143,1043,0.029971636305528904,930,0.005096729417888413
perp_trade_shock_1h|HIGH_2P|1h|return_atr,perp_trade_shock_1h,HIGH_2P,HIGH,1h,return_atr,0,False,0.01773265367408911,1.3892962765239525,2108,0.054357418908522644,1096,0.03160241463437036,1012,0.07765961622949494,1.2923200332954812,2108,-0.01773265367408911,1117,-0.03750336994462084,991,0.0007060915799474883
perp_trade_shock_1h|HIGH_2P|1h|excursion_bias_atr,perp_trade_shock_1h,HIGH_2P,HIGH,1h,excursion_bias_atr,0,False,0.00323329437954927,1.3892962765239525,2108,-0.00323329437954927,1096,-0.09211114269458874,1012,0.09420413741969454,1.2923200332954812,2108,-0.15012748380834667,1117,-0.20369312549212415,991,-0.09175055486771876
perp_trade_shock_1h|HIGH_2P|1h|up_first_touch,perp_trade_shock_1h,HIGH_2P,HIGH,1h,up_first_touch,1,True,0.014638019186452411,1.3892962765239525,1996,0.014638019186452411,1039,0.026425855348094107,957,0.0019571306383890374,1.2923200332954812,2020,0.015541729853013442,1068,0.02729979408613986,952,0.0023744533246751742
perp_trade_shock_1h|HIGH_2P|2h|return_atr,perp_trade_shock_1h,HIGH_2P,HIGH,2h,return_atr,0,False,0.020291468669235133,1.3892962765239525,2108,0.020291468669235133,1096,-0.011597233638820495,1012,0.05223232964261253,1.2923200332954812,2108,-0.022272147618284676,1117,-0.02265845123602673,991,-0.029870371012469588
perp_trade_shock_1h|HIGH_2P|2h|excursion_bias_atr,perp_trade_shock_1h,HIGH_2P,HIGH,2h,excursion_bias_atr,0,False,0.028187120131524624,1.3892962765239525,2108,-0.028187120131524624,1096,-0.09266004284723775,1012,0.04157770345281726,1.2923200332954812,2108,-0.1461141169524464,1117,-0.2162263567512954,991,-0.073190412627447
perp_trade_shock_1h|HIGH_2P|2h|up_first_touch,perp_trade_shock_1h,HIGH_2P,HIGH,2h,up_first_touch,1,True,0.015689658648223248,1.3892962765239525,2001,0.01578610809405856,1042,0.027370753103682754,959,0.0033247261912850434,1.2923200332954812,2032,0.015689658648223248,1074,0.02677556876888748,958,0.003334283271587357
perp_trade_shock_1h|HIGH_2P|4h|return_atr,perp_trade_shock_1h,HIGH_2P,HIGH,4h,return_atr,1,True,0.10049174032520988,1.3892962765239525,2108,0.11042101230850768,1096,0.15155648607541244,1012,0.06172306515227424,1.2923200332954812,2108,0.10049174032520988,1117,0.14672157228117613,991,0.0326751707108146
perp_trade_shock_1h|HIGH_2P|4h|excursion_bias_atr,perp_trade_shock_1h,HIGH_2P,HIGH,4h,excursion_bias_atr,0,False,0.026104974730000213,1.3892962765239525,2108,0.026104974730000213,1096,-0.0390882307500318,1012,0.09433711002952609,1.2923200332954812,2108,-0.12177111558908033,1117,-0.12224104012764359,991,-0.13507846805115142
perp_trade_shock_1h|HIGH_2P|4h|up_first_touch,perp_trade_shock_1h,HIGH_2P,HIGH,4h,up_first_touch,1,True,0.015154541895459561,1.3892962765239525,2003,0.015778111485123147,1043,0.02693826525187465,960,0.0037844984889091604,1.2923200332954812,2033,0.015154541895459561,1075,0.02621429533608033,958,0.0028451120974166133
perp_trade_shock_1h|HIGH_1P|15m|return_atr,perp_trade_shock_1h,HIGH_1P,HIGH,15m,return_atr,1,True,0.0655892677981922,1.6756102854367219,1054,0.15828615880687524,544,0.17246287417093434,510,0.1428345119897913,1.5430875504560633,1054,0.0655892677981922,549,0.04410256437451208,505,0.0882679117238339
perp_trade_shock_1h|HIGH_1P|15m|excursion_bias_atr,perp_trade_shock_1h,HIGH_1P,HIGH,15m,excursion_bias_atr,0,False,0.024454961511306043,1.6756102854367219,1054,0.10114825161348047,544,0.08375187851429729,510,0.12054229470407828,1.5430875504560633,1054,0.024454961511306043,549,-0.031076293528913987,505,0.08514691755565275
perp_trade_shock_1h|HIGH_1P|15m|up_first_touch,perp_trade_shock_1h,HIGH_1P,HIGH,15m,up_first_touch,0,False,0.013316815419426753,1.6756102854367219,917,0.013316815419426753,475,0.030096700979917568,442,-0.004646745995075863,1.5430875504560633,910,0.02059946904115484,462,0.0031331320832725384,448,0.038612115235723665
perp_trade_shock_1h|HIGH_1P|30m|return_atr,perp_trade_shock_1h,HIGH_1P,HIGH,30m,return_atr,1,True,0.11259130890461164,1.6756102854367219,1054,0.1674203965059096,544,0.06791254519054603,510,0.27290537672992365,1.5430875504560633,1054,0.11259130890461164,549,0.0013920138849050495,505,0.23207311227166758
perp_trade_shock_1h|HIGH_1P|30m|excursion_bias_atr,perp_trade_shock_1h,HIGH_1P,HIGH,30m,excursion_bias_atr,0,False,0.04094689815639439,1.6756102854367219,1054,0.15475113698986448,544,0.0675285924419948,510,0.2487263567757073,1.5430875504560633,1054,0.04094689815639439,549,-0.08526055027876091,505,0.1779786116957821
perp_trade_shock_1h|HIGH_1P|30m|up_first_touch,perp_trade_shock_1h,HIGH_1P,HIGH,30m,up_first_touch,0,False,0.011844376243408838,1.6756102854367219,971,0.011844376243408838,503,0.031706618925192276,468,-0.0094327901031378,1.5430875504560633,977,0.021104694719875583,504,0.00347222222222221,473,0.03998045034812092
perp_trade_shock_1h|HIGH_1P|1h|return_atr,perp_trade_shock_1h,HIGH_1P,HIGH,1h,return_atr,0,False,0.09809637584100972,1.6756102854367219,1054,0.09809637584100972,544,-0.06074134474705115,510,0.26641509448538564,1.5430875504560633,1054,0.11235786500314394,549,0.0015265935769800398,505,0.23011471218559662
perp_trade_shock_1h|HIGH_1P|1h|excursion_bias_atr,perp_trade_shock_1h,HIGH_1P,HIGH,1h,excursion_bias_atr,0,False,0.01667457279748548,1.6756102854367219,1054,0.08066592164559873,544,-0.16231456864773486,510,0.3408217961764102,1.5430875504560633,1054,-0.01667457279748548,549,-0.26910909397081817,505,0.2563344643905286
perp_trade_shock_1h|HIGH_1P|1h|up_first_touch,perp_trade_shock_1h,HIGH_1P,HIGH,1h,up_first_touch,0,False,0.011278599020943025,1.6756102854367219,981,0.011278599020943025,506,0.03147593770913598,475,-0.010144282769739443,1.5430875504560633,1002,0.019620700624342013,518,0.0009668801127764026,484,0.03959926060295843
perp_trade_shock_1h|HIGH_1P|2h|return_atr,perp_trade_shock_1h,HIGH_1P,HIGH,2h,return_atr,0,False,0.10879074160668144,1.6756102854367219,1054,0.10879074160668144,544,-0.05520323715289907,510,0.2815753828453494,1.5430875504560633,1054,0.11267380051737289,549,0.11932608939410223,505,0.0997406358344886
perp_trade_shock_1h|HIGH_1P|2h|excursion_bias_atr,perp_trade_shock_1h,HIGH_1P,HIGH,2h,excursion_bias_atr,0,False,0.011906351774762985,1.6756102854367219,1054,0.08077138261108832,544,-0.1440792039082712,510,0.32056279567101537,1.5430875504560633,1054,-0.011906351774762985,549,-0.22048244072938897,505,0.21051162688531389
perp_trade_shock_1h|HIGH_1P|2h|up_first_touch,perp_trade_shock_1h,HIGH_1P,HIGH,2h,up_first_touch,0,False,0.012188821371566183,1.6756102854367219,984,0.012188821371566183,508,0.0318971786632517,476,-0.008743604790742876,1.5430875504560633,1009,0.02122253988246936,521,0.001550121358986023,488,0.042268709501095514
perp_trade_shock_1h|HIGH_1P|4h|return_atr,perp_trade_shock_1h,HIGH_1P,HIGH,4h,return_atr,0,False,0.17810659940340037,1.6756102854367219,1054,0.17810659940340037,544,-0.005249917287720951,510,0.37026562227964754,1.5430875504560633,1054,0.2364215347650621,549,0.39920998515757433,505,0.048316236495308446
perp_trade_shock_1h|HIGH_1P|4h|excursion_bias_atr,perp_trade_shock_1h,HIGH_1P,HIGH,4h,excursion_bias_atr,1,True,0.05637878513307787,1.6756102854367219,1054,0.19452109767650705,544,0.0077498781280896795,510,0.39178704249773183,1.5430875504560633,1054,0.05637878513307787,549,0.02720480362824826,505,0.07828799028675576
perp_trade_shock_1h|HIGH_1P|4h|up_first_touch,perp_trade_shock_1h,HIGH_1P,HIGH,4h,up_first_touch,0,False,0.01219354930400457,1.6756102854367219,984,0.01219354930400457,508,0.0319661602549321,476,-0.008803036525096453,1.5430875504560633,1009,0.02093917473994772,521,0.0014747515249836085,488,0.04177953832692477
