family,feature,quintile,hour_block,horizon_bars,outcome,n_state,n_comp,effect,state_mean,comp_mean,p,q,confirmation_n_state,confirmation_n_comp,confirmation_effect,confirmation_p,direction,confirmation_q,quarters_same_sign,quarter_details
range_location,dist_high24_atr,5,0.0,24,move_ge_1atr,6424,51665,-0.4715687018305375,0.47400373599003737,0.9455724378205749,0.0,0.0,6371,51640,-0.47739896578233015,0.0,-1,0.0,4,"{""1"": {""effect"": -0.43777934131141244, ""n_state"": 1572, ""ok"": true}, ""2"": {""effect"": -0.43539466034222846, ""n_state"": 1581, ""ok"": true}, ""3"": {""effect"": -0.4303824860683115, ""n_state"": 1645, ""ok"": true}, ""4"": {""effect"": -0.444628333468541, ""n_state"": 1573, ""ok"": true}}"
range_location,dist_high24_atr,5,0.0,12,move_ge_1atr,6429,57536,-0.4592790321672289,0.45870275314979003,0.9179817853170189,0.0,0.0,6383,57421,-0.4634514413515837,0.0,-1,0.0,4,"{""1"": {""effect"": -0.4257838680966274, ""n_state"": 1572, ""ok"": true}, ""2"": {""effect"": -0.43564969127232617, ""n_state"": 1581, ""ok"": true}, ""3"": {""effect"": -0.4215345184726042, ""n_state"": 1645, ""ok"": true}, ""4"": {""effect"": -0.42842579606998243, ""n_state"": 1585, ""ok"": true}}"
range_location,dist_low24_atr,5,0.0,24,move_ge_1atr,6414,51675,-0.47239930974650424,0.4731836607421266,0.9455829704886308,0.0,0.0,6546,51465,-0.4630635843657998,0.0,-1,0.0,4,"{""1"": {""effect"": -0.4314123712098206, ""n_state"": 1591, ""ok"": true}, ""2"": {""effect"": -0.4300769654450341, ""n_state"": 1597, ""ok"": true}, ""3"": {""effect"": -0.42251518687479056, ""n_state"": 1670, ""ok"": true}, ""4"": {""effect"": -0.4078416758013802, ""n_state"": 1688, ""ok"": true}}"
range_location,dist_low24_atr,5,0.0,12,move_ge_1atr,6415,57550,-0.4623861727204579,0.45580670303975057,0.9181928757602085,0.0,0.0,6558,57246,-0.449526016336487,0.0,-1,0.0,4,"{""1"": {""effect"": -0.4199127219343962, ""n_state"": 1591, ""ok"": true}, ""2"": {""effect"": -0.4300875239503506, ""n_state"": 1597, ""ok"": true}, ""3"": {""effect"": -0.41343385909803976, ""n_state"": 1670, ""ok"": true}, ""4"": {""effect"": -0.39375196065802337, ""n_state"": 1700, ""ok"": true}}"
range_location,dist_high24_atr,5,0.0,6,move_ge_1atr,6429,60707,-0.4189734374906759,0.39788458547207967,0.8168580229627556,0.0,0.0,6388,60543,-0.42129366366505855,0.0,-1,0.0,4,"{""1"": {""effect"": -0.37775457974583676, ""n_state"": 1572, ""ok"": true}, ""2"": {""effect"": -0.40540048307004517, ""n_state"": 1581, ""ok"": true}, ""3"": {""effect"": -0.37329270033456724, ""n_state"": 1645, ""ok"": true}, ""4"": {""effect"": -0.405683699612069, ""n_state"": 1590, ""ok"": true}}"
range_location,dist_low24_atr,5,0.0,6,move_ge_1atr,6415,60721,-0.42257030523685096,0.39454403741231486,0.8171143426491658,0.0,0.0,6558,60373,-0.4069002224541207,0.0,-1,0.0,4,"{""1"": {""effect"": -0.3737376238433321, ""n_state"": 1591, ""ok"": true}, ""2"": {""effect"": -0.39841832725858034, ""n_state"": 1597, ""ok"": true}, ""3"": {""effect"": -0.36060439761594776, ""n_state"": 1670, ""ok"": true}, ""4"": {""effect"": -0.3731451394005196, ""n_state"": 1700, ""ok"": true}}"
range_location,dist_high24_atr,5,4.0,12,move_ge_1atr,5108,58857,-0.36026066868813045,0.5403288958496476,0.900589564537778,0.0,0.0,4939,58865,-0.3731073500855515,0.0,-1,0.0,4,"{""1"": {""effect"": -0.41045304314159003, ""n_state"": 1242, ""ok"": true}, ""2"": {""effect"": -0.3443172183325589, ""n_state"": 1241, ""ok"": true}, ""3"": {""effect"": -0.3446929263127273, ""n_state"": 1288, ""ok"": true}, ""4"": {""effect"": -0.30200240441183546, ""n_state"": 1168, ""ok"": true}}"
range_location,dist_low24_atr,5,4.0,12,move_ge_1atr,5022,58943,-0.3669808832518423,0.5336519315013939,0.9006328147532362,0.0,0.0,5074,58730,-0.3684710017268016,0.0,-1,0.0,4,"{""1"": {""effect"": -0.4191493244120546, ""n_state"": 1239, ""ok"": true}, ""2"": {""effect"": -0.33008095321462383, ""n_state"": 1298, ""ok"": true}, ""3"": {""effect"": -0.3122104213960124, ""n_state"": 1417, ""ok"": true}, ""4"": {""effect"": -0.3266202585303153, ""n_state"": 1120, ""ok"": true}}"
range_location,dist_high24_atr,5,4.0,24,move_ge_1atr,4656,53433,-0.3466822478907491,0.5745274914089347,0.9212097392996837,0.0,0.0,4459,53552,-0.3577295607631943,0.0,-1,0.0,4,"{""1"": {""effect"": -0.40901969382718356, ""n_state"": 1083, ""ok"": true}, ""2"": {""effect"": -0.34252774793680996, ""n_state"": 1126, ""ok"": true}, ""3"": {""effect"": -0.3189253363168333, ""n_state"": 1187, ""ok"": true}, ""4"": {""effect"": -0.2767465538200221, ""n_state"": 1063, ""ok"": true}}"
range_location,dist_low24_atr,5,4.0,24,move_ge_1atr,4570,53519,-0.3533905400904066,0.5678336980306345,0.9212242381210412,0.0,0.0,4517,53494,-0.3539829290606966,0.0,-1,0.0,4,"{""1"": {""effect"": -0.42251955732063884, ""n_state"": 1053, ""ok"": true}, ""2"": {""effect"": -0.3255224487392059, ""n_state"": 1171, ""ok"": true}, ""3"": {""effect"": -0.28641574080730503, ""n_state"": 1300, ""ok"": true}, ""4"": {""effect"": -0.3074933457701755, ""n_state"": 993, ""ok"": true}}"
range_location,dist_high24_atr,5,4.0,6,move_ge_1atr,5516,61620,-0.3510865914483469,0.4544960116026106,0.8055826030509575,0.0,0.0,5309,61622,-0.3490862625543557,0.0,-1,0.0,4,"{""1"": {""effect"": -0.37403379678518933, ""n_state"": 1356, ""ok"": true}, ""2"": {""effect"": -0.32071940684582295, ""n_state"": 1339, ""ok"": true}, ""3"": {""effect"": -0.3336991556839645, ""n_state"": 1377, ""ok"": true}, ""4"": {""effect"": -0.27878038889745765, ""n_state"": 1237, ""ok"": true}}"
range_location,dist_low24_atr,5,4.0,6,move_ge_1atr,5391,61745,-0.36130500895259177,0.4444444444444444,0.8057494533970362,0.0,0.0,5465,61466,-0.3463315879241952,0.0,-1,0.0,4,"{""1"": {""effect"": -0.38396968088908034, ""n_state"": 1354, ""ok"": true}, ""2"": {""effect"": -0.30937120233583154, ""n_state"": 1388, ""ok"": true}, ""3"": {""effect"": -0.2981275592076057, ""n_state"": 1524, ""ok"": true}, ""4"": {""effect"": -0.3093614975704159, ""n_state"": 1199, ""ok"": true}}"
range_location,dist_high24_atr,5,0.0,3,move_ge_1atr,6429,62303,-0.323820597908025,0.2863586871986312,0.6101792851066562,0.0,0.0,6388,62124,-0.3242041579877795,0.0,-1,0.0,4,"{""1"": {""effect"": -0.2655147483105527, ""n_state"": 1572, ""ok"": true}, ""2"": {""effect"": -0.3256114931242595, ""n_state"": 1581, ""ok"": true}, ""3"": {""effect"": -0.29721495416910476, ""n_state"": 1645, ""ok"": true}, ""4"": {""effect"": -0.31550602701088787, ""n_state"": 1590, ""ok"": true}}"
range_location,dist_low24_atr,5,0.0,3,move_ge_1atr,6415,62317,-0.3258094775548011,0.284489477786438,0.6102989553412391,0.0,0.0,6558,61954,-0.3121700255468983,0.0,-1,0.0,4,"{""1"": {""effect"": -0.25969444482561127, ""n_state"": 1591, ""ok"": true}, ""2"": {""effect"": -0.32118692248331765, ""n_state"": 1597, ""ok"": true}, ""3"": {""effect"": -0.28192980604722157, ""n_state"": 1670, ""ok"": true}, ""4"": {""effect"": -0.2939687481290786, ""n_state"": 1700, ""ok"": true}}"
range_location,dist_high24_atr,5,,24,move_ge_1atr,19938,38151,-0.2991338889331796,0.6969605777911526,0.9960944667243322,0.0,0.0,18876,39135,-0.3087975458807195,0.0,-1,0.0,4,"{""1"": {""effect"": -0.24834132699631994, ""n_state"": 4533, ""ok"": true}, ""2"": {""effect"": -0.22456046278593766, ""n_state"": 4869, ""ok"": true}, ""3"": {""effect"": -0.2174463108023269, ""n_state"": 5033, ""ok"": true}, ""4"": {""effect"": -0.21784597315299414, ""n_state"": 4441, ""ok"": true}}"
range_location,dist_high24_atr,5,,12,move_ge_1atr,21490,42475,-0.2872032791851118,0.6811074918566775,0.9683107710417893,0.0,0.0,20363,43441,-0.3018019339494833,0.0,-1,0.0,4,"{""1"": {""effect"": -0.23913912126776848, ""n_state"": 4992, ""ok"": true}, ""2"": {""effect"": -0.21929440414520274, ""n_state"": 5266, ""ok"": true}, ""3"": {""effect"": -0.21950486192664176, ""n_state"": 5382, ""ok"": true}, ""4"": {""effect"": -0.21553833927126675, ""n_state"": 4723, ""ok"": true}}"
range_location,dist_low24_atr,5,,24,move_ge_1atr,19900,38189,-0.2994106961527373,0.6965829145728644,0.9959936107256017,0.0,0.0,20551,37460,-0.28431232881680446,0.0,-1,0.0,4,"{""1"": {""effect"": -0.21156973370034748, ""n_state"": 5076, ""ok"": true}, ""2"": {""effect"": -0.21731410980479715, ""n_state"": 5007, ""ok"": true}, ""3"": {""effect"": -0.198457613203051, ""n_state"": 5363, ""ok"": true}, ""4"": {""effect"": -0.17890208172512134, ""n_state"": 5105, ""ok"": true}}"
range_location,dist_low24_atr,5,,12,move_ge_1atr,21537,42428,-0.29172233866047936,0.6783210289269629,0.9700433675874423,0.0,0.0,22375,41429,-0.2794548400838157,0.0,-1,0.0,4,"{""1"": {""effect"": -0.20828392071728852, ""n_state"": 5533, ""ok"": true}, ""2"": {""effect"": -0.21323560522901908, ""n_state"": 5500, ""ok"": true}, ""3"": {""effect"": -0.20182244686011408, ""n_state"": 5808, ""ok"": true}, ""4"": {""effect"": -0.17221366904275048, ""n_state"": 5534, ""ok"": true}}"
range_location,dist_low24_atr,5,4.0,3,move_ge_1atr,5634,63098,-0.2952528566631868,0.308839190628328,0.6040920472915148,0.0,0.0,5709,62803,-0.272514569806984,0.0,-1,0.0,4,"{""1"": {""effect"": -0.2931732321518491, ""n_state"": 1427, ""ok"": true}, ""2"": {""effect"": -0.2397695345631891, ""n_state"": 1440, ""ok"": true}, ""3"": {""effect"": -0.24317110653469942, ""n_state"": 1583, ""ok"": true}, ""4"": {""effect"": -0.2447219831053714, ""n_state"": 1259, ""ok"": true}}"
range_location,dist_high24_atr,5,,6,move_ge_1atr,22458,44678,-0.26562942660710165,0.599964377949951,0.8655938045570527,0.0,0.0,21237,45694,-0.2681607309738022,0.0,-1,0.0,4,"{""1"": {""effect"": -0.2076229517299587, ""n_state"": 5256, ""ok"": true}, ""2"": {""effect"": -0.19551243843085708, ""n_state"": 5480, ""ok"": true}, ""3"": {""effect"": -0.19226977104127874, ""n_state"": 5616, ""ok"": true}, ""4"": {""effect"": -0.2008415653311798, ""n_state"": 4885, ""ok"": true}}"
range_location,dist_low24_atr,5,,6,move_ge_1atr,22490,44646,-0.2717838867078396,0.5959982214317474,0.867782108139587,0.0,0.0,23432,43499,-0.26420768132624295,0.0,-1,0.0,4,"{""1"": {""effect"": -0.1917219016781465, ""n_state"": 5846, ""ok"": true}, ""2"": {""effect"": -0.20644822227732773, ""n_state"": 5770, ""ok"": true}, ""3"": {""effect"": -0.18745287865236393, ""n_state"": 6058, ""ok"": true}, ""4"": {""effect"": -0.16708212895687158, ""n_state"": 5758, ""ok"": true}}"
range_location,dist_low24_atr,5,,3,move_ge_1atr,22945,45787,-0.20801658915547638,0.44131619089126173,0.6493327800467381,0.0,0.0,23945,44567,-0.21385312897992415,0.0,-1,0.0,4,"{""1"": {""effect"": -0.14515278423536976, ""n_state"": 6017, ""ok"": true}, ""2"": {""effect"": -0.16773081288713187, ""n_state"": 5886, ""ok"": true}, ""3"": {""effect"": -0.15683127446677597, ""n_state"": 6168, ""ok"": true}, ""4"": {""effect"": -0.13996131475308243, ""n_state"": 5874, ""ok"": true}}"
range_location,dist_high24_atr,5,,3,move_ge_1atr,22944,45788,-0.1932627367667057,0.4511419107391911,0.6444046475058968,0.0,0.0,21703,46809,-0.18907042021646375,0.0,-1,0.0,4,"{""1"": {""effect"": -0.13819609767838936, ""n_state"": 5392, ""ok"": true}, ""2"": {""effect"": -0.13889267185969595, ""n_state"": 5593, ""ok"": true}, ""3"": {""effect"": -0.14312557741739307, ""n_state"": 5740, ""ok"": true}, ""4"": {""effect"": -0.1410014053335289, ""n_state"": 4978, ""ok"": true}}"
range_location,dist_high24_atr,5,4.0,3,move_ge_1atr,5771,62961,-0.28498267959037865,0.31883555709582395,0.6038182366862026,0.0,0.0,5522,62990,-0.26397364833554987,3.003169525e-315,-1,2.4025356203e-314,4,"{""1"": {""effect"": -0.27209866056673276, ""n_state"": 1419, ""ok"": true}, ""2"": {""effect"": -0.2406320084578366, ""n_state"": 1396, ""ok"": true}, ""3"": {""effect"": -0.2726371569437506, ""n_state"": 1428, ""ok"": true}, ""4"": {""effect"": -0.20059911613780734, ""n_state"": 1279, ""ok"": true}}"
range_location,dist_high24_atr,1,,24,move_ge_1atr,9628,48461,0.12414174557954061,0.9969879518072289,0.8728462062276883,1.1248483031449054e-284,9.561210576731695e-284,10264,47747,0.12343794179443579,8.69752903060577e-301,1,8.449028201159891e-300,4,"{""1"": {""effect"": 0.10843637323974398, ""n_state"": 2475, ""ok"": true}, ""2"": {""effect"": 0.10362078085434989, ""n_state"": 2433, ""ok"": true}, ""3"": {""effect"": 0.10840351994877051, ""n_state"": 2635, ""ok"": true}, ""4"": {""effect"": 0.10475390558711883, ""n_state"": 2721, ""ok"": true}}"
range_location,dist_low24_atr,1,,12,move_ge_1atr,10629,53336,0.12867501734989462,0.9791137454134914,0.8504387280635968,1.5711106778768008e-287,1.391555171833738e-286,10167,53637,0.12970037215021246,2.32978206263996e-283,1,2.0635212554811074e-282,4,"{""1"": {""effect"": 0.10727811158309808, ""n_state"": 2407, ""ok"": true}, ""2"": {""effect"": 0.11555769748873368, ""n_state"": 2560, ""ok"": true}, ""3"": {""effect"": 0.11093837770558568, ""n_state"": 2932, ""ok"": true}, ""4"": {""effect"": 0.12150542238620765, ""n_state"": 2268, ""ok"": true}}"
range_location,dist_low24_atr,2,,24,move_ge_1atr,9508,48581,0.12366388912455373,0.996844762305427,0.8731808731808732,1.0724812969297885e-279,7.292872819122562e-279,9457,48554,0.12272077782044222,1.021972355560461e-278,1,8.686765022263918e-278,4,"{""1"": {""effect"": 0.10542457987490439, ""n_state"": 2197, ""ok"": true}, ""2"": {""effect"": 0.10830761989956827, ""n_state"": 2419, ""ok"": true}, ""3"": {""effect"": 0.10570891541637684, ""n_state"": 2282, ""ok"": true}, ""4"": {""effect"": 0.10862838483336223, ""n_state"": 2559, ""ok"": true}}"
range_location,dist_high24_atr,2,,24,move_ge_1atr,9537,48552,0.12412558606330237,0.9971689210443536,0.8730433349810512,1.856852696442961e-282,1.402955370645793e-281,9865,48146,0.1197028766341709,2.504922706294366e-274,1,1.8926082669779654e-273,4,"{""1"": {""effect"": 0.1041608370507916, ""n_state"": 2461, ""ok"": true}, ""2"": {""effect"": 0.1017924644544187, ""n_state"": 2320, ""ok"": true}, ""3"": {""effect"": 0.10655218016069823, ""n_state"": 2409, ""ok"": true}, ""4"": {""effect"": 0.10262117983729646, ""n_state"": 2675, ""ok"": true}}"
range_location,dist_high24_atr,3,,24,move_ge_1atr,9467,48622,0.12089315038897497,0.994612865744164,0.873719715355189,1.773148546450263e-266,8.612435797044133e-266,9508,48503,0.12059777348452982,2.1732491068786428e-270,1,1.477809392677477e-269,4,"{""1"": {""effect"": 0.10427440165575974, ""n_state"": 2265, ""ok"": true}, ""2"": {""effect"": 0.10741672272876335, ""n_state"": 2236, ""ok"": true}, ""3"": {""effect"": 0.10141053809322542, ""n_state"": 2420, ""ok"": true}, ""4"": {""effect"": 0.10747834482413843, ""n_state"": 2587, ""ok"": true}}"
range_location,dist_low24_atr,1,,24,move_ge_1atr,9528,48561,0.12472711488010335,0.9976910159529807,0.8729639010728774,5.756861315773647e-285,5.5923795638944e-284,9184,48827,0.12222613595079945,4.526772141409963e-270,1,2.7983682328716138e-269,4,"{""1"": {""effect"": 0.10624469550803828, ""n_state"": 2155, ""ok"": true}, ""2"": {""effect"": 0.10758655929414973, ""n_state"": 2303, ""ok"": true}, ""3"": {""effect"": 0.10639377413094386, ""n_state"": 2628, ""ok"": true}, ""4"": {""effect"": 0.1085436302827607, ""n_state"": 2098, ""ok"": true}}"
range_location,dist_high24_atr,4,,24,move_ge_1atr,9519,48570,0.12218855420072372,0.9955877718247715,0.8733992176240478,2.2960993285784645e-273,1.30112295286113e-272,9498,48513,0.11968685927311473,3.957593605799338e-266,1,2.2426363766196246e-265,4,"{""1"": {""effect"": 0.1053014930171342, ""n_state"": 2161, ""ok"": true}, ""2"": {""effect"": 0.10675701889446532, ""n_state"": 2478, ""ok"": true}, ""3"": {""effect"": 0.09840369069527233, ""n_state"": 2352, ""ok"": true}, ""4"": {""effect"": 0.10684207166029092, ""n_state"": 2507, ""ok"": true}}"
range_location,dist_low24_atr,3,,24,move_ge_1atr,9514,48575,0.12066486412038879,0.9943241538784948,0.873659289758106,1.5651464060131363e-266,8.186919662222559e-266,9203,48808,0.11995331519907482,1.2416769359229127e-260,1,6.49492551098139e-260,4,"{""1"": {""effect"": 0.10640052664096489, ""n_state"": 2207, ""ok"": true}, ""2"": {""effect"": 0.10498386632054713, ""n_state"": 2206, ""ok"": true}, ""3"": {""effect"": 0.10454673077853593, ""n_state"": 2215, ""ok"": true}, ""4"": {""effect"": 0.10460093577689866, ""n_state"": 2575, ""ok"": true}}"
range_location,dist_high24_atr,1,,12,move_ge_1atr,10665,53300,0.11770642516551755,0.969901547116737,0.8521951219512195,1.3457154382300577e-241,8.343435717026358e-241,11531,52273,0.11741358475065133,7.106029080592907e-257,1,5.507172537459503e-256,4,"{""1"": {""effect"": 0.10556476434479178, ""n_state"": 2803, ""ok"": true}, ""2"": {""effect"": 0.09269264287124013, ""n_state"": 2768, ""ok"": true}, ""3"": {""effect"": 0.09763038297904181, ""n_state"": 2952, ""ok"": true}, ""4"": {""effect"": 0.10676227736847188, ""n_state"": 3008, ""ok"": true}}"
range_location,dist_low24_atr,4,,24,move_ge_1atr,9639,48450,0.12193512102696835,0.9951239755161324,0.8731888544891641,5.6986544536498254e-275,3.5228045713471645e-274,9616,48395,0.11568229948398501,3.239700961821081e-251,1,1.5735690385988107e-250,4,"{""1"": {""effect"": 0.10195281230718833, ""n_state"": 2260, ""ok"": true}, ""2"": {""effect"": 0.10131448856089376, ""n_state"": 2401, ""ok"": true}, ""3"": {""effect"": 0.09757711509239886, ""n_state"": 2361, ""ok"": true}, ""4"": {""effect"": 0.10184768043574699, ""n_state"": 2594, ""ok"": true}}"
range_location,dist_low24_atr,2,,12,move_ge_1atr,10557,53408,0.11846099816607991,0.9707303211139529,0.8522693229478729,1.0435711597172198e-242,7.1890457669408484e-242,10489,53315,0.1197463754202307,5.8543444074033685e-248,1,4.032992813988987e-247,4,"{""1"": {""effect"": 0.10772425572474909, ""n_state"": 2480, ""ok"": true}, ""2"": {""effect"": 0.10056839265635698, ""n_state"": 2679, ""ok"": true}, ""3"": {""effect"": 0.10305809824059853, ""n_state"": 2538, ""ok"": true}, ""4"": {""effect"": 0.10618607227813892, ""n_state"": 2792, ""ok"": true}}"
range_location,dist_high24_atr,4,,12,move_ge_1atr,10549,53416,0.11682744196963946,0.9693809839795241,0.8525535420098846,5.626011126983056e-236,3.17102445339045e-235,10465,53339,0.11938908509604396,4.804113555820727e-246,1,2.9785504046088505e-245,4,"{""1"": {""effect"": 0.11067810146268298, ""n_state"": 2402, ""ok"": true}, ""2"": {""effect"": 0.09542493559396359, ""n_state"": 2724, ""ok"": true}, ""3"": {""effect"": 0.09625475280863593, ""n_state"": 2626, ""ok"": true}, ""4"": {""effect"": 0.114503640623422, ""n_state"": 2713, ""ok"": true}}"
range_location,dist_low24_atr,1,,6,move_ge_1atr,11203,55933,0.13705584163008533,0.8909220744443452,0.7538662328142599,7.300310305223525e-222,6.153118685831257e-221,10695,56236,0.1468108154105514,1.1902843833674624e-238,1,9.352234440744347e-238,4,"{""1"": {""effect"": 0.12450726016829072, ""n_state"": 2565, ""ok"": true}, ""2"": {""effect"": 0.14586763925605983, ""n_state"": 2675, ""ok"": true}, ""3"": {""effect"": 0.10394223402007141, ""n_state"": 3080, ""ok"": true}, ""4"": {""effect"": 0.14498170172938385, ""n_state"": 2375, ""ok"": true}}"
range_location,dist_high24_atr,2,,12,move_ge_1atr,10654,53311,0.12000985732843217,0.9718415618547025,0.8518317045262703,7.419622799970359e-251,5.750207669977028e-250,11007,52797,0.11467672558949349,2.025600170478457e-236,1,1.1417019142696759e-235,4,"{""1"": {""effect"": 0.10092216326346992, ""n_state"": 2705, ""ok"": true}, ""2"": {""effect"": 0.09405733991219567, ""n_state"": 2613, ""ok"": true}, ""3"": {""effect"": 0.10299292514876046, ""n_state"": 2716, ""ok"": true}, ""4"": {""effect"": 0.09862317099892026, ""n_state"": 2973, ""ok"": true}}"
range_location,dist_low24_atr,3,,12,move_ge_1atr,10603,53362,0.11227131796457579,0.9654814675091955,0.8532101495446197,5.6096261659154693e-219,2.8983068523896594e-218,10129,53675,0.11544411419654321,2.9319188327482055e-224,1,1.5148247302532394e-223,4,"{""1"": {""effect"": 0.11041535517059997, ""n_state"": 2457, ""ok"": true}, ""2"": {""effect"": 0.09927461109202274, ""n_state"": 2420, ""ok"": true}, ""3"": {""effect"": 0.09782633966885723, ""n_state"": 2437, ""ok"": true}, ""4"": {""effect"": 0.09752727444925202, ""n_state"": 2815, ""ok"": true}}"
range_location,dist_high24_atr,3,,12,move_ge_1atr,10607,53358,0.10822666631795452,0.9621004996700292,0.8538738333520747,1.0786635958993805e-203,4.7769387818401134e-203,10438,53366,0.11294374349380287,5.763448272319773e-220,1,2.7487214837217378e-219,4,"{""1"": {""effect"": 0.10736412473438117, ""n_state"": 2485, ""ok"": true}, ""2"": {""effect"": 0.0975110266581598, ""n_state"": 2444, ""ok"": true}, ""3"": {""effect"": 0.0902814704702839, ""n_state"": 2670, ""ok"": true}, ""4"": {""effect"": 0.09934194742206381, ""n_state"": 2839, ""ok"": true}}"
range_location,dist_low24_atr,1,,3,move_ge_1atr,11469,57263,0.14361171949516993,0.6995378847327579,0.555926165237588,6.168590966475078e-178,4.846750045087561e-177,10989,57523,0.15583671693401713,1.8976723196341533e-200,1,1.301261019177705e-199,4,"{""1"": {""effect"": 0.14221465321173843, ""n_state"": 2640, ""ok"": true}, ""2"": {""effect"": 0.16245015406018848, ""n_state"": 2740, ""ok"": true}, ""3"": {""effect"": 0.08681775244725443, ""n_state"": 3178, ""ok"": true}, ""4"": {""effect"": 0.16480044986236575, ""n_state"": 2431, ""ok"": true}}"
range_location,dist_low24_atr,4,,12,move_ge_1atr,10639,53326,0.11158524674527837,0.9648463201428705,0.8532610733975922,6.44188314086063e-217,3.072282728718146e-216,10644,53160,0.10354520992549354,4.1623550597204464e-188,1,1.8433286693047692e-187,4,"{""1"": {""effect"": 0.10060798994123676, ""n_state"": 2510, ""ok"": true}, ""2"": {""effect"": 0.07785761348527487, ""n_state"": 2656, ""ok"": true}, ""3"": {""effect"": 0.08285341974881377, ""n_state"": 2631, ""ok"": true}, ""4"": {""effect"": 0.098714993569462, ""n_state"": 2847, ""ok"": true}}"
range_location,dist_low24_atr,2,,6,move_ge_1atr,11130,56006,0.10941708241438253,0.8680143755615454,0.7585972931471628,2.0319975462263637e-141,1.3320872803039496e-140,11034,55897,0.11674127160312853,1.7765957543599824e-155,1,1.2214095811224879e-154,4,"{""1"": {""effect"": 0.11963061713842216, ""n_state"": 2606, ""ok"": true}, ""2"": {""effect"": 0.08880582298666839, ""n_state"": 2798, ""ok"": true}, ""3"": {""effect"": 0.11200150247088103, ""n_state"": 2683, ""ok"": true}, ""4"": {""effect"": 0.08859855148721008, ""n_state"": 2947, ""ok"": true}}"
range_location,dist_high24_atr,4,,6,move_ge_1atr,11167,55969,0.10679148344510703,0.865765201038775,0.7589737175936679,3.6719387562434653e-135,2.1664438661836445e-134,11051,55880,0.11290529779708791,9.79304372877006e-146,1,5.984637834248369e-145,4,"{""1"": {""effect"": 0.12058150419847657, ""n_state"": 2551, ""ok"": true}, ""2"": {""effect"": 0.07924421132766268, ""n_state"": 2882, ""ok"": true}, ""3"": {""effect"": 0.0919075301241693, ""n_state"": 2773, ""ok"": true}, ""4"": {""effect"": 0.10388050613227495, ""n_state"": 2845, ""ok"": true}}"
range_location,dist_high24_atr,1,,6,move_ge_1atr,11164,55972,0.1221063710439444,0.878538158366177,0.7564317873222326,4.7826923324080526e-176,3.5272355951509385e-175,12118,54813,0.1042775161426206,7.03663289926978e-134,1,3.870148094598379e-133,4,"{""1"": {""effect"": 0.08710250236786365, ""n_state"": 2985, ""ok"": true}, ""2"": {""effect"": 0.07997400068252647, ""n_state"": 2901, ""ok"": true}, ""3"": {""effect"": 0.09309142360407208, ""n_state"": 3074, ""ok"": true}, ""4"": {""effect"": 0.09686844767560276, ""n_state"": 3158, ""ok"": true}}"
range_location,dist_low24_atr,3,,6,move_ge_1atr,11168,55968,0.09520764833281725,0.8561067335243553,0.760899085191538,7.652583557365712e-108,3.473095614496746e-107,10610,56321,0.10635628902530414,2.018500817834557e-125,1,1.0092504089172785e-124,4,"{""1"": {""effect"": 0.09954240388783964, ""n_state"": 2568, ""ok"": true}, ""2"": {""effect"": 0.08718705936218807, ""n_state"": 2558, ""ok"": true}, ""3"": {""effect"": 0.1081944403501115, ""n_state"": 2548, ""ok"": true}, ""4"": {""effect"": 0.07981439285639014, ""n_state"": 2936, ""ok"": true}}"
range_location,dist_high24_atr,3,,6,move_ge_1atr,11184,55952,0.09119044097884021,0.8527360515021459,0.7615456105233057,3.3155463937445086e-99,1.1506896307701531e-98,10958,55973,0.09997485718375276,6.204815381809963e-114,1,2.8438737166629e-113,4,"{""1"": {""effect"": 0.09265496686736219, ""n_state"": 2609, ""ok"": true}, ""2"": {""effect"": 0.08782081709326817, ""n_state"": 2575, ""ok"": true}, ""3"": {""effect"": 0.08424495105401042, ""n_state"": 2803, ""ok"": true}, ""4"": {""effect"": 0.08459050896207643, ""n_state"": 2971, ""ok"": true}}"
range_location,dist_low24_atr,1,2.0,3,move_ge_1atr,2550,66182,0.21392925391122875,0.7858823529411765,0.5719530990299477,2.5472674912655223e-102,1.7512464002450465e-101,2234,66278,0.24156031093684416,1.067065013378152e-113,1,6.402390080268912e-113,4,"{""1"": {""effect"": 0.23627643961188527, ""n_state"": 523, ""ok"": true}, ""2"": {""effect"": 0.2733301120329845, ""n_state"": 567, ""ok"": true}, ""3"": {""effect"": 0.20548429691992853, ""n_state"": 670, ""ok"": true}, ""4"": {""effect"": 0.23240177399003759, ""n_state"": 474, ""ok"": true}}"
range_location,dist_high24_atr,5,5.0,24,move_ge_1atr,1434,56655,-0.18101487052404464,0.7168758716875872,0.8978907422116318,1.124821257043096e-106,5.099189698595369e-106,1465,56546,-0.18328706134206596,2.1849492136858492e-113,-1,9.905103102042516e-113,4,"{""1"": {""effect"": -0.19027252078628887, ""n_state"": 378, ""ok"": true}, ""2"": {""effect"": -0.19318975241751246, ""n_state"": 398, ""ok"": true}, ""3"": {""effect"": -0.17471207418978218, ""n_state"": 363, ""ok"": true}, ""4"": {""effect"": -0.15700038978352393, ""n_state"": 326, ""ok"": true}}"
range_location,dist_high24_atr,5,5.0,12,move_ge_1atr,2111,61854,-0.15157414358351262,0.7252486972998579,0.8768228408833705,2.8647978404033162e-93,1.110109163156285e-92,2064,61740,-0.16732970596876617,1.846947536019355e-111,-1,7.634049815546667e-111,4,"{""1"": {""effect"": -0.18760821253043825, ""n_state"": 565, ""ok"": true}, ""2"": {""effect"": -0.16380079478647658, ""n_state"": 528, ""ok"": true}, ""3"": {""effect"": -0.15564808545851194, ""n_state"": 504, ""ok"": true}, ""4"": {""effect"": -0.14137326457274757, ""n_state"": 467, ""ok"": true}}"
range_location,dist_high24_atr,2,,6,move_ge_1atr,11163,55973,0.10629636943481025,0.8653587745229777,0.7590624050881675,6.832801848764578e-134,3.664866446155546e-133,11567,55364,0.09356453547726051,2.3332261060625738e-104,1,9.871341217957043e-104,4,"{""1"": {""effect"": 0.09172919823183368, ""n_state"": 2824, ""ok"": true}, ""2"": {""effect"": 0.07172088373881758, ""n_state"": 2763, ""ok"": true}, ""3"": {""effect"": 0.07756069946722699, ""n_state"": 2878, ""ok"": true}, ""4"": {""effect"": 0.08231455561689305, ""n_state"": 3102, ""ok"": true}}"
range_location,dist_low24_atr,5,5.0,24,move_ge_1atr,1609,56480,-0.1537402592886684,0.7439403356121814,0.8976805949008498,1.9053893847931513e-86,8.097904885370893e-86,1600,56411,-0.16493086454769457,2.9024942039612776e-100,-1,1.233560036683543e-99,4,"{""1"": {""effect"": -0.23402355065084857, ""n_state"": 338, ""ok"": true}, ""2"": {""effect"": -0.16632067071425982, ""n_state"": 445, ""ok"": true}, ""3"": {""effect"": -0.12555854794125898, ""n_state"": 445, ""ok"": true}, ""4"": {""effect"": -0.13279259282889222, ""n_state"": 372, ""ok"": true}}"
range_location,dist_low24_atr,1,2.0,6,move_ge_1atr,2550,64586,0.18153078764717423,0.9513725490196079,0.7698417613724337,2.197574299101073e-103,8.643792243130888e-103,2234,64697,0.19239011952819285,1.1313435517589263e-99,1,4.444563953338639e-99,4,"{""1"": {""effect"": 0.19490870274562055, ""n_state"": 523, ""ok"": true}, ""2"": {""effect"": 0.20870325351168384, ""n_state"": 567, ""ok"": true}, ""3"": {""effect"": 0.17366353364701825, ""n_state"": 670, ""ok"": true}, ""4"": {""effect"": 0.17378560636492912, ""n_state"": 474, ""ok"": true}}"
range_location,dist_high24_atr,5,2.0,6,move_ge_1atr,2749,64387,0.16869378593812812,0.9385230993088396,0.7698293133707115,4.332620893189833e-96,1.420136848323334e-95,2325,64606,0.1838184009674524,1.1621073446563791e-94,1,4.2610602637400567e-94,4,"{""1"": {""effect"": 0.19948678106107653, ""n_state"": 590, ""ok"": true}, ""2"": {""effect"": 0.19034754807781118, ""n_state"": 627, ""ok"": true}, ""3"": {""effect"": 0.1684808828494997, ""n_state"": 588, ""ok"": true}, ""4"": {""effect"": 0.15397672188226463, ""n_state"": 520, ""ok"": true}}"
range_location,dist_high24_atr,5,5.0,6,move_ge_1atr,2473,64663,-0.1834120050291036,0.6000808734330773,0.7834928784621809,1.7210048279537485e-102,6.346205303079448e-102,2408,64523,-0.17974031176809235,1.2219913375017437e-93,-1,4.200595222662244e-93,4,"{""1"": {""effect"": -0.2042397929510653, ""n_state"": 687, ""ok"": true}, ""2"": {""effect"": -0.1819293365189124, ""n_state"": 585, ""ok"": true}, ""3"": {""effect"": -0.16243730343694784, ""n_state"": 596, ""ok"": true}, ""4"": {""effect"": -0.14360608895560922, ""n_state"": 540, ""ok"": true}}"
range_location,dist_high24_atr,5,2.0,3,move_ge_1atr,2749,65983,0.18600714128406826,0.7584576209530739,0.5724504796690056,1.6878057897711483e-83,7.735776536451097e-83,2325,66187,0.21258269377201222,6.776394506223368e-92,1,3.614077069985796e-91,4,"{""1"": {""effect"": 0.2097077455246522, ""n_state"": 590, ""ok"": true}, ""2"": {""effect"": 0.2119800361315617, ""n_state"": 627, ""ok"": true}, ""3"": {""effect"": 0.2072127832347237, ""n_state"": 588, ""ok"": true}, ""4"": {""effect"": 0.19829210676369158, ""n_state"": 520, ""ok"": true}}"
range_location,dist_low24_atr,5,5.0,6,move_ge_1atr,2711,64425,-0.1805605842450173,0.6034673552194763,0.7840279394644936,2.255051741290805e-108,1.1087337728013126e-107,2959,63972,-0.15897727053490596,2.4432477559567285e-89,-1,7.90462509280118e-89,4,"{""1"": {""effect"": -0.22870213268239448, ""n_state"": 690, ""ok"": true}, ""2"": {""effect"": -0.13978375792144926, ""n_state"": 806, ""ok"": true}, ""3"": {""effect"": -0.12695018619461385, ""n_state"": 756, ""ok"": true}, ""4"": {""effect"": -0.1247119629644945, ""n_state"": 707, ""ok"": true}}"
range_location,dist_low24_atr,1,3.0,3,move_ge_1atr,2181,66551,0.2250504556629962,0.797799174690509,0.5727487190275128,1.7528538792207782e-97,9.64069633571428e-97,2197,66315,0.20973720581804112,7.694446960882009e-85,1,3.693334541223364e-84,4,"{""1"": {""effect"": 0.24228172885517918, ""n_state"": 539, ""ok"": true}, ""2"": {""effect"": 0.20414449258651146, ""n_state"": 533, ""ok"": true}, ""3"": {""effect"": 0.18015872296452073, ""n_state"": 624, ""ok"": true}, ""4"": {""effect"": 0.19523224360412994, ""n_state"": 501, ""ok"": true}}"
range_location,dist_low24_atr,5,2.0,12,move_ge_1atr,2653,61312,0.1274339924294945,0.9939690915944214,0.8665350991649269,2.353051908227517e-82,8.10495657278367e-82,2875,60929,0.12240836269157185,1.6739514388547883e-82,1,6.486561825562305e-82,4,"{""1"": {""effect"": 0.11869985322661003, ""n_state"": 792, ""ok"": true}, ""2"": {""effect"": 0.11317482055237538, ""n_state"": 592, ""ok"": true}, ""3"": {""effect"": 0.1241622640236495, ""n_state"": 671, ""ok"": true}, ""4"": {""effect"": 0.11663124665033009, ""n_state"": 820, ""ok"": true}}"
range_location,dist_low24_atr,2,2.0,6,move_ge_1atr,2415,64721,0.16286933534073933,0.9337474120082816,0.7708780766675423,1.971481004754398e-79,5.0572773600221514e-79,2328,64603,0.16832315592038138,8.860705673022575e-80,1,2.706086242159733e-79,4,"{""1"": {""effect"": 0.19864762426270566, ""n_state"": 549, ""ok"": true}, ""2"": {""effect"": 0.14743814434221814, ""n_state"": 631, ""ok"": true}, ""3"": {""effect"": 0.18597423227052856, ""n_state"": 592, ""ok"": true}, ""4"": {""effect"": 0.12474923112357572, ""n_state"": 556, ""ok"": true}}"
range_location,dist_high24_atr,1,2.0,6,move_ge_1atr,2407,64729,0.1781333601125007,0.9484835895305359,0.7703502294180352,2.3873543507956213e-94,7.41336351036535e-94,2610,64321,0.1592942807628953,9.348297927460895e-80,1,2.706086242159733e-79,4,"{""1"": {""effect"": 0.15765453570026633, ""n_state"": 649, ""ok"": true}, ""2"": {""effect"": 0.15062025897131015, ""n_state"": 607, ""ok"": true}, ""3"": {""effect"": 0.17832317049115387, ""n_state"": 654, ""ok"": true}, ""4"": {""effect"": 0.13301777113436308, ""n_state"": 700, ""ok"": true}}"
range_location,dist_low24_atr,5,2.0,24,move_ge_1atr,2653,55436,0.1108883905801924,0.9992461364493027,0.8883577458691103,4.432944678644535e-73,1.6746679897101576e-72,2875,55136,0.11007327336041783,7.56485008210651e-79,1,3.025940032842604e-78,4,"{""1"": {""effect"": 0.10606616683269543, ""n_state"": 792, ""ok"": true}, ""2"": {""effect"": 0.10569672059771151, ""n_state"": 592, ""ok"": true}, ""3"": {""effect"": 0.10584234391349845, ""n_state"": 671, ""ok"": true}, ""4"": {""effect"": 0.10611809550453744, ""n_state"": 820, ""ok"": true}}"
range_location,dist_low24_atr,5,5.0,12,move_ge_1atr,2364,61601,-0.14582230670602148,0.7313874788494078,0.8772097855554293,3.2580030305081494e-96,1.346641252610035e-95,2496,61308,-0.12724991028903232,5.42712825759075e-78,-1,1.9793055998272144e-77,4,"{""1"": {""effect"": -0.20711954873590477, ""n_state"": 535, ""ok"": true}, ""2"": {""effect"": -0.11139996920732842, ""n_state"": 682, ""ok"": true}, ""3"": {""effect"": -0.0916731398333811, ""n_state"": 665, ""ok"": true}, ""4"": {""effect"": -0.09837494387692769, ""n_state"": 614, ""ok"": true}}"
range_location,dist_low24_atr,5,5.0,3,move_ge_1atr,2860,65872,-0.17456646159281575,0.4125874125874126,0.5871538741802284,1.518178020196527e-76,6.423060854677614e-76,3169,65343,-0.16701567334800077,1.1968535899343499e-76,-1,5.222633846986255e-76,4,"{""1"": {""effect"": -0.2202555621605301, ""n_state"": 771, ""ok"": true}, ""2"": {""effect"": -0.14137165644179184, ""n_state"": 857, ""ok"": true}, ""3"": {""effect"": -0.15069051845986892, ""n_state"": 790, ""ok"": true}, ""4"": {""effect"": -0.13405603476981276, ""n_state"": 751, ""ok"": true}}"
range_location,dist_low24_atr,1,3.0,6,move_ge_1atr,2126,65010,0.1766463745428556,0.9477892756349953,0.7711429010921397,1.508452925397716e-82,4.0453964817484197e-82,2139,64792,0.17069557672840208,1.0581181305182714e-75,1,2.9098248589252466e-75,4,"{""1"": {""effect"": 0.1698563466402606, ""n_state"": 523, ""ok"": true}, ""2"": {""effect"": 0.16241650859648404, ""n_state"": 511, ""ok"": true}, ""3"": {""effect"": 0.16523694015712043, ""n_state"": 604, ""ok"": true}, ""4"": {""effect"": 0.16901951027945616, ""n_state"": 501, ""ok"": true}}"
range_location,dist_high24_atr,5,2.0,12,move_ge_1atr,2749,61216,0.12709369604914544,0.9934521644234267,0.8663584683742812,1.083219797447382e-84,3.9505663201022163e-84,2325,61479,0.1290180701619068,5.778875283542582e-75,1,1.990501486553556e-74,4,"{""1"": {""effect"": 0.1250943660302669, ""n_state"": 590, ""ok"": true}, ""2"": {""effect"": 0.12698037631495251, ""n_state"": 627, ""ok"": true}, ""3"": {""effect"": 0.12679527012019698, ""n_state"": 588, ""ok"": true}, ""4"": {""effect"": 0.12255704443461224, ""n_state"": 520, ""ok"": true}}"
range_location,dist_high24_atr,1,2.0,12,move_ge_1atr,2407,61558,0.12412576663743491,0.9912754466140423,0.8671496799766074,1.984939903371825e-71,5.593921545866052e-71,2610,61194,0.12157258299307383,2.1720929778773417e-74,1,7.087882348862904e-74,4,"{""1"": {""effect"": 0.12085256527005306, ""n_state"": 649, ""ok"": true}, ""2"": {""effect"": 0.111917705934522, ""n_state"": 607, ""ok"": true}, ""3"": {""effect"": 0.12092164425751994, ""n_state"": 654, ""ok"": true}, ""4"": {""effect"": 0.11718451173572875, ""n_state"": 700, ""ok"": true}}"
range_location,dist_low24_atr,5,1.0,24,move_ge_1atr,2623,55466,0.07209000856005876,0.9622569576820434,0.8901669491219847,1.4049051359000325e-31,2.1229677609156045e-31,3075,54936,0.10326247482658313,4.567801133645715e-74,1,1.7256137615994925e-73,4,"{""1"": {""effect"": 0.1059458138398156, ""n_state"": 727, ""ok"": true}, ""2"": {""effect"": 0.09963609146579133, ""n_state"": 789, ""ok"": true}, ""3"": {""effect"": 0.10474440291235387, ""n_state"": 780, ""ok"": true}, ""4"": {""effect"": 0.08652452751371531, ""n_state"": 779, ""ok"": true}}"
range_location,dist_high24_atr,4,,3,move_ge_1atr,11461,57271,0.08386282518976718,0.6497687810836751,0.5659059558939079,6.513141946528473e-62,2.1071929827003883e-61,11347,57165,0.09273051973051372,4.429494784229041e-74,1,1.7717979136916164e-73,4,"{""1"": {""effect"": 0.11045248831649734, ""n_state"": 2617, ""ok"": true}, ""2"": {""effect"": 0.0720138335826852, ""n_state"": 2969, ""ok"": true}, ""3"": {""effect"": 0.06556877978254361, ""n_state"": 2853, ""ok"": true}, ""4"": {""effect"": 0.07761008969913008, ""n_state"": 2908, ""ok"": true}}"
range_location,dist_low24_atr,1,2.0,12,move_ge_1atr,2550,61415,0.1298256317914286,0.9964705882352941,0.8666449564438655,2.694547883941147e-82,8.792735200229006e-82,2234,61570,0.13055576921930467,6.794327893207791e-74,1,2.1062416468944154e-73,4,"{""1"": {""effect"": 0.12645191801791655, ""n_state"": 523, ""ok"": true}, ""2"": {""effect"": 0.1284690924616917, ""n_state"": 567, ""ok"": true}, ""3"": {""effect"": 0.1271703067959219, ""n_state"": 670, ""ok"": true}, ""4"": {""effect"": 0.12615494086630807, ""n_state"": 474, ""ok"": true}}"
range_location,dist_high24_atr,4,2.0,12,move_ge_1atr,2380,61585,0.1287690102427267,0.9957983193277311,0.8670293090850044,6.361413252186496e-76,1.9720381081778136e-75,2429,61375,0.12466286277742045,4.801892035099382e-73,1,1.4177014579817225e-72,4,"{""1"": {""effect"": 0.12650252353604963, ""n_state"": 532, ""ok"": true}, ""2"": {""effect"": 0.11176270517776288, ""n_state"": 658, ""ok"": true}, ""3"": {""effect"": 0.12230423975682347, ""n_state"": 640, ""ok"": true}, ""4"": {""effect"": 0.12516359372785824, ""n_state"": 599, ""ok"": true}}"
range_location,dist_low24_atr,4,2.0,24,move_ge_1atr,2384,55705,0.11070162119602966,0.9995805369127517,0.8888789157167221,5.947334447088285e-66,1.497847194081494e-65,2634,55377,0.10959423587409933,4.3462383077636244e-72,1,1.5554958154101392e-71,4,"{""1"": {""effect"": 0.10570040231987043, ""n_state"": 594, ""ok"": true}, ""2"": {""effect"": 0.10588296870093161, ""n_state"": 693, ""ok"": true}, ""3"": {""effect"": 0.10580728394846495, ""n_state"": 652, ""ok"": true}, ""4"": {""effect"": 0.10588666340986808, ""n_state"": 695, ""ok"": true}}"
range_location,dist_high24_atr,4,2.0,6,move_ge_1atr,2380,64756,0.17004779674548176,0.9407563025210084,0.7707085057755266,3.0838857883691627e-85,8.664250548275266e-85,2429,64502,0.15576443744267676,2.2560527360335855e-71,1,5.908709546754629e-71,4,"{""1"": {""effect"": 0.19748199736226668, ""n_state"": 532, ""ok"": true}, ""2"": {""effect"": 0.10960381386433404, ""n_state"": 658, ""ok"": true}, ""3"": {""effect"": 0.1707594168137454, ""n_state"": 640, ""ok"": true}, ""4"": {""effect"": 0.13601582951424507, ""n_state"": 599, ""ok"": true}}"
range_location,dist_high24_atr,1,2.0,24,move_ge_1atr,2407,55682,0.11031811497322919,0.9991690901537184,0.8888509751804892,4.2664103863319657e-66,1.1158304087329757e-65,2610,55401,0.1095467590837711,2.032932051718441e-71,1,6.582827596040665e-71,4,"{""1"": {""effect"": 0.10580175028764682, ""n_state"": 649, ""ok"": true}, ""2"": {""effect"": 0.10572433976726359, ""n_state"": 607, ""ok"": true}, ""3"": {""effect"": 0.10581097337726864, ""n_state"": 654, ""ok"": true}, ""4"": {""effect"": 0.10589590131039417, ""n_state"": 700, ""ok"": true}}"
range_location,dist_high24_atr,2,2.0,24,move_ge_1atr,2452,55637,0.11127487103905676,1.0,0.8887251289609432,2.2008074416392737e-68,7.48274530157353e-68,2610,55401,0.1095467590837711,2.032932051718441e-71,1,6.582827596040665e-71,4,"{""1"": {""effect"": 0.10582757899142081, ""n_state"": 663, ""ok"": true}, ""2"": {""effect"": 0.10574644549763035, ""n_state"": 619, ""ok"": true}, ""3"": {""effect"": 0.10577409066350629, ""n_state"": 634, ""ok"": true}, ""4"": {""effect"": 0.10588481602316935, ""n_state"": 694, ""ok"": true}}"
range_location,dist_low24_atr,5,2.0,6,move_ge_1atr,2653,64483,0.16377190822051768,0.9340369393139841,0.7702650310934664,1.056005401245851e-87,3.11521593367526e-87,2875,64056,0.14353106249423053,3.0826244628667688e-71,1,7.706561157166922e-71,4,"{""1"": {""effect"": 0.14623580869857644, ""n_state"": 792, ""ok"": true}, ""2"": {""effect"": 0.12462075425038388, ""n_state"": 592, ""ok"": true}, ""3"": {""effect"": 0.17375602951476443, ""n_state"": 671, ""ok"": true}, ""4"": {""effect"": 0.11350500322628132, ""n_state"": 820, ""ok"": true}}"
range_location,dist_high24_atr,2,2.0,12,move_ge_1atr,2452,61513,0.1252312439745027,0.9922512234910277,0.867019979516525,6.055040455485782e-74,1.787678610667231e-73,2610,61194,0.11877620035620651,4.313613710811481e-71,1,1.215654773046872e-70,4,"{""1"": {""effect"": 0.1149472189693096, ""n_state"": 663, ""ok"": true}, ""2"": {""effect"": 0.10899879485619512, ""n_state"": 619, ""ok"": true}, ""3"": {""effect"": 0.12541911591024968, ""n_state"": 634, ""ok"": true}, ""4"": {""effect"": 0.11124640796888652, ""n_state"": 694, ""ok"": true}}"
range_location,dist_low24_atr,4,2.0,12,move_ge_1atr,2384,61581,0.12268487109627746,0.9899328859060402,0.8672480148097628,3.3716112157733683e-69,8.361595815117953e-69,2634,61170,0.11736625551182467,4.7195584992530084e-70,1,1.2722288128421153e-69,4,"{""1"": {""effect"": 0.12342600183131747, ""n_state"": 594, ""ok"": true}, ""2"": {""effect"": 0.09371326175052941, ""n_state"": 693, ""ok"": true}, ""3"": {""effect"": 0.12244369801713195, ""n_state"": 652, ""ok"": true}, ""4"": {""effect"": 0.11709210203973919, ""n_state"": 695, ""ok"": true}}"
range_location,dist_low24_atr,2,2.0,12,move_ge_1atr,2415,61550,0.12202030701024102,0.9892339544513458,0.8672136474411047,2.6495980521208267e-69,6.844794967978802e-69,2328,61476,0.12412437541630528,1.3124717037739836e-69,1,3.390551901416124e-69,4,"{""1"": {""effect"": 0.122920627022292, ""n_state"": 549, ""ok"": true}, ""2"": {""effect"": 0.11899554973973692, ""n_state"": 631, ""ok"": true}, ""3"": {""effect"": 0.12510988334407935, ""n_state"": 592, ""ok"": true}, ""4"": {""effect"": 0.11574614581039444, ""n_state"": 556, ""ok"": true}}"
range_location,dist_low24_atr,1,1.0,24,move_ge_1atr,2296,55793,0.10824296018052293,0.9973867595818815,0.8891437994013586,5.757043166548547e-61,1.1862998040160642e-60,2490,55521,0.10889037318561534,1.4363614566047755e-67,1,4.439662684051124e-67,4,"{""1"": {""effect"": 0.10390402597750037, ""n_state"": 574, ""ok"": true}, ""2"": {""effect"": 0.10584049807293205, ""n_state"": 670, ""ok"": true}, ""3"": {""effect"": 0.10594396438858344, ""n_state"": 726, ""ok"": true}, ""4"": {""effect"": 0.10556434920248392, ""n_state"": 520, ""ok"": true}}"
range_location,dist_low24_atr,2,,3,move_ge_1atr,11435,57297,0.06660943757035676,0.6354175776125929,0.5688081400422361,1.205023342462744e-39,2.36701013698039e-39,11292,57220,0.08833877312033289,3.802808260613385e-67,1,1.4041138193034038e-66,4,"{""1"": {""effect"": 0.09830205136893899, ""n_state"": 2662, ""ok"": true}, ""2"": {""effect"": 0.07768930530163032, ""n_state"": 2881, ""ok"": true}, ""3"": {""effect"": 0.08112322469444433, ""n_state"": 2743, ""ok"": true}, ""4"": {""effect"": 0.053434486018345884, ""n_state"": 3006, ""ok"": true}}"
range_location,dist_low24_atr,2,3.0,12,move_ge_1atr,2089,61876,0.1260737785272672,0.9937769267592149,0.8677031482319477,1.8112014857736813e-64,4.0105175756417224e-64,2245,61559,0.12366073491123786,8.57957624408425e-67,1,2.1277349085328944e-66,4,"{""1"": {""effect"": 0.12037695588106556, ""n_state"": 506, ""ok"": true}, ""2"": {""effect"": 0.1267505434370627, ""n_state"": 579, ""ok"": true}, ""3"": {""effect"": 0.12211387793104378, ""n_state"": 488, ""ok"": true}, ""4"": {""effect"": 0.11364340927399286, ""n_state"": 672, ""ok"": true}}"
range_location,dist_high24_atr,4,2.0,3,move_ge_1atr,2380,66352,0.1866574601868719,0.7600840336134453,0.5734265734265734,1.9495551513367142e-73,7.658966665965663e-73,2429,66083,0.17693915582925213,6.290661521582981e-67,1,2.1567982359713076e-66,4,"{""1"": {""effect"": 0.23401486947731198, ""n_state"": 532, ""ok"": true}, ""2"": {""effect"": 0.14290471504928826, ""n_state"": 658, ""ok"": true}, ""3"": {""effect"": 0.17716805162659122, ""n_state"": 640, ""ok"": true}, ""4"": {""effect"": 0.1441012852371002, ""n_state"": 599, ""ok"": true}}"
range_location,dist_high24_atr,2,3.0,12,move_ge_1atr,2215,61750,0.12576240392612026,0.9932279909706546,0.8674655870445344,8.768168233771285e-68,2.090870886514691e-67,2357,61447,0.12075739889156978,9.459963841695618e-67,1,2.2558375314812628e-66,4,"{""1"": {""effect"": 0.12010778188312965, ""n_state"": 599, ""ok"": true}, ""2"": {""effect"": 0.11183281549087687, ""n_state"": 547, ""ok"": true}, ""3"": {""effect"": 0.12117426917977125, ""n_state"": 555, ""ok"": true}, ""4"": {""effect"": 0.11632834672553982, ""n_state"": 656, ""ok"": true}}"
range_location,dist_low24_atr,1,1.0,12,move_ge_1atr,2305,61660,0.10911808722242122,0.9770065075921909,0.8678884203697697,2.016332025292279e-53,3.57178815908918e-53,2490,61314,0.11745331457938613,1.4279440253935366e-66,1,3.2789825768296025e-66,4,"{""1"": {""effect"": 0.11617748598804978, ""n_state"": 574, ""ok"": true}, ""2"": {""effect"": 0.11057816376349949, ""n_state"": 670, ""ok"": true}, ""3"": {""effect"": 0.10928722906101562, ""n_state"": 726, ""ok"": true}, ""4"": {""effect"": 0.12255704443461224, ""n_state"": 520, ""ok"": true}}"
range_location,dist_high24_atr,4,2.0,24,move_ge_1atr,2380,55709,0.11113105602326379,1.0,0.8888689439767362,2.3974881513340937e-66,6.521167771628734e-66,2429,55582,0.10919002554783919,2.2036257638514655e-66,1,6.515067475734768e-66,4,"{""1"": {""effect"": 0.10558638807216547, ""n_state"": 532, ""ok"": true}, ""2"": {""effect"": 0.10581835300681741, ""n_state"": 658, ""ok"": true}, ""3"": {""effect"": 0.10578515277753564, ""n_state"": 640, ""ok"": true}, ""4"": {""effect"": 0.10570960774750926, ""n_state"": 599, ""ok"": true}}"
range_location,dist_high24_atr,4,3.0,6,move_ge_1atr,2169,64967,0.15448763174250624,0.9262332872291379,0.7717456554866317,8.79232956386001e-65,1.6210857633366893e-64,2314,64617,0.1530815662192715,6.201196431509316e-66,1,1.4828947988391844e-65,4,"{""1"": {""effect"": 0.16044450572794478, ""n_state"": 511, ""ok"": true}, ""2"": {""effect"": 0.12043978618232332, ""n_state"": 588, ""ok"": true}, ""3"": {""effect"": 0.16815610657059377, ""n_state"": 555, ""ok"": true}, ""4"": {""effect"": 0.14977013575571008, ""n_state"": 660, ""ok"": true}}"
range_location,dist_high24_atr,3,2.0,12,move_ge_1atr,2444,61521,0.11923270861085555,0.9864975450081833,0.8672648363973278,5.335831690861809e-67,1.2252650549386376e-66,2410,61394,0.11852640255572577,1.0025051969035348e-65,1,2.2198329360006844e-65,4,"{""1"": {""effect"": 0.12680510056504324, ""n_state"": 590, ""ok"": true}, ""2"": {""effect"": 0.09968341278665316, ""n_state"": 561, ""ok"": true}, ""3"": {""effect"": 0.1208941208745945, ""n_state"": 652, ""ok"": true}, ""4"": {""effect"": 0.111917705934522, ""n_state"": 607, ""ok"": true}}"
range_location,dist_high24_atr,3,2.0,6,move_ge_1atr,2444,64692,0.1539918524165319,0.9251227495908347,0.7711308971743028,5.22415025732002e-72,1.1854802506995429e-71,2410,64521,0.14945623866808844,2.250241143114248e-65,1,5.156802619636819e-65,4,"{""1"": {""effect"": 0.16699699217116293, ""n_state"": 590, ""ok"": true}, ""2"": {""effect"": 0.09876458260650267, ""n_state"": 561, ""ok"": true}, ""3"": {""effect"": 0.1858914264361372, ""n_state"": 652, ""ok"": true}, ""4"": {""effect"": 0.12401987567000472, ""n_state"": 607, ""ok"": true}}"
range_location,dist_high24_atr,3,2.0,24,move_ge_1atr,2444,55645,0.11040460047539502,0.9991816693944353,0.8887770689190403,3.8328263601269124e-67,1.1331834456027393e-66,2410,55601,0.10871979003332954,2.3802303638513344e-65,1,6.743986030912114e-65,4,"{""1"": {""effect"": 0.10569303913202488, ""n_state"": 590, ""ok"": true}, ""2"": {""effect"": 0.10563968668407309, ""n_state"": 561, ""ok"": true}, ""3"": {""effect"": 0.10580728394846495, ""n_state"": 652, ""ok"": true}, ""4"": {""effect"": 0.10405947292045048, ""n_state"": 607, ""ok"": true}}"
range_location,dist_low24_atr,3,2.0,6,move_ge_1atr,2430,64706,0.1539379191401845,0.9251028806584363,0.7711649615182518,1.4242652336516956e-71,3.112283288350001e-71,2313,64618,0.15169820998773498,9.37173443155325e-65,1,2.061781574941715e-64,4,"{""1"": {""effect"": 0.17480091229065942, ""n_state"": 566, ""ok"": true}, ""2"": {""effect"": 0.11035666446016545, ""n_state"": 589, ""ok"": true}, ""3"": {""effect"": 0.18002142867262283, ""n_state"": 583, ""ok"": true}, ""4"": {""effect"": 0.1266274928121568, ""n_state"": 575, ""ok"": true}}"
range_location,dist_high24_atr,1,1.0,24,move_ge_1atr,2224,55865,0.10895056620952237,0.9982014388489209,0.8892508726393985,6.144153222795953e-60,1.2288306445591906e-59,2600,55411,0.10429237876955844,1.1268695731576514e-64,1,3.065085238988812e-64,4,"{""1"": {""effect"": 0.10578515277753564, ""n_state"": 640, ""ok"": true}, ""2"": {""effect"": 0.09755191573230149, ""n_state"": 617, ""ok"": true}, ""3"": {""effect"": 0.1058238884045336, ""n_state"": 661, ""ok"": true}, ""4"": {""effect"": 0.09399290170042351, ""n_state"": 682, ""ok"": true}}"
range_location,dist_low24_atr,2,2.0,24,move_ge_1atr,2415,55674,0.11120091963932899,1.0,0.888799080360671,2.4552492449927788e-67,7.950330888548045e-67,2328,55683,0.10899197241527936,1.3773821817389296e-63,1,3.602384167624893e-63,4,"{""1"": {""effect"": 0.10561762556124044, ""n_state"": 549, ""ok"": true}, ""2"": {""effect"": 0.10576856047403271, ""n_state"": 631, ""ok"": true}, ""3"": {""effect"": 0.10569672059771151, ""n_state"": 592, ""ok"": true}, ""4"": {""effect"": 0.10563049342964059, ""n_state"": 556, ""ok"": true}}"
range_location,dist_high24_atr,5,2.0,24,move_ge_1atr,2749,55340,0.11187206360679436,1.0,0.8881279363932056,7.677686105076492e-77,3.071074442030597e-76,2325,55686,0.10898610063570735,1.667066415971433e-63,1,4.19853764022435e-63,4,"{""1"": {""effect"": 0.10569303913202488, ""n_state"": 590, ""ok"": true}, ""2"": {""effect"": 0.10576118778753663, ""n_state"": 627, ""ok"": true}, ""3"": {""effect"": 0.10568935792278356, ""n_state"": 588, ""ok"": true}, ""4"": {""effect"": 0.10556434920248392, ""n_state"": 520, ""ok"": true}}"
range_location,dist_low24_atr,3,2.0,12,move_ge_1atr,2430,61535,0.12211913257569296,0.9893004115226337,0.8671812789469407,8.144154260770223e-70,2.1953807137728428e-69,2313,61491,0.11865885026861989,2.1787821342537906e-63,1,4.6580859421977595e-63,4,"{""1"": {""effect"": 0.12311926775699678, ""n_state"": 566, ""ok"": true}, ""2"": {""effect"": 0.10966407120873378, ""n_state"": 589, ""ok"": true}, ""3"": {""effect"": 0.11638402171282791, ""n_state"": 583, ""ok"": true}, ""4"": {""effect"": 0.11269083325139051, ""n_state"": 575, ""ok"": true}}"
range_location,dist_high24_atr,3,3.0,12,move_ge_1atr,2113,61852,0.12228036888447114,0.9900615238996687,0.8677811550151976,2.0731090254756462e-61,4.1462180509512924e-61,2321,61483,0.11827356949612833,3.417859936306996e-63,1,7.063577201701124e-63,4,"{""1"": {""effect"": 0.11932001561104344, ""n_state"": 553, ""ok"": true}, ""2"": {""effect"": 0.11727578485029266, ""n_state"": 543, ""ok"": true}, ""3"": {""effect"": 0.11133849131616502, ""n_state"": 532, ""ok"": true}, ""4"": {""effect"": 0.112678266787693, ""n_state"": 693, ""ok"": true}}"
range_location,dist_high24_atr,4,1.0,24,move_ge_1atr,2557,55532,0.10739436039457184,0.9960891669925694,0.8886948065979976,2.3457484153262254e-66,6.521167771628734e-66,2495,55516,0.10513169143965573,3.154718601019981e-63,1,7.661459459619954e-63,4,"{""1"": {""effect"": 0.09778621163485712, ""n_state"": 633, ""ok"": true}, ""2"": {""effect"": 0.10109091439788098, ""n_state"": 645, ""ok"": true}, ""3"": {""effect"": 0.10408214053056197, ""n_state"": 612, ""ok"": true}, ""4"": {""effect"": 0.10405034403349445, ""n_state"": 605, ""ok"": true}}"
range_location,dist_low24_atr,3,3.0,12,move_ge_1atr,2206,61759,0.11773394247052527,0.985494106980961,0.8677601645104357,2.092131930104389e-59,3.930672111105216e-59,2212,61592,0.12066067620627552,8.377443307466467e-63,1,1.6754886614932934e-62,4,"{""1"": {""effect"": 0.12259622117658286, ""n_state"": 523, ""ok"": true}, ""2"": {""effect"": 0.12227168182031867, ""n_state"": 499, ""ok"": true}, ""3"": {""effect"": 0.11468906997321948, ""n_state"": 516, ""ok"": true}, ""4"": {""effect"": 0.11219211828448772, ""n_state"": 674, ""ok"": true}}"
range_location,dist_low24_atr,3,2.0,24,move_ge_1atr,2430,55659,0.11080139890634744,0.9995884773662551,0.8887870784599077,2.9758005255005405e-67,9.197928897001671e-67,2313,55698,0.10851232692295243,1.1465261203660499e-62,1,2.6884060753410827e-62,4,"{""1"": {""effect"": 0.10564888153886332, ""n_state"": 566, ""ok"": true}, ""2"": {""effect"": 0.10569119849535025, ""n_state"": 589, ""ok"": true}, ""3"": {""effect"": 0.10568015602145298, ""n_state"": 583, ""ok"": true}, ""4"": {""effect"": 0.10390889519374313, ""n_state"": 575, ""ok"": true}}"
range_location,dist_low24_atr,2,2.0,3,move_ge_1atr,2415,66317,0.14830217409567836,0.7229813664596273,0.5746791923639489,1.144623265973872e-47,2.86155816493468e-47,2328,66184,0.17465543317121113,1.0281704309771782e-62,1,3.29014537912697e-62,4,"{""1"": {""effect"": 0.1981189432683652, ""n_state"": 549, ""ok"": true}, ""2"": {""effect"": 0.16063703912162308, ""n_state"": 631, ""ok"": true}, ""3"": {""effect"": 0.20537038805590047, ""n_state"": 592, ""ok"": true}, ""4"": {""effect"": 0.11592096621131487, ""n_state"": 556, ""ok"": true}}"
range_location,dist_low24_atr,4,,6,move_ge_1atr,11145,55991,0.09502764972826705,0.8559892328398385,0.7609615831115715,2.8695351322768106e-107,1.2093040914595129e-106,11160,55771,0.07301201103411303,1.5695307802165639e-62,1,3.320161265842731e-62,4,"{""1"": {""effect"": 0.07472556128549979, ""n_state"": 2640, ""ok"": true}, ""2"": {""effect"": 0.04679866768244456, ""n_state"": 2800, ""ok"": true}, ""3"": {""effect"": 0.05329573354138473, ""n_state"": 2775, ""ok"": true}, ""4"": {""effect"": 0.078901358780892, ""n_state"": 2945, ""ok"": true}}"
range_location,dist_low24_atr,2,1.0,24,move_ge_1atr,2403,55686,0.10857233059472982,0.9975031210986267,0.8889307905038969,5.579592335279498e-64,1.2239105767709866e-63,2397,55614,0.10651618277296937,1.7370715296649257e-62,1,3.937362133907165e-62,4,"{""1"": {""effect"": 0.0949024614362397, ""n_state"": 564, ""ok"": true}, ""2"": {""effect"": 0.10577224720276068, ""n_state"": 633, ""ok"": true}, ""3"": {""effect"": 0.1056543992200829, ""n_state"": 569, ""ok"": true}, ""4"": {""effect"": 0.10576856047403271, ""n_state"": 631, ""ok"": true}}"
range_location,dist_high24_atr,5,1.0,24,move_ge_1atr,2778,55311,0.07185733542900341,0.9618430525557955,0.8899857171267921,4.711512416602347e-33,7.450763821603712e-33,2670,55341,0.10102829261439139,2.585953098716302e-62,1,5.672413248797049e-62,4,"{""1"": {""effect"": 0.09994452487453986, ""n_state"": 536, ""ok"": true}, ""2"": {""effect"": 0.10604763319296162, ""n_state"": 782, ""ok"": true}, ""3"": {""effect"": 0.0981641666237616, ""n_state"": 773, ""ok"": true}, ""4"": {""effect"": 0.08299393669070765, ""n_state"": 579, ""ok"": true}}"
range_location,dist_low24_atr,1,2.0,24,move_ge_1atr,2550,55539,0.11147121842309005,1.0,0.88852878157691,3.644150024803639e-71,1.3042221141402498e-70,2234,55777,0.10880829015544047,5.4011894823158465e-61,1,1.1477527649921174e-60,4,"{""1"": {""effect"": 0.10556985805733365, ""n_state"": 523, ""ok"": true}, ""2"": {""effect"": 0.10565072070190096, ""n_state"": 567, ""ok"": true}, ""3"": {""effect"": 0.10584049807293205, ""n_state"": 670, ""ok"": true}, ""4"": {""effect"": 0.10547995203086713, ""n_state"": 474, ""ok"": true}}"
range_location,dist_high24_atr,3,1.0,24,move_ge_1atr,2423,55666,0.10906352179296364,0.9979364424267437,0.8888729206337801,4.829536432641563e-65,1.1324430255849182e-64,2297,55714,0.10711813078451582,1.0135079745229777e-60,1,2.0884406747746208e-60,4,"{""1"": {""effect"": 0.10229856606365306, ""n_state"": 594, ""ok"": true}, ""2"": {""effect"": 0.10351607687077591, ""n_state"": 501, ""ok"": true}, ""3"": {""effect"": 0.1039712630258729, ""n_state"": 588, ""ok"": true}, ""4"": {""effect"": 0.10573723365332688, ""n_state"": 614, ""ok"": true}}"
range_location,dist_high24_atr,4,3.0,12,move_ge_1atr,2000,61965,0.12147772936335033,0.9895,0.8680222706366497,1.379142287285887e-57,2.5149065238742642e-57,2160,61644,0.11980935334789722,1.3935811337666586e-60,1,2.700063446672901e-60,4,"{""1"": {""effect"": 0.11549868049550593, ""n_state"": 473, ""ok"": true}, ""2"": {""effect"": 0.11347299499803287, ""n_state"": 540, ""ok"": true}, ""3"": {""effect"": 0.11842782915216998, ""n_state"": 508, ""ok"": true}, ""4"": {""effect"": 0.11913087007758572, ""n_state"": 639, ""ok"": true}}"
range_location,dist_low24_atr,2,3.0,6,move_ge_1atr,2236,64900,0.15323254987031099,0.924865831842576,0.771633281972265,1.3052809732784945e-65,2.484244433013909e-65,2383,64548,0.14314353719753425,1.7199756742196764e-59,1,3.5036541511882296e-59,4,"{""1"": {""effect"": 0.14440030598620468, ""n_state"": 543, ""ok"": true}, ""2"": {""effect"": 0.14938148562592124, ""n_state"": 610, ""ok"": true}, ""3"": {""effect"": 0.1464892164578976, ""n_state"": 533, ""ok"": true}, ""4"": {""effect"": 0.12097825504453597, ""n_state"": 697, ""ok"": true}}"
range_location,dist_low24_atr,3,3.0,6,move_ge_1atr,2359,64777,0.14000988803384362,0.9118270453582026,0.771817157324359,6.693637001150673e-58,1.1967411608117868e-57,2331,64600,0.14397677420897237,6.156359862615937e-59,1,1.2092849730138448e-58,4,"{""1"": {""effect"": 0.14486085837833473, ""n_state"": 557, ""ok"": true}, ""2"": {""effect"": 0.1637768405145451, ""n_state"": 535, ""ok"": true}, ""3"": {""effect"": 0.13566370111523385, ""n_state"": 546, ""ok"": true}, ""4"": {""effect"": 0.12177635529789876, ""n_state"": 693, ""ok"": true}}"
range_location,dist_high24_atr,1,3.0,6,move_ge_1atr,2400,64736,0.15332777228538474,0.9245833333333333,0.7712555610479486,3.3673324980180585e-70,6.850779909760878e-70,2284,64647,0.1446176767554861,2.5150642632210588e-58,1,4.769949464729594e-58,4,"{""1"": {""effect"": 0.13777176002684988, ""n_state"": 672, ""ok"": true}, ""2"": {""effect"": 0.12934237598323794, ""n_state"": 494, ""ok"": true}, ""3"": {""effect"": 0.12151219038628269, ""n_state"": 549, ""ok"": true}, ""4"": {""effect"": 0.17334631391999222, ""n_state"": 569, ""ok"": true}}"
range_location,dist_low24_atr,1,3.0,12,move_ge_1atr,1984,61981,0.12604047884601466,0.9939516129032258,0.8679111340572111,2.171210423812243e-61,4.206720196136221e-61,2019,61785,0.11921270869204326,2.520473668153783e-56,1,4.73543537653135e-56,4,"{""1"": {""effect"": 0.10964408927073577, ""n_state"": 486, ""ok"": true}, ""2"": {""effect"": 0.1198179625564223, ""n_state"": 476, ""ok"": true}, ""3"": {""effect"": 0.11770889801209572, ""n_state"": 563, ""ok"": true}, ""4"": {""effect"": 0.11812052639892257, ""n_state"": 494, ""ok"": true}}"
range_location,dist_high24_atr,2,1.0,24,move_ge_1atr,2310,55779,0.10963910683697708,0.9987012987012988,0.8890621918643217,7.417191410625915e-63,1.576153174758007e-62,2320,55691,0.10224145515990635,5.396044578117052e-56,1,1.0792089156234104e-55,4,"{""1"": {""effect"": 0.09923920829850508, ""n_state"": 621, ""ok"": true}, ""2"": {""effect"": 0.0998324160360371, ""n_state"": 527, ""ok"": true}, ""3"": {""effect"": 0.10559006211180122, ""n_state"": 534, ""ok"": true}, ""4"": {""effect"": 0.09310284178433748, ""n_state"": 638, ""ok"": true}}"
range_location,dist_low24_atr,3,1.0,24,move_ge_1atr,2480,55609,0.10838244012485798,0.9971774193548387,0.8887949792299807,1.1693846670308446e-65,2.8399341913606226e-65,2160,55851,0.10529804997025816,1.7938725813273672e-55,1,3.485238158007456e-55,4,"{""1"": {""effect"": 0.0986531876614144, ""n_state"": 576, ""ok"": true}, ""2"": {""effect"": 0.10340867768630724, ""n_state"": 483, ""ok"": true}, ""3"": {""effect"": 0.1055716944700541, ""n_state"": 524, ""ok"": true}, ""4"": {""effect"": 0.10216808876969419, ""n_state"": 577, ""ok"": true}}"
range_location,dist_low24_atr,4,3.0,12,move_ge_1atr,2175,61790,0.12317229473950508,0.9908045977011494,0.8676323029616443,5.407717999374342e-64,1.1175950532040307e-63,2194,61610,0.11298092494366829,7.223002643868492e-55,1,1.3171357762348428e-54,4,"{""1"": {""effect"": 0.11470391285320347, ""n_state"": 585, ""ok"": true}, ""2"": {""effect"": 0.09640732284416609, ""n_state"": 505, ""ok"": true}, ""3"": {""effect"": 0.10708864300064147, ""n_state"": 521, ""ok"": true}, ""4"": {""effect"": 0.1198461885032176, ""n_state"": 583, ""ok"": true}}"
range_location,dist_high24_atr,2,3.0,24,move_ge_1atr,1818,56271,0.11002114766042903,1.0,0.889978852339571,1.2891722568778422e-50,2.3692895531808993e-50,2010,56001,0.10837306476670061,7.571996389421156e-55,1,1.4302659846684402e-54,4,"{""1"": {""effect"": 0.1055625130452933, ""n_state"": 519, ""ok"": true}, ""2"": {""effect"": 0.10542681443907864, ""n_state"": 445, ""ok"": true}, ""3"": {""effect"": 0.10546345532269841, ""n_state"": 465, ""ok"": true}, ""4"": {""effect"": 0.10567647570955951, ""n_state"": 581, ""ok"": true}}"
range_location,dist_high24_atr,1,3.0,12,move_ge_1atr,2270,61695,0.12102052408590935,0.9885462555066079,0.8675257314206986,2.297110497406121e-64,4.911063822040672e-64,2147,61657,0.11392775207046202,1.2055564701591781e-54,1,2.135557175710544e-54,4,"{""1"": {""effect"": 0.11434025064107678, ""n_state"": 637, ""ok"": true}, ""2"": {""effect"": 0.10872154110819554, ""n_state"": 464, ""ok"": true}, ""3"": {""effect"": 0.0969803012874465, ""n_state"": 514, ""ok"": true}, ""4"": {""effect"": 0.1227115154810785, ""n_state"": 532, ""ok"": true}}"
range_location,dist_high24_atr,3,3.0,24,move_ge_1atr,1761,56328,0.1099098139468826,1.0,0.8900901860531174,4.889453602851468e-49,8.52520115368974e-49,1994,56017,0.10834211043076214,2.0724449165250357e-54,1,3.80881768442439e-54,4,"{""1"": {""effect"": 0.10549645390070927, ""n_state"": 483, ""ok"": true}, ""2"": {""effect"": 0.10544513169782477, ""n_state"": 455, ""ok"": true}, ""3"": {""effect"": 0.10537190082644632, ""n_state"": 415, ""ok"": true}, ""4"": {""effect"": 0.10578699668816449, ""n_state"": 641, ""ok"": true}}"
range_location,dist_high24_atr,2,3.0,6,move_ge_1atr,2348,64788,0.15985921951811588,0.9310051107325383,0.7711458912144225,1.3568238054326994e-74,3.3355251883553862e-74,2497,64434,0.13161070001262587,8.191570950732908e-53,1,1.5017880076343664e-52,4,"{""1"": {""effect"": 0.16006950583513413, ""n_state"": 643, ""ok"": true}, ""2"": {""effect"": 0.11892099584398774, ""n_state"": 589, ""ok"": true}, ""3"": {""effect"": 0.11609943785869714, ""n_state"": 592, ""ok"": true}, ""4"": {""effect"": 0.11540214023105766, ""n_state"": 673, ""ok"": true}}"
range_location,dist_low24_atr,3,,3,move_ge_1atr,11454,57278,0.06295713614427778,0.6323555089924917,0.5693983728482139,1.204916773147565e-35,1.9491300742092961e-35,10848,57664,0.07860760454624327,6.734561424418359e-52,1,2.0203684273255078e-51,4,"{""1"": {""effect"": 0.08071620955973358, ""n_state"": 2623, ""ok"": true}, ""2"": {""effect"": 0.057628803138418117, ""n_state"": 2625, ""ok"": true}, ""3"": {""effect"": 0.0931645443114999, ""n_state"": 2604, ""ok"": true}, ""4"": {""effect"": 0.04720558277797349, ""n_state"": 2996, ""ok"": true}}"
range_location,dist_high24_atr,5,5.0,3,move_ge_1atr,2651,66081,-0.17000031242020563,0.4164466239155036,0.5864469363357092,1.0105342644304415e-67,3.473711533979643e-67,2608,65904,-0.1498319921000541,8.229105988409325e-52,-1,2.32351227908028e-51,4,"{""1"": {""effect"": -0.18365279688835145, ""n_state"": 748, ""ok"": true}, ""2"": {""effect"": -0.14332990819196817, ""n_state"": 617, ""ok"": true}, ""3"": {""effect"": -0.1297469408895019, ""n_state"": 655, ""ok"": true}, ""4"": {""effect"": -0.11699830983568271, ""n_state"": 588, ""ok"": true}}"
range_location,dist_low24_atr,4,3.0,24,move_ge_1atr,1820,56269,0.1100250582025627,1.0,0.8899749417974373,1.1346326299766466e-50,2.1431949677336656e-50,1893,56118,0.10760103695919443,3.746921093849366e-51,1,6.70501669425676e-51,4,"{""1"": {""effect"": 0.10359041571378891, ""n_state"": 514, ""ok"": true}, ""2"": {""effect"": 0.10539385940539037, ""n_state"": 427, ""ok"": true}, ""3"": {""effect"": 0.10539385940539037, ""n_state"": 427, ""ok"": true}, ""4"": {""effect"": 0.10557353094666533, ""n_state"": 525, ""ok"": true}}"
range_location,dist_low24_atr,2,3.0,24,move_ge_1atr,1745,56344,0.10987860286809603,1.0,0.890121397131904,1.3550085267586658e-48,2.3035144954897322e-48,1847,56164,0.1080585428388291,2.1037068992126352e-50,1,3.6680017729861333e-50,4,"{""1"": {""effect"": 0.10536458333333332, ""n_state"": 411, ""ok"": true}, ""2"": {""effect"": 0.10543230894845645, ""n_state"": 448, ""ok"": true}, ""3"": {""effect"": 0.10530607995558028, ""n_state"": 379, ""ok"": true}, ""4"": {""effect"": 0.10572802341381837, ""n_state"": 609, ""ok"": true}}"
range_location,dist_low24_atr,3,3.0,24,move_ge_1atr,1808,56281,0.10943073378793167,0.9994469026548672,0.8900161688669356,7.76587234630024e-50,1.3896824198642536e-49,1859,56152,0.10752590314110144,3.152724834219705e-50,1,5.359632218173499e-50,4,"{""1"": {""effect"": 0.10540667280337634, ""n_state"": 434, ""ok"": true}, ""2"": {""effect"": 0.10536641261133006, ""n_state"": 412, ""ok"": true}, ""3"": {""effect"": 0.10292957273284387, ""n_state"": 413, ""ok"": true}, ""4"": {""effect"": 0.10571144902544805, ""n_state"": 600, ""ok"": true}}"
range_location,dist_high24_atr,1,2.0,3,move_ge_1atr,2407,66325,0.20028562251919146,0.7731616119651018,0.5728759894459103,3.6268289579321827e-85,1.8134144789660915e-84,2610,65902,0.1473687564177204,3.243054506558942e-50,1,8.648145350823845e-50,4,"{""1"": {""effect"": 0.1559118687570651, ""n_state"": 649, ""ok"": true}, ""2"": {""effect"": 0.1313592118653022, ""n_state"": 607, ""ok"": true}, ""3"": {""effect"": 0.18586429315471964, ""n_state"": 654, ""ok"": true}, ""4"": {""effect"": 0.10150550682138015, ""n_state"": 700, ""ok"": true}}"
range_location,dist_high24_atr,1,3.0,24,move_ge_1atr,1912,56177,0.10966443070739573,0.9994769874476988,0.889812556740303,1.0079656075512751e-52,1.9583331803853344e-52,1822,56189,0.10744382018356224,3.192505402606634e-49,1,5.294887009201247e-49,4,"{""1"": {""effect"": 0.10379414206122017, ""n_state"": 552, ""ok"": true}, ""2"": {""effect"": 0.10531887201735357, ""n_state"": 386, ""ok"": true}, ""3"": {""effect"": 0.10539202917426416, ""n_state"": 426, ""ok"": true}, ""4"": {""effect"": 0.10545062811669248, ""n_state"": 458, ""ok"": true}}"
range_location,dist_high24_atr,3,3.0,6,move_ge_1atr,2277,64859,0.13790986742546552,0.9099692577953448,0.7720593903698793,2.0937639844540665e-54,3.6332963259644094e-54,2462,64469,0.12746053843673177,5.319660895106659e-49,1,9.438108039705364e-49,4,"{""1"": {""effect"": 0.1360496586116322, ""n_state"": 589, ""ok"": true}, ""2"": {""effect"": 0.1446403859571046, ""n_state"": 578, ""ok"": true}, ""3"": {""effect"": 0.09529391048987346, ""n_state"": 576, ""ok"": true}, ""4"": {""effect"": 0.12026203688291837, ""n_state"": 719, ""ok"": true}}"
range_location,dist_high24_atr,2,2.0,6,move_ge_1atr,2452,64684,0.1487616847390496,0.9200652528548124,0.7713035681157628,1.5709666345952263e-67,3.089567714703945e-67,2610,64321,0.12301360138067086,2.6694878142778263e-48,1,4.588182180790014e-48,4,"{""1"": {""effect"": 0.13035374617133544, ""n_state"": 663, ""ok"": true}, ""2"": {""effect"": 0.10334162721445461, ""n_state"": 619, ""ok"": true}, ""3"": {""effect"": 0.14785363388887274, ""n_state"": 634, ""ok"": true}, ""4"": {""effect"": 0.09718764236657995, ""n_state"": 694, ""ok"": true}}"
range_location,dist_high24_atr,4,3.0,24,move_ge_1atr,1664,56425,0.10910218423025797,0.9993990384615384,0.8902968542312805,7.428886055010198e-46,1.2027720279540318e-45,1787,56224,0.10736584400267668,2.845101706995578e-48,1,4.606355144659507e-48,4,"{""1"": {""effect"": 0.10534080849808203, ""n_state"": 398, ""ok"": true}, ""2"": {""effect"": 0.10540484212720136, ""n_state"": 433, ""ok"": true}, ""3"": {""effect"": 0.10258776959372828, ""n_state"": 372, ""ok"": true}, ""4"": {""effect"": 0.10568199627352992, ""n_state"": 584, ""ok"": true}}"
range_location,dist_high24_atr,3,2.0,3,move_ge_1atr,2444,66288,0.1437145227115878,0.7184942716857611,0.5747797489741733,2.269935653674779e-45,5.201935873004702e-45,2410,66102,0.15022828418949163,2.1327998226429155e-48,1,5.388125867729471e-48,4,"{""1"": {""effect"": 0.17722462305965114, ""n_state"": 590, ""ok"": true}, ""2"": {""effect"": 0.09722325075862703, ""n_state"": 561, ""ok"": true}, ""3"": {""effect"": 0.20057172923684452, ""n_state"": 652, ""ok"": true}, ""4"": {""effect"": 0.10310227232613833, ""n_state"": 607, ""ok"": true}}"
range_location,dist_low24_atr,4,1.0,24,move_ge_1atr,2490,55599,0.10715499997074573,0.9959839357429718,0.8888289357722261,1.8406347313499897e-64,4.1721053910599764e-64,2260,55751,0.09550700546980151,6.472426692878664e-48,1,1.023546546780812e-47,4,"{""1"": {""effect"": 0.10048211909706073, ""n_state"": 583, ""ok"": true}, ""2"": {""effect"": 0.09334537670785992, ""n_state"": 497, ""ok"": true}, ""3"": {""effect"": 0.09323025245790828, ""n_state"": 569, ""ok"": true}, ""4"": {""effect"": 0.08422863073615539, ""n_state"": 611, ""ok"": true}}"
range_location,dist_high24_atr,4,3.0,3,move_ge_1atr,2222,66510,0.16625896689804298,0.7407740774077408,0.5745151105096978,5.363531257659987e-55,1.5526011535331542e-54,2365,66147,0.15101197982033154,4.891316077761726e-48,1,1.1739158586628142e-47,4,"{""1"": {""effect"": 0.18763999503476525, ""n_state"": 518, ""ok"": true}, ""2"": {""effect"": 0.10309592754456642, ""n_state"": 610, ""ok"": true}, ""3"": {""effect"": 0.18442477300344373, ""n_state"": 571, ""ok"": true}, ""4"": {""effect"": 0.12371738539825083, ""n_state"": 666, ""ok"": true}}"
range_location,dist_high24_atr,3,,3,move_ge_1atr,11452,57280,0.05512424216111156,0.6258295494236814,0.5707053072625698,1.0251010331492854e-27,1.3423942100764451e-27,11229,57283,0.07432563160800221,7.452291011729391e-48,1,1.7033808026810034e-47,4,"{""1"": {""effect"": 0.08904765273160264, ""n_state"": 2680, ""ok"": true}, ""2"": {""effect"": 0.06243707329388526, ""n_state"": 2644, ""ok"": true}, ""3"": {""effect"": 0.06478657896498674, ""n_state"": 2866, ""ok"": true}, ""4"": {""effect"": 0.0454088600518644, ""n_state"": 3039, ""ok"": true}}"
range_location,dist_low24_atr,1,1.0,6,move_ge_1atr,2314,64822,0.10591110922545766,0.8789974070872947,0.773086297861837,2.7372481235005655e-33,4.4860455357370376e-33,2490,64441,0.12461604148472671,2.073157053925115e-47,1,3.455261756541858e-47,4,"{""1"": {""effect"": 0.09656625058238721, ""n_state"": 574, ""ok"": true}, ""2"": {""effect"": 0.13748043411322075, ""n_state"": 670, ""ok"": true}, ""3"": {""effect"": 0.11580282297888078, ""n_state"": 726, ""ok"": true}, ""4"": {""effect"": 0.13459537518691878, ""n_state"": 520, ""ok"": true}}"
range_location,dist_low24_atr,4,2.0,6,move_ge_1atr,2384,64752,0.15667925781463776,0.9278523489932886,0.7711730911786508,9.23365227990658e-73,2.179141938057953e-72,2634,64297,0.12057836693658797,7.179950045241203e-47,1,1.16146250731843e-46,4,"{""1"": {""effect"": 0.14197753344835662, ""n_state"": 594, ""ok"": true}, ""2"": {""effect"": 0.07511720274786793, ""n_state"": 693, ""ok"": true}, ""3"": {""effect"": 0.14097535450855314, ""n_state"": 652, ""ok"": true}, ""4"": {""effect"": 0.11483339929904013, ""n_state"": 695, ""ok"": true}}"
range_location,dist_low24_atr,1,3.0,24,move_ge_1atr,1648,56441,0.10968976453287504,1.0,0.890310235467125,6.4676537540448156e-46,1.0726840372562133e-45,1662,56349,0.10770377468987913,2.1754666527579005e-45,1,3.362084826989483e-45,4,"{""1"": {""effect"": 0.10532983911556948, ""n_state"": 392, ""ok"": true}, ""2"": {""effect"": 0.10529694467095785, ""n_state"": 374, ""ok"": true}, ""3"": {""effect"": 0.1054158271381922, ""n_state"": 439, ""ok"": true}, ""4"": {""effect"": 0.10544879591340306, ""n_state"": 457, ""ok"": true}}"
range_location,dist_high24_atr,4,1.0,12,move_ge_1atr,2567,61398,0.09457724234529086,0.9626022594468251,0.8680250171015342,8.4154669068645e-45,1.2422832100609501e-44,2495,61309,0.09538608770820933,1.333494011619369e-44,1,2.2965730200111354e-44,4,"{""1"": {""effect"": 0.10626479049830972, ""n_state"": 633, ""ok"": true}, ""2"": {""effect"": 0.06284648158192108, ""n_state"": 645, ""ok"": true}, ""3"": {""effect"": 0.09391453125116356, ""n_state"": 612, ""ok"": true}, ""4"": {""effect"": 0.10852175059261193, ""n_state"": 605, ""ok"": true}}"
range_location,dist_high24_atr,3,1.0,12,move_ge_1atr,2434,61531,0.10207172962778432,0.9700082169268693,0.867936487299085,2.132953714280264e-49,3.4800823759309575e-49,2297,61507,0.09866347827270538,4.2821355325641484e-44,1,7.175470351864248e-44,4,"{""1"": {""effect"": 0.09453752842457164, ""n_state"": 594, ""ok"": true}, ""2"": {""effect"": 0.08809904951955727, ""n_state"": 501, ""ok"": true}, ""3"": {""effect"": 0.10791378054638712, ""n_state"": 588, ""ok"": true}, ""4"": {""effect"": 0.09238587105843343, ""n_state"": 614, ""ok"": true}}"
range_location,dist_low24_atr,5,1.0,12,move_ge_1atr,2628,61337,0.06025949436366085,0.9296042617960426,0.8693447674323818,1.4415005675224713e-19,1.65505620715543e-19,3075,60729,0.08559918936145339,7.036021759251882e-44,1,1.1479824975621494e-43,4,"{""1"": {""effect"": 0.10792442301966731, ""n_state"": 727, ""ok"": true}, ""2"": {""effect"": 0.07630653453565439, ""n_state"": 789, ""ok"": true}, ""3"": {""effect"": 0.0601136075145976, ""n_state"": 780, ""ok"": true}, ""4"": {""effect"": 0.08731518912508485, ""n_state"": 779, ""ok"": true}}"
range_location,dist_low24_atr,4,3.0,6,move_ge_1atr,2300,64836,0.15734948646350522,0.928695652173913,0.7713461657104078,6.130735075148623e-71,1.2918334622634597e-70,2341,64590,0.12271938549199268,1.771609855311403e-43,1,2.783958344060776e-43,4,"{""1"": {""effect"": 0.15336097139245108, ""n_state"": 615, ""ok"": true}, ""2"": {""effect"": 0.1005621808491638, ""n_state"": 561, ""ok"": true}, ""3"": {""effect"": 0.09358209901499415, ""n_state"": 569, ""ok"": true}, ""4"": {""effect"": 0.1270532729186764, ""n_state"": 596, ""ok"": true}}"
range_location,dist_low24_atr,3,2.0,3,move_ge_1atr,2430,66302,0.159920307290757,0.7341563786008231,0.574236071310066,1.860078611925392e-55,5.683573536438698e-55,2313,66199,0.1437559969567842,8.305663287036625e-43,1,1.812144717171627e-42,4,"{""1"": {""effect"": 0.16258390184930682, ""n_state"": 566, ""ok"": true}, ""2"": {""effect"": 0.09115505230918253, ""n_state"": 589, ""ok"": true}, ""3"": {""effect"": 0.19484636453352688, ""n_state"": 583, ""ok"": true}, ""4"": {""effect"": 0.11253085499289295, ""n_state"": 575, ""ok"": true}}"
range_location,dist_high24_atr,1,1.0,12,move_ge_1atr,2228,61737,0.10536847115038195,0.9735188509874326,0.8681503798370507,2.2004746466417566e-48,3.4107357022947224e-48,2600,61204,0.09103718711195341,2.345292056570227e-42,1,3.728413013009079e-42,4,"{""1"": {""effect"": 0.10494258992464067, ""n_state"": 640, ""ok"": true}, ""2"": {""effect"": 0.06638103015414687, ""n_state"": 617, ""ok"": true}, ""3"": {""effect"": 0.082799451227616, ""n_state"": 661, ""ok"": true}, ""4"": {""effect"": 0.09757866835354267, ""n_state"": 682, ""ok"": true}}"
range_location,dist_low24_atr,5,2.0,3,move_ge_1atr,2653,66079,0.1727250230191122,0.7459479834150019,0.5732229603958897,6.71382177568906e-70,2.4617346510859885e-69,2875,65637,0.12736591437358702,1.808240236662753e-41,1,3.773718754774441e-41,4,"{""1"": {""effect"": 0.13948343446276112, ""n_state"": 792, ""ok"": true}, ""2"": {""effect"": 0.10654346926431724, ""n_state"": 592, ""ok"": true}, ""3"": {""effect"": 0.16218671733773227, ""n_state"": 671, ""ok"": true}, ""4"": {""effect"": 0.08803778376376215, ""n_state"": 820, ""ok"": true}}"
range_location,dist_high24_atr,5,1.0,12,move_ge_1atr,2782,61183,0.06861895368919102,0.9374550682961897,0.8688361146069987,3.3610562743965404e-26,4.736033841195125e-26,2670,61134,0.08832702374559032,5.860139227596797e-41,1,9.083215802775036e-41,4,"{""1"": {""effect"": 0.10582841624211248, ""n_state"": 536, ""ok"": true}, ""2"": {""effect"": 0.08747889037409173, ""n_state"": 782, ""ok"": true}, ""3"": {""effect"": 0.07519838233155074, ""n_state"": 773, ""ok"": true}, ""4"": {""effect"": 0.07794844057636086, ""n_state"": 579, ""ok"": true}}"
range_location,dist_high24_atr,1,,3,move_ge_1atr,11422,57310,0.10631140955255347,0.6685344072841884,0.562222997731635,4.305925766989871e-98,2.6313990798271435e-97,12407,56105,0.06557655690356579,1.371629846669144e-40,1,2.743259693338288e-40,4,"{""1"": {""effect"": 0.06396052931656737, ""n_state"": 3076, ""ok"": true}, ""2"": {""effect"": 0.03121524625862493, ""n_state"": 2952, ""ok"": true}, ""3"": {""effect"": 0.057781611176041636, ""n_state"": 3136, ""ok"": true}, ""4"": {""effect"": 0.07032698620945199, ""n_state"": 3243, ""ok"": true}}"
range_location,dist_low24_atr,3,3.0,3,move_ge_1atr,2420,66312,0.13434428182725489,0.709504132231405,0.5751598504041501,1.6590975320616323e-39,3.146564284944475e-39,2367,66145,0.13682758331727773,8.808699791013986e-40,1,1.691270359874685e-39,4,"{""1"": {""effect"": 0.15653242423744007, ""n_state"": 561, ""ok"": true}, ""2"": {""effect"": 0.13606137799739548, ""n_state"": 543, ""ok"": true}, ""3"": {""effect"": 0.13012247334888805, ""n_state"": 562, ""ok"": true}, ""4"": {""effect"": 0.11495826772536433, ""n_state"": 701, ""ok"": true}}"
range_location,dist_high24_atr,1,3.0,3,move_ge_1atr,2451,66281,0.1513327488135756,0.7258261933904528,0.5744934445768772,3.0062219114300783e-50,7.873438339459729e-50,2332,66180,0.1360702942803218,7.97575122251957e-39,1,1.4724463795420744e-38,4,"{""1"": {""effect"": 0.12019807928344373, ""n_state"": 684, ""ok"": true}, ""2"": {""effect"": 0.08344557425436838, ""n_state"": 505, ""ok"": true}, ""3"": {""effect"": 0.14109573314208257, ""n_state"": 559, ""ok"": true}, ""4"": {""effect"": 0.1814475601079628, ""n_state"": 584, ""ok"": true}}"
range_location,dist_low24_atr,2,3.0,3,move_ge_1atr,2280,66452,0.14056224199818157,0.7157894736842105,0.575227231686029,8.961210074443181e-41,1.8254316818310184e-40,2433,66079,0.1309473962423896,1.6194759327415427e-37,1,2.8790683248738535e-37,4,"{""1"": {""effect"": 0.13329684629088734, ""n_state"": 548, ""ok"": true}, ""2"": {""effect"": 0.14716550151606766, ""n_state"": 633, ""ok"": true}, ""3"": {""effect"": 0.16323100051734452, ""n_state"": 549, ""ok"": true}, ""4"": {""effect"": 0.0770751634470237, ""n_state"": 703, ""ok"": true}}"
range_location,dist_low24_atr,3,1.0,12,move_ge_1atr,2488,61477,0.09656574568158627,0.9646302250803859,0.8680644793987996,2.636863062353708e-45,3.9874514601446313e-45,2160,61644,0.09249580025811288,8.028439864575262e-37,1,1.2140567600089421e-36,4,"{""1"": {""effect"": 0.08644113367495421, ""n_state"": 576, ""ok"": true}, ""2"": {""effect"": 0.08240257836414888, ""n_state"": 483, ""ok"": true}, ""3"": {""effect"": 0.10529139846170177, ""n_state"": 524, ""ok"": true}, ""4"": {""effect"": 0.08651537242538299, ""n_state"": 577, ""ok"": true}}"
range_location,dist_high24_atr,2,1.0,12,move_ge_1atr,2316,61649,0.10387487147627306,0.9719343696027634,0.8680594981264903,8.561389734763153e-49,1.3610414450136295e-48,2320,61484,0.08829664684280081,5.4870800388083195e-36,1,8.09997529538371e-36,4,"{""1"": {""effect"": 0.08467329888543218, ""n_state"": 621, ""ok"": true}, ""2"": {""effect"": 0.08820781036866943, ""n_state"": 527, ""ok"": true}, ""3"": {""effect"": 0.09063279719696038, ""n_state"": 534, ""ok"": true}, ""4"": {""effect"": 0.08111661197836972, ""n_state"": 638, ""ok"": true}}"
range_location,dist_low24_atr,2,1.0,12,move_ge_1atr,2408,61557,0.10471281053991122,0.9725913621262459,0.8678785515863346,2.2258570782422998e-51,3.833420523639516e-51,2397,61407,0.08504907030673059,1.585776292489405e-34,1,2.286468142659142e-34,4,"{""1"": {""effect"": 0.09089688723807987, ""n_state"": 564, ""ok"": true}, ""2"": {""effect"": 0.05360969747276656, ""n_state"": 633, ""ok"": true}, ""3"": {""effect"": 0.09655405680515239, ""n_state"": 569, ""ok"": true}, ""4"": {""effect"": 0.09178508451736556, ""n_state"": 631, ""ok"": true}}"
range_location,dist_high24_atr,1,4.0,24,move_ge_1atr,1213,56876,0.10632488014162156,0.9975267930750206,0.891201912933399,1.6029076238125815e-32,2.4772208731648984e-32,1258,56753,0.1036869471220182,1.4177861642965788e-32,1,2.1424324260481635e-32,4,"{""1"": {""effect"": 0.10500545010986728, ""n_state"": 214, ""ok"": true}, ""2"": {""effect"": 0.10204443138430275, ""n_state"": 319, ""ok"": true}, ""3"": {""effect"": 0.10262367355828783, ""n_state"": 376, ""ok"": true}, ""4"": {""effect"": 0.09948594809848799, ""n_state"": 349, ""ok"": true}}"
range_location,dist_high24_atr,2,3.0,3,move_ge_1atr,2410,66322,0.1403851146944225,0.7153526970954357,0.5749675824010132,8.153856501914078e-43,1.793848430421097e-42,2551,65961,0.1174314715540753,7.557142752158539e-32,1,1.2955101860843208e-31,4,"{""1"": {""effect"": 0.14637497988460546, ""n_state"": 652, ""ok"": true}, ""2"": {""effect"": 0.13651582370694748, ""n_state"": 604, ""ok"": true}, ""3"": {""effect"": 0.10582016207955347, ""n_state"": 615, ""ok"": true}, ""4"": {""effect"": 0.0707928931685895, ""n_state"": 680, ""ok"": true}}"
range_location,dist_high24_atr,2,,3,move_ge_1atr,11453,57279,0.06438432307027109,0.6335457958613464,0.5691614727910753,3.3694552060415696e-37,5.9780656881382685e-37,11826,56686,0.05738638404914875,2.2106482436794916e-30,1,3.659003989538469e-30,4,"{""1"": {""effect"": 0.0631970760827737, ""n_state"": 2889, ""ok"": true}, ""2"": {""effect"": 0.05109650134424926, ""n_state"": 2836, ""ok"": true}, ""3"": {""effect"": 0.04765563257527816, ""n_state"": 2948, ""ok"": true}, ""4"": {""effect"": 0.03765937367651062, ""n_state"": 3153, ""ok"": true}}"
range_location,dist_low24_atr,4,1.0,12,move_ge_1atr,2498,61467,0.10214446143278033,0.9699759807846277,0.8678315193518473,1.1435344211478843e-50,1.9161928138153736e-50,2260,61544,0.08108448779432864,6.82381094262756e-30,1,9.615369964611563e-30,4,"{""1"": {""effect"": 0.09214885418009955, ""n_state"": 583, ""ok"": true}, ""2"": {""effect"": 0.06546311848375552, ""n_state"": 497, ""ok"": true}, ""3"": {""effect"": 0.08059450736318052, ""n_state"": 569, ""ok"": true}, ""4"": {""effect"": 0.07567899891955443, ""n_state"": 611, ""ok"": true}}"
range_location,dist_low24_atr,2,4.0,24,move_ge_1atr,1223,56866,0.09884701476774349,0.9901880621422731,0.8913410473745296,1.5010941081493823e-28,2.04148798708316e-28,1174,56837,0.10243212013768777,7.356227526248835e-30,1,1.087442329967219e-29,4,"{""1"": {""effect"": 0.10509454872896029, ""n_state"": 263, ""ok"": true}, ""2"": {""effect"": 0.09800229465407517, ""n_state"": 282, ""ok"": true}, ""3"": {""effect"": 0.09867117728752306, ""n_state"": 309, ""ok"": true}, ""4"": {""effect"": 0.10205605077048407, ""n_state"": 320, ""ok"": true}}"
range_location,dist_high24_atr,3,0.0,3,move_ge_1atr,712,68020,0.19175936357119028,0.7696629213483146,0.5779035577771243,6.16093381763394e-25,7.059403332705556e-25,660,67852,0.21876633457132189,1.5223244071838185e-29,1,2.4357190514941095e-29,4,"{""1"": {""effect"": 0.17944340214166932, ""n_state"": 173, ""ok"": true}, ""2"": {""effect"": 0.27423870561708097, ""n_state"": 169, ""ok"": true}, ""3"": {""effect"": 0.27911831008646737, ""n_state"": 155, ""ok"": true}, ""4"": {""effect"": 0.13917814622839275, ""n_state"": 163, ""ok"": true}}"
range_location,dist_low24_atr,3,4.0,24,move_ge_1atr,1166,56923,0.09913375201654406,0.9905660377358491,0.891432285719305,1.7992177401850496e-27,2.3989569869133996e-27,1141,56870,0.1022470332648211,5.523958169603189e-29,1,7.992109692191849e-29,4,"{""1"": {""effect"": 0.10502725620835862, ""n_state"": 226, ""ok"": true}, ""2"": {""effect"": 0.1017982963264481, ""n_state"": 299, ""ok"": true}, ""3"": {""effect"": 0.08951231366617818, ""n_state"": 258, ""ok"": true}, ""4"": {""effect"": 0.10526772240820081, ""n_state"": 358, ""ok"": true}}"
range_location,dist_low24_atr,4,2.0,3,move_ge_1atr,2384,66348,0.15840640240214,0.7328020134228188,0.5743956110206788,1.7429680415272287e-53,4.793162114199879e-53,2634,65878,0.10951782825449208,9.741111823465931e-29,1,1.5083011855689182e-28,4,"{""1"": {""effect"": 0.16879574428383282, ""n_state"": 594, ""ok"": true}, ""2"": {""effect"": 0.0470773502519769, ""n_state"": 693, ""ok"": true}, ""3"": {""effect"": 0.14172954422584216, ""n_state"": 652, ""ok"": true}, ""4"": {""effect"": 0.07872850369747697, ""n_state"": 695, ""ok"": true}}"
range_location,dist_high24_atr,3,3.0,3,move_ge_1atr,2334,66398,0.11022844944302923,0.6863753213367609,0.5761468718937317,2.84155623071771e-26,3.473013170877201e-26,2510,66002,0.10861967118948823,4.339496185667094e-27,1,6.509244278500641e-27,4,"{""1"": {""effect"": 0.13517430021422916, ""n_state"": 598, ""ok"": true}, ""2"": {""effect"": 0.11567765417859677, ""n_state"": 590, ""ok"": true}, ""3"": {""effect"": 0.084565340998349, ""n_state"": 598, ""ok"": true}, ""4"": {""effect"": 0.090357751677557, ""n_state"": 724, ""ok"": true}}"
range_location,dist_low24_atr,2,0.0,3,move_ge_1atr,768,67964,0.19836819247444726,0.7760416666666666,0.5776734741922194,1.6519360020197523e-28,2.216011710026497e-28,650,67862,0.20915604745376926,9.151589646067657e-27,1,1.3311403121552956e-26,4,"{""1"": {""effect"": 0.21962325688361106, ""n_state"": 182, ""ok"": true}, ""2"": {""effect"": 0.21228611618667703, ""n_state"": 167, ""ok"": true}, ""3"": {""effect"": 0.2308920714416829, ""n_state"": 138, ""ok"": true}, ""4"": {""effect"": 0.16992614681398344, ""n_state"": 163, ""ok"": true}}"
range_location,dist_low24_atr,2,5.0,24,move_ge_1atr,967,57122,0.0957624688130092,0.9875904860392968,0.8918280172262876,1.0714352022546523e-21,1.2782033991809886e-21,1064,56947,0.09987090951605049,5.307787139500409e-26,1,7.519365114292246e-26,4,"{""1"": {""effect"": 0.10062762039827777, ""n_state"": 228, ""ok"": true}, ""2"": {""effect"": 0.10508545010648795, ""n_state"": 258, ""ok"": true}, ""3"": {""effect"": 0.0881170336105137, ""n_state"": 295, ""ok"": true}, ""4"": {""effect"": 0.10158006745904269, ""n_state"": 283, ""ok"": true}}"
range_location,dist_low24_atr,1,4.0,24,move_ge_1atr,1167,56922,0.10176714105415885,0.9931448157669237,0.8913776747127649,6.958047045231686e-29,1.0066961682462865e-28,1057,56954,0.09981425698024682,8.122418944091192e-26,1,1.127192833057553e-25,4,"{""1"": {""effect"": 0.10501271780319421, ""n_state"": 218, ""ok"": true}, ""2"": {""effect"": 0.09431902249102087, ""n_state"": 279, ""ok"": true}, ""3"": {""effect"": 0.09050165644249064, ""n_state"": 275, ""ok"": true}, ""4"": {""effect"": 0.10513460139278663, ""n_state"": 285, ""ok"": true}}"
range_location,dist_high24_atr,1,5.0,24,move_ge_1atr,1157,56932,0.09198825255512633,0.9835782195332757,0.8915899669781494,1.0323964976256635e-23,1.324584185632927e-23,1153,56858,0.0952360221689511,1.31277766454976e-25,1,1.7853776237876736e-25,4,"{""1"": {""effect"": 0.10103569987856276, ""n_state"": 249, ""ok"": true}, ""2"": {""effect"": 0.08202159867497605, ""n_state"": 304, ""ok"": true}, ""3"": {""effect"": 0.09871644552430514, ""n_state"": 311, ""ok"": true}, ""4"": {""effect"": 0.09470929088703284, ""n_state"": 289, ""ok"": true}}"
range_location,dist_low24_atr,2,4.0,12,move_ge_1atr,1324,62641,0.07767239645124946,0.9478851963746223,0.8702127999233729,5.933324832219583e-17,6.453791922765161e-17,1280,62524,0.09804435096922781,2.0751451754596594e-25,1,2.8590889084110864e-25,4,"{""1"": {""effect"": 0.11485074136463091, ""n_state"": 307, ""ok"": true}, ""2"": {""effect"": 0.09421040806375225, ""n_state"": 298, ""ok"": true}, ""3"": {""effect"": 0.08427448794112136, ""n_state"": 322, ""ok"": true}, ""4"": {""effect"": 0.09385235056580199, ""n_state"": 353, ""ok"": true}}"
range_location,dist_high24_atr,4,0.0,12,move_ge_1atr,717,63248,0.12258000297075011,0.99302649930265,0.8704464963318999,1.6137344845522557e-22,2.1287561285582947e-22,734,63070,0.127431006333951,7.245645196019753e-25,1,9.765869612026623e-25,4,"{""1"": {""effect"": 0.1277017149504064, ""n_state"": 187, ""ok"": true}, ""2"": {""effect"": 0.12248769886184996, ""n_state"": 192, ""ok"": true}, ""3"": {""effect"": 0.1276876650320634, ""n_state"": 180, ""ok"": true}, ""4"": {""effect"": 0.12767763126876108, ""n_state"": 175, ""ok"": true}}"
range_location,dist_high24_atr,4,0.0,6,move_ge_1atr,717,66419,0.16505386548685275,0.9400278940027894,0.7749740285159367,4.754538575569448e-26,6.678994665680891e-26,734,66197,0.1611871781112103,7.463585470615579e-25,1,1.1402700024551579e-24,4,"{""1"": {""effect"": 0.1893749507256075, ""n_state"": 187, ""ok"": true}, ""2"": {""effect"": 0.19572974260427434, ""n_state"": 192, ""ok"": true}, ""3"": {""effect"": 0.14869315316125098, ""n_state"": 180, ""ok"": true}, ""4"": {""effect"": 0.10046069695179882, ""n_state"": 175, ""ok"": true}}"
range_location,dist_high24_atr,4,0.0,3,move_ge_1atr,717,68015,0.19621545456530787,0.7740585774058577,0.5778431228405498,3.3459634372696593e-26,4.0006084576050275e-26,737,67775,0.18840518576761744,1.0020753946267656e-24,1,1.4146946747671984e-24,4,"{""1"": {""effect"": 0.26828241085876525, ""n_state"": 187, ""ok"": true}, ""2"": {""effect"": 0.22040154176424676, ""n_state"": 192, ""ok"": true}, ""3"": {""effect"": 0.11139599471859618, ""n_state"": 180, ""ok"": true}, ""4"": {""effect"": 0.14155849836049827, ""n_state"": 178, ""ok"": true}}"
range_location,dist_low24_atr,1,0.0,12,move_ge_1atr,873,63092,0.12298513293084468,0.993127147766323,0.8701420148354784,3.604994901927745e-27,5.197899626035353e-27,789,63015,0.12250520351090288,1.0783431104080292e-24,1,1.42249516692123e-24,4,"{""1"": {""effect"": 0.10226247326639892, ""n_state"": 197, ""ok"": true}, ""2"": {""effect"": 0.12772781586063775, ""n_state"": 200, ""ok"": true}, ""3"": {""effect"": 0.1278021614988909, ""n_state"": 237, ""ok"": true}, ""4"": {""effect"": 0.12763751197976403, ""n_state"": 155, ""ok"": true}}"
range_location,dist_high24_atr,2,2.0,3,move_ge_1atr,2452,66280,0.1383405316906574,0.7132952691680261,0.5749547374773687,2.688830868818726e-42,5.6879114532703826e-42,2610,65902,0.10076580679241476,2.2236402873813082e-24,1,3.0495638226943653e-24,4,"{""1"": {""effect"": 0.12229178861310941, ""n_state"": 663, ""ok"": true}, ""2"": {""effect"": 0.07210300290295713, ""n_state"": 619, ""ok"": true}, ""3"": {""effect"": 0.13648127095346319, ""n_state"": 634, ""ok"": true}, ""4"": {""effect"": 0.06219766194025156, ""n_state"": 694, ""ok"": true}}"
range_location,dist_low24_atr,1,0.0,6,move_ge_1atr,873,66263,0.1600523644896653,0.9347079037800687,0.7746555392904034,1.6126117693093269e-29,2.5037919576118496e-29,791,66140,0.1525188496072195,5.1099664451038145e-24,1,7.59589606704621e-24,4,"{""1"": {""effect"": 0.1559434615708185, ""n_state"": 197, ""ok"": true}, ""2"": {""effect"": 0.21727585380108194, ""n_state"": 200, ""ok"": true}, ""3"": {""effect"": 0.10541760156816715, ""n_state"": 237, ""ok"": true}, ""4"": {""effect"": 0.13002076211439717, ""n_state"": 157, ""ok"": true}}"
range_location,dist_high24_atr,2,4.0,24,move_ge_1atr,1073,57016,0.10573503933625472,0.9972041006523765,0.8914690613161218,1.0016801483659629e-28,1.4190468768517807e-28,1123,56888,0.09306255230473948,6.086223390397908e-24,1,8.114964520530544e-24,4,"{""1"": {""effect"": 0.09211252125755276, ""n_state"": 233, ""ok"": true}, ""2"": {""effect"": 0.0881170336105137, ""n_state"": 295, ""ok"": true}, ""3"": {""effect"": 0.09500347061424097, ""n_state"": 297, ""ok"": true}, ""4"": {""effect"": 0.09166615596244176, ""n_state"": 298, ""ok"": true}}"
range_location,dist_high24_atr,3,4.0,24,move_ge_1atr,1128,56961,0.09241494833904651,0.9840425531914894,0.8916276048524429,2.271451186327857e-23,2.808339648550805e-23,1133,56878,0.09229895969406898,9.06856059036822e-24,1,1.1858886925866133e-23,4,"{""1"": {""effect"": 0.09679308977074752, ""n_state"": 243, ""ok"": true}, ""2"": {""effect"": 0.09857900391640384, ""n_state"": 305, ""ok"": true}, ""3"": {""effect"": 0.06818020608385966, ""n_state"": 299, ""ok"": true}, ""4"": {""effect"": 0.10162259568062937, ""n_state"": 286, ""ok"": true}}"
range_location,dist_low24_atr,1,5.0,24,move_ge_1atr,1008,57081,0.102402413112194,0.9940476190476191,0.8916452059354251,1.5567229302711664e-25,2.035714601123833e-25,952,57059,0.09995591324386188,1.6240377438652092e-23,1,2.0836710676006457e-23,4,"{""1"": {""effect"": 0.09706996115261946, ""n_state"": 251, ""ok"": true}, ""2"": {""effect"": 0.10500363334371432, ""n_state"": 213, ""ok"": true}, ""3"": {""effect"": 0.09082315330970725, ""n_state"": 281, ""ok"": true}, ""4"": {""effect"": 0.10499273406684662, ""n_state"": 207, ""ok"": true}}"
range_location,dist_high24_atr,1,0.0,6,move_ge_1atr,722,66414,0.18788770381574427,0.9626038781163435,0.7747161743005992,1.7610993333421457e-33,2.96871030477676e-33,821,66110,0.14818238380612092,1.4862719640471763e-23,1,2.151183105857755e-23,4,"{""1"": {""effect"": 0.13841297621925797, ""n_state"": 171, ""ok"": true}, ""2"": {""effect"": 0.162111012872578, ""n_state"": 200, ""ok"": true}, ""3"": {""effect"": 0.19357794325865263, ""n_state"": 207, ""ok"": true}, ""4"": {""effect"": 0.10030352015750021, ""n_state"": 243, ""ok"": true}}"
range_location,dist_low24_atr,3,0.0,6,move_ge_1atr,633,66503,0.19030238192107596,0.9652448657187994,0.7749424837977235,2.5464188698402172e-30,4.0605057654208866e-30,687,66244,0.1604937531020908,3.404389844295503e-23,1,4.8010626009295556e-23,4,"{""1"": {""effect"": 0.1832952382274433, ""n_state"": 164, ""ok"": true}, ""2"": {""effect"": 0.17453303983419288, ""n_state"": 191, ""ok"": true}, ""3"": {""effect"": 0.20237266079087146, ""n_state"": 168, ""ok"": true}, ""4"": {""effect"": 0.07326954640582994, ""n_state"": 164, ""ok"": true}}"
range_location,dist_high24_atr,1,0.0,24,move_ge_1atr,715,57374,0.10790602014849937,1.0,0.8920939798515006,1.502544201412996e-20,1.702883428268062e-20,821,57190,0.10611995104039162,5.94520942182794e-23,1,7.486560012672221e-23,4,"{""1"": {""effect"": 0.10492738589211614, ""n_state"": 171, ""ok"": true}, ""2"": {""effect"": 0.10498002110325022, ""n_state"": 200, ""ok"": true}, ""3"": {""effect"": 0.10499273406684662, ""n_state"": 207, ""ok"": true}, ""4"": {""effect"": 0.1050581636892397, ""n_state"": 243, ""ok"": true}}"
range_location,dist_high24_atr,1,0.0,12,move_ge_1atr,722,63243,0.11983683127336786,0.9903047091412742,0.8704678778679064,9.901990830302254e-22,1.2529049622015097e-21,821,62983,0.11541424195377203,6.411504279155375e-23,1,8.281526360575693e-23,4,"{""1"": {""effect"": 0.08662392706421496, ""n_state"": 171, ""ok"": true}, ""2"": {""effect"": 0.12271209357902013, ""n_state"": 200, ""ok"": true}, ""3"": {""effect"": 0.12774187461672726, ""n_state"": 207, ""ok"": true}, ""4"": {""effect"": 0.11542134793814274, ""n_state"": 243, ""ok"": true}}"
range_location,dist_high24_atr,3,0.0,6,move_ge_1atr,712,66424,0.14048343836734256,0.9157303370786517,0.7752468987113091,3.4364434242200694e-19,4.505559156199647e-19,660,66271,0.16201206432906579,9.495652307994013e-23,1,1.3056521923491768e-22,4,"{""1"": {""effect"": 0.11632032323808861, ""n_state"": 173, ""ok"": true}, ""2"": {""effect"": 0.2084843821264586, ""n_state"": 169, ""ok"": true}, ""3"": {""effect"": 0.2062978972549535, ""n_state"": 155, ""ok"": true}, ""4"": {""effect"": 0.11534308342117527, ""n_state"": 163, ""ok"": true}}"
range_location,dist_low24_atr,1,4.0,12,move_ge_1atr,1271,62694,0.0954578326404345,0.9653815892997639,0.8699237566593294,6.864707021354588e-24,9.458040784977432e-24,1132,62672,0.09725072642490695,2.2811266655767795e-22,1,2.886323536035925e-22,4,"{""1"": {""effect"": 0.10733141728190199, ""n_state"": 245, ""ok"": true}, ""2"": {""effect"": 0.0804031498904586, ""n_state"": 296, ""ok"": true}, ""3"": {""effect"": 0.08175365949759916, ""n_state"": 283, ""ok"": true}, ""4"": {""effect"": 0.1148950583245657, ""n_state"": 308, ""ok"": true}}"
range_location,dist_high24_atr,3,5.0,24,move_ge_1atr,1009,57080,0.08425541881996856,0.9762140733399405,0.8919586545199719,8.140874670379128e-18,8.262380262474338e-18,1015,56996,0.09344518861750561,5.334617862140056e-22,1,6.595527538645887e-22,4,"{""1"": {""effect"": 0.08290015333194356, ""n_state"": 182, ""ok"": true}, ""2"": {""effect"": 0.10506180105944674, ""n_state"": 245, ""ok"": true}, ""3"": {""effect"": 0.08578538509977873, ""n_state"": 311, ""ok"": true}, ""4"": {""effect"": 0.09423774589774914, ""n_state"": 277, ""ok"": true}}"
range_location,dist_low24_atr,3,0.0,12,move_ge_1atr,633,63332,0.12786505158651873,0.9984202211690363,0.8705551695825176,1.0115246263483952e-21,1.25429053667201e-21,686,63118,0.1228170254852381,8.140789920467587e-22,1,1.0094579501379808e-21,4,"{""1"": {""effect"": 0.12154228817586732, ""n_state"": 164, ""ok"": true}, ""2"": {""effect"": 0.12245842271200946, ""n_state"": 191, ""ok"": true}, ""3"": {""effect"": 0.12169549132117496, ""n_state"": 168, ""ok"": true}, ""4"": {""effect"": 0.12150287420338957, ""n_state"": 163, ""ok"": true}}"
range_location,dist_high24_atr,2,5.0,24,move_ge_1atr,1156,56933,0.09020690987652158,0.9818339100346021,0.8916270001580805,7.57637771034913e-23,9.199887219709657e-23,1129,56882,0.0877248438946644,1.4756964497317418e-21,1,1.791917117531401e-21,4,"{""1"": {""effect"": 0.08577174154826483, ""n_state"": 260, ""ok"": true}, ""2"": {""effect"": 0.0758869210324109, ""n_state"": 275, ""ok"": true}, ""3"": {""effect"": 0.09474690679122932, ""n_state"": 290, ""ok"": true}, ""4"": {""effect"": 0.08863520388386703, ""n_state"": 304, ""ok"": true}}"
range_location,dist_high24_atr,1,5.0,12,move_ge_1atr,1722,62243,0.05115952476023922,0.921602787456446,0.8704432626962068,3.737490687315134e-10,3.737490687315134e-10,1955,61849,0.07277997700777639,2.005155958804456e-21,1,2.4376405773701232e-21,4,"{""1"": {""effect"": 0.07126000553309919, ""n_state"": 442, ""ok"": true}, ""2"": {""effect"": 0.06092668037484261, ""n_state"": 538, ""ok"": true}, ""3"": {""effect"": 0.0784491356870819, ""n_state"": 525, ""ok"": true}, ""4"": {""effect"": 0.07451968305079393, ""n_state"": 450, ""ok"": true}}"
range_location,dist_low24_atr,3,0.0,3,move_ge_1atr,633,68099,0.24862407014673626,0.8262243285939969,0.5776002584472606,1.749229291106593e-36,3.006487844089457e-36,690,67822,0.18006657666124326,2.1605920885581935e-21,1,2.8807894514109245e-21,4,"{""1"": {""effect"": 0.22655077958282366, ""n_state"": 164, ""ok"": true}, ""2"": {""effect"": 0.20877669326756032, ""n_state"": 191, ""ok"": true}, ""3"": {""effect"": 0.20764424229249234, ""n_state"": 168, ""ok"": true}, ""4"": {""effect"": 0.06822238177825346, ""n_state"": 167, ""ok"": true}}"
range_location,dist_low24_atr,1,0.0,24,move_ge_1atr,859,57230,0.10581429385379382,0.9976717112922002,0.8918574174384064,1.9469420492156651e-23,2.4517048027160227e-23,789,57222,0.1034908002226802,3.977653189292742e-21,1,4.745270471436955e-21,4,"{""1"": {""effect"": 0.09478769567169631, ""n_state"": 197, ""ok"": true}, ""2"": {""effect"": 0.10498002110325022, ""n_state"": 200, ""ok"": true}, ""3"": {""effect"": 0.10504725308962504, ""n_state"": 237, ""ok"": true}, ""4"": {""effect"": 0.10489836836283184, ""n_state"": 155, ""ok"": true}}"
range_location,dist_low24_atr,4,5.0,24,move_ge_1atr,1147,56942,0.08471083180833117,0.976460331299041,0.8917494994907098,3.413707456525166e-20,3.744066242640505e-20,1047,56964,0.09000567190779918,4.1272562435499104e-21,1,4.83885214761024e-21,4,"{""1"": {""effect"": 0.08098641973448706, ""n_state"": 209, ""ok"": true}, ""2"": {""effect"": 0.08060763196383458, ""n_state"": 327, ""ok"": true}, ""3"": {""effect"": 0.0968989154965556, ""n_state"": 246, ""ok"": true}, ""4"": {""effect"": 0.09751638437425059, ""n_state"": 265, ""ok"": true}}"
range_location,dist_high24_atr,4,5.0,24,move_ge_1atr,983,57106,0.08668151486701803,0.9786368260427264,0.8919553111757084,2.4924760572952085e-18,2.6482558108761592e-18,945,57066,0.09451757057687027,4.697629240405586e-21,1,5.4142167516538954e-21,4,"{""1"": {""effect"": 0.09484078499697823, ""n_state"": 198, ""ok"": true}, ""2"": {""effect"": 0.10110647027046338, ""n_state"": 253, ""ok"": true}, ""3"": {""effect"": 0.08584724088172357, ""n_state"": 261, ""ok"": true}, ""4"": {""effect"": 0.09211252125755276, ""n_state"": 233, ""ok"": true}}"
range_location,dist_high24_atr,4,4.0,24,move_ge_1atr,1229,56860,0.10056889618256426,0.9918633034987795,0.8912944073162152,1.2529471548577471e-29,1.8521827506592786e-29,1108,56903,0.08733306746403768,5.102569615176521e-21,1,5.78291223053339e-21,4,"{""1"": {""effect"": 0.10500363334371432, ""n_state"": 213, ""ok"": true}, ""2"": {""effect"": 0.098387800799694, ""n_state"": 297, ""ok"": true}, ""3"": {""effect"": 0.045610289695262596, ""n_state"": 287, ""ok"": true}, ""4"": {""effect"": 0.09871644552430514, ""n_state"": 311, ""ok"": true}}"
range_location,dist_low24_atr,1,0.0,3,move_ge_1atr,873,67859,0.17258849531118758,0.7502863688430699,0.5776978735318823,1.0058103731061422e-24,1.128970826955874e-24,791,67721,0.16596226008059278,7.614049607660932e-21,1,9.877685977506075e-21,4,"{""1"": {""effect"": 0.20549002066048916, ""n_state"": 197, ""ok"": true}, ""2"": {""effect"": 0.21896474997072257, ""n_state"": 200, ""ok"": true}, ""3"": {""effect"": 0.07070092252262272, ""n_state"": 237, ""ok"": true}, ""4"": {""effect"": 0.18534263099116788, ""n_state"": 157, ""ok"": true}}"
range_location,dist_high24_atr,4,0.0,24,move_ge_1atr,706,57383,0.10788909607375008,1.0,0.8921109039262499,2.621167239536118e-20,2.921956922761574e-20,734,57277,0.10595876180665886,1.1642511515399892e-20,1,1.2978537427003158e-20,4,"{""1"": {""effect"": 0.10495641947980072, ""n_state"": 187, ""ok"": true}, ""2"": {""effect"": 0.10496549577128622, ""n_state"": 192, ""ok"": true}, ""3"": {""effect"": 0.10494371530839863, ""n_state"": 180, ""ok"": true}, ""4"": {""effect"": 0.10493464278304165, ""n_state"": 175, ""ok"": true}}"
range_location,dist_low24_atr,3,5.0,24,move_ge_1atr,1008,57081,0.07413410433460887,0.9662698412698413,0.8921357369352324,3.996559427972158e-14,3.996559427972158e-14,1044,56967,0.08800260243427882,3.3692164520186704e-20,1,3.6952696570527353e-20,4,"{""1"": {""effect"": 0.10088783895502051, ""n_state"": 241, ""ok"": true}, ""2"": {""effect"": 0.07907224973158722, ""n_state"": 232, ""ok"": true}, ""3"": {""effect"": 0.09016630701444794, ""n_state"": 269, ""ok"": true}, ""4"": {""effect"": 0.07853687931192566, ""n_state"": 302, ""ok"": true}}"
range_location,dist_low24_atr,1,4.0,3,move_ge_1atr,1406,67326,0.07382501287022414,0.6522048364153628,0.5783798235451386,2.844024987565019e-08,2.844024987565019e-08,1261,67251,0.12960472827593184,3.5216371996650033e-20,1,4.4483838311557933e-20,3,"{""1"": {""effect"": 0.14100752448623155, ""n_state"": 297, ""ok"": true}, ""2"": {""effect"": 0.08418574240153909, ""n_state"": 329, ""ok"": true}, ""3"": {""effect"": -0.016747786313258572, ""n_state"": 300, ""ok"": false}, ""4"": {""effect"": 0.2884673979647796, ""n_state"": 335, ""ok"": true}}"
range_location,dist_high24_atr,2,0.0,3,move_ge_1atr,744,67988,0.18420067488190517,0.7620967741935484,0.5778960993116432,4.3156548378685276e-24,4.747220321655381e-24,673,67839,0.17501502059537133,7.703344787678368e-20,1,9.48103973868107e-20,4,"{""1"": {""effect"": 0.1792116964633681, ""n_state"": 165, ""ok"": true}, ""2"": {""effect"": 0.1758720706889052, ""n_state"": 159, ""ok"": true}, ""3"": {""effect"": 0.14801959599465564, ""n_state"": 189, ""ok"": true}, ""4"": {""effect"": 0.1962839419475655, ""n_state"": 160, ""ok"": true}}"
range_location,dist_low24_atr,1,1.0,3,move_ge_1atr,2315,66417,0.11379147737651152,0.6898488120950323,0.5760573347185208,1.1014084740353826e-27,1.4087782807429313e-27,2490,66022,0.09209431102374421,8.727890299476139e-20,1,1.0473468359371367e-19,4,"{""1"": {""effect"": 0.061014433840733795, ""n_state"": 574, ""ok"": true}, ""2"": {""effect"": 0.13313497956401765, ""n_state"": 670, ""ok"": true}, ""3"": {""effect"": 0.05094528974225243, ""n_state"": 726, ""ok"": true}, ""4"": {""effect"": 0.11884294079846502, ""n_state"": 520, ""ok"": true}}"
range_location,dist_low24_atr,4,0.0,12,move_ge_1atr,635,63330,0.1246929283057997,0.9952755905511811,0.8705826622453814,8.539588511353232e-21,9.989707315167931e-21,590,63214,0.1250943660302669,1.1558760632381105e-19,1,1.378159921553132e-19,4,"{""1"": {""effect"": 0.11263862875038966, ""n_state"": 134, ""ok"": true}, ""2"": {""effect"": 0.12761946652423894, ""n_state"": 146, ""ok"": true}, ""3"": {""effect"": 0.12765355666944267, ""n_state"": 163, ""ok"": true}, ""4"": {""effect"": 0.12762147132287105, ""n_state"": 147, ""ok"": true}}"
range_location,dist_high24_atr,2,0.0,6,move_ge_1atr,744,66392,0.16868093318666455,0.9435483870967742,0.7748674539101097,4.403707642471189e-28,6.337042705019516e-28,673,66258,0.14842362583080038,1.0754007512458941e-19,1,1.4426107638664432e-19,4,"{""1"": {""effect"": 0.1228385160656077, ""n_state"": 165, ""ok"": true}, ""2"": {""effect"": 0.16283102886119183, ""n_state"": 159, ""ok"": true}, ""3"": {""effect"": 0.15799868370963033, ""n_state"": 189, ""ok"": true}, ""4"": {""effect"": 0.14447196387653316, ""n_state"": 160, ""ok"": true}}"
range_location,dist_high24_atr,3,0.0,12,move_ge_1atr,712,63253,0.12110048695118958,0.9915730337078652,0.8704725467566756,7.0867763969467145e-22,9.153752846056174e-22,659,63145,0.11792325657484859,1.6485055147907452e-19,1,1.9284404135287962e-19,4,"{""1"": {""effect"": 0.09289724361821317, ""n_state"": 173, ""ok"": true}, ""2"": {""effect"": 0.12766559283413215, ""n_state"": 169, ""ok"": true}, ""3"": {""effect"": 0.12763751197976403, ""n_state"": 155, ""ok"": true}, ""4"": {""effect"": 0.12146299846246422, ""n_state"": 162, ""ok"": true}}"
range_location,dist_low24_atr,4,0.0,6,move_ge_1atr,635,66501,0.18723893442132833,0.9622047244094488,0.7749657899881205,1.7145565369944562e-29,2.593816299555716e-29,590,66341,0.156737058837506,2.5987629519930657e-19,1,3.4031419609433e-19,4,"{""1"": {""effect"": 0.11992640209286365, ""n_state"": 134, ""ok"": true}, ""2"": {""effect"": 0.17035436757290057, ""n_state"": 146, ""ok"": true}, ""3"": {""effect"": 0.18299249557849973, ""n_state"": 163, ""ok"": true}, ""4"": {""effect"": 0.1435064083132055, ""n_state"": 147, ""ok"": true}}"
range_location,dist_low24_atr,4,4.0,24,move_ge_1atr,1173,56916,0.1009435720680667,0.9923273657289002,0.8913837936608335,1.4010561349906397e-28,1.944322799578847e-28,1192,56819,0.0802605583419197,3.236859888241653e-19,1,3.4937535301655934e-19,4,"{""1"": {""effect"": 0.07837475046728748, ""n_state"": 226, ""ok"": true}, ""2"": {""effect"": 0.09225091531204199, ""n_state"": 311, ""ok"": true}, ""3"": {""effect"": 0.048953572630520914, ""n_state"": 304, ""ok"": true}, ""4"": {""effect"": 0.0937895591901835, ""n_state"": 351, ""ok"": true}}"
range_location,dist_high24_atr,1,4.0,12,move_ge_1atr,1316,62649,0.07423565441871083,0.9445288753799392,0.8702932209612284,1.5528747008612127e-15,1.6599695078171583e-15,1398,62406,0.080449235994283,4.482016861112817e-19,1,5.146019359055458e-19,4,"{""1"": {""effect"": 0.07840944859358456, ""n_state"": 264, ""ok"": true}, ""2"": {""effect"": 0.08979707154495553, ""n_state"": 342, ""ok"": true}, ""3"": {""effect"": 0.06635298667046219, ""n_state"": 391, ""ok"": true}, ""4"": {""effect"": 0.08296105941162579, ""n_state"": 401, ""ok"": true}}"
range_location,dist_low24_atr,3,0.0,24,move_ge_1atr,622,57467,0.10773139366941031,1.0,0.8922686063305897,4.701101020137443e-18,4.843558626808275e-18,686,57325,0.10439486890638128,6.640041739075226e-19,1,7.055044347767427e-19,4,"{""1"": {""effect"": 0.104914688747904, ""n_state"": 164, ""ok"": true}, ""2"": {""effect"": 0.10496368038740922, ""n_state"": 191, ""ok"": true}, ""3"": {""effect"": 0.1049219438825787, ""n_state"": 168, ""ok"": true}, ""4"": {""effect"": 0.09876061911351353, ""n_state"": 163, ""ok"": true}}"
range_location,dist_low24_atr,2,0.0,6,move_ge_1atr,768,66368,0.1520863468338155,0.9270833333333334,0.7749969864995179,8.051705265553229e-24,1.1047688620177685e-23,650,66281,0.14689936668241166,1.0063631050895908e-18,1,1.2872086227890114e-18,4,"{""1"": {""effect"": 0.12757790831619653, ""n_state"": 182, ""ok"": true}, ""2"": {""effect"": 0.14816395009394068, ""n_state"": 167, ""ok"": true}, ""3"": {""effect"": 0.20305976695900396, ""n_state"": 138, ""ok"": true}, ""4"": {""effect"": 0.11534308342117527, ""n_state"": 163, ""ok"": true}}"
range_location,dist_high24_atr,2,0.0,24,move_ge_1atr,728,57361,0.1079304754101219,1.0,0.8920695245898781,6.724771661764671e-21,7.750584288135553e-21,673,57338,0.10434271124585026,1.4585177625105655e-18,1,1.52583396693413e-18,4,"{""1"": {""effect"": 0.1049165024375065, ""n_state"": 165, ""ok"": true}, ""2"": {""effect"": 0.10490562124040659, ""n_state"": 159, ""ok"": true}, ""3"": {""effect"": 0.10496004980803153, ""n_state"": 189, ""ok"": true}, ""4"": {""effect"": 0.09864014883061656, ""n_state"": 160, ""ok"": true}}"
range_location,dist_high24_atr,2,0.0,12,move_ge_1atr,744,63221,0.11608888464820366,0.9865591397849462,0.8704702551367426,4.640425070335362e-21,5.532814506938317e-21,673,63131,0.1136675564805304,1.375070518888163e-18,1,1.5500794940193839e-18,4,"{""1"": {""effect"": 0.08512333060487487, ""n_state"": 165, ""ok"": true}, ""2"": {""effect"": 0.12134051349095887, ""n_state"": 159, ""ok"": true}, ""3"": {""effect"": 0.12239900492671063, ""n_state"": 189, ""ok"": true}, ""4"": {""effect"": 0.12138182703789835, ""n_state"": 160, ""ok"": true}}"
range_location,dist_low24_atr,2,0.0,24,move_ge_1atr,755,57334,0.10798130254299365,1.0,0.8920186974570063,1.2654045595569358e-21,1.4835777594805455e-21,647,57364,0.10579806150198734,2.259365223248708e-18,1,2.3278308360744265e-18,4,"{""1"": {""effect"": 0.10494734475782042, ""n_state"": 182, ""ok"": true}, ""2"": {""effect"": 0.10492013000484057, ""n_state"": 167, ""ok"": true}, ""3"": {""effect"": 0.104867554818309, ""n_state"": 138, ""ok"": true}, ""4"": {""effect"": 0.10490743461651486, ""n_state"": 160, ""ok"": true}}"
range_location,dist_low24_atr,4,0.0,3,move_ge_1atr,635,68097,0.2030886464756908,0.7811023622047244,0.5780137157290336,5.689845700623834e-25,6.658330075198104e-25,590,67922,0.1789342610841249,2.478289136164997e-18,1,2.9014116716078018e-18,4,"{""1"": {""effect"": 0.19490077763512137, ""n_state"": 134, ""ok"": true}, ""2"": {""effect"": 0.15969325455776107, ""n_state"": 146, ""ok"": true}, ""3"": {""effect"": 0.1822253470482198, ""n_state"": 163, ""ok"": true}, ""4"": {""effect"": 0.1751980540625524, ""n_state"": 147, ""ok"": true}}"
range_location,dist_high24_atr,1,0.0,3,move_ge_1atr,722,68010,0.23140506875109212,0.8088642659279779,0.5774591971768858,5.036898862744085e-36,8.394831437906808e-36,821,67691,0.1501060444995891,6.278413221046612e-18,1,7.175329395481843e-18,4,"{""1"": {""effect"": 0.21749412624736753, ""n_state"": 171, ""ok"": true}, ""2"": {""effect"": 0.13873053050708506, ""n_state"": 200, ""ok"": true}, ""3"": {""effect"": 0.19236084809997223, ""n_state"": 207, ""ok"": true}, ""4"": {""effect"": 0.07143901271217878, ""n_state"": 243, ""ok"": true}}"
range_location,dist_high24_atr,3,0.0,24,move_ge_1atr,702,57387,0.10499772201899871,0.9971509971509972,0.8921532751319985,3.223525262257875e-19,3.479360600532309e-19,659,57352,0.1027504243422035,1.0424910835718418e-17,1,1.0580506519833617e-17,4,"{""1"": {""effect"": 0.09333574122819033, ""n_state"": 173, ""ok"": true}, ""2"": {""effect"": 0.1049237578230352, ""n_state"": 169, ""ok"": true}, ""3"": {""effect"": 0.10489836836283184, ""n_state"": 155, ""ok"": true}, ""4"": {""effect"": 0.10491106155681174, ""n_state"": 162, ""ok"": true}}"
range_location,dist_low24_atr,1,5.0,12,move_ge_1atr,1646,62319,0.07045418355372468,0.9404617253948967,0.870007541841172,3.175749167243858e-17,3.5160080065914147e-17,1503,62301,0.0745254487093292,1.0819404027860731e-17,1,1.1978625887988666e-17,4,"{""1"": {""effect"": 0.046453730277748906, ""n_state"": 382, ""ok"": true}, ""2"": {""effect"": 0.09365462100557365, ""n_state"": 351, ""ok"": true}, ""3"": {""effect"": 0.06376248549419972, ""n_state"": 453, ""ok"": true}, ""4"": {""effect"": 0.09625995117905606, ""n_state"": 317, ""ok"": true}}"
range_location,dist_low24_atr,4,3.0,3,move_ge_1atr,2356,66376,0.12560390637645324,0.7011884550084889,0.5755845486320357,6.608179176287398e-34,1.0095829297105748e-33,2392,66120,0.08815936161473914,1.2537545485893033e-17,1,1.3995399612159665e-17,4,"{""1"": {""effect"": 0.13065318921898916, ""n_state"": 622, ""ok"": true}, ""2"": {""effect"": 0.046847540298455725, ""n_state"": 579, ""ok"": true}, ""3"": {""effect"": 0.08878450332364096, ""n_state"": 585, ""ok"": true}, ""4"": {""effect"": 0.07424629601062771, ""n_state"": 606, ""ok"": true}}"
range_location,dist_low24_atr,4,0.0,24,move_ge_1atr,625,57464,0.10773701795906998,1.0,0.89226298204093,3.90627442910226e-18,4.086564018137749e-18,590,57421,0.10569303913202488,7.099768500830719e-17,1,7.099768500830719e-17,4,"{""1"": {""effect"": 0.10486030720320683, ""n_state"": 134, ""ok"": true}, ""2"": {""effect"": 0.10488205305452347, ""n_state"": 146, ""ok"": true}, ""3"": {""effect"": 0.10491287512100678, ""n_state"": 163, ""ok"": true}, ""4"": {""effect"": 0.104883865615927, ""n_state"": 147, ""ok"": true}}"
range_location,dist_low24_atr,2,0.0,12,move_ge_1atr,768,63197,0.12051182298342222,0.9908854166666666,0.8703735936832444,3.071787079003543e-23,4.1402347586569495e-23,647,63157,0.10833325033155639,1.9586632268485657e-16,1,2.130475790607212e-16,4,"{""1"": {""effect"": 0.06707922237141684, ""n_state"": 182, ""ok"": true}, ""2"": {""effect"": 0.11565410436571433, ""n_state"": 167, ""ok"": true}, ""3"": {""effect"": 0.12760343040241262, ""n_state"": 138, ""ok"": true}, ""4"": {""effect"": 0.12764753943812457, ""n_state"": 160, ""ok"": true}}"
range_location,dist_low24_atr,1,4.0,6,move_ge_1atr,1353,65783,0.08302966014073077,0.8580931263858093,0.7750634662450785,3.88090804789229e-13,4.4896779377577477e-13,1213,65718,0.09904401295730914,5.394262950512596e-16,1,6.742828688140745e-16,3,"{""1"": {""effect"": 0.11742072503262546, ""n_state"": 279, ""ok"": true}, ""2"": {""effect"": 0.06842970855689778, ""n_state"": 318, ""ok"": true}, ""3"": {""effect"": -0.0020593288861936454, ""n_state"": 291, ""ok"": false}, ""4"": {""effect"": 0.19874550456299844, ""n_state"": 325, ""ok"": true}}"
range_location,dist_high24_atr,1,5.0,3,move_ge_1atr,2163,66569,-0.09036199891370678,0.492371705963939,0.5827337048776458,5.3168776733728664e-17,5.733887686970739e-17,2446,66066,-0.08143802479638351,1.4450833318688344e-15,-1,1.5764545438569102e-15,4,"{""1"": {""effect"": -0.1208260572829416, ""n_state"": 622, ""ok"": true}, ""2"": {""effect"": -0.07748141228803301, ""n_state"": 645, ""ok"": true}, ""3"": {""effect"": -0.0780084396964667, ""n_state"": 611, ""ok"": true}, ""4"": {""effect"": -0.03705205446739068, ""n_state"": 568, ""ok"": true}}"
range_location,dist_low24_atr,4,5.0,3,move_ge_1atr,2124,66608,-0.12276085441063844,0.4609227871939736,0.5836836416046121,1.5726034630490976e-29,2.162329761692509e-29,2073,66439,-0.08790639425824426,1.8088385752016923e-15,-1,1.9294278135484718e-15,4,"{""1"": {""effect"": -0.10945169413523542, ""n_state"": 476, ""ok"": true}, ""2"": {""effect"": -0.0663767585773668, ""n_state"": 581, ""ok"": true}, ""3"": {""effect"": -0.11873595207692744, ""n_state"": 508, ""ok"": true}, ""4"": {""effect"": -0.05329005658305419, ""n_state"": 508, ""ok"": true}}"
range_location,dist_low24_atr,3,4.0,12,move_ge_1atr,1262,62703,0.07498374913779249,0.945324881141046,0.8703411320032535,3.0350918603668624e-15,3.189418565131279e-15,1239,62565,0.07552528905047706,2.8482199054641204e-15,1,3.044648864461646e-15,4,"{""1"": {""effect"": 0.10476750199566198, ""n_state"": 261, ""ok"": true}, ""2"": {""effect"": 0.07071564605451208, ""n_state"": 316, ""ok"": true}, ""3"": {""effect"": 0.03860190344277603, ""n_state"": 270, ""ok"": true}, ""4"": {""effect"": 0.08191232715883301, ""n_state"": 392, ""ok"": true}}"
range_location,dist_low24_atr,2,4.0,6,move_ge_1atr,1401,65735,0.06327020757484125,0.8386866523911491,0.7754164448163079,1.8314393008189158e-08,1.8630158404882076e-08,1342,65589,0.09188929507485533,2.815384222118539e-15,1,3.441025160367103e-15,4,"{""1"": {""effect"": 0.12597891114080262, ""n_state"": 320, ""ok"": true}, ""2"": {""effect"": 0.07839021937730684, ""n_state"": 306, ""ok"": true}, ""3"": {""effect"": 0.04601897488018447, ""n_state"": 339, ""ok"": true}, ""4"": {""effect"": 0.11023158315271642, ""n_state"": 377, ""ok"": true}}"
range_location,dist_high24_atr,4,4.0,12,move_ge_1atr,1312,62653,0.08339612676947317,0.9535060975609756,0.8701099707915024,3.7828607319346886e-19,4.2643157341809213e-19,1209,62595,0.07582796729616137,4.7135556534322194e-15,1,4.9532279747931794e-15,4,"{""1"": {""effect"": 0.08767095698146454, ""n_state"": 250, ""ok"": true}, ""2"": {""effect"": 0.07658492816495888, ""n_state"": 313, ""ok"": true}, ""3"": {""effect"": 0.03898922895132717, ""n_state"": 305, ""ok"": true}, ""4"": {""effect"": 0.09558020345103302, ""n_state"": 341, ""ok"": true}}"
range_location,dist_high24_atr,3,1.0,6,move_ge_1atr,2438,64698,0.08142947287543911,0.8552091878589008,0.7737797149834617,2.589901250976723e-21,3.472822131991515e-21,2297,64634,0.06854584662502505,1.9725000517890427e-14,1,2.35842397496516e-14,4,"{""1"": {""effect"": 0.040062959821164146, ""n_state"": 594, ""ok"": true}, ""2"": {""effect"": 0.07651068478728229, ""n_state"": 501, ""ok"": true}, ""3"": {""effect"": 0.08440896368194117, ""n_state"": 588, ""ok"": true}, ""4"": {""effect"": 0.06775302749566425, ""n_state"": 614, ""ok"": true}}"
range_location,dist_high24_atr,5,3.0,3,move_ge_1atr,2552,66180,0.11928835199148136,0.6947492163009404,0.5754608643094591,4.506519111221214e-33,6.698879759923427e-33,2190,66322,0.07876568434147002,2.504889496132606e-13,1,2.6137977350948926e-13,4,"{""1"": {""effect"": 0.13646251635762374, ""n_state"": 527, ""ok"": true}, ""2"": {""effect"": 0.06609815146885833, ""n_state"": 590, ""ok"": true}, ""3"": {""effect"": 0.043570585042692844, ""n_state"": 651, ""ok"": true}, ""4"": {""effect"": 0.06882053930572796, ""n_state"": 422, ""ok"": true}}"
range_location,dist_high24_atr,4,1.0,6,move_ge_1atr,2577,64559,0.06954947606892248,0.843616608459449,0.7740671323905265,9.25861263010268e-17,1.1380378024501212e-16,2495,64436,0.06282630441838422,2.905059068312112e-13,1,3.3995372075992803e-13,4,"{""1"": {""effect"": 0.05999814042746432, ""n_state"": 633, ""ok"": true}, ""2"": {""effect"": 0.014714133984119027, ""n_state"": 645, ""ok"": true}, ""3"": {""effect"": 0.0804009822991607, ""n_state"": 612, ""ok"": true}, ""4"": {""effect"": 0.09196199189428234, ""n_state"": 605, ""ok"": true}}"
range_location,dist_low24_atr,4,,3,move_ge_1atr,11429,57303,0.05997107381652611,0.6298888791670313,0.5699178053505052,1.8997346707304423e-32,2.7496159707940613e-32,11438,57074,0.0359321844511743,1.4607827298019262e-12,1,1.491863213414733e-12,3,"{""1"": {""effect"": 0.0630330580735401, ""n_state"": 2712, ""ok"": true}, ""2"": {""effect"": -0.0028523026468104673, ""n_state"": 2862, ""ok"": false}, ""3"": {""effect"": 0.03001262713299957, ""n_state"": 2850, ""ok"": true}, ""4"": {""effect"": 0.036108469188835146, ""n_state"": 3014, ""ok"": true}}"
range_location,dist_high24_atr,2,4.0,12,move_ge_1atr,1175,62790,0.09329755042983534,0.963404255319149,0.8701067048893136,2.5792059799996725e-21,3.1355053090192094e-21,1264,62540,0.06613767188999042,2.8733495994378943e-12,1,2.9691279194191573e-12,4,"{""1"": {""effect"": 0.07207689321203348, ""n_state"": 270, ""ok"": true}, ""2"": {""effect"": 0.043168948081406366, ""n_state"": 320, ""ok"": true}, ""3"": {""effect"": 0.0668820383776012, ""n_state"": 329, ""ok"": true}, ""4"": {""effect"": 0.07847641441889563, ""n_state"": 345, ""ok"": true}}"
range_location,dist_low24_atr,2,1.0,6,move_ge_1atr,2413,64723,0.07683287430276287,0.850808122668877,0.7739752483661141,5.645005121724248e-19,7.240332656124579e-19,2397,64534,0.05980078687164847,9.451810086617525e-12,1,1.0830199057582579e-11,4,"{""1"": {""effect"": 0.054783272084616086, ""n_state"": 564, ""ok"": true}, ""2"": {""effect"": 0.012152273160625726, ""n_state"": 633, ""ok"": true}, ""3"": {""effect"": 0.10421732766899394, ""n_state"": 569, ""ok"": true}, ""4"": {""effect"": 0.06584482482496834, ""n_state"": 631, ""ok"": true}}"
range_location,dist_high24_atr,2,1.0,6,move_ge_1atr,2324,64812,0.06813470721035808,0.842512908777969,0.774378201567611,9.203209378169867e-15,1.0859787066240445e-14,2320,64611,0.059552926559425456,2.3819513831013565e-11,1,2.6736188993994817e-11,4,"{""1"": {""effect"": 0.05662866383460696, ""n_state"": 621, ""ok"": true}, ""2"": {""effect"": 0.02690485712950008, ""n_state"": 527, ""ok"": true}, ""3"": {""effect"": 0.07114553650414812, ""n_state"": 534, ""ok"": true}, ""4"": {""effect"": 0.07402501207354995, ""n_state"": 638, ""ok"": true}}"
range_location,dist_high24_atr,3,4.0,12,move_ge_1atr,1249,62716,0.0703048694456554,0.9407526020816653,0.8704477326360099,1.842842049736296e-13,1.873052575141809e-13,1237,62567,0.06306919176660408,4.407828389457289e-11,1,4.480087871251671e-11,4,"{""1"": {""effect"": 0.10304952987640548, ""n_state"": 283, ""ok"": true}, ""2"": {""effect"": 0.04369703467564823, ""n_state"": 322, ""ok"": true}, ""3"": {""effect"": 0.021664146664146733, ""n_state"": 312, ""ok"": true}, ""4"": {""effect"": 0.08399872408795916, ""n_state"": 320, ""ok"": true}}"
range_location,dist_low24_atr,3,1.0,6,move_ge_1atr,2494,64642,0.06863571361527865,0.842822774659182,0.7741870610439033,6.655763687858029e-16,8.014082807829056e-16,2160,64771,0.059950204909947624,8.192974558493609e-11,1,9.01227201434297e-11,4,"{""1"": {""effect"": 0.05151437135274073, ""n_state"": 576, ""ok"": true}, ""2"": {""effect"": 0.02268054124360197, ""n_state"": 483, ""ok"": true}, ""3"": {""effect"": 0.1007358681147037, ""n_state"": 524, ""ok"": true}, ""4"": {""effect"": 0.05707530884841239, ""n_state"": 577, ""ok"": true}}"
range_location,dist_high24_atr,1,1.0,6,move_ge_1atr,2241,64895,0.10079094919369802,0.8741633199464525,0.7733723707527544,1.9571913422401797e-29,2.886857229804265e-29,2600,64331,0.05211249989537281,6.61174217740173e-10,1,7.130310191315591e-10,4,"{""1"": {""effect"": 0.07294914656589879, ""n_state"": 640, ""ok"": true}, ""2"": {""effect"": 0.03257519148255372, ""n_state"": 617, ""ok"": true}, ""3"": {""effect"": 0.036831492311172775, ""n_state"": 661, ""ok"": true}, ""4"": {""effect"": 0.059209392592391996, ""n_state"": 682, ""ok"": true}}"
range_location,dist_low24_atr,5,1.0,6,move_ge_1atr,2645,64491,0.050193472285621654,0.824952741020794,0.7747592687351723,1.2355515648521667e-09,1.3017418272549614e-09,3075,63856,0.045079808634468255,7.1325961452209636e-09,1,7.544092076676019e-09,4,"{""1"": {""effect"": 0.0672956632648185, ""n_state"": 727, ""ok"": true}, ""2"": {""effect"": 0.03816009178546953, ""n_state"": 789, ""ok"": true}, ""3"": {""effect"": 0.0073533202397467745, ""n_state"": 780, ""ok"": true}, ""4"": {""effect"": 0.06291079974372638, ""n_state"": 779, ""ok"": true}}"
range_location,dist_high24_atr,4,4.0,6,move_ge_1atr,1385,65751,0.05250524253876088,0.828158844765343,0.7756536022265821,3.4237825195805995e-06,3.4237825195805995e-06,1284,65647,0.057495954360257895,1.3213036511308295e-06,1,1.371164166267842e-06,3,"{""1"": {""effect"": 0.08763224235656553, ""n_state"": 284, ""ok"": true}, ""2"": {""effect"": 0.06888416151005106, ""n_state"": 325, ""ok"": true}, ""3"": {""effect"": -0.040126544773851025, ""n_state"": 313, ""ok"": false}, ""4"": {""effect"": 0.10512334271365009, ""n_state"": 362, ""ok"": true}}"
range_location,dist_low24_atr,4,4.0,12,move_ge_1atr,1281,62684,0.07105444101838199,0.9414519906323185,0.8703975496139366,5.0369862977443195e-14,5.2048858410024636e-14,1322,62482,0.04350880890307596,2.6486123854893973e-06,1,2.6486123854893973e-06,4,"{""1"": {""effect"": 0.04579985805414155, ""n_state"": 257, ""ok"": true}, ""2"": {""effect"": 0.02746951507703943, ""n_state"": 330, ""ok"": true}, ""3"": {""effect"": 0.0102638915325024, ""n_state"": 333, ""ok"": true}, ""4"": {""effect"": 0.08057140247470895, ""n_state"": 402, ""ok"": true}}"
range_location,dist_low24_atr,4,1.0,6,move_ge_1atr,2503,64633,0.05844251113538512,0.8330003995205754,0.7745578883851902,5.614209008286772e-12,6.134043175720731e-12,2260,64671,0.03731123482328458,3.5821907597908e-05,1,3.648527625712851e-05,4,"{""1"": {""effect"": 0.04678540955785804, ""n_state"": 583, ""ok"": true}, ""2"": {""effect"": 0.002267178044938256, ""n_state"": 497, ""ok"": true}, ""3"": {""effect"": 0.042178493853995414, ""n_state"": 569, ""ok"": true}, ""4"": {""effect"": 0.04876571757426673, ""n_state"": 611, ""ok"": true}}"
range_location,dist_low24_atr,5,3.0,3,move_ge_1atr,2732,66000,0.07575664403922089,0.6526354319180088,0.5768787878787879,3.798999019570543e-15,3.942357473139243e-15,2559,65953,0.04054531544474338,4.885743740182819e-05,1,4.885743740182819e-05,3,"{""1"": {""effect"": 0.07728471309491636, ""n_state"": 709, ""ok"": true}, ""2"": {""effect"": -0.013604286841888413, ""n_state"": 611, ""ok"": false}, ""3"": {""effect"": 0.001590453360567623, ""n_state"": 674, ""ok"": true}, ""4"": {""effect"": 0.0942800420577673, ""n_state"": 565, ""ok"": true}}"
range_location,dist_high24_atr,5,5.0,24,mean_fwd_ret_atr,1049,51085,0.3741861125232918,0.5411760728561674,0.1669899603328756,0.004676393258202224,0.01753647471825834,1054,51115,0.44687749920340897,4.9675217413124736e-05,1,0.00031533135550997223,3,"{""1"": {""effect"": 0.1989275716739896, ""n_state"": 270, ""ok"": true}, ""2"": {""effect"": 0.9241524474791456, ""n_state"": 281, ""ok"": true}, ""3"": {""effect"": 0.6725385991573475, ""n_state"": 262, ""ok"": true}, ""4"": {""effect"": -0.10649989306256336, ""n_state"": 241, ""ok"": false}}"
range_location,dist_high24_atr,1,3.0,24,mean_fwd_ret_atr,1912,50222,-0.44875167192963816,-0.2577747850465956,0.1909768868830425,8.897069024936062e-05,0.001000920265305307,1822,50347,-0.4012447620418227,9.00946730028492e-05,-1,0.00031533135550997223,3,"{""1"": {""effect"": -0.42303535881883203, ""n_state"": 552, ""ok"": true}, ""2"": {""effect"": -0.7072275179492233, ""n_state"": 386, ""ok"": true}, ""3"": {""effect"": 0.04125500843284444, ""n_state"": 426, ""ok"": false}, ""4"": {""effect"": -0.48670057462590244, ""n_state"": 458, ""ok"": true}}"
range_location,dist_low24_atr,4,5.0,6,move_ge_1atr,1946,65190,-0.06643215570203753,0.7122302158273381,0.7786623715293757,4.0757577558068425e-12,4.53716429420007e-12,1906,65025,-0.03322295525209662,0.0007019935734041262,-1,0.0007019935734041262,4,"{""1"": {""effect"": -0.049346380335620776, ""n_state"": 424, ""ok"": true}, ""2"": {""effect"": -0.011165547726745162, ""n_state"": 548, ""ok"": true}, ""3"": {""effect"": -0.06950006028101152, ""n_state"": 469, ""ok"": true}, ""4"": {""effect"": -0.004967047587431717, ""n_state"": 465, ""ok"": true}}"
range_location,dist_low24_atr,1,5.0,6,up_first_1atr,1508,50366,0.0522919181195769,0.5543766578249337,0.5020847397053568,6.282568417872787e-05,0.00020941894726242622,1405,49707,0.048608446922453086,0.00032616619686751276,1,0.0009784985906025382,4,"{""1"": {""effect"": 0.060927862028050284, ""n_state"": 355, ""ok"": true}, ""2"": {""effect"": 0.07270270526770334, ""n_state"": 332, ""ok"": true}, ""3"": {""effect"": 0.03602926228073311, ""n_state"": 405, ""ok"": true}, ""4"": {""effect"": 0.020835672157013985, ""n_state"": 313, ""ok"": true}}"
range_location,dist_low24_atr,2,4.0,3,mean_fwd_ret_atr,1479,60464,-0.06785008469844023,-0.036023852961428966,0.03182623173701126,0.015263164532924619,0.024802642366002506,1397,60424,-0.1026272776068527,0.00149898858388471,-1,0.00449696575165413,4,"{""1"": {""effect"": -0.10008925862047757, ""n_state"": 335, ""ok"": true}, ""2"": {""effect"": -0.15643636850515347, ""n_state"": 322, ""ok"": true}, ""3"": {""effect"": -0.02745603187419087, ""n_state"": 354, ""ok"": true}, ""4"": {""effect"": -0.12254850952144525, ""n_state"": 386, ""ok"": true}}"
range_location,dist_high24_atr,1,4.0,12,mean_fwd_ret_atr,1316,56298,-0.20149725980560848,-0.11404428355902302,0.08745297624658546,0.000677601058371364,0.00487872762027382,1398,56148,-0.19002119776115006,0.001430376560515724,-1,0.005721506242062896,3,"{""1"": {""effect"": -0.47577093890752264, ""n_state"": 264, ""ok"": true}, ""2"": {""effect"": -0.38527734796484825, ""n_state"": 342, ""ok"": true}, ""3"": {""effect"": 0.284093630156892, ""n_state"": 391, ""ok"": false}, ""4"": {""effect"": -0.2850608176910531, ""n_state"": 401, ""ok"": true}}"
range_location,dist_high24_atr,3,1.0,3,mean_fwd_ret_atr,2444,59499,-0.06332008627813379,-0.030615562957008638,0.03270452332112515,0.011707687230122664,0.022074890946856683,2297,59524,-0.06254568459032213,0.007115698398164527,-1,0.01067354759724679,3,"{""1"": {""effect"": -0.005653664561194132, ""n_state"": 594, ""ok"": true}, ""2"": {""effect"": -0.18354045087906562, ""n_state"": 501, ""ok"": true}, ""3"": {""effect"": 0.0023402439269917252, ""n_state"": 588, ""ok"": false}, ""4"": {""effect"": -0.07428465520103085, ""n_state"": 614, ""ok"": true}}"
range_location,dist_high24_atr,3,4.0,24,mean_fwd_ret_atr,1128,51006,-0.23917534617503824,-0.05948137267374323,0.179693973501295,0.0026057193592407186,0.0135127543915927,1133,51036,-0.24398973459297724,0.004639741868379972,-1,0.010826064359553267,4,"{""1"": {""effect"": -0.7154200858680424, ""n_state"": 243, ""ok"": true}, ""2"": {""effect"": -0.15260748262985602, ""n_state"": 305, ""ok"": true}, ""3"": {""effect"": -0.004020045838845465, ""n_state"": 299, ""ok"": true}, ""4"": {""effect"": -0.17554662302886148, ""n_state"": 286, ""ok"": true}}"
range_location,dist_high24_atr,4,0.0,12,mean_fwd_ret_atr,717,56897,0.40567902276091417,0.4834808334362191,0.07780181067530495,0.011876792854291031,0.03563037856287309,734,56812,0.2953038413134064,0.006147300211895227,1,0.012294600423790453,3,"{""1"": {""effect"": 0.6703949557727565, ""n_state"": 187, ""ok"": true}, ""2"": {""effect"": 0.5029469898229323, ""n_state"": 192, ""ok"": true}, ""3"": {""effect"": -0.31779937387694246, ""n_state"": 180, ""ok"": false}, ""4"": {""effect"": 0.28551499420105814, ""n_state"": 175, ""ok"": true}}"
range_location,dist_low24_atr,5,5.0,24,up_first_1atr,1194,50519,-0.05303026610582817,0.4581239530988275,0.5111542192046556,0.0002911983224967784,0.00046591731599484546,1173,50533,-0.03597976347919751,0.014832496227115412,-1,0.014832496227115412,3,"{""1"": {""effect"": -0.11634072425317987, ""n_state"": 223, ""ok"": true}, ""2"": {""effect"": -0.041875042948700425, ""n_state"": 324, ""ok"": true}, ""3"": {""effect"": 0.045596023519328344, ""n_state"": 342, ""ok"": false}, ""4"": {""effect"": -0.06168716628658416, ""n_state"": 284, ""ok"": true}}"
range_location,dist_low24_atr,1,2.0,12,up_first_1atr,2535,53006,-0.04999717571327755,0.4591715976331361,0.5091687733464136,8.706553538382013e-07,4.353276769191006e-06,2218,53172,-0.02551381138041764,0.018543537452632854,-1,0.018543537452632854,3,"{""1"": {""effect"": -0.024897325105081303, ""n_state"": 518, ""ok"": true}, ""2"": {""effect"": -0.06263216679946637, ""n_state"": 562, ""ok"": true}, ""3"": {""effect"": 0.04394164778881249, ""n_state"": 668, ""ok"": false}, ""4"": {""effect"": -0.07661666485875002, ""n_state"": 470, ""ok"": true}}"
range_location,dist_low24_atr,1,5.0,3,mean_fwd_ret_atr,2144,59799,0.2488782673353645,0.2704701662109384,0.021591898875573896,0.00012629082987025122,0.001641780788313266,2016,59805,0.14905329968604578,0.02110228154083459,1,0.02110228154083459,3,"{""1"": {""effect"": 0.22548870472611018, ""n_state"": 510, ""ok"": true}, ""2"": {""effect"": -0.08874891573432007, ""n_state"": 441, ""ok"": false}, ""3"": {""effect"": 0.2849285882883613, ""n_state"": 621, ""ok"": true}, ""4"": {""effect"": 0.09150770856943116, ""n_state"": 444, ""ok"": true}}"
range_location,dist_high24_atr,1,4.0,24,mean_fwd_ret_atr,1213,50921,-0.32966524860789415,-0.14747589481588805,0.1821893537920061,4.547229319696874e-05,0.0006820843979545311,1258,50911,-0.20900437439324285,0.015146499715800725,-1,0.026506374502651267,3,"{""1"": {""effect"": -0.8255471602046461, ""n_state"": 214, ""ok"": true}, ""2"": {""effect"": -0.36542627835084873, ""n_state"": 319, ""ok"": true}, ""3"": {""effect"": 0.39741841969797, ""n_state"": 376, ""ok"": false}, ""4"": {""effect"": -0.32636395869874174, ""n_state"": 349, ""ok"": true}}"
range_location,dist_low24_atr,1,5.0,6,mean_fwd_ret_atr,1987,58498,0.3259401869755411,0.3622153644299931,0.03627517745445195,2.8653551987353447e-05,0.0008882601116079569,1828,58548,0.17208962286365534,0.014260428473840176,1,0.02852085694768035,4,"{""1"": {""effect"": 0.27601746784178643, ""n_state"": 469, ""ok"": true}, ""2"": {""effect"": 0.16026401297913417, ""n_state"": 409, ""ok"": true}, ""3"": {""effect"": 0.17024487779116773, ""n_state"": 552, ""ok"": true}, ""4"": {""effect"": 0.04650955405960521, ""n_state"": 398, ""ok"": true}}"
range_location,dist_low24_atr,1,2.0,6,up_first_1atr,2420,49454,-0.04799257478441438,0.4578512396694215,0.5058438144538359,4.016845358763041e-06,4.016845358763041e-05,2120,48992,-0.025158824544323,0.02331444982699373,-1,0.034971674740490594,3,"{""1"": {""effect"": -0.030355646882162413, ""n_state"": 500, ""ok"": true}, ""2"": {""effect"": -0.05908635265735346, ""n_state"": 548, ""ok"": true}, ""3"": {""effect"": 0.049034403969262674, ""n_state"": 629, ""ok"": false}, ""4"": {""effect"": -0.07861820133298186, ""n_state"": 443, ""ok"": true}}"
range_location,dist_high24_atr,3,0.0,6,mean_fwd_ret_atr,712,59773,0.2456584569103355,0.28974936273050195,0.04409090582016644,0.0021378066293560975,0.01104533425167317,660,59716,0.15626821552266115,0.06111093934624259,1,0.06111093934624259,3,"{""1"": {""effect"": -0.055814481246225976, ""n_state"": 173, ""ok"": false}, ""2"": {""effect"": 0.28671458547618145, ""n_state"": 169, ""ok"": true}, ""3"": {""effect"": 0.143269661383134, ""n_state"": 155, ""ok"": true}, ""4"": {""effect"": 0.2532536385704479, ""n_state"": 163, ""ok"": true}}"
range_location,dist_high24_atr,2,4.0,24,mean_fwd_ret_atr,1073,51061,-0.24082128912547773,-0.061345763225629145,0.17947552589984858,0.007619135986170977,0.02449007995554957,1123,51046,-0.1648200863951736,0.06576975813201022,-1,0.06576975813201022,3,"{""1"": {""effect"": -0.7205851186866006, ""n_state"": 233, ""ok"": true}, ""2"": {""effect"": 0.12429959611907954, ""n_state"": 295, ""ok"": false}, ""3"": {""effect"": -0.013574784970196402, ""n_state"": 297, ""ok"": true}, ""4"": {""effect"": -0.15664788835606672, ""n_state"": 298, ""ok"": true}}"
range_location,dist_high24_atr,1,,24,mean_fwd_ret_atr,9628,42506,-0.1424996485717276,0.05833593742742194,0.20083558599914952,0.0014127234126783004,0.010595425595087254,10264,41905,-0.07694940643899789,0.06145345022562805,-1,0.06576975813201022,3,"{""1"": {""effect"": 0.004898434503010585, ""n_state"": 2475, ""ok"": false}, ""2"": {""effect"": -0.01886471498383399, ""n_state"": 2433, ""ok"": true}, ""3"": {""effect"": -0.09267603403590922, ""n_state"": 2635, ""ok"": true}, ""4"": {""effect"": -0.14359454608848757, ""n_state"": 2721, ""ok"": true}}"
range_location,dist_low24_atr,2,4.0,12,mean_fwd_ret_atr,1324,56290,-0.16991470704154388,-0.08315953552612056,0.08675517151542331,0.0031024419219846857,0.013960988648931087,1280,56266,-0.11123625482105684,0.07414167672937423,-1,0.07546270587470144,3,"{""1"": {""effect"": -0.28947865512275095, ""n_state"": 307, ""ok"": true}, ""2"": {""effect"": 0.03259601977335172, ""n_state"": 298, ""ok"": false}, ""3"": {""effect"": -0.16142182753387257, ""n_state"": 322, ""ok"": true}, ""4"": {""effect"": -0.025071278421268578, ""n_state"": 353, ""ok"": true}}"
range_location,dist_high24_atr,4,5.0,6,up_first_1atr,1406,50468,0.041619911314308644,0.5440967283072546,0.502476816992946,0.0020790146953867878,0.0041580293907735755,1358,49754,0.02414693251030714,0.07910918846697663,1,0.07910918846697663,3,"{""1"": {""effect"": -0.02043626219500344, ""n_state"": 321, ""ok"": false}, ""2"": {""effect"": 0.02601365002068634, ""n_state"": 367, ""ok"": true}, ""3"": {""effect"": 0.06804097673103748, ""n_state"": 340, ""ok"": true}, ""4"": {""effect"": 0.018240894232387284, ""n_state"": 330, ""ok"": true}}"
