dataset,feature,operator,quantile,cutpoint,horizon_bars,direction,hour_start,hour_width,confirmation_bh_q,neighbor_stress,y2024.n,y2024.mean_atr,y2024.sd_atr,y2024.p,y2025.n,y2025.mean_atr,y2025.sd_atr,y2025.p,y2025_h1.n,y2025_h1.mean_atr,y2025_h1.sd_atr,y2025_h1.p,y2025_h2.n,y2025_h2.mean_atr,y2025_h2.sd_atr,y2025_h2.p
D:\MT5_Backtests\Research\PhenomenonDiscovery\phase_ib_v1\xauusd_m5_2024_2025_news_clean.csv,sma50,lt,0.95,4.165693418933101,48,1,,,2.940467420439284e-149,"[{'quantile': 0.9, 'cutpoint': 3.2524209508981476, 'y2025': {'n': 62164, 'mean_atr': 0.5436051074156542, 'sd_atr': 5.31328481565664, 'p': 1.5747010086700022e-143}}]",66876,0.3897467949096299,5.703229099892222,6.835653756778139e-70,66141,0.5455355988490779,5.3130660883830325,1.1493384226232349e-153,32624,0.5149383480818349,5.172473064910537,2.720966472810919e-72,33517,0.5753176410673713,5.4463410177712746,2.5201231796641555e-83
D:\MT5_Backtests\Research\PhenomenonDiscovery\phase_ib_v1\xauusd_m5_2024_2025_news_clean.csv,sma100,lt,0.95,6.124576007421474,48,1,,,8.809793227346128e-147,"[{'quantile': 0.9, 'cutpoint': 4.893026995803664, 'y2025': {'n': 61727, 'mean_atr': 0.53776868843104, 'sd_atr': 5.302190873587192, 'p': 4.141678086646139e-140}}]",66828,0.4127238631389524,5.649430742072687,1.4941475871641082e-79,65345,0.5413242853326025,5.29749051340945,2.093049413284999e-150,32255,0.485486432404764,5.153499839297052,3.262055524540112e-64,33090,0.5957531141687291,5.4337024588396385,1.6797668133018369e-88
D:\MT5_Backtests\Research\PhenomenonDiscovery\phase_ib_v1\xauusd_m5_2024_2025_news_clean.csv,ret48,lt,0.95,7.425274109003823,48,1,,,8.809793227346128e-147,"[{'quantile': 0.9, 'cutpoint': 5.890079132382748, 'y2025': {'n': 62092, 'mean_atr': 0.535157114738188, 'sd_atr': 5.283631860906002, 'p': 1.5079991047949542e-140}}]",66877,0.3892064488229704,5.688943678618667,4.7986087815153606e-70,65783,0.5384907749462566,5.282418081482914,1.0994032495324051e-150,32394,0.4703705413708825,5.1290072437620085,3.327599647472912e-61,33389,0.6045810096475257,5.426373801271238,3.9008193048434504e-92
D:\MT5_Backtests\Research\PhenomenonDiscovery\phase_ib_v1\xauusd_m5_2024_2025_raw.csv,sma50,lt,0.95,4.146601943489513,48,1,,,8.809793227346128e-147,"[{'quantile': 0.9, 'cutpoint': 3.2316154238280803, 'y2025': {'n': 63024, 'mean_atr': 0.531094891738958, 'sd_atr': 5.256130979684759, 'p': 5.924282781757227e-142}}]",67785,0.38248117552736816,5.622941775292493,3.52418452843794e-70,67060,0.530989763961739,5.258607586051728,1.0243920575137496e-150,33125,0.5030552196587258,5.136727795584641,4.596134200074012e-71,33935,0.5582575341116524,5.3748490197684555,1.3309203378789968e-81
D:\MT5_Backtests\Research\PhenomenonDiscovery\phase_ib_v1\xauusd_m5_2024_2025_news_clean.csv,dow,lt,0.9,4.0,48,1,,,8.809793227346128e-147,"[{'quantile': 0.8, 'cutpoint': 3.0, 'y2025': {'n': 42425, 'mean_atr': 0.605828330430083, 'sd_atr': 5.10388913223768, 'p': 5.170172869602965e-132}}, {'quantile': 0.95, 'cutpoint': 4.0, 'y2025': {'n': 56242, 'mean_atr': 0.5646803827881488, 'sd_atr': 5.126400109027105, 'p': 2.005755172919975e-150}}]",56527,0.3157689401619216,5.580076125576529,2.9094648281884464e-41,56242,0.5646803827881488,5.126400109027105,2.005755172919975e-150,27691,0.7064821757833936,5.065806149215953,3.855229446167355e-119,28551,0.4271498777329379,5.180874766970514,4.0954216870686825e-44
D:\MT5_Backtests\Research\PhenomenonDiscovery\phase_ib_v1\xauusd_m5_2024_2025_news_clean.csv,dow,lt,0.95,4.0,48,1,,,8.809793227346128e-147,"[{'quantile': 0.9, 'cutpoint': 4.0, 'y2025': {'n': 56242, 'mean_atr': 0.5646803827881488, 'sd_atr': 5.126400109027105, 'p': 2.005755172919975e-150}}]",56527,0.3157689401619216,5.580076125576529,2.9094648281884464e-41,56242,0.5646803827881488,5.126400109027105,2.005755172919975e-150,27691,0.7064821757833936,5.065806149215953,3.855229446167355e-119,28551,0.4271498777329379,5.180874766970514,4.0954216870686825e-44
D:\MT5_Backtests\Research\PhenomenonDiscovery\phase_ib_v1\xauusd_m1_2024_2025_raw.csv,dow,lt,0.95,4.0,48,1,,,8.809793227346128e-147,"[{'quantile': 0.9, 'cutpoint': 4.0, 'y2025': {'n': 284449, 'mean_atr': 0.2673195639261662, 'sd_atr': 5.460269976748716, 'p': 2.7547821223721474e-150}}]",285959,0.18790418608765466,5.819014926774026,8.211218223362829e-67,284449,0.2673195639261662,5.460269976748716,2.7547821223721474e-150,139969,0.31438325175496945,5.467241644171085,1.1688246237200636e-102,144480,0.22172531336062243,5.453139052699387,6.967437851920374e-54
D:\MT5_Backtests\Research\PhenomenonDiscovery\phase_ib_v1\xauusd_m1_2024_2025_raw.csv,dow,lt,0.9,4.0,48,1,,,8.809793227346128e-147,"[{'quantile': 0.8, 'cutpoint': 3.0, 'y2025': {'n': 214406, 'mean_atr': 0.29685547321438105, 'sd_atr': 5.440586869446918, 'p': 7.766788644547396e-141}}, {'quantile': 0.95, 'cutpoint': 4.0, 'y2025': {'n': 284449, 'mean_atr': 0.2673195639261662, 'sd_atr': 5.460269976748716, 'p': 2.7547821223721474e-150}}]",285959,0.18790418608765466,5.819014926774026,8.211218223362829e-67,284449,0.2673195639261662,5.460269976748716,2.7547821223721474e-150,139969,0.31438325175496945,5.467241644171085,1.1688246237200636e-102,144480,0.22172531336062243,5.453139052699387,6.967437851920374e-54
D:\MT5_Backtests\Research\PhenomenonDiscovery\phase_ib_v1\xauusd_m5_2024_2025_raw.csv,sma100,lt,0.95,6.057325788441269,48,1,,,3.5781030148171373e-146,"[{'quantile': 0.9, 'cutpoint': 4.855091562709894, 'y2025': {'n': 62526, 'mean_atr': 0.5213861631104857, 'sd_atr': 5.244810147573059, 'p': 2.137518299410998e-136}}]",67737,0.40606281570929376,5.568045248695888,2.4809803812757027e-80,66240,0.5302347941323575,5.2381523501185105,1.258713537107342e-149,32725,0.47568002814415106,5.1113695738056295,1.3480462424418173e-63,33515,0.583503620537372,5.358593655504366,2.0302988030196676e-88
D:\MT5_Backtests\Research\PhenomenonDiscovery\phase_ib_v1\xauusd_m5_2024_2025_raw.csv,ret48,lt,0.95,7.337800497498546,48,1,,,8.678016173166787e-146,"[{'quantile': 0.9, 'cutpoint': 5.820849461766548, 'y2025': {'n': 62876, 'mean_atr': 0.5217925399569661, 'sd_atr': 5.22769631737775, 'p': 3.014560644540927e-138}}]",67786,0.3851197602875822,5.611547439590321,2.0825472847291232e-71,66607,0.5269530099196106,5.227762697342574,3.3919700489238534e-149,32822,0.4619457659667579,5.0916203443331,1.0426698037904819e-60,33785,0.5901073020913002,5.3560317758368114,3.470052978833014e-91
D:\MT5_Backtests\Research\PhenomenonDiscovery\phase_ib_v1\xauusd_m5_2024_2025_raw.csv,dow,lt,0.95,4.0,48,1,,,1.2801778073638581e-144,"[{'quantile': 0.9, 'cutpoint': 4.0, 'y2025': {'n': 57056, 'mean_atr': 0.5508558642130265, 'sd_atr': 5.079511443105863, 'p': 6.004586338479635e-148}}]",57361,0.3095519630263851,5.500761812913194,2.1130780167678084e-41,57056,0.5508558642130265,5.079511443105863,6.004586338479635e-148,28110,0.687914509110215,5.0333464752524995,3.3403265975404e-116,28946,0.4177556601067606,5.120521868254269,8.326250666339224e-44
D:\MT5_Backtests\Research\PhenomenonDiscovery\phase_ib_v1\xauusd_m5_2024_2025_raw.csv,dow,lt,0.9,4.0,48,1,,,1.2801778073638581e-144,"[{'quantile': 0.8, 'cutpoint': 3.0, 'y2025': {'n': 42997, 'mean_atr': 0.5923672625919568, 'sd_atr': 5.058303668094958, 'p': 2.953031583553561e-130}}, {'quantile': 0.95, 'cutpoint': 4.0, 'y2025': {'n': 57056, 'mean_atr': 0.5508558642130265, 'sd_atr': 5.079511443105863, 'p': 6.004586338479635e-148}}]",57361,0.3095519630263851,5.500761812913194,2.1130780167678084e-41,57056,0.5508558642130265,5.079511443105863,6.004586338479635e-148,28110,0.687914509110215,5.0333464752524995,3.3403265975404e-116,28946,0.4177556601067606,5.120521868254269,8.326250666339224e-44
D:\MT5_Backtests\Research\PhenomenonDiscovery\phase_ib_v1\xauusd_m5_2024_2025_news_clean.csv,atr_regime,gt,0.05,0.7008502408058511,48,1,,,1.886407353791605e-144,"[{'quantile': 0.1, 'cutpoint': 0.750518476438419, 'y2025': {'n': 65224, 'mean_atr': 0.5158307912481153, 'sd_atr': 5.295465375629518, 'p': 1.3034941594475141e-136}}]",66876,0.3422186689558013,5.749575458326608,1.8440674118866923e-53,67988,0.5258508418366532,5.29681114093753,9.585403220485798e-148,33437,0.49998608080756,5.157829403276688,2.6535594152747474e-70,34551,0.5508816662564899,5.427881817890501,2.210102300851279e-79
D:\MT5_Backtests\Research\PhenomenonDiscovery\phase_ib_v1\xauusd_m5_2024_2025_news_clean.csv,ret24,lt,0.95,5.030150634485174,48,1,,,4.460080272616127e-144,"[{'quantile': 0.9, 'cutpoint': 3.9402679908463076, 'y2025': {'n': 62363, 'mean_atr': 0.5355552271470806, 'sd_atr': 5.324477694174379, 'p': 3.1365586572629212e-139}}]",66899,0.38479638934913674,5.71549152383292,6.512244798069572e-68,66174,0.5343493883476471,5.317536367209372,2.4406317939581682e-147,32558,0.5107359545845951,5.18444340018449,1.0931180219076848e-70,33616,0.5572196339585898,5.4433186749370766,1.3601387316554127e-78
D:\MT5_Backtests\Research\PhenomenonDiscovery\phase_ib_v1\xauusd_m5_2024_2025_news_clean.csv,rsi14,lt,0.95,69.3216759831874,48,1,,,2.794808016312161e-143,"[{'quantile': 0.9, 'cutpoint': 64.89897664434801, 'y2025': {'n': 62049, 'mean_atr': 0.5243062462636373, 'sd_atr': 5.304452557762075, 'p': 7.462759331970171e-134}}]",66909,0.3846596676323277,5.694797233796183,2.344658152116116e-68,66079,0.5316138472608313,5.3016217205911,1.6386069514025335e-146,32546,0.5080982025941523,5.174942531842251,3.331353156494275e-70,33533,0.5544373396808874,5.4217222018421305,3.0234091179794227e-78
D:\MT5_Backtests\Research\PhenomenonDiscovery\phase_ib_v1\xauusd_m1_2024_2025_raw.csv,ret24,lt,0.95,5.430892405695557,48,1,,,2.948174567796452e-143,"[{'quantile': 0.9, 'cutpoint': 4.271153173787598, 'y2025': {'n': 319469, 'mean_atr': 0.25254080073511725, 'sd_atr': 5.558294460022834, 'p': 1.9278647623707735e-145}}]",338067,0.2223954874278679,5.991817910208895,2.717641750897264e-103,336803,0.2471485295359763,5.565494157879381,1.8437614557826467e-146,166046,0.23144392082792004,5.641441248548072,9.782324429654823e-63,170757,0.2624198651622634,5.490608475923488,8.033421501977491e-87
D:\MT5_Backtests\Research\PhenomenonDiscovery\phase_ib_v1\xauusd_m5_2024_2025_raw.csv,ret24,lt,0.95,5.006526644610674,48,1,,,1.4374140933193918e-142,"[{'quantile': 0.9, 'cutpoint': 3.919888409674747, 'y2025': {'n': 63176, 'mean_atr': 0.5205083161701733, 'sd_atr': 5.26607067851496, 'p': 3.021475054444233e-136}}]",67809,0.37580450556192113,5.627397955378751,9.834122467532389e-68,67071,0.5221569273836583,5.260206084345562,9.551297524401836e-146,33035,0.50290513729252,5.145341375302405,1.3253574202559962e-70,34036,0.5408425216268347,5.369352801930586,4.403259230778252e-77
D:\MT5_Backtests\Research\PhenomenonDiscovery\phase_ib_v1\xauusd_m5_2024_2025_raw.csv,atr_regime,gt,0.05,0.7036569762950827,48,1,,,1.5108889473499019e-142,"[{'quantile': 0.1, 'cutpoint': 0.7520764528361122, 'y2025': {'n': 66128, 'mean_atr': 0.5053580198502383, 'sd_atr': 5.234643707300663, 'p': 4.711516798011057e-136}}]",67785,0.3367448648411156,5.666525855284671,5.348316280790436e-54,68879,0.5134686466136108,5.242783170746446,1.0630081712124075e-145,33945,0.4904509157090956,5.118648335269817,9.582425395014731e-70,34934,0.535834733393074,5.360629372447155,6.84889768089967e-78
D:\MT5_Backtests\Research\PhenomenonDiscovery\phase_ib_v1\xauusd_m5_2024_2025_news_clean.csv,sma20,lt,0.95,2.5413055779642115,48,1,,,1.8033254243426824e-142,"[{'quantile': 0.9, 'cutpoint': 1.9247398410451957, 'y2025': {'n': 62639, 'mean_atr': 0.5235170429242971, 'sd_atr': 5.290630283434465, 'p': 2.1147540055991324e-135}}]",66904,0.3830668932457789,5.695106565678248,8.546522849774843e-68,66546,0.5268613929637213,5.289487260521969,1.3392426150137182e-145,32774,0.5092212029057962,5.165205527442182,3.0089101205155735e-71,33772,0.5439802958702246,5.407387404850254,2.611942765235357e-76
D:\MT5_Backtests\Research\PhenomenonDiscovery\phase_ib_v1\xauusd_m1_2024_2025_raw.csv,ret24,lt,0.9,4.271153173787598,48,1,,,2.4661246040246935e-142,"[{'quantile': 0.8, 'cutpoint': 2.824599790363645, 'y2025': {'n': 283726, 'mean_atr': 0.25009058644690785, 'sd_atr': 5.552158903767299, 'p': 3.288308340159834e-127}}, {'quantile': 0.95, 'cutpoint': 5.430892405695557, 'y2025': {'n': 336803, 'mean_atr': 0.2471485295359763, 'sd_atr': 5.565494157879381, 'p': 1.8437614557826467e-146}}]",320274,0.22648978876629988,5.979162218116981,6.005565662352615e-102,319469,0.25254080073511725,5.558294460022834,1.9278647623707735e-145,157475,0.22993435405722062,5.6406412182478185,7.402695603349059e-59,161994,0.274516615830749,5.476986220655241,1.6812081065104954e-90
D:\MT5_Backtests\Research\PhenomenonDiscovery\phase_ib_v1\xauusd_m1_2024_2025_raw.csv,rsi14,lt,0.95,69.30561344687472,48,1,,,4.481350233548483e-142,"[{'quantile': 0.9, 'cutpoint': 65.12325745737388, 'y2025': {'n': 317279, 'mean_atr': 0.24650717342267067, 'sd_atr': 5.551660809752723, 'p': 4.666453703547917e-138}}]",338077,0.21976438981605823,5.9979288428123,1.0393809613289045e-100,335462,0.24618408488673132,5.557794737822032,3.6784066175937355e-145,165291,0.22957697293271925,5.639146631090511,1.5594713336113547e-61,170171,0.26231495408295524,5.477587538322026,7.269075275762876e-87
D:\MT5_Backtests\Research\PhenomenonDiscovery\phase_ib_v1\xauusd_m5_2024_2025_raw.csv,rsi14,lt,0.95,69.30248532600754,48,1,,,1.849327653396095e-141,"[{'quantile': 0.9, 'cutpoint': 64.87108022099164, 'y2025': {'n': 62877, 'mean_atr': 0.5092075615552324, 'sd_atr': 5.24753856762298, 'p': 8.902181343392011e-131}}]",67818,0.37773607732157666,5.612177090439831,8.776958367535668e-69,66980,0.5186280666598236,5.243437732794058,1.5902598645526145e-144,33036,0.49674908112625094,5.136999790739808,3.7587389015014687e-69,33944,0.5399217906194956,5.344983272407636,2.624619849586667e-77
D:\MT5_Backtests\Research\PhenomenonDiscovery\phase_ib_v1\xauusd_m1_2024_2025_news_clean.csv,dow,lt,0.95,4.0,48,1,,,4.2095392299395227e-141,"[{'quantile': 0.9, 'cutpoint': 4.0, 'y2025': {'n': 281463, 'mean_atr': 0.2654056222467172, 'sd_atr': 5.508216902825108, 'p': 3.9489110975042425e-144}}]",282901,0.19080059943588845,5.8985911507963875,2.4457759461818703e-66,281463,0.2654056222467172,5.508216902825108,3.9489110975042425e-144,138430,0.31652589783365687,5.4983902053531635,8.985927447350424e-102,143033,0.21593046791519896,5.517278898454911,1.431516926093201e-49
D:\MT5_Backtests\Research\PhenomenonDiscovery\phase_ib_v1\xauusd_m1_2024_2025_news_clean.csv,dow,lt,0.9,4.0,48,1,,,4.2095392299395227e-141,"[{'quantile': 0.8, 'cutpoint': 3.0, 'y2025': {'n': 212310, 'mean_atr': 0.2940404243928527, 'sd_atr': 5.490003107434924, 'p': 1.817704721515167e-134}}, {'quantile': 0.95, 'cutpoint': 4.0, 'y2025': {'n': 281463, 'mean_atr': 0.2654056222467172, 'sd_atr': 5.508216902825108, 'p': 3.9489110975042425e-144}}]",282901,0.19080059943588845,5.8985911507963875,2.4457759461818703e-66,281463,0.2654056222467172,5.508216902825108,3.9489110975042425e-144,138430,0.31652589783365687,5.4983902053531635,8.985927447350424e-102,143033,0.21593046791519896,5.517278898454911,1.431516926093201e-49
D:\MT5_Backtests\Research\PhenomenonDiscovery\phase_ib_v1\xauusd_m5_2024_2025_news_clean.csv,ret12,lt,0.95,3.5615045983981637,48,1,,,5.428879247509045e-141,"[{'quantile': 0.9, 'cutpoint': 2.7205665590023433, 'y2025': {'n': 62698, 'mean_atr': 0.5244022446029389, 'sd_atr': 5.290442612212263, 'p': 5.472433932888767e-136}}]",66910,0.3800536586287974,5.70968098772045,1.9514653132101775e-66,66470,0.5254134101040046,5.301633960193953,5.381423290441625e-144,32744,0.5061224735415067,5.172710474681032,3.8163429385400686e-70,33726,0.5441426524334368,5.42388352686823,8.427479532399503e-76
D:\MT5_Backtests\Research\PhenomenonDiscovery\phase_ib_v1\xauusd_m1_2024_2025_news_clean.csv,ret24,lt,0.95,5.449101948101351,48,1,,,5.428879247509045e-141,"[{'quantile': 0.9, 'cutpoint': 4.283284773102547, 'y2025': {'n': 316300, 'mean_atr': 0.2535396541325944, 'sd_atr': 5.609853640861459, 'p': 1.5889626444841806e-142}}]",334734,0.22627990320058278,6.0623378393891585,1.9959435671281558e-103,333528,0.24836682569941787,5.613995100734622,5.517153706818135e-144,164334,0.23202510596715203,5.6755546219268105,1.099847751707544e-61,169194,0.26423913896396733,5.553521376211378,2.713021567250093e-85
D:\MT5_Backtests\Research\PhenomenonDiscovery\phase_ib_v1\xauusd_m1_2024_2025_raw.csv,lwick,lt,0.95,0.6582086425239945,48,1,,,6.646162025249587e-141,"[{'quantile': 0.9, 'cutpoint': 0.5205162016793521, 'y2025': {'n': 316849, 'mean_atr': 0.2426617142026455, 'sd_atr': 5.549995175155674, 'p': 9.557610817042801e-134}}]",338078,0.2141294081603608,5.984238516884807,3.867956362763716e-96,335664,0.24489409716332447,5.555235929789036,7.014007765859085e-144,165418,0.23370407054631737,5.635415215440357,7.900925608937206e-64,170246,0.2557667862305101,5.476200752155105,9.418144869429008e-83
D:\MT5_Backtests\Research\PhenomenonDiscovery\phase_ib_v1\xauusd_m1_2024_2025_raw.csv,rsi7,lt,0.95,77.5145521981275,48,1,,,7.298948630853466e-141,"[{'quantile': 0.9, 'cutpoint': 72.06625956989893, 'y2025': {'n': 318322, 'mean_atr': 0.24347728953111258, 'sd_atr': 5.54357140287508, 'p': 1.4713061981872553e-135}}]",338078,0.2212938473866014,5.9896091118619275,2.282919599566078e-102,336004,0.24448338192926863,5.549832184458388,7.988217701059141e-144,165475,0.2334641349296409,5.64150739881516,1.37142449599237e-63,170529,0.2551760494360469,5.459397794456056,5.202773677391802e-83
D:\MT5_Backtests\Research\PhenomenonDiscovery\phase_ib_v1\xauusd_m5_2024_2025_news_clean.csv,ret1,lt,0.95,1.0221891217523322,48,1,,,8.29939388424353e-141,"[{'quantile': 0.9, 'cutpoint': 0.7640745414428773, 'y2025': {'n': 63389, 'mean_atr': 0.5260222611303438, 'sd_atr': 5.270248188298777, 'p': 2.3812502650284524e-139}}]",66910,0.3638125296200186,5.672155515970345,8.08337358355757e-62,66855,0.5208038004834336,5.2748262863590964,9.407536845022764e-144,32921,0.48914070456288783,5.158819605906516,2.4942644866209734e-66,33934,0.5515216875819273,5.384880266301412,2.1284155295525222e-79
D:\MT5_Backtests\Research\PhenomenonDiscovery\phase_ib_v1\xauusd_m5_2024_2025_news_clean.csv,sma50,lt,0.9,3.2524209508981476,48,1,,,1.342905020193778e-140,"[{'quantile': 0.8, 'cutpoint': 2.1586990656447083, 'y2025': {'n': 54987, 'mean_atr': 0.5061310363870577, 'sd_atr': 5.322885115223771, 'p': 3.953633805443135e-110}}, {'quantile': 0.95, 'cutpoint': 4.165693418933101, 'y2025': {'n': 66141, 'mean_atr': 0.5455355988490779, 'sd_atr': 5.3130660883830325, 'p': 1.1493384226232349e-153}}]",63356,0.3987243523228311,5.7270908570721035,9.402481488125462e-69,62164,0.5436051074156542,5.31328481565664,1.5747010086700022e-143,30574,0.4994065972555663,5.17654523377244,7.602061759719059e-64,31590,0.586382101706079,5.442096066558538,9.5118269194615e-82
D:\MT5_Backtests\Research\PhenomenonDiscovery\phase_ib_v1\xauusd_m5_2024_2025_news_clean.csv,body,lt,0.95,1.0079408227081856,48,1,,,1.453233792419675e-140,"[{'quantile': 0.9, 'cutpoint': 0.7571075403231354, 'y2025': {'n': 63407, 'mean_atr': 0.5258525616781335, 'sd_atr': 5.2684303855914205, 'p': 2.146218148179378e-139}}]",66910,0.3631290516119992,5.667957954164485,1.1071980540017554e-61,66841,0.5200501171047078,5.271706719209265,1.7608758429100189e-143,32929,0.48742131460576155,5.15416509467439,5.226324201370137e-66,33912,0.5517331153792949,5.38327260275673,1.8732576079715898e-79
D:\MT5_Backtests\Research\PhenomenonDiscovery\phase_ib_v1\xauusd_m5_2024_2025_news_clean.csv,ret3,lt,0.95,1.7851620489964288,48,1,,,1.5471710445577673e-140,"[{'quantile': 0.9, 'cutpoint': 1.3392776085920988, 'y2025': {'n': 63213, 'mean_atr': 0.5160216042951344, 'sd_atr': 5.2742315652951905, 'p': 1.3047796572139835e-133}}]",66910,0.37143821231968494,5.679641040316038,3.398913813273059e-64,66778,0.5204254288131411,5.273788584041928,1.9351732890028358e-143,32900,0.49514538896703403,5.1605743512384485,7.782719885958135e-68,33878,0.5449756770844947,5.381417878722492,1.5305201572612452e-77
D:\MT5_Backtests\Research\PhenomenonDiscovery\phase_ib_v1\xauusd_m1_2024_2025_raw.csv,sma50,lt,0.95,4.407380591828296,48,1,,,1.9767085906785801e-140,"[{'quantile': 0.9, 'cutpoint': 3.4637538728109556, 'y2025': {'n': 318664, 'mean_atr': 0.24961022766891752, 'sd_atr': 5.559533267353984, 'p': 1.0229143513667248e-141}}]",338044,0.22409327464995496,5.9845258500232985,4.335106735412293e-105,336545,0.2445994268299112,5.566836716422096,2.549694476719557e-143,165947,0.22633229807769248,5.644560286883671,5.625388695819883e-60,170598,0.26236854027229883,5.49013472625939,1.0058109665229638e-86
D:\MT5_Backtests\Research\PhenomenonDiscovery\phase_ib_v1\xauusd_m5_2024_2025_news_clean.csv,lwick,lt,0.95,0.6658351130934472,48,1,,,2.1757596981306754e-140,"[{'quantile': 0.9, 'cutpoint': 0.526720961575927, 'y2025': {'n': 62654, 'mean_atr': 0.5303336503812631, 'sd_atr': 5.245290057333023, 'p': 2.622521947311391e-141}}]",66910,0.37174932228018215,5.663902385076086,1.200145406849341e-64,66290,0.5213937373636729,5.26750879273411,2.8914880290979895e-143,32636,0.4937489428199427,5.148368869921335,3.022245563165187e-67,33654,0.5482023043907479,5.380466694646753,5.828748289273337e-78
D:\MT5_Backtests\Research\PhenomenonDiscovery\phase_ib_v1\xauusd_m1_2024_2025_raw.csv,sma20,lt,0.95,2.7576520743474,48,1,,,3.4847667235771747e-140,"[{'quantile': 0.9, 'cutpoint': 2.144559459473756, 'y2025': {'n': 321115, 'mean_atr': 0.24062277144269167, 'sd_atr': 5.560702508607236, 'p': 8.830868316819819e-133}}]",338072,0.2201048872098184,5.99610834758011,4.4850140677487625e-101,337893,0.2436741446441869,5.562225423471095,4.767309073061332e-143,166389,0.23042546370984493,5.643527127493469,2.7878668433706645e-62,171504,0.2565276919199601,5.4821821688728525,1.1744174591036148e-83
D:\MT5_Backtests\Research\PhenomenonDiscovery\phase_ib_v1\xauusd_m5_2024_2025_raw.csv,ret1,lt,0.95,1.02042580595641,48,1,,,3.7866702864661494e-140,"[{'quantile': 0.9, 'cutpoint': 0.7631998517047763, 'y2025': {'n': 64227, 'mean_atr': 0.5161184880572852, 'sd_atr': 5.2127566282920865, 'p': 6.03259604699819e-139}}]",67819,0.3581335156403659,5.590564127443934,1.7527008185023073e-62,67753,0.5103284077337928,5.217205638245028,5.3283352999054635e-143,33386,0.47896487529998094,5.11479393648378,1.2434939433878351e-65,34367,0.5407966736236073,5.314701849179558,2.2696005315052917e-79
D:\MT5_Backtests\Research\PhenomenonDiscovery\phase_ib_v1\xauusd_m5_2024_2025_raw.csv,sma20,lt,0.95,2.5274555664379244,48,1,,,5.056479964009407e-140,"[{'quantile': 0.9, 'cutpoint': 1.9145746898584324, 'y2025': {'n': 63496, 'mean_atr': 0.50823513231721, 'sd_atr': 5.234762183674934, 'p': 3.505632088792674e-132}}]",67813,0.37607486735900814,5.612764747648335,3.544241309621283e-68,67446,0.5126915901216755,5.232028552806709,7.312764175592092e-143,33238,0.4955885766206322,5.124018731994667,1.3729623139344244e-69,34208,0.5293096315958241,5.334903826998279,3.273069589132643e-75
D:\MT5_Backtests\Research\PhenomenonDiscovery\phase_ib_v1\xauusd_m5_2024_2025_raw.csv,ret3,lt,0.95,1.7810559051937633,48,1,,,5.6983571877446815e-140,"[{'quantile': 0.9, 'cutpoint': 1.3356489793956041, 'y2025': {'n': 64051, 'mean_atr': 0.5050626290308116, 'sd_atr': 5.218484744777052, 'p': 1.701850051720849e-132}}]",67819,0.36788493821048074,5.60233141943355,1.4613666301700166e-65,67660,0.5105042362521965,5.219141298398944,8.463788818570118e-143,33354,0.484997660191996,5.1198313337283,4.665509045703482e-67,34306,0.5353029985069603,5.313873505407748,1.0799181922771072e-77
D:\MT5_Backtests\Research\PhenomenonDiscovery\phase_ib_v1\xauusd_m5_2024_2025_raw.csv,body,lt,0.95,1.0110450270350626,48,1,,,9.461569412142382e-140,"[{'quantile': 0.9, 'cutpoint': 0.7582541662738711, 'y2025': {'n': 64229, 'mean_atr': 0.5144621999205471, 'sd_atr': 5.211679494011039, 'p': 3.958332750065895e-138}}]",67819,0.35750726781004766,5.586097830358796,2.285333254064943e-62,67743,0.5093251739591456,5.214568957210964,1.4423124103875583e-142,33391,0.47886620757693854,5.112151067619359,1.110245090150839e-65,34352,0.5389320482741279,5.312136575914835,7.057290558080754e-79
D:\MT5_Backtests\Research\PhenomenonDiscovery\phase_ib_v1\xauusd_m5_2024_2025_raw.csv,lwick,lt,0.95,0.6686635879947169,48,1,,,9.915126901581287e-140,"[{'quantile': 0.9, 'cutpoint': 0.5282455825447391, 'y2025': {'n': 63468, 'mean_atr': 0.5174509556681043, 'sd_atr': 5.19065884224979, 'p': 3.4558581491784e-139}}]",67819,0.36289060439762355,5.579749039959402,2.4001716195243014e-64,67175,0.5111807127707877,5.21227916648452,1.5732498427521616e-142,33095,0.48219803037721193,5.107441686336752,4.0685697815887194e-66,34080,0.5393257208052771,5.312030355799045,2.20591502164804e-78
D:\MT5_Backtests\Research\PhenomenonDiscovery\phase_ib_v1\xauusd_m1_2024_2025_news_clean.csv,ret24,lt,0.9,4.283284773102547,48,1,,,9.915126901581287e-140,"[{'quantile': 0.8, 'cutpoint': 2.8343795058136543, 'y2025': {'n': 281045, 'mean_atr': 0.24888626058988608, 'sd_atr': 5.603734369994491, 'p': 1.389898805158593e-122}}, {'quantile': 0.95, 'cutpoint': 5.449101948101351, 'y2025': {'n': 333528, 'mean_atr': 0.24836682569941787, 'sd_atr': 5.613995100734622, 'p': 5.517153706818135e-144}}]",317116,0.23012976597838672,6.047570425894495,7.177709623021575e-102,316300,0.2535396541325944,5.609853640861459,1.5889626444841806e-142,155823,0.2318613633535124,5.677918725574953,1.857262068152952e-58,160477,0.2745892519196224,5.542899342102162,1.2152547001192233e-87
D:\MT5_Backtests\Research\PhenomenonDiscovery\phase_ib_v1\xauusd_m5_2024_2025_news_clean.csv,sma5,lt,0.95,1.120845614175086,48,1,,,9.974596893842853e-140,"[{'quantile': 0.9, 'cutpoint': 0.8436067399314819, 'y2025': {'n': 63238, 'mean_atr': 0.5162992536495725, 'sd_atr': 5.274664507249921, 'p': 8.778085459632613e-134}}]",66910,0.37336950088986864,5.674373859174005,5.810353842950999e-65,66788,0.5187559621116463,5.274588086336211,1.6374807283513128e-142,32910,0.4904635028317423,5.158347140726851,1.141546491444702e-66,33878,0.5462400176905363,5.3850394011569795,8.621253436341404e-78
D:\MT5_Backtests\Research\PhenomenonDiscovery\phase_ib_v1\xauusd_m1_2024_2025_raw.csv,volz,gt,0.05,-1.581167816693506,48,1,,,1.006508647843483e-139,"[{'quantile': 0.1, 'cutpoint': -1.2996623515362944, 'y2025': {'n': 326046, 'mean_atr': 0.24001082826749065, 'sd_atr': 5.532791005695464, 'p': 1.8879416825226878e-135}}]",338046,0.20595082358467795,6.005712780024807,1.8960997457067403e-88,342315,0.24133875814660266,5.555691538962852,1.6916772927325582e-142,168390,0.23540747512634577,5.622046980074024,3.59691160561298e-66,173925,0.24708128364771553,5.490693881260514,1.4074544328969098e-78
D:\MT5_Backtests\Research\PhenomenonDiscovery\phase_ib_v1\xauusd_m1_2024_2025_raw.csv,uwick,lt,0.95,0.6461970506010736,48,1,,,1.2370444356063585e-139,"[{'quantile': 0.9, 'cutpoint': 0.5115115966312687, 'y2025': {'n': 319524, 'mean_atr': 0.2440134993478067, 'sd_atr': 5.551238750778497, 'p': 2.7794815945748172e-136}}]",338078,0.2154537014554163,5.99727403844255,6.803883654021395e-97,337421,0.24330669800793386,5.562783242186555,2.127499811080354e-142,165834,0.2342746639427596,5.647613557070636,5.098338399165748e-64,171587,0.2520359043998173,5.479551630960344,6.22398212970042e-81
D:\MT5_Backtests\Research\PhenomenonDiscovery\phase_ib_v1\xauusd_m5_2024_2025_news_clean.csv,uwick,gt,0.05,0.0,48,1,,,2.8549576906209465e-139,"[{'quantile': 0.1, 'cutpoint': 0.01169138893398953, 'y2025': {'n': 64802, 'mean_atr': 0.5175020059926194, 'sd_atr': 5.282084168551795, 'p': 2.7239175505281434e-137}}]",65779,0.3452369905000063,5.698481545609249,1.9116321628805575e-54,67338,0.5159852485920688,5.277121504967449,5.021618827311702e-142,33211,0.4853512622669492,5.14379029543513,2.8715269980385386e-66,34127,0.5457969906099301,5.403625023915436,1.0614270347100868e-77
D:\MT5_Backtests\Research\PhenomenonDiscovery\phase_ib_v1\xauusd_m5_2024_2025_raw.csv,sma50,lt,0.9,3.2316154238280803,48,1,,,3.294931536706019e-139,"[{'quantile': 0.8, 'cutpoint': 2.144559367220334, 'y2025': {'n': 55725, 'mean_atr': 0.48643113837317126, 'sd_atr': 5.262450380738389, 'p': 1.4926022115446902e-105}}, {'quantile': 0.95, 'cutpoint': 4.146601943489513, 'y2025': {'n': 67060, 'mean_atr': 0.530989763961739, 'sd_atr': 5.258607586051728, 'p': 1.0243920575137496e-150}}]",64217,0.39329167583286134,5.64381113235682,8.668933716266266e-70,63024,0.531094891738958,5.256130979684759,5.924282781757227e-142,31054,0.49354187952967693,5.138381675349603,2.8899025844387093e-64,31970,0.5675719402577882,5.367863053331735,1.0253726691208512e-79
D:\MT5_Backtests\Research\PhenomenonDiscovery\phase_ib_v1\xauusd_m1_2024_2025_raw.csv,sma50,lt,0.9,3.4637538728109556,48,1,,,5.568136333056657e-139,"[{'quantile': 0.8, 'cutpoint': 2.312886941360768, 'y2025': {'n': 282359, 'mean_atr': 0.2553913753808789, 'sd_atr': 5.5468677968589715, 'p': 3.4180865689220203e-132}}, {'quantile': 0.95, 'cutpoint': 4.407380591828296, 'y2025': {'n': 336545, 'mean_atr': 0.2445994268299112, 'sd_atr': 5.566836716422096, 'p': 2.549694476719557e-143}}]",320252,0.2306883095523647,5.985373944828645,1.8151681717750137e-105,318664,0.24961022766891752,5.559533267353984,1.0229143513667248e-141,157165,0.2282193489970205,5.632066822228659,4.537501066379559e-58,161499,0.27042705902062064,5.48796329500597,2.8229622260831634e-87
D:\MT5_Backtests\Research\PhenomenonDiscovery\phase_ib_v1\xauusd_m5_2024_2025_raw.csv,ret12,lt,0.95,3.5386905818932086,48,1,,,1.1602403521026408e-138,"[{'quantile': 0.9, 'cutpoint': 2.7109974156424914, 'y2025': {'n': 63563, 'mean_atr': 0.512214012675146, 'sd_atr': 5.230736573291768, 'p': 1.429196603792095e-134}}]",67819,0.37316743098371435,5.625079408997483,7.095499000363087e-67,67378,0.5113119483887919,5.2428187872345475,2.176811167171934e-141,33227,0.4931853361866861,5.132125667798113,1.0638144421336863e-68,34151,0.5289481213746304,5.34833475373529,1.2702827262630294e-74
D:\MT5_Backtests\Research\PhenomenonDiscovery\phase_ib_v1\xauusd_m1_2024_2025_raw.csv,ret6,lt,0.95,2.7427334049023133,48,1,,,1.2034975681715375e-138,"[{'quantile': 0.9, 'cutpoint': 2.125679406723437, 'y2025': {'n': 321553, 'mean_atr': 0.2400648563019601, 'sd_atr': 5.568020798454369, 'p': 5.207734492650358e-132}}]",338078,0.2150652926585369,5.990807588218839,9.342483615134265e-97,338389,0.2422375475218544,5.566832447437485,2.30501019545049e-141,166550,0.2345251122208524,5.643957667955111,1.6759793033107534e-64,171839,0.2497126032390191,5.49105347207879,2.8568713504890324e-79
D:\MT5_Backtests\Research\PhenomenonDiscovery\phase_ib_v1\xauusd_m5_2024_2025_news_clean.csv,lwick,lt,0.9,0.526720961575927,48,1,,,1.333196592015395e-138,"[{'quantile': 0.8, 'cutpoint': 0.3823094472185731, 'y2025': {'n': 55238, 'mean_atr': 0.5262362529372486, 'sd_atr': 5.208299938274511, 'p': 1.1877261830993397e-124}}, {'quantile': 0.95, 'cutpoint': 0.6658351130934472, 'y2025': {'n': 66290, 'mean_atr': 0.5213937373636729, 'sd_atr': 5.26750879273411, 'p': 2.8914880290979895e-143}}]",63388,0.3731195424511504,5.637541142898055,2.421579919899587e-62,62654,0.5303336503812631,5.245290057333023,2.622521947311391e-141,30826,0.5043483885306967,5.127661948904071,8.037881182707547e-67,31828,0.5555008516444767,5.356713723697274,2.033581706258773e-76
D:\MT5_Backtests\Research\PhenomenonDiscovery\phase_ib_v1\xauusd_m5_2024_2025_raw.csv,uwick,gt,0.05,0.0,48,1,,,1.333196592015395e-138,"[{'quantile': 0.1, 'cutpoint': 0.011773452811333561, 'y2025': {'n': 65661, 'mean_atr': 0.5075937862780238, 'sd_atr': 5.228355034347054, 'p': 1.3069820793999822e-136}}]",66681,0.33666777140035753,5.613348188309894,4.215240896547511e-54,68247,0.5060118489489317,5.2234494720218105,2.657638609786786e-141,33691,0.47601633544706007,5.104902879823839,1.1360160498400526e-65,34556,0.5352565197844321,5.336405420203174,1.3727060031868696e-77
D:\MT5_Backtests\Research\PhenomenonDiscovery\phase_ib_v1\xauusd_m1_2024_2025_news_clean.csv,rsi14,lt,0.95,69.34482843120422,48,1,,,1.404583591689076e-138,"[{'quantile': 0.9, 'cutpoint': 65.14519905198497, 'y2025': {'n': 314243, 'mean_atr': 0.24644859356915758, 'sd_atr': 5.600119044001825, 'p': 2.2685139735751447e-134}}]",334743,0.22363995723517202,6.066433214904938,6.102079302865801e-101,332283,0.24627180593659484,5.610120031485561,2.8548446985550327e-141,163634,0.23034250052834437,5.672079563487443,1.217915463923521e-60,168649,0.26172743248151153,5.549314867467832,1.4163421768558164e-83
D:\MT5_Backtests\Research\PhenomenonDiscovery\phase_ib_v1\xauusd_m5_2024_2025_news_clean.csv,volz,lt,0.95,2.169637038317989,48,1,,,1.618606496059853e-138,"[{'quantile': 0.9, 'cutpoint': 1.5245919420480718, 'y2025': {'n': 63817, 'mean_atr': 0.5119986165985589, 'sd_atr': 5.239515410690602, 'p': 1.5223922562108565e-134}}]",66878,0.37029581804631745,5.644690742091024,1.4945418302655393e-64,66844,0.5139650084517806,5.252633929226798,3.353116959473586e-141,32965,0.47966258510093746,5.151850255174941,4.177208288277773e-64,33879,0.5473420085332631,5.348741003871325,3.8793479382470125e-79
D:\MT5_Backtests\Research\PhenomenonDiscovery\phase_ib_v1\xauusd_m5_2024_2025_raw.csv,volz,lt,0.95,2.122102811268659,48,1,,,1.8280062502325166e-138,"[{'quantile': 0.9, 'cutpoint': 1.4855565314985801, 'y2025': {'n': 64802, 'mean_atr': 0.5052636844830549, 'sd_atr': 5.178606019656176, 'p': 3.572082357714417e-136}}]",67787,0.3615109909121245,5.5645080933263165,3.4975597898950153e-64,67804,0.5044042032765174,5.193095080722308,3.9298133115536437e-141,33457,0.4725296779354404,5.110933264594109,3.725578761070583e-64,34347,0.5354527954195403,5.271786032312787,4.817993308595065e-79
D:\MT5_Backtests\Research\PhenomenonDiscovery\phase_ib_v1\xauusd_m5_2024_2025_news_clean.csv,atr_regime,lt,0.95,1.4097134892691305,48,1,,,1.8280062502325166e-138,"[{'quantile': 0.9, 'cutpoint': 1.288401638667027, 'y2025': {'n': 64637, 'mean_atr': 0.5211704886351601, 'sd_atr': 5.41403758926202, 'p': 2.8175191338348833e-132}}]",66876,0.36010101332028066,5.795582536569645,4.2751783085857874e-58,67254,0.5233251454004422,5.365877297109,3.87315107974217e-141,33110,0.48776679590957817,5.229138982083126,1.298499818689224e-64,34144,0.5578066634312093,5.495083041536549,1.692632023746825e-78
D:\MT5_Backtests\Research\PhenomenonDiscovery\phase_ib_v1\xauusd_m1_2024_2025_raw.csv,volz,lt,0.95,1.9949176064303027,48,1,,,2.010971608972812e-138,"[{'quantile': 0.9, 'cutpoint': 1.4285134595496047, 'y2025': {'n': 318308, 'mean_atr': 0.24554012700795844, 'sd_atr': 5.553222419665608, 'p': 2.3589381329439656e-137}}]",338046,0.21892109530367326,5.972897690969147,9.102635232929266e-101,335244,0.2427270529692667,5.557705129566851,4.4017514893088436e-141,165174,0.23476104104353804,5.642022788300442,3.751131380215649e-64,170070,0.2504637381801817,5.4745773730166745,2.1213519901045088e-79
D:\MT5_Backtests\Research\PhenomenonDiscovery\phase_ib_v1\xauusd_m1_2024_2025_raw.csv,sma100,lt,0.95,6.299552939131524,48,1,,,2.5479883145344733e-138,"[{'quantile': 0.9, 'cutpoint': 5.002901713963574, 'y2025': {'n': 316604, 'mean_atr': 0.2492044643268044, 'sd_atr': 5.5477144292208225, 'p': 5.939473534239243e-141}}]",337996,0.23210847101529825,6.010101186350918,1.2093364333654047e-111,335449,0.2425799792877691,5.558243733100764,5.676803233601664e-141,165378,0.236704737746639,5.616511216136521,7.627050892362943e-66,170071,0.24829309731252935,5.501002770276442,2.4779186105942283e-77
D:\MT5_Backtests\Research\PhenomenonDiscovery\phase_ib_v1\xauusd_m1_2024_2025_raw.csv,sma100,lt,0.9,5.002901713963574,48,1,,,2.6199222568961516e-138,"[{'quantile': 0.8, 'cutpoint': 3.3859101182632028, 'y2025': {'n': 279457, 'mean_atr': 0.2583098080308728, 'sd_atr': 5.564054211658415, 'p': 5.286462440927775e-133}}, {'quantile': 0.95, 'cutpoint': 6.299552939131524, 'y2025': {'n': 335449, 'mean_atr': 0.2425799792877691, 'sd_atr': 5.558243733100764, 'p': 5.676803233601664e-141}}]",320207,0.23964853975225076,5.992370058016035,2.1779016874149705e-113,316604,0.2492044643268044,5.5477144292208225,5.939473534239243e-141,156011,0.23618590588568536,5.610213487803332,4.335489340732446e-62,160593,0.26185158045862467,5.486304719442449,1.515450887025896e-81
D:\MT5_Backtests\Research\PhenomenonDiscovery\phase_ib_v1\xauusd_m5_2024_2025_news_clean.csv,ret6,lt,0.95,2.5176362963466175,48,1,,,3.135009668520695e-138,"[{'quantile': 0.9, 'cutpoint': 1.8861019991085053, 'y2025': {'n': 62915, 'mean_atr': 0.5083623165609373, 'sd_atr': 5.273107188348594, 'p': 3.4802202900561704e-129}}]",66910,0.37512628768708667,5.692135238827773,3.6797847044248285e-65,66666,0.516677803390936,5.279655121252815,7.229736180531622e-141,32838,0.49088423581757856,5.166930980045048,2.0109068107276543e-66,33828,0.541716504229706,5.386782721012233,2.2186040781815046e-76
D:\MT5_Backtests\Research\PhenomenonDiscovery\phase_ib_v1\xauusd_m5_2024_2025_news_clean.csv,range,lt,0.95,1.7336944886196142,48,1,,,3.244265574595448e-138,"[{'quantile': 0.9, 'cutpoint': 1.471230831271178, 'y2025': {'n': 63298, 'mean_atr': 0.5151802905257632, 'sd_atr': 5.2641876506249154, 'p': 7.3486940972685665e-134}}]",66910,0.3634699476894547,5.671587951328364,1.019837848930757e-61,66803,0.5155241731921099,5.273968434288837,7.862119513169082e-141,32918,0.47854174411412737,5.154796474931311,1.1766360813132904e-63,33885,0.5514512087650486,5.387048599072252,3.3269450970315407e-79
D:\MT5_Backtests\Research\PhenomenonDiscovery\phase_ib_v1\xauusd_m1_2024_2025_raw.csv,dow,lt,0.7,3.0,48,1,,,3.244265574595448e-138,"[{'quantile': 0.3, 'cutpoint': 1.0, 'y2025': {'n': 71181, 'mean_atr': 0.4042795114374575, 'sd_atr': 5.400344604025892, 'p': 9.468462904098382e-89}}, {'quantile': 0.8, 'cutpoint': 3.0, 'y2025': {'n': 214406, 'mean_atr': 0.29685547321438105, 'sd_atr': 5.440586869446918, 'p': 7.766788644547396e-141}}]",214461,0.09341314069588613,5.692792663907852,2.984146245373977e-14,214406,0.29685547321438105,5.440586869446918,7.766788644547396e-141,104298,0.3126392993120914,5.444036196344921,8.713568255900541e-77,110108,0.2819045024008253,5.437299999318232,2.4803499832585495e-66
D:\MT5_Backtests\Research\PhenomenonDiscovery\phase_ib_v1\xauusd_m1_2024_2025_raw.csv,dow,lt,0.8,3.0,48,1,,,3.244265574595448e-138,"[{'quantile': 0.7, 'cutpoint': 3.0, 'y2025': {'n': 214406, 'mean_atr': 0.29685547321438105, 'sd_atr': 5.440586869446918, 'p': 7.766788644547396e-141}}, {'quantile': 0.9, 'cutpoint': 4.0, 'y2025': {'n': 284449, 'mean_atr': 0.2673195639261662, 'sd_atr': 5.460269976748716, 'p': 2.7547821223721474e-150}}]",214461,0.09341314069588613,5.692792663907852,2.984146245373977e-14,214406,0.29685547321438105,5.440586869446918,7.766788644547396e-141,104298,0.3126392993120914,5.444036196344921,8.713568255900541e-77,110108,0.2819045024008253,5.437299999318232,2.4803499832585495e-66
D:\MT5_Backtests\Research\PhenomenonDiscovery\phase_ib_v1\xauusd_m5_2024_2025_news_clean.csv,ret48,lt,0.9,5.890079132382748,48,1,,,6.123912555091128e-138,"[{'quantile': 0.8, 'cutpoint': 3.9623539181197223, 'y2025': {'n': 55124, 'mean_atr': 0.5065245229908523, 'sd_atr': 5.3033936269299184, 'p': 2.2856285090242255e-111}}, {'quantile': 0.95, 'cutpoint': 7.425274109003823, 'y2025': {'n': 65783, 'mean_atr': 0.5384907749462566, 'sd_atr': 5.282418081482914, 'p': 1.0994032495324051e-150}}]",63357,0.42084520356126864,5.692855133031507,2.790111825002571e-77,62092,0.535157114738188,5.283631860906002,1.5079991047949542e-140,30469,0.45336454970481105,5.120817374323108,7.104204884998544e-54,31623,0.6139648706121393,5.434810634532011,9.189934941641288e-90
D:\MT5_Backtests\Research\PhenomenonDiscovery\phase_ib_v1\xauusd_m1_2024_2025_raw.csv,body,lt,0.95,1.1168719998338568,48,1,,,1.314094493007725e-137,"[{'quantile': 0.9, 'cutpoint': 0.8497742028837347, 'y2025': {'n': 321184, 'mean_atr': 0.24270907045062912, 'sd_atr': 5.57452364879248, 'p': 1.9899949459367055e-134}}]",338078,0.2165005251562027,5.995500620450295,7.09553309742845e-98,338307,0.24134489070803367,5.568755462239949,3.2872907892626016e-140,166492,0.23203091392009695,5.643205514685224,3.5899434020639207e-63,171815,0.2503703112090211,5.495651211398529,1.5440782841369756e-79
D:\MT5_Backtests\Research\PhenomenonDiscovery\phase_ib_v1\xauusd_m1_2024_2025_raw.csv,ret12,lt,0.95,3.871356034445741,48,1,,,1.4199913303894208e-137,"[{'quantile': 0.9, 'cutpoint': 3.0221243283246215, 'y2025': {'n': 321006, 'mean_atr': 0.2394172342188686, 'sd_atr': 5.565615229638444, 'p': 3.3537878737306256e-131}}]",338078,0.21880325395765327,6.00309127114334,1.1140077211845233e-99,338160,0.24135457790842257,5.568582788296679,3.60770155078613e-140,166506,0.22748949556013784,5.653557173551492,1.3917459611373738e-60,171654,0.2548038386392153,5.4848821424037935,1.4924737192699078e-82
D:\MT5_Backtests\Research\PhenomenonDiscovery\phase_ib_v1\xauusd_m5_2024_2025_raw.csv,sma5,lt,0.95,1.118157366293079,48,1,,,1.5704174920770127e-137,"[{'quantile': 0.9, 'cutpoint': 0.8420647337646116, 'y2025': {'n': 64077, 'mean_atr': 0.5049126656847471, 'sd_atr': 5.218222696838245, 'p': 1.7472662911037615e-132}}]",67819,0.36784991376347925,5.596334889665843,1.0972224839280439e-65,67668,0.5056299274402464,5.219532791199749,4.0512646371592725e-140,33376,0.4794309250978355,5.1179627901149916,1.1713497303523102e-65,34292,0.531129108070723,5.31647726880309,2.0634004306911367e-76
D:\MT5_Backtests\Research\PhenomenonDiscovery\phase_ib_v1\xauusd_m5_2024_2025_news_clean.csv,sma100,lt,0.9,4.893026995803664,48,1,,,1.5815028681903705e-137,"[{'quantile': 0.8, 'cutpoint': 3.3522991017468207, 'y2025': {'n': 54957, 'mean_atr': 0.522544755945515, 'sd_atr': 5.324838406798266, 'p': 4.1219606037285746e-117}}, {'quantile': 0.95, 'cutpoint': 6.124576007421474, 'y2025': {'n': 65345, 'mean_atr': 0.5413242853326025, 'sd_atr': 5.29749051340945, 'p': 2.093049413284999e-150}}]",63311,0.43042746138389315,5.649739051886045,6.652362427385876e-82,61727,0.53776868843104,5.302190873587192,4.141678086646139e-140,30380,0.45255993220676144,5.148253696358007,5.467436461055195e-53,31347,0.62034890389324,5.446040107090964,1.8875515686419418e-90
D:\MT5_Backtests\Research\PhenomenonDiscovery\phase_ib_v1\xauusd_m1_2024_2025_raw.csv,ret3,lt,0.95,1.9444723233282593,48,1,,,1.7195758909378306e-137,"[{'quantile': 0.9, 'cutpoint': 1.4992621904930128, 'y2025': {'n': 321549, 'mean_atr': 0.2425503599067483, 'sd_atr': 5.5696111665439, 'p': 1.224683162387586e-134}}]",338078,0.215047789058961,5.991363105669639,1.0080409539595698e-96,338405,0.2409482494479249,5.563290115055194,4.570480010310057e-140,166463,0.2336610010201599,5.6407296462971335,4.4309916751257965e-64,171942,0.24800328681535716,5.487284332722936,2.2961311428673542e-78
D:\MT5_Backtests\Research\PhenomenonDiscovery\phase_ib_v1\xauusd_m5_2024_2025_raw.csv,atr_regime,lt,0.95,1.4050904857553967,48,1,,,2.117920813493818e-137,"[{'quantile': 0.9, 'cutpoint': 1.2875749795208984, 'y2025': {'n': 65551, 'mean_atr': 0.5110365636394637, 'sd_atr': 5.352598499249888, 'p': 5.791293018213157e-132}}]",67785,0.3558011760752309,5.709288842257417,3.3419745560982804e-59,68123,0.5123472406950342,5.309494620472591,5.712028460407811e-140,33567,0.4767079387175702,5.187718915281047,1.335086710745651e-63,34556,0.5469665383416811,5.425019421186933,2.2405096440424245e-78
D:\MT5_Backtests\Research\PhenomenonDiscovery\phase_ib_v1\xauusd_m1_2024_2025_news_clean.csv,rsi7,lt,0.95,77.55632152849978,48,1,,,2.240298962989469e-137,"[{'quantile': 0.9, 'cutpoint': 72.09205663147819, 'y2025': {'n': 315281, 'mean_atr': 0.24340050371964647, 'sd_atr': 5.590578341143176, 'p': 5.5058869879432724e-132}}]",334744,0.22419178108798243,6.056572945116041,9.371249413176982e-102,332833,0.24436231534817734,5.598060177945395,6.129648507241356e-140,163835,0.2337327865384179,5.6735519146622275,1.9894236519633664e-62,168998,0.2546671050649015,5.523887219897593,4.202831511190208e-80
D:\MT5_Backtests\Research\PhenomenonDiscovery\phase_ib_v1\xauusd_m5_2024_2025_news_clean.csv,sma10,lt,0.95,1.7248686027941273,48,1,,,2.260617900681622e-137,"[{'quantile': 0.9, 'cutpoint': 1.285831021254786, 'y2025': {'n': 62902, 'mean_atr': 0.5118414041116052, 'sd_atr': 5.267749348348509, 'p': 3.6225175694226103e-131}}]",66910,0.37951043957674874,5.686300055784765,8.793030234650361e-67,66620,0.5143221096795166,5.271613022153045,6.273603461084863e-140,32810,0.49191652067057257,5.160964840416128,8.647990943375988e-67,33810,0.5360650075021568,5.376799094208274,4.57414601885197e-75
D:\MT5_Backtests\Research\PhenomenonDiscovery\phase_ib_v1\xauusd_m1_2024_2025_raw.csv,ret1,lt,0.95,1.126240692404922,48,1,,,4.2114044083518574e-137,"[{'quantile': 0.9, 'cutpoint': 0.8565080482374499, 'y2025': {'n': 321334, 'mean_atr': 0.24407598121919977, 'sd_atr': 5.573467241579228, 'p': 4.894436380851627e-136}}]",338078,0.21817876425049354,5.995378623399638,2.2585474110628495e-99,338324,0.24089876347384007,5.5698359507003685,1.1851982387481774e-139,166454,0.2327675912462396,5.64428158688012,1.594467004496581e-63,171870,0.24877370466179025,5.496780213507515,1.5235515140561135e-78
D:\MT5_Backtests\Research\PhenomenonDiscovery\phase_ib_v1\xauusd_m1_2024_2025_raw.csv,sma5,lt,0.95,1.2211974786166335,48,1,,,5.929820597961903e-137,"[{'quantile': 0.9, 'cutpoint': 0.9420338414416336, 'y2025': {'n': 321866, 'mean_atr': 0.23864505341466513, 'sd_atr': 5.569059124901388, 'p': 1.4888769149352308e-130}}]",338078,0.21609597916417733,5.990605564007125,1.1296190415283429e-97,338323,0.24082037177646454,5.5711449355496905,1.6919828941964468e-139,166512,0.2327811087343107,5.651303199090404,2.1243218596448511e-63,171811,0.24861168762745853,5.492347952712499,1.5324427457775798e-78
D:\MT5_Backtests\Research\PhenomenonDiscovery\phase_ib_v1\xauusd_m1_2024_2025_news_clean.csv,lwick,lt,0.95,0.6570873462072102,48,1,,,6.200118801046819e-137,"[{'quantile': 0.9, 'cutpoint': 0.5198920149825145, 'y2025': {'n': 313811, 'mean_atr': 0.2428182525347408, 'sd_atr': 5.602013234029212, 'p': 3.092563618133549e-130}}]",334744,0.21701381771436418,6.051168745281482,1.2425655849663446e-95,332422,0.2444689934606994,5.606528661471932,1.79334268010266e-139,163718,0.23426135632462172,5.665298630160619,7.770950247845695e-63,168704,0.25437494670806965,5.548899374168759,4.358901722890593e-79
D:\MT5_Backtests\Research\PhenomenonDiscovery\phase_ib_v1\xauusd_m5_2024_2025_news_clean.csv,body,lt,0.9,0.7571075403231354,48,1,,,7.321179347069494e-137,"[{'quantile': 0.8, 'cutpoint': 0.47824914957615355, 'y2025': {'n': 56232, 'mean_atr': 0.5190699065240619, 'sd_atr': 5.257903566290125, 'p': 3.3650467328723294e-121}}, {'quantile': 0.95, 'cutpoint': 1.0079408227081856, 'y2025': {'n': 66841, 'mean_atr': 0.5200501171047078, 'sd_atr': 5.271706719209265, 'p': 1.7608758429100189e-143}}]",63388,0.3758463774827537,5.648046074558332,5.30415628651235e-63,63407,0.5258525616781335,5.2684303855914205,2.146218148179378e-139,31225,0.48951769080538243,5.14016995687947,1.5119942749503905e-63,32182,0.5611069381308603,5.3898059550188115,7.79257144427054e-78
D:\MT5_Backtests\Research\PhenomenonDiscovery\phase_ib_v1\xauusd_m5_2024_2025_news_clean.csv,ret1,lt,0.9,0.7640745414428773,48,1,,,8.016040365853674e-137,"[{'quantile': 0.8, 'cutpoint': 0.48139113073515816, 'y2025': {'n': 56184, 'mean_atr': 0.5233833043049496, 'sd_atr': 5.26229910059161, 'p': 6.967212998811264e-123}}, {'quantile': 0.95, 'cutpoint': 1.0221891217523322, 'y2025': {'n': 66855, 'mean_atr': 0.5208038004834336, 'sd_atr': 5.2748262863590964, 'p': 9.407536845022764e-144}}]",63388,0.3780724575305279,5.652792499580042,1.2641798835442148e-63,63389,0.5260222611303438,5.270248188298777,2.3812502650284524e-139,31207,0.4907414662837693,5.144954274697817,1.0509777560957504e-63,32182,0.5602341735278659,5.388824183447809,1.259469465316996e-77
D:\MT5_Backtests\Research\PhenomenonDiscovery\phase_ib_v1\xauusd_m5_2024_2025_raw.csv,range,lt,0.95,1.739521997985499,48,1,,,8.524518792567382e-137,"[{'quantile': 0.9, 'cutpoint': 1.4762056778934152, 'y2025': {'n': 64176, 'mean_atr': 0.5045727861090551, 'sd_atr': 5.20707960150128, 'p': 4.544188817033717e-133}}]",67819,0.3553527144266132,5.589397944292686,1.435540934449653e-61,67685,0.5037363759995126,5.215797674760944,2.5656189299081005e-139,33381,0.46544085173809296,5.111133122763674,3.7074441787065838e-62,34304,0.5410015023804141,5.315477691660727,2.897250208770218e-79
D:\MT5_Backtests\Research\PhenomenonDiscovery\phase_ib_v1\xauusd_m1_2024_2025_news_clean.csv,sma20,lt,0.95,2.7683823246482455,48,1,,,9.47648415900561e-137,"[{'quantile': 0.9, 'cutpoint': 2.1513439903268066, 'y2025': {'n': 318048, 'mean_atr': 0.24091078605513594, 'sd_atr': 5.610778959935969, 'p': 1.5569641743363938e-129}}]",334739,0.2235900875073084,6.064824783052983,6.002243475607268e-101,334676,0.24382482014065973,5.6149124961709225,2.889171999696832e-139,164715,0.23135204787605235,5.676326512981616,1.8464599421169375e-61,169961,0.2559126090073104,5.554736213364362,1.9336491007921388e-80
D:\MT5_Backtests\Research\PhenomenonDiscovery\phase_ib_v1\xauusd_m5_2024_2025_news_clean.csv,ret24,lt,0.9,3.9402679908463076,48,1,,,1.0157685656634755e-136,"[{'quantile': 0.8, 'cutpoint': 2.603256632098151, 'y2025': {'n': 55009, 'mean_atr': 0.5044332988110544, 'sd_atr': 5.3331975990603855, 'p': 4.940701494011513e-109}}, {'quantile': 0.95, 'cutpoint': 5.030150634485174, 'y2025': {'n': 66174, 'mean_atr': 0.5343493883476471, 'sd_atr': 5.317536367209372, 'p': 2.4406317939581682e-147}}]",63378,0.39081800344936807,5.725669189383929,3.5152947163193927e-66,62363,0.5355552271470806,5.324477694174379,3.1365586572629212e-139,30661,0.5045938401894693,5.184480294025122,3.98291241144189e-65,31702,0.5654999336484787,5.456376789669746,4.91527292258157e-76
D:\MT5_Backtests\Research\PhenomenonDiscovery\phase_ib_v1\xauusd_m5_2024_2025_raw.csv,lwick,lt,0.9,0.5282455825447391,48,1,,,1.1051834361072523e-136,"[{'quantile': 0.8, 'cutpoint': 0.38336486485606547, 'y2025': {'n': 55951, 'mean_atr': 0.5151095183553692, 'sd_atr': 5.1555819083400936, 'p': 1.7496975144371837e-123}}, {'quantile': 0.95, 'cutpoint': 0.6686635879947169, 'y2025': {'n': 67175, 'mean_atr': 0.5111807127707877, 'sd_atr': 5.21227916648452, 'p': 1.5732498427521616e-142}}]",64250,0.36362182329608056,5.5480662099005835,5.622972871847106e-62,63468,0.5174509556681043,5.19065884224979,3.4558581491784e-139,31256,0.4915094019823458,5.088349742545477,2.1867299946491776e-65,32212,0.5426226060469092,5.287997098402084,9.623120135083615e-76
D:\MT5_Backtests\Research\PhenomenonDiscovery\phase_ib_v1\xauusd_m5_2024_2025_news_clean.csv,uwick,lt,0.95,0.6381412590727191,48,1,,,1.3558663764199898e-136,"[{'quantile': 0.9, 'cutpoint': 0.5035831633592995, 'y2025': {'n': 63494, 'mean_atr': 0.5066187032569996, 'sd_atr': 5.253772150747013, 'p': 2.041915978318321e-130}}]",66910,0.36210689920073674,5.6730130091257,3.0670848609613215e-61,67011,0.5111662351690923,5.270602009398457,4.292728912211506e-139,32949,0.47798426759043305,5.15358817745752,1.3413984083979473e-63,34062,0.543263958431063,5.381252827899976,1.763549022818939e-77
D:\MT5_Backtests\Research\PhenomenonDiscovery\phase_ib_v1\xauusd_m5_2024_2025_raw.csv,ret1,lt,0.9,0.7631998517047763,48,1,,,1.8821699666634354e-136,"[{'quantile': 0.8, 'cutpoint': 0.48170212632495074, 'y2025': {'n': 56931, 'mean_atr': 0.5131353601884319, 'sd_atr': 5.211054740035228, 'p': 4.557539204844012e-122}}, {'quantile': 0.95, 'cutpoint': 1.02042580595641, 'y2025': {'n': 67753, 'mean_atr': 0.5103284077337928, 'sd_atr': 5.217205638245028, 'p': 5.3283352999054635e-143}}]",64250,0.37234748146604485,5.576564828376443,2.963891441088715e-64,64227,0.5161184880572852,5.2127566282920865,6.03259604699819e-139,31638,0.48339430922210447,5.103200817829297,1.0745841353081103e-63,32589,0.5478877221542946,5.316841948457945,3.061720303559444e-77
D:\MT5_Backtests\Research\PhenomenonDiscovery\phase_ib_v1\xauusd_m1_2024_2025_raw.csv,ret48,lt,0.9,6.073866114246408,48,1,,,2.242821699486266e-136,"[{'quantile': 0.8, 'cutpoint': 4.095029216877312, 'y2025': {'n': 280546, 'mean_atr': 0.25109626334161217, 'sd_atr': 5.5544430888386715, 'p': 1.0599371448160846e-126}}, {'quantile': 0.95, 'cutpoint': 7.678606345561385, 'y2025': {'n': 335454, 'mean_atr': 0.24040426129043685, 'sd_atr': 5.566140672730361, 'p': 4.174737294829165e-138}}]",320253,0.23083288799388343,6.0175774940330085,1.718767610614488e-104,316863,0.24769475295683288,5.5582861809683095,7.276196101366482e-139,156265,0.24095493251893774,5.626851551871,2.8054561333685345e-64,160598,0.25425273027116857,5.490758515718776,7.184464130872588e-77
D:\MT5_Backtests\Research\PhenomenonDiscovery\phase_ib_v1\xauusd_m5_2024_2025_news_clean.csv,rsi7,lt,0.95,77.4440670460028,48,1,,,2.3458566168728988e-136,"[{'quantile': 0.9, 'cutpoint': 71.66414641360659, 'y2025': {'n': 62313, 'mean_atr': 0.5129446684814715, 'sd_atr': 5.277458702490561, 'p': 4.8838281216673355e-130}}]",66910,0.37715498945648335,5.691059195930049,7.160062925532063e-66,66174,0.5153532082792682,5.285515036964752,7.827158259170301e-139,32565,0.4891867678052009,5.166442549372709,1.8637401459341787e-65,33609,0.5407068377844009,5.398339961298572,2.627382570279378e-75
D:\MT5_Backtests\Research\PhenomenonDiscovery\phase_ib_v1\xauusd_m1_2024_2025_news_clean.csv,ret6,lt,0.95,2.7514280100016073,48,1,,,2.3458566168728988e-136,"[{'quantile': 0.9, 'cutpoint': 2.130480712815412, 'y2025': {'n': 318455, 'mean_atr': 0.24034358331328215, 'sd_atr': 5.617320007694164, 'p': 8.424370560229038e-129}}]",334744,0.21754514222100874,6.0593138817954895,7.725029516049116e-96,335166,0.24335883068579953,5.617073704707618,7.763812497758555e-139,164858,0.2364132233276523,5.676407688399842,3.773095250406937e-64,170308,0.2500821727357879,5.559043677516645,6.1431409449624855e-77
D:\MT5_Backtests\Research\PhenomenonDiscovery\phase_ib_v1\xauusd_m1_2024_2025_raw.csv,range,lt,0.95,1.7625632774703484,48,1,,,2.3458566168728988e-136,"[{'quantile': 0.9, 'cutpoint': 1.5163081196338175, 'y2025': {'n': 319873, 'mean_atr': 0.242843121327246, 'sd_atr': 5.54704227946596, 'p': 2.4109800358332616e-135}}]",338078,0.21445292078005296,5.98961804042909,2.9665937993225775e-96,337282,0.24001980282692456,5.557601639735052,7.885540535141858e-139,165823,0.23358983289715224,5.637849922081842,7.248511671207663e-64,171459,0.24623841429476606,5.478882510112621,2.671322187360196e-77
D:\MT5_Backtests\Research\PhenomenonDiscovery\phase_ib_v1\xauusd_m1_2024_2025_news_clean.csv,sma50,lt,0.95,4.429375831112745,48,1,,,3.0990361622273285e-136,"[{'quantile': 0.9, 'cutpoint': 3.4746315894269673, 'y2025': {'n': 315505, 'mean_atr': 0.24996776634274165, 'sd_atr': 5.611470019017085, 'p': 3.582344144278566e-138}}]",334710,0.22863627190347802,6.05409507141911,7.956992810740514e-106,333395,0.2440597533473285,5.6210758425692795,1.0538467249600438e-138,164298,0.22716047606461398,5.678527346191084,3.9598280864884514e-59,169097,0.26047942642843236,5.564654357541195,1.4452939503467228e-82
D:\MT5_Backtests\Research\PhenomenonDiscovery\phase_ib_v1\xauusd_m1_2024_2025_news_clean.csv,uwick,lt,0.95,0.6452649113249523,48,1,,,5.494083892504358e-136,"[{'quantile': 0.9, 'cutpoint': 0.5104297642382762, 'y2025': {'n': 316380, 'mean_atr': 0.24443762143373068, 'sd_atr': 5.60169086992287, 'p': 4.956561234731671e-133}}]",334744,0.21880138376197586,6.063718294239316,8.672139849429077e-97,334161,0.24323403744638591,5.613700581026324,1.8897724458270152e-138,164131,0.2346112668168256,5.678756162425748,6.984494150755315e-63,170030,0.25155765072757375,5.550182765373378,6.050219792185765e-78
D:\MT5_Backtests\Research\PhenomenonDiscovery\phase_ib_v1\xauusd_m1_2024_2025_news_clean.csv,volz,lt,0.95,2.000460297782152,48,1,,,5.671662222079632e-136,"[{'quantile': 0.9, 'cutpoint': 1.4353153679138249, 'y2025': {'n': 315427, 'mean_atr': 0.24619504485543567, 'sd_atr': 5.606649570950158, 'p': 2.7476553403979183e-134}}]",334712,0.22359666459718983,6.043301874867385,1.1857768033405312e-101,332161,0.24379919291516902,5.6102652770710275,1.9730219581186964e-138,163557,0.23704700939709092,5.672396800836211,4.4525715333691644e-64,168604,0.25034925625688276,5.5493379067028314,1.3178743808096489e-76
D:\MT5_Backtests\Research\PhenomenonDiscovery\phase_ib_v1\xauusd_m5_2024_2025_raw.csv,ret48,lt,0.9,5.820849461766548,48,1,,,8.569391058881675e-136,"[{'quantile': 0.8, 'cutpoint': 3.928808795616522, 'y2025': {'n': 55807, 'mean_atr': 0.492352963121663, 'sd_atr': 5.243323397286742, 'p': 5.046711815681224e-109}}, {'quantile': 0.95, 'cutpoint': 7.337800497498546, 'y2025': {'n': 66607, 'mean_atr': 0.5269530099196106, 'sd_atr': 5.227762697342574, 'p': 3.3919700489238534e-149}}]",64218,0.41186206271738196,5.612162167130154,3.3788469971799375e-77,62876,0.5217925399569661,5.22769631737775,3.014560644540927e-138,30890,0.44388891844719475,5.0801705936896004,3.181976788953691e-53,31986,0.5970267945820156,5.365324743377516,3.97843173438919e-88
D:\MT5_Backtests\Research\PhenomenonDiscovery\phase_ib_v1\xauusd_m5_2024_2025_raw.csv,ret6,lt,0.95,2.506922635366373,48,1,,,9.945232892539172e-136,"[{'quantile': 0.9, 'cutpoint': 1.8830884626607403, 'y2025': {'n': 63803, 'mean_atr': 0.4932643163373855, 'sd_atr': 5.218874440218732, 'p': 5.719078713233645e-126}}]",67819,0.3725241682147677,5.610429099642059,5.4462464130305045e-67,67570,0.5029020943662205,5.224457252976444,3.537430398769014e-138,33308,0.47457070496665843,5.124552398744459,4.403414345031225e-64,34262,0.5304446172230478,5.319712223331388,4.5911697129703075e-76
D:\MT5_Backtests\Research\PhenomenonDiscovery\phase_ib_v1\xauusd_m1_2024_2025_news_clean.csv,sma50,lt,0.9,3.4746315894269673,48,1,,,9.962031802959003e-136,"[{'quantile': 0.8, 'cutpoint': 2.3215258585834144, 'y2025': {'n': 279756, 'mean_atr': 0.25541754892500973, 'sd_atr': 5.5989858495193365, 'p': 1.2545052538789733e-128}}, {'quantile': 0.95, 'cutpoint': 4.429375831112745, 'y2025': {'n': 333395, 'mean_atr': 0.2440597533473285, 'sd_atr': 5.6210758425692795, 'p': 1.0538467249600438e-138}}]",317094,0.235379789220183,6.051927189281326,2.525875463814041e-106,315505,0.24996776634274165,5.611470019017085,3.582344144278566e-138,155512,0.22864739664099143,5.6672116398140115,5.374226897511306e-57,159993,0.27069100631610665,5.556693035623181,1.4621488245244703e-84
D:\MT5_Backtests\Research\PhenomenonDiscovery\phase_ib_v1\xauusd_m5_2024_2025_raw.csv,body,lt,0.9,0.7582541662738711,48,1,,,1.0889245707278049e-135,"[{'quantile': 0.8, 'cutpoint': 0.47909770960831444, 'y2025': {'n': 56933, 'mean_atr': 0.5085890606009915, 'sd_atr': 5.207188586746733, 'p': 3.961498389113753e-120}}, {'quantile': 0.95, 'cutpoint': 1.0110450270350626, 'y2025': {'n': 67743, 'mean_atr': 0.5093251739591456, 'sd_atr': 5.214568957210964, 'p': 1.4423124103875583e-142}}]",64250,0.37033280217905634,5.571064104374939,1.0555767120044233e-63,64229,0.5144621999205471,5.211679494011039,3.958332750065895e-138,31638,0.4816196850890087,5.099536957887183,2.490740476419079e-63,32591,0.5463443601562015,5.318165616220125,8.762884431206874e-77
D:\MT5_Backtests\Research\PhenomenonDiscovery\phase_ib_v1\xauusd_m1_2024_2025_raw.csv,ret48,lt,0.95,7.678606345561385,48,1,,,1.1362391377756313e-135,"[{'quantile': 0.9, 'cutpoint': 6.073866114246408, 'y2025': {'n': 316863, 'mean_atr': 0.24769475295683288, 'sd_atr': 5.5582861809683095, 'p': 7.276196101366482e-139}}]",338045,0.23047288688066164,6.009569785259283,3.873603173322754e-110,335454,0.24040426129043685,5.566140672730361,4.174737294829165e-138,165394,0.226215023131974,5.640454516892333,8.311258792718617e-60,170060,0.254204183999956,5.492882929306887,3.389548959857462e-81
D:\MT5_Backtests\Research\PhenomenonDiscovery\phase_ib_v1\xauusd_m1_2024_2025_news_clean.csv,volz,gt,0.05,-1.5808222642481775,48,1,,,1.1542489276478038e-135,"[{'quantile': 0.1, 'cutpoint': -1.3000883956641807, 'y2025': {'n': 322862, 'mean_atr': 0.2397764894703191, 'sd_atr': 5.586870257198942, 'p': 2.388271824917442e-131}}]",334712,0.20832581940225336,6.073766434624743,1.2514519732525016e-87,338970,0.24097102862799955,5.608661406922021,4.286024395190016e-138,166632,0.2377216790961751,5.6544473828994635,5.147401394553731e-66,172338,0.24411279429307037,5.5640477302577125,4.04306736472494e-74
D:\MT5_Backtests\Research\PhenomenonDiscovery\phase_ib_v1\xauusd_m1_2024_2025_raw.csv,rsi14,lt,0.9,65.12325745737388,48,1,,,1.2436099119955198e-135,"[{'quantile': 0.8, 'cutpoint': 60.06422239959874, 'y2025': {'n': 281583, 'mean_atr': 0.2466578298479975, 'sd_atr': 5.5488595460288215, 'p': 5.096620671176681e-123}}, {'quantile': 0.95, 'cutpoint': 69.30561344687472, 'y2025': {'n': 335462, 'mean_atr': 0.24618408488673132, 'sd_atr': 5.557794737822032, 'p': 3.6784066175937355e-145}}]",320283,0.22872506986569932,5.971039919160083,3.2684071758888816e-104,317279,0.24650717342267067,5.551660809752723,4.666453703547917e-138,156297,0.22789929397145128,5.637459942319201,1.702109839698448e-57,160982,0.2645735145948963,5.467027434272418,5.5355932993866e-84
D:\MT5_Backtests\Research\PhenomenonDiscovery\phase_ib_v1\xauusd_m1_2024_2025_raw.csv,sma10,lt,0.95,1.8723398383127066,48,1,,,1.4296107801043452e-135,"[{'quantile': 0.9, 'cutpoint': 1.4462438473669263, 'y2025': {'n': 321399, 'mean_atr': 0.23788549949965734, 'sd_atr': 5.5597602372896295, 'p': 5.600256837601701e-130}}]",338078,0.21657304367175054,5.984500801869941,2.7129467723194947e-98,338365,0.23898358107393297,5.559520090982494,5.42027226665578e-138,166522,0.23098827706482844,5.639899612005192,1.053996589794041e-62,171843,0.2467313160075882,5.480510186056887,9.999327637131517e-78
D:\MT5_Backtests\Research\PhenomenonDiscovery\phase_ib_v1\xauusd_m5_2024_2025_raw.csv,rsi7,lt,0.95,77.47037866674079,48,1,,,1.8473400737778457e-135,"[{'quantile': 0.9, 'cutpoint': 71.68590936042793, 'y2025': {'n': 63198, 'mean_atr': 0.49959112058373806, 'sd_atr': 5.221258426647976, 'p': 7.541635325041208e-128}}]",67819,0.3703977915573952,5.607561649706536,2.5809157902523806e-66,67092,0.5046567903662352,5.2298951120159485,7.076271389549283e-138,33060,0.4791880333609947,5.130445194120632,1.1061719399638922e-64,34032,0.5293981251862061,5.324685030972028,3.8679011520509886e-75
D:\MT5_Backtests\Research\PhenomenonDiscovery\phase_ib_v1\xauusd_m5_2024_2025_raw.csv,uwick,lt,0.95,0.6401753404120291,48,1,,,1.891463477260689e-135,"[{'quantile': 0.9, 'cutpoint': 0.5058179212067762, 'y2025': {'n': 64377, 'mean_atr': 0.4971973860118455, 'sd_atr': 5.19822012309304, 'p': 4.2374774807895e-130}}]",67819,0.35564482867458097,5.592030662192367,1.303431257039494e-61,67890,0.500349535737574,5.216285162573731,7.319218427486249e-138,33412,0.4668538572911017,5.114546857980554,1.6863454618590996e-62,34478,0.5328095858638441,5.312892163027582,2.155518814685103e-77
D:\MT5_Backtests\Research\PhenomenonDiscovery\phase_ib_v1\xauusd_m5_2024_2025_raw.csv,sma10,lt,0.95,1.7197572867492092,48,1,,,1.9891474910346022e-135,"[{'quantile': 0.9, 'cutpoint': 1.2833002734077723, 'y2025': {'n': 63754, 'mean_atr': 0.49700054459478415, 'sd_atr': 5.213491123222931, 'p': 5.114815714224837e-128}}]",67819,0.37579645290283764,5.602158419442277,2.459248497617467e-68,67530,0.5018032838466592,5.218055921779948,7.774966741067083e-138,33279,0.48027304484072036,5.121794094447482,1.3363408411049698e-65,34251,0.5227225219383539,5.3099058648680355,3.65744969473665e-74
D:\MT5_Backtests\Research\PhenomenonDiscovery\phase_ib_v1\xauusd_m1_2024_2025_raw.csv,ret1,gt,0.05,-1.1350961867817468,48,1,,,2.047144013111296e-135,"[{'quantile': 0.1, 'cutpoint': -0.8588557391454485, 'y2025': {'n': 321670, 'mean_atr': 0.24107473754614467, 'sd_atr': 5.569740695945358, 'p': 4.505971550199774e-133}}]",338078,0.21135989146849438,6.009305402471932,5.930065282512455e-93,338242,0.23931265175880317,5.569717204840721,8.081673910422174e-138,166532,0.23646038312412362,5.652624429456974,2.4428977463552414e-65,171710,0.2420789088217026,5.48812890695014,1.2371720156268517e-74
D:\MT5_Backtests\Research\PhenomenonDiscovery\phase_ib_v1\xauusd_m5_2024_2025_news_clean.csv,range,gt,0.05,0.3376275659191187,48,1,,,3.370662070662407e-135,"[{'quantile': 0.1, 'cutpoint': 0.45463307010582427, 'y2025': {'n': 64184, 'mean_atr': 0.5124378486392654, 'sd_atr': 5.380985559367352, 'p': 1.3207168583173216e-128}}]",66910,0.3589554807889258,5.804224403025568,1.3381565696293785e-57,67805,0.5122768659499224,5.342477659915474,1.343838067571785e-137,33320,0.4736007668774443,5.212169194999193,8.77248090179123e-62,34485,0.5496463779433968,5.465249156019366,7.733202316916269e-78
D:\MT5_Backtests\Research\PhenomenonDiscovery\phase_ib_v1\xauusd_m1_2024_2025_news_clean.csv,ret3,lt,0.95,1.9496370181859999,48,1,,,3.910453191157479e-135,"[{'quantile': 0.9, 'cutpoint': 1.5017003314920858, 'y2025': {'n': 318491, 'mean_atr': 0.24256136621652166, 'sd_atr': 5.620280639288903, 'p': 4.965361777129723e-131}}]",334744,0.2176805997260134,6.059908526089753,6.156951185700958e-96,335169,0.24208178049955129,5.6145023130908305,1.5743303576032692e-137,164777,0.2350775266559541,5.673092689167556,1.7262419585718377e-63,170392,0.24885522018912834,5.557263459524936,2.7466096028210208e-76
D:\MT5_Backtests\Research\PhenomenonDiscovery\phase_ib_v1\xauusd_m1_2024_2025_raw.csv,volz,lt,0.9,1.4285134595496047,48,1,,,5.802987807042155e-135,"[{'quantile': 0.8, 'cutpoint': 0.8010692270411542, 'y2025': {'n': 285183, 'mean_atr': 0.25284826353029216, 'sd_atr': 5.569275836919981, 'p': 7.457103543705073e-130}}, {'quantile': 0.95, 'cutpoint': 1.9949176064303027, 'y2025': {'n': 335244, 'mean_atr': 0.2427270529692667, 'sd_atr': 5.557705129566851, 'p': 4.4017514893088436e-141}}]",320254,0.23006996424911327,5.943481399626034,2.2691760363797533e-106,318308,0.24554012700795844,5.553222419665608,2.3589381329439656e-137,156862,0.23283656482134252,5.639679302566434,4.249144991904991e-60,161446,0.25788299193937175,5.467900353052795,4.3919550373670666e-80
D:\MT5_Backtests\Research\PhenomenonDiscovery\phase_ib_v1\xauusd_m5_2024_2025_news_clean.csv,uwick,gt,0.1,0.01169138893398953,48,1,,,6.637019677401145e-135,"[{'quantile': 0.05, 'cutpoint': 0.0, 'y2025': {'n': 67338, 'mean_atr': 0.5159852485920688, 'sd_atr': 5.277121504967449, 'p': 5.021618827311702e-142}}, {'quantile': 0.2, 'cutpoint': 0.0451911183930055, 'y2025': {'n': 57938, 'mean_atr': 0.5262929776056113, 'sd_atr': 5.278851500788449, 'p': 2.9378570554803165e-127}}]",63388,0.346178067013865,5.7256962771989945,2.522741059570738e-52,64802,0.5175020059926194,5.282084168551795,2.7239175505281434e-137,31946,0.4847854260287087,5.146611943554164,1.3314510446046063e-63,32856,0.5493124474196676,5.410441516199235,1.2376036788506782e-75
D:\MT5_Backtests\Research\PhenomenonDiscovery\phase_ib_v1\xauusd_m1_2024_2025_news_clean.csv,sma100,lt,0.9,5.0262382232893685,48,1,,,1.0051223029598318e-134,"[{'quantile': 0.8, 'cutpoint': 3.4010788445398243, 'y2025': {'n': 276722, 'mean_atr': 0.25772954156433325, 'sd_atr': 5.621278701205617, 'p': 1.5976587631361977e-128}}, {'quantile': 0.95, 'cutpoint': 6.332472409737261, 'y2025': {'n': 332251, 'mean_atr': 0.2417059547460416, 'sd_atr': 5.6124687946866985, 'p': 4.9741847162701365e-136}}]",317049,0.24728977411921635,6.063820877692811,1.1001884195570148e-116,313479,0.24944700586370616,5.603736666792382,4.1644373090111857e-137,154398,0.23560646249176787,5.645930517954966,1.9990815095528365e-60,159081,0.26288011362353,5.5624636737693445,2.966649469376645e-79
D:\MT5_Backtests\Research\PhenomenonDiscovery\phase_ib_v1\xauusd_m5_2024_2025_news_clean.csv,lwick,gt,0.05,0.0,48,1,,,1.260447125813638e-134,"[{'quantile': 0.1, 'cutpoint': 0.012970758992676159, 'y2025': {'n': 64714, 'mean_atr': 0.5037084937759012, 'sd_atr': 5.299855824064768, 'p': 3.822215566542716e-129}}]",66026,0.3534219234597615,5.695887958904084,3.1505054479167377e-57,67266,0.5069880121576564,5.277828951350781,5.271569827316264e-137,33113,0.47420126576677424,5.150655866395282,5.36026146633021e-63,34153,0.538776362617097,5.39815501849786,5.724617310598515e-76
D:\MT5_Backtests\Research\PhenomenonDiscovery\phase_ib_v1\xauusd_m1_2024_2025_raw.csv,body,gt,0.05,-1.1246840800657971,48,1,,,1.5581546956342532e-134,"[{'quantile': 0.1, 'cutpoint': -0.8504524443981683, 'y2025': {'n': 321530, 'mean_atr': 0.24035256453385193, 'sd_atr': 5.5638156305182225, 'p': 1.6485215531520957e-132}}]",338078,0.21088107847797555,6.006539808571517,1.2635048866141625e-92,338236,0.23842454710816327,5.567694205180298,6.577576107274052e-137,166521,0.23508062787461095,5.650818739748093,1.2325190615042398e-64,171715,0.2416673201605487,5.485895689406588,1.8988033677218087e-74
D:\MT5_Backtests\Research\PhenomenonDiscovery\phase_ib_v1\xauusd_m1_2024_2025_raw.csv,sma5,gt,0.05,-1.2275741429312652,48,1,,,2.121677598318617e-134,"[{'quantile': 0.1, 'cutpoint': -0.939361634893947, 'y2025': {'n': 322090, 'mean_atr': 0.23837242960848337, 'sd_atr': 5.56604575582129, 'p': 1.730360860680905e-130}}]",338078,0.21322010060438212,5.994384078617467,5.033606253915311e-95,337984,0.23846326816051747,5.569374426834305,9.039354995963463e-137,166292,0.23109850799686535,5.64980279261834,1.8280889510195451e-62,171692,0.24559639432326266,5.490359635756226,1.0747953730243477e-76
D:\MT5_Backtests\Research\PhenomenonDiscovery\phase_ib_v1\xauusd_m5_2024_2025_raw.csv,uwick,gt,0.1,0.011773452811333561,48,1,,,3.0124170738170403e-134,"[{'quantile': 0.05, 'cutpoint': 0.0, 'y2025': {'n': 68247, 'mean_atr': 0.5060118489489317, 'sd_atr': 5.2234494720218105, 'p': 2.657638609786786e-141}}, {'quantile': 0.2, 'cutpoint': 0.045356253885092984, 'y2025': {'n': 58711, 'mean_atr': 0.516037216153265, 'sd_atr': 5.223024963902669, 'p': 1.1830471829329556e-126}}]",64250,0.3366320234665848,5.64000805831206,1.0415490761684223e-51,65661,0.5075937862780238,5.228355034347054,1.3069820793999822e-136,32402,0.47475113109029726,5.10952625546844,8.588950064824578e-63,33259,0.539590169614646,5.341462978503413,8.603908254922256e-76
D:\MT5_Backtests\Research\PhenomenonDiscovery\phase_ib_v1\xauusd_m5_2024_2025_news_clean.csv,atr_regime,gt,0.1,0.750518476438419,48,1,,,3.0124170738170403e-134,"[{'quantile': 0.05, 'cutpoint': 0.7008502408058511, 'y2025': {'n': 67988, 'mean_atr': 0.5258508418366532, 'sd_atr': 5.29681114093753, 'p': 9.585403220485798e-148}}, {'quantile': 0.2, 'cutpoint': 0.8120101665096039, 'y2025': {'n': 58918, 'mean_atr': 0.48774663396728457, 'sd_atr': 5.2693482361791055, 'p': 8.565143345082e-112}}]",63356,0.32713244479134324,5.785816927295148,5.835693555056826e-46,65224,0.5158307912481153,5.295465375629518,1.3034941594475141e-136,32070,0.48339138185199076,5.1450780844158155,1.5992145969428672e-63,33154,0.547209564829997,5.436872596059838,5.1138210175661365e-75
D:\MT5_Backtests\Research\PhenomenonDiscovery\phase_ib_v1\xauusd_m1_2024_2025_news_clean.csv,ret12,lt,0.95,3.888066863699312,48,1,,,3.1939308620807506e-134,"[{'quantile': 0.9, 'cutpoint': 3.032028076007572, 'y2025': {'n': 317949, 'mean_atr': 0.23918560090855465, 'sd_atr': 5.616860688425978, 'p': 2.1066519456701995e-127}}]",334744,0.22209979137696173,6.073176091318309,2.2953396230838717e-99,334983,0.2415107805800654,5.619403453128574,1.3982186388095843e-136,164853,0.22946144775478666,5.6857723610058954,2.414139999249712e-60,170130,0.25318637373968256,5.554328448650562,7.30089110987879e-79
D:\MT5_Backtests\Research\PhenomenonDiscovery\phase_ib_v1\xauusd_m5_2024_2025_news_clean.csv,ret48,gt,0.2,-3.101897856058777,48,1,,,3.284811970903935e-134,"[{'quantile': 0.1, 'cutpoint': -5.050776915830451, 'y2025': {'n': 63928, 'mean_atr': 0.5076197290208321, 'sd_atr': 5.321168841055327, 'p': 1.5427062377120092e-128}}, {'quantile': 0.3, 'cutpoint': -1.728211329303476, 'y2025': {'n': 49895, 'mean_atr': 0.579608965495057, 'sd_atr': 5.310163694555293, 'p': 2.704883512835784e-131}}]",56317,0.3255353630897236,5.750544381222103,3.8161783740868987e-41,56864,0.556275658226703,5.333066016995216,1.4508433111012534e-136,27906,0.50963048974489,5.26797118187291,9.543458125255205e-59,28958,0.6012262788377077,5.394762323203745,3.32835161312785e-80
D:\MT5_Backtests\Research\PhenomenonDiscovery\phase_ib_v1\xauusd_m1_2024_2025_news_clean.csv,body,lt,0.95,1.1164176270001982,48,1,,,4.1356129365275907e-134,"[{'quantile': 0.9, 'cutpoint': 0.8493178883374484, 'y2025': {'n': 318147, 'mean_atr': 0.24349113684814164, 'sd_atr': 5.626200197961223, 'p': 1.3135671317107634e-131}}]",334744,0.22038851220580633,6.063143146572754,3.457235753741466e-98,335092,0.24141345179451762,5.620557022050933,1.8427918807228944e-136,164810,0.233006029596387,5.6737107878666055,2.089236604083218e-62,170282,0.2495507020762496,5.568632779338853,2.3748878612076688e-76
D:\MT5_Backtests\Research\PhenomenonDiscovery\phase_ib_v1\xauusd_m5_2024_2025_raw.csv,lwick,gt,0.05,0.0,48,1,,,4.3720608823666895e-134,"[{'quantile': 0.1, 'cutpoint': 0.01298678870300633, 'y2025': {'n': 65573, 'mean_atr': 0.4939780741998226, 'sd_atr': 5.245917145527952, 'p': 1.8322963762926345e-128}}]",66920,0.3471436582231564,5.614995323957529,1.423132727409435e-57,68149,0.497451376477666,5.223497244407922,1.965239999500349e-136,33578,0.4648661079133222,5.11071622913142,2.254008180237198e-62,34571,0.5291006821920952,5.330638281208297,4.749804758262202e-76
D:\MT5_Backtests\Research\PhenomenonDiscovery\phase_ib_v1\xauusd_m1_2024_2025_news_clean.csv,sma5,lt,0.95,1.2242097296559387,48,1,,,4.442911664280094e-134,"[{'quantile': 0.9, 'cutpoint': 0.9435343420957318, 'y2025': {'n': 318810, 'mean_atr': 0.23962264306253164, 'sd_atr': 5.620083431084621, 'p': 4.663495481957514e-128}}]",334744,0.2186441452677114,6.0584510941761245,8.121578179991154e-97,335101,0.2414500270637994,5.622292830828151,2.0144533812401926e-136,164820,0.23404097285509337,5.6846138926972305,1.0261342611928205e-62,170281,0.24862146906072757,5.56131263363121,5.4318650222960884e-76
D:\MT5_Backtests\Research\PhenomenonDiscovery\phase_ib_v1\xauusd_m5_2024_2025_raw.csv,sma100,lt,0.9,4.855091562709894,48,1,,,4.674040014712049e-134,"[{'quantile': 0.8, 'cutpoint': 3.335392190179709, 'y2025': {'n': 55710, 'mean_atr': 0.5092096977220854, 'sd_atr': 5.263537387187138, 'p': 2.0986683317602223e-115}}, {'quantile': 0.95, 'cutpoint': 6.057325788441269, 'y2025': {'n': 66240, 'mean_atr': 0.5302347941323575, 'sd_atr': 5.2381523501185105, 'p': 1.258713537107342e-149}}]",64172,0.42577290062285283,5.570745233172571,1.6327844334670543e-83,62526,0.5213861631104857,5.244810147573059,2.137518299410998e-136,30783,0.440974730863557,5.110801204967936,9.037597121134372e-52,31743,0.5993657214023047,5.370504841371965,5.613983834588722e-88
D:\MT5_Backtests\Research\PhenomenonDiscovery\phase_ib_v1\xauusd_m1_2024_2025_raw.csv,uwick,lt,0.9,0.5115115966312687,48,1,,,6.026292975898485e-134,"[{'quantile': 0.8, 'cutpoint': 0.36889939122452214, 'y2025': {'n': 282142, 'mean_atr': 0.24638809633916087, 'sd_atr': 5.5514246505474665, 'p': 6.980807686570112e-123}}, {'quantile': 0.95, 'cutpoint': 0.6461970506010736, 'y2025': {'n': 337421, 'mean_atr': 0.24330669800793386, 'sd_atr': 5.562783242186555, 'p': 2.127499811080354e-142}}]",320284,0.2126440576392055,5.999952744696588,1.7420195179982722e-89,319524,0.2440134993478067,5.551238750778497,2.7794815945748172e-136,156912,0.23771714667534977,5.635953243497361,1.148569454605249e-62,162612,0.25008914745828165,5.468260146395233,5.980367604414266e-76
D:\MT5_Backtests\Research\PhenomenonDiscovery\phase_ib_v1\xauusd_m5_2024_2025_raw.csv,ret24,lt,0.9,3.919888409674747,48,1,,,6.4959174615883415e-134,"[{'quantile': 0.8, 'cutpoint': 2.589800151417943, 'y2025': {'n': 55750, 'mean_atr': 0.4856463619929552, 'sd_atr': 5.27889787322679, 'p': 1.2719106493184607e-104}}, {'quantile': 0.95, 'cutpoint': 5.006526644610674, 'y2025': {'n': 67071, 'mean_atr': 0.5221569273836583, 'sd_atr': 5.260206084345562, 'p': 9.551297524401836e-146}}]",64240,0.385106935521883,5.642921598149883,4.9235316662487725e-67,63176,0.5205083161701733,5.26607067851496,3.021475054444233e-136,31110,0.492197771300339,5.1452381724007274,7.147399343999423e-64,32066,0.5479748243377199,5.38064591281073,2.6344630431236582e-74
D:\MT5_Backtests\Research\PhenomenonDiscovery\phase_ib_v1\xauusd_m5_2024_2025_news_clean.csv,hour,gt,0.05,2.0,48,1,,,7.015628155004922e-134,"[{'quantile': 0.1, 'cutpoint': 3.0, 'y2025': {'n': 60630, 'mean_atr': 0.5474936327646172, 'sd_atr': 5.504220763446908, 'p': 1.7906543205079302e-132}}]",63968,0.37108396788781356,5.896842784400417,4.9073748661500033e-57,63725,0.5366026016770686,5.453189638650559,3.290632342872853e-136,31366,0.4928681587250644,5.3069201097701315,8.643021100408667e-61,32359,0.578994966633729,5.591075227094458,1.8887438909778685e-77
D:\MT5_Backtests\Research\PhenomenonDiscovery\phase_ib_v1\xauusd_m5_2024_2025_raw.csv,volz,lt,0.9,1.4855565314985801,48,1,,,7.552740085931046e-134,"[{'quantile': 0.8, 'cutpoint': 0.7784421701920526, 'y2025': {'n': 58615, 'mean_atr': 0.5119949502846138, 'sd_atr': 5.152242519521452, 'p': 6.754532298850226e-128}}, {'quantile': 0.95, 'cutpoint': 2.122102811268659, 'y2025': {'n': 67804, 'mean_atr': 0.5044042032765174, 'sd_atr': 5.193095080722308, 'p': 3.9298133115536437e-141}}]",64219,0.3634442648207919,5.533769385256839,3.3647765982950784e-62,64802,0.5052636844830549,5.178606019656176,3.572082357714417e-136,32059,0.46871327700278903,5.111846376297387,1.4358288968341537e-60,32743,0.5410505553687358,5.242978727335367,8.17858490029742e-78
D:\MT5_Backtests\Research\PhenomenonDiscovery\phase_ib_v1\xauusd_m1_2024_2025_news_clean.csv,ret48,lt,0.9,6.0998502166777415,48,1,,,8.55445339695501e-134,"[{'quantile': 0.8, 'cutpoint': 4.116541643733626, 'y2025': {'n': 277914, 'mean_atr': 0.24930127709970526, 'sd_atr': 5.612834420562566, 'p': 2.9936612865999263e-121}}, {'quantile': 0.95, 'cutpoint': 7.711112403734592, 'y2025': {'n': 332214, 'mean_atr': 0.2406306146961779, 'sd_atr': 5.62032415883496, 'p': 1.8726308685483787e-134}}]",317095,0.23668527859776753,6.085365579624147,2.4986753755090423e-106,313868,0.24902782411071087,5.618434467542624,4.079281247766226e-136,154655,0.24298565561400395,5.669400236147171,9.6614344084602e-64,159213,0.25489701550122673,5.568492689311769,1.5761522553739623e-74
D:\MT5_Backtests\Research\PhenomenonDiscovery\phase_ib_v1\xauusd_m1_2024_2025_news_clean.csv,ret1,lt,0.95,1.127254529134252,48,1,,,9.17750147146653e-134,"[{'quantile': 0.9, 'cutpoint': 0.8566260646139736, 'y2025': {'n': 318241, 'mean_atr': 0.24434378245417268, 'sd_atr': 5.625569419395277, 'p': 1.38448941346481e-132}}]",334744,0.22178788772176936,6.06328467904211,2.0751554051454247e-99,335066,0.24115543354666127,5.622265382419625,4.412260322820446e-136,164758,0.2336686073270124,5.675495726177878,1.0777632985751873e-62,170308,0.2483982789461547,5.570292744574882,1.2434165633950703e-75
D:\MT5_Backtests\Research\PhenomenonDiscovery\phase_ib_v1\xauusd_m5_2024_2025_raw.csv,range,gt,0.05,0.3401987393882124,48,1,,,9.20063904113643e-134,"[{'quantile': 0.1, 'cutpoint': 0.4568419824978433, 'y2025': {'n': 65041, 'mean_atr': 0.5014728274354998, 'sd_atr': 5.320853725572342, 'p': 1.1734277326660975e-127}}]",67819,0.3527501990857504,5.719278877435663,4.705331337533993e-58,68689,0.50077484900661,5.286188934236921,4.459346627192453e-136,33793,0.4620679901635551,5.170393919058923,1.1975108659459078e-60,34896,0.5382582534335744,5.395765516699498,1.6768377829189553e-77
D:\MT5_Backtests\Research\PhenomenonDiscovery\phase_ib_v1\xauusd_m5_2024_2025_raw.csv,atr_regime,gt,0.1,0.7520764528361122,48,1,,,9.643155660825192e-134,"[{'quantile': 0.05, 'cutpoint': 0.7036569762950827, 'y2025': {'n': 68879, 'mean_atr': 0.5134686466136108, 'sd_atr': 5.242783170746446, 'p': 1.0630081712124075e-145}}, {'quantile': 0.2, 'cutpoint': 0.8129606744611383, 'y2025': {'n': 59687, 'mean_atr': 0.48243136245443347, 'sd_atr': 5.206193871110712, 'p': 1.7951897281709578e-113}}]",64217,0.3220676596163195,5.697633513024469,1.5396703973547578e-46,66128,0.5053580198502383,5.234643707300663,4.711516798011057e-136,32571,0.47385934250845585,5.104670459199956,5.367762838847955e-63,33557,0.5359311765596936,5.357682422880184,5.311360917651743e-75
D:\MT5_Backtests\Research\PhenomenonDiscovery\phase_ib_v1\xauusd_m1_2024_2025_raw.csv,ret1,lt,0.9,0.8565080482374499,48,1,,,9.938036537119683e-134,"[{'quantile': 0.8, 'cutpoint': 0.5505082182163473, 'y2025': {'n': 286107, 'mean_atr': 0.2487708338956511, 'sd_atr': 5.576443780146735, 'p': 7.606356553725998e-126}}, {'quantile': 0.95, 'cutpoint': 1.126240692404922, 'y2025': {'n': 338324, 'mean_atr': 0.24089876347384007, 'sd_atr': 5.5698359507003685, 'p': 1.1851982387481774e-139}}]",320284,0.21979476671724646,6.005844870334331,2.7301496909768743e-95,321334,0.24407598121919977,5.573467241579228,4.894436380851627e-136,158134,0.23476322912849212,5.646451087240403,2.1024442717242955e-61,163200,0.25309964996375844,5.501827743200705,4.311222897860569e-77
D:\MT5_Backtests\Research\PhenomenonDiscovery\phase_ib_v1\xauusd_m1_2024_2025_news_clean.csv,sma100,lt,0.95,6.332472409737261,48,1,,,1.0020436360713006e-133,"[{'quantile': 0.9, 'cutpoint': 5.0262382232893685, 'y2025': {'n': 313479, 'mean_atr': 0.24944700586370616, 'sd_atr': 5.603736666792382, 'p': 4.1644373090111857e-137}}]",334663,0.23724825111967576,6.080128071798348,7.938608891646862e-113,332251,0.2417059547460416,5.6124687946866985,4.9741847162701365e-136,163695,0.2364510299080859,5.650256971817503,2.6440165424276978e-64,168556,0.24680933238521893,5.575537286936205,8.315225396450032e-74
D:\MT5_Backtests\Research\PhenomenonDiscovery\phase_ib_v1\xauusd_m5_2024_2025_news_clean.csv,ret12,lt,0.9,2.7205665590023433,48,1,,,1.0938027323361422e-133,"[{'quantile': 0.8, 'cutpoint': 1.7575139818648389, 'y2025': {'n': 55167, 'mean_atr': 0.5228913363558907, 'sd_atr': 5.304281454057843, 'p': 1.3273338184104391e-118}}, {'quantile': 0.95, 'cutpoint': 3.5615045983981637, 'y2025': {'n': 66470, 'mean_atr': 0.5254134101040046, 'sd_atr': 5.301633960193953, 'p': 5.381423290441625e-144}}]",63388,0.3795235628005236,5.7109699178351585,7.739170653081987e-63,62698,0.5244022446029389,5.290442612212263,5.472433932888767e-136,30835,0.4933066960646865,5.17331367693758,6.219103289999602e-63,31863,0.5544945535247922,5.401285546501533,5.230186393966166e-75
D:\MT5_Backtests\Research\PhenomenonDiscovery\phase_ib_v1\xauusd_m5_2024_2025_news_clean.csv,volz,gt,0.05,-1.6182147545632202,48,1,,,1.277126914061107e-133,"[{'quantile': 0.1, 'cutpoint': -1.3873961255073082, 'y2025': {'n': 65067, 'mean_atr': 0.4907300304903052, 'sd_atr': 5.242620897177908, 'p': 5.346936590722041e-126}}]",66878,0.340618588879092,5.71859180931312,1.5491995913543065e-53,67780,0.5019864017289557,5.266934638955137,6.439547057296857e-136,33436,0.4643510471103398,5.130781836149323,1.6296108152077826e-61,34344,0.5386267382368768,5.396011080140944,2.1163078918032073e-76
D:\MT5_Backtests\Research\PhenomenonDiscovery\phase_ib_v1\xauusd_m1_2024_2025_raw.csv,range,gt,0.05,0.39606510451628185,48,1,,,1.3519072949185396e-133,"[{'quantile': 0.1, 'cutpoint': 0.49391668234438363, 'y2025': {'n': 323514, 'mean_atr': 0.2341598696910297, 'sd_atr': 5.568565898166973, 'p': 2.0144762227692546e-126}}]",338078,0.21009162668442952,6.006771847751969,6.114984679714119e-92,340327,0.2375071666251097,5.584517177065068,6.869447636781197e-136,167118,0.22886231172983462,5.654788232607207,1.7365929131414497e-61,173209,0.2458480199317426,5.515872234504628,8.195279782278066e-77
D:\MT5_Backtests\Research\PhenomenonDiscovery\phase_ib_v1\xauusd_m1_2024_2025_news_clean.csv,range,lt,0.95,1.760040389910152,48,1,,,1.651656821883178e-133,"[{'quantile': 0.9, 'cutpoint': 1.5148584207567946, 'y2025': {'n': 316811, 'mean_atr': 0.2435220745175315, 'sd_atr': 5.5982707836759396, 'p': 2.1806112921385822e-132}}]",334744,0.21816028197672144,6.057318752081134,1.967121767776382e-96,334034,0.24068297505187222,5.6085154987616805,8.457123345321151e-136,164113,0.2354781141784884,5.667992201356207,1.4626862997589696e-63,169921,0.2457099307107586,5.550478806954033,2.14538773035851e-74
D:\MT5_Backtests\Research\PhenomenonDiscovery\phase_ib_v1\xauusd_m5_2024_2025_news_clean.csv,ret1,gt,0.05,-1.0208065108443765,48,1,,,1.6694746264200333e-133,"[{'quantile': 0.1, 'cutpoint': -0.7519558853022433, 'y2025': {'n': 63423, 'mean_atr': 0.5046934782823468, 'sd_atr': 5.282725515237713, 'p': 6.582944080765611e-128}}]",66910,0.35469710351764994,5.680952478621847,1.1291493673404732e-58,66860,0.5066042437336397,5.281680779981719,8.613612050009553e-136,32908,0.4698239929420969,5.147044479225436,1.3839956162365257e-61,33952,0.5422535278125775,5.408816920696513,3.418670983899332e-76
D:\MT5_Backtests\Research\PhenomenonDiscovery\phase_ib_v1\xauusd_m5_2024_2025_raw.csv,ret48,gt,0.2,-3.0857310508299127,48,1,,,2.7312250931014675e-133,"[{'quantile': 0.1, 'cutpoint': -4.99942373645421, 'y2025': {'n': 64717, 'mean_atr': 0.4993305417557089, 'sd_atr': 5.267099394845547, 'p': 1.652424955436023e-128}}, {'quantile': 0.3, 'cutpoint': -1.7177681358316699, 'y2025': {'n': 50545, 'mean_atr': 0.5642736325211696, 'sd_atr': 5.2585077740727835, 'p': 1.368411743046833e-128}}]",57083,0.31869238076936374,5.6620539177886124,3.1719108203110474e-41,57658,0.5448236322328737,5.2790824554103875,1.4198441892686647e-135,28314,0.4993837912024298,5.22338570590752,3.1323896169226967e-58,29344,0.5886684952009756,5.331994634734236,9.059878875378519e-80
D:\MT5_Backtests\Research\PhenomenonDiscovery\phase_ib_v1\xauusd_m1_2024_2025_raw.csv,rsi7,lt,0.9,72.06625956989893,48,1,,,2.809096848837518e-133,"[{'quantile': 0.8, 'cutpoint': 65.00518883525115, 'y2025': {'n': 283091, 'mean_atr': 0.2448398818414474, 'sd_atr': 5.553564303008257, 'p': 1.120118708439788e-121}}, {'quantile': 0.95, 'cutpoint': 77.5145521981275, 'y2025': {'n': 336004, 'mean_atr': 0.24448338192926863, 'sd_atr': 5.549832184458388, 'p': 7.988217701059141e-144}}]",320284,0.2260216771681807,5.983056134414643,2.0797552438171213e-101,318322,0.24347728953111258,5.54357140287508,1.4713061981872553e-135,156741,0.22535398855700142,5.635558662020709,1.8894102404751192e-56,161581,0.2610577248420907,5.452816877138245,1.5641468077580906e-82
D:\MT5_Backtests\Research\PhenomenonDiscovery\phase_ib_v1\xauusd_m1_2024_2025_raw.csv,volz,gt,0.1,-1.2996623515362944,48,1,,,3.577859259678551e-133,"[{'quantile': 0.05, 'cutpoint': -1.581167816693506, 'y2025': {'n': 342315, 'mean_atr': 0.24133875814660266, 'sd_atr': 5.555691538962852, 'p': 1.6916772927325582e-142}}, {'quantile': 0.2, 'cutpoint': -0.9432234625966708, 'y2025': {'n': 289252, 'mean_atr': 0.23956444775837757, 'sd_atr': 5.501625364967524, 'p': 2.7328712425974505e-121}}]",320254,0.20033538027716744,5.98954472787831,6.670656958317019e-80,326046,0.24001082826749065,5.532791005695464,1.8879416825226878e-135,160359,0.23436391116325264,5.58167755613192,1.925133710787431e-63,165687,0.24547615735135658,5.485072913680894,3.800019868171349e-74
D:\MT5_Backtests\Research\PhenomenonDiscovery\phase_ib_v1\xauusd_m5_2024_2025_news_clean.csv,sma20,lt,0.9,1.9247398410451957,48,1,,,3.978225476415309e-133,"[{'quantile': 0.8, 'cutpoint': 1.2471588313747695, 'y2025': {'n': 55200, 'mean_atr': 0.5133336977067098, 'sd_atr': 5.302462382345815, 'p': 1.5971710960620748e-114}}, {'quantile': 0.95, 'cutpoint': 2.5413055779642115, 'y2025': {'n': 66546, 'mean_atr': 0.5268613929637213, 'sd_atr': 5.289487260521969, 'p': 1.3392426150137182e-145}}]",63383,0.3747845326196112,5.712471787053657,2.7460151293265582e-61,62639,0.5235170429242971,5.290630283434465,2.1147540055991324e-135,30828,0.4869857484635685,5.170209580743993,1.956758263078427e-61,31811,0.5589194743359265,5.4046161858795765,5.745189222520834e-76
D:\MT5_Backtests\Research\PhenomenonDiscovery\phase_ib_v1\xauusd_m1_2024_2025_raw.csv,range,lt,0.9,1.5163081196338175,48,1,,,4.50237322896045e-133,"[{'quantile': 0.8, 'cutpoint': 1.2642866322551307, 'y2025': {'n': 284507, 'mean_atr': 0.24186648762111632, 'sd_atr': 5.553066843898868, 'p': 2.1559174512719074e-119}}, {'quantile': 0.95, 'cutpoint': 1.7625632774703484, 'y2025': {'n': 337282, 'mean_atr': 0.24001980282692456, 'sd_atr': 5.557601639735052, 'p': 7.885540535141858e-139}}]",320284,0.2116831975463014,5.96904155580451,1.3474948183494878e-89,319873,0.242843121327246,5.54704227946596,2.4109800358332616e-135,157291,0.23978504450807986,5.6246688854808555,3.967709113915466e-64,162582,0.2458016773848874,5.470909446063606,2.384412752510041e-73
D:\MT5_Backtests\Research\PhenomenonDiscovery\phase_ib_v1\xauusd_m1_2024_2025_raw.csv,atr_regime,lt,0.9,1.1710564711866303,48,1,,,6.504461274382003e-133,"[{'quantile': 0.8, 'cutpoint': 1.0940779117319044, 'y2025': {'n': 284310, 'mean_atr': 0.2500636072056877, 'sd_atr': 5.668715727949385, 'p': 2.467963607159144e-122}}, {'quantile': 0.95, 'cutpoint': 1.25409875843258, 'y2025': {'n': 338682, 'mean_atr': 0.23846682519361362, 'sd_atr': 5.615999959957434, 'p': 8.070744206543222e-135}}]",320252,0.22298384535983,6.058048059681266,2.32078082290685e-96,321189,0.24588861285137706,5.631652192069574,3.5319058309022933e-135,158434,0.24803680850299942,5.712632365718685,6.383562238489015e-67,162755,0.24379744987715735,5.5517042510547245,3.145791630187767e-70
D:\MT5_Backtests\Research\PhenomenonDiscovery\phase_ib_v1\xauusd_m1_2024_2025_raw.csv,rsi7,gt,0.05,23.36544077483301,48,1,,,6.504461274382003e-133,"[{'quantile': 0.1, 'cutpoint': 28.901620482347663, 'y2025': {'n': 320715, 'mean_atr': 0.2298012064008103, 'sd_atr': 5.564324541241389, 'p': 5.6159486478814e-121}}]",338078,0.2130758019179262,6.0005021823241735,1.0407461313567783e-94,337531,0.23718815205786217,5.568872905935413,3.5339279125199284e-135,165887,0.23174536229855405,5.655048018232445,1.5253657829785893e-62,171644,0.24244838873844732,5.484312933356693,6.260997220166413e-75
D:\MT5_Backtests\Research\PhenomenonDiscovery\phase_ib_v1\xauusd_m5_2024_2025_news_clean.csv,body,gt,0.05,-1.000878384645455,48,1,,,6.682630822243095e-133,"[{'quantile': 0.1, 'cutpoint': -0.7397482173958707, 'y2025': {'n': 63434, 'mean_atr': 0.5058403535241337, 'sd_atr': 5.279758095972138, 'p': 1.2058939039190317e-128}}]",66910,0.3580504092637796,5.677895240119469,8.13381511472912e-60,66851,0.5050654963937584,5.277683597535796,3.6568492617027566e-135,32905,0.4698726874516919,5.142402320484826,1.06230566202815e-61,33946,0.5391790702533795,5.405442906969678,1.9744174231237833e-75
D:\MT5_Backtests\Research\PhenomenonDiscovery\phase_ib_v1\xauusd_m1_2024_2025_news_clean.csv,sma10,lt,0.95,1.878081172160369,48,1,,,6.938716298072344e-133,"[{'quantile': 0.9, 'cutpoint': 1.4499965230717708, 'y2025': {'n': 318332, 'mean_atr': 0.2380716729328146, 'sd_atr': 5.608893564557023, 'p': 9.676094067830173e-127}}]",334744,0.21920704059026036,6.053007564927614,1.773451281019152e-97,335139,0.23980094894912715,5.610954576011963,3.824104901611166e-135,164824,0.2322129874096614,5.673086606879206,5.1673741044992585e-62,170315,0.24714427263042885,5.550170254765683,2.0138427635384016e-75
D:\MT5_Backtests\Research\PhenomenonDiscovery\phase_ib_v1\xauusd_m5_2024_2025_raw.csv,ret1,gt,0.05,-1.018379224965704,48,1,,,1.196881565941495e-132,"[{'quantile': 0.1, 'cutpoint': -0.7510517711604532, 'y2025': {'n': 64265, 'mean_atr': 0.4947870586672987, 'sd_atr': 5.2248357163640975, 'p': 2.3655020129201025e-127}}]",67819,0.34863608542935015,5.597700146831886,3.6696296775959854e-59,67747,0.4962489305680794,5.225279305641488,6.643104376316929e-135,33377,0.4586457023779761,5.102204727809892,1.316991140816505e-60,34370,0.5327657460263592,5.341905903052787,2.499485456214456e-76
D:\MT5_Backtests\Research\PhenomenonDiscovery\phase_ib_v1\xauusd_m5_2024_2025_raw.csv,hour,gt,0.05,2.0,48,1,,,1.2226998672505251e-132,"[{'quantile': 0.1, 'cutpoint': 3.0, 'y2025': {'n': 61555, 'mean_atr': 0.5343457169391538, 'sd_atr': 5.439943221709465, 'p': 3.5386805815546466e-131}}]",64925,0.3647635952074276,5.807317545357638,1.1887963709926412e-57,64651,0.5241872418487015,5.392114254651575,6.834196412477528e-135,31854,0.4814246291262445,5.261635285346146,6.025919875653919e-60,32797,0.5657203169976827,5.515650623188318,5.148062798348072e-77
D:\MT5_Backtests\Research\PhenomenonDiscovery\phase_ib_v1\xauusd_m5_2024_2025_news_clean.csv,sma20,gt,0.05,-2.4102501498276556,48,1,,,1.4175422543200186e-132,"[{'quantile': 0.1, 'cutpoint': -1.7736928988371545, 'y2025': {'n': 63450, 'mean_atr': 0.4959515210315421, 'sd_atr': 5.30513196533059, 'p': 1.3079159271857926e-122}}]",66904,0.3397109877382983,5.705371878727617,1.6091411801485802e-53,67039,0.505742821785134,5.298932799967306,7.97866184420273e-135,32919,0.48036824233396813,5.167223112229348,7.856119623941395e-64,34120,0.530224233888092,5.422938491479591,6.524695650162783e-73
D:\MT5_Backtests\Research\PhenomenonDiscovery\phase_ib_v1\xauusd_m1_2024_2025_raw.csv,atr_regime,lt,0.95,1.25409875843258,48,1,,,1.4240132398634608e-132,"[{'quantile': 0.9, 'cutpoint': 1.1710564711866303, 'y2025': {'n': 321189, 'mean_atr': 0.24588861285137706, 'sd_atr': 5.631652192069574, 'p': 3.5319058309022933e-135}}]",338044,0.2172721288896793,6.057004301792192,1.3422399745568074e-96,338682,0.23846682519361362,5.615999959957434,8.070744206543222e-135,166940,0.22998038662577677,5.69814168152581,4.28320464511288e-61,171742,0.2467159783100014,5.5349908507328065,3.457025153468988e-76
D:\MT5_Backtests\Research\PhenomenonDiscovery\phase_ib_v1\xauusd_m5_2024_2025_news_clean.csv,rsi7,gt,0.05,23.962743659762086,48,1,,,1.757628075484054e-132,"[{'quantile': 0.1, 'cutpoint': 30.09073145984612, 'y2025': {'n': 63082, 'mean_atr': 0.49958448937979044, 'sd_atr': 5.268730728857567, 'p': 2.3198685395681825e-125}}]",66910,0.33583688920243593,5.689340978805874,1.229556527178596e-52,66689,0.5050028288703899,5.279324654995221,1.0030241518944337e-134,32716,0.48385850242290857,5.153601786504578,1.1170733134627624e-64,33973,0.5253648158617006,5.397626217103616,5.734041135653855e-72
D:\MT5_Backtests\Research\PhenomenonDiscovery\phase_ib_v1\xauusd_m5_2024_2025_raw.csv,volz,gt,0.05,-1.6298308096397154,48,1,,,2.0007476941470514e-132,"[{'quantile': 0.1, 'cutpoint': -1.3927944020392684, 'y2025': {'n': 66022, 'mean_atr': 0.4836950610170795, 'sd_atr': 5.187632476325958, 'p': 7.664411547663168e-127}}]",67787,0.3366175228190882,5.640669683494039,1.935847068104161e-54,68749,0.491165474325632,5.214532841935677,1.149585330830271e-134,33949,0.4528718705681532,5.093021943601485,2.4985578571964203e-60,34800,0.5285226454165127,5.330211922943818,2.1701045235534838e-76
D:\MT5_Backtests\Research\PhenomenonDiscovery\phase_ib_v1\xauusd_m1_2024_2025_raw.csv,ret3,lt,0.9,1.4992621904930128,48,1,,,2.1170468936840543e-132,"[{'quantile': 0.8, 'cutpoint': 0.9774291147574004, 'y2025': {'n': 286791, 'mean_atr': 0.2444307046794241, 'sd_atr': 5.579864186149914, 'p': 1.0626352987397295e-121}}, {'quantile': 0.95, 'cutpoint': 1.9444723233282593, 'y2025': {'n': 338405, 'mean_atr': 0.2409482494479249, 'sd_atr': 5.563290115055194, 'p': 4.570480010310057e-140}}]",320284,0.21776603399374433,5.992687978441098,5.609412856827988e-94,321549,0.2425503599067483,5.5696111665439,1.224683162387586e-134,158094,0.236370094085679,5.651185613524599,4.176536099888473e-62,163455,0.24852792525939044,5.489569797745587,7.748910535915398e-75
D:\MT5_Backtests\Research\PhenomenonDiscovery\phase_ib_v1\xauusd_m5_2024_2025_raw.csv,ret12,lt,0.9,2.7109974156424914,48,1,,,2.4539977121756346e-132,"[{'quantile': 0.8, 'cutpoint': 1.7515832332536405, 'y2025': {'n': 55946, 'mean_atr': 0.5060072432952528, 'sd_atr': 5.246295323505445, 'p': 3.3818387886368673e-115}}, {'quantile': 0.95, 'cutpoint': 3.5386905818932086, 'y2025': {'n': 67378, 'mean_atr': 0.5113119483887919, 'sd_atr': 5.2428187872345475, 'p': 2.176811167171934e-141}}]",64250,0.37040304903312293,5.6291684479021775,1.8668741541245296e-62,63563,0.512214012675146,5.230736573291768,1.429196603792095e-134,31313,0.48526414996043843,5.128839473313529,6.418573672635224e-63,32250,0.5383808669754759,5.327757819929999,1.350763901383421e-73
D:\MT5_Backtests\Research\PhenomenonDiscovery\phase_ib_v1\xauusd_m5_2024_2025_raw.csv,body,gt,0.05,-1.0043821498962457,48,1,,,2.5365655402316516e-132,"[{'quantile': 0.1, 'cutpoint': -0.7415942354595977, 'y2025': {'n': 64281, 'mean_atr': 0.4952035336349504, 'sd_atr': 5.222640387071606, 'p': 1.0614744161913591e-127}}]",67819,0.35046891583170575,5.593871440349094,7.5998026379585e-60,67762,0.4951372493197355,5.221030244387093,1.487198370210865e-134,33391,0.458778850589045,5.097531120228489,8.970928633093717e-61,34371,0.5304589825255336,5.338109768820326,8.590485866549741e-76
D:\MT5_Backtests\Research\PhenomenonDiscovery\phase_ib_v1\xauusd_m5_2024_2025_news_clean.csv,volz,lt,0.9,1.5245919420480718,48,1,,,2.5793962571455995e-132,"[{'quantile': 0.8, 'cutpoint': 0.795542493780891, 'y2025': {'n': 57633, 'mean_atr': 0.5257874863942337, 'sd_atr': 5.218575748614271, 'p': 3.0001922625067174e-129}}, {'quantile': 0.95, 'cutpoint': 2.169637038317989, 'y2025': {'n': 66844, 'mean_atr': 0.5139650084517806, 'sd_atr': 5.252633929226798, 'p': 3.353116959473586e-141}}]",63358,0.37280143167604335,5.618624030426737,1.2840115588565037e-62,63817,0.5119986165985589,5.239515410690602,1.5223922562108565e-134,31554,0.4746040863938674,5.1536141618002596,3.7755990606281235e-60,32263,0.5485713781544848,5.32201372806119,1.5806203383217605e-76
D:\MT5_Backtests\Research\PhenomenonDiscovery\phase_ib_v1\xauusd_m1_2024_2025_news_clean.csv,dow,lt,0.7,3.0,48,1,,,3.039487424525754e-132,"[{'quantile': 0.3, 'cutpoint': 1.0, 'y2025': {'n': 70961, 'mean_atr': 0.40587565136610027, 'sd_atr': 5.409963925724108, 'p': 7.409015428282142e-89}}, {'quantile': 0.8, 'cutpoint': 3.0, 'y2025': {'n': 212310, 'mean_atr': 0.2940404243928527, 'sd_atr': 5.490003107434924, 'p': 1.817704721515167e-134}}]",212470,0.09621031735419118,5.753328861343447,1.2763514163919817e-14,212310,0.2940404243928527,5.490003107434924,1.817704721515167e-134,103220,0.3140366574037728,5.469704955275978,5.631990257000488e-76,109090,0.27512016431963626,5.5090984203087405,4.03085527474688e-61
D:\MT5_Backtests\Research\PhenomenonDiscovery\phase_ib_v1\xauusd_m1_2024_2025_news_clean.csv,dow,lt,0.8,3.0,48,1,,,3.039487424525754e-132,"[{'quantile': 0.7, 'cutpoint': 3.0, 'y2025': {'n': 212310, 'mean_atr': 0.2940404243928527, 'sd_atr': 5.490003107434924, 'p': 1.817704721515167e-134}}, {'quantile': 0.9, 'cutpoint': 4.0, 'y2025': {'n': 281463, 'mean_atr': 0.2654056222467172, 'sd_atr': 5.508216902825108, 'p': 3.9489110975042425e-144}}]",212470,0.09621031735419118,5.753328861343447,1.2763514163919817e-14,212310,0.2940404243928527,5.490003107434924,1.817704721515167e-134,103220,0.3140366574037728,5.469704955275978,5.631990257000488e-76,109090,0.27512016431963626,5.5090984203087405,4.03085527474688e-61
D:\MT5_Backtests\Research\PhenomenonDiscovery\phase_ib_v1\xauusd_m1_2024_2025_news_clean.csv,ret48,lt,0.95,7.711112403734592,48,1,,,3.1109992299312803e-132,"[{'quantile': 0.9, 'cutpoint': 6.0998502166777415, 'y2025': {'n': 313868, 'mean_atr': 0.24902782411071087, 'sd_atr': 5.618434467542624, 'p': 4.079281247766226e-136}}]",334711,0.2352399368693134,6.075806054157134,3.9626361296784554e-111,332214,0.2406306146961779,5.62032415883496,1.8726308685483787e-134,163671,0.22821710426579978,5.674511455211568,1.5938988572824477e-59,168543,0.2526852931203807,5.5671888319684655,1.7122729308603856e-77
D:\MT5_Backtests\Research\PhenomenonDiscovery\phase_ib_v1\xauusd_m1_2024_2025_raw.csv,body,lt,0.9,0.8497742028837347,48,1,,,3.2846471417319146e-132,"[{'quantile': 0.8, 'cutpoint': 0.5465878894885537, 'y2025': {'n': 286000, 'mean_atr': 0.24796553203121574, 'sd_atr': 5.585852469724765, 'p': 1.3862848594494e-124}}, {'quantile': 0.95, 'cutpoint': 1.1168719998338568, 'y2025': {'n': 338307, 'mean_atr': 0.24134489070803367, 'sd_atr': 5.568755462239949, 'p': 3.2872907892626016e-140}}]",320284,0.2202273780922942,5.996314224331891,5.889829284877772e-96,321184,0.24270907045062912,5.57452364879248,1.9899949459367055e-134,158054,0.23382112676211828,5.65033538172562,8.147107880200556e-61,163130,0.2513204543269479,5.500077915235786,4.709503014907679e-76
D:\MT5_Backtests\Research\PhenomenonDiscovery\phase_ib_v1\xauusd_m1_2024_2025_news_clean.csv,rsi14,lt,0.9,65.14519905198497,48,1,,,3.7203629166632374e-132,"[{'quantile': 0.8, 'cutpoint': 60.0775052963653, 'y2025': {'n': 278867, 'mean_atr': 0.24524749718789807, 'sd_atr': 5.5977104360111145, 'p': 2.000240906276026e-118}}, {'quantile': 0.95, 'cutpoint': 69.34482843120422, 'y2025': {'n': 332283, 'mean_atr': 0.24627180593659484, 'sd_atr': 5.610120031485561, 'p': 2.8548446985550327e-141}}]",317125,0.23300158192769596,6.039218039585067,1.1480479398426753e-104,314243,0.24644859356915758,5.600119044001825,2.2685139735751447e-134,154736,0.22768669270664235,5.67075920508332,3.4217809566193426e-56,159507,0.26464930884724663,5.530686669575741,2.0482795765937127e-81
D:\MT5_Backtests\Research\PhenomenonDiscovery\phase_ib_v1\xauusd_m1_2024_2025_news_clean.csv,volz,lt,0.9,1.4353153679138249,48,1,,,4.477453135588557e-132,"[{'quantile': 0.8, 'cutpoint': 0.8102287293999189, 'y2025': {'n': 282745, 'mean_atr': 0.25462454563993553, 'sd_atr': 5.6245533303420725, 'p': 4.928601397030425e-128}}, {'quantile': 0.95, 'cutpoint': 2.000460297782152, 'y2025': {'n': 332161, 'mean_atr': 0.24379919291516902, 'sd_atr': 5.6102652770710275, 'p': 1.9730219581186964e-138}}]",317096,0.23559244318222444,6.0152037453963825,8.55956650906118e-108,315427,0.24619504485543567,5.606649570950158,2.7476553403979183e-134,155390,0.23474682454991724,5.670399968269882,7.213156748239409e-60,160037,0.25731084278513,5.544044007450568,5.9437758840217454e-77
D:\MT5_Backtests\Research\PhenomenonDiscovery\phase_ib_v1\xauusd_m1_2024_2025_news_clean.csv,ret1,gt,0.05,-1.136053748714633,48,1,,,6.363438013784836e-132,"[{'quantile': 0.1, 'cutpoint': -0.8594274790148229, 'y2025': {'n': 318599, 'mean_atr': 0.24071037130478487, 'sd_atr': 5.623602762155617, 'p': 5.819156445579903e-129}}]",334744,0.21456593464970442,6.07842530285242,1.0379212749562491e-92,335006,0.23942347397667013,5.622415795950997,3.929890580745794e-134,164830,0.2371800206076295,5.683337829211987,2.164300907288985e-64,170176,0.24159645030011742,5.5627873901016,8.805996169526744e-72
D:\MT5_Backtests\Research\PhenomenonDiscovery\phase_ib_v1\xauusd_m1_2024_2025_news_clean.csv,atr_regime,lt,0.95,1.2546127712405049,48,1,,,8.920219857762916e-132,"[{'quantile': 0.9, 'cutpoint': 1.1718251421865005, 'y2025': {'n': 318112, 'mean_atr': 0.2478248585483229, 'sd_atr': 5.684566352497229, 'p': 1.6640268840254247e-133}}]",334710,0.22173013180583076,6.126713396071673,2.4228667371021874e-97,335342,0.24112343638355707,5.66838112326116,5.543757650814195e-134,165122,0.23394414734696406,5.7291829646033205,7.845627740749067e-62,170220,0.24808770946721537,5.608778550760178,2.102169529298593e-74
D:\MT5_Backtests\Research\PhenomenonDiscovery\phase_ib_v1\xauusd_m1_2024_2025_news_clean.csv,sma5,gt,0.05,-1.2297444717301456,48,1,,,9.214418275815827e-132,"[{'quantile': 0.1, 'cutpoint': -0.9408859569161797, 'y2025': {'n': 319056, 'mean_atr': 0.23874661359094543, 'sd_atr': 5.621351892929275, 'p': 3.5379688532039922e-127}}]",334744,0.21602608945517185,6.063316297097062,2.0752875849956182e-94,334754,0.23937354102314903,5.62266673515521,5.762613055544608e-134,164586,0.23186752384192152,5.68065681810902,1.3754265753305708e-61,170168,0.2466333392448447,5.566011220735627,1.2217953029890987e-74
D:\MT5_Backtests\Research\PhenomenonDiscovery\phase_ib_v1\xauusd_m1_2024_2025_raw.csv,ret6,gt,0.05,-2.7079918876634497,48,1,,,9.25441106025609e-132,"[{'quantile': 0.1, 'cutpoint': -2.0833698210138367, 'y2025': {'n': 322645, 'mean_atr': 0.2343837465798805, 'sd_atr': 5.566418127202398, 'p': 2.0184884741166673e-126}}]",338078,0.21640331352299516,6.005758778277564,1.8378457461585009e-97,338724,0.23556021808258173,5.565934078291537,5.842303164973684e-134,166586,0.2276340580849106,5.644735597059599,7.185875958847299e-61,172138,0.24323073411839044,5.488602546374814,1.6904355454217083e-75
D:\MT5_Backtests\Research\PhenomenonDiscovery\phase_ib_v1\xauusd_m1_2024_2025_raw.csv,ret3,gt,0.05,-1.947485662303986,48,1,,,9.25441106025609e-132,"[{'quantile': 0.1, 'cutpoint': -1.4876935651530838, 'y2025': {'n': 321903, 'mean_atr': 0.23710107256517052, 'sd_atr': 5.570375564006234, 'p': 7.522902910586678e-129}}]",338078,0.21478066450466388,6.001194999292148,3.535222922732388e-96,338379,0.23577639484025245,5.568231820841851,5.859969479993304e-134,166511,0.23041254913025486,5.6505631590883025,3.6163610162192105e-62,171868,0.2409730533980841,5.48730012431199,4.651080365967479e-74
D:\MT5_Backtests\Research\PhenomenonDiscovery\phase_ib_v1\xauusd_m5_2024_2025_news_clean.csv,range,lt,0.9,1.471230831271178,48,1,,,1.1534293851810982e-131,"[{'quantile': 0.8, 'cutpoint': 1.2178874031583808, 'y2025': {'n': 56286, 'mean_atr': 0.5241050422745439, 'sd_atr': 5.233924087557966, 'p': 9.307421912391757e-125}}, {'quantile': 0.95, 'cutpoint': 1.7336944886196142, 'y2025': {'n': 66803, 'mean_atr': 0.5155241731921099, 'sd_atr': 5.273968434288837, 'p': 7.862119513169082e-141}}]",63388,0.3644836197563971,5.6304917458864345,1.0191836810342914e-59,63298,0.5151802905257632,5.2641876506249154,7.3486940972685665e-134,31179,0.4775961243292192,5.144519627540095,2.161099582265036e-60,32119,0.5516645122587578,5.377635788893257,1.7309975059273138e-75
D:\MT5_Backtests\Research\PhenomenonDiscovery\phase_ib_v1\xauusd_m5_2024_2025_news_clean.csv,rsi14,lt,0.9,64.89897664434801,48,1,,,1.1641904557873468e-131,"[{'quantile': 0.8, 'cutpoint': 59.856311527643356, 'y2025': {'n': 54707, 'mean_atr': 0.5020041588846959, 'sd_atr': 5.289910550825871, 'p': 3.7297518097633595e-109}}, {'quantile': 0.95, 'cutpoint': 69.3216759831874, 'y2025': {'n': 66079, 'mean_atr': 0.5316138472608313, 'sd_atr': 5.3016217205911, 'p': 1.6386069514025335e-146}}]",63387,0.39085230555383627,5.700294577706131,8.939485394573374e-67,62049,0.5243062462636373,5.304452557762075,7.462759331970171e-134,30477,0.4948630979369658,5.185062362937785,2.4918777328219807e-62,31572,0.5527282287655998,5.417136947469034,1.8545143124138743e-73
D:\MT5_Backtests\Research\PhenomenonDiscovery\phase_ib_v1\xauusd_m5_2024_2025_news_clean.csv,sma5,lt,0.9,0.8436067399314819,48,1,,,1.3610820509044893e-131,"[{'quantile': 0.8, 'cutpoint': 0.532218353475258, 'y2025': {'n': 55993, 'mean_atr': 0.5171685576176801, 'sd_atr': 5.266608511811306, 'p': 1.9547230612286587e-119}}, {'quantile': 0.95, 'cutpoint': 1.120845614175086, 'y2025': {'n': 66788, 'mean_atr': 0.5187559621116463, 'sd_atr': 5.274588086336211, 'p': 1.6374807283513128e-142}}]",63388,0.37200403578721514,5.676572982740522,3.7130320586506085e-61,63238,0.5162992536495725,5.274664507249921,8.778085459632613e-134,31136,0.4937904269006603,5.164879866662591,7.485697982672344e-64,32102,0.5381307541683605,5.378995897279544,7.561549950863465e-72
D:\MT5_Backtests\Research\PhenomenonDiscovery\phase_ib_v1\xauusd_m1_2024_2025_raw.csv,lwick,lt,0.9,0.5205162016793521,48,1,,,1.4730235852001387e-131,"[{'quantile': 0.8, 'cutpoint': 0.3759423762731434, 'y2025': {'n': 279554, 'mean_atr': 0.25292116650046975, 'sd_atr': 5.554465645353044, 'p': 4.5120938061900666e-128}}, {'quantile': 0.95, 'cutpoint': 0.6582086425239945, 'y2025': {'n': 335664, 'mean_atr': 0.24489409716332447, 'sd_atr': 5.555235929789036, 'p': 7.014007765859085e-144}}]",320284,0.21550059287513149,5.972911803299153,1.1385069308532946e-92,316849,0.2426617142026455,5.549995175155674,9.557610817042801e-134,156181,0.23283622363745116,5.633120631536923,5.57539960714835e-60,160668,0.2522128067784082,5.467980685347275,2.5492428230421543e-76
D:\MT5_Backtests\Research\PhenomenonDiscovery\phase_ib_v1\xauusd_m5_2024_2025_raw.csv,sma20,gt,0.05,-2.3897324419917676,48,1,,,1.8774064526324786e-131,"[{'quantile': 0.1, 'cutpoint': -1.7631514961961183, 'y2025': {'n': 64304, 'mean_atr': 0.48465025096864395, 'sd_atr': 5.253151391580685, 'p': 4.777931724492552e-121}}]",67813,0.33546307828378014,5.622819133863246,1.9709135449528543e-54,67896,0.4950933098064142,5.243875069273739,1.2254802907661973e-133,33364,0.46797751343979394,5.124556441853894,1.8184413926788702e-62,34532,0.5212919496180648,5.356577842785969,4.2283127892628414e-73
D:\MT5_Backtests\Research\PhenomenonDiscovery\phase_ib_v1\xauusd_m5_2024_2025_news_clean.csv,ret3,lt,0.9,1.3392776085920988,48,1,,,1.9869930208430094e-131,"[{'quantile': 0.8, 'cutpoint': 0.8425260668890412, 'y2025': {'n': 55905, 'mean_atr': 0.5139256687434333, 'sd_atr': 5.262208259527592, 'p': 5.598606774143662e-118}}, {'quantile': 0.95, 'cutpoint': 1.7851620489964288, 'y2025': {'n': 66778, 'mean_atr': 0.5204254288131411, 'sd_atr': 5.273788584041928, 'p': 1.9351732890028358e-143}}]",63388,0.37179527558728936,5.679959881778311,5.0927481512625415e-61,63213,0.5160216042951344,5.2742315652951905,1.3047796572139835e-133,31115,0.4907366592440421,5.1699408252007935,6.309775153655705e-63,32098,0.5405321988887148,5.3733636119973065,1.2981462089398514e-72
D:\MT5_Backtests\Research\PhenomenonDiscovery\phase_ib_v1\xauusd_m5_2024_2025_news_clean.csv,ret12,gt,0.05,-3.436266544936094,48,1,,,2.0239142879990655e-131,"[{'quantile': 0.1, 'cutpoint': -2.5516893805929985, 'y2025': {'n': 63564, 'mean_atr': 0.5079666052556353, 'sd_atr': 5.313378585605925, 'p': 2.3284599564568e-128}}]",66910,0.33640488142396696,5.7156209056836005,2.430350204908425e-52,67091,0.504449028809669,5.311962206217536,1.336935251218895e-133,33018,0.4752643792711866,5.171012853588526,1.2950650924257466e-62,34073,0.5327300360136609,5.44499428397885,6.596177613006024e-73
D:\MT5_Backtests\Research\PhenomenonDiscovery\phase_ib_v1\xauusd_m1_2024_2025_news_clean.csv,atr_regime,lt,0.9,1.1718251421865005,48,1,,,2.50426257652391e-131,"[{'quantile': 0.8, 'cutpoint': 1.0946171115117187, 'y2025': {'n': 281639, 'mean_atr': 0.24994089617169835, 'sd_atr': 5.724365381971514, 'p': 8.803036683509465e-119}}, {'quantile': 0.95, 'cutpoint': 1.2546127712405049, 'y2025': {'n': 335342, 'mean_atr': 0.24112343638355707, 'sd_atr': 5.66838112326116, 'p': 5.543757650814195e-134}}]",317094,0.22775543733472223,6.136363209337844,5.32530848020401e-97,318112,0.2478248585483229,5.684566352497229,1.6640268840254247e-133,156762,0.2514222443168917,5.7441090260981555,2.787748817822988e-67,161350,0.24432976472835155,5.626128885149484,3.809818887801861e-68
D:\MT5_Backtests\Research\PhenomenonDiscovery\phase_ib_v1\xauusd_m5_2024_2025_news_clean.csv,sma50,gt,0.05,-3.7648123671221154,48,1,,,3.0699515923355074e-131,"[{'quantile': 0.1, 'cutpoint': -2.842701641884215, 'y2025': {'n': 63781, 'mean_atr': 0.5075308773572631, 'sd_atr': 5.314228424127504, 'p': 1.561657723248491e-128}}]",66876,0.3352239654592089,5.717335951247523,6.245012349506698e-52,67233,0.5026264562982039,5.302117517377894,2.0519141740516408e-133,32984,0.4815297328766885,5.16942287448213,3.3509284099955886e-64,34249,0.5229439641184401,5.426842822155741,3.896827475561311e-71
D:\MT5_Backtests\Research\PhenomenonDiscovery\phase_ib_v1\xauusd_m1_2024_2025_news_clean.csv,body,gt,0.05,-1.1238749888734236,48,1,,,6.214489172308963e-131,"[{'quantile': 0.1, 'cutpoint': -0.850147587970662, 'y2025': {'n': 318472, 'mean_atr': 0.24005445498899772, 'sd_atr': 5.617436877995099, 'p': 1.6941943259356442e-128}}]",334744,0.2143058103956007,6.075818890655009,1.440272115236131e-92,334980,0.23842708206914034,5.620677238181583,4.177971144610466e-133,164814,0.2361581251003124,5.681466048546888,6.89176564255477e-64,170166,0.24062467661717232,5.561182733363767,2.9523360050588212e-71
D:\MT5_Backtests\Research\PhenomenonDiscovery\phase_ib_v1\xauusd_m1_2024_2025_raw.csv,ret1,gt,0.1,-0.8588557391454485,48,1,,,6.663628678630694e-131,"[{'quantile': 0.05, 'cutpoint': -1.1350961867817468, 'y2025': {'n': 338242, 'mean_atr': 0.23931265175880317, 'sd_atr': 5.569717204840721, 'p': 8.081673910422174e-138}}, {'quantile': 0.2, 'cutpoint': -0.5393144842412559, 'y2025': {'n': 286424, 'mean_atr': 0.24273438281939044, 'sd_atr': 5.571033032083019, 'p': 2.8793131016245795e-120}}]",320284,0.21112235716095995,6.016821096712567,9.4043920148689e-88,321670,0.24107473754614467,5.569740695945358,4.505971550199774e-133,158331,0.23941221387291955,5.656354954720979,1.201892275674569e-63,163339,0.24268628797626482,5.484493449449385,1.5842923849703146e-71
D:\MT5_Backtests\Research\PhenomenonDiscovery\phase_ib_v1\xauusd_m5_2024_2025_raw.csv,range,lt,0.9,1.4762056778934152,48,1,,,6.681524522700611e-131,"[{'quantile': 0.8, 'cutpoint': 1.2196506907108242, 'y2025': {'n': 56967, 'mean_atr': 0.5146763009473537, 'sd_atr': 5.177477363682999, 'p': 1.936423812902105e-124}}, {'quantile': 0.95, 'cutpoint': 1.739521997985499, 'y2025': {'n': 67685, 'mean_atr': 0.5037363759995126, 'sd_atr': 5.215797674760944, 'p': 2.5656189299081005e-139}}]",64250,0.35893438921121,5.551993156348817,2.3637004447422696e-60,64176,0.5045727861090551,5.20707960150128,4.544188817033717e-133,31637,0.46571775316105507,5.10300082870689,2.9541379913970695e-59,32539,0.5423507349512406,5.306121925297281,6.555151024904999e-76
D:\MT5_Backtests\Research\PhenomenonDiscovery\phase_ib_v1\xauusd_m1_2024_2025_raw.csv,sma10,gt,0.05,-1.8604324023200889,48,1,,,6.781417442668982e-131,"[{'quantile': 0.1, 'cutpoint': -1.4215909901518908, 'y2025': {'n': 322275, 'mean_atr': 0.23303119466678038, 'sd_atr': 5.570029698068166, 'p': 1.0898460886753998e-124}}]",338078,0.21521944694679826,6.000782554373621,1.4122819191449546e-96,338457,0.23471958824195663,5.562883403700415,4.638633726028267e-133,166500,0.22738259315707088,5.639994579520283,8.28389574887938e-61,171957,0.24182374615139593,5.487193886002141,1.3077060453188735e-74
D:\MT5_Backtests\Research\PhenomenonDiscovery\phase_ib_v1\xauusd_m1_2024_2025_news_clean.csv,uwick,lt,0.9,0.5104297642382762,48,1,,,7.205037649396311e-131,"[{'quantile': 0.8, 'cutpoint': 0.36833277992696245, 'y2025': {'n': 279413, 'mean_atr': 0.24666608869535656, 'sd_atr': 5.600628799034523, 'p': 6.955637633698787e-120}}, {'quantile': 0.95, 'cutpoint': 0.6452649113249523, 'y2025': {'n': 334161, 'mean_atr': 0.24323403744638591, 'sd_atr': 5.613700581026324, 'p': 1.8897724458270152e-138}}]",317126,0.2165759827089824,6.064943654950259,6.103881157037247e-90,316380,0.24443762143373068,5.60169086992287,4.956561234731671e-133,155265,0.2394601978089139,5.666313722476286,2.920747977440264e-62,161115,0.24923431745276792,5.538714429619099,6.343178395141777e-73
D:\MT5_Backtests\Research\PhenomenonDiscovery\phase_ib_v1\xauusd_m1_2024_2025_raw.csv,sma100,lt,0.8,3.3859101182632028,48,1,,,7.641178253598654e-131,"[{'quantile': 0.7, 'cutpoint': 2.2083619748140135, 'y2025': {'n': 243961, 'mean_atr': 0.2695520978408038, 'sd_atr': 5.577624501279116, 'p': 6.268259294020504e-126}}, {'quantile': 0.9, 'cutpoint': 5.002901713963574, 'y2025': {'n': 316604, 'mean_atr': 0.2492044643268044, 'sd_atr': 5.5477144292208225, 'p': 5.939473534239243e-141}}]",284628,0.24160961412271856,6.014098520319029,6.5834268407716e-102,279457,0.2583098080308728,5.564054211658415,5.286462440927775e-133,137292,0.23962490514179413,5.624346592306408,3.861246465189569e-56,142165,0.27635424715053936,5.505161358431544,6.774583505261986e-80
D:\MT5_Backtests\Research\PhenomenonDiscovery\phase_ib_v1\xauusd_m5_2024_2025_news_clean.csv,sma10,gt,0.05,-1.664793649633537,48,1,,,8.658784714871321e-131,"[{'quantile': 0.1, 'cutpoint': -1.2186043634683141, 'y2025': {'n': 63155, 'mean_atr': 0.5060102420889603, 'sd_atr': 5.289478834810954, 'p': 1.0399482538454394e-127}}]",66910,0.34158574197084157,5.691791222984667,2.3967515916246347e-54,66729,0.5030332930053769,5.295915819389873,6.024326451090898e-133,32790,0.4743648065280695,5.164952084520561,4.159959145473394e-62,33939,0.5307312119655971,5.419372795823912,9.184075330048076e-73
D:\MT5_Backtests\Research\PhenomenonDiscovery\phase_ib_v1\xauusd_m1_2024_2025_raw.csv,sma20,lt,0.9,2.144559459473756,48,1,,,1.2621728213269175e-130,"[{'quantile': 0.8, 'cutpoint': 1.4066621016861285, 'y2025': {'n': 285685, 'mean_atr': 0.23868079217481075, 'sd_atr': 5.562529161214001, 'p': 2.1051147340842133e-116}}, {'quantile': 0.95, 'cutpoint': 2.7576520743474, 'y2025': {'n': 337893, 'mean_atr': 0.2436741446441869, 'sd_atr': 5.562225423471095, 'p': 4.767309073061332e-143}}]",320279,0.2261107990081904,5.986219927563767,2.2197448105116536e-101,321115,0.24062277144269167,5.560702508607236,8.830868316819819e-133,158241,0.2242807429844157,5.658152977686686,5.165399627998318e-56,162874,0.25649994597801384,5.464330416794637,4.930530650806855e-80
D:\MT5_Backtests\Research\PhenomenonDiscovery\phase_ib_v1\xauusd_m5_2024_2025_news_clean.csv,ret3,gt,0.05,-1.7536517938210519,48,1,,,1.5823422953031378e-130,"[{'quantile': 0.1, 'cutpoint': -1.2997301605620035, 'y2025': {'n': 63388, 'mean_atr': 0.5016581294629996, 'sd_atr': 5.275118254951981, 'p': 1.0920771681819606e-126}}]",66910,0.3522890308325989,5.686089858758477,8.383844640490976e-58,66695,0.501762935299052,5.286630458737397,1.1194651166739678e-132,32845,0.46792603966953505,5.156333218889381,8.900239469141007e-61,33850,0.5345952199948124,5.4099341831363645,7.328876254772713e-74
D:\MT5_Backtests\Research\PhenomenonDiscovery\phase_ib_v1\xauusd_m5_2024_2025_news_clean.csv,rsi14,gt,0.05,32.16912161365816,48,1,,,1.5823422953031378e-130,"[{'quantile': 0.1, 'cutpoint': 36.619998516756645, 'y2025': {'n': 63362, 'mean_atr': 0.5060233125410046, 'sd_atr': 5.296316807274483, 'p': 8.393239713560582e-128}}]",66909,0.3457044591946058,5.705777052589215,2.3399522297793808e-55,66813,0.5015865218301412,5.289397360209403,1.1134496468552068e-132,32781,0.47622747922937053,5.170822225187656,1.9919854705364486e-62,34032,0.5260133781858025,5.401116308687293,3.582375099271254e-72
D:\MT5_Backtests\Research\PhenomenonDiscovery\phase_ib_v1\xauusd_m1_2024_2025_news_clean.csv,ret1,lt,0.9,0.8566260646139736,48,1,,,1.946196546927676e-130,"[{'quantile': 0.8, 'cutpoint': 0.5505906127810603, 'y2025': {'n': 283399, 'mean_atr': 0.24935884042500697, 'sd_atr': 5.626639709610645, 'p': 4.5966632531388486e-123}}, {'quantile': 0.95, 'cutpoint': 1.127254529134252, 'y2025': {'n': 335066, 'mean_atr': 0.24115543354666127, 'sd_atr': 5.622265382419625, 'p': 4.412260322820446e-136}}]",317126,0.22306328248604612,6.07401624101247,5.15412367392659e-95,318241,0.24434378245417268,5.625569419395277,1.38448941346481e-132,156513,0.2360719926979468,5.678779445897696,8.934798609096048e-61,161728,0.2523488442252711,5.5735973941885755,4.472794065255535e-74
D:\MT5_Backtests\Research\PhenomenonDiscovery\phase_ib_v1\xauusd_m5_2024_2025_news_clean.csv,ret6,gt,0.05,-2.4592741164794134,48,1,,,1.9841110456208453e-130,"[{'quantile': 0.1, 'cutpoint': -1.8109192424756488, 'y2025': {'n': 63237, 'mean_atr': 0.49382894053435983, 'sd_atr': 5.291869575296428, 'p': 8.916534814156296e-122}}]",66910,0.34151453587445785,5.703407934089786,4.1235350609849976e-54,66843,0.5023683346796017,5.300968769980047,1.419216390512096e-132,32875,0.4696914116808406,5.167981385826517,5.214238386789896e-61,33968,0.5339938011063644,5.426463118487133,1.64049985761372e-73
D:\MT5_Backtests\Research\PhenomenonDiscovery\phase_ib_v1\xauusd_m5_2024_2025_raw.csv,sma50,gt,0.05,-3.724156811638817,48,1,,,2.1963513502827494e-130,"[{'quantile': 0.1, 'cutpoint': -2.8200403894027106, 'y2025': {'n': 64612, 'mean_atr': 0.4951123205726265, 'sd_atr': 5.260506667623783, 'p': 1.7259851920544633e-126}}]",67785,0.3309919596216865,5.63252079816457,7.687120633528871e-53,68081,0.49262150807842175,5.246971453912135,1.579614792260889e-132,33427,0.47081321066039195,5.127409444490705,2.9866953098369215e-63,34654,0.5136576354458967,5.359763497700191,3.431747399446999e-71
D:\MT5_Backtests\Research\PhenomenonDiscovery\phase_ib_v1\xauusd_m1_2024_2025_raw.csv,body,gt,0.1,-0.8504524443981683,48,1,,,2.2797716440996332e-130,"[{'quantile': 0.05, 'cutpoint': -1.1246840800657971, 'y2025': {'n': 338236, 'mean_atr': 0.23842454710816327, 'sd_atr': 5.567694205180298, 'p': 6.577576107274052e-137}}, {'quantile': 0.2, 'cutpoint': -0.5335329945378791, 'y2025': {'n': 286251, 'mean_atr': 0.23999732965874052, 'sd_atr': 5.564803287672089, 'p': 8.373561973652439e-118}}]",320284,0.21083378680499193,6.011354037784086,1.127340248739509e-87,321530,0.24035256453385193,5.5638156305182225,1.6485215531520957e-132,158310,0.23650751952308754,5.6474372430203115,2.443559007100737e-62,163220,0.24408194252462578,5.4815057210095315,2.3487988068844417e-72
D:\MT5_Backtests\Research\PhenomenonDiscovery\phase_ib_v1\xauusd_m5_2024_2025_raw.csv,ret3,lt,0.9,1.3356489793956041,48,1,,,2.340867296947645e-130,"[{'quantile': 0.8, 'cutpoint': 0.8422735838686819, 'y2025': {'n': 56666, 'mean_atr': 0.4992535140040782, 'sd_atr': 5.203128936508697, 'p': 1.7898481688779022e-115}}, {'quantile': 0.95, 'cutpoint': 1.7810559051937633, 'y2025': {'n': 67660, 'mean_atr': 0.5105042362521965, 'sd_atr': 5.219141298398944, 'p': 8.463788818570118e-143}}]",64250,0.3678362033560849,5.600846494106012,3.1787388645686433e-62,64051,0.5050626290308116,5.218484744777052,1.701850051720849e-132,31550,0.4819020447615735,5.126888286865112,1.4086070024035653e-62,32501,0.5275455198247706,5.305870902479366,7.567291434587938e-72
D:\MT5_Backtests\Research\PhenomenonDiscovery\phase_ib_v1\xauusd_m5_2024_2025_raw.csv,sma5,lt,0.9,0.8420647337646116,48,1,,,2.3904845343100874e-130,"[{'quantile': 0.8, 'cutpoint': 0.5306360305283974, 'y2025': {'n': 56720, 'mean_atr': 0.5038275950494864, 'sd_atr': 5.20940950298801, 'p': 2.1485314054774807e-117}}, {'quantile': 0.95, 'cutpoint': 1.118157366293079, 'y2025': {'n': 67668, 'mean_atr': 0.5056299274402464, 'sd_atr': 5.219532791199749, 'p': 4.0512646371592725e-140}}]",64250,0.3663086496831151,5.599686145363505,9.505884524946011e-62,64077,0.5049126656847471,5.218222696838245,1.7472662911037615e-132,31566,0.4867416808301488,5.121528400553031,5.772416776209736e-64,32511,0.5225554729782864,5.3104412961208105,1.9666711583833695e-70
D:\MT5_Backtests\Research\PhenomenonDiscovery\phase_ib_v1\xauusd_m5_2024_2025_news_clean.csv,hour,gt,0.1,3.0,48,1,,,2.4368138370146214e-130,"[{'quantile': 0.05, 'cutpoint': 2.0, 'y2025': {'n': 63725, 'mean_atr': 0.5366026016770686, 'sd_atr': 5.453189638650559, 'p': 3.290632342872853e-136}}, {'quantile': 0.2, 'cutpoint': 5.0, 'y2025': {'n': 54440, 'mean_atr': 0.589527699890851, 'sd_atr': 5.654649139162805, 'p': 1.0594725519520322e-130}}]",60860,0.3674584878458273,5.9596718664748165,2.998798727154154e-52,60630,0.5474936327646172,5.504220763446908,1.7906543205079302e-132,29842,0.5000390899327032,5.3489438128028866,1.1512243039995594e-58,30788,0.5934900751184558,5.650362380760039,7.533148658310151e-76
D:\MT5_Backtests\Research\PhenomenonDiscovery\phase_ib_v1\xauusd_m1_2024_2025_news_clean.csv,range,lt,0.9,1.5148584207567946,48,1,,,2.9517862062472744e-130,"[{'quantile': 0.8, 'cutpoint': 1.2633991526812285, 'y2025': {'n': 281819, 'mean_atr': 0.24340911794533324, 'sd_atr': 5.6051990271951775, 'p': 1.366583168692002e-117}}, {'quantile': 0.95, 'cutpoint': 1.760040389910152, 'y2025': {'n': 334034, 'mean_atr': 0.24068297505187222, 'sd_atr': 5.6085154987616805, 'p': 8.457123345321151e-136}}]",317126,0.21595050015742331,6.038814617630731,3.4223081037604587e-90,316811,0.2435220745175315,5.5982707836759396,2.1806112921385822e-132,155690,0.24124590826908354,5.654160136181055,1.3438598891370814e-63,161121,0.24572151669589976,5.5437467379384255,8.204927625769675e-71
D:\MT5_Backtests\Research\PhenomenonDiscovery\phase_ib_v1\xauusd_m5_2024_2025_raw.csv,ret12,gt,0.05,-3.408969084032739,48,1,,,3.4631819213121498e-130,"[{'quantile': 0.1, 'cutpoint': -2.53464119763057, 'y2025': {'n': 64382, 'mean_atr': 0.4964361691427499, 'sd_atr': 5.262377304641231, 'p': 1.2722483649460973e-126}}]",67819,0.33097136985838393,5.632931671334772,7.481057369183862e-53,67966,0.4934541908834851,5.255663452525343,2.5719377933447016e-132,33463,0.46675602568418284,5.12904331804862,3.181517675123377e-62,34503,0.519347611805267,5.37556642701646,5.177862325089844e-72
D:\MT5_Backtests\Research\PhenomenonDiscovery\phase_ib_v1\xauusd_m5_2024_2025_news_clean.csv,atr_regime,lt,0.9,1.288401638667027,48,1,,,3.774000498430976e-130,"[{'quantile': 0.8, 'cutpoint': 1.1709737088459442, 'y2025': {'n': 58394, 'mean_atr': 0.5264338868539951, 'sd_atr': 5.531667552922423, 'p': 4.9906615834439235e-117}}, {'quantile': 0.95, 'cutpoint': 1.4097134892691305, 'y2025': {'n': 67254, 'mean_atr': 0.5233251454004422, 'sd_atr': 5.365877297109, 'p': 3.87315107974217e-141}}]",63356,0.3621966114978954,5.879581279293362,3.173530253995721e-54,64637,0.5211704886351601,5.41403758926202,2.8175191338348833e-132,31849,0.4977434409831605,5.281644256982134,1.7897010710481227e-63,32788,0.5439266201670785,5.539596425217954,1.0187655648238406e-70
D:\MT5_Backtests\Research\PhenomenonDiscovery\phase_ib_v1\xauusd_m5_2024_2025_raw.csv,rsi7,gt,0.05,23.979726683384882,48,1,,,4.413167912195745e-130,"[{'quantile': 0.1, 'cutpoint': 30.105711662751084, 'y2025': {'n': 63937, 'mean_atr': 0.4876655191474479, 'sd_atr': 5.2193706184021496, 'p': 2.1110513503241648e-123}}]",67819,0.3328554770424882,5.606335418649662,6.308730204411259e-54,67596,0.4918469041864564,5.22646881271249,3.3119459003345174e-132,33194,0.46944800881564824,5.110293542503778,7.073226520126436e-63,34402,0.5134592794244833,5.336152749284729,3.0400545108074803e-71
D:\MT5_Backtests\Research\PhenomenonDiscovery\phase_ib_v1\xauusd_m1_2024_2025_raw.csv,sma50,lt,0.8,2.312886941360768,48,1,,,4.5310013875285475e-130,"[{'quantile': 0.7, 'cutpoint': 1.4796330572497223, 'y2025': {'n': 246226, 'mean_atr': 0.25550709593517745, 'sd_atr': 5.5435954932412725, 'p': 9.107983059137404e-116}}, {'quantile': 0.9, 'cutpoint': 3.4637538728109556, 'y2025': {'n': 318664, 'mean_atr': 0.24961022766891752, 'sd_atr': 5.559533267353984, 'p': 1.0229143513667248e-141}}]",284668,0.24346045542101763,5.966567399277597,4.3947177715813525e-105,282359,0.2553913753808789,5.5468677968589715,3.4180865689220203e-132,139013,0.2411245358608675,5.602431875618349,6.004201545258989e-58,143346,0.2692269631349519,5.492430585591176,6.940628631398896e-77
D:\MT5_Backtests\Research\PhenomenonDiscovery\phase_ib_v1\xauusd_m5_2024_2025_raw.csv,sma20,lt,0.9,1.9145746898584324,48,1,,,4.623097492766586e-130,"[{'quantile': 0.8, 'cutpoint': 1.2399271686766449, 'y2025': {'n': 55881, 'mean_atr': 0.49720673145710914, 'sd_atr': 5.246605656192056, 'p': 3.74619227239781e-111}}, {'quantile': 0.95, 'cutpoint': 2.5274555664379244, 'y2025': {'n': 67446, 'mean_atr': 0.5126915901216755, 'sd_atr': 5.232028552806709, 'p': 7.312764175592092e-143}}]",64244,0.3708012516643729,5.6244016775920285,1.1049998241905323e-62,63496,0.50823513231721,5.234762183674934,3.505632088792674e-132,31274,0.47751700965140315,5.130015103038849,6.968612826451473e-61,32222,0.5380495003964861,5.334371404310154,2.873551561509187e-73
D:\MT5_Backtests\Research\PhenomenonDiscovery\phase_ib_v1\xauusd_m5_2024_2025_news_clean.csv,sma5,gt,0.05,-1.1144146539095026,48,1,,,4.793792050171052e-130,"[{'quantile': 0.1, 'cutpoint': -0.821460098173806, 'y2025': {'n': 63289, 'mean_atr': 0.49932390636128415, 'sd_atr': 5.286159563670487, 'p': 8.01194315870508e-125}}]",66910,0.3488975622261551,5.691867543398227,1.2814712872127396e-56,66737,0.5007169171254604,5.2877192890292255,3.672542377398085e-132,32822,0.46309326291439185,5.157555500208497,1.692899298171782e-59,33915,0.53712805020863,5.410534412196602,1.1425170777388998e-74
D:\MT5_Backtests\Research\PhenomenonDiscovery\phase_ib_v1\xauusd_m5_2024_2025_raw.csv,ret3,gt,0.05,-1.746275308975572,48,1,,,4.793792050171052e-130,"[{'quantile': 0.1, 'cutpoint': -1.295370553556509, 'y2025': {'n': 64218, 'mean_atr': 0.4894424133022841, 'sd_atr': 5.219254266709598, 'p': 7.853582541517322e-125}}]",67819,0.3476033969505604,5.605145292302777,1.1354104391857678e-58,67579,0.49208164164391494,5.229187209389248,3.6642385216395104e-132,33305,0.4566638598443602,5.112388298855345,9.630173218848941e-60,34274,0.5264980862618226,5.340086838372763,1.9636266403527384e-74
D:\MT5_Backtests\Research\PhenomenonDiscovery\phase_ib_v1\xauusd_m5_2024_2025_news_clean.csv,dow,lt,0.7,3.0,48,1,,,6.680490035147588e-130,"[{'quantile': 0.3, 'cutpoint': 1.0, 'y2025': {'n': 14229, 'mean_atr': 0.9605950276680305, 'sd_atr': 5.174279894921359, 'p': 1.1630793439860073e-108}}, {'quantile': 0.8, 'cutpoint': 3.0, 'y2025': {'n': 42425, 'mean_atr': 0.605828330430083, 'sd_atr': 5.10388913223768, 'p': 5.170172869602965e-132}}]",42472,0.1691769785042327,5.50486690058071,2.3961547184725564e-10,42425,0.605828330430083,5.10388913223768,5.170172869602965e-132,20653,0.7237421539211952,4.914947956607347,2.1399490110039398e-99,21772,0.49397483986596635,5.274547758924761,1.964512810004393e-43
D:\MT5_Backtests\Research\PhenomenonDiscovery\phase_ib_v1\xauusd_m5_2024_2025_news_clean.csv,dow,lt,0.8,3.0,48,1,,,6.680490035147588e-130,"[{'quantile': 0.7, 'cutpoint': 3.0, 'y2025': {'n': 42425, 'mean_atr': 0.605828330430083, 'sd_atr': 5.10388913223768, 'p': 5.170172869602965e-132}}, {'quantile': 0.9, 'cutpoint': 4.0, 'y2025': {'n': 56242, 'mean_atr': 0.5646803827881488, 'sd_atr': 5.126400109027105, 'p': 2.005755172919975e-150}}]",42472,0.1691769785042327,5.50486690058071,2.3961547184725564e-10,42425,0.605828330430083,5.10388913223768,5.170172869602965e-132,20653,0.7237421539211952,4.914947956607347,2.1399490110039398e-99,21772,0.49397483986596635,5.274547758924761,1.964512810004393e-43
D:\MT5_Backtests\Research\PhenomenonDiscovery\phase_ib_v1\xauusd_m1_2024_2025_raw.csv,ret6,lt,0.9,2.125679406723437,48,1,,,6.695210013063656e-130,"[{'quantile': 0.8, 'cutpoint': 1.3940480741513348, 'y2025': {'n': 286280, 'mean_atr': 0.24284849301537678, 'sd_atr': 5.563842390236369, 'p': 1.2632436200993143e-120}}, {'quantile': 0.95, 'cutpoint': 2.7427334049023133, 'y2025': {'n': 338389, 'mean_atr': 0.2422375475218544, 'sd_atr': 5.566832447437485, 'p': 2.30501019545049e-141}}]",320284,0.21891724393144235,5.986765407196681,3.8807455379630547e-95,321553,0.2400648563019601,5.568020798454369,5.207734492650358e-132,158206,0.22994354673048148,5.652114772235543,6.799302186708576e-59,163347,0.24986761914465286,5.485344163687629,1.085501325276013e-75
D:\MT5_Backtests\Research\PhenomenonDiscovery\phase_ib_v1\xauusd_m1_2024_2025_news_clean.csv,rsi7,lt,0.9,72.09205663147819,48,1,,,7.043130634977034e-130,"[{'quantile': 0.8, 'cutpoint': 65.01458582073369, 'y2025': {'n': 280374, 'mean_atr': 0.24512861494984006, 'sd_atr': 5.598675914896708, 'p': 6.692610099810348e-119}}, {'quantile': 0.95, 'cutpoint': 77.55632152849978, 'y2025': {'n': 332833, 'mean_atr': 0.24436231534817734, 'sd_atr': 5.598060177945395, 'p': 6.129648507241356e-140}}]",317126,0.22955181171701253,6.05173438822463,3.09701402253107e-101,315281,0.24340050371964647,5.590578341143176,5.5058869879432724e-132,155156,0.2251636747931798,5.667549236263377,3.3734274743753355e-55,160125,0.26107140725697586,5.514931512805306,5.043955161463265e-80
D:\MT5_Backtests\Research\PhenomenonDiscovery\phase_ib_v1\xauusd_m5_2024_2025_raw.csv,atr_regime,lt,0.9,1.2875749795208984,48,1,,,7.371365202883852e-130,"[{'quantile': 0.8, 'cutpoint': 1.170993635983264, 'y2025': {'n': 59187, 'mean_atr': 0.507671459481563, 'sd_atr': 5.466162773007153, 'p': 4.8474268968590785e-113}}, {'quantile': 0.95, 'cutpoint': 1.4050904857553967, 'y2025': {'n': 68123, 'mean_atr': 0.5123472406950342, 'sd_atr': 5.309494620472591, 'p': 5.712028460407811e-140}}]",64217,0.3571675607888445,5.793415019333702,5.081905214020891e-55,65551,0.5110365636394637,5.352598499249888,5.791293018213157e-132,32353,0.48468757321184075,5.2346577294031045,2.808106443525658e-62,33198,0.5367148842402494,5.465045572614188,1.3149079842056796e-71
D:\MT5_Backtests\Research\PhenomenonDiscovery\phase_ib_v1\xauusd_m1_2024_2025_news_clean.csv,range,gt,0.05,0.39451988447222947,48,1,,,7.707162923463498e-130,"[{'quantile': 0.1, 'cutpoint': 0.4926628769624299, 'y2025': {'n': 320436, 'mean_atr': 0.23384042695761614, 'sd_atr': 5.620558376081622, 'p': 1.2238425745726109e-122}}]",334744,0.21254025575617158,6.07746042877576,4.944234155518182e-91,337126,0.2373081913554306,5.6372567404485325,6.085236517118616e-132,165417,0.23012315846804168,5.687307693779581,7.504065953811807e-61,171709,0.24422994027443437,5.588623759796571,2.714220645352762e-73
D:\MT5_Backtests\Research\PhenomenonDiscovery\phase_ib_v1\xauusd_m1_2024_2025_news_clean.csv,rsi7,gt,0.05,23.342259432546655,48,1,,,1.2469847182932972e-129,"[{'quantile': 0.1, 'cutpoint': 28.88023323364652, 'y2025': {'n': 317625, 'mean_atr': 0.23066543706161974, 'sd_atr': 5.61661739349732, 'p': 1.6167437301662547e-118}}]",334744,0.21450813186794981,6.0709688155939405,6.9508256687531945e-93,334266,0.23745390883212852,5.62130893987196,9.894383122793126e-132,164170,0.2325315521176929,5.683797201440837,1.032306399307354e-61,170096,0.24220477482432648,5.560344357494691,3.660485880472439e-72
D:\MT5_Backtests\Research\PhenomenonDiscovery\phase_ib_v1\xauusd_m1_2024_2025_news_clean.csv,body,lt,0.9,0.8493178883374484,48,1,,,1.6473677204749103e-129,"[{'quantile': 0.8, 'cutpoint': 0.5462940015233907, 'y2025': {'n': 283343, 'mean_atr': 0.24850773677533639, 'sd_atr': 5.63678811734676, 'p': 8.78819830961867e-122}}, {'quantile': 0.95, 'cutpoint': 1.1164176270001982, 'y2025': {'n': 335092, 'mean_atr': 0.24141345179451762, 'sd_atr': 5.620557022050933, 'p': 1.8427918807228944e-136}}]",317126,0.22359125134758814,6.064270945703701,9.335216249748028e-96,318147,0.24349113684814164,5.626200197961223,1.3135671317107634e-131,156450,0.2352699581728589,5.682437496787865,2.8174286027674436e-60,161697,0.251445541714948,5.571253496643473,1.3182832938688624e-73
D:\MT5_Backtests\Research\PhenomenonDiscovery\phase_ib_v1\xauusd_m5_2024_2025_raw.csv,sma100,gt,0.2,-2.5201322530017856,48,1,,,2.0936589686770925e-129,"[{'quantile': 0.1, 'cutpoint': -4.130890977214688, 'y2025': {'n': 64974, 'mean_atr': 0.4929891355720197, 'sd_atr': 5.277448310677329, 'p': 2.5506614113712113e-125}}, {'quantile': 0.3, 'cutpoint': -1.3419769741058185, 'y2025': {'n': 50591, 'mean_atr': 0.5611543728399673, 'sd_atr': 5.286120504297481, 'p': 5.295497698307281e-126}}]",57042,0.2987383063008337,5.6755767780637365,3.039009032367619e-36,58103,0.5329607990067692,5.264907136063165,1.6776113531066446e-131,28626,0.4766244098790985,5.196003752481583,2.546968051645892e-54,29477,0.5876707584724101,5.330487239349324,6.683414135635606e-80
D:\MT5_Backtests\Research\PhenomenonDiscovery\phase_ib_v1\xauusd_m5_2024_2025_news_clean.csv,sma100,gt,0.2,-2.534880023956669,48,1,,,2.2372506707635915e-129,"[{'quantile': 0.1, 'cutpoint': -4.178299589555708, 'y2025': {'n': 64147, 'mean_atr': 0.4976598209186993, 'sd_atr': 5.337815321689228, 'p': 2.8121105455233576e-123}}, {'quantile': 0.3, 'cutpoint': -1.3450853161714562, 'y2025': {'n': 49927, 'mean_atr': 0.5714698581703633, 'sd_atr': 5.33997669304961, 'p': 2.280252213065863e-126}}]",56276,0.3016360851035821,5.761836841058487,2.0631910102905223e-35,57340,0.5429201566214243,5.328596498922263,1.801413532587945e-131,28217,0.4883280611848279,5.251482321171414,5.3080838142641545e-55,29123,0.595813922955059,5.401825797673931,4.896244339186558e-79
D:\MT5_Backtests\Research\PhenomenonDiscovery\phase_ib_v1\xauusd_m5_2024_2025_raw.csv,sma10,gt,0.05,-1.6585987355074088,48,1,,,2.3136029174004548e-129,"[{'quantile': 0.1, 'cutpoint': -1.2139401588984418, 'y2025': {'n': 64011, 'mean_atr': 0.4934451073653994, 'sd_atr': 5.23332286258352, 'p': 8.878153295144103e-126}}]",67819,0.3357345948219151,5.610927865099353,9.573802635276731e-55,67648,0.4913964586424081,5.2388444055274945,1.8719348182531823e-131,33260,0.4627068725200385,5.123160288791694,5.894271209352872e-61,34388,0.5191449649361735,5.3482820025921,1.940475840613152e-72
D:\MT5_Backtests\Research\PhenomenonDiscovery\phase_ib_v1\xauusd_m1_2024_2025_news_clean.csv,volz,gt,0.1,-1.3000883956641807,48,1,,,2.937574344648453e-129,"[{'quantile': 0.05, 'cutpoint': -1.5808222642481775, 'y2025': {'n': 338970, 'mean_atr': 0.24097102862799955, 'sd_atr': 5.608661406922021, 'p': 4.286024395190016e-138}}, {'quantile': 0.2, 'cutpoint': -0.9442870671956561, 'y2025': {'n': 286439, 'mean_atr': 0.23817155022991437, 'sd_atr': 5.556498699769944, 'p': 1.8289722441589244e-116}}]",317096,0.20222702582823163,6.059855111828516,8.785479340360533e-79,322862,0.2397764894703191,5.586870257198942,2.388271824917442e-131,158672,0.23681169449427758,5.614592947237014,2.3998189953538047e-63,164190,0.24264164537773403,5.559963516826533,5.625667664006719e-70
D:\MT5_Backtests\Research\PhenomenonDiscovery\phase_ib_v1\xauusd_m5_2024_2025_news_clean.csv,ret48,gt,0.3,-1.728211329303476,48,1,,,3.311088028344053e-129,"[{'quantile': 0.2, 'cutpoint': -3.101897856058777, 'y2025': {'n': 56864, 'mean_atr': 0.556275658226703, 'sd_atr': 5.333066016995216, 'p': 1.4508433111012534e-136}}, {'quantile': 0.7, 'cutpoint': 2.6045663756801973, 'y2025': {'n': 21867, 'mean_atr': 0.5940065033087577, 'sd_atr': 5.230658893124604, 'p': 2.744067231411048e-63}}]",49278,0.34913508316720915,5.759334686886856,2.8012132885187123e-41,49895,0.579608965495057,5.310163694555293,2.704883512835784e-131,24573,0.5399980788992478,5.257278215580218,2.498899300614946e-58,25322,0.6180482007971194,5.360810077679841,3.5545577846539476e-75
D:\MT5_Backtests\Research\PhenomenonDiscovery\phase_ib_v1\xauusd_m5_2024_2025_raw.csv,sma5,gt,0.05,-1.110986329660646,48,1,,,4.0346761855523295e-129,"[{'quantile': 0.1, 'cutpoint': -0.8205174914282203, 'y2025': {'n': 64137, 'mean_atr': 0.4900644576307416, 'sd_atr': 5.2299644395722105, 'p': 1.7427163496914256e-124}}]",67819,0.3434069502420658,5.6112718683116825,3.4733387521451515e-57,67623,0.4902748275629112,5.2309287391783394,3.3117651616869495e-131,33285,0.44999800081862756,5.112593822688533,5.0185940247570495e-58,34338,0.529316535821502,5.342918628163143,2.8512267905195707e-75
D:\MT5_Backtests\Research\PhenomenonDiscovery\phase_ib_v1\xauusd_m1_2024_2025_raw.csv,ret12,lt,0.9,3.0221243283246215,48,1,,,4.0665075337215315e-129,"[{'quantile': 0.8, 'cutpoint': 1.9925336519670263, 'y2025': {'n': 285730, 'mean_atr': 0.23793511849875776, 'sd_atr': 5.567149843513851, 'p': 1.6143281998768844e-115}}, {'quantile': 0.95, 'cutpoint': 3.871356034445741, 'y2025': {'n': 338160, 'mean_atr': 0.24135457790842257, 'sd_atr': 5.568582788296679, 'p': 3.60770155078613e-140}}]",320284,0.2200200047089596,6.001421705364259,1.2787328149700834e-95,321006,0.2394172342188686,5.565615229638444,3.3537878737306256e-131,158094,0.22158192098268378,5.651560183484505,8.621451243721973e-55,162912,0.25672508146622547,5.480885572619855,1.0225876316874285e-79
D:\MT5_Backtests\Research\PhenomenonDiscovery\phase_ib_v1\xauusd_m5_2024_2025_raw.csv,hour,gt,0.1,3.0,48,1,,,4.2704530187968906e-129,"[{'quantile': 0.05, 'cutpoint': 2.0, 'y2025': {'n': 64651, 'mean_atr': 0.5241872418487015, 'sd_atr': 5.392114254651575, 'p': 6.834196412477528e-135}}, {'quantile': 0.2, 'cutpoint': 5.0, 'y2025': {'n': 55363, 'mean_atr': 0.5742004133295316, 'sd_atr': 5.582747280393609, 'p': 2.1949512374390264e-129}}]",61817,0.3611924919996456,5.86613004873228,6.679052390331477e-53,61555,0.5343457169391538,5.439943221709465,3.5386805815546466e-131,30330,0.4878988364008012,5.30107567385265,8.03742666770205e-58,31225,0.5794612937759269,5.571231780906671,1.931183204082402e-75
D:\MT5_Backtests\Research\PhenomenonDiscovery\phase_ib_v1\xauusd_m5_2024_2025_news_clean.csv,sma10,lt,0.9,1.285831021254786,48,1,,,4.3511027932445095e-129,"[{'quantile': 0.8, 'cutpoint': 0.8246713531625722, 'y2025': {'n': 55795, 'mean_atr': 0.5199332515008649, 'sd_atr': 5.273614885532461, 'p': 5.832127027031062e-120}}, {'quantile': 0.95, 'cutpoint': 1.7248686027941273, 'y2025': {'n': 66620, 'mean_atr': 0.5143221096795166, 'sd_atr': 5.271613022153045, 'p': 6.273603461084863e-140}}]",63388,0.3688481003594201,5.679155839545145,4.2186883778844844e-60,62902,0.5118414041116052,5.267749348348509,3.6225175694226103e-131,30998,0.4844726238090344,5.155817359769951,1.77097730766443e-61,31904,0.5384329741911903,5.374217628203109,1.2830550061708637e-71
D:\MT5_Backtests\Research\PhenomenonDiscovery\phase_ib_v1\xauusd_m5_2024_2025_raw.csv,ret6,gt,0.05,-2.439851936924246,48,1,,,4.5932373778002993e-129,"[{'quantile': 0.1, 'cutpoint': -1.8029724140729548, 'y2025': {'n': 64084, 'mean_atr': 0.4834092422803971, 'sd_atr': 5.233081837239652, 'p': 6.113308234371195e-121}}]",67819,0.33621947963940246,5.616339485029042,8.517680608835993e-55,67707,0.491091890003609,5.244208746222639,3.8420606584164475e-131,33308,0.45651768123914693,5.128767775278053,2.424700756040046e-59,34399,0.5245695418401947,5.353478597217971,8.360078281736561e-74
D:\MT5_Backtests\Research\PhenomenonDiscovery\phase_ib_v1\xauusd_m1_2024_2025_news_clean.csv,ret3,lt,0.9,1.5017003314920858,48,1,,,5.908549567724969e-129,"[{'quantile': 0.8, 'cutpoint': 0.9784893449983448, 'y2025': {'n': 284057, 'mean_atr': 0.2448848059194207, 'sd_atr': 5.632972520053321, 'p': 9.129684023509222e-119}}, {'quantile': 0.95, 'cutpoint': 1.9496370181859999, 'y2025': {'n': 335169, 'mean_atr': 0.24208178049955129, 'sd_atr': 5.6145023130908305, 'p': 1.5743303576032692e-137}}]",317126,0.2209368283443772,6.059312973039934,1.0834610271091684e-93,318491,0.24256136621652166,5.620280639288903,4.965361777129723e-131,156497,0.23747035290093502,5.684270571042049,2.3547340144894983e-61,161994,0.24747962436712834,5.557775593243879,7.933641059806128e-72
D:\MT5_Backtests\Research\PhenomenonDiscovery\phase_ib_v1\xauusd_m1_2024_2025_news_clean.csv,ret6,gt,0.05,-2.7169132034391468,48,1,,,7.860637987309968e-129,"[{'quantile': 0.1, 'cutpoint': -2.0873558979275186, 'y2025': {'n': 319566, 'mean_atr': 0.23479906342087914, 'sd_atr': 5.620845085192208, 'p': 2.7483966236199092e-123}}]",334744,0.21860206889079384,6.07175332187609,2.297800057776866e-96,335483,0.23625108254570676,5.620940468411432,6.636561152513107e-131,164855,0.2288428276705904,5.676644230348016,3.2346170542108094e-60,170628,0.24340868773030316,5.566599236519972,6.322113054895789e-73
D:\MT5_Backtests\Research\PhenomenonDiscovery\phase_ib_v1\xauusd_m1_2024_2025_raw.csv,uwick,gt,0.05,0.0,48,1,,,8.820366904057214e-129,"[{'quantile': 0.1, 'cutpoint': 0.0, 'y2025': {'n': 319613, 'mean_atr': 0.23815241248827165, 'sd_atr': 5.53169412328495, 'p': 7.51579106114944e-131}}]",301440,0.20082651704365878,5.9044844750125405,8.04452015713059e-78,319613,0.23815241248827165,5.53169412328495,7.51579106114944e-131,158089,0.23439686798004597,5.581743941340253,1.383317389384981e-62,161524,0.24182809087514223,5.48228103267944,2.541597236502464e-70
D:\MT5_Backtests\Research\PhenomenonDiscovery\phase_ib_v1\xauusd_m1_2024_2025_raw.csv,uwick,gt,0.1,0.0,48,1,,,8.820366904057214e-129,"[{'quantile': 0.05, 'cutpoint': 0.0, 'y2025': {'n': 319613, 'mean_atr': 0.23815241248827165, 'sd_atr': 5.53169412328495, 'p': 7.51579106114944e-131}}, {'quantile': 0.2, 'cutpoint': 0.022332498530379438, 'y2025': {'n': 298338, 'mean_atr': 0.23258170493290595, 'sd_atr': 5.556326638989566, 'p': 1.0735934655947374e-115}}]",301440,0.20082651704365878,5.9044844750125405,8.04452015713059e-78,319613,0.23815241248827165,5.53169412328495,7.51579106114944e-131,158089,0.23439686798004597,5.581743941340253,1.383317389384981e-62,161524,0.24182809087514223,5.48228103267944,2.541597236502464e-70
D:\MT5_Backtests\Research\PhenomenonDiscovery\phase_ib_v1\xauusd_m5_2024_2025_raw.csv,rsi14,lt,0.9,64.87108022099164,48,1,,,1.0399698972116037e-128,"[{'quantile': 0.8, 'cutpoint': 59.84054294070447, 'y2025': {'n': 55411, 'mean_atr': 0.4864618072415014, 'sd_atr': 5.234394260844477, 'p': 4.337864323722532e-106}}, {'quantile': 0.95, 'cutpoint': 69.30248532600754, 'y2025': {'n': 66980, 'mean_atr': 0.5186280666598236, 'sd_atr': 5.243437732794058, 'p': 1.5902598645526145e-144}}]",64249,0.38609851298737297,5.616688252375425,5.412947229186195e-68,62877,0.5092075615552324,5.24753856762298,8.902181343392011e-131,30909,0.48403225713574305,5.148354861346952,2.2662887931036094e-61,31968,0.5335488867648794,5.341653492254662,2.4617014242363328e-71
D:\MT5_Backtests\Research\PhenomenonDiscovery\phase_ib_v1\xauusd_m1_2024_2025_news_clean.csv,ret3,gt,0.05,-1.9514620402302503,48,1,,,1.1286791724442476e-128,"[{'quantile': 0.1, 'cutpoint': -1.4901617122787154, 'y2025': {'n': 318852, 'mean_atr': 0.2374947674636367, 'sd_atr': 5.623197855859568, 'p': 1.0438404511498854e-125}}]",334744,0.21718958802476,6.071199944437522,3.637381603246357e-95,335134,0.23625292023376981,5.621660407645067,9.705652671112197e-131,164804,0.2312600376126166,5.68146920596875,2.451566019184684e-61,170330,0.24108381923862238,5.563192394498472,1.5428340473156378e-71
D:\MT5_Backtests\Research\PhenomenonDiscovery\phase_ib_v1\xauusd_m5_2024_2025_news_clean.csv,hour,gt,0.2,5.0,48,1,,,1.226495283671529e-128,"[{'quantile': 0.1, 'cutpoint': 3.0, 'y2025': {'n': 60630, 'mean_atr': 0.5474936327646172, 'sd_atr': 5.504220763446908, 'p': 1.7906543205079302e-132}}, {'quantile': 0.3, 'cutpoint': 7.0, 'y2025': {'n': 48248, 'mean_atr': 0.5923752881860789, 'sd_atr': 5.684121528780263, 'p': 5.653392980888403e-116}}]",54665,0.3640110008689769,6.139631995873166,1.0758745441435658e-43,54440,0.589527699890851,5.654649139162805,1.0594725519520322e-130,26794,0.5760510031346445,5.4714074209658055,1.4813435887029642e-66,27646,0.6025890690902211,5.82681658227492,2.886929876861461e-66
D:\MT5_Backtests\Research\PhenomenonDiscovery\phase_ib_v1\xauusd_m1_2024_2025_raw.csv,sma5,lt,0.9,0.9420338414416336,48,1,,,1.715830044671304e-128,"[{'quantile': 0.8, 'cutpoint': 0.6150618314524346, 'y2025': {'n': 286930, 'mean_atr': 0.24599267766167088, 'sd_atr': 5.571301627850925, 'p': 1.146776346324401e-123}}, {'quantile': 0.95, 'cutpoint': 1.2211974786166335, 'y2025': {'n': 338323, 'mean_atr': 0.24082037177646454, 'sd_atr': 5.5711449355496905, 'p': 1.6919828941964468e-139}}]",320284,0.2206844773186641,5.9815438231807425,8.175092087301969e-97,321866,0.23864505341466513,5.569059124901388,1.4888769149352308e-130,158273,0.22987730427149541,5.646994160940147,5.465722876577733e-59,163593,0.24712767773316835,5.492610099737866,5.3472864165306264e-74
D:\MT5_Backtests\Research\PhenomenonDiscovery\phase_ib_v1\xauusd_m1_2024_2025_raw.csv,sma5,gt,0.1,-0.939361634893947,48,1,,,1.985181715679833e-128,"[{'quantile': 0.05, 'cutpoint': -1.2275741429312652, 'y2025': {'n': 337984, 'mean_atr': 0.23846326816051747, 'sd_atr': 5.569374426834305, 'p': 9.039354995963463e-137}}, {'quantile': 0.2, 'cutpoint': -0.5942933079074384, 'y2025': {'n': 287843, 'mean_atr': 0.23850851524073963, 'sd_atr': 5.574501421298928, 'p': 1.3159915164901254e-116}}]",320284,0.21325762131086917,6.009967986397052,1.067255852160197e-89,322090,0.23837242960848337,5.56604575582129,1.730360860680905e-130,158381,0.23162505796926966,5.649699027671737,7.604227635741057e-60,163709,0.24490020430376763,5.483910075714991,5.587664408537123e-73
D:\MT5_Backtests\Research\PhenomenonDiscovery\phase_ib_v1\xauusd_m5_2024_2025_raw.csv,rsi14,gt,0.05,32.219176015488394,48,1,,,2.1276844956414971e-128,"[{'quantile': 0.1, 'cutpoint': 36.675028142488856, 'y2025': {'n': 64187, 'mean_atr': 0.4941790903996546, 'sd_atr': 5.245011741805112, 'p': 6.204374049450065e-126}}]",67818,0.3394168492763811,5.623074881014429,1.1162468392313993e-55,67698,0.4891622252655502,5.237175521122269,1.8628882388355824e-130,33237,0.462936180644619,5.128387178488131,7.468661856326236e-61,34461,0.5144567624254089,5.33995308514698,1.5590818491122305e-71
D:\MT5_Backtests\Research\PhenomenonDiscovery\phase_ib_v1\xauusd_m1_2024_2025_raw.csv,sma20,gt,0.05,-2.6679177332173087,48,1,,,2.1394271757931397e-128,"[{'quantile': 0.1, 'cutpoint': -2.0560445392882087, 'y2025': {'n': 322828, 'mean_atr': 0.22960276034972943, 'sd_atr': 5.575887566414194, 'p': 4.651876622509621e-121}}]",338072,0.21606194578545415,6.010214099920029,5.108468858030736e-97,338785,0.23259469847243794,5.570901849025301,1.8815318736454676e-130,166544,0.22826562419146887,5.656877936874205,6.279224653105715e-61,172241,0.23678058538118624,5.486501641105781,9.685198940170266e-72
D:\MT5_Backtests\Research\PhenomenonDiscovery\phase_ib_v1\xauusd_m5_2024_2025_news_clean.csv,uwick,lt,0.9,0.5035831633592995,48,1,,,2.311521167667961e-128,"[{'quantile': 0.8, 'cutpoint': 0.3673704029549353, 'y2025': {'n': 56310, 'mean_atr': 0.4827100646204173, 'sd_atr': 5.245555142731404, 'p': 1.0392641550690165e-105}}, {'quantile': 0.95, 'cutpoint': 0.6381412590727191, 'y2025': {'n': 67011, 'mean_atr': 0.5111662351690923, 'sd_atr': 5.270602009398457, 'p': 4.292728912211506e-139}}]",63388,0.3609230260111114,5.627756342898639,1.1987024061793585e-58,63494,0.5066187032569996,5.253772150747013,2.041915978318321e-130,31178,0.46682034067523537,5.149645858445327,1.1509473954293097e-57,32316,0.5450155762788541,5.352111221282956,7.416874969575357e-75
D:\MT5_Backtests\Research\PhenomenonDiscovery\phase_ib_v1\xauusd_m5_2024_2025_raw.csv,dow,lt,0.7,3.0,48,1,,,3.313612282176943e-128,"[{'quantile': 0.3, 'cutpoint': 1.0, 'y2025': {'n': 14289, 'mean_atr': 0.9538314175728595, 'sd_atr': 5.163779009996759, 'p': 4.8887365572264946e-108}}, {'quantile': 0.8, 'cutpoint': 3.0, 'y2025': {'n': 42997, 'mean_atr': 0.5923672625919568, 'sd_atr': 5.058303668094958, 'p': 2.953031583553561e-130}}]",43015,0.16219884095637724,5.435004668541838,6.034323304886356e-10,42997,0.5923672625919568,5.058303668094958,2.953031583553561e-130,20947,0.706006033422916,4.8859307276903206,4.0543662490750284e-97,22050,0.4844130071454215,5.2145989067050005,2.7587583846572086e-43
D:\MT5_Backtests\Research\PhenomenonDiscovery\phase_ib_v1\xauusd_m5_2024_2025_raw.csv,dow,lt,0.8,3.0,48,1,,,3.313612282176943e-128,"[{'quantile': 0.7, 'cutpoint': 3.0, 'y2025': {'n': 42997, 'mean_atr': 0.5923672625919568, 'sd_atr': 5.058303668094958, 'p': 2.953031583553561e-130}}, {'quantile': 0.9, 'cutpoint': 4.0, 'y2025': {'n': 57056, 'mean_atr': 0.5508558642130265, 'sd_atr': 5.079511443105863, 'p': 6.004586338479635e-148}}]",43015,0.16219884095637724,5.435004668541838,6.034323304886356e-10,42997,0.5923672625919568,5.058303668094958,2.953031583553561e-130,20947,0.706006033422916,4.8859307276903206,4.0543662490750284e-97,22050,0.4844130071454215,5.2145989067050005,2.7587583846572086e-43
D:\MT5_Backtests\Research\PhenomenonDiscovery\phase_ib_v1\xauusd_m1_2024_2025_news_clean.csv,lwick,lt,0.9,0.5198920149825145,48,1,,,3.4550282797523457e-128,"[{'quantile': 0.8, 'cutpoint': 0.37545631511520194, 'y2025': {'n': 276882, 'mean_atr': 0.2531132363039405, 'sd_atr': 5.603947936639866, 'p': 7.391051072986073e-125}}, {'quantile': 0.95, 'cutpoint': 0.6570873462072102, 'y2025': {'n': 332422, 'mean_atr': 0.2444689934606994, 'sd_atr': 5.606528661471932, 'p': 1.79334268010266e-139}}]",317126,0.21912566282154985,6.04052383990679,9.349723069416472e-93,313811,0.2428182525347408,5.602013234029212,3.092563618133549e-130,154612,0.23458104251117656,5.663476264601957,1.2279804491890584e-59,159199,0.2508181238666167,5.541674741998519,6.73115237308154e-73
D:\MT5_Backtests\Research\PhenomenonDiscovery\phase_ib_v1\xauusd_m1_2024_2025_raw.csv,rsi14,gt,0.05,31.56621756363758,48,1,,,4.1217965947043914e-128,"[{'quantile': 0.1, 'cutpoint': 35.80251150273108, 'y2025': {'n': 320336, 'mean_atr': 0.23002672149914943, 'sd_atr': 5.578216634202738, 'p': 1.7745620807804325e-120}}]",338077,0.2141282365572321,6.015533625367313,3.6854236761433956e-95,337624,0.2329507443870419,5.576253201350201,3.705492560905292e-130,165821,0.229084108513989,5.665586107008503,6.512928479802812e-61,171803,0.23668274806046732,5.488665951259498,1.889313586172387e-71
D:\MT5_Backtests\Research\PhenomenonDiscovery\phase_ib_v1\xauusd_m1_2024_2025_news_clean.csv,sma10,gt,0.05,-1.8656781332750338,48,1,,,4.3528433941860157e-128,"[{'quantile': 0.1, 'cutpoint': -1.4246784449136458, 'y2025': {'n': 319199, 'mean_atr': 0.23373855932942159, 'sd_atr': 5.623995544623957, 'p': 6.381878509908421e-122}}]",334744,0.21714468209440527,6.0669242717992935,2.9371565422863408e-95,335177,0.23550143703265464,5.617404818137715,3.930217417358386e-130,164774,0.22869722326329814,5.670581413771418,3.076451276028838e-60,170403,0.24208088410595704,5.56551039923212,4.357474654198095e-72
D:\MT5_Backtests\Research\PhenomenonDiscovery\phase_ib_v1\xauusd_m5_2024_2025_raw.csv,uwick,lt,0.9,0.5058179212067762,48,1,,,4.672914821918904e-128,"[{'quantile': 0.8, 'cutpoint': 0.36906709573554475, 'y2025': {'n': 57091, 'mean_atr': 0.47256720533422797, 'sd_atr': 5.191424119229481, 'p': 6.895674656959269e-105}}, {'quantile': 0.95, 'cutpoint': 0.6401753404120291, 'y2025': {'n': 67890, 'mean_atr': 0.500349535737574, 'sd_atr': 5.216285162573731, 'p': 7.319218427486249e-138}}]",64250,0.3560530691385371,5.547332952696546,1.6319028844805622e-59,64377,0.4971973860118455,5.19822012309304,4.2374774807895e-130,31639,0.45610020118224376,5.107132508728703,8.015624679890739e-57,32738,0.536914956749941,5.284532677261757,1.7854508731379318e-75
D:\MT5_Backtests\Research\PhenomenonDiscovery\phase_ib_v1\xauusd_m5_2024_2025_news_clean.csv,rsi7,lt,0.9,71.66414641360659,48,1,,,5.362569041405025e-128,"[{'quantile': 0.8, 'cutpoint': 64.46930080948137, 'y2025': {'n': 54955, 'mean_atr': 0.5149726145856639, 'sd_atr': 5.272345884260712, 'p': 4.945634923579786e-116}}, {'quantile': 0.95, 'cutpoint': 77.4440670460028, 'y2025': {'n': 66174, 'mean_atr': 0.5153532082792682, 'sd_atr': 5.285515036964752, 'p': 7.827158259170301e-139}}]",63388,0.38078862948124226,5.6862186877895216,8.821930023158103e-64,62313,0.5129446684814715,5.277458702490561,4.8838281216673355e-130,30614,0.4774476653019434,5.160804203929534,6.221466821316527e-59,31699,0.5472266728140395,5.387582677462218,4.2551391620369354e-73
D:\MT5_Backtests\Research\PhenomenonDiscovery\phase_ib_v1\xauusd_m1_2024_2025_raw.csv,sma10,lt,0.9,1.4462438473669263,48,1,,,6.12294747577786e-128,"[{'quantile': 0.8, 'cutpoint': 0.95233377747919, 'y2025': {'n': 286411, 'mean_atr': 0.24175624360322442, 'sd_atr': 5.568667311622696, 'p': 2.071707202274679e-119}}, {'quantile': 0.95, 'cutpoint': 1.8723398383127066, 'y2025': {'n': 338365, 'mean_atr': 0.23898358107393297, 'sd_atr': 5.559520090982494, 'p': 5.42027226665578e-138}}]",320284,0.2189046866451349,5.980717174377156,2.5763561752978633e-95,321399,0.23788549949965734,5.5597602372896295,5.600256837601701e-130,158118,0.22594065105173428,5.639514719088899,3.860732667595035e-57,163281,0.24945264783221716,5.481414241314086,1.6026768389836513e-75
D:\MT5_Backtests\Research\PhenomenonDiscovery\phase_ib_v1\xauusd_m5_2024_2025_news_clean.csv,ret24,gt,0.05,-4.724612959069194,48,1,,,7.676385963592689e-128,"[{'quantile': 0.1, 'cutpoint': -3.5545638689690704, 'y2025': {'n': 63674, 'mean_atr': 0.4968519389286959, 'sd_atr': 5.302219126826078, 'p': 1.3099118234559714e-123}}]",66899,0.3374456611946779,5.714395059945814,1.1454133651263287e-52,67284,0.49556332372548406,5.30140160925051,7.051089358365704e-130,33038,0.48246700541784315,5.157006167378347,7.53948184761894e-65,34246,0.508197679978706,5.437115989515361,4.9613953567699004e-67
D:\MT5_Backtests\Research\PhenomenonDiscovery\phase_ib_v1\xauusd_m1_2024_2025_raw.csv,volz,lt,0.8,0.8010692270411542,48,1,,,8.084005807718245e-128,"[{'quantile': 0.7, 'cutpoint': 0.3902168997515146, 'y2025': {'n': 251436, 'mean_atr': 0.25692102090751323, 'sd_atr': 5.57534152307318, 'p': 3.945532968274631e-118}}, {'quantile': 0.9, 'cutpoint': 1.4285134595496047, 'y2025': {'n': 318308, 'mean_atr': 0.24554012700795844, 'sd_atr': 5.553222419665608, 'p': 2.3589381329439656e-137}}]",284670,0.24334584767902454,5.918709537951029,1.164764656178112e-106,285183,0.25284826353029216,5.569275836919981,7.457103543705073e-130,140621,0.237094870629283,5.666866695970234,1.789489665069861e-55,144562,0.26817219280031346,5.472652072987186,1.791462094844508e-77
D:\MT5_Backtests\Research\PhenomenonDiscovery\phase_ib_v1\xauusd_m1_2024_2025_raw.csv,ret12,gt,0.05,-3.7336630093195327,48,1,,,1.3911552312907674e-127,"[{'quantile': 0.1, 'cutpoint': -2.8963239454953214, 'y2025': {'n': 322935, 'mean_atr': 0.2282876890100655, 'sd_atr': 5.5720979220227465, 'p': 6.738645047660839e-120}}]",338078,0.21792883042086839,6.008321556734226,9.8929909311674e-99,338884,0.231987103979255,5.575324906553632,1.2887108732641959e-129,166528,0.22431814275593212,5.661813541581824,8.500350466621266e-59,172356,0.23939674898492647,5.490473104750161,3.084403895165372e-73
D:\MT5_Backtests\Research\PhenomenonDiscovery\phase_ib_v1\xauusd_m1_2024_2025_news_clean.csv,sma20,lt,0.9,2.1513439903268066,48,1,,,1.6736710687488362e-127,"[{'quantile': 0.8, 'cutpoint': 1.4102819766304895, 'y2025': {'n': 282964, 'mean_atr': 0.23752774895973508, 'sd_atr': 5.6065687099444075, 'p': 1.829477636765018e-112}}, {'quantile': 0.95, 'cutpoint': 2.7683823246482455, 'y2025': {'n': 334676, 'mean_atr': 0.24382482014065973, 'sd_atr': 5.6149124961709225, 'p': 2.889171999696832e-139}}]",317121,0.23074664787044502,6.055074830137419,3.6882481301524215e-102,318048,0.24091078605513594,5.610778959935969,1.5569641743363938e-129,156644,0.22425882334263464,5.690944903298249,7.711709166448371e-55,161404,0.2570716621619057,5.5318361815415615,8.70120424743039e-78
D:\MT5_Backtests\Research\PhenomenonDiscovery\phase_ib_v1\xauusd_m5_2024_2025_raw.csv,hour,gt,0.2,5.0,48,1,,,2.3496080526627635e-127,"[{'quantile': 0.1, 'cutpoint': 3.0, 'y2025': {'n': 61555, 'mean_atr': 0.5343457169391538, 'sd_atr': 5.439943221709465, 'p': 3.5386805815546466e-131}}, {'quantile': 0.3, 'cutpoint': 7.0, 'y2025': {'n': 49171, 'mean_atr': 0.5750725159808733, 'sd_atr': 5.602948653626854, 'p': 1.1586393612521846e-114}}]",55601,0.3563956467144938,6.036095201196488,4.623614717781094e-44,55363,0.5742004133295316,5.582747280393609,2.1949512374390264e-129,27282,0.5611748576849142,5.4173740995141575,1.2521350164514544e-65,28081,0.5868553475945668,5.738921071072244,8.009396572860018e-66
D:\MT5_Backtests\Research\PhenomenonDiscovery\phase_ib_v1\xauusd_m5_2024_2025_news_clean.csv,volz,lt,0.8,0.795542493780891,48,1,,,3.1982049518321606e-127,"[{'quantile': 0.7, 'cutpoint': 0.2669694971427244, 'y2025': {'n': 50761, 'mean_atr': 0.5356387686641705, 'sd_atr': 5.196172470809141, 'p': 2.552762232134604e-119}}, {'quantile': 0.9, 'cutpoint': 1.5245919420480718, 'y2025': {'n': 63817, 'mean_atr': 0.5119986165985589, 'sd_atr': 5.239515410690602, 'p': 1.5223922562108565e-134}}]",56318,0.36968199631192156,5.590849710098357,1.7197497640027483e-55,57633,0.5257874863942337,5.218575748614271,3.0001922625067174e-129,28564,0.4883797648374153,5.148979598407487,7.830016626030114e-58,29069,0.5625453438557548,5.285901060693315,1.4100151576946432e-73
D:\MT5_Backtests\Research\PhenomenonDiscovery\phase_ib_v1\xauusd_m5_2024_2025_news_clean.csv,ret6,lt,0.9,1.8861019991085053,48,1,,,3.694520991734318e-127,"[{'quantile': 0.8, 'cutpoint': 1.2040923313226783, 'y2025': {'n': 55691, 'mean_atr': 0.5144284148155613, 'sd_atr': 5.28242817397228, 'p': 7.090361035447346e-117}}, {'quantile': 0.95, 'cutpoint': 2.5176362963466175, 'y2025': {'n': 66666, 'mean_atr': 0.516677803390936, 'sd_atr': 5.279655121252815, 'p': 7.229736180531622e-141}}]",63388,0.3755547404127429,5.696470140760379,7.135866161030925e-62,62915,0.5083623165609373,5.273107188348594,3.4802202900561704e-129,30984,0.4840629524451302,5.170961113869065,5.297493764165817e-61,31931,0.5319410174398377,5.370342769079319,4.2098942787230804e-70
D:\MT5_Backtests\Research\PhenomenonDiscovery\phase_ib_v1\xauusd_m5_2024_2025_news_clean.csv,lwick,gt,0.1,0.012970758992676159,48,1,,,4.0408083906788774e-127,"[{'quantile': 0.05, 'cutpoint': 0.0, 'y2025': {'n': 67266, 'mean_atr': 0.5069880121576564, 'sd_atr': 5.277828951350781, 'p': 5.271569827316264e-137}}, {'quantile': 0.2, 'cutpoint': 0.04756679213298499, 'y2025': {'n': 57848, 'mean_atr': 0.5069580728613693, 'sd_atr': 5.338526232698326, 'p': 1.8400511654425632e-115}}]",63388,0.35780582963084845,5.733575309435744,1.256006294400807e-55,64714,0.5037084937759012,5.299855824064768,3.822215566542716e-129,31868,0.47011957669060256,5.164728781127318,2.254384777450693e-59,32846,0.5362972902708869,5.427625040128968,1.0290539757791842e-71
D:\MT5_Backtests\Research\PhenomenonDiscovery\phase_ib_v1\xauusd_m1_2024_2025_news_clean.csv,ret1,gt,0.1,-0.8594274790148229,48,1,,,6.126637798506842e-127,"[{'quantile': 0.05, 'cutpoint': -1.136053748714633, 'y2025': {'n': 335006, 'mean_atr': 0.23942347397667013, 'sd_atr': 5.622415795950997, 'p': 3.929890580745794e-134}}, {'quantile': 0.2, 'cutpoint': -0.539610719800169, 'y2025': {'n': 283708, 'mean_atr': 0.24358938148909182, 'sd_atr': 5.6266340517383275, 'p': 1.1875086219699193e-117}}]",317126,0.2151846900391155,6.088394264568023,3.811956360173555e-88,318599,0.24071037130478487,5.623602762155617,5.819156445579903e-129,156721,0.23992170923913345,5.687211853180013,1.2961442068694165e-62,161878,0.24147390870697008,5.561344452555943,2.439647823273753e-68
D:\MT5_Backtests\Research\PhenomenonDiscovery\phase_ib_v1\xauusd_m1_2024_2025_raw.csv,ret3,gt,0.1,-1.4876935651530838,48,1,,,7.887948691165967e-127,"[{'quantile': 0.05, 'cutpoint': -1.947485662303986, 'y2025': {'n': 338379, 'mean_atr': 0.23577639484025245, 'sd_atr': 5.568231820841851, 'p': 5.859969479993304e-134}}, {'quantile': 0.2, 'cutpoint': -0.9462237703884652, 'y2025': {'n': 287626, 'mean_atr': 0.23661777748476615, 'sd_atr': 5.559615959512122, 'p': 2.571190324527316e-115}}]",320284,0.2134478992366375,6.009016142386207,6.977234355881226e-90,321903,0.23710107256517052,5.570375564006234,7.522902910586678e-129,158243,0.23122554182267444,5.656545507665786,1.867205483325503e-59,163660,0.24278212848161193,5.485782145591668,1.0980047993721037e-71
D:\MT5_Backtests\Research\PhenomenonDiscovery\phase_ib_v1\xauusd_m1_2024_2025_news_clean.csv,ret6,lt,0.9,2.130480712815412,48,1,,,8.797105976036723e-127,"[{'quantile': 0.8, 'cutpoint': 1.3961151856305691, 'y2025': {'n': 283528, 'mean_atr': 0.2413261422801589, 'sd_atr': 5.611358370106796, 'p': 4.6525914027997223e-116}}, {'quantile': 0.95, 'cutpoint': 2.7514280100016073, 'y2025': {'n': 335166, 'mean_atr': 0.24335883068579953, 'sd_atr': 5.617073704707618, 'p': 7.763812497758555e-139}}]",317126,0.221116607082994,6.054240021060903,5.386413449316926e-94,318455,0.24034358331328215,5.617320007694164,8.424370560229038e-129,156593,0.23159905462120095,5.6852102032261245,1.8335059287422295e-58,161862,0.248803456424198,5.550854089006224,1.0722236983066401e-72
D:\MT5_Backtests\Research\PhenomenonDiscovery\phase_ib_v1\xauusd_m5_2024_2025_news_clean.csv,body,gt,0.1,-0.7397482173958707,48,1,,,1.254129660075793e-126,"[{'quantile': 0.05, 'cutpoint': -1.000878384645455, 'y2025': {'n': 66851, 'mean_atr': 0.5050654963937584, 'sd_atr': 5.277683597535796, 'p': 3.6568492617027566e-135}}, {'quantile': 0.2, 'cutpoint': -0.45869200550183886, 'y2025': {'n': 56532, 'mean_atr': 0.5015884592684211, 'sd_atr': 5.271053831143614, 'p': 2.4345730024424534e-113}}]",63388,0.36093189661638414,5.656690759782336,4.527310793690526e-58,63434,0.5058403535241337,5.279758095972138,1.2058939039190317e-128,31216,0.4753190592172192,5.1375715525073335,4.632053146505958e-60,32218,0.5354124164419017,5.413877534069369,1.6851605203979143e-70
D:\MT5_Backtests\Research\PhenomenonDiscovery\phase_ib_v1\xauusd_m1_2024_2025_news_clean.csv,sma50,lt,0.8,2.3215258585834144,48,1,,,1.2994033366493786e-126,"[{'quantile': 0.7, 'cutpoint': 1.4854562103502889, 'y2025': {'n': 243966, 'mean_atr': 0.2542815996377887, 'sd_atr': 5.594688544636568, 'p': 1.2987129141009066e-111}}, {'quantile': 0.9, 'cutpoint': 3.4746315894269673, 'y2025': {'n': 315505, 'mean_atr': 0.24996776634274165, 'sd_atr': 5.611470019017085, 'p': 3.582344144278566e-138}}]",281861,0.24795498321035933,6.034313977037009,1.6585121879676656e-105,279756,0.25541754892500973,5.5989858495193365,1.2545052538789733e-128,137646,0.24185909316003124,5.635383978954619,4.399010849720622e-57,142110,0.26855010259629425,5.563492379611528,5.491638293460608e-74
D:\MT5_Backtests\Research\PhenomenonDiscovery\phase_ib_v1\xauusd_m5_2024_2025_news_clean.csv,range,gt,0.1,0.45463307010582427,48,1,,,1.3624685525479982e-126,"[{'quantile': 0.05, 'cutpoint': 0.3376275659191187, 'y2025': {'n': 67805, 'mean_atr': 0.5122768659499224, 'sd_atr': 5.342477659915474, 'p': 1.343838067571785e-137}}, {'quantile': 0.2, 'cutpoint': 0.5781971584144113, 'y2025': {'n': 57125, 'mean_atr': 0.5225397679664674, 'sd_atr': 5.419160604040185, 'p': 1.6036258007975388e-117}}]",63388,0.3588554932544174,5.856542798692152,1.0774518824857037e-53,64184,0.5124378486392654,5.380985559367352,1.3207168583173216e-128,31544,0.4679937410888628,5.247861628774809,1.6860362774642466e-56,32640,0.5553895927743726,5.506321760181423,3.413028520082863e-74
D:\MT5_Backtests\Research\PhenomenonDiscovery\phase_ib_v1\xauusd_m5_2024_2025_raw.csv,ret48,gt,0.3,-1.7177681358316699,48,1,,,1.4060018487594448e-126,"[{'quantile': 0.2, 'cutpoint': -3.0857310508299127, 'y2025': {'n': 57658, 'mean_atr': 0.5448236322328737, 'sd_atr': 5.2790824554103875, 'p': 1.4198441892686647e-135}}, {'quantile': 0.7, 'cutpoint': 2.5789264013999253, 'y2025': {'n': 22172, 'mean_atr': 0.6024320030275092, 'sd_atr': 5.190570432534865, 'p': 6.421869016329134e-67}}]",49948,0.34215949589584677,5.66170892216752,1.433317984443595e-41,50545,0.5642736325211696,5.2585077740727835,1.368411743046833e-128,24897,0.5175297879089282,5.216103253169556,3.054455392725498e-55,25648,0.609648768957187,5.299053375939211,8.274765981567316e-76
D:\MT5_Backtests\Research\PhenomenonDiscovery\phase_ib_v1\xauusd_m5_2024_2025_news_clean.csv,ret48,gt,0.1,-5.050776915830451,48,1,,,1.5787438554249617e-126,"[{'quantile': 0.05, 'cutpoint': -6.736756548538301, 'y2025': {'n': 67351, 'mean_atr': 0.4926760253731014, 'sd_atr': 5.304028942606791, 'p': 2.1556023805678266e-128}}, {'quantile': 0.2, 'cutpoint': -3.101897856058777, 'y2025': {'n': 56864, 'mean_atr': 0.556275658226703, 'sd_atr': 5.333066016995216, 'p': 1.4508433111012534e-136}}]",63357,0.306765696117196,5.7245884204121555,1.830764401930329e-41,63928,0.5076197290208321,5.321168841055327,1.5427062377120092e-128,31341,0.4629290376490223,5.215500007412474,1.2210296254099863e-55,32587,0.5506016223612407,5.42058691728211,4.2419317640897727e-75
D:\MT5_Backtests\Research\PhenomenonDiscovery\phase_ib_v1\xauusd_m5_2024_2025_news_clean.csv,sma50,gt,0.1,-2.842701641884215,48,1,,,1.5917709638083425e-126,"[{'quantile': 0.05, 'cutpoint': -3.7648123671221154, 'y2025': {'n': 67233, 'mean_atr': 0.5026264562982039, 'sd_atr': 5.302117517377894, 'p': 2.0519141740516408e-133}}, {'quantile': 0.2, 'cutpoint': -1.7570093251231185, 'y2025': {'n': 56922, 'mean_atr': 0.5103905307300951, 'sd_atr': 5.344902364710128, 'p': 6.825057757763847e-115}}]",63356,0.3392727801659959,5.728268137818124,2.9235427300362315e-50,63781,0.5075308773572631,5.314228424127504,1.561657723248491e-128,31237,0.48548667446508914,5.180381060222998,1.2808063307057046e-61,32544,0.5286897627353003,5.439599090996067,7.947207348846445e-69
D:\MT5_Backtests\Research\PhenomenonDiscovery\phase_ib_v1\xauusd_m1_2024_2025_news_clean.csv,sma100,lt,0.8,3.4010788445398243,48,1,,,1.6220040395268446e-126,"[{'quantile': 0.7, 'cutpoint': 2.2188455527720032, 'y2025': {'n': 241644, 'mean_atr': 0.2660806129552585, 'sd_atr': 5.632391467135811, 'p': 2.700169639468695e-119}}, {'quantile': 0.9, 'cutpoint': 5.0262382232893685, 'y2025': {'n': 313479, 'mean_atr': 0.24944700586370616, 'sd_atr': 5.603736666792382, 'p': 4.1644373090111857e-137}}]",281821,0.2500589193549809,6.08369946209472,1.4878845157927048e-105,276722,0.25772954156433325,5.621278701205617,1.5976587631361977e-128,135882,0.23902265917331975,5.662690980125826,1.3704807510209242e-54,140840,0.2757778843153678,5.580993697615603,9.063986821157557e-77
D:\MT5_Backtests\Research\PhenomenonDiscovery\phase_ib_v1\xauusd_m5_2024_2025_raw.csv,ret48,gt,0.1,-4.99942373645421,48,1,,,1.6709739154100872e-126,"[{'quantile': 0.05, 'cutpoint': -6.700508163060708, 'y2025': {'n': 68278, 'mean_atr': 0.48387178255909036, 'sd_atr': 5.247788105730132, 'p': 2.9459327234362686e-128}}, {'quantile': 0.2, 'cutpoint': -3.0857310508299127, 'y2025': {'n': 57658, 'mean_atr': 0.5448236322328737, 'sd_atr': 5.2790824554103875, 'p': 1.4198441892686647e-135}}]",64218,0.3013737683777601,5.63492174793386,7.571789775956325e-42,64717,0.4993305417557089,5.267099394845547,1.652424955436023e-128,31759,0.45426963682160715,5.17626836126675,3.9014047522191365e-55,32958,0.5427521474296616,5.352887764313046,1.1446909330045157e-75
D:\MT5_Backtests\Research\PhenomenonDiscovery\phase_ib_v1\xauusd_m1_2024_2025_news_clean.csv,body,gt,0.1,-0.850147587970662,48,1,,,1.7064672297140755e-126,"[{'quantile': 0.05, 'cutpoint': -1.1238749888734236, 'y2025': {'n': 334980, 'mean_atr': 0.23842708206914034, 'sd_atr': 5.620677238181583, 'p': 4.177971144610466e-133}}, {'quantile': 0.2, 'cutpoint': -0.5333668241083107, 'y2025': {'n': 283532, 'mean_atr': 0.24042976387266604, 'sd_atr': 5.62175735016422, 'p': 8.524211698104132e-115}}]",317126,0.21454362922846537,6.082548771495881,8.498828143903402e-88,318472,0.24005445498899772,5.617436877995099,1.6941943259356442e-128,156710,0.2374751348829336,5.677919554640748,1.429220118773484e-61,161762,0.24255322017378333,5.558231952733459,5.816121940150845e-69
D:\MT5_Backtests\Research\PhenomenonDiscovery\phase_ib_v1\xauusd_m5_2024_2025_raw.csv,lwick,gt,0.1,0.01298678870300633,48,1,,,1.838332176120422e-126,"[{'quantile': 0.05, 'cutpoint': 0.0, 'y2025': {'n': 68149, 'mean_atr': 0.497451376477666, 'sd_atr': 5.223497244407922, 'p': 1.965239999500349e-136}}, {'quantile': 0.2, 'cutpoint': 0.04769118566331646, 'y2025': {'n': 58617, 'mean_atr': 0.49648775601656325, 'sd_atr': 5.27744500574362, 'p': 7.751159936696644e-115}}]",64250,0.35108497623166823,5.6528092419187494,7.685117274117037e-56,65573,0.4939780741998226,5.245917145527952,1.8322963762926345e-128,32318,0.4614724208500434,5.124599950240929,6.074056076668567e-59,33255,0.525567841301256,5.361074640590522,1.7675931407737324e-71
D:\MT5_Backtests\Research\PhenomenonDiscovery\phase_ib_v1\xauusd_m5_2024_2025_news_clean.csv,ret48,gt,0.05,-6.736756548538301,48,1,,,2.1542551290799716e-126,"[{'quantile': 0.1, 'cutpoint': -5.050776915830451, 'y2025': {'n': 63928, 'mean_atr': 0.5076197290208321, 'sd_atr': 5.321168841055327, 'p': 1.5427062377120092e-128}}]",66877,0.33240540723943834,5.722844983402744,5.361630893293007e-51,67351,0.4926760253731014,5.304028942606791,2.1556023805678266e-128,33053,0.4523104626484428,5.1892957010912255,1.4860557281082417e-56,34298,0.53157633864904,5.412087346696797,6.1819900899920644e-74
D:\MT5_Backtests\Research\PhenomenonDiscovery\phase_ib_v1\xauusd_m5_2024_2025_news_clean.csv,ret12,gt,0.1,-2.5516893805929985,48,1,,,2.3179501761085906e-126,"[{'quantile': 0.05, 'cutpoint': -3.436266544936094, 'y2025': {'n': 67091, 'mean_atr': 0.504449028809669, 'sd_atr': 5.311962206217536, 'p': 1.336935251218895e-133}}, {'quantile': 0.2, 'cutpoint': -1.550628003441425, 'y2025': {'n': 56182, 'mean_atr': 0.4919768353039278, 'sd_atr': 5.28387923118319, 'p': 6.222251983745828e-108}}]",63388,0.3372964315225345,5.702893912219662,3.7783913205783894e-50,63564,0.5079666052556353,5.313378585605925,2.3284599564568e-128,31235,0.49052239519661733,5.166692083619665,3.4742808751233283e-63,32329,0.524820510455098,5.45138050673915,3.944935402843462e-67
D:\MT5_Backtests\Research\PhenomenonDiscovery\phase_ib_v1\xauusd_m5_2024_2025_news_clean.csv,sma100,gt,0.05,-5.500414885798657,48,1,,,2.5646758654548736e-126,"[{'quantile': 0.1, 'cutpoint': -4.178299589555708, 'y2025': {'n': 64147, 'mean_atr': 0.4976598209186993, 'sd_atr': 5.337815321689228, 'p': 2.8121105455233576e-123}}]",66828,0.3277268611277218,5.729756574324456,1.7995795214127405e-49,67412,0.4928822715046513,5.310313861602192,2.586328851185731e-128,33085,0.43775861679805667,5.202268323312148,6.988029562167388e-53,34327,0.5460114734730053,5.411953754869236,5.70608818446814e-78
D:\MT5_Backtests\Research\PhenomenonDiscovery\phase_ib_v1\xauusd_m5_2024_2025_raw.csv,ret48,gt,0.05,-6.700508163060708,48,1,,,2.9099900693588223e-126,"[{'quantile': 0.1, 'cutpoint': -4.99942373645421, 'y2025': {'n': 64717, 'mean_atr': 0.4993305417557089, 'sd_atr': 5.267099394845547, 'p': 1.652424955436023e-128}}]",67786,0.3267273109266226,5.638769108630349,2.0053155102948302e-51,68278,0.48387178255909036,5.247788105730132,2.9459327234362686e-128,33513,0.445665720844915,5.151078829991523,1.6844370318533984e-56,34765,0.5207019205204642,5.339171943383237,6.926469610712872e-74
D:\MT5_Backtests\Research\PhenomenonDiscovery\phase_ib_v1\xauusd_m5_2024_2025_raw.csv,ret24,gt,0.05,-4.692279550248857,48,1,,,3.307402260306115e-126,"[{'quantile': 0.1, 'cutpoint': -3.53798476830088, 'y2025': {'n': 64525, 'mean_atr': 0.4858751075610945, 'sd_atr': 5.2509220348079095, 'p': 3.6590328874960566e-122}}]",67809,0.3334308665758957,5.629250522984093,1.1277368639513326e-53,68199,0.4837951473849118,5.245110245899331,3.3611811588476777e-128,33508,0.4730528663836754,5.114711953755774,2.6934470148741447e-64,34691,0.4941711051776944,5.368108603759225,6.725537113188488e-66
D:\MT5_Backtests\Research\PhenomenonDiscovery\phase_ib_v1\xauusd_m1_2024_2025_raw.csv,lwick,lt,0.8,0.3759423762731434,48,1,,,4.422889193010217e-126,"[{'quantile': 0.7, 'cutpoint': 0.28493188362289934, 'y2025': {'n': 242370, 'mean_atr': 0.2551594277519224, 'sd_atr': 5.561772144978397, 'p': 5.959997013791037e-113}}, {'quantile': 0.9, 'cutpoint': 0.5205162016793521, 'y2025': {'n': 316849, 'mean_atr': 0.2426617142026455, 'sd_atr': 5.549995175155674, 'p': 9.557610817042801e-134}}]",284697,0.2104759788411187,5.979959820457126,1.1006847413720811e-78,279554,0.25292116650046975,5.554465645353044,4.5120938061900666e-128,137985,0.23839973129431885,5.63449909186557,1.1588850451590984e-55,141569,0.26707497303241334,5.475315509425,3.121210183047597e-75
D:\MT5_Backtests\Research\PhenomenonDiscovery\phase_ib_v1\xauusd_m1_2024_2025_news_clean.csv,sma5,lt,0.9,0.9435343420957318,48,1,,,4.5538499393282836e-126,"[{'quantile': 0.8, 'cutpoint': 0.6157200575502988, 'y2025': {'n': 284193, 'mean_atr': 0.24582571994749663, 'sd_atr': 5.622593375207234, 'p': 3.713521745708833e-120}}, {'quantile': 0.95, 'cutpoint': 1.2242097296559387, 'y2025': {'n': 335101, 'mean_atr': 0.2414500270637994, 'sd_atr': 5.622292830828151, 'p': 2.0144533812401926e-136}}]",317126,0.22332777123658343,6.048510918739679,5.042931268007499e-96,318810,0.23962264306253164,5.620083431084621,4.663495481957514e-128,156699,0.23176313788161443,5.6803065787084766,1.1131310615467149e-58,162111,0.2472197623347867,5.561257946531833,1.2116323405692881e-71
D:\MT5_Backtests\Research\PhenomenonDiscovery\phase_ib_v1\xauusd_m1_2024_2025_news_clean.csv,volz,lt,0.8,0.8102287293999189,48,1,,,4.7944235034838936e-126,"[{'quantile': 0.7, 'cutpoint': 0.39746370419320276, 'y2025': {'n': 249156, 'mean_atr': 0.25799996647751905, 'sd_atr': 5.630796924783484, 'p': 9.030587068175585e-116}}, {'quantile': 0.9, 'cutpoint': 1.4353153679138249, 'y2025': {'n': 315427, 'mean_atr': 0.24619504485543567, 'sd_atr': 5.606649570950158, 'p': 2.7476553403979183e-134}}]",281863,0.25173364632138895,5.990205379957196,2.8911188402215456e-110,282745,0.25462454563993553,5.6245533303420725,4.928601397030425e-128,139303,0.24103750171265614,5.696928444649871,3.5586814899076062e-56,143442,0.2678195372058772,5.553351910533566,1.5654217983095204e-74
D:\MT5_Backtests\Research\PhenomenonDiscovery\phase_ib_v1\xauusd_m5_2024_2025_raw.csv,sma10,lt,0.9,1.2833002734077723,48,1,,,4.9567214103306145e-126,"[{'quantile': 0.8, 'cutpoint': 0.823263839652928, 'y2025': {'n': 56532, 'mean_atr': 0.5020894705988679, 'sd_atr': 5.218327241817293, 'p': 7.893256654993846e-116}}, {'quantile': 0.95, 'cutpoint': 1.7197572867492092, 'y2025': {'n': 67530, 'mean_atr': 0.5018032838466592, 'sd_atr': 5.218055921779948, 'p': 7.774966741067083e-138}}]",64250,0.3665455195583617,5.598748850883449,7.592536066216668e-62,63754,0.49700054459478415,5.213491123222931,5.114815714224837e-128,31442,0.4734144747800841,5.115632882654083,1.6335395187478182e-60,32312,0.5199515599176919,5.306961122945788,2.0067864667434495e-69
D:\MT5_Backtests\Research\PhenomenonDiscovery\phase_ib_v1\xauusd_m1_2024_2025_raw.csv,ret24,gt,0.05,-5.151133432476259,48,1,,,4.9640288189690966e-126,"[{'quantile': 0.1, 'cutpoint': -4.009005482936209, 'y2025': {'n': 323619, 'mean_atr': 0.22315727412004177, 'sd_atr': 5.596249989474114, 'p': 6.3595814134294974e-114}}]",338067,0.21408464381246822,6.015491316067653,4.035442735917669e-95,339835,0.23055622694406427,5.583839096673616,5.141759056546321e-128,166890,0.228975303346107,5.671215151099155,4.047833108252961e-61,172945,0.2320818006192967,5.4982218302378865,5.556354563031289e-69
D:\MT5_Backtests\Research\PhenomenonDiscovery\phase_ib_v1\xauusd_m5_2024_2025_news_clean.csv,ret1,gt,0.1,-0.7519558853022433,48,1,,,6.331505314372458e-126,"[{'quantile': 0.05, 'cutpoint': -1.0208065108443765, 'y2025': {'n': 66860, 'mean_atr': 0.5066042437336397, 'sd_atr': 5.281680779981719, 'p': 8.613612050009553e-136}}, {'quantile': 0.2, 'cutpoint': -0.4639426122209444, 'y2025': {'n': 56502, 'mean_atr': 0.49862474716250754, 'sd_atr': 5.2721029180078265, 'p': 6.322721948156615e-112}}]",63388,0.35941473398898655,5.660563125024705,1.5998321674845162e-57,63423,0.5046934782823468,5.282725515237713,6.582944080765611e-128,31214,0.4720656201457824,5.139895011604897,3.280175682730757e-59,32209,0.5363133970589223,5.417444282981254,1.2743990644620044e-70
D:\MT5_Backtests\Research\PhenomenonDiscovery\phase_ib_v1\xauusd_m5_2024_2025_raw.csv,volz,lt,0.8,0.7784421701920526,48,1,,,6.472208027482554e-126,"[{'quantile': 0.7, 'cutpoint': 0.26750542670379557, 'y2025': {'n': 51620, 'mean_atr': 0.5186978007743346, 'sd_atr': 5.134026949804516, 'p': 1.332785272664587e-116}}, {'quantile': 0.9, 'cutpoint': 1.4855565314985801, 'y2025': {'n': 64802, 'mean_atr': 0.5052636844830549, 'sd_atr': 5.178606019656176, 'p': 3.572082357714417e-136}}]",57084,0.36707319851479003,5.498094341239806,2.787644472248412e-57,58615,0.5119949502846138,5.152242519521452,6.754532298850226e-128,29071,0.4771675787035317,5.103144743118428,3.1999735653790094e-57,29544,0.5462647349865377,5.199960444287121,6.990918639799082e-73
D:\MT5_Backtests\Research\PhenomenonDiscovery\phase_ib_v1\xauusd_m5_2024_2025_raw.csv,rsi7,lt,0.9,71.68590936042793,48,1,,,7.199447692382621e-126,"[{'quantile': 0.8, 'cutpoint': 64.47305514759492, 'y2025': {'n': 55705, 'mean_atr': 0.49945175512782264, 'sd_atr': 5.215262357061879, 'p': 4.0567827063182794e-113}}, {'quantile': 0.95, 'cutpoint': 77.47037866674079, 'y2025': {'n': 67092, 'mean_atr': 0.5046567903662352, 'sd_atr': 5.2298951120159485, 'p': 7.076271389549283e-138}}]",64249,0.3734574659686037,5.601103161433057,4.457524307489331e-64,63198,0.49959112058373806,5.221258426647976,7.541635325041208e-128,31081,0.4694202229714314,5.120172399198402,9.18231764722038e-59,32117,0.5287887937377719,5.317170990198645,4.7259112406458296e-71
D:\MT5_Backtests\Research\PhenomenonDiscovery\phase_ib_v1\xauusd_m5_2024_2025_news_clean.csv,rsi14,gt,0.1,36.619998516756645,48,1,,,7.982626201923195e-126,"[{'quantile': 0.05, 'cutpoint': 32.16912161365816, 'y2025': {'n': 66813, 'mean_atr': 0.5015865218301412, 'sd_atr': 5.289397360209403, 'p': 1.1134496468552068e-132}}, {'quantile': 0.2, 'cutpoint': 41.92542436022211, 'y2025': {'n': 56164, 'mean_atr': 0.494393096777287, 'sd_atr': 5.285812005682504, 'p': 7.293129859244243e-109}}]",63387,0.341557498497,5.696832924626637,1.7493449723639e-51,63362,0.5060233125410046,5.296316807274483,8.393239713560582e-128,31051,0.48198211931174806,5.176700028634803,1.718533425146545e-60,32311,0.5291269952175434,5.408756371346289,3.2205485321113813e-69
D:\MT5_Backtests\Research\PhenomenonDiscovery\phase_ib_v1\xauusd_m5_2024_2025_news_clean.csv,sma10,gt,0.1,-1.2186043634683141,48,1,,,9.854087454215453e-126,"[{'quantile': 0.05, 'cutpoint': -1.664793649633537, 'y2025': {'n': 66729, 'mean_atr': 0.5030332930053769, 'sd_atr': 5.295915819389873, 'p': 6.024326451090898e-133}}, {'quantile': 0.2, 'cutpoint': -0.7501937115238267, 'y2025': {'n': 56283, 'mean_atr': 0.4795124636410467, 'sd_atr': 5.268780307486369, 'p': 2.169119998231104e-103}}]",63388,0.3434867590086474,5.684676246362411,2.9104581882796037e-52,63155,0.5060102420889603,5.289478834810954,1.0399482538454394e-127,31062,0.4751915214472016,5.162303117729319,3.4499696504442895e-59,32093,0.535838899446462,5.409635767793958,1.8903598039873424e-70
D:\MT5_Backtests\Research\PhenomenonDiscovery\phase_ib_v1\xauusd_m5_2024_2025_raw.csv,body,gt,0.1,-0.7415942354595977,48,1,,,1.0020945189608756e-125,"[{'quantile': 0.05, 'cutpoint': -1.0043821498962457, 'y2025': {'n': 67762, 'mean_atr': 0.4951372493197355, 'sd_atr': 5.221030244387093, 'p': 1.487198370210865e-134}}, {'quantile': 0.2, 'cutpoint': -0.4603598892732052, 'y2025': {'n': 57311, 'mean_atr': 0.49316747245582787, 'sd_atr': 5.215025558485696, 'p': 1.7911520200138756e-113}}]",64250,0.3542216956097969,5.571963466501947,2.0341546542949286e-58,64281,0.4952035336349504,5.222640387071606,1.0614744161913591e-127,31664,0.46407459143664537,5.0926789481925665,3.9329821278163753e-59,32617,0.5254229537461541,5.345687807777778,1.6874228185673317e-70
D:\MT5_Backtests\Research\PhenomenonDiscovery\phase_ib_v1\xauusd_m5_2024_2025_raw.csv,range,gt,0.1,0.4568419824978433,48,1,,,1.1037123203135822e-125,"[{'quantile': 0.05, 'cutpoint': 0.3401987393882124, 'y2025': {'n': 68689, 'mean_atr': 0.50077484900661, 'sd_atr': 5.286188934236921, 'p': 4.459346627192453e-136}}, {'quantile': 0.2, 'cutpoint': 0.5804837443791377, 'y2025': {'n': 57870, 'mean_atr': 0.511300168701781, 'sd_atr': 5.3543638187264895, 'p': 8.926187134244548e-117}}]",64250,0.35147419945077374,5.771616157735752,9.384957985304489e-54,65041,0.5014728274354998,5.320853725572342,1.1734277326660975e-127,32020,0.457244931037581,5.2014604898548304,9.391316151802095e-56,33021,0.5443599974988341,5.43385813262952,4.774657969747455e-74
D:\MT5_Backtests\Research\PhenomenonDiscovery\phase_ib_v1\xauusd_m5_2024_2025_raw.csv,sma100,gt,0.05,-5.445613030977092,48,1,,,1.9670285904389192e-125,"[{'quantile': 0.1, 'cutpoint': -4.130890977214688, 'y2025': {'n': 64974, 'mean_atr': 0.4929891355720197, 'sd_atr': 5.277448310677329, 'p': 2.5506614113712113e-125}}]",67737,0.32278808442150614,5.6447957332661876,4.268042320069514e-50,68289,0.4828045636404686,5.2544364776149255,2.1052896544230415e-127,33532,0.4269216693651377,5.162500890968827,8.401797551874796e-52,34757,0.5367178821328699,5.341152525097806,2.611466278655131e-78
D:\MT5_Backtests\Research\PhenomenonDiscovery\phase_ib_v1\xauusd_m1_2024_2025_news_clean.csv,ret12,lt,0.9,3.032028076007572,48,1,,,1.9670285904389192e-125,"[{'quantile': 0.8, 'cutpoint': 1.997696268816952, 'y2025': {'n': 283028, 'mean_atr': 0.23703049272249901, 'sd_atr': 5.6152210644002, 'p': 1.0928382184276393e-111}}, {'quantile': 0.95, 'cutpoint': 3.888066863699312, 'y2025': {'n': 334983, 'mean_atr': 0.2415107805800654, 'sd_atr': 5.619403453128574, 'p': 1.3982186388095843e-136}}]",317126,0.2253886362234928,6.0707698147599425,4.5663515140863973e-97,317949,0.23918560090855465,5.616860688425978,2.1066519456701995e-127,156489,0.22217116223043853,5.685248422904633,6.565445729696693e-54,161460,0.2556762022605906,5.549742162547233,1.6569063696046392e-76
D:\MT5_Backtests\Research\PhenomenonDiscovery\phase_ib_v1\xauusd_m5_2024_2025_raw.csv,ret1,gt,0.1,-0.7510517711604532,48,1,,,2.2006910363108328e-125,"[{'quantile': 0.05, 'cutpoint': -1.018379224965704, 'y2025': {'n': 67747, 'mean_atr': 0.4962489305680794, 'sd_atr': 5.225279305641488, 'p': 6.643104376316929e-135}}, {'quantile': 0.2, 'cutpoint': -0.46385345036345277, 'y2025': {'n': 57250, 'mean_atr': 0.48980024106507447, 'sd_atr': 5.213943587385378, 'p': 6.952516309779306e-112}}]",64250,0.35318693834677317,5.576057316297572,5.2624011365012755e-58,64265,0.4947870586672987,5.2248357163640975,2.3655020129201025e-127,31656,0.4628044103955948,5.093931511425606,8.921570893924309e-59,32609,0.5258350121061977,5.348745730523655,1.6403949367890665e-70
D:\MT5_Backtests\Research\PhenomenonDiscovery\phase_ib_v1\xauusd_m5_2024_2025_news_clean.csv,uwick,gt,0.2,0.0451911183930055,48,1,,,2.723265757514798e-125,"[{'quantile': 0.1, 'cutpoint': 0.01169138893398953, 'y2025': {'n': 64802, 'mean_atr': 0.5175020059926194, 'sd_atr': 5.282084168551795, 'p': 2.7239175505281434e-137}}, {'quantile': 0.3, 'cutpoint': 0.08118650627663145, 'y2025': {'n': 50823, 'mean_atr': 0.5316064039148763, 'sd_atr': 5.294039801937888, 'p': 1.8423275843081542e-113}}]",56345,0.3523192222504397,5.778939281731969,1.8321917300149917e-47,57938,0.5262929776056113,5.278851500788449,2.9378570554803165e-127,28550,0.4943709755069786,5.137631768761777,1.9295229541699293e-59,29388,0.5573047225326553,5.412424153917944,9.87830108385041e-70
D:\MT5_Backtests\Research\PhenomenonDiscovery\phase_ib_v1\xauusd_m1_2024_2025_raw.csv,ret24,lt,0.8,2.824599790363645,48,1,,,3.0371148221895013e-125,"[{'quantile': 0.7, 'cutpoint': 1.7876178594159957, 'y2025': {'n': 247569, 'mean_atr': 0.2494110928843865, 'sd_atr': 5.551486314002206, 'p': 1.1047655412750158e-110}}, {'quantile': 0.9, 'cutpoint': 4.271153173787598, 'y2025': {'n': 319469, 'mean_atr': 0.25254080073511725, 'sd_atr': 5.558294460022834, 'p': 1.9278647623707735e-145}}]",284688,0.24056271289758338,5.9716342672998115,1.7670901224227016e-102,283726,0.25009058644690785,5.552158903767299,3.288308340159834e-127,139761,0.2295966942473484,5.631014317465408,1.831064870680145e-52,143965,0.26998602539180866,5.474465907035491,3.9278061698234322e-78
D:\MT5_Backtests\Research\PhenomenonDiscovery\phase_ib_v1\xauusd_m1_2024_2025_news_clean.csv,sma5,gt,0.1,-0.9408859569161797,48,1,,,3.255949465480969e-125,"[{'quantile': 0.05, 'cutpoint': -1.2297444717301456, 'y2025': {'n': 334754, 'mean_atr': 0.23937354102314903, 'sd_atr': 5.62266673515521, 'p': 5.762613055544608e-134}}, {'quantile': 0.2, 'cutpoint': -0.5950180300062212, 'y2025': {'n': 285117, 'mean_atr': 0.23928846509916615, 'sd_atr': 5.628652049717337, 'p': 4.463683887888712e-114}}]",317126,0.2167461942863803,6.0799222306405145,1.2052230970173828e-89,319056,0.23874661359094543,5.621351892929275,3.5379688532039922e-127,156805,0.23262326429757968,5.68007448258415,3.8044042001046123e-59,162251,0.24466443095999843,5.564022581099484,3.3684802316642104e-70
D:\MT5_Backtests\Research\PhenomenonDiscovery\phase_ib_v1\xauusd_m1_2024_2025_raw.csv,ret48,gt,0.05,-7.125476442222501,48,1,,,3.4614697560461655e-125,"[{'quantile': 0.1, 'cutpoint': -5.5750807526339985, 'y2025': {'n': 323872, 'mean_atr': 0.21729676029630232, 'sd_atr': 5.591511446218322, 'p': 2.20703029161695e-108}}]",338045,0.21323781270525566,6.002973480703804,9.156999924520001e-95,340652,0.22900781769260944,5.572174315052636,3.7748204422173244e-127,167311,0.23293940441892672,5.672362565497523,2.5511781277770036e-63,173341,0.22521299877056059,5.473746072738046,8.852903051949415e-66
D:\MT5_Backtests\Research\PhenomenonDiscovery\phase_ib_v1\xauusd_m1_2024_2025_news_clean.csv,rsi14,gt,0.05,31.523752426636968,48,1,,,3.5892139782179156e-125,"[{'quantile': 0.1, 'cutpoint': 35.7767356237397, 'y2025': {'n': 317235, 'mean_atr': 0.2309506778488324, 'sd_atr': 5.628931998862508, 'p': 3.7470817044427173e-118}}]",334743,0.2158716094439855,6.084607917766297,1.2439221291328748e-93,334410,0.23343009932048076,5.627887416150904,3.928157887355443e-127,164173,0.2302489592116663,5.693855275916931,2.454270085081047e-60,170237,0.2364979242650252,5.563543557616905,7.228959756240986e-69
D:\MT5_Backtests\Research\PhenomenonDiscovery\phase_ib_v1\xauusd_m1_2024_2025_raw.csv,sma100,gt,0.05,-5.763370532992797,48,1,,,4.2620744143351994e-125,"[{'quantile': 0.1, 'cutpoint': -4.495403664438489, 'y2025': {'n': 324128, 'mean_atr': 0.21575481179537284, 'sd_atr': 5.5881587751168915, 'p': 4.364560971825318e-107}}]",337996,0.2028865405846093,6.037692140044779,5.415750392793488e-85,340898,0.22896447073311688,5.575212825797651,4.681218380347839e-127,167333,0.2278522146248463,5.675090926300419,1.2940982386097056e-60,173565,0.23003679033306645,5.477212977276115,1.504671925322725e-68
D:\MT5_Backtests\Research\PhenomenonDiscovery\phase_ib_v1\xauusd_m5_2024_2025_raw.csv,volz,gt,0.1,-1.3927944020392684,48,1,,,6.953415072177819e-125,"[{'quantile': 0.05, 'cutpoint': -1.6298308096397154, 'y2025': {'n': 68749, 'mean_atr': 0.491165474325632, 'sd_atr': 5.214532841935677, 'p': 1.149585330830271e-134}}, {'quantile': 0.2, 'cutpoint': -1.0692411523716807, 'y2025': {'n': 59670, 'mean_atr': 0.46177660917793556, 'sd_atr': 5.120024868895991, 'p': 1.4473358271794577e-107}}]",64219,0.32959481984898226,5.667948400986292,3.772904978325851e-49,66022,0.4836950610170795,5.187632476325958,7.664411547663168e-127,32620,0.44710250554124986,5.055860513091925,2.0088745635389428e-57,33402,0.5194309199363527,5.312998638153008,2.0961646619928833e-71
D:\MT5_Backtests\Research\PhenomenonDiscovery\phase_ib_v1\xauusd_m1_2024_2025_news_clean.csv,sma10,lt,0.9,1.4499965230717708,48,1,,,8.747462566479404e-125,"[{'quantile': 0.8, 'cutpoint': 0.953764395719667, 'y2025': {'n': 283620, 'mean_atr': 0.2408635160917091, 'sd_atr': 5.613857489329051, 'p': 1.4757872202775661e-115}}, {'quantile': 0.95, 'cutpoint': 1.878081172160369, 'y2025': {'n': 335139, 'mean_atr': 0.23980094894912715, 'sd_atr': 5.610954576011963, 'p': 3.824104901611166e-135}}]",317126,0.2210887312533607,6.048125647491107,3.7008726113607227e-94,318332,0.2380716729328146,5.608893564557023,9.676094067830173e-127,156518,0.22708329646450084,5.672542458107676,1.7121172001422738e-56,161814,0.24870041153434186,5.546629782272931,1.0048997708871809e-72
D:\MT5_Backtests\Research\PhenomenonDiscovery\phase_ib_v1\xauusd_m1_2024_2025_news_clean.csv,sma20,gt,0.05,-2.6786314530551403,48,1,,,9.030399250670297e-125,"[{'quantile': 0.1, 'cutpoint': -2.061683297336817, 'y2025': {'n': 319716, 'mean_atr': 0.23009585417199685, 'sd_atr': 5.628595938225579, 'p': 3.2837294245940106e-118}}]",334739,0.21796999305096387,6.07894786360502,1.3494658363011872e-95,335564,0.23250580881892302,5.624417450718443,1.0024364396460148e-126,164851,0.22873227344949967,5.686505786841584,5.885682154459518e-60,170713,0.2361497672707388,5.563817814819697,7.516515116622397e-69
D:\MT5_Backtests\Research\PhenomenonDiscovery\phase_ib_v1\xauusd_m1_2024_2025_raw.csv,ret48,lt,0.8,4.095029216877312,48,1,,,9.514888390517442e-125,"[{'quantile': 0.7, 'cutpoint': 2.627073295680621, 'y2025': {'n': 244887, 'mean_atr': 0.25888653486880586, 'sd_atr': 5.540902751873531, 'p': 2.8290184985468495e-118}}, {'quantile': 0.9, 'cutpoint': 6.073866114246408, 'y2025': {'n': 316863, 'mean_atr': 0.24769475295683288, 'sd_atr': 5.5582861809683095, 'p': 7.276196101366482e-139}}]",284669,0.22972539534328884,6.023710276538712,4.8671717842620386e-92,280546,0.25109626334161217,5.5544430888386715,1.0599371448160846e-126,138068,0.24783975047993806,5.602754593644679,1.0437240433281098e-60,142478,0.2542519801384905,5.5072404429134085,5.214620906714871e-68
D:\MT5_Backtests\Research\PhenomenonDiscovery\phase_ib_v1\xauusd_m1_2024_2025_news_clean.csv,uwick,gt,0.1,0.0,48,1,,,9.57260234279393e-125,"[{'quantile': 0.05, 'cutpoint': 0.0, 'y2025': {'n': 316437, 'mean_atr': 0.23782190681060358, 'sd_atr': 5.587320424690428, 'p': 1.0738496217877807e-126}}, {'quantile': 0.2, 'cutpoint': 0.022159473096717064, 'y2025': {'n': 295534, 'mean_atr': 0.23226164463137725, 'sd_atr': 5.611126251427666, 'p': 3.9212598881340996e-112}}]",298273,0.20275822680181296,5.973430622125437,1.0204369909147237e-76,316437,0.23782190681060358,5.587320424690428,1.0738496217877807e-126,156408,0.23532520378803984,5.614551762558372,1.0371559110958145e-61,160029,0.24026211656229318,5.560592852124466,6.126768314720885e-67
D:\MT5_Backtests\Research\PhenomenonDiscovery\phase_ib_v1\xauusd_m1_2024_2025_news_clean.csv,uwick,gt,0.05,0.0,48,1,,,9.57260234279393e-125,"[{'quantile': 0.1, 'cutpoint': 0.0, 'y2025': {'n': 316437, 'mean_atr': 0.23782190681060358, 'sd_atr': 5.587320424690428, 'p': 1.0738496217877807e-126}}]",298273,0.20275822680181296,5.973430622125437,1.0204369909147237e-76,316437,0.23782190681060358,5.587320424690428,1.0738496217877807e-126,156408,0.23532520378803984,5.614551762558372,1.0371559110958145e-61,160029,0.24026211656229318,5.560592852124466,6.126768314720885e-67
D:\MT5_Backtests\Research\PhenomenonDiscovery\phase_ib_v1\xauusd_m5_2024_2025_news_clean.csv,ret3,gt,0.1,-1.2997301605620035,48,1,,,9.701285510683083e-125,"[{'quantile': 0.05, 'cutpoint': -1.7536517938210519, 'y2025': {'n': 66695, 'mean_atr': 0.501762935299052, 'sd_atr': 5.286630458737397, 'p': 1.1194651166739678e-132}}, {'quantile': 0.2, 'cutpoint': -0.7937727801502006, 'y2025': {'n': 56523, 'mean_atr': 0.49517132280587, 'sd_atr': 5.262336713347303, 'p': 7.50745173667918e-111}}]",63388,0.35430127384764476,5.680480081733139,1.4355296868818728e-55,63388,0.5016581294629996,5.275118254951981,1.0920771681819606e-126,31198,0.47151791078521865,5.140457767588661,4.907621252477256e-59,32190,0.5308695163008189,5.40234630183325,1.4356413927870486e-69
D:\MT5_Backtests\Research\PhenomenonDiscovery\phase_ib_v1\xauusd_m5_2024_2025_raw.csv,uwick,gt,0.2,0.045356253885092984,48,1,,,1.0473037760607867e-124,"[{'quantile': 0.1, 'cutpoint': 0.011773452811333561, 'y2025': {'n': 65661, 'mean_atr': 0.5075937862780238, 'sd_atr': 5.228355034347054, 'p': 1.3069820793999822e-136}}, {'quantile': 0.3, 'cutpoint': 0.08152677455541245, 'y2025': {'n': 51503, 'mean_atr': 0.5188696913098099, 'sd_atr': 5.237509089819053, 'p': 6.120203425605627e-112}}]",57111,0.3428935014351118,5.691170505721456,5.287140825563197e-47,58711,0.516037216153265,5.223024963902669,1.1830471829329556e-126,28962,0.48525237414787986,5.096958333473021,4.874727435066752e-59,29749,0.5460076552994537,5.342815042345786,1.5436826928395315e-69
D:\MT5_Backtests\Research\PhenomenonDiscovery\phase_ib_v1\xauusd_m5_2024_2025_raw.csv,ret12,gt,0.1,-2.53464119763057,48,1,,,1.122386281682102e-124,"[{'quantile': 0.05, 'cutpoint': -3.408969084032739, 'y2025': {'n': 67966, 'mean_atr': 0.4934541908834851, 'sd_atr': 5.255663452525343, 'p': 2.5719377933447016e-132}}, {'quantile': 0.2, 'cutpoint': -1.545747313473047, 'y2025': {'n': 56937, 'mean_atr': 0.4826172171218387, 'sd_atr': 5.232464990288557, 'p': 2.3787554845623386e-107}}]",64250,0.3321007335721717,5.621386154575554,1.071816272485627e-50,64382,0.4964361691427499,5.262377304641231,1.2722483649460973e-126,31650,0.47743216452420273,5.126440286620807,1.1776812527114256e-61,32732,0.514811970993447,5.390576456699018,6.860058908358724e-67
D:\MT5_Backtests\Research\PhenomenonDiscovery\phase_ib_v1\xauusd_m5_2024_2025_raw.csv,sma50,gt,0.1,-2.8200403894027106,48,1,,,1.517443476066027e-124,"[{'quantile': 0.05, 'cutpoint': -3.724156811638817, 'y2025': {'n': 68081, 'mean_atr': 0.49262150807842175, 'sd_atr': 5.246971453912135, 'p': 1.579614792260889e-132}}, {'quantile': 0.2, 'cutpoint': -1.741791824854528, 'y2025': {'n': 57621, 'mean_atr': 0.5005875478700028, 'sd_atr': 5.293964846363407, 'p': 4.6784532008093465e-114}}]",64217,0.3343718865679148,5.644771482234361,6.224261564482379e-51,64612,0.4951123205726265,5.260506667623783,1.7259851920544633e-126,31661,0.4730315798287841,5.137021471398952,2.4558699640156004e-60,32951,0.5163286215252775,5.376478944731975,4.66621101808047e-68
D:\MT5_Backtests\Research\PhenomenonDiscovery\phase_ib_v1\xauusd_m1_2024_2025_raw.csv,ret6,gt,0.1,-2.0833698210138367,48,1,,,1.7624917789010516e-124,"[{'quantile': 0.05, 'cutpoint': -2.7079918876634497, 'y2025': {'n': 338724, 'mean_atr': 0.23556021808258173, 'sd_atr': 5.565934078291537, 'p': 5.842303164973684e-134}}, {'quantile': 0.2, 'cutpoint': -1.339606100262174, 'y2025': {'n': 288513, 'mean_atr': 0.23682993547000128, 'sd_atr': 5.567426681977618, 'p': 1.4995841073576942e-115}}]",320284,0.21536790878026804,6.002204894886969,1.1236022094659378e-91,322645,0.2343837465798805,5.566418127202398,2.0184884741166673e-126,158653,0.23014912747305094,5.648889043274694,3.1865210314921016e-59,163992,0.2384805014530197,5.485466413588565,2.2315980994883411e-69
D:\MT5_Backtests\Research\PhenomenonDiscovery\phase_ib_v1\xauusd_m1_2024_2025_raw.csv,range,gt,0.1,0.49391668234438363,48,1,,,1.7624917789010516e-124,"[{'quantile': 0.05, 'cutpoint': 0.39606510451628185, 'y2025': {'n': 340327, 'mean_atr': 0.2375071666251097, 'sd_atr': 5.584517177065068, 'p': 6.869447636781197e-136}}, {'quantile': 0.2, 'cutpoint': 0.6139752271852611, 'y2025': {'n': 288438, 'mean_atr': 0.2311696543303924, 'sd_atr': 5.570746664524205, 'p': 4.98533400217375e-110}}]",320284,0.2081315066522528,6.014741959868144,2.1416498806053025e-85,323514,0.2341598696910297,5.568565898166973,2.0144762227692546e-126,158825,0.2322273802482017,5.637271451272537,1.4363125826700503e-60,164689,0.2360235499353518,5.501510506673574,6.8949182658366124e-68
D:\MT5_Backtests\Research\PhenomenonDiscovery\phase_ib_v1\xauusd_m5_2024_2025_news_clean.csv,sma100,gt,0.3,-1.3450853161714562,48,1,,,1.984284782961804e-124,"[{'quantile': 0.2, 'cutpoint': -2.534880023956669, 'y2025': {'n': 57340, 'mean_atr': 0.5429201566214243, 'sd_atr': 5.328596498922263, 'p': 1.801413532587945e-131}}, {'quantile': 0.7, 'cutpoint': 2.2436360891390272, 'y2025': {'n': 21966, 'mean_atr': 0.5987172643309387, 'sd_atr': 5.141480161955321, 'p': 9.618558885376875e-67}}]",49242,0.291255467464287,5.800267707425682,7.764929089648917e-29,49927,0.5714698581703633,5.33997669304961,2.280252213065863e-126,24684,0.5353315543483927,5.268166025732936,2.237467715912838e-57,25243,0.6068078881803273,5.409146197515853,4.643829048514377e-71
D:\MT5_Backtests\Research\PhenomenonDiscovery\phase_ib_v1\xauusd_m1_2024_2025_news_clean.csv,ret12,gt,0.05,-3.7479419632373014,48,1,,,2.6556916593510574e-124,"[{'quantile': 0.1, 'cutpoint': -2.9054932585583697, 'y2025': {'n': 319874, 'mean_atr': 0.22845929605257007, 'sd_atr': 5.624511257298715, 'p': 8.725114521386478e-117}}]",334744,0.22006381939442674,6.076095486537746,1.701675264005745e-97,335658,0.2321825638957218,5.628336646038651,3.062183550299257e-126,164848,0.2253021016364105,5.691756351518903,4.0313293705058236e-58,170810,0.2388228685764956,5.566454045033083,2.380908292447283e-70
D:\MT5_Backtests\Research\PhenomenonDiscovery\phase_ib_v1\xauusd_m5_2024_2025_raw.csv,sma100,gt,0.3,-1.3419769741058185,48,1,,,4.577027470050455e-124,"[{'quantile': 0.2, 'cutpoint': -2.5201322530017856, 'y2025': {'n': 58103, 'mean_atr': 0.5329607990067692, 'sd_atr': 5.264907136063165, 'p': 1.6776113531066446e-131}}, {'quantile': 0.7, 'cutpoint': 2.2248474678311148, 'y2025': {'n': 22295, 'mean_atr': 0.5890881011663639, 'sd_atr': 5.107794802055278, 'p': 1.8576053170632358e-66}}]",49912,0.2877935666318612,5.703934803236203,1.799974254084634e-29,50591,0.5611543728399673,5.286120504297481,5.295497698307281e-126,25081,0.518648229877256,5.222728761688782,9.8670749230955e-56,25510,0.6029456927791189,5.347486623191202,1.6632386425551558e-72
D:\MT5_Backtests\Research\PhenomenonDiscovery\phase_ib_v1\xauusd_m5_2024_2025_news_clean.csv,volz,gt,0.1,-1.3873961255073082,48,1,,,4.605926792492683e-124,"[{'quantile': 0.05, 'cutpoint': -1.6182147545632202, 'y2025': {'n': 67780, 'mean_atr': 0.5019864017289557, 'sd_atr': 5.266934638955137, 'p': 6.439547057296857e-136}}, {'quantile': 0.2, 'cutpoint': -1.0667349097871364, 'y2025': {'n': 58760, 'mean_atr': 0.47040843865489995, 'sd_atr': 5.169897490461289, 'p': 8.29782126230511e-108}}]",63358,0.3305394249175786,5.742705660962044,1.443529426920075e-47,65067,0.4907300304903052,5.242620897177908,5.346936590722041e-126,32115,0.4581200475542359,5.094805798363357,2.031516256294972e-58,32952,0.5225117008590799,5.382664324490424,1.6887248193417946e-69
D:\MT5_Backtests\Research\PhenomenonDiscovery\phase_ib_v1\xauusd_m5_2024_2025_raw.csv,ret6,lt,0.9,1.8830884626607403,48,1,,,4.909963416086228e-124,"[{'quantile': 0.8, 'cutpoint': 1.2021089335381223, 'y2025': {'n': 56411, 'mean_atr': 0.4967121791084894, 'sd_atr': 5.225200007041885, 'p': 7.144402015444454e-113}}, {'quantile': 0.95, 'cutpoint': 2.506922635366373, 'y2025': {'n': 67570, 'mean_atr': 0.5029020943662205, 'sd_atr': 5.224457252976444, 'p': 3.537430398769014e-138}}]",64250,0.3718951479468392,5.6138830104266475,2.8086142381801255e-63,63803,0.4932643163373855,5.218874440218732,5.719078713233645e-126,31451,0.4710811451956719,5.129979386053488,1.2539158585958233e-59,32352,0.5148296883569834,5.303856062485922,2.9340784353211868e-68
D:\MT5_Backtests\Research\PhenomenonDiscovery\phase_ib_v1\xauusd_m5_2024_2025_raw.csv,rsi14,gt,0.1,36.675028142488856,48,1,,,5.308786143181621e-124,"[{'quantile': 0.05, 'cutpoint': 32.219176015488394, 'y2025': {'n': 67698, 'mean_atr': 0.4891622252655502, 'sd_atr': 5.237175521122269, 'p': 1.8628882388355824e-130}}, {'quantile': 0.2, 'cutpoint': 41.91406343724074, 'y2025': {'n': 56976, 'mean_atr': 0.48388326926410996, 'sd_atr': 5.238554261745745, 'p': 9.917675754559796e-108}}]",64249,0.33660577981206585,5.613447403701029,3.5713163247148206e-52,64187,0.4941790903996546,5.245011741805112,6.204374049450065e-126,31475,0.4684667622359669,5.13253537585815,5.64235784721699e-59,32712,0.5189191102380034,5.350965313050501,7.135770985443401e-69
D:\MT5_Backtests\Research\PhenomenonDiscovery\phase_ib_v1\xauusd_m1_2024_2025_raw.csv,sma100,lt,0.7,2.2083619748140135,48,1,,,5.345571525940685e-124,"[{'quantile': 0.3, 'cutpoint': -1.691388280217382, 'y2025': {'n': 102541, 'mean_atr': 0.35312392602682546, 'sd_atr': 5.526305183486845, 'p': 4.7291547895107345e-93}}, {'quantile': 0.8, 'cutpoint': 3.3859101182632028, 'y2025': {'n': 279457, 'mean_atr': 0.2583098080308728, 'sd_atr': 5.564054211658415, 'p': 5.286462440927775e-133}}]",249050,0.23626367763808737,6.0255043638489445,2.897349501522805e-85,243961,0.2695520978408038,5.577624501279116,6.268259294020504e-126,119471,0.23428633076970082,5.627744559595222,6.028403240101091e-47,124490,0.30339607292114557,5.528909000682734,1.6324450042438777e-83
D:\MT5_Backtests\Research\PhenomenonDiscovery\phase_ib_v1\xauusd_m1_2024_2025_raw.csv,ret1,lt,0.8,0.5505082182163473,48,1,,,6.4651503677915594e-124,"[{'quantile': 0.7, 'cutpoint': 0.33737764717890056, 'y2025': {'n': 249716, 'mean_atr': 0.2523610442595421, 'sd_atr': 5.570700922405447, 'p': 1.8368741173847077e-113}}, {'quantile': 0.9, 'cutpoint': 0.8565080482374499, 'y2025': {'n': 321334, 'mean_atr': 0.24407598121919977, 'sd_atr': 5.573467241579228, 'p': 4.894436380851627e-136}}]",284697,0.2208940996076011,6.001000247894985,6.974720852439592e-86,286107,0.2487708338956511,5.576443780146735,7.606356553725998e-126,140992,0.23785273811389274,5.6523169221933784,3.0722690249897017e-56,145115,0.2593787252953113,5.501722991179046,4.051753228064912e-72
D:\MT5_Backtests\Research\PhenomenonDiscovery\phase_ib_v1\xauusd_m5_2024_2025_raw.csv,sma10,gt,0.1,-1.2139401588984418,48,1,,,7.5211481424823416e-124,"[{'quantile': 0.05, 'cutpoint': -1.6585987355074088, 'y2025': {'n': 67648, 'mean_atr': 0.4913964586424081, 'sd_atr': 5.2388444055274945, 'p': 1.8719348182531823e-131}}, {'quantile': 0.2, 'cutpoint': -0.748202679488899, 'y2025': {'n': 57046, 'mean_atr': 0.4680266695619475, 'sd_atr': 5.217155784093648, 'p': 7.580593809626821e-102}}]",64250,0.3399573498503975,5.601292660355136,2.091924969542316e-53,64011,0.4934451073653994,5.23332286258352,8.878153295144103e-126,31518,0.46255608000387394,5.11729258822988,5.965223105957944e-58,32493,0.5234072642724429,5.343372917656053,8.974672213706734e-70
D:\MT5_Backtests\Research\PhenomenonDiscovery\phase_ib_v1\xauusd_m1_2024_2025_news_clean.csv,ret3,gt,0.1,-1.4901617122787154,48,1,,,8.813734027134874e-124,"[{'quantile': 0.05, 'cutpoint': -1.9514620402302503, 'y2025': {'n': 335134, 'mean_atr': 0.23625292023376981, 'sd_atr': 5.621660407645067, 'p': 9.705652671112197e-131}}, {'quantile': 0.2, 'cutpoint': -0.947618400214667, 'y2025': {'n': 284933, 'mean_atr': 0.237260790113661, 'sd_atr': 5.61549479062217, 'p': 1.2475026011092005e-112}}]",317126,0.21747228178715614,6.079160291688369,2.9521891516743295e-90,318852,0.2374947674636367,5.623197855859568,1.0438404511498854e-125,156642,0.23149163756845315,5.68586506681846,2.0471311929000955e-58,162210,0.24329183467922974,5.562023046970698,1.8221597592769517e-69
D:\MT5_Backtests\Research\PhenomenonDiscovery\phase_ib_v1\xauusd_m5_2024_2025_news_clean.csv,rsi7,gt,0.1,30.09073145984612,48,1,,,1.9523525235629075e-123,"[{'quantile': 0.05, 'cutpoint': 23.962743659762086, 'y2025': {'n': 66689, 'mean_atr': 0.5050028288703899, 'sd_atr': 5.279324654995221, 'p': 1.0030241518944337e-134}}, {'quantile': 0.2, 'cutpoint': 37.421111734315204, 'y2025': {'n': 56200, 'mean_atr': 0.48916160994457425, 'sd_atr': 5.243119792723277, 'p': 2.1577509201522432e-108}}]",63388,0.3303160493930708,5.676145145753969,1.3193002343601827e-48,63082,0.49958448937979044,5.268730728857567,2.3198685395681825e-125,31021,0.4767133580479947,5.152539849712821,1.0648143084220325e-59,32061,0.521713723185462,5.378751797563273,1.4522477521216176e-67
D:\MT5_Backtests\Research\PhenomenonDiscovery\phase_ib_v1\xauusd_m5_2024_2025_raw.csv,sma100,gt,0.1,-4.130890977214688,48,1,,,2.1395449688039696e-123,"[{'quantile': 0.05, 'cutpoint': -5.445613030977092, 'y2025': {'n': 68289, 'mean_atr': 0.4828045636404686, 'sd_atr': 5.2544364776149255, 'p': 2.1052896544230415e-127}}, {'quantile': 0.2, 'cutpoint': -2.5201322530017856, 'y2025': {'n': 58103, 'mean_atr': 0.5329607990067692, 'sd_atr': 5.264907136063165, 'p': 1.6776113531066446e-131}}]",64172,0.32309684173781783,5.653440864400798,1.6817641131106546e-47,64974,0.4929891355720197,5.277448310677329,2.5506614113712113e-125,31884,0.43496003928420496,5.1954209286641655,1.5787052185441456e-50,33090,0.5489033001546936,5.354781305217484,1.3426179810497748e-77
D:\MT5_Backtests\Research\PhenomenonDiscovery\phase_ib_v1\xauusd_m1_2024_2025_news_clean.csv,ret24,gt,0.05,-5.17023369503914,48,1,,,5.438796141615678e-123,"[{'quantile': 0.1, 'cutpoint': -4.023645800632244, 'y2025': {'n': 320468, 'mean_atr': 0.22431771163280959, 'sd_atr': 5.648497423850218, 'p': 6.314573230967339e-112}}]",334734,0.21675496950493595,6.083825898451336,2.0961117044025127e-94,336564,0.23095356128500458,5.63627785078585,6.505126717223254e-125,165202,0.23076865374984049,5.702008039249114,8.435535260559928e-61,171362,0.23113182189484913,5.572193120651095,4.3922898661389205e-66
D:\MT5_Backtests\Research\PhenomenonDiscovery\phase_ib_v1\xauusd_m1_2024_2025_news_clean.csv,lwick,lt,0.8,0.37545631511520194,48,1,,,6.159369728054584e-123,"[{'quantile': 0.7, 'cutpoint': 0.28451519617408205, 'y2025': {'n': 240052, 'mean_atr': 0.25590123430506023, 'sd_atr': 5.611439202073522, 'p': 1.3972823526561492e-110}}, {'quantile': 0.9, 'cutpoint': 0.5198920149825145, 'y2025': {'n': 313811, 'mean_atr': 0.2428182525347408, 'sd_atr': 5.602013234029212, 'p': 3.092563618133549e-130}}]",281890,0.21352933365254598,6.044106444746761,1.6945054043969354e-78,276882,0.2531132363039405,5.603947936639866,7.391051072986073e-125,136611,0.2426810707159057,5.663412218868168,1.7012467770846882e-56,140271,0.2632732021781913,5.545423680995023,9.921747552387253e-71
D:\MT5_Backtests\Research\PhenomenonDiscovery\phase_ib_v1\xauusd_m5_2024_2025_raw.csv,ret3,gt,0.1,-1.295370553556509,48,1,,,6.52357323838244e-123,"[{'quantile': 0.05, 'cutpoint': -1.746275308975572, 'y2025': {'n': 67579, 'mean_atr': 0.49208164164391494, 'sd_atr': 5.229187209389248, 'p': 3.6642385216395104e-132}}, {'quantile': 0.2, 'cutpoint': -0.7939189730428335, 'y2025': {'n': 57298, 'mean_atr': 0.4872321417949097, 'sd_atr': 5.2079091969179885, 'p': 4.448255689623183e-111}}]",64250,0.34879642937504285,5.60133650468307,4.0098556641482545e-56,64218,0.4894424133022841,5.219254266709598,7.853582541517322e-125,31632,0.4576992685316705,5.09316149488367,1.6808711343732975e-57,32586,0.5202562338198086,5.338705333544906,2.874315188284545e-69
D:\MT5_Backtests\Research\PhenomenonDiscovery\phase_ib_v1\xauusd_m5_2024_2025_news_clean.csv,sma5,gt,0.1,-0.821460098173806,48,1,,,6.633577791984168e-123,"[{'quantile': 0.05, 'cutpoint': -1.1144146539095026, 'y2025': {'n': 66737, 'mean_atr': 0.5007169171254604, 'sd_atr': 5.2877192890292255, 'p': 3.672542377398085e-132}}, {'quantile': 0.2, 'cutpoint': -0.5022486876022775, 'y2025': {'n': 56508, 'mean_atr': 0.4955734248593726, 'sd_atr': 5.2766771917555335, 'p': 2.086362983250492e-110}}]",63388,0.35021404276918544,5.682037312554878,2.624946552908907e-54,63289,0.49932390636128415,5.286159563670487,8.01194315870508e-125,31136,0.4718910553668984,5.149667964624968,8.290067845602901e-59,32153,0.5258890557582673,5.41500369592376,6.426547792042337e-68
D:\MT5_Backtests\Research\PhenomenonDiscovery\phase_ib_v1\xauusd_m5_2024_2025_news_clean.csv,range,lt,0.8,1.2178874031583808,48,1,,,7.681325232471958e-123,"[{'quantile': 0.7, 'cutpoint': 1.0633439783906276, 'y2025': {'n': 49177, 'mean_atr': 0.5148088283014217, 'sd_atr': 5.184446406116915, 'p': 1.8375737982999843e-107}}, {'quantile': 0.9, 'cutpoint': 1.471230831271178, 'y2025': {'n': 63298, 'mean_atr': 0.5151802905257632, 'sd_atr': 5.2641876506249154, 'p': 7.3486940972685665e-134}}]",56345,0.3762909566621822,5.546638228544466,2.4087782094696333e-58,56286,0.5241050422745439,5.233924087557966,9.307421912391757e-125,27714,0.49642853202605797,5.13152933186754,2.354679453941739e-58,28572,0.5509504435424472,5.331317956450579,2.5024581257181554e-68
D:\MT5_Backtests\Research\PhenomenonDiscovery\phase_ib_v1\xauusd_m1_2024_2025_raw.csv,sma10,gt,0.1,-1.4215909901518908,48,1,,,8.965473418865411e-123,"[{'quantile': 0.05, 'cutpoint': -1.8604324023200889, 'y2025': {'n': 338457, 'mean_atr': 0.23471958824195663, 'sd_atr': 5.562883403700415, 'p': 4.638633726028267e-133}}, {'quantile': 0.2, 'cutpoint': -0.9084121332500263, 'y2025': {'n': 289009, 'mean_atr': 0.23045761149251281, 'sd_atr': 5.551947260317327, 'p': 2.6287528600970488e-110}}]",320284,0.2143182369417602,6.001745727873502,8.125150788335048e-91,322275,0.23303119466678038,5.570029698068166,1.0898460886753998e-124,158546,0.22696283359748243,5.648441119546571,1.290057373181902e-57,163729,0.2389074558916881,5.493044732765628,2.522626752181536e-69
D:\MT5_Backtests\Research\PhenomenonDiscovery\phase_ib_v1\xauusd_m5_2024_2025_news_clean.csv,lwick,lt,0.8,0.3823094472185731,48,1,,,9.739354701414585e-123,"[{'quantile': 0.7, 'cutpoint': 0.2930612003329447, 'y2025': {'n': 47777, 'mean_atr': 0.5165986693951543, 'sd_atr': 5.182859362351231, 'p': 3.0959047871549173e-105}}, {'quantile': 0.9, 'cutpoint': 0.526720961575927, 'y2025': {'n': 62654, 'mean_atr': 0.5303336503812631, 'sd_atr': 5.245290057333023, 'p': 2.622521947311391e-141}}]",56345,0.3662359426923082,5.586523002277839,1.3327363905205653e-54,55238,0.5262362529372486,5.208299938274511,1.1877261830993397e-124,27231,0.5186591302905033,5.109582210998009,5.612846494010653e-63,28007,0.5336034335275841,5.302601442454679,1.2255153660352485e-63
D:\MT5_Backtests\Research\PhenomenonDiscovery\phase_ib_v1\xauusd_m1_2024_2025_raw.csv,body,lt,0.8,0.5465878894885537,48,1,,,1.1304448547368294e-122,"[{'quantile': 0.7, 'cutpoint': 0.3347060241063292, 'y2025': {'n': 249512, 'mean_atr': 0.25543332058023405, 'sd_atr': 5.579723906643634, 'p': 9.884706110367137e-116}}, {'quantile': 0.9, 'cutpoint': 0.8497742028837347, 'y2025': {'n': 321184, 'mean_atr': 0.24270907045062912, 'sd_atr': 5.57452364879248, 'p': 1.9899949459367055e-134}}]",284697,0.22413572008424942,6.0004700592383955,2.215320320395317e-88,286000,0.24796553203121574,5.585852469724765,1.3862848594494e-124,140968,0.23829122388072543,5.658229746372072,2.570325583533134e-56,145032,0.2573687525022726,5.514596262230412,1.1330293408654721e-70
D:\MT5_Backtests\Research\PhenomenonDiscovery\phase_ib_v1\xauusd_m1_2024_2025_news_clean.csv,ret48,gt,0.05,-7.153980061353888,48,1,,,1.1304448547368294e-122,"[{'quantile': 0.1, 'cutpoint': -5.5978375219786, 'y2025': {'n': 320748, 'mean_atr': 0.21834817758616668, 'sd_atr': 5.640291900220096, 'p': 1.5164963278953107e-106}}]",334711,0.2165530585866059,6.072831796446433,1.4637434175685014e-94,337453,0.2296735439943849,5.619962021461491,1.3874284098943262e-124,165630,0.23439180650080663,5.700767756970647,7.511367088513947e-63,171823,0.2251253413734399,5.540966198672923,1.2122500241674534e-63
D:\MT5_Backtests\Research\PhenomenonDiscovery\phase_ib_v1\xauusd_m1_2024_2025_raw.csv,sma50,gt,0.05,-4.152851680367627,48,1,,,1.3141631120669797e-122,"[{'quantile': 0.1, 'cutpoint': -3.2130407116652764, 'y2025': {'n': 323116, 'mean_atr': 0.2239211496605369, 'sd_atr': 5.587279873742565, 'p': 7.066096230093446e-115}}]",338044,0.21108161029624425,6.021061349368808,2.376362344487146e-92,339872,0.2270001913230653,5.575938722300475,1.6180479217522618e-124,166767,0.22644797110389608,5.670848990866373,8.793800410023576e-60,173105,0.22753219276317502,5.482966252814991,8.538733069623404e-67
D:\MT5_Backtests\Research\PhenomenonDiscovery\phase_ib_v1\xauusd_m5_2024_2025_raw.csv,sma5,gt,0.1,-0.8205174914282203,48,1,,,1.4109384522311845e-122,"[{'quantile': 0.05, 'cutpoint': -1.110986329660646, 'y2025': {'n': 67623, 'mean_atr': 0.4902748275629112, 'sd_atr': 5.2309287391783394, 'p': 3.3117651616869495e-131}}, {'quantile': 0.2, 'cutpoint': -0.5027854168063667, 'y2025': {'n': 57301, 'mean_atr': 0.48433223559137223, 'sd_atr': 5.222421916292092, 'p': 3.4362774369887123e-109}}]",64250,0.34634581818556875,5.599021845253529,2.0863779778747026e-55,64137,0.4900644576307416,5.2299644395722105,1.7427163496914256e-124,31582,0.4596128184175081,5.105527628246733,1.31507841438142e-57,32555,0.5196059618430695,5.34782863779489,8.316578684639067e-69
D:\MT5_Backtests\Research\PhenomenonDiscovery\phase_ib_v1\xauusd_m5_2024_2025_raw.csv,range,lt,0.8,1.2196506907108242,48,1,,,1.562822297453863e-122,"[{'quantile': 0.7, 'cutpoint': 1.0651188207096218, 'y2025': {'n': 49795, 'mean_atr': 0.5006706315508026, 'sd_atr': 5.130054212452849, 'p': 3.730307793100998e-105}}, {'quantile': 0.9, 'cutpoint': 1.4762056778934152, 'y2025': {'n': 64176, 'mean_atr': 0.5045727861090551, 'sd_atr': 5.20707960150128, 'p': 4.544188817033717e-133}}]",57111,0.37295729388923243,5.465337725912677,8.651337475258783e-60,56967,0.5146763009473537,5.177477363682999,1.936423812902105e-124,28067,0.48471635946866604,5.086544624783976,2.248492310024714e-57,28900,0.5437726911716558,5.2642106458879185,4.957261638423641e-69
D:\MT5_Backtests\Research\PhenomenonDiscovery\phase_ib_v1\xauusd_m1_2024_2025_raw.csv,sma5,lt,0.8,0.6150618314524346,48,1,,,9.226140265523106e-122,"[{'quantile': 0.7, 'cutpoint': 0.3827332356031569, 'y2025': {'n': 250447, 'mean_atr': 0.25281281984927634, 'sd_atr': 5.570906869482225, 'p': 3.509568773940229e-114}}, {'quantile': 0.9, 'cutpoint': 0.9420338414416336, 'y2025': {'n': 321866, 'mean_atr': 0.23864505341466513, 'sd_atr': 5.569059124901388, 'p': 1.4888769149352308e-130}}]",284697,0.2209073296266807,5.993351241024091,4.15858868069798e-86,286930,0.24599267766167088,5.571301627850925,1.146776346324401e-123,140931,0.2324237506334312,5.662714090932559,1.4360086176892906e-53,145999,0.2590905924077776,5.481604116270481,6.576454759548824e-73
D:\MT5_Backtests\Research\PhenomenonDiscovery\phase_ib_v1\xauusd_m5_2024_2025_news_clean.csv,ret24,gt,0.1,-3.5545638689690704,48,1,,,1.0505574950250021e-121,"[{'quantile': 0.05, 'cutpoint': -4.724612959069194, 'y2025': {'n': 67284, 'mean_atr': 0.49556332372548406, 'sd_atr': 5.30140160925051, 'p': 7.051089358365704e-130}}, {'quantile': 0.2, 'cutpoint': -2.1787493808702836, 'y2025': {'n': 56536, 'mean_atr': 0.510032965079045, 'sd_atr': 5.323727326135161, 'p': 7.315191223703038e-115}}]",63378,0.334085041176198,5.713494705988365,4.756726099836303e-49,63674,0.4968519389286959,5.302219126826078,1.3099118234559714e-123,31253,0.48781154246925235,5.15991036140151,1.0530470965143426e-62,32421,0.5055666457713902,5.435940923115414,6.033682865109454e-63
D:\MT5_Backtests\Research\PhenomenonDiscovery\phase_ib_v1\xauusd_m1_2024_2025_raw.csv,lwick,gt,0.05,0.0,48,1,,,1.3195340851291737e-121,"[{'quantile': 0.1, 'cutpoint': 0.0, 'y2025': {'n': 319246, 'mean_atr': 0.2317670856050137, 'sd_atr': 5.540459472869557, 'p': 1.6556067906756754e-123}}]",300966,0.21002588132019864,5.959457017719652,2.7725603735337887e-83,319246,0.2317670856050137,5.540459472869557,1.6556067906756754e-123,157405,0.22535256372702267,5.615577773979892,4.512290077958801e-57,161841,0.2380057878881507,5.466420159362013,1.0864095587577483e-68
D:\MT5_Backtests\Research\PhenomenonDiscovery\phase_ib_v1\xauusd_m1_2024_2025_raw.csv,lwick,gt,0.1,0.0,48,1,,,1.3195340851291737e-121,"[{'quantile': 0.05, 'cutpoint': 0.0, 'y2025': {'n': 319246, 'mean_atr': 0.2317670856050137, 'sd_atr': 5.540459472869557, 'p': 1.6556067906756754e-123}}, {'quantile': 0.2, 'cutpoint': 0.02211281862445064, 'y2025': {'n': 299302, 'mean_atr': 0.23278286518491859, 'sd_atr': 5.562200281693305, 'p': 5.095302299896398e-116}}]",300966,0.21002588132019864,5.959457017719652,2.7725603735337887e-83,319246,0.2317670856050137,5.540459472869557,1.6556067906756754e-123,157405,0.22535256372702267,5.615577773979892,4.512290077958801e-57,161841,0.2380057878881507,5.466420159362013,1.0864095587577483e-68
D:\MT5_Backtests\Research\PhenomenonDiscovery\phase_ib_v1\xauusd_m5_2024_2025_raw.csv,lwick,lt,0.8,0.38336486485606547,48,1,,,1.3901944474956804e-121,"[{'quantile': 0.7, 'cutpoint': 0.29382296613471937, 'y2025': {'n': 48369, 'mean_atr': 0.5066875786759751, 'sd_atr': 5.132962156584125, 'p': 1.6579055933748284e-104}}, {'quantile': 0.9, 'cutpoint': 0.5282455825447391, 'y2025': {'n': 63468, 'mean_atr': 0.5174509556681043, 'sd_atr': 5.19065884224979, 'p': 3.4558581491784e-139}}]",57111,0.35864248361509804,5.491985838168105,6.62407213014104e-55,55951,0.5151095183553692,5.1555819083400936,1.7496975144371837e-123,27590,0.5064695499531937,5.071927714970365,8.718292407186061e-62,28361,0.5235146073231779,5.235755251996798,1.2685641162017986e-63
D:\MT5_Backtests\Research\PhenomenonDiscovery\phase_ib_v1\xauusd_m5_2024_2025_raw.csv,rsi7,gt,0.1,30.105711662751084,48,1,,,1.6721095277614064e-121,"[{'quantile': 0.05, 'cutpoint': 23.979726683384882, 'y2025': {'n': 67596, 'mean_atr': 0.4918469041864564, 'sd_atr': 5.22646881271249, 'p': 3.3119459003345174e-132}}, {'quantile': 0.2, 'cutpoint': 37.41418907626535, 'y2025': {'n': 56987, 'mean_atr': 0.47662895272478534, 'sd_atr': 5.1968158586831175, 'p': 2.94416254796619e-106}}]",64249,0.32646620557613976,5.59372437554313,1.6138863708547688e-49,63937,0.4876655191474479,5.2193706184021496,2.1110513503241648e-123,31460,0.46178998660738807,5.10981703856109,7.958875799698085e-58,32477,0.5127307731336622,5.323302974249723,1.720201011123674e-67
D:\MT5_Backtests\Research\PhenomenonDiscovery\phase_ib_v1\xauusd_m1_2024_2025_news_clean.csv,sma100,gt,0.05,-5.78760508911849,48,1,,,1.968948704260577e-121,"[{'quantile': 0.1, 'cutpoint': -4.517006945926665, 'y2025': {'n': 321081, 'mean_atr': 0.21736529729225193, 'sd_atr': 5.639323784476865, 'p': 9.487310005873444e-106}}]",334663,0.20444815698423233,6.107643451277165,1.5290030967353838e-83,337687,0.22871432053047314,5.627297169540848,2.493509147046697e-123,165648,0.22832049635159649,5.703972253797693,1.1344640669361947e-59,172039,0.22909351471076103,5.5524865590417365,1.1771736331154346e-65
D:\MT5_Backtests\Research\PhenomenonDiscovery\phase_ib_v1\xauusd_m1_2024_2025_news_clean.csv,ret6,gt,0.1,-2.0873558979275186,48,1,,,2.1635378221135923e-121,"[{'quantile': 0.05, 'cutpoint': -2.7169132034391468, 'y2025': {'n': 335483, 'mean_atr': 0.23625108254570676, 'sd_atr': 5.620940468411432, 'p': 6.636561152513107e-131}}, {'quantile': 0.2, 'cutpoint': -1.342323008989876, 'y2025': {'n': 285782, 'mean_atr': 0.2379979768016318, 'sd_atr': 5.619159720909388, 'p': 1.6638382576836762e-113}}]",317126,0.21739612632144295,6.07051571846898,1.9072121897488057e-90,319566,0.23479906342087914,5.620845085192208,2.7483966236199092e-123,157019,0.2308487497099424,5.679363070543816,2.2927239929051658e-58,162547,0.23861503239340756,5.563747626853707,5.499961724950531e-67
D:\MT5_Backtests\Research\PhenomenonDiscovery\phase_ib_v1\xauusd_m5_2024_2025_news_clean.csv,sma100,gt,0.1,-4.178299589555708,48,1,,,2.206902950818085e-121,"[{'quantile': 0.05, 'cutpoint': -5.500414885798657, 'y2025': {'n': 67412, 'mean_atr': 0.4928822715046513, 'sd_atr': 5.310313861602192, 'p': 2.586328851185731e-128}}, {'quantile': 0.2, 'cutpoint': -2.534880023956669, 'y2025': {'n': 57340, 'mean_atr': 0.5429201566214243, 'sd_atr': 5.328596498922263, 'p': 1.801413532587945e-131}}]",63311,0.3277215727283804,5.744294206904408,9.890153119984576e-47,64147,0.4976598209186993,5.337815321689228,2.8121105455233576e-123,31461,0.4385471258257306,5.244339479478614,9.042670853037069e-50,32686,0.5545571011096034,5.425739195980107,3.0724411820868726e-76
D:\MT5_Backtests\Research\PhenomenonDiscovery\phase_ib_v1\xauusd_m1_2024_2025_news_clean.csv,ret1,lt,0.8,0.5505906127810603,48,1,,,3.5963618552998256e-121,"[{'quantile': 0.7, 'cutpoint': 0.3372726103435448, 'y2025': {'n': 247353, 'mean_atr': 0.25247503167953056, 'sd_atr': 5.6216000381875055, 'p': 1.6298367205990495e-110}}, {'quantile': 0.9, 'cutpoint': 0.8566260646139736, 'y2025': {'n': 318241, 'mean_atr': 0.24434378245417268, 'sd_atr': 5.625569419395277, 'p': 1.38448941346481e-132}}]",281890,0.2248254099514706,6.067397032118355,3.633976663609524e-86,283399,0.24935884042500697,5.626639709610645,4.5966632531388486e-123,139587,0.23925568799119626,5.685095271432831,1.0452612559448792e-55,143812,0.25916517604914363,5.569316994251684,1.0720020076805774e-69
D:\MT5_Backtests\Research\PhenomenonDiscovery\phase_ib_v1\xauusd_m1_2024_2025_raw.csv,rsi14,lt,0.8,60.06422239959874,48,1,,,3.975364123517811e-121,"[{'quantile': 0.7, 'cutpoint': 56.38214594507686, 'y2025': {'n': 245357, 'mean_atr': 0.2550600243043401, 'sd_atr': 5.54374816295715, 'p': 5.804477060881574e-115}}, {'quantile': 0.9, 'cutpoint': 65.12325745737388, 'y2025': {'n': 317279, 'mean_atr': 0.24650717342267067, 'sd_atr': 5.551660809752723, 'p': 4.666453703547917e-138}}]",284696,0.24051071728895604,5.974104186852764,2.3494826132158988e-102,281583,0.2466578298479975,5.5488595460288215,5.096620671176681e-123,138457,0.2307945520649783,5.630875973853483,1.6137147927892505e-52,143126,0.26200362203113337,5.468324072407754,1.9714442573847655e-73
D:\MT5_Backtests\Research\PhenomenonDiscovery\phase_ib_v1\xauusd_m5_2024_2025_news_clean.csv,ret1,lt,0.8,0.48139113073515816,48,1,,,5.412029813733628e-121,"[{'quantile': 0.7, 'cutpoint': 0.29185619304204846, 'y2025': {'n': 49038, 'mean_atr': 0.5121371133087307, 'sd_atr': 5.250625536082925, 'p': 1.819849088824644e-103}}, {'quantile': 0.9, 'cutpoint': 0.7640745414428773, 'y2025': {'n': 63389, 'mean_atr': 0.5260222611303438, 'sd_atr': 5.270248188298777, 'p': 2.3812502650284524e-139}}]",56345,0.37316011963150997,5.64362999465658,1.633575239381979e-55,56184,0.5233833043049496,5.26229910059161,6.967212998811264e-123,27689,0.4898588986210296,5.1376863915663575,1.0962962766673672e-56,28495,0.5559594499088121,5.380513171690458,3.938989439512323e-68
D:\MT5_Backtests\Research\PhenomenonDiscovery\phase_ib_v1\xauusd_m1_2024_2025_raw.csv,uwick,lt,0.8,0.36889939122452214,48,1,,,5.412029813733628e-121,"[{'quantile': 0.7, 'cutpoint': 0.2797517987367464, 'y2025': {'n': 245079, 'mean_atr': 0.24280596677783417, 'sd_atr': 5.549999176141066, 'p': 5.103111112265809e-104}}, {'quantile': 0.9, 'cutpoint': 0.5115115966312687, 'y2025': {'n': 319524, 'mean_atr': 0.2440134993478067, 'sd_atr': 5.551238750778497, 'p': 2.7794815945748172e-136}}]",284697,0.21278965815765358,5.994096155889535,5.17303918237582e-80,282142,0.24638809633916087,5.5514246505474665,6.980807686570112e-123,138312,0.2417692989799407,5.652659048996356,5.69964940162379e-57,143830,0.25082969475637873,5.4523174957811165,3.6233697784070592e-68
D:\MT5_Backtests\Research\PhenomenonDiscovery\phase_ib_v1\xauusd_m1_2024_2025_raw.csv,hour,gt,0.05,2.0,48,1,,,5.825485480998429e-121,"[{'quantile': 0.1, 'cutpoint': 3.0, 'y2025': {'n': 307750, 'mean_atr': 0.21949093854516574, 'sd_atr': 5.557207363649831, 'p': 2.0477140870290903e-106}}]",324569,0.23382914710592576,5.988968544919533,1.3082526062603802e-109,323230,0.23089161086061577,5.568966869410457,7.536881231279238e-123,159113,0.22995583657873866,5.668929007060018,6.904949446313563e-59,164117,0.23179885297028338,5.470326066677774,4.753301213536638e-66
D:\MT5_Backtests\Research\PhenomenonDiscovery\phase_ib_v1\xauusd_m1_2024_2025_news_clean.csv,range,gt,0.1,0.4926628769624299,48,1,,,9.430960369839059e-121,"[{'quantile': 0.05, 'cutpoint': 0.39451988447222947, 'y2025': {'n': 337126, 'mean_atr': 0.2373081913554306, 'sd_atr': 5.6372567404485325, 'p': 6.085236517118616e-132}}, {'quantile': 0.2, 'cutpoint': 0.6131039265540629, 'y2025': {'n': 285596, 'mean_atr': 0.2323032059626164, 'sd_atr': 5.623783772205176, 'p': 5.484470962030459e-108}}]",317126,0.2103837180888664,6.083853044638089,1.8338591535318618e-84,320436,0.23384042695761614,5.620558376081622,1.2238425745726109e-122,157183,0.2328555953965066,5.670729208918273,1.3719166506407754e-59,163253,0.23478864095227395,5.571843327142148,5.282099003291483e-65
D:\MT5_Backtests\Research\PhenomenonDiscovery\phase_ib_v1\xauusd_m5_2024_2025_news_clean.csv,sma20,gt,0.1,-1.7736928988371545,48,1,,,1.0048564889225622e-120,"[{'quantile': 0.05, 'cutpoint': -2.4102501498276556, 'y2025': {'n': 67039, 'mean_atr': 0.505742821785134, 'sd_atr': 5.298932799967306, 'p': 7.97866184420273e-135}}, {'quantile': 0.2, 'cutpoint': -1.0827527980405773, 'y2025': {'n': 56284, 'mean_atr': 0.4896266775913742, 'sd_atr': 5.28381982067233, 'p': 4.084302977721255e-107}}]",63383,0.33598663716927285,5.691050634046636,5.702398695549716e-50,63450,0.4959515210315421,5.30513196533059,1.3079159271857926e-122,31190,0.4711116180296643,5.163433121446648,2.0470356694024655e-58,32260,0.5199675338842564,5.438594066902964,4.3007390032946365e-66
D:\MT5_Backtests\Research\PhenomenonDiscovery\phase_ib_v1\xauusd_m1_2024_2025_news_clean.csv,ret24,lt,0.8,2.8343795058136543,48,1,,,1.0646458392568096e-120,"[{'quantile': 0.7, 'cutpoint': 1.7944051356244852, 'y2025': {'n': 245276, 'mean_atr': 0.2483864221208963, 'sd_atr': 5.601940045889046, 'p': 7.07011966994338e-107}}, {'quantile': 0.9, 'cutpoint': 4.283284773102547, 'y2025': {'n': 316300, 'mean_atr': 0.2535396541325944, 'sd_atr': 5.609853640861459, 'p': 1.5889626444841806e-142}}]",281881,0.24250026698046648,6.040145929026035,8.134686275940506e-101,281045,0.24888626058988608,5.603734369994491,1.389898805158593e-122,138371,0.2289491643347004,5.668250833780335,5.041234413841692e-51,142674,0.2682220607071205,5.540397468400754,1.0638394942591125e-74
D:\MT5_Backtests\Research\PhenomenonDiscovery\phase_ib_v1\xauusd_m1_2024_2025_raw.csv,atr_regime,lt,0.8,1.0940779117319044,48,1,,,1.8847874903152103e-120,"[{'quantile': 0.7, 'cutpoint': 1.049409500153176, 'y2025': {'n': 249295, 'mean_atr': 0.25981944837150034, 'sd_atr': 5.695423939415458, 'p': 7.697871272316985e-115}}, {'quantile': 0.9, 'cutpoint': 1.1710564711866303, 'y2025': {'n': 321189, 'mean_atr': 0.24588861285137706, 'sd_atr': 5.631652192069574, 'p': 3.5319058309022933e-135}}]",284668,0.2336026150658059,6.037661904188289,1.1223672798387265e-94,284310,0.2500636072056877,5.668715727949385,2.467963607159144e-122,140263,0.26194008251873185,5.765616322642859,6.375079641872022e-65,144047,0.23849911744308577,5.572737454695435,2.4975569362353465e-59
D:\MT5_Backtests\Research\PhenomenonDiscovery\phase_ib_v1\xauusd_m5_2024_2025_raw.csv,ret24,gt,0.1,-3.53798476830088,48,1,,,2.786092184336283e-120,"[{'quantile': 0.05, 'cutpoint': -4.692279550248857, 'y2025': {'n': 68199, 'mean_atr': 0.4837951473849118, 'sd_atr': 5.245110245899331, 'p': 3.3611811588476777e-128}}, {'quantile': 0.2, 'cutpoint': -2.169077426384668, 'y2025': {'n': 57327, 'mean_atr': 0.4982080066114795, 'sd_atr': 5.276263649601842, 'p': 3.608397146404368e-113}}]",64240,0.3304238837234363,5.631086254861611,4.977127413696892e-50,64525,0.4858751075610945,5.2509220348079095,3.6590328874960566e-122,31667,0.47342090586249014,5.118568083867941,7.23316942892451e-61,32858,0.4978778832988053,5.375446261247338,2.9298015127617146e-63
D:\MT5_Backtests\Research\PhenomenonDiscovery\phase_ib_v1\xauusd_m5_2024_2025_raw.csv,ret1,lt,0.8,0.48170212632495074,48,1,,,3.459943116223419e-120,"[{'quantile': 0.7, 'cutpoint': 0.29237542707218955, 'y2025': {'n': 49681, 'mean_atr': 0.5004702472037349, 'sd_atr': 5.200891384202188, 'p': 4.722578687625179e-102}}, {'quantile': 0.9, 'cutpoint': 0.7631998517047763, 'y2025': {'n': 64227, 'mean_atr': 0.5161184880572852, 'sd_atr': 5.2127566282920865, 'p': 6.03259604699819e-139}}]",57111,0.37111623990488496,5.55767657492018,2.5091386303258143e-57,56931,0.5131353601884319,5.211054740035228,4.557539204844012e-122,28075,0.48051141159947075,5.100300696065271,3.8940551563246557e-56,28856,0.5448763276348929,5.316493523084198,6.967582120656336e-68
D:\MT5_Backtests\Research\PhenomenonDiscovery\phase_ib_v1\xauusd_m1_2024_2025_news_clean.csv,sma50,gt,0.05,-4.167788533092078,48,1,,,4.097821645862586e-120,"[{'quantile': 0.1, 'cutpoint': -3.2269499848871783, 'y2025': {'n': 320011, 'mean_atr': 0.2251966939369605, 'sd_atr': 5.6372305444932, 'p': 4.488440279425563e-113}}]",334710,0.21382607493766076,6.09335426598325,1.2348523180967805e-91,336625,0.22778461419029633,5.626678501611339,5.413788759777806e-122,165096,0.22822195289614833,5.700647994273822,1.698712693831409e-59,171529,0.22736367737505614,5.554569503583897,1.8374403061641835e-64
D:\MT5_Backtests\Research\PhenomenonDiscovery\phase_ib_v1\xauusd_m1_2024_2025_news_clean.csv,sma10,gt,0.1,-1.4246784449136458,48,1,,,4.816341586946816e-120,"[{'quantile': 0.05, 'cutpoint': -1.8656781332750338, 'y2025': {'n': 335177, 'mean_atr': 0.23550143703265464, 'sd_atr': 5.617404818137715, 'p': 3.930217417358386e-130}}, {'quantile': 0.2, 'cutpoint': -0.9098321568273511, 'y2025': {'n': 286196, 'mean_atr': 0.23186492046232676, 'sd_atr': 5.604375780015207, 'p': 1.5223405830331207e-108}}]",317126,0.21649486671470458,6.06995286674977,9.923273174534914e-90,319199,0.23373855932942159,5.623995544623957,6.381878509908421e-122,156916,0.22805691374808743,5.677262090647631,5.191431023248693e-57,162283,0.23923230234650059,5.572018406153256,5.04861654785998e-67
D:\MT5_Backtests\Research\PhenomenonDiscovery\phase_ib_v1\xauusd_m1_2024_2025_news_clean.csv,body,lt,0.8,0.5462940015233907,48,1,,,6.612860751567178e-120,"[{'quantile': 0.7, 'cutpoint': 0.3345153530129763, 'y2025': {'n': 247188, 'mean_atr': 0.255259531400648, 'sd_atr': 5.630168417857238, 'p': 1.6434892106502944e-112}}, {'quantile': 0.9, 'cutpoint': 0.8493178883374484, 'y2025': {'n': 318147, 'mean_atr': 0.24349113684814164, 'sd_atr': 5.626200197961223, 'p': 1.3135671317107634e-131}}]",281890,0.22749609749849936,6.066966559666333,3.4230140698662794e-88,283343,0.24850773677533639,5.63678811734676,8.78819830961867e-122,139590,0.23971153503833997,5.690864734919224,8.358554098638531e-56,143753,0.2570492058261898,5.583782910503714,3.206717688812624e-68
D:\MT5_Backtests\Research\PhenomenonDiscovery\phase_ib_v1\xauusd_m5_2024_2025_news_clean.csv,ret6,gt,0.1,-1.8109192424756488,48,1,,,6.689754448251456e-120,"[{'quantile': 0.05, 'cutpoint': -2.4592741164794134, 'y2025': {'n': 66843, 'mean_atr': 0.5023683346796017, 'sd_atr': 5.300968769980047, 'p': 1.419216390512096e-132}}, {'quantile': 0.2, 'cutpoint': -1.1035949369822162, 'y2025': {'n': 56299, 'mean_atr': 0.48603119054583094, 'sd_atr': 5.272704790422031, 'p': 4.840403953435951e-106}}]",63388,0.34756815156055765,5.6911744506754145,2.3738288510468507e-53,63237,0.49382894053435983,5.291869575296428,8.916534814156296e-122,31101,0.4696813242653925,5.155107133644576,4.299790917626762e-58,32136,0.517198837646046,5.420920719466254,1.4018859961308819e-65
D:\MT5_Backtests\Research\PhenomenonDiscovery\phase_ib_v1\xauusd_m1_2024_2025_raw.csv,ret3,lt,0.8,0.9774291147574004,48,1,,,7.949257743554749e-120,"[{'quantile': 0.7, 'cutpoint': 0.6067730564513797, 'y2025': {'n': 250481, 'mean_atr': 0.24643082074329353, 'sd_atr': 5.578876683737991, 'p': 2.688957354821138e-108}}, {'quantile': 0.9, 'cutpoint': 1.4992621904930128, 'y2025': {'n': 321549, 'mean_atr': 0.2425503599067483, 'sd_atr': 5.5696111665439, 'p': 1.224683162387586e-134}}]",284697,0.21900671608919337,5.993692810616307,1.1778980355378254e-84,286791,0.2444307046794241,5.579864186149914,1.0626352987397295e-121,141014,0.23393728485065757,5.664704606417454,3.066968672634672e-54,145777,0.2545812709809235,5.496550251400011,5.569063822596641e-70
D:\MT5_Backtests\Research\PhenomenonDiscovery\phase_ib_v1\xauusd_m1_2024_2025_raw.csv,rsi7,lt,0.8,65.00518883525115,48,1,,,8.354844617120564e-120,"[{'quantile': 0.7, 'cutpoint': 59.594535170979945, 'y2025': {'n': 246779, 'mean_atr': 0.24601520455954534, 'sd_atr': 5.556438904547777, 'p': 3.23137876909477e-107}}, {'quantile': 0.9, 'cutpoint': 72.06625956989893, 'y2025': {'n': 318322, 'mean_atr': 0.24347728953111258, 'sd_atr': 5.54357140287508, 'p': 1.4713061981872553e-135}}]",284696,0.22990034916715338,5.9715211845435645,9.051718813979781e-94,283091,0.2448398818414474,5.553564303008257,1.120118708439788e-121,139232,0.23021010197207167,5.644374616924547,2.6568527315309148e-52,143859,0.258999117695811,5.4642201393089245,2.903552257516613e-72
D:\MT5_Backtests\Research\PhenomenonDiscovery\phase_ib_v1\xauusd_m1_2024_2025_raw.csv,volz,gt,0.2,-0.9432234625966708,48,1,,,2.032493542750383e-119,"[{'quantile': 0.1, 'cutpoint': -1.2996623515362944, 'y2025': {'n': 326046, 'mean_atr': 0.24001082826749065, 'sd_atr': 5.532791005695464, 'p': 1.8879416825226878e-135}}, {'quantile': 0.3, 'cutpoint': -0.6625730957807742, 'y2025': {'n': 250509, 'mean_atr': 0.22947717087112882, 'sd_atr': 5.475572554714051, 'p': 1.087749351945136e-97}}]",284670,0.1951177250906456,5.899833952249671,1.1068575825397839e-69,289252,0.23956444775837757,5.501625364967524,2.7328712425974505e-121,142308,0.22814753362578755,5.541425799522077,2.1288603818948075e-54,146944,0.250621164714365,5.462800340913829,3.128380002490235e-69
D:\MT5_Backtests\Research\PhenomenonDiscovery\phase_ib_v1\xauusd_m1_2024_2025_news_clean.csv,ret48,lt,0.8,4.116541643733626,48,1,,,2.2199950827934063e-119,"[{'quantile': 0.7, 'cutpoint': 2.638435736638605, 'y2025': {'n': 242686, 'mean_atr': 0.2548839344431732, 'sd_atr': 5.595919885154716, 'p': 1.6583480186215592e-111}}, {'quantile': 0.9, 'cutpoint': 6.0998502166777415, 'y2025': {'n': 313868, 'mean_atr': 0.24902782411071087, 'sd_atr': 5.618434467542624, 'p': 4.079281247766226e-136}}]",281862,0.23563070302672712,6.094462187433761,1.2486809045548897e-93,277914,0.24930127709970526,5.612834420562566,2.9936612865999263e-121,136721,0.2485378938772304,5.641224774184373,1.1511270505527008e-59,141193,0.2500404817172145,5.585225628795556,1.6853596463732281e-63
D:\MT5_Backtests\Research\PhenomenonDiscovery\phase_ib_v1\xauusd_m5_2024_2025_news_clean.csv,body,lt,0.8,0.47824914957615355,48,1,,,2.4881894686071003e-119,"[{'quantile': 0.7, 'cutpoint': 0.2916800270731259, 'y2025': {'n': 49096, 'mean_atr': 0.5108779110131809, 'sd_atr': 5.251654552297886, 'p': 4.773109538982047e-103}}, {'quantile': 0.9, 'cutpoint': 0.7571075403231354, 'y2025': {'n': 63407, 'mean_atr': 0.5258525616781335, 'sd_atr': 5.2684303855914205, 'p': 2.146218148179378e-139}}]",56345,0.3725930405935477,5.6388299045442105,1.9277488058524042e-55,56232,0.5190699065240619,5.257903566290125,3.3650467328723294e-121,27721,0.4809100135271651,5.137839151396759,9.305315252764974e-55,28511,0.5561724421687948,5.371899094702368,1.9693919205664146e-68
D:\MT5_Backtests\Research\PhenomenonDiscovery\phase_ib_v1\xauusd_m1_2024_2025_raw.csv,sma20,gt,0.1,-2.0560445392882087,48,1,,,3.4297870752243846e-119,"[{'quantile': 0.05, 'cutpoint': -2.6679177332173087, 'y2025': {'n': 338785, 'mean_atr': 0.23259469847243794, 'sd_atr': 5.570901849025301, 'p': 1.8815318736454676e-130}}, {'quantile': 0.2, 'cutpoint': -1.3143719620421168, 'y2025': {'n': 289141, 'mean_atr': 0.2208861048489428, 'sd_atr': 5.57825269277849, 'p': 1.3345162304685345e-100}}]",320279,0.21527537470821742,6.015327599277071,3.3112027017064293e-91,322828,0.22960276034972943,5.575887566414194,4.651876622509621e-121,158659,0.22836484114325203,5.669995487988386,6.424277227494263e-58,164169,0.23079913130515028,5.483420716196148,3.2599049487785975e-65
D:\MT5_Backtests\Research\PhenomenonDiscovery\phase_ib_v1\xauusd_m5_2024_2025_raw.csv,sma20,gt,0.1,-1.7631514961961183,48,1,,,3.512603598833835e-119,"[{'quantile': 0.05, 'cutpoint': -2.3897324419917676, 'y2025': {'n': 67896, 'mean_atr': 0.4950933098064142, 'sd_atr': 5.243875069273739, 'p': 1.2254802907661973e-133}}, {'quantile': 0.2, 'cutpoint': -1.0808347045574078, 'y2025': {'n': 57077, 'mean_atr': 0.4805619792973616, 'sd_atr': 5.233848114149619, 'p': 1.176333937610786e-106}}]",64244,0.33117883701674355,5.60697505286499,1.1363378345223671e-50,64304,0.48465025096864395,5.253151391580685,4.777931724492552e-121,31640,0.46051259626700936,5.121999125027219,1.437977560664353e-57,32664,0.5080312023144595,5.377118048427846,2.255676379197888e-65
D:\MT5_Backtests\Research\PhenomenonDiscovery\phase_ib_v1\xauusd_m1_2024_2025_raw.csv,rsi7,gt,0.1,28.901620482347663,48,1,,,4.11686046439535e-119,"[{'quantile': 0.05, 'cutpoint': 23.36544077483301, 'y2025': {'n': 337531, 'mean_atr': 0.23718815205786217, 'sd_atr': 5.568872905935413, 'p': 3.5339279125199284e-135}}, {'quantile': 0.2, 'cutpoint': 36.152425318199136, 'y2025': {'n': 286560, 'mean_atr': 0.22479319135269157, 'sd_atr': 5.56202317685017, 'p': 8.403642908641532e-104}}]",320284,0.21410647239812433,6.005966533275316,1.6221624972375445e-90,320715,0.2298012064008103,5.564324541241389,5.6159486478814e-121,157535,0.22901721477710626,5.661063214067546,5.1241383663699336e-58,163180,0.23055807685331803,5.46932661282779,5.036168577116064e-65
D:\MT5_Backtests\Research\PhenomenonDiscovery\phase_ib_v1\xauusd_m5_2024_2025_raw.csv,ret6,gt,0.1,-1.8029724140729548,48,1,,,4.4686536533757896e-119,"[{'quantile': 0.05, 'cutpoint': -2.439851936924246, 'y2025': {'n': 67707, 'mean_atr': 0.491091890003609, 'sd_atr': 5.244208746222639, 'p': 3.8420606584164475e-131}}, {'quantile': 0.2, 'cutpoint': -1.1016308679573528, 'y2025': {'n': 57078, 'mean_atr': 0.47182057721765847, 'sd_atr': 5.217551580942847, 'p': 1.6289385494220899e-103}}]",64250,0.3441788373590709,5.609615971902041,1.540973679387836e-54,64084,0.4834092422803971,5.233081837239652,6.113308234371195e-121,31537,0.4577846500765919,5.111429788379146,5.866286664688067e-57,32547,0.5082386509611173,5.348281247915958,6.984013638660233e-66
D:\MT5_Backtests\Research\PhenomenonDiscovery\phase_ib_v1\xauusd_m1_2024_2025_raw.csv,ret6,lt,0.8,1.3940480741513348,48,1,,,9.207642386501669e-119,"[{'quantile': 0.7, 'cutpoint': 0.8761164142221105, 'y2025': {'n': 250465, 'mean_atr': 0.24593220463703228, 'sd_atr': 5.562965936439675, 'p': 1.817927394991318e-108}}, {'quantile': 0.9, 'cutpoint': 2.125679406723437, 'y2025': {'n': 321553, 'mean_atr': 0.2400648563019601, 'sd_atr': 5.568020798454369, 'p': 5.207734492650358e-132}}]",284697,0.21895322656300328,5.985568686687148,7.706165149650717e-85,286280,0.24284849301537678,5.563842390236369,1.2632436200993143e-120,140896,0.22210709453536248,5.6482710847787265,2.6396421629741427e-49,145384,0.26294960510639154,5.4807237153692485,9.351248102025995e-75
D:\MT5_Backtests\Research\PhenomenonDiscovery\phase_ib_v1\xauusd_m1_2024_2025_raw.csv,rsi14,gt,0.1,35.80251150273108,48,1,,,1.2897839850763235e-118,"[{'quantile': 0.05, 'cutpoint': 31.56621756363758, 'y2025': {'n': 337624, 'mean_atr': 0.2329507443870419, 'sd_atr': 5.576253201350201, 'p': 3.705492560905292e-130}}, {'quantile': 0.2, 'cutpoint': 40.953928686959365, 'y2025': {'n': 286049, 'mean_atr': 0.21929274287405762, 'sd_atr': 5.582106850295522, 'p': 5.2048322532585154e-98}}]",320283,0.21784270061281108,6.023604348255721,4.242021904471844e-93,320336,0.23002672149914943,5.578216634202738,1.7745620807804325e-120,157368,0.23246784536754653,5.679966683938431,2.812751602036709e-59,162968,0.22766948093092798,5.478186106192855,3.584031436780334e-63
D:\MT5_Backtests\Research\PhenomenonDiscovery\phase_ib_v1\xauusd_m1_2024_2025_news_clean.csv,lwick,gt,0.1,0.0,48,1,,,1.397118202276848e-118,"[{'quantile': 0.05, 'cutpoint': 0.0, 'y2025': {'n': 316074, 'mean_atr': 0.2321856494363517, 'sd_atr': 5.593866643103616, 'p': 1.9331607395481716e-120}}, {'quantile': 0.2, 'cutpoint': 0.0219789584091007, 'y2025': {'n': 296431, 'mean_atr': 0.23301143634295152, 'sd_atr': 5.614949986611118, 'p': 4.9641258664612316e-113}}]",297813,0.21255967271890078,6.029840815973143,1.7994117333583788e-82,316074,0.2321856494363517,5.593866643103616,1.9331607395481716e-120,155728,0.22727472056032738,5.648597614419287,9.010505695498816e-57,160346,0.2369551424826737,5.54020786732937,9.411762075808547e-66
D:\MT5_Backtests\Research\PhenomenonDiscovery\phase_ib_v1\xauusd_m1_2024_2025_news_clean.csv,lwick,gt,0.05,0.0,48,1,,,1.397118202276848e-118,"[{'quantile': 0.1, 'cutpoint': 0.0, 'y2025': {'n': 316074, 'mean_atr': 0.2321856494363517, 'sd_atr': 5.593866643103616, 'p': 1.9331607395481716e-120}}]",297813,0.21255967271890078,6.029840815973143,1.7994117333583788e-82,316074,0.2321856494363517,5.593866643103616,1.9331607395481716e-120,155728,0.22727472056032738,5.648597614419287,9.010505695498816e-57,160346,0.2369551424826737,5.54020786732937,9.411762075808547e-66
D:\MT5_Backtests\Research\PhenomenonDiscovery\phase_ib_v1\xauusd_m1_2024_2025_raw.csv,ret1,gt,0.2,-0.5393144842412559,48,1,,,2.0750520110412182e-118,"[{'quantile': 0.1, 'cutpoint': -0.8588557391454485, 'y2025': {'n': 321670, 'mean_atr': 0.24107473754614467, 'sd_atr': 5.569740695945358, 'p': 4.505971550199774e-133}}, {'quantile': 0.3, 'cutpoint': -0.32149726575184057, 'y2025': {'n': 250104, 'mean_atr': 0.2354380330403293, 'sd_atr': 5.570936516359915, 'p': 3.766649335749074e-99}}]",284697,0.20942542028688502,6.011810943501377,4.0741892493391476e-77,286424,0.24273438281939044,5.571033032083019,2.8793131016245795e-120,141056,0.24313615337284125,5.650950933000924,9.75910845154057e-59,145368,0.24234452984495608,5.492393612394039,1.6528487498934413e-63
D:\MT5_Backtests\Research\PhenomenonDiscovery\phase_ib_v1\xauusd_m1_2024_2025_news_clean.csv,sma5,lt,0.8,0.6157200575502988,48,1,,,2.6687286612981684e-118,"[{'quantile': 0.7, 'cutpoint': 0.38313822063921316, 'y2025': {'n': 248122, 'mean_atr': 0.2530493402439542, 'sd_atr': 5.618352211425732, 'p': 1.787250375278084e-111}}, {'quantile': 0.9, 'cutpoint': 0.9435343420957318, 'y2025': {'n': 318810, 'mean_atr': 0.23962264306253164, 'sd_atr': 5.620083431084621, 'p': 4.663495481957514e-128}}]",281890,0.22401386885018568,6.059080258410735,8.665484409147084e-86,284193,0.24582571994749663,5.622593375207234,3.713521745708833e-120,139510,0.23364484970348803,5.69831840724955,6.087120845390592e-53,144683,0.2575710750185253,5.548591589904081,8.949385908571886e-70
D:\MT5_Backtests\Research\PhenomenonDiscovery\phase_ib_v1\xauusd_m5_2024_2025_raw.csv,body,lt,0.8,0.47909770960831444,48,1,,,2.8389628791900913e-118,"[{'quantile': 0.7, 'cutpoint': 0.2924147026019928, 'y2025': {'n': 49713, 'mean_atr': 0.4984679716577383, 'sd_atr': 5.201243732869668, 'p': 2.6492902576706633e-101}}, {'quantile': 0.9, 'cutpoint': 0.7582541662738711, 'y2025': {'n': 64229, 'mean_atr': 0.5144621999205471, 'sd_atr': 5.211679494011039, 'p': 3.958332750065895e-138}}]",57111,0.369948499763438,5.5558619352255265,5.15571412006836e-57,56933,0.5085890606009915,5.207188586746733,3.961498389113753e-120,28086,0.4737144921452509,5.101134171970494,1.2975351305006276e-54,28847,0.5425436184284236,5.308278213472775,1.6786122179719608e-67
D:\MT5_Backtests\Research\PhenomenonDiscovery\phase_ib_v1\xauusd_m5_2024_2025_news_clean.csv,sma10,lt,0.8,0.8246713531625722,48,1,,,4.167853012836947e-118,"[{'quantile': 0.7, 'cutpoint': 0.5203398903622256, 'y2025': {'n': 48596, 'mean_atr': 0.5249248796255231, 'sd_atr': 5.293112904506369, 'p': 6.00070438006005e-106}}, {'quantile': 0.9, 'cutpoint': 1.285831021254786, 'y2025': {'n': 62902, 'mean_atr': 0.5118414041116052, 'sd_atr': 5.267749348348509, 'p': 3.6225175694226103e-131}}]",56345,0.3737762228595854,5.686450142617287,6.984356899408682e-55,55795,0.5199332515008649,5.273614885532461,5.832127027031062e-120,27455,0.48306692335065815,5.157660389050306,2.578183391238273e-54,28340,0.5556483199329018,5.383417414930802,1.2609696939045265e-67
D:\MT5_Backtests\Research\PhenomenonDiscovery\phase_ib_v1\xauusd_m1_2024_2025_raw.csv,ret12,gt,0.1,-2.8963239454953214,48,1,,,4.8022700529068215e-118,"[{'quantile': 0.05, 'cutpoint': -3.7336630093195327, 'y2025': {'n': 338884, 'mean_atr': 0.231987103979255, 'sd_atr': 5.575324906553632, 'p': 1.2887108732641959e-129}}, {'quantile': 0.2, 'cutpoint': -1.8740926109023526, 'y2025': {'n': 289030, 'mean_atr': 0.21799039733424244, 'sd_atr': 5.571804657074398, 'p': 3.2339251826284534e-98}}]",320284,0.2135796013357521,6.013626954550134,7.414872583327219e-90,322935,0.2282876890100655,5.5720979220227465,6.738645047660839e-120,158638,0.22754550611804042,5.670840171837767,1.7125563300591273e-57,164297,0.2290043083617583,5.475084311291912,1.803349343797428e-64
D:\MT5_Backtests\Research\PhenomenonDiscovery\phase_ib_v1\xauusd_m1_2024_2025_news_clean.csv,uwick,lt,0.8,0.36833277992696245,48,1,,,4.943139811681938e-118,"[{'quantile': 0.7, 'cutpoint': 0.2793281474684318, 'y2025': {'n': 242655, 'mean_atr': 0.24240850929878516, 'sd_atr': 5.596592126797734, 'p': 5.228670905698076e-101}}, {'quantile': 0.9, 'cutpoint': 0.5104297642382762, 'y2025': {'n': 316380, 'mean_atr': 0.24443762143373068, 'sd_atr': 5.60169086992287, 'p': 4.956561234731671e-133}}]",281890,0.21696238802446782,6.058499273574209,1.3216760765413576e-80,279413,0.24666608869535656,5.600628799034523,6.955637633698787e-120,136887,0.24366924860104544,5.678321033167304,9.179908825840393e-57,142526,0.24954435967742275,5.525000414646112,3.40699542030014e-65
D:\MT5_Backtests\Research\PhenomenonDiscovery\phase_ib_v1\xauusd_m5_2024_2025_news_clean.csv,sma5,lt,0.8,0.532218353475258,48,1,,,1.385308443171025e-117,"[{'quantile': 0.7, 'cutpoint': 0.32822123299566575, 'y2025': {'n': 48910, 'mean_atr': 0.52436584013503, 'sd_atr': 5.259926976349496, 'p': 1.0161212294875992e-107}}, {'quantile': 0.9, 'cutpoint': 0.8436067399314819, 'y2025': {'n': 63238, 'mean_atr': 0.5162992536495725, 'sd_atr': 5.274664507249921, 'p': 8.778085459632613e-134}}]",56345,0.37711024352312644,5.662800230439155,2.759585177008432e-56,55993,0.5171685576176801,5.266608511811306,1.9547230612286587e-119,27543,0.4838819814186296,5.168150223147988,1.9029728051184266e-54,28450,0.5493939413874672,5.36009912770103,5.763122868894698e-67
D:\MT5_Backtests\Research\PhenomenonDiscovery\phase_ib_v1\xauusd_m1_2024_2025_raw.csv,sma10,lt,0.8,0.95233377747919,48,1,,,1.4641590348893755e-117,"[{'quantile': 0.7, 'cutpoint': 0.6029184542093857, 'y2025': {'n': 250368, 'mean_atr': 0.24695710820185462, 'sd_atr': 5.573468660232018, 'p': 6.543325267504985e-109}}, {'quantile': 0.9, 'cutpoint': 1.4462438473669263, 'y2025': {'n': 321399, 'mean_atr': 0.23788549949965734, 'sd_atr': 5.5597602372896295, 'p': 5.600256837601701e-130}}]",284697,0.22200192588001133,5.982731182706428,3.021701406109296e-87,286411,0.24175624360322442,5.568667311622696,2.071707202274679e-119,140907,0.21925735475297495,5.658453019200181,6.255425484241294e-48,145504,0.26354431081252533,5.48024785744106,3.69545315418176e-75
D:\MT5_Backtests\Research\PhenomenonDiscovery\phase_ib_v1\xauusd_m1_2024_2025_raw.csv,range,lt,0.8,1.2642866322551307,48,1,,,1.5194763656567624e-117,"[{'quantile': 0.7, 'cutpoint': 1.1081661641662912, 'y2025': {'n': 248566, 'mean_atr': 0.25071935140966384, 'sd_atr': 5.563146984158176, 'p': 8.301871460882031e-112}}, {'quantile': 0.9, 'cutpoint': 1.5163081196338175, 'y2025': {'n': 319873, 'mean_atr': 0.242843121327246, 'sd_atr': 5.54704227946596, 'p': 2.4109800358332616e-135}}]",284697,0.20709557085646596,5.9648533754227895,1.293649788031619e-76,284507,0.24186648762111632,5.553066843898868,2.1559174512719074e-119,139926,0.23339332596951048,5.633991061079019,3.687863349508049e-54,144581,0.2500668432505739,5.473615973778837,1.356260110273289e-67
D:\MT5_Backtests\Research\PhenomenonDiscovery\phase_ib_v1\xauusd_m5_2024_2025_news_clean.csv,volz,lt,0.7,0.2669694971427244,48,1,,,1.7942271688717503e-117,"[{'quantile': 0.3, 'cutpoint': -0.7333235728725157, 'y2025': {'n': 19180, 'mean_atr': 0.6280601966071827, 'sd_atr': 5.738981615490283, 'p': 6.89295065197543e-52}}, {'quantile': 0.8, 'cutpoint': 0.795542493780891, 'y2025': {'n': 57633, 'mean_atr': 0.5257874863942337, 'sd_atr': 5.218575748614271, 'p': 3.0001922625067174e-129}}]",49278,0.37029228762908223,5.522709149142505,4.188350957126777e-50,50761,0.5356387686641705,5.196172470809141,2.552762232134604e-119,25177,0.5097181327399304,5.1456311505196295,1.1411299587601484e-55,25584,0.5611470492561261,5.245409877843945,1.2236694976272255e-65
D:\MT5_Backtests\Research\PhenomenonDiscovery\phase_ib_v1\xauusd_m1_2024_2025_news_clean.csv,sma100,lt,0.7,2.2188455527720032,48,1,,,1.8926339741415645e-117,"[{'quantile': 0.3, 'cutpoint': -1.697399451080525, 'y2025': {'n': 101696, 'mean_atr': 0.3438588556544028, 'sd_atr': 5.569509870416356, 'p': 2.6996941207140733e-86}}, {'quantile': 0.8, 'cutpoint': 3.4010788445398243, 'y2025': {'n': 276722, 'mean_atr': 0.25772954156433325, 'sd_atr': 5.621278701205617, 'p': 1.5976587631361977e-128}}]",246594,0.24259801159045943,6.093820310719038,5.485096823046445e-87,241644,0.2660806129552585,5.632391467135811,2.700169639468695e-119,118206,0.22981317642489985,5.663193022226914,3.0633898699786993e-44,123438,0.30081083057469143,5.602539628871933,2.256486510349618e-79
D:\MT5_Backtests\Research\PhenomenonDiscovery\phase_ib_v1\xauusd_m1_2024_2025_raw.csv,atr_regime,gt,0.05,0.8105919324601505,48,1,,,2.1263879848500015e-117,"[{'quantile': 0.1, 'cutpoint': 0.8550316605130919, 'y2025': {'n': 318085, 'mean_atr': 0.22003149516244827, 'sd_atr': 5.541663756952004, 'p': 4.584021657480713e-111}}]",338044,0.19479589680359918,5.992287027294773,1.129284058542721e-79,336565,0.22330794027328724,5.579895475832778,3.041971554311681e-119,166110,0.22502601668425745,5.654621009448155,3.6948783400615878e-59,170455,0.22163365865863077,5.506115225771155,5.108433022140566e-62
D:\MT5_Backtests\Research\PhenomenonDiscovery\phase_ib_v1\xauusd_m1_2024_2025_news_clean.csv,dow,gt,0.2,0.0,48,1,22.0,6.0,3.349518480542247e-117,"[{'quantile': 0.1, 'cutpoint': 0.0, 'y2025': {'n': 61009, 'mean_atr': 0.6443950306046329, 'sd_atr': 6.861269524417408, 'p': 4.804851791584602e-119}}, {'quantile': 0.3, 'cutpoint': 1.0, 'y2025': {'n': 45421, 'mean_atr': 0.6427686641518128, 'sd_atr': 6.9754982478835075, 'p': 7.254101313224399e-86}}]",61227,0.6136901215514906,7.572144784043661,1.861293281416222e-89,61009,0.6443950306046329,6.861269524417408,4.804851791584602e-119,30013,0.8746605993556125,7.461735436962003,1.1059626803929884e-91,30996,0.42143205102910203,6.216893756057937,7.815745863750975e-33
D:\MT5_Backtests\Research\PhenomenonDiscovery\phase_ib_v1\xauusd_m1_2024_2025_news_clean.csv,rsi7,lt,0.8,65.01458582073369,48,1,,,4.652818934607281e-117,"[{'quantile': 0.7, 'cutpoint': 59.59662394193742, 'y2025': {'n': 244370, 'mean_atr': 0.2452162292968183, 'sd_atr': 5.598300806535237, 'p': 5.702097771005027e-104}}, {'quantile': 0.9, 'cutpoint': 72.09205663147819, 'y2025': {'n': 315281, 'mean_atr': 0.24340050371964647, 'sd_atr': 5.590578341143176, 'p': 5.5058869879432724e-132}}]",281889,0.23456079638403945,6.040140348959771,1.8904842977103876e-94,280374,0.24512861494984006,5.598675914896708,6.692610099810348e-119,137840,0.22967655080546281,5.678827607992728,5.794623159996986e-51,142534,0.2600718040953139,5.520035775302292,8.861194611585928e-71
D:\MT5_Backtests\Research\PhenomenonDiscovery\phase_ib_v1\xauusd_m1_2024_2025_news_clean.csv,atr_regime,lt,0.8,1.0946171115117187,48,1,,,6.103438767233229e-117,"[{'quantile': 0.7, 'cutpoint': 1.0497773325666575, 'y2025': {'n': 247009, 'mean_atr': 0.2607335360942368, 'sd_atr': 5.749793272556316, 'p': 1.7907569451637322e-112}}, {'quantile': 0.9, 'cutpoint': 1.1718251421865005, 'y2025': {'n': 318112, 'mean_atr': 0.2478248585483229, 'sd_atr': 5.684566352497229, 'p': 1.6640268840254247e-133}}]",281861,0.24200614878950105,6.11791703379024,6.419754867606643e-98,281639,0.24994089617169835,5.724365381971514,8.803036683509465e-119,138777,0.2648709866627556,5.798076148323261,6.037030945768475e-65,142862,0.23543771710324454,5.651824431326283,7.420030283119956e-56
D:\MT5_Backtests\Research\PhenomenonDiscovery\phase_ib_v1\xauusd_m1_2024_2025_news_clean.csv,ret3,lt,0.8,0.9784893449983448,48,1,,,6.3128063799313496e-117,"[{'quantile': 0.7, 'cutpoint': 0.6070886800710552, 'y2025': {'n': 248108, 'mean_atr': 0.24549131335024424, 'sd_atr': 5.628019574160386, 'p': 1.1386900572840414e-104}}, {'quantile': 0.9, 'cutpoint': 1.5017003314920858, 'y2025': {'n': 318491, 'mean_atr': 0.24256136621652166, 'sd_atr': 5.620280639288903, 'p': 4.965361777129723e-131}}]",281890,0.2220626270410333,6.059710060266957,2.570117736653867e-84,284057,0.2448848059194207,5.632972520053321,9.129684023509222e-119,139595,0.236002067634421,5.703476935524738,6.454285993027512e-54,144462,0.25346828012644074,5.564001023934542,3.648568529205547e-67
D:\MT5_Backtests\Research\PhenomenonDiscovery\phase_ib_v1\xauusd_m1_2024_2025_news_clean.csv,hour,gt,0.05,2.0,48,1,,,7.271200713693208e-117,"[{'quantile': 0.1, 'cutpoint': 3.0, 'y2025': {'n': 304357, 'mean_atr': 0.21882790593105464, 'sd_atr': 5.6166818567518355, 'p': 1.7768474923184106e-102}}]",321060,0.23713882893439509,6.062467140196075,7.660248875183436e-109,319832,0.23042122050043157,5.625651349951963,1.054415050336218e-118,157321,0.2309378646419359,5.703362237309745,4.8308326047463335e-58,162511,0.2299210760610669,5.549403224399664,1.263035240768732e-62
D:\MT5_Backtests\Research\PhenomenonDiscovery\phase_ib_v1\xauusd_m5_2024_2025_news_clean.csv,ret12,lt,0.8,1.7575139818648389,48,1,,,9.128631293067924e-117,"[{'quantile': 0.7, 'cutpoint': 1.108689346873019, 'y2025': {'n': 48138, 'mean_atr': 0.5178346242999148, 'sd_atr': 5.305300369512083, 'p': 9.61239599361709e-102}}, {'quantile': 0.9, 'cutpoint': 2.7205665590023433, 'y2025': {'n': 62698, 'mean_atr': 0.5244022446029389, 'sd_atr': 5.290442612212263, 'p': 5.472433932888767e-136}}]",56345,0.36422761561452915,5.728372151342177,1.8065779897161546e-51,55167,0.5228913363558907,5.304281454057843,1.3273338184104391e-118,27132,0.4700350738479039,5.198036978365392,3.5677416773019805e-50,28035,0.5740451125059425,5.404716148325971,9.444146750371053e-71
D:\MT5_Backtests\Research\PhenomenonDiscovery\phase_ib_v1\xauusd_m1_2024_2025_news_clean.csv,rsi7,gt,0.1,28.88023323364652,48,1,,,1.108921490417519e-116,"[{'quantile': 0.05, 'cutpoint': 23.342259432546655, 'y2025': {'n': 334266, 'mean_atr': 0.23745390883212852, 'sd_atr': 5.62130893987196, 'p': 9.894383122793126e-132}}, {'quantile': 0.2, 'cutpoint': 36.14420437413335, 'y2025': {'n': 283741, 'mean_atr': 0.226196927486706, 'sd_atr': 5.61218326949924, 'p': 3.0216149056870785e-102}}]",317126,0.2155382131839967,6.076317310317706,8.980459597219117e-89,317625,0.23066543706161974,5.61661739349732,1.6167437301662547e-118,155901,0.23050516956092812,5.687386155751893,1.2241409563576002e-57,161724,0.2308199340047161,5.547559766349636,7.609283821026079e-63
D:\MT5_Backtests\Research\PhenomenonDiscovery\phase_ib_v1\xauusd_m1_2024_2025_news_clean.csv,rsi14,lt,0.8,60.0775052963653,48,1,,,1.368293137598017e-116,"[{'quantile': 0.7, 'cutpoint': 56.38783571856651, 'y2025': {'n': 242971, 'mean_atr': 0.25357138042417754, 'sd_atr': 5.591437573469809, 'p': 1.1055913757528825e-110}}, {'quantile': 0.9, 'cutpoint': 65.14519905198497, 'y2025': {'n': 314243, 'mean_atr': 0.24644859356915758, 'sd_atr': 5.600119044001825, 'p': 2.2685139735751447e-134}}]",281888,0.2451218685389024,6.038697136224957,5.128111374284518e-103,278867,0.24524749718789807,5.5977104360111145,2.000240906276026e-118,137049,0.229696609108856,5.666652847383214,6.703853930102637e-51,141818,0.26027544611077547,5.5302483031202785,2.7523014604630164e-70
D:\MT5_Backtests\Research\PhenomenonDiscovery\phase_ib_v1\xauusd_m1_2024_2025_raw.csv,ret48,lt,0.7,2.627073295680621,48,1,,,1.930069580448603e-116,"[{'quantile': 0.3, 'cutpoint': -2.1265500618023494, 'y2025': {'n': 103556, 'mean_atr': 0.335633676327957, 'sd_atr': 5.445607319391364, 'p': 1.5197688556790266e-87}}, {'quantile': 0.8, 'cutpoint': 4.095029216877312, 'y2025': {'n': 280546, 'mean_atr': 0.25109626334161217, 'sd_atr': 5.5544430888386715, 'p': 1.0599371448160846e-126}}]",249086,0.2294727868294491,6.012136801386596,6.669975662002394e-81,244887,0.25888653486880586,5.540902751873531,2.8290184985468495e-118,120576,0.24391489040985756,5.5562133507950024,1.813599302802878e-52,124311,0.27340834711617057,5.525995239009316,3.7968297345904595e-68
D:\MT5_Backtests\Research\PhenomenonDiscovery\phase_ib_v1\xauusd_m1_2024_2025_news_clean.csv,sma20,gt,0.1,-2.061683297336817,48,1,,,2.2343333403939673e-116,"[{'quantile': 0.05, 'cutpoint': -2.6786314530551403, 'y2025': {'n': 335564, 'mean_atr': 0.23250580881892302, 'sd_atr': 5.624417450718443, 'p': 1.0024364396460148e-126}}, {'quantile': 0.2, 'cutpoint': -1.3162181341880195, 'y2025': {'n': 286261, 'mean_atr': 0.22198578717376063, 'sd_atr': 5.629941460479904, 'p': 8.63548820624523e-99}}]",317121,0.21724192654125724,6.0843842741065846,6.4550559174040666e-90,319716,0.23009585417199685,5.628595938225579,3.2837294245940106e-118,157026,0.2299799524496614,5.697785387312589,1.3965624435941656e-57,162690,0.2302077208131638,5.561016463794588,1.371415613928912e-62
D:\MT5_Backtests\Research\PhenomenonDiscovery\phase_ib_v1\xauusd_m1_2024_2025_news_clean.csv,rsi14,gt,0.1,35.7767356237397,48,1,,,2.542847170463196e-116,"[{'quantile': 0.05, 'cutpoint': 31.523752426636968, 'y2025': {'n': 334410, 'mean_atr': 0.23343009932048076, 'sd_atr': 5.627887416150904, 'p': 3.928157887355443e-127}}, {'quantile': 0.2, 'cutpoint': 40.953404442029985, 'y2025': {'n': 283153, 'mean_atr': 0.22179622336345078, 'sd_atr': 5.630830405377679, 'p': 1.5193220459037658e-97}}]",317125,0.21925339589780188,6.09491995193938,3.028428842928749e-91,317235,0.2309506778488324,5.628931998862508,3.7470817044427173e-118,155766,0.2338881236067898,5.705833911278597,7.207478976991389e-59,161469,0.22811698112726977,5.553753423964666,3.377180422212592e-61
D:\MT5_Backtests\Research\PhenomenonDiscovery\phase_ib_v1\xauusd_m1_2024_2025_raw.csv,volz,lt,0.7,0.3902168997515146,48,1,,,2.670436916940163e-116,"[{'quantile': 0.3, 'cutpoint': -0.6625730957807742, 'y2025': {'n': 103858, 'mean_atr': 0.2717629423237271, 'sd_atr': 5.793996947855574, 'p': 1.2735942343866052e-51}}, {'quantile': 0.8, 'cutpoint': 0.8010692270411542, 'y2025': {'n': 285183, 'mean_atr': 0.25284826353029216, 'sd_atr': 5.569275836919981, 'p': 7.457103543705073e-130}}]",249086,0.25701131168951397,5.920334479370554,4.2859526699806406e-104,251436,0.25692102090751323,5.57534152307318,3.945532968274631e-118,123844,0.23772995317008944,5.682442892919351,4.611514949459824e-49,127592,0.27554835328629496,5.469338754631399,2.0960609118187203e-72
D:\MT5_Backtests\Research\PhenomenonDiscovery\phase_ib_v1\xauusd_m5_2024_2025_news_clean.csv,ret3,lt,0.8,0.8425260668890412,48,1,,,3.779281153290012e-116,"[{'quantile': 0.7, 'cutpoint': 0.5151396056913994, 'y2025': {'n': 48711, 'mean_atr': 0.5318251801913708, 'sd_atr': 5.257916847849297, 'p': 2.1689137076020564e-110}}, {'quantile': 0.9, 'cutpoint': 1.3392776085920988, 'y2025': {'n': 63213, 'mean_atr': 0.5160216042951344, 'sd_atr': 5.2742315652951905, 'p': 1.3047796572139835e-133}}]",56345,0.3754817399299852,5.662353320963908,7.976372544642363e-56,55905,0.5139256687434333,5.262208259527592,5.598606774143662e-118,27532,0.472687530501056,5.152441202485645,2.5157009654518214e-52,28373,0.553941473279053,5.366363706916539,1.0266627060298648e-67
D:\MT5_Backtests\Research\PhenomenonDiscovery\phase_ib_v1\xauusd_m1_2024_2025_raw.csv,hour,gt,0.2,5.0,48,1,,,4.5892997033606586e-116,"[{'quantile': 0.1, 'cutpoint': 3.0, 'y2025': {'n': 307750, 'mean_atr': 0.21949093854516574, 'sd_atr': 5.557207363649831, 'p': 2.0477140870290903e-106}}, {'quantile': 0.3, 'cutpoint': 7.0, 'y2025': {'n': 245831, 'mean_atr': 0.2503080678154187, 'sd_atr': 5.669228313048765, 'p': 3.152292531941571e-106}}]",277950,0.2399931448959892,6.001514460274813,1.1523163568075955e-98,276791,0.24779156924688087,5.647613575391186,6.81650206096408e-118,136253,0.2266442665874339,5.723211362837294,2.1670759802339567e-48,140538,0.26829409119295683,5.573285616355017,8.381712400244228e-73
D:\MT5_Backtests\Research\PhenomenonDiscovery\phase_ib_v1\xauusd_m1_2024_2025_raw.csv,body,gt,0.2,-0.5335329945378791,48,1,,,5.622813898528188e-116,"[{'quantile': 0.1, 'cutpoint': -0.8504524443981683, 'y2025': {'n': 321530, 'mean_atr': 0.24035256453385193, 'sd_atr': 5.5638156305182225, 'p': 1.6485215531520957e-132}}, {'quantile': 0.3, 'cutpoint': -0.31832914321203437, 'y2025': {'n': 250133, 'mean_atr': 0.23444985716774863, 'sd_atr': 5.574504917845563, 'p': 3.180799345677614e-98}}]",284697,0.20777998313406046,6.0089028522263295,5.199777467077298e-76,286251,0.23999732965874052,5.564803287672089,8.373561973652439e-118,141018,0.23812697247515974,5.639777534363097,1.2850303606298195e-56,145233,0.2418134047196027,5.491044315498781,3.274401165017881e-63
D:\MT5_Backtests\Research\PhenomenonDiscovery\phase_ib_v1\xauusd_m1_2024_2025_news_clean.csv,ret1,gt,0.2,-0.539610719800169,48,1,,,7.953199105884401e-116,"[{'quantile': 0.1, 'cutpoint': -0.8594274790148229, 'y2025': {'n': 318599, 'mean_atr': 0.24071037130478487, 'sd_atr': 5.623602762155617, 'p': 5.819156445579903e-129}}, {'quantile': 0.3, 'cutpoint': -0.32125443911119145, 'y2025': {'n': 247654, 'mean_atr': 0.23482025810013005, 'sd_atr': 5.6245707498568995, 'p': 7.087268565578472e-96}}]",281890,0.2125455399118832,6.080326416626432,6.841034437350175e-77,283708,0.24358938148909182,5.6266340517383275,1.1875086219699193e-117,139623,0.24361351055083103,5.682332214004236,9.316171397634878e-58,144085,0.2435659996520705,5.572149339311762,7.939333198378479e-62
D:\MT5_Backtests\Research\PhenomenonDiscovery\phase_ib_v1\xauusd_m1_2024_2025_news_clean.csv,range,lt,0.8,1.2633991526812285,48,1,,,9.128632842771849e-116,"[{'quantile': 0.7, 'cutpoint': 1.1071400816201316, 'y2025': {'n': 246150, 'mean_atr': 0.2508082022327118, 'sd_atr': 5.614235877208739, 'p': 7.620187844749374e-109}}, {'quantile': 0.9, 'cutpoint': 1.5148584207567946, 'y2025': {'n': 316811, 'mean_atr': 0.2435220745175315, 'sd_atr': 5.5982707836759396, 'p': 2.1806112921385822e-132}}]",281890,0.21316290096647303,6.0364025530880046,1.980429993517607e-78,281819,0.24340911794533324,5.6051990271951775,1.366583168692002e-117,138532,0.23484770926426818,5.662964576031665,9.463041653618095e-54,143287,0.25168641503024186,5.54878591388589,4.469681482473722e-66
D:\MT5_Backtests\Research\PhenomenonDiscovery\phase_ib_v1\xauusd_m5_2024_2025_news_clean.csv,range,gt,0.2,0.5781971584144113,48,1,,,1.06841568978136e-115,"[{'quantile': 0.1, 'cutpoint': 0.45463307010582427, 'y2025': {'n': 64184, 'mean_atr': 0.5124378486392654, 'sd_atr': 5.380985559367352, 'p': 1.3207168583173216e-128}}, {'quantile': 0.3, 'cutpoint': 0.6707910763488408, 'y2025': {'n': 49982, 'mean_atr': 0.5246425774541169, 'sd_atr': 5.446062685096339, 'p': 6.991475918377929e-103}}]",56345,0.35628483030783176,5.925146206211108,3.2078525740566693e-46,57125,0.5225397679664674,5.419160604040185,1.6036258007975388e-117,28098,0.46542370809861344,5.2822282918893135,2.3003889357277012e-49,29027,0.5778278463130742,5.548023460809955,1.9043199749629662e-70
D:\MT5_Backtests\Research\PhenomenonDiscovery\phase_ib_v1\xauusd_m5_2024_2025_raw.csv,sma5,lt,0.8,0.5306360305283974,48,1,,,1.4277409734476849e-115,"[{'quantile': 0.7, 'cutpoint': 0.328200159080116, 'y2025': {'n': 49557, 'mean_atr': 0.5048391695150487, 'sd_atr': 5.2037702516577555, 'p': 1.9290617428108716e-103}}, {'quantile': 0.9, 'cutpoint': 0.8420647337646116, 'y2025': {'n': 64077, 'mean_atr': 0.5049126656847471, 'sd_atr': 5.218222696838245, 'p': 1.7472662911037615e-132}}]",57111,0.3768030352433011,5.577011646748983,1.2060237887615971e-58,56720,0.5038275950494864,5.20940950298801,2.1485314054774807e-117,27925,0.4752720823184608,5.126309378732154,3.8712040017232477e-54,28795,0.5315203435479717,5.288693631387633,3.255864503784992e-65
D:\MT5_Backtests\Research\PhenomenonDiscovery\phase_ib_v1\xauusd_m5_2024_2025_news_clean.csv,sma100,lt,0.8,3.3522991017468207,48,1,,,2.732026945227768e-115,"[{'quantile': 0.7, 'cutpoint': 2.2436360891390272, 'y2025': {'n': 48205, 'mean_atr': 0.47424219778668975, 'sd_atr': 5.349294529495483, 'p': 2.18386843634229e-84}}, {'quantile': 0.9, 'cutpoint': 4.893026995803664, 'y2025': {'n': 61727, 'mean_atr': 0.53776868843104, 'sd_atr': 5.302190873587192, 'p': 4.141678086646139e-140}}]",56276,0.43705200130883554,5.622012640930215,6.070608662260946e-76,54957,0.522544755945515,5.324838406798266,4.1219606037285746e-117,27057,0.40069233334249654,5.187611750001043,5.528886250856837e-37,27900,0.6407154010483777,5.452114691398285,8.709952594061221e-86
D:\MT5_Backtests\Research\PhenomenonDiscovery\phase_ib_v1\xauusd_m5_2024_2025_news_clean.csv,atr_regime,lt,0.8,1.1709737088459442,48,1,,,3.2992528669464946e-115,"[{'quantile': 0.7, 'cutpoint': 1.093415627643511, 'y2025': {'n': 51249, 'mean_atr': 0.5618557461600985, 'sd_atr': 5.648358582716541, 'p': 2.716175656966735e-112}}, {'quantile': 0.9, 'cutpoint': 1.288401638667027, 'y2025': {'n': 64637, 'mean_atr': 0.5211704886351601, 'sd_atr': 5.41403758926202, 'p': 2.8175191338348833e-132}}]",56316,0.37970438074093005,6.019528115965404,1.1668838428463022e-50,58394,0.5264338868539951,5.531667552922423,4.9906615834439235e-117,28718,0.4845357083849345,5.396054675146656,2.731198399784228e-52,29676,0.5669795092180089,5.659605331908022,9.786860923377789e-67
D:\MT5_Backtests\Research\PhenomenonDiscovery\phase_ib_v1\xauusd_m5_2024_2025_news_clean.csv,ret6,lt,0.8,1.2040923313226783,48,1,,,4.675252493064044e-115,"[{'quantile': 0.7, 'cutpoint': 0.7458475193931176, 'y2025': {'n': 48502, 'mean_atr': 0.5173552354272933, 'sd_atr': 5.297515456223585, 'p': 1.3153612730820248e-102}}, {'quantile': 0.9, 'cutpoint': 1.8861019991085053, 'y2025': {'n': 62915, 'mean_atr': 0.5083623165609373, 'sd_atr': 5.273107188348594, 'p': 3.4802202900561704e-129}}]",56345,0.3709989503098003,5.688671577429508,4.686301548468279e-54,55691,0.5144284148155613,5.28242817397228,7.090361035447346e-117,27419,0.4737579346892267,5.148767136350312,2.0309837398140378e-52,28272,0.5538718179912819,5.408701437511642,1.930280297717051e-66
D:\MT5_Backtests\Research\PhenomenonDiscovery\phase_ib_v1\xauusd_m1_2024_2025_news_clean.csv,ret12,gt,0.1,-2.9054932585583697,48,1,,,5.7383889438342335e-115,"[{'quantile': 0.05, 'cutpoint': -3.7479419632373014, 'y2025': {'n': 335658, 'mean_atr': 0.2321825638957218, 'sd_atr': 5.628336646038651, 'p': 3.062183550299257e-126}}, {'quantile': 0.2, 'cutpoint': -1.8772675921166628, 'y2025': {'n': 286158, 'mean_atr': 0.218579735954431, 'sd_atr': 5.623152871613108, 'p': 4.929670097445888e-96}}]",317126,0.21554843740904908,6.080053573084884,1.1266571389987258e-88,319874,0.22845929605257007,5.624511257298715,8.725114521386478e-117,157036,0.2277862216410655,5.69878680089806,1.6582996034058601e-56,162838,0.22910838848360598,5.551958500499844,2.9148500127782636e-62
D:\MT5_Backtests\Research\PhenomenonDiscovery\phase_ib_v1\xauusd_m5_2024_2025_raw.csv,range,gt,0.2,0.5804837443791377,48,1,,,5.855578760064424e-115,"[{'quantile': 0.1, 'cutpoint': 0.4568419824978433, 'y2025': {'n': 65041, 'mean_atr': 0.5014728274354998, 'sd_atr': 5.320853725572342, 'p': 1.1734277326660975e-127}}, {'quantile': 0.3, 'cutpoint': 0.6729525306692222, 'y2025': {'n': 50649, 'mean_atr': 0.5151398619808614, 'sd_atr': 5.377889849863319, 'p': 4.501393852634464e-103}}]",57111,0.3527793641547251,5.8424737241469495,3.3508815361184e-47,57870,0.511300168701781,5.3543638187264895,8.926187134244548e-117,28527,0.4562809339480701,5.230937405448504,3.9780022022500576e-49,29343,0.5647893725943315,5.471248178432278,5.684460639620366e-70
D:\MT5_Backtests\Research\PhenomenonDiscovery\phase_ib_v1\xauusd_m1_2024_2025_news_clean.csv,sma20,lt,0.95,2.7683823246482455,48,1,21.0,8.0,7.271817277127192e-115,"[{'quantile': 0.9, 'cutpoint': 2.1513439903268066, 'y2025': {'n': 96602, 'mean_atr': 0.44255566956442877, 'sd_atr': 6.282164788055437, 'p': 2.877661176635407e-106}}]",101731,0.3458946981211109,6.737130201308853,2.859597214528446e-60,101269,0.452921712319292,6.2769217213092405,1.1113510613495669e-116,49650,0.6316836397244744,6.641470621991387,1.105135929170893e-99,51619,0.2809786352417178,5.90003930321051,2.7708401426812754e-27
D:\MT5_Backtests\Research\PhenomenonDiscovery\phase_ib_v1\xauusd_m1_2024_2025_raw.csv,sma5,gt,0.2,-0.5942933079074384,48,1,,,8.58885891782739e-115,"[{'quantile': 0.1, 'cutpoint': -0.939361634893947, 'y2025': {'n': 322090, 'mean_atr': 0.23837242960848337, 'sd_atr': 5.56604575582129, 'p': 1.730360860680905e-130}}, {'quantile': 0.3, 'cutpoint': -0.35594980338543797, 'y2025': {'n': 251884, 'mean_atr': 0.23184336451158813, 'sd_atr': 5.5563902132119285, 'p': 2.255520834371729e-97}}]",284697,0.2086371382973362,6.024408323751346,3.0714286069680335e-76,287843,0.23850851524073963,5.574501421298928,1.3159915164901254e-116,141312,0.23660026307073592,5.665828723278607,1.5635476052533842e-55,146531,0.24034880112323245,5.485005481222313,3.7989375040181365e-63
D:\MT5_Backtests\Research\PhenomenonDiscovery\phase_ib_v1\xauusd_m5_2024_2025_raw.csv,volz,lt,0.7,0.26750542670379557,48,1,,,8.676330385712672e-115,"[{'quantile': 0.3, 'cutpoint': -0.7384085774878806, 'y2025': {'n': 19168, 'mean_atr': 0.5970248744446448, 'sd_atr': 5.689576505386718, 'p': 8.07324407862678e-48}}, {'quantile': 0.8, 'cutpoint': 0.7784421701920526, 'y2025': {'n': 58615, 'mean_atr': 0.5119949502846138, 'sd_atr': 5.152242519521452, 'p': 6.754532298850226e-128}}]",49948,0.36607635401745886,5.431472861261031,2.833755006416331e-51,51620,0.5186978007743346,5.134026949804516,1.332785272664587e-116,25622,0.49073921730108777,5.104608050831118,1.9566330757208146e-53,25998,0.5462520290131042,5.162806393826651,2.9491853704821838e-65
D:\MT5_Backtests\Research\PhenomenonDiscovery\phase_ib_v1\xauusd_m1_2024_2025_news_clean.csv,volz,gt,0.2,-0.9442870671956561,48,1,,,1.1876250227046173e-114,"[{'quantile': 0.1, 'cutpoint': -1.3000883956641807, 'y2025': {'n': 322862, 'mean_atr': 0.2397764894703191, 'sd_atr': 5.586870257198942, 'p': 2.388271824917442e-131}}, {'quantile': 0.3, 'cutpoint': -0.6632869210827671, 'y2025': {'n': 248089, 'mean_atr': 0.22717022630744219, 'sd_atr': 5.52881302032079, 'p': 4.367935615879031e-93}}]",281863,0.19618659143362174,5.97360834037679,4.383335725735722e-68,286439,0.23817155022991437,5.556498699769944,1.8289722441589244e-116,140848,0.2301751619109184,5.574991560175193,3.753763252589072e-54,145591,0.24590743570328805,5.538557691797515,2.2380419569410948e-64
D:\MT5_Backtests\Research\PhenomenonDiscovery\phase_ib_v1\xauusd_m1_2024_2025_raw.csv,sma20,lt,0.8,1.4066621016861285,48,1,,,1.36347481915976e-114,"[{'quantile': 0.7, 'cutpoint': 0.8890630579794283, 'y2025': {'n': 249470, 'mean_atr': 0.24001667425979642, 'sd_atr': 5.570060462131899, 'p': 9.606247478902151e-103}}, {'quantile': 0.9, 'cutpoint': 2.144559459473756, 'y2025': {'n': 321115, 'mean_atr': 0.24062277144269167, 'sd_atr': 5.560702508607236, 'p': 8.830868316819819e-133}}]",284692,0.2349595197143805,5.967485258205009,5.5160385618791163e-98,285685,0.23868079217481075,5.562529161214001,2.1051147340842133e-116,140699,0.21549447429515178,5.655514869597802,2.4355223711472792e-46,144986,0.26118152837934183,5.470707615976106,7.616531192056131e-74
D:\MT5_Backtests\Research\PhenomenonDiscovery\phase_ib_v1\xauusd_m1_2024_2025_news_clean.csv,ret6,lt,0.8,1.3961151856305691,48,1,,,3.005856021445154e-114,"[{'quantile': 0.7, 'cutpoint': 0.8776906691309517, 'y2025': {'n': 248128, 'mean_atr': 0.2457311225581303, 'sd_atr': 5.609862725834587, 'p': 1.5133643942119343e-105}}, {'quantile': 0.9, 'cutpoint': 2.130480712815412, 'y2025': {'n': 318455, 'mean_atr': 0.24034358331328215, 'sd_atr': 5.617320007694164, 'p': 8.424370560229038e-129}}]",281890,0.22113193214417012,6.051699295340468,7.6355957659431455e-84,283528,0.2413261422801589,5.611358370106796,4.6525914027997223e-116,139464,0.222642868620549,5.681955067127287,1.722459190757784e-48,144064,0.25941285428082417,5.54211898772665,1.2925831473932093e-70
D:\MT5_Backtests\Research\PhenomenonDiscovery\phase_ib_v1\xauusd_m5_2024_2025_news_clean.csv,rsi7,lt,0.8,64.46930080948137,48,1,,,3.1871315840016435e-114,"[{'quantile': 0.7, 'cutpoint': 59.168139240689584, 'y2025': {'n': 47732, 'mean_atr': 0.5178728552789377, 'sd_atr': 5.283843137152382, 'p': 1.0103428777359789e-101}}, {'quantile': 0.9, 'cutpoint': 71.66414641360659, 'y2025': {'n': 62313, 'mean_atr': 0.5129446684814715, 'sd_atr': 5.277458702490561, 'p': 4.8838281216673355e-130}}]",56344,0.38061751099265967,5.682060697062332,6.300989375999448e-57,54955,0.5149726145856639,5.272345884260712,4.945634923579786e-116,26966,0.47896469820978993,5.1596878210469495,1.8150539436553315e-52,27989,0.5496644389806696,5.3785190467229524,1.5532631555566767e-65
D:\MT5_Backtests\Research\PhenomenonDiscovery\phase_ib_v1\xauusd_m1_2024_2025_raw.csv,lwick,gt,0.2,0.02211281862445064,48,1,,,3.275332011069082e-114,"[{'quantile': 0.1, 'cutpoint': 0.0, 'y2025': {'n': 319246, 'mean_atr': 0.2317670856050137, 'sd_atr': 5.540459472869557, 'p': 1.6556067906756754e-123}}, {'quantile': 0.3, 'cutpoint': 0.05847459240432104, 'y2025': {'n': 264991, 'mean_atr': 0.2280063605186961, 'sd_atr': 5.5619001826532575, 'p': 7.502077230892283e-99}}]",284697,0.21866949390994417,6.007718165327716,5.134835777109648e-84,299302,0.23278286518491859,5.562200281693305,5.095302299896398e-116,147496,0.22652392402666005,5.634556150885785,8.82368128972672e-54,151806,0.23886410561730262,5.490997290271513,1.9574828258268658e-64
D:\MT5_Backtests\Research\PhenomenonDiscovery\phase_ib_v1\xauusd_m5_2024_2025_news_clean.csv,hour,gt,0.3,7.0,48,1,,,3.6249725820313e-114,"[{'quantile': 0.2, 'cutpoint': 5.0, 'y2025': {'n': 54440, 'mean_atr': 0.589527699890851, 'sd_atr': 5.654649139162805, 'p': 1.0594725519520322e-130}}, {'quantile': 0.7, 'cutpoint': 16.0, 'y2025': {'n': 20816, 'mean_atr': 0.6590624267723181, 'sd_atr': 4.779698021616154, 'p': 4.5756828966720806e-88}}]",48449,0.3598116310240816,6.182262860700403,1.4298797132237697e-37,48248,0.5923752881860789,5.684121528780263,5.653392980888403e-116,23746,0.5914455515256241,5.441490602487086,5.74655028199892e-63,24502,0.5932763381713521,5.909879800614064,1.2180710385328927e-55
D:\MT5_Backtests\Research\PhenomenonDiscovery\phase_ib_v1\xauusd_m1_2024_2025_news_clean.csv,atr_regime,gt,0.05,0.8100422429414695,48,1,,,3.7114500307685895e-114,"[{'quantile': 0.1, 'cutpoint': 0.8545730343152567, 'y2025': {'n': 315010, 'mean_atr': 0.2183420815439492, 'sd_atr': 5.593849817305214, 'p': 2.213300209920598e-106}}]",334710,0.1984195951612877,6.063995502384065,6.40611813330382e-80,333256,0.22332518334387538,5.632160541762389,5.80276740270261e-116,164329,0.22655816545890012,5.684812497713433,1.0385555628312733e-58,168927,0.22018019930947064,5.580480093218916,3.8575807900949526e-59
D:\MT5_Backtests\Research\PhenomenonDiscovery\phase_ib_v1\xauusd_m5_2024_2025_raw.csv,sma10,lt,0.8,0.823263839652928,48,1,,,5.035937113749689e-114,"[{'quantile': 0.7, 'cutpoint': 0.5189921811776521, 'y2025': {'n': 49229, 'mean_atr': 0.5061699111400615, 'sd_atr': 5.241192461925337, 'p': 7.364249535460136e-102}}, {'quantile': 0.9, 'cutpoint': 1.2833002734077723, 'y2025': {'n': 63754, 'mean_atr': 0.49700054459478415, 'sd_atr': 5.213491123222931, 'p': 5.114815714224837e-128}}]",57111,0.3739647494944503,5.600114087208923,2.484003775742971e-57,56532,0.5020894705988679,5.218327241817293,7.893256654993846e-116,27839,0.4705145272715203,5.11906098582895,4.400628255030376e-53,28693,0.5327246376183511,5.312776428189169,1.057944898357726e-64
D:\MT5_Backtests\Research\PhenomenonDiscovery\phase_ib_v1\xauusd_m1_2024_2025_news_clean.csv,volz,lt,0.7,0.39746370419320276,48,1,,,5.747227352044879e-114,"[{'quantile': 0.3, 'cutpoint': -0.6632869210827671, 'y2025': {'n': 102874, 'mean_atr': 0.276159697704258, 'sd_atr': 5.842206587974086, 'p': 6.380214774346985e-52}}, {'quantile': 0.8, 'cutpoint': 0.8102287293999189, 'y2025': {'n': 282745, 'mean_atr': 0.25462454563993553, 'sd_atr': 5.6245533303420725, 'p': 4.928601397030425e-128}}]",246630,0.2666625734191564,5.987080871897759,2.064474867801424e-108,249156,0.25799996647751905,5.630796924783484,9.030587068175585e-116,122716,0.24029889316738962,5.71277598563398,3.832278130453608e-49,126440,0.27517969530008973,5.550043188850693,1.439346737437271e-69
D:\MT5_Backtests\Research\PhenomenonDiscovery\phase_ib_v1\xauusd_m1_2024_2025_raw.csv,sma50,lt,0.7,1.4796330572497223,48,1,,,5.7821002130265836e-114,"[{'quantile': 0.3, 'cutpoint': -1.2210850566782967, 'y2025': {'n': 101843, 'mean_atr': 0.3124573618827694, 'sd_atr': 5.472131607098168, 'p': 3.443015855906496e-74}}, {'quantile': 0.8, 'cutpoint': 2.312886941360768, 'y2025': {'n': 282359, 'mean_atr': 0.2553913753808789, 'sd_atr': 5.5468677968589715, 'p': 3.4180865689220203e-132}}]",249085,0.2518482039903182,5.982900157253878,5.451429000155143e-98,246226,0.25550709593517745,5.5435954932412725,9.107983059137404e-116,120953,0.2430393873772769,5.590167298005802,1.1901366556063886e-51,125273,0.26754485948521417,5.49825090479826,1.79473578832156e-66
D:\MT5_Backtests\Research\PhenomenonDiscovery\phase_ib_v1\xauusd_m1_2024_2025_raw.csv,body,lt,0.7,0.3347060241063292,48,1,,,6.259661414050318e-114,"[{'quantile': 0.3, 'cutpoint': -0.31832914321203437, 'y2025': {'n': 104234, 'mean_atr': 0.2596773235093424, 'sd_atr': 5.5619103437641435, 'p': 2.4186737999569122e-51}}, {'quantile': 0.8, 'cutpoint': 0.5465878894885537, 'y2025': {'n': 286000, 'mean_atr': 0.24796553203121574, 'sd_atr': 5.585852469724765, 'p': 1.3862848594494e-124}}]",249110,0.22731867176957152,6.004017608277147,1.211364388652772e-79,249512,0.25543332058023405,5.579723906643634,9.884706110367137e-116,123079,0.24571152474680746,5.658412888307894,2.0931595677300372e-52,126433,0.26489721773827285,5.50204737037408,1.067445068878141e-65
D:\MT5_Backtests\Research\PhenomenonDiscovery\phase_ib_v1\xauusd_m1_2024_2025_raw.csv,uwick,gt,0.2,0.022332498530379438,48,1,,,6.781929684882904e-114,"[{'quantile': 0.1, 'cutpoint': 0.0, 'y2025': {'n': 319613, 'mean_atr': 0.23815241248827165, 'sd_atr': 5.53169412328495, 'p': 7.51579106114944e-131}}, {'quantile': 0.3, 'cutpoint': 0.05782292431433243, 'y2025': {'n': 263666, 'mean_atr': 0.23534039642777538, 'sd_atr': 5.556425069401273, 'p': 7.147097491786387e-105}}]",284697,0.20172645248035398,5.948683599407153,3.5564660407122e-73,298338,0.23258170493290595,5.556326638989566,1.0735934655947374e-115,147444,0.2289245274927845,5.613296456188193,2.8451894633159967e-55,150894,0.23615526564758818,5.500105644508555,1.8720251828186063e-62
D:\MT5_Backtests\Research\PhenomenonDiscovery\phase_ib_v1\xauusd_m1_2024_2025_news_clean.csv,sma10,lt,0.8,0.953764395719667,48,1,,,9.299640454084052e-114,"[{'quantile': 0.7, 'cutpoint': 0.6040237319955465, 'y2025': {'n': 248022, 'mean_atr': 0.24707297860654173, 'sd_atr': 5.62021874311993, 'p': 2.9896236628785063e-106}}, {'quantile': 0.9, 'cutpoint': 1.4499965230717708, 'y2025': {'n': 318332, 'mean_atr': 0.2380716729328146, 'sd_atr': 5.608893564557023, 'p': 9.676094067830173e-127}}]",281890,0.2244551842760074,6.050390552358324,2.3167137342679073e-86,283620,0.2408635160917091,5.613857489329051,1.4757872202775661e-115,139462,0.22065401625811165,5.694172497704534,1.8381818007586604e-47,144158,0.26041468401713236,5.534999361831105,2.268318501470381e-71
D:\MT5_Backtests\Research\PhenomenonDiscovery\phase_ib_v1\xauusd_m1_2024_2025_raw.csv,ret6,gt,0.2,-1.339606100262174,48,1,,,9.426378329886792e-114,"[{'quantile': 0.1, 'cutpoint': -2.0833698210138367, 'y2025': {'n': 322645, 'mean_atr': 0.2343837465798805, 'sd_atr': 5.566418127202398, 'p': 2.0184884741166673e-126}}, {'quantile': 0.3, 'cutpoint': -0.8089175613847972, 'y2025': {'n': 252296, 'mean_atr': 0.22818909860148281, 'sd_atr': 5.5714753500232295, 'p': 4.874740099741012e-94}}]",284697,0.20651250410869607,6.01848523303212,7.091195816030948e-75,288513,0.23682993547000128,5.567426681977618,1.4995841073576942e-115,141911,0.23931127542903857,5.650448755549012,2.643012071326334e-57,146602,0.2344279939212711,5.485882737503008,3.579734990433606e-60
D:\MT5_Backtests\Research\PhenomenonDiscovery\phase_ib_v1\xauusd_m1_2024_2025_raw.csv,ret12,lt,0.8,1.9925336519670263,48,1,,,1.0122787418051522e-113,"[{'quantile': 0.7, 'cutpoint': 1.252081694890845, 'y2025': {'n': 249453, 'mean_atr': 0.23795457151593213, 'sd_atr': 5.571859136123806, 'p': 5.996919442806434e-101}}, {'quantile': 0.9, 'cutpoint': 3.0221243283246215, 'y2025': {'n': 321006, 'mean_atr': 0.2394172342188686, 'sd_atr': 5.565615229638444, 'p': 3.3537878737306256e-131}}]",284697,0.2326099837315788,5.977377455723735,9.178817947221626e-96,285730,0.23793511849875776,5.567149843513851,1.6143281998768844e-115,140617,0.21251094521172262,5.658783601209498,4.871627039057164e-45,145113,0.2625715809459749,5.476799663604081,1.6284039249955336e-74
D:\MT5_Backtests\Research\PhenomenonDiscovery\phase_ib_v1\xauusd_m5_2024_2025_raw.csv,ret3,lt,0.8,0.8422735838686819,48,1,,,1.1195959792804952e-113,"[{'quantile': 0.7, 'cutpoint': 0.5140180868182025, 'y2025': {'n': 49332, 'mean_atr': 0.514478230780768, 'sd_atr': 5.196618603773205, 'p': 3.649275568121074e-107}}, {'quantile': 0.9, 'cutpoint': 1.3356489793956041, 'y2025': {'n': 64051, 'mean_atr': 0.5050626290308116, 'sd_atr': 5.218484744777052, 'p': 1.701850051720849e-132}}]",57111,0.3721134900171044,5.579818702804749,3.490208350208023e-57,56666,0.4992535140040782,5.203128936508697,1.7898481688779022e-115,27917,0.4627707650182618,5.108401768679152,9.354026669586052e-52,28749,0.5346804472343484,5.293340885471565,9.369333274344032e-66
D:\MT5_Backtests\Research\PhenomenonDiscovery\phase_ib_v1\xauusd_m5_2024_2025_news_clean.csv,lwick,gt,0.2,0.04756679213298499,48,1,,,1.1481919272361595e-113,"[{'quantile': 0.1, 'cutpoint': 0.012970758992676159, 'y2025': {'n': 64714, 'mean_atr': 0.5037084937759012, 'sd_atr': 5.299855824064768, 'p': 3.822215566542716e-129}}, {'quantile': 0.3, 'cutpoint': 0.08486220757905313, 'y2025': {'n': 51119, 'mean_atr': 0.5005235921894574, 'sd_atr': 5.352975163812567, 'p': 3.356631623109165e-99}}]",56345,0.36314750779032756,5.806765476330319,7.509738904958974e-50,57848,0.5069580728613693,5.338526232698326,1.8400511654425632e-115,28456,0.4674981561333374,5.1823482038161774,2.7112416371275153e-52,29392,0.5451613727529342,5.485313706808747,4.235641935178168e-65
D:\MT5_Backtests\Research\PhenomenonDiscovery\phase_ib_v1\xauusd_m5_2024_2025_raw.csv,sma100,lt,0.8,3.335392190179709,48,1,,,1.3063827396533706e-113,"[{'quantile': 0.7, 'cutpoint': 2.2248474678311148, 'y2025': {'n': 48804, 'mean_atr': 0.462637493266208, 'sd_atr': 5.284847481616545, 'p': 2.518715389990808e-83}}, {'quantile': 0.9, 'cutpoint': 4.855091562709894, 'y2025': {'n': 62526, 'mean_atr': 0.5213861631104857, 'sd_atr': 5.244810147573059, 'p': 2.137518299410998e-136}}]",57042,0.4348702012379612,5.545153860401289,2.806301630756379e-78,55710,0.5092096977220854,5.263537387187138,2.0986683317602223e-115,27448,0.39496867940031205,5.151036410305882,5.654323421106828e-37,28262,0.6201603548198148,5.368307262307271,5.143849402022311e-84
D:\MT5_Backtests\Research\PhenomenonDiscovery\phase_ib_v1\xauusd_m1_2024_2025_raw.csv,ret3,gt,0.2,-0.9462237703884652,48,1,,,1.596634302492885e-113,"[{'quantile': 0.1, 'cutpoint': -1.4876935651530838, 'y2025': {'n': 321903, 'mean_atr': 0.23710107256517052, 'sd_atr': 5.570375564006234, 'p': 7.522902910586678e-129}}, {'quantile': 0.3, 'cutpoint': -0.5695717953480864, 'y2025': {'n': 251612, 'mean_atr': 0.23604418574619163, 'sd_atr': 5.546293790712472, 'p': 4.074504538239174e-101}}]",284697,0.20349360339395545,6.024216750234563,1.2718359388634915e-72,287626,0.23661777748476615,5.559615959512122,2.571190324527316e-115,141301,0.23358083886509667,5.654187474292204,2.212720730352797e-54,146325,0.23955044424641248,5.466756735778959,4.625920114017188e-63
D:\MT5_Backtests\Research\PhenomenonDiscovery\phase_ib_v1\xauusd_m5_2024_2025_raw.csv,ret12,lt,0.8,1.7515832332536405,48,1,,,2.0949385851933564e-113,"[{'quantile': 0.7, 'cutpoint': 1.09989479532474, 'y2025': {'n': 48660, 'mean_atr': 0.4990905928035134, 'sd_atr': 5.248661180725536, 'p': 1.092972597455255e-97}}, {'quantile': 0.9, 'cutpoint': 2.7109974156424914, 'y2025': {'n': 63563, 'mean_atr': 0.512214012675146, 'sd_atr': 5.230736573291768, 'p': 1.429196603792095e-134}}]",57111,0.3587583935287367,5.643071167269316,3.92884883205283e-52,55946,0.5060072432952528,5.246295323505445,3.3818387886368673e-115,27542,0.4643459731596304,5.154488799313398,1.5473581834632943e-50,28404,0.5464041839400674,5.333586929072009,8.525189931268722e-67
D:\MT5_Backtests\Research\PhenomenonDiscovery\phase_ib_v1\xauusd_m1_2024_2025_raw.csv,rsi14,lt,0.7,56.38214594507686,48,1,,,3.586998577912903e-113,"[{'quantile': 0.3, 'cutpoint': 44.65349192542249, 'y2025': {'n': 102991, 'mean_atr': 0.3181694357700972, 'sd_atr': 5.544154874658658, 'p': 9.568838227004791e-76}}, {'quantile': 0.8, 'cutpoint': 60.06422239959874, 'y2025': {'n': 281583, 'mean_atr': 0.2466578298479975, 'sd_atr': 5.5488595460288215, 'p': 5.096620671176681e-123}}]",249109,0.24673755932509508,5.979470601230216,3.026705751637926e-94,245357,0.2550600243043401,5.54374816295715,5.804477060881574e-115,120302,0.2364155011903078,5.614661415483024,2.6263070045785393e-48,125055,0.27299591986760674,5.474625908143838,1.3492865184683594e-69
D:\MT5_Backtests\Research\PhenomenonDiscovery\phase_ib_v1\xauusd_m5_2024_2025_news_clean.csv,hour,lt,0.95,22.0,48,1,,,4.189323466408454e-113,"[{'quantile': 0.9, 'cutpoint': 21.0, 'y2025': {'n': 61279, 'mean_atr': 0.44667816468859106, 'sd_atr': 5.217783949477898, 'p': 1.1406687398464463e-99}}]",64522,0.30510307094680644,5.7849549923590144,6.314171846584096e-41,64262,0.46770846657605847,5.2041022709163345,6.79553329643335e-115,31622,0.4187219343749497,4.932899822610993,1.7607729582061318e-51,32640,0.5151671712716304,5.453656264365279,2.6512839663240802e-65
D:\MT5_Backtests\Research\PhenomenonDiscovery\phase_ib_v1\xauusd_m5_2024_2025_news_clean.csv,sma50,gt,0.2,-1.7570093251231185,48,1,,,4.197410521024766e-113,"[{'quantile': 0.1, 'cutpoint': -2.842701641884215, 'y2025': {'n': 63781, 'mean_atr': 0.5075308773572631, 'sd_atr': 5.314228424127504, 'p': 1.561657723248491e-128}}, {'quantile': 0.3, 'cutpoint': -0.9612014776340277, 'y2025': {'n': 49668, 'mean_atr': 0.5403253737813019, 'sd_atr': 5.331040392822045, 'p': 5.660075968791385e-113}}]",56316,0.3277221433003611,5.736430519223166,7.152258638394907e-42,56922,0.5103905307300951,5.344902364710128,6.825057757763847e-115,27870,0.4820420622183605,5.252008098679751,5.414308770015497e-53,29052,0.5375856228897411,5.432475888983518,7.86922272304855e-64
D:\MT5_Backtests\Research\PhenomenonDiscovery\phase_ib_v1\xauusd_m1_2024_2025_raw.csv,sma50,gt,0.1,-3.2130407116652764,48,1,,,4.335227960448699e-113,"[{'quantile': 0.05, 'cutpoint': -4.152851680367627, 'y2025': {'n': 339872, 'mean_atr': 0.2270001913230653, 'sd_atr': 5.575938722300475, 'p': 1.6180479217522618e-124}}, {'quantile': 0.2, 'cutpoint': -2.05997920197909, 'y2025': {'n': 287928, 'mean_atr': 0.21562800919945502, 'sd_atr': 5.59686573625431, 'p': 6.070406645746147e-95}}]",320252,0.21458245186992808,6.021231270990844,1.8846398015224414e-90,323116,0.2239211496605369,5.587279873742565,7.066096230093446e-115,158608,0.2247408418409616,5.687970988941415,8.604469740174204e-56,164508,0.223130855344438,5.488468380281298,4.380616103977423e-61
D:\MT5_Backtests\Research\PhenomenonDiscovery\phase_ib_v1\xauusd_m5_2024_2025_news_clean.csv,ret24,gt,0.2,-2.1787493808702836,48,1,,,4.477317039885611e-113,"[{'quantile': 0.1, 'cutpoint': -3.5545638689690704, 'y2025': {'n': 63674, 'mean_atr': 0.4968519389286959, 'sd_atr': 5.302219126826078, 'p': 1.3099118234559714e-123}}, {'quantile': 0.3, 'cutpoint': -1.2166040421200954, 'y2025': {'n': 49335, 'mean_atr': 0.5383987107771353, 'sd_atr': 5.316724727042484, 'p': 4.916975825321961e-112}}]",56336,0.33397835454711045,5.703708774726628,6.50873698679482e-44,56536,0.510032965079045,5.323727326135161,7.315191223703038e-115,27669,0.5021887355341822,5.1939660455129975,3.362160681859515e-58,28867,0.5175516537989262,5.445281140421429,1.1621451494675208e-58
D:\MT5_Backtests\Research\PhenomenonDiscovery\phase_ib_v1\xauusd_m1_2024_2025_raw.csv,atr_regime,lt,0.7,1.049409500153176,48,1,,,4.7002944780658176e-113,"[{'quantile': 0.3, 'cutpoint': 0.932099848617974, 'y2025': {'n': 108484, 'mean_atr': 0.33266928873926627, 'sd_atr': 5.885505649365701, 'p': 2.3357095310953835e-77}}, {'quantile': 0.8, 'cutpoint': 1.0940779117319044, 'y2025': {'n': 284310, 'mean_atr': 0.2500636072056877, 'sd_atr': 5.668715727949385, 'p': 2.467963607159144e-122}}]",249085,0.2480646729199028,6.075751646678796,2.6795747421586087e-92,249295,0.25981944837150034,5.695423939415458,7.697871272316985e-115,122905,0.2680247971226447,5.801751104516924,5.4048186535570834e-59,126390,0.2518403488520811,5.590100805420572,9.83395526482291e-58
D:\MT5_Backtests\Research\PhenomenonDiscovery\phase_ib_v1\xauusd_m5_2024_2025_raw.csv,lwick,gt,0.2,0.04769118566331646,48,1,,,4.7215637100106417e-113,"[{'quantile': 0.1, 'cutpoint': 0.01298678870300633, 'y2025': {'n': 65573, 'mean_atr': 0.4939780741998226, 'sd_atr': 5.245917145527952, 'p': 1.8322963762926345e-128}}, {'quantile': 0.3, 'cutpoint': 0.08521733806901075, 'y2025': {'n': 51793, 'mean_atr': 0.48757575263521225, 'sd_atr': 5.292252074503487, 'p': 1.3117709917440294e-97}}]",57111,0.35702785158814404,5.72540949763775,3.180795847256778e-50,58617,0.49648775601656325,5.27744500574362,7.751159936696644e-115,28863,0.4571947758704484,5.135116178886743,1.0926744906904857e-51,29754,0.5346040861220049,5.411749976352993,4.153890499953215e-65
D:\MT5_Backtests\Research\PhenomenonDiscovery\phase_ib_v1\xauusd_m1_2024_2025_news_clean.csv,body,gt,0.2,-0.5333668241083107,48,1,,,5.180129028130549e-113,"[{'quantile': 0.1, 'cutpoint': -0.850147587970662, 'y2025': {'n': 318472, 'mean_atr': 0.24005445498899772, 'sd_atr': 5.617436877995099, 'p': 1.6941943259356442e-128}}, {'quantile': 0.3, 'cutpoint': -0.31779518060030204, 'y2025': {'n': 247658, 'mean_atr': 0.23333406544598256, 'sd_atr': 5.628559906115246, 'p': 1.4652201193917873e-94}}]",281890,0.2110533874725418,6.077422903773117,6.516183171334083e-76,283532,0.24042976387266604,5.62175735016422,8.524211698104132e-115,139586,0.2386192179376577,5.671125306054068,1.1003639767747293e-55,143946,0.24218546993524562,5.573486249712257,4.609372930447492e-61
D:\MT5_Backtests\Research\PhenomenonDiscovery\phase_ib_v1\xauusd_m5_2024_2025_raw.csv,hour,gt,0.3,7.0,48,1,,,7.024319767363955e-113,"[{'quantile': 0.2, 'cutpoint': 5.0, 'y2025': {'n': 55363, 'mean_atr': 0.5742004133295316, 'sd_atr': 5.582747280393609, 'p': 2.1949512374390264e-129}}, {'quantile': 0.7, 'cutpoint': 16.0, 'y2025': {'n': 21307, 'mean_atr': 0.6471840987500727, 'sd_atr': 4.757367481851397, 'p': 9.511646529166146e-88}}]",49385,0.35114452311790884,6.065276068571883,7.021825096721514e-38,49171,0.5750725159808733,5.602948653626854,1.1586393612521846e-114,24234,0.5743767596212829,5.380923048248673,5.249422415546341e-62,24937,0.5757486582441093,5.810700484837592,3.4914901672565176e-55
D:\MT5_Backtests\Research\PhenomenonDiscovery\phase_ib_v1\xauusd_m5_2024_2025_news_clean.csv,sma20,lt,0.8,1.2471588313747695,48,1,,,9.660053267530053e-113,"[{'quantile': 0.7, 'cutpoint': 0.7939862413441678, 'y2025': {'n': 48207, 'mean_atr': 0.5107561251638586, 'sd_atr': 5.300555411942585, 'p': 2.3956860365760795e-99}}, {'quantile': 0.9, 'cutpoint': 1.9247398410451957, 'y2025': {'n': 62639, 'mean_atr': 0.5235170429242971, 'sd_atr': 5.290630283434465, 'p': 2.1147540055991324e-135}}]",56340,0.377942894791103,5.704952259461338,1.0242177677122797e-55,55200,0.5133336977067098,5.302462382345815,1.5971710960620748e-114,27112,0.47010962494124076,5.190790261741913,2.738893968561429e-50,28088,0.5550558231986421,5.407832158454692,2.5741408747483527e-66
D:\MT5_Backtests\Research\PhenomenonDiscovery\phase_ib_v1\xauusd_m1_2024_2025_raw.csv,range,lt,0.9,1.5163081196338175,48,1,20.0,8.0,1.2769928073631824e-112,"[{'quantile': 0.8, 'cutpoint': 1.2642866322551307, 'y2025': {'n': 87200, 'mean_atr': 0.45116121951381816, 'sd_atr': 6.298041480960994, 'p': 2.556138094110465e-99}}, {'quantile': 0.95, 'cutpoint': 1.7625632774703484, 'y2025': {'n': 101441, 'mean_atr': 0.4593951663123838, 'sd_atr': 6.293455318938118, 'p': 1.4565059015581107e-119}}]",97061,0.3886081416746486,6.850904517541958,6.887718840097037e-70,96691,0.4587881102549158,6.2755155181991,2.1163420509771314e-114,47591,0.6241005998375886,6.583305857132942,5.1291642697556056e-95,49100,0.2985562020730628,5.9577303929182195,1.1972806378752236e-28
D:\MT5_Backtests\Research\PhenomenonDiscovery\phase_ib_v1\xauusd_m1_2024_2025_raw.csv,sma5,lt,0.7,0.3827332356031569,48,1,,,2.1126778238232193e-112,"[{'quantile': 0.3, 'cutpoint': -0.35594980338543797, 'y2025': {'n': 102483, 'mean_atr': 0.2665146242301299, 'sd_atr': 5.606035261504911, 'p': 2.6383376835072495e-52}}, {'quantile': 0.8, 'cutpoint': 0.6150618314524346, 'y2025': {'n': 286930, 'mean_atr': 0.24599267766167088, 'sd_atr': 5.571301627850925, 'p': 1.146776346324401e-123}}]",249110,0.2274868736523508,6.002864665426831,8.674526708588468e-80,250447,0.25281281984927634,5.570906869482225,3.509568773940229e-114,122890,0.2376200350030464,5.661926301756811,5.384214835818822e-49,127557,0.2674497376958327,5.481770843401061,5.328373022825807e-68
D:\MT5_Backtests\Research\PhenomenonDiscovery\phase_ib_v1\xauusd_m1_2024_2025_news_clean.csv,sma5,gt,0.2,-0.5950180300062212,48,1,,,2.680725084219361e-112,"[{'quantile': 0.1, 'cutpoint': -0.9408859569161797, 'y2025': {'n': 319056, 'mean_atr': 0.23874661359094543, 'sd_atr': 5.621351892929275, 'p': 3.5379688532039922e-127}}, {'quantile': 0.3, 'cutpoint': -0.35630375653676905, 'y2025': {'n': 249456, 'mean_atr': 0.23355907219880223, 'sd_atr': 5.612177373890445, 'p': 5.844300480510391e-96}}]",281890,0.2132945601429243,6.096051718467224,4.9513917276148985e-77,285117,0.23928846509916615,5.628652049717337,4.463683887888712e-114,139888,0.2362741763759425,5.69493823384235,2.647739644572058e-54,145229,0.2421918991303467,5.564075102336485,8.514676838357549e-62
D:\MT5_Backtests\Research\PhenomenonDiscovery\phase_ib_v1\xauusd_m5_2024_2025_raw.csv,sma50,gt,0.2,-1.741791824854528,48,1,,,2.8031275571312956e-112,"[{'quantile': 0.1, 'cutpoint': -2.8200403894027106, 'y2025': {'n': 64612, 'mean_atr': 0.4951123205726265, 'sd_atr': 5.260506667623783, 'p': 1.7259851920544633e-126}}, {'quantile': 0.3, 'cutpoint': -0.9555889924159126, 'y2025': {'n': 50346, 'mean_atr': 0.5331434686195287, 'sd_atr': 5.285239165696674, 'p': 2.0041387063168195e-113}}]",57082,0.32010774943736003,5.65209783558723,1.0234820410610345e-41,57621,0.5005875478700028,5.293964846363407,4.6784532008093465e-114,28230,0.4667347873708052,5.210760209913383,3.4740707490293396e-51,29391,0.5331030604041919,5.372557460495864,6.7728086880406835e-65
D:\MT5_Backtests\Research\PhenomenonDiscovery\phase_ib_v1\xauusd_m1_2024_2025_news_clean.csv,ret24,lt,0.95,5.449101948101351,48,1,21.0,8.0,3.0025980683560573e-112,"[{'quantile': 0.9, 'cutpoint': 4.283284773102547, 'y2025': {'n': 96169, 'mean_atr': 0.4427811629810528, 'sd_atr': 6.276987467316416, 'p': 4.45872271422525e-106}}]",101786,0.3466780981183364,6.716558352087857,6.29721188203891e-61,101251,0.4485438241519595,6.28890404470396,5.0231080880878384e-114,49612,0.6251607746465178,6.635177959738939,8.77972896289958e-98,51639,0.2788596678372357,5.932344990803533,1.2372281040993927e-26
D:\MT5_Backtests\Research\PhenomenonDiscovery\phase_ib_v1\xauusd_m1_2024_2025_raw.csv,ret24,gt,0.1,-4.009005482936209,48,1,,,3.7926230974634094e-112,"[{'quantile': 0.05, 'cutpoint': -5.151133432476259, 'y2025': {'n': 339835, 'mean_atr': 0.23055622694406427, 'sd_atr': 5.583839096673616, 'p': 5.141759056546321e-128}}, {'quantile': 0.2, 'cutpoint': -2.5870385268324187, 'y2025': {'n': 288615, 'mean_atr': 0.21868003132810157, 'sd_atr': 5.5922362005039, 'p': 5.551277639008535e-98}}]",320274,0.2140264724087447,6.024836289894353,6.804013726773876e-90,323619,0.22315727412004177,5.596249989474114,6.3595814134294974e-114,158929,0.2220941346253001,5.6868128155894055,1.1764562383970673e-54,164690,0.22418322406697122,5.507460439780057,2.6753382049114605e-61
D:\MT5_Backtests\Research\PhenomenonDiscovery\phase_ib_v1\xauusd_m1_2024_2025_news_clean.csv,dow,gt,0.1,0.0,48,1,20.0,8.0,5.348351560256521e-112,"[{'quantile': 0.05, 'cutpoint': 0.0, 'y2025': {'n': 85067, 'mean_atr': 0.5008076150404615, 'sd_atr': 6.443357478730552, 'p': 8.98917749730419e-114}}, {'quantile': 0.2, 'cutpoint': 0.0, 'y2025': {'n': 85067, 'mean_atr': 0.5008076150404615, 'sd_atr': 6.443357478730552, 'p': 8.98917749730419e-114}}]",85544,0.4520999788868323,7.128977335511114,8.431160281559503e-77,85067,0.5008076150404615,6.443357478730552,8.98917749730419e-114,41876,0.6950057483948835,6.789757624503234,2.0086700999581146e-97,43191,0.31252206869169036,6.082878679570403,1.297665748869731e-26
D:\MT5_Backtests\Research\PhenomenonDiscovery\phase_ib_v1\xauusd_m5_2024_2025_raw.csv,hour,lt,0.95,22.0,48,1,,,7.525383403245426e-112,"[{'quantile': 0.9, 'cutpoint': 21.0, 'y2025': {'n': 62149, 'mean_atr': 0.4360651569866052, 'sd_atr': 5.154888792637116, 'p': 1.010664395688249e-98}}]",65461,0.29949922142738444,5.69644551648651,3.0013256477113347e-41,65180,0.45642871386335443,5.1437644102342635,1.2677611971539942e-113,32105,0.407966681644075,4.889387150999766,1.545131378368467e-50,33075,0.5034694861808137,5.378845014271108,5.553121264044711e-65
D:\MT5_Backtests\Research\PhenomenonDiscovery\phase_ib_v1\xauusd_m1_2024_2025_news_clean.csv,hour,gt,0.2,5.0,48,1,,,9.172426621066538e-112,"[{'quantile': 0.1, 'cutpoint': 3.0, 'y2025': {'n': 304357, 'mean_atr': 0.21882790593105464, 'sd_atr': 5.6166818567518355, 'p': 1.7768474923184106e-102}}, {'quantile': 0.3, 'cutpoint': 7.0, 'y2025': {'n': 242444, 'mean_atr': 0.2499671443438128, 'sd_atr': 5.743815996925286, 'p': 7.275788464916239e-102}}]",274518,0.24377238444811497,6.086676163819734,9.169961408262599e-98,273404,0.24745807608834408,5.713788768747416,1.548815001681029e-113,134461,0.22774911707201462,5.76381441351487,1.4175184892399282e-47,138943,0.26653126680896094,5.664911704428685,7.381903777696852e-69
D:\MT5_Backtests\Research\PhenomenonDiscovery\phase_ib_v1\xauusd_m1_2024_2025_news_clean.csv,ret6,gt,0.2,-1.342323008989876,48,1,,,9.830863275884334e-112,"[{'quantile': 0.1, 'cutpoint': -2.0873558979275186, 'y2025': {'n': 319566, 'mean_atr': 0.23479906342087914, 'sd_atr': 5.620845085192208, 'p': 2.7483966236199092e-123}}, {'quantile': 0.3, 'cutpoint': -0.8097781866429088, 'y2025': {'n': 249855, 'mean_atr': 0.23066072273820468, 'sd_atr': 5.623227520027311, 'p': 1.9957351090816874e-93}}]",281890,0.20938860978481466,6.089508293116019,1.8466811016995563e-74,285782,0.2379979768016318,5.619159720909388,1.6638382576836762e-113,140485,0.24030864751786438,5.678193825859937,1.150453749142696e-56,145297,0.2357638317362146,5.561503549798462,9.821155462835653e-59
D:\MT5_Backtests\Research\PhenomenonDiscovery\phase_ib_v1\xauusd_m5_2024_2025_raw.csv,body,gt,0.2,-0.4603598892732052,48,1,,,1.0558191725408226e-111,"[{'quantile': 0.1, 'cutpoint': -0.7415942354595977, 'y2025': {'n': 64281, 'mean_atr': 0.4952035336349504, 'sd_atr': 5.222640387071606, 'p': 1.0614744161913591e-127}}, {'quantile': 0.3, 'cutpoint': -0.2712442639436152, 'y2025': {'n': 50096, 'mean_atr': 0.5041889420520126, 'sd_atr': 5.187443728900393, 'p': 6.315164492211286e-105}}]",57111,0.3517746781142999,5.560668014418896,1.230238221661194e-51,57311,0.49316747245582787,5.215025558485696,1.7911520200138756e-113,28244,0.47610705333586184,5.0884868291015515,1.0262865265955163e-55,29067,0.5097448446519375,5.335142569551095,1.1724342777125236e-59
D:\MT5_Backtests\Research\PhenomenonDiscovery\phase_ib_v1\xauusd_m5_2024_2025_raw.csv,atr_regime,gt,0.2,0.8129606744611383,48,1,,,1.0558191725408226e-111,"[{'quantile': 0.1, 'cutpoint': 0.7520764528361122, 'y2025': {'n': 66128, 'mean_atr': 0.5053580198502383, 'sd_atr': 5.234643707300663, 'p': 4.711516798011057e-136}}, {'quantile': 0.3, 'cutpoint': 0.8646713047665419, 'y2025': {'n': 52202, 'mean_atr': 0.46916136753088844, 'sd_atr': 5.1314716107300615, 'p': 6.699431052642179e-97}}]",57082,0.31093152636012883,5.744864245357207,3.005924042655616e-38,59687,0.48243136245443347,5.206193871110712,1.7951897281709578e-113,29363,0.4359913354509442,5.046861774317279,1.3960166925864215e-49,30324,0.5273996553215835,5.355661041435596,6.476524098790171e-66
D:\MT5_Backtests\Research\PhenomenonDiscovery\phase_ib_v1\xauusd_m1_2024_2025_raw.csv,ret1,lt,0.7,0.33737764717890056,48,1,,,1.0778575096139992e-111,"[{'quantile': 0.3, 'cutpoint': -0.32149726575184057, 'y2025': {'n': 104263, 'mean_atr': 0.2572998901441043, 'sd_atr': 5.570493771943322, 'p': 2.649406720195627e-50}}, {'quantile': 0.8, 'cutpoint': 0.5505082182163473, 'y2025': {'n': 286107, 'mean_atr': 0.2487708338956511, 'sd_atr': 5.576443780146735, 'p': 7.606356553725998e-126}}]",249110,0.22240093315580772,5.9923228062926475,1.3200553458960378e-76,249716,0.2523610442595421,5.570700922405447,1.8368741173847077e-113,123179,0.2398583976375231,5.657128062822242,4.389966874294432e-50,126537,0.2645318994896619,5.485254474967511,5.769694405635013e-66
D:\MT5_Backtests\Research\PhenomenonDiscovery\phase_ib_v1\xauusd_m5_2024_2025_news_clean.csv,uwick,gt,0.3,0.08118650627663145,48,1,,,1.078583728076426e-111,"[{'quantile': 0.2, 'cutpoint': 0.0451911183930055, 'y2025': {'n': 57938, 'mean_atr': 0.5262929776056113, 'sd_atr': 5.278851500788449, 'p': 2.9378570554803165e-127}}, {'quantile': 0.7, 'cutpoint': 0.28150426195796985, 'y2025': {'n': 21293, 'mean_atr': 0.60229312520661, 'sd_atr': 5.421597690632143, 'p': 4.244162791170984e-59}}]",49302,0.37014530239895593,5.825183062864782,3.344849629211335e-45,50823,0.5316064039148763,5.294039801937888,1.8423275843081542e-113,25030,0.5059540092057138,5.139631814423753,1.0878174891968645e-54,25793,0.5564999579632748,5.439675433944695,1.1625834552530278e-60
D:\MT5_Backtests\Research\PhenomenonDiscovery\phase_ib_v1\xauusd_m5_2024_2025_raw.csv,sma50,gt,0.3,-0.9555889924159126,48,1,,,1.170636636128071e-111,"[{'quantile': 0.2, 'cutpoint': -1.741791824854528, 'y2025': {'n': 57621, 'mean_atr': 0.5005875478700028, 'sd_atr': 5.293964846363407, 'p': 4.6784532008093465e-114}}, {'quantile': 0.7, 'cutpoint': 1.3866835855838544, 'y2025': {'n': 22588, 'mean_atr': 0.6295596520842655, 'sd_atr': 5.154033452233111, 'p': 2.8420466419639596e-75}}]",49947,0.3107562256878954,5.633654558278231,6.420328252365365e-35,50346,0.5331434686195287,5.285239165696674,2.0041387063168195e-113,24742,0.50347868853597,5.23355346289424,9.933163140625401e-52,25604,0.5618095359850732,5.334654515337518,1.0241111816711083e-63
D:\MT5_Backtests\Research\PhenomenonDiscovery\phase_ib_v1\xauusd_m5_2024_2025_news_clean.csv,body,gt,0.2,-0.45869200550183886,48,1,,,1.4188181251591738e-111,"[{'quantile': 0.1, 'cutpoint': -0.7397482173958707, 'y2025': {'n': 63434, 'mean_atr': 0.5058403535241337, 'sd_atr': 5.279758095972138, 'p': 1.2058939039190317e-128}}, {'quantile': 0.3, 'cutpoint': -0.2700902729215949, 'y2025': {'n': 49393, 'mean_atr': 0.5146594316407495, 'sd_atr': 5.24563783116205, 'p': 2.0840747688280224e-105}}]",56345,0.35860235563105475,5.640251322976479,1.832420980380267e-51,56532,0.5015884592684211,5.271053831143614,2.4345730024424534e-113,27834,0.4837331662526669,5.132227182787504,1.0211708270373925e-55,28698,0.5189061896259548,5.40232700614747,1.5666152833954081e-59
D:\MT5_Backtests\Research\PhenomenonDiscovery\phase_ib_v1\xauusd_m5_2024_2025_raw.csv,ret24,gt,0.2,-2.169077426384668,48,1,,,2.0981189225820308e-111,"[{'quantile': 0.1, 'cutpoint': -3.53798476830088, 'y2025': {'n': 64525, 'mean_atr': 0.4858751075610945, 'sd_atr': 5.2509220348079095, 'p': 3.6590328874960566e-122}}, {'quantile': 0.3, 'cutpoint': -1.2134157106486332, 'y2025': {'n': 50029, 'mean_atr': 0.5310649229420278, 'sd_atr': 5.269116468159067, 'p': 1.5563722245479113e-112}}]",57102,0.3250289318003438,5.627341764638677,2.476204358284511e-43,57327,0.4982080066114795,5.276263649601842,3.608397146404368e-113,28064,0.48950240569138603,5.1510340925886995,4.6250483417101345e-57,29263,0.5065569108325609,5.393706334736056,4.4363556103354485e-58
D:\MT5_Backtests\Research\PhenomenonDiscovery\phase_ib_v1\xauusd_m5_2024_2025_raw.csv,rsi7,lt,0.8,64.47305514759492,48,1,,,2.3534859128899514e-111,"[{'quantile': 0.7, 'cutpoint': 59.16207190649632, 'y2025': {'n': 48333, 'mean_atr': 0.4990290595631615, 'sd_atr': 5.232518850839254, 'p': 1.312038264316574e-97}}, {'quantile': 0.9, 'cutpoint': 71.68590936042793, 'y2025': {'n': 63198, 'mean_atr': 0.49959112058373806, 'sd_atr': 5.221258426647976, 'p': 7.541635325041208e-128}}]",57110,0.37710746445478566,5.595985061415234,2.3757531147986628e-58,55705,0.49945175512782264,5.215262357061879,4.0567827063182794e-113,27365,0.47100614555612824,5.121301874120006,2.854711409808317e-52,28340,0.5269187313426927,5.304356603935774,8.931065464511555e-63
D:\MT5_Backtests\Research\PhenomenonDiscovery\phase_ib_v1\xauusd_m1_2024_2025_news_clean.csv,sma50,gt,0.1,-3.2269499848871783,48,1,,,2.598014844091032e-111,"[{'quantile': 0.05, 'cutpoint': -4.167788533092078, 'y2025': {'n': 336625, 'mean_atr': 0.22778461419029633, 'sd_atr': 5.626678501611339, 'p': 5.413788759777806e-122}}, {'quantile': 0.2, 'cutpoint': -2.066343451524448, 'y2025': {'n': 285087, 'mean_atr': 0.21771320464304997, 'sd_atr': 5.646545692821517, 'p': 3.597712555913252e-94}}]",317094,0.21626092322800133,6.093763767468031,7.561115083679886e-89,320011,0.2251966939369605,5.6372305444932,4.488440279425563e-113,157005,0.22666481766519173,5.716706351558759,1.278017143119221e-55,163006,0.22378261859034176,5.559623740426464,2.193946389796472e-59
D:\MT5_Backtests\Research\PhenomenonDiscovery\phase_ib_v1\xauusd_m5_2024_2025_raw.csv,atr_regime,lt,0.8,1.170993635983264,48,1,,,2.7994710999829043e-111,"[{'quantile': 0.7, 'cutpoint': 1.0931412991001876, 'y2025': {'n': 51887, 'mean_atr': 0.539316266002949, 'sd_atr': 5.582620949755982, 'p': 2.5411907575724532e-107}}, {'quantile': 0.9, 'cutpoint': 1.2875749795208984, 'y2025': {'n': 65551, 'mean_atr': 0.5110365636394637, 'sd_atr': 5.352598499249888, 'p': 5.791293018213157e-132}}]",57082,0.3736588446130421,5.925793231204115,2.738361372880308e-51,59187,0.507671459481563,5.466162773007153,4.8474268968590785e-113,29163,0.4642662421544166,5.347020793098113,9.712124059574635e-50,30024,0.5498319428585804,5.579218686149929,2.2324569923865194e-65
D:\MT5_Backtests\Research\PhenomenonDiscovery\phase_ib_v1\xauusd_m1_2024_2025_news_clean.csv,lwick,gt,0.2,0.0219789584091007,48,1,,,2.860409823593337e-111,"[{'quantile': 0.1, 'cutpoint': 0.0, 'y2025': {'n': 316074, 'mean_atr': 0.2321856494363517, 'sd_atr': 5.593866643103616, 'p': 1.9331607395481716e-120}}, {'quantile': 0.3, 'cutpoint': 0.05822033498052834, 'y2025': {'n': 262465, 'mean_atr': 0.2284297557779476, 'sd_atr': 5.615296248591368, 'p': 1.8448263936122742e-96}}]",281890,0.22152555395498003,6.078221119778199,2.0275232347023406e-83,296431,0.23301143634295152,5.614949986611118,4.9641258664612316e-113,145964,0.22859852265567826,5.667434269608636,1.3966116556977012e-53,150467,0.23729228552216788,5.563578798305645,1.7581940368371618e-61
D:\MT5_Backtests\Research\PhenomenonDiscovery\phase_ib_v1\xauusd_m5_2024_2025_news_clean.csv,sma50,gt,0.3,-0.9612014776340277,48,1,,,3.2540985075406475e-111,"[{'quantile': 0.2, 'cutpoint': -1.7570093251231185, 'y2025': {'n': 56922, 'mean_atr': 0.5103905307300951, 'sd_atr': 5.344902364710128, 'p': 6.825057757763847e-115}}, {'quantile': 0.7, 'cutpoint': 1.400095362152943, 'y2025': {'n': 22239, 'mean_atr': 0.606364015389942, 'sd_atr': 5.182914361798304, 'p': 3.6375069358963066e-68}}]",49277,0.31262206569302714,5.7210029736909895,7.303031010778182e-34,49668,0.5403253737813019,5.331040392822045,5.660075968791385e-113,24370,0.5192549069919056,5.269792977821354,2.1592801096697048e-53,25298,0.56062291807957,5.389409149688759,1.7330407251848116e-61
D:\MT5_Backtests\Research\PhenomenonDiscovery\phase_ib_v1\xauusd_m1_2024_2025_raw.csv,lwick,lt,0.7,0.28493188362289934,48,1,,,3.4188467175073965e-111,"[{'quantile': 0.3, 'cutpoint': 0.05847459240432104, 'y2025': {'n': 89376, 'mean_atr': 0.2829755055205365, 'sd_atr': 5.596962080101852, 'p': 1.29053879593304e-51}}, {'quantile': 0.8, 'cutpoint': 0.3759423762731434, 'y2025': {'n': 279554, 'mean_atr': 0.25292116650046975, 'sd_atr': 5.554465645353044, 'p': 4.5120938061900666e-128}}]",249110,0.20658135019696375,5.97181279239592,8.548016455581171e-67,242370,0.2551594277519224,5.561772144978397,5.959997013791037e-113,119590,0.23466659406771087,5.644139349507206,7.103536359329746e-47,122780,0.2751198283081601,5.480304307921736,2.907037312858911e-69
D:\MT5_Backtests\Research\PhenomenonDiscovery\phase_ib_v1\xauusd_m5_2024_2025_raw.csv,ret6,lt,0.8,1.2021089335381223,48,1,,,4.089091301188611e-111,"[{'quantile': 0.7, 'cutpoint': 0.7437004432220756, 'y2025': {'n': 49096, 'mean_atr': 0.49935974805156375, 'sd_atr': 5.237401817284096, 'p': 4.5719620514920875e-99}}, {'quantile': 0.9, 'cutpoint': 1.8830884626607403, 'y2025': {'n': 63803, 'mean_atr': 0.4932643163373855, 'sd_atr': 5.218874440218732, 'p': 5.719078713233645e-126}}]",57111,0.36593061467180976,5.60523784157194,7.117464043691339e-55,56411,0.4967121791084894,5.225200007041885,7.144402015444454e-113,27791,0.4614613801563501,5.109027727920969,3.088197724836983e-51,28620,0.5309419119414351,5.335453630855796,1.354229045209124e-63
D:\MT5_Backtests\Research\PhenomenonDiscovery\phase_ib_v1\xauusd_m1_2024_2025_news_clean.csv,ret3,gt,0.2,-0.947618400214667,48,1,,,7.124130925620042e-111,"[{'quantile': 0.1, 'cutpoint': -1.4901617122787154, 'y2025': {'n': 318852, 'mean_atr': 0.2374947674636367, 'sd_atr': 5.623197855859568, 'p': 1.0438404511498854e-125}}, {'quantile': 0.3, 'cutpoint': -0.5700876508854024, 'y2025': {'n': 249176, 'mean_atr': 0.23671412516744744, 'sd_atr': 5.601924434375981, 'p': 9.206476068418372e-99}}]",281890,0.2071469059145481,6.094222500673894,8.361014763281302e-73,284933,0.237260790113661,5.61549479062217,1.2475026011092005e-112,139886,0.23404400541452855,5.684195479599124,1.6412571954904592e-53,145047,0.2403631165624869,5.54845069159305,3.747007593222939e-61
D:\MT5_Backtests\Research\PhenomenonDiscovery\phase_ib_v1\xauusd_m5_2024_2025_raw.csv,ret24,gt,0.3,-1.2134157106486332,48,1,,,8.8682020028583e-111,"[{'quantile': 0.2, 'cutpoint': -2.169077426384668, 'y2025': {'n': 57327, 'mean_atr': 0.4982080066114795, 'sd_atr': 5.276263649601842, 'p': 3.608397146404368e-113}}, {'quantile': 0.7, 'cutpoint': 1.6688568772749577, 'y2025': {'n': 22437, 'mean_atr': 0.6095640807415017, 'sd_atr': 5.184877862738905, 'p': 2.0587272465849394e-69}}]",49964,0.32012330365558433,5.604315118442921,2.4738682826898403e-37,50029,0.5310649229420278,5.269116468159067,1.5563722245479113e-112,24525,0.5438798175752431,5.1603289011968725,3.346556839546968e-61,25504,0.5187419425907257,5.371722890253386,1.1636393364811264e-53
D:\MT5_Backtests\Research\PhenomenonDiscovery\phase_ib_v1\xauusd_m1_2024_2025_news_clean.csv,body,lt,0.7,0.3345153530129763,48,1,,,9.343783992283808e-111,"[{'quantile': 0.3, 'cutpoint': -0.31779518060030204, 'y2025': {'n': 103305, 'mean_atr': 0.26117844282264846, 'sd_atr': 5.607994055414413, 'p': 1.172099577104574e-50}}, {'quantile': 0.8, 'cutpoint': 0.5462940015233907, 'y2025': {'n': 283343, 'mean_atr': 0.24850773677533639, 'sd_atr': 5.63678811734676, 'p': 8.78819830961867e-122}}]",246654,0.22970690967523383,6.066300888698621,6.756178616709458e-79,247188,0.255259531400648,5.630168417857238,1.6434892106502944e-112,121858,0.24660676297077558,5.690390183972016,1.0539211608330166e-51,125330,0.26367259335969523,5.571000640986608,5.156112877875734e-63
D:\MT5_Backtests\Research\PhenomenonDiscovery\phase_ib_v1\xauusd_m1_2024_2025_news_clean.csv,atr_regime,lt,0.7,1.0497773325666575,48,1,,,1.0158475761656081e-110,"[{'quantile': 0.3, 'cutpoint': 0.9320166966423993, 'y2025': {'n': 107676, 'mean_atr': 0.3376516876958753, 'sd_atr': 5.9381665772970695, 'p': 1.0777502404197865e-77}}, {'quantile': 0.8, 'cutpoint': 1.0946171115117187, 'y2025': {'n': 281639, 'mean_atr': 0.24994089617169835, 'sd_atr': 5.724365381971514, 'p': 8.803036683509465e-119}}]",246629,0.26083840825625404,6.154303906068205,2.3760056151529905e-98,247009,0.2607335360942368,5.749793272556316,1.7907569451637322e-112,121688,0.27357848911843363,5.833708496681845,3.7423156449145815e-60,125321,0.24826095253993638,5.667117217961197,3.0587010235518235e-54
D:\MT5_Backtests\Research\PhenomenonDiscovery\phase_ib_v1\xauusd_m1_2024_2025_news_clean.csv,sma20,lt,0.8,1.4102819766304895,48,1,,,1.0355167225441642e-110,"[{'quantile': 0.7, 'cutpoint': 0.8905276573432469, 'y2025': {'n': 247071, 'mean_atr': 0.2376074866673105, 'sd_atr': 5.610673136450216, 'p': 2.277607944925066e-98}}, {'quantile': 0.9, 'cutpoint': 2.1513439903268066, 'y2025': {'n': 318048, 'mean_atr': 0.24091078605513594, 'sd_atr': 5.610778959935969, 'p': 1.5569641743363938e-129}}]",281885,0.2398132378465815,6.032715773283932,7.075639019396973e-99,282964,0.23752774895973508,5.6065687099444075,1.829477636765018e-112,139291,0.21410286608166335,5.690730440316256,8.675595493095023e-45,143673,0.2602381772306662,5.523674765553854,2.508841428303534e-71
D:\MT5_Backtests\Research\PhenomenonDiscovery\phase_ib_v1\xauusd_m5_2024_2025_news_clean.csv,atr_regime,lt,0.7,1.093415627643511,48,1,,,1.5340096690471735e-110,"[{'quantile': 0.3, 'cutpoint': 0.8647228381144935, 'y2025': {'n': 18719, 'mean_atr': 0.6162270516706675, 'sd_atr': 5.517270379088406, 'p': 1.0202469128559729e-52}}, {'quantile': 0.8, 'cutpoint': 1.1709737088459442, 'y2025': {'n': 58394, 'mean_atr': 0.5264338868539951, 'sd_atr': 5.531667552922423, 'p': 4.9906615834439235e-117}}]",49277,0.39996501191373984,6.0841165875248056,3.108961614636282e-48,51249,0.5618557461600985,5.648358582716541,2.716175656966735e-112,25105,0.5162135434683812,5.522211295265127,1.2361446308665178e-49,26144,0.6056840623540841,5.766661718127308,1.1022340649557837e-64
D:\MT5_Backtests\Research\PhenomenonDiscovery\phase_ib_v1\xauusd_m1_2024_2025_news_clean.csv,uwick,gt,0.2,0.022159473096717064,48,1,,,2.2097249554630573e-110,"[{'quantile': 0.1, 'cutpoint': 0.0, 'y2025': {'n': 316437, 'mean_atr': 0.23782190681060358, 'sd_atr': 5.587320424690428, 'p': 1.0738496217877807e-126}}, {'quantile': 0.3, 'cutpoint': 0.05752013828696916, 'y2025': {'n': 261225, 'mean_atr': 0.23460004715102534, 'sd_atr': 5.614381420126826, 'p': 3.3806487548906907e-101}}]",281890,0.20379992343111733,6.0190219576125585,2.948747575460135e-72,295534,0.23226164463137725,5.611126251427666,3.9212598881340996e-112,145966,0.2299159783631148,5.646423892942412,1.4297465577458155e-54,149568,0.23455082094257482,5.576481186011974,1.7043410264169312e-59
D:\MT5_Backtests\Research\PhenomenonDiscovery\phase_ib_v1\xauusd_m5_2024_2025_news_clean.csv,ret24,gt,0.3,-1.2166040421200954,48,1,,,2.7647452640667485e-110,"[{'quantile': 0.2, 'cutpoint': -2.1787493808702836, 'y2025': {'n': 56536, 'mean_atr': 0.510032965079045, 'sd_atr': 5.323727326135161, 'p': 7.315191223703038e-115}}, {'quantile': 0.7, 'cutpoint': 1.67213651788788, 'y2025': {'n': 22238, 'mean_atr': 0.6048538445961484, 'sd_atr': 5.238443006758058, 'p': 1.928218895510212e-66}}]",49294,0.3240445426577578,5.683881389881376,1.0135464501520515e-36,49335,0.5383987107771353,5.316724727042484,4.916975825321961e-112,24143,0.5518390221932009,5.207332481359537,6.420415111492402e-61,25192,0.5255180566600319,5.419562248199287,1.8935130791855358e-53
D:\MT5_Backtests\Research\PhenomenonDiscovery\phase_ib_v1\xauusd_m5_2024_2025_raw.csv,uwick,gt,0.3,0.08152677455541245,48,1,,,3.4337562377345254e-110,"[{'quantile': 0.2, 'cutpoint': 0.045356253885092984, 'y2025': {'n': 58711, 'mean_atr': 0.516037216153265, 'sd_atr': 5.223024963902669, 'p': 1.1830471829329556e-126}}, {'quantile': 0.7, 'cutpoint': 0.2830323520641581, 'y2025': {'n': 21515, 'mean_atr': 0.591152339344982, 'sd_atr': 5.3764788025251535, 'p': 1.6300585552177232e-58}}]",49972,0.36093005733982564,5.736630366756237,6.261420023779668e-45,51503,0.5188696913098099,5.237509089819053,6.120203425605627e-112,25394,0.49272773480622833,5.100633849537584,1.7988107301490284e-53,26109,0.5442957452931854,5.367264128438444,2.4015861923176522e-60
D:\MT5_Backtests\Research\PhenomenonDiscovery\phase_ib_v1\xauusd_m5_2024_2025_news_clean.csv,ret1,gt,0.2,-0.4639426122209444,48,1,,,3.531889046323992e-110,"[{'quantile': 0.1, 'cutpoint': -0.7519558853022433, 'y2025': {'n': 63423, 'mean_atr': 0.5046934782823468, 'sd_atr': 5.282725515237713, 'p': 6.582944080765611e-128}}, {'quantile': 0.3, 'cutpoint': -0.27440615803049223, 'y2025': {'n': 49435, 'mean_atr': 0.5125141400074968, 'sd_atr': 5.255633770239608, 'p': 3.038374834996404e-104}}]",56345,0.35907710742454513,5.643150593792666,1.5225683487410125e-51,56502,0.49862474716250754,5.2721029180078265,6.322721948156615e-112,27832,0.4839514721792997,5.130779473141399,8.587249984075917e-56,28670,0.5128691346523103,5.405813960481987,4.546353456277493e-58
D:\MT5_Backtests\Research\PhenomenonDiscovery\phase_ib_v1\xauusd_m1_2024_2025_news_clean.csv,ret24,gt,0.1,-4.023645800632244,48,1,,,3.531889046323992e-110,"[{'quantile': 0.05, 'cutpoint': -5.17023369503914, 'y2025': {'n': 336564, 'mean_atr': 0.23095356128500458, 'sd_atr': 5.63627785078585, 'p': 6.505126717223254e-125}}, {'quantile': 0.2, 'cutpoint': -2.59506372253915, 'y2025': {'n': 285796, 'mean_atr': 0.22247401575644668, 'sd_atr': 5.644563041516171, 'p': 1.4802292428702983e-98}}]",317116,0.21556494769339601,6.09364987862149,2.6793965426940606e-88,320468,0.22431771163280959,5.648497423850218,6.314573230967339e-112,157328,0.22552524146629357,5.714812775120873,3.1717649285747262e-55,163140,0.22315320106739123,5.583815943670401,1.2967999528956859e-58
D:\MT5_Backtests\Research\PhenomenonDiscovery\phase_ib_v1\xauusd_m1_2024_2025_raw.csv,ret1,lt,0.95,1.126240692404922,48,1,21.0,8.0,3.646879974600577e-110,"[{'quantile': 0.9, 'cutpoint': 0.8565080482374499, 'y2025': {'n': 96831, 'mean_atr': 0.44646402098009413, 'sd_atr': 6.286424367726836, 'p': 3.1688503588431448e-108}}]",101804,0.34778391945760967,6.759161978456041,1.4406515340767183e-60,101774,0.4431155327174581,6.288439472404266,6.542831098896438e-112,50025,0.6203604457016026,6.653942839772362,1.44597665640747e-96,51749,0.27177547258041534,5.908690262795085,1.2729841755016502e-25
D:\MT5_Backtests\Research\PhenomenonDiscovery\phase_ib_v1\xauusd_m5_2024_2025_raw.csv,ret1,gt,0.2,-0.46385345036345277,48,1,,,3.86680820150856e-110,"[{'quantile': 0.1, 'cutpoint': -0.7510517711604532, 'y2025': {'n': 64265, 'mean_atr': 0.4947870586672987, 'sd_atr': 5.2248357163640975, 'p': 2.3655020129201025e-127}}, {'quantile': 0.3, 'cutpoint': -0.2744003083751047, 'y2025': {'n': 50089, 'mean_atr': 0.5031872325473189, 'sd_atr': 5.196968781027347, 'p': 3.9728107028999754e-104}}]",57111,0.35371269698601426,5.56183289197248,3.63386254327169e-52,57250,0.48980024106507447,5.213943587385378,6.952516309779306e-112,28215,0.4737875450498916,5.086198981190905,3.484040840690153e-55,29035,0.5053607100875779,5.335192493243274,1.3283835651683512e-58
D:\MT5_Backtests\Research\PhenomenonDiscovery\phase_ib_v1\xauusd_m1_2024_2025_raw.csv,range,lt,0.7,1.1081661641662912,48,1,,,4.607268534820085e-110,"[{'quantile': 0.3, 'cutpoint': 0.7086473272182592, 'y2025': {'n': 102429, 'mean_atr': 0.26357550416984077, 'sd_atr': 5.601152662584589, 'p': 2.9459537599857095e-51}}, {'quantile': 0.8, 'cutpoint': 1.2642866322551307, 'y2025': {'n': 284507, 'mean_atr': 0.24186648762111632, 'sd_atr': 5.553066843898868, 'p': 2.1559174512719074e-119}}]",249110,0.20950046173960765,5.961207802935105,7.008979351404331e-69,248566,0.25071935140966384,5.563146984158176,8.301871460882031e-112,122263,0.23939944485272296,5.635604336436143,6.598328598820566e-50,126303,0.26167717296078497,5.492096917067812,2.5684673607535685e-64
D:\MT5_Backtests\Research\PhenomenonDiscovery\phase_ib_v1\xauusd_m5_2024_2025_news_clean.csv,atr_regime,gt,0.2,0.8120101665096039,48,1,,,4.743087171873981e-110,"[{'quantile': 0.1, 'cutpoint': 0.750518476438419, 'y2025': {'n': 65224, 'mean_atr': 0.5158307912481153, 'sd_atr': 5.295465375629518, 'p': 1.3034941594475141e-136}}, {'quantile': 0.3, 'cutpoint': 0.8647228381144935, 'y2025': {'n': 51452, 'mean_atr': 0.47572717080730687, 'sd_atr': 5.1980237475679845, 'p': 1.002146200757598e-95}}]",56316,0.3134400130025189,5.838467118568429,3.541190798624664e-37,58918,0.48774663396728457,5.2693482361791055,8.565143345082e-112,28950,0.44216609781646815,5.096898796831586,2.6297055753621423e-49,29968,0.5317788190168754,5.430463797754862,1.8576391500258726e-64
D:\MT5_Backtests\Research\PhenomenonDiscovery\phase_ib_v1\xauusd_m1_2024_2025_news_clean.csv,ret12,lt,0.8,1.997696268816952,48,1,,,6.038698267873158e-110,"[{'quantile': 0.7, 'cutpoint': 1.2533360541344967, 'y2025': {'n': 247025, 'mean_atr': 0.23565597920326484, 'sd_atr': 5.617988645220799, 'p': 1.5834509595232533e-96}}, {'quantile': 0.9, 'cutpoint': 3.032028076007572, 'y2025': {'n': 317949, 'mean_atr': 0.23918560090855465, 'sd_atr': 5.616860688425978, 'p': 2.1066519456701995e-127}}]",281890,0.23837869037606263,6.043982810605322,2.2974027109038728e-97,283028,0.23703049272249901,5.6152210644002,1.0928382184276393e-111,139217,0.2118713964989626,5.692766471508814,7.640391687636878e-44,143811,0.2613858890339916,5.539029730173519,1.2778198485305382e-71
D:\MT5_Backtests\Research\PhenomenonDiscovery\phase_ib_v1\xauusd_m1_2024_2025_news_clean.csv,sma50,lt,0.7,1.4854562103502889,48,1,,,7.160834309128791e-110,"[{'quantile': 0.3, 'cutpoint': -1.2236396679670423, 'y2025': {'n': 101033, 'mean_atr': 0.3028231758997467, 'sd_atr': 5.517199796621157, 'p': 3.6760550010968067e-68}}, {'quantile': 0.8, 'cutpoint': 2.3215258585834144, 'y2025': {'n': 279756, 'mean_atr': 0.25541754892500973, 'sd_atr': 5.5989858495193365, 'p': 1.2545052538789733e-128}}]",246629,0.257184480838052,6.046999662672945,5.035639891023722e-99,243966,0.2542815996377887,5.594688544636568,1.2987129141009066e-111,119788,0.2423469417771911,5.625793893423239,2.8628185052595814e-50,124178,0.26579433777018946,5.564516486231436,1.417605589939969e-63
D:\MT5_Backtests\Research\PhenomenonDiscovery\phase_ib_v1\xauusd_m1_2024_2025_news_clean.csv,ret48,lt,0.7,2.638435736638605,48,1,,,9.12412380826107e-110,"[{'quantile': 0.3, 'cutpoint': -2.136229130335216, 'y2025': {'n': 102596, 'mean_atr': 0.3262864094517887, 'sd_atr': 5.5009156676731825, 'p': 1.740466774625792e-80}}, {'quantile': 0.8, 'cutpoint': 4.116541643733626, 'y2025': {'n': 277914, 'mean_atr': 0.24930127709970526, 'sd_atr': 5.612834420562566, 'p': 2.9936612865999263e-121}}]",246629,0.23576374164830885,6.084803563444143,1.6440263112765945e-82,242686,0.2548839344431732,5.595919885154716,1.6583480186215592e-111,119469,0.24073506799006367,5.590120681486625,4.131316136555665e-50,123217,0.26860242236518517,5.601525515548713,1.4191842556961237e-63
D:\MT5_Backtests\Research\PhenomenonDiscovery\phase_ib_v1\xauusd_m1_2024_2025_raw.csv,sma5,gt,0.05,-1.2275741429312652,48,1,20.0,8.0,9.409710281314818e-110,"[{'quantile': 0.1, 'cutpoint': -0.939361634893947, 'y2025': {'n': 97212, 'mean_atr': 0.4400308979507427, 'sd_atr': 6.314557446945258, 'p': 1.139584485941375e-104}}]",101962,0.3780494176909329,6.864142504833669,3.121436517112807e-69,101743,0.4449723152266625,6.325870668310489,1.713932532478387e-111,50001,0.5984881925833516,6.662681342766855,9.761233713722584e-90,51742,0.2966218961529542,5.978724631518898,1.549670183035239e-29
D:\MT5_Backtests\Research\PhenomenonDiscovery\phase_ib_v1\xauusd_m1_2024_2025_news_clean.csv,sma5,lt,0.7,0.38313822063921316,48,1,,,9.7912234691894e-110,"[{'quantile': 0.3, 'cutpoint': -0.35630375653676905, 'y2025': {'n': 101507, 'mean_atr': 0.26111869232260293, 'sd_atr': 5.647838620852284, 'p': 4.135122377913109e-49}}, {'quantile': 0.8, 'cutpoint': 0.6157200575502988, 'y2025': {'n': 284193, 'mean_atr': 0.24582571994749663, 'sd_atr': 5.622593375207234, 'p': 3.713521745708833e-120}}]",246654,0.22963346712922086,6.066668242782395,7.731418005780465e-79,248122,0.2530493402439542,5.618352211425732,1.787250375278084e-111,121663,0.23949586378844837,5.697172074330958,1.1151811038050502e-48,126459,0.26608879655790746,5.541454842908916,2.2523914417423048e-65
D:\MT5_Backtests\Research\PhenomenonDiscovery\phase_ib_v1\xauusd_m5_2024_2025_news_clean.csv,ret48,lt,0.8,3.9623539181197223,48,1,,,1.2494769182665764e-109,"[{'quantile': 0.7, 'cutpoint': 2.6045663756801973, 'y2025': {'n': 48304, 'mean_atr': 0.4766298518704077, 'sd_atr': 5.309643062194642, 'p': 1.2129052185053637e-86}}, {'quantile': 0.9, 'cutpoint': 5.890079132382748, 'y2025': {'n': 62092, 'mean_atr': 0.535157114738188, 'sd_atr': 5.283631860906002, 'p': 1.5079991047949542e-140}}]",56317,0.4118761618015755,5.670669205060933,1.410468041983334e-66,55124,0.5065245229908523,5.3033936269299184,2.2856285090242255e-111,27076,0.38894050035829986,5.105906618592454,4.841862585918199e-36,28048,0.6200336857403884,5.484998959690218,6.250842857499948e-80
D:\MT5_Backtests\Research\PhenomenonDiscovery\phase_ib_v1\xauusd_m1_2024_2025_news_clean.csv,sma5,lt,0.9,0.9435343420957318,48,1,20.0,8.0,1.7049398288460642e-109,"[{'quantile': 0.8, 'cutpoint': 0.6157200575502988, 'y2025': {'n': 87110, 'mean_atr': 0.46413780312284486, 'sd_atr': 6.336576337719249, 'p': 1.2023127540444058e-103}}, {'quantile': 0.95, 'cutpoint': 1.2242097296559387, 'y2025': {'n': 101384, 'mean_atr': 0.4576239056016463, 'sd_atr': 6.352381128920418, 'p': 1.9384137430045973e-116}}]",96689,0.4223919844810708,6.851930879969572,6.765855072143275e-82,96886,0.4565330912119072,6.340970173586642,3.1254564561007043e-111,47542,0.6118707543065764,6.6376331062276135,7.454621546706051e-90,49344,0.3068682245848247,6.03766588938537,1.467725732554393e-29
D:\MT5_Backtests\Research\PhenomenonDiscovery\phase_ib_v1\xauusd_m5_2024_2025_raw.csv,sma20,lt,0.8,1.2399271686766449,48,1,,,2.0392038956813952e-109,"[{'quantile': 0.7, 'cutpoint': 0.7924854636095634, 'y2025': {'n': 48867, 'mean_atr': 0.4924089435022032, 'sd_atr': 5.241176347295597, 'p': 8.343395634564839e-96}}, {'quantile': 0.9, 'cutpoint': 1.9145746898584324, 'y2025': {'n': 63496, 'mean_atr': 0.50823513231721, 'sd_atr': 5.234762183674934, 'p': 3.505632088792674e-132}}]",57106,0.37330766167099133,5.616492159129533,8.261950124486378e-57,55881,0.49720673145710914,5.246605656192056,3.74619227239781e-111,27474,0.4614271584022593,5.146618450857857,5.921573315708446e-50,28407,0.531811159594855,5.34139133134976,3.3658810704094466e-63
D:\MT5_Backtests\Research\PhenomenonDiscovery\phase_ib_v1\xauusd_m5_2024_2025_raw.csv,ret3,gt,0.2,-0.7939189730428335,48,1,,,2.416224491790223e-109,"[{'quantile': 0.1, 'cutpoint': -1.295370553556509, 'y2025': {'n': 64218, 'mean_atr': 0.4894424133022841, 'sd_atr': 5.219254266709598, 'p': 7.853582541517322e-125}}, {'quantile': 0.3, 'cutpoint': -0.4634741256841955, 'y2025': {'n': 50317, 'mean_atr': 0.47972326060759335, 'sd_atr': 5.202502235061389, 'p': 4.8203903120416295e-95}}]",57111,0.34775005627748057,5.564336458035819,1.9422238027773738e-50,57298,0.4872321417949097,5.2079091969179885,4.448255689623183e-111,28235,0.46220118144564387,5.0840057172419595,1.0996823662497316e-52,29063,0.5115499742781882,5.325497519809556,2.8552055475329325e-60
D:\MT5_Backtests\Research\PhenomenonDiscovery\phase_ib_v1\xauusd_m1_2024_2025_raw.csv,atr_regime,gt,0.1,0.8550316605130919,48,1,,,2.4846951289192067e-109,"[{'quantile': 0.05, 'cutpoint': 0.8105919324601505, 'y2025': {'n': 336565, 'mean_atr': 0.22330794027328724, 'sd_atr': 5.579895475832778, 'p': 3.041971554311681e-119}}, {'quantile': 0.2, 'cutpoint': 0.900475249264176, 'y2025': {'n': 281624, 'mean_atr': 0.21123392543918382, 'sd_atr': 5.4762998765572535, 'p': 4.01158647038287e-93}}]",320252,0.17647260040308346,5.936218391860691,1.6449072221611862e-63,318085,0.22003149516244827,5.541663756952004,4.584021657480713e-111,157339,0.22708241728825024,5.609819504773648,5.142001143530737e-58,160746,0.2131300168279854,5.474139504442602,6.237940940539104e-55
D:\MT5_Backtests\Research\PhenomenonDiscovery\phase_ib_v1\xauusd_m5_2024_2025_news_clean.csv,ret3,gt,0.2,-0.7937727801502006,48,1,,,4.060690174021144e-109,"[{'quantile': 0.1, 'cutpoint': -1.2997301605620035, 'y2025': {'n': 63388, 'mean_atr': 0.5016581294629996, 'sd_atr': 5.275118254951981, 'p': 1.0920771681819606e-126}}, {'quantile': 0.3, 'cutpoint': -0.46213878382699275, 'y2025': {'n': 49618, 'mean_atr': 0.4866220831716214, 'sd_atr': 5.252222114545921, 'p': 1.2504218836568872e-94}}]",56345,0.35131028230514944,5.642061839768211,1.965418604304744e-49,56523,0.49517132280587,5.262336713347303,7.50745173667918e-111,27826,0.47083299609267526,5.132439383448046,7.333404423713751e-53,28697,0.5187709422476707,5.3852846919555715,7.268159721410763e-60
D:\MT5_Backtests\Research\PhenomenonDiscovery\phase_ib_v1\xauusd_m1_2024_2025_news_clean.csv,rsi14,lt,0.7,56.38783571856651,48,1,,,5.954831527844578e-109,"[{'quantile': 0.3, 'cutpoint': 44.655354021003795, 'y2025': {'n': 102128, 'mean_atr': 0.3086484916697593, 'sd_atr': 5.601013719321258, 'p': 2.0488627601822957e-69}}, {'quantile': 0.8, 'cutpoint': 60.0775052963653, 'y2025': {'n': 278867, 'mean_atr': 0.24524749718789807, 'sd_atr': 5.5977104360111145, 'p': 2.000240906276026e-118}}]",246653,0.2506838287073719,6.044659139438573,2.9377615796047103e-94,242971,0.25357138042417754,5.591437573469809,1.1055913757528825e-110,119055,0.23523438566520513,5.65151227707355,8.981640160158424e-47,123916,0.2711890481267299,5.533070730838531,1.0587269437933266e-66
D:\MT5_Backtests\Research\PhenomenonDiscovery\phase_ib_v1\xauusd_m1_2024_2025_raw.csv,ret24,lt,0.7,1.7876178594159957,48,1,,,5.954831527844578e-109,"[{'quantile': 0.3, 'cutpoint': -1.541195979314768, 'y2025': {'n': 102204, 'mean_atr': 0.28960717130308355, 'sd_atr': 5.458111468494899, 'p': 1.544483707036878e-64}}, {'quantile': 0.8, 'cutpoint': 2.824599790363645, 'y2025': {'n': 283726, 'mean_atr': 0.25009058644690785, 'sd_atr': 5.552158903767299, 'p': 3.288308340159834e-127}}]",249102,0.2465708344216302,5.952063767415413,5.718699187859898e-95,247569,0.2494110928843865,5.551486314002206,1.1047655412750158e-110,121736,0.2302756058166688,5.626616208132408,2.9409574174268686e-46,125833,0.2679235471187741,5.477780773117076,1.9669176485493493e-67
D:\MT5_Backtests\Research\PhenomenonDiscovery\phase_ib_v1\xauusd_m1_2024_2025_news_clean.csv,lwick,lt,0.7,0.28451519617408205,48,1,,,7.510099098814059e-109,"[{'quantile': 0.3, 'cutpoint': 0.05822033498052834, 'y2025': {'n': 88498, 'mean_atr': 0.2803822816985224, 'sd_atr': 5.643744796679984, 'p': 1.9962277687516225e-49}}, {'quantile': 0.8, 'cutpoint': 0.37545631511520194, 'y2025': {'n': 276882, 'mean_atr': 0.2531132363039405, 'sd_atr': 5.603947936639866, 'p': 7.391051072986073e-125}}]",246654,0.21137761185090112,6.036690032878522,9.791839523321669e-68,240052,0.25590123430506023,5.611439202073522,1.3972823526561492e-110,118393,0.23831573841348808,5.673781488289454,2.417314122421287e-47,121659,0.27301463828742817,5.550068080298093,5.502574656720019e-66
D:\MT5_Backtests\Research\PhenomenonDiscovery\phase_ib_v1\xauusd_m1_2024_2025_news_clean.csv,ret1,lt,0.7,0.3372726103435448,48,1,,,8.741665127841946e-109,"[{'quantile': 0.3, 'cutpoint': -0.32125443911119145, 'y2025': {'n': 103309, 'mean_atr': 0.25761463973598864, 'sd_atr': 5.617597310430697, 'p': 3.583065657663077e-49}}, {'quantile': 0.8, 'cutpoint': 0.5505906127810603, 'y2025': {'n': 283399, 'mean_atr': 0.24935884042500697, 'sd_atr': 5.626639709610645, 'p': 4.5966632531388486e-123}}]",246654,0.2247614878944681,6.054972770381266,6.824626616979977e-76,247353,0.25247503167953056,5.6216000381875055,1.6298367205990495e-110,121938,0.24177083705212454,5.690238593737291,8.458349555209701e-50,125415,0.26288246368109847,5.554054089134276,4.6266579984503076e-63
D:\MT5_Backtests\Research\PhenomenonDiscovery\phase_ib_v1\xauusd_m5_2024_2025_news_clean.csv,sma5,gt,0.2,-0.5022486876022775,48,1,,,1.1166843214117279e-108,"[{'quantile': 0.1, 'cutpoint': -0.821460098173806, 'y2025': {'n': 63289, 'mean_atr': 0.49932390636128415, 'sd_atr': 5.286159563670487, 'p': 8.01194315870508e-125}}, {'quantile': 0.3, 'cutpoint': -0.29273031565797947, 'y2025': {'n': 49706, 'mean_atr': 0.48923323142447944, 'sd_atr': 5.254878409981606, 'p': 1.0670927551857414e-95}}]",56345,0.3499146333621229,5.638539160907366,4.09481590038031e-49,56508,0.4955734248593726,5.2766771917555335,2.086362983250492e-110,27848,0.4647623704688895,5.143431927338035,2.223313559279696e-51,28660,0.5255115352105997,5.40292203602746,6.424726265255584e-61
D:\MT5_Backtests\Research\PhenomenonDiscovery\phase_ib_v1\xauusd_m5_2024_2025_news_clean.csv,ret3,lt,0.7,0.5151396056913994,48,1,,,1.1584444320520045e-108,"[{'quantile': 0.3, 'cutpoint': -0.46213878382699275, 'y2025': {'n': 20553, 'mean_atr': 0.5773879263266319, 'sd_atr': 5.36423213024928, 'p': 1.0108381877384016e-53}}, {'quantile': 0.8, 'cutpoint': 0.8425260668890412, 'y2025': {'n': 55905, 'mean_atr': 0.5139256687434333, 'sd_atr': 5.262208259527592, 'p': 5.598606774143662e-118}}]",49302,0.3659910893386647,5.664267964771373,1.1135811673989447e-46,48711,0.5318251801913708,5.257916847849297,2.1689137076020564e-110,23960,0.4937028612226362,5.140019095467301,5.340269674176509e-50,24751,0.5687291744740617,5.369427522301963,2.402849615386433e-62
D:\MT5_Backtests\Research\PhenomenonDiscovery\phase_ib_v1\xauusd_m1_2024_2025_raw.csv,sma10,gt,0.2,-0.9084121332500263,48,1,,,1.401125274431727e-108,"[{'quantile': 0.1, 'cutpoint': -1.4215909901518908, 'y2025': {'n': 322275, 'mean_atr': 0.23303119466678038, 'sd_atr': 5.570029698068166, 'p': 1.0898460886753998e-124}}, {'quantile': 0.3, 'cutpoint': -0.5473066614044176, 'y2025': {'n': 252514, 'mean_atr': 0.22360928179327402, 'sd_atr': 5.549006675758395, 'p': 3.578442693066654e-91}}]",284697,0.2067828399740306,6.017315875976928,4.2757717946807906e-75,289009,0.23045761149251281,5.551947260317327,2.6287528600970488e-110,142024,0.2328040331238398,5.65045381808032,2.277279419281119e-54,146985,0.22819038568193634,5.455094252308204,7.012391176197438e-58
D:\MT5_Backtests\Research\PhenomenonDiscovery\phase_ib_v1\xauusd_m5_2024_2025_news_clean.csv,sma50,lt,0.8,2.1586990656447083,48,1,,,2.1029057646248886e-108,"[{'quantile': 0.7, 'cutpoint': 1.400095362152943, 'y2025': {'n': 47932, 'mean_atr': 0.4699853800038357, 'sd_atr': 5.331780091819375, 'p': 5.522732489295636e-83}}, {'quantile': 0.9, 'cutpoint': 3.2524209508981476, 'y2025': {'n': 62164, 'mean_atr': 0.5436051074156542, 'sd_atr': 5.31328481565664, 'p': 1.5747010086700022e-143}}]",56316,0.4029686782128959,5.73512413194235,2.0197903871864e-62,54987,0.5061310363870577,5.322885115223771,3.953633805443135e-110,26921,0.4212027570796296,5.15626276902917,5.807389405052481e-41,28066,0.5875945227134053,5.476804209750405,3.1234851717757216e-72
D:\MT5_Backtests\Research\PhenomenonDiscovery\phase_ib_v1\xauusd_m1_2024_2025_raw.csv,range,gt,0.2,0.6139752271852611,48,1,,,2.6461573674608552e-108,"[{'quantile': 0.1, 'cutpoint': 0.49391668234438363, 'y2025': {'n': 323514, 'mean_atr': 0.2341598696910297, 'sd_atr': 5.568565898166973, 'p': 2.0144762227692546e-126}}, {'quantile': 0.3, 'cutpoint': 0.7086473272182592, 'y2025': {'n': 251938, 'mean_atr': 0.23304573722503413, 'sd_atr': 5.558409511104051, 'p': 2.5711360680986687e-98}}]",284697,0.20164747611324935,5.999804413795828,6.544825951418536e-72,288438,0.2311696543303924,5.570746664524205,4.98533400217375e-110,141697,0.2272320224268859,5.640259139957477,6.00304789728952e-52,146741,0.23497193609098524,5.502806856063127,3.868531990599113e-60
D:\MT5_Backtests\Research\PhenomenonDiscovery\phase_ib_v1\xauusd_m1_2024_2025_news_clean.csv,range,lt,0.9,1.5148584207567946,48,1,20.0,8.0,4.853166666078854e-108,"[{'quantile': 0.8, 'cutpoint': 1.2633991526812285, 'y2025': {'n': 86840, 'mean_atr': 0.44638600112222, 'sd_atr': 6.344886246300877, 'p': 1.77269148064689e-95}}, {'quantile': 0.95, 'cutpoint': 1.760040389910152, 'y2025': {'n': 101017, 'mean_atr': 0.45418163271149276, 'sd_atr': 6.337379703270332, 'p': 7.563722808195023e-115}}]",96677,0.39727182095708663,6.8977027421497645,1.0230805345994237e-71,96306,0.45338894944653985,6.3209983188098455,9.162286975125417e-110,47397,0.6245404755759572,6.604308937607367,3.53490030608933e-94,48909,0.28752849668823377,6.029201389741196,5.262755697563569e-26
D:\MT5_Backtests\Research\PhenomenonDiscovery\phase_ib_v1\xauusd_m1_2024_2025_raw.csv,uwick,gt,0.1,0.0,48,1,20.0,8.0,5.909054063066112e-108,"[{'quantile': 0.05, 'cutpoint': 0.0, 'y2025': {'n': 93871, 'mean_atr': 0.45287750518734665, 'sd_atr': 6.2360361203866885, 'p': 1.1178792083036266e-109}}, {'quantile': 0.2, 'cutpoint': 0.022332498530379438, 'y2025': {'n': 86942, 'mean_atr': 0.44982054256230086, 'sd_atr': 6.29051470764033, 'p': 1.0985305256733148e-98}}]",86648,0.37571198919862847,6.669323774457107,9.311770827135014e-62,93871,0.45287750518734665,6.2360361203866885,1.1178792083036266e-109,46341,0.6180653221757907,6.489949593061122,2.10769605072763e-93,47530,0.29182199020604027,5.973772362894609,1.7419771041256283e-26
D:\MT5_Backtests\Research\PhenomenonDiscovery\phase_ib_v1\xauusd_m5_2024_2025_raw.csv,sma5,gt,0.2,-0.5027854168063667,48,1,,,1.8126540607818394e-107,"[{'quantile': 0.1, 'cutpoint': -0.8205174914282203, 'y2025': {'n': 64137, 'mean_atr': 0.4900644576307416, 'sd_atr': 5.2299644395722105, 'p': 1.7427163496914256e-124}}, {'quantile': 0.3, 'cutpoint': -0.2931954748325388, 'y2025': {'n': 50377, 'mean_atr': 0.47931384848978104, 'sd_atr': 5.205134426304318, 'p': 6.686712992903585e-95}}]",57111,0.3444173032190178,5.559238353394713,1.345374581230328e-49,57301,0.48433223559137223,5.222421916292092,3.4362774369887123e-109,28270,0.4547865981553282,5.096979198448536,7.092391874740056e-51,29031,0.5131033826519958,5.341676871478905,3.312496819122476e-60
D:\MT5_Backtests\Research\PhenomenonDiscovery\phase_ib_v1\xauusd_m5_2024_2025_news_clean.csv,rsi14,lt,0.8,59.856311527643356,48,1,,,1.9634150267692548e-107,"[{'quantile': 0.7, 'cutpoint': 56.23590679040308, 'y2025': {'n': 47434, 'mean_atr': 0.48955156309981085, 'sd_atr': 5.282118032245552, 'p': 1.3182420487401742e-90}}, {'quantile': 0.9, 'cutpoint': 64.89897664434801, 'y2025': {'n': 62049, 'mean_atr': 0.5243062462636373, 'sd_atr': 5.304452557762075, 'p': 7.462759331970171e-134}}]",56344,0.40005638014322786,5.6832622765521235,1.12936825722631e-62,54707,0.5020041588846959,5.289910550825871,3.7297518097633595e-109,26832,0.44443635812137094,5.173634697898382,5.685200260155491e-45,27875,0.5574179429234953,5.398984059697272,1.3871955404133229e-66
D:\MT5_Backtests\Research\PhenomenonDiscovery\phase_ib_v1\xauusd_m5_2024_2025_news_clean.csv,ret24,lt,0.8,2.603256632098151,48,1,,,2.5955422386609967e-107,"[{'quantile': 0.7, 'cutpoint': 1.67213651788788, 'y2025': {'n': 47933, 'mean_atr': 0.47068885270005273, 'sd_atr': 5.306559012337599, 'p': 5.279336878985879e-84}}, {'quantile': 0.9, 'cutpoint': 3.9402679908463076, 'y2025': {'n': 62363, 'mean_atr': 0.5355552271470806, 'sd_atr': 5.324477694174379, 'p': 3.1365586572629212e-139}}]",56336,0.38780143531877803,5.744629174093852,8.846516749230965e-58,55009,0.5044332988110544,5.3331975990603855,4.940701494011513e-109,27061,0.4511970011338657,5.1961013573771835,2.7394997376566996e-46,27948,0.5559800088240214,5.462263695095085,6.231311387683081e-65
D:\MT5_Backtests\Research\PhenomenonDiscovery\phase_ib_v1\xauusd_m5_2024_2025_raw.csv,ret48,lt,0.8,3.928808795616522,48,1,,,2.6458007191063206e-107,"[{'quantile': 0.7, 'cutpoint': 2.5789264013999253, 'y2025': {'n': 48927, 'mean_atr': 0.45690839548188455, 'sd_atr': 5.247579615113678, 'p': 1.17569368739106e-82}}, {'quantile': 0.9, 'cutpoint': 5.820849461766548, 'y2025': {'n': 62876, 'mean_atr': 0.5217925399569661, 'sd_atr': 5.22769631737775, 'p': 3.014560644540927e-138}}]",57083,0.4036570100142948,5.600498782558487,1.872119935394571e-66,55807,0.492352963121663,5.243323397286742,5.046711815681224e-109,27424,0.38471026017333815,5.071225538516449,3.381756565964625e-36,28383,0.5963586526419696,5.402455736959617,3.3910399352383632e-77
D:\MT5_Backtests\Research\PhenomenonDiscovery\phase_ib_v1\xauusd_m1_2024_2025_news_clean.csv,atr_regime,lt,0.95,1.2546127712405049,48,1,20.0,8.0,2.879688268925256e-107,"[{'quantile': 0.9, 'cutpoint': 1.1718251421865005, 'y2025': {'n': 92792, 'mean_atr': 0.462733685232588, 'sd_atr': 6.546907043994475, 'p': 8.099650444332069e-103}}]",98176,0.41041272196383477,7.105293283937398,3.2773979023294945e-73,98021,0.46051841297492835,6.500828992705544,5.504094604066801e-109,48205,0.6360268839795804,6.820150609589022,3.58482945727029e-93,49816,0.2906857117387942,6.171455277815203,7.537935762533714e-26
D:\MT5_Backtests\Research\PhenomenonDiscovery\phase_ib_v1\xauusd_m1_2024_2025_raw.csv,sma10,lt,0.7,0.6029184542093857,48,1,,,3.4164170131397456e-107,"[{'quantile': 0.3, 'cutpoint': -0.5473066614044176, 'y2025': {'n': 101853, 'mean_atr': 0.2871430206166384, 'sd_atr': 5.624262699590528, 'p': 1.0941440980633964e-59}}, {'quantile': 0.8, 'cutpoint': 0.95233377747919, 'y2025': {'n': 286411, 'mean_atr': 0.24175624360322442, 'sd_atr': 5.568667311622696, 'p': 2.071707202274679e-119}}]",249110,0.22809356149873578,5.982061284616316,9.473865170533786e-81,250368,0.24695710820185462,5.573468660232018,6.543325267504985e-109,123131,0.22083946316227512,5.6466222971928035,7.321707603069885e-43,127237,0.2722319241073574,5.501653856651196,1.0118733384132045e-69
D:\MT5_Backtests\Research\PhenomenonDiscovery\phase_ib_v1\xauusd_m5_2024_2025_news_clean.csv,rsi14,gt,0.2,41.92542436022211,48,1,,,3.8001514117903204e-107,"[{'quantile': 0.1, 'cutpoint': 36.619998516756645, 'y2025': {'n': 63362, 'mean_atr': 0.5060233125410046, 'sd_atr': 5.296316807274483, 'p': 8.393239713560582e-128}}, {'quantile': 0.3, 'cutpoint': 45.60348011745342, 'y2025': {'n': 49201, 'mean_atr': 0.5158151862698156, 'sd_atr': 5.279425978885047, 'p': 3.789072710856219e-104}}]",56344,0.33442667814794175,5.691569338549626,3.2636323818503577e-44,56164,0.494393096777287,5.285812005682504,7.293129859244243e-109,27542,0.48324962570912544,5.186219365907336,6.082496637438376e-54,28622,0.5051160888868286,5.37997516513967,8.174228783342651e-57
D:\MT5_Backtests\Research\PhenomenonDiscovery\phase_ib_v1\xauusd_m1_2024_2025_news_clean.csv,range,lt,0.7,1.1071400816201316,48,1,,,3.9624976792696744e-107,"[{'quantile': 0.3, 'cutpoint': 0.7077568710918251, 'y2025': {'n': 101490, 'mean_atr': 0.2681882473559374, 'sd_atr': 5.642791406566488, 'p': 8.675301497754327e-52}}, {'quantile': 0.8, 'cutpoint': 1.2633991526812285, 'y2025': {'n': 281819, 'mean_atr': 0.24340911794533324, 'sd_atr': 5.6051990271951775, 'p': 1.366583168692002e-117}}]",246654,0.21614160117255415,6.03131427647385,7.327639693065798e-71,246150,0.2508082022327118,5.614235877208739,7.620187844749374e-109,121022,0.23975903604924564,5.661897186264246,4.04990184767338e-49,125128,0.26149479667884235,5.567752203155715,5.567539448213759e-62
D:\MT5_Backtests\Research\PhenomenonDiscovery\phase_ib_v1\xauusd_m1_2024_2025_news_clean.csv,ret1,gt,0.05,-1.136053748714633,48,1,21.0,8.0,5.407446671645478e-107,"[{'quantile': 0.1, 'cutpoint': -0.8594274790148229, 'y2025': {'n': 96973, 'mean_atr': 0.43765847333105495, 'sd_atr': 6.306714854591417, 'p': 1.442137009857186e-103}}]",101594,0.3255888188635959,6.8102999216263225,1.9684803478697886e-52,101631,0.4380240266347886,6.304291702564981,1.042007195560202e-108,50036,0.6279641180408546,6.693948818762133,9.132661734187378e-98,51595,0.25382318520453534,5.896111607508911,1.3934696175633983e-22
D:\MT5_Backtests\Research\PhenomenonDiscovery\phase_ib_v1\xauusd_m1_2024_2025_news_clean.csv,sma10,gt,0.2,-0.9098321568273511,48,1,,,7.884121756339952e-107,"[{'quantile': 0.1, 'cutpoint': -1.4246784449136458, 'y2025': {'n': 319199, 'mean_atr': 0.23373855932942159, 'sd_atr': 5.623995544623957, 'p': 6.381878509908421e-122}}, {'quantile': 0.3, 'cutpoint': -0.5479539918428661, 'y2025': {'n': 250052, 'mean_atr': 0.2251948125067067, 'sd_atr': 5.603582532693776, 'p': 8.012465724486597e-90}}]",281890,0.2087588901641153,6.085265986324649,3.9967816904613935e-74,286196,0.23186492046232676,5.604375780015207,1.5223405830331207e-108,140551,0.23320828604351376,5.678152888269487,1.6978008350125091e-53,145645,0.23056853970224972,5.532265474340532,5.812297740319647e-57
D:\MT5_Backtests\Research\PhenomenonDiscovery\phase_ib_v1\xauusd_m1_2024_2025_raw.csv,ret6,lt,0.7,0.8761164142221105,48,1,,,9.395930196658158e-107,"[{'quantile': 0.3, 'cutpoint': -0.8089175613847972, 'y2025': {'n': 102071, 'mean_atr': 0.27568707508355517, 'sd_atr': 5.569038776219089, 'p': 2.4264940281950207e-56}}, {'quantile': 0.8, 'cutpoint': 1.3940480741513348, 'y2025': {'n': 286280, 'mean_atr': 0.24284849301537678, 'sd_atr': 5.563842390236369, 'p': 1.2632436200993143e-120}}]",249110,0.2257883098929632,5.969246871798856,1.6997870890834327e-79,250465,0.24593220463703228,5.562965936439675,1.817927394991318e-108,123177,0.22262970434992477,5.632314889422464,9.271984081304985e-44,127288,0.2684821078318742,5.494951592553573,4.723361624738356e-68
D:\MT5_Backtests\Research\PhenomenonDiscovery\phase_ib_v1\xauusd_m5_2024_2025_news_clean.csv,rsi7,gt,0.2,37.421111734315204,48,1,,,1.1129818455882055e-106,"[{'quantile': 0.1, 'cutpoint': 30.09073145984612, 'y2025': {'n': 63082, 'mean_atr': 0.49958448937979044, 'sd_atr': 5.268730728857567, 'p': 2.3198685395681825e-125}}, {'quantile': 0.3, 'cutpoint': 42.759598863381754, 'y2025': {'n': 49420, 'mean_atr': 0.49350749455255577, 'sd_atr': 5.234150032741305, 'p': 1.5090787443344346e-97}}]",56344,0.3443178789272587,5.67640338923436,5.305884566376401e-47,56200,0.48916160994457425,5.243119792723277,2.1577509201522432e-108,27649,0.4794241605231222,5.12214368878082,1.2881209739737165e-54,28551,0.49859142813145824,5.357743890591536,1.0295429036972974e-55
D:\MT5_Backtests\Research\PhenomenonDiscovery\phase_ib_v1\xauusd_m1_2024_2025_raw.csv,ret48,gt,0.1,-5.5750807526339985,48,1,,,1.136109919129337e-106,"[{'quantile': 0.05, 'cutpoint': -7.125476442222501, 'y2025': {'n': 340652, 'mean_atr': 0.22900781769260944, 'sd_atr': 5.572174315052636, 'p': 3.7748204422173244e-127}}, {'quantile': 0.2, 'cutpoint': -3.599641302650397, 'y2025': {'n': 287636, 'mean_atr': 0.21162122509575232, 'sd_atr': 5.599325608580201, 'p': 2.3860099406813857e-91}}]",320253,0.21088140533292007,6.012503699170614,1.1334990816380383e-87,323872,0.21729676029630232,5.591511446218322,2.20703029161695e-108,159008,0.21565187485021226,5.702338246228585,2.1830136344825332e-51,164864,0.2188832191048468,5.482516124677129,4.253399850774371e-59
D:\MT5_Backtests\Research\PhenomenonDiscovery\phase_ib_v1\xauusd_m1_2024_2025_raw.csv,ret3,lt,0.7,0.6067730564513797,48,1,,,1.3814113446936545e-106,"[{'quantile': 0.3, 'cutpoint': -0.5695717953480864, 'y2025': {'n': 102755, 'mean_atr': 0.25613646632905934, 'sd_atr': 5.6303836371194596, 'p': 3.624554412808314e-48}}, {'quantile': 0.8, 'cutpoint': 0.9774291147574004, 'y2025': {'n': 286791, 'mean_atr': 0.2444307046794241, 'sd_atr': 5.579864186149914, 'p': 1.0626352987397295e-121}}]",249110,0.2295835698989113,6.001260834730035,2.8395344651339445e-81,250481,0.24643082074329353,5.578876683737991,2.688957354821138e-108,123129,0.22852855656294263,5.670014768609869,2.0678425802656088e-45,127352,0.2637394447638226,5.489288989217495,6.737364119399938e-66
D:\MT5_Backtests\Research\PhenomenonDiscovery\phase_ib_v1\xauusd_m1_2024_2025_raw.csv,ret1,gt,0.05,-1.1350961867817468,48,1,21.0,8.0,1.7801883945704063e-106,"[{'quantile': 0.1, 'cutpoint': -0.8588557391454485, 'y2025': {'n': 97160, 'mean_atr': 0.43561544459553, 'sd_atr': 6.300337298125706, 'p': 5.094598732963321e-103}}]",101803,0.32990137769700595,6.806335782737079,5.973618090740299e-54,101825,0.43604638060561673,6.297251560734334,3.472146688909603e-108,50121,0.6288762642953256,6.687801408702954,2.1960426037978755e-98,51704,0.2491202897729558,5.8880485126270194,6.548162802538933e-22
D:\MT5_Backtests\Research\PhenomenonDiscovery\phase_ib_v1\xauusd_m1_2024_2025_news_clean.csv,range,gt,0.2,0.6131039265540629,48,1,,,2.8062941018517453e-106,"[{'quantile': 0.1, 'cutpoint': 0.4926628769624299, 'y2025': {'n': 320436, 'mean_atr': 0.23384042695761614, 'sd_atr': 5.620558376081622, 'p': 1.2238425745726109e-122}}, {'quantile': 0.3, 'cutpoint': 0.7077568710918251, 'y2025': {'n': 249473, 'mean_atr': 0.23068493100199527, 'sd_atr': 5.614228178204742, 'p': 1.3415931892386734e-93}}]",281890,0.2018582580563399,6.071312324275907,9.75208710998536e-70,285596,0.2323032059626164,5.623783772205176,5.484470962030459e-108,140171,0.2309418723940517,5.676416982529345,2.1679132885606508e-52,145425,0.23361535647070844,5.572600851002245,1.578033998454256e-57
