candidate_id,dataset,feature,operator,quantile,cutpoint,horizon_bars,direction,hour_start,hour_width,status,fail_reasons,signals_total,ignored_overlap_signals,executable_trades,2024_E1_trades,2024_E1_gross,2024_E1_net,2024_E1_expectancy,2024_E1_expectancy_bps,2024_E1_PF,2024_E1_win_rate,2024_E1_max_drawdown_realized,2024_E1_ex_best_positive_net,2024_STRESS_trades,2024_STRESS_gross,2024_STRESS_net,2024_STRESS_expectancy,2024_STRESS_expectancy_bps,2024_STRESS_PF,2024_STRESS_win_rate,2024_STRESS_max_drawdown_realized,2024_STRESS_ex_best_positive_net,2025_E1_trades,2025_E1_gross,2025_E1_net,2025_E1_expectancy,2025_E1_expectancy_bps,2025_E1_PF,2025_E1_win_rate,2025_E1_max_drawdown_realized,2025_E1_ex_best_positive_net,2025_STRESS_trades,2025_STRESS_gross,2025_STRESS_net,2025_STRESS_expectancy,2025_STRESS_expectancy_bps,2025_STRESS_PF,2025_STRESS_win_rate,2025_STRESS_max_drawdown_realized,2025_STRESS_ex_best_positive_net,2025_H1_E1_trades,2025_H1_E1_gross,2025_H1_E1_net,2025_H1_E1_expectancy,2025_H1_E1_expectancy_bps,2025_H1_E1_PF,2025_H1_E1_win_rate,2025_H1_E1_max_drawdown_realized,2025_H1_E1_ex_best_positive_net,2025_H1_STRESS_trades,2025_H1_STRESS_gross,2025_H1_STRESS_net,2025_H1_STRESS_expectancy,2025_H1_STRESS_expectancy_bps,2025_H1_STRESS_PF,2025_H1_STRESS_win_rate,2025_H1_STRESS_max_drawdown_realized,2025_H1_STRESS_ex_best_positive_net,2025_H2_E1_trades,2025_H2_E1_gross,2025_H2_E1_net,2025_H2_E1_expectancy,2025_H2_E1_expectancy_bps,2025_H2_E1_PF,2025_H2_E1_win_rate,2025_H2_E1_max_drawdown_realized,2025_H2_E1_ex_best_positive_net,2025_H2_STRESS_trades,2025_H2_STRESS_gross,2025_H2_STRESS_net,2025_H2_STRESS_expectancy,2025_H2_STRESS_expectancy_bps,2025_H2_STRESS_PF,2025_H2_STRESS_win_rate,2025_H2_STRESS_max_drawdown_realized,2025_H2_STRESS_ex_best_positive_net
R5E-001,xauusd_m1_2024_2025_news_clean.csv,sma5,lt,0.05,-1.2297444717301456,1,1,,,FAIL,E1_NET_NONPOSITIVE_2024;E1_NET_NONPOSITIVE_2025;E1_NET_NONPOSITIVE_2025_H1;E1_NET_NONPOSITIVE_2025_H2;STRESS_NET_NONPOSITIVE_2024;STRESS_NET_NONPOSITIVE_2025;STRESS_2025_EX_BEST_NONPOSITIVE,33830,21,33809,17606,337.9300000000021,-17085.195959936897,-0.9704189458103428,-4.05760974449848,0.03703495340377397,0.05691241622174259,17085.195959936893,-17105.391157976508,17606,337.9300000000021,-38716.80645019104,-2.1990688657384436,-9.197630922774307,0.003892614044765509,0.007724639327501988,38716.806450191136,-38735.81621784429,16203,1398.9499999999894,-21691.27291431148,-1.3387195528180882,-3.8936892857355603,0.09619002981175236,0.11670678269456274,21691.27291431152,-21712.206311293165,16203,1398.9499999999894,-50358.844354226625,-3.107995084504513,-9.033752599488063,0.012000573824082397,0.022588409553786336,50358.84435422655,-50377.722629563206,8021,572.8099999999959,-9666.98800366807,-1.2052098246687533,-3.9122214535716338,0.09013022555173102,0.11532227901757885,9666.98800366807,-9687.418096298421,8021,572.8099999999959,-22380.167165831303,-2.790196629576275,-9.052280003661739,0.010438562736515056,0.02094501932427378,22380.16716583127,-22399.045441167887,8182,826.1399999999935,-12024.284910643411,-1.4696021645860928,-3.8755217816762655,0.1010036212034091,0.11806404302126619,12024.284910643373,-12045.218307625093,8182,826.1399999999935,-27978.677188395326,-3.419540111023628,-9.015589765354957,0.013246482417866745,0.024199462234172575,27978.677188395228,-27997.504174937894
R5E-002,xauusd_m1_2024_2025_raw.csv,sma5,lt,0.05,-1.2275741429312652,1,1,,,FAIL,E1_NET_NONPOSITIVE_2024;E1_NET_NONPOSITIVE_2025;E1_NET_NONPOSITIVE_2025_H1;E1_NET_NONPOSITIVE_2025_H2;STRESS_NET_NONPOSITIVE_2024;STRESS_NET_NONPOSITIVE_2025;STRESS_2025_EX_BEST_NONPOSITIVE,34179,13,34166,17788,352.4799999999982,-17250.78652380653,-0.9697991074773179,-4.054804911647686,0.03672899690262421,0.05706093995952327,17250.78652380655,-17266.898090550472,17788,352.4799999999982,-39106.04979137938,-2.1984511913300753,-9.19482681090105,0.003555575224259024,0.007645603777827749,39106.0497913795,-39120.93417292711,16378,1447.6799999999835,-21892.321519753266,-1.3366907754153905,-3.8871085641322463,0.09550948811655059,0.11661985590426181,21892.321519753317,-21913.25491673495,16378,1447.6799999999835,-50870.00456143964,-3.105996126599074,-9.027173569448108,0.011730121851623717,0.02259128098668946,50870.004561439615,-50888.88283677622,8108,616.3599999999942,-9734.883270117101,-1.2006516120026025,-3.897526712296313,0.09103370787642187,0.11605821410952145,9734.883270117101,-9755.313362747453,8108,616.3599999999942,-22586.426845076938,-2.7856964535122026,-9.037589039644807,0.010525163039508878,0.02133695115934879,22586.426845076912,-22605.305120413523,8270,831.3199999999892,-12157.438249636163,-1.4700650845992942,-3.8768944957750215,0.0990617475731106,0.11717049576783554,12157.438249636118,-12178.371646617845,8270,831.3199999999892,-28283.577716362695,-3.420021489282067,-9.016962126599877,0.012690260730266002,0.023821039903264812,28283.577716362615,-28302.404702905264
R5E-003,xauusd_m1_2024_2025_raw.csv,ret1,lt,0.1,-0.8588557391454485,3,1,,,FAIL,E1_NET_NONPOSITIVE_2024;E1_NET_NONPOSITIVE_2025;E1_NET_NONPOSITIVE_2025_H1;E1_NET_NONPOSITIVE_2025_H2;STRESS_NET_NONPOSITIVE_2024;STRESS_NET_NONPOSITIVE_2025;STRESS_2025_EX_BEST_NONPOSITIVE,68287,12047,56238,29220,600.5899999999983,-28275.118155849177,-0.9676631812405605,-4.051248110618337,0.0817850244661755,0.11290212183436003,28275.11815584913,-28293.849180256784,29220,600.5899999999983,-64125.635043096285,-2.194580254726088,-9.19127092414139,0.009983463911879134,0.020088980150581793,64125.63504309615,-64143.13820898052,27018,1710.3499999999985,-36741.747325635515,-1.3598988572668411,-3.948351746115548,0.15426307611574117,0.17432822562735953,36741.74732563553,-36765.31902125088,27018,1710.3499999999985,-84481.7908597848,-3.1268706366046635,-9.088401008975064,0.024607385003230803,0.04367458731216226,84481.79085978551,-84503.26644810394,13308,868.9299999999894,-16110.03909795351,-1.2105529830142403,-3.9277210823485813,0.15764792099546523,0.17921550946798917,16110.039097953582,-16129.799329272922,13308,868.9299999999894,-37190.208458365756,-2.794575327499681,-9.067775648285323,0.024198945085413936,0.04561166215810039,37190.208458365676,-37208.41704457812,13710,841.4200000000092,-20631.708227682004,-1.5048656621212257,-3.9683774845116684,0.15160108482572054,0.16958424507658643,20631.708227681884,-20655.279923297367,13710,841.4200000000092,-47291.582401419044,-3.449422494633045,-9.108421599788999,0.024928342996693095,0.04179431072210066,47291.58240141867,-47313.05798973818
R5E-004,xauusd_m1_2024_2025_raw.csv,body,lt,0.3,-0.31832914321203437,3,1,,,FAIL,E1_NET_NONPOSITIVE_2024;E1_NET_NONPOSITIVE_2025;E1_NET_NONPOSITIVE_2025_H1;E1_NET_NONPOSITIVE_2025_H2;STRESS_NET_NONPOSITIVE_2024;STRESS_NET_NONPOSITIVE_2025;STRESS_2025_EX_BEST_NONPOSITIVE,211007,78918,132088,66621,974.3799999999844,-64858.27776861589,-0.9735410421431063,-4.076946468883764,0.07513576531530933,0.10817910268533945,64858.277768616004,-64876.143241962236,66621,974.3799999999844,-146592.54369082142,-2.200395426229288,-9.216962676687292,0.008353413524185957,0.018552708605394694,146592.54369082162,-146609.22407558,65467,1752.6899999999841,-91585.89337107625,-1.3989627349821474,-4.056594586694037,0.12987674714214162,0.1587059129026838,91586.58647256005,-91614.09901866807,65467,1752.6899999999841,-207470.02827551807,-3.1690779824265367,-9.196616025914459,0.01840395139030471,0.036919363954358686,207470.02827551845,-207496.16755330624,32088,831.4800000000478,-40036.60186509588,-1.2477125986379918,-4.053833136848727,0.1271087741867217,0.15934305659436548,40036.60186509574,-40059.24240022954,32088,831.4800000000478,-90776.20108628162,-2.828976598300973,-9.193855285895161,0.01702163340269679,0.03577661431064572,90776.20108628133,-90797.10412163308,33378,920.9099999999366,-51548.224076400795,-1.5443772567679548,-4.0592740199709265,0.13201682956287866,0.1580981484810354,51548.917177884265,-51576.429723992616,33378,920.9099999999366,-116691.06203307833,-3.4960471578008967,-9.199294770447557,0.019477024429671128,0.0380190544670142,116691.06203307898,-116717.20131086651
R5E-005,xauusd_m1_2024_2025_raw.csv,ret3,lt,0.05,-1.947485662303986,1,1,,,FAIL,E1_NET_NONPOSITIVE_2024;E1_NET_NONPOSITIVE_2025;E1_NET_NONPOSITIVE_2025_H1;E1_NET_NONPOSITIVE_2025_H2;STRESS_NET_NONPOSITIVE_2024;STRESS_NET_NONPOSITIVE_2025;STRESS_2025_EX_BEST_NONPOSITIVE,33784,15,33769,17787,382.74999999999295,-17209.155840054158,-0.9675131185727868,-4.048918743696022,0.036833954975115914,0.05650193961882274,17209.15584005412,-17225.2674067981,17787,382.74999999999295,-39050.314297268684,-2.195441294050075,-9.188942155978904,0.0036345553545864646,0.0075898127846179796,39050.31429726873,-39065.198678816414,15982,1316.020000000019,-21464.575160677556,-1.343046875277034,-3.9072253743461935,0.09485667287482677,0.11462895757727444,21464.575160677563,-21485.50855765924,15982,1316.020000000019,-49747.72953474906,-3.1127349227098646,-9.047285208670012,0.011980021580763146,0.022838192967087972,49747.72953474911,-49766.60781008564,7888,517.8700000000149,-9553.425718844968,-1.2111340921456604,-3.933517216474089,0.09033881095994734,0.11435091277890466,9553.425718844981,-9573.85581147532,7888,517.8700000000149,-22057.401561377406,-2.796323727355148,-9.073570292524357,0.010828689783171754,0.02231237322515213,22057.401561377425,-22076.27983671399,8094,798.1500000000042,-11911.149441832586,-1.4716023525861854,-3.8816026846124605,0.09844795519491809,0.11489992587101557,11911.149441832576,-11932.082838814267,8094,798.1500000000042,-27690.32797337165,-3.421093152133883,-9.021669105205339,0.012895226802919274,0.02335063009636768,27690.327973371608,-27709.15495991422
R5E-006,xauusd_m1_2024_2025_raw.csv,body,lt,0.1,-0.8504524443981683,3,1,,,FAIL,E1_NET_NONPOSITIVE_2024;E1_NET_NONPOSITIVE_2025;E1_NET_NONPOSITIVE_2025_H1;E1_NET_NONPOSITIVE_2025_H2;STRESS_NET_NONPOSITIVE_2024;STRESS_NET_NONPOSITIVE_2025;STRESS_2025_EX_BEST_NONPOSITIVE,68427,12117,56309,29230,602.6099999999908,-28296.199931306357,-0.9680533674754142,-4.051967737791521,0.0824703487277717,0.11382141635306192,28296.19993130632,-28314.930955713964,29230,602.6099999999908,-64175.39873300357,-2.195531944338131,-9.191990366335627,0.010134722589883977,0.020321587410195005,64175.39873300344,-64192.9018988878,27079,1544.0599999999977,-37016.96484309832,-1.3669989601941845,-3.967729251309481,0.15227427957436196,0.17334465822223863,37016.96484309834,-37040.536538713684,27079,1544.0599999999977,-84892.24688979243,-3.134984559614182,-9.10777353321406,0.0240302333956279,0.043096126149414674,84892.2468897932,-84913.72247811157,13317,742.8099999999808,-16249.512663990086,-1.2202082048501979,-3.9586295573596013,0.15232944668520626,0.17706690696102725,16249.512663990126,-16269.2728953095,13317,742.8099999999808,-37346.26108988032,-2.8044049778388764,-9.09867617832512,0.02279242235002051,0.04377862882030487,37346.26108988029,-37364.46967609268,13762,801.2500000000168,-20767.452179108233,-1.5090431753457516,-3.976534702866708,0.15223110900852654,0.16974276994622875,20767.452179108128,-20791.023874723596,13762,801.2500000000168,-47545.98579991211,-3.454874712971378,-9.116576721344858,0.02500030832071797,0.04243569248655719,47545.98579991173,-47567.46138823125
R5E-007,xauusd_m1_2024_2025_raw.csv,ret1,lt,0.05,-1.1350961867817468,3,1,,,FAIL,E1_NET_NONPOSITIVE_2024;E1_NET_NONPOSITIVE_2025;E1_NET_NONPOSITIVE_2025_H1;E1_NET_NONPOSITIVE_2025_H2;STRESS_NET_NONPOSITIVE_2024;STRESS_NET_NONPOSITIVE_2025;STRESS_2025_EX_BEST_NONPOSITIVE,33921,3725,30196,15903,425.8200000000013,-15290.21529828385,-0.9614673519640226,-4.021073011645939,0.09136288012875347,0.11677042067534428,15290.215298283829,-15308.94632269146,15903,425.8200000000013,-34802.39438707734,-2.1884169268111258,-9.161103581627145,0.012824140864804226,0.023517575300257814,34802.394387077235,-34819.89755296157,14293,1477.1299999999997,-18857.95449412202,-1.319383928784861,-3.836829207806926,0.17995026775431747,0.1909326243615756,18857.954494122005,-18881.526189737382,14293,1477.1299999999997,-44104.89514157408,-3.085768917762127,-8.976907137346288,0.0316985453336602,0.05009445182956692,44104.89514157377,-44126.37072989322,7000,632.8199999999911,-8295.639186674061,-1.1850913123820088,-3.8509830341187596,0.17620859777191247,0.19557142857142856,8295.639186674056,-8315.399417993474,7000,632.8199999999911,-19380.731025133242,-2.76867586073332,-8.991057325441007,0.02793553716519903,0.04985714285714286,19380.731025133242,-19398.939611345606,7293,844.3100000000086,-10562.315307447958,-1.448281270731929,-3.823244018696432,0.18286522804528632,0.1864801864801865,10562.315307447989,-10585.887003063322,7293,844.3100000000086,-24724.16411644084,-3.3901225992651636,-8.963325440285677,0.034627976784893634,0.05032222679281503,24724.164116440752,-24745.63970475998
R5E-008,xauusd_m1_2024_2025_raw.csv,body,lt,0.05,-1.1246840800657971,3,1,,,FAIL,E1_NET_NONPOSITIVE_2024;E1_NET_NONPOSITIVE_2025;E1_NET_NONPOSITIVE_2025_H1;E1_NET_NONPOSITIVE_2025_H2;STRESS_NET_NONPOSITIVE_2024;STRESS_NET_NONPOSITIVE_2025;STRESS_2025_EX_BEST_NONPOSITIVE,33927,3718,30208,15903,471.74999999999795,-15254.094508649552,-0.9591960327390777,-4.008552947974361,0.09217313640033771,0.11758787650128906,15254.094508649534,-15272.825533057161,15903,471.74999999999795,-34778.45218214798,-2.186911411818398,-9.14858673621676,0.013124712084029442,0.023328931648116707,34778.45218214792,-34795.955348032214,14305,1418.0100000000039,-18943.077308424785,-1.3242277041890798,-3.847641349851695,0.17778102138967117,0.19279972037749038,18943.077308424774,-18966.649004040148,14305,1418.0100000000039,-44222.301643386534,-3.0913877415859163,-8.987716500148233,0.030325828491289737,0.05005242922055225,44222.30164338632,-44243.77723170567,7009,647.2699999999886,-8296.835747403833,-1.1837402978176392,-3.8468409470455813,0.17661534385136077,0.19888714509915822,8296.835747403817,-8316.595978723246,7009,647.2699999999886,-19401.353509042212,-2.7680629917309476,-8.986916303084305,0.02708028535849269,0.05050649165358825,19401.353509042234,-19419.562095254576,7296,770.7400000000152,-10646.24156102095,-1.4591888104469504,-3.8484102675145313,0.17868717211179963,0.18695175438596492,10646.241561020975,-10669.813256636315,7296,770.7400000000152,-24820.948134344322,-3.401993987711667,-8.988485220162083,0.03284767658491398,0.04961622807017544,24820.948134344235,-24842.42372266346
R5E-009,xauusd_m1_2024_2025_news_clean.csv,ret3,lt,0.05,-1.9514620402302503,1,1,,,FAIL,E1_NET_NONPOSITIVE_2024;E1_NET_NONPOSITIVE_2025;E1_NET_NONPOSITIVE_2025_H1;E1_NET_NONPOSITIVE_2025_H2;STRESS_NET_NONPOSITIVE_2024;STRESS_NET_NONPOSITIVE_2025;STRESS_2025_EX_BEST_NONPOSITIVE,33450,20,33430,17608,373.2299999999907,-17040.65888710749,-0.9677793552423608,-4.049682034652918,0.03806023299368794,0.05662199000454339,17040.65888710744,-17060.8540851471,17608,373.2299999999907,-38660.80112740866,-2.1956384102344764,-9.18970525073315,0.004121828847994014,0.00817810086324398,38660.80112740871,-38679.810895061906,15822,1214.9600000000205,-21335.901017359036,-1.3484958296902436,-3.922281738652405,0.09475906080441263,0.11446087725951207,21335.90101735903,-21356.83441434072,15822,1214.9600000000205,-49333.829909465734,-3.1180527056924365,-9.062337702763246,0.011951814936596104,0.023005941094678295,49333.8299094658,-49352.708184802315,7802,476.80000000001246,-9484.053214212468,-1.21559256783036,-3.9468697548597933,0.09038920382627724,0.11368879774416817,9484.05321421247,-9504.48330684282,7802,476.80000000001246,-21850.909618756148,-2.8006805458544153,-9.086919398662655,0.011066715769216738,0.02230197385285824,21850.909618756177,-21869.787894092733,8020,738.160000000008,-11851.84780314657,-1.4777865091205198,-3.898362075005268,0.09822576953011088,0.11521197007481297,11851.84780314655,-11872.781200128251,8020,738.160000000008,-27482.920290709586,-3.4267980412356094,-9.038424187625191,0.012654403011749981,0.02369077306733167,27482.92029070952,-27501.747277252154
R5E-010,xauusd_m1_2024_2025_raw.csv,ret1,lt,0.3,-0.32149726575184057,3,1,,,FAIL,E1_NET_NONPOSITIVE_2024;E1_NET_NONPOSITIVE_2025;E1_NET_NONPOSITIVE_2025_H1;E1_NET_NONPOSITIVE_2025_H2;STRESS_NET_NONPOSITIVE_2024;STRESS_NET_NONPOSITIVE_2025;STRESS_2025_EX_BEST_NONPOSITIVE,211036,78776,132258,66697,983.6799999999716,-64918.40983694288,-0.9733332809113285,-4.076709589321061,0.07488543418348509,0.1078759164580116,64918.409836943174,-64936.27531028923,66697,983.6799999999716,-146738.87885844285,-2.2000821455004402,-9.216725858014078,0.00834469488200906,0.018366643177354303,146738.87885844332,-146755.55924320142,65561,1801.1599999999971,-91647.11182023838,-1.3978906944713836,-4.054430224503411,0.13061264089260977,0.15887494089473925,91647.80492172239,-91675.3174678302,65561,1801.1599999999971,-207667.4299681727,-3.167545186439693,-9.194452220069474,0.018743150713509998,0.037186742118027485,207667.42996817327,-207693.56924596088,32178,888.0400000000541,-40092.72853743669,-1.2459670749405398,-4.048347866586347,0.12845604609636083,0.1593946174404873,40092.728537436626,-40115.36907257035,32178,888.0400000000541,-90972.2334337653,-2.8271562382300113,-9.188371425612226,0.01757842535529341,0.03629809186400646,90972.23343376536,-90993.13646911675,33382,912.8199999999433,-51553.31585322211,-1.5443447322875237,-4.060317848671312,0.1322847914498958,0.15837876700017975,51554.00895470541,-51581.521500813935,33382,912.8199999999433,-116692.4313782493,-3.495669264221715,-9.20033833083354,0.019649679809629533,0.03804445509556048,116692.43137824995,-116718.57065603748
R5E-011,xauusd_m1_2024_2025_news_clean.csv,ret1,lt,0.1,-0.8594274790148229,3,1,,,FAIL,E1_NET_NONPOSITIVE_2024;E1_NET_NONPOSITIVE_2025;E1_NET_NONPOSITIVE_2025_H1;E1_NET_NONPOSITIVE_2025_H2;STRESS_NET_NONPOSITIVE_2024;STRESS_NET_NONPOSITIVE_2025;STRESS_2025_EX_BEST_NONPOSITIVE,67603,11923,55678,28938,597.6900000000112,-28001.163993813225,-0.9676260969594729,-4.051322166486138,0.08133983375937914,0.11185983827493262,28001.163993813225,-28018.205703898424,28938,597.6900000000112,-63507.95373303454,-2.194621388245025,-9.191344960973256,0.009948615913485125,0.019939180316538806,63507.95373303441,-63523.80568226794,26740,1609.2199999999943,-36457.310508367096,-1.3633997946285377,-3.9575231915524607,0.15428063450076543,0.17341062079281974,36457.31050836715,-36480.88220398246,26740,1609.2199999999943,-83718.65514410193,-3.130839758567761,-9.097570096907438,0.024934386218091353,0.04367988032909499,83718.6551441026,-83740.13073242106,13153,830.649999999986,-15950.964039447104,-1.2127244004749567,-3.9341270795291026,0.15787838688702313,0.17851440735953775,15950.964039447168,-15970.724270766517,13153,830.649999999986,-36786.10803748692,-2.796784614725684,-9.074179998815104,0.024604550007175915,0.04561696951265871,36786.10803748691,-36804.316623699284,13587,778.5700000000083,-20506.346468919994,-1.5092622704732461,-3.980171977998566,0.15146077790418314,0.16846986089644514,20506.346468919874,-20529.918164535356,13587,778.5700000000083,-46932.547106615006,-3.454224413528741,-9.120213061521296,0.025192758589530215,0.04180466622506808,46932.54710661466,-46954.022694934145
R5E-012,xauusd_m1_2024_2025_news_clean.csv,ret1,lt,0.05,-1.136053748714633,3,1,,,FAIL,E1_NET_NONPOSITIVE_2024;E1_NET_NONPOSITIVE_2025;E1_NET_NONPOSITIVE_2025_H1;E1_NET_NONPOSITIVE_2025_H2;STRESS_NET_NONPOSITIVE_2024;STRESS_NET_NONPOSITIVE_2025;STRESS_2025_EX_BEST_NONPOSITIVE,33578,3687,29891,15751,421.46000000000595,-15147.37919218995,-0.9616773025325345,-4.023278885462473,0.09111204926198505,0.11592914735572345,15147.379192189928,-15164.42090227515,15751,421.46000000000595,-34476.807559904795,-2.1888646790619513,-9.163308888427547,0.012661435756699035,0.02380801218970224,34476.807559904715,-34492.6595091382,14140,1420.870000000003,-18700.37369896078,-1.322515820294256,-3.846149086372247,0.1805379055355383,0.19002828854314002,18700.373698960764,-18723.94539457614,14140,1420.870000000003,-43681.82118544852,-3.089237707598905,-8.986224620252589,0.03214799259868997,0.050636492220650635,43681.821185448214,-43703.29677376766,6920,596.4299999999903,-8230.930343255008,-1.1894408010484114,-3.8631976612799495,0.1767359384935916,0.19436416184971098,8230.930343255008,-8250.69057457442,6920,596.4299999999903,-19190.503327922503,-2.7731941225321535,-9.003268812852946,0.028531078344922873,0.05057803468208093,19190.503327922488,-19208.711914134867,7220,824.4400000000128,-10469.443355705771,-1.4500614066074475,-3.829808901003646,0.18350239179847838,0.1858725761772853,10469.443355705807,-10493.015051321136,7220,824.4400000000128,-24491.317857526017,-3.3921492877459856,-8.969888635100999,0.034963309823923656,0.05069252077562327,24491.31785752592,-24512.793445845156
R5E-013,xauusd_m1_2024_2025_news_clean.csv,body,lt,0.05,-1.1238749888734236,3,1,,,FAIL,E1_NET_NONPOSITIVE_2024;E1_NET_NONPOSITIVE_2025;E1_NET_NONPOSITIVE_2025_H1;E1_NET_NONPOSITIVE_2025_H2;STRESS_NET_NONPOSITIVE_2024;STRESS_NET_NONPOSITIVE_2025;STRESS_2025_EX_BEST_NONPOSITIVE,33604,3699,29904,15747,411.219999999998,-15162.153278804295,-0.9628598005210068,-4.025282249805643,0.08950352149253901,0.11564107449037912,15162.153278804286,-15179.194988889494,15747,411.219999999998,-34497.21092316932,-2.190716385544505,-9.165311737809303,0.012377450671547724,0.022988505747126436,34497.210923169245,-34513.06287240272,14157,1349.0900000000033,-18808.03216864127,-1.3285323280808978,-3.860088069532035,0.1776559762684685,0.19142473687928233,18808.03216864127,-18831.603864256635,14157,1349.0900000000033,-43834.024422060735,-3.0962791850011113,-9.00016002042033,0.030727066900056714,0.05029314120223211,43834.02442206049,-43855.500010379874,6925,584.1299999999874,-8252.186376292231,-1.1916514622804666,-3.869832129979722,0.17588056664989135,0.1963898916967509,8252.186376292211,-8271.946607611644,6925,584.1299999999874,-19222.878687039993,-2.7758669584173274,-9.00990157617376,0.027746729612497273,0.05068592057761733,19222.87868704,-19241.087273252357,7232,764.960000000016,-10555.84579234904,-1.4596025708447236,-3.8507576466061186,0.17903860996412468,0.1866703539823009,10555.845792349064,-10579.417487964405,7232,764.960000000016,-24611.14573502074,-3.4030898416787525,-8.990831995863845,0.03304222208903693,0.049917035398230086,24611.145735020636,-24632.621323339878
R5E-014,xauusd_m1_2024_2025_news_clean.csv,body,lt,0.3,-0.31779518060030204,3,1,,,FAIL,E1_NET_NONPOSITIVE_2024;E1_NET_NONPOSITIVE_2025;E1_NET_NONPOSITIVE_2025_H1;E1_NET_NONPOSITIVE_2025_H2;STRESS_NET_NONPOSITIVE_2024;STRESS_NET_NONPOSITIVE_2025;STRESS_2025_EX_BEST_NONPOSITIVE,209025,78209,130815,65957,983.0299999999836,-64192.37152195378,-0.973245774094543,-4.075602775128682,0.07509049236464019,0.10696362781812394,64192.3715219538,-64210.120674570055,65957,983.0299999999836,-145110.62364996693,-2.2000791978101937,-9.215619328326417,0.008735146376105337,0.018223994420607365,145110.62364996687,-145127.1053737652,64858,1662.9599999999823,-90821.08719871187,-1.4003066267648072,-4.059609471868875,0.13045962643707956,0.1580529772734281,90821.78030019568,-90849.2928463037,64858,1662.9599999999823,-205644.27622760338,-3.1706848226526163,-9.19963013611816,0.018931306220754108,0.03703475284467606,205644.27622760364,-205670.58720266854,31775,805.2400000000498,-39666.42917301261,-1.2483533964756133,-4.055090048282198,0.12831863201484414,0.15870967741935485,39666.429173012584,-39689.06970814627,31775,805.2400000000498,-89913.86384420694,-2.829704605639872,-9.195111874241675,0.017843982438194766,0.036034618410700235,89913.8638442067,-89934.76687955839,33082,857.4199999999328,-51153.590596119684,-1.546266567804839,-4.06397536330928,0.13211496664702396,0.15742699957680914,51154.28369760314,-51181.796243711506,33082,857.4199999999328,-115727.64722723833,-3.498205889221883,-9.203994905313557,0.01977487811629454,0.037996493561453355,115727.64722723875,-115753.95820230349
R5E-015,xauusd_m1_2024_2025_news_clean.csv,body,lt,0.1,-0.850147587970662,3,1,,,FAIL,E1_NET_NONPOSITIVE_2024;E1_NET_NONPOSITIVE_2025;E1_NET_NONPOSITIVE_2025_H1;E1_NET_NONPOSITIVE_2025_H2;STRESS_NET_NONPOSITIVE_2024;STRESS_NET_NONPOSITIVE_2025;STRESS_2025_EX_BEST_NONPOSITIVE,67730,12014,55715,28932,542.289999999999,-28063.027958050796,-0.9699650199796349,-4.059955564664881,0.08053973127971625,0.11226323793723213,28063.027958050796,-28080.069668135995,28932,542.289999999999,-63577.84300570357,-2.1974921542134513,-9.199976139951598,0.009738548530519734,0.019770496336236693,63577.84300570338,-63593.694954936975,26783,1396.4199999999937,-36751.90785034502,-1.372210277054289,-3.9818747027610315,0.1512960116677125,0.17204943434268005,36751.90785034498,-36775.479545960385,26783,1396.4199999999937,-84114.80764080257,-3.1406043998358126,-9.12191534860124,0.02414763331619357,0.04278833588470298,84114.80764080334,-84136.2832291217,13156,677.2799999999806,-16108.630438511827,-1.2244322315682448,-3.9718889078631894,0.1513507780491673,0.17588932806324112,16108.630438511856,-16128.39066983124,13156,677.2799999999806,-36949.10861365316,-2.8085366839201247,-9.111932120535087,0.022858195949454176,0.043402249923989056,36949.10861365315,-36967.31719986552,13627,719.1400000000131,-20643.27741183319,-1.5148805615200112,-3.991515351302604,0.15125327074313885,0.16834226168635796,20643.277411833085,-20666.849107448554,13627,719.1400000000131,-47165.69902714941,-3.4611946156270204,-9.13155351903041,0.02515539012908455,0.042195641006824686,47165.69902714903,-47187.174615468546
R5E-016,xauusd_m1_2024_2025_news_clean.csv,sma20,lt,0.2,-1.3162181341880195,6,1,0.0,2.0,FAIL,E1_NET_NONPOSITIVE_2024;E1_NET_NONPOSITIVE_2025;E1_NET_NONPOSITIVE_2025_H1;E1_NET_NONPOSITIVE_2025_H2;STRESS_NET_NONPOSITIVE_2024;STRESS_NET_NONPOSITIVE_2025;STRESS_2025_EX_BEST_NONPOSITIVE,2326,1499,827,384,7.210000000000946,-369.2687514999051,-0.9616373736976694,-4.038392398469928,0.10974415315501143,0.140625,369.26875149990525,-375.458593209845,384,7.210000000000946,-836.684399474576,-2.1788656236317085,-9.178418516532046,0.014701730106731271,0.036458333333333336,836.6843994745761,-841.744237919306,443,339.15000000000055,-292.4151491151895,-0.6600793433751455,-2.0608027691882747,0.5611919934689285,0.32054176072234764,312.43489099519553,-307.8740616987656,443,339.15000000000055,-1076.5322655433545,-2.4300954075470758,-7.201337223319783,0.15556154862334443,0.14221218961625282,1078.8074460630446,-1090.2764947694466,222,117.26000000000658,-167.42625113582943,-0.7541723024136461,-2.48487338058156,0.5206129443627551,0.32882882882882886,173.59905788635746,-182.88516371940557,222,117.26000000000658,-520.8772968612554,-2.346294130005655,-7.625298828079667,0.16020125257855974,0.14414414414414414,525.3775013886316,-534.6215260873475,221,221.88999999999396,-124.98889797936006,-0.5655606243409957,-1.6348132862502227,0.6058804777361311,0.31221719457013575,145.00863985936599,-134.9522817552362,221,221.88999999999396,-555.654968682099,-2.5142758763895885,-6.775457240257819,0.15116544088677694,0.14027149321266968,557.9301492017889,-563.9092202735412
R5E-017,xauusd_m1_2024_2025_raw.csv,rsi7,lt,0.3,41.61735417025374,3,1,0.0,2.0,FAIL,E1_NET_NONPOSITIVE_2024;E1_NET_NONPOSITIVE_2025;E1_NET_NONPOSITIVE_2025_H1;E1_NET_NONPOSITIVE_2025_H2;STRESS_NET_NONPOSITIVE_2024;STRESS_NET_NONPOSITIVE_2025;STRESS_2025_EX_BEST_NONPOSITIVE,6242,3330,2912,1441,22.300000000004275,-1386.7490993287759,-0.9623519079311421,-4.073437875447139,0.0400681224433803,0.05690492713393477,1386.7606728003004,-1390.82761042607,1441,22.300000000004275,-3136.1482225795057,-2.1763693425256805,-9.213454985128674,0.003957606865172189,0.0131852879944483,3136.1482225795044,-3138.821938292329,1471,302.11999999998943,-1782.1635667570426,-1.211531996435787,-3.5679778448708945,0.18409259019815166,0.15159755268524813,1784.7181501931332,-1801.9237980764565,1471,302.11999999998943,-4369.897269456655,-2.970698347693171,-8.708124882198376,0.03817397590165141,0.045547246770904146,4370.222760844058,-4388.105855669018,730,86.1899999999955,-840.7857933893386,-1.1517613608073132,-3.7419513566090306,0.1743826749451917,0.1506849315068493,843.2913715085083,-860.5460247087523,730,86.1899999999955,-1991.6687829770076,-2.7283134013383665,-8.882053674339572,0.038907904503438374,0.043835616438356165,1991.6687829770065,-2009.8773691893703,741,215.92999999999392,-941.3777733677041,-1.2704153486743646,-3.3965869358711105,0.19257385986207945,0.1524966261808367,944.6332815766924,-951.5281037841959,741,215.92999999999392,-2378.228486479647,-3.209485136949591,-8.536778028941866,0.03755847782762624,0.04723346828609987,2378.5539778670523,-2386.355507353861
R5E-018,xauusd_m1_2024_2025_raw.csv,body,lt,0.2,-0.5335329945378791,3,1,,,FAIL,E1_NET_NONPOSITIVE_2024;E1_NET_NONPOSITIVE_2025;E1_NET_NONPOSITIVE_2025_H1;E1_NET_NONPOSITIVE_2025_H2;STRESS_NET_NONPOSITIVE_2024;STRESS_NET_NONPOSITIVE_2025;STRESS_2025_EX_BEST_NONPOSITIVE,139296,40146,99149,50581,1011.109999999949,-48956.1454862745,-0.967876188416095,-4.054825762171985,0.07831760988401401,0.11093098198928451,48956.14548627481,-48974.87651068211,50581,1011.109999999949,-110992.78635251005,-2.1943572952790587,-9.19484765606576,0.008990541763732708,0.019117850576303354,110992.78635251088,-111010.28951839429,48568,1409.4299999999603,-67802.36923851684,-1.396029674652381,-4.049216780684193,0.13432947163353687,0.16272030966891782,67802.36923851716,-67826.13960184208,48568,1409.4299999999603,-153731.99437560063,-3.165293904949774,-9.189240116357173,0.019396358179488295,0.038132103442595947,153731.9943756008,-153754.0270258392,23837,656.6300000000156,-29715.589826630705,-1.2466161776494822,-4.046514491277435,0.13322863495528373,0.16340143474430507,29715.589826630818,-29739.360189955943,23837,656.6300000000156,-67424.09463346322,-2.828547830409163,-9.186538521569336,0.018523421781436553,0.03771447749297311,67424.09463346285,-67446.12728370179,24731,752.7999999999447,-38086.779411886135,-1.5400420287043037,-4.051821385131603,0.1351864126780292,0.16206380655857022,38086.77941188607,-38110.3511075015,24731,752.7999999999447,-86307.89974213742,-3.4898669581552473,-9.191844051295414,0.0200772201711103,0.03853463264728479,86307.8997421378,-86329.37533045656
R5E-019,xauusd_m1_2024_2025_news_clean.csv,ret1,lt,0.3,-0.32125443911119145,3,1,,,FAIL,E1_NET_NONPOSITIVE_2024;E1_NET_NONPOSITIVE_2025;E1_NET_NONPOSITIVE_2025_H1;E1_NET_NONPOSITIVE_2025_H2;STRESS_NET_NONPOSITIVE_2024;STRESS_NET_NONPOSITIVE_2025;STRESS_2025_EX_BEST_NONPOSITIVE,209029,78043,130984,66031,1040.59999999997,-64202.98724114319,-0.9723158401530069,-4.072146225726541,0.07527868050133035,0.10675288879465705,64202.98724114336,-64222.80705460233,66031,1040.59999999997,-145205.89506864425,-2.199056429080951,-9.212163667424452,0.008858025330135836,0.01820357104996138,145205.8950686444,-145224.48552013535,64953,1726.1099999999947,-90868.44413413346,-1.3989876392796863,-4.056723848364231,0.13141706980148632,0.15846843101935246,90869.13723561734,-90896.64978172528,64953,1726.1099999999947,-205828.8325947255,-3.168888774879151,-9.196745254358158,0.019307306446555924,0.03744245839299185,205828.83259472594,-205855.14356979067,31864,867.5200000000527,-39715.465107905424,-1.246405508031177,-4.049091609407219,0.12983216550279142,0.15914511674617124,39715.4651079054,-39738.10564303908,31864,867.5200000000527,-90101.10362077458,-2.8276771158917455,-9.189114977255262,0.01839700300191243,0.036687170474516695,90101.1036207748,-90122.00665612603,33088,858.2899999999422,-51151.91159664845,-1.5459354326840078,-4.064098682523672,0.13264602361435648,0.1578215667311412,51152.60469813176,-51180.117244240275,33088,858.2899999999422,-115724.96381779283,-3.4974904442031196,-9.204118192828952,0.020015333818681792,0.03817093810444874,115724.96381779335,-115751.27479285799
R5E-020,xauusd_m1_2024_2025_news_clean.csv,sma5,lt,0.1,-0.9408859569161797,3,1,0.0,2.0,FAIL,E1_NET_NONPOSITIVE_2024;E1_NET_NONPOSITIVE_2025;E1_NET_NONPOSITIVE_2025_H1;E1_NET_NONPOSITIVE_2025_H2;STRESS_NET_NONPOSITIVE_2024;STRESS_NET_NONPOSITIVE_2025;STRESS_2025_EX_BEST_NONPOSITIVE,1513,544,969,459,28.900000000001683,-427.02022407953837,-0.9303272855763363,-3.8528228122192285,0.07940483763087447,0.09368191721132897,427.0202240795384,-434.7423850717186,459,28.900000000001683,-993.0661060579283,-2.1635427147231554,-8.992896630629627,0.01308520881373338,0.02178649237472767,993.0661060579282,-999.5742350727386,510,278.9099999999944,-446.98801343953164,-0.8764470851755523,-2.6622475903374556,0.4066896677424697,0.2411764705882353,459.09752509948646,-469.865747954028,510,278.9099999999944,-1348.2237104028727,-2.643575902750731,-7.802627444094949,0.11316863496668098,0.08627450980392157,1348.223710402873,-1368.913511518105,252,62.08000000000038,-256.60907309308766,-1.0182899725916177,-3.3083454404769586,0.31269286848058925,0.23412698412698413,256.6090730930876,-276.36930441250144,252,62.08000000000038,-652.2761829688957,-2.588397551463872,-8.448559215874857,0.08601425075855203,0.07142857142857142,652.2761829688951,-670.4847691812585,258,216.82999999999402,-190.378940346444,-0.7379028695598605,-2.031175271596546,0.49903639226292534,0.24806201550387597,202.48845200639923,-213.25667486094034,258,216.82999999999402,-695.947527433977,-2.6974710365658026,-7.1717173414262,0.13719393114921263,0.10077519379844961,695.9475274339766,-716.6373285492093
R5E-021,xauusd_m1_2024_2025_news_clean.csv,rsi14,lt,0.3,44.655354021003795,3,1,0.0,2.0,FAIL,E1_NET_NONPOSITIVE_2024;E1_NET_NONPOSITIVE_2025;E1_NET_NONPOSITIVE_2025_H1;E1_NET_NONPOSITIVE_2025_H2;STRESS_NET_NONPOSITIVE_2024;STRESS_NET_NONPOSITIVE_2025;STRESS_2025_EX_BEST_NONPOSITIVE,4616,2519,2097,965,33.510000000003856,-905.6921449630822,-0.9385410828632976,-3.9900794220709694,0.05660365960718227,0.0766839378238342,905.6921449630833,-909.9227235902781,965,33.510000000003856,-2071.754711308883,-2.1468960738952156,-9.130117958901955,0.006724533489836783,0.015544041450777202,2071.7547113088835,-2074.856201581265,1132,339.5199999999959,-1271.9507639646763,-1.123631416929926,-3.3254964191776017,0.2596020943258195,0.18374558303886926,1277.0603003718825,-1291.7109952840901,1132,339.5199999999959,-3272.665672741028,-2.8910474140821805,-8.465705785945433,0.06165123017572562,0.06537102473498234,3272.6656727410327,-3290.874258953391,549,84.42000000000007,-614.339173141812,-1.1190148873257049,-3.630298586895722,0.2540407048595728,0.18761384335154827,618.6570137735167,-634.0994044612257,549,84.42000000000007,-1481.880754988154,-2.699236347883705,-8.770429604781873,0.06684062565542341,0.06739526411657559,1482.3078646098895,-1500.0893412005166,583,255.09999999999582,-657.6115908228643,-1.1279787149620313,-3.0384700211034192,0.26472313038286366,0.18010291595197256,662.7211272300704,-667.7619212393561,583,255.09999999999582,-1790.7849177528742,-3.0716722431438668,-8.17875316752141,0.05731314347268848,0.0634648370497427,1790.7849177528747,-1798.911938627088
R5E-022,xauusd_m1_2024_2025_raw.csv,rsi14,lt,0.2,40.953928686959365,6,1,0.0,2.0,FAIL,E1_NET_NONPOSITIVE_2024;E1_NET_NONPOSITIVE_2025;E1_NET_NONPOSITIVE_2025_H1;E1_NET_NONPOSITIVE_2025_H2;STRESS_NET_NONPOSITIVE_2024;STRESS_NET_NONPOSITIVE_2025;STRESS_2025_EX_BEST_NONPOSITIVE,2211,1386,825,383,40.91000000000167,-331.46717065272435,-0.8654495317303508,-3.6528378852063903,0.13807146332946724,0.17232375979112272,332.14181583518854,-337.8972938830005,383,40.91000000000167,-793.7905176622653,-2.0725600983348964,-8.792963109404031,0.016520497545957906,0.033942558746736295,793.7905176622652,-799.0909871485075,442,251.44999999999482,-380.3654826179752,-0.8605553905384055,-2.5792540917300206,0.4837693540245311,0.29638009049773756,387.0844404224099,-395.82439520155134,442,251.44999999999482,-1164.7933998558701,-2.6352791851942765,-7.719655278825958,0.14007737285773905,0.13574660633484162,1167.0539140008236,-1178.5376290819622,220,91.19000000000415,-190.47777510232987,-0.8658080686469539,-2.853849828026637,0.5020347956606496,0.31363636363636366,198.20052596502802,-205.936687685906,220,91.19000000000415,-540.1812443854989,-2.4553692926613584,-7.9941804307529996,0.16808555786475315,0.1590909090909091,546.2313236426403,-553.925473611591,222,160.25999999999067,-189.88770751564533,-0.8553500338542582,-2.307132190895536,0.4640495177681207,0.27927927927927926,196.60666532007988,-199.85109129152147,222,160.25999999999067,-624.6121554703714,-2.8135682678845555,-7.447603326465828,0.11428878779525409,0.11261261261261261,626.8726696153252,-632.8664070618136
R5E-023,xauusd_m5_2024_2025_news_clean.csv,sma5,lt,0.05,-1.1144146539095026,48,1,1.0,2.0,FAIL,TRADE_COUNT_2024_LT_100;TRADE_COUNT_2025_LT_100,329,184,145,62,232.82999999999834,170.43029123596034,2.7488756650961346,10.732463260698351,4.295754712303043,0.6290322580645161,11.54517504865229,153.18931648027043,62,232.82999999999834,92.95818978682733,1.4993256417230214,5.588640319171878,2.137549228670913,0.5645161290322581,21.269849278992375,77.09412071122242,83,1005.6399999999962,889.5602139678922,10.717592939372196,30.80833641217993,7.37024264033781,0.7108433734939759,41.323510755804136,837.2081240526564,83,1005.6399999999962,745.4418354555282,8.981226933199135,25.659353001415397,5.0659442518734705,0.6746987951807228,54.3175155087427,694.8128994369664,43,562.5499999999988,508.4042552375688,11.823354772966717,37.79669788159927,12.225008340955995,0.7674418604651163,22.79042836816791,456.052165322333,43,562.5499999999988,441.17982994406384,10.259996045210787,32.645918124338856,8.14049561189575,0.7441860465116279,30.680931777838737,390.55089392550207,40,443.0899999999974,381.1559587303234,9.528898968258085,23.295847832554138,5.039767628744503,0.65,41.32351075580412,334.9030189830399,40,443.0899999999974,304.26200551146445,7.606550137786611,18.148795494272676,3.503135841261046,0.6,54.31751550874267,260.25261384868696
R5E-024,xauusd_m1_2024_2025_raw.csv,ret1,lt,0.2,-0.5393144842412559,3,1,,,FAIL,E1_NET_NONPOSITIVE_2024;E1_NET_NONPOSITIVE_2025;E1_NET_NONPOSITIVE_2025_H1;E1_NET_NONPOSITIVE_2025_H2;STRESS_NET_NONPOSITIVE_2024;STRESS_NET_NONPOSITIVE_2025;STRESS_2025_EX_BEST_NONPOSITIVE,139123,39953,99168,50641,1006.5799999999522,-49009.62797857084,-0.9677855488353476,-4.0551581393043605,0.07849884943379458,0.11117473983531131,49009.62797857115,-49028.35900297845,50641,1006.5799999999522,-111107.0456106186,-2.194013657127991,-9.195179947761154,0.009018338642181822,0.019351908532611914,111107.04561061964,-111124.54877650284,48527,1551.0199999999786,-67584.5387350486,-1.3927203151863623,-4.0416317663918155,0.13578699462161548,0.16281657633894533,67584.53873504871,-67608.30909837384,48527,1551.0199999999786,-153419.5077876686,-3.1615287940253594,-9.181657051779888,0.01995033896899385,0.03847342716425907,153419.5077876688,-153441.54043790718,23848,709.2400000000148,-29672.95272016705,-1.244253300912741,-4.039565318843487,0.1346815712792559,0.16416470982891648,29672.9527201671,-29696.72308349229,23848,709.2400000000148,-67393.83933185178,-2.8259744771826476,-9.179591135408407,0.01909587398521854,0.03803253941630325,67393.8393318515,-67415.87198209035,24679,841.7799999999638,-37911.58601488155,-1.5361880957446228,-4.043628631788812,0.13665022808574656,0.16151383767575672,37911.5860148815,-37935.15771049691,24679,841.7799999999638,-86025.66845581682,-3.485784207456413,-9.183653403886012,0.02061870082744516,0.038899469184326754,86025.66845581708,-86047.14404413596
R5E-025,xauusd_m1_2024_2025_raw.csv,body,lt,0.05,-1.1246840800657971,1,1,,,FAIL,E1_NET_NONPOSITIVE_2024;E1_NET_NONPOSITIVE_2025;E1_NET_NONPOSITIVE_2025_H1;E1_NET_NONPOSITIVE_2025_H2;STRESS_NET_NONPOSITIVE_2024;STRESS_NET_NONPOSITIVE_2025;STRESS_2025_EX_BEST_NONPOSITIVE,33927,6,33921,17791,290.3700000000149,-17310.04660792347,-0.9729664778777735,-4.068712192520433,0.03142097764699155,0.048114215052554664,17310.046607923487,-17332.131207735725,17791,290.3700000000149,-39161.771574330654,-2.201212499259775,-9.208730516930773,0.0036291532597094293,0.00612669327187904,39161.77157433089,-39182.6700010358,16130,1078.9799999999868,-21906.834865789442,-1.3581422731425568,-3.949555563628426,0.08029609741565978,0.10074395536267824,21906.8348657895,-21927.768262771126,16130,1078.9799999999868,-50444.77892280244,-3.127388649894758,-9.089604517048688,0.009979845020261245,0.018040917544947303,50444.778922802616,-50463.65719813902,7884,335.16999999999007,-9730.303024380772,-1.2341835393684388,-4.001702743886146,0.07836073772455646,0.10071029934043632,9730.303024380799,-9750.733117011123,7884,335.16999999999007,-22227.04972508844,-2.819260492781385,-9.14173829296192,0.009403852680999223,0.0182648401826484,22227.049725088436,-22245.928000425025,8246,743.8099999999968,-12176.53184140867,-1.4766592094844373,-3.899697648378382,0.08183681612072939,0.10077613388309484,12176.531841408669,-12197.465238390352,8246,743.8099999999968,-28217.729197714,-3.4219899584906623,-9.039759417691428,0.010433081649254577,0.017826825127334467,28217.729197713943,-28236.55618425657
R5E-026,xauusd_m1_2024_2025_raw.csv,ret3,lt,0.05,-1.947485662303986,1,1,10.0,8.0,FAIL,E1_NET_NONPOSITIVE_2024;E1_NET_NONPOSITIVE_2025;E1_NET_NONPOSITIVE_2025_H1;E1_NET_NONPOSITIVE_2025_H2;STRESS_NET_NONPOSITIVE_2024;STRESS_NET_NONPOSITIVE_2025;STRESS_2025_EX_BEST_NONPOSITIVE,12000,1,11999,6300,288.79999999999905,-5927.277316735681,-0.940837669323124,-3.946846172981068,0.06241639627243533,0.08777777777777777,5927.277316735671,-5943.388883479622,6300,288.79999999999905,-13644.822583460562,-2.1658448545175495,-9.086895822845612,0.007037621849925414,0.012857142857142857,13644.82258346058,-13659.706965008292,5699,546.400000000021,-7586.644518215019,-1.3312238143911246,-3.857812276812902,0.11642768884714126,0.1431830145639586,7586.644518215005,-7607.577915196702,5699,546.400000000021,-17684.19254151766,-3.103034311548984,-8.997884812689867,0.014129232261063548,0.029829794700824707,17684.192541517663,-17703.019528060227,2812,294.0000000000009,-3297.8383150283994,-1.1727732272504976,-3.809392748686798,0.1132787189648331,0.14900426742532005,3297.8383150283976,-3306.9631526230432,2812,294.0000000000009,-7757.270425027799,-2.758631018857681,-8.949477730721572,0.011217530764668575,0.030227596017069702,7757.270425027796,-7764.7375972536975,2887,252.4000000000201,-4288.80620318662,-1.4855580890843854,-3.9049739370451872,0.11883389092605315,0.1375129892622099,4288.806203186626,-4309.739600168303,2887,252.4000000000201,-9926.92211648986,-3.438490514890842,-9.045034350097156,0.016392636786782967,0.029442327675788017,9926.922116489866,-9945.74910303243
R5E-027,xauusd_m1_2024_2025_raw.csv,sma5,lt,0.05,-1.2275741429312652,3,1,,,FAIL,E1_NET_NONPOSITIVE_2024;E1_NET_NONPOSITIVE_2025;E1_NET_NONPOSITIVE_2025_H1;E1_NET_NONPOSITIVE_2025_H2;STRESS_NET_NONPOSITIVE_2024;STRESS_NET_NONPOSITIVE_2025;STRESS_2025_EX_BEST_NONPOSITIVE,34179,12323,21856,11330,405.11000000001104,-10804.740482922836,-0.9536399367098708,-3.9869087504474368,0.10165866264541369,0.12727272727272726,10804.740482922893,-10823.471507330445,11330,405.11000000001104,-24722.284317927795,-2.182019798581447,-9.1269481022942,0.01469267126927419,0.02621359223300971,24722.284317927802,-24739.78748381203,10526,1527.2800000000016,-13476.435632141807,-1.280299794047293,-3.714353754001249,0.20910884553761463,0.21176135284058523,13477.206986682793,-13499.313366656304,10526,1527.2800000000016,-32104.237160938137,-3.0499940301100263,-8.854463165648863,0.037710023823478066,0.06289188675660269,32104.23716093812,-32124.92696205337,5181,771.1300000000006,-5846.376957470417,-1.1284263573577336,-3.6680107448162165,0.2114963396275592,0.21713954834973942,5846.376957470406,-5866.137188789831,5181,771.1300000000006,-14062.315544741881,-2.7142087521215754,-8.808132068855956,0.03570638480548665,0.06504535803898862,14062.315544741918,-14080.524130954243,5345,756.150000000001,-7630.05867467139,-1.427513316121869,-3.759274826141129,0.20726967076152367,0.20654817586529467,7630.830029212459,-7652.936409185886,5345,756.150000000001,-18041.921616196254,-3.375476448306128,-8.899372690903126,0.0392659443918151,0.0608044901777362,18041.9216161962,-18062.611417311487
R5E-028,xauusd_m1_2024_2025_raw.csv,sma5,lt,0.2,-0.5942933079074384,3,1,,,FAIL,E1_NET_NONPOSITIVE_2024;E1_NET_NONPOSITIVE_2025;E1_NET_NONPOSITIVE_2025_H1;E1_NET_NONPOSITIVE_2025_H2;STRESS_NET_NONPOSITIVE_2024;STRESS_NET_NONPOSITIVE_2025;STRESS_2025_EX_BEST_NONPOSITIVE,137706,65620,72084,36988,750.9299999999666,-35824.19271971873,-0.9685355444933149,-4.053399680060774,0.08195627083369189,0.1159565264410079,35824.192719718885,-35842.92374412634,36988,750.9299999999666,-81233.88614230917,-2.19622272472989,-9.193421940526543,0.009161920763201806,0.02041202552179085,81233.88614230923,-81251.38930819341,35096,1889.5699999999729,-48053.81157888463,-1.3692104963210803,-3.975414075707442,0.1478640656730095,0.16913608388420331,48053.81157888437,-48076.68931339913,35096,1889.5699999999729,-110060.81189065574,-3.1359930445251805,-9.11545638224091,0.023128324707328205,0.04239799407339868,110060.81189065582,-110081.50169177097,17392,1019.279999999962,-21149.37319129305,-1.216040316886675,-3.9488709180105803,0.15047864723723056,0.17278058877644895,21149.373191293056,-21169.133422612464,17392,1019.279999999962,-48672.77352701857,-2.798572534902172,-9.088920047417838,0.023323316755587478,0.04341076356945722,48672.77352701846,-48690.98211323094,17704,870.2900000000109,-26904.438387591585,-1.519681336849954,-4.001489459725958,0.14579743755079594,0.16555580659737912,26904.43838759162,-26927.31612210608,17704,870.2900000000109,-61388.03836363716,-3.4674671466130347,-9.141525063626066,0.02297366588826008,0.04140307275192047,61388.038363637046,-61408.72816475239
R5E-029,xauusd_m1_2024_2025_raw.csv,sma10,lt,0.05,-1.8604324023200889,1,1,,,FAIL,E1_NET_NONPOSITIVE_2024;E1_NET_NONPOSITIVE_2025;E1_NET_NONPOSITIVE_2025_H1;E1_NET_NONPOSITIVE_2025_H2;STRESS_NET_NONPOSITIVE_2024;STRESS_NET_NONPOSITIVE_2025;STRESS_2025_EX_BEST_NONPOSITIVE,33706,20,33686,17784,476.8800000000076,-17113.21864091236,-0.9622817499388416,-4.025737223116228,0.042066326863761834,0.06432748538011696,17113.21864091238,-17129.3302076563,17784,476.8800000000076,-38952.13337715565,-2.190290900649778,-9.165766594169765,0.003960484817830656,0.009278002699055331,38952.13337715568,-38967.01775870338,15902,1035.3299999999804,-21603.437697260557,-1.3585358883952054,-3.949820155538112,0.10393532617886697,0.12577034335303736,21603.437697260615,-21624.37109424224,15902,1035.3299999999804,-49710.50676739744,-3.1260537521945317,-9.08986904094547,0.013644479690586945,0.0266004276191674,49710.506767397455,-49729.38504273402,7898,463.1099999999901,-9615.414307961657,-1.21744926664493,-3.9520981104776816,0.09702903468969998,0.12370220308938971,9615.414307961672,-9635.844400592008,7898,463.1099999999901,-22128.364775802416,-2.801768140770121,-9.092146410340574,0.011964587314045073,0.024816409217523424,22128.364775802416,-22147.243051139,8004,572.2199999999903,-11988.023389298902,-1.497754046639043,-3.9475723684175823,0.10939887437248802,0.1278110944527736,11988.023389298885,-12008.956786280583,8004,572.2199999999903,-27582.141991595025,-3.446044726586085,-9.087621831614815,0.014988085164521742,0.028360819590204898,27582.141991595014,-27600.968978137593
R5E-030,xauusd_m1_2024_2025_news_clean.csv,ret12,lt,0.3,-1.130063361014013,12,1,0.0,2.0,FAIL,E1_NET_NONPOSITIVE_2024;E1_NET_NONPOSITIVE_2025;E1_NET_NONPOSITIVE_2025_H1;E1_NET_NONPOSITIVE_2025_H2;STRESS_NET_NONPOSITIVE_2024;STRESS_NET_NONPOSITIVE_2025;STRESS_2025_EX_BEST_NONPOSITIVE,5087,3827,1260,616,55.51999999999771,-550.5893804022743,-0.8938139292244712,-3.7606758935111215,0.16281695381441288,0.1737012987012987,550.5893804022742,-555.4438540903944,616,55.51999999999771,-1303.1019926102263,-2.115425312678939,-8.900773398131122,0.02173890008885844,0.04383116883116883,1303.101992610226,-1306.7825520067665,644,441.3399999999979,-476.24241234212616,-0.7395068514629288,-2.3175031333909053,0.5715642030830708,0.3167701863354037,529.457082610413,-500.19080423802205,644,441.3399999999979,-1615.4630871395602,-2.5084830545645347,-7.45797160312797,0.1884087655646083,0.15683229813664595,1629.8480004718492,-1637.311270021092,312,132.46000000000276,-264.82079197455323,-0.8487845896620296,-2.803038952305295,0.4906920982418603,0.3269230769230769,265.5320917574378,-283.29129032216105,312,132.46000000000276,-758.0631274854993,-2.429689511171472,-7.943382615881322,0.15860885260026789,0.14423076923076922,758.0631274854989,-774.9823122497351,332,308.8799999999951,-211.42162036757293,-0.6368121095408823,-1.8612164601942511,0.6426407121744407,0.3072289156626506,275.1453946863419,-235.3700122634688,332,308.8799999999951,-857.3999596540609,-2.5825299989580146,-7.0018022176489145,0.21305130119052562,0.1686746987951807,877.1776956385177,-879.2481425355928
R5E-031,xauusd_m1_2024_2025_news_clean.csv,body,lt,0.2,-0.5333668241083107,3,1,,,FAIL,E1_NET_NONPOSITIVE_2024;E1_NET_NONPOSITIVE_2025;E1_NET_NONPOSITIVE_2025_H1;E1_NET_NONPOSITIVE_2025_H2;STRESS_NET_NONPOSITIVE_2024;STRESS_NET_NONPOSITIVE_2025;STRESS_2025_EX_BEST_NONPOSITIVE,137909,39753,98155,50076,944.0799999999579,-48522.99391159833,-0.9689870179646602,-4.059606101620393,0.0774121712453263,0.10933381260484064,48522.993911598554,-48540.74306421461,50076,944.0799999999579,-109938.63639789235,-2.1954356657459133,-9.199626766735998,0.009063755400398735,0.01875149772346034,109938.63639789337,-109955.1181216906,48079,1195.9899999999584,-67328.04963983566,-1.4003629368297108,-4.061890636959817,0.13329919270550972,0.16177541130223175,67328.04963983603,-67351.8200031609,48079,1195.9899999999584,-152403.78967198532,-3.16986188714377,-9.201910714839476,0.019381394586183806,0.03779196738700888,152403.78967198558,-152425.8223222239,23584,524.660000000014,-29525.263143145465,-1.2519192309678369,-4.0630755600415505,0.13217008308072709,0.1623134328358209,29525.263143145585,-29549.033506470703,23584,524.660000000014,-66833.62182645463,-2.8338543854500777,-9.203095333338736,0.018624445457192808,0.037398236092265946,66833.62182645431,-66855.6544766932,24495,671.3299999999444,-37802.7864966902,-1.54328583370852,-4.060749782664671,0.13417902431010056,0.16125739946927944,37802.786496690125,-37826.35819230556,24495,671.3299999999444,-85570.16784553068,-3.4933728452962107,-9.200770153798997,0.01997178955521105,0.03817105531741172,85570.16784553113,-85591.64343384982
R5E-032,xauusd_m5_2024_2025_news_clean.csv,sma5,lt,0.2,-0.5022486876022775,48,1,0.0,2.0,FAIL,E1_NET_NONPOSITIVE_2024;STRESS_NET_NONPOSITIVE_2024;STRESS_NET_NONPOSITIVE_2025;STRESS_2025_EX_BEST_NONPOSITIVE,1148,691,457,230,120.83000000000152,-107.5560785608365,-0.46763512417755,-1.9944104963336817,0.8228368888317809,0.47391304347826085,184.76541939067707,-130.21813868405852,230,120.83000000000152,-391.1078761987695,-1.7004690269511715,-7.134962016486636,0.49144973422795557,0.3739130434782609,420.4684629403344,-412.4440400282685,227,584.7799999999947,262.41931895868674,1.156032242108752,3.154086048587136,1.2126082134280525,0.4889867841409692,332.5566063590238,216.16637921140324,227,584.7799999999947,-137.8062590358913,-0.6070760309951158,-1.987788883894728,0.9048344104897046,0.44493392070484583,508.3506871183257,-182.04223005419618,112,271.4300000000003,128.8157833900023,1.1501409231250206,3.894217981788795,1.2086265079862675,0.5,208.8026845434307,82.85501621371239,112,271.4300000000003,-48.24631076999073,-0.4307706318749172,-1.2478472003546683,0.9320034494418079,0.4642857142857143,278.7671291204357,-92.48228178829564,115,313.34999999999445,133.60353556868444,1.1617698745102993,2.43326190494726,1.2165938424600704,0.4782608695652174,138.66748344028898,87.35059582140094,115,313.34999999999445,-89.55994826590056,-0.7787821588339179,-2.7084277409076556,0.878731749509191,0.4260869565217391,241.11212130902197,-133.56933992867806
R5E-033,xauusd_m1_2024_2025_news_clean.csv,sma10,lt,0.05,-1.8656781332750338,1,1,,,FAIL,E1_NET_NONPOSITIVE_2024;E1_NET_NONPOSITIVE_2025;E1_NET_NONPOSITIVE_2025_H1;E1_NET_NONPOSITIVE_2025_H2;STRESS_NET_NONPOSITIVE_2024;STRESS_NET_NONPOSITIVE_2025;STRESS_2025_EX_BEST_NONPOSITIVE,33407,38,33369,17596,398.1200000000106,-17000.71069898262,-0.9661690554093328,-4.042706672185108,0.04166935603690969,0.06404864741986815,17000.710698982642,-17020.905897022232,17596,398.1200000000106,-38602.157507571836,-2.193802995429179,-9.182731681270464,0.004021151965985221,0.009263468970220505,38602.157507571865,-38621.16727522508,15773,986.5499999999793,-21470.014169368853,-1.3611877365985452,-3.9582299679288657,0.10462533002194063,0.12591136752678628,21470.014169368897,-21490.947566350536,15773,986.5499999999793,-49350.869197784756,-3.128819450820057,-9.09827669160817,0.013865847950884051,0.026691181132314716,49350.86919778477,-49369.74747312134,7831,425.6299999999883,-9569.17126603413,-1.2219603200145743,-3.9659575125173436,0.09761661149017785,0.12361128846890564,9569.171266034138,-9589.601358664482,7831,425.6299999999883,-21978.175735078545,-2.8065605586870825,-9.106002249844384,0.012230372137470736,0.02515642957476695,21978.175735078545,-21997.05401041513,7942,560.919999999991,-11900.842903334722,-1.4984692650887335,-3.9506104260411328,0.11018239056674285,0.1281792999244523,11900.842903334704,-11921.776300316404,7942,560.919999999991,-27372.693462706215,-3.4465743468529606,-9.090659108310794,0.01517509495304518,0.02820448249811131,27372.693462706175,-27391.520449248783
R5E-034,xauusd_m1_2024_2025_raw.csv,ret1,lt,0.1,-0.8588557391454485,3,1,10.0,6.0,FAIL,E1_NET_NONPOSITIVE_2024;E1_NET_NONPOSITIVE_2025;E1_NET_NONPOSITIVE_2025_H1;E1_NET_NONPOSITIVE_2025_H2;STRESS_NET_NONPOSITIVE_2024;STRESS_NET_NONPOSITIVE_2025;STRESS_2025_EX_BEST_NONPOSITIVE,18947,3331,15616,8178,228.8300000000104,-7855.474126849628,-0.9605617665504559,-4.0187656238224765,0.08625466554305315,0.12240156517485938,7857.764050405549,-7874.205151257236,8178,228.8300000000104,-17892.50871839836,-2.1878831888479287,-9.158796786913822,0.011360766943203449,0.01821961359745659,17892.814091055574,-17910.011884282594,7438,505.7700000000277,-10071.085271621894,-1.3540044731946617,-3.9295267910122327,0.14176859319394144,0.18096262436138746,10074.07981796861,-10088.55788664869,7438,505.7700000000277,-23202.73650097362,-3.119485950655233,-9.069580892794617,0.01725151228214002,0.03939230976068836,23203.514324683623,-23218.138981094202,3679,331.1700000000037,-4365.696855886358,-1.1866531274494043,-3.848461296065812,0.15395309012726127,0.18755096493612394,4365.707799458267,-4376.8270496238865,3679,331.1700000000037,-10197.072613113625,-2.7716968233524395,-8.988536235596563,0.019001130237977806,0.04376189181842892,10197.07261311364,-10206.4772986325,3759,174.600000000024,-5705.388415735536,-1.5177942047713584,-4.008867029348992,0.13220549945163365,0.1745144985368449,5708.382962082231,-5722.861030762332,3759,174.600000000024,-13005.663887859997,-3.459873340744878,-9.148900736857305,0.015875355821672054,0.035115722266560255,13006.441711570122,-13021.066367980578
R5E-035,xauusd_m1_2024_2025_news_clean.csv,sma5,lt,0.05,-1.2297444717301456,3,1,,,FAIL,E1_NET_NONPOSITIVE_2024;E1_NET_NONPOSITIVE_2025;E1_NET_NONPOSITIVE_2025_H1;E1_NET_NONPOSITIVE_2025_H2;STRESS_NET_NONPOSITIVE_2024;STRESS_NET_NONPOSITIVE_2025;STRESS_2025_EX_BEST_NONPOSITIVE,33830,12225,21605,11198,353.3600000000097,-10726.529468065286,-0.9578968983805399,-4.005457670832084,0.10091597077668721,0.1268976602964815,10726.52946806534,-10744.944297642405,11198,353.3600000000097,-24482.720738893822,-2.1863476280491,-9.145492254710238,0.014399679448761107,0.026165386676192177,24482.72073889381,-24499.949680615853,10407,1441.7400000000089,-13392.031393641555,-1.2868291912790963,-3.735580954215453,0.208524355704247,0.2114922648217546,13392.802748182548,-13414.909128156052,10407,1441.7400000000089,-31808.83935123703,-3.0564849957948526,-8.875684909447155,0.03750737070288646,0.06380320937830307,31808.839351237002,-31829.529152352265,5122,693.1800000000007,-5848.978843729547,-1.1419326129889784,-3.709658127502939,0.20924372954201143,0.21593127684498242,5848.9788437295365,-5868.739075048961,5122,693.1800000000007,-13971.369290032966,-2.7277175497916764,-8.849768746153403,0.03532333612539287,0.06598984771573604,13971.369290032999,-13989.577876245328,5285,748.5600000000081,-7543.0525499120085,-1.4272568684790934,-3.760704268959351,0.2079656425026534,0.20719016083254493,7543.823904453079,-7565.930284426505,5285,748.5600000000081,-17837.470061204065,-3.3751125943621694,-8.90080176628549,0.039211142439923616,0.06168401135288552,17837.470061204,-17858.1598623193
R5E-036,xauusd_m1_2024_2025_news_clean.csv,ret3,lt,0.3,-0.5700876508854024,12,1,0.0,2.0,FAIL,E1_NET_NONPOSITIVE_2024;E1_NET_NONPOSITIVE_2025;E1_NET_NONPOSITIVE_2025_H1;E1_NET_NONPOSITIVE_2025_H2;STRESS_NET_NONPOSITIVE_2024;STRESS_NET_NONPOSITIVE_2025;STRESS_2025_EX_BEST_NONPOSITIVE,5215,3451,1764,849,67.66999999999894,-769.6422240352631,-0.9065279435044324,-3.80591344096205,0.14070186587182779,0.14487632508833923,769.6422240352633,-777.6040372677787,849,67.66999999999894,-1809.2037773336801,-2.130982069886549,-8.94599931734699,0.022922119759079027,0.03769140164899882,1809.2037773336804,-1815.9511268300018,915,234.17999999999392,-1074.8912661321542,-1.1747445531498952,-3.472272048402395,0.3987807212910399,0.2797814207650273,1084.2832486796187,-1098.83965802805,915,234.17999999999392,-2700.163320444672,-2.950998164420407,-8.612443686742983,0.1260285799479154,0.12349726775956284,2700.1633204446757,-2722.011503326204,440,43.8599999999974,-516.1423080585986,-1.1730507001331787,-3.7965191068334816,0.3461410747853095,0.27954545454545454,531.0416370432391,-534.6128064062063,440,43.8599999999974,-1211.4108739636847,-2.753206531735647,-8.93660739801612,0.10406710216138443,0.11818181818181818,1222.9571959945667,-1228.3300587279205,475,190.31999999999653,-558.7489580735555,-1.1763135959443274,-3.171916878487282,0.4403968601323527,0.28,568.1409406210186,-582.6973499694514,475,190.31999999999653,-1488.7524464809876,-3.134215676802079,-8.312165722616289,0.14311988095027758,0.12842105263157894,1488.7524464809887,-1510.6006293625194
R5E-037,xauusd_m1_2024_2025_news_clean.csv,sma5,lt,0.3,-0.35630375653676905,1,1,20.0,6.0,FAIL,E1_NET_NONPOSITIVE_2024;E1_NET_NONPOSITIVE_2025;E1_NET_NONPOSITIVE_2025_H1;E1_NET_NONPOSITIVE_2025_H2;STRESS_NET_NONPOSITIVE_2024;STRESS_NET_NONPOSITIVE_2025;STRESS_2025_EX_BEST_NONPOSITIVE,40801,105,40694,20447,237.5599999999631,-20000.623173547454,-0.9781690797450704,-4.089999913225906,0.012568338261766744,0.021127793808382648,20000.62317354752,-20015.986438400454,20447,237.5599999999631,-45127.25638826341,-2.207035574326963,-9.230012765663645,0.0013262860011715707,0.002592067295935834,45127.2563882638,-45141.29525252692,20247,816.060000000014,-28046.822723277503,-1.3852335024091225,-4.0247449600357745,0.04116625890475907,0.05097051415024448,28046.82272327749,-28070.443055552532,20247,816.060000000014,-63881.41624669881,-3.1551052623449802,-9.164774586148859,0.005827315608051353,0.008445695658616092,63881.416246698864,-63903.29882733644,9885,336.94999999999345,-12254.398706238277,-1.239696378982122,-4.030653370924052,0.03857481637084523,0.044309559939301975,12254.39870623824,-12278.019038513305,9885,336.94999999999345,-27887.13598779722,-2.8211569031661328,-9.170681478290112,0.006614018360309733,0.007283763277693475,27887.1359877972,-27909.018568434847,10362,479.1100000000206,-15792.424017039226,-1.5240710304033223,-4.019108534477907,0.04316752669322576,0.05732484076433121,15792.424017039199,-15807.39412203262,10362,479.1100000000206,-35994.280258901585,-3.4736807815963697,-9.159139609424649,0.005216948052045628,0.009554140127388535,35994.28025890146,-36007.09020444686
R5E-038,xauusd_m1_2024_2025_raw.csv,sma5,lt,0.1,-0.939361634893947,3,1,,,FAIL,E1_NET_NONPOSITIVE_2024;E1_NET_NONPOSITIVE_2025;E1_NET_NONPOSITIVE_2025_H1;E1_NET_NONPOSITIVE_2025_H2;STRESS_NET_NONPOSITIVE_2024;STRESS_NET_NONPOSITIVE_2025;STRESS_2025_EX_BEST_NONPOSITIVE,67869,28017,39851,20738,579.6700000000146,-19944.722234358447,-0.9617476243783608,-4.020278909733809,0.0919006080234764,0.12248047063361944,19944.72223435834,-19963.453258766054,20738,579.6700000000146,-45426.69713218806,-2.1905052142052304,-9.160309683837571,0.011369499513401627,0.0243032114958048,45426.697132188136,-45444.2002980723,19113,1706.6800000000317,-25501.837434150617,-1.3342665952048667,-3.8729840876557304,0.173711771693267,0.18751635012818502,25501.837434150708,-25530.043081742435,19113,1706.6800000000317,-59282.460523327885,-3.1016826517725047,-9.013052723644378,0.028667170185740058,0.05090775911683148,59282.46052332781,-59308.59980111607,9470,891.600000000004,-11191.972197191757,-1.1818344453211993,-3.8351539358929583,0.17277485092882616,0.19123548046462513,11191.972197191752,-11211.73242851117,9470,891.600000000004,-26194.281637262917,-2.7660276280108675,-8.975232296058131,0.026579751339313642,0.0515311510031679,26194.281637262968,-26212.49022347528,9643,815.0800000000277,-14309.865236958862,-1.4839640399210683,-3.9101355485282236,0.17444307449728497,0.1838639427564036,14309.865236958867,-14338.07088455068,9643,815.0800000000277,-33088.17888606497,-3.4313158649865154,-9.05019463479669,0.030313338634420334,0.0502955511770196,33088.17888606484,-33114.31816385315
R5E-039,xauusd_m1_2024_2025_news_clean.csv,ret1,lt,0.2,-0.539610719800169,3,1,,,FAIL,E1_NET_NONPOSITIVE_2024;E1_NET_NONPOSITIVE_2025;E1_NET_NONPOSITIVE_2025_H1;E1_NET_NONPOSITIVE_2025_H2;STRESS_NET_NONPOSITIVE_2024;STRESS_NET_NONPOSITIVE_2025;STRESS_2025_EX_BEST_NONPOSITIVE,137733,39546,98185,50148,999.1999999999605,-48528.38530658116,-0.967703304350745,-4.054949145796678,0.07810853726062407,0.10991465262822046,48528.3853065814,-48546.13445919744,50148,999.1999999999605,-110019.15546666508,-2.1938891973092662,-9.1949710079749,0.009198236456171991,0.019123394751535454,110019.15546666621,-110035.63719046333,48037,1352.5699999999738,-67094.65354593644,-1.3967286372158219,-4.0529093675489865,0.1353704826142752,0.16222911505714346,67094.65354593658,-67118.42390926168,48037,1352.5699999999738,-152075.02287163885,-3.165789347204006,-9.192931754048756,0.020078035657404025,0.03847034577513167,152075.02287163894,-152097.05552187742,23595,611.6300000000101,-29448.49909379371,-1.248082182402785,-4.051534140156841,0.1343446625737076,0.16355159991523627,29448.49909379378,-29472.26945711895,23595,611.6300000000101,-66769.52893294672,-2.8298168651386617,-9.191556880156487,0.019318776061320257,0.03810129264674719,66769.52893294649,-66791.56158318529,24442,740.9399999999637,-37646.15445214272,-1.5402239772581099,-4.054236938546355,0.1361712315623102,0.16095245888225188,37646.154452142684,-37669.72614775808,24442,740.9399999999637,-85305.49393869212,-3.49011921850471,-9.194258983796246,0.020671496589388792,0.03882660993372065,85305.49393869244,-85326.96952701126
R5E-040,xauusd_m1_2024_2025_news_clean.csv,body,lt,0.05,-1.1238749888734236,3,1,12.0,8.0,FAIL,E1_NET_NONPOSITIVE_2024;E1_NET_NONPOSITIVE_2025;E1_NET_NONPOSITIVE_2025_H1;E1_NET_NONPOSITIVE_2025_H2;STRESS_NET_NONPOSITIVE_2024;STRESS_NET_NONPOSITIVE_2025;STRESS_2025_EX_BEST_NONPOSITIVE,11458,1208,10250,5397,318.029999999992,-5011.817394904766,-0.9286302380775924,-3.886132330185245,0.158144341912246,0.17565314063368537,5011.817394904751,-5028.859104989966,5397,318.029999999992,-11629.06754119642,-2.154728097312659,-9.02619758644039,0.02532862664355057,0.0474337594960163,11629.06754119642,-11644.91949042982,4853,563.5700000000252,-6350.957440680977,-1.3086662766703023,-3.7864391753786557,0.21632868747809847,0.2301669070677931,6350.957440680988,-6371.170986701651,4853,563.5700000000252,-14935.660589889485,-3.077613968656395,-8.926530057590625,0.03797178503634007,0.06799917576756645,14935.660589889465,-14953.767910507519,2395,305.9800000000032,-2752.102807871625,-1.1491034688399269,-3.735522467272214,0.22172354486473383,0.2350730688935282,2752.6283532137877,-2762.1058749073886,2395,305.9800000000032,-6548.852959672323,-2.734385369383016,-8.875626437537884,0.03618570975750623,0.07014613778705636,6548.85295967233,-6557.2954867832605,2458,257.590000000022,-3598.854632809352,-1.4641393949590529,-3.8360508580128814,0.21215241686494163,0.22538649308380798,3598.8546328093576,-3619.0681788300258,2458,257.590000000022,-8386.807630217161,-3.4120454150598705,-8.976128987625742,0.03936184900500617,0.06590724165988608,8386.807630217167,-8404.914950835195
R5E-041,xauusd_m1_2024_2025_raw.csv,ret1,lt,0.3,-0.32149726575184057,3,1,20.0,6.0,FAIL,E1_NET_NONPOSITIVE_2024;E1_NET_NONPOSITIVE_2025;E1_NET_NONPOSITIVE_2025_H1;E1_NET_NONPOSITIVE_2025_H2;STRESS_NET_NONPOSITIVE_2024;STRESS_NET_NONPOSITIVE_2025;STRESS_2025_EX_BEST_NONPOSITIVE,41242,14745,26495,13235,329.7499999999957,-12748.849543708355,-0.9632678159205406,-4.03171637049302,0.045548903776293476,0.07283717415942577,12748.849543708338,-12760.914042276736,13235,329.7499999999957,-28986.53110176258,-2.1901421308471916,-9.171744204616838,0.004690912134859657,0.009822440498677748,28986.531101762554,-28997.272731445297,13260,634.7799999999888,-18283.29000075132,-1.3788303167987421,-4.001200263002801,0.10205437343145216,0.1145550527903469,18283.983102234804,-18306.167735265815,13260,634.7799999999888,-41770.9421252809,-3.1501464649533104,-9.141235941240435,0.016559610658828224,0.02503770739064857,41770.94212528094,-41791.84516063235,6467,279.119999999999,-7962.706843949233,-1.231282950974058,-4.001528374484165,0.09313394791909961,0.1107159424771919,7962.706843949249,-7985.347379082889,6467,279.119999999999,-18195.313117921545,-2.8135631850814202,-9.1415639683813,0.01489537603466356,0.02149373743621463,18195.313117921574,-18216.216153273,6792,355.3599999999901,-10319.515727222506,-1.5193633285074362,-4.001001121366467,0.10882780991894557,0.11822732626619552,10320.208828706003,-10342.393461737003,6792,355.3599999999901,-23572.863851201244,-3.470680779034341,-9.141036850793123,0.01784225745936867,0.02841578327444052,23572.863851201182,-23593.553652316477
R5E-042,xauusd_m5_2024_2025_raw.csv,ret24,gt,0.95,5.006526644610674,48,-1,2.0,2.0,FAIL,TRADE_COUNT_2024_LT_100;TRADE_COUNT_2025_LT_100,306,128,178,89,275.7700000000009,187.34935215607888,2.1050489006301,8.483760412956341,2.342487843525302,0.5955056179775281,25.38657390011422,150.25365587258483,89,275.7700000000009,77.57106077735189,0.8715849525545156,3.3470041097891126,1.4114319493567953,0.5393258426966292,31.408755932232328,41.85882357662885,89,405.0400000000013,277.18150326705734,3.114398913113004,9.827492803280737,1.758910744007647,0.5842696629213483,81.23048558095644,219.99844534448488,89,405.0400000000013,118.43931295175332,1.3307787972107115,4.691081774449839,1.2708454799247495,0.550561797752809,115.19813008854415,63.487240900178854,48,288.1999999999998,225.8291698834798,4.704774372572496,15.20150808414242,2.2514186710844037,0.6458333333333334,77.22844327841973,183.90515627290182,48,288.1999999999998,148.39292277565983,3.091519224492913,10.066477917730923,1.7134048702954565,0.6458333333333334,85.83042380288973,108.14001290305885,41,116.84000000000151,51.352333383577516,1.2524959361848174,3.535962718369501,1.2779145113800516,0.5121951219512195,81.23048558095644,-5.830724538994957,41,116.84000000000151,-29.953609823906497,-0.7305758493635731,-1.6020649298792353,0.8693626037187419,0.43902439024390244,115.19813008854418,-84.90568187548097
R5E-043,xauusd_m1_2024_2025_raw.csv,ret3,lt,0.2,-0.9462237703884652,3,1,,,FAIL,E1_NET_NONPOSITIVE_2024;E1_NET_NONPOSITIVE_2025;E1_NET_NONPOSITIVE_2025_H1;E1_NET_NONPOSITIVE_2025_H2;STRESS_NET_NONPOSITIVE_2024;STRESS_NET_NONPOSITIVE_2025;STRESS_2025_EX_BEST_NONPOSITIVE,137925,67656,70268,36058,621.1399999999753,-35026.45021231043,-0.9713919300102732,-4.06681169105507,0.08063438294952913,0.11281823728437518,35026.45021231056,-35045.18123671804,36058,621.1399999999753,-79284.56945944685,-2.198806629858751,-9.206830503986097,0.009138178141297783,0.020411559154695214,79284.56945944707,-79302.07262533109,34210,1925.8899999999562,-46771.1108792338,-1.3671765822634843,-3.9688693539225293,0.14874205234313756,0.16948260742472962,46771.11087923403,-46791.324425254475,34210,1925.8899999999562,-107230.67235122694,-3.134483260778338,-9.108913342765662,0.023499142238974414,0.04288219818766443,107230.67235122703,-107248.8809374393,16932,1102.4099999999617,-20475.577532146664,-1.2092828686597368,-3.9304133545727535,0.1522684553601303,0.17381289865343727,20475.577532146715,-20495.33776346608,16932,1102.4099999999617,-47265.639343934854,-2.791497716981742,-9.070467228465477,0.023663351541775735,0.044708244743680604,47265.639343934636,-47283.84793014722,17278,823.4799999999946,-26295.533347087134,-1.5219084006879924,-4.006555253968275,0.1459757606403736,0.16523903229540457,26296.1954807401,-26315.746893107807,17278,823.4799999999946,-59965.033007292084,-3.470600359259873,-9.14658955571454,0.023369670246145755,0.041092719064706566,59965.03300729199,-59983.140327910114
R5E-044,xauusd_m1_2024_2025_news_clean.csv,sma5,lt,0.2,-0.5950180300062212,3,1,,,FAIL,E1_NET_NONPOSITIVE_2024;E1_NET_NONPOSITIVE_2025;E1_NET_NONPOSITIVE_2025_H1;E1_NET_NONPOSITIVE_2025_H2;STRESS_NET_NONPOSITIVE_2024;STRESS_NET_NONPOSITIVE_2025;STRESS_2025_EX_BEST_NONPOSITIVE,136326,65010,71314,36598,690.6299999999712,-35499.02006048315,-0.9699715847992554,-4.059689527036013,0.0813288832439188,0.11481501721405542,35499.020060483264,-35516.769213099426,36598,690.6299999999712,-80430.13148604907,-2.1976646670869737,-9.199710170707254,0.009214643211739716,0.02016503634078365,80430.13148604914,-80446.61320984732,34716,1685.089999999971,-47726.144027330905,-1.37475930485456,-3.9901890750199143,0.146758849532711,0.16839497637976725,47726.14402733067,-47749.021761845404,34716,1685.089999999971,-109072.45873226397,-3.141849830978914,-9.130227583664796,0.02305896417525039,0.04214195183776933,109072.45873226393,-109093.14853337921,17187,944.8599999999583,-20963.28378247724,-1.2197174482153512,-3.9597639949939087,0.14985444243931584,0.17216500843660906,20963.28378247725,-20983.044013796654,17187,944.8599999999583,-48163.249731647426,-2.802306960589249,-9.09981032435415,0.023422658356738593,0.04346308256240181,48163.24973164737,-48181.45831785979,17529,740.2300000000128,-26762.860244853666,-1.5267762134094167,-4.020020545748819,0.14431828896543414,0.16469849962918592,26762.86024485369,-26785.73797936816,17529,740.2300000000128,-60909.20900061654,-3.4747680415663496,-9.160051386264607,0.022771185375766848,0.04084659706771636,60909.2090006164,-60929.89880173177
R5E-045,xauusd_m1_2024_2025_news_clean.csv,ret1,lt,0.05,-1.136053748714633,3,1,10.0,6.0,FAIL,E1_NET_NONPOSITIVE_2024;E1_NET_NONPOSITIVE_2025;E1_NET_NONPOSITIVE_2025_H1;E1_NET_NONPOSITIVE_2025_H2;STRESS_NET_NONPOSITIVE_2024;STRESS_NET_NONPOSITIVE_2025;STRESS_2025_EX_BEST_NONPOSITIVE,9260,1008,8252,4400,207.43000000000416,-4134.872434859594,-0.9397437351953624,-3.932325732146763,0.10006906415278187,0.13022727272727272,4135.126237192333,-4151.914144944794,4400,207.43000000000416,-9526.040191493186,-2.1650091344302695,-9.072379114466061,0.01427782454216016,0.022954545454545453,9526.040191493175,-9541.892140726586,3852,378.83000000001357,-5096.462007679625,-1.3230690570300168,-3.8493522875589234,0.16651847328630703,0.1967808930425753,5096.462007679611,-5116.342285339822,3852,378.83000000001357,-11894.288315533358,-3.0878214733991065,-8.989426998061816,0.022880841994502438,0.04543094496365525,11894.288315533358,-11912.070725429248,1901,174.86999999999944,-2253.1774712651827,-1.1852590590558563,-3.8447530585470386,0.16742715404606184,0.1988427143608627,2253.1774712651772,-2260.8838622077683,1901,174.86999999999944,-5267.70983841832,-2.771020430519895,-8.984828951273968,0.0198200366454597,0.04734350341925302,5267.70983841832,-5273.822569834957,1951,203.96000000001413,-2843.284536414442,-1.4573472764810056,-3.8538336480671727,0.1657969739630281,0.194771911840082,2843.284536414445,-2863.1648140746397,1951,203.96000000001413,-6626.578477115038,-3.3965035761737767,-8.993907206643925,0.025300384105253423,0.04356740133264992,6626.578477115034,-6644.360887010929
R5E-046,xauusd_m1_2024_2025_news_clean.csv,sma5,lt,0.2,-0.5950180300062212,3,1,20.0,6.0,FAIL,E1_NET_NONPOSITIVE_2024;E1_NET_NONPOSITIVE_2025;E1_NET_NONPOSITIVE_2025_H1;E1_NET_NONPOSITIVE_2025_H2;STRESS_NET_NONPOSITIVE_2024;STRESS_NET_NONPOSITIVE_2025;STRESS_2025_EX_BEST_NONPOSITIVE,26081,12168,13911,7012,226.2799999999802,-6713.234508443228,-0.9573922573364558,-3.999207251482797,0.05056691736056544,0.07772390188248716,6713.234508443241,-6720.956669435408,7012,226.2799999999802,-15328.960250094457,-2.186103857686032,-9.139243442020673,0.005528153054276117,0.01069594980034227,15328.960250094453,-15335.468379109267,6899,836.0999999999804,-9003.23942372948,-1.3050064391548746,-3.7806289600719385,0.12660422236081992,0.13596173358457747,9003.239423729485,-9026.117158243977,6899,836.0999999999804,-21219.23087953259,-3.0756966052373667,-8.920721335789926,0.021568002913893224,0.028409914480359472,21219.230879532544,-21239.920680647825,3382,476.60999999998376,-3837.7901137427625,-1.134769400870125,-3.6872669051679763,0.1284876262278815,0.1339444115907747,3837.790113742768,-3857.5503450621763,3382,476.60999999998376,-9194.315857317373,-2.718603151187869,-8.827383279444268,0.022369211198935753,0.027794204612655235,9194.315857317373,-9212.524443529735,3517,359.4899999999966,-5165.449309986718,-1.4687089309032464,-3.870407313692979,0.12519962458418818,0.13790162069945977,5165.449309986714,-5188.327044501214,3517,359.4899999999966,-12024.915022215217,-3.4190830316221827,-9.010476612037017,0.020954508184092453,0.02900199033266989,12024.91502221522,-12045.604823330448
R5E-047,xauusd_m1_2024_2025_raw.csv,sma5,lt,0.05,-1.2275741429312652,3,1,12.0,6.0,FAIL,E1_NET_NONPOSITIVE_2024;E1_NET_NONPOSITIVE_2025;E1_NET_NONPOSITIVE_2025_H1;E1_NET_NONPOSITIVE_2025_H2;STRESS_NET_NONPOSITIVE_2024;STRESS_NET_NONPOSITIVE_2025;STRESS_2025_EX_BEST_NONPOSITIVE,9399,3366,6033,3127,250.570000000012,-2839.21199927919,-0.9079667410550656,-3.793116312551912,0.18130607818962827,0.19059801726894787,2841.0550780163194,-2857.9430236867984,3127,250.570000000012,-6675.318152181398,-2.1347355779281734,-8.933205478417065,0.03257667106803059,0.05468500159897666,6675.318152181394,-6692.821318065634,2906,528.1600000000171,-3611.784664020559,-1.2428715292569026,-3.581814475583177,0.2624380318948762,0.26221610461114936,3611.78466402055,-3631.9982100412326,2906,528.1600000000171,-8751.715960192576,-3.0116021886416298,-8.721957956228135,0.04909334680136446,0.09015829318651067,8751.715960192581,-8769.82328081061,1458,345.62000000000717,-1518.941243196125,-1.041797834839592,-3.397838151608414,0.291015958161425,0.27434842249657065,1519.4351899906192,-1530.071436933653,1458,345.62000000000717,-3833.879597182587,-2.6295470488220762,-8.538028923056281,0.054771907105349765,0.09876543209876543,3833.879597182585,-3843.284282701463,1448,182.54000000000997,-2092.843420824434,-1.4453338541605207,-3.767061354281521,0.24021047184065164,0.25,2092.8434208244344,-2113.0569668451076,1448,182.54000000000997,-4917.836363009988,-3.396295830808003,-8.90715721752963,0.04461886569616554,0.08149171270718232,4917.83636300999,-4935.943683628021
R5E-048,xauusd_m1_2024_2025_raw.csv,sma5,lt,0.3,-0.35594980338543797,3,1,,,FAIL,E1_NET_NONPOSITIVE_2024;E1_NET_NONPOSITIVE_2025;E1_NET_NONPOSITIVE_2025_H1;E1_NET_NONPOSITIVE_2025_H2;STRESS_NET_NONPOSITIVE_2024;STRESS_NET_NONPOSITIVE_2025;STRESS_2025_EX_BEST_NONPOSITIVE,209255,108213,101039,51245,643.8799999999508,-50005.33331667862,-0.9758090216934066,-4.086186493415265,0.07612219614054547,0.11043028588154942,50005.333316679316,-50024.064341086225,51245,643.8799999999508,-112888.65612810361,-2.2029204044902646,-9.226200326086115,0.008267333455131018,0.018245682505610303,112888.65612810492,-112906.15929398785,49794,1695.4899999999652,-69205.52704561636,-1.389836667984423,-4.033374120411051,0.13768027718218562,0.16220829818853677,69205.5270456165,-69229.09874123172,49794,1695.4899999999652,-157232.39361379846,-3.1576574208498704,-9.173401528413057,0.021061725190415204,0.038980600072297866,157232.39361379863,-157253.86920211758,24591,1005.869999999984,-30313.1954026818,-1.2326947014225447,-4.004764064007328,0.13853368200988933,0.16538571021918588,30313.195402681762,-30335.835937815453,24591,1005.869999999984,-69197.25244534304,-2.8139259259624674,-9.144798826175943,0.020436084410532743,0.03948599080964581,69197.25244534285,-69218.15548069449,25203,689.6199999999812,-38892.33164293455,-1.5431627839120166,-4.061289443865559,0.13701394880647502,0.15910804269333015,38892.331642934405,-38915.90333854991,25203,689.6199999999812,-88035.14116845542,-3.493042144524676,-9.201309676280886,0.021552929754007286,0.03848748164901004,88035.141168456,-88056.61675677456
R5E-049,xauusd_m1_2024_2025_news_clean.csv,sma50,lt,0.05,-4.167788533092078,12,1,20.0,6.0,FAIL,E1_NET_NONPOSITIVE_2024;E1_NET_NONPOSITIVE_2025;E1_NET_NONPOSITIVE_2025_H1;E1_NET_NONPOSITIVE_2025_H2;STRESS_NET_NONPOSITIVE_2024;STRESS_NET_NONPOSITIVE_2025;STRESS_2025_EX_BEST_NONPOSITIVE,5673,4496,1177,623,120.56999999999766,-499.34496172120436,-0.8015167924898946,-3.345009141994737,0.3061446147662864,0.2520064205457464,499.48159387259,-516.7382120870484,623,120.56999999999766,-1268.9978365204113,-2.0369146653618158,-8.485213493050171,0.06877527301453094,0.10112359550561797,1268.997836520412,-1285.0666683167094,554,334.33999999998696,-449.64806525193706,-0.8116391069529549,-2.426727681653728,0.5391030500886106,0.33574007220216606,457.76122340795206,-473.59645714783295,554,334.33999999998696,-1423.0052273336712,-2.568601493382078,-7.5671680754054,0.1725330726761,0.14981949458483754,1424.4558304080053,-1444.853410215203,267,117.79999999999427,-223.40191691508574,-0.8367112993074373,-2.6807123685023426,0.4755243667284345,0.3408239700374532,224.50588520815182,-241.87241526269355,267,117.79999999999427,-647.0197554178658,-2.423294964111857,-7.821087475919838,0.14500489822004795,0.13108614232209737,647.0197554178662,-663.9389401821015,286,216.52999999999292,-224.88851382686508,-0.7863234749191087,-2.183731462486844,0.5898312899882995,0.3321678321678322,231.89770368981456,-248.83690572276095,286,216.52999999999292,-772.9298563958681,-2.7025519454400984,-7.324234318005657,0.19478446981793454,0.16783216783216784,774.3804594702023,-794.7780392774
R5E-050,xauusd_m1_2024_2025_news_clean.csv,rsi7,lt,0.2,36.14420437413335,3,1,20.0,6.0,FAIL,E1_NET_NONPOSITIVE_2024;E1_NET_NONPOSITIVE_2025;E1_NET_NONPOSITIVE_2025_H1;E1_NET_NONPOSITIVE_2025_H2;STRESS_NET_NONPOSITIVE_2024;STRESS_NET_NONPOSITIVE_2025;STRESS_2025_EX_BEST_NONPOSITIVE,26736,14408,12327,6258,144.8899999999826,-6046.277253647172,-0.9661676659711045,-4.042363136859737,0.05210640512176729,0.07925854905720678,6046.277253647175,-6061.050396369348,6258,144.8899999999826,-13732.89553428721,-2.1944543838745942,-9.182388234250269,0.005906990673927104,0.011665068712048577,13732.895534287181,-13746.344124787001,6069,617.9300000000007,-8014.866534764898,-1.3206239141151586,-3.8436101512530967,0.12345828347509501,0.13198220464656452,8014.866534764925,-8034.626766084311,6069,617.9300000000007,-18732.87962186704,-3.0866501271819144,-8.983686337762416,0.020879139026211472,0.03213049925852694,18732.879621867036,-18751.088208079404,2960,311.49000000000296,-3451.431432433911,-1.166024132579024,-3.794972722056899,0.1213479156645643,0.12736486486486487,3451.431432433919,-3471.191663753325,2960,311.49000000000296,-8123.2710842776105,-2.7443483392829764,-8.93506141073513,0.021678964959474103,0.03141891891891892,8123.271084277619,-8141.479670489974,3109,306.4399999999978,-4563.435102330986,-1.4678144426925013,-3.8899166132732783,0.12504768259186885,0.13637825667417175,4563.435102330982,-4573.585432747478,3109,306.4399999999978,-10609.60853758943,-3.412546972527961,-9.029980896784856,0.02026586592631642,0.03280797684142811,10609.608537589429,-10617.735558463644
R5E-051,xauusd_m1_2024_2025_raw.csv,ret6,lt,0.05,-2.7079918876634497,1,1,,,FAIL,E1_NET_NONPOSITIVE_2024;E1_NET_NONPOSITIVE_2025;E1_NET_NONPOSITIVE_2025_H1;E1_NET_NONPOSITIVE_2025_H2;STRESS_NET_NONPOSITIVE_2024;STRESS_NET_NONPOSITIVE_2025;STRESS_2025_EX_BEST_NONPOSITIVE,33439,20,33419,17785,409.7799999999868,-17177.999533066322,-0.9658700890113198,-4.041421025323551,0.03990516901206262,0.062187236435198204,17177.999533066377,-17194.111099810263,17785,409.7799999999868,-39014.0349906984,-2.1936482986054764,-9.181446364882259,0.0037656173902520388,0.008658982288445319,39014.03499069831,-39028.91937224613,15634,808.4099999999726,-21415.441035338255,-1.3697992219098283,-3.9862673590668547,0.09850426120789041,0.12018677241908661,21415.441035338234,-21436.37443231994,15634,808.4099999999726,-49007.37202834705,-3.134666242058785,-9.12630687578219,0.012717667570463317,0.025521299731354738,49007.372028347105,-49026.25030368363,7812,391.029999999992,-9574.528678302566,-1.225618110381793,-3.9799262159333026,0.0931152102427744,0.11661546338965693,9574.528678302577,-9594.958770932917,7812,391.029999999992,-21947.22713273652,-2.80942487618235,-9.119967362628755,0.011886597756544503,0.024321556579621095,21947.22713273649,-21966.105408073105,7822,417.37999999998056,-11840.912357035688,-1.5137960057575668,-3.9926003953950713,0.10281522431261476,0.12375351572487855,11840.912357035651,-11861.84575401737,7822,417.37999999998056,-27060.144895610527,-3.4594918046037493,-9.13263828421413,0.013390683697170832,0.026719509076962415,27060.14489561054,-27078.971882153095
R5E-052,xauusd_m5_2024_2025_raw.csv,ret6,lt,0.05,-2.439851936924246,3,1,20.0,8.0,FAIL,E1_NET_NONPOSITIVE_2024;E1_NET_NONPOSITIVE_2025;E1_NET_NONPOSITIVE_2025_H1;E1_NET_NONPOSITIVE_2025_H2;STRESS_NET_NONPOSITIVE_2024;STRESS_NET_NONPOSITIVE_2025;STRESS_2025_EX_BEST_NONPOSITIVE,1402,471,931,465,63.62999999999579,-398.6331904809222,-0.8572756784535962,-3.5722305367524085,0.31678077494754275,0.24516129032258063,404.04224737780646,-419.2159254212323,465,63.62999999999579,-972.5541562391353,-2.091514314492764,-8.712376480932633,0.08660578088285964,0.1010752688172043,972.554156239135,-991.8118326955304,466,383.38999999999805,-272.90056213325596,-0.5856235238911072,-1.8283030659787618,0.7104960179414544,0.37553648068669526,344.99632513199333,-302.93769340767795,466,383.38999999999805,-1087.715413424645,-2.334153247692371,-6.96889728376574,0.2818495006449102,0.20815450643776823,1089.3537777803658,-1115.650770584544,244,160.91000000000258,-150.28772432472343,-0.6159332964128009,-2.0088729274916504,0.6439105488909515,0.38524590163934425,154.90856664308166,-172.65741537779132,244,160.91000000000258,-536.6539805862644,-2.1994015597797723,-7.149420730101135,0.2292037662477923,0.19262295081967212,539.5997817438758,-557.4713557750703,221,221.87999999999556,-121.84532542937245,-0.5513363141600564,-1.6266989155161862,0.7656057711149747,0.3665158371040724,198.04398903932022,-151.88245670379447,221,221.87999999999556,-548.5960910821605,-2.4823352537654317,-6.767344955309056,0.3276249705542939,0.22624434389140272,550.2344554378814,-576.5314482420595
R5E-053,xauusd_m1_2024_2025_raw.csv,ret3,lt,0.05,-1.947485662303986,3,1,,,FAIL,E1_NET_NONPOSITIVE_2024;E1_NET_NONPOSITIVE_2025;E1_NET_NONPOSITIVE_2025_H1;E1_NET_NONPOSITIVE_2025_H2;STRESS_NET_NONPOSITIVE_2024;STRESS_NET_NONPOSITIVE_2025;STRESS_2025_EX_BEST_NONPOSITIVE,33784,12712,21072,11069,301.890000000016,-10646.817952227339,-0.9618590615437111,-4.023179451030028,0.09764544921896441,0.12196223687776674,10646.817952227346,-10665.548976634947,11069,301.890000000016,-24240.141350898077,-2.1899124899176146,-9.163209479554556,0.013691073803541183,0.026289637726985275,24240.14135089808,-24257.64451678231,10003,1345.550000000012,-12914.308998226219,-1.291043586746598,-3.755064102190487,0.20695166741535778,0.20603818854343697,12916.256578536359,-12934.522544246893,10003,1345.550000000012,-30618.578378243023,-3.060939555957515,-8.895163049311954,0.03837775526893878,0.06278116565030491,30618.578378242884,-30636.786964455387,4914,675.7100000000123,-5599.988191043994,-1.1395987364761893,-3.7127260344008217,0.21003314914175203,0.2081807081807082,5599.988191043982,-5619.748422363408,4914,675.7100000000123,-13391.555508223015,-2.7251842711076546,-8.852835864451006,0.038296568935489356,0.06573056573056572,13391.55550822302,-13409.764094435377,5089,669.8399999999997,-7314.320807182225,-1.4372805673378315,-3.7959462529309884,0.20457612681638596,0.20396934564747496,7316.930521145299,-7334.534353202898,5089,669.8399999999997,-17227.02287002001,-3.385148923171548,-8.936034691364753,0.038440856605777604,0.05993318923167616,17227.022870019966,-17245.130190638043
R5E-054,xauusd_m1_2024_2025_news_clean.csv,sma5,lt,0.1,-0.9408859569161797,3,1,,,FAIL,E1_NET_NONPOSITIVE_2024;E1_NET_NONPOSITIVE_2025;E1_NET_NONPOSITIVE_2025_H1;E1_NET_NONPOSITIVE_2025_H2;STRESS_NET_NONPOSITIVE_2024;STRESS_NET_NONPOSITIVE_2025;STRESS_2025_EX_BEST_NONPOSITIVE,67148,27754,39393,20512,469.8600000000183,-19832.381124122177,-0.9668672544911358,-4.0427492177150155,0.09020465687695496,0.12114859594383776,19832.381124122083,-19850.795953699297,20512,469.8600000000183,-45038.54522359987,-2.1957169083268266,-9.182774215864116,0.011062760314481673,0.02379095163806552,45038.545223599984,-45055.7741653219,18881,1535.9500000000303,-25347.96582641964,-1.3425118281033652,-3.8960942244133228,0.17233852645374664,0.1859541337852868,25347.965826419713,-25376.17147401146,18881,1535.9500000000303,-58725.581122963486,-3.1103003613666376,-9.036156919980405,0.028568896055699546,0.051268470949631904,58725.58112296343,-58751.72040075167,9338,807.3700000000003,-11108.022639899682,-1.1895505075925983,-3.8595830169731,0.17266759443521515,0.18933390447633328,11108.022639899675,-11127.782871219095,9338,807.3700000000003,-25901.52944147357,-2.7737769802391914,-8.9996550976843,0.02703001084302908,0.05247376311844078,25901.529441473627,-25919.738027685933,9543,728.5800000000299,-14239.943186519959,-1.4921872772209954,-3.931821108524902,0.172081651595825,0.182646966362779,14239.943186519975,-14268.148834111777,9543,728.5800000000299,-32824.05168148992,-3.439594643350091,-9.071874620556851,0.02977980173110703,0.050089070522896365,32824.05168148979,-32850.1909592781
R5E-055,xauusd_m1_2024_2025_raw.csv,ret3,lt,0.1,-1.4876935651530838,3,1,,,FAIL,E1_NET_NONPOSITIVE_2024;E1_NET_NONPOSITIVE_2025;E1_NET_NONPOSITIVE_2025_H1;E1_NET_NONPOSITIVE_2025_H2;STRESS_NET_NONPOSITIVE_2024;STRESS_NET_NONPOSITIVE_2025;STRESS_2025_EX_BEST_NONPOSITIVE,68056,29234,38821,20146,413.18000000002803,-19502.73645288152,-0.9680699122843999,-4.051790955256311,0.08904403517580911,0.1181872331976571,19502.736452881512,-19521.467477289127,20146,413.18000000002803,-44229.26074331694,-2.195436351797724,-9.191813629242068,0.011616906079863045,0.02347860617492306,44229.2607433171,-44246.763909201174,18675,1729.640000000024,-24855.79863661848,-1.3309664597921542,-3.8679835948147754,0.1734658066233963,0.18538152610441766,24855.798636618623,-24875.558867937896,18675,1729.640000000024,-57862.840803183244,-3.0984118234636275,-9.008053516171652,0.02941891898301544,0.0507095046854083,57862.84080318342,-57881.04938939561,9258,888.6999999999971,-10922.920809455823,-1.179835905104323,-3.8344412781971307,0.1722786176980719,0.1896737956362065,10922.92080945583,-10942.681040775236,9258,888.6999999999971,-25587.590120801193,-2.7638356146901266,-8.97451982154976,0.027367796117729996,0.05109094836897818,25587.59012080119,-25605.798707013557,9417,840.9400000000269,-13932.877827162658,-1.4795452720784388,-3.900959570947956,0.1743941451675556,0.18116172878836148,13933.539960815522,-13950.350442189454,9417,840.9400000000269,-32275.25068238205,-3.4273389277245463,-9.04102101588594,0.031038897054000175,0.05033450143357757,32275.250682381884,-32290.653162502633
R5E-056,xauusd_m1_2024_2025_raw.csv,sma5,lt,0.05,-1.2275741429312652,1,1,14.0,6.0,FAIL,E1_NET_NONPOSITIVE_2024;E1_NET_NONPOSITIVE_2025;E1_NET_NONPOSITIVE_2025_H1;E1_NET_NONPOSITIVE_2025_H2;STRESS_NET_NONPOSITIVE_2024;STRESS_NET_NONPOSITIVE_2025;STRESS_2025_EX_BEST_NONPOSITIVE,8767,1,8766,4505,150.1800000000153,-4291.912065509733,-0.9526996815781872,-3.998183764809881,0.0868694142450547,0.11897891231964484,4291.91206550973,-4308.023632253674,4505,150.1800000000153,-9806.973228493851,-2.176908596779989,-9.138220218433274,0.010014853666714495,0.019755826859045506,9806.97322849383,-9821.857610041581,4261,393.02000000001317,-5687.5855290297595,-1.3348006404669701,-3.8698756128665304,0.1276311370329758,0.16076038488617694,5687.585529029741,-5708.518926011442,4261,393.02000000001317,-13236.936353683961,-3.1065328217986297,-9.009945047883365,0.013531103883458422,0.035203003989673784,13236.936353683954,-13255.763340226531,2126,193.57000000000062,-2520.5150350990016,-1.1855668086072444,-3.8498142862966005,0.12450349371851374,0.1627469426152399,2520.5150350989948,-2526.6095794595158,2126,193.57000000000062,-5890.176165020509,-2.770543821740597,-8.989888878043498,0.011821358271899871,0.034807149576669805,5890.176165020505,-5894.513356267822,2135,199.45000000001255,-3167.0704939307575,-1.4834053835741252,-3.889852371783472,0.13010435004627782,0.15878220140515223,3167.0704939307566,-3188.0038909124396,2135,199.45000000001255,-7346.760188663453,-3.441105474783819,-9.029916671808218,0.014897604493762113,0.035597189695550355,7346.7601886634575,-7365.587175206022
R5E-057,xauusd_m1_2024_2025_raw.csv,ret24,lt,0.05,-5.151133432476259,12,1,21.0,4.0,FAIL,E1_NET_NONPOSITIVE_2024;E1_NET_NONPOSITIVE_2025;E1_NET_NONPOSITIVE_2025_H1;E1_NET_NONPOSITIVE_2025_H2;STRESS_NET_NONPOSITIVE_2024;STRESS_NET_NONPOSITIVE_2025;STRESS_2025_EX_BEST_NONPOSITIVE,4477,3514,963,532,58.74999999999932,-468.5015401477507,-0.8806419927589298,-3.644156723634332,0.19509596086090122,0.19360902255639098,469.9059660568512,-473.46764502619243,532,58.74999999999932,-1123.1085245898757,-2.1111062492290897,-8.784284179309873,0.034199869520790446,0.06015037593984962,1123.1085245898764,-1126.7537548678645,431,262.44000000000005,-351.61187075258397,-0.8158048045303572,-2.457028521461538,0.533455927888874,0.31786542923433875,373.1603626403101,-375.56026264847986,431,262.44000000000005,-1113.985448586628,-2.584653012962014,-7.597461126433586,0.16984532594021223,0.13921113689095127,1117.8944277020387,-1135.8336314681599,203,70.70000000000027,-190.55837622101973,-0.9387112129114272,-2.9622288443248905,0.4385543103372524,0.29064039408866993,190.5583762210197,-209.02887456862754,203,70.70000000000027,-514.9226401945898,-2.5365647300226097,-8.102531588408421,0.13947731631703095,0.12315270935960591,514.9226401945895,-531.8418249588256,227,191.5,-159.92590763190003,-0.7045194168806169,-2.001027526574218,0.6128806191798217,0.3436123348017621,181.97391635227203,-183.8742995277959,227,191.5,-596.23729959355,-2.626596033451762,-7.141577345830741,0.1950266670383363,0.15418502202643172,600.1462787089614,-618.0854824750819
R5E-058,xauusd_m1_2024_2025_news_clean.csv,ret3,gt,0.7,0.6070886800710552,12,-1,19.0,2.0,FAIL,E1_NET_NONPOSITIVE_2024;E1_NET_NONPOSITIVE_2025;E1_NET_NONPOSITIVE_2025_H1;E1_NET_NONPOSITIVE_2025_H2;STRESS_NET_NONPOSITIVE_2024;STRESS_NET_NONPOSITIVE_2025;STRESS_2025_EX_BEST_NONPOSITIVE,18074,14106,3968,2007,-37.58000000000811,-2021.55540373262,-1.0072523187506828,-4.2208508445233095,0.233452664962928,0.25411061285500747,2021.630056963918,-2034.3068611319964,2007,-37.58000000000811,-4484.7519195967625,-2.234555017238048,-9.360871619286117,0.047718177354297155,0.08370702541106129,4484.75191959675,-4496.151901443955,1961,274.3899999999985,-2522.468857765856,-1.286317622522109,-3.736350206989884,0.3448026657433863,0.2661907190209077,2523.32933635708,-2558.0801499482295,1961,274.3899999999985,-5994.897487071345,-3.0570614416478046,-8.876246488485071,0.10120893134465962,0.1172870984191739,5994.897487071347,-6028.275601067027,974,118.89000000000078,-1122.7545166635532,-1.1527253764512866,-3.7115827578631717,0.3218254174088729,0.26283367556468173,1122.7545166635532,-1138.071300946961,974,118.89000000000078,-2664.3131674109923,-2.7354344634609777,-8.851472675319938,0.08513490081108714,0.11498973305954825,2664.3131674109923,-2677.887795036328,987,155.49999999999773,-1399.7143411023023,-1.4181502949364766,-3.760791438448261,0.36213786080572613,0.2695035460992908,1403.2987842712157,-1435.3256332846763,987,155.49999999999773,-3330.5843196603523,-3.374452198237439,-8.900694000159683,0.11366639934961616,0.11955420466058764,3330.58431966035,-3363.962433656035
R5E-059,xauusd_m1_2024_2025_news_clean.csv,sma5,lt,0.05,-1.2297444717301456,3,1,9.0,8.0,FAIL,E1_NET_NONPOSITIVE_2024;E1_NET_NONPOSITIVE_2025;E1_NET_NONPOSITIVE_2025_H1;E1_NET_NONPOSITIVE_2025_H2;STRESS_NET_NONPOSITIVE_2024;STRESS_NET_NONPOSITIVE_2025;STRESS_2025_EX_BEST_NONPOSITIVE,12389,4454,7935,4195,265.24000000001865,-3876.4509743486456,-0.9240645946003923,-3.8719120018574804,0.13204024186254346,0.15899880810488676,3878.629786714722,-3894.865803925764,4195,265.24000000001865,-9018.550395768969,-2.149833229027168,-9.01198091342397,0.020740472091454198,0.03694874851013111,9018.550395768962,-9035.779337491,3740,546.7800000000088,-4780.904325314499,-1.2783166645225934,-3.7173546731190394,0.23031002188852034,0.2374331550802139,4780.90432531449,-4800.784602974697,3740,546.7800000000088,-11395.468920715277,-3.0469168237206623,-8.857463313385468,0.03995949213852312,0.0748663101604278,11395.468920715273,-11413.251330611167,1851,265.25000000000273,-2100.3041338786475,-1.1346861879409225,-3.6884643576288894,0.2385530366504489,0.24257158292814696,2106.7352554795507,-2110.1413298842294,1851,265.25000000000273,-5037.248154328922,-2.7213658316201634,-8.828580424102052,0.040045783641125675,0.08319827120475419,5041.992166058004,-5045.480274879042,1889,281.5300000000061,-2680.600191435852,-1.41905780383052,-3.745663817625269,0.2237256890581432,0.2323980942297512,2680.600191435856,-2700.48046909605,1889,281.5300000000061,-6358.2207663863555,-3.3659188810938887,-8.885765181073983,0.03989111739002247,0.06670195870831128,6358.220766386354,-6376.003176282246
R5E-060,xauusd_m1_2024_2025_raw.csv,rsi14,lt,0.05,31.56621756363758,1,1,18.0,8.0,FAIL,E1_NET_NONPOSITIVE_2024;E1_NET_NONPOSITIVE_2025;E1_NET_NONPOSITIVE_2025_H1;E1_NET_NONPOSITIVE_2025_H2;STRESS_NET_NONPOSITIVE_2024;STRESS_NET_NONPOSITIVE_2025;STRESS_2025_EX_BEST_NONPOSITIVE,8405,14,8391,4371,126.67999999999711,-4219.2009329826515,-0.9652713184586253,-4.016681812107943,0.04972237293157071,0.07366735300846489,4219.200932982648,-4231.015483300683,4371,126.67999999999711,-9614.811559521919,-2.199682351755186,-9.156713510839566,0.00547282176378754,0.010752688172043012,9614.811559521913,-9625.303305203062,4020,392.0599999999881,-5283.050293771128,-1.3141916153659523,-3.8614002094271833,0.10865250394828126,0.11567164179104478,5283.050293771112,-5303.48038640148,4020,392.0599999999881,-12328.960174170033,-3.066905515962695,-9.001471823032137,0.01623231442918319,0.024626865671641792,12328.960174169983,-12347.838449506617,2048,161.04999999999836,-2437.319464204532,-1.190097394631119,-3.887788009168747,0.09426536994697104,0.09619140625,2437.319464204532,-2457.7495568348836,2048,161.04999999999836,-5663.314402345387,-2.7652902355202085,-9.02785283983441,0.0177804892793524,0.01708984375,5663.3144023453815,-5682.192677681971,1972,231.00999999998976,-2845.730829566596,-1.4430683719911745,-3.8339954356590686,0.12061633706982597,0.1359026369168357,2845.7308295666016,-2856.15131092348,1972,231.00999999998976,-6665.645771824647,-3.380144914718381,-8.974074093614767,0.014913102907047516,0.032454361054766734,6665.645771824647,-6674.030715580626
R5E-061,xauusd_m1_2024_2025_raw.csv,sma5,lt,0.05,-1.2275741429312652,1,1,10.0,6.0,FAIL,E1_NET_NONPOSITIVE_2024;E1_NET_NONPOSITIVE_2025;E1_NET_NONPOSITIVE_2025_H1;E1_NET_NONPOSITIVE_2025_H2;STRESS_NET_NONPOSITIVE_2024;STRESS_NET_NONPOSITIVE_2025;STRESS_2025_EX_BEST_NONPOSITIVE,9342,1,9341,4978,200.060000000007,-4711.261441499909,-0.9464165209923481,-3.9690863389845963,0.039666644090201424,0.059863398955403775,4711.261441499915,-4727.37300824385,4978,200.060000000007,-10808.892409299615,-2.17133234417429,-9.109130272052083,0.004598902151475303,0.0070309361189232625,10808.892409299584,-10823.776790847345,4363,291.3300000000072,-5923.557209562131,-1.3576798555035827,-3.9398321131224145,0.0895686860052738,0.11849644739857897,5923.557209562128,-5937.36673461393,4363,291.3300000000072,-13639.624903604614,-3.126203278387489,-9.07988356593918,0.009995173847730479,0.022461608984643593,13639.6249036046,-13651.248718262705,2153,162.54999999999063,-2587.2093571824394,-1.20167643157568,-3.9025623775654843,0.09321746155005596,0.12633534602879704,2587.2093571824394,-2596.334194777083,2153,162.54999999999063,-6001.161795295945,-2.78734872052761,-9.042623410504737,0.009258603155079084,0.02275894101254064,6001.161795295945,-6008.628967521843,2210,128.78000000001657,-3336.3478523796916,-1.5096596617102678,-3.9761405930563836,0.08671892323885196,0.11085972850678733,3336.3478523796916,-3350.15737743149,2210,128.78000000001657,-7638.46310830867,-3.456318148555959,-9.116182712839793,0.010573093139213206,0.022171945701357467,7638.463108308676,-7650.086922966761
R5E-062,xauusd_m1_2024_2025_raw.csv,sma5,lt,0.05,-1.2275741429312652,1,1,11.0,6.0,FAIL,E1_NET_NONPOSITIVE_2024;E1_NET_NONPOSITIVE_2025;E1_NET_NONPOSITIVE_2025_H1;E1_NET_NONPOSITIVE_2025_H2;STRESS_NET_NONPOSITIVE_2024;STRESS_NET_NONPOSITIVE_2025;STRESS_2025_EX_BEST_NONPOSITIVE,9461,2,9459,4945,191.45000000001164,-4689.704083301958,-0.9483729187668267,-3.9767719795089795,0.059974833084368004,0.08149646107178969,4689.704083301957,-4705.815650045899,4945,191.45000000001164,-10749.880891433853,-2.1738889568116995,-9.116813936995571,0.006843887222655573,0.012335692618806876,10749.880891433831,-10764.765272981584,4514,326.7900000000177,-6119.818851052477,-1.3557418810483999,-3.9226616231533558,0.10608726152817623,0.13535666814355338,6119.818851052479,-6133.628376104276,4514,326.7900000000177,-14123.579597461207,-3.1288390778602584,-9.06271748961553,0.011415184703682581,0.02924235711120957,14123.579597461181,-14135.203412119297,2227,206.11999999999625,-2640.503891391436,-1.185677544405674,-3.8481748121445825,0.10956504076608613,0.1414458913336327,2640.503891391434,-2646.59843575195,2227,206.11999999999625,-6174.718094061448,-2.7726619192013686,-8.98824982531554,0.01052683097730982,0.029636281993713515,6174.718094061441,-6179.055285308761,2287,120.67000000002145,-3479.3149596610406,-1.5213445385487716,-3.995194254599155,0.10342973746534753,0.1294271972015741,3479.314959661041,-3493.124484712839,2287,120.67000000002145,-7948.861503399758,-3.4756718423260855,-9.135231476671091,0.012104162563767125,0.028858766943594228,7948.861503399755,-7960.485318057849
R5E-063,xauusd_m1_2024_2025_raw.csv,rsi7,lt,0.05,23.36544077483301,1,1,,,FAIL,E1_NET_NONPOSITIVE_2024;E1_NET_NONPOSITIVE_2025;E1_NET_NONPOSITIVE_2025_H1;E1_NET_NONPOSITIVE_2025_H2;STRESS_NET_NONPOSITIVE_2024;STRESS_NET_NONPOSITIVE_2025;STRESS_2025_EX_BEST_NONPOSITIVE,34632,16,34616,17784,407.2399999999998,-17192.551250409866,-0.9667426479087868,-4.043263932956829,0.04409361482962281,0.0669140800719748,17192.551250409877,-17208.662817153807,17784,407.2399999999998,-39043.49980639439,-2.1954284641472332,-9.183288798799246,0.0043969903167211215,0.009390463337831759,39043.49980639451,-39058.38418794212,16832,843.2500000000091,-22988.671634289443,-1.3657718413907702,-3.992263275013401,0.09506405719206727,0.11793013307984791,22988.671634289512,-23009.605031271127,16832,843.2500000000091,-52577.09607612752,-3.1236392630779184,-9.132301250488682,0.011735205257249234,0.02441777566539924,52577.09607612767,-52595.9743514641,8516,414.70000000000164,-10417.06491873942,-1.2232344902230412,-3.984511440095824,0.08767491697709352,0.11472522310944105,10417.064918739403,-10437.49501136977,8516,414.70000000000164,-23865.198174027388,-2.802395276424071,-9.124551408167159,0.009686959802245463,0.022898074213245655,23865.19817402747,-23884.076449363973,8316,428.55000000000746,-12571.606715550022,-1.5117372192821095,-4.000201541747177,0.10109675850471285,0.12121212121212122,12571.653423731997,-12592.540112531704,8316,428.55000000000746,-28711.89790210013,-3.4526091753367156,-9.14023747670442,0.013431260510468529,0.025974025974025976,28711.897902100038,-28730.724888642697
R5E-064,xauusd_m1_2024_2025_news_clean.csv,ret1,lt,0.3,-0.32125443911119145,3,1,6.0,8.0,FAIL,E1_NET_NONPOSITIVE_2024;E1_NET_NONPOSITIVE_2025;E1_NET_NONPOSITIVE_2025_H1;E1_NET_NONPOSITIVE_2025_H2;STRESS_NET_NONPOSITIVE_2024;STRESS_NET_NONPOSITIVE_2025;STRESS_2025_EX_BEST_NONPOSITIVE,75731,28383,47348,23865,349.6500000000158,-23237.749825520474,-0.9737167326847045,-4.078947923985617,0.04146764859229996,0.08288288288288288,23237.749825520576,-23242.921936349292,23865,349.6500000000158,-52522.58922131719,-2.2008208347503535,-9.218963617318495,0.0020856768833993683,0.006746281164885816,52522.589221316906,-52526.36100599688,23483,600.420000000011,-32863.597550939405,-1.3994633373478433,-4.056715104258109,0.1003306917991008,0.14150662181152324,32863.59755093935,-32883.4778285996,23483,600.420000000011,-74410.71112677734,-3.168705494475891,-9.196736512499696,0.010828244313472526,0.026231742111314568,74410.71112677733,-74428.49353667324,11549,394.6700000000137,-14312.75680679745,-1.2393070228415837,-4.026135229332102,0.10221192863014635,0.1467659537622305,14312.756806797444,-14319.829564889154,11549,394.6700000000137,-32572.702164713566,-2.8203915633140157,-9.166164498078814,0.009867255872108736,0.02762143908563512,32572.702164713537,-32578.176752926236,11934,205.74999999999727,-18550.840744141955,-1.5544528862193694,-4.086308448947272,0.0988738414783324,0.1364169599463717,18550.84074414189,-18570.721021802154,11934,205.74999999999727,-41838.00896206378,-3.5057825508684246,-9.226322250269659,0.011575124927572256,0.024886877828054297,41838.0089620638,-41855.79137195967
R5E-065,xauusd_m1_2024_2025_raw.csv,sma50,lt,0.05,-4.152851680367627,6,1,22.0,4.0,FAIL,E1_NET_NONPOSITIVE_2024;E1_NET_NONPOSITIVE_2025;E1_NET_NONPOSITIVE_2025_H1;E1_NET_NONPOSITIVE_2025_H2;STRESS_NET_NONPOSITIVE_2024;STRESS_NET_NONPOSITIVE_2025;STRESS_2025_EX_BEST_NONPOSITIVE,3248,2265,983,508,36.669999999998936,-472.6318994986631,-0.9303777549186281,-3.8359758021183885,0.1517600754157732,0.1732283464566929,473.0989880953699,-478.38087753819747,508,36.669999999998936,-1104.9535813689802,-2.175105475135788,-8.97605395102424,0.02457169037569098,0.04921259842519685,1104.9535813689793,-1109.3852519718835,475,227.1599999999953,-447.81770470198074,-0.9427741151620648,-2.835420244247206,0.37406803747253925,0.25684210526315787,452.8756828933942,-459.01507084977476,475,227.1599999999953,-1285.8335016088968,-2.7070178981239934,-7.975755584266907,0.08786609311814195,0.09894736842105263,1285.8335016088965,-1295.1528634489698,209,44.199999999998454,-225.64751419812157,-1.079653177981443,-3.408268555518129,0.3365587002034075,0.2822966507177033,225.6917019097038,-234.6740890627514,209,44.199999999998454,-560.6755872415415,-2.682658312160486,-8.548456645848312,0.08726779257557161,0.11004784688995216,560.6755872415415,-567.9349145073763,265,182.00999999999704,-221.752750575189,-0.8368028323592037,-2.3895565421619525,0.40851310166781934,0.23773584905660378,226.76654105502072,-232.95011672298304,265,182.00999999999704,-723.04273501334,-2.728463150993736,-7.53000649069216,0.08856365770837264,0.09056603773584905,723.04273501334,-732.362096853413
R5E-066,xauusd_m1_2024_2025_raw.csv,ret6,lt,0.1,-2.0833698210138367,1,1,,,FAIL,E1_NET_NONPOSITIVE_2024;E1_NET_NONPOSITIVE_2025;E1_NET_NONPOSITIVE_2025_H1;E1_NET_NONPOSITIVE_2025_H2;STRESS_NET_NONPOSITIVE_2024;STRESS_NET_NONPOSITIVE_2025;STRESS_2025_EX_BEST_NONPOSITIVE,67312,34,67278,35574,588.1399999999701,-34612.33662107663,-0.9729672407116611,-4.0704724970076525,0.03115040778833026,0.052201045707539216,34612.33662107661,-34628.44818782057,35574,588.1399999999701,-78315.34382509475,-2.2014770288720626,-9.2104903689347,0.002715524750928028,0.006549727328948108,78315.3438250952,-78330.22820664248,31704,1232.8699999999512,-43845.83890040404,-1.3829749842418633,-4.023972676633083,0.07672437344070894,0.10219530658591976,43845.838900403585,-43866.772297385716,31704,1232.8699999999512,-99813.12482599297,-3.1482817570651327,-9.164002501260311,0.008949434012160574,0.018420388594499116,99813.12482599245,-99832.00310132955,15739,665.6599999999803,-19410.692924468098,-1.2332862903912636,-4.0046637147460515,0.07291087388190859,0.10134061884490755,19410.692924468018,-19431.12301709845,15739,665.6599999999803,-44336.40645660636,-2.816977346502723,-9.144698502709273,0.00780772482480309,0.017599593366795858,44336.40645660639,-44355.28473194294,15965,567.2099999999709,-24435.145975935935,-1.5305446900053827,-4.043008301508747,0.07973143902406159,0.10303789539617914,24435.145975935946,-24456.07937291762,15965,567.2099999999709,-55476.71836938661,-3.474896233597658,-9.183033233060797,0.009859988609997405,0.019229564672721577,55476.718369386865,-55495.54535592918
R5E-067,xauusd_m1_2024_2025_news_clean.csv,ret6,lt,0.05,-2.7169132034391468,1,1,,,FAIL,E1_NET_NONPOSITIVE_2024;E1_NET_NONPOSITIVE_2025;E1_NET_NONPOSITIVE_2025_H1;E1_NET_NONPOSITIVE_2025_H2;STRESS_NET_NONPOSITIVE_2024;STRESS_NET_NONPOSITIVE_2025;STRESS_2025_EX_BEST_NONPOSITIVE,33101,37,33064,17599,353.1699999999919,-17049.80314371557,-0.9687938600895261,-4.053699990886688,0.039696721894982676,0.061764873004147965,17049.803143715606,-17069.99834175518,17599,353.1699999999919,-38656.392987695035,-2.1965107669580677,-9.193722174158065,0.003981714439470954,0.008523211546110574,38656.39298769493,-38675.40275534828,15465,743.8999999999742,-21234.989916078568,-1.3730998975802502,-3.9978192808518638,0.09861555486004199,0.11968962172647915,21234.989916078546,-21255.92331306025,15465,743.8999999999742,-48522.790437553456,-3.1375874838379216,-9.137855828165245,0.012830599695920023,0.025412221144519884,48522.790437553514,-48541.66871289004,7749,333.1999999999948,-9551.866871213526,-1.2326580037699737,-4.002129770146752,0.09280410869660659,0.11562782294489611,9551.866871213526,-9572.296963843877,7749,333.1999999999948,-21824.631053260848,-2.8164448384644274,-9.142165209456147,0.011839781518719965,0.024390243902439025,21824.631053260815,-21843.509328597433,7716,410.69999999997935,-11683.12304486504,-1.5141424371261067,-3.9934903563383743,0.10331183389112036,0.12376879212026957,11683.123044865011,-11704.056441846722,7716,410.69999999997935,-26698.159384292612,-3.460103600867368,-9.133528016394477,0.013639077398556573,0.026438569206842923,26698.15938429261,-26716.98637083518
R5E-068,xauusd_m1_2024_2025_news_clean.csv,rsi7,lt,0.05,23.342259432546655,1,1,,,FAIL,E1_NET_NONPOSITIVE_2024;E1_NET_NONPOSITIVE_2025;E1_NET_NONPOSITIVE_2025_H1;E1_NET_NONPOSITIVE_2025_H2;STRESS_NET_NONPOSITIVE_2024;STRESS_NET_NONPOSITIVE_2025;STRESS_2025_EX_BEST_NONPOSITIVE,34318,33,34285,17597,390.08000000001016,-17024.095137033877,-0.9674430378492855,-4.045809463422904,0.04397167970738758,0.06677274535432176,17024.09513703389,-17044.29033507349,17597,390.08000000001016,-38644.59276970249,-2.1960898317726025,-9.185833674941021,0.004360381086634415,0.009433426152185032,38644.5927697025,-38663.602537355735,16688,797.5300000000157,-22832.987250073442,-1.3682279032881977,-3.997607620438217,0.0950496480092398,0.11804889741131352,22832.987250073507,-22853.920647055125,16688,797.5300000000157,-52171.358905855544,-3.1262798960843448,-9.137644222158547,0.01177906761802432,0.02426893576222435,52171.35890585568,-52190.237181192126,8438,410.78000000000566,-10321.901110564902,-1.2232639382039467,-3.9839920709577377,0.08827150483557664,0.11483763925100735,10321.901110564879,-10342.331203195254,8438,410.78000000000566,-23647.017270692082,-2.8024433835852194,-9.124032172532033,0.009915046472768928,0.02310974164493956,23647.017270692155,-23665.895546028667,8250,386.75000000001,-12511.086139508541,-1.5164952896373989,-4.011533439409888,0.10056634364600063,0.12133333333333333,12511.132847690515,-12532.019536490223,8250,386.75000000001,-28524.341635163466,-3.45749595577739,-9.151566461522005,0.013319050369152338,0.025454545454545455,28524.34163516338,-28543.168621706034
R5E-069,xauusd_m1_2024_2025_raw.csv,sma5,lt,0.2,-0.5942933079074384,3,1,17.0,8.0,FAIL,E1_NET_NONPOSITIVE_2024;E1_NET_NONPOSITIVE_2025;E1_NET_NONPOSITIVE_2025_H1;E1_NET_NONPOSITIVE_2025_H2;STRESS_NET_NONPOSITIVE_2024;STRESS_NET_NONPOSITIVE_2025;STRESS_2025_EX_BEST_NONPOSITIVE,40495,19117,21376,11010,262.909999999971,-10631.855226121956,-0.9656544256241558,-4.034888323260164,0.09864075804558865,0.13133514986376021,10631.855226121976,-10643.919724690337,11010,262.909999999971,-24158.206254823697,-2.194205836042116,-9.174915342038888,0.011361306474081574,0.02706630336058129,24158.206254823683,-24168.947884506415,10366,723.95999999999,-14031.667768566467,-1.3536241335680559,-3.923682017919501,0.15362795595786,0.1679529230175574,14032.075626150112,-14051.42799988588,10366,723.95999999999,-32351.456831599062,-3.120920010765875,-9.063737622090922,0.026095914199142572,0.04437584410573027,32351.456831599022,-32369.665417811426,5139,495.4699999999875,-6052.139942676355,-1.1776882550450194,-3.832858240638223,0.15416024353402583,0.17046117921774664,6052.54780026,-6071.9001739957685,5139,495.4699999999875,-14181.298179118552,-2.7595443041678442,-8.97293719090798,0.024940989484177587,0.0430044755789064,14181.298179118516,-14199.506765330914,5227,228.4900000000025,-7979.527825890112,-1.5265980152841232,-4.0129767168765484,0.15322379100484063,0.16548689496843313,7979.527825890077,-7994.141579242918,5227,228.4900000000025,-18170.15865248051,-3.4762117184772356,-9.153009367996633,0.02699540129527807,0.045724124736942796,18170.158652480506,-18182.691268743136
R5E-070,xauusd_m1_2024_2025_news_clean.csv,ret1,lt,0.05,-1.136053748714633,3,1,14.0,6.0,FAIL,E1_NET_NONPOSITIVE_2024;E1_NET_NONPOSITIVE_2025;E1_NET_NONPOSITIVE_2025_H1;E1_NET_NONPOSITIVE_2025_H2;STRESS_NET_NONPOSITIVE_2024;STRESS_NET_NONPOSITIVE_2025;STRESS_2025_EX_BEST_NONPOSITIVE,8280,862,7418,3890,252.65999999999212,-3587.147150646284,-0.922145797081307,-3.8628985808862644,0.19734963283098036,0.20462724935732649,3587.147150646282,-3604.188860731484,3890,252.65999999999212,-8354.44395040825,-2.1476719666859254,-9.002969809337369,0.03511254279708805,0.06298200514138817,8354.443950408267,-8370.29589964165,3528,426.3900000000249,-4602.937402953029,-1.3046874724923552,-3.782438116153977,0.24745897941533618,0.24489795918367346,4602.93740295303,-4623.150948973703,3528,426.3900000000249,-10847.078186913719,-3.0745686470843876,-8.922530026831454,0.04920568515469865,0.0830498866213152,10847.078186913732,-10865.185507531753,1736,158.0600000000013,-2055.694519738715,-1.1841558293425778,-3.855054092064415,0.2376281108314362,0.24423963133640553,2058.124650481636,-2065.6975867744786,1736,158.0600000000013,-4804.172352924221,-2.7673803876291596,-8.995127336928103,0.043852886585320466,0.08237327188940093,4804.172352924216,-4812.614880035158,1792,268.3300000000236,-2547.2428832143146,-1.4214525017937023,-3.7120913894907406,0.2552097912830318,0.24553571428571427,2547.24288321432,-2567.4564292349883,1792,268.3300000000236,-6042.905833989497,-3.372157273431639,-8.852201382675323,0.05341864076493581,0.08370535714285714,6042.9058339895,-6061.01315460753
R5E-071,xauusd_m1_2024_2025_news_clean.csv,rsi7,lt,0.2,36.14420437413335,6,1,18.0,8.0,FAIL,E1_NET_NONPOSITIVE_2024;E1_NET_NONPOSITIVE_2025;E1_NET_NONPOSITIVE_2025_H1;E1_NET_NONPOSITIVE_2025_H2;STRESS_NET_NONPOSITIVE_2024;STRESS_NET_NONPOSITIVE_2025;STRESS_2025_EX_BEST_NONPOSITIVE,38341,26756,11584,5886,164.5499999999911,-5658.88800087964,-0.961414882922127,-4.0224127358758395,0.13403513462733796,0.1710839279646619,5658.888000879664,-5675.430777214293,5886,164.5499999999911,-12888.953537683345,-2.1897644474487503,-9.162442961483201,0.017160041889404752,0.03669724770642202,12888.953537683381,-12904.171306914288,5698,794.8399999999983,-7309.495667167226,-1.2828177724056207,-3.736750971245026,0.22955657053137146,0.22218322218322217,7311.402750677391,-7324.603855390131,5698,794.8399999999983,-17371.40033355251,-3.0486838072222726,-8.87685462572583,0.045594280279045524,0.06967356967356968,17371.40033355251,-17384.954340055578,2778,389.0100000000002,-3140.748578125386,-1.1305790418017947,-3.685639705730998,0.22303128177832277,0.22462203023758098,3140.7485781253977,-3155.85676634829,2778,389.0100000000002,-7523.105845389237,-2.7081014562236274,-8.825756498276153,0.04278242355231697,0.06479481641468683,7523.1058453892365,-7536.659851892306,2920,405.8299999999981,-4168.74708904184,-1.4276531126855616,-3.785376688915564,0.2344008065197726,0.21986301369863015,4171.549268035193,-4183.088658544268,2920,405.8299999999981,-9848.294488163274,-3.3727035918367374,-8.925467844237883,0.04773115099239841,0.07431506849315068,9848.294488163283,-9860.552209224199
R5E-072,xauusd_m1_2024_2025_raw.csv,rsi7,lt,0.1,28.901620482347663,3,1,,,FAIL,E1_NET_NONPOSITIVE_2024;E1_NET_NONPOSITIVE_2025;E1_NET_NONPOSITIVE_2025_H1;E1_NET_NONPOSITIVE_2025_H2;STRESS_NET_NONPOSITIVE_2024;STRESS_NET_NONPOSITIVE_2025;STRESS_2025_EX_BEST_NONPOSITIVE,69243,35404,33839,17268,376.4199999999821,-16712.03639355303,-0.9678038217253317,-4.047731095886217,0.0968066418576629,0.1303567292100996,16712.036393552997,-16730.767417960637,17268,376.4199999999821,-37928.13925778857,-2.196440772399153,-9.18775481345196,0.01206300450183676,0.025306926106092194,37928.13925778863,-37945.642423672805,16571,1519.8100000000122,-21998.367098782255,-1.3275220022196763,-3.869226479597137,0.1892702923326523,0.20185866875867478,21998.554852970046,-22027.51740750543,16571,1519.8100000000122,-51197.26329874519,-3.089569929319002,-9.00929608147258,0.03253995929423651,0.05932049966809486,51197.263298745165,-51224.31577829948,8242,750.6200000000099,-9738.648626049122,-1.1815880400447856,-3.8492293574646967,0.1875957733953232,0.20249939335112838,9738.648626049091,-9758.408857368535,8242,750.6200000000099,-22761.557014471084,-2.7616545758882656,-8.989304099566564,0.030427448357355027,0.0601795680660034,22761.55701447108,-22779.765600683448,8329,769.1900000000023,-12259.718472733131,-1.4719316211709847,-3.889014723157656,0.19059555411494372,0.2012246368111418,12259.906226920846,-12288.868781456307,8329,769.1900000000023,-28435.706284274103,-3.414060065346873,-9.02907923849856,0.03422431134529709,0.05847040461039741,28435.70628427406,-28462.758763828395
R5E-073,xauusd_m1_2024_2025_news_clean.csv,sma5,lt,0.1,-0.9408859569161797,1,1,14.0,8.0,FAIL,E1_NET_NONPOSITIVE_2024;E1_NET_NONPOSITIVE_2025;E1_NET_NONPOSITIVE_2025_H1;E1_NET_NONPOSITIVE_2025_H2;STRESS_NET_NONPOSITIVE_2024;STRESS_NET_NONPOSITIVE_2025;STRESS_2025_EX_BEST_NONPOSITIVE,23060,27,23033,12119,288.56999999999425,-11695.987699666008,-0.9650951150809479,-4.039693668762777,0.05778377027863059,0.08787853783315455,11695.987699666006,-11716.182897705618,12119,288.56999999999425,-26575.366098822014,-2.1928679015448482,-9.179719452335569,0.006385171987856103,0.011882168495750474,26575.366098822145,-26594.37586647526,10914,446.37000000000353,-15100.86074574508,-1.3836229380378486,-4.018235579509188,0.09315982247840127,0.12451896646509071,15100.860745745184,-15121.794142726761,10914,446.37000000000353,-34403.461235427865,-3.1522321087985947,-9.15826687884753,0.01017836231727536,0.02446399120395822,34403.46123542766,-34422.28822197043,5484,168.96999999999298,-6821.714773973449,-1.2439304839484773,-4.041347998071676,0.0879181856111353,0.12089715536105033,6821.7147739734755,-6833.026714281271,5484,168.96999999999298,-15500.970748855496,-2.8265810993536644,-9.181373356401917,0.009367922433676058,0.023522975929978117,15500.970748855465,-15510.522103015695,5430,277.40000000001055,-8279.14597177163,-1.5247045988529704,-3.9948933136902767,0.09743368229621743,0.1281767955801105,8279.145971771637,-8300.079368753311,5430,277.40000000001055,-18902.49048657237,-3.481121636569497,-9.134930613118565,0.010841973913691133,0.02541436464088398,18902.490486572355,-18921.317473114937
R5E-074,xauusd_m1_2024_2025_raw.csv,sma5,lt,0.1,-0.939361634893947,3,1,18.0,8.0,FAIL,E1_NET_NONPOSITIVE_2024;E1_NET_NONPOSITIVE_2025;E1_NET_NONPOSITIVE_2025_H1;E1_NET_NONPOSITIVE_2025_H2;STRESS_NET_NONPOSITIVE_2024;STRESS_NET_NONPOSITIVE_2025;STRESS_2025_EX_BEST_NONPOSITIVE,18107,7318,10788,5562,187.599999999994,-5325.158488377367,-0.9574179231171102,-3.997855739097415,0.08251689878974153,0.1136281912980942,5325.158488377354,-5335.976056244041,5562,187.599999999994,-12169.501152098126,-2.1879721596724426,-9.137892277039263,0.009406844951136474,0.021035598705501618,12169.501152098137,-12178.962415373158,5226,626.1400000000049,-6819.1221863834,-1.3048454241070417,-3.796556736592463,0.1617031956204528,0.16475315729047071,6819.122186383391,-6841.999920897896,5226,626.1400000000049,-16062.756879575314,-3.0736235896623256,-8.936645018102436,0.028355122057141684,0.04247990815154994,16062.756879575298,-16083.446680690546,2575,272.81999999999744,-3008.5781960180548,-1.1683798819487592,-3.7916084448359504,0.14864617533699792,0.16310679611650486,3008.5781960180557,-3028.3384273374686,2575,272.81999999999744,-7082.584651081237,-2.7505183110995097,-8.93169799829595,0.024083754252849917,0.037281553398058255,7082.58465108124,-7100.7932372936,2651,353.32000000000744,-3810.5439903653446,-1.43739871383076,-3.801363168607936,0.171732685278907,0.16635231987929083,3810.5439903653514,-3833.421724879841,2651,353.32000000000744,-8980.172228494077,-3.387465948130546,-8.941450214632688,0.03169763059062319,0.04752923425122595,8980.172228494099,-9000.862029609309
R5E-075,xauusd_m1_2024_2025_news_clean.csv,ret3,lt,0.1,-1.4901617122787154,3,1,9.0,6.0,FAIL,E1_NET_NONPOSITIVE_2024;E1_NET_NONPOSITIVE_2025;E1_NET_NONPOSITIVE_2025_H1;E1_NET_NONPOSITIVE_2025_H2;STRESS_NET_NONPOSITIVE_2024;STRESS_NET_NONPOSITIVE_2025;STRESS_2025_EX_BEST_NONPOSITIVE,18536,7966,10570,5608,160.57000000001563,-5382.977616665186,-0.9598747533283143,-4.023363855028641,0.054880173532934624,0.11216119828815978,5382.977616665187,-5386.690146481892,5608,160.57000000001563,-12265.546396268393,-2.1871516398481443,-9.163393836152434,0.002506834693589615,0.010699001426533523,12265.546396268375,-12267.921197418571,4962,470.34000000001015,-6594.976435561514,-1.32909641990357,-3.8622389269958637,0.14631540100191562,0.1837968561064087,6602.825814192478,-6612.4490505883105,4962,470.34000000001015,-15366.89104247685,-3.0969147606765115,-9.002310325009885,0.017946796258141613,0.03990326481257558,15366.891042476833,-15382.29352259743,2446,273.48000000000593,-2851.1307242171224,-1.165629895428096,-3.778173978230754,0.15719195767825467,0.1946034341782502,2852.9429677515614,-2858.837115159708,2446,273.48000000000593,-6730.47833747707,-2.75162646667092,-8.91826698499767,0.018303971356412412,0.046197874080130825,6730.6048640570525,-6736.591068893707,2516,196.86000000000422,-3743.845711344392,-1.4880149886106486,-3.9439650258350767,0.1378421764259466,0.17329093799682035,3751.6950899753556,-3761.318326371188,2516,196.86000000000422,-8636.412704999779,-3.432596464626303,-9.08401541629362,0.017668264412653227,0.033783783783783786,8636.412704999786,-8651.81518512036
R5E-076,xauusd_m1_2024_2025_raw.csv,sma20,lt,0.05,-2.6679177332173087,1,1,,,FAIL,E1_NET_NONPOSITIVE_2024;E1_NET_NONPOSITIVE_2025;E1_NET_NONPOSITIVE_2025_H1;E1_NET_NONPOSITIVE_2025_H2;STRESS_NET_NONPOSITIVE_2024;STRESS_NET_NONPOSITIVE_2025;STRESS_2025_EX_BEST_NONPOSITIVE,33377,14,33363,17786,343.25000000000546,-17243.280464109444,-0.9694861387669765,-4.0578849895957685,0.04694371218360988,0.07039244349488362,17243.28046410958,-17259.392030853385,17786,343.25000000000546,-39077.76514551752,-2.1971081269266572,-9.197906097120308,0.00459481135559715,0.010288991341504555,39077.765145517566,-39092.64952706525,15577,853.3499999999844,-21224.048112995326,-1.3625247552799207,-3.983985990567122,0.10788896569649221,0.12781665275727033,21224.04811299535,-21244.98150997701,15577,853.3499999999844,-48634.151081503915,-3.1221769969508837,-9.124026093704371,0.014626276947657009,0.028439365731527253,48634.15108150393,-48653.029356840496,7860,355.9199999999946,-9672.480237221718,-1.2305954500282084,-3.996425663287264,0.09919503548500948,0.12506361323155216,9672.480237221715,-9692.91032985207,7860,355.9199999999946,-22123.19937119771,-2.8146564085493266,-9.13646256882768,0.01255418835821357,0.02608142493638677,22123.199371197654,-22142.077646534293,7717,497.42999999998983,-11551.56787577361,-1.4968987787707153,-3.9713158042796652,0.11504060560662088,0.13062070752883245,11551.614583955574,-11572.501272755291,7717,497.42999999998983,-26510.951710306203,-3.4353961008560585,-9.111359164266869,0.016348775234607385,0.030841000388752107,26510.951710306115,-26529.77869684877
R5E-077,xauusd_m5_2024_2025_raw.csv,ret6,lt,0.1,-1.8029724140729548,24,1,1.0,4.0,FAIL,E1_NET_NONPOSITIVE_2024;STRESS_NET_NONPOSITIVE_2024;STRESS_NET_NONPOSITIVE_2025;STRESS_2025_EX_BEST_NONPOSITIVE,1771,1155,616,301,122.84999999999673,-173.4396050780133,-0.5762113125515392,-2.4830264378045213,0.7249983754132928,0.4318936877076412,222.70409521827216,-213.56735942553945,301,122.84999999999673,-541.2967472260483,-1.7983280638739145,-7.6234523600561435,0.37011849117822887,0.2956810631229236,559.4523469407379,-580.2298295649155,315,755.5599999999945,308.07005893777847,0.9780001871040587,2.7860409755636573,1.2778460964995864,0.49523809523809526,199.16542978463826,252.33834161781058,315,755.5599999999945,-247.50923747997754,-0.7857436110475478,-2.3557393515546825,0.8231074723239862,0.44126984126984126,437.90036452957077,-301.5173383198334,152,407.969999999998,215.37810930115597,1.416961245402342,4.559115926859831,1.4712606033809075,0.4934210526315789,110.80442916210421,159.6463919811881,152,407.969999999998,-23.73356046979104,-0.1561418451959937,-0.5831201661758314,0.959361083278639,0.4473684210526316,169.6228800954634,-77.74166130964693,163,347.5899999999965,92.69194963662248,0.5686622677093404,1.1326213890788819,1.142219222323173,0.49693251533742333,118.56317077202937,54.67964508107019,163,347.5899999999965,-223.7756770101865,-1.3728569141729234,-4.00873392933128,0.725494700024178,0.43558282208588955,277.27766794782684,-259.7174612601708
R5E-078,xauusd_m1_2024_2025_news_clean.csv,sma50,lt,0.05,-4.167788533092078,3,1,20.0,6.0,FAIL,E1_NET_NONPOSITIVE_2024;E1_NET_NONPOSITIVE_2025;E1_NET_NONPOSITIVE_2025_H1;E1_NET_NONPOSITIVE_2025_H2;STRESS_NET_NONPOSITIVE_2024;STRESS_NET_NONPOSITIVE_2025;STRESS_2025_EX_BEST_NONPOSITIVE,5673,3142,2531,1375,121.68000000000029,-1245.5957829696479,-0.9058878421597439,-3.7687296263628207,0.10350655644377019,0.12,1245.595782969649,-1251.2506889790836,1375,121.68000000000029,-2943.131416513416,-2.140459212009757,-8.908825060784412,0.014656652728404041,0.03127272727272727,2943.1314165134186,-2947.4391285558777,1156,205.19999999999345,-1424.3798941927266,-1.2321625382290022,-3.6299861815747887,0.1878093205642492,0.1773356401384083,1427.5845597747254,-1444.1401255121405,1156,205.19999999999345,-3447.5781196672465,-2.9823340135529812,-8.770117279764198,0.034560362784743705,0.05190311418685121,3447.5781196672483,-3465.786705879609,555,80.7099999999964,-627.5684800770097,-1.1307540181567741,-3.6516350251069585,0.17896420874280436,0.17297297297297298,627.5684800770096,-647.3287113964234,555,80.7099999999964,-1506.9287183715307,-2.7151868799487042,-8.791760558497753,0.03925813334585639,0.04144144144144144,1506.9287183715307,-1525.1373045838934,600,123.90999999999713,-796.023897596529,-1.326706495994215,-3.6120371022713242,0.1947977498351124,0.18166666666666667,799.228563178526,-804.4086568207946,600,123.90999999999713,-1938.16405025937,-3.23027341709895,-8.752172814241211,0.03091907520328562,0.06166666666666667,1938.164050259371,-1944.3075202435666
R5E-079,xauusd_m1_2024_2025_news_clean.csv,ret6,lt,0.1,-2.0873558979275186,1,1,,,FAIL,E1_NET_NONPOSITIVE_2024;E1_NET_NONPOSITIVE_2025;E1_NET_NONPOSITIVE_2025_H1;E1_NET_NONPOSITIVE_2025_H2;STRESS_NET_NONPOSITIVE_2024;STRESS_NET_NONPOSITIVE_2025;STRESS_2025_EX_BEST_NONPOSITIVE,66636,71,66565,35204,557.1099999999774,-34275.81898397007,-0.9736342172471899,-4.073786791361606,0.03165339522648496,0.052011135098284283,34275.818983970115,-34296.01418200968,35204,557.1099999999774,-77522.49892849023,-2.202093481663738,-9.213803811354895,0.0030225371949445614,0.0066469719350073855,77522.49892849059,-77541.50869614347,31361,1145.9599999999537,-43439.9304192557,-1.3851576932896177,-4.031469559881901,0.07678389263996356,0.10168680845636299,43439.93041925523,-43460.86381623738,31361,1145.9599999999537,-98795.3595835005,-3.150261776840678,-9.17149745744797,0.00913106198310637,0.018334874525684768,98795.35958349978,-98814.23785883708,15573,603.4999999999804,-19260.07581951512,-1.2367607923659616,-4.016789047129365,0.07337406985508227,0.1005586592178771,19260.075819515052,-19280.505912145472,15573,603.4999999999804,-43921.61681091797,-2.82036966614769,-9.156820718296405,0.008174078834864942,0.01778719578758107,43921.616810917956,-43940.49508625455,15788,542.4599999999732,-24179.854599740585,-1.5315337344654538,-4.045950154326751,0.07948202927144864,0.10279959462883202,24179.85459974058,-24200.78799672227,15788,542.4599999999732,-54873.74277258253,-3.475661437331045,-9.185974329680509,0.009895713425774125,0.018875095008867495,54873.74277258284,-54892.5697591251
R5E-080,xauusd_m1_2024_2025_news_clean.csv,ret3,lt,0.2,-0.947618400214667,3,1,,,FAIL,E1_NET_NONPOSITIVE_2024;E1_NET_NONPOSITIVE_2025;E1_NET_NONPOSITIVE_2025_H1;E1_NET_NONPOSITIVE_2025_H2;STRESS_NET_NONPOSITIVE_2024;STRESS_NET_NONPOSITIVE_2025;STRESS_2025_EX_BEST_NONPOSITIVE,136512,66999,69512,35668,560.9499999999864,-34701.174377864685,-0.9728937528839487,-4.073195040432321,0.08122548550927768,0.11161264999439273,34701.17437786477,-34720.246688452884,35668,560.9499999999864,-78480.72010126604,-2.2003117668853323,-9.213212212534184,0.009711748861254907,0.02038241561063138,78480.72010126636,-78498.46682651291,33844,1688.3899999999549,-46494.4554241063,-1.3737872421730972,-3.986767122753319,0.1473430564718808,0.1685084505377615,46494.455424106556,-46514.66897012698,33844,1688.3899999999549,-106315.66930280319,-3.141344678607824,-9.126806511005244,0.023353113049777476,0.042577709490603945,106315.66930280314,-106333.87788901555,16738,995.1199999999603,-20336.839154066874,-1.2150101059903737,-3.947698339817959,0.15048362931117812,0.17242203369578205,20336.839154066925,-20356.59938538629,16738,995.1199999999603,-46821.44544365079,-2.7973142217499576,-9.087747770634458,0.023548225617896084,0.044151033576293464,46821.44544365056,-46839.65402986315,17106,693.2699999999945,-26157.616270039427,-1.5291486186156569,-4.024995422108637,0.14488525498531304,0.16467905997895474,26158.27840369237,-26177.8298160601,17106,693.2699999999945,-59494.22385915241,-3.477974035961207,-9.165024983840869,0.023199506289212784,0.04103823219922834,59494.22385915234,-59512.33117977044
R5E-081,xauusd_m1_2024_2025_raw.csv,sma5,lt,0.1,-0.939361634893947,1,1,15.0,4.0,FAIL,E1_NET_NONPOSITIVE_2024;E1_NET_NONPOSITIVE_2025;E1_NET_NONPOSITIVE_2025_H1;E1_NET_NONPOSITIVE_2025_H2;STRESS_NET_NONPOSITIVE_2024;STRESS_NET_NONPOSITIVE_2025;STRESS_2025_EX_BEST_NONPOSITIVE,11918,1,11917,6205,263.61000000000286,-5872.666777820943,-0.9464410600839553,-3.9631010764349823,0.09358642251840876,0.13569701853344077,5872.666777820927,-5888.778344564884,6205,263.61000000000286,-13491.136013219255,-2.174236263210194,-9.103146548004085,0.010716815036964382,0.020467365028203063,13491.136013219239,-13506.020394766985,5712,382.6400000000008,-7746.9873914243035,-1.3562652996191007,-3.941833081774143,0.12888693559030615,0.17612044817927172,7746.987391424288,-7767.920788405986,5712,382.6400000000008,-17840.292895509367,-3.123300576944917,-9.081884020245303,0.013561153882441347,0.03658963585434174,17840.292895509385,-17859.119882051935,2893,148.699999999998,-3542.1577008718223,-1.2243891119501633,-3.9711702567233025,0.12708595615027346,0.173522295195299,3542.1577008718127,-3553.4696411796444,2893,148.699999999998,-8124.526923223192,-2.808339759150775,-9.11121365412326,0.013388337292357827,0.03871413757345316,8124.526923223195,-8134.078277383391,2819,233.94000000000278,-4204.829690552481,-1.4916032956908412,-3.9117257929738884,0.13039832760384606,0.17878680383114579,4204.829690552482,-4225.763087534164,2819,233.94000000000278,-9715.765972286175,-3.446529255865972,-9.051784470472711,0.013705620259626896,0.034409365023057824,9715.765972286163,-9734.592958828745
R5E-082,xauusd_m1_2024_2025_raw.csv,sma5,lt,0.2,-0.5942933079074384,3,1,10.0,6.0,FAIL,E1_NET_NONPOSITIVE_2024;E1_NET_NONPOSITIVE_2025;E1_NET_NONPOSITIVE_2025_H1;E1_NET_NONPOSITIVE_2025_H2;STRESS_NET_NONPOSITIVE_2024;STRESS_NET_NONPOSITIVE_2025;STRESS_2025_EX_BEST_NONPOSITIVE,37782,18058,19724,10199,319.11999999999216,-9768.60700445324,-0.957800471071011,-4.009222719693822,0.08416457337927748,0.12795372095303462,9768.607004453259,-9787.33802886085,10199,319.11999999999216,-22292.983042789554,-2.1858008670251547,-9.149256335772534,0.009618160676882136,0.01764878909697029,22292.983042789598,-22310.48620867379,9525,489.0899999999988,-13057.543345505275,-1.3708706924414986,-3.9794646890278877,0.1381497162156669,0.17396325459317585,13057.543345505253,-13077.423623165472,9525,489.0899999999988,-29876.310347798735,-3.136620508955248,-9.119505954358049,0.01858239893890475,0.03905511811023622,29876.310347798735,-29894.092757694627,4728,294.81999999998925,-5734.722673947263,-1.2129278075184566,-3.9333666962296445,0.14550135261776478,0.18210659898477158,5734.7226739472635,-5745.852867684791,4728,294.81999999998925,-13220.676620862645,-2.796251400351659,-9.073419810970888,0.019248584161489248,0.041666666666666664,13220.67662086263,-13230.08130638152,4797,194.27000000000953,-7322.820671558013,-1.5265417284882246,-4.0248996087589894,0.13230350495755355,0.16593704398582448,7322.8206715580245,-7342.700949218211,4797,194.27000000000953,-16655.63372693609,-3.4720937517065016,-9.164929195119882,0.018052959075706823,0.036481134042109654,16655.633726936092,-16673.41613683198
R5E-083,xauusd_m1_2024_2025_raw.csv,ret3,lt,0.05,-1.947485662303986,1,1,11.0,6.0,FAIL,E1_NET_NONPOSITIVE_2024;E1_NET_NONPOSITIVE_2025;E1_NET_NONPOSITIVE_2025_H1;E1_NET_NONPOSITIVE_2025_H2;STRESS_NET_NONPOSITIVE_2024;STRESS_NET_NONPOSITIVE_2025;STRESS_2025_EX_BEST_NONPOSITIVE,9342,1,9341,4897,240.16000000000486,-4593.111085423771,-0.9379438606133901,-3.9335790722343598,0.06155829989967132,0.08433734939759036,4593.111085423761,-4609.222652167712,4897,240.16000000000486,-10593.838954006987,-2.16333243904574,-9.07363213238471,0.007060304927324221,0.012048192771084338,10593.838954006966,-10608.723335554718,4444,317.7500000000241,-6026.243937525126,-1.3560404899921525,-3.9284745603232185,0.10694964258082822,0.13613861386138615,6026.243937525116,-6040.053462576925,4444,317.7500000000241,-13902.603559438152,-3.128398640737658,-9.068528932579722,0.01222910494770251,0.02857785778577858,13902.60355943816,-13914.227374096243,2207,194.93000000000302,-2626.469792557095,-1.190063340533346,-3.86316429410592,0.10784882781298283,0.14182147711826007,2626.4697925570913,-2632.564336917609,2207,194.93000000000302,-6129.367118931938,-2.7772392926741905,-9.00323545425589,0.010810611187488354,0.02945174444947893,6129.367118931934,-6133.7043101792515,2237,122.82000000002108,-3399.774144968031,-1.5197917500974658,-3.9929089624428338,0.10625374184578643,0.13053196244970944,3399.774144968037,-3413.5836700198297,2237,122.82000000002108,-7773.2364405062135,-3.4748486546742128,-9.132946771945253,0.013344752885170837,0.027715690657130084,7773.236440506218,-7784.860255164305
R5E-084,xauusd_m1_2024_2025_news_clean.csv,ret1,lt,0.1,-0.8594274790148229,3,1,20.0,6.0,FAIL,E1_NET_NONPOSITIVE_2024;E1_NET_NONPOSITIVE_2025;E1_NET_NONPOSITIVE_2025_H1;E1_NET_NONPOSITIVE_2025_H2;STRESS_NET_NONPOSITIVE_2024;STRESS_NET_NONPOSITIVE_2025;STRESS_2025_EX_BEST_NONPOSITIVE,12799,2119,10678,5481,160.63999999999396,-5268.40219463511,-0.9612118581709743,-4.010921809386244,0.0509931598571019,0.07900018244845831,5268.402194635113,-5279.219762501784,5481,160.63999999999396,-12008.807237707975,-2.1909883666681216,-9.150954988716823,0.00581617225036225,0.011494252873563218,12008.80723770796,-12018.268500983007,5197,568.9999999999723,-6840.665886863428,-1.3162720582765879,-3.825426400953981,0.1282415900981548,0.13392341735616703,6840.665886863416,-6863.543621377924,5197,568.9999999999723,-16040.106140735328,-3.086416421153613,-8.965507261565557,0.023092057000119032,0.030017317683278814,16040.106140735319,-16060.79594185056,2536,243.1699999999878,-2993.8757364295743,-1.180550369254564,-3.8295176788148555,0.12010093869336293,0.1305205047318612,2993.875736429576,-3013.635967748988,2536,243.1699999999878,-7012.8165775080415,-2.7653062214148427,-8.969597487770379,0.020366220759106542,0.026813880126182965,7012.816577508037,-7031.025163720405,2661,325.82999999998447,-3846.790150433854,-1.4456182451837105,-3.821527310140309,0.13447379608976867,0.1371664787673807,3846.790150433851,-3869.66788494835,2661,325.82999999998447,-9027.289563227287,-3.3924425265792135,-8.961609173006586,0.025199166029806788,0.03307027433295753,9027.289563227278,-9047.979364342518
R5E-085,xauusd_m1_2024_2025_news_clean.csv,ret24,lt,0.05,-5.17023369503914,12,1,21.0,4.0,FAIL,E1_NET_NONPOSITIVE_2024;E1_NET_NONPOSITIVE_2025;E1_NET_NONPOSITIVE_2025_H1;E1_NET_NONPOSITIVE_2025_H2;STRESS_NET_NONPOSITIVE_2024;STRESS_NET_NONPOSITIVE_2025;STRESS_2025_EX_BEST_NONPOSITIVE,4453,3498,955,525,44.479999999998654,-476.47651077772935,-0.9075743062432939,-3.7568945846089288,0.18977159539230892,0.18857142857142858,477.88093668682984,-481.4426156561711,525,44.479999999998654,-1123.2679273997774,-2.1395579569519567,-8.896993061207988,0.034450106876627085,0.06095238095238095,1123.2679273997776,-1126.913157677766,430,270.7399999999998,-342.35676860096424,-0.7961785316301494,-2.4130320898015345,0.5462471939464699,0.32325581395348835,362.71402055702475,-366.30516049686014,430,270.7399999999998,-1103.5445432543384,-2.5663826587310195,-7.553476003981927,0.17610722753984426,0.14186046511627906,1107.4535223697492,-1125.3927261358701,203,65.86999999999944,-195.68969163778257,-0.9639886287575496,-3.0507988772713364,0.4306824886870203,0.29064039408866993,195.6896916377825,-214.1601899853904,203,65.86999999999944,-520.4280525450196,-2.5636849879065005,-8.191078854577702,0.1375193536711489,0.11822660098522167,520.4280525450195,-537.3472373092553,226,204.63000000000056,-145.53949006351746,-0.6439800445288383,-1.8357435296856452,0.6447190638257975,0.35398230088495575,166.39625885222392,-169.48788195941333,226,204.63000000000056,-580.2909819108305,-2.567659211994825,-6.976335834914013,0.2085431933347556,0.16371681415929204,584.1999610262419,-602.1391647923624
R5E-086,xauusd_m1_2024_2025_news_clean.csv,rsi14,lt,0.05,31.523752426636968,6,1,20.0,6.0,FAIL,E1_NET_NONPOSITIVE_2024;E1_NET_NONPOSITIVE_2025;E1_NET_NONPOSITIVE_2025_H1;E1_NET_NONPOSITIVE_2025_H2;STRESS_NET_NONPOSITIVE_2024;STRESS_NET_NONPOSITIVE_2025;STRESS_2025_EX_BEST_NONPOSITIVE,5640,3657,1983,1001,90.84999999999286,-905.9118565628172,-0.9050068497131041,-3.743796286675807,0.17228490123137213,0.2017982017982018,905.9118565628171,-923.9539539395713,1001,90.84999999999286,-2143.4374463076524,-2.141296150157495,-8.883898130170195,0.028441914499627248,0.04795204795204795,2143.43744630765,-2160.1536936280454,982,249.34000000000424,-1146.3215230509197,-1.1673335265284315,-3.4145920390078683,0.30754205064413176,0.2637474541751528,1150.6300472844446,-1160.8466540831655,982,249.34000000000424,-2879.099355229154,-2.93187307049812,-8.554778503897316,0.07094045351569975,0.09063136456211812,2879.0993552291507,-2891.929938849261,485,116.40000000000373,-503.14734835703626,-1.0374172131072912,-3.3556558230261477,0.32166592960767915,0.27422680412371137,503.2867340748625,-517.6724793892821,485,116.40000000000373,-1272.3438143066762,-2.623389307848817,-8.49585743737023,0.07880004316007325,0.088659793814433,1272.3438143066764,-1285.174397926783,496,131.9900000000007,-642.7567347652133,-1.295880513639543,-3.4765570643081216,0.2962116285698286,0.2540322580645161,647.0652589987374,-654.3474572938193,496,131.9900000000007,-1604.6403615684624,-3.2351620192912547,-8.61672760119262,0.06470054175123229,0.09274193548387097,1604.6403615684608,-1614.1213531721894
R5E-087,xauusd_m1_2024_2025_news_clean.csv,ret3,lt,0.05,-1.9514620402302503,3,1,,,FAIL,E1_NET_NONPOSITIVE_2024;E1_NET_NONPOSITIVE_2025;E1_NET_NONPOSITIVE_2025_H1;E1_NET_NONPOSITIVE_2025_H2;STRESS_NET_NONPOSITIVE_2024;STRESS_NET_NONPOSITIVE_2025;STRESS_2025_EX_BEST_NONPOSITIVE,33450,12625,20825,10934,259.1000000000099,-10555.68111129725,-0.9653997723886272,-4.037788764606775,0.09958606244088264,0.12264496067312969,10555.681111297255,-10574.09594087437,10934,259.1000000000099,-23982.72819068766,-2.1934084681441064,-9.177815037831957,0.014278754098426466,0.027071520029266508,23982.728190687663,-23999.95713240969,9891,1237.450000000017,-12863.125930437554,-1.3004879112766712,-3.7806249845483735,0.20614916807822883,0.20503488019411586,12865.073510747698,-12883.339476458228,9891,1237.450000000017,-30369.63807204405,-3.0704315106707156,-8.920717361288263,0.03853214818635998,0.06369426751592357,30369.6380720439,-30387.846658256414,4850,618.9200000000128,-5574.124471813499,-1.1493040148069071,-3.7423689367156725,0.2079925026464075,0.2063917525773196,5574.124471813488,-5593.884703132913,4850,618.9200000000128,-13263.073403460792,-2.734654309991916,-8.882471147107951,0.03815235982639295,0.06618556701030928,13263.07340346079,-13281.281989673154,5041,618.5300000000043,-7289.001458624054,-1.4459435545772772,-3.8174315372142344,0.20473371306090163,0.20372941876611783,7291.611172587123,-7309.215004644728,5041,618.5300000000043,-17106.564668583258,-3.3934863456820588,-8.957514452892013,0.03882639960807265,0.06129736163459631,17106.56466858322,-17124.67198920129
R5E-088,xauusd_m1_2024_2025_raw.csv,ret24,lt,0.1,-4.009005482936209,12,1,21.0,4.0,FAIL,E1_NET_NONPOSITIVE_2024;E1_NET_NONPOSITIVE_2025;E1_NET_NONPOSITIVE_2025_H1;E1_NET_NONPOSITIVE_2025_H2;STRESS_NET_NONPOSITIVE_2024;STRESS_NET_NONPOSITIVE_2025;STRESS_2025_EX_BEST_NONPOSITIVE,8989,7344,1645,875,78.24000000000069,-789.3558748304633,-0.9021209998062438,-3.7204913359627736,0.20639429361535175,0.208,789.4524034817925,-802.7173830704276,875,78.24000000000069,-1866.5159703870875,-2.1331611090138143,-8.860599169955325,0.041153513722603924,0.06285714285714286,1866.515970387088,-1878.7619599169257,770,318.3399999999924,-776.8271246343317,-1.008866395629002,-2.9775596879265667,0.4274046965688629,0.3051948051948052,782.1234821657832,-800.7755165302275,770,318.3399999999924,-2136.5273701544656,-2.774710870330475,-8.11785849124268,0.1233764802638753,0.12467532467532468,2138.2435532459986,-2158.3755530359977,359,95.60999999999649,-362.6838329561495,-1.0102613731369068,-3.197819303946491,0.3712520692935433,0.30362116991643456,364.3144042099711,-381.1543313037573,359,95.60999999999649,-931.6766590776606,-2.5951996074586647,-8.338061489900843,0.09448627115801632,0.12256267409470752,931.9422390948587,-948.5958438418963,410,222.93999999999596,-412.56596766788806,-1.0062584577265563,-2.7803125387842944,0.469890167632653,0.3073170731707317,416.2317539455181,-436.51435956378396,410,222.93999999999596,-1201.575791555482,-2.930672662330444,-7.9206620441464795,0.14481974544762957,0.12682926829268293,1203.0263946298164,-1223.4239744370138
R5E-089,xauusd_m1_2024_2025_news_clean.csv,sma20,lt,0.3,-0.7856695363428201,3,1,18.0,8.0,FAIL,E1_NET_NONPOSITIVE_2024;E1_NET_NONPOSITIVE_2025;E1_NET_NONPOSITIVE_2025_H1;E1_NET_NONPOSITIVE_2025_H2;STRESS_NET_NONPOSITIVE_2024;STRESS_NET_NONPOSITIVE_2025;STRESS_2025_EX_BEST_NONPOSITIVE,57559,34126,23432,11967,205.65999999999758,-11620.51079487208,-0.9710462768339667,-4.06532676642851,0.06900544825061417,0.10570736191192445,11620.510794872076,-11635.283937594255,11967,205.65999999999758,-26303.244583024345,-2.197981497704048,-9.205345961056901,0.006266528679655045,0.015124926882259547,26303.24458302424,-26316.693173524138,11465,816.2499999999918,-15502.20917362726,-1.35213337755144,-3.9350453921958786,0.1345363297475351,0.151155691234191,15502.20917362725,-15521.969404946673,11465,816.2499999999918,-35762.32514989763,-3.1192608067943857,-9.075098075431164,0.021143054123676924,0.03759267335368513,35762.3251498974,-35780.533736109996,5561,376.869999999989,-6694.726101542394,-1.2038709047909357,-3.9146315400860967,0.12745520042077865,0.14907390757058084,6694.726101542409,-6714.486332861808,5561,376.869999999989,-15474.43720226573,-2.7826716781632315,-9.054689470667538,0.01955393685920757,0.0350656356770365,15474.43720226575,-15492.645788478092,5903,438.8000000000029,-8806.695555565677,-1.4919016695859184,-3.9545392345423793,0.13985316618194815,0.15314246993054378,8806.69555556568,-8816.84588598217,5903,438.8000000000029,-20285.40259659556,-3.4364564791793257,-9.09458690691846,0.02235436016772112,0.039979671353549046,20285.402596595555,-20293.529617469772
R5E-090,xauusd_m1_2024_2025_news_clean.csv,rsi14,lt,0.05,31.523752426636968,3,1,19.0,6.0,FAIL,E1_NET_NONPOSITIVE_2024;E1_NET_NONPOSITIVE_2025;E1_NET_NONPOSITIVE_2025_H1;E1_NET_NONPOSITIVE_2025_H2;STRESS_NET_NONPOSITIVE_2024;STRESS_NET_NONPOSITIVE_2025;STRESS_2025_EX_BEST_NONPOSITIVE,6762,3482,3280,1679,81.05000000000268,-1589.2544637165274,-0.9465482213916184,-3.924874903537671,0.10078388953394303,0.12864800476474092,1589.2544637165292,-1594.5751674253472,1679,81.05000000000268,-3663.0141116493824,-2.181664152262884,-9.064930201079862,0.013196526103769049,0.03156640857653365,3663.0141116493824,-3667.1189740890723,1601,291.9899999999993,-1972.0105217212147,-1.231736740612876,-3.616812431517419,0.21325937040437376,0.19925046845721425,1975.979439254261,-1991.7707530406285,1601,291.9899999999993,-4782.871071920464,-2.987427277901601,-8.756946915996998,0.041698790295923695,0.059962523422860715,4782.871071920467,-4801.079658132827,804,131.32999999999947,-891.6707335261386,-1.1090432009031574,-3.6058803407732247,0.1999749901914922,0.19029850746268656,891.6707335261386,-911.4309648455524,804,131.32999999999947,-2161.773093092622,-2.6887725038465446,-8.74601763532824,0.04231415477634936,0.05223880597014925,2161.7730930926177,-2179.9816793049845,797,160.65999999999985,-1080.3397881950762,-1.3555078898307102,-3.6278405381150742,0.22389594589105927,0.20828105395232122,1084.308705728124,-1090.113373901274,797,160.65999999999985,-2621.0979788278423,-3.2887051177262765,-8.767972187838506,0.041190667756314164,0.06775407779171895,2621.0979788278423,-2628.641233780733
R5E-091,xauusd_m1_2024_2025_news_clean.csv,rsi7,lt,0.3,41.61285678575682,6,1,18.0,4.0,FAIL,E1_NET_NONPOSITIVE_2024;E1_NET_NONPOSITIVE_2025;E1_NET_NONPOSITIVE_2025_H1;E1_NET_NONPOSITIVE_2025_H2;STRESS_NET_NONPOSITIVE_2024;STRESS_NET_NONPOSITIVE_2025;STRESS_2025_EX_BEST_NONPOSITIVE,35524,26035,9489,4851,15.269999999988386,-4781.4338878286335,-0.9856594285361026,-4.124877671975499,0.15462911793205816,0.20511234796949082,4781.433887828626,-4798.717160964324,4851,15.269999999988386,-10736.76190310381,-2.2133089884773884,-9.26488155914434,0.020769217917945757,0.04452690166975881,10736.761903103827,-10752.720785939415,4638,432.52000000000317,-6159.353640794469,-1.328019327467544,-3.8763217160647723,0.2342627005503214,0.2425614489003881,6159.353640794505,-6175.302156539194,4638,432.52000000000317,-14343.467290075121,-3.092597518343062,-9.016389494121682,0.044419585272302074,0.07352307028891764,14343.467290075107,-14357.290919626379,2320,198.41999999999734,-2749.833277942215,-1.185272964630265,-3.870180701585109,0.20614213135966022,0.23146551724137931,2749.8332779422212,-2760.409536438987,2320,198.41999999999734,-6410.225028189957,-2.7630280293922227,-9.010250058179407,0.033302947480164734,0.0625,6410.22502818996,-6419.058477225431,2318,234.10000000000582,-3409.5203628522545,-1.4708888536894973,-3.882468029090148,0.255531394226681,0.25366695427092323,3410.415458335439,-3425.4688785969793,2318,234.10000000000582,-7933.242261885164,-3.422451364057448,-9.022534227247691,0.053217020174000755,0.08455565142364108,7933.242261885171,-7947.065891436423
R5E-092,xauusd_m1_2024_2025_news_clean.csv,sma100,lt,0.2,-2.9140110390672085,12,1,20.0,6.0,FAIL,E1_NET_NONPOSITIVE_2024;E1_NET_NONPOSITIVE_2025;E1_NET_NONPOSITIVE_2025_H1;E1_NET_NONPOSITIVE_2025_H2;STRESS_NET_NONPOSITIVE_2024;STRESS_NET_NONPOSITIVE_2025;STRESS_2025_EX_BEST_NONPOSITIVE,25396,22222,3174,1619,165.11999999998966,-1438.0494225088423,-0.8882331207590132,-3.713954419880737,0.22880939931693964,0.22112415071031502,1438.351066001657,-1450.1927411773363,1619,165.11999999998966,-3428.4578354397545,-2.117639181865197,-8.85406393417651,0.0412281283639514,0.07288449660284126,3428.4578354397618,-3439.2768203229775,1555,556.4799999999982,-1648.0722513809299,-1.0598535378655498,-3.124818407179907,0.4107340699251012,0.3067524115755627,1658.0283302944647,-1672.0206432768257,1555,556.4799999999982,-4385.125044814178,-2.820016105989825,-8.265079357891304,0.11898358685010293,0.1189710610932476,4390.005861215322,-4406.97322769571,772,236.14999999999827,-750.0211815993918,-0.9715300279784868,-3.1279062292321598,0.3906875943424884,0.3160621761658031,761.4175188675322,-768.4916799469995,772,236.14999999999827,-1974.3979618722567,-2.557510313306032,-8.26816638622412,0.10544011533574679,0.11658031088082901,1978.4224974941271,-1991.3171466364925,782,320.0799999999999,-896.9336298518881,-1.146973951217248,-3.121439609955778,0.42679694946106694,0.2979539641943734,906.2450285299202,-920.8820217477839,782,320.0799999999999,-2407.911903583496,-3.0791712322039593,-8.261701429181286,0.12990604347221765,0.12148337595907928,2412.7927199846363,-2429.760086465028
R5E-093,xauusd_m1_2024_2025_raw.csv,atr_regime,lt,0.05,0.8105919324601505,24,1,,,FAIL,E1_NET_NONPOSITIVE_2024;E1_NET_NONPOSITIVE_2025;E1_NET_NONPOSITIVE_2025_H1;E1_NET_NONPOSITIVE_2025_H2;STRESS_NET_NONPOSITIVE_2024;STRESS_NET_NONPOSITIVE_2025;STRESS_2025_EX_BEST_NONPOSITIVE,35621,31853,3761,1872,113.85999999999422,-1736.7383152006018,-0.927744826496048,-3.8852807553347013,0.3208263257682457,0.2745726495726496,1736.7383152005993,-1761.953235527268,1872,113.85999999999422,-4034.341054002688,-2.155096716881778,-9.02534623048572,0.09207642445241661,0.10790598290598291,4034.341054002691,-4058.345368247685,1889,522.3499999999963,-2190.0951682187138,-1.1593939482364817,-3.3604622654931022,0.46750440232622487,0.33509793541556376,2227.108164232204,-2218.9169112814416,1889,522.3499999999963,-5557.7203271091985,-2.9421494585014285,-8.500662644349278,0.16212346432287417,0.18051879301217574,5565.954415261927,-5584.433606341475,889,213.999999999995,-916.606907540405,-1.0310538892467997,-3.347417548526678,0.44963351603297963,0.3363329583802025,916.6069075404049,-934.5031972372426,889,213.999999999995,-2320.3072703318053,-2.610019426694944,-8.487621280505287,0.1484148178304638,0.18110236220472442,2320.3072703318085,-2336.622190292576,1000,308.3500000000013,-1273.4882606783087,-1.2734882606783087,-3.3720590188762536,0.47966528488950516,0.334,1320.1475886687801,-1302.3100037410368,1000,308.3500000000013,-3237.4130567773936,-3.2374130567773935,-8.512256416806588,0.17168025083294491,0.18,3245.6471449301025,-3264.1263360096696
R5E-094,xauusd_m1_2024_2025_news_clean.csv,ret3,lt,0.1,-1.4901617122787154,3,1,,,FAIL,E1_NET_NONPOSITIVE_2024;E1_NET_NONPOSITIVE_2025;E1_NET_NONPOSITIVE_2025_H1;E1_NET_NONPOSITIVE_2025_H2;STRESS_NET_NONPOSITIVE_2024;STRESS_NET_NONPOSITIVE_2025;STRESS_2025_EX_BEST_NONPOSITIVE,67352,28956,38395,19931,374.6400000000235,-19330.404232275483,-0.9698662501768844,-4.059058233452668,0.0890695538675941,0.11725452812202097,19330.404232275472,-19348.819061852602,19931,374.6400000000235,-43795.12098323974,-2.197336861333588,-9.199079039396857,0.011949733626044269,0.02343083638553008,43795.12098323989,-43812.349924961774,18464,1531.2700000000236,-24759.1573311662,-1.3409422298075282,-3.8950647485082435,0.17092058410637334,0.18419627383015597,24759.157331166283,-24778.917562485614,18464,1531.2700000000236,-57399.929423472975,-3.1087483439922536,-9.035127708700363,0.02866312740000018,0.05090987868284229,57399.92942347317,-57418.13800968534,9138,819.5199999999945,-10839.122452392678,-1.1861591652870078,-3.8532249139697274,0.17184730506638077,0.18844386080105055,10839.122452392683,-10858.88268371209,9138,819.5199999999945,-25313.86211291703,-2.7701753242413036,-8.993298629020552,0.027644017876544982,0.05165244035894069,25313.862112917013,-25332.070699129396,9326,711.7500000000291,-13920.034878773522,-1.492605069566108,-3.9360611465366526,0.1701975361791478,0.18003431267424405,13920.697012426392,-13937.507493800318,9326,711.7500000000291,-32086.067310555947,-3.4404961731241634,-9.076113568674002,0.029465633621098768,0.05018228608192151,32086.067310555773,-32101.46979067653
R5E-095,xauusd_m1_2024_2025_raw.csv,body,lt,0.3,-0.31832914321203437,3,1,20.0,6.0,FAIL,E1_NET_NONPOSITIVE_2024;E1_NET_NONPOSITIVE_2025;E1_NET_NONPOSITIVE_2025_H1;E1_NET_NONPOSITIVE_2025_H2;STRESS_NET_NONPOSITIVE_2024;STRESS_NET_NONPOSITIVE_2025;STRESS_2025_EX_BEST_NONPOSITIVE,40882,14654,26227,13127,372.60999999999854,-12596.966605628348,-0.959622656024099,-4.016660332446563,0.046478828111292,0.07358878647063305,12596.966605628337,-12609.031104196729,13127,372.60999999999854,-28699.291182452558,-2.1862795141656552,-9.156692036699495,0.004878068645685192,0.00982707396968081,28699.291182452453,-28710.032812135276,13100,545.5199999999809,-18162.407115736292,-1.3864432912775795,-4.0196506611753104,0.09882618383343832,0.11297709923664122,18163.10021721976,-18185.284850250788,13100,545.5199999999809,-41389.15720456324,-3.1594776492033008,-9.159681596769301,0.015506627808961471,0.024198473282442748,41389.15720456325,-41410.060239914696,6352,235.4199999999937,-7862.915909570419,-1.2378645953353935,-4.021532208963442,0.0882098676192832,0.1086272040302267,7862.915909570433,-7885.556444704075,6352,235.4199999999937,-17917.37160331686,-2.8207448997665083,-9.161562660908755,0.013513914530593014,0.019993702770780858,17917.37160331687,-17938.274638668314,6747,309.79999999998745,-10298.423776586293,-1.5263707983676142,-4.017996027383101,0.10677591395725869,0.11708907662664889,10299.11687806979,-10321.30151110079,6747,309.79999999998745,-23469.020445088274,-3.478437890186494,-9.15802738829791,0.017024342563959433,0.028160663998814287,23469.020445088187,-23489.710246203507
R5E-096,xauusd_m1_2024_2025_raw.csv,sma100,gt,0.95,6.299552939131524,48,-1,19.0,4.0,FAIL,E1_NET_NONPOSITIVE_2024;E1_NET_NONPOSITIVE_2025;E1_NET_NONPOSITIVE_2025_H1;E1_NET_NONPOSITIVE_2025_H2;STRESS_NET_NONPOSITIVE_2024;STRESS_NET_NONPOSITIVE_2025;STRESS_2025_EX_BEST_NONPOSITIVE,6176,5736,440,219,24.919999999998254,-190.20374808511374,-0.8685102652288299,-3.6974319306194876,0.4844508028933587,0.365296803652968,194.8840431507793,-220.02492225835962,219,24.919999999998254,-457.2897540830058,-2.0880810688721727,-8.837318211996989,0.1959599070924342,0.1917808219178082,458.68999364238016,-485.78393203761266,221,57.439999999997326,-259.9499328195867,-1.1762440399076322,-3.439090655634732,0.49292407407458466,0.35294117647058826,276.568162639533,-280.0412617795885,221,57.439999999997326,-654.0041004381306,-2.9592945721182384,-8.578910555779697,0.17949411846453092,0.21266968325791855,664.697958652888,-672.4334079331395,106,3.1300000000010186,-134.67266758561698,-1.2704968640152545,-4.013467061300951,0.4407023426916736,0.330188679245283,143.60406426157664,-154.76399654561882,106,3.1300000000010186,-305.76100366028,-2.8845377703799997,-9.153434548445901,0.1742854200817187,0.19811320754716982,311.62751605209974,-324.19031115528884,115,54.30999999999631,-125.2772652339697,-1.0893675237736495,-2.9096654469336953,0.5391780066390564,0.3739130434782609,136.47881039673388,-137.4778459533454,115,54.30999999999631,-348.2430967778507,-3.028200841546528,-8.049349310365628,0.1840135290025157,0.22608695652173913,354.78214983090226,-358.4082632650424
