acceptance,alternative_index,byte_offset,raw_close,raw_epoch,raw_high,raw_low,raw_open,relation,relative_bytes,signal_epoch,year
VALID_RECORD,0,678225,2028.66,1705017420,2028.68,2028.54,2028.54,previous,-60,1705017600,2024
TIMESTAMP_OUT_OF_YEAR,0,678345,0.0,23925652199047297,0.0,0.0,1.44298401292e-312,previous,60,1705017600,2024
TIMESTAMP_OUT_OF_YEAR,0,678414,4.30459578172063e-309,-1441150506697479060,5.4469794784813726e+188,2.121995792e-314,2.8065144174975287e+101,signal,-60,1705017600,2024
VALID_RECORD,0,678534,2029.08,1705021200,2029.54,2028.54,2028.56,signal,60,1705017600,2024
VALID_RECORD,0,678474,2048.48,1705017600,2062.2,2028.54,2028.56,next,-60,1705017600,2024
VALID_RECORD,0,678594,2028.78,1705021260,2029.03,2028.72,2029.03,next,60,1705017600,2024
VALID_RECORD,0,1083270,2022.85,1705622280,2023.05,2022.83,2022.94,previous,-60,1705622400,2024
TIMESTAMP_OUT_OF_YEAR,0,1083390,0.0,23925652199047297,0.0,0.0,1.44298401292e-312,previous,60,1705622400,2024
TIMESTAMP_OUT_OF_YEAR,0,1083459,4.294113122513263e-309,-1441150506697477268,5.4469794784813726e+188,2.121995792e-314,2.8065144174975287e+101,signal,-60,1705622400,2024
VALID_RECORD,0,1083579,2023.92,1705626000,2024.54,2023.6,2023.62,signal,60,1705622400,2024
VALID_RECORD,0,1083519,2029.54,1705622400,2039.36,2020.37,2023.62,next,-60,1705622400,2024
VALID_RECORD,0,1083639,2023.87,1705626060,2023.97,2023.75,2023.88,next,60,1705622400,2024
VALID_RECORD,0,1248348,2021.5,1705967880,2021.6,2021.31,2021.31,previous,-60,1705968000,2024
TIMESTAMP_OUT_OF_YEAR,0,1248468,0.0,23925652199047297,0.0,0.0,1.44298401292e-312,previous,60,1705968000,2024
TIMESTAMP_OUT_OF_YEAR,0,1248537,4.290208650257887e-309,8070451921408505708,5.4469794784813726e+188,2.121995792e-314,4.958814439180228e+173,signal,-60,1705968000,2024
VALID_RECORD,0,1248657,2021.54,1705971600,2021.99,2021.54,2021.78,signal,60,1705968000,2024
VALID_RECORD,0,1248597,2029.0,1705968000,2037.83,2019.56,2021.78,next,-60,1705968000,2024
VALID_RECORD,0,1248717,2021.41,1705971660,2021.69,2021.39,2021.41,next,60,1705968000,2024
VALID_RECORD,0,1579404,2018.44,1706312580,2018.56,2018.27,2018.28,previous,-60,1706486400,2024
TIMESTAMP_OUT_OF_YEAR,0,1579524,0.0,23925652199047297,0.0,0.0,1.44298401292e-312,previous,60,1706486400,2024
TIMESTAMP_OUT_OF_YEAR,0,1579593,4.299375672074857e-309,8070451921408507244,5.4469794784813726e+188,2.121995792e-314,4.958814439180228e+173,signal,-60,1706486400,2024
VALID_RECORD,0,1579713,2026.12,1706490000,2026.6,2026.07,2026.1,signal,60,1706486400,2024
VALID_RECORD,0,1579653,2032.71,1706486400,2037.54,2019.25,2026.1,next,-60,1706486400,2024
VALID_RECORD,0,1579773,2025.01,1706490060,2026.22,2023.56,2026.05,next,60,1706486400,2024
VALID_RECORD,0,2076438,2024.91,1707177480,2024.95,2024.58,2024.61,previous,-60,1707177600,2024
TIMESTAMP_OUT_OF_YEAR,0,2076558,0.0,23925652199047297,0.0,0.0,1.44298401292e-312,previous,60,1707177600,2024
TIMESTAMP_OUT_OF_YEAR,0,2076627,4.297062696662705e-309,8070451921408509548,5.4469794784813726e+188,2.121995792e-314,4.958814439180228e+173,signal,-60,1707177600,2024
VALID_RECORD,0,2076747,2025.02,1707181200,2025.08,2024.88,2025.01,signal,60,1707177600,2024
VALID_RECORD,0,2076687,2035.83,1707177600,2038.86,2022.85,2025.01,next,-60,1707177600,2024
VALID_RECORD,0,2076807,2024.92,1707181260,2025.07,2024.88,2025.02,next,60,1707177600,2024
VALID_RECORD,0,2656461,1992.03,1707955080,1992.03,1991.9,1991.94,previous,-60,1707955200,2024
TIMESTAMP_OUT_OF_YEAR,0,2656581,0.0,23925652199047297,0.0,0.0,1.44298401292e-312,previous,60,1707955200,2024
TIMESTAMP_OUT_OF_YEAR,0,2656650,4.22773709417187e-309,8070451921408511852,5.4469794784813726e+188,2.121995792e-314,4.958814439180228e+173,signal,-60,1707955200,2024
VALID_RECORD,0,2656770,1992.69,1707958800,1992.69,1992.3,1992.34,signal,60,1707955200,2024
VALID_RECORD,0,2656710,2004.06,1707955200,2008.24,1990.2,1992.34,next,-60,1707955200,2024
VALID_RECORD,0,2656830,1992.58,1707958860,1992.7,1992.45,1992.57,next,60,1707955200,2024
VALID_RECORD,0,2739450,2004.17,1708041480,2004.17,2004.01,2004.01,previous,-60,1708041600,2024
TIMESTAMP_OUT_OF_YEAR,0,2739570,0.0,23925652199047297,0.0,0.0,1.44298401292e-312,previous,60,1708041600,2024
TIMESTAMP_OUT_OF_YEAR,0,2739639,4.252903964252717e-309,-1441150506697469844,5.4469794784813726e+188,2.121995792e-314,2.8065144174975287e+101,signal,-60,1708041600,2024
VALID_RECORD,0,2739759,2004.36,1708045200,2004.79,2004.11,2004.2,signal,60,1708041600,2024
VALID_RECORD,0,2739699,2013.4,1708041600,2015.13,1995.06,2004.2,next,-60,1708041600,2024
VALID_RECORD,0,2739819,2004.45,1708045260,2004.72,2004.32,2004.32,next,60,1708041600,2024
VALID_RECORD,0,2821539,2013.22,1708126980,2013.34,2013.12,2013.12,previous,-60,1708300800,2024
TIMESTAMP_OUT_OF_YEAR,0,2821659,0.0,23925652199047297,0.0,0.0,1.44298401292e-312,previous,60,1708300800,2024
TIMESTAMP_OUT_OF_YEAR,0,2821728,4.27607615829006e-309,864692365614142316,5.446979478481372e+188,2.121995792e-314,-8.245603781995908e+62,signal,-60,1708300800,2024
VALID_RECORD,0,2821848,2015.16,1708304400,2016.33,2015.0,2015.12,signal,60,1708300800,2024
VALID_RECORD,0,2821788,2017.9,1708300800,2022.95,2011.38,2015.12,next,-60,1708300800,2024
VALID_RECORD,0,2821908,2014.39,1708304460,2015.06,2014.39,2015.05,next,60,1708300800,2024
VALID_RECORD,0,2895468,2017.78,1708378080,2017.99,2017.78,2017.9,previous,-60,1708387200,2024
TIMESTAMP_OUT_OF_YEAR,0,2895588,0.0,23925652199047297,0.0,0.0,1.44298401292e-312,previous,60,1708387200,2024
TIMESTAMP_OUT_OF_YEAR,0,2895657,4.28159334734657e-309,8070451921408513132,5.4469794784813726e+188,2.121995792e-314,4.958814439180228e+173,signal,-60,1708387200,2024
VALID_RECORD,0,2895777,2017.4,1708390800,2017.8,2017.29,2017.72,signal,60,1708387200,2024
VALID_RECORD,0,2895717,2024.1,1708387200,2030.86,2014.98,2017.72,next,-60,1708387200,2024
VALID_RECORD,0,2895837,2017.19,1708390860,2017.58,2017.18,2017.44,next,60,1708387200,2024
VALID_RECORD,0,3144435,2024.23,1708646280,2024.74,2024.04,2024.54,previous,-60,1708646400,2024
TIMESTAMP_OUT_OF_YEAR,0,3144555,0.0,23925652199047297,0.0,0.0,1.44298401292e-312,previous,60,1708646400,2024
TIMESTAMP_OUT_OF_YEAR,0,3144624,4.295747059272306e-309,-1441150506697468052,5.4469794784813726e+188,2.121995792e-314,2.8065144174975287e+101,signal,-60,1708646400,2024
VALID_RECORD,0,3144744,2024.38,1708650000,2024.5,2024.32,2024.39,signal,60,1708646400,2024
VALID_RECORD,0,3144684,2035.98,1708646400,2041.29,2015.98,2024.39,next,-60,1708646400,2024
VALID_RECORD,0,3144804,2024.17,1708650060,2024.48,2024.17,2024.46,next,60,1708646400,2024
VALID_RECORD,0,3475491,2034.34,1709164680,2034.34,2034.03,2034.24,previous,-60,1709164800,2024
TIMESTAMP_OUT_OF_YEAR,0,3475611,0.0,23925652199047297,0.0,0.0,1.44298401292e-312,previous,60,1709164800,2024
TIMESTAMP_OUT_OF_YEAR,0,3475680,4.31826143461445e-309,3746996278126206316,5.4469794784813726e+188,2.121995792e-314,7.56653685601165e+168,signal,-60,1709164800,2024
VALID_RECORD,0,3475800,2034.92,1709168400,2035.18,2034.67,2035.0,signal,60,1709164800,2024
VALID_RECORD,0,3475740,2044.04,1709164800,2050.72,2028.06,2035.0,next,-60,1709164800,2024
VALID_RECORD,0,3475860,2035.03,1709168460,2035.2,2034.88,2034.92,next,60,1709164800,2024
VALID_RECORD,0,3558420,2044.05,1709251080,2044.13,2043.78,2043.92,previous,-60,1709251200,2024
TIMESTAMP_OUT_OF_YEAR,0,3558540,0.0,23925652199047297,0.0,0.0,1.44298401292e-312,previous,60,1709251200,2024
TIMESTAMP_OUT_OF_YEAR,0,3558609,4.33697743749076e-309,-1441150506697465492,5.4469794784813726e+188,2.121995792e-314,2.8065144174975287e+101,signal,-60,1709251200,2024
VALID_RECORD,0,3558729,2044.1,1709254800,2044.12,2043.8,2043.82,signal,60,1709251200,2024
VALID_RECORD,0,3558669,2083.41,1709251200,2088.26,2038.98,2043.82,next,-60,1709251200,2024
VALID_RECORD,0,3558789,2043.79,1709254860,2044.28,2043.79,2044.14,next,60,1709251200,2024
VALID_RECORD,0,3640509,2083.36,1709336580,2083.44,2083.18,2083.28,previous,-60,1709510400,2024
TIMESTAMP_OUT_OF_YEAR,0,3640629,0.0,23925652199047297,0.0,0.0,1.44298401292e-312,previous,60,1709510400,2024
TIMESTAMP_OUT_OF_YEAR,0,3640698,4.419310874180214e-309,8070451921408517228,5.4469794784813726e+188,2.121995792e-314,4.958814439180228e+173,signal,-60,1709510400,2024
VALID_RECORD,0,3640818,2082.66,1709514000,2082.8,2082.04,2082.62,signal,60,1709510400,2024
VALID_RECORD,0,3640758,2114.27,1709510400,2119.84,2079.39,2082.62,next,-60,1709510400,2024
VALID_RECORD,0,3640878,2083.6,1709514060,2083.78,2082.56,2082.62,next,60,1709510400,2024
VALID_RECORD,0,3723498,2114.25,1709596680,2114.29,2114.18,2114.18,previous,-60,1709596800,2024
TIMESTAMP_OUT_OF_YEAR,0,3723618,0.0,23925652199047297,0.0,0.0,1.44298401292e-312,previous,60,1709596800,2024
TIMESTAMP_OUT_OF_YEAR,0,3723687,4.487808898312573e-309,8070451921408517484,5.4469794784813726e+188,2.121995792e-314,4.958814439180228e+173,signal,-60,1709596800,2024
VALID_RECORD,0,3723807,2114.44,1709600400,2114.95,2114.44,2114.9,signal,60,1709596800,2024
VALID_RECORD,0,3723747,2127.94,1709596800,2141.74,2110.42,2114.9,next,-60,1709596800,2024
VALID_RECORD,0,3723867,2114.38,1709600460,2114.6,2114.22,2114.43,next,60,1709596800,2024
VALID_RECORD,0,3806487,2127.78,1709683080,2127.78,2127.68,2127.73,previous,-60,1709683200,2024
TIMESTAMP_OUT_OF_YEAR,0,3806607,0.0,23925652199047297,0.0,0.0,1.44298401292e-312,previous,60,1709683200,2024
TIMESTAMP_OUT_OF_YEAR,0,3806676,4.51543728351094e-309,8070451921408517740,5.4469794784813726e+188,2.121995792e-314,4.958814439180228e+173,signal,-60,1709683200,2024
VALID_RECORD,0,3806796,2127.51,1709686800,2127.95,2127.5,2127.92,signal,60,1709683200,2024
VALID_RECORD,0,3806736,2147.92,1709683200,2152.14,2123.66,2127.92,next,-60,1709683200,2024
VALID_RECORD,0,3806856,2127.52,1709686860,2127.69,2127.4,2127.66,next,60,1709683200,2024
VALID_RECORD,0,3889476,2147.96,1709769480,2148.05,2147.93,2148.03,previous,-60,1709769600,2024
TIMESTAMP_OUT_OF_YEAR,0,3889596,0.0,23925652199047297,0.0,0.0,1.44298401292e-312,previous,60,1709769600,2024
TIMESTAMP_OUT_OF_YEAR,0,3889665,4.56012651486867e-309,8070451921408517996,5.4469794784813726e+188,2.121995792e-314,4.958814439180228e+173,signal,-60,1709769600,2024
VALID_RECORD,0,3889785,2148.38,1709773200,2149.1,2148.38,2148.98,signal,60,1709769600,2024
VALID_RECORD,0,3889725,2159.83,1709769600,2164.6,2144.12,2148.98,next,-60,1709769600,2024
VALID_RECORD,0,3889845,2147.82,1709773260,2148.59,2147.82,2148.3,next,60,1709769600,2024
VALID_RECORD,0,3972465,2159.86,1709855880,2159.95,2159.72,2159.72,previous,-60,1709856000,2024
TIMESTAMP_OUT_OF_YEAR,0,3972585,0.0,23925652199047297,0.0,0.0,1.44298401292e-312,previous,60,1709856000,2024
TIMESTAMP_OUT_OF_YEAR,0,3972654,4.58257723033708e-309,-1441150506697463700,5.4469794784813726e+188,2.121995792e-314,2.8065144174975287e+101,signal,-60,1709856000,2024
VALID_RECORD,0,3972774,2159.05,1709859600,2159.56,2158.98,2159.56,signal,60,1709856000,2024
VALID_RECORD,0,3972714,2177.13,1709856000,2195.1,2153.94,2159.56,next,-60,1709856000,2024
VALID_RECORD,0,3972834,2159.26,1709859660,2159.28,2158.99,2158.99,next,60,1709856000,2024
VALID_RECORD,0,4220532,2158.08,1710287880,2158.18,2158.04,2158.14,previous,-60,1710288000,2024
TIMESTAMP_OUT_OF_YEAR,0,4220652,0.0,23925652199047297,0.0,0.0,1.44298401292e-312,previous,60,1710288000,2024
TIMESTAMP_OUT_OF_YEAR,0,4220721,4.579288136861086e-309,8070451921408519532,5.4469794784813726e+188,2.121995792e-314,4.958814439180228e+173,signal,-60,1710288000,2024
VALID_RECORD,0,4220841,2158.3,1710291600,2158.49,2158.0,2158.01,signal,60,1710288000,2024
VALID_RECORD,0,4220781,2174.01,1710288000,2179.79,2155.73,2158.01,next,-60,1710288000,2024
VALID_RECORD,0,4220901,2158.49,1710291660,2158.52,2158.25,2158.29,next,60,1710288000,2024
VALID_RECORD,0,4634517,2157.42,1710892680,2157.42,2157.25,2157.36,previous,-60,1710892800,2024
TIMESTAMP_OUT_OF_YEAR,0,4634637,0.0,23925652199047297,0.0,0.0,1.44298401292e-312,previous,60,1710892800,2024
TIMESTAMP_OUT_OF_YEAR,0,4634706,4.578587878250067e-309,8070451921408521324,5.4469794784813726e+188,2.121995792e-314,4.958814439180228e+173,signal,-60,1710892800,2024
VALID_RECORD,0,4634826,2157.61,1710896400,2157.71,2157.55,2157.68,signal,60,1710892800,2024
VALID_RECORD,0,4634766,2186.12,1710892800,2188.76,2149.55,2157.68,next,-60,1710892800,2024
VALID_RECORD,0,4634886,2157.55,1710896460,2157.64,2157.55,2157.59,next,60,1710892800,2024
VALID_RECORD,0,5048562,2178.56,1711497480,2178.56,2177.89,2177.89,previous,-60,1711497600,2024
TIMESTAMP_OUT_OF_YEAR,0,5048682,0.0,23925652199047297,0.0,0.0,1.44298401292e-312,previous,60,1711497600,2024
TIMESTAMP_OUT_OF_YEAR,0,5048751,4.62314978986034e-309,8070451921408523116,5.4469794784813726e+188,2.121995792e-314,4.958814439180228e+173,signal,-60,1711497600,2024
VALID_RECORD,0,5048871,2178.08,1711501200,2178.68,2177.56,2178.68,signal,60,1711497600,2024
VALID_RECORD,0,5048811,2194.72,1711497600,2197.56,2173.38,2178.68,next,-60,1711497600,2024
VALID_RECORD,0,5048931,2177.33,1711501260,2178.08,2177.04,2178.08,next,60,1711497600,2024
VALID_RECORD,0,5131551,2194.83,1711583880,2194.83,2194.63,2194.64,previous,-60,1711584000,2024
TIMESTAMP_OUT_OF_YEAR,0,5131671,0.0,23925652199047297,0.0,0.0,1.44298401292e-312,previous,60,1711584000,2024
TIMESTAMP_OUT_OF_YEAR,0,5131740,4.655849744999113e-309,-4899915008438403988,5.4469794784813726e+188,2.121995792e-314,1.761715361505952e+159,signal,-60,1711584000,2024
VALID_RECORD,0,5131860,2191.34,1711587600,2194.09,2191.34,2194.09,signal,60,1711584000,2024
VALID_RECORD,0,5131800,2233.82,1711584000,2236.22,2187.33,2194.09,next,-60,1711584000,2024
VALID_RECORD,0,5131920,2191.26,1711587660,2191.26,2191.17,2191.22,next,60,1711584000,2024
VALID_RECORD,0,5214360,2232.82,1711670280,2233.13,2231.97,2232.42,previous,-60,1711929600,2024
TIMESTAMP_OUT_OF_YEAR,0,5214480,0.0,23925652199047297,0.0,0.0,1.44298401292e-312,previous,60,1711929600,2024
TIMESTAMP_OUT_OF_YEAR,0,5214549,4.75371619087843e-309,8070451921408524652,5.4469794784813726e+188,2.121995792e-314,4.958814439180228e+173,signal,-60,1711929600,2024
VALID_RECORD,0,5214669,2240.92,1711933200,2245.64,2239.71,2240.21,signal,60,1711929600,2024
VALID_RECORD,0,5214609,2251.36,1711929600,2265.66,2228.44,2240.21,next,-60,1711929600,2024
VALID_RECORD,0,5214729,2237.26,1711933260,2240.98,2236.9,2240.96,next,60,1711929600,2024
VALID_RECORD,0,5297349,2251.23,1712015880,2251.27,2250.47,2251.0,previous,-60,1712016000,2024
TIMESTAMP_OUT_OF_YEAR,0,5297469,0.0,23925652199047297,0.0,0.0,1.44298401292e-312,previous,60,1712016000,2024
TIMESTAMP_OUT_OF_YEAR,0,5297538,4.777843283021706e-309,8070451921408524908,5.4469794784813726e+188,2.121995792e-314,4.958814439180228e+173,signal,-60,1712016000,2024
VALID_RECORD,0,5297658,2250.62,1712019600,2251.58,2250.18,2251.58,signal,60,1712016000,2024
VALID_RECORD,0,5297598,2280.77,1712016000,2280.99,2246.65,2251.58,next,-60,1712016000,2024
VALID_RECORD,0,5297718,2250.3,1712019660,2250.3,2250.01,2250.2,next,60,1712016000,2024
VALID_RECORD,0,5380338,2280.46,1712102280,2280.81,2280.26,2280.29,previous,-60,1712102400,2024
TIMESTAMP_OUT_OF_YEAR,0,5380458,0.0,23925652199047297,0.0,0.0,1.44298401292e-312,previous,60,1712102400,2024
TIMESTAMP_OUT_OF_YEAR,0,5380527,4.83815040340094e-309,8070451921408525164,5.4469794784813726e+188,2.121995792e-314,4.958814439180228e+173,signal,-60,1712102400,2024
VALID_RECORD,0,5380647,2280.94,1712106000,2281.54,2279.92,2280.0,signal,60,1712102400,2024
VALID_RECORD,0,5380587,2300.1,1712102400,2301.01,2265.45,2280.0,next,-60,1712102400,2024
VALID_RECORD,0,5380707,2279.74,1712106060,2280.9,2279.6,2280.9,next,60,1712102400,2024
VALID_RECORD,0,5546316,2290.89,1712275080,2291.1,2289.97,2290.25,previous,-60,1712275200,2024
TIMESTAMP_OUT_OF_YEAR,0,5546436,0.0,23925652199047297,0.0,0.0,1.44298401292e-312,previous,60,1712275200,2024
TIMESTAMP_OUT_OF_YEAR,0,5546505,4.8609406381959e-309,-1441150506697456276,5.4469794784813726e+188,2.121995792e-314,2.8065144174975287e+101,signal,-60,1712275200,2024
VALID_RECORD,0,5546625,2290.91,1712278800,2290.96,2290.48,2290.74,signal,60,1712275200,2024
VALID_RECORD,0,5546565,2327.6,1712275200,2330.42,2267.74,2290.74,next,-60,1712275200,2024
VALID_RECORD,0,5546685,2291.14,1712278860,2291.32,2290.84,2290.88,next,60,1712275200,2024
VALID_RECORD,0,5628405,2326.34,1712360580,2326.45,2326.02,2326.32,previous,-60,1712534400,2024
TIMESTAMP_OUT_OF_YEAR,0,5628525,0.0,23925652199047297,0.0,0.0,1.44298401292e-312,previous,60,1712534400,2024
TIMESTAMP_OUT_OF_YEAR,0,5628594,4.929396222412446e-309,8070451921408526444,5.4469794784813726e+188,2.121995792e-314,4.958814439180228e+173,signal,-60,1712534400,2024
VALID_RECORD,0,5628714,2323.0,1712538000,2324.02,2322.71,2323.0,signal,60,1712534400,2024
VALID_RECORD,0,5628654,2338.77,1712534400,2353.86,2302.87,2323.0,next,-60,1712534400,2024
VALID_RECORD,0,5628774,2321.22,1712538060,2322.98,2319.9,2322.97,next,60,1712534400,2024
VALID_RECORD,0,5711394,2338.76,1712620680,2339.25,2338.76,2339.25,previous,-60,1712620800,2024
TIMESTAMP_OUT_OF_YEAR,0,5711514,0.0,23925652199047297,0.0,0.0,1.44298401292e-312,previous,60,1712620800,2024
TIMESTAMP_OUT_OF_YEAR,0,5711583,4.963454254857434e-309,8070451921408526700,5.4469794784813726e+188,2.121995792e-314,4.958814439180228e+173,signal,-60,1712620800,2024
VALID_RECORD,0,5711703,2337.84,1712624400,2339.05,2337.38,2339.05,signal,60,1712620800,2024
VALID_RECORD,0,5711643,2352.73,1712620800,2365.26,2336.87,2339.05,next,-60,1712620800,2024
VALID_RECORD,0,5711763,2337.23,1712624460,2337.85,2337.21,2337.81,next,60,1712620800,2024
VALID_RECORD,0,5877372,2333.45,1712793480,2333.46,2332.59,2332.97,previous,-60,1712793600,2024
TIMESTAMP_OUT_OF_YEAR,0,5877492,0.0,23925652199047297,0.0,0.0,1.44298401292e-312,previous,60,1712793600,2024
TIMESTAMP_OUT_OF_YEAR,0,5877561,4.951571078428033e-309,3746996278126218092,5.4469794784813726e+188,2.121995792e-314,7.56653685601165e+168,signal,-60,1712793600,2024
VALID_RECORD,0,5877681,2333.99,1712797260,2334.27,2333.35,2333.45,signal,60,1712793600,2024
VALID_RECORD,0,5877621,2372.55,1712793600,2377.61,2325.62,2333.45,next,-60,1712793600,2024
VALID_RECORD,0,5877741,2334.2,1712797320,2334.38,2333.88,2333.89,next,60,1712793600,2024
VALID_RECORD,0,7036458,2286.25,1714521480,2286.27,2285.48,2285.48,previous,-60,1714521600,2024
TIMESTAMP_OUT_OF_YEAR,0,7036578,0.0,23925652199047297,0.0,0.0,1.44298401292e-312,previous,60,1714521600,2024
TIMESTAMP_OUT_OF_YEAR,0,7036647,4.852452655032045e-309,8070451921408532844,5.4469794784813726e+188,2.121995792e-314,4.958814439180228e+173,signal,-60,1714521600,2024
VALID_RECORD,0,7036767,2287.97,1714525200,2287.97,2286.7,2286.74,signal,60,1714521600,2024
VALID_RECORD,0,7036707,2319.44,1714521600,2328.25,2281.55,2286.74,next,-60,1714521600,2024
VALID_RECORD,0,7036827,2287.53,1714525260,2287.82,2287.42,2287.82,next,60,1714521600,2024
VALID_RECORD,0,7284525,2301.59,1714779780,2301.79,2301.59,2301.66,previous,-60,1714953600,2024
TIMESTAMP_OUT_OF_YEAR,0,7284645,0.0,23925652199047297,0.0,0.0,1.44298401292e-312,previous,60,1714953600,2024
TIMESTAMP_OUT_OF_YEAR,0,7284714,4.89052125952196e-309,8070451921408534124,5.4469794784813726e+188,2.121995792e-314,4.958814439180228e+173,signal,-60,1714953600,2024
VALID_RECORD,0,7284834,2303.08,1714957200,2306.03,2302.77,2304.68,signal,60,1714953600,2024
VALID_RECORD,0,7284774,2323.64,1714953600,2332.0,2291.8,2304.68,next,-60,1714953600,2024
VALID_RECORD,0,7284894,2301.64,1714957260,2303.06,2301.18,2302.88,next,60,1714953600,2024
VALID_RECORD,0,7533492,2308.77,1715212680,2308.86,2308.6,2308.67,previous,-60,1715212800,2024
TIMESTAMP_OUT_OF_YEAR,0,7533612,0.0,23925652199047297,0.0,0.0,1.44298401292e-312,previous,60,1715212800,2024
TIMESTAMP_OUT_OF_YEAR,0,7533681,4.90079171915013e-309,8070451921408534892,5.4469794784813726e+188,2.121995792e-314,4.958814439180228e+173,signal,-60,1715212800,2024
VALID_RECORD,0,7533801,2308.64,1715216400,2309.52,2308.41,2309.52,signal,60,1715212800,2024
VALID_RECORD,0,7533741,2346.26,1715212800,2347.2,2306.69,2309.52,next,-60,1715212800,2024
VALID_RECORD,0,7533861,2309.55,1715216460,2309.63,2308.32,2308.32,next,60,1715212800,2024
VALID_RECORD,0,7616481,2345.95,1715299080,2346.02,2345.56,2345.56,previous,-60,1715299200,2024
TIMESTAMP_OUT_OF_YEAR,0,7616601,0.0,23925652199047297,0.0,0.0,1.44298401292e-312,previous,60,1715299200,2024
TIMESTAMP_OUT_OF_YEAR,0,7616670,4.97866896467866e-309,-1441150506697446804,5.4469794784813726e+188,2.121995792e-314,2.8065144174975287e+101,signal,-60,1715299200,2024
VALID_RECORD,0,7616790,2346.12,1715302800,2346.3,2345.98,2346.22,signal,60,1715299200,2024
VALID_RECORD,0,7616730,2361.48,1715299200,2378.37,2345.21,2346.22,next,-60,1715299200,2024
VALID_RECORD,0,7616850,2346.66,1715302860,2346.68,2346.14,2346.14,next,60,1715299200,2024
VALID_RECORD,0,7781559,2336.06,1715644680,2336.16,2335.92,2335.92,previous,-60,1715644800,2024
TIMESTAMP_OUT_OF_YEAR,0,7781679,0.0,23925652199047297,0.0,0.0,1.44298401292e-312,previous,60,1715644800,2024
TIMESTAMP_OUT_OF_YEAR,0,7781748,4.95855244458031e-309,8070451921408536172,5.4469794784813726e+188,2.121995792e-314,4.958814439180228e+173,signal,-60,1715644800,2024
VALID_RECORD,0,7781868,2336.54,1715648400,2336.88,2335.94,2336.74,signal,60,1715644800,2024
VALID_RECORD,0,7781808,2357.91,1715644800,2359.56,2334.76,2336.74,next,-60,1715644800,2024
VALID_RECORD,0,7781928,2337.2,1715648460,2337.34,2336.66,2336.66,next,60,1715644800,2024
VALID_RECORD,0,7864548,2357.88,1715731080,2358.21,2357.77,2358.19,previous,-60,1715731200,2024
TIMESTAMP_OUT_OF_YEAR,0,7864668,0.0,23925652199047297,0.0,0.0,1.44298401292e-312,previous,60,1715731200,2024
TIMESTAMP_OUT_OF_YEAR,0,7864737,5.003475095475044e-309,8070451921408536428,5.4469794784813726e+188,2.121995792e-314,4.958814439180228e+173,signal,-60,1715731200,2024
VALID_RECORD,0,7864857,2357.27,1715734800,2358.08,2357.27,2357.91,signal,60,1715731200,2024
VALID_RECORD,0,7864797,2385.87,1715731200,2390.2,2351.83,2357.91,next,-60,1715731200,2024
VALID_RECORD,0,7864917,2357.98,1715734860,2358.04,2357.26,2357.32,next,60,1715731200,2024
VALID_RECORD,0,8030526,2376.65,1715903880,2376.8,2376.33,2376.6,previous,-60,1715904000,2024
TIMESTAMP_OUT_OF_YEAR,0,8030646,0.0,23925652199047297,0.0,0.0,1.44298401292e-312,previous,60,1715904000,2024
TIMESTAMP_OUT_OF_YEAR,0,8030715,5.04406887495621e-309,-1441150506697445012,5.4469794784813726e+188,2.121995792e-314,2.8065144174975287e+101,signal,-60,1715904000,2024
VALID_RECORD,0,8030835,2377.55,1715907600,2377.57,2376.88,2377.04,signal,60,1715904000,2024
VALID_RECORD,0,8030775,2417.65,1715904000,2422.67,2373.91,2377.04,next,-60,1715904000,2024
VALID_RECORD,0,8030895,2378.08,1715907660,2378.08,2377.38,2377.6,next,60,1715904000,2024
VALID_RECORD,0,8112615,2417.39,1715989380,2417.4,2417.0,2417.39,previous,-60,1716163200,2024
TIMESTAMP_OUT_OF_YEAR,0,8112735,0.0,23925652199047297,0.0,0.0,1.44298401292e-312,previous,60,1716163200,2024
TIMESTAMP_OUT_OF_YEAR,0,8112804,5.130476543564197e-309,8070451921408537708,5.4469794784813726e+188,2.121995792e-314,4.958814439180228e+173,signal,-60,1716163200,2024
VALID_RECORD,0,8112924,2419.85,1716166800,2420.48,2417.07,2417.76,signal,60,1716163200,2024
VALID_RECORD,0,8112864,2426.16,1716163200,2450.01,2407.3,2417.76,next,-60,1716163200,2024
VALID_RECORD,0,8112984,2421.42,1716166860,2422.2,2419.8,2419.86,next,60,1716163200,2024
VALID_RECORD,0,8526600,2334.3,1716594180,2334.44,2334.28,2334.44,previous,-60,1716768000,2024
TIMESTAMP_OUT_OF_YEAR,0,8526720,0.0,23925652199047297,0.0,0.0,1.44298401292e-312,previous,60,1716768000,2024
TIMESTAMP_OUT_OF_YEAR,0,8526789,4.95957100255997e-309,-8935140421530764436,5.446979478481372e+188,2.121995792e-314,-3.541472495419634e+72,signal,-60,1716768000,2024
VALID_RECORD,0,8526909,2336.24,1716771600,2337.22,2336.22,2337.22,signal,60,1716768000,2024
VALID_RECORD,0,8526849,2352.57,1716768000,2358.42,2332.26,2337.22,next,-60,1716768000,2024
VALID_RECORD,0,8526969,2335.8,1716771660,2336.49,2335.51,2336.2,next,60,1716768000,2024
VALID_RECORD,0,8600649,2352.38,1716845340,2352.41,2352.21,2352.21,previous,-60,1716854400,2024
TIMESTAMP_OUT_OF_YEAR,0,8600769,0.0,23925652199047297,0.0,0.0,1.44298401292e-312,previous,60,1716854400,2024
TIMESTAMP_OUT_OF_YEAR,0,8600838,4.990085302034053e-309,8070451921408539756,5.4469794784813726e+188,2.121995792e-314,4.958814439180228e+173,signal,-60,1716854400,2024
VALID_RECORD,0,8600958,2352.08,1716858000,2352.08,2351.54,2351.6,signal,60,1716854400,2024
VALID_RECORD,0,8600898,2360.9,1716854400,2364.03,2340.27,2351.6,next,-60,1716854400,2024
VALID_RECORD,0,8601018,2352.49,1716858060,2352.6,2351.94,2351.98,next,60,1716854400,2024
VALID_RECORD,0,9097683,2326.72,1717545480,2326.97,2326.67,2326.88,previous,-60,1717545600,2024
TIMESTAMP_OUT_OF_YEAR,0,9097803,0.0,23925652199047297,0.0,0.0,1.44298401292e-312,previous,60,1717545600,2024
TIMESTAMP_OUT_OF_YEAR,0,9097872,4.937035407259916e-309,8070451921408542060,5.4469794784813726e+188,2.121995792e-314,4.958814439180228e+173,signal,-60,1717545600,2024
VALID_RECORD,0,9097992,2327.61,1717549200,2327.73,2326.6,2326.6,signal,60,1717545600,2024
VALID_RECORD,0,9097932,2355.04,1717545600,2357.34,2325.85,2326.6,next,-60,1717545600,2024
VALID_RECORD,0,9098052,2327.84,1717549260,2327.89,2327.49,2327.62,next,60,1717545600,2024
VALID_RECORD,0,9180672,2355.04,1717631880,2355.07,2354.77,2354.96,previous,-60,1717632000,2024
TIMESTAMP_OUT_OF_YEAR,0,9180792,0.0,23925652199047297,0.0,0.0,1.44298401292e-312,previous,60,1717632000,2024
TIMESTAMP_OUT_OF_YEAR,0,9180861,5.000440641493963e-309,8070451921408542316,5.4469794784813726e+188,2.121995792e-314,4.958814439180228e+173,signal,-60,1717632000,2024
VALID_RECORD,0,9180981,2356.92,1717635600,2357.44,2356.48,2356.48,signal,60,1717632000,2024
VALID_RECORD,0,9180921,2375.94,1717632000,2378.46,2353.43,2356.48,next,-60,1717632000,2024
VALID_RECORD,0,9181041,2356.4,1717635660,2357.01,2356.39,2356.9,next,60,1717632000,2024
VALID_RECORD,0,9428739,2310.8,1718063880,2310.91,2310.5,2310.65,previous,-60,1718064000,2024
TIMESTAMP_OUT_OF_YEAR,0,9428859,0.0,23925652199047297,0.0,0.0,1.44298401292e-312,previous,60,1718064000,2024
TIMESTAMP_OUT_OF_YEAR,0,9428928,4.905375230058714e-309,8070451921408543596,5.4469794784813726e+188,2.121995792e-314,4.958814439180228e+173,signal,-60,1718064000,2024
VALID_RECORD,0,9429048,2312.1,1718067600,2312.3,2311.68,2311.68,signal,60,1718064000,2024
VALID_RECORD,0,9428988,2316.4,1718064000,2319.84,2297.72,2311.68,next,-60,1718064000,2024
VALID_RECORD,0,9429108,2311.29,1718067660,2312.03,2311.21,2311.93,next,60,1718064000,2024
VALID_RECORD,0,9511728,2316.63,1718150280,2316.91,2316.38,2316.61,previous,-60,1718150400,2024
TIMESTAMP_OUT_OF_YEAR,0,9511848,0.0,23925652199047297,0.0,0.0,1.44298401292e-312,previous,60,1718150400,2024
TIMESTAMP_OUT_OF_YEAR,0,9511917,4.91670668758247e-309,8070451921408543852,5.4469794784813726e+188,2.121995792e-314,4.958814439180228e+173,signal,-60,1718150400,2024
VALID_RECORD,0,9512037,2316.5,1718154000,2317.06,2316.5,2317.02,signal,60,1718150400,2024
VALID_RECORD,0,9511977,2324.64,1718150400,2341.59,2310.66,2317.02,next,-60,1718150400,2024
VALID_RECORD,0,9512097,2316.53,1718154060,2316.71,2316.32,2316.71,next,60,1718150400,2024
VALID_RECORD,0,9677646,2303.8,1718323080,2303.89,2303.61,2303.63,previous,-60,1718323200,2024
TIMESTAMP_OUT_OF_YEAR,0,9677766,0.0,23925652199047297,0.0,0.0,1.44298401292e-312,previous,60,1718323200,2024
TIMESTAMP_OUT_OF_YEAR,0,9677835,4.88924806204738e-309,-1441150506697437588,5.4469794784813726e+188,2.121995792e-314,2.8065144174975287e+101,signal,-60,1718323200,2024
VALID_RECORD,0,9677955,2303.15,1718326800,2304.08,2303.07,2304.08,signal,60,1718323200,2024
VALID_RECORD,0,9677895,2332.16,1718323200,2336.62,2301.48,2304.08,next,-60,1718323200,2024
VALID_RECORD,0,9678015,2303.61,1718326860,2303.63,2303.17,2303.17,next,60,1718323200,2024
VALID_RECORD,0,9842724,2319.0,1718668680,2319.15,2318.87,2319.02,previous,-60,1718668800,2024
TIMESTAMP_OUT_OF_YEAR,0,9842844,0.0,23925652199047297,0.0,0.0,1.44298401292e-312,previous,60,1718668800,2024
TIMESTAMP_OUT_OF_YEAR,0,9842913,4.921120438827677e-309,8070451921408545388,5.4469794784813726e+188,2.121995792e-314,4.958814439180228e+173,signal,-60,1718668800,2024
VALID_RECORD,0,9843033,2320.21,1718672400,2320.21,2319.1,2319.1,signal,60,1718668800,2024
VALID_RECORD,0,9842973,2329.18,1718668800,2333.1,2306.55,2319.1,next,-60,1718668800,2024
VALID_RECORD,0,9843093,2320.88,1718672460,2320.94,2320.12,2320.22,next,60,1718668800,2024
VALID_RECORD,0,9999762,2328.26,1718832540,2328.33,2328.13,2328.19,previous,-60,1718841600,2024
TIMESTAMP_OUT_OF_YEAR,0,9999882,0.0,23925652199047297,0.0,0.0,1.44298401292e-312,previous,60,1718841600,2024
TIMESTAMP_OUT_OF_YEAR,0,9999951,4.94195843749496e-309,8070451921408545900,5.4469794784813726e+188,2.121995792e-314,4.958814439180228e+173,signal,-60,1718841600,2024
VALID_RECORD,0,10000071,2329.98,1718845200,2330.56,2328.85,2328.92,signal,60,1718841600,2024
VALID_RECORD,0,10000011,2359.67,1718841600,2365.43,2327.7,2328.92,next,-60,1718841600,2024
VALID_RECORD,0,10000131,2329.98,1718845260,2330.02,2329.69,2329.88,next,60,1718841600,2024
VALID_RECORD,0,10413807,2298.0,1719446280,2298.04,2297.63,2297.65,previous,-60,1719446400,2024
TIMESTAMP_OUT_OF_YEAR,0,10413927,0.0,23925652199047297,0.0,0.0,1.44298401292e-312,previous,60,1719446400,2024
TIMESTAMP_OUT_OF_YEAR,0,10413996,4.877407325533797e-309,8070451921408547692,5.4469794784813726e+188,2.121995792e-314,4.958814439180228e+173,signal,-60,1719446400,2024
VALID_RECORD,0,10414116,2298.36,1719450000,2298.64,2298.34,2298.5,signal,60,1719446400,2024
VALID_RECORD,0,10414056,2327.7,1719446400,2330.98,2296.54,2298.5,next,-60,1719446400,2024
VALID_RECORD,0,10414176,2298.62,1719450060,2298.62,2298.41,2298.44,next,60,1719446400,2024
VALID_RECORD,0,10745463,2329.27,1719964680,2329.5,2329.14,2329.47,previous,-60,1719964800,2024
TIMESTAMP_OUT_OF_YEAR,0,10745583,0.0,23925652199047297,0.0,0.0,1.44298401292e-312,previous,60,1719964800,2024
TIMESTAMP_OUT_OF_YEAR,0,10745652,4.94348627446444e-309,8070451921408549740,5.4469794784813726e+188,2.121995792e-314,4.958814439180228e+173,signal,-60,1719964800,2024
VALID_RECORD,0,10745772,2330.09,1719968400,2330.21,2329.46,2329.64,signal,60,1719964800,2024
VALID_RECORD,0,10745712,2355.79,1719964800,2364.95,2326.86,2329.64,next,-60,1719964800,2024
VALID_RECORD,0,10745832,2330.39,1719968460,2330.52,2330.1,2330.16,next,60,1719964800,2024
VALID_RECORD,0,10902201,2356.77,1720128540,2357.31,2356.77,2356.89,previous,-60,1720137600,2024
TIMESTAMP_OUT_OF_YEAR,0,10902321,0.0,23925652199047297,0.0,0.0,1.44298401292e-312,previous,60,1720137600,2024
TIMESTAMP_OUT_OF_YEAR,0,10902390,5.00088626061006e-309,-576459365156067988,5.4469794784813726e+188,2.121995792e-314,1.1545598387558386e+164,signal,-60,1720137600,2024
VALID_RECORD,0,10902510,2356.8,1720141200,2357.33,2356.66,2356.69,signal,60,1720137600,2024
VALID_RECORD,0,10902450,2391.28,1720137600,2392.9,2352.23,2356.69,next,-60,1720137600,2024
VALID_RECORD,0,10902570,2357.32,1720141260,2357.44,2356.64,2356.87,next,60,1720137600,2024
VALID_RECORD,0,11233977,2371.22,1720655880,2371.22,2371.04,2371.15,previous,-60,1720656000,2024
TIMESTAMP_OUT_OF_YEAR,0,11234097,0.0,23925652199047297,0.0,0.0,1.44298401292e-312,previous,60,1720656000,2024
TIMESTAMP_OUT_OF_YEAR,0,11234166,5.032058378779336e-309,8070451921408551788,5.4469794784813726e+188,2.121995792e-314,4.958814439180228e+173,signal,-60,1720656000,2024
VALID_RECORD,0,11234286,2371.85,1720659600,2372.01,2371.04,2371.38,signal,60,1720656000,2024
VALID_RECORD,0,11234226,2415.6,1720656000,2424.56,2371.04,2371.38,next,-60,1720656000,2024
VALID_RECORD,0,11234346,2372.05,1720659660,2372.33,2371.4,2371.86,next,60,1720656000,2024
VALID_RECORD,0,11399835,2411.26,1720828620,2411.68,2411.17,2411.4,previous,-60,1721001600,2024
TIMESTAMP_OUT_OF_YEAR,0,11399955,0.0,23925652199047297,0.0,0.0,1.44298401292e-312,previous,60,1721001600,2024
TIMESTAMP_OUT_OF_YEAR,0,11400024,5.11825384780834e-309,8070451921408552812,5.4469794784813726e+188,2.121995792e-314,4.958814439180228e+173,signal,-60,1721001600,2024
VALID_RECORD,0,11400144,2413.02,1721005200,2413.6,2411.4,2412.0,signal,60,1721001600,2024
VALID_RECORD,0,11400084,2422.31,1721001600,2439.75,2401.35,2412.0,next,-60,1721001600,2024
VALID_RECORD,0,11400204,2413.77,1721005260,2415.13,2412.54,2413.05,next,60,1721001600,2024
VALID_RECORD,0,11482824,2422.16,1721087880,2422.31,2422.08,2422.31,previous,-60,1721088000,2024
TIMESTAMP_OUT_OF_YEAR,0,11482944,0.0,23925652199047297,0.0,0.0,1.44298401292e-312,previous,60,1721088000,2024
TIMESTAMP_OUT_OF_YEAR,0,11483013,5.14032260403438e-309,3746996278126243948,5.4469794784813726e+188,2.121995792e-314,7.56653685601165e+168,signal,-60,1721088000,2024
VALID_RECORD,0,11483133,2421.93,1721091600,2422.5,2421.86,2422.4,signal,60,1721088000,2024
VALID_RECORD,0,11483073,2468.94,1721088000,2469.67,2420.04,2422.4,next,-60,1721088000,2024
VALID_RECORD,0,11483193,2421.93,1721091660,2422.21,2421.77,2421.91,next,60,1721088000,2024
VALID_RECORD,0,11897649,2396.3,1721692680,2396.59,2396.17,2396.49,previous,-60,1721692800,2024
TIMESTAMP_OUT_OF_YEAR,0,11897769,0.0,23925652199047297,0.0,0.0,1.44298401292e-312,previous,60,1721692800,2024
TIMESTAMP_OUT_OF_YEAR,0,11897838,5.085129493511373e-309,8070451921408554860,5.4469794784813726e+188,2.121995792e-314,4.958814439180228e+173,signal,-60,1721692800,2024
VALID_RECORD,0,11897958,2397.34,1721696400,2397.37,2396.39,2396.39,signal,60,1721692800,2024
VALID_RECORD,0,11897898,2409.24,1721692800,2412.01,2388.3,2396.39,next,-60,1721692800,2024
VALID_RECORD,0,11898018,2397.19,1721696460,2397.36,2396.8,2397.35,next,60,1721692800,2024
VALID_RECORD,0,12146556,2364.4,1721951880,2365.18,2364.15,2365.01,previous,-60,1721952000,2024
TIMESTAMP_OUT_OF_YEAR,0,12146676,0.0,23925652199047297,0.0,0.0,1.44298401292e-312,previous,60,1721952000,2024
TIMESTAMP_OUT_OF_YEAR,0,12146745,5.016970988705573e-309,3746996278126246508,5.4469794784813726e+188,2.121995792e-314,7.56653685601165e+168,signal,-60,1721952000,2024
VALID_RECORD,0,12146865,2364.19,1721955600,2365.02,2363.76,2364.27,signal,60,1721952000,2024
VALID_RECORD,0,12146805,2386.86,1721952000,2390.81,2355.83,2364.27,next,-60,1721952000,2024
VALID_RECORD,0,12146925,2364.14,1721955660,2364.35,2364.02,2364.26,next,60,1721952000,2024
VALID_RECORD,0,12312294,2383.45,1722297480,2384.53,2383.41,2383.86,previous,-60,1722297600,2024
TIMESTAMP_OUT_OF_YEAR,0,12312414,0.0,23925652199047297,0.0,0.0,1.44298401292e-312,previous,60,1722297600,2024
TIMESTAMP_OUT_OF_YEAR,0,12312483,5.05803160726075e-309,8070451921408556652,5.4469794784813726e+188,2.121995792e-314,4.958814439180228e+173,signal,-60,1722297600,2024
VALID_RECORD,0,12312603,2382.78,1722301200,2383.95,2382.58,2383.62,signal,60,1722297600,2024
VALID_RECORD,0,12312543,2410.58,1722297600,2412.75,2376.53,2383.62,next,-60,1722297600,2024
VALID_RECORD,0,12312663,2382.32,1722301260,2382.79,2382.28,2382.72,next,60,1722297600,2024
VALID_RECORD,0,12395283,2410.67,1722383880,2410.9,2410.37,2410.89,previous,-60,1722384000,2024
TIMESTAMP_OUT_OF_YEAR,0,12395403,0.0,23925652199047297,0.0,0.0,1.44298401292e-312,previous,60,1722384000,2024
TIMESTAMP_OUT_OF_YEAR,0,12395472,5.114646454963705e-309,8070451921408556908,5.4469794784813726e+188,2.121995792e-314,4.958814439180228e+173,signal,-60,1722384000,2024
VALID_RECORD,0,12395592,2409.6,1722387600,2411.04,2409.36,2410.3,signal,60,1722384000,2024
VALID_RECORD,0,12395532,2447.2,1722384000,2450.94,2403.88,2410.3,next,-60,1722384000,2024
VALID_RECORD,0,12395652,2409.46,1722387660,2409.7,2409.11,2409.68,next,60,1722384000,2024
VALID_RECORD,0,12893217,2383.0,1723075080,2383.01,2382.59,2382.78,previous,-60,1723075200,2024
TIMESTAMP_OUT_OF_YEAR,0,12893337,0.0,23925652199047297,0.0,0.0,1.44298401292e-312,previous,60,1723075200,2024
TIMESTAMP_OUT_OF_YEAR,0,12893406,5.055633752016955e-309,8070451921408559213,5.4469794784813726e+188,2.121995792e-314,4.958814439180228e+173,signal,-60,1723075200,2024
VALID_RECORD,0,12893526,2382.3,1723078800,2383.04,2380.4,2382.49,signal,60,1723075200,2024
VALID_RECORD,0,12893466,2427.12,1723075200,2427.54,2380.4,2382.49,next,-60,1723075200,2024
VALID_RECORD,0,12893586,2381.96,1723078860,2382.43,2381.52,2382.32,next,60,1723075200,2024
VALID_RECORD,0,12976206,2427.05,1723161480,2427.43,2426.9,2426.97,previous,-60,1723161600,2024
TIMESTAMP_OUT_OF_YEAR,0,12976326,0.0,23925652199047297,0.0,0.0,1.44298401292e-312,previous,60,1723161600,2024
TIMESTAMP_OUT_OF_YEAR,0,12976395,5.15012622458865e-309,-576459365156058771,5.4469794784813726e+188,2.121995792e-314,1.1545598387558386e+164,signal,-60,1723161600,2024
VALID_RECORD,0,12976515,2426.84,1723165200,2427.22,2426.78,2427.02,signal,60,1723161600,2024
VALID_RECORD,0,12976455,2430.96,1723161600,2437.03,2416.9,2427.02,next,-60,1723161600,2024
VALID_RECORD,0,12976575,2427.41,1723165260,2427.7,2426.62,2426.82,next,60,1723161600,2024
VALID_RECORD,0,13059075,2430.78,1723247820,2430.8,2430.59,2430.73,previous,-60,1723420800,2024
TIMESTAMP_OUT_OF_YEAR,0,13059195,0.0,23925652199047297,0.0,0.0,1.44298401292e-312,previous,60,1723420800,2024
TIMESTAMP_OUT_OF_YEAR,0,13059264,5.15602537288752e-309,8070451921408560237,5.4469794784813726e+188,2.121995792e-314,4.958814439180228e+173,signal,-60,1723420800,2024
VALID_RECORD,0,13059384,2430.04,1723424400,2430.66,2428.42,2429.8,signal,60,1723420800,2024
VALID_RECORD,0,13059324,2472.26,1723420800,2473.09,2423.86,2429.8,next,-60,1723420800,2024
VALID_RECORD,0,13059444,2428.46,1723424460,2430.09,2428.14,2430.03,next,60,1723420800,2024
VALID_RECORD,0,13390971,2456.23,1723766280,2456.64,2455.89,2456.28,previous,-60,1723766400,2024
TIMESTAMP_OUT_OF_YEAR,0,13391091,0.0,23925652199047297,0.0,0.0,1.44298401292e-312,previous,60,1723766400,2024
TIMESTAMP_OUT_OF_YEAR,0,13391160,5.212725100422124e-309,3746996278126252141,5.4469794784813726e+188,2.121995792e-314,7.56653685601165e+168,signal,-60,1723766400,2024
VALID_RECORD,0,13391280,2456.16,1723770000,2456.52,2456.02,2456.52,signal,60,1723766400,2024
VALID_RECORD,0,13391220,2507.64,1723766400,2509.74,2450.75,2456.52,next,-60,1723766400,2024
VALID_RECORD,0,13391340,2455.62,1723770060,2456.12,2455.42,2456.11,next,60,1723766400,2024
VALID_RECORD,0,13556889,2504.18,1724111880,2504.18,2503.81,2504.11,previous,-60,1724112000,2024
TIMESTAMP_OUT_OF_YEAR,0,13557009,0.0,23925652199047297,0.0,0.0,1.44298401292e-312,previous,60,1724112000,2024
TIMESTAMP_OUT_OF_YEAR,0,13557078,5.31207694335511e-309,8070451921408562285,5.4469794784813726e+188,2.121995792e-314,4.958814439180228e+173,signal,-60,1724112000,2024
VALID_RECORD,0,13557198,2503.36,1724115600,2503.9,2503.05,2503.34,signal,60,1724112000,2024
VALID_RECORD,0,13557138,2513.58,1724112000,2531.65,2497.34,2503.34,next,-60,1724112000,2024
VALID_RECORD,0,13557258,2503.34,1724115660,2503.48,2503.3,2503.37,next,60,1724112000,2024
VALID_RECORD,0,13805856,2484.7,1724371080,2484.7,2484.27,2484.38,previous,-60,1724371200,2024
TIMESTAMP_OUT_OF_YEAR,0,13805976,0.0,23925652199047297,0.0,0.0,1.44298401292e-312,previous,60,1724371200,2024
TIMESTAMP_OUT_OF_YEAR,0,13806045,5.27298978088554e-309,8070451921408563053,5.4469794784813726e+188,2.121995792e-314,4.958814439180228e+173,signal,-60,1724371200,2024
VALID_RECORD,0,13806165,2484.91,1724374800,2484.96,2483.96,2484.92,signal,60,1724371200,2024
VALID_RECORD,0,13806105,2512.15,1724371200,2518.35,2483.96,2484.92,next,-60,1724371200,2024
VALID_RECORD,0,13806225,2484.78,1724374860,2484.92,2484.45,2484.92,next,60,1724371200,2024
VALID_RECORD,0,14137812,2504.62,1724889480,2504.62,2504.16,2504.48,previous,-60,1724889600,2024
TIMESTAMP_OUT_OF_YEAR,0,14137932,0.0,23925652199047297,0.0,0.0,1.44298401292e-312,previous,60,1724889600,2024
TIMESTAMP_OUT_OF_YEAR,0,14138001,5.31441113872517e-309,8070451921408564589,5.4469794784813726e+188,2.121995792e-314,4.958814439180228e+173,signal,-60,1724889600,2024
VALID_RECORD,0,14138121,2505.1,1724893200,2505.16,2504.36,2504.44,signal,60,1724889600,2024
VALID_RECORD,0,14138061,2521.04,1724889600,2528.69,2503.65,2504.44,next,-60,1724889600,2024
VALID_RECORD,0,14138181,2505.95,1724893260,2505.95,2504.8,2505.07,next,60,1724889600,2024
VALID_RECORD,0,14543697,2495.36,1725494280,2495.73,2495.36,2495.67,previous,-60,1725494400,2024
TIMESTAMP_OUT_OF_YEAR,0,14543817,0.0,23925652199047297,0.0,0.0,1.44298401292e-312,previous,60,1725494400,2024
TIMESTAMP_OUT_OF_YEAR,0,14543886,5.29501609719576e-309,8070451921408566637,5.4469794784813726e+188,2.121995792e-314,4.958814439180228e+173,signal,-60,1725494400,2024
VALID_RECORD,0,14544006,2495.25,1725498000,2495.5,2495.16,2495.3,signal,60,1725494400,2024
VALID_RECORD,0,14543946,2516.52,1725494400,2523.51,2493.85,2495.3,next,-60,1725494400,2024
VALID_RECORD,0,14544066,2495.24,1725498060,2495.37,2495.16,2495.26,next,60,1725494400,2024
VALID_RECORD,0,14792604,2506.12,1725926280,2506.26,2505.85,2506.05,previous,-60,1725926400,2024
TIMESTAMP_OUT_OF_YEAR,0,14792724,0.0,23925652199047297,0.0,0.0,1.44298401292e-312,previous,60,1725926400,2024
TIMESTAMP_OUT_OF_YEAR,0,14792793,5.31808219144354e-309,3746996278126258797,5.4469794784813726e+188,2.121995792e-314,7.56653685601165e+168,signal,-60,1725926400,2024
VALID_RECORD,0,14792913,2506.35,1725930000,2506.84,2506.17,2506.17,signal,60,1725926400,2024
VALID_RECORD,0,14792853,2516.44,1725926400,2518.43,2500.13,2506.17,next,-60,1725926400,2024
VALID_RECORD,0,14792973,2506.36,1725930060,2506.44,2506.23,2506.35,next,60,1725926400,2024
VALID_RECORD,0,14958402,2511.28,1726099080,2511.3,2511.16,2511.25,previous,-60,1726099200,2024
TIMESTAMP_OUT_OF_YEAR,0,14958522,0.0,23925652199047297,0.0,0.0,1.44298401292e-312,previous,60,1726099200,2024
TIMESTAMP_OUT_OF_YEAR,0,14958591,5.3302836672416e-309,8070451921408568429,5.4469794784813726e+188,2.121995792e-314,4.958814439180228e+173,signal,-60,1726099200,2024
VALID_RECORD,0,14958711,2512.27,1726102800,2512.86,2511.91,2511.92,signal,60,1726099200,2024
VALID_RECORD,0,14958651,2558.6,1726099200,2560.07,2511.03,2511.92,next,-60,1726099200,2024
VALID_RECORD,0,14958771,2512.38,1726102860,2512.41,2512.26,2512.26,next,60,1726099200,2024
VALID_RECORD,0,15041391,2558.64,1726185480,2558.66,2558.34,2558.51,previous,-60,1726185600,2024
TIMESTAMP_OUT_OF_YEAR,0,15041511,0.0,23925652199047297,0.0,0.0,1.44298401292e-312,previous,60,1726185600,2024
TIMESTAMP_OUT_OF_YEAR,0,15041580,5.42938087067967e-309,3746996278126259565,5.4469794784813726e+188,2.121995792e-314,7.56653685601165e+168,signal,-60,1726185600,2024
VALID_RECORD,0,15041700,2558.33,1726189200,2558.82,2558.12,2558.62,signal,60,1726185600,2024
VALID_RECORD,0,15041640,2578.74,1726185600,2586.06,2556.67,2558.62,next,-60,1726185600,2024
VALID_RECORD,0,15041760,2558.22,1726189260,2558.31,2558.11,2558.28,next,60,1726185600,2024
VALID_RECORD,0,15456276,2586.58,1726790280,2586.6,2586.41,2586.52,previous,-60,1726790400,2024
TIMESTAMP_OUT_OF_YEAR,0,15456396,0.0,23925652199047297,0.0,0.0,1.44298401292e-312,previous,60,1726790400,2024
TIMESTAMP_OUT_OF_YEAR,0,15456465,5.488966512489974e-309,3746996278126261357,5.4469794784813726e+188,2.121995792e-314,7.56653685601165e+168,signal,-60,1726790400,2024
VALID_RECORD,0,15456585,2586.54,1726794000,2586.8,2586.35,2586.7,signal,60,1726790400,2024
VALID_RECORD,0,15456525,2621.98,1726790400,2625.79,2584.81,2586.7,next,-60,1726790400,2024
VALID_RECORD,0,15456645,2586.46,1726794060,2586.52,2586.28,2586.47,next,60,1726790400,2024
VALID_RECORD,0,15539205,2622.09,1726876620,2622.16,2621.84,2622.16,previous,-60,1727049600,2024
TIMESTAMP_OUT_OF_YEAR,0,15539325,0.0,23925652199047297,0.0,0.0,1.44298401292e-312,previous,60,1727049600,2024
TIMESTAMP_OUT_OF_YEAR,0,15539394,5.562217807194105e-309,8070451921408571245,5.4469794784813726e+188,2.121995792e-314,4.958814439180228e+173,signal,-60,1727049600,2024
VALID_RECORD,0,15539514,2619.64,1727053200,2622.06,2619.64,2621.22,signal,60,1727049600,2024
VALID_RECORD,0,15539454,2628.55,1727049600,2634.88,2613.86,2621.22,next,-60,1727049600,2024
VALID_RECORD,0,15539574,2618.84,1727053260,2620.13,2618.44,2619.7,next,60,1727049600,2024
VALID_RECORD,0,15622194,2628.32,1727135880,2628.32,2628.19,2628.21,previous,-60,1727136000,2024
TIMESTAMP_OUT_OF_YEAR,0,15622314,0.0,23925652199047297,0.0,0.0,1.44298401292e-312,previous,60,1727136000,2024
TIMESTAMP_OUT_OF_YEAR,0,15622383,5.578302535289617e-309,8070451921408571501,5.4469794784813726e+188,2.121995792e-314,4.958814439180228e+173,signal,-60,1727136000,2024
VALID_RECORD,0,15622503,2627.03,1727139600,2628.8,2626.6,2628.8,signal,60,1727136000,2024
VALID_RECORD,0,15622443,2657.03,1727136000,2664.33,2622.63,2628.8,next,-60,1727136000,2024
VALID_RECORD,0,15622563,2627.14,1727139660,2627.32,2627.08,2627.09,next,60,1727136000,2024
VALID_RECORD,0,15788172,2656.88,1727308680,2657.13,2656.7,2657.13,previous,-60,1727308800,2024
TIMESTAMP_OUT_OF_YEAR,0,15788292,0.0,23925652199047297,0.0,0.0,1.44298401292e-312,previous,60,1727308800,2024
TIMESTAMP_OUT_OF_YEAR,0,15788361,5.63839745608976e-309,8070451921408572013,5.4469794784813726e+188,2.121995792e-314,4.958814439180228e+173,signal,-60,1727308800,2024
VALID_RECORD,0,15788481,2657.51,1727312400,2657.6,2657.06,2657.12,signal,60,1727308800,2024
VALID_RECORD,0,15788421,2672.22,1727308800,2685.59,2654.84,2657.12,next,-60,1727308800,2024
VALID_RECORD,0,15788541,2657.37,1727312460,2657.44,2657.04,2657.44,next,60,1727308800,2024
VALID_RECORD,0,16037079,2634.46,1727740680,2634.76,2634.4,2634.75,previous,-60,1727740800,2024
TIMESTAMP_OUT_OF_YEAR,0,16037199,0.0,23925652199047297,0.0,0.0,1.44298401292e-312,previous,60,1727740800,2024
TIMESTAMP_OUT_OF_YEAR,0,16037268,5.589931072224106e-309,8070451921408573805,5.4469794784813726e+188,2.121995792e-314,4.958814439180228e+173,signal,-60,1727740800,2024
VALID_RECORD,0,16037388,2633.38,1727744400,2634.41,2633.25,2634.28,signal,60,1727740800,2024
VALID_RECORD,0,16037328,2663.18,1727740800,2673.16,2632.27,2634.28,next,-60,1727740800,2024
VALID_RECORD,0,16037448,2632.46,1727744460,2633.49,2632.27,2633.44,next,60,1727740800,2024
VALID_RECORD,0,16617942,2607.52,1728518280,2607.65,2607.51,2607.62,previous,-60,1728518400,2024
TIMESTAMP_OUT_OF_YEAR,0,16618062,0.0,23925652199047297,0.0,0.0,1.44298401292e-312,previous,60,1728518400,2024
TIMESTAMP_OUT_OF_YEAR,0,16618131,5.5331889047737e-309,3746996278126266989,5.4469794784813726e+188,2.121995792e-314,7.56653685601165e+168,signal,-60,1728518400,2024
VALID_RECORD,0,16618251,2608.39,1728522000,2608.5,2607.54,2607.54,signal,60,1728518400,2024
VALID_RECORD,0,16618191,2629.76,1728518400,2631.54,2603.39,2607.54,next,-60,1728518400,2024
VALID_RECORD,0,16618311,2608.24,1728522060,2608.47,2608.2,2608.36,next,60,1728518400,2024
VALID_RECORD,0,16700871,2629.98,1728604680,2630.0,2629.3,2629.43,previous,-60,1728604800,2024
TIMESTAMP_OUT_OF_YEAR,0,16700991,0.0,23925652199047297,0.0,0.0,1.44298401292e-312,previous,60,1728604800,2024
TIMESTAMP_OUT_OF_YEAR,0,16701060,5.58038209116476e-309,3746996278126267245,5.4469794784813726e+188,2.121995792e-314,7.56653685601165e+168,signal,-60,1728604800,2024
VALID_RECORD,0,16701180,2629.11,1728608400,2629.9,2629.11,2629.78,signal,60,1728604800,2024
VALID_RECORD,0,16701120,2657.09,1728604800,2661.4,2628.13,2629.78,next,-60,1728604800,2024
VALID_RECORD,0,16701240,2628.91,1728608460,2629.15,2628.85,2629.03,next,60,1728604800,2024
VALID_RECORD,0,16866789,2648.54,1728950280,2648.98,2648.54,2648.73,previous,-60,1728950400,2024
TIMESTAMP_OUT_OF_YEAR,0,16866909,0.0,23925652199047297,0.0,0.0,1.44298401292e-312,previous,60,1728950400,2024
TIMESTAMP_OUT_OF_YEAR,0,16866978,5.61987243283461e-309,3746996278126268269,5.4469794784813726e+188,2.121995792e-314,7.56653685601165e+168,signal,-60,1728950400,2024
VALID_RECORD,0,16867098,2648.06,1728954000,2648.39,2647.42,2648.39,signal,60,1728950400,2024
VALID_RECORD,0,16867038,2662.41,1728950400,2668.91,2638.05,2648.39,next,-60,1728950400,2024
VALID_RECORD,0,16867158,2647.57,1728954060,2648.22,2647.57,2648.15,next,60,1728950400,2024
VALID_RECORD,0,16949718,2662.6,1729036680,2662.87,2662.6,2662.78,previous,-60,1729036800,2024
TIMESTAMP_OUT_OF_YEAR,0,16949838,0.0,23925652199047297,0.0,0.0,1.44298401292e-312,previous,60,1729036800,2024
TIMESTAMP_OUT_OF_YEAR,0,16949907,5.649792573487237e-309,3746996278126268525,5.4469794784813726e+188,2.121995792e-314,7.56653685601165e+168,signal,-60,1729036800,2024
VALID_RECORD,0,16950027,2662.28,1729040400,2662.53,2662.21,2662.49,signal,60,1729036800,2024
VALID_RECORD,0,16949967,2673.73,1729036800,2685.4,2658.68,2662.49,next,-60,1729036800,2024
VALID_RECORD,0,16950087,2662.3,1729040460,2662.33,2662.1,2662.28,next,60,1729036800,2024
VALID_RECORD,0,17032647,2673.59,1729123080,2673.59,2673.47,2673.55,previous,-60,1729123200,2024
TIMESTAMP_OUT_OF_YEAR,0,17032767,0.0,23925652199047297,0.0,0.0,1.44298401292e-312,previous,60,1729123200,2024
TIMESTAMP_OUT_OF_YEAR,0,17032836,5.67389844567261e-309,3746996278126268781,5.4469794784813726e+188,2.121995792e-314,7.56653685601165e+168,signal,-60,1729123200,2024
VALID_RECORD,0,17032956,2674.21,1729126800,2674.39,2673.85,2673.85,signal,60,1729123200,2024
VALID_RECORD,0,17032896,2692.75,1729123200,2696.77,2673.13,2673.85,next,-60,1729123200,2024
VALID_RECORD,0,17033016,2674.01,1729126860,2674.41,2673.93,2674.23,next,60,1729123200,2024
VALID_RECORD,0,17115576,2692.73,1729209480,2692.76,2692.44,2692.47,previous,-60,1729209600,2024
TIMESTAMP_OUT_OF_YEAR,0,17115696,0.0,23925652199047297,0.0,0.0,1.44298401292e-312,previous,60,1729209600,2024
TIMESTAMP_OUT_OF_YEAR,0,17115765,5.714004166121856e-309,3746996278126269037,5.4469794784813726e+188,2.121995792e-314,7.56653685601165e+168,signal,-60,1729209600,2024
VALID_RECORD,0,17115885,2692.55,1729213200,2692.89,2692.39,2692.75,signal,60,1729209600,2024
VALID_RECORD,0,17115825,2721.23,1729209600,2722.51,2692.26,2692.75,next,-60,1729209600,2024
VALID_RECORD,0,17115945,2692.72,1729213260,2692.78,2692.37,2692.43,next,60,1729209600,2024
VALID_RECORD,0,17281494,2719.45,1729555080,2719.75,2719.44,2719.67,previous,-60,1729555200,2024
TIMESTAMP_OUT_OF_YEAR,0,17281614,0.0,23925652199047297,0.0,0.0,1.44298401292e-312,previous,60,1729555200,2024
TIMESTAMP_OUT_OF_YEAR,0,17281683,5.77231661045757e-309,8070451921408579181,5.4469794784813726e+188,2.121995792e-314,4.958814439180228e+173,signal,-60,1729555200,2024
VALID_RECORD,0,17281803,2719.31,1729558800,2720.25,2719.03,2720.23,signal,60,1729555200,2024
VALID_RECORD,0,17281743,2748.69,1729555200,2748.86,2718.89,2720.23,next,-60,1729555200,2024
VALID_RECORD,0,17281863,2719.38,1729558860,2719.4,2718.89,2719.32,next,60,1729555200,2024
VALID_RECORD,0,17530461,2735.79,1729814280,2735.89,2735.66,2735.74,previous,-60,1729814400,2024
TIMESTAMP_OUT_OF_YEAR,0,17530581,0.0,23925652199047297,0.0,0.0,1.44298401292e-312,previous,60,1729814400,2024
TIMESTAMP_OUT_OF_YEAR,0,17530650,5.805716824207365e-309,8070451921408579949,5.4469794784813726e+188,2.121995792e-314,4.958814439180228e+173,signal,-60,1729814400,2024
VALID_RECORD,0,17530770,2735.53,1729818000,2735.99,2735.5,2735.97,signal,60,1729814400,2024
VALID_RECORD,0,17530710,2747.21,1729814400,2747.71,2717.06,2735.97,next,-60,1729814400,2024
VALID_RECORD,0,17530830,2735.76,1729818060,2735.84,2735.52,2735.6,next,60,1729814400,2024
VALID_RECORD,0,17696439,2742.14,1730159880,2742.15,2742.03,2742.15,previous,-60,1730160000,2024
TIMESTAMP_OUT_OF_YEAR,0,17696559,0.0,23925652199047297,0.0,0.0,1.44298401292e-312,previous,60,1730160000,2024
TIMESTAMP_OUT_OF_YEAR,0,17696628,5.819212717437904e-309,8070451921408580973,6.079548914533939e+188,2.121995792e-314,4.958814439180228e+173,signal,-60,1730160000,2024
VALID_RECORD,0,17696748,2741.49,1730163600,2742.33,2741.42,2742.33,signal,60,1730160000,2024
VALID_RECORD,0,17696688,2774.35,1730160000,2774.77,2739.83,2742.33,next,-60,1730160000,2024
VALID_RECORD,0,17696808,2740.9,1730163660,2741.82,2740.85,2741.46,next,60,1730160000,2024
VALID_RECORD,0,17779428,2774.38,1730246280,2774.39,2774.15,2774.29,previous,-60,1730246400,2024
TIMESTAMP_OUT_OF_YEAR,0,17779548,0.0,23925652199047297,0.0,0.0,1.44298401292e-312,previous,60,1730246400,2024
TIMESTAMP_OUT_OF_YEAR,0,17779617,5.887371222243713e-309,8070451921408581229,6.538356535488918e+188,2.121995792e-314,4.958814439180228e+173,signal,-60,1730246400,2024
VALID_RECORD,0,17779737,2773.35,1730250000,2774.48,2773.17,2774.45,signal,60,1730246400,2024
VALID_RECORD,0,17779677,2787.3,1730246400,2790.01,2770.91,2774.45,next,-60,1730246400,2024
VALID_RECORD,0,17779797,2773.32,1730250060,2773.44,2773.14,2773.36,next,60,1730246400,2024
VALID_RECORD,0,18277302,2658.89,1730937480,2659.27,2658.88,2659.09,previous,-60,1730937600,2024
TIMESTAMP_OUT_OF_YEAR,0,18277422,0.0,23925652199047297,0.0,0.0,1.44298401292e-312,previous,60,1730937600,2024
TIMESTAMP_OUT_OF_YEAR,0,18277491,5.64158044977619e-309,8070451921408583533,1.0209417689060639e+189,2.121995792e-314,4.958814439180228e+173,signal,-60,1730937600,2024
VALID_RECORD,0,18277611,2659.64,1730941200,2659.64,2658.62,2658.62,signal,60,1730937600,2024
VALID_RECORD,0,18277551,2706.03,1730937600,2710.32,2643.23,2658.62,next,-60,1730937600,2024
VALID_RECORD,0,18277671,2660.72,1730941260,2660.72,2659.86,2659.87,next,60,1730937600,2024
VALID_RECORD,0,18858165,2562.77,1731715020,2563.46,2561.47,2561.69,previous,-60,1731888000,2024
TIMESTAMP_OUT_OF_YEAR,0,18858285,0.0,23925652199047297,0.0,0.0,1.44298401292e-312,previous,60,1731888000,2024
TIMESTAMP_OUT_OF_YEAR,0,18858354,5.44137014689862e-309,8070451921408586349,1.937608402510369e+189,2.121995792e-314,4.958814439180228e+173,signal,-60,1731888000,2024
VALID_RECORD,0,18858474,2567.86,1731891600,2568.63,2563.81,2564.27,signal,60,1731888000,2024
VALID_RECORD,0,18858414,2611.87,1731888000,2615.08,2563.81,2564.27,next,-60,1731888000,2024
VALID_RECORD,0,18858534,2567.64,1731891660,2568.54,2567.07,2567.84,next,60,1731888000,2024
VALID_RECORD,0,18941154,2611.85,1731974280,2611.86,2611.68,2611.75,previous,-60,1731974400,2024
TIMESTAMP_OUT_OF_YEAR,0,18941274,0.0,23925652199047297,0.0,0.0,1.44298401292e-312,previous,60,1731974400,2024
TIMESTAMP_OUT_OF_YEAR,0,18941343,5.542568126169747e-309,8070451921408586605,2.0294336632605029e+189,2.121995792e-314,4.958814439180228e+173,signal,-60,1731974400,2024
VALID_RECORD,0,18941463,2611.12,1731978000,2612.46,2611.1,2611.96,signal,60,1731974400,2024
VALID_RECORD,0,18941403,2632.05,1731974400,2639.44,2610.43,2611.96,next,-60,1731974400,2024
VALID_RECORD,0,18941523,2610.75,1731978060,2611.14,2610.68,2611.12,next,60,1731974400,2024
VALID_RECORD,0,19024143,2632.19,1732060680,2632.27,2632.17,2632.17,previous,-60,1732060800,2024
TIMESTAMP_OUT_OF_YEAR,0,19024263,0.0,23925652199047297,0.0,0.0,1.44298401292e-312,previous,60,1732060800,2024
TIMESTAMP_OUT_OF_YEAR,0,19024332,5.58543244114725e-309,8070451921408586861,2.1211951874514988e+189,2.121995792e-314,4.958814439180228e+173,signal,-60,1732060800,2024
VALID_RECORD,0,19024452,2632.15,1732064400,2632.19,2632.09,2632.16,signal,60,1732060800,2024
VALID_RECORD,0,19024392,2650.55,1732060800,2655.41,2618.84,2632.16,next,-60,1732060800,2024
VALID_RECORD,0,19024512,2632.26,1732064460,2632.29,2632.04,2632.04,next,60,1732060800,2024
VALID_RECORD,0,19107132,2650.24,1732147080,2650.24,2649.9,2650.06,previous,-60,1732147200,2024
TIMESTAMP_OUT_OF_YEAR,0,19107252,0.0,23925652199047297,0.0,0.0,1.44298401292e-312,previous,60,1732147200,2024
TIMESTAMP_OUT_OF_YEAR,0,19107321,5.6235859254688e-309,8070451921408587117,2.2129577739184804e+189,2.121995792e-314,4.958814439180228e+173,signal,-60,1732147200,2024
VALID_RECORD,0,19107441,2650.78,1732150800,2650.79,2649.84,2650.14,signal,60,1732147200,2024
VALID_RECORD,0,19107381,2669.53,1732147200,2673.55,2648.82,2650.14,next,-60,1732147200,2024
VALID_RECORD,0,19107501,2651.02,1732150860,2651.25,2650.75,2650.8,next,60,1732147200,2024
VALID_RECORD,0,19190121,2669.56,1732233480,2669.57,2669.44,2669.51,previous,-60,1732233600,2024
TIMESTAMP_OUT_OF_YEAR,0,19190241,0.0,23925652199047297,0.0,0.0,1.44298401292e-312,previous,60,1732233600,2024
TIMESTAMP_OUT_OF_YEAR,0,19190310,5.664837523645166e-309,3746996278126278253,2.381684388395615e+189,2.121995792e-314,7.56653685601165e+168,signal,-60,1732233600,2024
VALID_RECORD,0,19190430,2669.9,1732237200,2670.01,2669.56,2669.58,signal,60,1732233600,2024
VALID_RECORD,0,19190370,2716.05,1732233600,2716.3,2668.09,2669.58,next,-60,1732233600,2024
VALID_RECORD,0,19190490,2669.79,1732237260,2669.94,2669.78,2669.78,next,60,1732233600,2024
VALID_RECORD,0,19439028,2633.02,1732665480,2633.03,2632.71,2632.76,previous,-60,1732665600,2024
TIMESTAMP_OUT_OF_YEAR,0,19439148,0.0,23925652199047297,0.0,0.0,1.44298401292e-312,previous,60,1732665600,2024
TIMESTAMP_OUT_OF_YEAR,0,19439217,5.586790518453463e-309,8070451921408588653,3.2995545765421267e+189,2.121995792e-314,4.958814439180228e+173,signal,-60,1732665600,2024
VALID_RECORD,0,19439337,2631.79,1732669200,2632.81,2631.7,2632.8,signal,60,1732665600,2024
VALID_RECORD,0,19439277,2636.02,1732665600,2658.22,2627.07,2632.8,next,-60,1732665600,2024
VALID_RECORD,0,19439397,2631.05,1732669260,2631.78,2630.58,2631.72,next,60,1732665600,2024
VALID_RECORD,0,19596006,2637.52,1732829340,2637.54,2637.42,2637.45,previous,-60,1732838400,2024
TIMESTAMP_OUT_OF_YEAR,0,19596126,0.0,23925652199047297,0.0,0.0,1.44298401292e-312,previous,60,1732838400,2024
TIMESTAMP_OUT_OF_YEAR,0,19596195,5.59731561757665e-309,-3746993636707041939,3.666728146424386e+189,2.121995792e-314,-9.548029453925839e+139,signal,-60,1732838400,2024
VALID_RECORD,0,19596315,2638.68,1732842000,2638.68,2637.76,2637.76,signal,60,1732838400,2024
VALID_RECORD,0,19596255,2650.4,1732838400,2666.28,2634.05,2637.76,next,-60,1732838400,2024
VALID_RECORD,0,19596375,2638.73,1732842060,2638.81,2638.5,2638.56,next,60,1732838400,2024
VALID_RECORD,0,20085720,2633.18,1733529420,2633.33,2632.64,2632.77,previous,-60,1733702400,2024
TIMESTAMP_OUT_OF_YEAR,0,20085840,0.0,23925652199047297,0.0,0.0,1.44298401292e-312,previous,60,1733702400,2024
TIMESTAMP_OUT_OF_YEAR,0,20085909,5.611999828450135e-309,8070451921408592237,6.549020715809661e+189,2.121995792e-314,4.958814439180228e+173,signal,-60,1733702400,2024
VALID_RECORD,0,20086029,2647.74,1733706000,2647.86,2640.63,2644.68,signal,60,1733702400,2024
VALID_RECORD,0,20085969,2660.47,1733702400,2676.4,2627.5,2644.68,next,-60,1733702400,2024
VALID_RECORD,0,20086089,2642.89,1733706060,2647.75,2642.1,2647.7,next,60,1733702400,2024
VALID_RECORD,0,20168709,2660.47,1733788680,2660.56,2660.24,2660.26,previous,-60,1733788800,2024
TIMESTAMP_OUT_OF_YEAR,0,20168829,0.0,23925652199047297,0.0,0.0,1.44298401292e-312,previous,60,1733788800,2024
TIMESTAMP_OUT_OF_YEAR,0,20168898,5.64601542097931e-309,8070451921408592493,6.916066812573645e+189,2.121995792e-314,4.958814439180228e+173,signal,-60,1733788800,2024
VALID_RECORD,0,20169018,2660.91,1733792400,2661.28,2660.71,2660.71,signal,60,1733788800,2024
VALID_RECORD,0,20168958,2693.91,1733788800,2695.55,2657.92,2660.71,next,-60,1733788800,2024
VALID_RECORD,0,20169078,2660.79,1733792460,2661.0,2660.78,2660.88,next,60,1733788800,2024
VALID_RECORD,0,20251698,2693.86,1733875080,2693.9,2693.58,2693.64,previous,-60,1733875200,2024
TIMESTAMP_OUT_OF_YEAR,0,20251818,0.0,23925652199047297,0.0,0.0,1.44298401292e-312,previous,60,1733875200,2024
TIMESTAMP_OUT_OF_YEAR,0,20251887,5.71682642052382e-309,8070451921408592749,7.283367855574181e+189,2.121995792e-314,4.958814439180228e+173,signal,-60,1733875200,2024
VALID_RECORD,0,20252007,2693.8,1733878800,2694.12,2693.65,2694.08,signal,60,1733875200,2024
VALID_RECORD,0,20251947,2718.35,1733875200,2721.23,2675.55,2694.08,next,-60,1733875200,2024
VALID_RECORD,0,20252067,2693.87,1733878860,2693.93,2693.71,2693.71,next,60,1733875200,2024
VALID_RECORD,0,20832561,2594.5,1734652680,2594.5,2593.83,2593.83,previous,-60,1734652800,2024
TIMESTAMP_OUT_OF_YEAR,0,20832681,0.0,23925652199047297,0.0,0.0,1.44298401292e-312,previous,60,1734652800,2024
TIMESTAMP_OUT_OF_YEAR,0,20832750,5.505030020627576e-309,3746996278126285933,1.2263797858165825e+190,2.121995792e-314,7.56653685601165e+168,signal,-60,1734652800,2024
VALID_RECORD,0,20832870,2594.85,1734656400,2595.1,2594.24,2594.27,signal,60,1734652800,2024
VALID_RECORD,0,20832810,2623.28,1734652800,2631.87,2589.62,2594.27,next,-60,1734652800,2024
VALID_RECORD,0,20832930,2594.66,1734656460,2594.88,2594.55,2594.86,next,60,1734652800,2024
VALID_RECORD,0,21069768,2616.97,1735073040,2617.09,2616.36,2616.55,previous,-60,1735171200,2024
TIMESTAMP_OUT_OF_YEAR,0,21069888,0.0,23925652199047297,0.0,0.0,1.44298401292e-312,previous,60,1735171200,2024
TIMESTAMP_OUT_OF_YEAR,0,21069957,5.549570712279937e-309,8070451921408596589,1.6669064868795976e+190,2.121995792e-314,4.958814439180228e+173,signal,-60,1735171200,2024
VALID_RECORD,0,21070077,2616.55,1735174800,2619.35,2615.22,2615.26,signal,60,1735171200,2024
VALID_RECORD,0,21070017,2633.96,1735171200,2639.13,2615.09,2615.26,next,-60,1735171200,2024
VALID_RECORD,0,21070137,2615.58,1735174860,2617.16,2615.46,2616.63,next,60,1735171200,2024
VALID_RECORD,0,21318675,2605.91,1735603080,2605.92,2605.71,2605.74,previous,-60,1735603200,2024
TIMESTAMP_OUT_OF_YEAR,0,21318795,0.0,23925652199047297,0.0,0.0,1.44298401292e-312,previous,60,1735603200,2024
TIMESTAMP_OUT_OF_YEAR,0,21318864,5.528180994707007e-309,8070451921408597869,2.2859074576593115e+190,2.121995792e-314,4.958814439180228e+173,signal,-60,1735603200,2024
VALID_RECORD,0,21318984,2606.03,1735606800,2606.23,2605.03,2605.18,signal,60,1735603200,2024
VALID_RECORD,0,21318924,2624.19,1735603200,2627.49,2602.63,2605.18,next,-60,1735603200,2024
VALID_RECORD,0,21319044,2606.57,1735606860,2606.62,2606.02,2606.02,next,60,1735603200,2024
VALID_RECORD,0,263931,2635.92,1736207880,2636.09,2635.73,2635.92,previous,-60,1736208000,2025
TIMESTAMP_OUT_OF_YEAR,0,264051,0.0,23925652199047297,0.0,0.0,1.44298401292e-312,previous,60,1736208000,2025
TIMESTAMP_OUT_OF_YEAR,0,264120,5.594196283763937e-309,8070451921408632686,3.3138302877382457e+190,2.121995792e-314,4.958814439180228e+173,signal,-60,1736208000,2025
VALID_RECORD,0,264240,2636.19,1736211600,2636.49,2635.8,2636.29,signal,60,1736208000,2025
VALID_RECORD,0,264180,2648.61,1736208000,2664.23,2632.91,2636.29,next,-60,1736208000,2025
VALID_RECORD,0,264300,2636.08,1736211660,2636.25,2636.03,2636.14,next,60,1736208000,2025
VALID_RECORD,0,511818,2669.66,1736466900,2669.66,2669.66,2669.66,previous,-60,1736467200,2025
TIMESTAMP_OUT_OF_YEAR,0,511938,0.0,23925652199047297,0.0,0.0,1.44298401292e-312,previous,60,1736467200,2025
TIMESTAMP_OUT_OF_YEAR,0,512007,5.667723437920883e-309,3746996278126324334,3.944368432181954e+190,2.121995792e-314,7.56653685601165e+168,signal,-60,1736467200,2025
VALID_RECORD,0,512127,2670.7,1736470800,2671.83,2670.3,2670.94,signal,60,1736467200,2025
VALID_RECORD,0,512067,2689.99,1736467200,2697.85,2664.04,2670.94,next,-60,1736467200,2025
VALID_RECORD,0,512187,2670.85,1736470860,2671.09,2670.37,2670.69,next,60,1736467200,2025
VALID_RECORD,0,677676,2663.1,1736812680,2663.86,2662.94,2663.72,previous,-60,1736812800,2025
TIMESTAMP_OUT_OF_YEAR,0,677796,0.0,23925652199047297,0.0,0.0,1.44298401292e-312,previous,60,1736812800,2025
TIMESTAMP_OUT_OF_YEAR,0,677865,5.651808469488644e-309,8070451921408634478,5.119123298099098e+190,2.121995792e-314,4.958814439180228e+173,signal,-60,1736812800,2025
VALID_RECORD,0,677985,2663.22,1736816400,2664.26,2663.05,2663.44,signal,60,1736812800,2025
VALID_RECORD,0,677925,2677.48,1736812800,2678.2,2659.85,2663.44,next,-60,1736812800,2025
VALID_RECORD,0,678045,2663.75,1736816460,2664.03,2663.21,2663.21,next,60,1736812800,2025
VALID_RECORD,0,760665,2677.35,1736899080,2677.42,2677.05,2677.11,previous,-60,1736899200,2025
TIMESTAMP_OUT_OF_YEAR,0,760785,0.0,23925652199047297,0.0,0.0,1.44298401292e-312,previous,60,1736899200,2025
TIMESTAMP_OUT_OF_YEAR,0,760854,5.682747168120917e-309,8070451921408634734,5.412753376943977e+190,2.121995792e-314,4.958814439180228e+173,signal,-60,1736899200,2025
VALID_RECORD,0,760974,2678.2,1736902800,2679.57,2678.0,2678.02,signal,60,1736899200,2025
VALID_RECORD,0,760914,2696.48,1736899200,2697.32,2669.29,2678.02,next,-60,1736899200,2025
VALID_RECORD,0,761034,2677.31,1736902860,2678.25,2677.14,2678.21,next,60,1736899200,2025
VALID_RECORD,0,843654,2696.54,1736985480,2696.71,2696.37,2696.69,previous,-60,1736985600,2025
TIMESTAMP_OUT_OF_YEAR,0,843774,0.0,23925652199047297,0.0,0.0,1.44298401292e-312,previous,60,1736985600,2025
TIMESTAMP_OUT_OF_YEAR,0,843843,5.72302264823344e-309,-576459365155983250,5.70659761062756e+190,2.121995792e-314,1.1545598387558386e+164,signal,-60,1736985600,2025
VALID_RECORD,0,843963,2696.41,1736989320,2697.5,2695.5,2697.0,signal,60,1736985600,2025
VALID_RECORD,0,843903,2714.59,1736985600,2724.75,2689.93,2697.0,next,-60,1736985600,2025
VALID_RECORD,0,844023,2697.19,1736989380,2697.28,2696.58,2696.58,next,60,1736985600,2025
VALID_RECORD,0,1083501,2707.1,1737408540,2707.95,2706.43,2707.48,previous,-60,1737417600,2025
TIMESTAMP_OUT_OF_YEAR,0,1083621,0.0,23925652199047297,0.0,0.0,1.44298401292e-312,previous,60,1737417600,2025
TIMESTAMP_OUT_OF_YEAR,0,1083690,5.74538848387021e-309,8070451921408636270,7.22117204144341e+190,2.121995792e-314,4.958814439180228e+173,signal,-60,1737417600,2025
VALID_RECORD,0,1083810,2707.52,1737421200,2707.97,2707.05,2707.54,signal,60,1737417600,2025
VALID_RECORD,0,1083750,2744.72,1737417600,2745.93,2702.69,2707.54,next,-60,1737417600,2025
VALID_RECORD,0,1083870,2707.64,1737421260,2708.14,2707.31,2708.12,next,60,1737417600,2025
VALID_RECORD,0,1166490,2744.81,1737503880,2744.94,2744.64,2744.75,previous,-60,1737504000,2025
TIMESTAMP_OUT_OF_YEAR,0,1166610,0.0,23925652199047297,0.0,0.0,1.44298401292e-312,previous,60,1737504000,2025
TIMESTAMP_OUT_OF_YEAR,0,1166679,5.824581366789036e-309,8070451921408636526,7.80884011311165e+190,2.121995792e-314,4.958814439180228e+173,signal,-60,1737504000,2025
VALID_RECORD,0,1166799,2744.89,1737507600,2745.51,2744.52,2744.86,signal,60,1737504000,2025
VALID_RECORD,0,1166739,2756.3,1737504000,2763.38,2741.91,2744.86,next,-60,1737504000,2025
VALID_RECORD,0,1166859,2744.88,1737507660,2745.13,2744.81,2744.88,next,60,1737504000,2025
VALID_RECORD,0,1332468,2754.61,1737676680,2754.61,2754.34,2754.36,previous,-60,1737676800,2025
TIMESTAMP_OUT_OF_YEAR,0,1332588,0.0,23925652199047297,0.0,0.0,1.44298401292e-312,previous,60,1737676800,2025
TIMESTAMP_OUT_OF_YEAR,0,1332657,5.844761546761116e-309,3746996278126327918,8.983394421322707e+190,2.121995792e-314,7.56653685601165e+168,signal,-60,1737676800,2025
VALID_RECORD,0,1332777,2754.9,1737680400,2754.91,2754.37,2754.37,signal,60,1737676800,2025
VALID_RECORD,0,1332717,2771.05,1737676800,2785.99,2753.66,2754.37,next,-60,1737676800,2025
VALID_RECORD,0,1332837,2754.72,1737680460,2754.94,2754.42,2754.88,next,60,1737676800,2025
VALID_RECORD,0,1498386,2740.95,1738022280,2741.08,2740.42,2740.59,previous,-60,1738022400,2025
TIMESTAMP_OUT_OF_YEAR,0,1498506,0.0,23925652199047297,0.0,0.0,1.44298401292e-312,previous,60,1738022400,2025
TIMESTAMP_OUT_OF_YEAR,0,1498575,5.814841406108506e-309,8070451921408638062,1.1333012930217923e+191,2.121995792e-314,4.958814439180228e+173,signal,-60,1738022400,2025
VALID_RECORD,0,1498695,2741.17,1738026000,2741.25,2739.9,2740.27,signal,60,1738022400,2025
VALID_RECORD,0,1498635,2763.48,1738022400,2764.99,2734.79,2740.27,next,-60,1738022400,2025
VALID_RECORD,0,1498755,2741.24,1738026060,2741.47,2740.84,2741.06,next,60,1738022400,2025
VALID_RECORD,0,1664364,2759.82,1738195080,2759.87,2759.57,2759.6,previous,-60,1738195200,2025
TIMESTAMP_OUT_OF_YEAR,0,1664484,0.0,23925652199047297,0.0,0.0,1.44298401292e-312,previous,60,1738195200,2025
TIMESTAMP_OUT_OF_YEAR,0,1664553,5.8554988454634e-309,8070451921408638574,1.2507968353841155e+191,2.121995792e-314,4.958814439180228e+173,signal,-60,1738195200,2025
VALID_RECORD,0,1664673,2759.63,1738198800,2759.65,2758.86,2759.43,signal,60,1738195200,2025
VALID_RECORD,0,1664613,2794.79,1738195200,2798.54,2758.23,2759.43,next,-60,1738195200,2025
VALID_RECORD,0,1664733,2759.54,1738198860,2759.65,2759.49,2759.6,next,60,1738195200,2025
VALID_RECORD,0,1912971,2814.72,1738627080,2814.98,2814.39,2814.85,previous,-60,1738627200,2025
TIMESTAMP_OUT_OF_YEAR,0,1913091,0.0,23925652199047297,0.0,0.0,1.44298401292e-312,previous,60,1738627200,2025
TIMESTAMP_OUT_OF_YEAR,0,1913160,5.971869094639936e-309,8070451921408640110,1.6631863153793657e+191,2.121995792e-314,4.958814439180228e+173,signal,-60,1738627200,2025
VALID_RECORD,0,1913280,2813.88,1738630800,2814.68,2813.52,2814.27,signal,60,1738627200,2025
VALID_RECORD,0,1913220,2842.12,1738627200,2845.46,2807.22,2814.27,next,-60,1738627200,2025
VALID_RECORD,0,1913340,2813.22,1738630860,2813.87,2813.0,2813.85,next,60,1738627200,2025
VALID_RECORD,0,1995960,2841.95,1738713480,2841.96,2841.91,2841.94,previous,-60,1738713600,2025
TIMESTAMP_OUT_OF_YEAR,0,1996080,0.0,23925652199047297,0.0,0.0,1.44298401292e-312,previous,60,1738713600,2025
TIMESTAMP_OUT_OF_YEAR,0,1996149,6.030436178470577e-309,8070451921408640366,1.7807172102864907e+191,2.121995792e-314,4.958814439180228e+173,signal,-60,1738713600,2025
VALID_RECORD,0,1996269,2841.47,1738717200,2841.91,2841.28,2841.87,signal,60,1738713600,2025
VALID_RECORD,0,1996209,2867.07,1738713600,2882.31,2839.74,2841.87,next,-60,1738713600,2025
VALID_RECORD,0,1996329,2841.85,1738717260,2842.02,2841.33,2841.56,next,60,1738713600,2025
VALID_RECORD,0,2243007,2861.32,1738972620,2861.63,2861.2,2861.47,previous,-60,1739145600,2025
TIMESTAMP_OUT_OF_YEAR,0,2243127,0.0,23925652199047297,0.0,0.0,1.44298401292e-312,previous,60,1739145600,2025
TIMESTAMP_OUT_OF_YEAR,0,2243196,6.064197131504874e-309,-1441150506697340306,2.3680657493382534e+191,2.121995792e-314,2.8065144174975287e+101,signal,-60,1739145600,2025
VALID_RECORD,0,2243316,2856.67,1739149200,2858.74,2854.16,2857.78,signal,60,1739145600,2025
VALID_RECORD,0,2243256,2908.07,1739145600,2911.93,2854.16,2857.78,next,-60,1739145600,2025
VALID_RECORD,0,2243376,2861.84,1739149260,2862.14,2856.72,2856.76,next,60,1739145600,2025
VALID_RECORD,0,2489214,2904.19,1739404680,2904.24,2903.77,2904.14,previous,-60,1739404800,2025
TIMESTAMP_OUT_OF_YEAR,0,2489334,0.0,23925652199047297,0.0,0.0,1.44298401292e-312,previous,60,1739404800,2025
TIMESTAMP_OUT_OF_YEAR,0,2489403,6.162551636416115e-309,8358682280447593838,2.720517023880421e+191,2.121995792e-314,6.534402270471439e+91,signal,-60,1739404800,2025
VALID_RECORD,0,2489523,2905.09,1739408400,2905.25,2904.13,2904.13,signal,60,1739404800,2025
VALID_RECORD,0,2489463,2928.21,1739404800,2929.53,2900.47,2904.13,next,-60,1739404800,2025
VALID_RECORD,0,2489583,2905.01,1739408460,2905.29,2904.49,2905.1,next,60,1739404800,2025
VALID_RECORD,0,2727141,2899.13,1739827740,2899.13,2898.45,2898.51,previous,-60,1739836800,2025
TIMESTAMP_OUT_OF_YEAR,0,2727261,0.0,23925652199047297,0.0,0.0,1.44298401292e-312,previous,60,1739836800,2025
TIMESTAMP_OUT_OF_YEAR,0,2727330,6.15066845998671e-309,8358682280447595118,3.764216617556588e+191,2.121995792e-314,6.534402270471439e+91,signal,-60,1739836800,2025
VALID_RECORD,0,2727450,2899.41,1739840400,2899.48,2898.49,2898.53,signal,60,1739836800,2025
VALID_RECORD,0,2727390,2935.05,1739836800,2936.84,2891.94,2898.53,next,-60,1739836800,2025
VALID_RECORD,0,2727510,2898.98,1739840460,2899.43,2898.96,2899.39,next,60,1739836800,2025
VALID_RECORD,0,3056817,2936.01,1740182280,2936.53,2935.84,2936.17,previous,-60,1740355200,2025
TIMESTAMP_OUT_OF_YEAR,0,3056937,0.0,23925652199047297,0.0,0.0,1.44298401292e-312,previous,60,1740355200,2025
TIMESTAMP_OUT_OF_YEAR,0,3057006,6.227951546693664e-309,-576459365155973010,5.1740706654026763e+191,2.121995792e-314,1.1545598387558386e+164,signal,-60,1740355200,2025
VALID_RECORD,0,3057126,2934.36,1740358800,2936.44,2934.02,2934.95,signal,60,1740355200,2025
VALID_RECORD,0,3057066,2952.61,1740355200,2956.2,2921.35,2934.95,next,-60,1740355200,2025
VALID_RECORD,0,3057186,2938.62,1740358860,2938.63,2934.17,2934.89,next,60,1740355200,2025
VALID_RECORD,0,3471282,2857.71,1740787020,2858.13,2857.58,2857.82,previous,-60,1740960000,2025
TIMESTAMP_OUT_OF_YEAR,0,3471402,0.0,23925652199047297,0.0,0.0,1.44298401292e-312,previous,60,1740960000,2025
TIMESTAMP_OUT_OF_YEAR,0,3471471,6.06080193823933e-309,8070451921408648046,7.934519758972848e+191,2.121995792e-314,4.958814439180228e+173,signal,-60,1740960000,2025
VALID_RECORD,0,3471591,2860.48,1740963600,2861.84,2855.64,2856.18,signal,60,1740960000,2025
VALID_RECORD,0,3471531,2892.91,1740960000,2895.24,2855.64,2856.18,next,-60,1740960000,2025
VALID_RECORD,0,3471651,2866.33,1740963660,2866.49,2860.31,2860.58,next,60,1740960000,2025
VALID_RECORD,0,3554271,2893.11,1741046280,2893.78,2893.11,2893.62,previous,-60,1741046400,2025
TIMESTAMP_OUT_OF_YEAR,0,3554391,0.0,23925652199047297,0.0,0.0,1.44298401292e-312,previous,60,1741046400,2025
TIMESTAMP_OUT_OF_YEAR,0,3554460,6.138615523894026e-309,-576459365155969938,8.404338762830748e+191,2.121995792e-314,1.1545598387558386e+164,signal,-60,1741046400,2025
VALID_RECORD,0,3554580,2892.27,1741050000,2893.01,2891.85,2892.85,signal,60,1741046400,2025
VALID_RECORD,0,3554520,2918.14,1741046400,2927.81,2881.86,2892.85,next,-60,1741046400,2025
VALID_RECORD,0,3554640,2891.63,1741050060,2892.31,2891.51,2892.17,next,60,1741046400,2025
VALID_RECORD,0,3968676,2889.26,1741651080,2889.49,2889.08,2889.12,previous,-60,1741651200,2025
TIMESTAMP_OUT_OF_YEAR,0,3968796,0.0,23925652199047297,0.0,0.0,1.44298401292e-312,previous,60,1741651200,2025
TIMESTAMP_OUT_OF_YEAR,0,3968865,6.13038218022508e-309,-4899915008438277266,1.1981706324648809e+192,2.121995792e-314,1.761715361505952e+159,signal,-60,1741651200,2025
VALID_RECORD,0,3968985,2888.37,1741654800,2888.97,2888.13,2888.97,signal,60,1741651200,2025
VALID_RECORD,0,3968925,2915.52,1741651200,2922.09,2880.3,2888.97,next,-60,1741651200,2025
VALID_RECORD,0,3969045,2888.91,1741654860,2889.35,2888.25,2888.33,next,60,1741651200,2025
VALID_RECORD,0,4051485,2916.07,1741737420,2916.2,2915.9,2916.2,previous,-60,1741737600,2025
TIMESTAMP_OUT_OF_YEAR,0,4051605,0.0,23925652199047297,0.0,0.0,1.44298401292e-312,previous,60,1741737600,2025
TIMESTAMP_OUT_OF_YEAR,0,4051674,6.187442647044137e-309,-4899915008438277010,1.29213552100707e+192,2.121995792e-314,1.761715361505952e+159,signal,-60,1741737600,2025
VALID_RECORD,0,4051794,2915.7,1741741200,2915.86,2915.38,2915.86,signal,60,1741737600,2025
VALID_RECORD,0,4051734,2933.36,1741737600,2940.54,2906.09,2915.86,next,-60,1741737600,2025
VALID_RECORD,0,4051854,2915.66,1741741260,2915.87,2915.55,2915.74,next,60,1741737600,2025
VALID_RECORD,0,4134294,2933.13,1741823820,2933.61,2933.02,2933.47,previous,-60,1741824000,2025
TIMESTAMP_OUT_OF_YEAR,0,4134414,0.0,23925652199047297,0.0,0.0,1.44298401292e-312,previous,60,1741824000,2025
TIMESTAMP_OUT_OF_YEAR,0,4134483,6.2264873695979e-309,8070451921408650606,1.3860993217786499e+192,2.121995792e-314,4.958814439180228e+173,signal,-60,1741824000,2025
VALID_RECORD,0,4134603,2933.57,1741827600,2934.46,2933.47,2934.26,signal,60,1741824000,2025
VALID_RECORD,0,4134543,2988.91,1741824000,2989.26,2932.89,2934.26,next,-60,1741824000,2025
VALID_RECORD,0,4134663,2933.92,1741827660,2933.96,2933.25,2933.71,next,60,1741824000,2025
VALID_RECORD,0,4300272,2984.69,1741996680,2986.32,2984.59,2986.08,previous,-60,1742169600,2025
TIMESTAMP_OUT_OF_YEAR,0,4300392,0.0,23925652199047297,0.0,0.0,1.44298401292e-312,previous,60,1742169600,2025
TIMESTAMP_OUT_OF_YEAR,0,4300461,6.334199875947296e-309,3746996278126342510,1.7620197911015266e+192,2.121995792e-314,7.56653685601165e+168,signal,-60,1742169600,2025
VALID_RECORD,0,4300581,2984.68,1742173200,2985.04,2983.23,2985.02,signal,60,1742169600,2025
VALID_RECORD,0,4300521,3000.9,1742169600,3001.84,2982.25,2985.02,next,-60,1742169600,2025
VALID_RECORD,0,4300641,2984.22,1742173260,2986.33,2984.22,2984.64,next,60,1742169600,2025
VALID_RECORD,0,4383201,3000.91,1742255880,3001.43,3000.88,3001.43,previous,-60,1742256000,2025
TIMESTAMP_OUT_OF_YEAR,0,4383321,0.0,23925652199047297,0.0,0.0,1.44298401292e-312,previous,60,1742256000,2025
TIMESTAMP_OUT_OF_YEAR,0,4383390,6.367982048939463e-309,-576459365155966354,1.8560488581096638e+192,2.121995792e-314,1.1545598387558386e+164,signal,-60,1742256000,2025
VALID_RECORD,0,4383510,3001.65,1742259600,3001.71,3000.94,3000.94,signal,60,1742256000,2025
VALID_RECORD,0,4383450,3034.0,1742256000,3038.3,2999.34,3000.94,next,-60,1742256000,2025
VALID_RECORD,0,4383570,3001.47,1742259660,3001.94,3001.43,3001.77,next,60,1742256000,2025
VALID_RECORD,0,4466070,3033.98,1742342280,3034.12,3033.98,3034.05,previous,-60,1742342400,2025
TIMESTAMP_OUT_OF_YEAR,0,4466190,0.0,23925652199047297,0.0,0.0,1.44298401292e-312,previous,60,1742342400,2025
TIMESTAMP_OUT_OF_YEAR,0,4466259,6.43828376949414e-309,3746996278126343022,1.9500126588812436e+192,2.121995792e-314,7.56653685601165e+168,signal,-60,1742342400,2025
VALID_RECORD,0,4466379,3033.99,1742346000,3034.42,3033.78,3034.07,signal,60,1742342400,2025
VALID_RECORD,0,4466319,3047.17,1742342400,3052.1,3022.8,3034.07,next,-60,1742342400,2025
VALID_RECORD,0,4466439,3033.69,1742346060,3034.33,3033.53,3033.93,next,60,1742342400,2025
VALID_RECORD,0,4962744,3018.99,1743033420,3019.23,3018.81,3019.14,previous,-60,1743033600,2025
TIMESTAMP_OUT_OF_YEAR,0,4962864,0.0,23925652199047297,0.0,0.0,1.44298401292e-312,previous,60,1743033600,2025
TIMESTAMP_OUT_OF_YEAR,0,4962933,6.407069211409043e-309,3746996278126345070,3.12258913668017e+192,2.121995792e-314,7.56653685601165e+168,signal,-60,1743033600,2025
VALID_RECORD,0,4963053,3020.27,1743037200,3020.71,3019.03,3019.36,signal,60,1743033600,2025
VALID_RECORD,0,4962993,3056.65,1743033600,3059.88,3017.61,3019.36,next,-60,1743033600,2025
VALID_RECORD,0,4963113,3020.9,1743037260,3021.15,3020.43,3020.58,next,60,1743033600,2025
VALID_RECORD,0,5045673,3056.64,1743119880,3056.75,3056.49,3056.49,previous,-60,1743120000,2025
TIMESTAMP_OUT_OF_YEAR,0,5045793,0.0,23925652199047297,0.0,0.0,1.44298401292e-312,previous,60,1743120000,2025
TIMESTAMP_OUT_OF_YEAR,0,5045862,6.485858915127584e-309,3746996278126345326,3.3105167382233295e+192,2.121995792e-314,7.56653685601165e+168,signal,-60,1743120000,2025
VALID_RECORD,0,5045982,3055.88,1743123600,3056.76,3055.85,3056.49,signal,60,1743120000,2025
VALID_RECORD,0,5045922,3085.2,1743120000,3086.8,3054.2,3056.49,next,-60,1743120000,2025
VALID_RECORD,0,5046042,3056.23,1743123660,3056.46,3055.9,3055.91,next,60,1743120000,2025
VALID_RECORD,0,5128602,3085.26,1743206220,3085.26,3084.41,3084.54,previous,-60,1743379200,2025
TIMESTAMP_OUT_OF_YEAR,0,5128722,0.0,23925652199047297,0.0,0.0,1.44298401292e-312,previous,60,1743379200,2025
TIMESTAMP_OUT_OF_YEAR,0,5128791,6.54900950986671e-309,-576459365155963026,3.874440953032016e+192,2.121995792e-314,1.1545598387558386e+164,signal,-60,1743379200,2025
VALID_RECORD,0,5128911,3088.1,1743382800,3088.98,3085.95,3086.25,signal,60,1743379200,2025
VALID_RECORD,0,5128851,3123.95,1743379200,3127.97,3076.7,3086.25,next,-60,1743379200,2025
VALID_RECORD,0,5128971,3090.76,1743382860,3091.18,3087.97,3088.25,next,60,1743379200,2025
VALID_RECORD,0,5708445,2982.25,1744156620,2982.41,2982.25,2982.38,previous,-60,1744156800,2025
TIMESTAMP_OUT_OF_YEAR,0,5708565,0.0,23925652199047297,0.0,0.0,1.44298401292e-312,previous,60,1744156800,2025
TIMESTAMP_OUT_OF_YEAR,0,5708634,6.33082590263966e-309,4899917778706663790,6.569851693738405e+192,2.121995792e-314,4.101798582347074e+149,signal,-60,1744156800,2025
VALID_RECORD,0,5708754,2984.18,1744160400,2984.18,2982.62,2983.43,signal,60,1744156800,2025
VALID_RECORD,0,5708694,3082.93,1744156800,3099.51,2969.91,2983.43,next,-60,1744156800,2025
VALID_RECORD,0,5708814,2984.25,1744160460,2985.52,2983.9,2984.36,next,60,1744156800,2025
VALID_RECORD,0,5791134,3083.0,1744243020,3083.21,3080.03,3080.03,previous,-60,1744243200,2025
TIMESTAMP_OUT_OF_YEAR,0,5791254,0.0,23925652199047297,0.0,0.0,1.44298401292e-312,previous,60,1744243200,2025
TIMESTAMP_OUT_OF_YEAR,0,5791323,6.54408647963167e-309,576462135424354926,6.945789567391031e+192,2.121995792e-314,6.258836770246749e+144,signal,-60,1744243200,2025
VALID_RECORD,0,5791443,3081.08,1744246800,3083.94,3080.35,3083.93,signal,60,1744243200,2025
VALID_RECORD,0,5791383,3175.43,1744243200,3176.35,3071.43,3083.93,next,-60,1744243200,2025
VALID_RECORD,0,5791503,3081.75,1744246860,3082.79,3080.02,3081.12,next,60,1744243200,2025
VALID_RECORD,0,5873763,3175.76,1744329420,3176.02,3175.47,3175.94,previous,-60,1744329600,2025
TIMESTAMP_OUT_OF_YEAR,0,5873883,0.0,23925652199047297,0.0,0.0,1.44298401292e-312,previous,60,1744329600,2025
TIMESTAMP_OUT_OF_YEAR,0,5873952,6.738885693242283e-309,-9223370651720578194,7.321731792126093e+192,2.121995792e-314,2.688159513932752e+154,signal,-60,1744329600,2025
VALID_RECORD,0,5874072,3177.73,1744333200,3178.71,3175.55,3175.73,signal,60,1744329600,2025
VALID_RECORD,0,5874012,3237.9,1744329600,3245.37,3175.55,3175.73,next,-60,1744329600,2025
VALID_RECORD,0,5874132,3176.41,1744333260,3178.12,3176.29,3177.68,next,60,1744329600,2025
VALID_RECORD,0,6039141,3210.4,1744675020,3210.61,3210.27,3210.55,previous,-60,1744675200,2025
TIMESTAMP_OUT_OF_YEAR,0,6039261,0.0,23925652199047297,0.0,0.0,1.44298401292e-312,previous,60,1744675200,2025
TIMESTAMP_OUT_OF_YEAR,0,6039330,6.81413166398991e-309,-3746993507857952914,8.825478935654157e+192,2.121995792e-314,9.55020997009879e+139,signal,-60,1744675200,2025
VALID_RECORD,0,6039450,3211.97,1744678800,3212.08,3210.88,3211.19,signal,60,1744675200,2025
VALID_RECORD,0,6039390,3229.43,1744675200,3233.57,3210.01,3211.19,next,-60,1744675200,2025
VALID_RECORD,0,6039510,3212.51,1744678860,3212.62,3211.55,3211.93,next,60,1744675200,2025
VALID_RECORD,0,6121710,3229.82,1744761420,3230.38,3229.71,3230.34,previous,-60,1744761600,2025
TIMESTAMP_OUT_OF_YEAR,0,6121830,0.0,23925652199047297,0.0,0.0,1.44298401292e-312,previous,60,1744761600,2025
TIMESTAMP_OUT_OF_YEAR,0,6121899,6.854916423092264e-309,-9223370651720576914,9.27796108553405e+192,2.121995792e-314,2.688159513932752e+154,signal,-60,1744761600,2025
VALID_RECORD,0,6122019,3230.67,1744765200,3231.21,3230.18,3230.41,signal,60,1744761600,2025
VALID_RECORD,0,6121959,3343.01,1744761600,3343.14,3229.9,3230.41,next,-60,1744761600,2025
VALID_RECORD,0,6122079,3230.95,1744765260,3231.02,3230.25,3230.66,next,60,1744761600,2025
VALID_RECORD,0,6287028,3327.48,1744934220,3328.17,3327.32,3327.68,previous,-60,1745193600,2025
TIMESTAMP_OUT_OF_YEAR,0,6287148,0.0,23925652199047297,0.0,0.0,1.44298401292e-312,previous,60,1745193600,2025
TIMESTAMP_OUT_OF_YEAR,0,6287217,7.071890492718463e-309,4899917778706666862,1.3036922118146336e+193,2.121995792e-314,4.101798582347074e+149,signal,-60,1745193600,2025
VALID_RECORD,0,6287337,3331.85,1745197200,3333.67,3330.04,3332.66,signal,60,1745193600,2025
VALID_RECORD,0,6287277,3424.17,1745193600,3430.48,3328.9,3332.66,next,-60,1745193600,2025
VALID_RECORD,0,6287397,3333.4,1745197260,3333.87,3328.9,3331.84,next,60,1745193600,2025
VALID_RECORD,0,6535035,3288.3,1745452620,3288.72,3287.97,3288.62,previous,-60,1745452800,2025
TIMESTAMP_OUT_OF_YEAR,0,6535155,0.0,23925652199047297,0.0,0.0,1.44298401292e-312,previous,60,1745452800,2025
TIMESTAMP_OUT_OF_YEAR,0,6535224,6.978374138210623e-309,4899917778706667630,1.5292558062226963e+193,2.121995792e-314,4.101798582347074e+149,signal,-60,1745452800,2025
VALID_RECORD,0,6535344,3291.18,1745456400,3291.41,3288.52,3288.59,signal,60,1745452800,2025
VALID_RECORD,0,6535284,3348.43,1745452800,3367.61,3288.52,3288.59,next,-60,1745452800,2025
VALID_RECORD,0,6535404,3299.5,1745456460,3299.81,3291.19,3291.19,next,60,1745452800,2025
VALID_RECORD,0,6699513,3319.14,1745625420,3319.24,3318.0,3319.18,previous,-60,1745798400,2025
TIMESTAMP_OUT_OF_YEAR,0,6699633,0.0,23925652199047297,0.0,0.0,1.44298401292e-312,previous,60,1745798400,2025
TIMESTAMP_OUT_OF_YEAR,0,6699702,7.055254045717295e-309,4899917778706668654,1.835035963240715e+193,2.121995792e-314,4.101798582347074e+149,signal,-60,1745798400,2025
VALID_RECORD,0,6699822,3330.57,1745802000,3336.62,3324.68,3324.82,signal,60,1745798400,2025
VALID_RECORD,0,6699762,3344.14,1745798400,3352.97,3267.91,3324.82,next,-60,1745798400,2025
VALID_RECORD,0,6699882,3329.99,1745802060,3331.66,3327.27,3330.55,next,60,1745798400,2025
VALID_RECORD,0,7030149,3238.07,1746143820,3238.39,3237.18,3237.44,previous,-60,1746144000,2025
TIMESTAMP_OUT_OF_YEAR,0,7030269,0.0,23925652199047297,0.0,0.0,1.44298401292e-312,previous,60,1746144000,2025
TIMESTAMP_OUT_OF_YEAR,0,7030338,6.873823405589764e-309,-9223370651720572306,2.4365365610849156e+193,2.121995792e-314,2.688159513932752e+154,signal,-60,1746144000,2025
VALID_RECORD,0,7030458,3240.72,1746147600,3241.42,3239.14,3239.32,signal,60,1746144000,2025
VALID_RECORD,0,7030398,3240.93,1746144000,3269.25,3222.85,3239.32,next,-60,1746144000,2025
VALID_RECORD,0,7030518,3240.85,1746147660,3241.45,3240.6,3240.98,next,60,1746144000,2025
VALID_RECORD,0,7112898,3241.0,1746230280,3241.45,3240.66,3241.12,previous,-60,1746403200,2025
TIMESTAMP_OUT_OF_YEAR,0,7113018,0.0,23925652199047297,0.0,0.0,1.44298401292e-312,previous,60,1746403200,2025
TIMESTAMP_OUT_OF_YEAR,0,7113087,6.87530880264344e-309,4899917778706670958,2.887662009468066e+193,2.121995792e-314,4.101798582347074e+149,signal,-60,1746403200,2025
VALID_RECORD,0,7113207,3242.65,1746406800,3243.29,3239.07,3240.02,signal,60,1746403200,2025
VALID_RECORD,0,7113147,3333.71,1746403200,3337.57,3237.63,3240.02,next,-60,1746403200,2025
VALID_RECORD,0,7113267,3241.73,1746406860,3244.92,3239.75,3242.62,next,60,1746403200,2025
VALID_RECORD,0,7195587,3333.98,1746489420,3334.47,3333.64,3334.4,previous,-60,1746489600,2025
TIMESTAMP_OUT_OF_YEAR,0,7195707,0.0,23925652199047297,0.0,0.0,1.44298401292e-312,previous,60,1746489600,2025
TIMESTAMP_OUT_OF_YEAR,0,7195776,7.07806550047017e-309,-576459365155953042,3.038038899362091e+193,2.121995792e-314,1.1545598387558386e+164,signal,-60,1746489600,2025
VALID_RECORD,0,7195896,3336.01,1746493200,3337.29,3335.57,3335.57,signal,60,1746489600,2025
VALID_RECORD,0,7195836,3430.51,1746489600,3434.92,3323.38,3335.57,next,-60,1746489600,2025
VALID_RECORD,0,7195956,3336.73,1746493260,3336.86,3335.94,3336.04,next,60,1746489600,2025
VALID_RECORD,0,7609752,3234.28,1747094220,3234.71,3234.28,3234.46,previous,-60,1747094400,2025
TIMESTAMP_OUT_OF_YEAR,0,7609872,0.0,23925652199047297,0.0,0.0,1.44298401292e-312,previous,60,1747094400,2025
TIMESTAMP_OUT_OF_YEAR,0,7609941,6.8679666972067e-309,3746996278126357870,4.531377397081128e+193,2.121995792e-314,7.56653685601165e+168,signal,-60,1747094400,2025
VALID_RECORD,0,7610061,3239.3,1747098000,3241.04,3236.56,3236.56,signal,60,1747094400,2025
VALID_RECORD,0,7610001,3250.12,1747094400,3265.64,3215.86,3236.56,next,-60,1747094400,2025
VALID_RECORD,0,7610121,3239.31,1747098060,3239.99,3239.25,3239.29,next,60,1747094400,2025
VALID_RECORD,0,7775610,3178.14,1747267020,3178.44,3177.52,3177.61,previous,-60,1747267200,2025
TIMESTAMP_OUT_OF_YEAR,0,7775730,0.0,23925652199047297,0.0,0.0,1.44298401292e-312,previous,60,1747267200,2025
TIMESTAMP_OUT_OF_YEAR,0,7775799,6.742875045329297e-309,8070451921408667502,5.1328779949253284e+193,2.121995792e-314,4.958814439180228e+173,signal,-60,1747267200,2025
VALID_RECORD,0,7775919,3179.13,1747270800,3180.5,3177.22,3177.61,signal,60,1747267200,2025
VALID_RECORD,0,7775859,3239.97,1747267200,3240.62,3120.66,3177.61,next,-60,1747267200,2025
VALID_RECORD,0,7775979,3178.03,1747270860,3178.74,3176.97,3178.4,next,60,1747267200,2025
VALID_RECORD,0,7941528,3202.59,1747439820,3202.68,3200.63,3201.19,previous,-60,1747612800,2025
TIMESTAMP_OUT_OF_YEAR,0,7941648,0.0,23925652199047297,0.0,0.0,1.44298401292e-312,previous,60,1747612800,2025
TIMESTAMP_OUT_OF_YEAR,0,7941717,6.82692729860943e-309,8070451921408668526,6.335882671479679e+193,2.121995792e-314,4.958814439180228e+173,signal,-60,1747612800,2025
VALID_RECORD,0,7941837,3212.04,1747616400,3222.74,3210.07,3217.22,signal,60,1747612800,2025
VALID_RECORD,0,7941777,3229.75,1747612800,3249.78,3206.29,3217.22,next,-60,1747612800,2025
VALID_RECORD,0,7941897,3212.26,1747616460,3213.82,3206.29,3212.05,next,60,1747612800,2025
VALID_RECORD,0,8024517,3230.25,1747699080,3230.63,3230.13,3230.36,previous,-60,1747699200,2025
TIMESTAMP_OUT_OF_YEAR,0,8024637,0.0,23925652199047297,0.0,0.0,1.44298401292e-312,previous,60,1747699200,2025
TIMESTAMP_OUT_OF_YEAR,0,8024706,6.854810323302715e-309,8070451921408668782,6.6366329704017796e+193,2.121995792e-314,4.958814439180228e+173,signal,-60,1747699200,2025
VALID_RECORD,0,8024826,3229.39,1747702800,3231.14,3229.17,3230.36,signal,60,1747699200,2025
VALID_RECORD,0,8024766,3289.99,1747699200,3295.74,3204.62,3230.36,next,-60,1747699200,2025
VALID_RECORD,0,8024886,3228.02,1747702860,3229.36,3227.56,3229.36,next,60,1747699200,2025
VALID_RECORD,0,8107506,3289.8,1747785480,3290.2,3289.57,3290.15,previous,-60,1747785600,2025
TIMESTAMP_OUT_OF_YEAR,0,8107626,0.0,23925652199047297,0.0,0.0,1.44298401292e-312,previous,60,1747785600,2025
TIMESTAMP_OUT_OF_YEAR,0,8107695,6.981811771391987e-309,8070451921408669038,6.93738326932388e+193,2.121995792e-314,4.958814439180228e+173,signal,-60,1747785600,2025
VALID_RECORD,0,8107815,3291.65,1747789200,3291.78,3290.08,3290.21,signal,60,1747785600,2025
VALID_RECORD,0,8107755,3315.1,1747785600,3324.83,3285.33,3290.21,next,-60,1747785600,2025
VALID_RECORD,0,8107875,3290.88,1747789260,3291.76,3290.84,3291.61,next,60,1747785600,2025
VALID_RECORD,0,8273484,3294.68,1747958280,3294.74,3294.4,3294.53,previous,-60,1747958400,2025
TIMESTAMP_OUT_OF_YEAR,0,8273604,0.0,23925652199047297,0.0,0.0,1.44298401292e-312,previous,60,1747958400,2025
TIMESTAMP_OUT_OF_YEAR,0,8273673,6.99191247135698e-309,3746996278126360430,7.777862746140649e+193,2.121995792e-314,7.56653685601165e+168,signal,-60,1747958400,2025
VALID_RECORD,0,8273793,3295.99,1747962000,3296.61,3293.95,3294.97,signal,60,1747958400,2025
VALID_RECORD,0,8273733,3357.7,1747958400,3365.97,3286.95,3294.97,next,-60,1747958400,2025
VALID_RECORD,0,8273853,3296.18,1747962060,3296.36,3295.56,3295.87,next,60,1747958400,2025
VALID_RECORD,0,8596380,3288.75,1748476680,3288.82,3286.81,3286.81,previous,-60,1748476800,2025
TIMESTAMP_OUT_OF_YEAR,0,8596500,0.0,23925652199047297,0.0,0.0,1.44298401292e-312,previous,60,1748476800,2025
TIMESTAMP_OUT_OF_YEAR,0,8596569,6.975318464271633e-309,8070451921408671086,1.1386873294937751e+194,2.121995792e-314,4.958814439180228e+173,signal,-60,1748476800,2025
VALID_RECORD,0,8596689,3286.8,1748480400,3288.37,3286.41,3287.15,signal,60,1748476800,2025
VALID_RECORD,0,8596629,3317.47,1748476800,3331.11,3245.51,3287.15,next,-60,1748476800,2025
VALID_RECORD,0,8596749,3289.61,1748480460,3289.61,3286.36,3286.79,next,60,1748476800,2025
VALID_RECORD,0,8762298,3289.62,1748649420,3289.79,3288.83,3288.84,previous,-60,1748822400,2025
TIMESTAMP_OUT_OF_YEAR,0,8762418,0.0,23925652199047297,0.0,0.0,1.44298401292e-312,previous,60,1748822400,2025
TIMESTAMP_OUT_OF_YEAR,0,8762487,7.00046411439457e-309,8070451921408672366,1.3792604178770475e+194,2.121995792e-314,4.958814439180228e+173,signal,-60,1748822400,2025
VALID_RECORD,0,8762607,3298.63,1748826000,3299.64,3295.7,3299.0,signal,60,1748822400,2025
VALID_RECORD,0,8762547,3381.61,1748822400,3382.89,3295.7,3299.0,next,-60,1748822400,2025
VALID_RECORD,0,8762667,3304.86,1748826060,3304.95,3298.47,3298.71,next,60,1748822400,2025
VALID_RECORD,0,8928276,3353.35,1748995080,3353.45,3353.22,3353.28,previous,-60,1748995200,2025
TIMESTAMP_OUT_OF_YEAR,0,8928396,0.0,23925652199047297,0.0,0.0,1.44298401292e-312,previous,60,1748995200,2025
TIMESTAMP_OUT_OF_YEAR,0,8928465,7.11736486251885e-309,8070451921408672878,1.5391400772526728e+194,2.121995792e-314,4.958814439180228e+173,signal,-60,1748995200,2025
VALID_RECORD,0,8928585,3355.84,1748998800,3355.87,3353.9,3354.09,signal,60,1748995200,2025
VALID_RECORD,0,8928525,3372.13,1748995200,3384.72,3343.74,3354.09,next,-60,1748995200,2025
VALID_RECORD,0,8928645,3355.43,1748998860,3355.97,3354.92,3355.86,next,60,1748995200,2025
VALID_RECORD,0,9343161,3322.46,1749599880,3323.02,3322.46,3322.55,previous,-60,1749600000,2025
TIMESTAMP_OUT_OF_YEAR,0,9343281,0.0,23925652199047297,0.0,0.0,1.44298401292e-312,previous,60,1749600000,2025
TIMESTAMP_OUT_OF_YEAR,0,9343350,7.050861514429997e-309,8070451921408674670,2.3812033208822966e+194,2.121995792e-314,4.958814439180228e+173,signal,-60,1749600000,2025
VALID_RECORD,0,9343470,3321.23,1749603600,3323.15,3321.05,3322.75,signal,60,1749600000,2025
VALID_RECORD,0,9343410,3355.12,1749600000,3360.72,3315.54,3322.75,next,-60,1749600000,2025
VALID_RECORD,0,9343530,3321.27,1749603660,3322.09,3320.91,3321.24,next,60,1749600000,2025
VALID_RECORD,0,9426150,3354.94,1749686280,3355.5,3354.85,3355.47,previous,-60,1749686400,2025
TIMESTAMP_OUT_OF_YEAR,0,9426270,0.0,23925652199047297,0.0,0.0,1.44298401292e-312,previous,60,1749686400,2025
TIMESTAMP_OUT_OF_YEAR,0,9426339,7.122542532248804e-309,8070451921408674926,2.5015034404511367e+194,2.121995792e-314,4.958814439180228e+173,signal,-60,1749686400,2025
VALID_RECORD,0,9426459,3358.51,1749690000,3358.9,3356.29,3356.53,signal,60,1749686400,2025
VALID_RECORD,0,9426399,3386.24,1749686400,3398.92,3338.66,3356.53,next,-60,1749686400,2025
VALID_RECORD,0,9426519,3359.16,1749690060,3359.25,3357.19,3358.45,next,60,1749686400,2025
VALID_RECORD,0,9509139,3386.75,1749772680,3386.75,3385.84,3385.84,previous,-60,1749772800,2025
TIMESTAMP_OUT_OF_YEAR,0,9509259,0.0,23925652199047297,0.0,0.0,1.44298401292e-312,previous,60,1749772800,2025
TIMESTAMP_OUT_OF_YEAR,0,9509328,7.185417267535105e-309,3746996278126366062,2.6218035600199768e+194,2.121995792e-314,7.56653685601165e+168,signal,-60,1749772800,2025
VALID_RECORD,0,9509448,3386.51,1749776400,3386.59,3385.23,3386.16,signal,60,1749772800,2025
VALID_RECORD,0,9509388,3433.08,1749772800,3446.79,3379.57,3386.16,next,-60,1749772800,2025
VALID_RECORD,0,9509508,3385.99,1749776460,3386.52,3385.6,3386.41,next,60,1749772800,2025
VALID_RECORD,0,10163931,3322.93,1750809480,3323.25,3322.82,3323.0,previous,-60,1750809600,2025
TIMESTAMP_OUT_OF_YEAR,0,10164051,0.0,23925652199047297,0.0,0.0,1.44298401292e-312,previous,60,1750809600,2025
TIMESTAMP_OUT_OF_YEAR,0,10164120,7.05385352849526e-309,8070451921408678254,5.210903688269107e+194,2.121995792e-314,4.958814439180228e+173,signal,-60,1750809600,2025
VALID_RECORD,0,10164240,3324.55,1750813200,3325.2,3323.99,3324.16,signal,60,1750809600,2025
VALID_RECORD,0,10164180,3332.04,1750809600,3337.14,3311.93,3324.16,next,-60,1750809600,2025
VALID_RECORD,0,10164300,3324.25,1750813260,3324.51,3323.91,3324.51,next,60,1750809600,2025
VALID_RECORD,0,10412838,3274.37,1751068620,3274.81,3273.57,3274.72,previous,-60,1751241600,2025
TIMESTAMP_OUT_OF_YEAR,0,10412958,0.0,23925652199047297,0.0,0.0,1.44298401292e-312,previous,60,1751241600,2025
TIMESTAMP_OUT_OF_YEAR,0,10413027,6.94565296311394e-309,8070451921408679534,6.987791097804774e+194,2.121995792e-314,4.958814439180228e+173,signal,-60,1751241600,2025
VALID_RECORD,0,10413147,3281.22,1751245200,3281.8,3273.14,3273.17,signal,60,1751241600,2025
VALID_RECORD,0,10413087,3302.72,1751241600,3309.46,3249.15,3273.17,next,-60,1751241600,2025
VALID_RECORD,0,10413207,3276.86,1751245260,3281.14,3276.65,3281.14,next,60,1751241600,2025
VALID_RECORD,0,10495827,3302.79,1751327880,3303.41,3302.79,3303.02,previous,-60,1751328000,2025
TIMESTAMP_OUT_OF_YEAR,0,10495947,0.0,23925652199047297,0.0,0.0,1.44298401292e-312,previous,60,1751328000,2025
TIMESTAMP_OUT_OF_YEAR,0,10496016,7.009949435580186e-309,8070451921408680302,7.468991576080135e+194,2.121995792e-314,4.958814439180228e+173,signal,-60,1751328000,2025
VALID_RECORD,0,10496136,3303.16,1751331600,3304.0,3303.01,3303.47,signal,60,1751328000,2025
VALID_RECORD,0,10496076,3338.38,1751328000,3357.98,3302.36,3303.47,next,-60,1751328000,2025
VALID_RECORD,0,10496196,3302.88,1751331660,3303.14,3302.43,3303.12,next,60,1751328000,2025
VALID_RECORD,0,10578816,3338.82,1751414280,3339.0,3338.78,3338.87,previous,-60,1751414400,2025
TIMESTAMP_OUT_OF_YEAR,0,10578936,0.0,23925652199047297,0.0,0.0,1.44298401292e-312,previous,60,1751414400,2025
TIMESTAMP_OUT_OF_YEAR,0,10579005,7.085237846243634e-309,8070451921408680558,7.950192054355495e+194,2.121995792e-314,4.958814439180228e+173,signal,-60,1751414400,2025
VALID_RECORD,0,10579125,3337.98,1751418000,3339.34,3336.56,3338.95,signal,60,1751414400,2025
VALID_RECORD,0,10579065,3357.52,1751414400,3360.1,3327.54,3338.95,next,-60,1751414400,2025
VALID_RECORD,0,10579185,3337.82,1751418060,3338.03,3337.01,3337.99,next,60,1751414400,2025
VALID_RECORD,0,11062410,3313.63,1752105480,3313.78,3313.24,3313.78,previous,-60,1752105600,2025
TIMESTAMP_OUT_OF_YEAR,0,11062530,0.0,23925652199047297,0.0,0.0,1.44298401292e-312,previous,60,1752105600,2025
TIMESTAMP_OUT_OF_YEAR,0,11062599,7.03229405125905e-309,8070451921408682606,1.1919810612630172e+195,2.121995792e-314,4.958814439180228e+173,signal,-60,1752105600,2025
VALID_RECORD,0,11062719,3314.25,1752109200,3314.83,3313.28,3314.0,signal,60,1752105600,2025
VALID_RECORD,0,11062659,3323.87,1752105600,3330.27,3310.03,3314.0,next,-60,1752105600,2025
VALID_RECORD,0,11062779,3315.32,1752109260,3315.44,3313.49,3314.24,next,60,1752105600,2025
VALID_RECORD,0,11145399,3323.94,1752191880,3324.39,3323.94,3324.39,previous,-60,1752192000,2025
TIMESTAMP_OUT_OF_YEAR,0,11145519,0.0,23925652199047297,0.0,0.0,1.44298401292e-312,previous,60,1752192000,2025
TIMESTAMP_OUT_OF_YEAR,0,11145588,7.054511347190457e-309,8070451921408682862,1.2882211569180893e+195,2.121995792e-314,4.958814439180228e+173,signal,-60,1752192000,2025
VALID_RECORD,0,11145708,3325.09,1752195600,3325.22,3324.22,3324.47,signal,60,1752192000,2025
VALID_RECORD,0,11145648,3355.5,1752192000,3368.7,3321.87,3324.47,next,-60,1752192000,2025
VALID_RECORD,0,11145768,3325.17,1752195660,3325.43,3324.93,3325.13,next,60,1752192000,2025
VALID_RECORD,0,11560344,3339.03,1752796680,3339.13,3338.66,3338.71,previous,-60,1752796800,2025
TIMESTAMP_OUT_OF_YEAR,0,11560464,0.0,23925652199047297,0.0,0.0,1.44298401292e-312,previous,60,1752796800,2025
TIMESTAMP_OUT_OF_YEAR,0,11560533,7.0884632798459e-309,3746996278126375534,1.961902940380698e+195,2.121995792e-314,7.56653685601165e+168,signal,-60,1752796800,2025
VALID_RECORD,0,11560653,3339.96,1752800400,3341.57,3339.78,3340.47,signal,60,1752796800,2025
VALID_RECORD,0,11560593,3349.99,1752796800,3361.25,3331.83,3340.47,next,-60,1752796800,2025
VALID_RECORD,0,11560713,3341.04,1752800460,3341.7,3339.91,3339.91,next,60,1752796800,2025
VALID_RECORD,0,11643273,3350.26,1752883020,3350.55,3350.02,3350.26,previous,-60,1753056000,2025
TIMESTAMP_OUT_OF_YEAR,0,11643393,0.0,23925652199047297,0.0,0.0,1.44298401292e-312,previous,60,1753056000,2025
TIMESTAMP_OUT_OF_YEAR,0,11643462,7.10796442116487e-309,8070451921408685422,2.2506232273459142e+195,2.121995792e-314,4.958814439180228e+173,signal,-60,1753056000,2025
VALID_RECORD,0,11643582,3349.11,1753059600,3350.24,3348.63,3349.66,signal,60,1753056000,2025
VALID_RECORD,0,11643522,3396.65,1753056000,3401.51,3345.02,3349.66,next,-60,1753056000,2025
VALID_RECORD,0,11643642,3349.93,1753059660,3350.73,3348.83,3349.12,next,60,1753056000,2025
VALID_RECORD,0,11726262,3397.02,1753142280,3397.58,3396.92,3397.56,previous,-60,1753142400,2025
TIMESTAMP_OUT_OF_YEAR,0,11726382,0.0,23925652199047297,0.0,0.0,1.44298401292e-312,previous,60,1753142400,2025
TIMESTAMP_OUT_OF_YEAR,0,11726451,7.209268500225555e-309,8070451921408685678,2.3577570497794085e+195,2.121995792e-314,4.958814439180228e+173,signal,-60,1753142400,2025
VALID_RECORD,0,11726571,3398.4,1753146000,3398.48,3397.27,3397.4,signal,60,1753142400,2025
VALID_RECORD,0,11726511,3431.49,1753142400,3433.44,3383.34,3397.4,next,-60,1753142400,2025
VALID_RECORD,0,11726631,3398.97,1753146060,3399.13,3398.43,3398.43,next,60,1753142400,2025
VALID_RECORD,0,12389994,3290.04,1754006280,3290.47,3290.01,3290.35,previous,-60,1754006400,2025
TIMESTAMP_OUT_OF_YEAR,0,12390114,0.0,23925652199047297,0.0,0.0,1.44298401292e-312,previous,60,1754006400,2025
TIMESTAMP_OUT_OF_YEAR,0,12390183,6.982512030003006e-309,3746996278126379375,4.2824965857630313e+195,2.121995792e-314,7.56653685601165e+168,signal,-60,1754006400,2025
VALID_RECORD,0,12390303,3290.08,1754010000,3291.14,3289.96,3290.54,signal,60,1754006400,2025
VALID_RECORD,0,12390243,3362.85,1754006400,3363.44,3281.63,3290.54,next,-60,1754006400,2025
VALID_RECORD,0,12390363,3289.88,1754010060,3290.45,3288.93,3290.06,next,60,1754006400,2025
VALID_RECORD,0,12472923,3362.97,1754092620,3363.07,3362.2,3362.54,previous,-60,1754265600,2025
TIMESTAMP_OUT_OF_YEAR,0,12473043,0.0,23925652199047297,0.0,0.0,1.44298401292e-312,previous,60,1754265600,2025
TIMESTAMP_OUT_OF_YEAR,0,12473112,7.14183147398868e-309,8070451921408689263,5.047770273130421e+195,2.121995792e-314,4.958814439180228e+173,signal,-60,1754265600,2025
VALID_RECORD,0,12473232,3366.3,1754269200,3369.27,3364.71,3365.62,signal,60,1754265600,2025
VALID_RECORD,0,12473172,3373.82,1754265600,3385.43,3345.0,3365.62,next,-60,1754265600,2025
VALID_RECORD,0,12473292,3362.97,1754269260,3366.25,3362.88,3365.97,next,60,1754265600,2025
VALID_RECORD,0,12721890,3369.31,1754524680,3369.41,3368.73,3368.98,previous,-60,1754524800,2025
TIMESTAMP_OUT_OF_YEAR,0,12722010,0.0,23925652199047297,0.0,0.0,1.44298401292e-312,previous,60,1754524800,2025
TIMESTAMP_OUT_OF_YEAR,0,12722079,7.150701416394913e-309,8070451921408690031,6.202655876499702e+195,2.121995792e-314,4.958814439180228e+173,signal,-60,1754524800,2025
VALID_RECORD,0,12722199,3370.9,1754528400,3371.65,3369.49,3369.8,signal,60,1754524800,2025
VALID_RECORD,0,12722139,3396.47,1754524800,3401.97,3365.26,3369.8,next,-60,1754524800,2025
VALID_RECORD,0,12722259,3371.76,1754528460,3372.61,3370.78,3371.6,next,60,1754524800,2025
VALID_RECORD,0,13468251,3315.57,1755647880,3315.57,3315.09,3315.31,previous,-60,1755648000,2025
TIMESTAMP_OUT_OF_YEAR,0,13468371,0.0,23925652199047297,0.0,0.0,1.44298401292e-312,previous,60,1755648000,2025
TIMESTAMP_OUT_OF_YEAR,0,13468440,7.036877562167536e-309,8070451921408693359,1.307036767216932e+196,2.121995792e-314,4.958814439180228e+173,signal,-60,1755648000,2025
VALID_RECORD,0,13468560,3316.98,1755651600,3317.27,3316.08,3316.16,signal,60,1755648000,2025
VALID_RECORD,0,13468500,3348.35,1755648000,3350.24,3311.5,3316.16,next,-60,1755648000,2025
VALID_RECORD,0,13468620,3316.74,1755651660,3316.83,3315.97,3316.81,next,60,1755648000,2025
VALID_RECORD,0,13634229,3338.56,1755820680,3338.65,3338.37,3338.56,previous,-60,1755820800,2025
TIMESTAMP_OUT_OF_YEAR,0,13634349,0.0,23925652199047297,0.0,0.0,1.44298401292e-312,previous,60,1755820800,2025
TIMESTAMP_OUT_OF_YEAR,0,13634418,7.0860442046442e-309,3746996278126384751,1.461019138061681e+196,2.121995792e-314,7.56653685601165e+168,signal,-60,1755820800,2025
VALID_RECORD,0,13634538,3339.23,1755824400,3339.38,3338.77,3339.33,signal,60,1755820800,2025
VALID_RECORD,0,13634478,3371.88,1755820800,3378.81,3321.45,3339.33,next,-60,1755820800,2025
VALID_RECORD,0,13634598,3338.36,1755824460,3339.18,3338.23,3338.98,next,60,1755820800,2025
VALID_RECORD,0,13800147,3365.67,1756166280,3365.69,3365.43,3365.43,previous,-60,1756166400,2025
TIMESTAMP_OUT_OF_YEAR,0,13800267,0.0,23925652199047297,0.0,0.0,1.44298401292e-312,previous,60,1756166400,2025
TIMESTAMP_OUT_OF_YEAR,0,13800336,7.14242563281015e-309,8070451921408694895,1.7689856619545455e+196,2.121995792e-314,4.958814439180228e+173,signal,-60,1756166400,2025
VALID_RECORD,0,13800456,3365.98,1756170000,3366.16,3365.75,3365.9,signal,60,1756166400,2025
VALID_RECORD,0,13800396,3393.47,1756166400,3393.63,3351.32,3365.9,next,-60,1756166400,2025
VALID_RECORD,0,13800516,3365.65,1756170060,3366.1,3365.3,3365.97,next,60,1756166400,2025
VALID_RECORD,0,13883136,3393.57,1756252680,3393.63,3393.26,3393.48,previous,-60,1756252800,2025
TIMESTAMP_OUT_OF_YEAR,0,13883256,0.0,23925652199047297,0.0,0.0,1.44298401292e-312,previous,60,1756252800,2025
TIMESTAMP_OUT_OF_YEAR,0,13883325,7.20165053533599e-309,8070451921408695151,1.84597684737692e+196,2.121995792e-314,4.958814439180228e+173,signal,-60,1756252800,2025
VALID_RECORD,0,13883445,3394.25,1756256400,3394.31,3393.34,3393.81,signal,60,1756252800,2025
VALID_RECORD,0,13883385,3397.31,1756252800,3398.87,3373.74,3393.81,next,-60,1756252800,2025
VALID_RECORD,0,13883505,3392.19,1756256460,3394.38,3392.16,3394.21,next,60,1756252800,2025
VALID_RECORD,0,13966125,3397.34,1756339080,3397.43,3396.97,3397.35,previous,-60,1756339200,2025
TIMESTAMP_OUT_OF_YEAR,0,13966245,0.0,23925652199047297,0.0,0.0,1.44298401292e-312,previous,60,1756339200,2025
TIMESTAMP_OUT_OF_YEAR,0,13966314,7.2095867995942e-309,8070451921408695407,1.977160388620538e+196,2.121995792e-314,4.958814439180228e+173,signal,-60,1756339200,2025
VALID_RECORD,0,13966434,3398.81,1756342800,3399.09,3397.55,3397.55,signal,60,1756339200,2025
VALID_RECORD,0,13966374,3416.66,1756339200,3423.09,3384.56,3397.55,next,-60,1756339200,2025
VALID_RECORD,0,13966494,3398.52,1756342860,3399.11,3397.8,3398.76,next,60,1756339200,2025
VALID_RECORD,0,14049114,3417.04,1756425480,3417.16,3416.82,3416.93,previous,-60,1756425600,2025
TIMESTAMP_OUT_OF_YEAR,0,14049234,0.0,23925652199047297,0.0,0.0,1.44298401292e-312,previous,60,1756425600,2025
TIMESTAMP_OUT_OF_YEAR,0,14049303,7.25166597612904e-309,8070451921408695663,2.131142759465287e+196,2.121995792e-314,4.958814439180228e+173,signal,-60,1756425600,2025
VALID_RECORD,0,14049423,3417.73,1756429200,3417.83,3417.15,3417.38,signal,60,1756425600,2025
VALID_RECORD,0,14049363,3447.94,1756425600,3453.85,3404.31,3417.38,next,-60,1756425600,2025
VALID_RECORD,0,14049483,3417.65,1756429260,3417.95,3416.51,3417.72,next,60,1756425600,2025
VALID_RECORD,0,14132103,3447.74,1756511880,3448.37,3447.42,3448.32,previous,-60,1756684800,2025
TIMESTAMP_OUT_OF_YEAR,0,14132223,0.0,23925652199047297,0.0,0.0,1.44298401292e-312,previous,60,1756684800,2025
TIMESTAMP_OUT_OF_YEAR,0,14132292,7.314201192088787e-309,2594074648697053551,2.5930845253894352e+196,2.121995792e-314,-1.3954709651130442e+188,signal,-60,1756684800,2025
VALID_RECORD,0,14132412,3445.59,1756688400,3447.15,3445.03,3446.85,signal,60,1756684800,2025
VALID_RECORD,0,14132352,3476.35,1756684800,3489.9,3437.09,3446.85,next,-60,1756684800,2025
VALID_RECORD,0,14132472,3444.46,1756688460,3446.74,3443.21,3445.58,next,60,1756684800,2025
VALID_RECORD,0,14207592,3476.32,1756763700,3476.47,3476.22,3476.34,previous,-60,1756771200,2025
TIMESTAMP_OUT_OF_YEAR,0,14207712,0.0,23925652199047297,0.0,0.0,1.44298401292e-312,previous,60,1756771200,2025
TIMESTAMP_OUT_OF_YEAR,0,14207781,7.3793040229556e-309,8070451921408696943,2.747068678437551e+196,2.121995792e-314,4.958814439180228e+173,signal,-60,1756771200,2025
VALID_RECORD,0,14207901,3475.97,1756774800,3477.61,3475.23,3477.53,signal,60,1756771200,2025
VALID_RECORD,0,14207841,3533.35,1756771200,3540.04,3470.19,3477.53,next,-60,1756771200,2025
VALID_RECORD,0,14207961,3476.43,1756774860,3476.59,3475.21,3475.65,next,60,1756771200,2025
VALID_RECORD,0,14290581,3533.55,1756857480,3533.94,3533.4,3533.92,previous,-60,1756857600,2025
TIMESTAMP_OUT_OF_YEAR,0,14290701,0.0,23925652199047297,0.0,0.0,1.44298401292e-312,previous,60,1756857600,2025
TIMESTAMP_OUT_OF_YEAR,0,14290770,7.497668948175645e-309,8070451921408697199,2.9010510492823e+196,2.121995792e-314,4.958814439180228e+173,signal,-60,1756857600,2025
VALID_RECORD,0,14290890,3531.55,1756861200,3533.53,3531.1,3533.31,signal,60,1756857600,2025
VALID_RECORD,0,14290830,3559.46,1756857600,3578.41,3526.33,3533.31,next,-60,1756857600,2025
VALID_RECORD,0,14290950,3531.9,1756861260,3532.65,3531.32,3531.58,next,60,1756857600,2025
VALID_RECORD,0,14456559,3545.74,1757030280,3545.79,3545.44,3545.56,previous,-60,1757030400,2025
TIMESTAMP_OUT_OF_YEAR,0,14456679,0.0,23925652199047297,0.0,0.0,1.44298401292e-312,previous,60,1757030400,2025
TIMESTAMP_OUT_OF_YEAR,0,14456748,7.52597637202712e-309,3746996278126388591,3.2090157909717982e+196,2.121995792e-314,7.56653685601165e+168,signal,-60,1757030400,2025
VALID_RECORD,0,14456868,3544.46,1757034000,3546.65,3543.97,3546.65,signal,60,1757030400,2025
VALID_RECORD,0,14456808,3586.62,1757030400,3600.17,3540.05,3546.65,next,-60,1757030400,2025
VALID_RECORD,0,14456928,3544.83,1757034060,3544.98,3543.92,3543.95,next,60,1757030400,2025
VALID_RECORD,0,14539488,3586.58,1757116620,3586.68,3586.32,3586.67,previous,-60,1757289600,2025
TIMESTAMP_OUT_OF_YEAR,0,14539608,0.0,23925652199047297,0.0,0.0,1.44298401292e-312,previous,60,1757289600,2025
TIMESTAMP_OUT_OF_YEAR,0,14539677,7.596766151613723e-309,8070451921408698479,3.670952210285848e+196,2.121995792e-314,4.958814439180228e+173,signal,-60,1757289600,2025
VALID_RECORD,0,14539797,3583.99,1757293200,3589.45,3577.69,3580.01,signal,60,1757289600,2025
VALID_RECORD,0,14539737,3636.35,1757289600,3646.41,3577.69,3580.01,next,-60,1757289600,2025
VALID_RECORD,0,14539857,3589.24,1757293260,3589.9,3583.6,3584.55,next,60,1757289600,2025
VALID_RECORD,0,14871444,3633.92,1757635080,3633.92,3633.25,3633.48,previous,-60,1757635200,2025
TIMESTAMP_OUT_OF_YEAR,0,14871564,0.0,23925652199047297,0.0,0.0,1.44298401292e-312,previous,60,1757635200,2025
TIMESTAMP_OUT_OF_YEAR,0,14871633,7.71126904449421e-309,3746996278126390383,4.836215597780319e+196,2.121995792e-314,7.56653685601165e+168,signal,-60,1757635200,2025
VALID_RECORD,0,14871753,3634.55,1757638800,3634.65,3633.49,3633.97,signal,60,1757635200,2025
VALID_RECORD,0,14871693,3643.33,1757635200,3656.62,3630.48,3633.97,next,-60,1757635200,2025
VALID_RECORD,0,14871813,3634.8,1757638860,3634.83,3634.4,3634.67,next,60,1757635200,2025
VALID_RECORD,0,14954373,3643.62,1757721420,3643.86,3642.65,3642.71,previous,-60,1757894400,2025
TIMESTAMP_OUT_OF_YEAR,0,14954493,0.0,23925652199047297,0.0,0.0,1.44298401292e-312,previous,60,1757894400,2025
TIMESTAMP_OUT_OF_YEAR,0,14954562,7.73314682109906e-309,8070451921408700271,5.760170417763266e+196,2.121995792e-314,4.958814439180228e+173,signal,-60,1757894400,2025
VALID_RECORD,0,14954682,3644.98,1757898000,3645.48,3643.52,3644.28,signal,60,1757894400,2025
VALID_RECORD,0,14954622,3679.38,1757894400,3685.56,3626.62,3644.28,next,-60,1757894400,2025
VALID_RECORD,0,14954742,3645.33,1757898060,3645.97,3644.96,3645.04,next,60,1757894400,2025
VALID_RECORD,0,15037362,3678.8,1757980680,3679.38,3678.77,3678.95,previous,-60,1757980800,2025
TIMESTAMP_OUT_OF_YEAR,0,15037482,0.0,23925652199047297,0.0,0.0,1.44298401292e-312,previous,60,1757980800,2025
TIMESTAMP_OUT_OF_YEAR,0,15037551,7.809284030078895e-309,8070451921408700527,6.068135159452764e+196,2.121995792e-314,4.958814439180228e+173,signal,-60,1757980800,2025
VALID_RECORD,0,15037671,3680.88,1757984400,3680.97,3680.06,3680.16,signal,60,1757980800,2025
VALID_RECORD,0,15037611,3690.06,1757980800,3703.2,3674.75,3680.16,next,-60,1757980800,2025
VALID_RECORD,0,15037731,3680.36,1757984460,3681.18,3679.76,3680.92,next,60,1757980800,2025
VALID_RECORD,0,15286149,3644.32,1758239880,3644.57,3643.98,3644.01,previous,-60,1758240000,2025
TIMESTAMP_OUT_OF_YEAR,0,15286269,0.0,23925652199047297,0.0,0.0,1.44298401292e-312,previous,60,1758240000,2025
TIMESTAMP_OUT_OF_YEAR,0,15286338,7.73185240366657e-309,3746996278126392175,6.992032948927991e+196,2.121995792e-314,7.56653685601165e+168,signal,-60,1758240000,2025
VALID_RECORD,0,15286458,3643.86,1758243600,3644.13,3643.57,3643.67,signal,60,1758240000,2025
VALID_RECORD,0,15286398,3685.13,1758240000,3685.75,3632.3,3643.67,next,-60,1758240000,2025
VALID_RECORD,0,15286518,3643.54,1758243660,3644.03,3643.54,3643.93,next,60,1758240000,2025
VALID_RECORD,0,15369078,3685.66,1758326220,3685.75,3684.9,3684.98,previous,-60,1758499200,2025
TIMESTAMP_OUT_OF_YEAR,0,15369198,0.0,23925652199047297,0.0,0.0,1.44298401292e-312,previous,60,1758499200,2025
TIMESTAMP_OUT_OF_YEAR,0,15369267,7.82488069914249e-309,8070451921408702063,8.356758768894232e+196,2.121995792e-314,4.958814439180228e+173,signal,-60,1758499200,2025
VALID_RECORD,0,15369387,3685.19,1758502800,3687.62,3685.15,3687.51,signal,60,1758499200,2025
VALID_RECORD,0,15369327,3746.21,1758499200,3748.8,3683.81,3687.51,next,-60,1758499200,2025
VALID_RECORD,0,15369447,3686.19,1758502860,3686.2,3683.98,3685.11,next,60,1758499200,2025
VALID_RECORD,0,15452067,3746.84,1758585480,3747.07,3746.83,3746.94,previous,-60,1758585600,2025
TIMESTAMP_OUT_OF_YEAR,0,15452187,0.0,23925652199047297,0.0,0.0,1.44298401292e-312,previous,60,1758585600,2025
TIMESTAMP_OUT_OF_YEAR,0,15452256,7.94901745291396e-309,8070451921408702319,8.972688252273229e+196,2.121995792e-314,4.958814439180228e+173,signal,-60,1758585600,2025
VALID_RECORD,0,15452376,3745.26,1758589200,3746.02,3745.2,3746.01,signal,60,1758585600,2025
VALID_RECORD,0,15452316,3764.18,1758585600,3791.09,3736.68,3746.01,next,-60,1758585600,2025
VALID_RECORD,0,15452436,3746.46,1758589260,3746.46,3745.15,3745.27,next,60,1758585600,2025
VALID_RECORD,0,15701034,3749.33,1758844680,3749.7,3749.33,3749.65,previous,-60,1758844800,2025
TIMESTAMP_OUT_OF_YEAR,0,15701154,0.0,23925652199047297,0.0,0.0,1.44298401292e-312,previous,60,1758844800,2025
TIMESTAMP_OUT_OF_YEAR,0,15701223,7.95854521401539e-309,3746996278126393967,1.0820483831223683e+197,2.121995792e-314,7.56653685601165e+168,signal,-60,1758844800,2025
VALID_RECORD,0,15701343,3748.83,1758848400,3751.23,3748.83,3750.5,signal,60,1758844800,2025
VALID_RECORD,0,15701283,3759.49,1758844800,3783.78,3734.49,3750.5,next,-60,1758844800,2025
VALID_RECORD,0,15701403,3748.21,1758848460,3749.13,3747.56,3748.82,next,60,1758844800,2025
VALID_RECORD,0,15783963,3760.9,1758931020,3760.93,3760.48,3760.64,previous,-60,1759104000,2025
TIMESTAMP_OUT_OF_YEAR,0,15784083,0.0,23925652199047297,0.0,0.0,1.44298401292e-312,previous,60,1759104000,2025
TIMESTAMP_OUT_OF_YEAR,0,15784152,7.971850127624744e-309,8070451921408703855,1.2668364955935717e+197,2.121995792e-314,4.958814439180228e+173,signal,-60,1759104000,2025
VALID_RECORD,0,15784272,3761.19,1759107600,3761.69,3756.49,3756.77,signal,60,1759104000,2025
VALID_RECORD,0,15784212,3833.48,1759104000,3834.08,3756.49,3756.77,next,-60,1759104000,2025
VALID_RECORD,0,15784332,3763.97,1759107660,3765.45,3761.08,3761.08,next,60,1759104000,2025
VALID_RECORD,0,15866952,3833.85,1759190280,3834.08,3833.76,3833.83,previous,-60,1759190400,2025
TIMESTAMP_OUT_OF_YEAR,0,15867072,0.0,23925652199047297,0.0,0.0,1.44298401292e-312,previous,60,1759190400,2025
TIMESTAMP_OUT_OF_YEAR,0,15867141,8.13344010710675e-309,8070451921408704111,1.3284301568128179e+197,2.121995792e-314,4.958814439180228e+173,signal,-60,1759190400,2025
VALID_RECORD,0,15867261,3830.69,1759194000,3833.66,3830.48,3832.92,signal,60,1759190400,2025
VALID_RECORD,0,15867201,3858.93,1759190400,3871.64,3793.19,3832.92,next,-60,1759190400,2025
VALID_RECORD,0,15867321,3830.36,1759194060,3831.37,3829.05,3830.72,next,60,1759190400,2025
VALID_RECORD,0,15949941,3858.38,1759276680,3859.02,3858.26,3858.87,previous,-60,1759276800,2025
TIMESTAMP_OUT_OF_YEAR,0,15950061,0.0,23925652199047297,0.0,0.0,1.44298401292e-312,previous,60,1759276800,2025
TIMESTAMP_OUT_OF_YEAR,0,15950130,8.18980031531479e-309,8070451921408704879,1.3900231051507175e+197,2.121995792e-314,4.958814439180228e+173,signal,-60,1759276800,2025
VALID_RECORD,0,15950250,3858.19,1759280400,3859.64,3857.89,3859.48,signal,60,1759276800,2025
VALID_RECORD,0,15950190,3865.62,1759276800,3895.22,3853.45,3859.48,next,-60,1759276800,2025
VALID_RECORD,0,15950310,3857.2,1759280460,3859.19,3857.18,3858.16,next,60,1759276800,2025
VALID_RECORD,0,16198788,3886.68,1759535820,3886.78,3886.4,3886.53,previous,-60,1759708800,2025
TIMESTAMP_OUT_OF_YEAR,0,16198908,0.0,23925652199047297,0.0,0.0,1.44298401292e-312,previous,60,1759708800,2025
TIMESTAMP_OUT_OF_YEAR,0,16198977,8.25208089177962e-309,8070451921408706159,1.9009066761664282e+197,2.121995792e-314,4.958814439180228e+173,signal,-60,1759708800,2025
VALID_RECORD,0,16199097,3887.48,1759712400,3889.18,3886.21,3888.83,signal,60,1759708800,2025
VALID_RECORD,0,16199037,3960.93,1759708800,3970.16,3884.19,3888.83,next,-60,1759708800,2025
VALID_RECORD,0,16199157,3887.45,1759712460,3887.81,3887.45,3887.81,next,60,1759708800,2025
VALID_RECORD,0,16281777,3961.03,1759795080,3961.2,3960.75,3961.18,previous,-60,1759795200,2025
TIMESTAMP_OUT_OF_YEAR,0,16281897,0.0,23925652199047297,0.0,0.0,1.44298401292e-312,previous,60,1759795200,2025
TIMESTAMP_OUT_OF_YEAR,0,16281966,8.40361261121245e-309,8070451921408706415,2.0240939986049204e+197,2.121995792e-314,4.958814439180228e+173,signal,-60,1759795200,2025
VALID_RECORD,0,16282086,3958.95,1759798800,3960.24,3958.88,3960.24,signal,60,1759795200,2025
VALID_RECORD,0,16282026,3984.92,1759795200,3991.06,3940.91,3960.24,next,-60,1759795200,2025
VALID_RECORD,0,16282146,3959.04,1759798860,3959.77,3959.04,3959.07,next,60,1759795200,2025
VALID_RECORD,0,16364766,3984.52,1759881480,3984.58,3984.21,3984.51,previous,-60,1759881600,2025
TIMESTAMP_OUT_OF_YEAR,0,16364886,0.0,23925652199047297,0.0,0.0,1.44298401292e-312,previous,60,1759881600,2025
TIMESTAMP_OUT_OF_YEAR,0,16364955,8.455261988764543e-309,8070451921408706671,2.1472798952807197e+197,2.121995792e-314,4.958814439180228e+173,signal,-60,1759881600,2025
VALID_RECORD,0,16365075,3985.03,1759885200,3985.17,3984.57,3984.58,signal,60,1759881600,2025
VALID_RECORD,0,16365015,4041.32,1759881600,4059.21,3983.42,3984.58,next,-60,1759881600,2025
VALID_RECORD,0,16365135,3983.64,1759885260,3985.39,3983.42,3985.01,next,60,1759881600,2025
VALID_RECORD,0,16613673,4010.79,1760140620,4013.76,4008.28,4012.39,previous,-60,1760313600,2025
TIMESTAMP_OUT_OF_YEAR,0,16613793,0.0,23925652199047297,0.0,0.0,1.44298401292e-312,previous,60,1760313600,2025
TIMESTAMP_OUT_OF_YEAR,0,16613862,8.49447647098158e-309,8070451921408707951,2.763210804422409e+197,2.121995792e-314,4.958814439180228e+173,signal,-60,1760313600,2025
VALID_RECORD,0,16613982,4012.22,1760317200,4012.22,4003.06,4003.06,signal,60,1760313600,2025
VALID_RECORD,0,16613922,4109.97,1760313600,4117.06,4003.06,4003.06,next,-60,1760313600,2025
VALID_RECORD,0,16614042,4028.64,1760317260,4030.1,4009.96,4012.58,next,60,1760313600,2025
VALID_RECORD,0,16696662,4110.57,1760399880,4111.35,4110.35,4111.35,previous,-60,1760400000,2025
TIMESTAMP_OUT_OF_YEAR,0,16696782,0.0,23925652199047297,0.0,0.0,1.44298401292e-312,previous,60,1760400000,2025
TIMESTAMP_OUT_OF_YEAR,0,16696851,8.722124179436336e-309,8070451921408708207,2.8863981268609014e+197,2.121995792e-314,4.958814439180228e+173,signal,-60,1760400000,2025
VALID_RECORD,0,16696971,4110.98,1760403600,4111.0,4109.33,4110.34,signal,60,1760400000,2025
VALID_RECORD,0,16696911,4142.83,1760400000,4179.73,4090.47,4110.34,next,-60,1760400000,2025
VALID_RECORD,0,16697031,4112.46,1760403660,4113.37,4110.99,4111.0,next,60,1760400000,2025
VALID_RECORD,0,16779651,4142.06,1760486280,4143.61,4141.98,4143.61,previous,-60,1760486400,2025
TIMESTAMP_OUT_OF_YEAR,0,16779771,0.0,23925652199047297,0.0,0.0,1.44298401292e-312,previous,60,1760486400,2025
TIMESTAMP_OUT_OF_YEAR,0,16779840,8.791110262600617e-309,8070451921408708463,3.0291269639085194e+197,2.121995792e-314,4.958814439180228e+173,signal,-60,1760486400,2025
VALID_RECORD,0,16779960,4143.85,1760490000,4145.64,4142.81,4142.85,signal,60,1760486400,2025
VALID_RECORD,0,16779900,4207.59,1760486400,4218.16,4140.62,4142.85,next,-60,1760486400,2025
VALID_RECORD,0,16780020,4143.78,1760490060,4144.11,4143.16,4143.62,next,60,1760486400,2025
VALID_RECORD,0,16862640,4208.12,1760572680,4208.56,4208.09,4208.31,previous,-60,1760572800,2025
TIMESTAMP_OUT_OF_YEAR,0,16862760,0.0,23925652199047297,0.0,0.0,1.44298401292e-312,previous,60,1760572800,2025
TIMESTAMP_OUT_OF_YEAR,0,16862829,8.930992225141048e-309,8070451921408708719,3.275498757260118e+197,2.121995792e-314,4.958814439180228e+173,signal,-60,1760572800,2025
VALID_RECORD,0,16862949,4209.18,1760576400,4211.31,4207.89,4208.77,signal,60,1760572800,2025
VALID_RECORD,0,16862889,4327.07,1760572800,4330.62,4199.67,4208.77,next,-60,1760572800,2025
VALID_RECORD,0,16863009,4212.07,1760576460,4212.51,4209.29,4209.29,next,60,1760572800,2025
VALID_RECORD,0,17028558,4250.94,1760745420,4252.58,4250.17,4252.35,previous,-60,1760918400,2025
TIMESTAMP_OUT_OF_YEAR,0,17028678,0.0,23925652199047297,0.0,0.0,1.44298401292e-312,previous,60,1760918400,2025
TIMESTAMP_OUT_OF_YEAR,0,17028747,9.02539981788109e-309,8070451921408709743,4.260957415412652e+197,2.121995792e-314,4.958814439180228e+173,signal,-60,1760918400,2025
VALID_RECORD,0,17028867,4244.11,1760922000,4253.26,4239.36,4253.26,signal,60,1760918400,2025
VALID_RECORD,0,17028807,4356.3,1760918400,4381.35,4218.89,4253.26,next,-60,1760918400,2025
VALID_RECORD,0,17028927,4254.38,1760922060,4255.2,4243.31,4244.36,next,60,1760918400,2025
VALID_RECORD,0,17277465,4098.47,1761177480,4098.63,4097.59,4098.17,previous,-60,1761177600,2025
TIMESTAMP_OUT_OF_YEAR,0,17277585,0.0,23925652199047297,0.0,0.0,1.44298401292e-312,previous,60,1761177600,2025
TIMESTAMP_OUT_OF_YEAR,0,17277654,8.69118548080406e-309,8070451921408710511,5.0000756469928336e+197,2.121995792e-314,4.958814439180228e+173,signal,-60,1761177600,2025
VALID_RECORD,0,17277774,4106.15,1761181200,4106.86,4095.13,4095.76,signal,60,1761177600,2025
VALID_RECORD,0,17277714,4126.64,1761177600,4154.72,4065.87,4095.76,next,-60,1761177600,2025
VALID_RECORD,0,17277834,4106.29,1761181260,4106.4,4102.19,4106.14,next,60,1761177600,2025
VALID_RECORD,0,18024246,3932.05,1762300680,3932.44,3932.05,3932.12,previous,-60,1762300800,2025
TIMESTAMP_OUT_OF_YEAR,0,18024366,0.0,23925652199047297,0.0,0.0,1.44298401292e-312,previous,60,1762300800,2025
TIMESTAMP_OUT_OF_YEAR,0,18024435,8.34803754144707e-309,8070451921408714095,1.0425866924965222e+198,2.121995792e-314,4.958814439180228e+173,signal,-60,1762300800,2025
VALID_RECORD,0,18024555,3934.09,1762304400,3934.49,3931.75,3934.05,signal,60,1762300800,2025
VALID_RECORD,0,18024495,3980.24,1762300800,3990.47,3929.31,3934.05,next,-60,1762300800,2025
VALID_RECORD,0,18024615,3933.99,1762304460,3934.87,3933.33,3934.12,next,60,1762300800,2025
VALID_RECORD,0,18272253,3999.25,1762558980,3999.75,3999.22,3999.29,previous,-60,1762732800,2025
TIMESTAMP_OUT_OF_YEAR,0,18272373,0.0,23925652199047297,0.0,0.0,1.44298401292e-312,previous,60,1762732800,2025
TIMESTAMP_OUT_OF_YEAR,0,18272442,8.48539432899625e-309,8070451921408715375,1.3819028196505976e+198,2.121995792e-314,4.958814439180228e+173,signal,-60,1762732800,2025
VALID_RECORD,0,18272562,3999.77,1762736400,4001.17,3997.88,3998.78,signal,60,1762732800,2025
VALID_RECORD,0,18272502,4115.51,1762732800,4116.62,3997.88,3998.78,next,-60,1762732800,2025
VALID_RECORD,0,18272622,4006.45,1762736460,4007.3,3999.64,3999.76,next,60,1762732800,2025
VALID_RECORD,0,18355242,4115.94,1762819080,4115.94,4115.53,4115.53,previous,-60,1762819200,2025
TIMESTAMP_OUT_OF_YEAR,0,18355362,0.0,23925652199047297,0.0,0.0,1.44298401292e-312,previous,60,1762819200,2025
TIMESTAMP_OUT_OF_YEAR,0,18355431,8.73419833548693e-309,8070451921408715631,1.480451536991237e+198,2.121995792e-314,4.958814439180228e+173,signal,-60,1762819200,2025
VALID_RECORD,0,18355551,4116.53,1762822800,4116.88,4114.43,4116.03,signal,60,1762819200,2025
VALID_RECORD,0,18355491,4126.9,1762819200,4148.93,4097.04,4116.03,next,-60,1762819200,2025
VALID_RECORD,0,18355611,4115.68,1762822860,4117.03,4115.29,4116.49,next,60,1762819200,2025
VALID_RECORD,0,18438231,4126.84,1762905480,4126.94,4126.52,4126.57,previous,-60,1762905600,2025
TIMESTAMP_OUT_OF_YEAR,0,18438351,0.0,23925652199047297,0.0,0.0,1.44298401292e-312,previous,60,1762905600,2025
TIMESTAMP_OUT_OF_YEAR,0,18438420,8.75845274737766e-309,8070451921408715887,1.5790002543318764e+198,2.121995792e-314,4.958814439180228e+173,signal,-60,1762905600,2025
VALID_RECORD,0,18438540,4129.81,1762909200,4130.25,4127.08,4127.46,signal,60,1762905600,2025
VALID_RECORD,0,18438480,4195.15,1762905600,4211.71,4098.87,4127.46,next,-60,1762905600,2025
VALID_RECORD,0,18438600,4130.82,1762909260,4131.26,4129.58,4129.77,next,60,1762905600,2025
VALID_RECORD,0,19101903,4065.33,1763769360,4065.98,4064.92,4065.98,previous,-60,1763942400,2025
TIMESTAMP_OUT_OF_YEAR,0,19102023,0.0,23925652199047297,0.0,0.0,1.44298401292e-312,previous,60,1763942400,2025
TIMESTAMP_OUT_OF_YEAR,0,19102092,8.63446453331155e-309,8070451921408718959,3.131189326374296e+198,2.121995792e-314,4.958814439180228e+173,signal,-60,1763942400,2025
VALID_RECORD,0,19102212,4069.32,1763946000,4071.46,4067.99,4069.03,signal,60,1763942400,2025
VALID_RECORD,0,19102152,4134.84,1763942400,4140.1,4040.21,4069.03,next,-60,1763942400,2025
VALID_RECORD,0,19102272,4072.13,1763946060,4072.58,4069.18,4069.34,next,60,1763942400,2025
VALID_RECORD,0,19267881,4130.87,1764115080,4131.17,4130.64,4130.98,previous,-60,1764115200,2025
TIMESTAMP_OUT_OF_YEAR,0,19268001,0.0,23925652199047297,0.0,0.0,1.44298401292e-312,previous,60,1764115200,2025
TIMESTAMP_OUT_OF_YEAR,0,19268070,8.773561357409324e-309,3746996278126410351,3.5253864769571625e+198,2.121995792e-314,7.56653685601165e+168,signal,-60,1764115200,2025
VALID_RECORD,0,19268190,4132.64,1764118800,4134.64,4132.1,4134.58,signal,60,1764115200,2025
VALID_RECORD,0,19268130,4163.86,1764115200,4173.46,4129.91,4134.58,next,-60,1764115200,2025
VALID_RECORD,0,19268250,4134.21,1764118860,4134.23,4133.03,4133.03,next,60,1764115200,2025
VALID_RECORD,0,19424859,4157.22,1764278940,4158.13,4157.18,4157.85,previous,-60,1764288000,2025
TIMESTAMP_OUT_OF_YEAR,0,19424979,0.0,23925652199047297,0.0,0.0,1.44298401292e-312,previous,60,1764288000,2025
TIMESTAMP_OUT_OF_YEAR,0,19425048,8.824340716687133e-309,576462006575397999,3.9195836275400285e+198,2.121995792e-314,-6.257407747167644e+144,signal,-60,1764288000,2025
VALID_RECORD,0,19425168,4160.38,1764291600,4160.64,4158.51,4158.51,signal,60,1764288000,2025
VALID_RECORD,0,19425108,4219.19,1764288000,4226.71,4152.36,4158.51,next,-60,1764288000,2025
VALID_RECORD,0,19425228,4159.03,1764291660,4160.33,4159.02,4160.33,next,60,1764288000,2025
VALID_RECORD,0,19499808,4219.16,1764366240,4219.41,4219.0,4219.34,previous,-60,1764547200,2025
TIMESTAMP_OUT_OF_YEAR,0,19499928,0.0,23925652199047297,0.0,0.0,1.44298401292e-312,previous,60,1764547200,2025
TIMESTAMP_OUT_OF_YEAR,0,19499997,8.96324656116372e-309,3746996278126412143,4.510786963991822e+198,2.121995792e-314,7.56653685601165e+168,signal,-60,1764547200,2025
VALID_RECORD,0,19500117,4230.23,1764550800,4230.69,4222.9,4223.97,signal,60,1764547200,2025
VALID_RECORD,0,19500057,4232.36,1764547200,4264.51,4205.87,4223.97,next,-60,1764547200,2025
VALID_RECORD,0,19500177,4229.89,1764550860,4230.59,4226.77,4230.05,next,60,1764547200,2025
VALID_RECORD,0,20080371,4208.55,1765324620,4208.59,4208.11,4208.2,previous,-60,1765324800,2025
TIMESTAMP_OUT_OF_YEAR,0,20080491,0.0,23925652199047297,0.0,0.0,1.44298401292e-312,previous,60,1765324800,2025
TIMESTAMP_OUT_OF_YEAR,0,20080560,8.93037684636167e-309,8070451921408723567,7.785275706504705e+198,2.121995792e-314,4.958814439180228e+173,signal,-60,1765324800,2025
VALID_RECORD,0,20080680,4209.99,1765328400,4210.1,4207.16,4208.48,signal,60,1765324800,2025
VALID_RECORD,0,20080620,4228.51,1765324800,4238.82,4181.99,4208.48,next,-60,1765324800,2025
VALID_RECORD,0,20080740,4210.53,1765328460,4210.55,4210.08,4210.09,next,60,1765324800,2025
VALID_RECORD,0,20163360,4228.69,1765411080,4228.95,4228.47,4228.77,previous,-60,1765411200,2025
TIMESTAMP_OUT_OF_YEAR,0,20163480,0.0,23925652199047297,0.0,0.0,1.44298401292e-312,previous,60,1765411200,2025
TIMESTAMP_OUT_OF_YEAR,0,20163549,8.97413239957137e-309,8070451921408723823,8.179470575867262e+198,2.121995792e-314,4.958814439180228e+173,signal,-60,1765411200,2025
VALID_RECORD,0,20163669,4230.0,1765414800,4230.3,4227.2,4229.1,signal,60,1765411200,2025
VALID_RECORD,0,20163609,4279.73,1765411200,4285.84,4204.34,4229.1,next,-60,1765411200,2025
VALID_RECORD,0,20163729,4230.66,1765414860,4230.66,4229.86,4229.87,next,60,1765411200,2025
VALID_RECORD,0,20246349,4279.74,1765497480,4280.43,4279.56,4280.13,previous,-60,1765497600,2025
TIMESTAMP_OUT_OF_YEAR,0,20246469,0.0,23925652199047297,0.0,0.0,1.44298401292e-312,previous,60,1765497600,2025
TIMESTAMP_OUT_OF_YEAR,0,20246538,9.084391300869927e-309,3746996278126414959,9.566749082264555e+198,2.121995792e-314,7.56653685601165e+168,signal,-60,1765497600,2025
VALID_RECORD,0,20246658,4282.11,1765501200,4282.48,4281.05,4281.06,signal,60,1765497600,2025
VALID_RECORD,0,20246598,4300.16,1765497600,4353.54,4257.31,4281.06,next,-60,1765497600,2025
VALID_RECORD,0,20246718,4282.67,1765501260,4282.77,4281.67,4281.99,next,60,1765497600,2025
VALID_RECORD,0,20495256,4302.32,1765929480,4302.43,4302.25,4302.32,previous,-60,1765929600,2025
TIMESTAMP_OUT_OF_YEAR,0,20495376,0.0,23925652199047297,0.0,0.0,1.44298401292e-312,previous,60,1765929600,2025
TIMESTAMP_OUT_OF_YEAR,0,20495445,9.13243328557738e-309,8070451921408725359,1.1521166367720065e+199,2.121995792e-314,4.958814439180228e+173,signal,-60,1765929600,2025
VALID_RECORD,0,20495565,4301.55,1765933200,4303.82,4301.37,4303.7,signal,60,1765929600,2025
VALID_RECORD,0,20495505,4338.28,1765929600,4348.8,4301.37,4303.7,next,-60,1765929600,2025
VALID_RECORD,0,20495625,4303.34,1765933260,4303.42,4301.61,4301.61,next,60,1765929600,2025
VALID_RECORD,0,20744043,4338.32,1766188500,4338.8,4338.24,4338.58,previous,-60,1766361600,2025
TIMESTAMP_OUT_OF_YEAR,0,20744163,0.0,23925652199047297,0.0,0.0,1.44298401292e-312,previous,60,1766361600,2025
TIMESTAMP_OUT_OF_YEAR,0,20744232,9.21264472647587e-309,8070451921408726639,1.5463124186226877e+199,2.121995792e-314,4.958814439180228e+173,signal,-60,1766361600,2025
VALID_RECORD,0,20744352,4339.78,1766365200,4341.51,4338.32,4341.5,signal,60,1766361600,2025
VALID_RECORD,0,20744292,4443.87,1766361600,4448.98,4338.01,4341.5,next,-60,1766361600,2025
VALID_RECORD,0,20744412,4338.74,1766365260,4339.71,4338.65,4339.33,next,60,1766361600,2025
VALID_RECORD,0,20827032,4443.85,1766447880,4443.94,4443.27,4443.76,previous,-60,1766448000,2025
TIMESTAMP_OUT_OF_YEAR,0,20827152,0.0,23925652199047297,0.0,0.0,1.44298401292e-312,previous,60,1766448000,2025
TIMESTAMP_OUT_OF_YEAR,0,20827221,9.434053767305185e-309,8070451921408726895,1.6251513924951992e+199,2.121995792e-314,4.958814439180228e+173,signal,-60,1766448000,2025
VALID_RECORD,0,20827341,4447.97,1766451600,4448.13,4445.82,4445.84,signal,60,1766448000,2025
VALID_RECORD,0,20827281,4484.8,1766448000,4499.71,4430.5,4445.84,next,-60,1766448000,2025
VALID_RECORD,0,20827401,4448.82,1766451660,4449.53,4447.52,4448.05,next,60,1766448000,2025
VALID_RECORD,0,20981370,4479.3,1766609040,4479.43,4478.98,4479.43,previous,-60,1766707200,2025
TIMESTAMP_OUT_OF_YEAR,0,20981490,0.0,23925652199047297,0.0,0.0,1.44298401292e-312,previous,60,1766707200,2025
TIMESTAMP_OUT_OF_YEAR,0,20981559,9.532790231458794e-309,-576459365155890577,1.8616692266008574e+199,2.121995792e-314,1.1545598387558386e+164,signal,-60,1766707200,2025
VALID_RECORD,0,20981679,4492.13,1766710800,4495.6,4491.81,4492.37,signal,60,1766707200,2025
VALID_RECORD,0,20981619,4531.2,1766707200,4550.04,4473.0,4492.37,next,-60,1766707200,2025
VALID_RECORD,0,20981739,4489.09,1766710860,4497.75,4478.02,4485.05,next,60,1766707200,2025
