family,feature,quintile,hour_block,horizon_bars,outcome,n_state,n_comp,effect,state_mean,comp_mean,p,q,confirmation_n_state,confirmation_n_comp,confirmation_effect,confirmation_p,direction,confirmation_q,quarters_same_sign,quarter_details
extension_reversion,body_atr,5,0.0,24,move_ge_1atr,4538,53551,-0.6892220329723784,0.25804319083296606,0.9472652238053444,0.0,0.0,4450,53561,-0.702774608138699,0.0,-1,0.0,4,"{""1"": {""effect"": -0.6563893078985182, ""n_state"": 1094, ""ok"": true}, ""2"": {""effect"": -0.6834188473412506, ""n_state"": 1073, ""ok"": true}, ""3"": {""effect"": -0.6550933674519401, ""n_state"": 1149, ""ok"": true}, ""4"": {""effect"": -0.6524031761473961, ""n_state"": 1134, ""ok"": true}}"
extension_reversion,ret12_atr,5,0.0,24,move_ge_1atr,4400,53689,-0.7126280438349485,0.23477272727272727,0.9474007711076757,0.0,0.0,4542,53469,-0.6871863900298728,0.0,-1,0.0,4,"{""1"": {""effect"": -0.6376615480582648, ""n_state"": 1122, ""ok"": true}, ""2"": {""effect"": -0.6727044066752714, ""n_state"": 1088, ""ok"": true}, ""3"": {""effect"": -0.6570530092627758, ""n_state"": 1146, ""ok"": true}, ""4"": {""effect"": -0.6188260160888619, ""n_state"": 1186, ""ok"": true}}"
extension_reversion,ret3_atr,5,0.0,24,move_ge_1atr,4524,53565,-0.6915318803773693,0.2557471264367816,0.947279006814151,0.0,0.0,4545,53466,-0.6866964095130196,0.0,-1,0.0,4,"{""1"": {""effect"": -0.6324808056814155, ""n_state"": 1130, ""ok"": true}, ""2"": {""effect"": -0.6581899989791508, ""n_state"": 1109, ""ok"": true}, ""3"": {""effect"": -0.6524963347316729, ""n_state"": 1153, ""ok"": true}, ""4"": {""effect"": -0.6392229792837328, ""n_state"": 1153, ""ok"": true}}"
extension_reversion,body_atr,5,0.0,12,move_ge_1atr,4547,59418,-0.6615336271547374,0.2573125137453266,0.918846140900064,0.0,0.0,4454,59350,-0.6738671334306052,0.0,-1,0.0,4,"{""1"": {""effect"": -0.6340003329216028, ""n_state"": 1094, ""ok"": true}, ""2"": {""effect"": -0.6591537175338068, ""n_state"": 1073, ""ok"": true}, ""3"": {""effect"": -0.6307678940561612, ""n_state"": 1149, ""ok"": true}, ""4"": {""effect"": -0.6290593414120567, ""n_state"": 1138, ""ok"": true}}"
extension_reversion,ret12_atr,5,0.0,12,move_ge_1atr,4407,59558,-0.6867800344467841,0.23235761288858633,0.9191376473353705,0.0,0.0,4544,59260,-0.6602298506700004,0.0,-1,0.0,4,"{""1"": {""effect"": -0.6161275478107218, ""n_state"": 1122, ""ok"": true}, ""2"": {""effect"": -0.652175962227483, ""n_state"": 1088, ""ok"": true}, ""3"": {""effect"": -0.6327282535509395, ""n_state"": 1146, ""ok"": true}, ""4"": {""effect"": -0.5984621028220108, ""n_state"": 1188, ""ok"": true}}"
extension_reversion,ret3_atr,5,0.0,12,move_ge_1atr,4530,59435,-0.6641063911063916,0.25474613686534214,0.9188525279717338,0.0,0.0,4548,59256,-0.6595731218383238,0.0,-1,0.0,4,"{""1"": {""effect"": -0.6109259855959239, ""n_state"": 1130, ""ok"": true}, ""2"": {""effect"": -0.6366693032256941, ""n_state"": 1109, ""ok"": true}, ""3"": {""effect"": -0.6299364326420499, ""n_state"": 1153, ""ok"": true}, ""4"": {""effect"": -0.6174230356771221, ""n_state"": 1156, ""ok"": true}}"
extension_reversion,body_atr,5,0.0,6,move_ge_1atr,4547,62589,-0.5741446559689941,0.24147789751484494,0.815622553483839,0.0,0.0,4455,62476,-0.5807672732187745,0.0,-1,0.0,4,"{""1"": {""effect"": -0.5441785219987794, ""n_state"": 1094, ""ok"": true}, ""2"": {""effect"": -0.5706247820545982, ""n_state"": 1073, ""ok"": true}, ""3"": {""effect"": -0.5391609054238518, ""n_state"": 1149, ""ok"": true}, ""4"": {""effect"": -0.5521328103915648, ""n_state"": 1139, ""ok"": true}}"
extension_reversion,ret12_atr,5,0.0,6,move_ge_1atr,4407,62729,-0.5945241061529317,0.22123893805309736,0.8157630442060291,0.0,0.0,4544,62387,-0.5705315456824812,0.0,-1,0.0,4,"{""1"": {""effect"": -0.5285710153098219, ""n_state"": 1122, ""ok"": true}, ""2"": {""effect"": -0.5559025463647482, ""n_state"": 1088, ""ok"": true}, ""3"": {""effect"": -0.5473791945600992, ""n_state"": 1146, ""ok"": true}, ""4"": {""effect"": -0.5328823654767102, ""n_state"": 1188, ""ok"": true}}"
extension_reversion,ret3_atr,5,0.0,6,move_ge_1atr,4530,62606,-0.576331102273943,0.2392935982339956,0.8156247005079386,0.0,0.0,4548,62383,-0.5691400193863,0.0,-1,0.0,4,"{""1"": {""effect"": -0.5250250386220829, ""n_state"": 1130, ""ok"": true}, ""2"": {""effect"": -0.5557605027017835, ""n_state"": 1109, ""ok"": true}, ""3"": {""effect"": -0.5382704794019633, ""n_state"": 1153, ""ok"": true}, ""4"": {""effect"": -0.5398074199161186, ""n_state"": 1156, ""ok"": true}}"
extension_reversion,body_atr,5,4.0,12,move_ge_1atr,3660,60305,-0.5175545938383346,0.383879781420765,0.9014343752590995,0.0,0.0,3619,60185,-0.5235337675675005,0.0,-1,0.0,4,"{""1"": {""effect"": -0.5643931781555495, ""n_state"": 932, ""ok"": true}, ""2"": {""effect"": -0.5115527266575226, ""n_state"": 896, ""ok"": true}, ""3"": {""effect"": -0.4974197853266767, ""n_state"": 923, ""ok"": true}, ""4"": {""effect"": -0.4256988593195985, ""n_state"": 868, ""ok"": true}}"
extension_reversion,body_atr,5,4.0,24,move_ge_1atr,3312,54777,-0.5123056745492197,0.41032608695652173,0.9226317615057414,0.0,0.0,3212,54799,-0.5233636695654675,0.0,-1,0.0,4,"{""1"": {""effect"": -0.587640711302796, ""n_state"": 801, ""ok"": true}, ""2"": {""effect"": -0.5039550593864885, ""n_state"": 818, ""ok"": true}, ""3"": {""effect"": -0.4880973923789553, ""n_state"": 828, ""ok"": true}, ""4"": {""effect"": -0.42252240588091433, ""n_state"": 765, ""ok"": true}}"
extension_reversion,ret3_atr,5,4.0,12,move_ge_1atr,3652,60313,-0.5189173286583904,0.3825301204819277,0.901447449140318,0.0,0.0,3643,60161,-0.5196937125292624,0.0,-1,0.0,4,"{""1"": {""effect"": -0.573330812012733, ""n_state"": 920, ""ok"": true}, ""2"": {""effect"": -0.5024937313669359, ""n_state"": 909, ""ok"": true}, ""3"": {""effect"": -0.48452106540116313, ""n_state"": 951, ""ok"": true}, ""4"": {""effect"": -0.42418050725391027, ""n_state"": 863, ""ok"": true}}"
extension_reversion,ret3_atr,5,4.0,24,move_ge_1atr,3304,54785,-0.5143865873662861,0.40829297820823246,0.9226795655745186,0.0,0.0,3238,54773,-0.5194992444925733,0.0,-1,0.0,4,"{""1"": {""effect"": -0.5980661935310849, ""n_state"": 789, ""ok"": true}, ""2"": {""effect"": -0.5007962932372606, ""n_state"": 824, ""ok"": true}, ""3"": {""effect"": -0.46781058244734797, ""n_state"": 863, ""ok"": true}, ""4"": {""effect"": -0.42325121244768155, ""n_state"": 762, ""ok"": true}}"
extension_reversion,ret12_atr,5,4.0,24,move_ge_1atr,3270,54819,-0.5189665874568702,0.4036697247706422,0.9226363122275124,0.0,0.0,3273,54738,-0.5134107383094718,0.0,-1,0.0,4,"{""1"": {""effect"": -0.6197322980539106, ""n_state"": 768, ""ok"": true}, ""2"": {""effect"": -0.49464089961378627, ""n_state"": 824, ""ok"": true}, ""3"": {""effect"": -0.4468423810461011, ""n_state"": 898, ""ok"": true}, ""4"": {""effect"": -0.4130903956935584, ""n_state"": 783, ""ok"": true}}"
extension_reversion,ret12_atr,5,4.0,12,move_ge_1atr,3647,60318,-0.5159919450038823,0.3852481491636962,0.9012400941675786,0.0,0.0,3712,60092,-0.5083921248912586,0.0,-1,0.0,4,"{""1"": {""effect"": -0.5825796612149509, ""n_state"": 918, ""ok"": true}, ""2"": {""effect"": -0.4833054059040529, ""n_state"": 911, ""ok"": true}, ""3"": {""effect"": -0.4575555123983251, ""n_state"": 997, ""ok"": true}, ""4"": {""effect"": -0.42026925726609504, ""n_state"": 886, ""ok"": true}}"
extension_reversion,body_atr,5,4.0,6,move_ge_1atr,3976,63160,-0.47808889435409163,0.32696177062374243,0.8050506649778341,0.0,0.0,3926,63005,-0.46990524610055484,0.0,-1,0.0,4,"{""1"": {""effect"": -0.5047247395963563, ""n_state"": 1028, ""ok"": true}, ""2"": {""effect"": -0.45401512408785694, ""n_state"": 966, ""ok"": true}, ""3"": {""effect"": -0.44942645769492934, ""n_state"": 995, ""ok"": true}, ""4"": {""effect"": -0.3820462932030075, ""n_state"": 937, ""ok"": true}}"
extension_reversion,ret3_atr,5,4.0,6,move_ge_1atr,3951,63185,-0.48108005107354196,0.32396861554036954,0.8050486666139115,0.0,0.0,3956,62975,-0.46308509122378716,0.0,-1,0.0,4,"{""1"": {""effect"": -0.5004931637012131, ""n_state"": 1027, ""ok"": true}, ""2"": {""effect"": -0.45502258012007335, ""n_state"": 972, ""ok"": true}, ""3"": {""effect"": -0.43146835326037947, ""n_state"": 1019, ""ok"": true}, ""4"": {""effect"": -0.37706932605147725, ""n_state"": 938, ""ok"": true}}"
extension_reversion,ret12_atr,5,4.0,6,move_ge_1atr,3971,63165,-0.471457363757901,0.33316544950893984,0.8046228132668408,0.0,0.0,4005,62926,-0.45901059378030895,0.0,-1,0.0,4,"{""1"": {""effect"": -0.5036174760220842, ""n_state"": 1024, ""ok"": true}, ""2"": {""effect"": -0.4560665476377425, ""n_state"": 972, ""ok"": true}, ""3"": {""effect"": -0.4183958468854076, ""n_state"": 1060, ""ok"": true}, ""4"": {""effect"": -0.3711062559802129, ""n_state"": 949, ""ok"": true}}"
extension_reversion,body_atr,5,0.0,3,move_ge_1atr,4547,64185,-0.40948697151623115,0.19749285243017375,0.6069798239464049,0.0,0.0,4456,64056,-0.4138323536026265,0.0,-1,0.0,4,"{""1"": {""effect"": -0.37615437818346653, ""n_state"": 1094, ""ok"": true}, ""2"": {""effect"": -0.4118951471895205, ""n_state"": 1073, ""ok"": true}, ""3"": {""effect"": -0.3780627275005518, ""n_state"": 1149, ""ok"": true}, ""4"": {""effect"": -0.4076683426192984, ""n_state"": 1140, ""ok"": true}}"
extension_reversion,ret12_atr,5,0.0,3,move_ge_1atr,4407,64325,-0.4271076391470271,0.180167914681189,0.6072755538282161,0.0,0.0,4544,63968,-0.4103519629533076,0.0,-1,0.0,4,"{""1"": {""effect"": -0.3677051583897599, ""n_state"": 1122, ""ok"": true}, ""2"": {""effect"": -0.40397205393785424, ""n_state"": 1088, ""ok"": true}, ""3"": {""effect"": -0.3926134223720917, ""n_state"": 1146, ""ok"": true}, ""4"": {""effect"": -0.39421726023829284, ""n_state"": 1188, ""ok"": true}}"
extension_reversion,ret3_atr,5,0.0,3,move_ge_1atr,4530,64202,-0.41142102331128855,0.1955849889624724,0.6070060122737609,0.0,0.0,4549,63963,-0.40753910931697374,0.0,-1,0.0,4,"{""1"": {""effect"": -0.3665250271664684, ""n_state"": 1130, ""ok"": true}, ""2"": {""effect"": -0.40551991442078605, ""n_state"": 1109, ""ok"": true}, ""3"": {""effect"": -0.3787730850503471, ""n_state"": 1153, ""ok"": true}, ""4"": {""effect"": -0.3970617890590799, ""n_state"": 1157, ""ok"": true}}"
extension_reversion,body_atr,5,,24,move_ge_1atr,16463,41626,-0.3589327220298312,0.6362145416995687,0.9951472637293999,0.0,0.0,15867,42144,-0.36592232173248795,0.0,-1,0.0,4,"{""1"": {""effect"": -0.2989280471791669, ""n_state"": 3896, ""ok"": true}, ""2"": {""effect"": -0.3036620884109581, ""n_state"": 3890, ""ok"": true}, ""3"": {""effect"": -0.2872818181043836, ""n_state"": 4070, ""ok"": true}, ""4"": {""effect"": -0.2523995263026677, ""n_state"": 4011, ""ok"": true}}"
extension_reversion,ret3_atr,5,,24,move_ge_1atr,16552,41537,-0.3573042144272357,0.6379289511841469,0.9952331656113826,0.0,0.0,16136,41875,-0.3601467067241877,0.0,-1,0.0,4,"{""1"": {""effect"": -0.28728188459238335, ""n_state"": 4016, ""ok"": true}, ""2"": {""effect"": -0.29878676291132733, ""n_state"": 3947, ""ok"": true}, ""3"": {""effect"": -0.2785345895832293, ""n_state"": 4178, ""ok"": true}, ""4"": {""effect"": -0.25324765869214483, ""n_state"": 3995, ""ok"": true}}"
extension_reversion,body_atr,5,4.0,3,move_ge_1atr,4177,64555,-0.357926425340224,0.24371558534833612,0.6016420106885602,0.0,0.0,4103,64409,-0.35389301493013625,0.0,-1,0.0,4,"{""1"": {""effect"": -0.36313960181560134, ""n_state"": 1080, ""ok"": true}, ""2"": {""effect"": -0.3496873441235354, ""n_state"": 1004, ""ok"": true}, ""3"": {""effect"": -0.3464904743441319, ""n_state"": 1038, ""ok"": true}, ""4"": {""effect"": -0.288439585664822, ""n_state"": 981, ""ok"": true}}"
extension_reversion,ret12_atr,5,,24,move_ge_1atr,16429,41660,-0.3601987714954473,0.635096475744111,0.9952952472395583,0.0,0.0,16596,41415,-0.34999188155024674,0.0,-1,0.0,4,"{""1"": {""effect"": -0.2725952178569677, ""n_state"": 4184, ""ok"": true}, ""2"": {""effect"": -0.29401690252492807, ""n_state"": 3982, ""ok"": true}, ""3"": {""effect"": -0.2682078180567766, ""n_state"": 4292, ""ok"": true}, ""4"": {""effect"": -0.24255303567040676, ""n_state"": 4138, ""ok"": true}}"
extension_reversion,ret3_atr,5,4.0,3,move_ge_1atr,4138,64594,-0.36503766029800766,0.23682938617689706,0.6018670464749047,0.0,0.0,4142,64370,-0.3464306238371583,0.0,-1,0.0,4,"{""1"": {""effect"": -0.3691776479092578, ""n_state"": 1082, ""ok"": true}, ""2"": {""effect"": -0.3473508711370602, ""n_state"": 1007, ""ok"": true}, ""3"": {""effect"": -0.3252486074039677, ""n_state"": 1063, ""ok"": true}, ""4"": {""effect"": -0.2767338681085312, ""n_state"": 990, ""ok"": true}}"
extension_reversion,body_atr,5,,12,move_ge_1atr,17865,46100,-0.3394120218340373,0.6272040302267002,0.9666160520607375,0.0,0.0,17379,46425,-0.34630889916813234,0.0,-1,0.0,4,"{""1"": {""effect"": -0.2807958651025185, ""n_state"": 4312, ""ok"": true}, ""2"": {""effect"": -0.2882508470797498, ""n_state"": 4259, ""ok"": true}, ""3"": {""effect"": -0.27304860635448724, ""n_state"": 4464, ""ok"": true}, ""4"": {""effect"": -0.23982973836350363, ""n_state"": 4344, ""ok"": true}}"
extension_reversion,ret3_atr,5,,12,move_ge_1atr,17961,46004,-0.3362660066678491,0.6299760592394633,0.9662420659073124,0.0,0.0,17680,46124,-0.34088773485285195,0.0,-1,0.0,4,"{""1"": {""effect"": -0.2707396868302172, ""n_state"": 4424, ""ok"": true}, ""2"": {""effect"": -0.28112873335571364, ""n_state"": 4357, ""ok"": true}, ""3"": {""effect"": -0.26625343472204765, ""n_state"": 4577, ""ok"": true}, ""4"": {""effect"": -0.24066384876585534, ""n_state"": 4322, ""ok"": true}}"
extension_reversion,ret12_atr,5,4.0,3,move_ge_1atr,4172,64560,-0.3494218998195321,0.2516778523489933,0.6010997521685254,0.0,0.0,4189,64323,-0.33812406840689246,0.0,-1,0.0,4,"{""1"": {""effect"": -0.3614618711001952, ""n_state"": 1081, ""ok"": true}, ""2"": {""effect"": -0.3596645184106667, ""n_state"": 1008, ""ok"": true}, ""3"": {""effect"": -0.3058850616843977, ""n_state"": 1099, ""ok"": true}, ""4"": {""effect"": -0.2607945001925242, ""n_state"": 1001, ""ok"": true}}"
extension_reversion,ret12_atr,5,,12,move_ge_1atr,17875,46090,-0.33958442512141795,0.6271328671328671,0.966717292254285,0.0,0.0,18262,45542,-0.3299372056351074,0.0,-1,0.0,4,"{""1"": {""effect"": -0.25888598545960406, ""n_state"": 4575, ""ok"": true}, ""2"": {""effect"": -0.27225928647864994, ""n_state"": 4462, ""ok"": true}, ""3"": {""effect"": -0.25723291045929453, ""n_state"": 4722, ""ok"": true}, ""4"": {""effect"": -0.22618868467434639, ""n_state"": 4503, ""ok"": true}}"
extension_reversion,body_atr,5,,6,move_ge_1atr,18674,48462,-0.29086370086475377,0.5667773374745636,0.8576410383393174,0.0,0.0,18170,48761,-0.29691382508082476,0.0,-1,0.0,4,"{""1"": {""effect"": -0.23873640238418037, ""n_state"": 4563, ""ok"": true}, ""2"": {""effect"": -0.25100550064285, ""n_state"": 4449, ""ok"": true}, ""3"": {""effect"": -0.22838782089778975, ""n_state"": 4647, ""ok"": true}, ""4"": {""effect"": -0.21039671901736723, ""n_state"": 4511, ""ok"": true}}"
extension_reversion,ret3_atr,5,,6,move_ge_1atr,18733,48403,-0.2899921049450611,0.5676613462873005,0.8576534512323616,0.0,0.0,18505,48426,-0.2955277116884596,0.0,-1,0.0,4,"{""1"": {""effect"": -0.2324208235345181, ""n_state"": 4690, ""ok"": true}, ""2"": {""effect"": -0.24872359675429734, ""n_state"": 4553, ""ok"": true}, ""3"": {""effect"": -0.22727018221477768, ""n_state"": 4752, ""ok"": true}, ""4"": {""effect"": -0.21025731824360805, ""n_state"": 4510, ""ok"": true}}"
extension_reversion,ret12_atr,5,,6,move_ge_1atr,18710,48426,-0.28970201284374375,0.5677712453233565,0.8574732581671003,0.0,0.0,19127,47804,-0.29138907715558715,0.0,-1,0.0,4,"{""1"": {""effect"": -0.2219249996778584, ""n_state"": 4872, ""ok"": true}, ""2"": {""effect"": -0.24883777141485608, ""n_state"": 4655, ""ok"": true}, ""3"": {""effect"": -0.22798490328754772, ""n_state"": 4911, ""ok"": true}, ""4"": {""effect"": -0.19789073214039876, ""n_state"": 4689, ""ok"": true}}"
extension_reversion,ret12_atr,5,,3,move_ge_1atr,19128,49604,-0.1937843032585539,0.4400355499790882,0.6338198532376421,0.0,0.0,19540,48972,-0.21656766078851397,0.0,-1,0.0,4,"{""1"": {""effect"": -0.15817167875303684, ""n_state"": 5018, ""ok"": true}, ""2"": {""effect"": -0.19021289866946922, ""n_state"": 4738, ""ok"": true}, ""3"": {""effect"": -0.17207718592069338, ""n_state"": 4991, ""ok"": true}, ""4"": {""effect"": -0.14672865046844474, ""n_state"": 4793, ""ok"": true}}"
extension_reversion,ret3_atr,5,,3,move_ge_1atr,19103,49629,-0.19716649315126,0.4375229021619641,0.6346893953132241,0.0,0.0,18912,49600,-0.20603569674144423,0.0,-1,0.0,4,"{""1"": {""effect"": -0.1525759406095959, ""n_state"": 4823, ""ok"": true}, ""2"": {""effect"": -0.1809461396598273, ""n_state"": 4636, ""ok"": true}, ""3"": {""effect"": -0.15275213991349712, ""n_state"": 4834, ""ok"": true}, ""4"": {""effect"": -0.15518397190946615, ""n_state"": 4619, ""ok"": true}}"
extension_reversion,body_atr,5,,3,move_ge_1atr,19076,49656,-0.1994673405451397,0.4357831830572447,0.6352505236023844,0.0,0.0,18582,49930,-0.20469026026168635,0.0,-1,0.0,4,"{""1"": {""effect"": -0.15351603897807725, ""n_state"": 4690, ""ok"": true}, ""2"": {""effect"": -0.17604648265238937, ""n_state"": 4539, ""ok"": true}, ""3"": {""effect"": -0.14856440737343407, ""n_state"": 4741, ""ok"": true}, ""4"": {""effect"": -0.1626169467416429, ""n_state"": 4612, ""ok"": true}}"
extension_reversion,body_atr,3,,24,move_ge_1atr,10318,47771,0.12217282832300314,0.9938941655359566,0.8717213372129534,3.215680481582526e-291,1.561901948197227e-290,11173,46838,0.12425339749520536,0.0,1,0.0,4,"{""1"": {""effect"": 0.10359711039496466, ""n_state"": 2721, ""ok"": true}, ""2"": {""effect"": 0.10699408781269193, ""n_state"": 2696, ""ok"": true}, ""3"": {""effect"": 0.10438943241274667, ""n_state"": 2919, ""ok"": true}, ""4"": {""effect"": 0.10666197708817993, ""n_state"": 2837, ""ok"": true}}"
extension_reversion,ret3_atr,1,,12,move_ge_1atr,11593,52372,0.12968807392251636,0.9780039679116709,0.8483158939891545,1.28874794688e-312,1.211423070069e-311,10998,52806,0.13132426655793195,3.56082406269572e-309,1,3.347174618933977e-308,4,"{""1"": {""effect"": 0.11827959985978131, ""n_state"": 2597, ""ok"": true}, ""2"": {""effect"": 0.10935098130339971, ""n_state"": 2772, ""ok"": true}, ""3"": {""effect"": 0.111424526755035, ""n_state"": 2869, ""ok"": true}, ""4"": {""effect"": 0.11566411113295327, ""n_state"": 2760, ""ok"": true}}"
extension_reversion,ret12_atr,2,,24,move_ge_1atr,10332,47757,0.12327824098464801,0.9947735191637631,0.8714952781791151,8.711422685483368e-297,4.936472855107241e-296,10662,47349,0.12254525606045596,2.393538199043534e-305,1,2.2194626936585496e-304,4,"{""1"": {""effect"": 0.10368827776531475, ""n_state"": 2344, ""ok"": true}, ""2"": {""effect"": 0.10709967144704025, ""n_state"": 2732, ""ok"": true}, ""3"": {""effect"": 0.10263436328739317, ""n_state"": 2848, ""ok"": true}, ""4"": {""effect"": 0.10596722395406177, ""n_state"": 2738, ""ok"": true}}"
extension_reversion,ret3_atr,2,,24,move_ge_1atr,10373,47716,0.12317459385266549,0.9946013689385905,0.871426775085925,3.3239168264260314e-297,1.9943500958556187e-296,10609,47402,0.12249549659999914,6.217323698538449e-304,1,5.2847251437576817e-303,4,"{""1"": {""effect"": 0.10354871767644414, ""n_state"": 2517, ""ok"": true}, ""2"": {""effect"": 0.10639377413094386, ""n_state"": 2628, ""ok"": true}, ""3"": {""effect"": 0.1035306574953545, ""n_state"": 2705, ""ok"": true}, ""4"": {""effect"": 0.10603668710422365, ""n_state"": 2759, ""ok"": true}}"
extension_reversion,ret12_atr,1,,24,move_ge_1atr,10417,47672,0.12612343308857044,0.9969280983008544,0.870804665212284,1.58835725509e-312,1.350103666826e-311,10163,47848,0.12445324417150094,2.2808594460674747e-303,1,1.7895974115298646e-302,4,"{""1"": {""effect"": 0.10569933770764905, ""n_state"": 2413, ""ok"": true}, ""2"": {""effect"": 0.10818794808357735, ""n_state"": 2546, ""ok"": true}, ""3"": {""effect"": 0.10606059469189699, ""n_state"": 2648, ""ok"": true}, ""4"": {""effect"": 0.10944008655666759, ""n_state"": 2556, ""ok"": true}}"
extension_reversion,body_atr,2,,24,move_ge_1atr,10365,47724,0.1237360359937465,0.9950795947901592,0.8713435587964127,1.0132355031864584e-299,6.890001421667917e-299,10578,47433,0.12228360464117771,3.305621929775141e-302,1,2.408381691693317e-301,4,"{""1"": {""effect"": 0.10331215567716867, ""n_state"": 2461, ""ok"": true}, ""2"": {""effect"": 0.10608665127495809, ""n_state"": 2656, ""ok"": true}, ""3"": {""effect"": 0.10355146617595179, ""n_state"": 2710, ""ok"": true}, ""4"": {""effect"": 0.10601027126252782, ""n_state"": 2751, ""ok"": true}}"
extension_reversion,ret3_atr,4,,24,move_ge_1atr,10348,47741,0.12250630570748056,0.9941051410900658,0.8715988353825852,1.8416324933827294e-293,9.39232571625192e-293,10584,47427,0.1218400176961304,3.637367071493279e-300,1,2.47340960861543e-299,4,"{""1"": {""effect"": 0.10462666661072761, ""n_state"": 2472, ""ok"": true}, ""2"": {""effect"": 0.10594262057737514, ""n_state"": 2612, ""ok"": true}, ""3"": {""effect"": 0.10437387581341118, ""n_state"": 2621, ""ok"": true}, ""4"": {""effect"": 0.10277163724929372, ""n_state"": 2879, ""ok"": true}}"
extension_reversion,ret3_atr,3,,24,move_ge_1atr,10349,47740,0.12297986286154072,0.9944922214706735,0.8715123586091328,9.696965926732136e-296,5.205739602771989e-295,10697,47314,0.12082043151300936,1.2716644862350845e-297,1,8.106861099748664e-297,4,"{""1"": {""effect"": 0.10119925500653615, ""n_state"": 2545, ""ok"": true}, ""2"": {""effect"": 0.10407809133068757, ""n_state"": 2647, ""ok"": true}, ""3"": {""effect"": 0.10101427968471743, ""n_state"": 2744, ""ok"": true}, ""4"": {""effect"": 0.10680385656059432, ""n_state"": 2761, ""ok"": true}}"
extension_reversion,body_atr,1,,12,move_ge_1atr,11600,52365,0.12803676613426307,0.9766379310344827,0.8486011649002196,6.653592796307222e-305,5.211981023773991e-304,10926,52878,0.1291198234249452,2.0538413785087916e-297,1,1.7551008143620583e-296,4,"{""1"": {""effect"": 0.1140727057315788, ""n_state"": 2620, ""ok"": true}, ""2"": {""effect"": 0.11278752142527315, ""n_state"": 2694, ""ok"": true}, ""3"": {""effect"": 0.10576535279501453, ""n_state"": 2788, ""ok"": true}, ""4"": {""effect"": 0.11469868447092202, ""n_state"": 2824, ""ok"": true}}"
extension_reversion,ret3_atr,1,,24,move_ge_1atr,10467,47622,0.12720605045617006,0.997707079392376,0.870501028936206,4.65336e-319,4.746424e-318,9985,48026,0.12394960449669634,8.542236431474461e-297,1,5.125341858884677e-296,4,"{""1"": {""effect"": 0.10724764370989115, ""n_state"": 2345, ""ok"": true}, ""2"": {""effect"": 0.10682744946020162, ""n_state"": 2502, ""ok"": true}, ""3"": {""effect"": 0.10630884751960168, ""n_state"": 2601, ""ok"": true}, ""4"": {""effect"": 0.10857821741915086, ""n_state"": 2537, ""ok"": true}}"
extension_reversion,body_atr,4,,24,move_ge_1atr,10429,47660,0.12370526003883664,0.9949180170677917,0.8712127570289551,5.2321277899798864e-301,3.8119788184139173e-300,10517,47494,0.12104847470181235,7.397928972900818e-295,1,4.192159751310464e-294,4,"{""1"": {""effect"": 0.10416478047740263, ""n_state"": 2462, ""ok"": true}, ""2"": {""effect"": 0.10414938355732983, ""n_state"": 2665, ""ok"": true}, ""3"": {""effect"": 0.10125733901804057, ""n_state"": 2637, ""ok"": true}, ""4"": {""effect"": 0.10563554350607118, ""n_state"": 2753, ""ok"": true}}"
extension_reversion,ret3_atr,1,,3,move_ge_1atr,12364,56368,0.1575206598630453,0.7090747330960854,0.5515540732330401,1.3605744665548034e-226,1.0748538285782947e-225,11871,56641,0.18320610814176452,1.0954375542829347e-293,1,7.777606635408836e-293,4,"{""1"": {""effect"": 0.18057462238654842, ""n_state"": 2836, ""ok"": true}, ""2"": {""effect"": 0.1699923004823355, ""n_state"": 3006, ""ok"": true}, ""3"": {""effect"": 0.11497045971254605, ""n_state"": 3106, ""ok"": true}, ""4"": {""effect"": 0.17067926292284885, ""n_state"": 2923, ""ok"": true}}"
extension_reversion,ret3_atr,1,,6,move_ge_1atr,12128,55008,0.1476020854150646,0.897674802110818,0.7500727166957534,1.8490989758366433e-273,1.664189078252979e-272,11588,55343,0.15666161013709146,2.6298533040217e-289,1,2.156479709297794e-288,4,"{""1"": {""effect"": 0.14567576573487173, ""n_state"": 2762, ""ok"": true}, ""2"": {""effect"": 0.14204484121973338, ""n_state"": 2933, ""ok"": true}, ""3"": {""effect"": 0.12099055279540294, ""n_state"": 3015, ""ok"": true}, ""4"": {""effect"": 0.13383741554279016, ""n_state"": 2878, ""ok"": true}}"
extension_reversion,ret12_atr,4,,24,move_ge_1atr,10514,47575,0.12374418174361224,0.9947688795891193,0.8710246978455071,4.277004304446806e-303,3.355803377335186e-302,10331,47680,0.12069099834082475,4.18562934858509e-289,1,2.24702207134568e-288,4,"{""1"": {""effect"": 0.10470540901533909, ""n_state"": 2493, ""ok"": true}, ""2"": {""effect"": 0.10148204861963517, ""n_state"": 2519, ""ok"": true}, ""3"": {""effect"": 0.10312472863553868, ""n_state"": 2515, ""ok"": true}, ""4"": {""effect"": 0.10580949427349129, ""n_state"": 2804, ""ok"": true}}"
extension_reversion,ret12_atr,1,,12,move_ge_1atr,11465,52500,0.1296040288247876,0.9781945050152638,0.8485904761904762,1.535012836162655e-309,1.3117382418117234e-308,11150,52654,0.12625134625385015,5.225464990640515e-289,1,4.09328090933507e-288,4,"{""1"": {""effect"": 0.11026822241856238, ""n_state"": 2675, ""ok"": true}, ""2"": {""effect"": 0.10537809543417576, ""n_state"": 2819, ""ok"": true}, ""3"": {""effect"": 0.10601378669930295, ""n_state"": 2907, ""ok"": true}, ""4"": {""effect"": 0.11443313682994705, ""n_state"": 2749, ""ok"": true}}"
extension_reversion,body_atr,1,,24,move_ge_1atr,10514,47575,0.12606679620726402,0.9966711051930759,0.8706043089858119,1.695041611e-314,1.5717658574e-313,9876,48135,0.12168979483961995,1.0945515216643082e-283,1,5.539509309928555e-283,4,"{""1"": {""effect"": 0.1059466751628978, ""n_state"": 2355, ""ok"": true}, ""2"": {""effect"": 0.10489319064364144, ""n_state"": 2429, ""ok"": true}, ""3"": {""effect"": 0.10477984838133925, ""n_state"": 2513, ""ok"": true}, ""4"": {""effect"": 0.10623919726203135, ""n_state"": 2579, ""ok"": true}}"
extension_reversion,ret12_atr,3,,24,move_ge_1atr,10397,47692,0.12336890707712023,0.9947100125036068,0.8713411054264866,1.133734845959008e-298,7.227559642988676e-298,10259,47752,0.11987072108320118,1.1404872108676438e-283,1,5.539509309928555e-283,4,"{""1"": {""effect"": 0.10246347430354574, ""n_state"": 2461, ""ok"": true}, ""2"": {""effect"": 0.10412354864081452, ""n_state"": 2557, ""ok"": true}, ""3"": {""effect"": 0.10202591260675564, ""n_state"": 2546, ""ok"": true}, ""4"": {""effect"": 0.1042671949498184, ""n_state"": 2695, ""ok"": true}}"
extension_reversion,body_atr,1,,6,move_ge_1atr,12122,55014,0.13896707440376932,0.8906121102128361,0.7516450358090668,1.5005547332934205e-242,1.227726599967344e-241,11451,55480,0.15248350751520368,1.209092731714411e-271,1,9.01323672732561e-271,4,"{""1"": {""effect"": 0.14390194999142558, ""n_state"": 2755, ""ok"": true}, ""2"": {""effect"": 0.13218915810987386, ""n_state"": 2837, ""ok"": true}, ""3"": {""effect"": 0.12254844538505827, ""n_state"": 2919, ""ok"": true}, ""4"": {""effect"": 0.13020301962106284, ""n_state"": 2940, ""ok"": true}}"
extension_reversion,ret3_atr,2,,12,move_ge_1atr,11505,52460,0.1165476794637349,0.9674054758800521,0.8508577964163172,2.092516374162785e-251,1.513050301317706e-250,11641,52163,0.11665506696090377,1.8523203263850895e-255,1,1.3393700821553722e-254,4,"{""1"": {""effect"": 0.1005966270149693, ""n_state"": 2766, ""ok"": true}, ""2"": {""effect"": 0.0984922815488447, ""n_state"": 2884, ""ok"": true}, ""3"": {""effect"": 0.09399222856171274, ""n_state"": 2970, ""ok"": true}, ""4"": {""effect"": 0.10655327323022445, ""n_state"": 3021, ""ok"": true}}"
extension_reversion,ret12_atr,2,,12,move_ge_1atr,11502,52463,0.11218454898485508,0.9638323769779169,0.8516478279930618,4.812444501705176e-233,2.827311144751791e-232,11701,52103,0.11636213211443014,3.3935137512603876e-255,1,2.2785020901319742e-254,4,"{""1"": {""effect"": 0.10314423720376498, ""n_state"": 2606, ""ok"": true}, ""2"": {""effect"": 0.095932415407467, ""n_state"": 3007, ""ok"": true}, ""3"": {""effect"": 0.1008800503878895, ""n_state"": 3095, ""ok"": true}, ""4"": {""effect"": 0.0988890760181117, ""n_state"": 2993, ""ok"": true}}"
extension_reversion,ret12_atr,1,,6,move_ge_1atr,12046,55090,0.13641680088371844,0.8886767391665283,0.7522599382828099,1.132791027458538e-232,8.495932705939035e-232,11714,55217,0.14251797251150922,7.80548080744831e-242,1,5.3337452184230114e-241,4,"{""1"": {""effect"": 0.13124778381745816, ""n_state"": 2832, ""ok"": true}, ""2"": {""effect"": 0.12284424912944558, ""n_state"": 2951, ""ok"": true}, ""3"": {""effect"": 0.113076711583045, ""n_state"": 3071, ""ok"": true}, ""4"": {""effect"": 0.125448630905858, ""n_state"": 2860, ""ok"": true}}"
extension_reversion,body_atr,2,,12,move_ge_1atr,11491,52474,0.11392221669960256,0.9652771734400836,0.851354956740481,4.479432848881613e-240,2.8071112519658107e-239,11673,52131,0.11305928527396003,1.36850550673088e-240,1,8.575967842180182e-240,4,"{""1"": {""effect"": 0.10121710961148023, ""n_state"": 2727, ""ok"": true}, ""2"": {""effect"": 0.09361800444351442, ""n_state"": 2945, ""ok"": true}, ""3"": {""effect"": 0.09341484589914406, ""n_state"": 3002, ""ok"": true}, ""4"": {""effect"": 0.09931816484945688, ""n_state"": 2999, ""ok"": true}}"
extension_reversion,body_atr,3,,12,move_ge_1atr,11445,52520,0.10652267691735395,0.9592835299257317,0.8527608530083778,1.6258233903128423e-209,7.277495175686056e-209,12236,51568,0.11021637042599075,4.1046015659883347e-237,1,2.4114534200181468e-236,4,"{""1"": {""effect"": 0.09865821719765733, ""n_state"": 3002, ""ok"": true}, ""2"": {""effect"": 0.08327002386722726, ""n_state"": 2963, ""ok"": true}, ""3"": {""effect"": 0.08885278678779696, ""n_state"": 3192, ""ok"": true}, ""4"": {""effect"": 0.10341233747088974, ""n_state"": 3079, ""ok"": true}}"
extension_reversion,body_atr,4,,12,move_ge_1atr,11564,52401,0.11392625368807507,0.9651504669664476,0.8512242132783725,2.8560988773449682e-241,1.9176663890744786e-240,11590,52214,0.1098324334780344,6.2924893506159625e-226,1,3.479376464458238e-225,4,"{""1"": {""effect"": 0.09660526451905649, ""n_state"": 2726, ""ok"": true}, ""2"": {""effect"": 0.09091368109978859, ""n_state"": 2954, ""ok"": true}, ""3"": {""effect"": 0.09004062923221168, ""n_state"": 2900, ""ok"": true}, ""4"": {""effect"": 0.09911279275789697, ""n_state"": 3010, ""ok"": true}}"
extension_reversion,ret12_atr,4,,12,move_ge_1atr,11562,52403,0.11138079277506496,0.9630686732399238,0.8516878804648589,1.1317131901466497e-230,6.25770822786971e-230,11334,52470,0.11030655748935358,5.838860969609156e-224,1,3.0491829507958923e-223,4,"{""1"": {""effect"": 0.10056981448429825, ""n_state"": 2764, ""ok"": true}, ""2"": {""effect"": 0.09066118008503499, ""n_state"": 2737, ""ok"": true}, ""3"": {""effect"": 0.08494980611953162, ""n_state"": 2778, ""ok"": true}, ""4"": {""effect"": 0.10278918871968123, ""n_state"": 3055, ""ok"": true}}"
extension_reversion,ret3_atr,4,,12,move_ge_1atr,11467,52498,0.10687500624382718,0.9595360599982559,0.8526610537544287,3.3343083557582343e-211,1.56712492720637e-210,11705,52099,0.10717733945868302,7.055386033374872e-217,1,3.31603143568619e-216,4,"{""1"": {""effect"": 0.0981223242382473, ""n_state"": 2778, ""ok"": true}, ""2"": {""effect"": 0.0859666128385117, ""n_state"": 2874, ""ok"": true}, ""3"": {""effect"": 0.08945112907224606, ""n_state"": 2908, ""ok"": true}, ""4"": {""effect"": 0.09346048754235114, ""n_state"": 3145, ""ok"": true}}"
extension_reversion,ret3_atr,3,,12,move_ge_1atr,11439,52526,0.1072297101944013,0.9598741148701809,0.8526444046757796,3.4254603255504555e-212,1.694701424219699e-211,11780,52024,0.10691393707018337,6.9681407922498144e-217,1,3.31603143568619e-216,4,"{""1"": {""effect"": 0.09243638042069824, ""n_state"": 2822, ""ok"": true}, ""2"": {""effect"": 0.08727516779607891, ""n_state"": 2928, ""ok"": true}, ""3"": {""effect"": 0.08537510049095187, ""n_state"": 3022, ""ok"": true}, ""4"": {""effect"": 0.10048216270527321, ""n_state"": 3008, ""ok"": true}}"
extension_reversion,body_atr,1,,3,move_ge_1atr,12375,56357,0.1396346501729685,0.6943838383838384,0.5547491882108699,1.2600073777391059e-178,8.29504857011578e-178,11736,56776,0.1568542983925445,6.40069381838946e-214,1,4.131356919142288e-213,4,"{""1"": {""effect"": 0.1454834931673633, ""n_state"": 2828, ""ok"": true}, ""2"": {""effect"": 0.13400636942246302, ""n_state"": 2921, ""ok"": true}, ""3"": {""effect"": 0.12444124231692921, ""n_state"": 3000, ""ok"": true}, ""4"": {""effect"": 0.13978833114678424, ""n_state"": 2987, ""ok"": true}}"
extension_reversion,ret12_atr,3,,12,move_ge_1atr,11561,52404,0.10989664504369223,0.9618545108554624,0.8519578658117701,1.3157705576461174e-224,6.871246245485279e-224,11357,52447,0.10701735618318242,2.9365143876840994e-211,1,1.3144397735347875e-210,4,"{""1"": {""effect"": 0.09418766351198438, ""n_state"": 2767, ""ok"": true}, ""2"": {""effect"": 0.08742262925025845, ""n_state"": 2790, ""ok"": true}, ""3"": {""effect"": 0.08910511977142099, ""n_state"": 2844, ""ok"": true}, ""4"": {""effect"": 0.09733061855233582, ""n_state"": 2956, ""ok"": true}}"
extension_reversion,ret12_atr,1,,3,move_ge_1atr,12366,56366,0.141510506449527,0.6959404819666828,0.5544299755171558,2.676859749720056e-183,1.9224720020716766e-182,12040,56472,0.1526821630123698,6.735583668435273e-207,1,3.9852203371575364e-206,4,"{""1"": {""effect"": 0.14397922932473017, ""n_state"": 2914, ""ok"": true}, ""2"": {""effect"": 0.13869824262968267, ""n_state"": 3029, ""ok"": true}, ""3"": {""effect"": 0.10154600469010899, ""n_state"": 3174, ""ok"": true}, ""4"": {""effect"": 0.14459192998508885, ""n_state"": 2923, ""ok"": true}}"
extension_reversion,body_atr,5,5.0,24,move_ge_1atr,1239,56850,-0.2201517523068438,0.6779661016949152,0.898117854001759,3.033455126099823e-136,1.4064201039190087e-135,1205,56806,-0.2507989556944411,2.5073258884575683e-174,-1,1.1624874573757817e-173,4,"{""1"": {""effect"": -0.3112416317283616, ""n_state"": 263, ""ok"": true}, ""2"": {""effect"": -0.2496275554187628, ""n_state"": 343, ""ok"": true}, ""3"": {""effect"": -0.24100743407865377, ""n_state"": 302, ""ok"": true}, ""4"": {""effect"": -0.19266459514926093, ""n_state"": 297, ""ok"": true}}"
extension_reversion,ret3_atr,5,5.0,24,move_ge_1atr,1276,56813,-0.21635653171569247,0.6818181818181818,0.8981747135338742,1.9299748758663704e-135,8.55901901471173e-135,1212,56799,-0.24960674248378723,1.1562333672869354e-173,-1,5.1276436288377135e-173,4,"{""1"": {""effect"": -0.30120595927108096, ""n_state"": 272, ""ok"": true}, ""2"": {""effect"": -0.24875027141481998, ""n_state"": 341, ""ok"": true}, ""3"": {""effect"": -0.2478298421964723, ""n_state"": 299, ""ok"": true}, ""4"": {""effect"": -0.18969624508325966, ""n_state"": 300, ""ok"": true}}"
extension_reversion,ret12_atr,5,5.0,24,move_ge_1atr,1382,56707,-0.19027906339687006,0.7076700434153401,0.8979491068122102,1.4177600606128923e-113,6.025480257604792e-113,1298,56713,-0.22790818159186466,4.8278315635366254e-155,-1,2.0518284145030658e-154,4,"{""1"": {""effect"": -0.322118525153008, ""n_state"": 261, ""ok"": true}, ""2"": {""effect"": -0.21713169933364573, ""n_state"": 384, ""ok"": true}, ""3"": {""effect"": -0.18867459384034635, ""n_state"": 356, ""ok"": true}, ""4"": {""effect"": -0.1892802649638079, ""n_state"": 297, ""ok"": true}}"
extension_reversion,body_atr,5,5.0,12,move_ge_1atr,1805,62160,-0.1976186465452393,0.6797783933518006,0.8773970398970399,2.4980186190842653e-135,1.0673352281541862e-134,1863,61941,-0.19450871655669622,6.091046871321554e-136,-1,2.6025382086555732e-135,4,"{""1"": {""effect"": -0.23961426096446004, ""n_state"": 438, ""ok"": true}, ""2"": {""effect"": -0.18777411980881342, ""n_state"": 507, ""ok"": true}, ""3"": {""effect"": -0.1813449724788173, ""n_state"": 462, ""ok"": true}, ""4"": {""effect"": -0.15447835348933048, ""n_state"": 456, ""ok"": true}}"
extension_reversion,ret3_atr,5,5.0,12,move_ge_1atr,1857,62108,-0.18799449837046245,0.6892837910608508,0.8772782894313133,4.9653155965391396e-126,2.0293028959768657e-125,1913,61891,-0.19099713462658663,1.65257404866729e-134,-1,6.753998285857619e-134,4,"{""1"": {""effect"": -0.24336753814676404, ""n_state"": 439, ""ok"": true}, ""2"": {""effect"": -0.1699752975920923, ""n_state"": 534, ""ok"": true}, ""3"": {""effect"": -0.18009864541568354, ""n_state"": 477, ""ok"": true}, ""4"": {""effect"": -0.1589229922593547, ""n_state"": 463, ""ok"": true}}"
extension_reversion,ret12_atr,2,,6,move_ge_1atr,12125,55011,0.09049322206786392,0.8508865979381444,0.7603933758702804,4.8924466117162437e-104,2.096762833592676e-103,12324,54607,0.10219675996256083,2.4479798935125268e-130,1,1.54411039436944e-129,4,"{""1"": {""effect"": 0.09766405045667947, ""n_state"": 2754, ""ok"": true}, ""2"": {""effect"": 0.08699568640549882, ""n_state"": 3173, ""ok"": true}, ""3"": {""effect"": 0.09059555036367994, ""n_state"": 3239, ""ok"": true}, ""4"": {""effect"": 0.07559889704187184, ""n_state"": 3158, ""ok"": true}}"
extension_reversion,ret3_atr,1,2.0,3,move_ge_1atr,2897,65835,0.19246093812160348,0.76423886779427,0.5717779296726665,9.355349534494479e-94,4.619203832656649e-93,2644,65868,0.23041746629921467,1.5328987268336156e-121,1,8.371985354245132e-121,4,"{""1"": {""effect"": 0.20993143159044136, ""n_state"": 639, ""ok"": true}, ""2"": {""effect"": 0.25838995767899264, ""n_state"": 665, ""ok"": true}, ""3"": {""effect"": 0.2088638942874841, ""n_state"": 741, ""ok"": true}, ""4"": {""effect"": 0.21820493257515683, ""n_state"": 599, ""ok"": true}}"
extension_reversion,ret3_atr,5,5.0,6,move_ge_1atr,2072,65064,-0.22230425213641736,0.5612934362934363,0.7835976884298537,1.8267628104061193e-126,1.264681945665775e-125,2194,64737,-0.213380789636052,4.4334764247006e-120,-1,2.596750477324637e-119,4,"{""1"": {""effect"": -0.30701570707395115, ""n_state"": 554, ""ok"": true}, ""2"": {""effect"": -0.17391636879969663, ""n_state"": 604, ""ok"": true}, ""3"": {""effect"": -0.19306710712694275, ""n_state"": 508, ""ok"": true}, ""4"": {""effect"": -0.15787641827975096, ""n_state"": 528, ""ok"": true}}"
extension_reversion,ret3_atr,2,,6,move_ge_1atr,12112,55024,0.09521266185563604,0.8547721268163805,0.7595594649607444,7.224060149435515e-115,4.3344360896613095e-114,12231,54700,0.09684218345896944,1.451270319067774e-116,1,7.933611077570498e-116,4,"{""1"": {""effect"": 0.08798899578830122, ""n_state"": 2896, ""ok"": true}, ""2"": {""effect"": 0.07340008402097697, ""n_state"": 3027, ""ok"": true}, ""3"": {""effect"": 0.08105517434919352, ""n_state"": 3148, ""ok"": true}, ""4"": {""effect"": 0.08932489153734213, ""n_state"": 3160, ""ok"": true}}"
extension_reversion,ret12_atr,5,5.0,6,move_ge_1atr,2245,64891,-0.2017458778484763,0.5817371937639199,0.7834830716123962,9.058976630307532e-113,4.529488315153766e-112,2464,64467,-0.19730922561004238,6.509474620292542e-115,-1,3.3361057428999276e-114,4,"{""1"": {""effect"": -0.2652897380106557, ""n_state"": 564, ""ok"": true}, ""2"": {""effect"": -0.1701914945028392, ""n_state"": 715, ""ok"": true}, ""3"": {""effect"": -0.15068752678512287, ""n_state"": 638, ""ok"": true}, ""4"": {""effect"": -0.1922480384471843, ""n_state"": 547, ""ok"": true}}"
extension_reversion,ret12_atr,5,5.0,12,move_ge_1atr,1962,62003,-0.18272599943085843,0.6946992864424058,0.8774252858732642,1.3622772246069545e-125,5.335585796377238e-125,2098,61706,-0.16454646695296749,1.5627095065217469e-109,-1,6.120612233876842e-109,4,"{""1"": {""effect"": -0.2535447688681295, ""n_state"": 414, ""ok"": true}, ""2"": {""effect"": -0.13591938817506288, ""n_state"": 630, ""ok"": true}, ""3"": {""effect"": -0.12729394677463568, ""n_state"": 576, ""ok"": true}, ""4"": {""effect"": -0.15205438233742197, ""n_state"": 478, ""ok"": true}}"
extension_reversion,ret12_atr,1,2.0,3,move_ge_1atr,2836,65896,0.20096932671442092,0.7725669957686883,0.5715976690542673,4.898273398137823e-100,2.7640257032349146e-99,2578,65934,0.22092487673041084,2.9606371272437915e-109,1,1.501465971673637e-108,4,"{""1"": {""effect"": 0.2155827372279432, ""n_state"": 601, ""ok"": true}, ""2"": {""effect"": 0.25108160956995085, ""n_state"": 666, ""ok"": true}, ""3"": {""effect"": 0.19692046621048998, ""n_state"": 663, ""ok"": true}, ""4"": {""effect"": 0.19442370579939838, ""n_state"": 648, ""ok"": true}}"
extension_reversion,ret12_atr,1,2.0,6,move_ge_1atr,2836,64300,0.1767817244185511,0.9460507757404796,0.7692690513219285,1.8382078332591683e-108,8.707300262806586e-108,2578,64353,0.18765196091568115,1.153483562534914e-108,1,5.563861889874291e-108,4,"{""1"": {""effect"": 0.2018248895691963, ""n_state"": 601, ""ok"": true}, ""2"": {""effect"": 0.19148998844162202, ""n_state"": 666, ""ok"": true}, ""3"": {""effect"": 0.17300855040745466, ""n_state"": 663, ""ok"": true}, ""4"": {""effect"": 0.16376769139732494, ""n_state"": 648, ""ok"": true}}"
extension_reversion,body_atr,5,5.0,6,move_ge_1atr,2036,65100,-0.21295932810033835,0.5702357563850687,0.7831950844854071,2.6955030139434453e-114,1.516220445343188e-113,2137,64794,-0.20399278724875436,3.33794711735517e-107,-1,1.5206203534617996e-106,4,"{""1"": {""effect"": -0.2705807034721699, ""n_state"": 546, ""ok"": true}, ""2"": {""effect"": -0.1888382214890545, ""n_state"": 573, ""ok"": true}, ""3"": {""effect"": -0.16210627987650195, ""n_state"": 507, ""ok"": true}, ""4"": {""effect"": -0.17085197618664605, ""n_state"": 511, ""ok"": true}}"
extension_reversion,ret3_atr,1,2.0,6,move_ge_1atr,2897,64239,0.17849754237206494,0.9475319295823266,0.7690343872102616,9.050481502002349e-113,4.529488315153766e-112,2644,64287,0.180512363866019,4.0153224289016056e-103,1,1.7329286272101667e-102,4,"{""1"": {""effect"": 0.18803841910787455, ""n_state"": 639, ""ok"": true}, ""2"": {""effect"": 0.17167819194864897, ""n_state"": 665, ""ok"": true}, ""3"": {""effect"": 0.17690497176267805, ""n_state"": 741, ""ok"": true}, ""4"": {""effect"": 0.16296822570170366, ""n_state"": 599, ""ok"": true}}"
extension_reversion,body_atr,2,,6,move_ge_1atr,12131,55005,0.09783728940761982,0.8568955568378535,0.7590582674302336,2.5298833274604176e-121,1.6263535676531255e-120,12277,54654,0.08784784819980118,1.5424719361903206e-96,1,6.324134938380315e-96,4,"{""1"": {""effect"": 0.07512945002991067, ""n_state"": 2886, ""ok"": true}, ""2"": {""effect"": 0.0812470574576748, ""n_state"": 3101, ""ok"": true}, ""3"": {""effect"": 0.07100446546039296, ""n_state"": 3171, ""ok"": true}, ""4"": {""effect"": 0.07345958060073343, ""n_state"": 3119, ""ok"": true}}"
extension_reversion,ret3_atr,1,3.0,3,move_ge_1atr,2516,66216,0.22030482500495085,0.7921303656597775,0.5718255406548266,5.0060449494420666e-107,3.0421350077378713e-106,2402,66110,0.21220585729307662,1.941804910212309e-94,1,9.191209908338263e-94,4,"{""1"": {""effect"": 0.2580583829481571, ""n_state"": 586, ""ok"": true}, ""2"": {""effect"": 0.18449402412392557, ""n_state"": 591, ""ok"": true}, ""3"": {""effect"": 0.20242144391726957, ""n_state"": 623, ""ok"": true}, ""4"": {""effect"": 0.1824368875945347, ""n_state"": 602, ""ok"": true}}"
extension_reversion,body_atr,1,2.0,6,move_ge_1atr,2837,64299,0.1683394698201881,0.937962636587945,0.7696231667677569,1.4540285793715854e-98,5.948298733792849e-98,2593,64338,0.17275837403113192,6.700961425193064e-93,1,2.6165658898372918e-92,4,"{""1"": {""effect"": 0.17652781919759097, ""n_state"": 617, ""ok"": true}, ""2"": {""effect"": 0.15466711077429085, ""n_state"": 650, ""ok"": true}, ""3"": {""effect"": 0.17755755394584816, ""n_state"": 732, ""ok"": true}, ""4"": {""effect"": 0.16066187194667536, ""n_state"": 594, ""ok"": true}}"
extension_reversion,ret12_atr,5,5.0,3,move_ge_1atr,2392,66340,-0.18975468928182881,0.3967391304347826,0.5864938197166114,3.434213844377445e-76,1.1304287237742422e-75,2632,65880,-0.19854188235771775,2.3611561811856483e-90,-1,1.0477630554011314e-89,4,"{""1"": {""effect"": -0.252275608442695, ""n_state"": 644, ""ok"": true}, ""2"": {""effect"": -0.1609823482553852, ""n_state"": 751, ""ok"": true}, ""3"": {""effect"": -0.18404886792668712, ""n_state"": 653, ""ok"": true}, ""4"": {""effect"": -0.17777888917032214, ""n_state"": 584, ""ok"": true}}"
extension_reversion,ret3_atr,1,3.0,6,move_ge_1atr,2461,64675,0.16891047303532325,0.9394555058919138,0.7705450328565906,8.092585470159867e-87,2.697528490053289e-86,2335,64596,0.1738811732231813,3.007047850398925e-85,1,1.120808744239599e-84,4,"{""1"": {""effect"": 0.1727990188236549, ""n_state"": 564, ""ok"": true}, ""2"": {""effect"": 0.16625616148399247, ""n_state"": 569, ""ok"": true}, ""3"": {""effect"": 0.18018191617396473, ""n_state"": 603, ""ok"": true}, ""4"": {""effect"": 0.15791465141655514, ""n_state"": 599, ""ok"": true}}"
extension_reversion,ret12_atr,1,2.0,12,move_ge_1atr,2836,61129,0.12969857427220255,0.995768688293371,0.8660701140211684,1.0102526540145541e-90,3.7985499790947233e-90,2578,61226,0.13066757438395393,1.1653403232318483e-84,1,4.381679615351749e-84,4,"{""1"": {""effect"": 0.1285382023005237, ""n_state"": 601, ""ok"": true}, ""2"": {""effect"": 0.12563585156952062, ""n_state"": 666, ""ok"": true}, ""3"": {""effect"": 0.1271402845359173, ""n_state"": 663, ""ok"": true}, ""4"": {""effect"": 0.12551577164598893, ""n_state"": 648, ""ok"": true}}"
extension_reversion,ret3_atr,1,2.0,12,move_ge_1atr,2897,61068,0.12666741188752528,0.9927511218501899,0.8660837099626646,2.3518699775093964e-88,8.502914534072433e-88,2644,61160,0.12888626246575285,2.163432186098467e-84,1,7.821639442048303e-84,4,"{""1"": {""effect"": 0.1286155307527903, ""n_state"": 639, ""ok"": true}, ""2"": {""effect"": 0.1210705059739895, ""n_state"": 665, ""ok"": true}, ""3"": {""effect"": 0.1274581725709545, ""n_state"": 741, ""ok"": true}, ""4"": {""effect"": 0.12179305249803918, ""n_state"": 599, ""ok"": true}}"
extension_reversion,body_atr,1,2.0,3,move_ge_1atr,2837,65895,0.18340828220241112,0.7557278815650335,0.5723195993626223,1.151114768721739e-83,4.3303841299532086e-83,2593,65919,0.19264119604254115,5.465356463638774e-84,1,2.2825900524608997e-83,4,"{""1"": {""effect"": 0.17231660623832468, ""n_state"": 617, ""ok"": true}, ""2"": {""effect"": 0.18741128489264414, ""n_state"": 650, ""ok"": true}, ""3"": {""effect"": 0.19359064282224558, ""n_state"": 732, ""ok"": true}, ""4"": {""effect"": 0.19426912409626862, ""n_state"": 594, ""ok"": true}}"
extension_reversion,body_atr,1,2.0,12,move_ge_1atr,2837,61128,0.12748919191252384,0.9936552696510398,0.866166077738516,9.4525246223342e-88,3.2757077762802197e-87,2593,61211,0.12910332737078345,3.8542612104368686e-83,1,1.3418539028928358e-82,4,"{""1"": {""effect"": 0.126934178729448, ""n_state"": 617, ""ok"": true}, ""2"": {""effect"": 0.12552934097602686, ""n_state"": 650, ""ok"": true}, ""3"": {""effect"": 0.12604122480890956, ""n_state"": 732, ""ok"": true}, ""4"": {""effect"": 0.12172667986621477, ""n_state"": 594, ""ok"": true}}"
extension_reversion,ret12_atr,4,,6,move_ge_1atr,12115,55021,0.08790937985986258,0.8487825010317788,0.7608731211719162,3.15254981977867e-98,1.2336064512177405e-97,11868,55063,0.08244339001192247,4.4324479728032604e-83,1,1.5802640598689885e-82,4,"{""1"": {""effect"": 0.0753652085663763, ""n_state"": 2890, ""ok"": true}, ""2"": {""effect"": 0.0652277788284249, ""n_state"": 2884, ""ok"": true}, ""3"": {""effect"": 0.06436016831178248, ""n_state"": 2928, ""ok"": true}, ""4"": {""effect"": 0.07835244592591872, ""n_state"": 3166, ""ok"": true}}"
extension_reversion,body_atr,4,,6,move_ge_1atr,12129,55007,0.08271095210132551,0.8445049055981532,0.7617939534968277,2.9876125054954275e-87,1.034173559594571e-86,12146,54785,0.08120580216414452,4.243258369300211e-82,1,1.4497799428442388e-81,4,"{""1"": {""effect"": 0.08098233627284301, ""n_state"": 2868, ""ok"": true}, ""2"": {""effect"": 0.0632949572242878, ""n_state"": 3089, ""ok"": true}, ""3"": {""effect"": 0.06886300115917376, ""n_state"": 3050, ""ok"": true}, ""4"": {""effect"": 0.06620661982599874, ""n_state"": 3139, ""ok"": true}}"
extension_reversion,ret12_atr,5,2.0,24,move_ge_1atr,2808,55281,0.111243032296378,0.9992877492877493,0.8880447169913713,1.6434245206869919e-77,5.587643370335772e-77,2925,55086,0.11017318374904694,2.946212759550514e-80,1,1.2020548058966096e-79,4,"{""1"": {""effect"": 0.10611252928628878, ""n_state"": 817, ""ok"": true}, ""2"": {""effect"": 0.10575013068478833, ""n_state"": 621, ""ok"": true}, ""3"": {""effect"": 0.10596986258315721, ""n_state"": 740, ""ok"": true}, ""4"": {""effect"": 0.10598281642917018, ""n_state"": 747, ""ok"": true}}"
extension_reversion,ret12_atr,5,2.0,12,move_ge_1atr,2808,61157,0.12810515665462763,0.9943019943019943,0.8661968376473667,9.757427418707038e-88,3.2757077762802197e-87,2925,60879,0.1187544692477428,5.109391638861256e-79,1,1.7152957644748501e-78,4,"{""1"": {""effect"": 0.11782019716566794, ""n_state"": 817, ""ok"": true}, ""2"": {""effect"": 0.09605622988694518, ""n_state"": 621, ""ok"": true}, ""3"": {""effect"": 0.126087098134542, ""n_state"": 740, ""ok"": true}, ""4"": {""effect"": 0.11529034768249768, ""n_state"": 747, ""ok"": true}}"
extension_reversion,ret3_atr,5,2.0,24,move_ge_1atr,2839,55250,0.1113136261413824,0.9992955265938711,0.8879819004524887,2.121616650643815e-78,7.728746370202469e-78,2796,55215,0.10991578375441458,1.261280664422979e-76,1,4.9481010681209173e-76,4,"{""1"": {""effect"": 0.10597541384368236, ""n_state"": 743, ""ok"": true}, ""2"": {""effect"": 0.10580543933054398, ""n_state"": 651, ""ok"": true}, ""3"": {""effect"": 0.1059735633588853, ""n_state"": 742, ""ok"": true}, ""4"": {""effect"": 0.10582204320761623, ""n_state"": 660, ""ok"": true}}"
extension_reversion,body_atr,1,3.0,6,move_ge_1atr,2501,64635,0.16254519001558498,0.9332267093162735,0.7706815193006885,9.09997732822833e-82,2.8241308949674128e-81,2346,64585,0.16406081691085472,1.955227601789128e-76,1,6.413146533868339e-76,4,"{""1"": {""effect"": 0.17493379040168844, ""n_state"": 584, ""ok"": true}, ""2"": {""effect"": 0.1640829673330807, ""n_state"": 580, ""ok"": true}, ""3"": {""effect"": 0.16558958117281009, ""n_state"": 549, ""ok"": true}, ""4"": {""effect"": 0.1365515280544063, ""n_state"": 633, ""ok"": true}}"
extension_reversion,ret12_atr,3,,6,move_ge_1atr,12140,54996,0.07938004896686812,0.8417627677100494,0.7623827187431813,1.432194185590368e-80,4.2965825567711045e-80,11898,55033,0.07879967537440824,3.2964723298966755e-76,1,1.0360808441418314e-75,4,"{""1"": {""effect"": 0.07241757554689232, ""n_state"": 2877, ""ok"": true}, ""2"": {""effect"": 0.0542958786219353, ""n_state"": 2938, ""ok"": true}, ""3"": {""effect"": 0.0750517629482571, ""n_state"": 2995, ""ok"": true}, ""4"": {""effect"": 0.06934678306132946, ""n_state"": 3088, ""ok"": true}}"
extension_reversion,body_atr,3,,6,move_ge_1atr,12080,55056,0.07530680381299903,0.8384933774834437,0.7631865736704446,1.9861035668600173e-72,4.831062730200041e-72,12887,54044,0.07639762064262612,3.4114857063206645e-76,1,1.0360808441418314e-75,4,"{""1"": {""effect"": 0.07466169942863077, ""n_state"": 3153, ""ok"": true}, ""2"": {""effect"": 0.040560358586966716, ""n_state"": 3125, ""ok"": true}, ""3"": {""effect"": 0.06227463056780447, ""n_state"": 3357, ""ok"": true}, ""4"": {""effect"": 0.0812056229829089, ""n_state"": 3252, ""ok"": true}}"
extension_reversion,ret3_atr,5,2.0,12,move_ge_1atr,2839,61126,0.12602365514423652,0.9922507925325819,0.8662271373883453,7.611606522553093e-86,2.4672103900689336e-85,2796,61008,0.1182010605236884,4.377880937021396e-75,1,1.419037269241418e-74,4,"{""1"": {""effect"": 0.113848363575758, ""n_state"": 743, ""ok"": true}, ""2"": {""effect"": 0.11156870801880392, ""n_state"": 651, ""ok"": true}, ""3"": {""effect"": 0.11791706976260308, ""n_state"": 742, ""ok"": true}, ""4"": {""effect"": 0.11334842150121516, ""n_state"": 660, ""ok"": true}}"
extension_reversion,body_atr,5,2.0,12,move_ge_1atr,2828,61137,0.12374966335143744,0.9900990099009901,0.8663493465495526,1.5232003328010065e-82,4.7726943761098204e-82,2682,61122,0.12007034451286669,1.7870467188494946e-74,1,5.599413052395083e-74,4,"{""1"": {""effect"": 0.12103032334638053, ""n_state"": 662, ""ok"": true}, ""2"": {""effect"": 0.10942397969938611, ""n_state"": 632, ""ok"": true}, ""3"": {""effect"": 0.1205000706735424, ""n_state"": 731, ""ok"": true}, ""4"": {""effect"": 0.11327313170045428, ""n_state"": 657, ""ok"": true}}"
extension_reversion,ret3_atr,5,5.0,3,move_ge_1atr,2197,66535,-0.20501400370419792,0.38142922166590804,0.586443225370106,8.73558222894031e-82,3.136868164028566e-81,2361,66151,-0.1885906931026356,8.756458797298931e-74,-1,3.453936525601245e-73,4,"{""1"": {""effect"": -0.2398123775331979, ""n_state"": 620, ""ok"": true}, ""2"": {""effect"": -0.139399105498553, ""n_state"": 637, ""ok"": true}, ""3"": {""effect"": -0.18870879773931237, ""n_state"": 535, ""ok"": true}, ""4"": {""effect"": -0.1673614192316225, ""n_state"": 569, ""ok"": true}}"
extension_reversion,body_atr,5,2.0,24,move_ge_1atr,2828,55261,0.11166029089627838,0.9996463932107497,0.8879861023144713,1.3563857513579957e-78,5.12412394957465e-78,2682,55329,0.10968931301848939,1.978834383400648e-73,1,7.475596559513559e-73,4,"{""1"": {""effect"": 0.10582573366580061, ""n_state"": 662, ""ok"": true}, ""2"": {""effect"": 0.10577040380627056, ""n_state"": 632, ""ok"": true}, ""3"": {""effect"": 0.10595321229050281, ""n_state"": 731, ""ok"": true}, ""4"": {""effect"": 0.10581650800292919, ""n_state"": 657, ""ok"": true}}"
extension_reversion,ret3_atr,5,2.0,6,move_ge_1atr,2839,64297,0.16618360234470864,0.9358929200422684,0.7697093176975598,3.6172094825168136e-96,1.356453555943805e-95,2796,64135,0.1472932743242219,5.3006682733841614e-73,1,1.533293865873236e-72,4,"{""1"": {""effect"": 0.15801055210326698, ""n_state"": 743, ""ok"": true}, ""2"": {""effect"": 0.12997217965582863, ""n_state"": 651, ""ok"": true}, ""3"": {""effect"": 0.1701708034563605, ""n_state"": 742, ""ok"": true}, ""4"": {""effect"": 0.10692338574896554, ""n_state"": 660, ""ok"": true}}"
extension_reversion,ret3_atr,4,,6,move_ge_1atr,12076,55060,0.076851637173311,0.839764822789003,0.762913185615692,2.4685054335024014e-75,6.534279088682828e-75,12227,54704,0.07626045522123626,5.422624647600469e-73,1,1.533293865873236e-72,4,"{""1"": {""effect"": 0.07953978532882322, ""n_state"": 2906, ""ok"": true}, ""2"": {""effect"": 0.053164861580471956, ""n_state"": 3008, ""ok"": true}, ""3"": {""effect"": 0.06937632405074867, ""n_state"": 3047, ""ok"": true}, ""4"": {""effect"": 0.06003046507647358, ""n_state"": 3266, ""ok"": true}}"
extension_reversion,ret3_atr,1,2.0,24,move_ge_1atr,2897,55192,0.11144544743744045,0.9993096306523991,0.8878641832149586,4.577355006438198e-80,1.867560842626785e-79,2644,55367,0.10961403001788073,2.284427276407068e-72,1,8.321842221197176e-72,4,"{""1"": {""effect"": 0.10578330893118593, ""n_state"": 639, ""ok"": true}, ""2"": {""effect"": 0.10583126983573399, ""n_state"": 665, ""ok"": true}, ""3"": {""effect"": 0.10597171293871133, ""n_state"": 741, ""ok"": true}, ""4"": {""effect"": 0.10570960774750926, ""n_state"": 599, ""ok"": true}}"
extension_reversion,body_atr,1,3.0,3,move_ge_1atr,2564,66168,0.18926071696476854,0.7620904836193447,0.5728297666545762,6.489752691237755e-81,2.2290889678599248e-80,2405,66107,0.18493161106197553,2.91111492631147e-72,1,1.0878376829900756e-71,4,"{""1"": {""effect"": 0.21297782489966144, ""n_state"": 603, ""ok"": true}, ""2"": {""effect"": 0.17610058749671553, ""n_state"": 599, ""ok"": true}, ""3"": {""effect"": 0.19330273227788375, ""n_state"": 567, ""ok"": true}, ""4"": {""effect"": 0.14060564010361476, ""n_state"": 636, ""ok"": true}}"
extension_reversion,ret12_atr,1,3.0,3,move_ge_1atr,2372,66360,0.21461607034856123,0.7870994940978078,0.5724834237492465,3.631684319757125e-96,1.9126870750720858e-95,2311,66201,0.18826982021126792,4.4840185964621917e-72,1,1.591826601744078e-71,4,"{""1"": {""effect"": 0.1951469136981504, ""n_state"": 592, ""ok"": true}, ""2"": {""effect"": 0.19311637741424448, ""n_state"": 583, ""ok"": true}, ""3"": {""effect"": 0.18786511439551057, ""n_state"": 611, ""ok"": true}, ""4"": {""effect"": 0.15450953858825944, ""n_state"": 525, ""ok"": true}}"
extension_reversion,ret12_atr,5,2.0,6,move_ge_1atr,2808,64328,0.17577166841872727,0.9451566951566952,0.7693850267379679,2.9663909761877996e-106,1.3348759392845098e-105,2925,64006,0.1424680859246369,2.3891660237278475e-71,1,6.530387131522783e-71,4,"{""1"": {""effect"": 0.1415552432727285, ""n_state"": 817, ""ok"": true}, ""2"": {""effect"": 0.1151425828666458, ""n_state"": 621, ""ok"": true}, ""3"": {""effect"": 0.157694419956661, ""n_state"": 740, ""ok"": true}, ""4"": {""effect"": 0.13270609332045935, ""n_state"": 747, ""ok"": true}}"
extension_reversion,body_atr,1,2.0,24,move_ge_1atr,2837,55252,0.11130907470168849,0.9992950299612267,0.8879859552595382,2.421343183496071e-78,8.516448438503422e-78,2593,55418,0.10951315457071709,6.058619718801444e-71,1,2.1309627976474045e-70,4,"{""1"": {""effect"": 0.10574276056730669, ""n_state"": 617, ""ok"": true}, ""2"": {""effect"": 0.10580359477693901, ""n_state"": 650, ""ok"": true}, ""3"": {""effect"": 0.10595506206463101, ""n_state"": 732, ""ok"": true}, ""4"": {""effect"": 0.10570040231987043, ""n_state"": 594, ""ok"": true}}"
extension_reversion,body_atr,3,1.0,24,move_ge_1atr,2477,55612,0.11005980620500233,0.9987888574888979,0.8887290512838956,1.4242324598163792e-67,4.686184222621635e-67,2797,55214,0.10541012724708443,1.2042504887884753e-70,1,4.094451661880816e-70,4,"{""1"": {""effect"": 0.10032657959263647, ""n_state"": 722, ""ok"": true}, ""2"": {""effect"": 0.10428116028835865, ""n_state"": 658, ""ok"": true}, ""3"": {""effect"": 0.10180432619284563, ""n_state"": 732, ""ok"": true}, ""4"": {""effect"": 0.09995900001808078, ""n_state"": 685, ""ok"": true}}"
extension_reversion,ret12_atr,1,2.0,24,move_ge_1atr,2836,55253,0.1120482145765841,1.0,0.8879517854234159,2.461267067572754e-79,9.655740034323882e-79,2578,55433,0.10948352064654632,1.5870738211138765e-70,1,5.221984830761787e-70,4,"{""1"": {""effect"": 0.10571329036753174, ""n_state"": 601, ""ok"": true}, ""2"": {""effect"": 0.10583311535443374, ""n_state"": 666, ""ok"": true}, ""3"": {""effect"": 0.10582757899142081, ""n_state"": 663, ""ok"": true}, ""4"": {""effect"": 0.10579990586266408, ""n_state"": 648, ""ok"": true}}"
extension_reversion,body_atr,4,2.0,12,move_ge_1atr,2289,61676,0.12342183568348597,0.9908256880733946,0.8674038523899086,2.144756633201287e-67,5.600197875581138e-67,2389,61415,0.12271329484539761,9.595266606528369e-70,1,2.909532454882796e-69,4,"{""1"": {""effect"": 0.1182706667113147, ""n_state"": 591, ""ok"": true}, ""2"": {""effect"": 0.11864362838464126, ""n_state"": 611, ""ok"": true}, ""3"": {""effect"": 0.12135116463278772, ""n_state"": 567, ""ok"": true}, ""4"": {""effect"": 0.1188044747955791, ""n_state"": 620, ""ok"": true}}"
extension_reversion,ret12_atr,1,3.0,6,move_ge_1atr,2302,64834,0.1700136982861289,0.9409209383145091,0.7709072400283802,1.4311022800357343e-82,4.599971614400575e-82,2249,64682,0.1591623768993785,3.008929642261333e-69,1,7.893663455460819e-69,4,"{""1"": {""effect"": 0.1568566089610789, ""n_state"": 578, ""ok"": true}, ""2"": {""effect"": 0.16283539947702852, ""n_state"": 556, ""ok"": true}, ""3"": {""effect"": 0.16937645659639933, ""n_state"": 596, ""ok"": true}, ""4"": {""effect"": 0.12857737946237868, ""n_state"": 519, ""ok"": true}}"
extension_reversion,ret12_atr,2,2.0,6,move_ge_1atr,2209,64927,0.14941066626604504,0.9212313263920326,0.7718206601259876,9.215569675019737e-62,1.8431139350039474e-61,2375,64556,0.15502219207477141,3.080454031399344e-69,1,7.893663455460819e-69,4,"{""1"": {""effect"": 0.18271670677413443, ""n_state"": 536, ""ok"": true}, ""2"": {""effect"": 0.1312749478508668, ""n_state"": 630, ""ok"": true}, ""3"": {""effect"": 0.17659049172873964, ""n_state"": 669, ""ok"": true}, ""4"": {""effect"": 0.11029423332145083, ""n_state"": 540, ""ok"": true}}"
extension_reversion,ret12_atr,2,2.0,12,move_ge_1atr,2209,61756,0.12151115690596892,0.9891353553644183,0.8676241984584494,3.06498823204063e-63,7.027046190532177e-63,2375,61429,0.12175428200806926,2.6034177266658933e-68,1,7.647539572081062e-68,4,"{""1"": {""effect"": 0.12088023560518202, ""n_state"": 536, ""ok"": true}, ""2"": {""effect"": 0.11577216063871976, ""n_state"": 630, ""ok"": true}, ""3"": {""effect"": 0.1181023935825466, ""n_state"": 669, ""ok"": true}, ""4"": {""effect"": 0.1190759708874276, ""n_state"": 540, ""ok"": true}}"
extension_reversion,ret3_atr,2,2.0,12,move_ge_1atr,2297,61668,0.12527725459197026,0.9925990422289943,0.867321787637024,1.3144335446058958e-69,3.5301929483701203e-69,2346,61458,0.12245220344270213,2.760115826912286e-68,1,7.862148113022875e-68,4,"{""1"": {""effect"": 0.1284426877470356, ""n_state"": 554, ""ok"": true}, ""2"": {""effect"": 0.10845190197491206, ""n_state"": 603, ""ok"": true}, ""3"": {""effect"": 0.12311926775699678, ""n_state"": 566, ""ok"": true}, ""4"": {""effect"": 0.11723621220929559, ""n_state"": 623, ""ok"": true}}"
extension_reversion,body_atr,2,2.0,6,move_ge_1atr,2376,64760,0.1646980927246523,0.9356060606060606,0.7709079678814083,5.9862350299954414e-80,1.7379392022567412e-79,2389,64542,0.15251622797458309,1.902610670274406e-67,1,4.727699241287918e-67,4,"{""1"": {""effect"": 0.17212715257493005, ""n_state"": 574, ""ok"": true}, ""2"": {""effect"": 0.12997837472069562, ""n_state"": 603, ""ok"": true}, ""3"": {""effect"": 0.16673641367910386, ""n_state"": 573, ""ok"": true}, ""4"": {""effect"": 0.1279972789801691, ""n_state"": 639, ""ok"": true}}"
extension_reversion,ret12_atr,4,2.0,12,move_ge_1atr,2358,61607,0.1242791233545234,0.991518235793045,0.8672391124385216,3.097993660219221e-70,8.565041295900199e-70,2333,61471,0.12192716887405175,2.2937117297999815e-67,1,6.341438311799948e-67,4,"{""1"": {""effect"": 0.12132213136650993, ""n_state"": 565, ""ok"": true}, ""2"": {""effect"": 0.11352789738408608, ""n_state"": 605, ""ok"": true}, ""3"": {""effect"": 0.12485182106490056, ""n_state"": 560, ""ok"": true}, ""4"": {""effect"": 0.11514869128353888, ""n_state"": 603, ""ok"": true}}"
extension_reversion,ret12_atr,1,1.0,24,move_ge_1atr,2482,55607,0.10880959847619465,0.9975825946817083,0.8887729962055136,3.268912508823207e-66,1.0103911390908094e-65,2638,55373,0.10563080867506214,3.401841405934843e-67,1,1.0843369481417311e-66,4,"{""1"": {""effect"": 0.09589611973530432, ""n_state"": 616, ""ok"": true}, ""2"": {""effect"": 0.10594026567982262, ""n_state"": 724, ""ok"": true}, ""3"": {""effect"": 0.09987523418066124, ""n_state"": 677, ""ok"": true}, ""4"": {""effect"": 0.10575013068478833, ""n_state"": 621, ""ok"": true}}"
extension_reversion,body_atr,3,2.0,12,move_ge_1atr,2102,61863,0.12318865388888456,0.9909609895337773,0.8677723356448928,5.399097926744921e-62,1.2083695359857682e-61,2331,61473,0.12146915489846533,8.044005933200751e-67,1,2.1603901649167732e-66,4,"{""1"": {""effect"": 0.12501559861597733, ""n_state"": 580, ""ok"": true}, ""2"": {""effect"": 0.10396040256426475, ""n_state"": 576, ""ok"": true}, ""3"": {""effect"": 0.12310785589770623, ""n_state"": 565, ""ok"": true}, ""4"": {""effect"": 0.12028066578223606, ""n_state"": 610, ""ok"": true}}"
extension_reversion,ret3_atr,2,1.0,24,move_ge_1atr,2415,55674,0.10601643507222724,0.9950310559006211,0.8890146208283939,2.264993687742216e-61,5.022377307602305e-61,2552,55459,0.1069729079422167,8.805400500196182e-67,1,2.721669245515184e-66,4,"{""1"": {""effect"": 0.10092421941130914, ""n_state"": 627, ""ok"": true}, ""2"": {""effect"": 0.1040776245031565, ""n_state"": 611, ""ok"": true}, ""3"": {""effect"": 0.1058238884045336, ""n_state"": 661, ""ok"": true}, ""4"": {""effect"": 0.10271147277513937, ""n_state"": 653, ""ok"": true}}"
extension_reversion,body_atr,5,2.0,6,move_ge_1atr,2828,64308,0.16552569806603457,0.9352899575671852,0.7697642595011507,4.460814837699623e-95,1.6058933415718645e-94,2682,64249,0.14341361278858333,1.1424539159394121e-66,1,2.7553300325597583e-66,4,"{""1"": {""effect"": 0.15765725331055935, ""n_state"": 662, ""ok"": true}, ""2"": {""effect"": 0.12521400460247123, ""n_state"": 632, ""ok"": true}, ""3"": {""effect"": 0.1664126450130392, ""n_state"": 731, ""ok"": true}, ""4"": {""effect"": 0.10326429978509488, ""n_state"": 657, ""ok"": true}}"
extension_reversion,ret3_atr,3,2.0,12,move_ge_1atr,2144,61821,0.12442074427928296,0.992070895522388,0.8676501512431051,2.18383903633078e-64,5.2636120362844444e-64,2228,61576,0.12402827677271266,1.0559605032412558e-66,1,2.7572302029077234e-66,4,"{""1"": {""effect"": 0.1263885295534981, ""n_state"": 512, ""ok"": true}, ""2"": {""effect"": 0.11447196389785119, ""n_state"": 576, ""ok"": true}, ""3"": {""effect"": 0.1213656154142898, ""n_state"": 568, ""ok"": true}, ""4"": {""effect"": 0.12142298490982706, ""n_state"": 572, ""ok"": true}}"
extension_reversion,body_atr,4,2.0,6,move_ge_1atr,2289,64847,0.16556160559752364,0.9366535605067715,0.7710919549092479,5.531145875450751e-78,1.5556347774705239e-77,2389,64542,0.1512139910673551,2.4819235997620283e-66,1,5.814792433728181e-66,4,"{""1"": {""effect"": 0.1671123530681048, ""n_state"": 591, ""ok"": true}, ""2"": {""effect"": 0.14456661546753435, ""n_state"": 611, ""ok"": true}, ""3"": {""effect"": 0.16957104301146253, ""n_state"": 567, ""ok"": true}, ""4"": {""effect"": 0.11006552214126886, ""n_state"": 620, ""ok"": true}}"
extension_reversion,body_atr,2,1.0,24,move_ge_1atr,2530,55559,0.1068852774606236,0.9956521739130435,0.8887668964524199,4.211783411078836e-65,1.1610862376487602e-64,2572,55439,0.10621694891309652,2.403344106624461e-66,1,7.210032319873383e-66,4,"{""1"": {""effect"": 0.10086693889507592, ""n_state"": 621, ""ok"": true}, ""2"": {""effect"": 0.10131056754732815, ""n_state"": 670, ""ok"": true}, ""3"": {""effect"": 0.10423503391180622, ""n_state"": 647, ""ok"": true}, ""4"": {""effect"": 0.10417937501089292, ""n_state"": 634, ""ok"": true}}"
extension_reversion,ret3_atr,3,,6,move_ge_1atr,12087,55049,0.07502685435164924,0.8382559774964838,0.7632291231448346,6.165765009690997e-72,1.4603127654531308e-71,12380,54551,0.07190576416330352,1.0332650298502077e-65,1,2.3535481235476954e-65,4,"{""1"": {""effect"": 0.06416164575259409, ""n_state"": 2971, ""ok"": true}, ""2"": {""effect"": 0.05323205282916177, ""n_state"": 3080, ""ok"": true}, ""3"": {""effect"": 0.05874368776531946, ""n_state"": 3182, ""ok"": true}, ""4"": {""effect"": 0.06966543642626721, ""n_state"": 3147, ""ok"": true}}"
extension_reversion,ret3_atr,3,1.0,24,move_ge_1atr,2495,55594,0.10801062498418434,0.9967935871743487,0.8887829621901644,1.3769454629695744e-65,3.9013454784137945e-65,2665,55346,0.1037560808826804,1.646202597625637e-65,1,4.797504713080428e-65,4,"{""1"": {""effect"": 0.10011182096680526, ""n_state"": 700, ""ok"": true}, ""2"": {""effect"": 0.09973557718064263, ""n_state"": 664, ""ok"": true}, ""3"": {""effect"": 0.09965848563985302, ""n_state"": 657, ""ok"": true}, ""4"": {""effect"": 0.10108184883923244, ""n_state"": 644, ""ok"": true}}"
extension_reversion,body_atr,4,2.0,24,move_ge_1atr,2289,55800,0.11049502764507202,0.999563128003495,0.889068100358423,2.844990465789521e-63,6.748582035128632e-63,2389,55622,0.1091115026428392,2.8287580192493154e-65,1,8.01481438787306e-65,4,"{""1"": {""effect"": 0.1056948798328109, ""n_state"": 591, ""ok"": true}, ""2"": {""effect"": 0.10573170731707315, ""n_state"": 611, ""ok"": true}, ""3"": {""effect"": 0.10565072070190096, ""n_state"": 567, ""ok"": true}, ""4"": {""effect"": 0.1057482880591033, ""n_state"": 620, ""ok"": true}}"
extension_reversion,body_atr,2,2.0,12,move_ge_1atr,2376,61589,0.1265677402710802,0.9936868686868687,0.8671191284157885,2.687072318230808e-73,8.147896706893418e-73,2389,61415,0.11836461635354334,5.115624523610492e-65,1,1.2996451492415845e-64,4,"{""1"": {""effect"": 0.12145141265696102, ""n_state"": 574, ""ok"": true}, ""2"": {""effect"": 0.10175511266628523, ""n_state"": 603, ""ok"": true}, ""3"": {""effect"": 0.12495925146398723, ""n_state"": 573, ""ok"": true}, ""4"": {""effect"": 0.11280776296078276, ""n_state"": 639, ""ok"": true}}"
extension_reversion,ret3_atr,4,2.0,12,move_ge_1atr,2255,61710,0.12183146187319926,0.9893569844789357,0.8675255226057365,8.39162228997326e-65,2.1319256628580714e-64,2370,61434,0.11865470116535481,7.661038468941956e-65,1,1.895098989685642e-64,4,"{""1"": {""effect"": 0.1179758176757133, ""n_state"": 576, ""ok"": true}, ""2"": {""effect"": 0.10400455523533958, ""n_state"": 577, ""ok"": true}, ""3"": {""effect"": 0.12660590433319618, ""n_state"": 551, ""ok"": true}, ""4"": {""effect"": 0.11349713297826958, ""n_state"": 666, ""ok"": true}}"
extension_reversion,ret12_atr,2,2.0,24,move_ge_1atr,2209,55880,0.11032039165605145,0.9995473064735174,0.889226914817466,5.0578158648789465e-61,1.074785871286776e-60,2375,55636,0.10908404630095625,6.905495617612165e-65,1,1.903677170260651e-64,4,"{""1"": {""effect"": 0.10559373640713354, ""n_state"": 536, ""ok"": true}, ""2"": {""effect"": 0.1057667172060438, ""n_state"": 630, ""ok"": true}, ""3"": {""effect"": 0.10583865229674583, ""n_state"": 669, ""ok"": true}, ""4"": {""effect"": 0.1056010857649945, ""n_state"": 540, ""ok"": true}}"
extension_reversion,body_atr,2,2.0,24,move_ge_1atr,2376,55713,0.11112307719921743,1.0,0.8888769228007826,3.110173216042964e-66,9.913677126136948e-66,2389,55622,0.10867493896303781,9.082053687281558e-65,1,2.4378144107966287e-64,4,"{""1"": {""effect"": 0.10566359663631453, ""n_state"": 574, ""ok"": true}, ""2"": {""effect"": 0.1057169732441472, ""n_state"": 603, ""ok"": true}, ""3"": {""effect"": 0.10566175702496605, ""n_state"": 573, ""ok"": true}, ""4"": {""effect"": 0.10420093359899107, ""n_state"": 639, ""ok"": true}}"
extension_reversion,body_atr,1,3.0,12,move_ge_1atr,2318,61647,0.12583712831971472,0.9930974978429681,0.8672603695232534,8.135513136394988e-71,2.389806983816028e-70,2196,61608,0.12290549520571814,1.1878465889089911e-64,1,2.8630148553191067e-64,4,"{""1"": {""effect"": 0.11911419515700006, ""n_state"": 542, ""ok"": true}, ""2"": {""effect"": 0.11890077978834612, ""n_state"": 531, ""ok"": true}, ""3"": {""effect"": 0.12246412907020665, ""n_state"": 513, ""ok"": true}, ""4"": {""effect"": 0.11862549723282512, ""n_state"": 610, ""ok"": true}}"
extension_reversion,ret12_atr,3,3.0,12,move_ge_1atr,2097,61868,0.12069123954243621,0.9885550786838341,0.8678638391413979,1.9049635925982699e-59,3.8099271851965393e-59,2202,61602,0.12247151818472224,2.255464518299671e-64,1,5.3003416180042274e-64,4,"{""1"": {""effect"": 0.12103720365126036, ""n_state"": 546, ""ok"": true}, ""2"": {""effect"": 0.11445922370484785, ""n_state"": 508, ""ok"": true}, ""3"": {""effect"": 0.12251748421019848, ""n_state"": 517, ""ok"": true}, ""4"": {""effect"": 0.11899554973973692, ""n_state"": 631, ""ok"": true}}"
extension_reversion,ret3_atr,4,2.0,24,move_ge_1atr,2255,55834,0.11088225812229102,1.0,0.889117741877709,8.026975199368942e-63,1.8607987962173457e-62,2370,55641,0.10863433052623295,3.047890273713102e-64,1,7.971405331249652e-64,4,"{""1"": {""effect"": 0.10566727605118831, ""n_state"": 576, ""ok"": true}, ""2"": {""effect"": 0.10566911585472016, ""n_state"": 577, ""ok"": true}, ""3"": {""effect"": 0.10562130177514795, ""n_state"": 551, ""ok"": true}, ""4"": {""effect"": 0.10431417554096079, ""n_state"": 666, ""ok"": true}}"
extension_reversion,ret3_atr,1,3.0,12,move_ge_1atr,2289,61676,0.12614035023596437,0.9934469200524246,0.8673065698164603,2.5842814068291562e-70,7.36128643157396e-70,2180,61624,0.12280783609864865,4.123772760583671e-64,1,9.454503402313782e-64,4,"{""1"": {""effect"": 0.11286265090702241, ""n_state"": 520, ""ok"": true}, ""2"": {""effect"": 0.1205162082022535, ""n_state"": 514, ""ok"": true}, ""3"": {""effect"": 0.12314199257153391, ""n_state"": 568, ""ok"": true}, ""4"": {""effect"": 0.12150776305617339, ""n_state"": 578, ""ok"": true}}"
extension_reversion,ret3_atr,2,2.0,24,move_ge_1atr,2297,55792,0.11096572985374242,1.0,0.8890342701462576,5.271166002387738e-64,1.3786126467783314e-63,2346,55665,0.10902721638372403,4.380102157977028e-64,1,1.1169260502841421e-63,4,"{""1"": {""effect"": 0.10562681657587414, ""n_state"": 554, ""ok"": true}, ""2"": {""effect"": 0.1057169732441472, ""n_state"": 603, ""ok"": true}, ""3"": {""effect"": 0.10564888153886332, ""n_state"": 566, ""ok"": true}, ""4"": {""effect"": 0.10575381612880741, ""n_state"": 623, ""ok"": true}}"
extension_reversion,body_atr,5,5.0,3,move_ge_1atr,2165,66567,-0.21101724213958534,0.37551963048498843,0.5865368726245738,2.436793033596729e-85,1.0131928929165348e-84,2303,66209,-0.17750440359695452,4.587132300145122e-64,-1,1.5508875871919222e-63,4,"{""1"": {""effect"": -0.20532235410022487, ""n_state"": 614, ""ok"": true}, ""2"": {""effect"": -0.1560858102696993, ""n_state"": 602, ""ok"": true}, ""3"": {""effect"": -0.14805664510213434, ""n_state"": 536, ""ok"": true}, ""4"": {""effect"": -0.17973519615752725, ""n_state"": 551, ""ok"": true}}"
extension_reversion,ret12_atr,4,2.0,24,move_ge_1atr,2358,55731,0.11108718666451345,1.0,0.8889128133354866,1.0028095880467543e-65,2.922473656593398e-65,2333,55678,0.10900176012069396,1.0020084779304863e-63,1,2.492801579241698e-63,4,"{""1"": {""effect"": 0.10564704243985656, ""n_state"": 565, ""ok"": true}, ""2"": {""effect"": 0.10572065637738215, ""n_state"": 605, ""ok"": true}, ""3"": {""effect"": 0.10563784790517139, ""n_state"": 560, ""ok"": true}, ""4"": {""effect"": 0.1057169732441472, ""n_state"": 603, ""ok"": true}}"
extension_reversion,body_atr,3,2.0,24,move_ge_1atr,2102,55987,0.11057924160965937,1.0,0.8894207583903406,1.5792657999673298e-58,3.15853159993466e-58,2331,55680,0.10899784482758623,1.1380136507292674e-63,1,2.7637474374853636e-63,4,"{""1"": {""effect"": 0.10567463564973623, ""n_state"": 580, ""ok"": true}, ""2"": {""effect"": 0.10566727605118831, ""n_state"": 576, ""ok"": true}, ""3"": {""effect"": 0.10564704243985656, ""n_state"": 565, ""ok"": true}, ""4"": {""effect"": 0.1057298653333566, ""n_state"": 610, ""ok"": true}}"
extension_reversion,ret12_atr,2,1.0,24,move_ge_1atr,2467,55622,0.10707158810417827,0.9959464937170652,0.888874905612887,8.209995254317178e-64,2.0935487898508806e-63,2468,55543,0.1058811706356495,1.8383618334335425e-63,1,4.360765279307473e-63,4,"{""1"": {""effect"": 0.09838138249261497, ""n_state"": 557, ""ok"": true}, ""2"": {""effect"": 0.10270493117451951, ""n_state"": 652, ""ok"": true}, ""3"": {""effect"": 0.10413566929524376, ""n_state"": 624, ""ok"": true}, ""4"": {""effect"": 0.10418370214877626, ""n_state"": 635, ""ok"": true}}"
extension_reversion,ret12_atr,5,1.0,24,move_ge_1atr,2584,55505,0.07063315775250212,0.9609133126934984,0.8902801549409963,5.636281056198636e-30,6.532962133321147e-30,2666,55345,0.10140119500016842,1.1277119694370782e-62,1,2.614241383695045e-62,4,"{""1"": {""effect"": 0.10585711295611522, ""n_state"": 679, ""ok"": true}, ""2"": {""effect"": 0.10265873392309999, ""n_state"": 645, ""ok"": true}, ""3"": {""effect"": 0.1058349609375, ""n_state"": 667, ""ok"": true}, ""4"": {""effect"": 0.07737019983566651, ""n_state"": 675, ""ok"": true}}"
extension_reversion,ret12_atr,2,2.0,3,move_ge_1atr,2209,66523,0.14407032896044902,0.7193300135808058,0.5752596846203568,1.637517557160236e-41,3.317022743991247e-41,2375,66137,0.17278904475001244,1.4010304914129637e-62,1,4.521507495014564e-62,4,"{""1"": {""effect"": 0.22049836729029904, ""n_state"": 536, ""ok"": true}, ""2"": {""effect"": 0.1105324225090879, ""n_state"": 630, ""ok"": true}, ""3"": {""effect"": 0.20664381473210136, ""n_state"": 669, ""ok"": true}, ""4"": {""effect"": 0.1362513104524521, ""n_state"": 540, ""ok"": true}}"
extension_reversion,body_atr,3,2.0,6,move_ge_1atr,2102,65034,0.15386566294957416,0.9257849666983825,0.7719193037488083,2.0714728216580893e-62,4.2371034988460914e-62,2331,64600,0.14797709695542505,3.7291190205403144e-62,1,8.264534045521778e-62,4,"{""1"": {""effect"": 0.17103980450883205, ""n_state"": 580, ""ok"": true}, ""2"": {""effect"": 0.09704509205535883, ""n_state"": 576, ""ok"": true}, ""3"": {""effect"": 0.17112424823564898, ""n_state"": 565, ""ok"": true}, ""4"": {""effect"": 0.1378005285272993, ""n_state"": 610, ""ok"": true}}"
extension_reversion,ret3_atr,3,2.0,6,move_ge_1atr,2144,64992,0.15835772209851773,0.9300373134328358,0.7716795913343181,3.0786380142744136e-67,6.757985884992615e-67,2228,64703,0.15092343219068838,6.646764439423965e-62,1,1.4343018000862241e-61,4,"{""1"": {""effect"": 0.18027124086293078, ""n_state"": 512, ""ok"": true}, ""2"": {""effect"": 0.12331281553763851, ""n_state"": 576, ""ok"": true}, ""3"": {""effect"": 0.16968633675688538, ""n_state"": 568, ""ok"": true}, ""4"": {""effect"": 0.11900728681044836, ""n_state"": 572, ""ok"": true}}"
extension_reversion,ret12_atr,2,3.0,12,move_ge_1atr,1975,61990,0.1233814355520797,0.9913924050632912,0.8680109695112115,1.1862199329984583e-58,2.2756055857521445e-58,2240,61564,0.11854275341804577,2.12288365269426e-61,1,4.751215794125248e-61,4,"{""1"": {""effect"": 0.1160537778620323, ""n_state"": 493, ""ok"": true}, ""2"": {""effect"": 0.12076728715160745, ""n_state"": 529, ""ok"": true}, ""3"": {""effect"": 0.12132213136650993, ""n_state"": 565, ""ok"": true}, ""4"": {""effect"": 0.10543561418931158, ""n_state"": 653, ""ok"": true}}"
extension_reversion,ret3_atr,4,1.0,24,move_ge_1atr,2419,55670,0.10689534003937007,0.9958660603555188,0.8889707203161488,1.8529081710122054e-62,4.199925187627665e-62,2515,55496,0.10312472863553868,2.3365763388715783e-61,1,5.296239701442244e-61,4,"{""1"": {""effect"": 0.09538078854131904, ""n_state"": 588, ""ok"": true}, ""2"": {""effect"": 0.1057593447765095, ""n_state"": 626, ""ok"": true}, ""3"": {""effect"": 0.10414886499546072, ""n_state"": 627, ""ok"": true}, ""4"": {""effect"": 0.09383891965918201, ""n_state"": 674, ""ok"": true}}"
extension_reversion,ret3_atr,2,2.0,6,move_ge_1atr,2297,64839,0.1617535126001759,0.9329560296038311,0.7712025170036552,9.093310899738047e-75,2.3382799456469265e-74,2346,64585,0.14594943874396182,7.07274784295375e-61,1,1.4870905721082246e-60,4,"{""1"": {""effect"": 0.15893491335375665, ""n_state"": 554, ""ok"": true}, ""2"": {""effect"": 0.10152970123050975, ""n_state"": 603, ""ok"": true}, ""3"": {""effect"": 0.1712372070190048, ""n_state"": 566, ""ok"": true}, ""4"": {""effect"": 0.13983024014301282, ""n_state"": 623, ""ok"": true}}"
extension_reversion,ret3_atr,3,2.0,24,move_ge_1atr,2144,55945,0.1106622575744034,1.0,0.8893377424255966,1.0518667208458138e-59,2.14580811052546e-59,2228,55783,0.10879658677374826,7.902138389482447e-61,1,1.7522132950591512e-60,4,"{""1"": {""effect"": 0.10554966173324754, ""n_state"": 512, ""ok"": true}, ""2"": {""effect"": 0.10566727605118831, ""n_state"": 576, ""ok"": true}, ""3"": {""effect"": 0.10565255992897304, ""n_state"": 568, ""ok"": true}, ""4"": {""effect"": 0.105659917477672, ""n_state"": 572, ""ok"": true}}"
extension_reversion,body_atr,4,1.0,24,move_ge_1atr,2449,55640,0.10913735825506032,0.9979583503470805,0.8888209920920201,8.893978126148155e-66,2.6681934378444463e-65,2477,55534,0.10338030614901594,8.644170226127051e-61,1,1.8759688575850194e-60,4,"{""1"": {""effect"": 0.09858318617096529, ""n_state"": 571, ""ok"": true}, ""2"": {""effect"": 0.09965848563985302, ""n_state"": 657, ""ok"": true}, ""3"": {""effect"": 0.10413566929524376, ""n_state"": 624, ""ok"": true}, ""4"": {""effect"": 0.09767037256473698, ""n_state"": 625, ""ok"": true}}"
extension_reversion,ret12_atr,2,3.0,6,move_ge_1atr,2141,64995,0.14715263370059828,0.919196637085474,0.7720440033848758,3.113475673009351e-58,5.9619746929966294e-58,2366,64565,0.14459954023542299,2.8895171843034857e-60,1,5.923510227822146e-60,4,"{""1"": {""effect"": 0.15800045145017538, ""n_state"": 521, ""ok"": true}, ""2"": {""effect"": 0.12948034143247555, ""n_state"": 581, ""ok"": true}, ""3"": {""effect"": 0.14920536391164774, ""n_state"": 597, ""ok"": true}, ""4"": {""effect"": 0.12946854171610322, ""n_state"": 667, ""ok"": true}}"
extension_reversion,ret12_atr,3,2.0,6,move_ge_1atr,2221,64915,0.15034408414730538,0.9221071589374156,0.7717630747901102,7.852657744746604e-63,1.6435795279702194e-62,2173,64758,0.15045517548452214,4.1607310278570225e-60,1,8.321462055714045e-60,4,"{""1"": {""effect"": 0.1795157150978398, ""n_state"": 505, ""ok"": true}, ""2"": {""effect"": 0.11255148310510543, ""n_state"": 550, ""ok"": true}, ""3"": {""effect"": 0.18271670677413443, ""n_state"": 536, ""ok"": true}, ""4"": {""effect"": 0.11752829552404831, ""n_state"": 582, ""ok"": true}}"
extension_reversion,ret12_atr,3,2.0,12,move_ge_1atr,2221,61744,0.1192633679153231,0.9869428185502026,0.8676794506348795,2.6763475719885566e-61,5.850620273649402e-61,2173,61631,0.11895347070416262,4.4087406418480694e-60,1,9.637712100784152e-60,4,"{""1"": {""effect"": 0.12634726370945126, ""n_state"": 505, ""ok"": true}, ""2"": {""effect"": 0.10826066335725804, ""n_state"": 550, ""ok"": true}, ""3"": {""effect"": 0.11899875818479833, ""n_state"": 536, ""ok"": true}, ""4"": {""effect"": 0.11115926956132649, ""n_state"": 582, ""ok"": true}}"
extension_reversion,ret3_atr,1,1.0,24,move_ge_1atr,2419,55670,0.10905212484274951,0.9979330301777594,0.8888809053350099,6.264611999195965e-65,1.681553747152601e-64,2291,55720,0.10664741052647408,4.6615648300933095e-60,1,9.905825263948283e-60,4,"{""1"": {""effect"": 0.10366770491829203, ""n_state"": 528, ""ok"": true}, ""2"": {""effect"": 0.102401866489648, ""n_state"": 608, ""ok"": true}, ""3"": {""effect"": 0.10401810807301459, ""n_state"": 598, ""ok"": true}, ""4"": {""effect"": 0.10381959458754264, ""n_state"": 557, ""ok"": true}}"
extension_reversion,ret12_atr,3,1.0,24,move_ge_1atr,2371,55718,0.1089145528268679,0.9978911851539435,0.8889766323270756,1.4175456736398175e-63,3.5265770417380826e-63,2277,55734,0.10614953780315328,3.5411497606374364e-59,1,7.371372971122827e-59,4,"{""1"": {""effect"": 0.10220706410587133, ""n_state"": 582, ""ok"": true}, ""2"": {""effect"": 0.10371597708597113, ""n_state"": 537, ""ok"": true}, ""3"": {""effect"": 0.10569672059771151, ""n_state"": 592, ""ok"": true}, ""4"": {""effect"": 0.10029630431566583, ""n_state"": 566, ""ok"": true}}"
extension_reversion,ret12_atr,3,2.0,24,move_ge_1atr,2221,55868,0.11034663071992523,0.9995497523638001,0.8892031216438748,2.3274077991977082e-61,5.0509701174077924e-61,2173,55838,0.1082113207415305,8.235966529669457e-59,1,1.6801371720525694e-58,4,"{""1"": {""effect"": 0.10553681354989042, ""n_state"": 505, ""ok"": true}, ""2"": {""effect"": 0.10561946363620545, ""n_state"": 550, ""ok"": true}, ""3"": {""effect"": 0.10559373640713354, ""n_state"": 536, ""ok"": true}, ""4"": {""effect"": 0.1039426899696676, ""n_state"": 582, ""ok"": true}}"
extension_reversion,ret12_atr,2,,3,move_ge_1atr,12401,56331,0.051142002999306824,0.6218046931699056,0.5706626901705988,1.529916132518588e-25,2.1204100784029552e-25,12609,55903,0.07900154177387753,8.08115325317679e-59,1,2.4946168738067483e-58,4,"{""1"": {""effect"": 0.08888177017262311, ""n_state"": 2821, ""ok"": true}, ""2"": {""effect"": 0.06695776694152789, ""n_state"": 3258, ""ok"": true}, ""3"": {""effect"": 0.06382481627798309, ""n_state"": 3304, ""ok"": true}, ""4"": {""effect"": 0.05331911804190137, ""n_state"": 3226, ""ok"": true}}"
extension_reversion,ret3_atr,2,3.0,12,move_ge_1atr,2024,61941,0.12318401873311424,0.991106719367589,0.8679227006344747,7.875737537392347e-60,1.6093898445975665e-59,2168,61636,0.11748172043989247,1.596697885778541e-58,1,3.411127301435974e-58,4,"{""1"": {""effect"": 0.11872018227478032, ""n_state"": 522, ""ok"": true}, ""2"": {""effect"": 0.11160533636823466, ""n_state"": 540, ""ok"": true}, ""3"": {""effect"": 0.11308118795408728, ""n_state"": 527, ""ok"": true}, ""4"": {""effect"": 0.11455001772188722, ""n_state"": 579, ""ok"": true}}"
extension_reversion,ret3_atr,4,2.0,6,move_ge_1atr,2255,64881,0.15072038247337416,0.9223946784922394,0.7716742960188653,4.824780832569663e-64,1.0338816069792134e-63,2370,64561,0.14170770494943552,4.8274113106378544e-58,1,9.424945892197716e-58,4,"{""1"": {""effect"": 0.16008762841282997, ""n_state"": 576, ""ok"": true}, ""2"": {""effect"": 0.12350588036052002, ""n_state"": 577, ""ok"": true}, ""3"": {""effect"": 0.16218133618844144, ""n_state"": 551, ""ok"": true}, ""4"": {""effect"": 0.11111058995311618, ""n_state"": 666, ""ok"": true}}"
extension_reversion,ret12_atr,1,3.0,12,move_ge_1atr,2154,61811,0.124478967371212,0.9921077065923862,0.8676287392211742,9.973272364395112e-65,2.4670726375082646e-64,2105,61699,0.1184072902547072,8.37379391448323e-58,1,1.7491925065809414e-57,4,"{""1"": {""effect"": 0.10754748326119379, ""n_state"": 532, ""ok"": true}, ""2"": {""effect"": 0.12065169336889037, ""n_state"": 522, ""ok"": true}, ""3"": {""effect"": 0.11549527332511311, ""n_state"": 546, ""ok"": true}, ""4"": {""effect"": 0.1183632794787085, ""n_state"": 505, ""ok"": true}}"
extension_reversion,body_atr,1,1.0,24,move_ge_1atr,2368,55721,0.10626444061072615,0.9953547297297297,0.8890902891190036,1.5520117355295893e-60,3.2307183066126144e-60,2236,55775,0.10462578450184379,1.4038316377303553e-56,1,2.8076632754607106e-56,4,"{""1"": {""effect"": 0.10373183383310225, ""n_state"": 540, ""ok"": true}, ""2"": {""effect"": 0.10196514414436908, ""n_state"": 552, ""ok"": true}, ""3"": {""effect"": 0.10215235407576517, ""n_state"": 575, ""ok"": true}, ""4"": {""effect"": 0.0985548867845546, ""n_state"": 569, ""ok"": true}}"
extension_reversion,body_atr,3,3.0,12,move_ge_1atr,2000,61965,0.12096159122085048,0.989,0.8680384087791495,4.0977229887617555e-57,7.552665900855e-57,2109,61695,0.11696902476586923,1.4948208616659453e-56,1,3.054633934708671e-56,4,"{""1"": {""effect"": 0.11661825004636617, ""n_state"": 515, ""ok"": true}, ""2"": {""effect"": 0.10968413911825114, ""n_state"": 487, ""ok"": true}, ""3"": {""effect"": 0.11009465445232358, ""n_state"": 550, ""ok"": true}, ""4"": {""effect"": 0.11939306436402097, ""n_state"": 557, ""ok"": true}}"
extension_reversion,body_atr,5,2.0,3,move_ge_1atr,2828,65904,0.1936359019316769,0.7655586987270155,0.5719227967953386,9.23249827404297e-93,4.290396256761145e-92,2682,65830,0.15451210227505074,1.9710832078392551e-56,1,5.831121156524463e-56,4,"{""1"": {""effect"": 0.18130094152063714, ""n_state"": 662, ""ok"": true}, ""2"": {""effect"": 0.14031612003311877, ""n_state"": 632, ""ok"": true}, ""3"": {""effect"": 0.19601891995002574, ""n_state"": 731, ""ok"": true}, ""4"": {""effect"": 0.07637146404158657, ""n_state"": 657, ""ok"": true}}"
extension_reversion,body_atr,2,3.0,12,move_ge_1atr,1990,61975,0.12347826263224149,0.9914572864321608,0.8679790237999193,3.685435649799327e-59,7.217311480857015e-59,2154,61650,0.11544006849701915,3.150440611696062e-56,1,6.300881223392123e-56,4,"{""1"": {""effect"": 0.11743061883258554, ""n_state"": 550, ""ok"": true}, ""2"": {""effect"": 0.12228573233918871, ""n_state"": 500, ""ok"": true}, ""3"": {""effect"": 0.10285497073129157, ""n_state"": 552, ""ok"": true}, ""4"": {""effect"": 0.10833718267028503, ""n_state"": 552, ""ok"": true}}"
extension_reversion,ret3_atr,4,3.0,12,move_ge_1atr,2088,61877,0.12161286539474525,0.9894636015325671,0.8678507361378218,4.3561256380896383e-60,9.306268408646045e-60,2131,61673,0.11570624416878217,6.467116565973338e-56,1,1.2664769941697786e-55,4,"{""1"": {""effect"": 0.12078358215631213, ""n_state"": 530, ""ok"": true}, ""2"": {""effect"": 0.11820992623703042, ""n_state"": 498, ""ok"": true}, ""3"": {""effect"": 0.10399261953002858, ""n_state"": 497, ""ok"": true}, ""4"": {""effect"": 0.10855651215933326, ""n_state"": 606, ""ok"": true}}"
extension_reversion,ret12_atr,4,3.0,12,move_ge_1atr,2227,61738,0.12163756650403679,0.9892231701841042,0.8675856036800674,7.50407866956669e-64,1.7634584873481722e-63,2103,61701,0.11544052779867642,5.527348051842668e-55,1,1.0603484017820628e-54,4,"{""1"": {""effect"": 0.12114414390177675, ""n_state"": 553, ""ok"": true}, ""2"": {""effect"": 0.11131403173568943, ""n_state"": 475, ""ok"": true}, ""3"": {""effect"": 0.10034650081310281, ""n_state"": 469, ""ok"": true}, ""4"": {""effect"": 0.11522046536752784, ""n_state"": 606, ""ok"": true}}"
extension_reversion,body_atr,4,3.0,12,move_ge_1atr,2056,61909,0.1223856365559266,0.9902723735408561,0.8678867369849295,5.896001166703003e-60,1.231609132600183e-59,2047,61757,0.11691118456860006,6.069402502636893e-55,1,1.1410476704957359e-54,4,"{""1"": {""effect"": 0.11496724514686063, ""n_state"": 526, ""ok"": true}, ""2"": {""effect"": 0.10885221262463363, ""n_state"": 467, ""ok"": true}, ""3"": {""effect"": 0.11967836779516916, ""n_state"": 469, ""ok"": true}, ""4"": {""effect"": 0.11297869311441189, ""n_state"": 585, ""ok"": true}}"
extension_reversion,ret12_atr,4,1.0,24,move_ge_1atr,2388,55701,0.10852673630084686,0.9974874371859297,0.8889607008850828,1.4782387033839412e-63,3.590008279646714e-63,2333,55678,0.10051649165667498,1.836344688692816e-54,1,3.6020607355128315e-54,4,"{""1"": {""effect"": 0.10226837816082768, ""n_state"": 590, ""ok"": true}, ""2"": {""effect"": 0.09181291069221076, ""n_state"": 514, ""ok"": true}, ""3"": {""effect"": 0.10073970895524442, ""n_state"": 608, ""ok"": true}, ""4"": {""effect"": 0.09435601650879266, ""n_state"": 621, ""ok"": true}}"
extension_reversion,ret3_atr,3,3.0,12,move_ge_1atr,1983,61982,0.12239235658562275,0.9904185577407968,0.868026201155174,5.786876196737264e-58,1.0879327249866057e-57,2067,61737,0.11559075457334078,3.063240453806721e-54,1,5.645972601133956e-54,4,"{""1"": {""effect"": 0.11242368138225245, ""n_state"": 566, ""ok"": true}, ""2"": {""effect"": 0.11065449516394121, ""n_state"": 458, ""ok"": true}, ""3"": {""effect"": 0.11120091377481278, ""n_state"": 472, ""ok"": true}, ""4"": {""effect"": 0.11610732308716298, ""n_state"": 571, ""ok"": true}}"
extension_reversion,ret3_atr,1,1.0,12,move_ge_1atr,2429,61536,0.11013017352723753,0.977768629065459,0.8676384555382215,4.2221170343575596e-57,7.632288485184819e-57,2291,61513,0.10943227673151645,1.048776550708303e-53,1,1.8958653032034706e-53,4,"{""1"": {""effect"": 0.11693145182145748, ""n_state"": 528, ""ok"": true}, ""2"": {""effect"": 0.10530459122995794, ""n_state"": 608, ""ok"": true}, ""3"": {""effect"": 0.0998350459298718, ""n_state"": 598, ""ok"": true}, ""4"": {""effect"": 0.10490391905957941, ""n_state"": 557, ""ok"": true}}"
extension_reversion,ret3_atr,5,2.0,3,move_ge_1atr,2839,65893,0.1835933464708951,0.7558999647763297,0.5723066183054346,6.930280875475507e-84,2.737460945812825e-83,2796,65716,0.14749956700140565,1.3019410627742872e-53,1,3.697512618278976e-53,4,"{""1"": {""effect"": 0.17138880482023822, ""n_state"": 743, ""ok"": true}, ""2"": {""effect"": 0.10715479194832866, ""n_state"": 651, ""ok"": true}, ""3"": {""effect"": 0.19555122825061944, ""n_state"": 742, ""ok"": true}, ""4"": {""effect"": 0.08719583978677303, ""n_state"": 660, ""ok"": true}}"
extension_reversion,ret3_atr,5,1.0,24,move_ge_1atr,2544,55545,0.0732282553496485,0.9634433962264151,0.8902151408767666,1.2094268548565529e-31,1.5044090145776634e-31,2359,55652,0.09888950797524021,2.576262752912624e-53,1,4.958090581077125e-53,4,"{""1"": {""effect"": 0.10567647570955951, ""n_state"": 581, ""ok"": true}, ""2"": {""effect"": 0.0966753345306578, ""n_state"": 563, ""ok"": true}, ""3"": {""effect"": 0.10252265012372352, ""n_state"": 625, ""ok"": true}, ""4"": {""effect"": 0.07829575136244671, ""n_state"": 590, ""ok"": true}}"
extension_reversion,ret3_atr,2,3.0,6,move_ge_1atr,2151,64985,0.16293258963633817,0.9344490934449093,0.7715165038085712,2.73866421597754e-71,6.3199943445635545e-71,2281,64650,0.13767769187134848,5.7523353896896025e-53,1,1.0969569812896451e-52,4,"{""1"": {""effect"": 0.15486154894357906, ""n_state"": 551, ""ok"": true}, ""2"": {""effect"": 0.1246819350447288, ""n_state"": 574, ""ok"": true}, ""3"": {""effect"": 0.13489450145790638, ""n_state"": 562, ""ok"": true}, ""4"": {""effect"": 0.12329319495003799, ""n_state"": 594, ""ok"": true}}"
extension_reversion,body_atr,5,1.0,24,move_ge_1atr,2468,55621,0.06983669023951378,0.960291734197731,0.8904550439582172,3.742515661975652e-28,4.241517750239072e-28,2300,55711,0.09942981364229841,1.2453374400788557e-52,1,2.3523040534822828e-52,4,"{""1"": {""effect"": 0.10211264831007372, ""n_state"": 570, ""ok"": true}, ""2"": {""effect"": 0.10181878433777802, ""n_state"": 535, ""ok"": true}, ""3"": {""effect"": 0.10398070864642628, ""n_state"": 590, ""ok"": true}, ""4"": {""effect"": 0.07899565887517734, ""n_state"": 605, ""ok"": true}}"
extension_reversion,ret12_atr,2,3.0,24,move_ge_1atr,1647,56442,0.10968782112611175,1.0,0.8903121788738882,6.89158755197825e-46,1.1337773069383573e-45,1904,56107,0.10816832124333864,5.9125627031064146e-52,1,1.0965116285760987e-51,4,"{""1"": {""effect"": 0.10536458333333332, ""n_state"": 411, ""ok"": true}, ""2"": {""effect"": 0.10540301151461473, ""n_state"": 432, ""ok"": true}, ""3"": {""effect"": 0.10543597227289314, ""n_state"": 450, ""ok"": true}, ""4"": {""effect"": 0.10573170731707315, ""n_state"": 611, ""ok"": true}}"
extension_reversion,body_atr,4,3.0,6,move_ge_1atr,2167,64969,0.14821335080946596,0.9201661282879557,0.7719527774784898,1.012078236639916e-59,1.9801530716867925e-59,2172,64759,0.13946742102614373,7.011209870828973e-52,1,1.3066345668363085e-51,4,"{""1"": {""effect"": 0.13691697346072695, ""n_state"": 553, ""ok"": true}, ""2"": {""effect"": 0.1292179780951792, ""n_state"": 503, ""ok"": true}, ""3"": {""effect"": 0.14861248851670938, ""n_state"": 511, ""ok"": true}, ""4"": {""effect"": 0.1303252928248474, ""n_state"": 605, ""ok"": true}}"
extension_reversion,ret12_atr,3,3.0,6,move_ge_1atr,2229,64907,0.14322716334527374,0.9152086137281292,0.7719814503828555,2.1959710542825344e-57,4.1174457267797524e-57,2333,64598,0.133848939095345,3.189195517650054e-51,1,5.811422943273432e-51,4,"{""1"": {""effect"": 0.14669087439370254, ""n_state"": 580, ""ok"": true}, ""2"": {""effect"": 0.14171432783010784, ""n_state"": 549, ""ok"": true}, ""3"": {""effect"": 0.11685975499954593, ""n_state"": 553, ""ok"": true}, ""4"": {""effect"": 0.11756269311314382, ""n_state"": 651, ""ok"": true}}"
extension_reversion,ret3_atr,2,3.0,24,move_ge_1atr,1684,56405,0.10975977306976337,1.0,0.8902402269302366,6.56961130078543e-47,1.1357633096273117e-46,1875,56136,0.10811244121419405,3.642125695707184e-51,1,6.633871802895229e-51,4,"{""1"": {""effect"": 0.10546162267364068, ""n_state"": 464, ""ok"": true}, ""2"": {""effect"": 0.10543963585190852, ""n_state"": 452, ""ok"": true}, ""3"": {""effect"": 0.10540301151461473, ""n_state"": 432, ""ok"": true}, ""4"": {""effect"": 0.10557720409157334, ""n_state"": 527, ""ok"": true}}"
extension_reversion,ret12_atr,3,3.0,24,move_ge_1atr,1764,56325,0.10991566799822461,1.0,0.8900843320017754,4.038607117536146e-49,7.48978047252158e-49,1868,56143,0.10809896158025045,5.647144532058108e-51,1,1.0105416531051352e-50,4,"{""1"": {""effect"": 0.10545246038365308, ""n_state"": 459, ""ok"": true}, ""2"": {""effect"": 0.10539202917426416, ""n_state"": 426, ""ok"": true}, ""3"": {""effect"": 0.10535360899906254, ""n_state"": 405, ""ok"": true}, ""4"": {""effect"": 0.10567095572231988, ""n_state"": 578, ""ok"": true}}"
extension_reversion,ret12_atr,2,3.0,3,move_ge_1atr,2190,66542,0.1533052424472119,0.728310502283105,0.5750052598358931,2.129723135043964e-46,4.9484743431903866e-46,2409,66103,0.1531136041658122,3.4708153086513276e-50,1,9.477995650547858e-50,4,"{""1"": {""effect"": 0.1880930593714234, ""n_state"": 527, ""ok"": true}, ""2"": {""effect"": 0.13364587497616653, ""n_state"": 595, ""ok"": true}, ""3"": {""effect"": 0.16324621787832383, ""n_state"": 615, ""ok"": true}, ""4"": {""effect"": 0.11901673405211144, ""n_state"": 672, ""ok"": true}}"
extension_reversion,body_atr,2,2.0,3,move_ge_1atr,2376,66356,0.16094299942783885,0.7352693602693603,0.5743263608415214,5.564326807677147e-55,1.6906992992557487e-54,2389,66123,0.15362594642440108,4.0353813867753254e-50,1,1.06115584615203e-49,4,"{""1"": {""effect"": 0.18926664330041443, ""n_state"": 574, ""ok"": true}, ""2"": {""effect"": 0.12597660506901642, ""n_state"": 603, ""ok"": true}, ""3"": {""effect"": 0.17651210418790886, ""n_state"": 573, ""ok"": true}, ""4"": {""effect"": 0.11199135677474781, ""n_state"": 639, ""ok"": true}}"
extension_reversion,ret12_atr,4,2.0,6,move_ge_1atr,2358,64778,0.16150572434630328,0.9325699745547074,0.7710642502084041,2.0999628311182072e-76,5.72717135759511e-76,2333,64598,0.13207248702639385,6.415496994365403e-50,1,1.1436320729086154e-49,4,"{""1"": {""effect"": 0.14970449470474667, ""n_state"": 565, ""ok"": true}, ""2"": {""effect"": 0.0969659007113125, ""n_state"": 605, ""ok"": true}, ""3"": {""effect"": 0.1651512493623506, ""n_state"": 560, ""ok"": true}, ""4"": {""effect"": 0.10655005537583662, ""n_state"": 603, ""ok"": true}}"
extension_reversion,body_atr,1,3.0,24,move_ge_1atr,1905,56184,0.11019151359817747,1.0,0.8898084864018225,4.949783227002215e-53,9.709190176042807e-53,1819,56192,0.10800469817767655,1.2131340710643072e-49,1,2.133442676699299e-49,4,"{""1"": {""effect"": 0.10542498306321335, ""n_state"": 444, ""ok"": true}, ""2"": {""effect"": 0.10539385940539037, ""n_state"": 427, ""ok"": true}, ""3"": {""effect"": 0.10533349532256109, ""n_state"": 394, ""ok"": true}, ""4"": {""effect"": 0.10562681657587414, ""n_state"": 554, ""ok"": true}}"
extension_reversion,body_atr,2,3.0,24,move_ge_1atr,1642,56447,0.1090513759935241,0.9993909866017052,0.8903396106081811,3.002246110863576e-45,4.8607794175886475e-45,1811,56200,0.10798932384341642,2.0007189855866327e-49,1,3.458870110675196e-49,4,"{""1"": {""effect"": 0.10547628564973321, ""n_state"": 472, ""ok"": true}, ""2"": {""effect"": 0.10532983911556948, ""n_state"": 392, ""ok"": true}, ""3"": {""effect"": 0.10543230894845645, ""n_state"": 448, ""ok"": true}, ""4"": {""effect"": 0.10552580331061345, ""n_state"": 499, ""ok"": true}}"
extension_reversion,body_atr,3,3.0,24,move_ge_1atr,1683,56406,0.10975782718150551,1.0,0.8902421728184945,7.000748316704779e-47,1.1901272138398125e-46,1809,56202,0.10798548094373861,2.267234508138547e-49,1,3.8542986638355294e-49,4,"{""1"": {""effect"": 0.10543047738169686, ""n_state"": 447, ""ok"": true}, ""2"": {""effect"": 0.10533166718733733, ""n_state"": 393, ""ok"": true}, ""3"": {""effect"": 0.10545795756659537, ""n_state"": 462, ""ok"": true}, ""4"": {""effect"": 0.10554048414023376, ""n_state"": 507, ""ok"": true}}"
extension_reversion,ret3_atr,1,3.0,24,move_ge_1atr,1873,56216,0.10957709759723966,0.999466097170315,0.8898889995730753,1.2222013304786726e-51,2.3086025131263816e-51,1800,56211,0.10796819127928692,3.979684431491236e-49,1,6.6545542952804274e-49,4,"{""1"": {""effect"": 0.1053773896133211, ""n_state"": 418, ""ok"": true}, ""2"": {""effect"": 0.10533532352124408, ""n_state"": 395, ""ok"": true}, ""3"": {""effect"": 0.10545246038365308, ""n_state"": 459, ""ok"": true}, ""4"": {""effect"": 0.10557904075987679, ""n_state"": 528, ""ok"": true}}"
extension_reversion,ret12_atr,1,1.0,12,move_ge_1atr,2487,61478,0.1040798011267623,0.9718536389223965,0.8677738377956342,2.5288893641771498e-52,4.485200004389662e-52,2638,61166,0.09762614951787196,4.2523362537614254e-49,1,7.541879393463661e-49,4,"{""1"": {""effect"": 0.10234147696957085, ""n_state"": 616, ""ok"": true}, ""2"": {""effect"": 0.08268558385913527, ""n_state"": 724, ""ok"": true}, ""3"": {""effect"": 0.08689046551465418, ""n_state"": 677, ""ok"": true}, ""4"": {""effect"": 0.10906529388867447, ""n_state"": 621, ""ok"": true}}"
extension_reversion,ret3_atr,2,1.0,12,move_ge_1atr,2420,61545,0.09843241087452637,0.9665289256198347,0.8680965147453084,8.11460363102839e-46,1.2504471169125716e-45,2552,61252,0.09916201060135554,4.499886057272248e-49,1,7.833134988585024e-49,4,"{""1"": {""effect"": 0.10281950316089994, ""n_state"": 627, ""ok"": true}, ""2"": {""effect"": 0.07567899891955443, ""n_state"": 611, ""ok"": true}, ""3"": {""effect"": 0.0996151113232091, ""n_state"": 661, ""ok"": true}, ""4"": {""effect"": 0.10543561418931158, ""n_state"": 653, ""ok"": true}}"
extension_reversion,body_atr,1,1.0,12,move_ge_1atr,2379,61586,0.10213357449130112,0.9701555275325767,0.8680219530412756,2.0273726171076557e-48,3.343386421195081e-48,2236,61568,0.10553390767780302,5.89852004407949e-49,1,1.0081106984426765e-48,4,"{""1"": {""effect"": 0.10973767773843646, ""n_state"": 540, ""ok"": true}, ""2"": {""effect"": 0.10285497073129157, ""n_state"": 552, ""ok"": true}, ""3"": {""effect"": 0.0951413736267136, ""n_state"": 575, ""ok"": true}, ""4"": {""effect"": 0.10364718989047328, ""n_state"": 569, ""ok"": true}}"
extension_reversion,ret3_atr,4,3.0,24,move_ge_1atr,1763,56326,0.10932874781357993,0.9994327850255247,0.8901040372119448,1.3683223472882575e-48,2.4485768319895135e-48,1784,56227,0.10793746776459712,1.0816168424677232e-48,1,1.779434160188835e-48,4,"{""1"": {""effect"": 0.10543047738169686, ""n_state"": 447, ""ok"": true}, ""2"": {""effect"": 0.10535726685646829, ""n_state"": 407, ""ok"": true}, ""3"": {""effect"": 0.10533898010900133, ""n_state"": 397, ""ok"": true}, ""4"": {""effect"": 0.10558822506002297, ""n_state"": 533, ""ok"": true}}"
extension_reversion,ret12_atr,4,3.0,24,move_ge_1atr,1881,56208,0.11014446342157702,1.0,0.889855536578423,2.2998025030778963e-52,4.426035005923498e-52,1806,56205,0.10683671337217437,2.7383128909172424e-48,1,4.433458966246964e-48,4,"{""1"": {""effect"": 0.10345708142957089, ""n_state"": 491, ""ok"": true}, ""2"": {""effect"": 0.10535726685646829, ""n_state"": 407, ""ok"": true}, ""3"": {""effect"": 0.10256958611948985, ""n_state"": 370, ""ok"": true}, ""4"": {""effect"": 0.10559741095818909, ""n_state"": 538, ""ok"": true}}"
extension_reversion,ret12_atr,2,1.0,12,move_ge_1atr,2481,61484,0.10022487999420804,0.9681580008061266,0.8679331208119185,1.53389324227665e-48,2.574749370964377e-48,2468,61336,0.0991530510582409,1.4307383108540677e-47,1,2.401596450362185e-47,4,"{""1"": {""effect"": 0.10309277589652421, ""n_state"": 557, ""ok"": true}, ""2"": {""effect"": 0.07750596088354744, ""n_state"": 652, ""ok"": true}, ""3"": {""effect"": 0.10754590060145608, ""n_state"": 624, ""ok"": true}, ""4"": {""effect"": 0.09838534624590978, ""n_state"": 635, ""ok"": true}}"
extension_reversion,ret3_atr,3,3.0,24,move_ge_1atr,1667,56422,0.10972670235014714,1.0,0.8902732976498529,1.9350800560115053e-46,3.235707634642189e-46,1754,56257,0.1072920072847795,2.232430304477006e-47,1,3.557935797760228e-47,4,"{""1"": {""effect"": 0.10552029905242111, ""n_state"": 496, ""ok"": true}, ""2"": {""effect"": 0.10527320034692111, ""n_state"": 361, ""ok"": true}, ""3"": {""effect"": 0.10257869740802184, ""n_state"": 371, ""ok"": true}, ""4"": {""effect"": 0.10557536748717056, ""n_state"": 526, ""ok"": true}}"
extension_reversion,ret12_atr,1,3.0,24,move_ge_1atr,1775,56314,0.1093560003341425,0.9994366197183099,0.8900806193841674,6.3694608016990496e-49,1.1601517888808984e-48,1729,56282,0.10783198891297396,3.349495305115709e-47,1,5.256131094181574e-47,4,"{""1"": {""effect"": 0.10539568970008506, ""n_state"": 428, ""ok"": true}, ""2"": {""effect"": 0.10532435528096906, ""n_state"": 389, ""ok"": true}, ""3"": {""effect"": 0.10542681443907864, ""n_state"": 445, ""ok"": true}, ""4"": {""effect"": 0.10546712081190046, ""n_state"": 467, ""ok"": true}}"
extension_reversion,body_atr,4,3.0,24,move_ge_1atr,1744,56345,0.10987665276422043,1.0,0.8901233472357796,1.4441154547866138e-48,2.5396513170385277e-48,1742,56269,0.10726507708104371,4.719281302836635e-47,1,7.293434740747527e-47,4,"{""1"": {""effect"": 0.10324323711899452, ""n_state"": 457, ""ok"": true}, ""2"": {""effect"": 0.1052951178042264, ""n_state"": 373, ""ok"": true}, ""3"": {""effect"": 0.1053097345132743, ""n_state"": 381, ""ok"": true}, ""4"": {""effect"": 0.10558455114822551, ""n_state"": 531, ""ok"": true}}"
extension_reversion,body_atr,2,1.0,12,move_ge_1atr,2534,61431,0.10264846011420059,0.9704025256511445,0.8677540655369439,7.809710394728651e-52,1.3594681057490616e-51,2572,61232,0.09540341382198425,6.955208095341876e-46,1,1.1469992297581341e-45,4,"{""1"": {""effect"": 0.10418689488802602, ""n_state"": 621, ""ok"": true}, ""2"": {""effect"": 0.07588550105934355, ""n_state"": 670, ""ok"": true}, ""3"": {""effect"": 0.08803467837896373, ""n_state"": 647, ""ok"": true}, ""4"": {""effect"": 0.10311547279410782, ""n_state"": 634, ""ok"": true}}"
extension_reversion,body_atr,3,3.0,6,move_ge_1atr,2125,65011,0.14551618866309501,0.9176470588235294,0.7721308701604344,1.3801855361624284e-56,2.5350346582575217e-56,2239,64692,0.12735637809883182,8.429705700862508e-45,1,1.470714611639842e-44,4,"{""1"": {""effect"": 0.13473213402020712, ""n_state"": 551, ""ok"": true}, ""2"": {""effect"": 0.12318046359482082, ""n_state"": 521, ""ok"": true}, ""3"": {""effect"": 0.117008279277525, ""n_state"": 588, ""ok"": true}, ""4"": {""effect"": 0.12214785913865778, ""n_state"": 579, ""ok"": true}}"
extension_reversion,body_atr,2,3.0,6,move_ge_1atr,2107,65029,0.1604291358366834,0.9321309919316564,0.771701856094973,7.711501840510057e-68,1.7350879141147627e-67,2267,64664,0.1260595369141322,1.9455737321651926e-44,1,3.3236884591155373e-44,4,"{""1"": {""effect"": 0.13085879340122686, ""n_state"": 579, ""ok"": true}, ""2"": {""effect"": 0.1366125335112992, ""n_state"": 541, ""ok"": true}, ""3"": {""effect"": 0.10799878183566769, ""n_state"": 586, ""ok"": true}, ""4"": {""effect"": 0.11674056503311392, ""n_state"": 561, ""ok"": true}}"
extension_reversion,ret12_atr,5,1.0,12,move_ge_1atr,2595,61370,0.06491714710638874,0.9341040462427745,0.8691868991363858,3.333721579203936e-22,4.017561903143205e-22,2666,61138,0.09216889259443972,2.207518275384147e-44,1,3.577702032519135e-44,4,"{""1"": {""effect"": 0.10487949955525744, ""n_state"": 679, ""ok"": true}, ""2"": {""effect"": 0.09103845333869443, ""n_state"": 645, ""ok"": true}, ""3"": {""effect"": 0.07109918914815994, ""n_state"": 667, ""ok"": true}, ""4"": {""effect"": 0.0897585015514969, ""n_state"": 675, ""ok"": true}}"
extension_reversion,ret12_atr,5,2.0,3,move_ge_1atr,2808,65924,0.19257881085895168,0.7646011396011396,0.572022328742188,3.6547388001751446e-91,1.60402425118798e-90,2925,65587,0.1287362476329803,5.291292484452392e-43,1,1.3417205942718565e-42,4,"{""1"": {""effect"": 0.12762593542947642, ""n_state"": 817, ""ok"": true}, ""2"": {""effect"": 0.11065705848327356, ""n_state"": 621, ""ok"": true}, ""3"": {""effect"": 0.14707628598911138, ""n_state"": 740, ""ok"": true}, ""4"": {""effect"": 0.1105685833918324, ""n_state"": 747, ""ok"": true}}"
extension_reversion,ret3_atr,4,3.0,6,move_ge_1atr,2208,64928,0.1390688727223377,0.9112318840579711,0.7721630113356334,9.973089089517268e-54,1.7951560361131082e-53,2246,64685,0.12265250648546755,8.44525885495598e-42,1,1.4132882165436536e-41,4,"{""1"": {""effect"": 0.1396004777388482, ""n_state"": 558, ""ok"": true}, ""2"": {""effect"": 0.12062189161920356, ""n_state"": 527, ""ok"": true}, ""3"": {""effect"": 0.10584640341005891, ""n_state"": 537, ""ok"": true}, ""4"": {""effect"": 0.11248297546030062, ""n_state"": 624, ""ok"": true}}"
extension_reversion,body_atr,3,2.0,3,move_ge_1atr,2102,66630,0.15167534817793937,0.7269267364414843,0.5752513882635449,9.390594321781382e-44,2.119591289773512e-43,2331,66181,0.14126349322251475,1.0794544365390348e-41,1,2.642802241181775e-41,4,"{""1"": {""effect"": 0.188368490194048, ""n_state"": 580, ""ok"": true}, ""2"": {""effect"": 0.07632837441775275, ""n_state"": 576, ""ok"": true}, ""3"": {""effect"": 0.1585266809333823, ""n_state"": 565, ""ok"": true}, ""4"": {""effect"": 0.12790699807968187, ""n_state"": 610, ""ok"": true}}"
extension_reversion,ret12_atr,4,3.0,6,move_ge_1atr,2357,64779,0.15751623467965092,0.9287229529062367,0.7712067182265858,9.72511235646026e-73,2.431278089115065e-72,2223,64708,0.12279453195894019,1.7014204056680735e-41,1,2.7903294652956403e-41,4,"{""1"": {""effect"": 0.1302004951509067, ""n_state"": 585, ""ok"": true}, ""2"": {""effect"": 0.12971204739529374, ""n_state"": 515, ""ok"": true}, ""3"": {""effect"": 0.10117422160599354, ""n_state"": 503, ""ok"": true}, ""4"": {""effect"": 0.11657745686138776, ""n_state"": 620, ""ok"": true}}"
extension_reversion,body_atr,3,1.0,12,move_ge_1atr,2480,61485,0.0997904025896692,0.967741935483871,0.8679515328942018,4.057896888250422e-48,6.576591508543788e-48,2797,61007,0.08642536135232759,5.422312726771887e-41,1,8.638938920619616e-41,4,"{""1"": {""effect"": 0.10356866553940569, ""n_state"": 722, ""ok"": true}, ""2"": {""effect"": 0.058016944761678846, ""n_state"": 658, ""ok"": true}, ""3"": {""effect"": 0.08043604602806265, ""n_state"": 732, ""ok"": true}, ""4"": {""effect"": 0.09034113873423888, ""n_state"": 685, ""ok"": true}}"
extension_reversion,ret12_atr,3,2.0,3,move_ge_1atr,2221,66511,0.14380228215593893,0.7190454750112562,0.5752431928553172,1.4255446086233383e-41,2.9636322126643083e-41,2173,66339,0.1447742437328433,5.93783816838442e-41,1,1.405288366517646e-40,4,"{""1"": {""effect"": 0.17920088890092412, ""n_state"": 505, ""ok"": true}, ""2"": {""effect"": 0.1087439772493185, ""n_state"": 550, ""ok"": true}, ""3"": {""effect"": 0.19981415741113195, ""n_state"": 536, ""ok"": true}, ""4"": {""effect"": 0.08525250624379355, ""n_state"": 582, ""ok"": true}}"
extension_reversion,ret3_atr,3,3.0,6,move_ge_1atr,2110,65026,0.13753849535650553,0.909952606635071,0.7724141112785655,2.0747214019252589e-50,3.661273062221045e-50,2180,64751,0.1213591898052937,7.59814367977946e-40,1,1.221662317141011e-39,4,"{""1"": {""effect"": 0.12142303925528986, ""n_state"": 602, ""ok"": true}, ""2"": {""effect"": 0.13075279780173166, ""n_state"": 491, ""ok"": true}, ""3"": {""effect"": 0.10090934340285673, ""n_state"": 502, ""ok"": true}, ""4"": {""effect"": 0.11985364990218328, ""n_state"": 585, ""ok"": true}}"
extension_reversion,ret3_atr,3,1.0,12,move_ge_1atr,2498,61467,0.095895624205939,0.9639711769415532,0.8680755527356142,7.207198822340287e-45,1.0927043375806241e-44,2665,61139,0.08706143019165835,8.95581567855321e-40,1,1.403077789640003e-39,4,"{""1"": {""effect"": 0.09407381918284563, ""n_state"": 700, ""ok"": true}, ""2"": {""effect"": 0.06931384072876878, ""n_state"": 664, ""ok"": true}, ""3"": {""effect"": 0.07790129185412331, ""n_state"": 657, ""ok"": true}, ""4"": {""effect"": 0.09568452790704074, ""n_state"": 644, ""ok"": true}}"
extension_reversion,body_atr,4,2.0,3,move_ge_1atr,2289,66443,0.1575545391222677,0.7321974661424203,0.5746429270201526,5.797588453528024e-51,1.6357481708168352e-50,2389,66123,0.13584389739767744,1.4257547758790052e-39,1,3.2654383576583664e-39,4,"{""1"": {""effect"": 0.15377215756605456, ""n_state"": 591, ""ok"": true}, ""2"": {""effect"": 0.12346096154093222, ""n_state"": 611, ""ok"": true}, ""3"": {""effect"": 0.17374048389330354, ""n_state"": 567, ""ok"": true}, ""4"": {""effect"": 0.08245885780642126, ""n_state"": 620, ""ok"": true}}"
extension_reversion,ret3_atr,2,2.0,3,move_ge_1atr,2297,66435,0.15718725531605438,0.7318241184153244,0.57463686309927,6.715815100957833e-51,1.8294806654333408e-50,2346,66166,0.1361990183103754,4.1336437330438005e-39,1,9.171522032690932e-39,4,"{""1"": {""effect"": 0.1566136145036704, ""n_state"": 554, ""ok"": true}, ""2"": {""effect"": 0.08582219591641116, ""n_state"": 603, ""ok"": true}, ""3"": {""effect"": 0.15902089780504347, ""n_state"": 566, ""ok"": true}, ""4"": {""effect"": 0.1327671902915265, ""n_state"": 623, ""ok"": true}}"
extension_reversion,ret3_atr,1,1.0,6,move_ge_1atr,2439,64697,0.11042366648839219,0.8831488314883149,0.7727251649999227,8.017066060846664e-38,1.3875691259157688e-37,2291,64640,0.11690264665652517,7.790185468501848e-39,1,1.2284523238791377e-38,4,"{""1"": {""effect"": 0.0960204426689375, ""n_state"": 528, ""ok"": true}, ""2"": {""effect"": 0.1242022196792889, ""n_state"": 608, ""ok"": true}, ""3"": {""effect"": 0.10716602313643331, ""n_state"": 598, ""ok"": true}, ""4"": {""effect"": 0.12675687561032067, ""n_state"": 557, ""ok"": true}}"
extension_reversion,body_atr,4,1.0,12,move_ge_1atr,2454,61511,0.09939281472001538,0.967400162999185,0.8680073482791696,2.751935399580767e-47,4.384439450179527e-47,2477,61327,0.08878809972252821,1.277417383352162e-38,1,1.9684792464771021e-38,4,"{""1"": {""effect"": 0.08429901886506919, ""n_state"": 571, ""ok"": true}, ""2"": {""effect"": 0.06867385537247184, ""n_state"": 657, ""ok"": true}, ""3"": {""effect"": 0.09621715732826841, ""n_state"": 624, ""ok"": true}, ""4"": {""effect"": 0.09627046961806929, ""n_state"": 625, ""ok"": true}}"
extension_reversion,body_atr,3,4.0,24,move_ge_1atr,1533,56556,0.09539677972226823,0.9863013698630136,0.8909045901407454,7.011831386988968e-33,9.410615808853614e-33,1592,56419,0.10046562729099517,3.6411690562019867e-38,1,5.543272294516457e-38,4,"{""1"": {""effect"": 0.10523304203079487, ""n_state"": 339, ""ok"": true}, ""2"": {""effect"": 0.10039461031322972, ""n_state"": 406, ""ok"": true}, ""3"": {""effect"": 0.08938697829241682, ""n_state"": 440, ""ok"": true}, ""4"": {""effect"": 0.1004085421313391, ""n_state"": 407, ""ok"": true}}"
extension_reversion,ret3_atr,5,1.0,12,move_ge_1atr,2558,61407,0.0708078386949822,0.9397967161845192,0.868988877489537,8.959542777966527e-26,1.1861929875054276e-25,2359,61445,0.08995822006197984,7.283290711743164e-38,1,1.1042408498449313e-37,4,"{""1"": {""effect"": 0.10591670393378216, ""n_state"": 581, ""ok"": true}, ""2"": {""effect"": 0.08186866879281018, ""n_state"": 563, ""ok"": true}, ""3"": {""effect"": 0.0914229854856835, ""n_state"": 625, ""ok"": true}, ""4"": {""effect"": 0.07035086091742182, ""n_state"": 590, ""ok"": true}}"
extension_reversion,body_atr,1,1.0,6,move_ge_1atr,2387,64749,0.10335177643827076,0.8764139086719732,0.7730621322337025,1.075749731554372e-32,1.7929162192572868e-32,2236,64695,0.11563271777119577,3.42789901895965e-37,1,5.303541878390402e-37,4,"{""1"": {""effect"": 0.10842731918706072, ""n_state"": 540, ""ok"": true}, ""2"": {""effect"": 0.11664659090933904, ""n_state"": 552, ""ok"": true}, ""3"": {""effect"": 0.10908548619174041, ""n_state"": 575, ""ok"": true}, ""4"": {""effect"": 0.11662509443199354, ""n_state"": 569, ""ok"": true}}"
extension_reversion,ret3_atr,3,2.0,3,move_ge_1atr,2144,66588,0.15921838142142064,0.7341417910447762,0.5749234096233555,6.2791952004207695e-49,1.6535214027774694e-48,2228,66284,0.13242554452864652,2.3863539218027786e-35,1,5.134276619636281e-35,4,"{""1"": {""effect"": 0.17093106617647058, ""n_state"": 512, ""ok"": true}, ""2"": {""effect"": 0.10084000628042078, ""n_state"": 576, ""ok"": true}, ""3"": {""effect"": 0.154678334933657, ""n_state"": 568, ""ok"": true}, ""4"": {""effect"": 0.09495750055067098, ""n_state"": 572, ""ok"": true}}"
extension_reversion,ret3_atr,2,3.0,3,move_ge_1atr,2203,66529,0.154991539599177,0.7299137539718565,0.5749222143726795,1.200396253324378e-47,2.8736758791704803e-47,2318,66194,0.12968922916280567,3.1322667098256903e-35,1,6.540909894047766e-35,4,"{""1"": {""effect"": 0.11176224718717742, ""n_state"": 552, ""ok"": true}, ""2"": {""effect"": 0.13910548414617196, ""n_state"": 589, ""ok"": true}, ""3"": {""effect"": 0.1491164383750032, ""n_state"": 578, ""ok"": true}, ""4"": {""effect"": 0.10536528776493403, ""n_state"": 599, ""ok"": true}}"
extension_reversion,ret3_atr,1,4.0,3,move_ge_1atr,1633,67099,0.08157037009968915,0.6595223515003061,0.577951981400617,4.15146212500972e-11,5.124461060558873e-11,1691,66821,0.14961439961344603,1.4573584922308245e-34,1,2.956355798525387e-34,4,"{""1"": {""effect"": 0.15341435900060008, ""n_state"": 374, ""ok"": true}, ""2"": {""effect"": 0.129487082266733, ""n_state"": 430, ""ok"": true}, ""3"": {""effect"": 0.05836190583915979, ""n_state"": 405, ""ok"": true}, ""4"": {""effect"": 0.23163566476347075, ""n_state"": 482, ""ok"": true}}"
extension_reversion,body_atr,5,1.0,12,move_ge_1atr,2480,61485,0.06581171778062833,0.9350806451612903,0.869268927380662,7.106298336744799e-22,8.349900545675139e-22,2300,61504,0.08653375672985564,2.3324644176972897e-34,1,3.4801850041832576e-34,4,"{""1"": {""effect"": 0.09307118255835056, ""n_state"": 570, ""ok"": true}, ""2"": {""effect"": 0.09258979202139861, ""n_state"": 535, ""ok"": true}, ""3"": {""effect"": 0.08745820626518586, ""n_state"": 590, ""ok"": true}, ""4"": {""effect"": 0.06513514506650186, ""n_state"": 605, ""ok"": true}}"
extension_reversion,ret3_atr,4,2.0,3,move_ge_1atr,2255,66477,0.15467467250313838,0.729490022172949,0.5748153496698106,1.67838545887848e-48,4.2771758468193524e-48,2370,66142,0.1263022518869069,3.438845952535056e-34,1,6.782168406388582e-34,4,"{""1"": {""effect"": 0.17262407102109179, ""n_state"": 576, ""ok"": true}, ""2"": {""effect"": 0.09443280921882335, ""n_state"": 577, ""ok"": true}, ""3"": {""effect"": 0.17520649654115972, ""n_state"": 551, ""ok"": true}, ""4"": {""effect"": 0.061551514076349734, ""n_state"": 666, ""ok"": true}}"
extension_reversion,ret12_atr,1,4.0,24,move_ge_1atr,1450,56639,0.0958674021981929,0.9868965517241379,0.891029149525945,1.5820477456169957e-31,1.9442032536498018e-31,1401,56610,0.10062424182590446,5.303507924161855e-34,1,7.839968235717525e-34,4,"{""1"": {""effect"": 0.1015074106339442, ""n_state"": 278, ""ok"": true}, ""2"": {""effect"": 0.09598483098997457, ""n_state"": 327, ""ok"": true}, ""3"": {""effect"": 0.09191597341302282, ""n_state"": 376, ""ok"": true}, ""4"": {""effect"": 0.10538104912225865, ""n_state"": 420, ""ok"": true}}"
extension_reversion,ret3_atr,4,4.0,24,move_ge_1atr,1548,56541,0.09622214187989264,0.9870801033591732,0.8908579614792805,1.0043194717610884e-33,1.3843322448598788e-33,1556,56455,0.09561458850111304,5.281939440613055e-34,1,7.839968235717525e-34,4,"{""1"": {""effect"": 0.09895618280458429, ""n_state"": 322, ""ok"": true}, ""2"": {""effect"": 0.09766721415853985, ""n_state"": 394, ""ok"": true}, ""3"": {""effect"": 0.08390141482225855, ""n_state"": 422, ""ok"": true}, ""4"": {""effect"": 0.0957385587379912, ""n_state"": 418, ""ok"": true}}"
extension_reversion,ret3_atr,3,4.0,24,move_ge_1atr,1559,56530,0.09831191938933126,0.9890955740859525,0.8907836546966212,2.316277160155048e-35,3.424061888924853e-35,1516,56495,0.09658813526589904,7.696542341687923e-34,1,1.1214961697888116e-33,4,"{""1"": {""effect"": 0.10193701568318547, ""n_state"": 310, ""ok"": true}, ""2"": {""effect"": 0.10033828151333113, ""n_state"": 402, ""ok"": true}, ""3"": {""effect"": 0.07998992140287697, ""n_state"": 436, ""ok"": true}, ""4"": {""effect"": 0.09981650549220122, ""n_state"": 368, ""ok"": true}}"
extension_reversion,ret12_atr,3,1.0,12,move_ge_1atr,2374,61591,0.10249746961766437,0.970513900589722,0.8680164309720576,1.171915562134375e-48,2.0029102334660226e-48,2277,61527,0.08604142706032225,1.1203310598571768e-33,1,1.6454862441652286e-33,4,"{""1"": {""effect"": 0.09208493585196598, ""n_state"": 582, ""ok"": true}, ""2"": {""effect"": 0.07958008592298338, ""n_state"": 537, ""ok"": true}, ""3"": {""effect"": 0.09100970393921104, ""n_state"": 592, ""ok"": true}, ""4"": {""effect"": 0.07142393361239951, ""n_state"": 566, ""ok"": true}}"
extension_reversion,ret12_atr,4,1.0,12,move_ge_1atr,2390,61575,0.09968660867024426,0.9677824267782427,0.8680958181079984,2.0791117709851126e-46,3.2572751078766765e-46,2333,61471,0.08500042775407324,1.2023209992029179e-33,1,1.7387411373088352e-33,4,"{""1"": {""effect"": 0.09259040986951506, ""n_state"": 590, ""ok"": true}, ""2"": {""effect"": 0.055792464186534385, ""n_state"": 514, ""ok"": true}, ""3"": {""effect"": 0.09035954557417025, ""n_state"": 608, ""ok"": true}, ""4"": {""effect"": 0.08792556488586456, ""n_state"": 621, ""ok"": true}}"
extension_reversion,ret12_atr,1,0.0,12,move_ge_1atr,1038,62927,0.11756315917091809,0.98747591522158,0.8699127560506619,2.6490394842982355e-29,3.716562858567674e-29,1052,62752,0.12462947873262464,2.5850607025268476e-33,1,3.681753121780662e-33,4,"{""1"": {""effect"": 0.12434540025521179, ""n_state"": 283, ""ok"": true}, ""2"": {""effect"": 0.1145789871053624, ""n_state"": 228, ""ok"": true}, ""3"": {""effect"": 0.12794103751299257, ""n_state"": 306, ""ok"": true}, ""4"": {""effect"": 0.12352709051615218, ""n_state"": 235, ""ok"": true}}"
extension_reversion,ret12_atr,4,4.0,24,move_ge_1atr,1541,56548,0.09681655600013539,0.9876703439325114,0.890853787932376,5.592079314580578e-34,8.03369140967914e-34,1526,56485,0.09533024170116267,3.289620982969373e-33,1,4.725934369899663e-33,4,"{""1"": {""effect"": 0.10519656104832564, ""n_state"": 319, ""ok"": true}, ""2"": {""effect"": 0.09450185855380822, ""n_state"": 373, ""ok"": true}, ""3"": {""effect"": 0.07880567095443347, ""n_state"": 417, ""ok"": true}, ""4"": {""effect"": 0.09812922659059964, ""n_state"": 417, ""ok"": true}}"
extension_reversion,body_atr,2,3.0,3,move_ge_1atr,2163,66569,0.16644845864239655,0.7411003236245954,0.5746518649821989,9.5011227544428e-54,2.7799581392628934e-53,2317,66195,0.12374258278702921,3.261502689509304e-32,1,6.25855921500434e-32,4,"{""1"": {""effect"": 0.1408179995689216, ""n_state"": 589, ""ok"": true}, ""2"": {""effect"": 0.10382855799995427, ""n_state"": 557, ""ok"": true}, ""3"": {""effect"": 0.11029115407510293, ""n_state"": 608, ""ok"": true}, ""4"": {""effect"": 0.12708747943780951, ""n_state"": 563, ""ok"": true}}"
extension_reversion,body_atr,1,0.0,12,move_ge_1atr,1182,62783,0.12283511225637322,0.9923857868020305,0.8695506745456573,6.11950487599245e-36,8.988022786613911e-36,1081,62723,0.11917072853531308,2.182317256739554e-31,1,3.0617585393062397e-31,4,"{""1"": {""effect"": 0.11419999104720946, ""n_state"": 293, ""ok"": true}, ""2"": {""effect"": 0.12377628872886293, ""n_state"": 248, ""ok"": true}, ""3"": {""effect"": 0.12034039088610315, ""n_state"": 267, ""ok"": true}, ""4"": {""effect"": 0.11315960487231214, ""n_state"": 273, ""ok"": true}}"
extension_reversion,body_atr,2,0.0,24,move_ge_1atr,1135,56954,0.1060059134205068,0.9973568281938326,0.8913509147733258,2.0972182175260236e-30,2.487398351019237e-30,1227,56784,0.1027156656270819,2.874236630417232e-31,1,4.071835226424412e-31,4,"{""1"": {""effect"": 0.09087545143983455, ""n_state"": 282, ""ok"": true}, ""2"": {""effect"": 0.10518744475449326, ""n_state"": 314, ""ok"": true}, ""3"": {""effect"": 0.10521297435986343, ""n_state"": 328, ""ok"": true}, ""4"": {""effect"": 0.10184973581575252, ""n_state"": 303, ""ok"": true}}"
extension_reversion,ret3_atr,2,0.0,24,move_ge_1atr,1229,56860,0.10389392300675981,0.9951179820992677,0.8912240590925079,1.6553895039279711e-31,2.0101158261982506e-31,1190,56821,0.10423529648391627,2.9931390725033168e-31,1,4.182194320484087e-31,4,"{""1"": {""effect"": 0.09439919418719989, ""n_state"": 281, ""ok"": true}, ""2"": {""effect"": 0.10513642269380685, ""n_state"": 286, ""ok"": true}, ""3"": {""effect"": 0.10521662245800179, ""n_state"": 330, ""ok"": true}, ""4"": {""effect"": 0.10514917356803766, ""n_state"": 293, ""ok"": true}}"
extension_reversion,ret12_atr,2,4.0,24,move_ge_1atr,1560,56529,0.10161441982808006,0.9923076923076923,0.8906932724796123,1.1060776530781326e-37,1.7628112595932738e-37,1467,56544,0.09404471954012616,3.288146991693479e-31,1,4.5323107182802e-31,4,"{""1"": {""effect"": 0.10517468459725499, ""n_state"": 307, ""ok"": true}, ""2"": {""effect"": 0.09362661552661644, ""n_state"": 428, ""ok"": true}, ""3"": {""effect"": 0.07141451901138551, ""n_state"": 386, ""ok"": true}, ""4"": {""effect"": 0.10233830140100608, ""n_state"": 346, ""ok"": true}}"
extension_reversion,ret3_atr,1,4.0,24,move_ge_1atr,1337,56752,0.10066746599093823,0.9917726252804787,0.8911051592895405,4.363142168034686e-32,5.705647450506897e-32,1348,56663,0.09799307488791431,3.342771837220283e-31,1,4.546169698619585e-31,4,"{""1"": {""effect"": 0.10122561980278733, ""n_state"": 260, ""ok"": true}, ""2"": {""effect"": 0.09660327614169684, ""n_state"": 349, ""ok"": true}, ""3"": {""effect"": 0.08477194243937014, ""n_state"": 344, ""ok"": true}, ""4"": {""effect"": 0.10278632166170432, ""n_state"": 395, ""ok"": true}}"
extension_reversion,ret12_atr,2,0.0,24,move_ge_1atr,1331,56758,0.10677033411309922,0.9977460555972952,0.890975721484196,9.844834969680411e-36,1.4987659207573164e-35,1235,56776,0.10192977987505691,5.293284287735753e-31,1,7.104144701961143e-31,4,"{""1"": {""effect"": 0.08657233021931887, ""n_state"": 271, ""ok"": true}, ""2"": {""effect"": 0.10523304203079487, ""n_state"": 339, ""ok"": true}, ""3"": {""effect"": 0.10221256950357138, ""n_state"": 334, ""ok"": true}, ""4"": {""effect"": 0.10514553014553019, ""n_state"": 291, ""ok"": true}}"
extension_reversion,ret3_atr,1,0.0,12,move_ge_1atr,1105,62860,0.12030296442716204,0.9900452488687783,0.8697422844416163,1.9310581470816285e-32,2.7926071665488165e-32,1112,62692,0.1158574384670149,1.5031738643475633e-30,1,2.077916812480455e-30,4,"{""1"": {""effect"": 0.12144309199485925, ""n_state"": 309, ""ok"": true}, ""2"": {""effect"": 0.10968597208762454, ""n_state"": 276, ""ok"": true}, ""3"": {""effect"": 0.11696383108030417, ""n_state"": 276, ""ok"": true}, ""4"": {""effect"": 0.10783132163806186, ""n_state"": 251, ""ok"": true}}"
extension_reversion,ret12_atr,4,0.0,24,move_ge_1atr,1162,56927,0.10787516409501952,0.9991394148020654,0.8912642507070458,4.040398051093436e-32,5.352215600149747e-32,1177,56834,0.10331582005326723,2.024950844542909e-30,1,2.6824024174464505e-30,4,"{""1"": {""effect"": 0.09005128408691132, ""n_state"": 267, ""ok"": true}, ""2"": {""effect"": 0.10517286197036657, ""n_state"": 306, ""ok"": true}, ""3"": {""effect"": 0.1051273168196778, ""n_state"": 281, ""ok"": true}, ""4"": {""effect"": 0.1052038552211898, ""n_state"": 323, ""ok"": true}}"
extension_reversion,body_atr,1,4.0,24,move_ge_1atr,1381,56708,0.1010140901441724,0.9920347574221579,0.8910206672779855,2.8012025827166866e-33,3.8096355124946935e-33,1335,56676,0.09711516120411623,2.1080045519662076e-30,1,2.756621337186579e-30,4,"{""1"": {""effect"": 0.10137067862053728, ""n_state"": 269, ""ok"": true}, ""2"": {""effect"": 0.09021367950455084, ""n_state"": 335, ""ok"": true}, ""3"": {""effect"": 0.09083793222811454, ""n_state"": 349, ""ok"": true}, ""4"": {""effect"": 0.10004125504365857, ""n_state"": 382, ""ok"": true}}"
extension_reversion,body_atr,1,0.0,3,move_ge_1atr,1182,67550,0.18987273950110273,0.766497461928934,0.5766247224278312,2.8318931817802796e-39,5.3266562228724305e-39,1084,67428,0.17408734685318017,1.7660842441132312e-30,1,3.29978898242209e-30,4,"{""1"": {""effect"": 0.1883974653603805, ""n_state"": 293, ""ok"": true}, ""2"": {""effect"": 0.17589774802191116, ""n_state"": 248, ""ok"": true}, ""3"": {""effect"": 0.14926305119553007, ""n_state"": 267, ""ok"": true}, ""4"": {""effect"": 0.17315353109540543, ""n_state"": 276, ""ok"": true}}"
extension_reversion,body_atr,3,5.0,24,move_ge_1atr,1256,56833,0.08289243006188318,0.9745222929936306,0.8916298629317474,4.6524915433191915e-21,4.793476135540985e-21,1331,56680,0.09707835571813128,2.6893120388713584e-30,1,3.4722763033528936e-30,4,"{""1"": {""effect"": 0.09561346169083274, ""n_state"": 315, ""ok"": true}, ""2"": {""effect"": 0.09887076323637578, ""n_state"": 318, ""ok"": true}, ""3"": {""effect"": 0.09198998369265399, ""n_state"": 378, ""ok"": true}, ""4"": {""effect"": 0.09577138331802182, ""n_state"": 320, ""ok"": true}}"
extension_reversion,ret12_atr,1,0.0,6,move_ge_1atr,1038,66098,0.14653068710785078,0.9210019267822736,0.7744712396744228,2.3531883931998684e-29,3.7819099176426457e-29,1057,65874,0.14979159921973684,2.293212409685271e-30,1,3.48228551100356e-30,4,"{""1"": {""effect"": 0.16518724182700484, ""n_state"": 283, ""ok"": true}, ""2"": {""effect"": 0.17520589436651768, ""n_state"": 228, ""ok"": true}, ""3"": {""effect"": 0.14733286735582285, ""n_state"": 306, ""ok"": true}, ""4"": {""effect"": 0.1028286550409101, ""n_state"": 240, ""ok"": true}}"
extension_reversion,body_atr,3,0.0,24,move_ge_1atr,1267,56822,0.1033062246725307,0.994475138121547,0.8911689134490163,4.612352442141846e-32,5.955189229094535e-32,1313,56698,0.0976897895739044,2.823907498278221e-30,1,3.6004820603047324e-30,4,"{""1"": {""effect"": 0.07673685274267272, ""n_state"": 318, ""ok"": true}, ""2"": {""effect"": 0.0994122073288608, ""n_state"": 345, ""ok"": true}, ""3"": {""effect"": 0.10229719941359239, ""n_state"": 342, ""ok"": true}, ""4"": {""effect"": 0.10517650728731609, ""n_state"": 308, ""ok"": true}}"
extension_reversion,body_atr,4,0.0,24,move_ge_1atr,1168,56921,0.10701731407119652,0.9982876712328768,0.8912703571616802,8.651164521832506e-32,1.1030234765336445e-31,1189,56822,0.10251401400190918,2.9401007691030292e-30,1,3.702349116648259e-30,4,"{""1"": {""effect"": 0.09439919418719989, ""n_state"": 281, ""ok"": true}, ""2"": {""effect"": 0.10206760918411817, ""n_state"": 321, ""ok"": true}, ""3"": {""effect"": 0.10167810794971532, ""n_state"": 290, ""ok"": true}, ""4"": {""effect"": 0.10515646117059985, ""n_state"": 297, ""ok"": true}}"
extension_reversion,ret3_atr,1,0.0,24,move_ge_1atr,1093,56996,0.10768919948604605,0.9990850869167429,0.8913958874306969,3.0068220807297842e-30,3.5252396808556095e-30,1111,56900,0.10574314373440852,3.939009311714741e-30,1,4.783082735653614e-30,4,"{""1"": {""effect"": 0.10192475366403819, ""n_state"": 309, ""ok"": true}, ""2"": {""effect"": 0.10511821252273312, ""n_state"": 276, ""ok"": true}, ""3"": {""effect"": 0.10511821252273312, ""n_state"": 276, ""ok"": true}, ""4"": {""effect"": 0.10507089558698779, ""n_state"": 250, ""ok"": true}}"
extension_reversion,ret3_atr,4,0.0,24,move_ge_1atr,1135,56954,0.10690452871851608,0.9982378854625551,0.891333356744039,6.79967320637509e-31,8.159607847650108e-31,1148,56863,0.10406421240709296,3.913120130468306e-30,1,4.783082735653614e-30,4,"{""1"": {""effect"": 0.10508726970494531, ""n_state"": 259, ""ok"": true}, ""2"": {""effect"": 0.10517103940664752, ""n_state"": 305, ""ok"": true}, ""3"": {""effect"": 0.10514006548516186, ""n_state"": 288, ""ok"": true}, ""4"": {""effect"": 0.09496752448541412, ""n_state"": 296, ""ok"": true}}"
extension_reversion,body_atr,2,4.0,24,move_ge_1atr,1493,56596,0.10045235718958356,0.9912926992632284,0.8908403420736448,2.145750219236221e-35,3.2186253288543313e-35,1443,56568,0.09307323461969197,3.847349288556932e-30,1,4.783082735653614e-30,4,"{""1"": {""effect"": 0.09455631595358838, ""n_state"": 285, ""ok"": true}, ""2"": {""effect"": 0.10017821142310812, ""n_state"": 391, ""ok"": true}, ""3"": {""effect"": 0.07360544663827484, ""n_state"": 381, ""ok"": true}, ""4"": {""effect"": 0.09749479055443788, ""n_state"": 386, ""ok"": true}}"
extension_reversion,ret3_atr,4,1.0,12,move_ge_1atr,2422,61543,0.09546042160232959,0.9636663914120561,0.8682059698097265,3.1390598435975386e-43,4.683676592034423e-43,2515,61289,0.07708565296371361,6.146605711803195e-30,1,8.373636766804353e-30,4,"{""1"": {""effect"": 0.07873329665959017, ""n_state"": 588, ""ok"": true}, ""2"": {""effect"": 0.060831625681160295, ""n_state"": 626, ""ok"": true}, ""3"": {""effect"": 0.07704790512991033, ""n_state"": 627, ""ok"": true}, ""4"": {""effect"": 0.08220172119045954, ""n_state"": 674, ""ok"": true}}"
extension_reversion,ret3_atr,1,4.0,6,move_ge_1atr,1564,65572,0.10093428468860222,0.8753196930946292,0.774385408406027,2.7160751857010753e-21,4.214599426087875e-21,1615,65316,0.11997032004636854,1.478261183141319e-29,1,2.2039530366834213e-29,4,"{""1"": {""effect"": 0.12626780997540232, ""n_state"": 349, ""ok"": true}, ""2"": {""effect"": 0.11065157214485011, ""n_state"": 411, ""ok"": true}, ""3"": {""effect"": 0.05838820354919749, ""n_state"": 386, ""ok"": true}, ""4"": {""effect"": 0.16669659864312225, ""n_state"": 469, ""ok"": true}}"
extension_reversion,body_atr,1,0.0,6,move_ge_1atr,1182,65954,0.1471741803124128,0.9213197969543148,0.774145616641902,2.109234773369966e-33,3.581719426477301e-33,1084,65847,0.1454209206997077,2.1436914565667556e-29,1,3.138976775687035e-29,4,"{""1"": {""effect"": 0.16065754690899348, ""n_state"": 293, ""ok"": true}, ""2"": {""effect"": 0.17987373335468304, ""n_state"": 248, ""ok"": true}, ""3"": {""effect"": 0.1310256904658209, ""n_state"": 267, ""ok"": true}, ""4"": {""effect"": 0.10524901640395767, ""n_state"": 276, ""ok"": true}}"
extension_reversion,body_atr,4,3.0,3,move_ge_1atr,2213,66519,0.12079084363007309,0.6967916854948034,0.5760008418647303,9.793116298368903e-30,1.45972865579461e-29,2211,66301,0.12061931744465071,2.0824823673163835e-29,1,3.791185848191365e-29,4,"{""1"": {""effect"": 0.14754618583155932, ""n_state"": 561, ""ok"": true}, ""2"": {""effect"": 0.11708332460682358, ""n_state"": 514, ""ok"": true}, ""3"": {""effect"": 0.12599483563521086, ""n_state"": 519, ""ok"": true}, ""4"": {""effect"": 0.084001001164564, ""n_state"": 617, ""ok"": true}}"
extension_reversion,ret3_atr,1,0.0,3,move_ge_1atr,1105,67627,0.19703334105691672,0.7737556561085973,0.5767223150516806,1.4372899562054767e-39,2.7694123546398208e-39,1115,67397,0.167896549799192,3.206147165110054e-29,1,5.552108505434484e-29,4,"{""1"": {""effect"": 0.25648882664055384, ""n_state"": 309, ""ok"": true}, ""2"": {""effect"": 0.20225627850826333, ""n_state"": 276, ""ok"": true}, ""3"": {""effect"": 0.04582901116415239, ""n_state"": 276, ""ok"": true}, ""4"": {""effect"": 0.14646698272856828, ""n_state"": 254, ""ok"": true}}"
extension_reversion,ret3_atr,2,,3,move_ge_1atr,12448,56284,0.05489050069067658,0.6248393316195373,0.5699488309288607,2.968459795032922e-29,4.3427467371777937e-29,12516,55996,0.05498808514172504,3.131700360042284e-29,1,5.552108505434484e-29,4,"{""1"": {""effect"": 0.05661988248458116, ""n_state"": 2954, ""ok"": true}, ""2"": {""effect"": 0.05048042354629112, ""n_state"": 3108, ""ok"": true}, ""3"": {""effect"": 0.031648171615365706, ""n_state"": 3222, ""ok"": true}, ""4"": {""effect"": 0.05049732454863132, ""n_state"": 3232, ""ok"": true}}"
extension_reversion,ret12_atr,3,4.0,24,move_ge_1atr,1478,56611,0.09894655568954325,0.989851150202977,0.8909045945134337,4.507861596345348e-34,6.568598326103221e-34,1414,56597,0.09200930252574346,5.993903056920614e-29,1,7.192683668304737e-29,4,"{""1"": {""effect"": 0.0987833541555605, ""n_state"": 314, ""ok"": true}, ""2"": {""effect"": 0.08983743907469643, ""n_state"": 390, ""ok"": true}, ""3"": {""effect"": 0.08074143091800434, ""n_state"": 369, ""ok"": true}, ""4"": {""effect"": 0.09343712608953669, ""n_state"": 341, ""ok"": true}}"
extension_reversion,ret12_atr,1,0.0,24,move_ge_1atr,1035,57054,0.10654381331085783,0.9980676328502416,0.8915238195393838,3.4730014537276022e-28,3.980293800901297e-28,1046,56965,0.10653910295795666,6.678732118569282e-29,1,7.921286931326359e-29,4,"{""1"": {""effect"": 0.10513095898004432, ""n_state"": 283, ""ok"": true}, ""2"": {""effect"": 0.1050308914386584, ""n_state"": 228, ""ok"": true}, ""3"": {""effect"": 0.10517286197036657, ""n_state"": 306, ""ok"": true}, ""4"": {""effect"": 0.10503270914817764, ""n_state"": 229, ""ok"": true}}"
extension_reversion,body_atr,1,0.0,24,move_ge_1atr,1167,56922,0.10701393662856562,0.998286203941731,0.8912722673131653,9.209179938234498e-32,1.1596745107406406e-31,1079,56932,0.10471215941597434,8.639173950221023e-29,1,1.0128686700259131e-28,4,"{""1"": {""effect"": 0.10171887866710294, ""n_state"": 293, ""ok"": true}, ""2"": {""effect"": 0.10506725758703672, ""n_state"": 248, ""ok"": true}, ""3"": {""effect"": 0.1051018287614297, ""n_state"": 267, ""ok"": true}, ""4"": {""effect"": 0.10140175388591444, ""n_state"": 271, ""ok"": true}}"
extension_reversion,ret3_atr,2,4.0,24,move_ge_1atr,1551,56538,0.10155238362476882,0.9922630560928434,0.8907106724680746,1.946349298137638e-37,3.0542712063082934e-37,1423,56588,0.09139981653336682,9.352902350470977e-29,1,1.0840864088045906e-28,4,"{""1"": {""effect"": 0.10187502166152573, ""n_state"": 305, ""ok"": true}, ""2"": {""effect"": 0.09180354374120359, ""n_state"": 373, ""ok"": true}, ""3"": {""effect"": 0.07360544663827484, ""n_state"": 381, ""ok"": true}, ""4"": {""effect"": 0.0942202800408779, ""n_state"": 364, ""ok"": true}}"
extension_reversion,body_atr,2,,3,move_ge_1atr,12444,56288,0.05807562507663666,0.6274509803921569,0.5693753553155202,1.5377288259790772e-32,2.584693133028662e-32,12540,55972,0.05455496032363416,7.726429776216519e-29,1,1.3061345574080306e-28,4,"{""1"": {""effect"": 0.055808334437760676, ""n_state"": 2948, ""ok"": true}, ""2"": {""effect"": 0.05402533413059496, ""n_state"": 3164, ""ok"": true}, ""3"": {""effect"": 0.02643933346769356, ""n_state"": 3244, ""ok"": true}, ""4"": {""effect"": 0.05161630464347211, ""n_state"": 3184, ""ok"": true}}"
extension_reversion,body_atr,4,4.0,24,move_ge_1atr,1580,56509,0.09849743885313667,0.989240506329114,0.8907430674759773,6.242380135278754e-36,9.647314754521711e-36,1499,56512,0.0889033374080267,1.2531788277838326e-28,1,1.43622742060619e-28,4,"{""1"": {""effect"": 0.10170536897348914, ""n_state"": 292, ""ok"": true}, ""2"": {""effect"": 0.09248796014353255, ""n_state"": 392, ""ok"": true}, ""3"": {""effect"": 0.06494103665300877, ""n_state"": 448, ""ok"": true}, ""4"": {""effect"": 0.09705772743610741, ""n_state"": 367, ""ok"": true}}"
extension_reversion,body_atr,4,5.0,24,move_ge_1atr,1199,56890,0.0849790745231972,0.9766472060050042,0.891668131481807,3.83856586005827e-21,3.995242017611669e-21,1221,56790,0.09766470115123049,2.667530940105076e-28,1,3.023201732119086e-28,4,"{""1"": {""effect"": 0.0939442221875848, ""n_state"": 270, ""ok"": true}, ""2"": {""effect"": 0.09225091531204199, ""n_state"": 311, ""ok"": true}, ""3"": {""effect"": 0.10213571060043047, ""n_state"": 327, ""ok"": true}, ""4"": {""effect"": 0.09554896227874632, ""n_state"": 313, ""ok"": true}}"
extension_reversion,ret3_atr,1,4.0,12,move_ge_1atr,1453,62512,0.09453895244404886,0.9642119752236752,0.8696730227796263,1.6188677977822318e-26,2.2104801790691547e-26,1480,62324,0.09645674652253178,3.728190320413138e-28,1,5.006427001697642e-28,4,"{""1"": {""effect"": 0.1084997617250093, ""n_state"": 310, ""ok"": true}, ""2"": {""effect"": 0.08573277922353817, ""n_state"": 380, ""ok"": true}, ""3"": {""effect"": 0.08258791788542963, ""n_state"": 354, ""ok"": true}, ""4"": {""effect"": 0.10280056266642268, ""n_state"": 436, ""ok"": true}}"
extension_reversion,ret3_atr,3,5.0,24,move_ge_1atr,1190,56899,0.08564323249467098,0.9773109243697479,0.8916676918750769,2.6504544600096274e-21,2.7870758239276494e-21,1270,56741,0.09488431132093933,8.608273853519492e-28,1,9.64883442921965e-28,4,"{""1"": {""effect"": 0.09661109177370086, ""n_state"": 238, ""ok"": true}, ""2"": {""effect"": 0.08943591272821172, ""n_state"": 319, ""ok"": true}, ""3"": {""effect"": 0.09217179565851463, ""n_state"": 383, ""ok"": true}, ""4"": {""effect"": 0.09607370317309472, ""n_state"": 330, ""ok"": true}}"
extension_reversion,ret12_atr,3,0.0,24,move_ge_1atr,1347,56742,0.10302777884409242,0.994060876020787,0.8910330971766945,9.230821794344967e-34,1.3076997541988703e-33,1258,56753,0.09474908661321202,1.7790866049208707e-27,1,1.9724655837166177e-27,4,"{""1"": {""effect"": 0.08045343624236256, ""n_state"": 325, ""ok"": true}, ""2"": {""effect"": 0.09635931811992371, ""n_state"": 340, ""ok"": true}, ""3"": {""effect"": 0.10192475366403819, ""n_state"": 309, ""ok"": true}, ""4"": {""effect"": 0.09451743112371813, ""n_state"": 284, ""ok"": true}}"
extension_reversion,ret3_atr,4,0.0,12,move_ge_1atr,1145,62820,0.10383733103105985,0.9737991266375546,0.8699617956064948,2.0904158028199776e-25,2.7291539647927484e-25,1150,62654,0.10752635939826882,2.225703972201908e-27,1,2.946706667422244e-27,4,"{""1"": {""effect"": 0.0929557413938561, ""n_state"": 259, ""ok"": true}, ""2"": {""effect"": 0.09499465462086787, ""n_state"": 305, ""ok"": true}, ""3"": {""effect"": 0.12441681361126855, ""n_state"": 288, ""ok"": true}, ""4"": {""effect"": 0.11106766427185333, ""n_state"": 298, ""ok"": true}}"
extension_reversion,ret12_atr,4,2.0,3,move_ge_1atr,2358,66374,0.1618807966463871,0.7362171331636981,0.574336336517311,3.288359934464826e-55,1.039121739290885e-54,2333,66179,0.11313166442617761,2.2768479110193862e-27,1,3.75944655075294e-27,4,"{""1"": {""effect"": 0.16388056750635027, ""n_state"": 565, ""ok"": true}, ""2"": {""effect"": 0.06697482592563697, ""n_state"": 605, ""ok"": true}, ""3"": {""effect"": 0.1596303272898516, ""n_state"": 560, ""ok"": true}, ""4"": {""effect"": 0.05737948943331572, ""n_state"": 603, ""ok"": true}}"
extension_reversion,body_atr,1,4.0,12,move_ge_1atr,1498,62467,0.09092295525094662,0.9606141522029372,0.8696911969519906,2.401158304314292e-25,3.0501200081830198e-25,1475,62329,0.09425209202887574,7.123842189007708e-27,1,9.300571746760063e-27,4,"{""1"": {""effect"": 0.10308147587906047, ""n_state"": 323, ""ok"": true}, ""2"": {""effect"": 0.08626427290525318, ""n_state"": 361, ""ok"": true}, ""3"": {""effect"": 0.07295024213746915, ""n_state"": 365, ""ok"": true}, ""4"": {""effect"": 0.10691451558922793, ""n_state"": 426, ""ok"": true}}"
extension_reversion,body_atr,1,4.0,6,move_ge_1atr,1619,65517,0.0895360598524646,0.8641136504014824,0.7745775905490178,1.2716220968393139e-17,1.8761637494350532e-17,1588,65343,0.11470062396180958,9.617798847859699e-27,1,1.3836131675868338e-26,4,"{""1"": {""effect"": 0.12241674028791838, ""n_state"": 355, ""ok"": true}, ""2"": {""effect"": 0.09226231655154071, ""n_state"": 386, ""ok"": true}, ""3"": {""effect"": 0.0610658824915018, ""n_state"": 392, ""ok"": true}, ""4"": {""effect"": 0.1668266296553197, ""n_state"": 455, ""ok"": true}}"
extension_reversion,ret12_atr,3,5.0,24,move_ge_1atr,1216,56873,0.08701783729584012,0.9786184210526315,0.8916005837567914,2.242697512155631e-22,2.4864689808681997e-22,1269,56742,0.09245618653149712,1.8835790545016563e-26,1,2.0658608984856876e-26,4,"{""1"": {""effect"": 0.09055617683493933, ""n_state"": 276, ""ok"": true}, ""2"": {""effect"": 0.09558130885609417, ""n_state"": 314, ""ok"": true}, ""3"": {""effect"": 0.08120644092113116, ""n_state"": 335, ""ok"": true}, ""4"": {""effect"": 0.09646921317701751, ""n_state"": 344, ""ok"": true}}"
extension_reversion,ret3_atr,3,0.0,24,move_ge_1atr,1294,56795,0.10505405092449283,0.9961360123647605,0.8910819614402676,9.406518638093315e-34,1.314335480939066e-33,1264,56747,0.09239068122265093,2.5443056975658697e-26,1,2.760842352677858e-26,4,"{""1"": {""effect"": 0.05993397059213179, ""n_state"": 289, ""ok"": true}, ""2"": {""effect"": 0.0959247277702362, ""n_state"": 325, ""ok"": true}, ""3"": {""effect"": 0.09910109816013579, ""n_state"": 329, ""ok"": true}, ""4"": {""effect"": 0.1052002080083203, ""n_state"": 321, ""ok"": true}}"
extension_reversion,ret12_atr,1,4.0,12,move_ge_1atr,1572,62393,0.09097506738151484,0.960559796437659,0.8695847290561441,1.622586514423103e-26,2.2104801790691547e-26,1513,62291,0.09183156857231178,3.387901921164859e-26,1,4.3625038436917364e-26,4,"{""1"": {""effect"": 0.1004899854069824, ""n_state"": 329, ""ok"": true}, ""2"": {""effect"": 0.08733863752585336, ""n_state"": 346, ""ok"": true}, ""3"": {""effect"": 0.08595725697443246, ""n_state"": 382, ""ok"": true}, ""4"": {""effect"": 0.08848615666842807, ""n_state"": 456, ""ok"": true}}"
extension_reversion,ret12_atr,2,5.0,24,move_ge_1atr,1118,56971,0.08313312214930046,0.9749552772808586,0.8918221551315582,4.62129856512046e-19,4.62129856512046e-19,1213,56798,0.09338021696304055,7.406411986741127e-26,1,7.952147606816788e-26,4,"{""1"": {""effect"": 0.0935903982475359, ""n_state"": 262, ""ok"": true}, ""2"": {""effect"": 0.10507271468144042, ""n_state"": 251, ""ok"": true}, ""3"": {""effect"": 0.09224326501250113, ""n_state"": 385, ""ok"": true}, ""4"": {""effect"": 0.07965378469746187, ""n_state"": 315, ""ok"": true}}"
extension_reversion,ret3_atr,4,5.0,24,move_ge_1atr,1228,56861,0.08558581653517372,0.9771986970684039,0.8916128805332302,6.836728702590589e-22,7.340487659623579e-22,1211,56800,0.09335468010374381,8.354393734939576e-26,1,8.8765433433733e-26,4,"{""1"": {""effect"": 0.09435924497113468, ""n_state"": 280, ""ok"": true}, ""2"": {""effect"": 0.08526144255099244, ""n_state"": 303, ""ok"": true}, ""3"": {""effect"": 0.0962469812372283, ""n_state"": 336, ""ok"": true}, ""4"": {""effect"": 0.09137942041829006, ""n_state"": 292, ""ok"": true}}"
extension_reversion,ret12_atr,4,5.0,24,move_ge_1atr,1184,56905,0.0837924961469686,0.9755067567567568,0.8917142606097882,2.2875014717366892e-20,2.333251501171423e-20,1156,56855,0.0952709025174524,1.0951521784991317e-25,1,1.1502221109923509e-25,4,"{""1"": {""effect"": 0.0896959745235607, ""n_state"": 261, ""ok"": true}, ""2"": {""effect"": 0.0795710823587622, ""n_state"": 314, ""ok"": true}, ""3"": {""effect"": 0.10512367491166075, ""n_state"": 279, ""ok"": true}, ""4"": {""effect"": 0.10183698549665543, ""n_state"": 302, ""ok"": true}}"
extension_reversion,ret3_atr,2,5.0,24,move_ge_1atr,1197,56892,0.08664224542231624,0.9782790309106099,0.8916367854882936,6.994197318655778e-22,7.431334651071765e-22,1223,56788,0.09267156564752799,1.1051153615416705e-25,1,1.1502221109923509e-25,4,"{""1"": {""effect"": 0.08053963360156513, ""n_state"": 286, ""ok"": true}, ""2"": {""effect"": 0.09853207716280055, ""n_state"": 303, ""ok"": true}, ""3"": {""effect"": 0.09321609236569073, ""n_state"": 335, ""ok"": true}, ""4"": {""effect"": 0.09171286925367161, ""n_state"": 299, ""ok"": true}}"
extension_reversion,ret12_atr,1,1.0,6,move_ge_1atr,2499,64637,0.09141173990520757,0.8647458983593438,0.7733341584541362,4.91774092150082e-27,7.764854086580243e-27,2638,64293,0.08801445599454083,8.441314896084135e-26,1,1.193427278411895e-25,4,"{""1"": {""effect"": 0.06829410693355498, ""n_state"": 616, ""ok"": true}, ""2"": {""effect"": 0.07079013527554257, ""n_state"": 724, ""ok"": true}, ""3"": {""effect"": 0.09671117541065166, ""n_state"": 677, ""ok"": true}, ""4"": {""effect"": 0.10701564966775146, ""n_state"": 621, ""ok"": true}}"
extension_reversion,ret12_atr,4,0.0,12,move_ge_1atr,1173,62792,0.11320514817347949,0.9829497016197783,0.8697445534462989,1.4571246770332957e-30,2.0752987824413608e-30,1177,62627,0.1028872661253607,9.494066537827353e-26,1,1.2060030466969882e-25,4,"{""1"": {""effect"": 0.0902519331830538, ""n_state"": 267, ""ok"": true}, ""2"": {""effect"": 0.09838753605949613, ""n_state"": 306, ""ok"": true}, ""3"": {""effect"": 0.10286945692828608, ""n_state"": 281, ""ok"": true}, ""4"": {""effect"": 0.11241665981040239, ""n_state"": 323, ""ok"": true}}"
extension_reversion,ret12_atr,2,0.0,12,move_ge_1atr,1344,62621,0.09596975018269394,0.9657738095238095,0.8698040593411156,2.149843816221609e-25,2.7682920373264557e-25,1238,62566,0.1001923293719118,1.1546191748832562e-25,1,1.4471226991870143e-25,4,"{""1"": {""effect"": 0.07598968092997316, ""n_state"": 271, ""ok"": true}, ""2"": {""effect"": 0.10428268943442454, ""n_state"": 339, ""ok"": true}, ""3"": {""effect"": 0.1159584093196937, ""n_state"": 334, ""ok"": true}, ""4"": {""effect"": 0.09374580252507236, ""n_state"": 294, ""ok"": true}}"
extension_reversion,ret12_atr,4,3.0,3,move_ge_1atr,2400,66332,0.12877319142093313,0.7041666666666667,0.5753934752457336,3.674865778923531e-36,6.598054466703613e-36,2272,66240,0.1108574453970198,1.011559722652285e-25,1,1.6322895524616417e-25,4,"{""1"": {""effect"": 0.13584961446650845, ""n_state"": 596, ""ok"": true}, ""2"": {""effect"": 0.1121019214963026, ""n_state"": 534, ""ok"": true}, ""3"": {""effect"": 0.10399600328123437, ""n_state"": 518, ""ok"": true}, ""4"": {""effect"": 0.08150377393837216, ""n_state"": 624, ""ok"": true}}"
extension_reversion,body_atr,4,0.0,12,move_ge_1atr,1176,62789,0.10199340291309322,0.9719387755102041,0.8699453725971109,3.5294715906693027e-25,4.365399072669927e-25,1191,62613,0.10065895571134842,5.51337475019758e-25,1,6.819174033139112e-25,4,"{""1"": {""effect"": 0.07784822859296692, ""n_state"": 281, ""ok"": true}, ""2"": {""effect"": 0.099792114483221, ""n_state"": 321, ""ok"": true}, ""3"": {""effect"": 0.10712468497306593, ""n_state"": 290, ""ok"": true}, ""4"": {""effect"": 0.11112579290230484, ""n_state"": 299, ""ok"": true}}"
extension_reversion,ret12_atr,1,0.0,3,move_ge_1atr,1038,67694,0.17712014503893836,0.7543352601156069,0.5772151150766686,1.7860378972049134e-30,2.7666077231213364e-30,1060,67452,0.15841806164887062,5.288841964144663e-25,1,8.344617321206024e-25,4,"{""1"": {""effect"": 0.20448824207523542, ""n_state"": 283, ""ok"": true}, ""2"": {""effect"": 0.17513645281265955, ""n_state"": 228, ""ok"": true}, ""3"": {""effect"": 0.1102887274019364, ""n_state"": 306, ""ok"": true}, ""4"": {""effect"": 0.14164687537505194, ""n_state"": 243, ""ok"": true}}"
extension_reversion,body_atr,2,5.0,24,move_ge_1atr,1189,56900,0.08905671644438395,0.9806560134566863,0.8915992970123023,6.902907961077661e-23,7.737325406922214e-23,1136,56875,0.09323973069184344,2.7866228888460578e-24,1,2.8710660066898776e-24,4,"{""1"": {""effect"": 0.08733870510319153, ""n_state"": 227, ""ok"": true}, ""2"": {""effect"": 0.09108111464109736, ""n_state"": 286, ""ok"": true}, ""3"": {""effect"": 0.09616107317137168, ""n_state"": 333, ""ok"": true}, ""4"": {""effect"": 0.09128130621198638, ""n_state"": 290, ""ok"": true}}"
extension_reversion,ret3_atr,1,1.0,3,move_ge_1atr,2444,66288,0.1225019732374486,0.6980360065466449,0.5755340333091963,1.9458507387085057e-33,3.341787138216781e-33,2291,66221,0.10691377577130179,3.2191604396417943e-24,1,4.968704156838421e-24,4,"{""1"": {""effect"": 0.09886015960974781, ""n_state"": 528, ""ok"": true}, ""2"": {""effect"": 0.1385020338310432, ""n_state"": 608, ""ok"": true}, ""3"": {""effect"": 0.049139069547232794, ""n_state"": 598, ""ok"": true}, ""4"": {""effect"": 0.13097927435610235, ""n_state"": 557, ""ok"": true}}"
extension_reversion,ret3_atr,1,0.0,6,move_ge_1atr,1105,66031,0.14970921035238427,0.9239819004524887,0.7742726901001045,2.1089078696696857e-32,3.4509401503685767e-32,1115,65816,0.12884020732347445,4.860393111464832e-24,1,6.755122629493495e-24,4,"{""1"": {""effect"": 0.17417830140368806, ""n_state"": 309, ""ok"": true}, ""2"": {""effect"": 0.1852892190916019, ""n_state"": 276, ""ok"": true}, ""3"": {""effect"": 0.09069625227893141, ""n_state"": 276, ""ok"": true}, ""4"": {""effect"": 0.04676470029035262, ""n_state"": 254, ""ok"": true}}"
extension_reversion,ret3_atr,2,0.0,12,move_ge_1atr,1239,62726,0.09943564329656762,0.9693301049233253,0.8698944616267577,3.4561891787186282e-25,4.331757103994014e-25,1193,62611,0.09814835741915151,7.171785999285499e-24,1,8.755167323803077e-24,4,"{""1"": {""effect"": 0.07784822859296692, ""n_state"": 281, ""ok"": true}, ""2"": {""effect"": 0.09629052895528545, ""n_state"": 286, ""ok"": true}, ""3"": {""effect"": 0.10362095288836948, ""n_state"": 330, ""ok"": true}, ""4"": {""effect"": 0.1075561452994217, ""n_state"": 296, ""ok"": true}}"
extension_reversion,body_atr,2,0.0,12,move_ge_1atr,1144,62821,0.0949119170096232,0.965034965034965,0.8701230480253418,1.785468020496825e-21,2.0220963123698982e-21,1229,62575,0.09415323580783608,1.0587484128036526e-22,1,1.2759275744044018e-22,4,"{""1"": {""effect"": 0.07802691243844484, ""n_state"": 282, ""ok"": true}, ""2"": {""effect"": 0.08955159195540097, ""n_state"": 314, ""ok"": true}, ""3"": {""effect"": 0.10653363898627322, ""n_state"": 328, ""ok"": true}, ""4"": {""effect"": 0.09499465462086787, ""n_state"": 305, ""ok"": true}}"
extension_reversion,ret12_atr,2,1.0,6,move_ge_1atr,2488,64648,0.07574886866935304,0.8496784565916399,0.7739295879222868,5.41641939280368e-19,8.124629089205519e-19,2468,64463,0.08441515871139982,1.7455543244909591e-22,1,2.385590910137644e-22,4,"{""1"": {""effect"": 0.0724449273062786, ""n_state"": 557, ""ok"": true}, ""2"": {""effect"": 0.0697291714510061, ""n_state"": 652, ""ok"": true}, ""3"": {""effect"": 0.10763003906073265, ""n_state"": 624, ""ok"": true}, ""4"": {""effect"": 0.07803625163784667, ""n_state"": 635, ""ok"": true}}"
extension_reversion,ret3_atr,1,5.0,24,move_ge_1atr,848,57241,0.10336987968447209,0.9952830188679245,0.8919131391834524,3.5403023575339495e-22,3.882912263101751e-22,791,57220,0.1035009153571882,3.523418620621101e-21,1,3.593886993033523e-21,4,"{""1"": {""effect"": 0.09971078323955374, ""n_state"": 191, ""ok"": true}, ""2"": {""effect"": 0.10019437747307292, ""n_state"": 209, ""ok"": true}, ""3"": {""effect"": 0.10494915957667561, ""n_state"": 183, ""ok"": true}, ""4"": {""effect"": 0.1049945504558587, ""n_state"": 208, ""ok"": true}}"
extension_reversion,ret12_atr,1,5.0,24,move_ge_1atr,839,57250,0.10330228854271306,0.9952324195470799,0.8919301310043668,6.177872991743562e-22,6.703649416572801e-22,771,57240,0.10471276650705474,3.8520248832540166e-21,1,3.890163743484254e-21,4,"{""1"": {""effect"": 0.10014451635160893, ""n_state"": 207, ""ok"": true}, ""2"": {""effect"": 0.1050018166404263, ""n_state"": 212, ""ok"": true}, ""3"": {""effect"": 0.10494553000172924, ""n_state"": 181, ""ok"": true}, ""4"": {""effect"": 0.10492738589211614, ""n_state"": 171, ""ok"": true}}"
extension_reversion,body_atr,3,5.0,3,move_ge_1atr,2585,66147,-0.11697812494818777,0.46731141199226306,0.5842895369404508,3.0384866992178275e-32,5.000842692462675e-32,2607,65905,-0.09343662739200426,3.637951148251655e-21,-1,5.495628330337607e-21,4,"{""1"": {""effect"": -0.0959535585416143, ""n_state"": 634, ""ok"": true}, ""2"": {""effect"": -0.07457570422231341, ""n_state"": 623, ""ok"": true}, ""3"": {""effect"": -0.12428819571698635, ""n_state"": 692, ""ok"": true}, ""4"": {""effect"": -0.06578651839910521, ""n_state"": 658, ""ok"": true}}"
extension_reversion,body_atr,3,3.0,3,move_ge_1atr,2168,66564,0.14612128138588043,0.7214022140221402,0.5752809326362598,6.432680410805128e-42,1.3734641958205546e-41,2277,66235,0.09888698625311665,7.762898764359331e-21,1,1.1482621088948177e-20,4,"{""1"": {""effect"": 0.09234837099418114, ""n_state"": 556, ""ok"": true}, ""2"": {""effect"": 0.11895770061075106, ""n_state"": 536, ""ok"": true}, ""3"": {""effect"": 0.09753389858592099, ""n_state"": 603, ""ok"": true}, ""4"": {""effect"": 0.07832076986467273, ""n_state"": 582, ""ok"": true}}"
extension_reversion,ret3_atr,3,3.0,3,move_ge_1atr,2171,66561,0.1270241222711097,0.7029018885306311,0.5758777662595214,3.890259488030424e-32,6.272051011314357e-32,2222,66290,0.09946780769493446,1.3118705619371396e-20,1,1.9008736713783044e-20,4,"{""1"": {""effect"": 0.12574045846863513, ""n_state"": 609, ""ok"": true}, ""2"": {""effect"": 0.1297709996441565, ""n_state"": 509, ""ok"": true}, ""3"": {""effect"": 0.06415707122537251, ""n_state"": 514, ""ok"": true}, ""4"": {""effect"": 0.0678077894933321, ""n_state"": 590, ""ok"": true}}"
extension_reversion,body_atr,3,0.0,12,move_ge_1atr,1275,62690,0.09157341290320564,0.9615686274509804,0.8699952145477747,3.545822143608941e-22,4.2190795126486136e-22,1315,62489,0.0857487130662753,2.6637156576855302e-20,1,3.1694844534486054e-20,4,"{""1"": {""effect"": 0.06475710883219532, ""n_state"": 318, ""ok"": true}, ""2"": {""effect"": 0.0639048697652781, ""n_state"": 345, ""ok"": true}, ""3"": {""effect"": 0.08979707154495553, ""n_state"": 342, ""ok"": true}, ""4"": {""effect"": 0.12146598561001953, ""n_state"": 310, ""ok"": true}}"
extension_reversion,body_atr,1,1.0,3,move_ge_1atr,2392,66340,0.10737527765650345,0.6835284280936454,0.576153150437142,1.4203932259891336e-25,2.0037690152346708e-25,2236,66276,0.09704740980715865,8.362825284101319e-20,1,1.1875211903423872e-19,4,"{""1"": {""effect"": 0.09145377944295152, ""n_state"": 540, ""ok"": true}, ""2"": {""effect"": 0.10263070348286718, ""n_state"": 552, ""ok"": true}, ""3"": {""effect"": 0.0827154057691557, ""n_state"": 575, ""ok"": true}, ""4"": {""effect"": 0.10201107529217801, ""n_state"": 569, ""ok"": true}}"
extension_reversion,ret12_atr,3,3.0,3,move_ge_1atr,2278,66454,0.11396621684983699,0.6900790166812993,0.5761127998314624,2.3173192052279325e-27,3.328513040236485e-27,2372,66140,0.09382519883470641,1.298668660109302e-19,1,1.807950487603146e-19,4,"{""1"": {""effect"": 0.11513026822767725, ""n_state"": 589, ""ok"": true}, ""2"": {""effect"": 0.09424095066761984, ""n_state"": 562, ""ok"": true}, ""3"": {""effect"": 0.10082219736661369, ""n_state"": 564, ""ok"": true}, ""4"": {""effect"": 0.05946658349172573, ""n_state"": 657, ""ok"": true}}"
extension_reversion,ret3_atr,2,4.0,12,move_ge_1atr,1674,62291,0.08439040701688283,0.9540023894862605,0.8696119824693777,2.1373203418020554e-24,2.6091962614206908e-24,1546,62258,0.07480626564323556,2.875676044463246e-18,1,3.3789193522443143e-18,4,"{""1"": {""effect"": 0.0846858860660441, ""n_state"": 348, ""ok"": true}, ""2"": {""effect"": 0.08481453836665365, ""n_state"": 395, ""ok"": true}, ""3"": {""effect"": 0.037789380624743685, ""n_state"": 401, ""ok"": true}, ""4"": {""effect"": 0.08808140616120674, ""n_state"": 402, ""ok"": true}}"
extension_reversion,ret3_atr,1,5.0,12,move_ge_1atr,1420,62545,0.05762780375594356,0.928169014084507,0.8705412103285635,1.3308784875635767e-10,1.3308784875635767e-10,1291,62513,0.08094038825671745,5.831359079413129e-18,1,6.767256215615236e-18,4,"{""1"": {""effect"": 0.07958042845680913, ""n_state"": 291, ""ok"": true}, ""2"": {""effect"": 0.06993730628936312, ""n_state"": 329, ""ok"": true}, ""3"": {""effect"": 0.06743738250202724, ""n_state"": 332, ""ok"": true}, ""4"": {""effect"": 0.10131708021074948, ""n_state"": 339, ""ok"": true}}"
extension_reversion,ret12_atr,1,4.0,6,move_ge_1atr,1696,65440,0.06935490381510356,0.8443396226415094,0.7749847188264058,1.2740454985240662e-11,1.4156061094711846e-11,1634,65297,0.09125968231514758,5.776224241295107e-18,1,7.764760455511455e-18,4,"{""1"": {""effect"": 0.11094778599937793, ""n_state"": 371, ""ok"": true}, ""2"": {""effect"": 0.060007829221839115, ""n_state"": 378, ""ok"": true}, ""3"": {""effect"": 0.03879144133692769, ""n_state"": 404, ""ok"": true}, ""4"": {""effect"": 0.13907094105739704, ""n_state"": 481, ""ok"": true}}"
extension_reversion,ret3_atr,2,1.0,6,move_ge_1atr,2424,64712,0.06941642829136419,0.8436468646864687,0.7742304363951045,7.790125079754911e-16,1.0622897836029425e-15,2552,64379,0.07337411204348698,6.8669495647984e-18,1,9.08209458570111e-18,4,"{""1"": {""effect"": 0.0760390832348069, ""n_state"": 627, ""ok"": true}, ""2"": {""effect"": 0.03224832138577227, ""n_state"": 611, ""ok"": true}, ""3"": {""effect"": 0.08878176131340021, ""n_state"": 661, ""ok"": true}, ""4"": {""effect"": 0.08544646067584738, ""n_state"": 653, ""ok"": true}}"
extension_reversion,ret12_atr,1,4.0,3,move_ge_1atr,1798,66934,0.05046232350211133,0.6290322580645161,0.5785699345624048,1.884892061764611e-05,2.012249633505463e-05,1719,66793,0.10316234331056084,1.5613731538976167e-17,1,2.1318748832063614e-17,4,"{""1"": {""effect"": 0.12963452920143714, ""n_state"": 404, ""ok"": true}, ""2"": {""effect"": 0.07355023204016176, ""n_state"": 397, ""ok"": true}, ""3"": {""effect"": 0.0017324971235892495, ""n_state"": 424, ""ok"": true}, ""4"": {""effect"": 0.185676499302459, ""n_state"": 494, ""ok"": true}}"
extension_reversion,ret3_atr,3,0.0,12,move_ge_1atr,1305,62660,0.08939016500899455,0.9593869731800766,0.869996808171082,1.1680100452544532e-21,1.338938344559983e-21,1267,62537,0.07998119099286438,2.781359009429107e-17,1,3.188387157150439e-17,4,"{""1"": {""effect"": 0.037532043625364886, ""n_state"": 289, ""ok"": true}, ""2"": {""effect"": 0.07540383433891529, ""n_state"": 325, ""ok"": true}, ""3"": {""effect"": 0.08521364584817281, ""n_state"": 329, ""ok"": true}, ""4"": {""effect"": 0.11246645195920557, ""n_state"": 324, ""ok"": true}}"
extension_reversion,body_atr,1,5.0,24,move_ge_1atr,856,57233,0.09750058826593577,0.9894859813084113,0.8919853930424755,4.469457214635799e-20,4.513709266265857e-20,814,57197,0.09115514769657473,3.240078621030842e-17,1,3.240078621030842e-17,4,"{""1"": {""effect"": 0.08406298102699805, ""n_state"": 192, ""ok"": true}, ""2"": {""effect"": 0.09113410749030915, ""n_state"": 217, ""ok"": true}, ""3"": {""effect"": 0.08449540847213222, ""n_state"": 196, ""ok"": true}, ""4"": {""effect"": 0.10019437747307292, ""n_state"": 209, ""ok"": true}}"
extension_reversion,ret3_atr,2,5.0,12,move_ge_1atr,1851,62114,0.05188512323422256,0.9222042139384117,0.8703190907041891,4.6944598259981735e-11,4.7965133004763945e-11,1836,61968,0.06548636108200057,1.0782140932675639e-16,1,1.2211099369536265e-16,4,"{""1"": {""effect"": 0.04468206255558571, ""n_state"": 434, ""ok"": true}, ""2"": {""effect"": 0.09009957149227521, ""n_state"": 449, ""ok"": true}, ""3"": {""effect"": 0.04935206985802365, ""n_state"": 485, ""ok"": true}, ""4"": {""effect"": 0.07230221885394295, ""n_state"": 468, ""ok"": true}}"
extension_reversion,body_atr,3,4.0,12,move_ge_1atr,1660,62305,0.06603784530627121,0.936144578313253,0.8701067330069818,1.9648219790547485e-15,2.075205236305015e-15,1719,62085,0.06748176829575958,1.236339973467043e-16,1,1.383523303641691e-16,4,"{""1"": {""effect"": 0.0837929180139928, ""n_state"": 386, ""ok"": true}, ""2"": {""effect"": 0.06774096878738545, ""n_state"": 433, ""ok"": true}, ""3"": {""effect"": 0.04776041149685084, ""n_state"": 463, ""ok"": true}, ""4"": {""effect"": 0.06829865713802119, ""n_state"": 437, ""ok"": true}}"
extension_reversion,ret3_atr,4,5.0,3,move_ge_1atr,2472,66260,-0.13448411523887943,0.45024271844660196,0.5847268336854814,2.28127843541159e-40,4.50552490993789e-40,2292,66220,-0.08658683335415351,1.9641101803043321e-16,-1,2.63116646795486e-16,4,"{""1"": {""effect"": -0.09478895875344778, ""n_state"": 586, ""ok"": true}, ""2"": {""effect"": -0.06359341274993424, ""n_state"": 556, ""ok"": true}, ""3"": {""effect"": -0.106316757690473, ""n_state"": 594, ""ok"": true}, ""4"": {""effect"": -0.0708465189705908, ""n_state"": 556, ""ok"": true}}"
extension_reversion,body_atr,5,1.0,6,move_ge_1atr,2491,64645,0.05676233962723687,0.8313930148534725,0.7746306752262356,2.4619553797790806e-11,2.7021461485380152e-11,2300,64631,0.07327504031246279,2.711255319239135e-16,1,3.5289354948826835e-16,4,"{""1"": {""effect"": 0.08852081530660183, ""n_state"": 570, ""ok"": true}, ""2"": {""effect"": 0.07521849925651414, ""n_state"": 535, ""ok"": true}, ""3"": {""effect"": 0.07636758105719321, ""n_state"": 590, ""ok"": true}, ""4"": {""effect"": 0.04692681254101028, ""n_state"": 605, ""ok"": true}}"
extension_reversion,ret3_atr,4,3.0,3,move_ge_1atr,2258,66474,0.10101949727715753,0.6775907883082374,0.5765712910310798,1.1281721254674765e-21,1.4854266318655108e-21,2301,66211,0.08592901976535039,2.9045507848967126e-16,1,3.818946402364196e-16,4,"{""1"": {""effect"": 0.10677244406135922, ""n_state"": 565, ""ok"": true}, ""2"": {""effect"": 0.07159887231455209, ""n_state"": 541, ""ok"": true}, ""3"": {""effect"": 0.11813290016619138, ""n_state"": 563, ""ok"": true}, ""4"": {""effect"": 0.042898488024287085, ""n_state"": 632, ""ok"": true}}"
extension_reversion,body_atr,2,4.0,12,move_ge_1atr,1625,62340,0.08037521285259497,0.9501538461538461,0.8697786333012512,1.0859813431532944e-21,1.2602746451408603e-21,1592,62212,0.06874112089412532,4.479675732344937e-16,1,4.953994339299107e-16,4,"{""1"": {""effect"": 0.07299257420112515, ""n_state"": 329, ""ok"": true}, ""2"": {""effect"": 0.0686811191711143, ""n_state"": 423, ""ok"": true}, ""3"": {""effect"": 0.047142570236315406, ""n_state"": 410, ""ok"": true}, ""4"": {""effect"": 0.08136415711527212, ""n_state"": 430, ""ok"": true}}"
extension_reversion,body_atr,1,5.0,12,move_ge_1atr,1386,62579,0.05874530149446655,0.9292929292929293,0.8705476277984627,9.732116956974525e-11,9.836763375866724e-11,1345,62459,0.07386596090306607,8.93465357809414e-16,1,9.765784143498247e-16,4,"{""1"": {""effect"": 0.06534472338405228, ""n_state"": 305, ""ok"": true}, ""2"": {""effect"": 0.08518375378955034, ""n_state"": 352, ""ok"": true}, ""3"": {""effect"": 0.047218958485265916, ""n_state"": 336, ""ok"": true}, ""4"": {""effect"": 0.09089709186041839, ""n_state"": 352, ""ok"": true}}"
extension_reversion,ret12_atr,2,4.0,12,move_ge_1atr,1685,62280,0.07678984923071652,0.9465875370919882,0.8697976878612717,1.3486760685461605e-20,1.5092327433730844e-20,1587,62217,0.06789457218048922,1.1241008315210578e-15,1,1.214545726011258e-15,4,"{""1"": {""effect"": 0.08933917373081657, ""n_state"": 338, ""ok"": true}, ""2"": {""effect"": 0.05708142423896867, ""n_state"": 467, ""ok"": true}, ""3"": {""effect"": 0.03918681516145561, ""n_state"": 396, ""ok"": true}, ""4"": {""effect"": 0.08639935998295378, ""n_state"": 386, ""ok"": true}}"
extension_reversion,ret12_atr,3,0.0,12,move_ge_1atr,1362,62603,0.09645951342965053,0.9662261380323054,0.8697666246026549,5.954234945102909e-26,7.99568692628105e-26,1259,62545,0.07560241137897794,1.6162543956011232e-15,1,1.7264535589375633e-15,4,"{""1"": {""effect"": 0.0475697474755431, ""n_state"": 325, ""ok"": true}, ""2"": {""effect"": 0.068870911531132, ""n_state"": 340, ""ok"": true}, ""3"": {""effect"": 0.07266316360052816, ""n_state"": 309, ""ok"": true}, ""4"": {""effect"": 0.11380067795711346, ""n_state"": 285, ""ok"": true}}"
extension_reversion,ret3_atr,3,5.0,3,move_ge_1atr,2428,66304,-0.13917207963877037,0.4456342668863262,0.5848063465250966,2.1261173994085554e-42,4.665646515368775e-42,2497,66015,-0.0793792966617124,3.920936465888378e-15,-1,5.06157252869227e-15,4,"{""1"": {""effect"": -0.0708686268990284, ""n_state"": 552, ""ok"": true}, ""2"": {""effect"": -0.08113936385741627, ""n_state"": 619, ""ok"": true}, ""3"": {""effect"": -0.10209931282928414, ""n_state"": 683, ""ok"": true}, ""4"": {""effect"": -0.052391663777673236, ""n_state"": 643, ""ok"": true}}"
extension_reversion,ret3_atr,4,0.0,6,move_ge_1atr,1145,65991,0.09208259773944294,0.8672489082969432,0.7751663105575003,1.187095732206706e-13,1.5483857376609208e-13,1151,65780,0.09777367836711315,6.4441474910864745e-15,1,8.256563972954545e-15,4,"{""1"": {""effect"": 0.08523829676637451, ""n_state"": 259, ""ok"": true}, ""2"": {""effect"": 0.0811768457447567, ""n_state"": 305, ""ok"": true}, ""3"": {""effect"": 0.17334471445696553, ""n_state"": 288, ""ok"": true}, ""4"": {""effect"": 0.04789406879537228, ""n_state"": 299, ""ok"": true}}"
extension_reversion,ret12_atr,2,0.0,6,move_ge_1atr,1344,65792,0.09191883222160457,0.8668154761904762,0.7748966439688716,1.1410962415061041e-15,1.5328158467992443e-15,1238,65693,0.0919707243516108,2.976622536729089e-14,1,3.755123815565928e-14,4,"{""1"": {""effect"": 0.07325160560336486, ""n_state"": 271, ""ok"": true}, ""2"": {""effect"": 0.1201407080354776, ""n_state"": 339, ""ok"": true}, ""3"": {""effect"": 0.12446326770756877, ""n_state"": 334, ""ok"": true}, ""4"": {""effect"": 0.0344992297082406, ""n_state"": 294, ""ok"": true}}"
extension_reversion,ret3_atr,2,0.0,6,move_ge_1atr,1239,65897,0.08685155103564113,0.8619854721549637,0.7751339211193226,3.5118924685114465e-13,4.329730440630551e-13,1195,65736,0.09354786968337403,3.037579083089743e-14,1,3.773961891111499e-14,4,"{""1"": {""effect"": 0.08608052368964125, ""n_state"": 281, ""ok"": true}, ""2"": {""effect"": 0.1097178086374575, ""n_state"": 286, ""ok"": true}, ""3"": {""effect"": 0.09573498077424447, ""n_state"": 330, ""ok"": true}, ""4"": {""effect"": 0.07760972982631398, ""n_state"": 298, ""ok"": true}}"
extension_reversion,ret12_atr,4,0.0,6,move_ge_1atr,1173,65963,0.11009733310540326,0.8849104859335039,0.7748131528281006,2.8238083326743564e-19,4.3075042362829167e-19,1177,65754,0.09394128559658876,3.674632607521738e-14,1,4.497311549504217e-14,4,"{""1"": {""effect"": 0.10846377675331731, ""n_state"": 267, ""ok"": true}, ""2"": {""effect"": 0.04884337024365715, ""n_state"": 306, ""ok"": true}, ""3"": {""effect"": 0.1289651950354137, ""n_state"": 281, ""ok"": true}, ""4"": {""effect"": 0.08964435142553928, ""n_state"": 323, ""ok"": true}}"
extension_reversion,ret12_atr,4,4.0,12,move_ge_1atr,1661,62304,0.06669647139256529,0.9367850692354004,0.8700885978428351,1.0142498147546247e-15,1.0834032112151673e-15,1669,62135,0.061838987500062115,7.484574688521476e-14,1,7.905056412595717e-14,4,"{""1"": {""effect"": 0.07526829656565415, ""n_state"": 362, ""ok"": true}, ""2"": {""effect"": 0.061887792552708376, ""n_state"": 395, ""ok"": true}, ""3"": {""effect"": 0.027968049286637875, ""n_state"": 452, ""ok"": true}, ""4"": {""effect"": 0.08007868697628961, ""n_state"": 460, ""ok"": true}}"
extension_reversion,body_atr,2,5.0,3,move_ge_1atr,2428,66304,-0.12294822052724652,0.4612850082372323,0.5842332287644788,1.8158610734098396e-33,3.187844995541718e-33,2253,66259,-0.07834994881851653,1.5772275242352985e-13,-1,1.9996991825126107e-13,4,"{""1"": {""effect"": -0.07818284604888126, ""n_state"": 503, ""ok"": true}, ""2"": {""effect"": -0.047932863501990663, ""n_state"": 549, ""ok"": true}, ""3"": {""effect"": -0.11638389766726004, ""n_state"": 627, ""ok"": true}, ""4"": {""effect"": -0.05845337771074932, ""n_state"": 574, ""ok"": true}}"
extension_reversion,body_atr,5,3.0,3,move_ge_1atr,2861,65871,0.0736474637804645,0.6504718629849703,0.5768243992045058,5.574524497094126e-15,6.99027675032438e-15,2738,65774,0.07131052358649881,1.6065348315936552e-13,1,2.0011223340903424e-13,4,"{""1"": {""effect"": 0.1225840374496141, ""n_state"": 670, ""ok"": true}, ""2"": {""effect"": 0.010633685916423774, ""n_state"": 693, ""ok"": true}, ""3"": {""effect"": 0.03917603920955093, ""n_state"": 697, ""ok"": true}, ""4"": {""effect"": 0.10695030894001789, ""n_state"": 678, ""ok"": true}}"
extension_reversion,ret12_atr,1,5.0,12,move_ge_1atr,1378,62587,0.07463494125321235,0.9448476052249637,0.8702126639717513,2.441520776612361e-16,2.668638988390255e-16,1264,62540,0.06936618791821336,2.394384229976913e-13,1,2.5008013068647756e-13,4,"{""1"": {""effect"": 0.060747416966210666, ""n_state"": 314, ""ok"": true}, ""2"": {""effect"": 0.0706390561284922, ""n_state"": 333, ""ok"": true}, ""3"": {""effect"": 0.055545264979494746, ""n_state"": 333, ""ok"": true}, ""4"": {""effect"": 0.08899115727108242, ""n_state"": 284, ""ok"": true}}"
extension_reversion,ret3_atr,3,4.0,12,move_ge_1atr,1703,62262,0.06713661453702369,0.9371697005284791,0.8700330859914555,2.9143881929880844e-16,3.1488791970216084e-16,1660,62144,0.06021948246125597,3.7561223098888136e-13,1,3.879950517907126e-13,4,"{""1"": {""effect"": 0.06518707054151174, ""n_state"": 352, ""ok"": true}, ""2"": {""effect"": 0.060450403703070865, ""n_state"": 431, ""ok"": true}, ""3"": {""effect"": 0.039250813888919156, ""n_state"": 464, ""ok"": true}, ""4"": {""effect"": 0.07454117634116986, ""n_state"": 413, ""ok"": true}}"
extension_reversion,ret12_atr,3,4.0,12,move_ge_1atr,1595,62370,0.06715817175587291,0.9373040752351097,0.8701459034792368,2.3241190109830696e-15,2.4007383190374563e-15,1566,62238,0.061794306098983065,4.3120893322758904e-13,1,4.4058304047166706e-13,4,"{""1"": {""effect"": 0.07804648993355567, ""n_state"": 362, ""ok"": true}, ""2"": {""effect"": 0.03927990160520356, ""n_state"": 419, ""ok"": true}, ""3"": {""effect"": 0.04974831575154903, ""n_state"": 398, ""ok"": true}, ""4"": {""effect"": 0.07870924004555546, ""n_state"": 387, ""ok"": true}}"
extension_reversion,ret3_atr,5,3.0,3,move_ge_1atr,2821,65911,0.0854387441593748,0.6618220489188231,0.5763833047594483,2.190402932019615e-19,2.8367513381893374e-19,2705,65807,0.07010451528466977,5.545521422142708e-13,1,6.788483120209176e-13,3,"{""1"": {""effect"": 0.11661982406983551, ""n_state"": 667, ""ok"": true}, ""2"": {""effect"": -0.001668320335218687, ""n_state"": 669, ""ok"": false}, ""3"": {""effect"": 0.022950876948954035, ""n_state"": 716, ""ok"": true}, ""4"": {""effect"": 0.1390923035236089, ""n_state"": 653, ""ok"": true}}"
extension_reversion,body_atr,4,0.0,6,move_ge_1atr,1176,65960,0.08876364978981277,0.8639455782312925,0.7751819284414797,4.3150961749492546e-13,5.24808994250585e-13,1192,65739,0.08635240325505245,2.4921688049785186e-12,1,3.005262382474096e-12,4,"{""1"": {""effect"": 0.07535935585319808, ""n_state"": 281, ""ok"": true}, ""2"": {""effect"": 0.07935923104732479, ""n_state"": 321, ""ok"": true}, ""3"": {""effect"": 0.1321993967677556, ""n_state"": 290, ""ok"": true}, ""4"": {""effect"": 0.05520738595148411, ""n_state"": 300, ""ok"": true}}"
extension_reversion,ret12_atr,4,5.0,3,move_ge_1atr,2259,66473,-0.1231129618793591,0.46082337317397076,0.5839363350533299,2.071423266280431e-31,3.272848760723081e-31,2170,66342,-0.07551796604301664,2.8320498769410162e-12,-1,3.408060021403596e-12,4,"{""1"": {""effect"": -0.08484227467255889, ""n_state"": 543, ""ok"": true}, ""2"": {""effect"": -0.025514605091487508, ""n_state"": 556, ""ok"": true}, ""3"": {""effect"": -0.1281093119725596, ""n_state"": 521, ""ok"": true}, ""4"": {""effect"": -0.059882447677980455, ""n_state"": 550, ""ok"": true}}"
extension_reversion,ret12_atr,1,1.0,3,move_ge_1atr,2501,66231,0.09655420644926183,0.6729308276689324,0.5763766212196706,7.73519876963524e-22,1.0357300047477695e-21,2638,65874,0.06864493735749289,3.023463636698508e-12,1,3.5777653034265675e-12,4,"{""1"": {""effect"": 0.05230229885585136, ""n_state"": 616, ""ok"": true}, ""2"": {""effect"": 0.06662630684483672, ""n_state"": 724, ""ok"": true}, ""3"": {""effect"": 0.06618039536589515, ""n_state"": 677, ""ok"": true}, ""4"": {""effect"": 0.08140642036535262, ""n_state"": 621, ""ok"": true}}"
extension_reversion,ret12_atr,5,1.0,6,move_ge_1atr,2612,64524,0.059020431207239654,0.8334609494640123,0.7744405182567726,1.2375731941448608e-12,1.4465141230264608e-12,2666,64265,0.057627968028341026,4.804016817590312e-12,1,5.709121435397182e-12,4,"{""1"": {""effect"": 0.08075214579900525, ""n_state"": 679, ""ok"": true}, ""2"": {""effect"": 0.053850977453351656, ""n_state"": 645, ""ok"": true}, ""3"": {""effect"": 0.03557936714366472, ""n_state"": 667, ""ok"": true}, ""4"": {""effect"": 0.05290084699526865, ""n_state"": 675, ""ok"": true}}"
extension_reversion,ret3_atr,4,4.0,12,move_ge_1atr,1678,62287,0.06553635863729201,0.9356376638855781,0.8701013052482861,2.2869195168935543e-15,2.3885603843110454e-15,1718,62086,0.05607839694513639,6.04883948223065e-12,1,6.113880766985818e-12,4,"{""1"": {""effect"": 0.06703964439748189, ""n_state"": 379, ""ok"": true}, ""2"": {""effect"": 0.0520222126213854, ""n_state"": 423, ""ok"": true}, ""3"": {""effect"": 0.05076638936684086, ""n_state"": 455, ""ok"": true}, ""4"": {""effect"": 0.05177965244692817, ""n_state"": 461, ""ok"": true}}"
extension_reversion,body_atr,4,4.0,12,move_ge_1atr,1717,62248,0.07306443154804831,0.9429237041351194,0.8698592725870711,4.0981453569137333e-19,4.532066629998717e-19,1642,62162,0.05630382849793947,1.4205549137437016e-11,1,1.4205549137437016e-11,4,"{""1"": {""effect"": 0.05979855107930021, ""n_state"": 339, ""ok"": true}, ""2"": {""effect"": 0.061857119123703064, ""n_state"": 425, ""ok"": true}, ""3"": {""effect"": 0.03490889343771442, ""n_state"": 464, ""ok"": true}, ""4"": {""effect"": 0.06737815821541815, ""n_state"": 414, ""ok"": true}}"
extension_reversion,body_atr,2,1.0,6,move_ge_1atr,2542,64594,0.06890935080382365,0.8430369787568843,0.7741276279530607,2.7573045436217244e-16,3.87745951446805e-16,2572,64359,0.05650398014036595,2.723768957205789e-11,1,3.190700778441067e-11,4,"{""1"": {""effect"": 0.020870157759472097, ""n_state"": 621, ""ok"": true}, ""2"": {""effect"": 0.03646928124803617, ""n_state"": 670, ""ok"": true}, ""3"": {""effect"": 0.08874412077410898, ""n_state"": 647, ""ok"": true}, ""4"": {""effect"": 0.07301221075278819, ""n_state"": 634, ""ok"": true}}"
extension_reversion,body_atr,2,0.0,6,move_ge_1atr,1144,65992,0.10085594185182012,0.8758741258741258,0.7750181840223057,4.604117507012026e-16,6.374931932785881e-16,1230,65701,0.07942771780954438,6.06644783711767e-11,1,7.006320037234492e-11,4,"{""1"": {""effect"": 0.07591809701911434, ""n_state"": 282, ""ok"": true}, ""2"": {""effect"": 0.10472939282440585, ""n_state"": 314, ""ok"": true}, ""3"": {""effect"": 0.10102411522516197, ""n_state"": 328, ""ok"": true}, ""4"": {""effect"": 0.029145470821224095, ""n_state"": 306, ""ok"": true}}"
extension_reversion,ret3_atr,2,5.0,3,move_ge_1atr,2439,66293,-0.1047213234113244,0.4788847888478885,0.5836061122592129,7.768400404319301e-25,1.058109710243491e-24,2387,66125,-0.06669396217539392,1.0464365645203433e-10,-1,1.2179835423105636e-10,4,"{""1"": {""effect"": -0.0513684331670099, ""n_state"": 541, ""ok"": true}, ""2"": {""effect"": -0.03315821181399947, ""n_state"": 577, ""ok"": true}, ""3"": {""effect"": -0.09718010471732891, ""n_state"": 642, ""ok"": true}, ""4"": {""effect"": -0.07292396525271011, ""n_state"": 627, ""ok"": true}}"
extension_reversion,ret3_atr,5,1.0,6,move_ge_1atr,2575,64561,0.061748078095180015,0.836116504854369,0.7743684267591889,1.599635364720765e-13,2.0277068003502657e-13,2359,64572,0.055982068066570245,2.44299227349893e-10,1,2.782296755929337e-10,4,"{""1"": {""effect"": 0.10343671164364632, ""n_state"": 581, ""ok"": true}, ""2"": {""effect"": 0.038343448275271474, ""n_state"": 563, ""ok"": true}, ""3"": {""effect"": 0.04323028383555039, ""n_state"": 625, ""ok"": true}, ""4"": {""effect"": 0.03361785883362256, ""n_state"": 590, ""ok"": true}}"
extension_reversion,ret3_atr,4,0.0,3,move_ge_1atr,1145,67587,0.060417796942036084,0.6393013100436681,0.578883513101632,4.001640414908694e-05,4.215061237037158e-05,1152,67360,0.09287328450778576,2.8348449295425036e-10,1,3.246354677379319e-10,4,"{""1"": {""effect"": 0.14042009382873522, ""n_state"": 259, ""ok"": true}, ""2"": {""effect"": 0.03676791983515948, ""n_state"": 305, ""ok"": true}, ""3"": {""effect"": 0.17015191786533257, ""n_state"": 288, ""ok"": true}, ""4"": {""effect"": 0.030124122832737132, ""n_state"": 300, ""ok"": true}}"
extension_reversion,ret12_atr,2,5.0,3,move_ge_1atr,2347,66385,-0.11866733668967411,0.46527481891776734,0.5839421556074414,2.4363003655425468e-30,3.701302478420408e-30,2376,66136,-0.06470983778350414,4.001696563352429e-10,-1,4.509848507905118e-10,4,"{""1"": {""effect"": -0.04976907101520234, ""n_state"": 549, ""ok"": true}, ""2"": {""effect"": -0.04167030172407005, ""n_state"": 533, ""ok"": true}, ""3"": {""effect"": -0.09436153916151108, ""n_state"": 634, ""ok"": true}, ""4"": {""effect"": -0.06120343921440419, ""n_state"": 660, ""ok"": true}}"
extension_reversion,body_atr,3,1.0,6,move_ge_1atr,2489,64647,0.06496461361635364,0.8392928887103255,0.7743282750939718,2.2181264260170308e-14,2.9357555638460704e-14,2797,64134,0.048826108733123874,2.0768664603302345e-09,1,2.3329184896860167e-09,4,"{""1"": {""effect"": 0.053533720905372784, ""n_state"": 722, ""ok"": true}, ""2"": {""effect"": 0.003699444001020624, ""n_state"": 658, ""ok"": true}, ""3"": {""effect"": 0.03805370906416705, ""n_state"": 732, ""ok"": true}, ""4"": {""effect"": 0.09242654727975863, ""n_state"": 685, ""ok"": true}}"
extension_reversion,ret12_atr,5,3.0,3,move_ge_1atr,2729,66003,0.08298726130834722,0.659582264565775,0.5765950032574277,7.487536963591914e-18,9.540571292318729e-18,2584,65928,0.05417693680656599,4.9867977092788134e-08,1,5.532228708731184e-08,3,"{""1"": {""effect"": 0.09500227942906714, ""n_state"": 675, ""ok"": true}, ""2"": {""effect"": -0.01642428152665454, ""n_state"": 625, ""ok"": false}, ""3"": {""effect"": 0.0033297344027020115, ""n_state"": 686, ""ok"": true}, ""4"": {""effect"": 0.13348733490703324, ""n_state"": 598, ""ok"": true}}"
extension_reversion,ret12_atr,3,1.0,6,move_ge_1atr,2376,64760,0.07350782895872454,0.8476430976430976,0.7741352686843731,2.898372947911997e-17,4.207315569549673e-17,2277,64654,0.046561529193492546,2.2643093857812903e-07,1,2.4430706530798133e-07,4,"{""1"": {""effect"": 0.03606390636952095, ""n_state"": 582, ""ok"": true}, ""2"": {""effect"": 0.025124266630406678, ""n_state"": 537, ""ok"": true}, ""3"": {""effect"": 0.059858749673564526, ""n_state"": 592, ""ok"": true}, ""4"": {""effect"": 0.05898049096188518, ""n_state"": 566, ""ok"": true}}"
extension_reversion,ret12_atr,2,0.0,3,move_ge_1atr,1344,67388,0.07636515756655837,0.6547619047619048,0.5783967471953464,1.95059717687187e-08,2.266134955483496e-08,1238,67274,0.07358905444102137,2.2459502369974846e-07,1,2.453268720412637e-07,4,"{""1"": {""effect"": 0.1201476577125643, ""n_state"": 271, ""ok"": true}, ""2"": {""effect"": 0.11234752536352621, ""n_state"": 339, ""ok"": true}, ""3"": {""effect"": 0.03529401638507723, ""n_state"": 334, ""ok"": true}, ""4"": {""effect"": 0.025270725722638332, ""n_state"": 294, ""ok"": true}}"
extension_reversion,ret12_atr,4,1.0,6,move_ge_1atr,2394,64742,0.056523577538163394,0.8312447786131997,0.7747212010750363,6.951014375037979e-11,7.447515401826406e-11,2333,64598,0.0454704486650247,3.145941334165513e-07,1,3.350223238981455e-07,3,"{""1"": {""effect"": 0.05755770327882215, ""n_state"": 590, ""ok"": true}, ""2"": {""effect"": -0.0057718099809077605, ""n_state"": 514, ""ok"": false}, ""3"": {""effect"": 0.05614982240026278, ""n_state"": 608, ""ok"": true}, ""4"": {""effect"": 0.061504823753943505, ""n_state"": 621, ""ok"": true}}"
extension_reversion,ret3_atr,2,0.0,3,move_ge_1atr,1239,67493,0.06371209248770693,0.642453591606134,0.5787414991184271,6.7160859792908915e-06,7.268093046081923e-06,1195,67317,0.07053917072431237,1.0730369327557993e-06,1,1.1543276094797235e-06,4,"{""1"": {""effect"": 0.09921289469293415, ""n_state"": 281, ""ok"": true}, ""2"": {""effect"": 0.1121152467559996, ""n_state"": 286, ""ok"": true}, ""3"": {""effect"": 0.006082117114354357, ""n_state"": 330, ""ok"": true}, ""4"": {""effect"": 0.07121921674446163, ""n_state"": 298, ""ok"": true}}"
extension_reversion,body_atr,3,0.0,6,move_ge_1atr,1275,65861,0.06848542280518888,0.8439215686274509,0.7754361458222621,6.017730501073921e-09,6.154497103371055e-09,1315,65616,0.05475562160022174,3.159372602377335e-06,1,3.3213917101915572e-06,4,"{""1"": {""effect"": 0.04947171152022667, ""n_state"": 318, ""ok"": true}, ""2"": {""effect"": 0.014309053084667234, ""n_state"": 345, ""ok"": true}, ""3"": {""effect"": 0.09468350804125403, ""n_state"": 342, ""ok"": true}, ""4"": {""effect"": 0.057700298898293756, ""n_state"": 310, ""ok"": true}}"
extension_reversion,ret3_atr,5,1.0,3,move_ge_1atr,2578,66154,0.05885757596944563,0.6365399534522886,0.577682377482843,2.8498334737919533e-09,3.4111643095388534e-09,2359,66153,0.0483871169283876,3.1579284323478757e-06,1,3.3464614730850624e-06,4,"{""1"": {""effect"": 0.10547647175955166, ""n_state"": 581, ""ok"": true}, ""2"": {""effect"": 0.044705350138923294, ""n_state"": 563, ""ok"": true}, ""3"": {""effect"": 0.03847655073872758, ""n_state"": 625, ""ok"": true}, ""4"": {""effect"": 0.0011319065388564198, ""n_state"": 590, ""ok"": true}}"
extension_reversion,body_atr,4,0.0,3,move_ge_1atr,1176,67556,0.05195125595978223,0.6309523809523809,0.5790011249925987,0.00034560623508916085,0.00034560623508916085,1193,67319,0.06650369553865143,4.329243842628513e-06,1,4.520239894509183e-06,4,"{""1"": {""effect"": 0.09206614478104025, ""n_state"": 281, ""ok"": true}, ""2"": {""effect"": 0.05977383207721787, ""n_state"": 321, ""ok"": true}, ""3"": {""effect"": 0.09580002001579024, ""n_state"": 290, ""ok"": true}, ""4"": {""effect"": 0.01812277722764788, ""n_state"": 301, ""ok"": true}}"
extension_reversion,body_atr,2,0.0,3,move_ge_1atr,1144,67588,0.06809656284415122,0.6468531468531469,0.5787565840089957,3.702439772367791e-06,4.062399194681326e-06,1230,67282,0.06539387792141937,4.5072907294957495e-06,1,4.637936837597076e-06,4,"{""1"": {""effect"": 0.10752700243128421, ""n_state"": 282, ""ok"": true}, ""2"": {""effect"": 0.09298739171423487, ""n_state"": 314, ""ok"": true}, ""3"": {""effect"": 0.04022544449309329, ""n_state"": 328, ""ok"": true}, ""4"": {""effect"": 0.02165757368249477, ""n_state"": 306, ""ok"": true}}"
extension_reversion,ret12_atr,4,0.0,3,move_ge_1atr,1173,67559,0.08481406047572426,0.6632566069906224,0.5784425465148981,5.386083539584492e-09,6.3507552183160426e-09,1177,67335,0.06658499182904631,4.874419943393715e-06,1,4.944054514013625e-06,4,"{""1"": {""effect"": 0.1530230226357283, ""n_state"": 267, ""ok"": true}, ""2"": {""effect"": 0.018374938359552506, ""n_state"": 306, ""ok"": true}, ""3"": {""effect"": 0.05990577017751764, ""n_state"": 281, ""ok"": true}, ""4"": {""effect"": 0.04343745554776801, ""n_state"": 323, ""ok"": true}}"
extension_reversion,body_atr,4,1.0,6,move_ge_1atr,2460,64676,0.06339087594599113,0.8378048780487805,0.7744140021027893,1.2590334729945454e-13,1.6187573224215584e-13,2477,64454,0.038878926073956155,6.763729737188204e-06,1,7.020580233537123e-06,4,"{""1"": {""effect"": 0.05521498718975937, ""n_state"": 571, ""ok"": true}, ""2"": {""effect"": 0.015646243130026716, ""n_state"": 657, ""ok"": true}, ""3"": {""effect"": 0.05263009319896217, ""n_state"": 624, ""ok"": true}, ""4"": {""effect"": 0.030309631104274093, ""n_state"": 625, ""ok"": true}}"
extension_reversion,ret12_atr,5,2.0,24,mean_fwd_ret_atr,2808,49326,0.2427053727183814,0.40415201286565294,0.16144664014727153,0.001164773618799495,0.011259478315061786,2925,49244,0.31580036596477934,3.962899146239172e-06,1,1.1888697438717517e-05,4,"{""1"": {""effect"": 0.5342258377479608, ""n_state"": 817, ""ok"": true}, ""2"": {""effect"": 0.42692014992975524, ""n_state"": 621, ""ok"": true}, ""3"": {""effect"": 0.016835559707723907, ""n_state"": 740, ""ok"": true}, ""4"": {""effect"": 0.22824135501626808, ""n_state"": 747, ""ok"": true}}"
extension_reversion,body_atr,5,4.0,24,mean_fwd_ret_atr,1370,50764,-0.27880192776042645,-0.09695640535541522,0.1818455224050112,0.0002736094106716718,0.003967336454739241,1303,50866,-0.3196122105584576,5.585651219586227e-05,-1,8.378476829379341e-05,4,"{""1"": {""effect"": -0.5030740946999912, ""n_state"": 256, ""ok"": true}, ""2"": {""effect"": -0.17753472926788985, ""n_state"": 331, ""ok"": true}, ""3"": {""effect"": -0.19542959987967437, ""n_state"": 346, ""ok"": true}, ""4"": {""effect"": -0.41466200486280613, ""n_state"": 370, ""ok"": true}}"
extension_reversion,ret3_atr,3,0.0,6,move_ge_1atr,1305,65831,0.07920903467493767,0.8544061302681992,0.7751970955932616,1.016690445740717e-11,1.1437767514583067e-11,1267,65664,0.047039550610719516,8.453576226861546e-05,1,8.664915632533084e-05,4,"{""1"": {""effect"": 0.010217430968489483, ""n_state"": 289, ""ok"": true}, ""2"": {""effect"": 0.013229300201645033, ""n_state"": 325, ""ok"": true}, ""3"": {""effect"": 0.10142607326066766, ""n_state"": 329, ""ok"": true}, ""4"": {""effect"": 0.055971622379807684, ""n_state"": 324, ""ok"": true}}"
extension_reversion,body_atr,2,4.0,6,move_ge_1atr,1724,65412,0.05650066265681619,0.8317865429234339,0.7752858802666177,2.6873105797963335e-08,2.6873105797963335e-08,1712,65219,0.040489363801300415,8.854963354622218e-05,1,8.964283889864468e-05,3,"{""1"": {""effect"": 0.03909829903192752, ""n_state"": 358, ""ok"": true}, ""2"": {""effect"": 0.056573438108245444, ""n_state"": 456, ""ok"": true}, ""3"": {""effect"": -0.012801831813910813, ""n_state"": 442, ""ok"": false}, ""4"": {""effect"": 0.07423764375210307, ""n_state"": 456, ""ok"": true}}"
extension_reversion,ret12_atr,3,0.0,6,move_ge_1atr,1362,65774,0.06676153608714963,0.842143906020558,0.7753823699334084,4.734688037797286e-09,4.897953142548916e-09,1260,65671,0.03870443163890802,0.001256168360828569,1,0.001256168360828569,4,"{""1"": {""effect"": 0.022505110419712704, ""n_state"": 325, ""ok"": true}, ""2"": {""effect"": 0.014050918380597244, ""n_state"": 340, ""ok"": true}, ""3"": {""effect"": 0.07664062106077085, ""n_state"": 309, ""ok"": true}, ""4"": {""effect"": 0.04299914954877815, ""n_state"": 286, ""ok"": true}}"
extension_reversion,ret12_atr,5,5.0,12,up_first_1atr,1358,54183,-0.04706555868854079,0.46097201767304863,0.5080375763615894,0.000611445051586635,0.00081526006878218,1489,53901,-0.03915271921862473,0.0028755373324691608,-1,0.0028755373324691608,4,"{""1"": {""effect"": -0.02317377844399754, ""n_state"": 255, ""ok"": true}, ""2"": {""effect"": -0.035270611089110504, ""n_state"": 463, ""ok"": true}, ""3"": {""effect"": -0.01799263518345895, ""n_state"": 428, ""ok"": true}, ""4"": {""effect"": -0.07924868443986982, ""n_state"": 343, ""ok"": true}}"
extension_reversion,ret12_atr,3,0.0,3,move_ge_1atr,1362,67370,0.052576223921330434,0.631424375917768,0.5788481519964376,9.940442913099124e-05,0.00010067884488908087,1260,67252,0.04041808162429106,0.0041241088399630865,1,0.0041241088399630865,3,"{""1"": {""effect"": 0.04585074303583703, ""n_state"": 325, ""ok"": true}, ""2"": {""effect"": -0.028580994094522194, ""n_state"": 340, ""ok"": false}, ""3"": {""effect"": 0.11019796365570944, ""n_state"": 309, ""ok"": true}, ""4"": {""effect"": 0.038380872784179454, ""n_state"": 286, ""ok"": true}}"
extension_reversion,ret12_atr,4,4.0,24,mean_fwd_ret_atr,1541,50593,-0.19325590414770627,-0.01302451633317668,0.18023138781452958,0.005364361146651027,0.04444756378653708,1526,50643,-0.16397192772644603,0.018158257178624026,-1,0.018158257178624026,3,"{""1"": {""effect"": -0.6077306338718139, ""n_state"": 319, ""ok"": true}, ""2"": {""effect"": -0.03549986419981527, ""n_state"": 373, ""ok"": true}, ""3"": {""effect"": 0.172914297539927, ""n_state"": 417, ""ok"": false}, ""4"": {""effect"": -0.26253839382573246, ""n_state"": 417, ""ok"": true}}"
extension_reversion,body_atr,1,5.0,6,mean_fwd_ret_atr,1596,58889,0.28182839778263635,0.32137455198602294,0.039546154203386606,0.0003818953536367006,0.00668316868864226,1604,58772,0.1425100943152176,0.023118947706602368,1,0.023118947706602368,4,"{""1"": {""effect"": 0.11662646813602184, ""n_state"": 366, ""ok"": true}, ""2"": {""effect"": 0.26443863049834715, ""n_state"": 421, ""ok"": true}, ""3"": {""effect"": 0.10303067553563897, ""n_state"": 404, ""ok"": true}, ""4"": {""effect"": 0.06872338960707061, ""n_state"": 413, ""ok"": true}}"
extension_reversion,ret12_atr,1,5.0,6,up_first_1atr,1286,50588,0.04334844929692139,0.5458786936236392,0.5025302443267178,0.0021382660589057984,0.0035637767648429974,1227,49885,0.0312539378467786,0.030531965722486665,1,0.030531965722486665,4,"{""1"": {""effect"": 0.006473823004017443, ""n_state"": 308, ""ok"": true}, ""2"": {""effect"": 0.03119372302710338, ""n_state"": 322, ""ok"": true}, ""3"": {""effect"": 0.015862157989117054, ""n_state"": 316, ""ok"": true}, ""4"": {""effect"": 0.07329801475281539, ""n_state"": 281, ""ok"": true}}"
