n_state,n_comp,effect,state_mean,comp_mean,p,state,state_family,feature,quintile,hour_block,horizon_bars,outcome,q,confirmation_n_state,confirmation_n_comp,confirmation_effect,confirmation_p,confirmation_q,confirmation_quarters_same_sign,quarter_details
2399,59544,-0.08256843459615715,-0.0491644394423403,0.03340399515381685,0.0014165553141558187,upper_wick_atr:Q1:H1,feature_quintile_x_server_4h_block,upper_wick_atr,1,1.0,3,mean_fwd_ret_atr,0.02372730151210996,2312,59509,-0.05809238447672713,0.01345419306421805,0.04708967572476318,3,"{'1': {'effect': -0.09174581249402808, 'n_state': 568, 'same_sign': True}, '2': {'effect': -0.07033601300620623, 'n_state': 549, 'same_sign': True}, '3': {'effect': 0.0038135116656720716, 'n_state': 597, 'same_sign': False}, '4': {'effect': -0.07030707372534577, 'n_state': 598, 'same_sign': True}}"
2144,59799,0.2488782673353645,0.2704701662109384,0.021591898875573896,0.00012629082987025122,dist_low24_atr:Q1:H5,feature_quintile_x_server_4h_block,dist_low24_atr,1,5.0,3,mean_fwd_ret_atr,0.008461485601306832,2016,59805,0.14905329968604578,0.02110228154083459,0.04923865692861404,3,"{'1': {'effect': 0.22548870472611018, 'n_state': 510, 'same_sign': True}, '2': {'effect': -0.08874891573432007, 'n_state': 441, 'same_sign': False}, '3': {'effect': 0.2849285882883613, 'n_state': 621, 'same_sign': True}, '4': {'effect': 0.09150770856943116, 'n_state': 444, 'same_sign': True}}"
12366,56366,0.1390453043347174,0.6939188096393336,0.5548735053046162,4.86449450788754e-177,ret1_atr:Q1,feature_quintile,ret1_atr,1,,3,move_ge_1atr,3.8812456179953775e-176,11724,56788,0.15696109482671416,4.895354536602057e-214,4.7070716698096705e-213,4,"{'1': {'effect': 0.1454834931673633, 'n_state': 2828, 'same_sign': True}, '2': {'effect': 0.13637263330606864, 'n_state': 2923, 'same_sign': True}, '3': {'effect': 0.12481892670023131, 'n_state': 2994, 'same_sign': True}, '4': {'effect': 0.13752626761482845, 'n_state': 2979, 'same_sign': True}}"
1180,67552,0.18515313250206744,0.761864406779661,0.5767112742775936,2.2645094029573307e-37,ret1_atr:Q1:H0,feature_quintile_x_server_4h_block,ret1_atr,1,0.0,3,move_ge_1atr,4.063114957459325e-37,1091,67421,0.1739507572640504,1.2867060181222354e-30,2.5802928170900442e-30,4,"{'1': {'effect': 0.1832893395549755, 'n_state': 299, 'same_sign': True}, '2': {'effect': 0.17909015724021127, 'n_state': 255, 'same_sign': True}, '3': {'effect': 0.15361444713220596, 'n_state': 264, 'same_sign': True}, '4': {'effect': 0.1702677515629054, 'n_state': 273, 'same_sign': True}}"
2388,66344,0.10942262055888186,0.6855108877721943,0.5760882672133124,1.8663584451415494e-26,ret1_atr:Q1:H1,feature_quintile_x_server_4h_block,ret1_atr,1,1.0,3,move_ge_1atr,2.631144424541658e-26,2223,66289,0.09823124382894954,3.801174895619693e-20,6.040002482446546e-20,4,"{'1': {'effect': 0.09585133488423614, 'n_state': 544, 'same_sign': True}, '2': {'effect': 0.10754340962819742, 'n_state': 548, 'same_sign': True}, '3': {'effect': 0.07948601440396275, 'n_state': 567, 'same_sign': True}, '4': {'effect': 0.10082219736661369, 'n_state': 564, 'same_sign': True}}"
2846,65886,0.18423917297129144,0.7565003513703443,0.5722611783990529,1.1698760611004402e-84,ret1_atr:Q1:H2,feature_quintile_x_server_4h_block,ret1_atr,1,2.0,3,move_ge_1atr,4.929253066434439e-84,2599,65913,0.19445358052895723,9.99654374573504e-86,5.679854400985818e-85,4,"{'1': {'effect': 0.17430130633774, 'n_state': 614, 'same_sign': True}, '2': {'effect': 0.18817610894807368, 'n_state': 656, 'same_sign': True}, '3': {'effect': 0.19601891995002574, 'n_state': 731, 'same_sign': True}, '4': {'effect': 0.1959050512732856, 'n_state': 598, 'same_sign': True}}"
2548,66184,0.18970138148705262,0.7625588697017268,0.5728574882146742,8.3207172263345e-81,ret1_atr:Q1:H3,feature_quintile_x_server_4h_block,ret1_atr,1,3.0,3,move_ge_1atr,3.216772123582925e-80,2396,66116,0.18607676031734988,7.023795639427997e-73,3.1734016443198783e-72,4,"{'1': {'effect': 0.21352888051203522, 'n_state': 600, 'same_sign': True}, '2': {'effect': 0.17691066439217107, 'n_state': 597, 'same_sign': True}, '3': {'effect': 0.19636273870334198, 'n_state': 570, 'same_sign': True}, '4': {'effect': 0.1404977942151332, 'n_state': 629, 'same_sign': True}}"
12444,56288,0.05944938612077044,0.6285760205721633,0.5691266344513929,5.1320176194223665e-34,ret1_atr:Q2,feature_quintile,ret1_atr,2,,3,move_ge_1atr,8.74775730583358e-34,12536,55976,0.051860725432606336,3.259589864013454e-26,5.793109947891209e-26,4,"{'1': {'effect': 0.04966026558655312, 'n_state': 2960, 'same_sign': True}, '2': {'effect': 0.051751066847414484, 'n_state': 3154, 'same_sign': True}, '3': {'effect': 0.02682178058455431, 'n_state': 3242, 'same_sign': True}, '4': {'effect': 0.050117156799888485, 'n_state': 3180, 'same_sign': True}}"
1145,67587,0.08084543531568533,0.6593886462882096,0.5785432109725243,3.882434781631347e-08,ret1_atr:Q2:H0,feature_quintile_x_server_4h_block,ret1_atr,2,0.0,3,move_ge_1atr,4.244644440559053e-08,1222,67290,0.06209262544148375,1.4181109027213978e-05,1.5504127945204788e-05,4,"{'1': {'effect': 0.09795086026729538, 'n_state': 274, 'same_sign': True}, '2': {'effect': 0.09828639969880748, 'n_state': 310, 'same_sign': True}, '3': {'effect': 0.0347016611329245, 'n_state': 331, 'same_sign': True}, '4': {'effect': 0.01973319082369762, 'n_state': 307, 'same_sign': True}}"
2354,66378,0.1552486796290128,0.72982158028887,0.5745729006598572,7.661301333415663e-51,ret1_atr:Q2:H2,feature_quintile_x_server_4h_block,ret1_atr,2,2.0,3,move_ge_1atr,1.8416589743787651e-50,2390,66122,0.15071711616121286,2.5141586472942852e-48,7.088793178461331e-48,4,"{'1': {'effect': 0.18879925010472431, 'n_state': 581, 'same_sign': True}, '2': {'effect': 0.12167857775666113, 'n_state': 598, 'same_sign': True}, '3': {'effect': 0.17566945334904271, 'n_state': 575, 'same_sign': True}, '4': {'effect': 0.10569032468011408, 'n_state': 636, 'same_sign': True}}"
2165,66567,0.1671773227071469,0.7418013856812933,0.5746240629741464,2.985011683101722e-54,ret1_atr:Q2:H3,feature_quintile_x_server_4h_block,ret1_atr,2,3.0,3,move_ge_1atr,7.719857801125143e-54,2309,66203,0.11812067175800145,2.0791570569038368e-29,3.9843412639981824e-29,4,"{'1': {'effect': 0.13429681535864546, 'n_state': 583, 'same_sign': True}, '2': {'effect': 0.09780873747657903, 'n_state': 559, 'same_sign': True}, '3': {'effect': 0.10199585047828108, 'n_state': 602, 'same_sign': True}, '4': {'effect': 0.12640336149557485, 'n_state': 565, 'same_sign': True}}"
2403,66329,-0.11749774154155723,0.4665002080732418,0.583997949614799,2.0078154194124522e-30,ret1_atr:Q2:H5,feature_quintile_x_server_4h_block,ret1_atr,2,5.0,3,move_ge_1atr,3.1241941173430276e-30,2256,66256,-0.07902851779729081,9.39192825403254e-14,1.2996210683624362e-13,4,"{'1': {'effect': -0.07893983606521732, 'n_state': 514, 'same_sign': True}, '2': {'effect': -0.037995069563511286, 'n_state': 552, 'same_sign': True}, '3': {'effect': -0.1188788684356098, 'n_state': 626, 'same_sign': True}, '4': {'effect': -0.06722788014363923, 'n_state': 564, 'same_sign': True}}"
2111,66621,0.15387438310922763,0.7290383704405495,0.5751639873313219,3.689031964085942e-45,ret1_atr:Q3:H2,feature_quintile_x_server_4h_block,ret1_atr,3,2.0,3,move_ge_1atr,7.860153332569478e-45,2342,66170,0.14538325899428106,2.998117627781533e-44,8.030672217271963e-44,4,"{'1': {'effect': 0.1866319726784843, 'n_state': 572, 'same_sign': True}, '2': {'effect': 0.08158086695975297, 'n_state': 576, 'same_sign': True}, '3': {'effect': 0.1652923953035409, 'n_state': 579, 'same_sign': True}, '4': {'effect': 0.13371281775324195, 'n_state': 615, 'same_sign': True}}"
2198,66534,0.14400544709084817,0.7192902638762512,0.575284816785403,2.762651133312247e-41,ret1_atr:Q3:H3,feature_quintile_x_server_4h_block,ret1_atr,3,3.0,3,move_ge_1atr,5.395802994750482e-41,2282,66230,0.10419303404874236,5.307674777750085e-23,8.965666854307575e-23,4,"{'1': {'effect': 0.10439773093066163, 'n_state': 564, 'same_sign': True}, '2': {'effect': 0.1253135102202596, 'n_state': 534, 'same_sign': True}, '3': {'effect': 0.10031276635552111, 'n_state': 599, 'same_sign': True}, '4': {'effect': 0.07843976294813226, 'n_state': 585, 'same_sign': True}}"
2580,66152,-0.12367987842891304,0.46085271317829457,0.5845325916072076,8.827316159218314e-36,ret1_atr:Q3:H5,feature_quintile_x_server_4h_block,ret1_atr,3,5.0,3,move_ge_1atr,1.53964816730552e-35,2591,65921,-0.09115616214444627,4.119169156230175e-20,6.490287536076956e-20,4,"{'1': {'effect': -0.09384911789675271, 'n_state': 627, 'same_sign': True}, '2': {'effect': -0.08296260530066502, 'n_state': 611, 'same_sign': True}, '3': {'effect': -0.12041394090295687, 'n_state': 695, 'same_sign': True}, '4': {'effect': -0.055045057853967294, 'n_state': 658, 'same_sign': True}}"
1188,67544,0.05746691718798791,0.6363636363636364,0.5788967191756484,6.944139635341996e-05,ret1_atr:Q4:H0,feature_quintile_x_server_4h_block,ret1_atr,4,0.0,3,move_ge_1atr,7.037979360143915e-05,1212,67300,0.07575478498815713,1.328514238319978e-07,1.5568526230312242e-07,4,"{'1': {'effect': 0.10040549123064146, 'n_state': 282, 'same_sign': True}, '2': {'effect': 0.0652119380267383, 'n_state': 323, 'same_sign': True}, '3': {'effect': 0.1102887274019364, 'n_state': 306, 'same_sign': True}, '4': {'effect': 0.024796616284110784, 'n_state': 301, 'same_sign': True}}"
2297,66435,0.16124088019101035,0.7357422725293862,0.5745013923383758,1.826718441764365e-53,ret1_atr:Q4:H2,feature_quintile_x_server_4h_block,ret1_atr,4,2.0,3,move_ge_1atr,4.597445742695549e-53,2364,66148,0.12941537957185067,9.965291278415033e-36,2.224395374646213e-35,4,"{'1': {'effect': 0.15670896676596635, 'n_state': 590, 'same_sign': True}, '2': {'effect': 0.11432677582754158, 'n_state': 600, 'same_sign': True}, '3': {'effect': 0.16056972570822425, 'n_state': 551, 'same_sign': True}, '4': {'effect': 0.07769173393628781, 'n_state': 623, 'same_sign': True}}"
2199,66533,0.12158993379269778,0.6975898135516144,0.5759998797589166,6.198816141496222e-30,ret1_atr:Q4:H3,feature_quintile_x_server_4h_block,ret1_atr,4,3.0,3,move_ge_1atr,9.449414849841802e-30,2202,66310,0.12020440144966305,4.1452655857627616e-29,7.772372973305179e-29,4,"{'1': {'effect': 0.14056356698390637, 'n_state': 558, 'same_sign': True}, '2': {'effect': 0.12158585619918771, 'n_state': 499, 'same_sign': True}, '3': {'effect': 0.12675897004923053, 'n_state': 530, 'same_sign': True}, '4': {'effect': 0.0844904842114389, 'n_state': 615, 'same_sign': True}}"
19086,49646,-0.19989615970751218,0.43550246253798597,0.6353986222454981,0.0,ret1_atr:Q5,feature_quintile,ret1_atr,5,,3,move_ge_1atr,0.0,18625,49887,-0.20478945611713345,0.0,0.0,4,"{'1': {'effect': -0.1534349166852128, 'n_state': 4703, 'same_sign': True}, '2': {'effect': -0.17253284811589403, 'n_state': 4592, 'same_sign': True}, '3': {'effect': -0.1505929767607354, 'n_state': 4718, 'same_sign': True}, '4': {'effect': -0.16377932236378667, 'n_state': 4612, 'same_sign': True}}"
4539,64193,-0.41024269979080735,0.19673936990526547,0.6069820696960728,0.0,ret1_atr:Q5:H0,feature_quintile_x_server_4h_block,ret1_atr,5,0.0,3,move_ge_1atr,0.0,4448,64064,-0.4163200783029919,0.0,0.0,4,"{'1': {'effect': -0.37486448886544793, 'n_state': 1097, 'same_sign': True}, '2': {'effect': -0.4114259732648067, 'n_state': 1076, 'same_sign': True}, '3': {'effect': -0.3859140981671286, 'n_state': 1138, 'same_sign': True}, '4': {'effect': -0.41078276818043125, 'n_state': 1137, 'same_sign': True}}"
2824,65908,0.19290857149832508,0.7648725212464589,0.5719639497481338,5.868669421132277e-92,ret1_atr:Q5:H2,feature_quintile_x_server_4h_block,ret1_atr,5,2.0,3,move_ge_1atr,2.895725043321847e-91,2689,65823,0.15723576882178814,1.624043855104667e-58,5.639041163557871e-58,4,"{'1': {'effect': 0.1786934081047029, 'n_state': 667, 'same_sign': True}, '2': {'effect': 0.14653669490004484, 'n_state': 642, 'same_sign': True}, '3': {'effect': 0.19911413815510481, 'n_state': 732, 'same_sign': True}, '4': {'effect': 0.07913575880883039, 'n_state': 648, 'same_sign': True}}"
2859,65873,0.07375505816472272,0.6505771248688352,0.5768220667041125,5.198325727684881e-15,ret1_atr:Q5:H3,feature_quintile_x_server_4h_block,ret1_atr,5,3.0,3,move_ge_1atr,6.329130350265684e-15,2759,65753,0.07158336976365465,1.0582772058978582e-13,1.4590218831312383e-13,4,"{'1': {'effect': 0.1244609364795849, 'n_state': 674, 'same_sign': True}, '2': {'effect': 0.009480130836640788, 'n_state': 710, 'same_sign': True}, '3': {'effect': 0.039788617384866276, 'n_state': 693, 'same_sign': True}, '4': {'effect': 0.10741533841503881, 'n_state': 682, 'same_sign': True}}"
4191,64541,-0.35633005554621644,0.24528752087807207,0.6016175764242885,0.0,ret1_atr:Q5:H4,feature_quintile_x_server_4h_block,ret1_atr,5,4.0,3,move_ge_1atr,0.0,4113,64399,-0.354811827295991,0.0,0.0,4,"{'1': {'effect': -0.3649590470485632, 'n_state': 1075, 'same_sign': True}, '2': {'effect': -0.34918753915061795, 'n_state': 1015, 'same_sign': True}, '3': {'effect': -0.34844689766465664, 'n_state': 1038, 'same_sign': True}, '4': {'effect': -0.28859001990480365, 'n_state': 985, 'same_sign': True}}"
2169,66563,-0.2117450103791063,0.3748271092669433,0.5865721196460496,4.5723032125731905e-86,ret1_atr:Q5:H5,feature_quintile_x_server_4h_block,ret1_atr,5,5.0,3,move_ge_1atr,2.0412067913273174e-85,2307,66205,-0.17687840702587132,9.910497120285702e-64,3.831377752687771e-63,4,"{'1': {'effect': -0.2059212836851994, 'n_state': 615, 'same_sign': True}, '2': {'effect': -0.15024461778858078, 'n_state': 608, 'same_sign': True}, '3': {'effect': -0.1467614313807467, 'n_state': 532, 'same_sign': True}, '4': {'effect': -0.18409976883247609, 'n_state': 552, 'same_sign': True}}"
12364,56368,0.1575206598630453,0.7090747330960854,0.5515540732330401,1.3605744665548034e-226,ret3_atr:Q1,feature_quintile,ret3_atr,1,,3,move_ge_1atr,1.3426721709422401e-225,11871,56641,0.18320610814176452,1.0954375542829347e-293,1.2837158839253141e-292,4,"{'1': {'effect': 0.18057462238654842, 'n_state': 2836, 'same_sign': True}, '2': {'effect': 0.1699923004823355, 'n_state': 3006, 'same_sign': True}, '3': {'effect': 0.11497045971254605, 'n_state': 3106, 'same_sign': True}, '4': {'effect': 0.17067926292284885, 'n_state': 2923, 'same_sign': True}}"
1105,67627,0.19703334105691672,0.7737556561085973,0.5767223150516806,1.4372899562054767e-39,ret3_atr:Q1:H0,feature_quintile_x_server_4h_block,ret3_atr,1,0.0,3,move_ge_1atr,2.7084609727490142e-39,1115,67397,0.167896549799192,3.206147165110054e-29,6.072248418769042e-29,4,"{'1': {'effect': 0.25648882664055384, 'n_state': 309, 'same_sign': True}, '2': {'effect': 0.20225627850826333, 'n_state': 276, 'same_sign': True}, '3': {'effect': 0.04582901116415239, 'n_state': 276, 'same_sign': True}, '4': {'effect': 0.14646698272856828, 'n_state': 254, 'same_sign': True}}"
2444,66288,0.1225019732374486,0.6980360065466449,0.5755340333091963,1.9458507387085057e-33,ret3_atr:Q1:H1,feature_quintile_x_server_4h_block,ret3_atr,1,1.0,3,move_ge_1atr,3.257562620605757e-33,2291,66221,0.10691377577130179,3.2191604396417943e-24,5.537546627824187e-24,4,"{'1': {'effect': 0.09886015960974781, 'n_state': 528, 'same_sign': True}, '2': {'effect': 0.1385020338310432, 'n_state': 608, 'same_sign': True}, '3': {'effect': 0.049139069547232794, 'n_state': 598, 'same_sign': True}, '4': {'effect': 0.13097927435610235, 'n_state': 557, 'same_sign': True}}"
2897,65835,0.19246093812160348,0.76423886779427,0.5717779296726665,9.355349534494479e-94,ret3_atr:Q1:H2,feature_quintile_x_server_4h_block,ret3_atr,1,2.0,3,move_ge_1atr,4.805830240322506e-93,2644,65868,0.23041746629921467,1.5328987268336156e-121,1.0264946831475105e-120,4,"{'1': {'effect': 0.20993143159044136, 'n_state': 639, 'same_sign': True}, '2': {'effect': 0.25838995767899264, 'n_state': 665, 'same_sign': True}, '3': {'effect': 0.2088638942874841, 'n_state': 741, 'same_sign': True}, '4': {'effect': 0.21820493257515683, 'n_state': 599, 'same_sign': True}}"
2516,66216,0.22030482500495085,0.7921303656597775,0.5718255406548266,5.0060449494420666e-107,ret3_atr:Q1:H3,feature_quintile_x_server_4h_block,ret3_atr,1,3.0,3,move_ge_1atr,3.077486649247172e-106,2402,66110,0.21220585729307662,1.941804910212309e-94,1.1937325267698621e-93,4,"{'1': {'effect': 0.2580583829481571, 'n_state': 586, 'same_sign': True}, '2': {'effect': 0.18449402412392557, 'n_state': 591, 'same_sign': True}, '3': {'effect': 0.20242144391726957, 'n_state': 623, 'same_sign': True}, '4': {'effect': 0.1824368875945347, 'n_state': 602, 'same_sign': True}}"
1633,67099,0.08157037009968915,0.6595223515003061,0.577951981400617,4.15146212500972e-11,ret3_atr:Q1:H4,feature_quintile_x_server_4h_block,ret3_atr,1,4.0,3,move_ge_1atr,4.864994677745766e-11,1691,66821,0.14961439961344603,1.4573584922308245e-34,3.122911054780338e-34,4,"{'1': {'effect': 0.15341435900060008, 'n_state': 374, 'same_sign': True}, '2': {'effect': 0.129487082266733, 'n_state': 430, 'same_sign': True}, '3': {'effect': 0.05836190583915979, 'n_state': 405, 'same_sign': True}, '4': {'effect': 0.23163566476347075, 'n_state': 482, 'same_sign': True}}"
12448,56284,0.05489050069067658,0.6248393316195373,0.5699488309288607,2.968459795032922e-29,ret3_atr:Q2,feature_quintile,ret3_atr,2,,3,move_ge_1atr,4.434949892977473e-29,12516,55996,0.05498808514172504,3.131700360042284e-29,5.961358553379982e-29,4,"{'1': {'effect': 0.05661988248458116, 'n_state': 2954, 'same_sign': True}, '2': {'effect': 0.05048042354629112, 'n_state': 3108, 'same_sign': True}, '3': {'effect': 0.031648171615365706, 'n_state': 3222, 'same_sign': True}, '4': {'effect': 0.05049732454863132, 'n_state': 3232, 'same_sign': True}}"
1239,67493,0.06371209248770693,0.642453591606134,0.5787414991184271,6.7160859792908915e-06,ret3_atr:Q2:H0,feature_quintile_x_server_4h_block,ret3_atr,2,0.0,3,move_ge_1atr,7.015410145498842e-06,1195,67317,0.07053917072431237,1.0730369327557993e-06,1.2230664127155767e-06,4,"{'1': {'effect': 0.09921289469293415, 'n_state': 281, 'same_sign': True}, '2': {'effect': 0.1121152467559996, 'n_state': 286, 'same_sign': True}, '3': {'effect': 0.006082117114354357, 'n_state': 330, 'same_sign': True}, '4': {'effect': 0.07121921674446163, 'n_state': 298, 'same_sign': True}}"
2297,66435,0.15718725531605438,0.7318241184153244,0.57463686309927,6.715815100957833e-51,ret3_atr:Q2:H2,feature_quintile_x_server_4h_block,ret3_atr,2,2.0,3,move_ge_1atr,1.6247939760381854e-50,2346,66166,0.1361990183103754,4.1336437330438005e-39,9.810863290452059e-39,4,"{'1': {'effect': 0.1566136145036704, 'n_state': 554, 'same_sign': True}, '2': {'effect': 0.08582219591641116, 'n_state': 603, 'same_sign': True}, '3': {'effect': 0.15902089780504347, 'n_state': 566, 'same_sign': True}, '4': {'effect': 0.1327671902915265, 'n_state': 623, 'same_sign': True}}"
2203,66529,0.154991539599177,0.7299137539718565,0.5749222143726795,1.200396253324378e-47,ret3_atr:Q2:H3,feature_quintile_x_server_4h_block,ret3_atr,2,3.0,3,move_ge_1atr,2.6636011538262824e-47,2318,66194,0.12968922916280567,3.1322667098256903e-35,6.869005942600197e-35,4,"{'1': {'effect': 0.11176224718717742, 'n_state': 552, 'same_sign': True}, '2': {'effect': 0.13910548414617196, 'n_state': 589, 'same_sign': True}, '3': {'effect': 0.1491164383750032, 'n_state': 578, 'same_sign': True}, '4': {'effect': 0.10536528776493403, 'n_state': 599, 'same_sign': True}}"
2439,66293,-0.1047213234113244,0.4788847888478885,0.5836061122592129,7.768400404319301e-25,ret3_atr:Q2:H5,feature_quintile_x_server_4h_block,ret3_atr,2,5.0,3,move_ge_1atr,1.0554891853694702e-24,2387,66125,-0.06669396217539392,1.0464365645203433e-10,1.3347405159698258e-10,4,"{'1': {'effect': -0.0513684331670099, 'n_state': 541, 'same_sign': True}, '2': {'effect': -0.03315821181399947, 'n_state': 577, 'same_sign': True}, '3': {'effect': -0.09718010471732891, 'n_state': 642, 'same_sign': True}, '4': {'effect': -0.07292396525271011, 'n_state': 627, 'same_sign': True}}"
2144,66588,0.15921838142142064,0.7341417910447762,0.5749234096233555,6.2791952004207695e-49,ret3_atr:Q3:H2,feature_quintile_x_server_4h_block,ret3_atr,3,2.0,3,move_ge_1atr,1.4625454659365146e-48,2228,66284,0.13242554452864652,2.3863539218027786e-35,5.264016003976718e-35,4,"{'1': {'effect': 0.17093106617647058, 'n_state': 512, 'same_sign': True}, '2': {'effect': 0.10084000628042078, 'n_state': 576, 'same_sign': True}, '3': {'effect': 0.154678334933657, 'n_state': 568, 'same_sign': True}, '4': {'effect': 0.09495750055067098, 'n_state': 572, 'same_sign': True}}"
2171,66561,0.1270241222711097,0.7029018885306311,0.5758777662595214,3.890259488030424e-32,ret3_atr:Q3:H3,feature_quintile_x_server_4h_block,ret3_atr,3,3.0,3,move_ge_1atr,6.234390205176962e-32,2222,66290,0.09946780769493446,1.3118705619371396e-20,2.1296600031447072e-20,4,"{'1': {'effect': 0.12574045846863513, 'n_state': 609, 'same_sign': True}, '2': {'effect': 0.1297709996441565, 'n_state': 509, 'same_sign': True}, '3': {'effect': 0.06415707122537251, 'n_state': 514, 'same_sign': True}, '4': {'effect': 0.0678077894933321, 'n_state': 590, 'same_sign': True}}"
2428,66304,-0.13917207963877037,0.4456342668863262,0.5848063465250966,2.1261173994085554e-42,ret3_atr:Q3:H5,feature_quintile_x_server_4h_block,ret3_atr,3,5.0,3,move_ge_1atr,4.356797949607696e-42,2497,66015,-0.0793792966617124,3.920936465888378e-15,5.506933238607272e-15,4,"{'1': {'effect': -0.0708686268990284, 'n_state': 552, 'same_sign': True}, '2': {'effect': -0.08113936385741627, 'n_state': 619, 'same_sign': True}, '3': {'effect': -0.10209931282928414, 'n_state': 683, 'same_sign': True}, '4': {'effect': -0.052391663777673236, 'n_state': 643, 'same_sign': True}}"
1145,67587,0.060417796942036084,0.6393013100436681,0.578883513101632,4.001640414908694e-05,ret3_atr:Q4:H0,feature_quintile_x_server_4h_block,ret3_atr,4,0.0,3,move_ge_1atr,4.1000414087179246e-05,1152,67360,0.09287328450778576,2.8348449295425036e-10,3.603616435859115e-10,4,"{'1': {'effect': 0.14042009382873522, 'n_state': 259, 'same_sign': True}, '2': {'effect': 0.03676791983515948, 'n_state': 305, 'same_sign': True}, '3': {'effect': 0.17015191786533257, 'n_state': 288, 'same_sign': True}, '4': {'effect': 0.030124122832737132, 'n_state': 300, 'same_sign': True}}"
2255,66477,0.15467467250313838,0.729490022172949,0.5748153496698106,1.67838545887848e-48,ret3_atr:Q4:H2,feature_quintile_x_server_4h_block,ret3_atr,4,2.0,3,move_ge_1atr,3.885151525181667e-48,2370,66142,0.1263022518869069,3.438845952535056e-34,7.244759731464304e-34,4,"{'1': {'effect': 0.17262407102109179, 'n_state': 576, 'same_sign': True}, '2': {'effect': 0.09443280921882335, 'n_state': 577, 'same_sign': True}, '3': {'effect': 0.17520649654115972, 'n_state': 551, 'same_sign': True}, '4': {'effect': 0.061551514076349734, 'n_state': 666, 'same_sign': True}}"
2258,66474,0.10101949727715753,0.6775907883082374,0.5765712910310798,1.1281721254674765e-21,ret3_atr:Q4:H3,feature_quintile_x_server_4h_block,ret3_atr,4,3.0,3,move_ge_1atr,1.5002288902493039e-21,2301,66211,0.08592901976535039,2.9045507848967126e-16,4.2054306731130005e-16,4,"{'1': {'effect': 0.10677244406135922, 'n_state': 565, 'same_sign': True}, '2': {'effect': 0.07159887231455209, 'n_state': 541, 'same_sign': True}, '3': {'effect': 0.11813290016619138, 'n_state': 563, 'same_sign': True}, '4': {'effect': 0.042898488024287085, 'n_state': 632, 'same_sign': True}}"
2472,66260,-0.13448411523887943,0.45024271844660196,0.5847268336854814,2.28127843541159e-40,ret3_atr:Q4:H5,feature_quintile_x_server_4h_block,ret3_atr,4,5.0,3,move_ge_1atr,4.387073914253057e-40,2292,66220,-0.08658683335415351,1.9641101803043321e-16,2.8548113085818783e-16,4,"{'1': {'effect': -0.09478895875344778, 'n_state': 586, 'same_sign': True}, '2': {'effect': -0.06359341274993424, 'n_state': 556, 'same_sign': True}, '3': {'effect': -0.106316757690473, 'n_state': 594, 'same_sign': True}, '4': {'effect': -0.0708465189705908, 'n_state': 556, 'same_sign': True}}"
19103,49629,-0.19716649315126,0.4375229021619641,0.6346893953132241,0.0,ret3_atr:Q5,feature_quintile,ret3_atr,5,,3,move_ge_1atr,0.0,18912,49600,-0.20603569674144423,0.0,0.0,4,"{'1': {'effect': -0.1525759406095959, 'n_state': 4823, 'same_sign': True}, '2': {'effect': -0.1809461396598273, 'n_state': 4636, 'same_sign': True}, '3': {'effect': -0.15275213991349712, 'n_state': 4834, 'same_sign': True}, '4': {'effect': -0.15518397190946615, 'n_state': 4619, 'same_sign': True}}"
4530,64202,-0.41142102331128855,0.1955849889624724,0.6070060122737609,0.0,ret3_atr:Q5:H0,feature_quintile_x_server_4h_block,ret3_atr,5,0.0,3,move_ge_1atr,0.0,4549,63963,-0.40753910931697374,0.0,0.0,4,"{'1': {'effect': -0.3665250271664684, 'n_state': 1130, 'same_sign': True}, '2': {'effect': -0.40551991442078605, 'n_state': 1109, 'same_sign': True}, '3': {'effect': -0.3787730850503471, 'n_state': 1153, 'same_sign': True}, '4': {'effect': -0.3970617890590799, 'n_state': 1157, 'same_sign': True}}"
2578,66154,0.05885757596944563,0.6365399534522886,0.577682377482843,2.8498334737919533e-09,ret3_atr:Q5:H1,feature_quintile_x_server_4h_block,ret3_atr,5,1.0,3,move_ge_1atr,3.218938411662598e-09,2359,66153,0.0483871169283876,3.1579284323478757e-06,3.5455783297318966e-06,4,"{'1': {'effect': 0.10547647175955166, 'n_state': 581, 'same_sign': True}, '2': {'effect': 0.044705350138923294, 'n_state': 563, 'same_sign': True}, '3': {'effect': 0.03847655073872758, 'n_state': 625, 'same_sign': True}, '4': {'effect': 0.0011319065388564198, 'n_state': 590, 'same_sign': True}}"
2839,65893,0.1835933464708951,0.7558999647763297,0.5723066183054346,6.930280875475507e-84,ret3_atr:Q5:H2,feature_quintile_x_server_4h_block,ret3_atr,5,2.0,3,move_ge_1atr,2.8558849761574893e-83,2796,65716,0.14749956700140565,1.3019410627742872e-53,4.1728880217124586e-53,4,"{'1': {'effect': 0.17138880482023822, 'n_state': 743, 'same_sign': True}, '2': {'effect': 0.10715479194832866, 'n_state': 651, 'same_sign': True}, '3': {'effect': 0.19555122825061944, 'n_state': 742, 'same_sign': True}, '4': {'effect': 0.08719583978677303, 'n_state': 660, 'same_sign': True}}"
2821,65911,0.0854387441593748,0.6618220489188231,0.5763833047594483,2.190402932019615e-19,ret3_atr:Q5:H3,feature_quintile_x_server_4h_block,ret3_atr,5,3.0,3,move_ge_1atr,2.8226841907469263e-19,2705,65807,0.07010451528466977,5.545521422142708e-13,7.507474849471174e-13,3,"{'1': {'effect': 0.11661982406983551, 'n_state': 667, 'same_sign': True}, '2': {'effect': -0.001668320335218687, 'n_state': 669, 'same_sign': False}, '3': {'effect': 0.022950876948954035, 'n_state': 716, 'same_sign': True}, '4': {'effect': 0.1390923035236089, 'n_state': 653, 'same_sign': True}}"
4138,64594,-0.36503766029800766,0.23682938617689706,0.6018670464749047,0.0,ret3_atr:Q5:H4,feature_quintile_x_server_4h_block,ret3_atr,5,4.0,3,move_ge_1atr,0.0,4142,64370,-0.3464306238371583,0.0,0.0,4,"{'1': {'effect': -0.3691776479092578, 'n_state': 1082, 'same_sign': True}, '2': {'effect': -0.3473508711370602, 'n_state': 1007, 'same_sign': True}, '3': {'effect': -0.3252486074039677, 'n_state': 1063, 'same_sign': True}, '4': {'effect': -0.2767338681085312, 'n_state': 990, 'same_sign': True}}"
2197,66535,-0.20501400370419792,0.38142922166590804,0.586443225370106,8.73558222894031e-82,ret3_atr:Q5:H5,feature_quintile_x_server_4h_block,ret3_atr,5,5.0,3,move_ge_1atr,3.448256143002754e-81,2361,66151,-0.1885906931026356,8.756458797298931e-74,4.1045900612338736e-73,4,"{'1': {'effect': -0.2398123775331979, 'n_state': 620, 'same_sign': True}, '2': {'effect': -0.139399105498553, 'n_state': 637, 'same_sign': True}, '3': {'effect': -0.18870879773931237, 'n_state': 535, 'same_sign': True}, '4': {'effect': -0.1673614192316225, 'n_state': 569, 'same_sign': True}}"
12366,56366,0.141510506449527,0.6959404819666828,0.5544299755171558,2.676859749720056e-183,ret12_atr:Q1,feature_quintile,ret12_atr,1,,3,move_ge_1atr,2.2814145594205025e-182,12040,56472,0.1526821630123698,6.735583668435273e-207,6.160594818690798e-206,4,"{'1': {'effect': 0.14397922932473017, 'n_state': 2914, 'same_sign': True}, '2': {'effect': 0.13869824262968267, 'n_state': 3029, 'same_sign': True}, '3': {'effect': 0.10154600469010899, 'n_state': 3174, 'same_sign': True}, '4': {'effect': 0.14459192998508885, 'n_state': 2923, 'same_sign': True}}"
1038,67694,0.17712014503893836,0.7543352601156069,0.5772151150766686,1.7860378972049134e-30,ret12_atr:Q1:H0,feature_quintile_x_server_4h_block,ret12_atr,1,0.0,3,move_ge_1atr,2.7906842143826773e-30,1060,67452,0.15841806164887062,5.288841964144663e-25,9.224724356066271e-25,4,"{'1': {'effect': 0.20448824207523542, 'n_state': 283, 'same_sign': True}, '2': {'effect': 0.17513645281265955, 'n_state': 228, 'same_sign': True}, '3': {'effect': 0.1102887274019364, 'n_state': 306, 'same_sign': True}, '4': {'effect': 0.14164687537505194, 'n_state': 243, 'same_sign': True}}"
2501,66231,0.09655420644926183,0.6729308276689324,0.5763766212196706,7.73519876963524e-22,ret12_atr:Q1:H1,feature_quintile_x_server_4h_block,ret12_atr,1,1.0,3,move_ge_1atr,1.032277415876589e-21,2638,65874,0.06864493735749289,3.023463636698508e-12,3.978241627234878e-12,4,"{'1': {'effect': 0.05230229885585136, 'n_state': 616, 'same_sign': True}, '2': {'effect': 0.06662630684483672, 'n_state': 724, 'same_sign': True}, '3': {'effect': 0.06618039536589515, 'n_state': 677, 'same_sign': True}, '4': {'effect': 0.08140642036535262, 'n_state': 621, 'same_sign': True}}"
2836,65896,0.20096932671442092,0.7725669957686883,0.5715976690542673,4.898273398137823e-100,ret12_atr:Q1:H2,feature_quintile_x_server_4h_block,ret12_atr,1,2.0,3,move_ge_1atr,2.825926960464129e-99,2578,65934,0.22092487673041084,2.9606371272437915e-109,1.8817608859600373e-108,4,"{'1': {'effect': 0.2155827372279432, 'n_state': 601, 'same_sign': True}, '2': {'effect': 0.25108160956995085, 'n_state': 666, 'same_sign': True}, '3': {'effect': 0.19692046621048998, 'n_state': 663, 'same_sign': True}, '4': {'effect': 0.19442370579939838, 'n_state': 648, 'same_sign': True}}"
2372,66360,0.21461607034856123,0.7870994940978078,0.5724834237492465,3.631684319757125e-96,ret12_atr:Q1:H3,feature_quintile_x_server_4h_block,ret12_atr,1,3.0,3,move_ge_1atr,1.9181431266322843e-95,2311,66201,0.18826982021126792,4.4840185964621917e-72,1.955240667062002e-71,4,"{'1': {'effect': 0.1951469136981504, 'n_state': 592, 'same_sign': True}, '2': {'effect': 0.19311637741424448, 'n_state': 583, 'same_sign': True}, '3': {'effect': 0.18786511439551057, 'n_state': 611, 'same_sign': True}, '4': {'effect': 0.15450953858825944, 'n_state': 525, 'same_sign': True}}"
1798,66934,0.05046232350211133,0.6290322580645161,0.5785699345624048,1.884892061764611e-05,ret12_atr:Q1:H4,feature_quintile_x_server_4h_block,ret12_atr,1,4.0,3,move_ge_1atr,1.9525815556953843e-05,1719,66793,0.10316234331056084,1.5613731538976167e-17,2.3142882715873765e-17,4,"{'1': {'effect': 0.12963452920143714, 'n_state': 404, 'same_sign': True}, '2': {'effect': 0.07355023204016176, 'n_state': 397, 'same_sign': True}, '3': {'effect': 0.0017324971235892495, 'n_state': 424, 'same_sign': True}, '4': {'effect': 0.185676499302459, 'n_state': 494, 'same_sign': True}}"
12401,56331,0.051142002999306824,0.6218046931699056,0.5706626901705988,1.529916132518588e-25,ret12_atr:Q2,feature_quintile,ret12_atr,2,,3,move_ge_1atr,2.10925937387673e-25,12609,55903,0.07900154177387753,8.08115325317679e-59,2.8588985565483927e-58,4,"{'1': {'effect': 0.08888177017262311, 'n_state': 2821, 'same_sign': True}, '2': {'effect': 0.06695776694152789, 'n_state': 3258, 'same_sign': True}, '3': {'effect': 0.06382481627798309, 'n_state': 3304, 'same_sign': True}, '4': {'effect': 0.05331911804190137, 'n_state': 3226, 'same_sign': True}}"
1344,67388,0.07636515756655837,0.6547619047619048,0.5783967471953464,1.95059717687187e-08,ret12_atr:Q2:H0,feature_quintile_x_server_4h_block,ret12_atr,2,0.0,3,move_ge_1atr,2.1513939450792685e-08,1238,67274,0.07358905444102137,2.2459502369974846e-07,2.6156252760063877e-07,4,"{'1': {'effect': 0.1201476577125643, 'n_state': 271, 'same_sign': True}, '2': {'effect': 0.11234752536352621, 'n_state': 339, 'same_sign': True}, '3': {'effect': 0.03529401638507723, 'n_state': 334, 'same_sign': True}, '4': {'effect': 0.025270725722638332, 'n_state': 294, 'same_sign': True}}"
2209,66523,0.14407032896044902,0.7193300135808058,0.5752596846203568,1.637517557160236e-41,ret12_atr:Q2:H2,feature_quintile_x_server_4h_block,ret12_atr,2,2.0,3,move_ge_1atr,3.249042772143326e-41,2375,66137,0.17278904475001244,1.4010304914129637e-62,5.201845883959023e-62,4,"{'1': {'effect': 0.22049836729029904, 'n_state': 536, 'same_sign': True}, '2': {'effect': 0.1105324225090879, 'n_state': 630, 'same_sign': True}, '3': {'effect': 0.20664381473210136, 'n_state': 669, 'same_sign': True}, '4': {'effect': 0.1362513104524521, 'n_state': 540, 'same_sign': True}}"
2190,66542,0.1533052424472119,0.728310502283105,0.5750052598358931,2.129723135043964e-46,ret12_atr:Q2:H3,feature_quintile_x_server_4h_block,ret12_atr,2,3.0,3,move_ge_1atr,4.616451882320732e-46,2409,66103,0.1531136041658122,3.4708153086513276e-50,1.0168404224564436e-49,4,"{'1': {'effect': 0.1880930593714234, 'n_state': 527, 'same_sign': True}, '2': {'effect': 0.13364587497616653, 'n_state': 595, 'same_sign': True}, '3': {'effect': 0.16324621787832383, 'n_state': 615, 'same_sign': True}, '4': {'effect': 0.11901673405211144, 'n_state': 672, 'same_sign': True}}"
2347,66385,-0.11866733668967411,0.46527481891776734,0.5839421556074414,2.4363003655425468e-30,ret12_atr:Q2:H5,feature_quintile_x_server_4h_block,ret12_atr,2,5.0,3,move_ge_1atr,3.759722786331091e-30,2376,66136,-0.06470983778350414,4.001696563352429e-10,5.069716929922841e-10,4,"{'1': {'effect': -0.04976907101520234, 'n_state': 549, 'same_sign': True}, '2': {'effect': -0.04167030172407005, 'n_state': 533, 'same_sign': True}, '3': {'effect': -0.09436153916151108, 'n_state': 634, 'same_sign': True}, '4': {'effect': -0.06120343921440419, 'n_state': 660, 'same_sign': True}}"
1362,67370,0.052576223921330434,0.631424375917768,0.5788481519964376,9.940442913099124e-05,ret12_atr:Q3:H0,feature_quintile_x_server_4h_block,ret12_atr,3,0.0,3,move_ge_1atr,0.00010020607775301535,1260,67252,0.04041808162429106,0.0041241088399630865,0.004319946410575859,3,"{'1': {'effect': 0.04585074303583703, 'n_state': 325, 'same_sign': True}, '2': {'effect': -0.028580994094522194, 'n_state': 340, 'same_sign': False}, '3': {'effect': 0.11019796365570944, 'n_state': 309, 'same_sign': True}, '4': {'effect': 0.038380872784179454, 'n_state': 286, 'same_sign': True}}"
2221,66511,0.14380228215593893,0.7190454750112562,0.5752431928553172,1.4255446086233383e-41,ret12_atr:Q3:H2,feature_quintile_x_server_4h_block,ret12_atr,3,2.0,3,move_ge_1atr,2.8435065331582544e-41,2173,66339,0.1447742437328433,5.93783816838442e-41,1.4746286842014287e-40,4,"{'1': {'effect': 0.17920088890092412, 'n_state': 505, 'same_sign': True}, '2': {'effect': 0.1087439772493185, 'n_state': 550, 'same_sign': True}, '3': {'effect': 0.19981415741113195, 'n_state': 536, 'same_sign': True}, '4': {'effect': 0.08525250624379355, 'n_state': 582, 'same_sign': True}}"
2278,66454,0.11396621684983699,0.6900790166812993,0.5761127998314624,2.3173192052279325e-27,ret12_atr:Q3:H3,feature_quintile_x_server_4h_block,ret12_atr,3,3.0,3,move_ge_1atr,3.3294816167068e-27,2372,66140,0.09382519883470641,1.298668660109302e-19,2.012399783227224e-19,4,"{'1': {'effect': 0.11513026822767725, 'n_state': 589, 'same_sign': True}, '2': {'effect': 0.09424095066761984, 'n_state': 562, 'same_sign': True}, '3': {'effect': 0.10082219736661369, 'n_state': 564, 'same_sign': True}, '4': {'effect': 0.05946658349172573, 'n_state': 657, 'same_sign': True}}"
1173,67559,0.08481406047572426,0.6632566069906224,0.5784425465148981,5.386083539584492e-09,ret12_atr:Q4:H0,feature_quintile_x_server_4h_block,ret12_atr,4,0.0,3,move_ge_1atr,6.029197992072193e-09,1177,67335,0.06658499182904631,4.874419943393715e-06,5.424057800512294e-06,4,"{'1': {'effect': 0.1530230226357283, 'n_state': 267, 'same_sign': True}, '2': {'effect': 0.018374938359552506, 'n_state': 306, 'same_sign': True}, '3': {'effect': 0.05990577017751764, 'n_state': 281, 'same_sign': True}, '4': {'effect': 0.04343745554776801, 'n_state': 323, 'same_sign': True}}"
2358,66374,0.1618807966463871,0.7362171331636981,0.574336336517311,3.288359934464826e-55,ret12_atr:Q4:H2,feature_quintile_x_server_4h_block,ret12_atr,4,2.0,3,move_ge_1atr,8.935760691480505e-55,2333,66179,0.11313166442617761,2.2768479110193862e-27,4.1649656908891206e-27,4,"{'1': {'effect': 0.16388056750635027, 'n_state': 565, 'same_sign': True}, '2': {'effect': 0.06697482592563697, 'n_state': 605, 'same_sign': True}, '3': {'effect': 0.1596303272898516, 'n_state': 560, 'same_sign': True}, '4': {'effect': 0.05737948943331572, 'n_state': 603, 'same_sign': True}}"
2400,66332,0.12877319142093313,0.7041666666666667,0.5753934752457336,3.674865778923531e-36,ret12_atr:Q4:H3,feature_quintile_x_server_4h_block,ret12_atr,4,3.0,3,move_ge_1atr,6.469834117823118e-36,2272,66240,0.1108574453970198,1.011559722652285e-25,1.789315547144372e-25,4,"{'1': {'effect': 0.13584961446650845, 'n_state': 596, 'same_sign': True}, '2': {'effect': 0.1121019214963026, 'n_state': 534, 'same_sign': True}, '3': {'effect': 0.10399600328123437, 'n_state': 518, 'same_sign': True}, '4': {'effect': 0.08150377393837216, 'n_state': 624, 'same_sign': True}}"
2259,66473,-0.1231129618793591,0.46082337317397076,0.5839363350533299,2.071423266280431e-31,ret12_atr:Q4:H5,feature_quintile_x_server_4h_block,ret12_atr,4,5.0,3,move_ge_1atr,3.2914564612506845e-31,2170,66342,-0.07551796604301664,2.8320498769410162e-12,3.739502478355215e-12,4,"{'1': {'effect': -0.08484227467255889, 'n_state': 543, 'same_sign': True}, '2': {'effect': -0.025514605091487508, 'n_state': 556, 'same_sign': True}, '3': {'effect': -0.1281093119725596, 'n_state': 521, 'same_sign': True}, '4': {'effect': -0.059882447677980455, 'n_state': 550, 'same_sign': True}}"
19128,49604,-0.1937843032585539,0.4400355499790882,0.6338198532376421,0.0,ret12_atr:Q5,feature_quintile,ret12_atr,5,,3,move_ge_1atr,0.0,19540,48972,-0.21656766078851397,0.0,0.0,4,"{'1': {'effect': -0.15817167875303684, 'n_state': 5018, 'same_sign': True}, '2': {'effect': -0.19021289866946922, 'n_state': 4738, 'same_sign': True}, '3': {'effect': -0.17207718592069338, 'n_state': 4991, 'same_sign': True}, '4': {'effect': -0.14672865046844474, 'n_state': 4793, 'same_sign': True}}"
4407,64325,-0.4271076391470271,0.180167914681189,0.6072755538282161,0.0,ret12_atr:Q5:H0,feature_quintile_x_server_4h_block,ret12_atr,5,0.0,3,move_ge_1atr,0.0,4544,63968,-0.4103519629533076,0.0,0.0,4,"{'1': {'effect': -0.3677051583897599, 'n_state': 1122, 'same_sign': True}, '2': {'effect': -0.40397205393785424, 'n_state': 1088, 'same_sign': True}, '3': {'effect': -0.3926134223720917, 'n_state': 1146, 'same_sign': True}, '4': {'effect': -0.39421726023829284, 'n_state': 1188, 'same_sign': True}}"
2808,65924,0.19257881085895168,0.7646011396011396,0.572022328742188,3.6547388001751446e-91,ret12_atr:Q5:H2,feature_quintile_x_server_4h_block,ret12_atr,5,2.0,3,move_ge_1atr,1.7570859616226656e-90,2925,65587,0.1287362476329803,5.291292484452392e-43,1.3875767004682846e-42,4,"{'1': {'effect': 0.12762593542947642, 'n_state': 817, 'same_sign': True}, '2': {'effect': 0.11065705848327356, 'n_state': 621, 'same_sign': True}, '3': {'effect': 0.14707628598911138, 'n_state': 740, 'same_sign': True}, '4': {'effect': 0.1105685833918324, 'n_state': 747, 'same_sign': True}}"
2729,66003,0.08298726130834722,0.659582264565775,0.5765950032574277,7.487536963591914e-18,ret12_atr:Q5:H3,feature_quintile_x_server_4h_block,ret12_atr,5,3.0,3,move_ge_1atr,9.453960812616053e-18,2584,65928,0.05417693680656599,4.9867977092788134e-08,5.899208646623202e-08,3,"{'1': {'effect': 0.09500227942906714, 'n_state': 675, 'same_sign': True}, '2': {'effect': -0.01642428152665454, 'n_state': 625, 'same_sign': False}, '3': {'effect': 0.0033297344027020115, 'n_state': 686, 'same_sign': True}, '4': {'effect': 0.13348733490703324, 'n_state': 598, 'same_sign': True}}"
4172,64560,-0.3494218998195321,0.2516778523489933,0.6010997521685254,0.0,ret12_atr:Q5:H4,feature_quintile_x_server_4h_block,ret12_atr,5,4.0,3,move_ge_1atr,0.0,4189,64323,-0.33812406840689246,0.0,0.0,4,"{'1': {'effect': -0.3614618711001952, 'n_state': 1081, 'same_sign': True}, '2': {'effect': -0.3596645184106667, 'n_state': 1008, 'same_sign': True}, '3': {'effect': -0.3058850616843977, 'n_state': 1099, 'same_sign': True}, '4': {'effect': -0.2607945001925242, 'n_state': 1001, 'same_sign': True}}"
2392,66340,-0.18975468928182881,0.3967391304347826,0.5864938197166114,3.434213844377445e-76,ret12_atr:Q5:H5,feature_quintile_x_server_4h_block,ret12_atr,5,5.0,3,move_ge_1atr,1.2382982611937903e-75,2632,65880,-0.19854188235771775,2.3611561811856483e-90,1.3622054891455663e-89,4,"{'1': {'effect': -0.252275608442695, 'n_state': 644, 'same_sign': True}, '2': {'effect': -0.1609823482553852, 'n_state': 751, 'same_sign': True}, '3': {'effect': -0.18404886792668712, 'n_state': 653, 'same_sign': True}, '4': {'effect': -0.17777888917032214, 'n_state': 584, 'same_sign': True}}"
12432,56300,-0.06433962889557909,0.5271879021879022,0.5915275310834813,1.6065608900370166e-39,bar_range_atr:Q1,feature_quintile,bar_range_atr,1,,3,move_ge_1atr,3.012301668819406e-39,12505,56007,-0.06224120596909166,5.957336002813889e-37,1.3621957323507368e-36,4,"{'1': {'effect': -0.05098927046307433, 'n_state': 2762, 'same_sign': True}, '2': {'effect': -0.06679298157107671, 'n_state': 3183, 'same_sign': True}, '3': {'effect': -0.05842832791579422, 'n_state': 3336, 'same_sign': True}, '4': {'effect': -0.036766890156931686, 'n_state': 3224, 'same_sign': True}}"
1394,67338,-0.08227606396698595,0.49928263988522237,0.5815587038522083,7.261162457804772e-10,bar_range_atr:Q1:H0,feature_quintile_x_server_4h_block,bar_range_atr,1,0.0,3,move_ge_1atr,8.301633907551187e-10,1489,67023,-0.09046734525652794,3.2200285793991003e-12,4.2220654450163024e-12,4,"{'1': {'effect': -0.08452338475066751, 'n_state': 315, 'same_sign': True}, '2': {'effect': -0.12458102902795376, 'n_state': 420, 'same_sign': True}, '3': {'effect': -0.054296344220830295, 'n_state': 394, 'same_sign': True}, '4': {'effect': -0.08936625321177499, 'n_state': 360, 'same_sign': True}}"
1212,67520,0.10765185819529821,0.6856435643564357,0.5779917061611375,5.238059689979544e-14,bar_range_atr:Q1:H2,feature_quintile_x_server_4h_block,bar_range_atr,1,2.0,3,move_ge_1atr,6.275630618985077e-14,1448,67064,0.06452350620138225,9.477661031368574e-07,1.0835740508424435e-06,4,"{'1': {'effect': 0.13077325787005, 'n_state': 343, 'same_sign': True}, '2': {'effect': 0.013452854507437051, 'n_state': 381, 'same_sign': True}, '3': {'effect': 0.10364334324625823, 'n_state': 315, 'same_sign': True}, '4': {'effect': 0.022703134799378244, 'n_state': 409, 'same_sign': True}}"
1418,67314,0.10852670638620854,0.6861777150916785,0.5776510087054699,2.5277745845562024e-16,bar_range_atr:Q1:H3,feature_quintile_x_server_4h_block,bar_range_atr,1,3.0,3,move_ge_1atr,3.159718230695253e-16,1590,66922,0.07468136659236635,2.8617658757510122e-09,3.5185646013332118e-09,4,"{'1': {'effect': 0.03234417818706692, 'n_state': 349, 'same_sign': True}, '2': {'effect': 0.1093924358019761, 'n_state': 379, 'same_sign': True}, '3': {'effect': 0.07299072881608382, 'n_state': 413, 'same_sign': True}, '4': {'effect': 0.07524405775377707, 'n_state': 449, 'same_sign': True}}"
1940,66792,-0.10767136134582456,0.47525773195876286,0.5829290933045874,2.752366827336737e-21,bar_range_atr:Q1:H4,feature_quintile_x_server_4h_block,bar_range_atr,1,4.0,3,move_ge_1atr,3.634287183983368e-21,1928,66584,-0.10222759208970988,4.261797738923104e-19,6.549894065967886e-19,4,"{'1': {'effect': -0.10126628714107916, 'n_state': 397, 'same_sign': True}, '2': {'effect': -0.096941109890056, 'n_state': 525, 'same_sign': True}, '3': {'effect': -0.14897006540008573, 'n_state': 580, 'same_sign': True}, '4': {'effect': -0.036384252503634196, 'n_state': 426, 'same_sign': True}}"
3799,64933,-0.14042893392122524,0.4472229534087918,0.587651887330017,3.824949671112916e-65,bar_range_atr:Q1:H5,feature_quintile_x_server_4h_block,bar_range_atr,1,5.0,3,move_ge_1atr,1.205341282913734e-64,3206,65306,-0.1095421813741228,2.4214477164965375e-34,5.130185840035037e-34,4,"{'1': {'effect': -0.12322525181692551, 'n_state': 724, 'same_sign': True}, '2': {'effect': -0.10529473979572451, 'n_state': 761, 'same_sign': True}, '3': {'effect': -0.10958097413268292, 'n_state': 892, 'same_sign': True}, '4': {'effect': -0.08641733254223316, 'n_state': 829, 'same_sign': True}}"
2094,66638,0.14614804423208572,0.721585482330468,0.5754374380983823,1.3255030645795135e-40,bar_range_atr:Q2:H2,feature_quintile_x_server_4h_block,bar_range_atr,2,2.0,3,move_ge_1atr,2.562183758852152e-40,2295,66217,0.12013859626974788,3.388051415575383e-30,6.686943583372466e-30,4,"{'1': {'effect': 0.1437922403767543, 'n_state': 523, 'same_sign': True}, '2': {'effect': 0.08609652054881733, 'n_state': 592, 'same_sign': True}, '3': {'effect': 0.14569499976785405, 'n_state': 554, 'same_sign': True}, '4': {'effect': 0.0987647116350574, 'n_state': 626, 'same_sign': True}}"
2180,66552,0.12404435629282362,0.7,0.5759556437071763,7.684919600809102e-31,bar_range_atr:Q2:H3,feature_quintile_x_server_4h_block,bar_range_atr,2,3.0,3,move_ge_1atr,1.215968291267263e-30,2240,66272,0.07829615610126228,1.9118084828534608e-13,2.6070115675274467e-13,4,"{'1': {'effect': 0.10386434724781302, 'n_state': 548, 'same_sign': True}, '2': {'effect': 0.06228109376083946, 'n_state': 584, 'same_sign': True}, '3': {'effect': 0.06762179233922427, 'n_state': 527, 'same_sign': True}, '4': {'effect': 0.07249453866458744, 'n_state': 581, 'same_sign': True}}"
2040,66692,-0.06162090758452965,0.5200980392156863,0.581718946800216,2.7838173365970233e-08,bar_range_atr:Q2:H4,feature_quintile_x_server_4h_block,bar_range_atr,2,4.0,3,move_ge_1atr,3.061382701536316e-08,1915,66597,-0.04576029993118258,6.770216670031415e-05,7.27458811249794e-05,4,"{'1': {'effect': -0.030392395887959944, 'n_state': 425, 'same_sign': True}, '2': {'effect': -0.01835074884608423, 'n_state': 485, 'same_sign': True}, '3': {'effect': -0.1143732596620351, 'n_state': 545, 'same_sign': True}, '4': {'effect': -0.003655516625393873, 'n_state': 460, 'same_sign': True}}"
2613,66119,-0.13337223731530873,0.45158821278224265,0.5849604500975514,8.178997550579942e-42,bar_range_atr:Q2:H5,feature_quintile_x_server_4h_block,bar_range_atr,2,5.0,3,move_ge_1atr,1.640173305597582e-41,2616,65896,-0.07766756178487533,3.7817148674780176e-15,5.331364944752845e-15,4,"{'1': {'effect': -0.09014127581134229, 'n_state': 618, 'same_sign': True}, '2': {'effect': -0.030493148036509266, 'n_state': 658, 'same_sign': True}, '3': {'effect': -0.11132275405643582, 'n_state': 701, 'same_sign': True}, '4': {'effect': -0.06809200659604364, 'n_state': 639, 'same_sign': True}}"
12442,56290,0.07821688263316173,0.6439479183411028,0.565731035707941,1.3496770670248022e-57,bar_range_atr:Q3,feature_quintile,bar_range_atr,3,,3,move_ge_1atr,3.893299231802314e-57,12606,55906,0.07888972581801212,1.2000085556177768e-58,4.205637461277255e-58,4,"{'1': {'effect': 0.09031079357750382, 'n_state': 3043, 'same_sign': True}, '2': {'effect': 0.05805351155428451, 'n_state': 3125, 'same_sign': True}, '3': {'effect': 0.06549898839077939, 'n_state': 3163, 'same_sign': True}, '4': {'effect': 0.0571249280515308, 'n_state': 3275, 'same_sign': True}}"
1060,67672,0.14115483787503313,0.7188679245283018,0.5777130866532687,2.4908729370187193e-20,bar_range_atr:Q3:H0,feature_quintile_x_server_4h_block,bar_range_atr,3,0.0,3,move_ge_1atr,3.22095638407593e-20,1065,67447,0.1406766474472636,3.847830906374038e-20,6.088340041731073e-20,4,"{'1': {'effect': 0.1651607481779901, 'n_state': 253, 'same_sign': True}, '2': {'effect': 0.17303688157678576, 'n_state': 230, 'same_sign': True}, '3': {'effect': 0.12386794112472876, 'n_state': 300, 'same_sign': True}, '4': {'effect': 0.1039662468309629, 'n_state': 282, 'same_sign': True}}"
2676,66056,0.15639330256177975,0.7301943198804185,0.5738010173186388,4.221582301249778e-58,bar_range_atr:Q3:H2,feature_quintile_x_server_4h_block,bar_range_atr,3,2.0,3,move_ge_1atr,1.2272041573400518e-57,2661,65851,0.14078537261911328,8.187415745765475e-47,2.2248412352623574e-46,4,"{'1': {'effect': 0.1601489107481484, 'n_state': 648, 'same_sign': True}, '2': {'effect': 0.10553841200961578, 'n_state': 663, 'same_sign': True}, '3': {'effect': 0.17243635077793495, 'n_state': 640, 'same_sign': True}, '4': {'effect': 0.11195049711857763, 'n_state': 710, 'same_sign': True}}"
2478,66254,0.13858502045336174,0.7134786117836965,0.5748935913303348,7.426055966603816e-43,bar_range_atr:Q3:H3,feature_quintile_x_server_4h_block,bar_range_atr,3,3.0,3,move_ge_1atr,1.5470949930424618e-42,2507,66005,0.13594671832738492,1.97723199979761e-41,4.943079999494025e-41,4,"{'1': {'effect': 0.14020456346575927, 'n_state': 625, 'same_sign': True}, '2': {'effect': 0.12535163814308892, 'n_state': 576, 'same_sign': True}, '3': {'effect': 0.13773721122112215, 'n_state': 640, 'same_sign': True}, '4': {'effect': 0.12523362616219968, 'n_state': 666, 'same_sign': True}}"
12425,56307,0.12917602226569136,0.6857142857142857,0.5565382634485944,1.2173646302575096e-153,bar_range_atr:Q4,feature_quintile,bar_range_atr,4,,3,move_ge_1atr,8.779071852818578e-153,12346,56166,0.1296124822280098,1.320784167049618e-152,9.905881252872135e-152,4,"{'1': {'effect': 0.13261038023848837, 'n_state': 3027, 'same_sign': True}, '2': {'effect': 0.10614708759663327, 'n_state': 3058, 'same_sign': True}, '3': {'effect': 0.11079902120864282, 'n_state': 3159, 'same_sign': True}, '4': {'effect': 0.09595505846127939, 'n_state': 3102, 'same_sign': True}}"
1130,67602,0.1824008191620241,0.7592920353982301,0.576891216236206,7.066292319420711e-35,bar_range_atr:Q4:H0,feature_quintile_x_server_4h_block,bar_range_atr,4,0.0,3,move_ge_1atr,1.2155319356801683e-34,1064,67448,0.18430817882091066,2.2520929808442817e-33,4.69186037675892e-33,4,"{'1': {'effect': 0.2296263456713309, 'n_state': 298, 'same_sign': True}, '2': {'effect': 0.18499224839787398, 'n_state': 257, 'same_sign': True}, '3': {'effect': 0.17309518668345691, 'n_state': 253, 'same_sign': True}, '4': {'effect': 0.1330414176043132, 'n_state': 256, 'same_sign': True}}"
2283,66449,0.0893049907817619,0.6662286465177398,0.5769236557359779,1.8894682778206905e-17,bar_range_atr:Q4:H1,feature_quintile_x_server_4h_block,bar_range_atr,4,1.0,3,move_ge_1atr,2.377686591217312e-17,2379,66133,0.06831650794623567,3.93380306132859e-11,5.0693338419182864e-11,4,"{'1': {'effect': 0.0680419521672917, 'n_state': 574, 'same_sign': True}, '2': {'effect': 0.05107810797978196, 'n_state': 601, 'same_sign': True}, '3': {'effect': 0.07062265940885082, 'n_state': 622, 'same_sign': True}, '4': {'effect': 0.07658783576989259, 'n_state': 582, 'same_sign': True}}"
3090,65642,0.1650716069088689,0.7375404530744336,0.5724688461655647,9.23972391514194e-74,bar_range_atr:Q4:H2,feature_quintile_x_server_4h_block,bar_range_atr,4,2.0,3,move_ge_1atr,3.238220998297409e-73,2956,65556,0.17391446505548336,9.469761747507063e-78,4.7348808737535314e-77,4,"{'1': {'effect': 0.18306454560694352, 'n_state': 702, 'same_sign': True}, '2': {'effect': 0.1675119682697781, 'n_state': 725, 'same_sign': True}, '3': {'effect': 0.18486614655209566, 'n_state': 802, 'same_sign': True}, '4': {'effect': 0.13628477205469713, 'n_state': 727, 'same_sign': True}}"
2818,65914,0.16683671281845136,0.7398864442867282,0.5730497314682769,4.048546912248131e-69,bar_range_atr:Q4:H3,feature_quintile_x_server_4h_block,bar_range_atr,4,3.0,3,move_ge_1atr,1.3317588527132012e-68,2642,65870,0.14127144892441212,8.173823059924802e-47,2.2248412352623574e-46,4,"{'1': {'effect': 0.1595702988940787, 'n_state': 690, 'same_sign': True}, '2': {'effect': 0.13059899106524198, 'n_state': 635, 'same_sign': True}, '3': {'effect': 0.16625564039469176, 'n_state': 681, 'same_sign': True}, '4': {'effect': 0.08823266696836363, 'n_state': 636, 'same_sign': True}}"
1613,67119,0.050558747490958234,0.629262244265344,0.5787034967743858,4.7951812242032905e-05,bar_range_atr:Q4:H4,feature_quintile_x_server_4h_block,bar_range_atr,4,4.0,3,move_ge_1atr,4.899708335357586e-05,1657,66855,0.0804121838004378,6.791805180234121e-11,8.69258342180135e-11,4,"{'1': {'effect': 0.07658960749293564, 'n_state': 364, 'same_sign': True}, '2': {'effect': 0.058984611352289607, 'n_state': 419, 'same_sign': True}, '3': {'effect': 0.04746683630599502, 'n_state': 404, 'same_sign': True}, '4': {'effect': 0.12567706929449718, 'n_state': 470, 'same_sign': True}}"
18996,49736,-0.1138948709197195,0.4974731522425774,0.6113680231622969,3.396261768755754e-161,bar_range_atr:Q5,feature_quintile,bar_range_atr,5,,3,move_ge_1atr,2.5471963265668156e-160,18392,50120,-0.12124231118911827,3.540329848024333e-177,2.8861384630633148e-176,4,"{'1': {'effect': -0.08439676157289999, 'n_state': 4854, 'same_sign': True}, '2': {'effect': -0.11092096221822839, 'n_state': 4422, 'same_sign': True}, '3': {'effect': -0.09771100667529325, 'n_state': 4651, 'same_sign': True}, '4': {'effect': -0.08821285026703246, 'n_state': 4465, 'same_sign': True}}"
4736,63996,-0.3615601819708327,0.24324324324324326,0.6048034252140759,0.0,bar_range_atr:Q5:H0,feature_quintile_x_server_4h_block,bar_range_atr,5,0.0,3,move_ge_1atr,0.0,4610,63902,-0.376149460423095,0.0,0.0,4,"{'1': {'effect': -0.3103287115130779, 'n_state': 1192, 'same_sign': True}, '2': {'effect': -0.3747313441452304, 'n_state': 1111, 'same_sign': True}, '3': {'effect': -0.3618158648828582, 'n_state': 1175, 'same_sign': True}, '4': {'effect': -0.3830745300898758, 'n_state': 1132, 'same_sign': True}}"
2548,66184,0.1660620854167849,0.7397959183673469,0.573733832950562,2.3434612031666585e-62,bar_range_atr:Q5:H1,feature_quintile_x_server_4h_block,bar_range_atr,5,1.0,3,move_ge_1atr,7.2627929850206364e-62,2141,66371,0.1474137801148092,8.131042179870347e-42,2.0742454540485578e-41,4,"{'1': {'effect': 0.1585401454749198, 'n_state': 547, 'same_sign': True}, '2': {'effect': 0.16502757352941178, 'n_state': 512, 'same_sign': True}, '3': {'effect': 0.13895570158501136, 'n_state': 555, 'same_sign': True}, '4': {'effect': 0.11351560835149066, 'n_state': 527, 'same_sign': True}}"
3360,65372,0.23048449095724688,0.7991071428571429,0.568622651899896,1.4390071604708174e-153,bar_range_atr:Q5:H2,feature_quintile_x_server_4h_block,bar_range_atr,5,2.0,3,move_ge_1atr,1.018165443729352e-152,3024,65488,0.22638664282934984,3.2126843023906076e-133,2.3168396411470728e-132,4,"{'1': {'effect': 0.22684241128827531, 'n_state': 808, 'same_sign': True}, '2': {'effect': 0.22326560824947483, 'n_state': 711, 'same_sign': True}, '3': {'effect': 0.23675378902174338, 'n_state': 857, 'same_sign': True}, '4': {'effect': 0.18040219873297791, 'n_state': 648, 'same_sign': True}}"
3075,65657,0.13237372197046215,0.7063414634146341,0.573967741444172,7.214668126988821e-48,bar_range_atr:Q5:H3,feature_quintile_x_server_4h_block,bar_range_atr,5,3.0,3,move_ge_1atr,1.6200602081561723e-47,2969,65543,0.1396114466558498,5.835885174459164e-51,1.736870587636656e-50,4,"{'1': {'effect': 0.21144234510059245, 'n_state': 767, 'same_sign': True}, '2': {'effect': 0.08526228454952445, 'n_state': 725, 'same_sign': True}, '3': {'effect': 0.08360612323894245, 'n_state': 733, 'same_sign': True}, '4': {'effect': 0.15544368325583935, 'n_state': 744, 'same_sign': True}}"
3955,64777,-0.3268923177400197,0.2718078381795196,0.5987001559195393,0.0,bar_range_atr:Q5:H4,feature_quintile_x_server_4h_block,bar_range_atr,5,4.0,3,move_ge_1atr,0.0,3968,64544,-0.2882585972859724,4.650877600884186e-277,5.12964441273991e-276,4,"{'1': {'effect': -0.3123753089802176, 'n_state': 1065, 'same_sign': True}, '2': {'effect': -0.3080626409618951, 'n_state': 936, 'same_sign': True}, '3': {'effect': -0.3052433672879106, 'n_state': 956, 'same_sign': True}, '4': {'effect': -0.1786078093197755, 'n_state': 1011, 'same_sign': True}}"
1322,67410,-0.22028432149460897,0.3638426626323752,0.5841269841269842,4.111815539471827e-58,bar_range_atr:Q5:H5,feature_quintile_x_server_4h_block,bar_range_atr,5,5.0,3,move_ge_1atr,1.2046334588296368e-57,1680,66832,-0.1787968694779803,2.5488142776045445e-48,7.13287577687839e-48,4,"{'1': {'effect': -0.24839660772814792, 'n_state': 475, 'same_sign': True}, '2': {'effect': -0.15782200889197084, 'n_state': 427, 'same_sign': True}, '3': {'effect': -0.14882236278869526, 'n_state': 375, 'same_sign': True}, '4': {'effect': -0.13321486901360535, 'n_state': 403, 'same_sign': True}}"
12375,56357,0.1396346501729685,0.6943838383838384,0.5547491882108699,1.2600073777391059e-178,body_atr:Q1,feature_quintile,body_atr,1,,3,move_ge_1atr,1.0500061481159215e-177,11736,56776,0.1568542983925445,6.40069381838946e-214,6.000650454740119e-213,4,"{'1': {'effect': 0.1454834931673633, 'n_state': 2828, 'same_sign': True}, '2': {'effect': 0.13400636942246302, 'n_state': 2921, 'same_sign': True}, '3': {'effect': 0.12444124231692921, 'n_state': 3000, 'same_sign': True}, '4': {'effect': 0.13978833114678424, 'n_state': 2987, 'same_sign': True}}"
1182,67550,0.18987273950110273,0.766497461928934,0.5766247224278312,2.8318931817802796e-39,body_atr:Q1:H0,feature_quintile_x_server_4h_block,body_atr,1,0.0,3,move_ge_1atr,5.257227441423787e-39,1084,67428,0.17408734685318017,1.7660842441132312e-30,3.522774423098201e-30,4,"{'1': {'effect': 0.1883974653603805, 'n_state': 293, 'same_sign': True}, '2': {'effect': 0.17589774802191116, 'n_state': 248, 'same_sign': True}, '3': {'effect': 0.14926305119553007, 'n_state': 267, 'same_sign': True}, '4': {'effect': 0.17315353109540543, 'n_state': 276, 'same_sign': True}}"
2392,66340,0.10737527765650345,0.6835284280936454,0.576153150437142,1.4203932259891336e-25,body_atr:Q1:H1,feature_quintile_x_server_4h_block,body_atr,1,1.0,3,move_ge_1atr,1.9654887813502772e-25,2236,66276,0.09704740980715865,8.362825284101319e-20,1.306691450640831e-19,4,"{'1': {'effect': 0.09145377944295152, 'n_state': 540, 'same_sign': True}, '2': {'effect': 0.10263070348286718, 'n_state': 552, 'same_sign': True}, '3': {'effect': 0.0827154057691557, 'n_state': 575, 'same_sign': True}, '4': {'effect': 0.10201107529217801, 'n_state': 569, 'same_sign': True}}"
2837,65895,0.18340828220241112,0.7557278815650335,0.5723195993626223,1.151114768721739e-83,body_atr:Q1:H2,feature_quintile_x_server_4h_block,body_atr,1,2.0,3,move_ge_1atr,4.6920438942462185e-83,2593,65919,0.19264119604254115,5.465356463638774e-84,2.9278695340922004e-83,4,"{'1': {'effect': 0.17231660623832468, 'n_state': 617, 'same_sign': True}, '2': {'effect': 0.18741128489264414, 'n_state': 650, 'same_sign': True}, '3': {'effect': 0.19359064282224558, 'n_state': 732, 'same_sign': True}, '4': {'effect': 0.19426912409626862, 'n_state': 594, 'same_sign': True}}"
2564,66168,0.18926071696476854,0.7620904836193447,0.5728297666545762,6.489752691237755e-81,body_atr:Q1:H3,feature_quintile_x_server_4h_block,body_atr,1,3.0,3,move_ge_1atr,2.535059645014748e-80,2405,66107,0.18493161106197553,2.91111492631147e-72,1.2843154086668249e-71,4,"{'1': {'effect': 0.21297782489966144, 'n_state': 603, 'same_sign': True}, '2': {'effect': 0.17610058749671553, 'n_state': 599, 'same_sign': True}, '3': {'effect': 0.19330273227788375, 'n_state': 567, 'same_sign': True}, '4': {'effect': 0.14060564010361476, 'n_state': 636, 'same_sign': True}}"
12444,56288,0.05807562507663666,0.6274509803921569,0.5693753553155202,1.5377288259790772e-32,body_atr:Q2,feature_quintile,body_atr,2,,3,move_ge_1atr,2.5291592532550614e-32,12540,55972,0.05455496032363416,7.726429776216519e-29,1.4414980925777087e-28,4,"{'1': {'effect': 0.055808334437760676, 'n_state': 2948, 'same_sign': True}, '2': {'effect': 0.05402533413059496, 'n_state': 3164, 'same_sign': True}, '3': {'effect': 0.02643933346769356, 'n_state': 3244, 'same_sign': True}, '4': {'effect': 0.05161630464347211, 'n_state': 3184, 'same_sign': True}}"
1144,67588,0.06809656284415122,0.6468531468531469,0.5787565840089957,3.702439772367791e-06,body_atr:Q2:H0,feature_quintile_x_server_4h_block,body_atr,2,0.0,3,move_ge_1atr,3.88911740794936e-06,1230,67282,0.06539387792141937,4.5072907294957495e-06,5.030458403455078e-06,4,"{'1': {'effect': 0.10752700243128421, 'n_state': 282, 'same_sign': True}, '2': {'effect': 0.09298739171423487, 'n_state': 314, 'same_sign': True}, '3': {'effect': 0.04022544449309329, 'n_state': 328, 'same_sign': True}, '4': {'effect': 0.02165757368249477, 'n_state': 306, 'same_sign': True}}"
2376,66356,0.16094299942783885,0.7352693602693603,0.5743263608415214,5.564326807677147e-55,body_atr:Q2:H2,feature_quintile_x_server_4h_block,body_atr,2,2.0,3,move_ge_1atr,1.4798741509779645e-54,2389,66123,0.15362594642440108,4.0353813867753254e-50,1.173075984527711e-49,4,"{'1': {'effect': 0.18926664330041443, 'n_state': 574, 'same_sign': True}, '2': {'effect': 0.12597660506901642, 'n_state': 603, 'same_sign': True}, '3': {'effect': 0.17651210418790886, 'n_state': 573, 'same_sign': True}, '4': {'effect': 0.11199135677474781, 'n_state': 639, 'same_sign': True}}"
2163,66569,0.16644845864239655,0.7411003236245954,0.5746518649821989,9.5011227544428e-54,body_atr:Q2:H3,feature_quintile_x_server_4h_block,body_atr,2,3.0,3,move_ge_1atr,2.423755804704796e-53,2317,66195,0.12374258278702921,3.261502689509304e-32,6.68340715063382e-32,4,"{'1': {'effect': 0.1408179995689216, 'n_state': 589, 'same_sign': True}, '2': {'effect': 0.10382855799995427, 'n_state': 557, 'same_sign': True}, '3': {'effect': 0.11029115407510293, 'n_state': 608, 'same_sign': True}, '4': {'effect': 0.12708747943780951, 'n_state': 563, 'same_sign': True}}"
2428,66304,-0.12294822052724652,0.4612850082372323,0.5842332287644788,1.8158610734098396e-33,body_atr:Q2:H5,feature_quintile_x_server_4h_block,body_atr,2,5.0,3,move_ge_1atr,3.053578038245246e-33,2253,66259,-0.07834994881851653,1.5772275242352985e-13,2.1665213244990362e-13,4,"{'1': {'effect': -0.07818284604888126, 'n_state': 503, 'same_sign': True}, '2': {'effect': -0.047932863501990663, 'n_state': 549, 'same_sign': True}, '3': {'effect': -0.11638389766726004, 'n_state': 627, 'same_sign': True}, '4': {'effect': -0.05845337771074932, 'n_state': 574, 'same_sign': True}}"
2102,66630,0.15167534817793937,0.7269267364414843,0.5752513882635449,9.390594321781382e-44,body_atr:Q3:H2,feature_quintile_x_server_4h_block,body_atr,3,2.0,3,move_ge_1atr,1.9783555453191114e-43,2331,66181,0.14126349322251475,1.0794544365390348e-41,2.735104146636068e-41,4,"{'1': {'effect': 0.188368490194048, 'n_state': 580, 'same_sign': True}, '2': {'effect': 0.07632837441775275, 'n_state': 576, 'same_sign': True}, '3': {'effect': 0.1585266809333823, 'n_state': 565, 'same_sign': True}, '4': {'effect': 0.12790699807968187, 'n_state': 610, 'same_sign': True}}"
2168,66564,0.14612128138588043,0.7214022140221402,0.5752809326362598,6.432680410805128e-42,body_atr:Q3:H3,feature_quintile_x_server_4h_block,body_atr,3,3.0,3,move_ge_1atr,1.2969113731461953e-41,2277,66235,0.09888698625311665,7.762898764359331e-21,1.2656900159281519e-20,4,"{'1': {'effect': 0.09234837099418114, 'n_state': 556, 'same_sign': True}, '2': {'effect': 0.11895770061075106, 'n_state': 536, 'same_sign': True}, '3': {'effect': 0.09753389858592099, 'n_state': 603, 'same_sign': True}, '4': {'effect': 0.07832076986467273, 'n_state': 582, 'same_sign': True}}"
2585,66147,-0.11697812494818777,0.46731141199226306,0.5842895369404508,3.0384866992178275e-32,body_atr:Q3:H5,feature_quintile_x_server_4h_block,body_atr,3,5.0,3,move_ge_1atr,4.932608277951019e-32,2607,65905,-0.09343662739200426,3.637951148251655e-21,5.983472283308643e-21,4,"{'1': {'effect': -0.0959535585416143, 'n_state': 634, 'same_sign': True}, '2': {'effect': -0.07457570422231341, 'n_state': 623, 'same_sign': True}, '3': {'effect': -0.12428819571698635, 'n_state': 692, 'same_sign': True}, '4': {'effect': -0.06578651839910521, 'n_state': 658, 'same_sign': True}}"
1176,67556,0.05195125595978223,0.6309523809523809,0.5790011249925987,0.00034560623508916085,body_atr:Q4:H0,feature_quintile_x_server_4h_block,body_atr,4,0.0,3,move_ge_1atr,0.00034745935163119394,1193,67319,0.06650369553865143,4.329243842628513e-06,4.846168480554306e-06,4,"{'1': {'effect': 0.09206614478104025, 'n_state': 281, 'same_sign': True}, '2': {'effect': 0.05977383207721787, 'n_state': 321, 'same_sign': True}, '3': {'effect': 0.09580002001579024, 'n_state': 290, 'same_sign': True}, '4': {'effect': 0.01812277722764788, 'n_state': 301, 'same_sign': True}}"
2289,66443,0.1575545391222677,0.7321974661424203,0.5746429270201526,5.797588453528024e-51,body_atr:Q4:H2,feature_quintile_x_server_4h_block,body_atr,4,2.0,3,move_ge_1atr,1.4117504351123434e-50,2389,66123,0.13584389739767744,1.4257547758790052e-39,3.4718054607443303e-39,4,"{'1': {'effect': 0.15377215756605456, 'n_state': 591, 'same_sign': True}, '2': {'effect': 0.12346096154093222, 'n_state': 611, 'same_sign': True}, '3': {'effect': 0.17374048389330354, 'n_state': 567, 'same_sign': True}, '4': {'effect': 0.08245885780642126, 'n_state': 620, 'same_sign': True}}"
2213,66519,0.12079084363007309,0.6967916854948034,0.5760008418647303,9.793116298368903e-30,body_atr:Q4:H3,feature_quintile_x_server_4h_block,body_atr,4,3.0,3,move_ge_1atr,1.474866912404955e-29,2211,66301,0.12061931744465071,2.0824823673163835e-29,3.9843412639981824e-29,4,"{'1': {'effect': 0.14754618583155932, 'n_state': 561, 'same_sign': True}, '2': {'effect': 0.11708332460682358, 'n_state': 514, 'same_sign': True}, '3': {'effect': 0.12599483563521086, 'n_state': 519, 'same_sign': True}, '4': {'effect': 0.084001001164564, 'n_state': 617, 'same_sign': True}}"
19076,49656,-0.1994673405451397,0.4357831830572447,0.6352505236023844,0.0,body_atr:Q5,feature_quintile,body_atr,5,,3,move_ge_1atr,0.0,18582,49930,-0.20469026026168635,0.0,0.0,4,"{'1': {'effect': -0.15351603897807725, 'n_state': 4690, 'same_sign': True}, '2': {'effect': -0.17604648265238937, 'n_state': 4539, 'same_sign': True}, '3': {'effect': -0.14856440737343407, 'n_state': 4741, 'same_sign': True}, '4': {'effect': -0.1626169467416429, 'n_state': 4612, 'same_sign': True}}"
4547,64185,-0.40948697151623115,0.19749285243017375,0.6069798239464049,0.0,body_atr:Q5:H0,feature_quintile_x_server_4h_block,body_atr,5,0.0,3,move_ge_1atr,0.0,4456,64056,-0.4138323536026265,0.0,0.0,4,"{'1': {'effect': -0.37615437818346653, 'n_state': 1094, 'same_sign': True}, '2': {'effect': -0.4118951471895205, 'n_state': 1073, 'same_sign': True}, '3': {'effect': -0.3780627275005518, 'n_state': 1149, 'same_sign': True}, '4': {'effect': -0.4076683426192984, 'n_state': 1140, 'same_sign': True}}"
2828,65904,0.1936359019316769,0.7655586987270155,0.5719227967953386,9.23249827404297e-93,body_atr:Q5:H2,feature_quintile_x_server_4h_block,body_atr,5,2.0,3,move_ge_1atr,4.6786308821163705e-92,2682,65830,0.15451210227505074,1.9710832078392551e-56,6.599608954818934e-56,4,"{'1': {'effect': 0.18130094152063714, 'n_state': 662, 'same_sign': True}, '2': {'effect': 0.14031612003311877, 'n_state': 632, 'same_sign': True}, '3': {'effect': 0.19601891995002574, 'n_state': 731, 'same_sign': True}, '4': {'effect': 0.07637146404158657, 'n_state': 657, 'same_sign': True}}"
2861,65871,0.0736474637804645,0.6504718629849703,0.5768243992045058,5.574524497094126e-15,body_atr:Q5:H3,feature_quintile_x_server_4h_block,body_atr,5,3.0,3,move_ge_1atr,6.765199632395783e-15,2738,65774,0.07131052358649881,1.6065348315936552e-13,2.1987246782759881e-13,4,"{'1': {'effect': 0.1225840374496141, 'n_state': 670, 'same_sign': True}, '2': {'effect': 0.010633685916423774, 'n_state': 693, 'same_sign': True}, '3': {'effect': 0.03917603920955093, 'n_state': 697, 'same_sign': True}, '4': {'effect': 0.10695030894001789, 'n_state': 678, 'same_sign': True}}"
4177,64555,-0.357926425340224,0.24371558534833612,0.6016420106885602,0.0,body_atr:Q5:H4,feature_quintile_x_server_4h_block,body_atr,5,4.0,3,move_ge_1atr,0.0,4103,64409,-0.35389301493013625,0.0,0.0,4,"{'1': {'effect': -0.36313960181560134, 'n_state': 1080, 'same_sign': True}, '2': {'effect': -0.3496873441235354, 'n_state': 1004, 'same_sign': True}, '3': {'effect': -0.3464904743441319, 'n_state': 1038, 'same_sign': True}, '4': {'effect': -0.288439585664822, 'n_state': 981, 'same_sign': True}}"
2165,66567,-0.21101724213958534,0.37551963048498843,0.5865368726245738,2.436793033596729e-85,body_atr:Q5:H5,feature_quintile_x_server_4h_block,body_atr,5,5.0,3,move_ge_1atr,1.062555101859039e-84,2303,66209,-0.17750440359695452,4.587132300145122e-64,1.7918485547441882e-63,4,"{'1': {'effect': -0.20532235410022487, 'n_state': 614, 'same_sign': True}, '2': {'effect': -0.1560858102696993, 'n_state': 602, 'same_sign': True}, '3': {'effect': -0.14805664510213434, 'n_state': 536, 'same_sign': True}, '4': {'effect': -0.17973519615752725, 'n_state': 551, 'same_sign': True}}"
1236,67496,0.06694492359705462,0.6456310679611651,0.5786861443641105,2.2974256309639826e-06,upper_wick_atr:Q1:H0,feature_quintile_x_server_4h_block,upper_wick_atr,1,0.0,3,move_ge_1atr,2.433713592122863e-06,1169,67343,0.03790733767265564,0.009511475157653992,0.009907786622556243,4,"{'1': {'effect': 0.06348216112881577, 'n_state': 254, 'same_sign': True}, '2': {'effect': 0.025079263766912496, 'n_state': 311, 'same_sign': True}, '3': {'effect': 0.05528136844574494, 'n_state': 304, 'same_sign': True}, '4': {'effect': 0.010036161770167529, 'n_state': 300, 'same_sign': True}}"
2369,66363,0.18241243571093602,0.7560151962853525,0.5736027605744165,6.5023078427524e-70,upper_wick_atr:Q1:H2,feature_quintile_x_server_4h_block,upper_wick_atr,1,2.0,3,move_ge_1atr,2.1771120009215624e-69,2162,66350,0.16326962879412643,2.317040954484836e-51,6.951122863454507e-51,4,"{'1': {'effect': 0.1785699380032022, 'n_state': 496, 'same_sign': True}, '2': {'effect': 0.1463240352052505, 'n_state': 531, 'same_sign': True}, '3': {'effect': 0.18705249212265962, 'n_state': 593, 'same_sign': True}, '4': {'effect': 0.12434615445168717, 'n_state': 542, 'same_sign': True}}"
2203,66529,0.14420551702997964,0.7194734453018611,0.5752679282718814,1.7545080892186688e-41,upper_wick_atr:Q1:H3,feature_quintile_x_server_4h_block,upper_wick_atr,1,3.0,3,move_ge_1atr,3.462844912931583e-41,1970,66542,0.11479908037166564,3.9209714628128594e-24,6.713992230843938e-24,4,"{'1': {'effect': 0.10902573745445998, 'n_state': 440, 'same_sign': True}, '2': {'effect': 0.12719104659640657, 'n_state': 521, 'same_sign': True}, '3': {'effect': 0.11569968503311934, 'n_state': 493, 'same_sign': True}, '4': {'effect': 0.09684564208291313, 'n_state': 516, 'same_sign': True}}"
1194,67538,0.06615026527903423,0.644891122278057,0.5787408569990228,4.418709042919245e-06,upper_wick_atr:Q2:H0,feature_quintile_x_server_4h_block,upper_wick_atr,2,0.0,3,move_ge_1atr,4.628536008644461e-06,1270,67242,0.0427799741771816,0.0023042136758860523,0.002427191372070982,3,"{'1': {'effect': 0.07548020202839167, 'n_state': 282, 'same_sign': True}, '2': {'effect': 0.021180265098269202, 'n_state': 359, 'same_sign': True}, '3': {'effect': 0.0837165649929611, 'n_state': 320, 'same_sign': True}, '4': {'effect': -0.006834726732166008, 'n_state': 309, 'same_sign': False}}"
2202,66530,0.15580082220322777,0.7306993642143506,0.5748985420111228,4.162628222817347e-48,upper_wick_atr:Q2:H2,feature_quintile_x_server_4h_block,upper_wick_atr,2,2.0,3,move_ge_1atr,9.518204777783568e-48,2310,66202,0.13528967030069716,4.572332950166084e-38,1.0649843828026594e-37,4,"{'1': {'effect': 0.15491694837307735, 'n_state': 540, 'same_sign': True}, '2': {'effect': 0.12547443044264606, 'n_state': 573, 'same_sign': True}, '3': {'effect': 0.15083129377350302, 'n_state': 606, 'same_sign': True}, '4': {'effect': 0.09744873554329103, 'n_state': 591, 'same_sign': True}}"
2204,66528,0.14715169258045846,0.7223230490018149,0.5751713564213564,3.852749967645768e-43,upper_wick_atr:Q2:H3,feature_quintile_x_server_4h_block,upper_wick_atr,2,3.0,3,move_ge_1atr,8.071403563503704e-43,2170,66342,0.1329275044119238,9.457796058210175e-35,2.0501003016351532e-34,4,"{'1': {'effect': 0.1315744485294118, 'n_state': 512, 'same_sign': True}, '2': {'effect': 0.11579741977107094, 'n_state': 537, 'same_sign': True}, '3': {'effect': 0.162004731855811, 'n_state': 521, 'same_sign': True}, '4': {'effect': 0.11264538422271964, 'n_state': 600, 'same_sign': True}}"
2491,66241,-0.11892512778797559,0.46527498996386996,0.5842001177518455,3.6493402778019426e-32,upper_wick_atr:Q2:H5,feature_quintile_x_server_4h_block,upper_wick_atr,2,5.0,3,move_ge_1atr,5.873401734659779e-32,2525,65987,-0.05997388924641167,2.394524811784951e-09,2.9635208066645433e-09,4,"{'1': {'effect': -0.0909957030286408, 'n_state': 573, 'same_sign': True}, '2': {'effect': -0.03761738096352496, 'n_state': 646, 'same_sign': True}, '3': {'effect': -0.05889496858635779, 'n_state': 659, 'same_sign': True}, '4': {'effect': -0.049366303750365326, 'n_state': 647, 'same_sign': True}}"
12423,56309,0.057776540331575865,0.627223697979554,0.5694471576479782,3.4994275185348213e-32,upper_wick_atr:Q3,feature_quintile,upper_wick_atr,3,,3,move_ge_1atr,5.656402239011026e-32,12962,55550,0.05668734378452511,9.209827095810864e-32,1.8668568437454455e-31,4,"{'1': {'effect': 0.06113970557048898, 'n_state': 3062, 'same_sign': True}, '2': {'effect': 0.039205434696992336, 'n_state': 3220, 'same_sign': True}, '3': {'effect': 0.037299828602800233, 'n_state': 3338, 'same_sign': True}, '4': {'effect': 0.05604756771568398, 'n_state': 3342, 'same_sign': True}}"
1137,67595,0.1114881475974756,0.6895338610378188,0.5780457134403432,4.2461124305299844e-14,upper_wick_atr:Q3:H0,feature_quintile_x_server_4h_block,upper_wick_atr,3,0.0,3,move_ge_1atr,5.103500517463924e-14,1228,67284,0.0689257863067474,1.3628620472097302e-06,1.5440279991046793e-06,4,"{'1': {'effect': 0.10504894720636027, 'n_state': 289, 'same_sign': True}, '2': {'effect': 0.05820051656469449, 'n_state': 317, 'same_sign': True}, '3': {'effect': 0.07243766782653605, 'n_state': 299, 'same_sign': True}, '4': {'effect': 0.04032681519362935, 'n_state': 323, 'same_sign': True}}"
2291,66441,0.16547733633127715,0.7398515931907464,0.5743742568594693,4.451758685537015e-56,upper_wick_atr:Q3:H2,feature_quintile_x_server_4h_block,upper_wick_atr,3,2.0,3,move_ge_1atr,1.2365996348713931e-55,2393,66119,0.13550955027856393,1.9024949779871378e-39,4.573305235546004e-39,4,"{'1': {'effect': 0.14528630442482338, 'n_state': 567, 'same_sign': True}, '2': {'effect': 0.12567199021904052, 'n_state': 625, 'same_sign': True}, '3': {'effect': 0.14070639727676004, 'n_state': 582, 'same_sign': True}, '4': {'effect': 0.11774966534221731, 'n_state': 619, 'same_sign': True}}"
2234,66498,0.15246022302136142,0.7273948075201433,0.5749345844987819,9.160538692036824e-47,upper_wick_atr:Q3:H3,feature_quintile_x_server_4h_block,upper_wick_atr,3,3.0,3,move_ge_1atr,1.9972104706475635e-46,2382,66130,0.14360813617632007,6.691880605696988e-44,1.7672219909411062e-43,4,"{'1': {'effect': 0.13954764989987034, 'n_state': 600, 'same_sign': True}, '2': {'effect': 0.11397578814231735, 'n_state': 562, 'same_sign': True}, '3': {'effect': 0.1712921401967339, 'n_state': 592, 'same_sign': True}, '4': {'effect': 0.1335947008891526, 'n_state': 628, 'same_sign': True}}"
2325,66407,-0.11184545093461618,0.4718279569892473,0.5836734079238635,6.606838791569081e-27,upper_wick_atr:Q3:H5,feature_quintile_x_server_4h_block,upper_wick_atr,3,5.0,3,move_ge_1atr,9.420397516495837e-27,2376,66136,-0.06165786733102574,2.5378595051895682e-09,3.1305832712042373e-09,4,"{'1': {'effect': -0.05604773540747032, 'n_state': 542, 'same_sign': True}, '2': {'effect': -0.05243711757345393, 'n_state': 579, 'same_sign': True}, '3': {'effect': -0.10404034449309463, 'n_state': 660, 'same_sign': True}, '4': {'effect': -0.022330568342006196, 'n_state': 595, 'same_sign': True}}"
12420,56312,0.07997164520926547,0.6454106280193237,0.5654389828100582,4.7845966987631784e-60,upper_wick_atr:Q4,feature_quintile,upper_wick_atr,4,,3,move_ge_1atr,1.4353790096289535e-59,12975,55537,0.08598781912233833,7.578148543971758e-71,3.2664433379188615e-70,4,"{'1': {'effect': 0.09214238352800008, 'n_state': 3267, 'same_sign': True}, '2': {'effect': 0.06033650746432817, 'n_state': 3106, 'same_sign': True}, '3': {'effect': 0.07078082962055332, 'n_state': 3282, 'same_sign': True}, '4': {'effect': 0.068892923516375, 'n_state': 3320, 'same_sign': True}}"
1104,67628,0.11765193732464807,0.6956521739130435,0.5780002365883954,3.959311225727505e-15,upper_wick_atr:Q4:H0,feature_quintile_x_server_4h_block,upper_wick_atr,4,0.0,3,move_ge_1atr,4.8520970903523335e-15,1140,67372,0.13022933156676053,1.3778295034530612e-18,2.091846412125093e-18,4,"{'1': {'effect': 0.16951568766879832, 'n_state': 276, 'same_sign': True}, '2': {'effect': 0.15483886794947188, 'n_state': 258, 'same_sign': True}, '3': {'effect': 0.10602908350182072, 'n_state': 299, 'same_sign': True}, '4': {'effect': 0.09171698560600139, 'n_state': 307, 'same_sign': True}}"
2489,66243,0.058633453281421,0.6364001607071113,0.5777667074256903,5.945867081874075e-09,upper_wick_atr:Q4:H1,feature_quintile_x_server_4h_block,upper_wick_atr,4,1.0,3,move_ge_1atr,6.636012368163031e-09,2556,65956,0.05144189169219937,2.6114610454938073e-07,3.022524358210425e-07,4,"{'1': {'effect': 0.062934862908269, 'n_state': 655, 'same_sign': True}, '2': {'effect': 0.01579384751640489, 'n_state': 656, 'same_sign': True}, '3': {'effect': 0.047022135392099096, 'n_state': 649, 'same_sign': True}, '4': {'effect': 0.0766094397698539, 'n_state': 596, 'same_sign': True}}"
2570,66162,0.15347513360967424,0.7276264591439688,0.5741513255342946,5.894731748326921e-54,upper_wick_atr:Q4:H2,feature_quintile_x_server_4h_block,upper_wick_atr,4,2.0,3,move_ge_1atr,1.5140578120702708e-53,2668,65844,0.16735390278252527,1.4508668037162763e-65,5.9138592542783e-65,4,"{'1': {'effect': 0.16745348657957326, 'n_state': 684, 'same_sign': True}, '2': {'effect': 0.13392807858991662, 'n_state': 632, 'same_sign': True}, '3': {'effect': 0.2246595153163059, 'n_state': 664, 'same_sign': True}, '4': {'effect': 0.12351942373420677, 'n_state': 688, 'same_sign': True}}"
2311,66421,0.1508416824088501,0.7256598874945911,0.574818205085741,2.7980542811627965e-47,upper_wick_atr:Q4:H3,feature_quintile_x_server_4h_block,upper_wick_atr,4,3.0,3,move_ge_1atr,6.172178561388522e-47,2557,65955,0.12147275608655439,4.943215709554678e-34,1.0355898832865945e-33,4,"{'1': {'effect': 0.1337970506427032, 'n_state': 688, 'same_sign': True}, '2': {'effect': 0.14562679042339388, 'n_state': 578, 'same_sign': True}, '3': {'effect': 0.10307752384388369, 'n_state': 619, 'same_sign': True}, '4': {'effect': 0.09196568957771789, 'n_state': 672, 'same_sign': True}}"
2153,66579,-0.08559012416701856,0.4969809568044589,0.5825710809714775,2.3907215097187976e-15,upper_wick_atr:Q4:H5,feature_quintile_x_server_4h_block,upper_wick_atr,4,5.0,3,move_ge_1atr,2.9588137496519772e-15,2161,66351,-0.0662179752455968,9.764316086333655e-10,1.224621582734154e-09,4,"{'1': {'effect': -0.031615679123624396, 'n_state': 510, 'same_sign': True}, '2': {'effect': -0.07198799210213158, 'n_state': 525, 'same_sign': True}, '3': {'effect': -0.08480657143534126, 'n_state': 574, 'same_sign': True}, '4': {'effect': -0.06721600941730432, 'n_state': 552, 'same_sign': True}}"
19021,49711,-0.17199031769486411,0.4554965564376216,0.6274868741324857,0.0,upper_wick_atr:Q5,feature_quintile,upper_wick_atr,5,,3,move_ge_1atr,0.0,18557,49955,-0.17964915311747376,0.0,0.0,4,"{'1': {'effect': -0.11985400191850182, 'n_state': 4884, 'same_sign': True}, '2': {'effect': -0.1596001913163464, 'n_state': 4514, 'same_sign': True}, '3': {'effect': -0.1526017186236026, 'n_state': 4713, 'same_sign': True}, '4': {'effect': -0.1309529552147773, 'n_state': 4446, 'same_sign': True}}"
4653,64079,-0.39724002233743366,0.20954223081882656,0.6067822531562602,0.0,upper_wick_atr:Q5:H0,feature_quintile_x_server_4h_block,upper_wick_atr,5,0.0,3,move_ge_1atr,0.0,4472,64040,-0.40314081427193865,0.0,0.0,4,"{'1': {'effect': -0.3263027996052759, 'n_state': 1167, 'same_sign': True}, '2': {'effect': -0.41588770772238515, 'n_state': 1056, 'same_sign': True}, '3': {'effect': -0.3904081057252582, 'n_state': 1154, 'same_sign': True}, '4': {'effect': -0.4041846009464843, 'n_state': 1095, 'same_sign': True}}"
2480,66252,0.08737559718221521,0.6641129032258064,0.5767373060435912,4.916546881396071e-18,upper_wick_atr:Q5:H1,feature_quintile_x_server_4h_block,upper_wick_atr,5,1.0,3,move_ge_1atr,6.22873338014705e-18,2362,66150,0.050213336251802465,1.3041331819977096e-06,1.4819695249973973e-06,4,"{'1': {'effect': 0.03928357964061946, 'n_state': 606, 'same_sign': True}, '2': {'effect': 0.04740554182160617, 'n_state': 585, 'same_sign': True}, '3': {'effect': 0.0697237841488979, 'n_state': 615, 'same_sign': True}, '4': {'effect': 0.037950074339257234, 'n_state': 556, 'same_sign': True}}"
3000,65732,0.19355838860828822,0.765,0.5714416113917118,5.876047509824732e-98,upper_wick_atr:Q5:H2,feature_quintile_x_server_4h_block,upper_wick_atr,5,2.0,3,move_ge_1atr,3.288832561469066e-97,2851,65661,0.1750907565137817,3.6253440938497306e-76,1.742953891273909e-75,4,"{'1': {'effect': 0.2254385695345411, 'n_state': 737, 'same_sign': True}, '2': {'effect': 0.13088638586600887, 'n_state': 711, 'same_sign': True}, '3': {'effect': 0.19471647103175704, 'n_state': 723, 'same_sign': True}, '4': {'effect': 0.1227794620619801, 'n_state': 680, 'same_sign': True}}"
3017,65715,0.10243190890364329,0.6778256546237985,0.5753937457201552,7.484786382126062e-29,upper_wick_atr:Q5:H3,feature_quintile_x_server_4h_block,upper_wick_atr,5,3.0,3,move_ge_1atr,1.1094050961649301e-28,2869,65643,0.08774952713662088,1.6284491382002086e-20,2.632191494935682e-20,4,"{'1': {'effect': 0.18498255549294773, 'n_state': 739, 'same_sign': True}, '2': {'effect': 0.025598883327455968, 'n_state': 701, 'same_sign': True}, '3': {'effect': 0.02791718344518901, 'n_state': 769, 'same_sign': True}, '4': {'effect': 0.10249473452916247, 'n_state': 660, 'same_sign': True}}"
4027,64705,-0.3458709617661344,0.25428358579587784,0.6001545475620123,0.0,upper_wick_atr:Q5:H4,feature_quintile_x_server_4h_block,upper_wick_atr,5,4.0,3,move_ge_1atr,0.0,3915,64597,-0.32875564426351717,0.0,0.0,4,"{'1': {'effect': -0.35625646886320506, 'n_state': 1056, 'same_sign': True}, '2': {'effect': -0.3254006789831043, 'n_state': 960, 'same_sign': True}, '3': {'effect': -0.34637169295162584, 'n_state': 955, 'same_sign': True}, '4': {'effect': -0.22442777044193013, 'n_state': 944, 'same_sign': True}}"
1844,66888,-0.21806138327909685,0.3676789587852495,0.5857403420643463,3.707060685677357e-78,upper_wick_atr:Q5:H5,feature_quintile_x_server_4h_block,upper_wick_atr,5,5.0,3,move_ge_1atr,1.376383917949514e-77,2088,66424,-0.1809042385547761,1.25595590863926e-60,4.485556816568786e-60,4,"{'1': {'effect': -0.21268603905092204, 'n_state': 579, 'same_sign': True}, '2': {'effect': -0.14055657487131273, 'n_state': 501, 'same_sign': True}, '3': {'effect': -0.21004929821522678, 'n_state': 497, 'same_sign': True}, '4': {'effect': -0.1391408109544608, 'n_state': 511, 'same_sign': True}}"
1409,67323,0.05719446836526054,0.6359119943222143,0.5787175259569538,1.6710324254107188e-05,lower_wick_atr:Q1:H0,feature_quintile_x_server_4h_block,lower_wick_atr,1,0.0,3,move_ge_1atr,1.735837007005594e-05,1191,67321,0.0675818229468198,3.077777282219588e-06,3.4659654079049415e-06,4,"{'1': {'effect': 0.10608116032063486, 'n_state': 296, 'same_sign': True}, '2': {'effect': 0.09435686133528243, 'n_state': 277, 'same_sign': True}, '3': {'effect': 0.03927362959621017, 'n_state': 312, 'same_sign': True}, '4': {'effect': 0.031505479651321555, 'n_state': 306, 'same_sign': True}}"
2106,66626,0.15907730781303664,0.7340930674264008,0.5750157596133642,4.889602881919648e-48,lower_wick_atr:Q1:H2,feature_quintile_x_server_4h_block,lower_wick_atr,1,2.0,3,move_ge_1atr,1.1112733822544655e-47,1996,66516,0.1341269344871715,9.860631091264417e-33,2.042948430510584e-32,4,"{'1': {'effect': 0.11009548544408998, 'n_state': 463, 'same_sign': True}, '2': {'effect': 0.1067297404787112, 'n_state': 504, 'same_sign': True}, '3': {'effect': 0.16845919630735873, 'n_state': 526, 'same_sign': True}, '4': {'effect': 0.13611413318088783, 'n_state': 503, 'same_sign': True}}"
2150,66582,0.14031306736299287,0.7158139534883721,0.5755008861253792,1.7262557975699617e-38,lower_wick_atr:Q1:H3,feature_quintile_x_server_4h_block,lower_wick_atr,1,3.0,3,move_ge_1atr,3.142455942178328e-38,1999,66513,0.119142998799326,3.25179956440294e-26,5.793109947891209e-26,4,"{'1': {'effect': 0.13773554489921724, 'n_state': 499, 'same_sign': True}, '2': {'effect': 0.10685714149114434, 'n_state': 492, 'same_sign': True}, '3': {'effect': 0.11512309300010315, 'n_state': 514, 'same_sign': True}, '4': {'effect': 0.10615575324607451, 'n_state': 494, 'same_sign': True}}"
2582,66150,-0.11077486851526908,0.47327652982184354,0.5840513983371126,4.6711363794649045e-29,lower_wick_atr:Q1:H5,feature_quintile_x_server_4h_block,lower_wick_atr,1,5.0,3,move_ge_1atr,6.951095802775155e-29,2208,66304,-0.0604711368977674,1.6901248347106872e-08,2.0249099457396412e-08,4,"{'1': {'effect': -0.03140372143162906, 'n_state': 465, 'same_sign': True}, '2': {'effect': -0.023132012496046017, 'n_state': 583, 'same_sign': True}, '3': {'effect': -0.07969815534460228, 'n_state': 609, 'same_sign': True}, '4': {'effect': -0.0974033602222647, 'n_state': 551, 'same_sign': True}}"
1181,67551,0.06388337868370819,0.642675698560542,0.5787923198768338,1.035825486276154e-05,lower_wick_atr:Q2:H0,feature_quintile_x_server_4h_block,lower_wick_atr,2,0.0,3,move_ge_1atr,1.0789848815376605e-05,1185,67327,0.045075652246774234,0.0019084573553959391,0.0020159760796435978,4,"{'1': {'effect': 0.05773775896345157, 'n_state': 298, 'same_sign': True}, '2': {'effect': 0.0008029844322356983, 'n_state': 289, 'same_sign': True}, '3': {'effect': 0.056587265035835, 'n_state': 313, 'same_sign': True}, '4': {'effect': 0.061652188424657695, 'n_state': 285, 'same_sign': True}}"
2234,66498,0.16541486038459752,0.7399283795881826,0.5745135192035851,9.849125191164804e-55,lower_wick_atr:Q2:H2,feature_quintile_x_server_4h_block,lower_wick_atr,2,2.0,3,move_ge_1atr,2.6010013709061983e-54,2286,66226,0.1292388356326657,1.4862126208127515e-34,3.166646209118079e-34,4,"{'1': {'effect': 0.1660585147705751, 'n_state': 551, 'same_sign': True}, '2': {'effect': 0.11593800278086519, 'n_state': 603, 'same_sign': True}, '3': {'effect': 0.15913198133604234, 'n_state': 559, 'same_sign': True}, '4': {'effect': 0.06563715777578627, 'n_state': 573, 'same_sign': True}}"
2169,66563,0.146256107361747,0.7215306592899954,0.5752745519282484,5.2031028209615666e-42,lower_wick_atr:Q2:H3,feature_quintile_x_server_4h_block,lower_wick_atr,2,3.0,3,move_ge_1atr,1.0546830042489662e-41,2207,66305,0.12189187511256272,6.021526445439446e-30,1.1822368675601006e-29,4,"{'1': {'effect': 0.13312578039647005, 'n_state': 551, 'same_sign': True}, '2': {'effect': 0.1158766611317189, 'n_state': 534, 'same_sign': True}, '3': {'effect': 0.12661828822702037, 'n_state': 533, 'same_sign': True}, '4': {'effect': 0.10143014484568025, 'n_state': 589, 'same_sign': True}}"
2543,66189,-0.11419776493305162,0.4699174203696422,0.5841151853026938,2.362639321982173e-30,lower_wick_atr:Q2:H5,feature_quintile_x_server_4h_block,lower_wick_atr,2,5.0,3,move_ge_1atr,3.66111465183188e-30,2433,66079,-0.06678555809783837,6.633402612754024e-11,8.518924588297121e-11,4,"{'1': {'effect': -0.06722392276901346, 'n_state': 560, 'same_sign': True}, '2': {'effect': -0.05263463983594441, 'n_state': 620, 'same_sign': True}, '3': {'effect': -0.10295349691087657, 'n_state': 637, 'same_sign': True}, '4': {'effect': -0.03615537284678316, 'n_state': 616, 'same_sign': True}}"
12431,56301,0.05326553960608871,0.6235218405598906,0.5702563009538019,1.2879160694911253e-27,lower_wick_atr:Q3,feature_quintile,lower_wick_atr,3,,3,move_ge_1atr,1.864743343857807e-27,12719,55793,0.05073176274401148,2.024139423082753e-25,3.563625744864002e-25,4,"{'1': {'effect': 0.0693710000764457, 'n_state': 3046, 'same_sign': True}, '2': {'effect': 0.03739074218834815, 'n_state': 3166, 'same_sign': True}, '3': {'effect': 0.030587801386177116, 'n_state': 3283, 'same_sign': True}, '4': {'effect': 0.03744493191153353, 'n_state': 3224, 'same_sign': True}}"
1135,67597,0.09211571897431259,0.6704845814977973,0.5783688625234847,4.507383933244361e-10,lower_wick_atr:Q3:H0,feature_quintile_x_server_4h_block,lower_wick_atr,3,0.0,3,move_ge_1atr,5.200827615281955e-10,1190,67322,0.08180526599992666,1.6503139166493213e-08,1.9835503805881264e-08,4,"{'1': {'effect': 0.17856523207845099, 'n_state': 274, 'same_sign': True}, '2': {'effect': 0.025079263766912496, 'n_state': 311, 'same_sign': True}, '3': {'effect': 0.10602908350182072, 'n_state': 299, 'same_sign': True}, '4': {'effect': 0.02494020900543703, 'n_state': 306, 'same_sign': True}}"
2386,66346,0.15516973187553507,0.7296730930427494,0.5745033611672143,1.958722676018299e-51,lower_wick_atr:Q3:H2,feature_quintile_x_server_4h_block,lower_wick_atr,3,2.0,3,move_ge_1atr,4.80079087259387e-51,2510,66002,0.14294493792352791,1.1359461188272504e-45,3.0646028385627254e-45,4,"{'1': {'effect': 0.17545034797073011, 'n_state': 632, 'same_sign': True}, '2': {'effect': 0.11180406202111826, 'n_state': 617, 'same_sign': True}, '3': {'effect': 0.16991367793563195, 'n_state': 634, 'same_sign': True}, '4': {'effect': 0.09769651015256009, 'n_state': 627, 'same_sign': True}}"
2209,66523,0.15389257330761008,0.7288365776369398,0.5749440043293297,4.059658813298243e-47,lower_wick_atr:Q3:H3,feature_quintile_x_server_4h_block,lower_wick_atr,3,3.0,3,move_ge_1atr,8.902760555478603e-47,2308,66204,0.12873690029253637,1.3304153934509188e-34,2.867274554851118e-34,4,"{'1': {'effect': 0.16771250526631176, 'n_state': 573, 'same_sign': True}, '2': {'effect': 0.13364480856813865, 'n_state': 542, 'same_sign': True}, '3': {'effect': 0.11512433162280544, 'n_state': 564, 'same_sign': True}, '4': {'effect': 0.08915199108013572, 'n_state': 629, 'same_sign': True}}"
2347,66385,-0.12219645257283607,0.46186621218576907,0.5840626647586051,4.5356987893075177e-32,lower_wick_atr:Q3:H5,feature_quintile_x_server_4h_block,lower_wick_atr,3,5.0,3,move_ge_1atr,7.237817216980081e-32,2301,66211,-0.0750624652485396,9.122527723646576e-13,1.2261461994148622e-12,4,"{'1': {'effect': -0.06340741527251492, 'n_state': 532, 'same_sign': True}, '2': {'effect': -0.06309942365269372, 'n_state': 605, 'same_sign': True}, '3': {'effect': -0.10122208172798591, 'n_state': 594, 'same_sign': True}, '4': {'effect': -0.0636956082768223, 'n_state': 570, 'same_sign': True}}"
12439,56293,0.08910139716410082,0.6528659860117373,0.5637645888476365,3.520933301520565e-74,lower_wick_atr:Q4,feature_quintile,lower_wick_atr,4,,3,move_ge_1atr,1.2456131962926528e-73,12753,55759,0.08576838898944295,1.3674380585878183e-69,5.827150817845817e-69,4,"{'1': {'effect': 0.08679115672614779, 'n_state': 3127, 'same_sign': True}, '2': {'effect': 0.06570939150043797, 'n_state': 2988, 'same_sign': True}, '3': {'effect': 0.07174093240677704, 'n_state': 3244, 'same_sign': True}, '4': {'effect': 0.06872788645708283, 'n_state': 3394, 'same_sign': True}}"
1048,67684,0.14270576423622838,0.7204198473282443,0.5777140830920159,1.5692587965136042e-20,lower_wick_atr:Q4:H0,feature_quintile_x_server_4h_block,lower_wick_atr,4,0.0,3,move_ge_1atr,2.0433057246270888e-20,1176,67336,0.10952526430555587,5.72479484996814e-14,7.951103958289083e-14,4,"{'1': {'effect': 0.15083614923108757, 'n_state': 272, 'same_sign': True}, '2': {'effect': 0.1015524967517345, 'n_state': 298, 'same_sign': True}, '3': {'effect': 0.1232725341948564, 'n_state': 293, 'same_sign': True}, '4': {'effect': 0.06300636733685816, 'n_state': 313, 'same_sign': True}}"
2669,66063,0.1653857527041115,0.7388535031847133,0.5734677504806018,1.3370178398315904e-64,lower_wick_atr:Q4:H2,feature_quintile_x_server_4h_block,lower_wick_atr,4,2.0,3,move_ge_1atr,4.17818074947372e-64,2629,65883,0.16779790368840108,5.273442138874894e-65,2.1037668107213673e-64,4,"{'1': {'effect': 0.21273606460357164, 'n_state': 638, 'same_sign': True}, '2': {'effect': 0.11913091159253675, 'n_state': 628, 'same_sign': True}, '3': {'effect': 0.19488670119414353, 'n_state': 674, 'same_sign': True}, '4': {'effect': 0.12544340047421743, 'n_state': 689, 'same_sign': True}}"
2451,66281,0.14837116070199274,0.7229702162382701,0.5745990555362773,2.2724995774473367e-48,lower_wick_atr:Q4:H3,feature_quintile_x_server_4h_block,lower_wick_atr,4,3.0,3,move_ge_1atr,5.2281431996487803e-48,2475,66037,0.14104714788755546,6.129331502031015e-44,1.6301413569231425e-43,4,"{'1': {'effect': 0.1418209608611538, 'n_state': 608, 'same_sign': True}, '2': {'effect': 0.1423463042166303, 'n_state': 575, 'same_sign': True}, '3': {'effect': 0.1412425970457052, 'n_state': 617, 'same_sign': True}, '4': {'effect': 0.12492673341708538, 'n_state': 675, 'same_sign': True}}"
2032,66700,-0.08790214144896058,0.49458661417322836,0.5824887556221889,2.6064979619399656e-15,lower_wick_atr:Q4:H5,feature_quintile_x_server_4h_block,lower_wick_atr,4,5.0,3,move_ge_1atr,3.2152524201562078e-15,2152,66360,-0.04916676190028024,5.9011531686171184e-06,6.527824301567609e-06,4,"{'1': {'effect': -0.06256627608399201, 'n_state': 543, 'same_sign': True}, '2': {'effect': -0.0072260155462440245, 'n_state': 479, 'same_sign': True}, '3': {'effect': -0.09460830481046562, 'n_state': 571, 'same_sign': True}, '4': {'effect': -0.02123050060355558, 'n_state': 559, 'same_sign': True}}"
19028,49704,-0.16824922862242947,0.45821946605003155,0.626468694672461,0.0,lower_wick_atr:Q5,feature_quintile,lower_wick_atr,5,,3,move_ge_1atr,0.0,19366,49146,-0.1662996734404355,0.0,0.0,4,"{'1': {'effect': -0.12744184041812623, 'n_state': 4933, 'same_sign': True}, '2': {'effect': -0.1391119537754445, 'n_state': 4811, 'same_sign': True}, '3': {'effect': -0.126754345262929, 'n_state': 4865, 'same_sign': True}, '4': {'effect': -0.12010516860128467, 'n_state': 4757, 'same_sign': True}}"
4551,64181,-0.4035802482919079,0.2030323005932762,0.6066125488851841,0.0,lower_wick_atr:Q5:H0,feature_quintile_x_server_4h_block,lower_wick_atr,5,0.0,3,move_ge_1atr,0.0,4537,63975,-0.404338818776586,0.0,0.0,4,"{'1': {'effect': -0.358931513931375, 'n_state': 1128, 'same_sign': True}, '2': {'effect': -0.382011453433439, 'n_state': 1126, 'same_sign': True}, '3': {'effect': -0.38948413486094224, 'n_state': 1159, 'same_sign': True}, '4': {'effect': -0.4051721934504955, 'n_state': 1124, 'same_sign': True}}"
2526,66206,0.10323909473368342,0.6793349168646081,0.5760958221309247,5.871436928718943e-25,lower_wick_atr:Q5:H1,feature_quintile_x_server_4h_block,lower_wick_atr,5,1.0,3,move_ge_1atr,8.035725723611693e-25,2468,66044,0.06870151002911762,1.3576227370439844e-11,1.761621198586485e-11,4,"{'1': {'effect': 0.08347102832414455, 'n_state': 599, 'same_sign': True}, '2': {'effect': 0.0646009979929606, 'n_state': 639, 'same_sign': True}, '3': {'effect': 0.0926051981761774, 'n_state': 609, 'same_sign': True}, '4': {'effect': 0.027780250482497548, 'n_state': 621, 'same_sign': True}}"
3037,65695,0.20217468583865683,0.7731313796509713,0.5709566938123145,6.2844226646118885e-108,lower_wick_atr:Q5:H2,feature_quintile_x_server_4h_block,lower_wick_atr,5,2.0,3,move_ge_1atr,3.92776416538243e-107,2963,65549,0.19364070295610192,3.8205352821703985e-96,2.387834551356499e-95,4,"{'1': {'effect': 0.19762223416830038, 'n_state': 740, 'same_sign': True}, '2': {'effect': 0.19229079799648596, 'n_state': 720, 'same_sign': True}, '3': {'effect': 0.2033679596656327, 'n_state': 775, 'same_sign': True}, '4': {'effect': 0.1547501241824386, 'n_state': 728, 'same_sign': True}}"
2990,65742,0.10634144073279661,0.6816053511705685,0.5752639104377719,1.0227642536040825e-30,lower_wick_atr:Q5:H3,feature_quintile_x_server_4h_block,lower_wick_atr,5,3.0,3,move_ge_1atr,1.6114982987459284e-30,2959,65553,0.08978881708635222,5.352760636269312e-22,8.961094815183e-22,4,"{'1': {'effect': 0.1380412106565504, 'n_state': 748, 'same_sign': True}, '2': {'effect': 0.034232388798774105, 'n_state': 756, 'same_sign': True}, '3': {'effect': 0.06459606952987273, 'n_state': 766, 'same_sign': True}, '4': {'effect': 0.11371441590889042, 'n_state': 689, 'same_sign': True}}"
4123,64609,-0.3392664342385902,0.2609750181906379,0.6002414524292281,0.0,lower_wick_atr:Q5:H4,feature_quintile_x_server_4h_block,lower_wick_atr,5,4.0,3,move_ge_1atr,0.0,4268,64244,-0.3012318254555164,1.5e-323,1.9e-322,4,"{'1': {'effect': -0.31988843480574053, 'n_state': 1119, 'same_sign': True}, '2': {'effect': -0.30872793776393115, 'n_state': 1032, 'same_sign': True}, '3': {'effect': -0.3095132215525918, 'n_state': 1050, 'same_sign': True}, '4': {'effect': -0.20910631266560836, 'n_state': 1067, 'same_sign': True}}"
1801,66931,-0.2436879665518778,0.34258745141588004,0.5862754179677578,5.673450026266164e-95,lower_wick_atr:Q5:H5,feature_quintile_x_server_4h_block,lower_wick_atr,5,5.0,3,move_ge_1atr,2.954921888680294e-94,2171,66341,-0.1704163623270195,5.171008401952405e-56,1.710756391698993e-55,4,"{'1': {'effect': -0.21799608243749552, 'n_state': 599, 'same_sign': True}, '2': {'effect': -0.1664948865753722, 'n_state': 538, 'same_sign': True}, '3': {'effect': -0.13884615389086225, 'n_state': 506, 'same_sign': True}, '4': {'effect': -0.13399498634259754, 'n_state': 528, 'same_sign': True}}"
12103,56629,-0.093003276731771,0.5032636536395935,0.5962669303713645,5.570343189322465e-79,atr_slope3:Q1,feature_quintile,atr_slope3,1,,3,move_ge_1atr,2.1099784808039641e-78,12225,56287,-0.07463395438721276,1.7704780320162048e-51,5.35426824198449e-51,4,"{'1': {'effect': -0.06301629747740667, 'n_state': 2632, 'same_sign': True}, '2': {'effect': -0.07810469645202128, 'n_state': 3105, 'same_sign': True}, '3': {'effect': -0.07621390335465006, 'n_state': 3363, 'same_sign': True}, '4': {'effect': -0.03851103369171249, 'n_state': 3125, 'same_sign': True}}"
1102,67630,-0.06182500436747074,0.5190562613430127,0.5808812657104835,3.712417208928789e-05,atr_slope3:Q1:H0,feature_quintile_x_server_4h_block,atr_slope3,1,0.0,3,move_ge_1atr,3.814127269447386e-05,1267,67245,-0.05627071500432246,6.216053638307466e-05,6.717637217191066e-05,4,"{'1': {'effect': -0.13136957512555203, 'n_state': 257, 'same_sign': True}, '2': {'effect': -0.07124738531609542, 'n_state': 357, 'same_sign': True}, '3': {'effect': -0.006706263657295319, 'n_state': 325, 'same_sign': True}, '4': {'effect': -0.027170382580277708, 'n_state': 328, 'same_sign': True}}"
727,68005,0.1048503897733063,0.6836313617606602,0.5787809719873539,1.2167489669379074e-08,atr_slope3:Q1:H2,feature_quintile_x_server_4h_block,atr_slope3,1,2.0,3,move_ge_1atr,1.3499433804784475e-08,1058,67454,0.05708036108679371,0.0002010327484032394,0.00021477857735388822,4,"{'1': {'effect': 0.12119348793628482, 'n_state': 208, 'same_sign': True}, '2': {'effect': 0.0052548364759666955, 'n_state': 299, 'same_sign': True}, '3': {'effect': 0.09736353530271824, 'n_state': 226, 'same_sign': True}, '4': {'effect': 0.03348438851980584, 'n_state': 325, 'same_sign': True}}"
1079,67653,0.061482977512667736,0.6404077849860983,0.5789248074734306,4.917241829037007e-05,atr_slope3:Q1:H3,feature_quintile_x_server_4h_block,atr_slope3,1,3.0,3,move_ge_1atr,5.0107763203502105e-05,1361,67151,0.05903914818578515,1.3521480444931648e-05,1.4826184698389964e-05,4,"{'1': {'effect': 0.01843868685883565, 'n_state': 294, 'same_sign': True}, '2': {'effect': 0.05622804197348186, 'n_state': 318, 'same_sign': True}, '3': {'effect': 0.05097353621955292, 'n_state': 345, 'same_sign': True}, '4': {'effect': 0.09477550797306789, 'n_state': 404, 'same_sign': True}}"
2018,66714,-0.1333595119714755,0.45044598612487613,0.5838054980963516,5.895112068866619e-33,atr_slope3:Q1:H4,feature_quintile_x_server_4h_block,atr_slope3,1,4.0,3,move_ge_1atr,9.738621259140891e-33,1961,66551,-0.12717324118794343,4.0342144907432093e-29,7.602162985068862e-29,4,"{'1': {'effect': -0.10231433691735775, 'n_state': 385, 'same_sign': True}, '2': {'effect': -0.12339279638101452, 'n_state': 529, 'same_sign': True}, '3': {'effect': -0.17558021785039385, 'n_state': 667, 'same_sign': True}, '4': {'effect': -0.059107552830882426, 'n_state': 380, 'same_sign': True}}"
4429,64303,-0.14994996786968168,0.43960261910137727,0.589552586971059,3.664211621836614e-85,atr_slope3:Q1:H5,feature_quintile_x_server_4h_block,atr_slope3,1,5.0,3,move_ge_1atr,1.561453816123557e-84,3676,64836,-0.1092615629987263,1.1479554053408825e-38,2.6905204812676935e-38,4,"{'1': {'effect': -0.09560769326740604, 'n_state': 828, 'same_sign': True}, '2': {'effect': -0.09096981323802511, 'n_state': 864, 'same_sign': True}, '3': {'effect': -0.12211204866987274, 'n_state': 1084, 'same_sign': True}, '4': {'effect': -0.10584261833862496, 'n_state': 900, 'same_sign': True}}"
785,67947,0.09636988514558786,0.6751592356687898,0.5787893505232019,5.354866049348691e-08,atr_slope3:Q2:H0,feature_quintile_x_server_4h_block,atr_slope3,2,0.0,3,move_ge_1atr,5.820506575379012e-08,810,67702,0.12242729667522634,2.7529473370568368e-12,3.647898414827964e-12,4,"{'1': {'effect': 0.2077408501141519, 'n_state': 146, 'same_sign': True}, '2': {'effect': 0.11839386611681235, 'n_state': 222, 'same_sign': True}, '3': {'effect': 0.12936859291604474, 'n_state': 207, 'same_sign': True}, '4': {'effect': 0.06333000832964841, 'n_state': 235, 'same_sign': True}}"
1845,66887,0.1320559048280393,0.7084010840108401,0.5763451791828008,8.61743470432488e-30,atr_slope3:Q2:H2,feature_quintile_x_server_4h_block,atr_slope3,2,2.0,3,move_ge_1atr,1.3030395218233184e-29,2034,66478,0.11065190595580188,3.404142666067027e-23,5.802515908068796e-23,4,"{'1': {'effect': 0.16166246588955635, 'n_state': 451, 'same_sign': True}, '2': {'effect': 0.07809426546104925, 'n_state': 562, 'same_sign': True}, '3': {'effect': 0.10451669229409455, 'n_state': 431, 'same_sign': True}, '4': {'effect': 0.09858127393385929, 'n_state': 590, 'same_sign': True}}"
2158,66574,0.11941060075358312,0.6955514365152919,0.5761408357617088,1.943241613896648e-28,atr_slope3:Q2:H3,feature_quintile_x_server_4h_block,atr_slope3,2,3.0,3,move_ge_1atr,2.8577082557303646e-28,2248,66264,0.08927989111170964,4.4252046947591713e-17,6.48223343958863e-17,4,"{'1': {'effect': 0.10205698529411766, 'n_state': 512, 'same_sign': True}, '2': {'effect': 0.10671935892868412, 'n_state': 571, 'same_sign': True}, '3': {'effect': 0.07534268548467327, 'n_state': 580, 'same_sign': True}, '4': {'effect': 0.06637089917670536, 'n_state': 585, 'same_sign': True}}"
1934,66798,-0.06996628740657018,0.5118924508790073,0.5818587382855774,7.965686629784606e-10,atr_slope3:Q2:H4,feature_quintile_x_server_4h_block,atr_slope3,2,4.0,3,move_ge_1atr,9.079430049146588e-10,1852,66660,-0.052988020184307816,5.648419846936821e-06,6.266737995861857e-06,4,"{'1': {'effect': -0.04229454549189404, 'n_state': 406, 'same_sign': True}, '2': {'effect': -0.07226545428617409, 'n_state': 493, 'same_sign': True}, '3': {'effect': -0.06926335407255035, 'n_state': 474, 'same_sign': True}, '4': {'effect': -0.02194268549583589, 'n_state': 479, 'same_sign': True}}"
12163,56569,0.07729782698085497,0.6435090027131465,0.5662111757322915,2.4617443435680846e-55,atr_slope3:Q3,feature_quintile,atr_slope3,3,,3,move_ge_1atr,6.738351305387092e-55,12395,56117,0.07831250796154343,4.3385082241261534e-57,1.4657122378804574e-56,4,"{'1': {'effect': 0.08400626889508833, 'n_state': 2986, 'same_sign': True}, '2': {'effect': 0.07190795244385995, 'n_state': 3115, 'same_sign': True}, '3': {'effect': 0.06303720887486952, 'n_state': 3114, 'same_sign': True}, '4': {'effect': 0.050776700487148885, 'n_state': 3180, 'same_sign': True}}"
887,67845,0.1560585700727245,0.733934611048478,0.5778760409757535,8.307740246340995e-21,atr_slope3:Q3:H0,feature_quintile_x_server_4h_block,atr_slope3,3,0.0,3,move_ge_1atr,1.089301605726529e-20,862,67650,0.13572931510795816,1.3379315894279214e-15,1.907697133214717e-15,4,"{'1': {'effect': 0.19730205507499, 'n_state': 186, 'same_sign': True}, '2': {'effect': 0.15878908537299452, 'n_state': 200, 'same_sign': True}, '3': {'effect': 0.1296129208655573, 'n_state': 240, 'same_sign': True}, '4': {'effect': 0.06915699091722427, 'n_state': 236, 'same_sign': True}}"
2768,65964,0.14713367915166897,0.7210982658959537,0.5739645867442847,2.8377402241117575e-53,atr_slope3:Q3:H2,feature_quintile_x_server_4h_block,atr_slope3,3,2.0,3,move_ge_1atr,7.094350560279393e-53,2914,65598,0.14792179725418497,5.200699430764939e-56,1.710756391698993e-55,4,"{'1': {'effect': 0.14830351315747115, 'n_state': 698, 'same_sign': True}, '2': {'effect': 0.1376557339388701, 'n_state': 737, 'same_sign': True}, '3': {'effect': 0.168324889225679, 'n_state': 716, 'same_sign': True}, '4': {'effect': 0.1201154047782611, 'n_state': 763, 'same_sign': True}}"
2766,65966,0.13448825463648983,0.7089660159074476,0.5744777612709577,8.995119052337464e-45,atr_slope3:Q3:H3,feature_quintile_x_server_4h_block,atr_slope3,3,3.0,3,move_ge_1atr,1.9057455619359035e-44,2621,65891,0.11177165743494233,9.918661872461661e-30,1.9272011410223434e-29,4,"{'1': {'effect': 0.09937740745322332, 'n_state': 645, 'same_sign': True}, '2': {'effect': 0.10758592217426854, 'n_state': 661, 'same_sign': True}, '3': {'effect': 0.14750819814006166, 'n_state': 658, 'same_sign': True}, '4': {'effect': 0.07944507868701578, 'n_state': 657, 'same_sign': True}}"
12151,56581,0.15433170212071845,0.7069377006007735,0.5526059984800551,1.1039625204045058e-214,atr_slope3:Q4,feature_quintile,atr_slope3,4,,3,move_ge_1atr,1.0615024234658709e-213,12175,56337,0.1381160126911536,3.7255738314312135e-171,2.9106045558056354e-170,4,"{'1': {'effect': 0.13303605764456916, 'n_state': 3079, 'same_sign': True}, '2': {'effect': 0.11954340527475404, 'n_state': 2969, 'same_sign': True}, '3': {'effect': 0.13182782748081434, 'n_state': 3090, 'same_sign': True}, '4': {'effect': 0.09061875660289043, 'n_state': 3037, 'same_sign': True}}"
1042,67690,0.22973488430518596,0.8061420345489443,0.5764071502437583,2.8206370107112973e-50,atr_slope3:Q4:H0,feature_quintile_x_server_4h_block,atr_slope3,4,0.0,3,move_ge_1atr,6.694549867194535e-50,1010,67502,0.19662015148212697,6.050069349377168e-36,1.3585485065966696e-35,4,"{'1': {'effect': 0.23005382945500885, 'n_state': 284, 'same_sign': True}, '2': {'effect': 0.2219526883781947, 'n_state': 231, 'same_sign': True}, '3': {'effect': 0.19763568957993893, 'n_state': 258, 'same_sign': True}, '4': {'effect': 0.12150959370997472, 'n_state': 237, 'same_sign': True}}"
2179,66553,0.08219255455149466,0.6594768242312987,0.5772842696798041,2.0236962106231432e-14,atr_slope3:Q4:H1,feature_quintile_x_server_4h_block,atr_slope3,4,1.0,3,move_ge_1atr,2.440148163934658e-14,2248,66264,0.08560044304610515,7.959750442829511e-16,1.14364230500424e-15,4,"{'1': {'effect': 0.08314005702490312, 'n_state': 570, 'same_sign': True}, '2': {'effect': 0.09664190991430799, 'n_state': 563, 'same_sign': True}, '3': {'effect': 0.08347102832414455, 'n_state': 599, 'same_sign': True}, '4': {'effect': 0.06950796467279652, 'n_state': 516, 'same_sign': True}}"
3551,65181,0.1715824173529118,0.7426077161362996,0.5710252987833878,1.6837904982560903e-90,atr_slope3:Q4:H2,feature_quintile_x_server_4h_block,atr_slope3,4,2.0,3,move_ge_1atr,7.992676415772581e-90,3318,65194,0.15987470640554735,1.8949269570179822e-73,8.665824498557845e-73,4,"{'1': {'effect': 0.17291694772430755, 'n_state': 804, 'same_sign': True}, '2': {'effect': 0.13588924811222758, 'n_state': 766, 'same_sign': True}, '3': {'effect': 0.20025412043261914, 'n_state': 933, 'same_sign': True}, '4': {'effect': 0.09954032815474878, 'n_state': 815, 'same_sign': True}}"
3023,65709,0.16677704064402854,0.7393317896129673,0.5725547489689388,9.781471278877763e-74,atr_slope3:Q4:H3,feature_quintile_x_server_4h_block,atr_slope3,4,3.0,3,move_ge_1atr,3.396344194054779e-73,2773,65739,0.1407910585351605,1.2401488977585952e-48,3.550044554652467e-48,4,"{'1': {'effect': 0.15973280609853735, 'n_state': 759, 'same_sign': True}, '2': {'effect': 0.14587688853078695, 'n_state': 644, 'same_sign': True}, '3': {'effect': 0.13791885701949236, 'n_state': 684, 'same_sign': True}, '4': {'effect': 0.10051272510975817, 'n_state': 686, 'same_sign': True}}"
1337,67395,0.09663448885251735,0.674644727000748,0.5780102381482306,1.351975085534278e-12,atr_slope3:Q4:H4,feature_quintile_x_server_4h_block,atr_slope3,4,4.0,3,move_ge_1atr,1.604400813529602e-12,1458,67054,0.11618210133282003,8.240117888231009e-19,1.2612425339129095e-18,4,"{'1': {'effect': 0.09116408013574673, 'n_state': 324, 'same_sign': True}, '2': {'effect': 0.11358647532646826, 'n_state': 359, 'same_sign': True}, '3': {'effect': 0.10868935007977998, 'n_state': 326, 'same_sign': True}, '4': {'effect': 0.13577437934401593, 'n_state': 449, 'same_sign': True}}"
1019,67713,-0.05170664381318324,0.5289499509322866,0.5806565947454698,0.0009027021692924682,atr_slope3:Q4:H5,feature_quintile_x_server_4h_block,atr_slope3,4,5.0,3,move_ge_1atr,0.0009051158114563517,1368,67144,-0.03297617131513797,0.014824837237920307,0.015314914501983787,4,"{'1': {'effect': -0.022406293120822207, 'n_state': 338, 'same_sign': True}, '2': {'effect': -0.005128487771669743, 'n_state': 406, 'same_sign': True}, '3': {'effect': -0.08427254227830233, 'n_state': 290, 'same_sign': True}, '4': {'effect': -0.03089693182498865, 'n_state': 334, 'same_sign': True}}"
20172,48560,-0.10248142743411592,0.5074856236367242,0.6099670510708401,1.2359727950496031e-135,atr_slope3:Q5,feature_quintile,atr_slope3,5,,3,move_ge_1atr,8.583144410066688e-135,19325,49187,-0.11748436879915813,1.2924095441215664e-171,1.031177827756569e-170,4,"{'1': {'effect': -0.0727194540446025, 'n_state': 5146, 'same_sign': True}, '2': {'effect': -0.11517668160527239, 'n_state': 4614, 'same_sign': True}, '3': {'effect': -0.09753277975570285, 'n_state': 4869, 'same_sign': True}, '4': {'effect': -0.07935378096183254, 'n_state': 4696, 'same_sign': True}}"
5508,63224,-0.3339582741209202,0.2726942628903413,0.6066525370112615,0.0,atr_slope3:Q5:H0,feature_quintile_x_server_4h_block,atr_slope3,5,0.0,3,move_ge_1atr,0.0,5330,63182,-0.3455251076983416,0.0,0.0,4,"{'1': {'effect': -0.26233861235098843, 'n_state': 1395, 'same_sign': True}, '2': {'effect': -0.34940088193779495, 'n_state': 1291, 'same_sign': True}, '3': {'effect': -0.3431030850843969, 'n_state': 1346, 'same_sign': True}, '4': {'effect': -0.3490972398579924, 'n_state': 1298, 'same_sign': True}}"
2622,66110,0.19331210804727483,0.7658276125095347,0.5725155044622598,4.000758939469597e-86,atr_slope3:Q5:H1,feature_quintile_x_server_4h_block,atr_slope3,5,1.0,3,move_ge_1atr,1.807571810001324e-85,2023,66489,0.14700894145874532,1.818990380662495e-39,4.400783179022166e-39,4,"{'1': {'effect': 0.1315744485294118, 'n_state': 512, 'same_sign': True}, '2': {'effect': 0.17745183281039334, 'n_state': 490, 'same_sign': True}, '3': {'effect': 0.14459788922610872, 'n_state': 521, 'same_sign': True}, '4': {'effect': 0.12221749103099444, 'n_state': 500, 'same_sign': True}}"
3541,65191,0.22914786867175008,0.7972324202202767,0.5680845515485267,1.9009496241679758e-159,atr_slope3:Q5:H2,feature_quintile_x_server_4h_block,atr_slope3,5,2.0,3,move_ge_1atr,1.3977570765940999e-158,3060,65452,0.22884053334100252,1.334309465314919e-137,9.811099009668523e-137,4,"{'1': {'effect': 0.22644443053963692, 'n_state': 863, 'same_sign': True}, '2': {'effect': 0.21949207536378534, 'n_state': 708, 'same_sign': True}, '3': {'effect': 0.23324392130232208, 'n_state': 862, 'same_sign': True}, '4': {'effect': 0.19910301911984318, 'n_state': 627, 'same_sign': True}}"
2943,65789,0.1524266819777168,0.72579001019368,0.5733633282159631,2.2266154593824887e-60,atr_slope3:Q5:H3,feature_quintile_x_server_4h_block,atr_slope3,5,3.0,3,move_ge_1atr,6.733716107003494e-60,2945,65567,0.1561674662263718,7.808631000797402e-63,2.957814773029319e-62,4,"{'1': {'effect': 0.24097177339730413, 'n_state': 769, 'same_sign': True}, '2': {'effect': 0.0723681010778715, 'n_state': 705, 'same_sign': True}, '3': {'effect': 0.10430860012425003, 'n_state': 727, 'same_sign': True}, '4': {'effect': 0.1785440014826042, 'n_state': 744, 'same_sign': True}}"
4448,64284,-0.28661264100535894,0.3118255395683453,0.5984381805737042,5.218055894665984e-307,atr_slope3:Q5:H4,feature_quintile_x_server_4h_block,atr_slope3,5,4.0,3,move_ge_1atr,5.755208707352189e-306,4498,64014,-0.24862663782293182,4.4985472913347136e-232,4.685986761806994e-231,4,"{'1': {'effect': -0.26744937324802415, 'n_state': 1201, 'same_sign': True}, '2': {'effect': -0.2655503274088525, 'n_state': 1055, 'same_sign': True}, '3': {'effect': -0.26862441231031975, 'n_state': 1085, 'same_sign': True}, '4': {'effect': -0.14650377035158657, 'n_state': 1157, 'same_sign': True}}"
1110,67622,-0.2405312680104908,0.34324324324324323,0.583774511253734,2.377798736753447e-58,atr_slope3:Q5:H5,feature_quintile_x_server_4h_block,atr_slope3,5,5.0,3,move_ge_1atr,7.021059262067264e-58,1469,67043,-0.1978742862436712,8.850329780661152e-52,2.698271274591815e-51,4,"{'1': {'effect': -0.2851127892640261, 'n_state': 406, 'same_sign': True}, '2': {'effect': -0.18684797228232042, 'n_state': 365, 'same_sign': True}, '3': {'effect': -0.15277169667156015, 'n_state': 328, 'same_sign': True}, '4': {'effect': -0.14040568701130468, 'n_state': 370, 'same_sign': True}}"
11086,57646,-0.09880297727382842,0.4970232725960671,0.5958262498698955,5.140690811863508e-83,atr_slope12:Q1,feature_quintile,atr_slope12,1,,3,move_ge_1atr,2.0508075047327824e-82,10364,58148,-0.06264221453092444,2.0014097987444493e-32,4.123783925984442e-32,4,"{'1': {'effect': -0.05995618221960519, 'n_state': 2151, 'same_sign': True}, '2': {'effect': -0.04418079998541813, 'n_state': 2741, 'same_sign': True}, '3': {'effect': -0.08074520357675258, 'n_state': 2985, 'same_sign': True}, '4': {'effect': -0.03309494414499503, 'n_state': 2487, 'same_sign': True}}"
2475,66257,-0.052487109042642865,0.5292929292929293,0.5817800383355721,2.0555363718351365e-07,atr_slope12:Q1:H1,feature_quintile_x_server_4h_block,atr_slope12,1,1.0,3,move_ge_1atr,2.2278212122490642e-07,2769,65743,-0.05838030001005201,1.2563007298720935e-09,1.5651587166180569e-09,4,"{'1': {'effect': -0.05413024691281032, 'n_state': 614, 'same_sign': True}, '2': {'effect': -0.07496163639482384, 'n_state': 735, 'same_sign': True}, '3': {'effect': -0.0627646773865892, 'n_state': 664, 'same_sign': True}, '4': {'effect': -0.03531813969266007, 'n_state': 756, 'same_sign': True}}"
561,68171,0.12163757433826561,0.7005347593582888,0.5788971850200232,6.129005582409061e-09,atr_slope12:Q1:H3,feature_quintile_x_server_4h_block,atr_slope12,1,3.0,3,move_ge_1atr,6.8201100694462845e-09,923,67589,0.08232192128938398,5.358993218560337e-07,6.145634424954514e-07,4,"{'1': {'effect': 0.10382321031082198, 'n_state': 188, 'same_sign': True}, '2': {'effect': 0.03883748689407718, 'n_state': 261, 'same_sign': True}, '3': {'effect': 0.08909974531581655, 'n_state': 209, 'same_sign': True}, '4': {'effect': 0.1016432265596856, 'n_state': 265, 'same_sign': True}}"
1724,67008,-0.13073297893439878,0.45243619489559167,0.5831691738299905,1.81040468398807e-27,atr_slope12:Q1:H4,feature_quintile_x_server_4h_block,atr_slope12,1,4.0,3,move_ge_1atr,2.61116060190587e-27,1650,66862,-0.15464115595849615,5.606385583318608e-36,1.27417854166332e-35,4,"{'1': {'effect': -0.15921832977036066, 'n_state': 272, 'same_sign': True}, '2': {'effect': -0.13125916381867103, 'n_state': 495, 'same_sign': True}, '3': {'effect': -0.1709057941595673, 'n_state': 569, 'same_sign': True}, '4': {'effect': -0.14376647390335706, 'n_state': 314, 'same_sign': True}}"
352,68380,0.1766967348241113,0.7556818181818182,0.5789850833577069,2.0939443422717413e-11,atr_slope12:Q2:H0,feature_quintile_x_server_4h_block,atr_slope12,2,0.0,3,move_ge_1atr,2.4615333177175643e-11,423,68089,0.15056722277028123,4.667014234397589e-10,5.892694740400996e-10,4,"{'1': {'effect': 0.26113282214182587, 'n_state': 58, 'same_sign': True}, '2': {'effect': 0.19523446341029915, 'n_state': 130, 'same_sign': True}, '3': {'effect': 0.14225065472869847, 'n_state': 127, 'same_sign': True}, '4': {'effect': 0.044506818964453077, 'n_state': 108, 'same_sign': True}}"
1385,67347,0.12810659637175192,0.7054151624548737,0.5773085660831218,1.1616917416635507e-21,atr_slope12:Q2:H2,feature_quintile_x_server_4h_block,atr_slope12,2,2.0,3,move_ge_1atr,1.5393441806495814e-21,1756,66756,0.12444217686796277,2.821917018779805e-25,4.944948046927229e-25,4,"{'1': {'effect': 0.1397976014644018, 'n_state': 289, 'same_sign': True}, '2': {'effect': 0.12250521919811497, 'n_state': 574, 'same_sign': True}, '3': {'effect': 0.18007656993699606, 'n_state': 358, 'same_sign': True}, '4': {'effect': 0.07314909564656213, 'n_state': 535, 'same_sign': True}}"
2593,66139,0.10554174354030665,0.6814500578480525,0.5759083143077458,1.246340166809224e-26,atr_slope12:Q2:H3,feature_quintile_x_server_4h_block,atr_slope12,2,3.0,3,move_ge_1atr,1.7636889152960717e-26,2826,65686,0.0935908186062413,8.277858243038029e-23,1.3920165206902514e-22,4,"{'1': {'effect': 0.0809314666630665, 'n_state': 623, 'same_sign': True}, '2': {'effect': 0.09071260216189125, 'n_state': 687, 'same_sign': True}, '3': {'effect': 0.13121595022129584, 'n_state': 738, 'same_sign': True}, '4': {'effect': 0.05997056533636835, 'n_state': 778, 'same_sign': True}}"
1254,67478,-0.06512931404708999,0.5159489633173844,0.5810782773644744,3.6582441130988363e-06,atr_slope12:Q2:H4,feature_quintile_x_server_4h_block,atr_slope12,2,4.0,3,move_ge_1atr,3.853487478685572e-06,1234,67278,-0.10008160339861749,2.0567844360384237e-12,2.735085686221308e-12,4,"{'1': {'effect': -0.10044762407396546, 'n_state': 300, 'same_sign': True}, '2': {'effect': -0.09938219577327695, 'n_state': 310, 'same_sign': True}, '3': {'effect': -0.15742389211344887, 'n_state': 339, 'same_sign': True}, '4': {'effect': -0.026433533670751852, 'n_state': 285, 'same_sign': True}}"
3036,65696,-0.10425809670221342,0.48023715415019763,0.584495250852411,5.333059911648925e-30,atr_slope12:Q2:H5,feature_quintile_x_server_4h_block,atr_slope12,2,5.0,3,move_ge_1atr,8.162846803544272e-30,3319,65193,-0.06104478515358436,4.421249868784154e-12,5.77689442785386e-12,4,"{'1': {'effect': -0.038725946059074534, 'n_state': 827, 'same_sign': True}, '2': {'effect': -0.056512534444576046, 'n_state': 873, 'same_sign': True}, '3': {'effect': -0.09460853856689139, 'n_state': 782, 'same_sign': True}, '4': {'effect': -0.047542002481287704, 'n_state': 837, 'same_sign': True}}"
11387,57345,0.10607797455361767,0.6683937823834197,0.5623158078298021,1.9542409396270243e-97,atr_slope12:Q3,feature_quintile,atr_slope12,3,,3,move_ge_1atr,1.0620874671886002e-96,12202,56310,0.09497011634292807,4.252437736453812e-82,2.246005846718563e-81,4,"{'1': {'effect': 0.1032710736099548, 'n_state': 2930, 'same_sign': True}, '2': {'effect': 0.08103692861126843, 'n_state': 3057, 'same_sign': True}, '3': {'effect': 0.0828509984233684, 'n_state': 2960, 'same_sign': True}, '4': {'effect': 0.061758943552665424, 'n_state': 3255, 'same_sign': True}}"
444,68288,0.22108774073980264,0.7995495495495496,0.578461808809747,5.059559400093605e-21,atr_slope12:Q3:H0,feature_quintile_x_server_4h_block,atr_slope12,3,0.0,3,move_ge_1atr,6.6573150001231646e-21,487,68025,0.18205289002488056,6.548515660683645e-16,9.44497451060141e-16,4,"{'1': {'effect': 0.22458995838253393, 'n_state': 67, 'same_sign': True}, '2': {'effect': 0.23655419016871726, 'n_state': 147, 'same_sign': True}, '3': {'effect': 0.1524315308988764, 'n_state': 160, 'same_sign': True}, '4': {'effect': 0.12379521669247606, 'n_state': 113, 'same_sign': True}}"
2763,65969,0.14885918487679317,0.7227651103872602,0.573905925510467,2.1368218380796984e-54,atr_slope12:Q3:H2,feature_quintile_x_server_4h_block,atr_slope12,3,2.0,3,move_ge_1atr,5.564640203332548e-54,3065,65447,0.1598912794734646,2.923392194395017e-68,1.2317663740428444e-67,4,"{'1': {'effect': 0.19952942359569137, 'n_state': 666, 'same_sign': True}, '2': {'effect': 0.13577637991425107, 'n_state': 789, 'same_sign': True}, '3': {'effect': 0.1623446564501526, 'n_state': 737, 'same_sign': True}, '4': {'effect': 0.13028928405663875, 'n_state': 873, 'same_sign': True}}"
3772,64960,0.13594833136567608,0.7083775185577943,0.5724291871921182,9.023191302980396e-61,atr_slope12:Q3:H3,feature_quintile_x_server_4h_block,atr_slope12,3,3.0,3,move_ge_1atr,2.7509729582257305e-60,3342,65170,0.11959000200828163,3.635201401589133e-42,9.40138293514431e-42,4,"{'1': {'effect': 0.12636802764336508, 'n_state': 875, 'same_sign': True}, '2': {'effect': 0.13490075614366726, 'n_state': 800, 'same_sign': True}, '3': {'effect': 0.11618225896636913, 'n_state': 885, 'same_sign': True}, '4': {'effect': 0.08131247774467831, 'n_state': 782, 'same_sign': True}}"
1094,67638,-0.07096470061910942,0.5100548446069469,0.5810195452260564,2.38751521849883e-06,atr_slope12:Q3:H5,feature_quintile_x_server_4h_block,atr_slope12,3,5.0,3,move_ge_1atr,2.522023118132567e-06,1728,66784,-0.04821458677172619,6.516685081585973e-05,7.022289958605575e-05,4,"{'1': {'effect': -0.0363096868437871, 'n_state': 360, 'same_sign': True}, '2': {'effect': -0.03177495703033306, 'n_state': 484, 'same_sign': True}, '3': {'effect': -0.03587852819525128, 'n_state': 339, 'same_sign': True}, '4': {'effect': -0.07553217609787155, 'n_state': 545, 'same_sign': True}}"
11349,57383,0.17612856343408212,0.7269362939466032,0.5508077305125211,2.3407672821573496e-264,atr_slope12:Q4,feature_quintile,atr_slope12,4,,3,move_ge_1atr,2.4382992522472392e-263,11432,57080,0.16040600573857278,4.873470418130456e-219,4.809345807365581e-218,4,"{'1': {'effect': 0.1511298778671184, 'n_state': 2924, 'same_sign': True}, '2': {'effect': 0.1332105255316065, 'n_state': 2692, 'same_sign': True}, '3': {'effect': 0.15232813930039213, 'n_state': 2915, 'same_sign': True}, '4': {'effect': 0.12061113902030585, 'n_state': 2901, 'same_sign': True}}"
700,68032,0.22237476481655694,0.8,0.5776252351834431,1.9268662774986904e-32,atr_slope12:Q4:H0,feature_quintile_x_server_4h_block,atr_slope12,4,0.0,3,move_ge_1atr,3.141629800269604e-32,572,67940,0.2589137680100294,1.5083422684556635e-35,3.346913317579135e-35,4,"{'1': {'effect': 0.2788117587137743, 'n_state': 129, 'same_sign': True}, '2': {'effect': 0.34069199250801563, 'n_state': 118, 'same_sign': True}, '3': {'effect': 0.2503586133690472, 'n_state': 158, 'same_sign': True}, '4': {'effect': 0.18827549378527308, 'n_state': 167, 'same_sign': True}}"
1920,66812,0.09945060393342509,0.6765625,0.5771118960665749,3.1854767271313776e-18,atr_slope12:Q4:H1,feature_quintile_x_server_4h_block,atr_slope12,4,1.0,3,move_ge_1atr,4.049334822624633e-18,2105,66407,0.08780478347963416,1.2067987485326604e-15,1.7272882851135406e-15,4,"{'1': {'effect': 0.06591426576650528, 'n_state': 568, 'same_sign': True}, '2': {'effect': 0.09207415814905084, 'n_state': 468, 'same_sign': True}, '3': {'effect': 0.10604771538115587, 'n_state': 582, 'same_sign': True}, '4': {'effect': 0.07864846161915051, 'n_state': 487, 'same_sign': True}}"
4258,64474,0.18397322070381938,0.7524659464537341,0.5684927257499147,1.0697496305174593e-122,atr_slope12:Q4:H2,feature_quintile_x_server_4h_block,atr_slope12,4,2.0,3,move_ge_1atr,6.91648468006978e-122,4190,64322,0.1626015410681002,4.1113702075958405e-94,2.486715851368452e-93,4,"{'1': {'effect': 0.1688739129443081, 'n_state': 1156, 'same_sign': True}, '2': {'effect': 0.12770821463641135, 'n_state': 937, 'same_sign': True}, '3': {'effect': 0.19887489423728233, 'n_state': 1090, 'same_sign': True}, '4': {'effect': 0.11727368460771637, 'n_state': 1007, 'same_sign': True}}"
2904,65828,0.18372663227367225,0.7558539944903582,0.5721273622166859,8.408021950931837e-86,atr_slope12:Q4:H3,feature_quintile_x_server_4h_block,atr_slope12,4,3.0,3,move_ge_1atr,3.709421448940516e-85,2644,65868,0.16314662975609673,7.055288224018905e-62,2.5686728970942614e-61,4,"{'1': {'effect': 0.18165861409719353, 'n_state': 659, 'same_sign': True}, '2': {'effect': 0.15058324833522974, 'n_state': 630, 'same_sign': True}, '3': {'effect': 0.14630761066282028, 'n_state': 676, 'same_sign': True}, '4': {'effect': 0.1550388182603959, 'n_state': 679, 'same_sign': True}}"
1194,67538,0.09427707005121455,0.6725293132328308,0.5782522431816163,6.046959312311162e-11,atr_slope12:Q4:H4,feature_quintile_x_server_4h_block,atr_slope12,4,4.0,3,move_ge_1atr,7.064204804101825e-11,1239,67273,0.14046628480555312,4.733391010030657e-23,8.031772075843875e-23,4,"{'1': {'effect': 0.1232725341948564, 'n_state': 293, 'same_sign': True}, '2': {'effect': 0.18006073374791987, 'n_state': 307, 'same_sign': True}, '3': {'effect': 0.10036136341439594, 'n_state': 252, 'same_sign': True}, '4': {'effect': 0.14213877628428517, 'n_state': 387, 'same_sign': True}}"
23555,45177,-0.11899288351639659,0.5016769263426024,0.620669809858999,1.0526794872131658e-197,atr_slope12:Q5,feature_quintile,atr_slope12,5,,3,move_ge_1atr,9.868870192623429e-197,21834,46678,-0.1433722551806923,8.880996606174564e-273,9.515353506615604e-272,4,"{'1': {'effect': -0.08577850272392362, 'n_state': 5870, 'same_sign': True}, '2': {'effect': -0.13206504104902123, 'n_state': 5191, 'same_sign': True}, '3': {'effect': -0.11017563903883748, 'n_state': 5554, 'same_sign': True}, '4': {'effect': -0.09882409346032828, 'n_state': 5219, 'same_sign': True}}"
7390,61342,-0.24568316793854228,0.3606224627875507,0.606305630726093,0.0,atr_slope12:Q5:H0,feature_quintile_x_server_4h_block,atr_slope12,5,0.0,3,move_ge_1atr,0.0,7287,61225,-0.2540494410385197,0.0,0.0,4,"{'1': {'effect': -0.17109281534979237, 'n_state': 1896, 'same_sign': True}, '2': {'effect': -0.2719489382811183, 'n_state': 1747, 'same_sign': True}, '3': {'effect': -0.23957618449249357, 'n_state': 1835, 'same_sign': True}, '4': {'effect': -0.25443174929033496, 'n_state': 1809, 'same_sign': True}}"
2862,65870,0.1539852495179025,0.7274633123689728,0.5734780628510703,5.214909609670055e-60,atr_slope12:Q5:H1,feature_quintile_x_server_4h_block,atr_slope12,5,1.0,3,move_ge_1atr,1.5520564314494212e-59,1776,66736,0.11421419021514922,9.104063287706622e-22,1.517343881284437e-21,4,"{'1': {'effect': 0.09284232229038214, 'n_state': 431, 'same_sign': True}, '2': {'effect': 0.15068102193436783, 'n_state': 518, 'same_sign': True}, '3': {'effect': 0.14362639207498273, 'n_state': 509, 'same_sign': True}, '4': {'effect': 0.02463486062607545, 'n_state': 318, 'same_sign': True}}"
3628,65104,0.19879518357939652,0.7681918412348401,0.5693966576554436,2.9899643371376172e-123,atr_slope12:Q5:H2,feature_quintile_x_server_4h_block,atr_slope12,5,2.0,3,move_ge_1atr,2.002208261476083e-122,2853,65659,0.18443377326523847,2.3187872218906674e-84,1.2602104466797105e-83,4,"{'1': {'effect': 0.19070724255912808, 'n_state': 845, 'same_sign': True}, '2': {'effect': 0.17291353471701376, 'n_state': 607, 'same_sign': True}, '3': {'effect': 0.18410809142899498, 'n_state': 843, 'same_sign': True}, '4': {'effect': 0.1586318723091511, 'n_state': 558, 'same_sign': True}}"
2139,66593,0.12382322719058969,0.699859747545582,0.5760365203549923,3.300408650052359e-30,atr_slope12:Q5:H3,feature_quintile_x_server_4h_block,atr_slope12,5,3.0,3,move_ge_1atr,5.072349359711617e-30,2213,66299,0.1148481730335208,7.74033052553641e-27,1.3954922822481507e-26,4,"{'1': {'effect': 0.20175406553769737, 'n_state': 634, 'same_sign': True}, '2': {'effect': 0.0382227398223729, 'n_state': 521, 'same_sign': True}, '3': {'effect': 0.024030995652957188, 'n_state': 486, 'same_sign': True}, '4': {'effect': 0.1548985015573182, 'n_state': 572, 'same_sign': True}}"
6224,62508,-0.22228783507484817,0.3777313624678663,0.6000191975427145,1.1776189673486866e-251,atr_slope12:Q5:H4,feature_quintile_x_server_4h_block,atr_slope12,5,4.0,3,move_ge_1atr,1.1935327371777229e-250,6161,62351,-0.19052748615221005,2.8290663037806866e-182,2.3575552531505723e-181,4,"{'1': {'effect': -0.21498169272270184, 'n_state': 1562, 'same_sign': True}, '2': {'effect': -0.19318196402765053, 'n_state': 1488, 'same_sign': True}, '3': {'effect': -0.20064931457142338, 'n_state': 1549, 'same_sign': True}, '4': {'effect': -0.10164223305752096, 'n_state': 1562, 'same_sign': True}}"
1312,67420,-0.2531677561843848,0.3315548780487805,0.5847226342331653,1.2952363186246527e-75,atr_slope12:Q5:H5,feature_quintile_x_server_4h_block,atr_slope12,5,5.0,3,move_ge_1atr,4.625843995088045e-75,1544,66968,-0.23717491240112826,3.605164388115643e-77,1.778864007293903e-76,4,"{'1': {'effect': -0.2859007727361396, 'n_state': 502, 'same_sign': True}, '2': {'effect': -0.29381032246713035, 'n_state': 310, 'same_sign': True}, '3': {'effect': -0.2062280215022601, 'n_state': 332, 'same_sign': True}, '4': {'effect': -0.1425064599483204, 'n_state': 400, 'same_sign': True}}"
12394,56338,-0.06468670650020325,0.5268678392770696,0.5915545457772728,7.729549076966842e-40,compression6_atr:Q1,feature_quintile,compression6_atr,1,,3,move_ge_1atr,1.4713608649048558e-39,12941,55571,-0.03251848014688663,1.7768285939086565e-11,2.297623181778435e-11,4,"{'1': {'effect': -0.020815174578834195, 'n_state': 2941, 'same_sign': True}, '2': {'effect': -0.033068900895612874, 'n_state': 3255, 'same_sign': True}, '3': {'effect': -0.04038554216648371, 'n_state': 3377, 'same_sign': True}, '4': {'effect': -0.0157878632041335, 'n_state': 3368, 'same_sign': True}}"
1607,67125,-0.07383791813979579,0.507778469197262,0.5816163873370578,3.0952536984013953e-09,compression6_atr:Q1:H0,feature_quintile_x_server_4h_block,compression6_atr,1,0.0,3,move_ge_1atr,3.485646056758328e-09,1549,66963,-0.0784547033176074,7.258778528984318e-10,9.13436895425879e-10,4,"{'1': {'effect': -0.10029298773268497, 'n_state': 332, 'same_sign': True}, '2': {'effect': -0.10335973648062458, 'n_state': 416, 'same_sign': True}, '3': {'effect': -0.05290991346036844, 'n_state': 391, 'same_sign': True}, '4': {'effect': -0.05480731556897078, 'n_state': 410, 'same_sign': True}}"
1152,67580,0.11297577356877442,0.6909722222222222,0.5779964486534478,1.3241188762806408e-14,compression6_atr:Q1:H2,feature_quintile_x_server_4h_block,compression6_atr,1,2.0,3,move_ge_1atr,1.6017567051781947e-14,1406,67106,0.12290323976940754,3.446787972119503e-20,5.523698673268434e-20,4,"{'1': {'effect': 0.16562757020064267, 'n_state': 246, 'same_sign': True}, '2': {'effect': 0.09723631781786746, 'n_state': 401, 'same_sign': True}, '3': {'effect': 0.16697277106022823, 'n_state': 307, 'same_sign': True}, '4': {'effect': 0.08655142911382196, 'n_state': 452, 'same_sign': True}}"
1488,67244,0.09213145610624895,0.6700268817204301,0.5778954256141812,1.0636709408527e-12,compression6_atr:Q1:H3,feature_quintile_x_server_4h_block,compression6_atr,1,3.0,3,move_ge_1atr,1.2662749295865475e-12,1815,66697,0.10384518019507738,1.2640634166310552e-18,1.926925939986365e-18,4,"{'1': {'effect': 0.12401871718265689, 'n_state': 445, 'same_sign': True}, '2': {'effect': 0.08115896626955499, 'n_state': 414, 'same_sign': True}, '3': {'effect': 0.12004298877498576, 'n_state': 468, 'same_sign': True}, '4': {'effect': 0.08144666395466982, 'n_state': 488, 'same_sign': True}}"
1955,66777,-0.11513417161605216,0.4680306905370844,0.5831648621531366,2.807380206266498e-24,compression6_atr:Q1:H4,feature_quintile_x_server_4h_block,compression6_atr,1,4.0,3,move_ge_1atr,3.786933731474593e-24,1912,66600,-0.12346740045484816,6.478621532173143e-27,1.1736633210458592e-26,4,"{'1': {'effect': -0.12405238381606959, 'n_state': 415, 'same_sign': True}, '2': {'effect': -0.10219616243677193, 'n_state': 518, 'same_sign': True}, '3': {'effect': -0.15694728375441136, 'n_state': 579, 'same_sign': True}, '4': {'effect': -0.08969814423302797, 'n_state': 400, 'same_sign': True}}"
3743,64989,-0.14396854278473487,0.44376168848517233,0.5877302312699072,1.8863560562596072e-67,compression6_atr:Q1:H5,feature_quintile_x_server_4h_block,compression6_atr,1,5.0,3,move_ge_1atr,6.098133802563386e-67,3533,64979,-0.07671599115823124,3.1991765944213285e-19,4.937000917316865e-19,4,"{'1': {'effect': -0.06494088217648175, 'n_state': 802, 'same_sign': True}, '2': {'effect': -0.040779181069454995, 'n_state': 815, 'same_sign': True}, '3': {'effect': -0.10042458879981447, 'n_state': 1007, 'same_sign': True}, '4': {'effect': -0.08150724395990322, 'n_state': 909, 'same_sign': True}}"
1056,67676,0.07947498732821456,0.6581439393939394,0.5786689520657249,2.078964015334806e-07,compression6_atr:Q2:H0,feature_quintile_x_server_4h_block,compression6_atr,2,0.0,3,move_ge_1atr,2.2467190367451074e-07,1027,67485,0.08998109068054283,7.676596463517529e-09,9.31625784407467e-09,3,"{'1': {'effect': 0.18508633812731579, 'n_state': 209, 'same_sign': True}, '2': {'effect': 0.07198667669623904, 'n_state': 271, 'same_sign': True}, '3': {'effect': 0.11858190326333984, 'n_state': 295, 'same_sign': True}, '4': {'effect': -0.007177040168543258, 'n_state': 252, 'same_sign': False}}"
2103,66629,0.14102014000249652,0.7165953399904897,0.5755751999879932,4.485546831024156e-38,compression6_atr:Q2:H2,feature_quintile_x_server_4h_block,compression6_atr,2,2.0,3,move_ge_1atr,8.125990635913326e-38,2208,66304,0.13420879147781328,5.827278412999679e-36,1.3164032559487227e-35,4,"{'1': {'effect': 0.14165991351180784, 'n_state': 492, 'same_sign': True}, '2': {'effect': 0.11057687317244136, 'n_state': 550, 'same_sign': True}, '3': {'effect': 0.15333559344785952, 'n_state': 537, 'same_sign': True}, '4': {'effect': 0.12124311803950905, 'n_state': 629, 'same_sign': True}}"
2247,66485,0.12191497531708484,0.6978193146417445,0.5759043393246597,1.1008896410504736e-30,compression6_atr:Q2:H3,feature_quintile_x_server_4h_block,compression6_atr,2,3.0,3,move_ge_1atr,1.7273373029034624e-30,2333,66179,0.08872578868128034,1.8987458860178375e-17,2.803266564002713e-17,4,"{'1': {'effect': 0.07301539129987744, 'n_state': 568, 'same_sign': True}, '2': {'effect': 0.103700353116289, 'n_state': 593, 'same_sign': True}, '3': {'effect': 0.09382856965892228, 'n_state': 532, 'same_sign': True}, '4': {'effect': 0.0762251001885903, 'n_state': 640, 'same_sign': True}}"
2686,66046,-0.12730738739842168,0.45755770662695455,0.5848650940253762,3.1332527540149927e-39,compression6_atr:Q2:H5,feature_quintile_x_server_4h_block,compression6_atr,2,5.0,3,move_ge_1atr,5.788028486480898e-39,2428,66084,-0.07339408373168305,7.630085237675935e-13,1.029238116592977e-12,4,"{'1': {'effect': -0.04777366866579191, 'n_state': 570, 'same_sign': True}, '2': {'effect': -0.08225348202655214, 'n_state': 606, 'same_sign': True}, '3': {'effect': -0.09074994715045376, 'n_state': 646, 'same_sign': True}, '4': {'effect': -0.06227478695797595, 'n_state': 606, 'same_sign': True}}"
12427,56305,0.07334928264163687,0.6399774684155468,0.5666281857739099,8.031442295162337e-51,compression6_atr:Q3,feature_quintile,compression6_atr,3,,3,move_ge_1atr,1.918338127825399e-50,12340,56172,0.06456580281148505,3.051191091024163e-39,7.287876809771089e-39,4,"{'1': {'effect': 0.0711609469081399, 'n_state': 3033, 'same_sign': True}, '2': {'effect': 0.06028946890300746, 'n_state': 3029, 'same_sign': True}, '3': {'effect': 0.06446048097456802, 'n_state': 3232, 'same_sign': True}, '4': {'effect': 0.02539346232341788, 'n_state': 3046, 'same_sign': True}}"
1052,67680,0.16792740833625475,0.7452471482889734,0.5773197399527187,6.623152227705721e-28,compression6_atr:Q3:H0,feature_quintile_x_server_4h_block,compression6_atr,3,0.0,3,move_ge_1atr,9.701883146053302e-28,1048,67464,0.1086516710523815,1.873109358589725e-12,2.4997011013208073e-12,4,"{'1': {'effect': 0.1653282660662303, 'n_state': 216, 'same_sign': True}, '2': {'effect': 0.09675881913665352, 'n_state': 276, 'same_sign': True}, '3': {'effect': 0.10930404836641028, 'n_state': 302, 'same_sign': True}, '4': {'effect': 0.06743381930023251, 'n_state': 254, 'same_sign': True}}"
2699,66033,0.16809658538756944,0.7413856984068173,0.5732891130192479,2.2547512090611217e-67,compression6_atr:Q3:H2,feature_quintile_x_server_4h_block,compression6_atr,3,2.0,3,move_ge_1atr,7.226766695708723e-67,2719,65793,0.12455023002896504,9.360817981484156e-38,2.1668560142324434e-37,4,"{'1': {'effect': 0.16434867795734887, 'n_state': 713, 'same_sign': True}, '2': {'effect': 0.09422234777723015, 'n_state': 694, 'same_sign': True}, '3': {'effect': 0.16158794645272767, 'n_state': 655, 'same_sign': True}, '4': {'effect': 0.061003390814440284, 'n_state': 657, 'same_sign': True}}"
2463,66269,0.13211175551323207,0.7072675598863175,0.5751558043730854,6.918039302139423e-39,compression6_atr:Q3:H3,feature_quintile_x_server_4h_block,compression6_atr,3,3.0,3,move_ge_1atr,1.265494994293797e-38,2431,66081,0.11618101218297772,7.170357052237134e-30,1.4004603617650655e-29,4,"{'1': {'effect': 0.1314986798083212, 'n_state': 627, 'same_sign': True}, '2': {'effect': 0.13012247334888805, 'n_state': 562, 'same_sign': True}, '3': {'effect': 0.12445223073544642, 'n_state': 629, 'same_sign': True}, '4': {'effect': 0.06687660808550999, 'n_state': 613, 'same_sign': True}}"
1994,66738,-0.10448596831881368,0.47843530591775324,0.5829212742365669,1.2218747214772422e-20,compression6_atr:Q3:H5,feature_quintile_x_server_4h_block,compression6_atr,3,5.0,3,move_ge_1atr,1.596526204020787e-20,1956,66556,-0.06600257040183632,6.395967070578834e-09,7.787297569698256e-09,4,"{'1': {'effect': -0.06816896851477999, 'n_state': 503, 'same_sign': True}, '2': {'effect': -0.039403541286780475, 'n_state': 472, 'same_sign': True}, '3': {'effect': -0.09279774656868134, 'n_state': 491, 'same_sign': True}, '4': {'effect': -0.056877156790210104, 'n_state': 490, 'same_sign': True}}"
12448,56284,0.13317528129013,0.6889460154241646,0.5557707341340345,2.0917768494973448e-163,compression6_atr:Q4,feature_quintile,compression6_atr,4,,3,move_ge_1atr,1.6008496297173557e-162,12282,56230,0.11776558133839943,7.87774227324211e-126,5.371187913574167e-125,4,"{'1': {'effect': 0.11992922625983982, 'n_state': 2994, 'same_sign': True}, '2': {'effect': 0.0917709486108228, 'n_state': 3058, 'same_sign': True}, '3': {'effect': 0.09604829664764092, 'n_state': 3071, 'same_sign': True}, '4': {'effect': 0.09752472566897474, 'n_state': 3159, 'same_sign': True}}"
1117,67615,0.19680888510446504,0.7735004476275739,0.5766915625231088,6.9265011842202636e-40,compression6_atr:Q4:H0,feature_quintile_x_server_4h_block,compression6_atr,4,0.0,3,move_ge_1atr,1.3252234408584689e-39,1025,67487,0.1724915403761591,1.9457885704982263e-28,3.5944370144671664e-28,4,"{'1': {'effect': 0.1981426799181073, 'n_state': 267, 'same_sign': True}, '2': {'effect': 0.201248409187322, 'n_state': 232, 'same_sign': True}, '3': {'effect': 0.13663337409818288, 'n_state': 249, 'same_sign': True}, '4': {'effect': 0.14872831441776257, 'n_state': 277, 'same_sign': True}}"
2409,66323,0.07013994626734188,0.6475716064757161,0.5774316602083742,7.310830959808598e-12,compression6_atr:Q4:H1,feature_quintile_x_server_4h_block,compression6_atr,4,1.0,3,move_ge_1atr,8.621262924302591e-12,2353,66159,0.04692174598475163,6.373875724126534e-06,7.030009989845442e-06,4,"{'1': {'effect': 0.06553573252260536, 'n_state': 562, 'same_sign': True}, '2': {'effect': 0.01293773199024506, 'n_state': 566, 'same_sign': True}, '3': {'effect': 0.05075189582845463, 'n_state': 637, 'same_sign': True}, '4': {'effect': 0.05282654843929213, 'n_state': 588, 'same_sign': True}}"
3131,65601,0.18182626772185584,0.7534334078569147,0.5716071401350589,3.4186664417212106e-90,compression6_atr:Q4:H2,feature_quintile_x_server_4h_block,compression6_atr,4,2.0,3,move_ge_1atr,1.6024998945568173e-89,2944,65568,0.16848671541791338,8.215936846749353e-73,3.667828949441676e-72,4,"{'1': {'effect': 0.19422529988276838, 'n_state': 738, 'same_sign': True}, '2': {'effect': 0.12688179729716553, 'n_state': 731, 'same_sign': True}, '3': {'effect': 0.18608896540083364, 'n_state': 782, 'same_sign': True}, '4': {'effect': 0.1418308775244147, 'n_state': 693, 'same_sign': True}}"
2661,66071,0.17432234467048768,0.7474633596392334,0.5731410149687457,2.3022420868480582e-71,compression6_atr:Q4:H3,feature_quintile_x_server_4h_block,compression6_atr,4,3.0,3,move_ge_1atr,7.848552568800198e-71,2608,65904,0.15869150443031466,6.708620995146398e-58,2.2870298847089995e-57,4,"{'1': {'effect': 0.1588446102934591, 'n_state': 663, 'same_sign': True}, '2': {'effect': 0.14502289542056845, 'n_state': 649, 'same_sign': True}, '3': {'effect': 0.1734331808547871, 'n_state': 631, 'same_sign': True}, '4': {'effect': 0.1399470790703231, 'n_state': 665, 'same_sign': True}}"
1661,67071,0.06342479580190219,0.641782059000602,0.5783572631986998,2.2985140070009688e-07,compression6_atr:Q4:H4,feature_quintile_x_server_4h_block,compression6_atr,4,4.0,3,move_ge_1atr,2.4768469903027677e-07,1711,66801,0.04940448269676401,4.65778091289838e-05,5.063127661455459e-05,3,"{'1': {'effect': 0.06729937920717766, 'n_state': 393, 'same_sign': True}, '2': {'effect': 0.06493212002771931, 'n_state': 423, 'same_sign': True}, '3': {'effect': -0.016897472771139177, 'n_state': 411, 'same_sign': False}, '4': {'effect': 0.07434663509969397, 'n_state': 484, 'same_sign': True}}"
19024,49708,-0.11838752697587385,0.4942703952901598,0.6126579222660337,3.72916925600559e-174,compression6_atr:Q5,feature_quintile,compression6_atr,5,,3,move_ge_1atr,2.913413481254367e-173,18532,49980,-0.13592572794280672,3.274555836930863e-223,3.3188065914839823e-222,4,"{'1': {'effect': -0.09272575648363307, 'n_state': 4849, 'same_sign': True}, '2': {'effect': -0.12078046234108353, 'n_state': 4532, 'same_sign': True}, '3': {'effect': -0.12170057995120892, 'n_state': 4690, 'same_sign': True}, '4': {'effect': -0.0903804830962448, 'n_state': 4461, 'same_sign': True}}"
4492,64240,-0.3974981813524306,0.20837043633125557,0.6058686176836862,0.0,compression6_atr:Q5:H0,feature_quintile_x_server_4h_block,compression6_atr,5,0.0,3,move_ge_1atr,0.0,4630,63882,-0.3747191281333165,0.0,0.0,4,"{'1': {'effect': -0.2897817952167908, 'n_state': 1244, 'same_sign': True}, '2': {'effect': -0.37563164112166064, 'n_state': 1106, 'same_sign': True}, '3': {'effect': -0.3816229037543887, 'n_state': 1139, 'same_sign': True}, '4': {'effect': -0.3810841353302187, 'n_state': 1141, 'same_sign': True}}"
2644,66088,0.16786866582877347,0.7413010590015129,0.5734323931727394,6.442044380932823e-66,compression6_atr:Q5:H1,feature_quintile_x_server_4h_block,compression6_atr,5,1.0,3,move_ge_1atr,2.047259866821872e-65,2296,66216,0.11532629565409203,5.741385357782012e-28,1.0554017201805168e-27,4,"{'1': {'effect': 0.13413151171637394, 'n_state': 586, 'same_sign': True}, '2': {'effect': 0.15879181451497326, 'n_state': 598, 'same_sign': True}, '3': {'effect': 0.06963268402936706, 'n_state': 571, 'same_sign': True}, '4': {'effect': 0.08277771826742142, 'n_state': 541, 'same_sign': True}}"
3347,65385,0.20606326175550171,0.775918733193905,0.5698554714384033,1.0457266644210129e-122,compression6_atr:Q5:H2,feature_quintile_x_server_4h_block,compression6_atr,5,2.0,3,move_ge_1atr,6.879780686980348e-122,3107,65405,0.20509854828178475,1.629814036945822e-112,1.0537590756115229e-111,4,"{'1': {'effect': 0.19740813598654905, 'n_state': 835, 'same_sign': True}, '2': {'effect': 0.21278605123532368, 'n_state': 696, 'same_sign': True}, '3': {'effect': 0.2139991622678784, 'n_state': 887, 'same_sign': True}, '4': {'effect': 0.1635626003115298, 'n_state': 689, 'same_sign': True}}"
3110,65622,0.14297821460354498,0.7163987138263666,0.5734204992228216,3.954684774410392e-56,compression6_atr:Q5:H3,feature_quintile_x_server_4h_block,compression6_atr,5,3.0,3,move_ge_1atr,1.1067214853760427e-55,2761,65751,0.11903532688995111,4.02946387977465e-35,8.785168342531941e-35,4,"{'1': {'effect': 0.21204499120921994, 'n_state': 676, 'same_sign': True}, '2': {'effect': 0.047601936149899715, 'n_state': 681, 'same_sign': True}, '3': {'effect': 0.04690710488312411, 'n_state': 734, 'same_sign': True}, '4': {'effect': 0.16177325101739903, 'n_state': 670, 'same_sign': True}}"
4018,64714,-0.31429100155398304,0.28397212543554007,0.5982631269895231,0.0,compression6_atr:Q5:H4,feature_quintile_x_server_4h_block,compression6_atr,5,4.0,3,move_ge_1atr,0.0,4031,64481,-0.28711475919104334,6.09923406494462e-279,6.930947801073432e-278,4,"{'1': {'effect': -0.31657297992956995, 'n_state': 1055, 'same_sign': True}, '2': {'effect': -0.30981752051607686, 'n_state': 976, 'same_sign': True}, '3': {'effect': -0.3229868441442169, 'n_state': 947, 'same_sign': True}, '4': {'effect': -0.15500167968086748, 'n_state': 1053, 'same_sign': True}}"
1413,67319,-0.20115199313990728,0.38287331917905165,0.5840253123189589,6.399785464486577e-52,compression6_atr:Q5:H5,feature_quintile_x_server_4h_block,compression6_atr,5,5.0,3,move_ge_1atr,1.5788944402516226e-51,1707,66805,-0.18643374751345265,3.580457754941908e-53,1.1378573373756064e-52,4,"{'1': {'effect': -0.261560617756435, 'n_state': 453, 'same_sign': True}, '2': {'effect': -0.1635981660133844, 'n_state': 475, 'same_sign': True}, '3': {'effect': -0.1549851018633363, 'n_state': 412, 'same_sign': True}, '4': {'effect': -0.1423689628003118, 'n_state': 367, 'same_sign': True}}"
11422,57310,0.10631140955255347,0.6685344072841884,0.562222997731635,4.305925766989871e-98,dist_high24_atr:Q1,feature_quintile,dist_high24_atr,1,,3,move_ge_1atr,2.4465487312442453e-97,12407,56105,0.06557655690356579,1.371629846669144e-40,3.383955213821901e-40,4,"{'1': {'effect': 0.06396052931656737, 'n_state': 3076, 'same_sign': True}, '2': {'effect': 0.03121524625862493, 'n_state': 2952, 'same_sign': True}, '3': {'effect': 0.057781611176041636, 'n_state': 3136, 'same_sign': True}, '4': {'effect': 0.07032698620945199, 'n_state': 3243, 'same_sign': True}}"
722,68010,0.23140506875109212,0.8088642659279779,0.5774591971768858,5.036898862744085e-36,dist_high24_atr:Q1:H0,feature_quintile_x_server_4h_block,dist_high24_atr,1,0.0,3,move_ge_1atr,8.826341465088935e-36,821,67691,0.1501060444995891,6.278413221046612e-18,9.38009943383458e-18,4,"{'1': {'effect': 0.21749412624736753, 'n_state': 171, 'same_sign': True}, '2': {'effect': 0.13873053050708506, 'n_state': 200, 'same_sign': True}, '3': {'effect': 0.19236084809997223, 'n_state': 207, 'same_sign': True}, '4': {'effect': 0.07143901271217878, 'n_state': 243, 'same_sign': True}}"
2407,66325,0.20028562251919146,0.7731616119651018,0.5728759894459103,3.6268289579321827e-85,dist_high24_atr:Q1:H2,feature_quintile_x_server_4h_block,dist_high24_atr,1,2.0,3,move_ge_1atr,1.561453816123557e-84,2610,65902,0.1473687564177204,3.243054506558942e-50,9.575948346138609e-50,4,"{'1': {'effect': 0.1559118687570651, 'n_state': 649, 'same_sign': True}, '2': {'effect': 0.1313592118653022, 'n_state': 607, 'same_sign': True}, '3': {'effect': 0.18586429315471964, 'n_state': 654, 'same_sign': True}, '4': {'effect': 0.10150550682138015, 'n_state': 700, 'same_sign': True}}"
2451,66281,0.1513327488135756,0.7258261933904528,0.5744934445768772,3.0062219114300783e-50,dist_high24_atr:Q1:H3,feature_quintile_x_server_4h_block,dist_high24_atr,1,3.0,3,move_ge_1atr,7.090146017523771e-50,2332,66180,0.1360702942803218,7.97575122251957e-39,1.8810734015376344e-38,4,"{'1': {'effect': 0.12019807928344373, 'n_state': 684, 'same_sign': True}, '2': {'effect': 0.08344557425436838, 'n_state': 505, 'same_sign': True}, '3': {'effect': 0.14109573314208257, 'n_state': 559, 'same_sign': True}, '4': {'effect': 0.1814475601079628, 'n_state': 584, 'same_sign': True}}"
2163,66569,-0.09036199891370678,0.492371705963939,0.5827337048776458,5.3168776733728664e-17,dist_high24_atr:Q1:H5,feature_quintile_x_server_4h_block,dist_high24_atr,1,5.0,3,move_ge_1atr,6.668324841186705e-17,2446,66066,-0.08143802479638351,1.4450833318688344e-15,2.052675187313685e-15,4,"{'1': {'effect': -0.1208260572829416, 'n_state': 622, 'same_sign': True}, '2': {'effect': -0.07748141228803301, 'n_state': 645, 'same_sign': True}, '3': {'effect': -0.0780084396964667, 'n_state': 611, 'same_sign': True}, '4': {'effect': -0.03705205446739068, 'n_state': 568, 'same_sign': True}}"
11453,57279,0.06438432307027109,0.6335457958613464,0.5691614727910753,3.3694552060415696e-37,dist_high24_atr:Q2,feature_quintile,dist_high24_atr,2,,3,move_ge_1atr,5.988368257182885e-37,11826,56686,0.05738638404914875,2.2106482436794916e-30,4.386206832697404e-30,4,"{'1': {'effect': 0.0631970760827737, 'n_state': 2889, 'same_sign': True}, '2': {'effect': 0.05109650134424926, 'n_state': 2836, 'same_sign': True}, '3': {'effect': 0.04765563257527816, 'n_state': 2948, 'same_sign': True}, '4': {'effect': 0.03765937367651062, 'n_state': 3153, 'same_sign': True}}"
744,67988,0.18420067488190517,0.7620967741935484,0.5778960993116432,4.3156548378685276e-24,dist_high24_atr:Q2:H0,feature_quintile_x_server_4h_block,dist_high24_atr,2,0.0,3,move_ge_1atr,5.800611341221139e-24,673,67839,0.17501502059537133,7.703344787678368e-20,1.2086838055980702e-19,4,"{'1': {'effect': 0.1792116964633681, 'n_state': 165, 'same_sign': True}, '2': {'effect': 0.1758720706889052, 'n_state': 159, 'same_sign': True}, '3': {'effect': 0.14801959599465564, 'n_state': 189, 'same_sign': True}, '4': {'effect': 0.1962839419475655, 'n_state': 160, 'same_sign': True}}"
2452,66280,0.1383405316906574,0.7132952691680261,0.5749547374773687,2.688830868818726e-42,dist_high24_atr:Q2:H2,feature_quintile_x_server_4h_block,dist_high24_atr,2,2.0,3,move_ge_1atr,5.479954216342512e-42,2610,65902,0.10076580679241476,2.2236402873813082e-24,3.842696349161247e-24,4,"{'1': {'effect': 0.12229178861310941, 'n_state': 663, 'same_sign': True}, '2': {'effect': 0.07210300290295713, 'n_state': 619, 'same_sign': True}, '3': {'effect': 0.13648127095346319, 'n_state': 634, 'same_sign': True}, '4': {'effect': 0.06219766194025156, 'n_state': 694, 'same_sign': True}}"
2410,66322,0.1403851146944225,0.7153526970954357,0.5749675824010132,8.153856501914078e-43,dist_high24_atr:Q2:H3,feature_quintile_x_server_4h_block,dist_high24_atr,2,3.0,3,move_ge_1atr,1.6893349106175576e-42,2551,65961,0.1174314715540753,7.557142752158539e-32,1.540178550032311e-31,4,"{'1': {'effect': 0.14637497988460546, 'n_state': 652, 'same_sign': True}, '2': {'effect': 0.13651582370694748, 'n_state': 604, 'same_sign': True}, '3': {'effect': 0.10582016207955347, 'n_state': 615, 'same_sign': True}, '4': {'effect': 0.0707928931685895, 'n_state': 680, 'same_sign': True}}"
11452,57280,0.05512424216111156,0.6258295494236814,0.5707053072625698,1.0251010331492854e-27,dist_high24_atr:Q3,feature_quintile,dist_high24_atr,3,,3,move_ge_1atr,1.4957699900038211e-27,11229,57283,0.07432563160800221,7.452291011729391e-48,2.054859653969501e-47,4,"{'1': {'effect': 0.08904765273160264, 'n_state': 2680, 'same_sign': True}, '2': {'effect': 0.06243707329388526, 'n_state': 2644, 'same_sign': True}, '3': {'effect': 0.06478657896498674, 'n_state': 2866, 'same_sign': True}, '4': {'effect': 0.0454088600518644, 'n_state': 3039, 'same_sign': True}}"
712,68020,0.19175936357119028,0.7696629213483146,0.5779035577771243,6.16093381763394e-25,dist_high24_atr:Q3:H0,feature_quintile_x_server_4h_block,dist_high24_atr,3,0.0,3,move_ge_1atr,8.401273387682646e-25,660,67852,0.21876633457132189,1.5223244071838185e-29,2.942637385020268e-29,4,"{'1': {'effect': 0.17944340214166932, 'n_state': 173, 'same_sign': True}, '2': {'effect': 0.27423870561708097, 'n_state': 169, 'same_sign': True}, '3': {'effect': 0.27911831008646737, 'n_state': 155, 'same_sign': True}, '4': {'effect': 0.13917814622839275, 'n_state': 163, 'same_sign': True}}"
2444,66288,0.1437145227115878,0.7184942716857611,0.5747797489741733,2.269935653674779e-45,dist_high24_atr:Q3:H2,feature_quintile_x_server_4h_block,dist_high24_atr,3,2.0,3,move_ge_1atr,4.8641478293030985e-45,2410,66102,0.15022828418949163,2.1327998226429155e-48,6.059090405235556e-48,4,"{'1': {'effect': 0.17722462305965114, 'n_state': 590, 'same_sign': True}, '2': {'effect': 0.09722325075862703, 'n_state': 561, 'same_sign': True}, '3': {'effect': 0.20057172923684452, 'n_state': 652, 'same_sign': True}, '4': {'effect': 0.10310227232613833, 'n_state': 607, 'same_sign': True}}"
2334,66398,0.11022844944302923,0.6863753213367609,0.5761468718937317,2.84155623071771e-26,dist_high24_atr:Q3:H3,feature_quintile_x_server_4h_block,dist_high24_atr,3,3.0,3,move_ge_1atr,3.990949762243975e-26,2510,66002,0.10861967118948823,4.339496185667094e-27,7.899568299151264e-27,4,"{'1': {'effect': 0.13517430021422916, 'n_state': 598, 'same_sign': True}, '2': {'effect': 0.11567765417859677, 'n_state': 590, 'same_sign': True}, '3': {'effect': 0.084565340998349, 'n_state': 598, 'same_sign': True}, '4': {'effect': 0.090357751677557, 'n_state': 724, 'same_sign': True}}"
11461,57271,0.08386282518976718,0.6497687810836751,0.5659059558939079,6.513141946528473e-62,dist_high24_atr:Q4,feature_quintile,dist_high24_atr,4,,3,move_ge_1atr,2.001990352416539e-61,11347,57165,0.09273051973051372,4.429494784229041e-74,2.102608283653026e-73,4,"{'1': {'effect': 0.11045248831649734, 'n_state': 2617, 'same_sign': True}, '2': {'effect': 0.0720138335826852, 'n_state': 2969, 'same_sign': True}, '3': {'effect': 0.06556877978254361, 'n_state': 2853, 'same_sign': True}, '4': {'effect': 0.07761008969913008, 'n_state': 2908, 'same_sign': True}}"
717,68015,0.19621545456530787,0.7740585774058577,0.5778431228405498,3.3459634372696593e-26,dist_high24_atr:Q4:H0,feature_quintile_x_server_4h_block,dist_high24_atr,4,0.0,3,move_ge_1atr,4.68185182453777e-26,737,67775,0.18840518576761744,1.0020753946267656e-24,1.7397142267825792e-24,4,"{'1': {'effect': 0.26828241085876525, 'n_state': 187, 'same_sign': True}, '2': {'effect': 0.22040154176424676, 'n_state': 192, 'same_sign': True}, '3': {'effect': 0.11139599471859618, 'n_state': 180, 'same_sign': True}, '4': {'effect': 0.14155849836049827, 'n_state': 178, 'same_sign': True}}"
2380,66352,0.1866574601868719,0.7600840336134453,0.5734265734265734,1.9495551513367142e-73,dist_high24_atr:Q4:H2,feature_quintile_x_server_4h_block,dist_high24_atr,4,2.0,3,move_ge_1atr,6.707185153681356e-73,2429,66083,0.17693915582925213,6.290661521582981e-67,2.592305572080899e-66,4,"{'1': {'effect': 0.23401486947731198, 'n_state': 532, 'same_sign': True}, '2': {'effect': 0.14290471504928826, 'n_state': 658, 'same_sign': True}, '3': {'effect': 0.17716805162659122, 'n_state': 640, 'same_sign': True}, '4': {'effect': 0.1441012852371002, 'n_state': 599, 'same_sign': True}}"
2222,66510,0.16625896689804298,0.7407740774077408,0.5745151105096978,5.363531257659987e-55,dist_high24_atr:Q4:H3,feature_quintile_x_server_4h_block,dist_high24_atr,4,3.0,3,move_ge_1atr,1.4366601583017821e-54,2365,66147,0.15101197982033154,4.891316077761726e-48,1.3586989104893685e-47,4,"{'1': {'effect': 0.18763999503476525, 'n_state': 518, 'same_sign': True}, '2': {'effect': 0.10309592754456642, 'n_state': 610, 'same_sign': True}, '3': {'effect': 0.18442477300344373, 'n_state': 571, 'same_sign': True}, '4': {'effect': 0.12371738539825083, 'n_state': 666, 'same_sign': True}}"
22944,45788,-0.1932627367667057,0.4511419107391911,0.6444046475058968,0.0,dist_high24_atr:Q5,feature_quintile,dist_high24_atr,5,,3,move_ge_1atr,0.0,21703,46809,-0.18907042021646375,0.0,0.0,4,"{'1': {'effect': -0.13819609767838936, 'n_state': 5392, 'same_sign': True}, '2': {'effect': -0.13889267185969595, 'n_state': 5593, 'same_sign': True}, '3': {'effect': -0.14312557741739307, 'n_state': 5740, 'same_sign': True}, '4': {'effect': -0.1410014053335289, 'n_state': 4978, 'same_sign': True}}"
6429,62303,-0.323820597908025,0.2863586871986312,0.6101792851066562,0.0,dist_high24_atr:Q5:H0,feature_quintile_x_server_4h_block,dist_high24_atr,5,0.0,3,move_ge_1atr,0.0,6388,62124,-0.3242041579877795,0.0,0.0,4,"{'1': {'effect': -0.2655147483105527, 'n_state': 1572, 'same_sign': True}, '2': {'effect': -0.3256114931242595, 'n_state': 1581, 'same_sign': True}, '3': {'effect': -0.29721495416910476, 'n_state': 1645, 'same_sign': True}, '4': {'effect': -0.31550602701088787, 'n_state': 1590, 'same_sign': True}}"
2749,65983,0.18600714128406826,0.7584576209530739,0.5724504796690056,1.6878057897711483e-83,dist_high24_atr:Q5:H2,feature_quintile_x_server_4h_block,dist_high24_atr,5,2.0,3,move_ge_1atr,6.805668507141726e-83,2325,66187,0.21258269377201222,6.776394506223368e-92,3.9705436559902546e-91,4,"{'1': {'effect': 0.2097077455246522, 'n_state': 590, 'same_sign': True}, '2': {'effect': 0.2119800361315617, 'n_state': 627, 'same_sign': True}, '3': {'effect': 0.2072127832347237, 'n_state': 588, 'same_sign': True}, '4': {'effect': 0.19829210676369158, 'n_state': 520, 'same_sign': True}}"
2552,66180,0.11928835199148136,0.6947492163009404,0.5754608643094591,4.506519111221214e-33,dist_high24_atr:Q5:H3,feature_quintile_x_server_4h_block,dist_high24_atr,5,3.0,3,move_ge_1atr,7.477631268619271e-33,2190,66322,0.07876568434147002,2.504889496132606e-13,3.403382467571475e-13,4,"{'1': {'effect': 0.13646251635762374, 'n_state': 527, 'same_sign': True}, '2': {'effect': 0.06609815146885833, 'n_state': 590, 'same_sign': True}, '3': {'effect': 0.043570585042692844, 'n_state': 651, 'same_sign': True}, '4': {'effect': 0.06882053930572796, 'n_state': 422, 'same_sign': True}}"
5771,62961,-0.28498267959037865,0.31883555709582395,0.6038182366862026,0.0,dist_high24_atr:Q5:H4,feature_quintile_x_server_4h_block,dist_high24_atr,5,4.0,3,move_ge_1atr,0.0,5522,62990,-0.26397364833554987,3.003169525e-315,3.6328663613e-314,4,"{'1': {'effect': -0.27209866056673276, 'n_state': 1419, 'same_sign': True}, '2': {'effect': -0.2406320084578366, 'n_state': 1396, 'same_sign': True}, '3': {'effect': -0.2726371569437506, 'n_state': 1428, 'same_sign': True}, '4': {'effect': -0.20059911613780734, 'n_state': 1279, 'same_sign': True}}"
2651,66081,-0.17000031242020563,0.4164466239155036,0.5864469363357092,1.0105342644304415e-67,dist_high24_atr:Q5:H5,feature_quintile_x_server_4h_block,dist_high24_atr,5,5.0,3,move_ge_1atr,3.29522042749057e-67,2608,65904,-0.1498319921000541,8.229105988409325e-52,2.5294383161094237e-51,4,"{'1': {'effect': -0.18365279688835145, 'n_state': 748, 'same_sign': True}, '2': {'effect': -0.14332990819196817, 'n_state': 617, 'same_sign': True}, '3': {'effect': -0.1297469408895019, 'n_state': 655, 'same_sign': True}, '4': {'effect': -0.11699830983568271, 'n_state': 588, 'same_sign': True}}"
11469,57263,0.14361171949516993,0.6995378847327579,0.555926165237588,6.168590966475078e-178,dist_low24_atr:Q1,feature_quintile,dist_low24_atr,1,,3,move_ge_1atr,5.028742635713378e-177,10989,57523,0.15583671693401713,1.8976723196341533e-200,1.6173343633245623e-199,4,"{'1': {'effect': 0.14221465321173843, 'n_state': 2640, 'same_sign': True}, '2': {'effect': 0.16245015406018848, 'n_state': 2740, 'same_sign': True}, '3': {'effect': 0.08681775244725443, 'n_state': 3178, 'same_sign': True}, '4': {'effect': 0.16480044986236575, 'n_state': 2431, 'same_sign': True}}"
873,67859,0.17258849531118758,0.7502863688430699,0.5776978735318823,1.0058103731061422e-24,dist_low24_atr:Q1:H0,feature_quintile_x_server_4h_block,dist_low24_atr,1,0.0,3,move_ge_1atr,1.3616566422917088e-24,791,67721,0.16596226008059278,7.614049607660932e-21,1.246842184660633e-20,4,"{'1': {'effect': 0.20549002066048916, 'n_state': 197, 'same_sign': True}, '2': {'effect': 0.21896474997072257, 'n_state': 200, 'same_sign': True}, '3': {'effect': 0.07070092252262272, 'n_state': 237, 'same_sign': True}, '4': {'effect': 0.18534263099116788, 'n_state': 157, 'same_sign': True}}"
2315,66417,0.11379147737651152,0.6898488120950323,0.5760573347185208,1.1014084740353826e-27,dist_low24_atr:Q1:H1,feature_quintile_x_server_4h_block,dist_low24_atr,1,1.0,3,move_ge_1atr,1.6008844099351492e-27,2490,66022,0.09209431102374421,8.727890299476139e-20,1.3580742167234657e-19,4,"{'1': {'effect': 0.061014433840733795, 'n_state': 574, 'same_sign': True}, '2': {'effect': 0.13313497956401765, 'n_state': 670, 'same_sign': True}, '3': {'effect': 0.05094528974225243, 'n_state': 726, 'same_sign': True}, '4': {'effect': 0.11884294079846502, 'n_state': 520, 'same_sign': True}}"
2550,66182,0.21392925391122875,0.7858823529411765,0.5719530990299477,2.5472674912655223e-102,dist_low24_atr:Q1:H2,feature_quintile_x_server_4h_block,dist_low24_atr,1,2.0,3,move_ge_1atr,1.492539545663392e-101,2234,66278,0.24156031093684416,1.067065013378152e-113,7.020164561698369e-113,4,"{'1': {'effect': 0.23627643961188527, 'n_state': 523, 'same_sign': True}, '2': {'effect': 0.2733301120329845, 'n_state': 567, 'same_sign': True}, '3': {'effect': 0.20548429691992853, 'n_state': 670, 'same_sign': True}, '4': {'effect': 0.23240177399003759, 'n_state': 474, 'same_sign': True}}"
2181,66551,0.2250504556629962,0.797799174690509,0.5727487190275128,1.7528538792207782e-97,dist_low24_atr:Q1:H3,feature_quintile_x_server_4h_block,dist_low24_atr,1,3.0,3,move_ge_1atr,9.666473598643997e-97,2197,66315,0.20973720581804112,7.694446960882009e-85,4.243261191662872e-84,4,"{'1': {'effect': 0.24228172885517918, 'n_state': 539, 'same_sign': True}, '2': {'effect': 0.20414449258651146, 'n_state': 533, 'same_sign': True}, '3': {'effect': 0.18015872296452073, 'n_state': 624, 'same_sign': True}, '4': {'effect': 0.19523224360412994, 'n_state': 501, 'same_sign': True}}"
1406,67326,0.07382501287022414,0.6522048364153628,0.5783798235451386,2.844024987565019e-08,dist_low24_atr:Q1:H4,feature_quintile_x_server_4h_block,dist_low24_atr,1,4.0,3,move_ge_1atr,3.118448451277433e-08,1261,67251,0.12960472827593184,3.5216371996650033e-20,5.619633829252665e-20,3,"{'1': {'effect': 0.14100752448623155, 'n_state': 297, 'same_sign': True}, '2': {'effect': 0.08418574240153909, 'n_state': 329, 'same_sign': True}, '3': {'effect': -0.016747786313258572, 'n_state': 300, 'same_sign': False}, '4': {'effect': 0.2884673979647796, 'n_state': 335, 'same_sign': True}}"
11435,57297,0.06660943757035676,0.6354175776125929,0.5688081400422361,1.205023342462744e-39,dist_low24_atr:Q2,feature_quintile,dist_low24_atr,2,,3,move_ge_1atr,2.2822411789067117e-39,11292,57220,0.08833877312033289,3.802808260613385e-67,1.5845034419222438e-66,4,"{'1': {'effect': 0.09830205136893899, 'n_state': 2662, 'same_sign': True}, '2': {'effect': 0.07768930530163032, 'n_state': 2881, 'same_sign': True}, '3': {'effect': 0.08112322469444433, 'n_state': 2743, 'same_sign': True}, '4': {'effect': 0.053434486018345884, 'n_state': 3006, 'same_sign': True}}"
768,67964,0.19836819247444726,0.7760416666666666,0.5776734741922194,1.6519360020197523e-28,dist_low24_atr:Q2:H0,feature_quintile_x_server_4h_block,dist_low24_atr,2,0.0,3,move_ge_1atr,2.4388818927456974e-28,650,67862,0.20915604745376926,9.151589646067657e-27,1.642031635059986e-26,4,"{'1': {'effect': 0.21962325688361106, 'n_state': 182, 'same_sign': True}, '2': {'effect': 0.21228611618667703, 'n_state': 167, 'same_sign': True}, '3': {'effect': 0.2308920714416829, 'n_state': 138, 'same_sign': True}, '4': {'effect': 0.16992614681398344, 'n_state': 163, 'same_sign': True}}"
2415,66317,0.14830217409567836,0.7229813664596273,0.5746791923639489,1.144623265973872e-47,dist_low24_atr:Q2:H2,feature_quintile_x_server_4h_block,dist_low24_atr,2,2.0,3,move_ge_1atr,2.554962647263107e-47,2328,66184,0.17465543317121113,1.0281704309771782e-62,3.8556391161644186e-62,4,"{'1': {'effect': 0.1981189432683652, 'n_state': 549, 'same_sign': True}, '2': {'effect': 0.16063703912162308, 'n_state': 631, 'same_sign': True}, '3': {'effect': 0.20537038805590047, 'n_state': 592, 'same_sign': True}, '4': {'effect': 0.11592096621131487, 'n_state': 556, 'same_sign': True}}"
2280,66452,0.14056224199818157,0.7157894736842105,0.575227231686029,8.961210074443181e-41,dist_low24_atr:Q2:H3,feature_quintile_x_server_4h_block,dist_low24_atr,2,3.0,3,move_ge_1atr,1.7411677605783381e-40,2433,66079,0.1309473962423896,1.6194759327415427e-37,3.7257881888225676e-37,4,"{'1': {'effect': 0.13329684629088734, 'n_state': 548, 'same_sign': True}, '2': {'effect': 0.14716550151606766, 'n_state': 633, 'same_sign': True}, '3': {'effect': 0.16323100051734452, 'n_state': 549, 'same_sign': True}, '4': {'effect': 0.0770751634470237, 'n_state': 703, 'same_sign': True}}"
11454,57278,0.06295713614427778,0.6323555089924917,0.5693983728482139,1.204916773147565e-35,dist_low24_atr:Q3,feature_quintile,dist_low24_atr,3,,3,move_ge_1atr,2.0918693978256336e-35,10848,57664,0.07860760454624327,6.734561424418359e-52,2.087157466245359e-51,4,"{'1': {'effect': 0.08071620955973358, 'n_state': 2623, 'same_sign': True}, '2': {'effect': 0.057628803138418117, 'n_state': 2625, 'same_sign': True}, '3': {'effect': 0.0931645443114999, 'n_state': 2604, 'same_sign': True}, '4': {'effect': 0.04720558277797349, 'n_state': 2996, 'same_sign': True}}"
633,68099,0.24862407014673626,0.8262243285939969,0.5776002584472606,1.749229291106593e-36,dist_low24_atr:Q3:H0,feature_quintile_x_server_4h_block,dist_low24_atr,3,0.0,3,move_ge_1atr,3.094155585683832e-36,690,67822,0.18006657666124326,2.1605920885581935e-21,3.585053244289038e-21,4,"{'1': {'effect': 0.22655077958282366, 'n_state': 164, 'same_sign': True}, '2': {'effect': 0.20877669326756032, 'n_state': 191, 'same_sign': True}, '3': {'effect': 0.20764424229249234, 'n_state': 168, 'same_sign': True}, '4': {'effect': 0.06822238177825346, 'n_state': 167, 'same_sign': True}}"
2430,66302,0.159920307290757,0.7341563786008231,0.574236071310066,1.860078611925392e-55,dist_low24_atr:Q3:H2,feature_quintile_x_server_4h_block,dist_low24_atr,3,2.0,3,move_ge_1atr,5.128893231411927e-55,2313,66199,0.1437559969567842,8.305663287036625e-43,2.1629331476657877e-42,4,"{'1': {'effect': 0.16258390184930682, 'n_state': 566, 'same_sign': True}, '2': {'effect': 0.09115505230918253, 'n_state': 589, 'same_sign': True}, '3': {'effect': 0.19484636453352688, 'n_state': 583, 'same_sign': True}, '4': {'effect': 0.11253085499289295, 'n_state': 575, 'same_sign': True}}"
2420,66312,0.13434428182725489,0.709504132231405,0.5751598504041501,1.6590975320616323e-39,dist_low24_atr:Q3:H3,feature_quintile_x_server_4h_block,dist_low24_atr,3,3.0,3,move_ge_1atr,3.095331216532896e-39,2367,66145,0.13682758331727773,8.808699791013986e-40,2.1589950468171534e-39,4,"{'1': {'effect': 0.15653242423744007, 'n_state': 561, 'same_sign': True}, '2': {'effect': 0.13606137799739548, 'n_state': 543, 'same_sign': True}, '3': {'effect': 0.13012247334888805, 'n_state': 562, 'same_sign': True}, '4': {'effect': 0.11495826772536433, 'n_state': 701, 'same_sign': True}}"
11429,57303,0.05997107381652611,0.6298888791670313,0.5699178053505052,1.8997346707304423e-32,dist_low24_atr:Q4,feature_quintile,dist_low24_atr,4,,3,move_ge_1atr,3.110919220628454e-32,11438,57074,0.0359321844511743,1.4607827298019262e-12,1.9564054416990082e-12,3,"{'1': {'effect': 0.0630330580735401, 'n_state': 2712, 'same_sign': True}, '2': {'effect': -0.0028523026468104673, 'n_state': 2862, 'same_sign': False}, '3': {'effect': 0.03001262713299957, 'n_state': 2850, 'same_sign': True}, '4': {'effect': 0.036108469188835146, 'n_state': 3014, 'same_sign': True}}"
635,68097,0.2030886464756908,0.7811023622047244,0.5780137157290336,5.689845700623834e-25,dist_low24_atr:Q4:H0,feature_quintile_x_server_4h_block,dist_low24_atr,4,0.0,3,move_ge_1atr,7.815722116241531e-25,590,67922,0.1789342610841249,2.478289136164997e-18,3.732363156874996e-18,4,"{'1': {'effect': 0.19490077763512137, 'n_state': 134, 'same_sign': True}, '2': {'effect': 0.15969325455776107, 'n_state': 146, 'same_sign': True}, '3': {'effect': 0.1822253470482198, 'n_state': 163, 'same_sign': True}, '4': {'effect': 0.1751980540625524, 'n_state': 147, 'same_sign': True}}"
2384,66348,0.15840640240214,0.7328020134228188,0.5743956110206788,1.7429680415272287e-53,dist_low24_atr:Q4:H2,feature_quintile_x_server_4h_block,dist_low24_atr,4,2.0,3,move_ge_1atr,4.4163041592750725e-53,2634,65878,0.10951782825449208,9.741111823465931e-29,1.808374719702834e-28,4,"{'1': {'effect': 0.16879574428383282, 'n_state': 594, 'same_sign': True}, '2': {'effect': 0.0470773502519769, 'n_state': 693, 'same_sign': True}, '3': {'effect': 0.14172954422584216, 'n_state': 652, 'same_sign': True}, '4': {'effect': 0.07872850369747697, 'n_state': 695, 'same_sign': True}}"
2356,66376,0.12560390637645324,0.7011884550084889,0.5755845486320357,6.608179176287398e-34,dist_low24_atr:Q4:H3,feature_quintile_x_server_4h_block,dist_low24_atr,4,3.0,3,move_ge_1atr,1.1212973715419794e-33,2392,66120,0.08815936161473914,1.2537545485893033e-17,1.865706173495987e-17,4,"{'1': {'effect': 0.13065318921898916, 'n_state': 622, 'same_sign': True}, '2': {'effect': 0.046847540298455725, 'n_state': 579, 'same_sign': True}, '3': {'effect': 0.08878450332364096, 'n_state': 585, 'same_sign': True}, '4': {'effect': 0.07424629601062771, 'n_state': 606, 'same_sign': True}}"
2124,66608,-0.12276085441063844,0.4609227871939736,0.5836836416046121,1.5726034630490976e-29,dist_low24_atr:Q4:H5,feature_quintile_x_server_4h_block,dist_low24_atr,4,5.0,3,move_ge_1atr,2.3589051945736463e-29,2073,66439,-0.08790639425824426,1.8088385752016923e-15,2.5596772290589985e-15,4,"{'1': {'effect': -0.10945169413523542, 'n_state': 476, 'same_sign': True}, '2': {'effect': -0.0663767585773668, 'n_state': 581, 'same_sign': True}, '3': {'effect': -0.11873595207692744, 'n_state': 508, 'same_sign': True}, '4': {'effect': -0.05329005658305419, 'n_state': 508, 'same_sign': True}}"
22945,45787,-0.20801658915547638,0.44131619089126173,0.6493327800467381,0.0,dist_low24_atr:Q5,feature_quintile,dist_low24_atr,5,,3,move_ge_1atr,0.0,23945,44567,-0.21385312897992415,0.0,0.0,4,"{'1': {'effect': -0.14515278423536976, 'n_state': 6017, 'same_sign': True}, '2': {'effect': -0.16773081288713187, 'n_state': 5886, 'same_sign': True}, '3': {'effect': -0.15683127446677597, 'n_state': 6168, 'same_sign': True}, '4': {'effect': -0.13996131475308243, 'n_state': 5874, 'same_sign': True}}"
6415,62317,-0.3258094775548011,0.284489477786438,0.6102989553412391,0.0,dist_low24_atr:Q5:H0,feature_quintile_x_server_4h_block,dist_low24_atr,5,0.0,3,move_ge_1atr,0.0,6558,61954,-0.3121700255468983,0.0,0.0,4,"{'1': {'effect': -0.25969444482561127, 'n_state': 1591, 'same_sign': True}, '2': {'effect': -0.32118692248331765, 'n_state': 1597, 'same_sign': True}, '3': {'effect': -0.28192980604722157, 'n_state': 1670, 'same_sign': True}, '4': {'effect': -0.2939687481290786, 'n_state': 1700, 'same_sign': True}}"
2653,66079,0.1727250230191122,0.7459479834150019,0.5732229603958897,6.71382177568906e-70,dist_low24_atr:Q5:H2,feature_quintile_x_server_4h_block,dist_low24_atr,5,2.0,3,move_ge_1atr,2.2280381998968119e-69,2875,65637,0.12736591437358702,1.808240236662753e-41,4.5509401929431697e-41,4,"{'1': {'effect': 0.13948343446276112, 'n_state': 792, 'same_sign': True}, '2': {'effect': 0.10654346926431724, 'n_state': 592, 'same_sign': True}, '3': {'effect': 0.16218671733773227, 'n_state': 671, 'same_sign': True}, '4': {'effect': 0.08803778376376215, 'n_state': 820, 'same_sign': True}}"
2732,66000,0.07575664403922089,0.6526354319180088,0.5768787878787879,3.798999019570543e-15,dist_low24_atr:Q5:H3,feature_quintile_x_server_4h_block,dist_low24_atr,5,3.0,3,move_ge_1atr,4.670900433898209e-15,2559,65953,0.04054531544474338,4.885743740182819e-05,5.295242492972708e-05,3,"{'1': {'effect': 0.07728471309491636, 'n_state': 709, 'same_sign': True}, '2': {'effect': -0.013604286841888413, 'n_state': 611, 'same_sign': False}, '3': {'effect': 0.001590453360567623, 'n_state': 674, 'same_sign': True}, '4': {'effect': 0.0942800420577673, 'n_state': 565, 'same_sign': True}}"
5634,63098,-0.2952528566631868,0.308839190628328,0.6040920472915148,0.0,dist_low24_atr:Q5:H4,feature_quintile_x_server_4h_block,dist_low24_atr,5,4.0,3,move_ge_1atr,0.0,5709,62803,-0.272514569806984,0.0,0.0,4,"{'1': {'effect': -0.2931732321518491, 'n_state': 1427, 'same_sign': True}, '2': {'effect': -0.2397695345631891, 'n_state': 1440, 'same_sign': True}, '3': {'effect': -0.24317110653469942, 'n_state': 1583, 'same_sign': True}, '4': {'effect': -0.2447219831053714, 'n_state': 1259, 'same_sign': True}}"
2860,65872,-0.17456646159281575,0.4125874125874126,0.5871538741802284,1.518178020196527e-76,dist_low24_atr:Q5:H5,feature_quintile_x_server_4h_block,dist_low24_atr,5,5.0,3,move_ge_1atr,5.527347160909685e-76,3169,65343,-0.16701567334800077,1.1968535899343499e-76,5.828832418511444e-76,4,"{'1': {'effect': -0.2202555621605301, 'n_state': 771, 'same_sign': True}, '2': {'effect': -0.14137165644179184, 'n_state': 857, 'same_sign': True}, '3': {'effect': -0.15069051845986892, 'n_state': 790, 'same_sign': True}, '4': {'effect': -0.13405603476981276, 'n_state': 751, 'same_sign': True}}"
9167,59565,-0.08608005472496227,0.5052907167012108,0.5913707714261731,1.7325837520085575e-54,tickvol_z48:Q1,feature_quintile,tickvol_z48,1,,3,move_ge_1atr,4.543488860162301e-54,7309,61203,-0.05373097595875209,1.925204769959913e-18,2.9110959223184168e-18,4,"{'1': {'effect': -0.04000528476365972, 'n_state': 1524, 'same_sign': True}, '2': {'effect': -0.04029593678411281, 'n_state': 1909, 'same_sign': True}, '3': {'effect': -0.06412731187049969, 'n_state': 1864, 'same_sign': True}, '4': {'effect': -0.05128184277791892, 'n_state': 2012, 'same_sign': True}}"
1699,67033,-0.0598871443911293,0.5214832254267217,0.581370369817851,7.851602852929936e-07,tickvol_z48:Q1:H1,feature_quintile_x_server_4h_block,tickvol_z48,1,1.0,3,move_ge_1atr,8.364633721161155e-07,1564,66948,-0.0701950301696152,3.063172814101286e-08,3.658247787541345e-08,4,"{'1': {'effect': -0.06539976403720726, 'n_state': 317, 'same_sign': True}, '2': {'effect': -0.0873080626257241, 'n_state': 423, 'same_sign': True}, '3': {'effect': -0.07859242084527146, 'n_state': 438, 'same_sign': True}, '4': {'effect': -0.04099870416885265, 'n_state': 386, 'same_sign': True}}"
1640,67092,0.07619639141302881,0.6542682926829269,0.578071901269898,6.544714630203228e-10,tickvol_z48:Q1:H3,feature_quintile_x_server_4h_block,tickvol_z48,1,3.0,3,move_ge_1atr,7.505406686012877e-10,1326,67186,0.06428312585232532,2.898290228317781e-06,3.2736711916239993e-06,4,"{'1': {'effect': 0.04379353148058762, 'n_state': 272, 'same_sign': True}, '2': {'effect': 0.08403214664183623, 'n_state': 326, 'same_sign': True}, '3': {'effect': 0.04337117193847928, 'n_state': 346, 'same_sign': True}, '4': {'effect': 0.07773804775748239, 'n_state': 382, 'same_sign': True}}"
1172,67560,-0.10297700236624457,0.4786689419795222,0.5816459443457668,1.4277359623268386e-12,tickvol_z48:Q1:H4,feature_quintile_x_server_4h_block,tickvol_z48,1,4.0,3,move_ge_1atr,1.6889621005443673e-12,774,67738,-0.13800092971071165,1.3196132766221106e-14,1.846473801243625e-14,4,"{'1': {'effect': -0.14074899200226787, 'n_state': 190, 'same_sign': True}, '2': {'effect': -0.09098696658585592, 'n_state': 187, 'same_sign': True}, '3': {'effect': -0.17633158149763312, 'n_state': 220, 'same_sign': True}, '4': {'effect': -0.13198719006026727, 'n_state': 177, 'same_sign': True}}"
4377,64355,-0.1457150298669419,0.4434544208361892,0.5891694507031311,1.1517202370308865e-79,tickvol_z48:Q1:H5,feature_quintile_x_server_4h_block,tickvol_z48,1,5.0,3,move_ge_1atr,4.407092743740637e-79,3119,65393,-0.08379474274089194,2.798513697783868e-20,4.5040456509397016e-20,4,"{'1': {'effect': -0.057348995249180246, 'n_state': 610, 'same_sign': True}, '2': {'effect': -0.062300002116597586, 'n_state': 871, 'same_sign': True}, '3': {'effect': -0.08471950332792666, 'n_state': 760, 'same_sign': True}, '4': {'effect': -0.11253576212796967, 'n_state': 878, 'same_sign': True}}"
2599,66133,-0.05563756997504532,0.5263562908811081,0.5819938608561535,1.7305686865640946e-08,tickvol_z48:Q2:H1,feature_quintile_x_server_4h_block,tickvol_z48,2,1.0,3,move_ge_1atr,1.914345892216919e-08,2822,65690,-0.058081712107175276,1.0813385894953735e-09,1.3516732368692168e-09,4,"{'1': {'effect': -0.014666789619190657, 'n_state': 652, 'same_sign': True}, '2': {'effect': -0.0905735156683603, 'n_state': 719, 'same_sign': True}, '3': {'effect': -0.08745951134754815, 'n_state': 704, 'same_sign': True}, '4': {'effect': -0.03018969307960584, 'n_state': 747, 'same_sign': True}}"
1210,67522,0.12562739882024365,0.7033057851239669,0.5776783863037233,1.703289304583992e-18,tickvol_z48:Q2:H2,feature_quintile_x_server_4h_block,tickvol_z48,2,2.0,3,move_ge_1atr,2.1799777789044267e-18,1802,66710,0.09737391006611518,1.8549297970247464e-16,2.7066096260088714e-16,4,"{'1': {'effect': 0.10143813031295001, 'n_state': 373, 'same_sign': True}, '2': {'effect': 0.0886771980880372, 'n_state': 475, 'same_sign': True}, '3': {'effect': 0.1163923235441423, 'n_state': 403, 'same_sign': True}, '4': {'effect': 0.08189708248119565, 'n_state': 551, 'same_sign': True}}"
2476,66256,0.1002144616329319,0.6764943457189014,0.5762798840859695,3.428803488616965e-23,tickvol_z48:Q2:H3,feature_quintile_x_server_4h_block,tickvol_z48,2,3.0,3,move_ge_1atr,4.592147529397721e-23,2506,66006,0.052152554077467994,2.3245910194510875e-07,2.698828582954049e-07,4,"{'1': {'effect': 0.06458497379782235, 'n_state': 520, 'same_sign': True}, '2': {'effect': 0.05556178915333665, 'n_state': 711, 'same_sign': True}, '3': {'effect': 0.07394912884056792, 'n_state': 636, 'same_sign': True}, '4': {'effect': 0.010891924706935008, 'n_state': 639, 'same_sign': True}}"
9466,59266,0.08658836853737217,0.6545531375448975,0.5679647690075253,1.4201354520776585e-56,tickvol_z48:Q3,feature_quintile,tickvol_z48,3,,3,move_ge_1atr,4.0344757161297112e-56,11350,57162,0.08577296121217903,1.1615157892977334e-63,4.444575724353572e-63,4,"{'1': {'effect': 0.07391420399837323, 'n_state': 2639, 'same_sign': True}, '2': {'effect': 0.07040692046477426, 'n_state': 2897, 'same_sign': True}, '3': {'effect': 0.09636767413787561, 'n_state': 2871, 'same_sign': True}, '4': {'effect': 0.058325010388814325, 'n_state': 2943, 'same_sign': True}}"
2802,65930,0.11799674410804695,0.6930763740185582,0.5750796299105112,2.8160437435510216e-35,tickvol_z48:Q3:H2,feature_quintile_x_server_4h_block,tickvol_z48,3,2.0,3,move_ge_1atr,4.86643504069877e-35,3692,64820,0.1299261928106269,3.681120691751913e-54,1.1900174650060065e-53,4,"{'1': {'effect': 0.14469578509222902, 'n_state': 782, 'same_sign': True}, '2': {'effect': 0.09255500578351872, 'n_state': 988, 'same_sign': True}, '3': {'effect': 0.16788575961526786, 'n_state': 956, 'same_sign': True}, '4': {'effect': 0.09827223640676375, 'n_state': 966, 'same_sign': True}}"
2770,65962,0.1311726136599598,0.7057761732851986,0.5746035596252388,9.824390156825764e-43,tickvol_z48:Q3:H3,feature_quintile_x_server_4h_block,tickvol_z48,3,3.0,3,move_ge_1atr,2.0242562136316822e-42,2875,65637,0.10957590595442257,3.8796898424374564e-31,7.821955327494872e-31,4,"{'1': {'effect': 0.10544561696923582, 'n_state': 681, 'same_sign': True}, '2': {'effect': 0.12546831300172046, 'n_state': 776, 'same_sign': True}, '3': {'effect': 0.11084381981213498, 'n_state': 723, 'same_sign': True}, '4': {'effect': 0.08018209818361155, 'n_state': 695, 'same_sign': True}}"
9412,59320,0.16189242352555488,0.7196132596685083,0.5577208361429534,4.6002976865512716e-192,tickvol_z48:Q4,feature_quintile,tickvol_z48,4,,3,move_ge_1atr,4.011887517341225e-191,9241,59271,0.14914658981896067,1.61443220363061e-159,1.2355348497173037e-158,4,"{'1': {'effect': 0.15614022704422637, 'n_state': 2423, 'same_sign': True}, '2': {'effect': 0.11779816844662372, 'n_state': 2118, 'same_sign': True}, '3': {'effect': 0.14564000879434602, 'n_state': 2270, 'same_sign': True}, '4': {'effect': 0.11348225169302684, 'n_state': 2430, 'same_sign': True}}"
1808,66924,0.07586673405257471,0.6537610619469026,0.5778943278943279,1.1242124977324088e-10,tickvol_z48:Q4:H1,feature_quintile_x_server_4h_block,tickvol_z48,4,1.0,3,move_ge_1atr,1.3052002682651805e-10,1746,66766,0.046774155305845166,9.877793515185236e-05,0.00010583350194841326,4,"{'1': {'effect': 0.08207502799794197, 'n_state': 469, 'same_sign': True}, '2': {'effect': 0.03029162943075736, 'n_state': 434, 'same_sign': True}, '3': {'effect': 0.033086515278722195, 'n_state': 442, 'same_sign': True}, '4': {'effect': 0.03452513025990178, 'n_state': 401, 'same_sign': True}}"
4159,64573,0.1743482599530688,0.7436883866314018,0.569340126678333,4.895027167120994e-108,tickvol_z48:Q4:H2,feature_quintile_x_server_4h_block,tickvol_z48,4,2.0,3,move_ge_1atr,3.1112460807972425e-107,3473,65039,0.17590200713565962,2.4018716306369646e-92,1.4296854944267648e-91,4,"{'1': {'effect': 0.19313786251997644, 'n_state': 890, 'same_sign': True}, '2': {'effect': 0.13902936668774613, 'n_state': 858, 'same_sign': True}, '3': {'effect': 0.1979812763784632, 'n_state': 916, 'same_sign': True}, '4': {'effect': 0.1420486157027695, 'n_state': 809, 'same_sign': True}}"
2102,66630,0.1727774110204,0.7473834443387251,0.574606033318325,3.0273303511456147e-56,tickvol_z48:Q4:H3,feature_quintile_x_server_4h_block,tickvol_z48,4,3.0,3,move_ge_1atr,8.535705877290266e-56,2355,66157,0.15807990944272143,2.918319308605412e-52,9.119747839391913e-52,4,"{'1': {'effect': 0.15917661070877331, 'n_state': 671, 'same_sign': True}, '2': {'effect': 0.15373962298158628, 'n_state': 481, 'same_sign': True}, '3': {'effect': 0.17345472706565934, 'n_state': 574, 'same_sign': True}, '4': {'effect': 0.13087045612732118, 'n_state': 629, 'same_sign': True}}"
1098,67634,0.1316854463591215,0.7094717668488161,0.5777863204896946,1.7904849472078172e-18,tickvol_z48:Q4:H4,feature_quintile_x_server_4h_block,tickvol_z48,4,4.0,3,move_ge_1atr,2.283781820418134e-18,1153,67359,0.13904809309870336,3.46780436518689e-21,5.728751704603893e-21,4,"{'1': {'effect': 0.17017693175706905, 'n_state': 254, 'same_sign': True}, '2': {'effect': 0.12512737827790532, 'n_state': 243, 'same_sign': True}, '3': {'effect': 0.11387471817988737, 'n_state': 222, 'same_sign': True}, '4': {'effect': 0.13695810836661604, 'n_state': 434, 'same_sign': True}}"
31299,37433,-0.07655558118370254,0.538196108501869,0.6147516896855716,3.5170381666545483e-91,tickvol_z48:Q5,feature_quintile,tickvol_z48,5,,3,move_ge_1atr,1.7128432629811111e-90,29917,38595,-0.09322854508173484,9.51797068202916e-132,6.734413218416859e-131,4,"{'1': {'effect': -0.04831385791653364, 'n_state': 7779, 'same_sign': True}, '2': {'effect': -0.07229999443653234, 'n_state': 7231, 'same_sign': True}, '3': {'effect': -0.06423523649045904, 'n_state': 7678, 'same_sign': True}, '4': {'effect': -0.051419337773963014, 'n_state': 7229, 'same_sign': True}}"
9324,59408,-0.16278360908713724,0.4391891891891892,0.6019727982763264,1.1995312403985688e-192,tickvol_z48:Q5:H0,feature_quintile_x_server_4h_block,tickvol_z48,5,0.0,3,move_ge_1atr,1.0971322320718618e-191,9279,59233,-0.16942450882519194,6.001049640981428e-206,5.2334735241117105e-205,4,"{'1': {'effect': -0.11866258534132851, 'n_state': 2268, 'same_sign': True}, '2': {'effect': -0.16140426726716223, 'n_state': 2301, 'same_sign': True}, '3': {'effect': -0.15103700201075304, 'n_state': 2376, 'same_sign': True}, '4': {'effect': -0.17459318708446542, 'n_state': 2334, 'same_sign': True}}"
3947,64785,0.15755930155755393,0.7284013174562959,0.570842015898742,1.946848761959685e-84,tickvol_z48:Q5:H1,feature_quintile_x_server_4h_block,tickvol_z48,5,1.0,3,move_ge_1atr,8.111869841498688e-84,3646,64866,0.13236060012760353,1.6769788364447455e-55,5.468409249276344e-55,4,"{'1': {'effect': 0.09144957605792425, 'n_state': 921, 'same_sign': True}, '2': {'effect': 0.17802480695129663, 'n_state': 862, 'same_sign': True}, '3': {'effect': 0.16580572374337488, 'n_state': 901, 'same_sign': True}, '4': {'effect': 0.07892439726636624, 'n_state': 962, 'same_sign': True}}"
3982,64750,0.23828472140074353,0.8043696634856856,0.5660849420849421,3.770953006816915e-192,tickvol_z48:Q5:H2,feature_quintile_x_server_4h_block,tickvol_z48,5,2.0,3,move_ge_1atr,3.3669223275151025e-191,2891,65621,0.2281481474140854,1.147203011176635e-129,7.966687577615522e-129,4,"{'1': {'effect': 0.24079426539443893, 'n_state': 844, 'same_sign': True}, '2': {'effect': 0.22902354687354232, 'n_state': 649, 'same_sign': True}, '3': {'effect': 0.22916850205508577, 'n_state': 793, 'same_sign': True}, '4': {'effect': 0.1737024153232417, 'n_state': 605, 'same_sign': True}}"
2981,65751,0.182819392351261,0.7547802750754781,0.5719608827242171,4.449616663119344e-87,tickvol_z48:Q5:H3,feature_quintile_x_server_4h_block,tickvol_z48,5,3.0,3,move_ge_1atr,2.034885669109456e-86,2886,65626,0.18035454441756826,1.2611647036545967e-81,6.568566164867691e-81,4,"{'1': {'effect': 0.2446909894913839, 'n_state': 835, 'same_sign': True}, '2': {'effect': 0.09365672327503816, 'n_state': 605, 'same_sign': True}, '3': {'effect': 0.12130478781215537, 'n_state': 715, 'same_sign': True}, '4': {'effect': 0.21399457183976944, 'n_state': 731, 'same_sign': True}}"
7604,61128,-0.21640363515548233,0.38742766964755393,0.6038313048030363,1.1296483978340733e-284,tickvol_z48:Q5:H4,feature_quintile_x_server_4h_block,tickvol_z48,5,4.0,3,move_ge_1atr,1.2103375691079358e-283,7433,61079,-0.18668624087213243,1.5289179413316732e-206,1.3651053047604226e-205,4,"{'1': {'effect': -0.22422595503577025, 'n_state': 1735, 'same_sign': True}, '2': {'effect': -0.16263346606015938, 'n_state': 1972, 'same_sign': True}, '3': {'effect': -0.19236964857274136, 'n_state': 2073, 'same_sign': True}, '4': {'effect': -0.09900880605550988, 'n_state': 1653, 'same_sign': True}}"
3461,65271,-0.16155897065363883,0.4264663392083213,0.5880253098619601,1.4485856716244898e-78,tickvol_z48:Q5:H5,feature_quintile_x_server_4h_block,tickvol_z48,5,5.0,3,move_ge_1atr,5.432196268591836e-78,3782,64730,-0.15732639741878618,2.576813655989581e-80,1.3237056452001273e-79,4,"{'1': {'effect': -0.1552231918073158, 'n_state': 1176, 'same_sign': True}, '2': {'effect': -0.18293696494831174, 'n_state': 842, 'same_sign': True}, '3': {'effect': -0.14524207926000549, 'n_state': 820, 'same_sign': True}, '4': {'effect': -0.12131206428075475, 'n_state': 944, 'same_sign': True}}"
12229,56503,0.10250737267067733,0.6641589663913647,0.5616515937206874,2.6541779554490814e-96,gap_atr:Q1,feature_quintile,gap_atr,1,,3,move_ge_1atr,1.4218810475620078e-95,12126,56386,0.08993214750013778,1.8415723297591533e-73,8.525797822959044e-73,4,"{'1': {'effect': 0.09256707211539072, 'n_state': 2841, 'same_sign': True}, '2': {'effect': 0.07161456631828556, 'n_state': 3384, 'same_sign': True}, '3': {'effect': 0.06905216364058553, 'n_state': 4190, 'same_sign': True}, '4': {'effect': 0.08596930837197647, 'n_state': 1711, 'same_sign': True}}"
1500,67232,0.1350574726320799,0.712,0.5769425273679201,1.0519770074770963e-25,gap_atr:Q1:H0,feature_quintile_x_server_4h_block,gap_atr,1,0.0,3,move_ge_1atr,1.4610791770515227e-25,1330,67182,0.11909616857182692,3.976465723588747e-18,5.964698585383121e-18,4,"{'1': {'effect': 0.1607893181182648, 'n_state': 322, 'same_sign': True}, '2': {'effect': 0.09870441755169046, 'n_state': 367, 'same_sign': True}, '3': {'effect': 0.09219122151024306, 'n_state': 474, 'same_sign': True}, '4': {'effect': 0.14625690458281615, 'n_state': 167, 'same_sign': True}}"
2569,66163,0.18449921857178664,0.7574931880108992,0.5729939694391125,3.962488967865927e-77,gap_atr:Q1:H2,feature_quintile_x_server_4h_block,gap_atr,1,2.0,3,move_ge_1atr,1.456797414656591e-76,2606,65906,0.1676375332024198,2.3577408761323437e-64,9.306871879469778e-64,4,"{'1': {'effect': 0.19855303010794545, 'n_state': 571, 'same_sign': True}, '2': {'effect': 0.13093458146896497, 'n_state': 698, 'same_sign': True}, '3': {'effect': 0.18172501588543144, 'n_state': 925, 'same_sign': True}, '4': {'effect': 0.12582980482728146, 'n_state': 412, 'same_sign': True}}"
2065,66667,0.16901353992019386,0.7438256658595641,0.5748121259393703,5.197856180939254e-53,gap_atr:Q1:H3,feature_quintile_x_server_4h_block,gap_atr,1,3.0,3,move_ge_1atr,1.2908583230809405e-52,2270,66242,0.15657500392034707,1.4044407165005411e-49,4.051271297597715e-49,4,"{'1': {'effect': 0.1595945288102113, 'n_state': 502, 'same_sign': True}, '2': {'effect': 0.14712995165076126, 'n_state': 626, 'same_sign': True}, '3': {'effect': 0.1649257140805085, 'n_state': 777, 'same_sign': True}, '4': {'effect': 0.12715364911188165, 'n_state': 365, 'same_sign': True}}"
2247,66485,-0.0828200973152508,0.4997774810858923,0.5825975784011431,5.163842810069661e-15,gap_atr:Q1:H5,feature_quintile_x_server_4h_block,gap_atr,1,5.0,3,move_ge_1atr,6.3076255823326486e-15,2166,66346,-0.04406001732599729,4.658077448539022e-05,5.063127661455459e-05,3,"{'1': {'effect': -0.04408939416497726, 'n_state': 545, 'same_sign': True}, '2': {'effect': 0.008037480310544742, 'n_state': 623, 'same_sign': False}, '3': {'effect': -0.09923869552792736, 'n_state': 730, 'same_sign': True}, '4': {'effect': -0.007000342056204034, 'n_state': 268, 'same_sign': True}}"
24866,43866,0.08553630434554371,0.6344808171800853,0.5489445128345416,1.1652311694699646e-105,gap_atr:Q2,feature_quintile,gap_atr,2,,3,move_ge_1atr,6.935899818273599e-105,19862,48650,0.08173002970237697,1.9796366053524865e-85,1.1080055626972873e-84,4,"{'1': {'effect': 0.08474240043051073, 'n_state': 5078, 'same_sign': True}, '2': {'effect': 0.055941841842220175, 'n_state': 4550, 'same_sign': True}, '3': {'effect': 0.05238407476969653, 'n_state': 4062, 'same_sign': True}, '4': {'effect': 0.056354351391019186, 'n_state': 6172, 'same_sign': True}}"
1967,66765,0.0907288769908311,0.6680223690899848,0.5772934920991537,9.354428855003352e-16,gap_atr:Q2:H0,feature_quintile_x_server_4h_block,gap_atr,2,0.0,3,move_ge_1atr,1.1654188772844707e-15,1713,66799,0.06902690453670135,1.249838157917493e-08,1.5070395794825078e-08,4,"{'1': {'effect': 0.12423889753348394, 'n_state': 426, 'same_sign': True}, '2': {'effect': 0.04568093188083344, 'n_state': 397, 'same_sign': True}, '3': {'effect': 0.07937077840055684, 'n_state': 302, 'same_sign': True}, '4': {'effect': 0.035672522350910785, 'n_state': 588, 'same_sign': True}}"
4967,63765,0.17202193459029858,0.7394805717737064,0.5674586371834078,9.636525403466162e-124,gap_atr:Q2:H2,feature_quintile_x_server_4h_block,gap_atr,2,2.0,3,move_ge_1atr,6.570358229636019e-123,3916,64596,0.15408361016987426,1.2784900305544245e-79,6.47883461429607e-79,4,"{'1': {'effect': 0.16249283366457723, 'n_state': 992, 'same_sign': True}, '2': {'effect': 0.13788104186003225, 'n_state': 935, 'same_sign': True}, '3': {'effect': 0.1632675797730181, 'n_state': 776, 'same_sign': True}, '4': {'effect': 0.13228764247779223, 'n_state': 1213, 'same_sign': True}}"
5027,63705,0.1587981559183267,0.7270738014720509,0.5682756455537242,6.793067826689501e-107,gap_atr:Q2:H3,feature_quintile_x_server_4h_block,gap_atr,2,3.0,3,move_ge_1atr,4.1087103790460694e-106,3731,64781,0.14250665161934317,2.0542620659988415e-65,8.283314782253393e-65,4,"{'1': {'effect': 0.16197423951672985, 'n_state': 1030, 'same_sign': True}, '2': {'effect': 0.12531448801195932, 'n_state': 811, 'same_sign': True}, '3': {'effect': 0.14089794254553423, 'n_state': 745, 'same_sign': True}, '4': {'effect': 0.11915978972768793, 'n_state': 1145, 'same_sign': True}}"
4167,64565,-0.12604886319851016,0.4614830813534917,0.5875319445520019,1.8263780588509037e-57,gap_atr:Q2:H5,feature_quintile_x_server_4h_block,gap_atr,2,5.0,3,move_ge_1atr,5.228181466176252e-57,3254,65258,-0.06838589123897854,1.5531876743922722e-14,2.1652244531490782e-14,4,"{'1': {'effect': -0.05719184442409997, 'n_state': 835, 'same_sign': True}, '2': {'effect': -0.05444986378652017, 'n_state': 704, 'same_sign': True}, '3': {'effect': -0.07179883865328185, 'n_state': 680, 'same_sign': True}, '4': {'effect': -0.07701667392267275, 'n_state': 1035, 'same_sign': True}}"
12471,56261,0.0592847823010243,0.6284179295966643,0.56913314729564,6.834767885399165e-34,gap_atr:Q4,feature_quintile,gap_atr,4,,3,move_ge_1atr,1.1545216022633724e-33,16424,52088,0.06750657566800466,2.492728962021306e-52,7.855238325697393e-52,4,"{'1': {'effect': 0.07283605232668966, 'n_state': 4279, 'same_sign': True}, '2': {'effect': 0.05126948990577107, 'n_state': 3672, 'same_sign': True}, '3': {'effect': 0.035906760321270825, 'n_state': 3312, 'same_sign': True}, '4': {'effect': 0.054354790657713314, 'n_state': 5161, 'same_sign': True}}"
836,67896,0.07291069426192498,0.6519138755980861,0.5790031813361611,2.1854613166851025e-05,gap_atr:Q4:H0,feature_quintile_x_server_4h_block,gap_atr,4,0.0,3,move_ge_1atr,2.2577079717821304e-05,1368,67144,0.07443163092607807,3.8022213232543684e-08,4.5264539562552006e-08,4,"{'1': {'effect': 0.11328184815786524, 'n_state': 368, 'same_sign': True}, '2': {'effect': 0.061369754528845744, 'n_state': 317, 'same_sign': True}, '3': {'effect': 0.043436849883892736, 'n_state': 241, 'same_sign': True}, '4': {'effect': 0.06496639405669036, 'n_state': 442, 'same_sign': True}}"
2510,66222,0.1569160523801325,0.7310756972111554,0.5741596448310229,4.267742454460002e-55,gap_atr:Q4:H2,feature_quintile_x_server_4h_block,gap_atr,4,2.0,3,move_ge_1atr,1.1513693672104323e-54,3259,65253,0.14665323693680554,4.450492426443996e-61,1.6047448653043253e-60,4,"{'1': {'effect': 0.1693761053410695, 'n_state': 924, 'same_sign': True}, '2': {'effect': 0.1306445680356052, 'n_state': 753, 'same_sign': True}, '3': {'effect': 0.18577281318201988, 'n_state': 590, 'same_sign': True}, '4': {'effect': 0.09702883733374101, 'n_state': 992, 'same_sign': True}}"
2435,66297,0.15070578885587937,0.7252566735112936,0.5745508846554143,1.5170607501504258e-49,gap_atr:Q4:H3,feature_quintile_x_server_4h_block,gap_atr,4,3.0,3,move_ge_1atr,3.555611133165061e-49,3167,65345,0.12260528829965012,4.1028639699752774e-42,1.0538178005073486e-41,4,"{'1': {'effect': 0.13499405176927126, 'n_state': 903, 'same_sign': True}, '2': {'effect': 0.1259593570054265, 'n_state': 674, 'same_sign': True}, '3': {'effect': 0.09424095066761984, 'n_state': 562, 'same_sign': True}, '4': {'effect': 0.11204961798698154, 'n_state': 1028, 'same_sign': True}}"
2119,66613,-0.1167601197869429,0.4667295894289759,0.5834897092159188,8.176486470889147e-27,gap_atr:Q4:H5,feature_quintile_x_server_4h_block,gap_atr,4,5.0,3,move_ge_1atr,1.1614327373422083e-26,2745,65767,-0.06623154331085979,6.841527348698368e-12,8.908238735284332e-12,4,"{'1': {'effect': -0.055071704564605195, 'n_state': 580, 'same_sign': True}, '2': {'effect': -0.07888768664120238, 'n_state': 608, 'same_sign': True}, '3': {'effect': -0.09469624842775798, 'n_state': 626, 'same_sign': True}, '4': {'effect': -0.039825734201505814, 'n_state': 931, 'same_sign': True}}"
19113,49619,-0.2168013982868192,0.4233767592737927,0.6401781575606119,0.0,gap_atr:Q5,feature_quintile,gap_atr,5,,3,move_ge_1atr,0.0,18989,49523,-0.21146669449306932,0.0,0.0,4,"{'1': {'effect': -0.18175907259643725, 'n_state': 4449, 'same_sign': True}, '2': {'effect': -0.1629464954346324, 'n_state': 5133, 'same_sign': True}, '3': {'effect': -0.12307754136468052, 'n_state': 5950, 'same_sign': True}, '4': {'effect': -0.2144644347242104, 'n_state': 3457, 'same_sign': True}}"
5013,63719,-0.3752631926432103,0.2319968082984241,0.6072600009416343,0.0,gap_atr:Q5:H0,feature_quintile_x_server_4h_block,gap_atr,5,0.0,3,move_ge_1atr,0.0,4734,63778,-0.3893075822008967,0.0,0.0,4,"{'1': {'effect': -0.35711563707182853, 'n_state': 1146, 'same_sign': True}, '2': {'effect': -0.3661319823578252, 'n_state': 1189, 'same_sign': True}, '3': {'effect': -0.31799876516162445, 'n_state': 1357, 'same_sign': True}, '4': {'effect': -0.4506882848622279, 'n_state': 1042, 'same_sign': True}}"
2383,66349,0.1835010948445044,0.7570289550986152,0.5735278602541108,4.036059493547791e-71,gap_atr:Q5:H2,feature_quintile_x_server_4h_block,gap_atr,5,2.0,3,move_ge_1atr,1.3635336126850645e-70,2443,66069,0.1700481492800724,2.729399107866488e-62,1.0034555543626793e-61,4,"{'1': {'effect': 0.19650449317616636, 'n_state': 537, 'same_sign': True}, '2': {'effect': 0.12815192161772992, 'n_state': 643, 'same_sign': True}, '3': {'effect': 0.19495062341499803, 'n_state': 876, 'same_sign': True}, '4': {'effect': 0.11875085223905357, 'n_state': 387, 'same_sign': True}}"
2436,66296,0.06315285400620552,0.6408045977011494,0.5776517436949439,5.570093469350878e-10,gap_atr:Q5:H3,feature_quintile_x_server_4h_block,gap_atr,5,3.0,3,move_ge_1atr,6.407316107382145e-10,2641,65871,0.05608580207119562,1.1750301155892712e-08,1.4214073978902473e-08,4,"{'1': {'effect': 0.11067491968538834, 'n_state': 544, 'same_sign': True}, '2': {'effect': 0.0180614254446686, 'n_state': 763, 'same_sign': True}, '3': {'effect': 0.04782141749816893, 'n_state': 909, 'same_sign': True}, '4': {'effect': 0.061945106563488506, 'n_state': 425, 'same_sign': True}}"
3758,64974,-0.4028756465127501,0.19904204364023417,0.6019176901529842,0.0,gap_atr:Q5:H4,feature_quintile_x_server_4h_block,gap_atr,5,4.0,3,move_ge_1atr,0.0,3748,64764,-0.3903218562139118,0.0,0.0,4,"{'1': {'effect': -0.4225418824455559, 'n_state': 934, 'same_sign': True}, '2': {'effect': -0.3468642548747958, 'n_state': 1044, 'same_sign': True}, '3': {'effect': -0.3580633719687739, 'n_state': 1060, 'same_sign': True}, '4': {'effect': -0.37478374272062276, 'n_state': 710, 'same_sign': True}}"
2769,65963,-0.1948169483612422,0.39292163235825206,0.5877385807194943,4.9158571173047646e-92,gap_atr:Q5:H5,feature_quintile_x_server_4h_block,gap_atr,5,5.0,3,move_ge_1atr,2.457928558652382e-91,2969,65543,-0.14943876341221346,3.999081951180797e-58,1.375830946507155e-57,4,"{'1': {'effect': -0.19940721081421064, 'n_state': 739, 'same_sign': True}, '2': {'effect': -0.10738774151515373, 'n_state': 877, 'same_sign': True}, '3': {'effect': -0.13279853570446842, 'n_state': 877, 'same_sign': True}, '4': {'effect': -0.14964692444089162, 'n_state': 476, 'same_sign': True}}"
1610,58875,0.23859764282678367,0.27922928794378465,0.040631645117000986,0.001168883292510399,ret1_atr:Q1:H5,feature_quintile_x_server_4h_block,ret1_atr,1,5.0,6,mean_fwd_ret_atr,0.018686888548420693,1612,58764,0.14324121187047065,0.020885382518184115,0.05317357972518545,4,"{'1': {'effect': 0.12744552283948646, 'n_state': 365, 'same_sign': True}, '2': {'effect': 0.25538225021458505, 'n_state': 422, 'same_sign': True}, '3': {'effect': 0.13150541340986036, 'n_state': 406, 'same_sign': True}, '4': {'effect': 0.04434887819096387, 'n_state': 419, 'same_sign': True}}"
1582,58903,-0.12240796374589002,-0.07222367576541677,0.050184287980473245,0.005817613261547495,ret12_atr:Q5:H4,feature_quintile_x_server_4h_block,ret12_atr,5,4.0,6,mean_fwd_ret_atr,0.04019441889796451,1661,58715,-0.10523422988682145,0.007771089606143936,0.029789176823551755,3,"{'1': {'effect': -0.00943386737515043, 'n_state': 336, 'same_sign': True}, '2': {'effect': -0.16770376313295743, 'n_state': 394, 'same_sign': True}, '3': {'effect': 0.11212346293510463, 'n_state': 468, 'same_sign': False}, '4': {'effect': -0.3335647011177624, 'n_state': 463, 'same_sign': True}}"
1596,58889,0.28182839778263635,0.32137455198602294,0.039546154203386606,0.0003818953536367006,body_atr:Q1:H5,feature_quintile_x_server_4h_block,body_atr,1,5.0,6,mean_fwd_ret_atr,0.014512023438194622,1604,58772,0.1425100943152176,0.023118947706602368,0.05317357972518545,4,"{'1': {'effect': 0.11662646813602184, 'n_state': 366, 'same_sign': True}, '2': {'effect': 0.26443863049834715, 'n_state': 421, 'same_sign': True}, '3': {'effect': 0.10303067553563897, 'n_state': 404, 'same_sign': True}, '4': {'effect': 0.06872338960707061, 'n_state': 413, 'same_sign': True}}"
560,59925,-0.2501877570150228,-0.20088871752124193,0.04929903949378092,0.0007274087729961647,atr_slope12:Q1:H3,feature_quintile_x_server_4h_block,atr_slope12,1,3.0,6,mean_fwd_ret_atr,0.015078827111531686,920,59456,-0.17143301004814332,0.002644571666601142,0.014057737555855081,4,"{'1': {'effect': -0.08633601892289723, 'n_state': 188, 'same_sign': True}, '2': {'effect': -0.04579242689829939, 'n_state': 259, 'same_sign': True}, '3': {'effect': -0.2514811202174762, 'n_state': 209, 'same_sign': True}, '4': {'effect': -0.2851387607468301, 'n_state': 264, 'same_sign': True}}"
2402,58083,-0.11324353752265212,-0.06176369562825951,0.05147984189439261,0.001659171526324013,compression6_atr:Q4:H1,feature_quintile_x_server_4h_block,compression6_atr,4,1.0,6,mean_fwd_ret_atr,0.02029373622246775,2353,58023,-0.15514066339188165,9.435160631179507e-06,7.233623150570956e-05,4,"{'1': {'effect': -0.14192889198461384, 'n_state': 562, 'same_sign': True}, '2': {'effect': -0.23643635003516175, 'n_state': 566, 'same_sign': True}, '3': {'effect': -0.07306412889280109, 'n_state': 637, 'same_sign': True}, '4': {'effect': -0.1600252058692607, 'n_state': 588, 'same_sign': True}}"
1987,58498,0.3259401869755411,0.3622153644299931,0.03627517745445195,2.8653551987353447e-05,dist_low24_atr:Q1:H5,feature_quintile_x_server_4h_block,dist_low24_atr,1,5.0,6,mean_fwd_ret_atr,0.004355339902077724,1828,58548,0.17208962286365534,0.014260428473840176,0.04685569355690344,4,"{'1': {'effect': 0.27601746784178643, 'n_state': 469, 'same_sign': True}, '2': {'effect': 0.16026401297913417, 'n_state': 409, 'same_sign': True}, '3': {'effect': 0.17024487779116773, 'n_state': 552, 'same_sign': True}, '4': {'effect': 0.04650955405960521, 'n_state': 398, 'same_sign': True}}"
12113,55023,0.13854298546684174,0.8902831668455379,0.7517401813786961,6.02224615441395e-241,ret1_atr:Q1,feature_quintile,ret1_atr,1,,6,move_ge_1atr,4.6612185235163976e-240,11435,55496,0.15257837591228796,1.1125899139067832e-271,9.568273259598335e-271,4,"{'1': {'effect': 0.14314483288017832, 'n_state': 2755, 'same_sign': True}, '2': {'effect': 0.1355811126296368, 'n_state': 2839, 'same_sign': True}, '3': {'effect': 0.12112694300379123, 'n_state': 2911, 'same_sign': True}, '4': {'effect': 0.1294433379427251, 'n_state': 2930, 'same_sign': True}}"
1180,65956,0.14789659464810134,0.9220338983050848,0.7741373036569834,1.162233066168453e-33,ret1_atr:Q1:H0,feature_quintile_x_server_4h_block,ret1_atr,1,0.0,6,move_ge_1atr,1.930404277284083e-33,1091,65840,0.14135512249232374,4.94249081863522e-28,7.807118150252369e-28,4,"{'1': {'effect': 0.15539772989646927, 'n_state': 299, 'same_sign': True}, '2': {'effect': 0.17740051686881486, 'n_state': 255, 'same_sign': True}, '3': {'effect': 0.12226035460731788, 'n_state': 264, 'same_sign': True}, '4': {'effect': 0.10384503831651959, 'n_state': 273, 'same_sign': True}}"
2383,64753,0.104435558761241,0.8774653797733949,0.7730298210121539,2.6864037725297503e-33,ret1_atr:Q1:H1,feature_quintile_x_server_4h_block,ret1_atr,1,1.0,6,move_ge_1atr,4.405246864275481e-33,2223,64708,0.11767626941623166,2.9954661604532696e-38,5.175202696854532e-38,4,"{'1': {'effect': 0.11306023437437696, 'n_state': 544, 'same_sign': True}, '2': {'effect': 0.12130592862410583, 'n_state': 548, 'same_sign': True}, '3': {'effect': 0.10731525357929228, 'n_state': 567, 'same_sign': True}, '4': {'effect': 0.11736738020380333, 'n_state': 564, 'same_sign': True}}"
2846,64290,0.16856790323449822,0.938158819395643,0.7695909161611448,4.039897991419221e-99,ret1_atr:Q1:H2,feature_quintile_x_server_4h_block,ret1_atr,1,2.0,6,move_ge_1atr,1.4476301135918875e-98,2599,64332,0.17373256976835516,3.9162813776758036e-94,1.5156008931605361e-93,4,"{'1': {'effect': 0.17624010410171376, 'n_state': 614, 'same_sign': True}, '2': {'effect': 0.15694533126017796, 'n_state': 656, 'same_sign': True}, '3': {'effect': 0.17747740338318985, 'n_state': 731, 'same_sign': True}, '4': {'effect': 0.16284745956186297, 'n_state': 598, 'same_sign': True}}"
2487,64649,0.16378988121330418,0.9344591877764374,0.7706693065631333,1.470963645589276e-82,ret1_atr:Q1:H3,feature_quintile_x_server_4h_block,ret1_atr,1,3.0,6,move_ge_1atr,4.155203874766787e-82,2337,64594,0.16463215569752965,1.1184117518057013e-76,3.4080736058961137e-76,4,"{'1': {'effect': 0.17288639108052406, 'n_state': 581, 'same_sign': True}, '2': {'effect': 0.16721020372374862, 'n_state': 577, 'same_sign': True}, '3': {'effect': 0.1679144929007339, 'n_state': 553, 'same_sign': True}, '4': {'effect': 0.13544935749283316, 'n_state': 626, 'same_sign': True}}"
1607,65529,0.08720499518432634,0.8618543870566272,0.7746493918723009,1.0987638559289027e-16,ret1_atr:Q1:H4,feature_quintile_x_server_4h_block,ret1_atr,1,4.0,6,move_ge_1atr,1.408018583591011e-16,1573,65358,0.11415692069656669,2.8163312331970797e-26,4.3948394647067333e-26,4,"{'1': {'effect': 0.11861404565185041, 'n_state': 352, 'same_sign': True}, '2': {'effect': 0.09568836014205961, 'n_state': 381, 'same_sign': True}, '3': {'effect': 0.0601824053725889, 'n_state': 390, 'same_sign': True}, '4': {'effect': 0.16607652311688048, 'n_state': 450, 'same_sign': True}}"
12131,55005,0.09934649341423096,0.858132058362872,0.758785564948641,4.930172618331711e-125,ret1_atr:Q2,feature_quintile,ret1_atr,2,,6,move_ge_1atr,2.326800979627283e-124,12278,54653,0.08746642886213118,1.0047902771029295e-95,4.050560804571184e-95,4,"{'1': {'effect': 0.07619558268442439, 'n_state': 2898, 'same_sign': True}, '2': {'effect': 0.07799802705566894, 'n_state': 3091, 'same_sign': True}, '3': {'effect': 0.07094904933085833, 'n_state': 3170, 'same_sign': True}, '4': {'effect': 0.07446844044746947, 'n_state': 3119, 'same_sign': True}}"
1145,65991,0.10541033814390066,0.880349344978166,0.7749390068342653,2.0328007434486954e-17,ret1_atr:Q2:H0,feature_quintile_x_server_4h_block,ret1_atr,2,0.0,6,move_ge_1atr,2.648800968736179e-17,1222,65709,0.08422823648951228,4.668386296178413e-12,5.79059454045207e-12,4,"{'1': {'effect': 0.08232859823068506, 'n_state': 274, 'same_sign': True}, '2': {'effect': 0.10631254990313521, 'n_state': 310, 'same_sign': True}, '3': {'effect': 0.11133125572702618, 'n_state': 331, 'same_sign': True}, '4': {'effect': 0.029808931136122596, 'n_state': 307, 'same_sign': True}}"
2555,64581,0.06853283446195435,0.8426614481409002,0.7741286136789458,3.38528393200485e-16,ret1_atr:Q2:H1,feature_quintile_x_server_4h_block,ret1_atr,2,1.0,6,move_ge_1atr,4.2535872782008993e-16,2575,64356,0.05470199442783985,1.104062446606529e-10,1.3228240459341384e-10,4,"{'1': {'effect': 0.01274322456057786, 'n_state': 621, 'same_sign': True}, '2': {'effect': 0.03163927837748748, 'n_state': 664, 'same_sign': True}, '3': {'effect': 0.09119253420993834, 'n_state': 651, 'same_sign': True}, '4': {'effect': 0.07585628886926687, 'n_state': 639, 'same_sign': True}}"
2354,64782,0.1626977447688288,0.9337298215802888,0.77103207681146,2.1962610114385318e-77,ret1_atr:Q2:H2,feature_quintile_x_server_4h_block,ret1_atr,2,2.0,6,move_ge_1atr,5.7819932750116446e-77,2390,64541,0.1503857591350417,1.1845727537035477e-65,2.9576106818275674e-65,4,"{'1': {'effect': 0.17288639108052406, 'n_state': 581, 'same_sign': True}, '2': {'effect': 0.12235186943427767, 'n_state': 598, 'same_sign': True}, '3': {'effect': 0.16521990737707282, 'n_state': 575, 'same_sign': True}, '4': {'effect': 0.12749216030312382, 'n_state': 636, 'same_sign': True}}"
2106,65030,0.16039339867829283,0.9320987654320988,0.771705366753806,8.847607455333019e-68,ret1_atr:Q2:H3,feature_quintile_x_server_4h_block,ret1_atr,2,3.0,6,move_ge_1atr,1.9454682302351582e-67,2258,64673,0.12375558983336443,9.832474549631616e-43,1.769845418933691e-42,4,"{'1': {'effect': 0.13505154519877294, 'n_state': 573, 'same_sign': True}, '2': {'effect': 0.12973992073217744, 'n_state': 544, 'same_sign': True}, '3': {'effect': 0.09926584337091482, 'n_state': 578, 'same_sign': True}, '4': {'effect': 0.11895043792638627, 'n_state': 563, 'same_sign': True}}"
1755,65381,0.05957850131233833,0.8347578347578347,0.7751793334454964,3.3253797918946668e-09,ret1_atr:Q2:H4,feature_quintile_x_server_4h_block,ret1_atr,2,4.0,6,move_ge_1atr,3.4501929744322685e-09,1722,65209,0.04342919609740847,2.4805928128331386e-05,2.696599490355125e-05,3,"{'1': {'effect': 0.04333900181383166, 'n_state': 366, 'same_sign': True}, '2': {'effect': 0.05696082027167926, 'n_state': 457, 'same_sign': True}, '3': {'effect': -0.008794154850489844, 'n_state': 441, 'same_sign': False}, '4': {'effect': 0.0771325744957223, 'n_state': 458, 'same_sign': True}}"
12081,55055,0.07441602952359894,0.8377617746875259,0.763345745163927,8.975620363258382e-71,ret1_atr:Q3,feature_quintile,ret1_atr,3,,6,move_ge_1atr,2.0553639530065053e-70,12878,54053,0.07729551429001746,6.55119383064856e-78,2.0282496099687943e-77,4,"{'1': {'effect': 0.07367392554997132, 'n_state': 3135, 'same_sign': True}, '2': {'effect': 0.038894219556988796, 'n_state': 3115, 'same_sign': True}, '3': {'effect': 0.06698769137410499, 'n_state': 3363, 'same_sign': True}, '4': {'effect': 0.08186835403310022, 'n_state': 3265, 'same_sign': True}}"
1272,65864,0.06410035315767881,0.839622641509434,0.7755222883517552,5.4012492595019674e-08,ret1_atr:Q3:H0,feature_quintile_x_server_4h_block,ret1_atr,3,0.0,6,move_ge_1atr,5.443446519341827e-08,1305,65626,0.04866745763436209,3.682347686134711e-05,3.9806384204864055e-05,4,"{'1': {'effect': 0.0387716777971282, 'n_state': 316, 'same_sign': True}, '2': {'effect': 0.01508534510331394, 'n_state': 337, 'same_sign': True}, '3': {'effect': 0.08069760430560702, 'n_state': 337, 'same_sign': True}, '4': {'effect': 0.05729306654009425, 'n_state': 315, 'same_sign': True}}"
2474,64662,0.0660362308855248,0.8403395311236863,0.7743033002381615,9.88266993818567e-15,ret1_atr:Q3:H1,feature_quintile_x_server_4h_block,ret1_atr,3,1.0,6,move_ge_1atr,1.1951853956493295e-14,2816,64115,0.049771794555947046,8.925402861612834e-10,1.0498878138128168e-09,4,"{'1': {'effect': 0.05797904103050555, 'n_state': 723, 'same_sign': True}, '2': {'effect': 0.006994445139168914, 'n_state': 672, 'same_sign': True}, '3': {'effect': 0.03885601736011346, 'n_state': 735, 'same_sign': True}, '4': {'effect': 0.08821588823360238, 'n_state': 686, 'same_sign': True}}"
2111,65025,0.15568090179942085,0.9275225011842728,0.771841599384852,4.184882307139033e-64,ret1_atr:Q3:H2,feature_quintile_x_server_4h_block,ret1_atr,3,2.0,6,move_ge_1atr,8.660692261298427e-64,2342,64589,0.1484345163563887,8.357205111156651e-63,1.9964434432207557e-62,4,"{'1': {'effect': 0.1683802830482256, 'n_state': 572, 'same_sign': True}, '2': {'effect': 0.09704509205535883, 'n_state': 576, 'same_sign': True}, '3': {'effect': 0.17615565156658597, 'n_state': 579, 'same_sign': True}, '4': {'effect': 0.13695001561873987, 'n_state': 615, 'same_sign': True}}"
2155,64981,0.14341185078158303,0.9155452436194895,0.7721333928379065,9.695043616951454e-56,ret1_atr:Q3:H3,feature_quintile_x_server_4h_block,ret1_atr,3,3.0,6,move_ge_1atr,1.7614938402630107e-55,2243,64688,0.12987096112025331,1.3563238119110782e-46,2.58570106014575e-46,4,"{'1': {'effect': 0.13977069344175674, 'n_state': 559, 'same_sign': True}, '2': {'effect': 0.12059077841379495, 'n_state': 518, 'same_sign': True}, '3': {'effect': 0.12311175924172846, 'n_state': 584, 'same_sign': True}, '4': {'effect': 0.12272815015093308, 'n_state': 582, 'same_sign': True}}"
12130,55006,0.08292934183092493,0.8446826051112943,0.7617532632803694,1.0435895625862098e-87,ret1_atr:Q4,feature_quintile,ret1_atr,4,,6,move_ge_1atr,3.2570093606521225e-87,12129,54802,0.08109928321274373,8.416943508688488e-82,2.7372749057667604e-81,4,"{'1': {'effect': 0.08313553197642365, 'n_state': 2861, 'same_sign': True}, '2': {'effect': 0.06406756590608709, 'n_state': 3056, 'same_sign': True}, '3': {'effect': 0.06524951025359282, 'n_state': 3076, 'same_sign': True}, '4': {'effect': 0.0667034704194398, 'n_state': 3136, 'same_sign': True}}"
1188,65948,0.08760810221051618,0.8627946127946128,0.7751865105840966,6.637178465956365e-13,ret1_atr:Q4:H0,feature_quintile_x_server_4h_block,ret1_atr,4,0.0,6,move_ge_1atr,7.713477676651992e-13,1211,65720,0.09292812185720978,3.05877935089356e-14,3.972307412066469e-14,4,"{'1': {'effect': 0.0866014068196157, 'n_state': 282, 'same_sign': True}, '2': {'effect': 0.07720039765024178, 'n_state': 323, 'same_sign': True}, '3': {'effect': 0.14076690088167854, 'n_state': 306, 'same_sign': True}, '4': {'effect': 0.06190406867674203, 'n_state': 300, 'same_sign': True}}"
2460,64676,0.061281047191076854,0.8357723577235773,0.7744913105325004,7.84841656310946e-13,ret1_atr:Q4:H1,feature_quintile_x_server_4h_block,ret1_atr,4,1.0,6,move_ge_1atr,9.093823981806469e-13,2459,64472,0.0395033014700803,5.1824251269544465e-06,5.730281497518202e-06,4,"{'1': {'effect': 0.06101501951061905, 'n_state': 561, 'same_sign': True}, '2': {'effect': 0.010710038215959283, 'n_state': 647, 'same_sign': True}, '3': {'effect': 0.052758116363491814, 'n_state': 630, 'same_sign': True}, '4': {'effect': 0.03224786423792414, 'n_state': 621, 'same_sign': True}}"
2297,64839,0.16671201861013596,0.9377448846321289,0.771032866021993,2.639020287612445e-79,ret1_atr:Q4:H2,feature_quintile_x_server_4h_block,ret1_atr,4,2.0,6,move_ge_1atr,7.092367022958446e-79,2364,64567,0.15021475088889025,7.688284947266947e-65,1.883143211767284e-64,4,"{'1': {'effect': 0.16870698106010573, 'n_state': 590, 'same_sign': True}, '2': {'effect': 0.14795291794183718, 'n_state': 600, 'same_sign': True}, '3': {'effect': 0.16401128299965717, 'n_state': 551, 'same_sign': True}, '4': {'effect': 0.10742588868078162, 'n_state': 623, 'same_sign': True}}"
2154,64982,0.14768590870689502,0.9196843082636954,0.7719983995568004,5.623642962725572e-59,ret1_atr:Q4:H3,feature_quintile_x_server_4h_block,ret1_atr,4,3.0,6,move_ge_1atr,1.0720935106279786e-58,2165,64766,0.13960662363902487,7.981763701990228e-52,1.6004883692591806e-51,4,"{'1': {'effect': 0.13088394680295978, 'n_state': 550, 'same_sign': True}, '2': {'effect': 0.13670907655065456, 'n_state': 490, 'same_sign': True}, '3': {'effect': 0.1446319911515479, 'n_state': 522, 'same_sign': True}, '4': {'effect': 0.13332527748424683, 'n_state': 603, 'same_sign': True}}"
18681,48455,-0.29105164142972284,0.5666720196991596,0.8577236611288824,0.0,ret1_atr:Q5,feature_quintile,ret1_atr,5,,6,move_ge_1atr,0.0,18211,48720,-0.2966835036006946,0.0,0.0,4,"{'1': {'effect': -0.23880889678039063, 'n_state': 4576, 'same_sign': True}, '2': {'effect': -0.2469786163924973, 'n_state': 4500, 'same_sign': True}, '3': {'effect': -0.22974748098251974, 'n_state': 4624, 'same_sign': True}, '4': {'effect': -0.21134752239017573, 'n_state': 4511, 'same_sign': True}}"
4539,62597,-0.5750325409043155,0.24058162590879048,0.8156141668131061,0.0,ret1_atr:Q5:H0,feature_quintile_x_server_4h_block,ret1_atr,5,0.0,6,move_ge_1atr,0.0,4447,62484,-0.5824247814276524,0.0,0.0,4,"{'1': {'effect': -0.5429978452752731, 'n_state': 1097, 'same_sign': True}, '2': {'effect': -0.569347945060103, 'n_state': 1076, 'same_sign': True}, '3': {'effect': -0.544771243846567, 'n_state': 1138, 'same_sign': True}, '4': {'effect': -0.5550833976424854, 'n_state': 1136, 'same_sign': True}}"
2497,64639,0.05718840206911635,0.8317981577893472,0.7746097557202308,1.6562224394131367e-11,ret1_atr:Q5:H1,feature_quintile_x_server_4h_block,ret1_atr,5,1.0,6,move_ge_1atr,1.8313088115796683e-11,2309,64622,0.07169187334134708,1.0255459750004461e-15,1.3780774039068494e-15,4,"{'1': {'effect': 0.08101827559907437, 'n_state': 575, 'same_sign': True}, '2': {'effect': 0.07884430181927826, 'n_state': 541, 'same_sign': True}, '3': {'effect': 0.07501732049104914, 'n_state': 585, 'same_sign': True}, '4': {'effect': 0.04619093499357618, 'n_state': 608, 'same_sign': True}}"
2824,64312,0.16468040716521126,0.9344900849858357,0.7698096778206245,5.285496332717991e-94,ret1_atr:Q5:H2,feature_quintile_x_server_4h_block,ret1_atr,5,2.0,6,move_ge_1atr,1.7633509316912609e-93,2689,64242,0.14484642830129735,3.897856771566697e-68,1.033199020956378e-67,4,"{'1': {'effect': 0.15824103069797957, 'n_state': 667, 'same_sign': True}, '2': {'effect': 0.12692505849375024, 'n_state': 642, 'same_sign': True}, '3': {'effect': 0.16788897063721686, 'n_state': 732, 'same_sign': True}, '4': {'effect': 0.10455241675099458, 'n_state': 648, 'same_sign': True}}"
3989,63147,-0.4766549306299166,0.3284031085485084,0.805058039178425,0.0,ret1_atr:Q5:H4,feature_quintile_x_server_4h_block,ret1_atr,5,4.0,6,move_ge_1atr,0.0,3935,62996,-0.4694146289355174,0.0,0.0,4,"{'1': {'effect': -0.5083028144744672, 'n_state': 1023, 'same_sign': True}, '2': {'effect': -0.44944786275003434, 'n_state': 977, 'same_sign': True}, '3': {'effect': -0.45112951393850764, 'n_state': 994, 'same_sign': True}, '4': {'effect': -0.3794467135796023, 'n_state': 941, 'same_sign': True}}"
2038,65098,-0.21506110919473986,0.5682041216879293,0.7832652308826692,1.2401326503757053e-116,ret1_atr:Q5:H5,feature_quintile_x_server_4h_block,ret1_atr,5,5.0,6,move_ge_1atr,5.580596926690674e-116,2140,64791,-0.2038635370638907,3.26676082971332e-107,1.4873369895282998e-106,4,"{'1': {'effect': -0.26781995331136377, 'n_state': 547, 'same_sign': True}, '2': {'effect': -0.18694280986505174, 'n_state': 578, 'same_sign': True}, '3': {'effect': -0.16524146504126924, 'n_state': 503, 'same_sign': True}, '4': {'effect': -0.17203314610653575, 'n_state': 512, 'same_sign': True}}"
12128,55008,0.1476020854150646,0.897674802110818,0.7500727166957534,1.8490989758366433e-273,ret3_atr:Q1,feature_quintile,ret3_atr,1,,6,move_ge_1atr,1.5556550079321325e-272,11588,55343,0.15666161013709146,2.6298533040217e-289,2.3130755196736317e-288,4,"{'1': {'effect': 0.14567576573487173, 'n_state': 2762, 'same_sign': True}, '2': {'effect': 0.14204484121973338, 'n_state': 2933, 'same_sign': True}, '3': {'effect': 0.12099055279540294, 'n_state': 3015, 'same_sign': True}, '4': {'effect': 0.13383741554279016, 'n_state': 2878, 'same_sign': True}}"
1105,66031,0.14970921035238427,0.9239819004524887,0.7742726901001045,2.1089078696696857e-32,ret3_atr:Q1:H0,feature_quintile_x_server_4h_block,ret3_atr,1,0.0,6,move_ge_1atr,3.4006139398423676e-32,1115,65816,0.12884020732347445,4.860393111464832e-24,7.318957720377004e-24,4,"{'1': {'effect': 0.17417830140368806, 'n_state': 309, 'same_sign': True}, '2': {'effect': 0.1852892190916019, 'n_state': 276, 'same_sign': True}, '3': {'effect': 0.09069625227893141, 'n_state': 276, 'same_sign': True}, '4': {'effect': 0.04676470029035262, 'n_state': 254, 'same_sign': True}}"
2439,64697,0.11042366648839219,0.8831488314883149,0.7727251649999227,8.017066060846664e-38,ret3_atr:Q1:H1,feature_quintile_x_server_4h_block,ret3_atr,1,1.0,6,move_ge_1atr,1.3789353624656263e-37,2291,64640,0.11690264665652517,7.790185468501848e-39,1.3641636996878802e-38,4,"{'1': {'effect': 0.0960204426689375, 'n_state': 528, 'same_sign': True}, '2': {'effect': 0.1242022196792889, 'n_state': 608, 'same_sign': True}, '3': {'effect': 0.10716602313643331, 'n_state': 598, 'same_sign': True}, '4': {'effect': 0.12675687561032067, 'n_state': 557, 'same_sign': True}}"
2897,64239,0.17849754237206494,0.9475319295823266,0.7690343872102616,9.050481502002349e-113,ret3_atr:Q1:H2,feature_quintile_x_server_4h_block,ret3_atr,1,2.0,6,move_ge_1atr,3.8106782129663205e-112,2644,64287,0.180512363866019,4.0153224289016056e-103,1.7459885168369902e-102,4,"{'1': {'effect': 0.18803841910787455, 'n_state': 639, 'same_sign': True}, '2': {'effect': 0.17167819194864897, 'n_state': 665, 'same_sign': True}, '3': {'effect': 0.17690497176267805, 'n_state': 741, 'same_sign': True}, '4': {'effect': 0.16296822570170366, 'n_state': 599, 'same_sign': True}}"
2461,64675,0.16891047303532325,0.9394555058919138,0.7705450328565906,8.092585470159867e-87,ret3_atr:Q1:H3,feature_quintile_x_server_4h_block,ret3_atr,1,3.0,6,move_ge_1atr,2.466008328308558e-86,2335,64596,0.1738811732231813,3.007047850398925e-85,1.0208136123722666e-84,4,"{'1': {'effect': 0.1727990188236549, 'n_state': 564, 'same_sign': True}, '2': {'effect': 0.16625616148399247, 'n_state': 569, 'same_sign': True}, '3': {'effect': 0.18018191617396473, 'n_state': 603, 'same_sign': True}, '4': {'effect': 0.15791465141655514, 'n_state': 599, 'same_sign': True}}"
1564,65572,0.10093428468860222,0.8753196930946292,0.774385408406027,2.7160751857010753e-21,ret3_atr:Q1:H4,feature_quintile_x_server_4h_block,ret3_atr,1,4.0,6,move_ge_1atr,3.864415797302633e-21,1615,65316,0.11997032004636854,1.478261183141319e-29,2.3936697819066545e-29,4,"{'1': {'effect': 0.12626780997540232, 'n_state': 349, 'same_sign': True}, '2': {'effect': 0.11065157214485011, 'n_state': 411, 'same_sign': True}, '3': {'effect': 0.05838820354919749, 'n_state': 386, 'same_sign': True}, '4': {'effect': 0.16669659864312225, 'n_state': 469, 'same_sign': True}}"
12112,55024,0.09521266185563604,0.8547721268163805,0.7595594649607444,7.224060149435515e-115,ret3_atr:Q2,feature_quintile,ret3_atr,2,,6,move_ge_1atr,3.2134612388868323e-114,12231,54700,0.09684218345896944,1.451270319067774e-116,7.589751533503088e-116,4,"{'1': {'effect': 0.08798899578830122, 'n_state': 2896, 'same_sign': True}, '2': {'effect': 0.07340008402097697, 'n_state': 3027, 'same_sign': True}, '3': {'effect': 0.08105517434919352, 'n_state': 3148, 'same_sign': True}, '4': {'effect': 0.08932489153734213, 'n_state': 3160, 'same_sign': True}}"
1239,65897,0.08685155103564113,0.8619854721549637,0.7751339211193226,3.5118924685114465e-13,ret3_atr:Q2:H0,feature_quintile_x_server_4h_block,ret3_atr,2,0.0,6,move_ge_1atr,4.131010289707993e-13,1195,65736,0.09354786968337403,3.037579083089743e-14,3.958057593116937e-14,4,"{'1': {'effect': 0.08608052368964125, 'n_state': 281, 'same_sign': True}, '2': {'effect': 0.1097178086374575, 'n_state': 286, 'same_sign': True}, '3': {'effect': 0.09573498077424447, 'n_state': 330, 'same_sign': True}, '4': {'effect': 0.07760972982631398, 'n_state': 298, 'same_sign': True}}"
2424,64712,0.06941642829136419,0.8436468646864687,0.7742304363951045,7.790125079754911e-16,ret3_atr:Q2:H1,feature_quintile_x_server_4h_block,ret3_atr,2,1.0,6,move_ge_1atr,9.570725097984606e-16,2552,64379,0.07337411204348698,6.8669495647984e-18,9.457329115932315e-18,4,"{'1': {'effect': 0.0760390832348069, 'n_state': 627, 'same_sign': True}, '2': {'effect': 0.03224832138577227, 'n_state': 611, 'same_sign': True}, '3': {'effect': 0.08878176131340021, 'n_state': 661, 'same_sign': True}, '4': {'effect': 0.08544646067584738, 'n_state': 653, 'same_sign': True}}"
2297,64839,0.1617535126001759,0.9329560296038311,0.7712025170036552,9.093310899738047e-75,ret3_atr:Q2:H2,feature_quintile_x_server_4h_block,ret3_atr,2,2.0,6,move_ge_1atr,2.315204814604358e-74,2346,64585,0.14594943874396182,7.07274784295375e-61,1.6100902442488832e-60,4,"{'1': {'effect': 0.15893491335375665, 'n_state': 554, 'same_sign': True}, '2': {'effect': 0.10152970123050975, 'n_state': 603, 'same_sign': True}, '3': {'effect': 0.1712372070190048, 'n_state': 566, 'same_sign': True}, '4': {'effect': 0.13983024014301282, 'n_state': 623, 'same_sign': True}}"
2151,64985,0.16293258963633817,0.9344490934449093,0.7715165038085712,2.73866421597754e-71,ret3_atr:Q2:H3,feature_quintile_x_server_4h_block,ret3_atr,2,3.0,6,move_ge_1atr,6.3464853388222035e-71,2281,64650,0.13767769187134848,5.7523353896896025e-53,1.1778591512221569e-52,4,"{'1': {'effect': 0.15486154894357906, 'n_state': 551, 'same_sign': True}, '2': {'effect': 0.1246819350447288, 'n_state': 574, 'same_sign': True}, '3': {'effect': 0.13489450145790638, 'n_state': 562, 'same_sign': True}, '4': {'effect': 0.12329319495003799, 'n_state': 594, 'same_sign': True}}"
12087,55049,0.07502685435164924,0.8382559774964838,0.7632291231448346,6.165765009690997e-72,ret3_atr:Q3,feature_quintile,ret3_atr,3,,6,move_ge_1atr,1.454970157774644e-71,12380,54551,0.07190576416330352,1.0332650298502077e-65,2.59658160098721e-65,4,"{'1': {'effect': 0.06416164575259409, 'n_state': 2971, 'same_sign': True}, '2': {'effect': 0.05323205282916177, 'n_state': 3080, 'same_sign': True}, '3': {'effect': 0.05874368776531946, 'n_state': 3182, 'same_sign': True}, '4': {'effect': 0.06966543642626721, 'n_state': 3147, 'same_sign': True}}"
1305,65831,0.07920903467493767,0.8544061302681992,0.7751970955932616,1.016690445740717e-11,ret3_atr:Q3:H0,feature_quintile_x_server_4h_block,ret3_atr,3,0.0,6,move_ge_1atr,1.1306298922461421e-11,1267,65664,0.047039550610719516,8.453576226861546e-05,9.112908077424562e-05,4,"{'1': {'effect': 0.010217430968489483, 'n_state': 289, 'same_sign': True}, '2': {'effect': 0.013229300201645033, 'n_state': 325, 'same_sign': True}, '3': {'effect': 0.10142607326066766, 'n_state': 329, 'same_sign': True}, '4': {'effect': 0.055971622379807684, 'n_state': 324, 'same_sign': True}}"
2144,64992,0.15835772209851773,0.9300373134328358,0.7716795913343181,3.0786380142744136e-67,ret3_atr:Q3:H2,feature_quintile_x_server_4h_block,ret3_atr,3,2.0,6,move_ge_1atr,6.693443323169652e-67,2228,64703,0.15092343219068838,6.646764439423965e-62,1.5311296655101634e-61,4,"{'1': {'effect': 0.18027124086293078, 'n_state': 512, 'same_sign': True}, '2': {'effect': 0.12331281553763851, 'n_state': 576, 'same_sign': True}, '3': {'effect': 0.16968633675688538, 'n_state': 568, 'same_sign': True}, '4': {'effect': 0.11900728681044836, 'n_state': 572, 'same_sign': True}}"
2110,65026,0.13753849535650553,0.909952606635071,0.7724141112785655,2.0747214019252589e-50,ret3_atr:Q3:H3,feature_quintile_x_server_4h_block,ret3_atr,3,3.0,6,move_ge_1atr,3.6831063419498863e-50,2180,64751,0.1213591898052937,7.59814367977946e-40,1.3365825473066594e-39,4,"{'1': {'effect': 0.12142303925528986, 'n_state': 602, 'same_sign': True}, '2': {'effect': 0.13075279780173166, 'n_state': 491, 'same_sign': True}, '3': {'effect': 0.10090934340285673, 'n_state': 502, 'same_sign': True}, '4': {'effect': 0.11985364990218328, 'n_state': 585, 'same_sign': True}}"
12076,55060,0.076851637173311,0.839764822789003,0.762913185615692,2.4685054335024014e-75,ret3_atr:Q4,feature_quintile,ret3_atr,4,,6,move_ge_1atr,6.32656690573132e-75,12227,54704,0.07626045522123626,5.422624647600469e-73,1.5430556901627806e-72,4,"{'1': {'effect': 0.07953978532882322, 'n_state': 2906, 'same_sign': True}, '2': {'effect': 0.053164861580471956, 'n_state': 3008, 'same_sign': True}, '3': {'effect': 0.06937632405074867, 'n_state': 3047, 'same_sign': True}, '4': {'effect': 0.06003046507647358, 'n_state': 3266, 'same_sign': True}}"
1145,65991,0.09208259773944294,0.8672489082969432,0.7751663105575003,1.187095732206706e-13,ret3_atr:Q4:H0,feature_quintile_x_server_4h_block,ret3_atr,4,0.0,6,move_ge_1atr,1.413557071889216e-13,1151,65780,0.09777367836711315,6.4441474910864745e-15,8.540702325515293e-15,4,"{'1': {'effect': 0.08523829676637451, 'n_state': 259, 'same_sign': True}, '2': {'effect': 0.0811768457447567, 'n_state': 305, 'same_sign': True}, '3': {'effect': 0.17334471445696553, 'n_state': 288, 'same_sign': True}, '4': {'effect': 0.04789406879537228, 'n_state': 299, 'same_sign': True}}"
2255,64881,0.15072038247337416,0.9223946784922394,0.7716742960188653,4.824780832569663e-64,ret3_atr:Q4:H2,feature_quintile_x_server_4h_block,ret3_atr,4,2.0,6,move_ge_1atr,9.931862671300317e-64,2370,64561,0.14170770494943552,4.8274113106378544e-58,1.0264880094598075e-57,4,"{'1': {'effect': 0.16008762841282997, 'n_state': 576, 'same_sign': True}, '2': {'effect': 0.12350588036052002, 'n_state': 577, 'same_sign': True}, '3': {'effect': 0.16218133618844144, 'n_state': 551, 'same_sign': True}, '4': {'effect': 0.11111058995311618, 'n_state': 666, 'same_sign': True}}"
2208,64928,0.1390688727223377,0.9112318840579711,0.7721630113356334,9.973089089517268e-54,ret3_atr:Q4:H3,feature_quintile_x_server_4h_block,ret3_atr,4,3.0,6,move_ge_1atr,1.7951560361131082e-53,2246,64685,0.12265250648546755,8.44525885495598e-42,1.513108878179613e-41,4,"{'1': {'effect': 0.1396004777388482, 'n_state': 558, 'same_sign': True}, '2': {'effect': 0.12062189161920356, 'n_state': 527, 'same_sign': True}, '3': {'effect': 0.10584640341005891, 'n_state': 537, 'same_sign': True}, '4': {'effect': 0.11248297546030062, 'n_state': 624, 'same_sign': True}}"
18733,48403,-0.2899921049450611,0.5676613462873005,0.8576534512323616,0.0,ret3_atr:Q5,feature_quintile,ret3_atr,5,,6,move_ge_1atr,0.0,18505,48426,-0.2955277116884596,0.0,0.0,4,"{'1': {'effect': -0.2324208235345181, 'n_state': 4690, 'same_sign': True}, '2': {'effect': -0.24872359675429734, 'n_state': 4553, 'same_sign': True}, '3': {'effect': -0.22727018221477768, 'n_state': 4752, 'same_sign': True}, '4': {'effect': -0.21025731824360805, 'n_state': 4510, 'same_sign': True}}"
4530,62606,-0.576331102273943,0.2392935982339956,0.8156247005079386,0.0,ret3_atr:Q5:H0,feature_quintile_x_server_4h_block,ret3_atr,5,0.0,6,move_ge_1atr,0.0,4548,62383,-0.5691400193863,0.0,0.0,4,"{'1': {'effect': -0.5250250386220829, 'n_state': 1130, 'same_sign': True}, '2': {'effect': -0.5557605027017835, 'n_state': 1109, 'same_sign': True}, '3': {'effect': -0.5382704794019633, 'n_state': 1153, 'same_sign': True}, '4': {'effect': -0.5398074199161186, 'n_state': 1156, 'same_sign': True}}"
2575,64561,0.061748078095180015,0.836116504854369,0.7743684267591889,1.599635364720765e-13,ret3_atr:Q5:H1,feature_quintile_x_server_4h_block,ret3_atr,5,1.0,6,move_ge_1atr,1.893146440816318e-13,2359,64572,0.055982068066570245,2.44299227349893e-10,2.9001165946137604e-10,4,"{'1': {'effect': 0.10343671164364632, 'n_state': 581, 'same_sign': True}, '2': {'effect': 0.038343448275271474, 'n_state': 563, 'same_sign': True}, '3': {'effect': 0.04323028383555039, 'n_state': 625, 'same_sign': True}, '4': {'effect': 0.03361785883362256, 'n_state': 590, 'same_sign': True}}"
2839,64297,0.16618360234470864,0.9358929200422684,0.7697093176975598,3.6172094825168136e-96,ret3_atr:Q5:H2,feature_quintile_x_server_4h_block,ret3_atr,5,2.0,6,move_ge_1atr,1.2611351979585647e-95,2796,64135,0.1472932743242219,5.3006682733841614e-73,1.519524905036793e-72,4,"{'1': {'effect': 0.15801055210326698, 'n_state': 743, 'same_sign': True}, '2': {'effect': 0.12997217965582863, 'n_state': 651, 'same_sign': True}, '3': {'effect': 0.1701708034563605, 'n_state': 742, 'same_sign': True}, '4': {'effect': 0.10692338574896554, 'n_state': 660, 'same_sign': True}}"
3951,63185,-0.48108005107354196,0.32396861554036954,0.8050486666139115,0.0,ret3_atr:Q5:H4,feature_quintile_x_server_4h_block,ret3_atr,5,4.0,6,move_ge_1atr,0.0,3956,62975,-0.46308509122378716,0.0,0.0,4,"{'1': {'effect': -0.5004931637012131, 'n_state': 1027, 'same_sign': True}, '2': {'effect': -0.45502258012007335, 'n_state': 972, 'same_sign': True}, '3': {'effect': -0.43146835326037947, 'n_state': 1019, 'same_sign': True}, '4': {'effect': -0.37706932605147725, 'n_state': 938, 'same_sign': True}}"
2072,65064,-0.22230425213641736,0.5612934362934363,0.7835976884298537,1.8267628104061193e-126,ret3_atr:Q5:H5,feature_quintile_x_server_4h_block,ret3_atr,5,5.0,6,move_ge_1atr,8.727866760829237e-126,2194,64737,-0.213380789636052,4.4334764247006e-120,2.416556868111454e-119,4,"{'1': {'effect': -0.30701570707395115, 'n_state': 554, 'same_sign': True}, '2': {'effect': -0.17391636879969663, 'n_state': 604, 'same_sign': True}, '3': {'effect': -0.19306710712694275, 'n_state': 508, 'same_sign': True}, '4': {'effect': -0.15787641827975096, 'n_state': 528, 'same_sign': True}}"
12046,55090,0.13641680088371844,0.8886767391665283,0.7522599382828099,1.132791027458538e-232,ret12_atr:Q1,feature_quintile,ret12_atr,1,,6,move_ge_1atr,8.430579377431812e-232,11714,55217,0.14251797251150922,7.80548080744831e-242,6.2931689010052e-241,4,"{'1': {'effect': 0.13124778381745816, 'n_state': 2832, 'same_sign': True}, '2': {'effect': 0.12284424912944558, 'n_state': 2951, 'same_sign': True}, '3': {'effect': 0.113076711583045, 'n_state': 3071, 'same_sign': True}, '4': {'effect': 0.125448630905858, 'n_state': 2860, 'same_sign': True}}"
1038,66098,0.14653068710785078,0.9210019267822736,0.7744712396744228,2.3531883931998684e-29,ret12_atr:Q1:H0,feature_quintile_x_server_4h_block,ret12_atr,1,0.0,6,move_ge_1atr,3.62822274170657e-29,1057,65874,0.14979159921973684,2.293212409685271e-30,3.744612668979746e-30,4,"{'1': {'effect': 0.16518724182700484, 'n_state': 283, 'same_sign': True}, '2': {'effect': 0.17520589436651768, 'n_state': 228, 'same_sign': True}, '3': {'effect': 0.14733286735582285, 'n_state': 306, 'same_sign': True}, '4': {'effect': 0.1028286550409101, 'n_state': 240, 'same_sign': True}}"
2499,64637,0.09141173990520757,0.8647458983593438,0.7733341584541362,4.91774092150082e-27,ret12_atr:Q1:H1,feature_quintile_x_server_4h_block,ret12_atr,1,1.0,6,move_ge_1atr,7.405314150275554e-27,2638,64293,0.08801445599454083,8.441314896084135e-26,1.3067155459138242e-25,4,"{'1': {'effect': 0.06829410693355498, 'n_state': 616, 'same_sign': True}, '2': {'effect': 0.07079013527554257, 'n_state': 724, 'same_sign': True}, '3': {'effect': 0.09671117541065166, 'n_state': 677, 'same_sign': True}, '4': {'effect': 0.10701564966775146, 'n_state': 621, 'same_sign': True}}"
2836,64300,0.1767817244185511,0.9460507757404796,0.7692690513219285,1.8382078332591683e-108,ret12_atr:Q1:H2,feature_quintile_x_server_4h_block,ret12_atr,1,2.0,6,move_ge_1atr,7.410275327826022e-108,2578,64353,0.18765196091568115,1.153483562534914e-108,5.4438797402562405e-108,4,"{'1': {'effect': 0.2018248895691963, 'n_state': 601, 'same_sign': True}, '2': {'effect': 0.19148998844162202, 'n_state': 666, 'same_sign': True}, '3': {'effect': 0.17300855040745466, 'n_state': 663, 'same_sign': True}, '4': {'effect': 0.16376769139732494, 'n_state': 648, 'same_sign': True}}"
2302,64834,0.1700136982861289,0.9409209383145091,0.7709072400283802,1.4311022800357343e-82,ret12_atr:Q1:H3,feature_quintile_x_server_4h_block,ret12_atr,1,3.0,6,move_ge_1atr,4.072327811572274e-82,2249,64682,0.1591623768993785,3.008929642261333e-69,8.143047353532418e-69,4,"{'1': {'effect': 0.1568566089610789, 'n_state': 578, 'same_sign': True}, '2': {'effect': 0.16283539947702852, 'n_state': 556, 'same_sign': True}, '3': {'effect': 0.16937645659639933, 'n_state': 596, 'same_sign': True}, '4': {'effect': 0.12857737946237868, 'n_state': 519, 'same_sign': True}}"
1696,65440,0.06935490381510356,0.8443396226415094,0.7749847188264058,1.2740454985240662e-11,ret12_atr:Q1:H4,feature_quintile_x_server_4h_block,ret12_atr,1,4.0,6,move_ge_1atr,1.4127667848963142e-11,1634,65297,0.09125968231514758,5.776224241295107e-18,7.983567076361452e-18,4,"{'1': {'effect': 0.11094778599937793, 'n_state': 371, 'same_sign': True}, '2': {'effect': 0.060007829221839115, 'n_state': 378, 'same_sign': True}, '3': {'effect': 0.03879144133692769, 'n_state': 404, 'same_sign': True}, '4': {'effect': 0.13907094105739704, 'n_state': 481, 'same_sign': True}}"
12125,55011,0.09049322206786392,0.8508865979381444,0.7603933758702804,4.8924466117162437e-104,ret12_atr:Q2,feature_quintile,ret12_atr,2,,6,move_ge_1atr,1.8562518026805747e-103,12324,54607,0.10219675996256083,2.4479798935125268e-130,1.4139824161035042e-129,4,"{'1': {'effect': 0.09766405045667947, 'n_state': 2754, 'same_sign': True}, '2': {'effect': 0.08699568640549882, 'n_state': 3173, 'same_sign': True}, '3': {'effect': 0.09059555036367994, 'n_state': 3239, 'same_sign': True}, '4': {'effect': 0.07559889704187184, 'n_state': 3158, 'same_sign': True}}"
1344,65792,0.09191883222160457,0.8668154761904762,0.7748966439688716,1.1410962415061041e-15,ret12_atr:Q2:H0,feature_quintile_x_server_4h_block,ret12_atr,2,0.0,6,move_ge_1atr,1.3974817894394377e-15,1238,65693,0.0919707243516108,2.976622536729089e-14,3.8917328436289105e-14,4,"{'1': {'effect': 0.07325160560336486, 'n_state': 271, 'same_sign': True}, '2': {'effect': 0.1201407080354776, 'n_state': 339, 'same_sign': True}, '3': {'effect': 0.12446326770756877, 'n_state': 334, 'same_sign': True}, '4': {'effect': 0.0344992297082406, 'n_state': 294, 'same_sign': True}}"
2488,64648,0.07574886866935304,0.8496784565916399,0.7739295879222868,5.41641939280368e-19,ret12_atr:Q2:H1,feature_quintile_x_server_4h_block,ret12_atr,2,1.0,6,move_ge_1atr,7.329210856695888e-19,2468,64463,0.08441515871139982,1.7455543244909591e-22,2.5491680135018913e-22,4,"{'1': {'effect': 0.0724449273062786, 'n_state': 557, 'same_sign': True}, '2': {'effect': 0.0697291714510061, 'n_state': 652, 'same_sign': True}, '3': {'effect': 0.10763003906073265, 'n_state': 624, 'same_sign': True}, '4': {'effect': 0.07803625163784667, 'n_state': 635, 'same_sign': True}}"
2209,64927,0.14941066626604504,0.9212313263920326,0.7718206601259876,9.215569675019737e-62,ret12_atr:Q2:H2,feature_quintile_x_server_4h_block,ret12_atr,2,2.0,6,move_ge_1atr,1.828936135503917e-61,2375,64556,0.15502219207477141,3.080454031399344e-69,8.278720209385738e-69,4,"{'1': {'effect': 0.18271670677413443, 'n_state': 536, 'same_sign': True}, '2': {'effect': 0.1312749478508668, 'n_state': 630, 'same_sign': True}, '3': {'effect': 0.17659049172873964, 'n_state': 669, 'same_sign': True}, '4': {'effect': 0.11029423332145083, 'n_state': 540, 'same_sign': True}}"
2141,64995,0.14715263370059828,0.919196637085474,0.7720440033848758,3.113475673009351e-58,ret12_atr:Q2:H3,feature_quintile_x_server_4h_block,ret12_atr,2,3.0,6,move_ge_1atr,5.877634563193262e-58,2366,64565,0.14459954023542299,2.8895171843034857e-60,6.501413664682842e-60,4,"{'1': {'effect': 0.15800045145017538, 'n_state': 521, 'same_sign': True}, '2': {'effect': 0.12948034143247555, 'n_state': 581, 'same_sign': True}, '3': {'effect': 0.14920536391164774, 'n_state': 597, 'same_sign': True}, '4': {'effect': 0.12946854171610322, 'n_state': 667, 'same_sign': True}}"
12140,54996,0.07938004896686812,0.8417627677100494,0.7623827187431813,1.432194185590368e-80,ret12_atr:Q3,feature_quintile,ret12_atr,3,,6,move_ge_1atr,3.93091595619484e-80,11898,55033,0.07879967537440824,3.2964723298966755e-76,9.889416989690027e-76,4,"{'1': {'effect': 0.07241757554689232, 'n_state': 2877, 'same_sign': True}, '2': {'effect': 0.0542958786219353, 'n_state': 2938, 'same_sign': True}, '3': {'effect': 0.0750517629482571, 'n_state': 2995, 'same_sign': True}, '4': {'effect': 0.06934678306132946, 'n_state': 3088, 'same_sign': True}}"
1362,65774,0.06676153608714963,0.842143906020558,0.7753823699334084,4.734688037797286e-09,ret12_atr:Q3:H0,feature_quintile_x_server_4h_block,ret12_atr,3,0.0,6,move_ge_1atr,4.886198055006799e-09,1260,65671,0.03870443163890802,0.001256168360828569,0.0013355416363754291,4,"{'1': {'effect': 0.022505110419712704, 'n_state': 325, 'same_sign': True}, '2': {'effect': 0.014050918380597244, 'n_state': 340, 'same_sign': True}, '3': {'effect': 0.07664062106077085, 'n_state': 309, 'same_sign': True}, '4': {'effect': 0.04299914954877815, 'n_state': 286, 'same_sign': True}}"
2376,64760,0.07350782895872454,0.8476430976430976,0.7741352686843731,2.898372947911997e-17,ret12_atr:Q3:H1,feature_quintile_x_server_4h_block,ret12_atr,3,1.0,6,move_ge_1atr,3.763994398798466e-17,2277,64654,0.046561529193492546,2.2643093857812903e-07,2.5547747297299103e-07,4,"{'1': {'effect': 0.03606390636952095, 'n_state': 582, 'same_sign': True}, '2': {'effect': 0.025124266630406678, 'n_state': 537, 'same_sign': True}, '3': {'effect': 0.059858749673564526, 'n_state': 592, 'same_sign': True}, '4': {'effect': 0.05898049096188518, 'n_state': 566, 'same_sign': True}}"
2221,64915,0.15034408414730538,0.9221071589374156,0.7717630747901102,7.852657744746604e-63,ret12_atr:Q3:H2,feature_quintile_x_server_4h_block,ret12_atr,3,2.0,6,move_ge_1atr,1.574600283532091e-62,2173,64758,0.15045517548452214,4.1607310278570225e-60,9.30753125884779e-60,4,"{'1': {'effect': 0.1795157150978398, 'n_state': 505, 'same_sign': True}, '2': {'effect': 0.11255148310510543, 'n_state': 550, 'same_sign': True}, '3': {'effect': 0.18271670677413443, 'n_state': 536, 'same_sign': True}, '4': {'effect': 0.11752829552404831, 'n_state': 582, 'same_sign': True}}"
2229,64907,0.14322716334527374,0.9152086137281292,0.7719814503828555,2.1959710542825344e-57,ret12_atr:Q3:H3,feature_quintile_x_server_4h_block,ret12_atr,3,3.0,6,move_ge_1atr,4.046860942892099e-57,2333,64598,0.133848939095345,3.189195517650054e-51,6.361951883147273e-51,4,"{'1': {'effect': 0.14669087439370254, 'n_state': 580, 'same_sign': True}, '2': {'effect': 0.14171432783010784, 'n_state': 549, 'same_sign': True}, '3': {'effect': 0.11685975499954593, 'n_state': 553, 'same_sign': True}, '4': {'effect': 0.11756269311314382, 'n_state': 651, 'same_sign': True}}"
12115,55021,0.08790937985986258,0.8487825010317788,0.7608731211719162,3.15254981977867e-98,ret12_atr:Q4,feature_quintile,ret12_atr,4,,6,move_ge_1atr,1.1091243456857685e-97,11868,55063,0.08244339001192247,4.4324479728032604e-83,1.4661174063887706e-82,4,"{'1': {'effect': 0.0753652085663763, 'n_state': 2890, 'same_sign': True}, '2': {'effect': 0.0652277788284249, 'n_state': 2884, 'same_sign': True}, '3': {'effect': 0.06436016831178248, 'n_state': 2928, 'same_sign': True}, '4': {'effect': 0.07835244592591872, 'n_state': 3166, 'same_sign': True}}"
1173,65963,0.11009733310540326,0.8849104859335039,0.7748131528281006,2.8238083326743564e-19,ret12_atr:Q4:H0,feature_quintile_x_server_4h_block,ret12_atr,4,0.0,6,move_ge_1atr,3.8890171699109463e-19,1177,65754,0.09394128559658876,3.674632607521738e-14,4.756129829802384e-14,4,"{'1': {'effect': 0.10846377675331731, 'n_state': 267, 'same_sign': True}, '2': {'effect': 0.04884337024365715, 'n_state': 306, 'same_sign': True}, '3': {'effect': 0.1289651950354137, 'n_state': 281, 'same_sign': True}, '4': {'effect': 0.08964435142553928, 'n_state': 323, 'same_sign': True}}"
2394,64742,0.056523577538163394,0.8312447786131997,0.7747212010750363,6.951014375037979e-11,ret12_atr:Q4:H1,feature_quintile_x_server_4h_block,ret12_atr,4,1.0,6,move_ge_1atr,7.535133230083187e-11,2333,64598,0.0454704486650247,3.145941334165513e-07,3.5391840009362017e-07,3,"{'1': {'effect': 0.05755770327882215, 'n_state': 590, 'same_sign': True}, '2': {'effect': -0.0057718099809077605, 'n_state': 514, 'same_sign': False}, '3': {'effect': 0.05614982240026278, 'n_state': 608, 'same_sign': True}, '4': {'effect': 0.061504823753943505, 'n_state': 621, 'same_sign': True}}"
2358,64778,0.16150572434630328,0.9325699745547074,0.7710642502084041,2.0999628311182072e-76,ret12_atr:Q4:H2,feature_quintile_x_server_4h_block,ret12_atr,4,2.0,6,move_ge_1atr,5.4179041042849746e-76,2333,64598,0.13207248702639385,6.415496994365403e-50,1.2667333351119444e-49,4,"{'1': {'effect': 0.14970449470474667, 'n_state': 565, 'same_sign': True}, '2': {'effect': 0.0969659007113125, 'n_state': 605, 'same_sign': True}, '3': {'effect': 0.1651512493623506, 'n_state': 560, 'same_sign': True}, '4': {'effect': 0.10655005537583662, 'n_state': 603, 'same_sign': True}}"
2357,64779,0.15751623467965092,0.9287229529062367,0.7712067182265858,9.72511235646026e-73,ret12_atr:Q4:H3,feature_quintile_x_server_4h_block,ret12_atr,4,3.0,6,move_ge_1atr,2.367055649025233e-72,2223,64708,0.12279453195894019,1.7014204056680735e-41,3.03433040089191e-41,4,"{'1': {'effect': 0.1302004951509067, 'n_state': 585, 'same_sign': True}, '2': {'effect': 0.12971204739529374, 'n_state': 515, 'same_sign': True}, '3': {'effect': 0.10117422160599354, 'n_state': 503, 'same_sign': True}, '4': {'effect': 0.11657745686138776, 'n_state': 620, 'same_sign': True}}"
18710,48426,-0.28970201284374375,0.5677712453233565,0.8574732581671003,0.0,ret12_atr:Q5,feature_quintile,ret12_atr,5,,6,move_ge_1atr,0.0,19127,47804,-0.29138907715558715,0.0,0.0,4,"{'1': {'effect': -0.2219249996778584, 'n_state': 4872, 'same_sign': True}, '2': {'effect': -0.24883777141485608, 'n_state': 4655, 'same_sign': True}, '3': {'effect': -0.22798490328754772, 'n_state': 4911, 'same_sign': True}, '4': {'effect': -0.19789073214039876, 'n_state': 4689, 'same_sign': True}}"
4407,62729,-0.5945241061529317,0.22123893805309736,0.8157630442060291,0.0,ret12_atr:Q5:H0,feature_quintile_x_server_4h_block,ret12_atr,5,0.0,6,move_ge_1atr,0.0,4544,62387,-0.5705315456824812,0.0,0.0,4,"{'1': {'effect': -0.5285710153098219, 'n_state': 1122, 'same_sign': True}, '2': {'effect': -0.5559025463647482, 'n_state': 1088, 'same_sign': True}, '3': {'effect': -0.5473791945600992, 'n_state': 1146, 'same_sign': True}, '4': {'effect': -0.5328823654767102, 'n_state': 1188, 'same_sign': True}}"
2612,64524,0.059020431207239654,0.8334609494640123,0.7744405182567726,1.2375731941448608e-12,ret12_atr:Q5:H1,feature_quintile_x_server_4h_block,ret12_atr,5,1.0,6,move_ge_1atr,1.4211893950565612e-12,2666,64265,0.057627968028341026,4.804016817590312e-12,5.939790761685146e-12,4,"{'1': {'effect': 0.08075214579900525, 'n_state': 679, 'same_sign': True}, '2': {'effect': 0.053850977453351656, 'n_state': 645, 'same_sign': True}, '3': {'effect': 0.03557936714366472, 'n_state': 667, 'same_sign': True}, '4': {'effect': 0.05290084699526865, 'n_state': 675, 'same_sign': True}}"
2808,64328,0.17577166841872727,0.9451566951566952,0.7693850267379679,2.9663909761877996e-106,ret12_atr:Q5:H2,feature_quintile_x_server_4h_block,ret12_atr,5,2.0,6,move_ge_1atr,1.136627037410573e-105,2925,64006,0.1424680859246369,2.3891660237278475e-71,6.700052544802006e-71,4,"{'1': {'effect': 0.1415552432727285, 'n_state': 817, 'same_sign': True}, '2': {'effect': 0.1151425828666458, 'n_state': 621, 'same_sign': True}, '3': {'effect': 0.157694419956661, 'n_state': 740, 'same_sign': True}, '4': {'effect': 0.13270609332045935, 'n_state': 747, 'same_sign': True}}"
3971,63165,-0.471457363757901,0.33316544950893984,0.8046228132668408,0.0,ret12_atr:Q5:H4,feature_quintile_x_server_4h_block,ret12_atr,5,4.0,6,move_ge_1atr,0.0,4005,62926,-0.45901059378030895,0.0,0.0,4,"{'1': {'effect': -0.5036174760220842, 'n_state': 1024, 'same_sign': True}, '2': {'effect': -0.4560665476377425, 'n_state': 972, 'same_sign': True}, '3': {'effect': -0.4183958468854076, 'n_state': 1060, 'same_sign': True}, '4': {'effect': -0.3711062559802129, 'n_state': 949, 'same_sign': True}}"
2245,64891,-0.2017458778484763,0.5817371937639199,0.7834830716123962,9.058976630307532e-113,ret12_atr:Q5:H5,feature_quintile_x_server_4h_block,ret12_atr,5,5.0,6,move_ge_1atr,3.8106782129663205e-112,2464,64467,-0.19730922561004238,6.509474620292542e-115,3.271645036432745e-114,4,"{'1': {'effect': -0.2652897380106557, 'n_state': 564, 'same_sign': True}, '2': {'effect': -0.1701914945028392, 'n_state': 715, 'same_sign': True}, '3': {'effect': -0.15068752678512287, 'n_state': 638, 'same_sign': True}, '4': {'effect': -0.1922480384471843, 'n_state': 547, 'same_sign': True}}"
1212,65924,0.14166222610975376,0.9158415841584159,0.7741793580486621,8.3768258813661e-32,bar_range_atr:Q1:H2,feature_quintile_x_server_4h_block,bar_range_atr,1,2.0,6,move_ge_1atr,1.3451583469247638e-31,1448,65483,0.11463142388691328,1.497341040805288e-24,2.2724352266339075e-24,4,"{'1': {'effect': 0.1449056387995561, 'n_state': 343, 'same_sign': True}, '2': {'effect': 0.06665167980974573, 'n_state': 381, 'same_sign': True}, '3': {'effect': 0.15298150403830713, 'n_state': 315, 'same_sign': True}, '4': {'effect': 0.09774959829088292, 'n_state': 409, 'same_sign': True}}"
1405,65731,0.14298147453242915,0.9167259786476868,0.7737445041152576,3.805755974517852e-37,bar_range_atr:Q1:H3,feature_quintile_x_server_4h_block,bar_range_atr,1,3.0,6,move_ge_1atr,6.4882271459841796e-37,1568,65363,0.10330698895992774,9.480767292591203e-22,1.369051097848058e-21,4,"{'1': {'effect': 0.08423470660368604, 'n_state': 345, 'same_sign': True}, '2': {'effect': 0.10082117497633747, 'n_state': 373, 'same_sign': True}, '3': {'effect': 0.09855813771435318, 'n_state': 404, 'same_sign': True}, '4': {'effect': 0.11806355052945283, 'n_state': 446, 'same_sign': True}}"
3438,63698,-0.06481446929501955,0.7152414194299012,0.7800558887249207,6.152933272933469e-19,bar_range_atr:Q1:H5,feature_quintile_x_server_4h_block,bar_range_atr,1,5.0,6,move_ge_1atr,8.239395074827863e-19,2906,64025,-0.038093403272605464,1.9284381216022613e-06,2.1569524654915465e-06,4,"{'1': {'effect': -0.04248887499729492, 'n_state': 654, 'same_sign': True}, '2': {'effect': -0.038222170418607204, 'n_state': 694, 'same_sign': True}, '3': {'effect': -0.033997748833223485, 'n_state': 822, 'same_sign': True}, '4': {'effect': -0.03368951500343198, 'n_state': 736, 'same_sign': True}}"
12163,54973,0.07144488212497624,0.835238016936611,0.7637931348116348,1.0251922918866059e-65,bar_range_atr:Q2,feature_quintile,bar_range_atr,2,,6,move_ge_1atr,2.191985729061417e-65,12379,54552,0.07139173188546077,8.473306837745475e-65,2.0623709095644648e-64,4,"{'1': {'effect': 0.06982182219097388, 'n_state': 2894, 'same_sign': True}, '2': {'effect': 0.061095539467335924, 'n_state': 3126, 'same_sign': True}, '3': {'effect': 0.048824668508167024, 'n_state': 3171, 'same_sign': True}, '4': {'effect': 0.06502494204544829, 'n_state': 3188, 'same_sign': True}}"
1004,66132,0.08610468306415064,0.8615537848605578,0.7754491017964071,7.902879753132338e-11,bar_range_atr:Q2:H0,feature_quintile_x_server_4h_block,bar_range_atr,2,0.0,6,move_ge_1atr,8.526436241216737e-11,1051,65880,0.09032371228835179,5.726243093879019e-12,7.05750343099102e-12,4,"{'1': {'effect': 0.09382574630247786, 'n_state': 210, 'same_sign': True}, '2': {'effect': 0.1119586452404554, 'n_state': 283, 'same_sign': True}, '3': {'effect': 0.1099967890803697, 'n_state': 254, 'same_sign': True}, '4': {'effect': 0.047632420237409656, 'n_state': 304, 'same_sign': True}}"
2503,64633,0.05180263037008259,0.8266080703156212,0.7748054399455386,1.0189551841776056e-09,bar_range_atr:Q2:H1,feature_quintile_x_server_4h_block,bar_range_atr,2,1.0,6,move_ge_1atr,1.0686603151130985e-09,2546,64385,0.037450233861124005,1.1168869772378966e-05,1.2210035598617683e-05,4,"{'1': {'effect': 0.030052406217383143, 'n_state': 644, 'same_sign': True}, '2': {'effect': 0.009861286300056338, 'n_state': 604, 'same_sign': True}, '3': {'effect': 0.04678442240159053, 'n_state': 653, 'same_sign': True}, '4': {'effect': 0.05698192493089027, 'n_state': 645, 'same_sign': True}}"
2094,65042,0.15158235717325197,0.9235912129894938,0.7720088558162418,2.0773689648908158e-60,bar_range_atr:Q2:H2,feature_quintile_x_server_4h_block,bar_range_atr,2,2.0,6,move_ge_1atr,4.019708947063729e-60,2295,64636,0.14194021799435652,1.6627669884778651e-56,3.459628088929752e-56,4,"{'1': {'effect': 0.1679292423244637, 'n_state': 523, 'same_sign': True}, '2': {'effect': 0.1212122276937091, 'n_state': 592, 'same_sign': True}, '3': {'effect': 0.16621539179793976, 'n_state': 554, 'same_sign': True}, '4': {'effect': 0.10481136523467283, 'n_state': 626, 'same_sign': True}}"
2136,65000,0.14114335926246047,0.9133895131086143,0.7722461538461538,1.3331452718506926e-53,bar_range_atr:Q2:H3,feature_quintile_x_server_4h_block,bar_range_atr,2,3.0,6,move_ge_1atr,2.3885519453991573e-53,2210,64721,0.12769828391842164,1.7208327392287335e-44,3.20174168308423e-44,4,"{'1': {'effect': 0.13326020445018194, 'n_state': 543, 'same_sign': True}, '2': {'effect': 0.11506264115707354, 'n_state': 570, 'same_sign': True}, '3': {'effect': 0.11498450090907963, 'n_state': 519, 'same_sign': True}, '4': {'effect': 0.134169337667984, 'n_state': 578, 'same_sign': True}}"
12179,54957,0.10673640698389664,0.8641103538878397,0.7573739469039431,1.8659765271498295e-144,bar_range_atr:Q3,feature_quintile,bar_range_atr,3,,6,move_ge_1atr,1.0465694434883827e-143,12343,54588,0.10976370578724659,3.1991798058517426e-150,2.098445059092584e-149,4,"{'1': {'effect': 0.10305157427613054, 'n_state': 2974, 'same_sign': True}, '2': {'effect': 0.0759568833680323, 'n_state': 3054, 'same_sign': True}, '3': {'effect': 0.09810599663122532, 'n_state': 3100, 'same_sign': True}, '4': {'effect': 0.09824301500427579, 'n_state': 3215, 'same_sign': True}}"
1060,66076,0.14441123828821478,0.9188679245283019,0.7744566862400871,4.036574695590208e-29,bar_range_atr:Q3:H0,feature_quintile_x_server_4h_block,bar_range_atr,3,0.0,6,move_ge_1atr,6.199025425370677e-29,1064,65867,0.1341348783165346,7.939625784965872e-25,1.2144803078188904e-24,4,"{'1': {'effect': 0.12141360869837892, 'n_state': 253, 'same_sign': True}, '2': {'effect': 0.17134584384694063, 'n_state': 230, 'same_sign': True}, '3': {'effect': 0.15230928546772526, 'n_state': 300, 'same_sign': True}, '4': {'effect': 0.08965424630178898, 'n_state': 281, 'same_sign': True}}"
2381,64755,0.06861999892269932,0.8429231415371693,0.77430314261447,2.864615679910561e-15,bar_range_atr:Q3:H1,feature_quintile_x_server_4h_block,bar_range_atr,3,1.0,6,move_ge_1atr,3.4971806565469626e-15,2472,64459,0.06703110017350777,9.001782293424564e-15,1.1889726100871353e-14,4,"{'1': {'effect': 0.0642263445238741, 'n_state': 625, 'same_sign': True}, '2': {'effect': 0.047122806717230015, 'n_state': 638, 'same_sign': True}, '3': {'effect': 0.07795837985251797, 'n_state': 596, 'same_sign': True}, '4': {'effect': 0.07242038176137544, 'n_state': 613, 'same_sign': True}}"
2676,64460,0.15936115466793932,0.929745889387145,0.7703847347192057,8.090059588928389e-84,bar_range_atr:Q3:H2,feature_quintile_x_server_4h_block,bar_range_atr,3,2.0,6,move_ge_1atr,2.389964168637623e-83,2661,64270,0.14533404879487477,6.454522774860939e-68,1.699251914198084e-67,4,"{'1': {'effect': 0.15285961448879037, 'n_state': 648, 'same_sign': True}, '2': {'effect': 0.1059795723221243, 'n_state': 663, 'same_sign': True}, '3': {'effect': 0.1612939067897603, 'n_state': 640, 'same_sign': True}, '4': {'effect': 0.1444262713138741, 'n_state': 710, 'same_sign': True}}"
2427,64709,0.14784993853787165,0.919241862381541,0.7713919238436694,4.320258380235955e-66,bar_range_atr:Q3:H3,feature_quintile_x_server_4h_block,bar_range_atr,3,3.0,6,move_ge_1atr,9.288555517507303e-66,2460,64471,0.13875911057508294,1.0715286752124315e-57,2.253704333191364e-57,4,"{'1': {'effect': 0.1454471382136624, 'n_state': 617, 'same_sign': True}, '2': {'effect': 0.12432423723646047, 'n_state': 563, 'same_sign': True}, '3': {'effect': 0.13238832646727383, 'n_state': 627, 'same_sign': True}, '4': {'effect': 0.1364803511978664, 'n_state': 653, 'same_sign': True}}"
12159,54977,0.1391657891828807,0.8906982482112016,0.7515324590283209,8.220695318199714e-244,bar_range_atr:Q4,feature_quintile,bar_range_atr,4,,6,move_ge_1atr,6.627935600298519e-243,12100,54831,0.13676455723981928,1.499026122663107e-228,1.1602462189412446e-227,4,"{'1': {'effect': 0.12601131235875473, 'n_state': 2959, 'same_sign': True}, '2': {'effect': 0.11559729596040114, 'n_state': 2995, 'same_sign': True}, '3': {'effect': 0.12128991910936959, 'n_state': 3088, 'same_sign': True}, '4': {'effect': 0.10667714179432064, 'n_state': 3058, 'same_sign': True}}"
1130,66006,0.16407800417178486,0.9380530973451328,0.7739750931733479,2.135498906045746e-39,bar_range_atr:Q4:H0,feature_quintile_x_server_4h_block,bar_range_atr,4,0.0,6,move_ge_1atr,3.6894556992843917e-39,1062,65869,0.1511625869060027,4.97576587784735e-31,8.194133594582657e-31,4,"{'1': {'effect': 0.16861896130028886, 'n_state': 298, 'same_sign': True}, '2': {'effect': 0.1622105420543818, 'n_state': 257, 'same_sign': True}, '3': {'effect': 0.15315414166153019, 'n_state': 253, 'same_sign': True}, '4': {'effect': 0.1099967890803697, 'n_state': 254, 'same_sign': True}}"
2274,64862,0.0981806662013529,0.8715919085312225,0.7734112423298696,2.173075381123072e-28,bar_range_atr:Q4:H1,feature_quintile_x_server_4h_block,bar_range_atr,4,1.0,6,move_ge_1atr,3.3240323023503114e-28,2379,64552,0.10113126324126132,1.6119464658690434e-30,2.64331899275983e-30,4,"{'1': {'effect': 0.09305179002459463, 'n_state': 574, 'same_sign': True}, '2': {'effect': 0.08093907510799758, 'n_state': 601, 'same_sign': True}, '3': {'effect': 0.10722109325534712, 'n_state': 622, 'same_sign': True}, '4': {'effect': 0.11232844089716365, 'n_state': 582, 'same_sign': True}}"
3090,64046,0.1624556156896535,0.931715210355987,0.7692595946663335,1.4441555675784725e-99,bar_range_atr:Q4:H2,feature_quintile_x_server_4h_block,bar_range_atr,4,2.0,6,move_ge_1atr,5.272530232574234e-99,2956,63975,0.1630495885730059,8.725372595550848e-94,3.3432863311665128e-93,4,"{'1': {'effect': 0.1750581241061242, 'n_state': 702, 'same_sign': True}, '2': {'effect': 0.15328701326163796, 'n_state': 725, 'same_sign': True}, '3': {'effect': 0.17512150078915134, 'n_state': 802, 'same_sign': True}, '4': {'effect': 0.1257017303940794, 'n_state': 727, 'same_sign': True}}"
2740,64396,0.15666442083041832,0.927007299270073,0.7703428784396547,6.983226557405138e-83,bar_range_atr:Q4:H3,feature_quintile_x_server_4h_block,bar_range_atr,4,3.0,6,move_ge_1atr,2.001858279789473e-82,2573,64358,0.13781860061903295,2.258869012911902e-59,4.995327474268035e-59,4,"{'1': {'effect': 0.14405648824787964, 'n_state': 674, 'same_sign': True}, '2': {'effect': 0.1430654737002487, 'n_state': 612, 'same_sign': True}, '3': {'effect': 0.13354310532216773, 'n_state': 654, 'same_sign': True}, '4': {'effect': 0.11422345666321487, 'n_state': 633, 'same_sign': True}}"
1514,65622,0.08110276272250894,0.8560105680317041,0.7749078053091951,6.781154311656588e-14,bar_range_atr:Q4:H4,feature_quintile_x_server_4h_block,bar_range_atr,4,4.0,6,move_ge_1atr,8.099712094478702e-14,1586,65345,0.08548065332158339,1.5464262892515166e-15,2.070819979032308e-15,4,"{'1': {'effect': 0.07270279881608988, 'n_state': 339, 'same_sign': True}, '2': {'effect': 0.061629148614688045, 'n_state': 405, 'same_sign': True}, '3': {'effect': 0.07963225979212607, 'n_state': 387, 'same_sign': True}, '4': {'effect': 0.11593118957581316, 'n_state': 455, 'same_sign': True}}"
18615,48521,-0.24602813373772947,0.5989255976363148,0.8449537313740443,0.0,bar_range_atr:Q5,feature_quintile,bar_range_atr,5,,6,move_ge_1atr,0.0,17972,48959,-0.24989701567039746,0.0,0.0,4,"{'1': {'effect': -0.18971975911887162, 'n_state': 4721, 'same_sign': True}, '2': {'effect': -0.2098723847015166, 'n_state': 4323, 'same_sign': True}, '3': {'effect': -0.20495316482566728, 'n_state': 4545, 'same_sign': True}, '4': {'effect': -0.1796349155844661, 'n_state': 4383, 'same_sign': True}}"
4736,62400,-0.5358190401940401,0.27871621621621623,0.8145352564102564,0.0,bar_range_atr:Q5:H0,feature_quintile_x_server_4h_block,bar_range_atr,5,0.0,6,move_ge_1atr,0.0,4610,62321,-0.5489140908237984,0.0,0.0,4,"{'1': {'effect': -0.4748161608377893, 'n_state': 1192, 'same_sign': True}, '2': {'effect': -0.5369625066426424, 'n_state': 1111, 'same_sign': True}, '3': {'effect': -0.5222220640329884, 'n_state': 1175, 'same_sign': True}, '4': {'effect': -0.5488576088104704, 'n_state': 1132, 'same_sign': True}}"
2545,64591,0.10504488892310415,0.8777996070726916,0.7727547181495874,9.369397405291269e-36,bar_range_atr:Q5:H1,feature_quintile_x_server_4h_block,bar_range_atr,5,1.0,6,move_ge_1atr,1.5833872470950747e-35,2141,64790,0.13457696366639627,8.736945985041369e-48,1.69909452070905e-47,4,"{'1': {'effect': 0.13768788254520925, 'n_state': 547, 'same_sign': True}, '2': {'effect': 0.1487803459382857, 'n_state': 512, 'same_sign': True}, '3': {'effect': 0.13000188931850987, 'n_state': 555, 'same_sign': True}, '4': {'effect': 0.10914633637556648, 'n_state': 527, 'same_sign': True}}"
3360,63776,0.18740427806847781,0.9547619047619048,0.767357626693427,1.3475871393219896e-142,bar_range_atr:Q5:H2,feature_quintile_x_server_4h_block,bar_range_atr,5,2.0,6,move_ge_1atr,7.345298914332536e-142,3024,63907,0.18128548838701875,5.762717173360732e-118,3.0974604806813935e-117,4,"{'1': {'effect': 0.1868526072697102, 'n_state': 808, 'same_sign': True}, '2': {'effect': 0.17440758142848223, 'n_state': 711, 'same_sign': True}, '3': {'effect': 0.1826230580761452, 'n_state': 857, 'same_sign': True}, '4': {'effect': 0.15130131778757117, 'n_state': 648, 'same_sign': True}}"
2988,64148,0.07709612535068877,0.8504016064257028,0.7733054810750141,4.5020596647200434e-23,bar_range_atr:Q5:H3,feature_quintile_x_server_4h_block,bar_range_atr,5,3.0,6,move_ge_1atr,6.525457266841412e-23,2883,64048,0.08220171369911689,1.3906939006904076e-24,2.1188918880597943e-24,4,"{'1': {'effect': 0.15345496827238314, 'n_state': 751, 'same_sign': True}, '2': {'effect': 0.026740071038081625, 'n_state': 697, 'same_sign': True}, '3': {'effect': 0.01046018437188967, 'n_state': 705, 'same_sign': True}, '4': {'effect': 0.12061333344921121, 'n_state': 730, 'same_sign': True}}"
3747,63389,-0.47130948486670615,0.3317320523085135,0.8030415371752196,0.0,bar_range_atr:Q5:H4,feature_quintile_x_server_4h_block,bar_range_atr,5,4.0,6,move_ge_1atr,0.0,3754,63177,-0.44659160866668585,0.0,0.0,4,"{'1': {'effect': -0.4862314382898266, 'n_state': 1002, 'same_sign': True}, '2': {'effect': -0.4465958603546993, 'n_state': 888, 'same_sign': True}, '3': {'effect': -0.47017636599822316, 'n_state': 903, 'same_sign': True}, '4': {'effect': -0.3087059248859216, 'n_state': 961, 'same_sign': True}}"
1239,65897,-0.29550757931309707,0.48668280871670705,0.7821903880298041,3.381029444858944e-135,bar_range_atr:Q5:H5,feature_quintile_x_server_4h_block,bar_range_atr,5,5.0,6,move_ge_1atr,1.7681870204870423e-134,1560,65371,-0.246555920075906,3.4319700268305957e-115,1.747595263662422e-114,4,"{'1': {'effect': -0.32146431286920935, 'n_state': 421, 'same_sign': True}, '2': {'effect': -0.2177072972828571, 'n_state': 404, 'same_sign': True}, '3': {'effect': -0.22957390246466702, 'n_state': 350, 'same_sign': True}, '4': {'effect': -0.1928593871791059, 'n_state': 385, 'same_sign': True}}"
12122,55014,0.13896707440376932,0.8906121102128361,0.7516450358090668,1.5005547332934205e-242,body_atr:Q1,feature_quintile,body_atr,1,,6,move_ge_1atr,1.1851320036419463e-241,11451,55480,0.15248350751520368,1.209092731714411e-271,1.0172149721162546e-270,4,"{'1': {'effect': 0.14390194999142558, 'n_state': 2755, 'same_sign': True}, '2': {'effect': 0.13218915810987386, 'n_state': 2837, 'same_sign': True}, '3': {'effect': 0.12254844538505827, 'n_state': 2919, 'same_sign': True}, '4': {'effect': 0.13020301962106284, 'n_state': 2940, 'same_sign': True}}"
1182,65954,0.1471741803124128,0.9213197969543148,0.774145616641902,2.109234773369966e-33,body_atr:Q1:H0,feature_quintile_x_server_4h_block,body_atr,1,0.0,6,move_ge_1atr,3.473505775719902e-33,1084,65847,0.1454209206997077,2.1436914565667556e-29,3.4567024737138935e-29,4,"{'1': {'effect': 0.16065754690899348, 'n_state': 293, 'same_sign': True}, '2': {'effect': 0.17987373335468304, 'n_state': 248, 'same_sign': True}, '3': {'effect': 0.1310256904658209, 'n_state': 267, 'same_sign': True}, '4': {'effect': 0.10524901640395767, 'n_state': 276, 'same_sign': True}}"
2387,64749,0.10335177643827076,0.8764139086719732,0.7730621322337025,1.075749731554372e-32,body_atr:Q1:H1,feature_quintile_x_server_4h_block,body_atr,1,1.0,6,move_ge_1atr,1.7419043770357402e-32,2236,64695,0.11563271777119577,3.42789901895965e-37,5.818407545339406e-37,4,"{'1': {'effect': 0.10842731918706072, 'n_state': 540, 'same_sign': True}, '2': {'effect': 0.11664659090933904, 'n_state': 552, 'same_sign': True}, '3': {'effect': 0.10908548619174041, 'n_state': 575, 'same_sign': True}, '4': {'effect': 0.11662509443199354, 'n_state': 569, 'same_sign': True}}"
2837,64299,0.1683394698201881,0.937962636587945,0.7696231667677569,1.4540285793715854e-98,body_atr:Q1:H2,feature_quintile_x_server_4h_block,body_atr,1,2.0,6,move_ge_1atr,5.1624684423559956e-98,2593,64338,0.17275837403113192,6.700961425193064e-93,2.517739875290986e-92,4,"{'1': {'effect': 0.17652781919759097, 'n_state': 617, 'same_sign': True}, '2': {'effect': 0.15466711077429085, 'n_state': 650, 'same_sign': True}, '3': {'effect': 0.17755755394584816, 'n_state': 732, 'same_sign': True}, '4': {'effect': 0.16066187194667536, 'n_state': 594, 'same_sign': True}}"
2501,64635,0.16254519001558498,0.9332267093162735,0.7706815193006885,9.09997732822833e-82,body_atr:Q1:H3,feature_quintile_x_server_4h_block,body_atr,1,3.0,6,move_ge_1atr,2.5335908100894703e-81,2346,64585,0.16406081691085472,1.955227601789128e-76,5.911508452284317e-76,4,"{'1': {'effect': 0.17493379040168844, 'n_state': 584, 'same_sign': True}, '2': {'effect': 0.1640829673330807, 'n_state': 580, 'same_sign': True}, '3': {'effect': 0.16558958117281009, 'n_state': 549, 'same_sign': True}, '4': {'effect': 0.1365515280544063, 'n_state': 633, 'same_sign': True}}"
1619,65517,0.0895360598524646,0.8641136504014824,0.7745775905490178,1.2716220968393139e-17,body_atr:Q1:H4,feature_quintile_x_server_4h_block,body_atr,1,4.0,6,move_ge_1atr,1.6625599712054543e-17,1588,65343,0.11470062396180958,9.617798847859699e-27,1.5130439650901234e-26,4,"{'1': {'effect': 0.12241674028791838, 'n_state': 355, 'same_sign': True}, '2': {'effect': 0.09226231655154071, 'n_state': 386, 'same_sign': True}, '3': {'effect': 0.0610658824915018, 'n_state': 392, 'same_sign': True}, '4': {'effect': 0.1668266296553197, 'n_state': 455, 'same_sign': True}}"
12131,55005,0.09783728940761982,0.8568955568378535,0.7590582674302336,2.5298833274604176e-121,body_atr:Q2,feature_quintile,body_atr,2,,6,move_ge_1atr,1.1795962020809416e-120,12277,54654,0.08784784819980118,1.5424719361903206e-96,6.350389779847384e-96,4,"{'1': {'effect': 0.07512945002991067, 'n_state': 2886, 'same_sign': True}, '2': {'effect': 0.0812470574576748, 'n_state': 3101, 'same_sign': True}, '3': {'effect': 0.07100446546039296, 'n_state': 3171, 'same_sign': True}, '4': {'effect': 0.07345958060073343, 'n_state': 3119, 'same_sign': True}}"
1144,65992,0.10085594185182012,0.8758741258741258,0.7750181840223057,4.604117507012026e-16,body_atr:Q2:H0,feature_quintile_x_server_4h_block,body_atr,2,0.0,6,move_ge_1atr,5.729239470140367e-16,1230,65701,0.07942771780954438,6.06644783711767e-11,7.359609131550276e-11,4,"{'1': {'effect': 0.07591809701911434, 'n_state': 282, 'same_sign': True}, '2': {'effect': 0.10472939282440585, 'n_state': 314, 'same_sign': True}, '3': {'effect': 0.10102411522516197, 'n_state': 328, 'same_sign': True}, '4': {'effect': 0.029145470821224095, 'n_state': 306, 'same_sign': True}}"
2542,64594,0.06890935080382365,0.8430369787568843,0.7741276279530607,2.7573045436217244e-16,body_atr:Q2:H1,feature_quintile_x_server_4h_block,body_atr,2,1.0,6,move_ge_1atr,3.487179275756887e-16,2572,64359,0.05650398014036595,2.723768957205789e-11,3.325232133875837e-11,4,"{'1': {'effect': 0.020870157759472097, 'n_state': 621, 'same_sign': True}, '2': {'effect': 0.03646928124803617, 'n_state': 670, 'same_sign': True}, '3': {'effect': 0.08874412077410898, 'n_state': 647, 'same_sign': True}, '4': {'effect': 0.07301221075278819, 'n_state': 634, 'same_sign': True}}"
2376,64760,0.1646980927246523,0.9356060606060606,0.7709079678814083,5.9862350299954414e-80,body_atr:Q2:H2,feature_quintile_x_server_4h_block,body_atr,2,2.0,6,move_ge_1atr,1.631459828597349e-79,2389,64542,0.15251622797458309,1.902610670274406e-67,4.975069793217534e-67,4,"{'1': {'effect': 0.17212715257493005, 'n_state': 574, 'same_sign': True}, '2': {'effect': 0.12997837472069562, 'n_state': 603, 'same_sign': True}, '3': {'effect': 0.16673641367910386, 'n_state': 573, 'same_sign': True}, '4': {'effect': 0.1279972789801691, 'n_state': 639, 'same_sign': True}}"
2107,65029,0.1604291358366834,0.9321309919316564,0.771701856094973,7.711501840510057e-68,body_atr:Q2:H3,feature_quintile_x_server_4h_block,body_atr,2,3.0,6,move_ge_1atr,1.7053435498727956e-67,2267,64664,0.1260595369141322,1.9455737321651926e-44,3.602569542334591e-44,4,"{'1': {'effect': 0.13085879340122686, 'n_state': 579, 'same_sign': True}, '2': {'effect': 0.1366125335112992, 'n_state': 541, 'same_sign': True}, '3': {'effect': 0.10799878183566769, 'n_state': 586, 'same_sign': True}, '4': {'effect': 0.11674056503311392, 'n_state': 561, 'same_sign': True}}"
1724,65412,0.05650066265681619,0.8317865429234339,0.7752858802666177,2.6873105797963335e-08,body_atr:Q2:H4,feature_quintile_x_server_4h_block,body_atr,2,4.0,6,move_ge_1atr,2.7153764866349375e-08,1712,65219,0.040489363801300415,8.854963354622218e-05,9.492716948029912e-05,3,"{'1': {'effect': 0.03909829903192752, 'n_state': 358, 'same_sign': True}, '2': {'effect': 0.056573438108245444, 'n_state': 456, 'same_sign': True}, '3': {'effect': -0.012801831813910813, 'n_state': 442, 'same_sign': False}, '4': {'effect': 0.07423764375210307, 'n_state': 456, 'same_sign': True}}"
12080,55056,0.07530680381299903,0.8384933774834437,0.7631865736704446,1.9861035668600173e-72,body_atr:Q3,feature_quintile,body_atr,3,,6,move_ge_1atr,4.774050188663519e-72,12887,54044,0.07639762064262612,3.4114857063206645e-76,1.0155730525739209e-75,4,"{'1': {'effect': 0.07466169942863077, 'n_state': 3153, 'same_sign': True}, '2': {'effect': 0.040560358586966716, 'n_state': 3125, 'same_sign': True}, '3': {'effect': 0.06227463056780447, 'n_state': 3357, 'same_sign': True}, '4': {'effect': 0.0812056229829089, 'n_state': 3252, 'same_sign': True}}"
1275,65861,0.06848542280518888,0.8439215686274509,0.7754361458222621,6.017730501073921e-09,body_atr:Q3:H0,feature_quintile_x_server_4h_block,body_atr,3,0.0,6,move_ge_1atr,6.193781127435126e-09,1315,65616,0.05475562160022174,3.159372602377335e-06,3.503373057650512e-06,4,"{'1': {'effect': 0.04947171152022667, 'n_state': 318, 'same_sign': True}, '2': {'effect': 0.014309053084667234, 'n_state': 345, 'same_sign': True}, '3': {'effect': 0.09468350804125403, 'n_state': 342, 'same_sign': True}, '4': {'effect': 0.057700298898293756, 'n_state': 310, 'same_sign': True}}"
2489,64647,0.06496461361635364,0.8392928887103255,0.7743282750939718,2.2181264260170308e-14,body_atr:Q3:H1,feature_quintile_x_server_4h_block,body_atr,3,1.0,6,move_ge_1atr,2.6658848660515245e-14,2797,64134,0.048826108733123874,2.0768664603302345e-09,2.4282396379087637e-09,4,"{'1': {'effect': 0.053533720905372784, 'n_state': 722, 'same_sign': True}, '2': {'effect': 0.003699444001020624, 'n_state': 658, 'same_sign': True}, '3': {'effect': 0.03805370906416705, 'n_state': 732, 'same_sign': True}, '4': {'effect': 0.09242654727975863, 'n_state': 685, 'same_sign': True}}"
2102,65034,0.15386566294957416,0.9257849666983825,0.7719193037488083,2.0714728216580893e-62,body_atr:Q3:H2,feature_quintile_x_server_4h_block,body_atr,3,2.0,6,move_ge_1atr,4.132267948359178e-62,2331,64600,0.14797709695542505,3.7291190205403144e-62,8.641730903886837e-62,4,"{'1': {'effect': 0.17103980450883205, 'n_state': 580, 'same_sign': True}, '2': {'effect': 0.09704509205535883, 'n_state': 576, 'same_sign': True}, '3': {'effect': 0.17112424823564898, 'n_state': 565, 'same_sign': True}, '4': {'effect': 0.1378005285272993, 'n_state': 610, 'same_sign': True}}"
2125,65011,0.14551618866309501,0.9176470588235294,0.7721308701604344,1.3801855361624284e-56,body_atr:Q3:H3,feature_quintile_x_server_4h_block,body_atr,3,3.0,6,move_ge_1atr,2.519489634409716e-56,2239,64692,0.12735637809883182,8.429705700862508e-45,1.5759884571177734e-44,4,"{'1': {'effect': 0.13473213402020712, 'n_state': 551, 'same_sign': True}, '2': {'effect': 0.12318046359482082, 'n_state': 521, 'same_sign': True}, '3': {'effect': 0.117008279277525, 'n_state': 588, 'same_sign': True}, '4': {'effect': 0.12214785913865778, 'n_state': 579, 'same_sign': True}}"
12129,55007,0.08271095210132551,0.8445049055981532,0.7617939534968277,2.9876125054954275e-87,body_atr:Q4,feature_quintile,body_atr,4,,6,move_ge_1atr,9.176238409735956e-87,12146,54785,0.08120580216414452,4.243258369300211e-82,1.3916449058637133e-81,4,"{'1': {'effect': 0.08098233627284301, 'n_state': 2868, 'same_sign': True}, '2': {'effect': 0.0632949572242878, 'n_state': 3089, 'same_sign': True}, '3': {'effect': 0.06886300115917376, 'n_state': 3050, 'same_sign': True}, '4': {'effect': 0.06620661982599874, 'n_state': 3139, 'same_sign': True}}"
1176,65960,0.08876364978981277,0.8639455782312925,0.7751819284414797,4.3150961749492546e-13,body_atr:Q4:H0,feature_quintile_x_server_4h_block,body_atr,4,0.0,6,move_ge_1atr,5.045142657720125e-13,1192,65739,0.08635240325505245,2.4921688049785186e-12,3.1011875483173206e-12,4,"{'1': {'effect': 0.07535935585319808, 'n_state': 281, 'same_sign': True}, '2': {'effect': 0.07935923104732479, 'n_state': 321, 'same_sign': True}, '3': {'effect': 0.1321993967677556, 'n_state': 290, 'same_sign': True}, '4': {'effect': 0.05520738595148411, 'n_state': 300, 'same_sign': True}}"
2460,64676,0.06339087594599113,0.8378048780487805,0.7744140021027893,1.2590334729945454e-13,body_atr:Q4:H1,feature_quintile_x_server_4h_block,body_atr,4,1.0,6,move_ge_1atr,1.4946194909475125e-13,2477,64454,0.038878926073956155,6.763729737188204e-06,7.436259682647259e-06,4,"{'1': {'effect': 0.05521498718975937, 'n_state': 571, 'same_sign': True}, '2': {'effect': 0.015646243130026716, 'n_state': 657, 'same_sign': True}, '3': {'effect': 0.05263009319896217, 'n_state': 624, 'same_sign': True}, '4': {'effect': 0.030309631104274093, 'n_state': 625, 'same_sign': True}}"
2289,64847,0.16556160559752364,0.9366535605067715,0.7710919549092479,5.531145875450751e-78,body_atr:Q4:H2,feature_quintile_x_server_4h_block,body_atr,4,2.0,6,move_ge_1atr,1.4661325026023567e-77,2389,64542,0.1512139910673551,2.4819235997620283e-66,6.403362887386033e-66,4,"{'1': {'effect': 0.1671123530681048, 'n_state': 591, 'same_sign': True}, '2': {'effect': 0.14456661546753435, 'n_state': 611, 'same_sign': True}, '3': {'effect': 0.16957104301146253, 'n_state': 567, 'same_sign': True}, '4': {'effect': 0.11006552214126886, 'n_state': 620, 'same_sign': True}}"
2167,64969,0.14821335080946596,0.9201661282879557,0.7719527774784898,1.012078236639916e-59,body_atr:Q4:H3,feature_quintile_x_server_4h_block,body_atr,4,3.0,6,move_ge_1atr,1.948628246664913e-59,2172,64759,0.13946742102614373,7.011209870828973e-52,1.4131969895889648e-51,4,"{'1': {'effect': 0.13691697346072695, 'n_state': 553, 'same_sign': True}, '2': {'effect': 0.1292179780951792, 'n_state': 503, 'same_sign': True}, '3': {'effect': 0.14861248851670938, 'n_state': 511, 'same_sign': True}, '4': {'effect': 0.1303252928248474, 'n_state': 605, 'same_sign': True}}"
18674,48462,-0.29086370086475377,0.5667773374745636,0.8576410383393174,0.0,body_atr:Q5,feature_quintile,body_atr,5,,6,move_ge_1atr,0.0,18170,48761,-0.29691382508082476,0.0,0.0,4,"{'1': {'effect': -0.23873640238418037, 'n_state': 4563, 'same_sign': True}, '2': {'effect': -0.25100550064285, 'n_state': 4449, 'same_sign': True}, '3': {'effect': -0.22838782089778975, 'n_state': 4647, 'same_sign': True}, '4': {'effect': -0.21039671901736723, 'n_state': 4511, 'same_sign': True}}"
4547,62589,-0.5741446559689941,0.24147789751484494,0.815622553483839,0.0,body_atr:Q5:H0,feature_quintile_x_server_4h_block,body_atr,5,0.0,6,move_ge_1atr,0.0,4455,62476,-0.5807672732187745,0.0,0.0,4,"{'1': {'effect': -0.5441785219987794, 'n_state': 1094, 'same_sign': True}, '2': {'effect': -0.5706247820545982, 'n_state': 1073, 'same_sign': True}, '3': {'effect': -0.5391609054238518, 'n_state': 1149, 'same_sign': True}, '4': {'effect': -0.5521328103915648, 'n_state': 1139, 'same_sign': True}}"
2491,64645,0.05676233962723687,0.8313930148534725,0.7746306752262356,2.4619553797790806e-11,body_atr:Q5:H1,feature_quintile_x_server_4h_block,body_atr,5,1.0,6,move_ge_1atr,2.7067520794730233e-11,2300,64631,0.07327504031246279,2.711255319239135e-16,3.668726603306102e-16,4,"{'1': {'effect': 0.08852081530660183, 'n_state': 570, 'same_sign': True}, '2': {'effect': 0.07521849925651414, 'n_state': 535, 'same_sign': True}, '3': {'effect': 0.07636758105719321, 'n_state': 590, 'same_sign': True}, '4': {'effect': 0.04692681254101028, 'n_state': 605, 'same_sign': True}}"
2828,64308,0.16552569806603457,0.9352899575671852,0.7697642595011507,4.460814837699623e-95,body_atr:Q5:H2,feature_quintile_x_server_4h_block,body_atr,5,2.0,6,move_ge_1atr,1.514329247534872e-94,2682,64249,0.14341361278858333,1.1424539159394121e-66,2.9673131910641107e-66,4,"{'1': {'effect': 0.15765725331055935, 'n_state': 662, 'same_sign': True}, '2': {'effect': 0.12521400460247123, 'n_state': 632, 'same_sign': True}, '3': {'effect': 0.1664126450130392, 'n_state': 731, 'same_sign': True}, '4': {'effect': 0.10326429978509488, 'n_state': 657, 'same_sign': True}}"
3976,63160,-0.47808889435409163,0.32696177062374243,0.8050506649778341,0.0,body_atr:Q5:H4,feature_quintile_x_server_4h_block,body_atr,5,4.0,6,move_ge_1atr,0.0,3926,63005,-0.46990524610055484,0.0,0.0,4,"{'1': {'effect': -0.5047247395963563, 'n_state': 1028, 'same_sign': True}, '2': {'effect': -0.45401512408785694, 'n_state': 966, 'same_sign': True}, '3': {'effect': -0.44942645769492934, 'n_state': 995, 'same_sign': True}, '4': {'effect': -0.3820462932030075, 'n_state': 937, 'same_sign': True}}"
2036,65100,-0.21295932810033835,0.5702357563850687,0.7831950844854071,2.6955030139434453e-114,body_atr:Q5:H5,feature_quintile_x_server_4h_block,body_atr,5,5.0,6,move_ge_1atr,1.1720895128046218e-113,2137,64794,-0.20399278724875436,3.33794711735517e-107,1.5020762028098266e-106,4,"{'1': {'effect': -0.2705807034721699, 'n_state': 546, 'same_sign': True}, '2': {'effect': -0.1888382214890545, 'n_state': 573, 'same_sign': True}, '3': {'effect': -0.16210627987650195, 'n_state': 507, 'same_sign': True}, '4': {'effect': -0.17085197618664605, 'n_state': 511, 'same_sign': True}}"
12103,55033,0.08438107048564836,0.8459059737255226,0.7615249032398742,1.3886536575314817e-90,upper_wick_atr:Q1,feature_quintile,upper_wick_atr,1,,6,move_ge_1atr,4.554313266649859e-90,10934,55997,0.07866432253767397,3.8292082105093485e-71,1.0435940686388154e-70,4,"{'1': {'effect': 0.07776491381276496, 'n_state': 2488, 'same_sign': True}, '2': {'effect': 0.07232100246878281, 'n_state': 2821, 'same_sign': True}, '3': {'effect': 0.07219343341024353, 'n_state': 2831, 'same_sign': True}, '4': {'effect': 0.05309872704600693, 'n_state': 2794, 'same_sign': True}}"
1236,65900,0.0691973717164871,0.8446601941747572,0.7754628224582701,7.128730972218131e-09,upper_wick_atr:Q1:H0,feature_quintile_x_server_4h_block,upper_wick_atr,1,0.0,6,move_ge_1atr,7.298462662032848e-09,1169,65762,0.06684020810820279,7.892994027495752e-08,9.064061390625685e-08,4,"{'1': {'effect': 0.06257272248785684, 'n_state': 254, 'same_sign': True}, '2': {'effect': 0.06795522138809063, 'n_state': 311, 'same_sign': True}, '3': {'effect': 0.11041758991336681, 'n_state': 304, 'same_sign': True}, '4': {'effect': 0.021723972325193963, 'n_state': 300, 'same_sign': True}}"
2395,64741,0.055298570610841535,0.830062630480167,0.7747640598693255,1.751879636925325e-10,upper_wick_atr:Q1:H1,feature_quintile_x_server_4h_block,upper_wick_atr,1,1.0,6,move_ge_1atr,1.878053793601387e-10,2312,64619,0.04682540717372863,1.5714375856306366e-07,1.7939420225340895e-07,4,"{'1': {'effect': 0.05782151962753723, 'n_state': 568, 'same_sign': True}, '2': {'effect': 0.06274233600424639, 'n_state': 549, 'same_sign': True}, '3': {'effect': 0.03427740101498433, 'n_state': 597, 'same_sign': True}, '4': {'effect': 0.029549475391895008, 'n_state': 598, 'same_sign': True}}"
2369,64767,0.16142014617022837,0.932460953989025,0.7710408078187966,1.1656674043038883e-76,upper_wick_atr:Q1:H2,feature_quintile_x_server_4h_block,upper_wick_atr,1,2.0,6,move_ge_1atr,3.048062739632465e-76,2162,64769,0.1490212159232821,1.0108431756977506e-58,2.210148638389997e-58,4,"{'1': {'effect': 0.1602333835886156, 'n_state': 496, 'same_sign': True}, '2': {'effect': 0.12337754974701065, 'n_state': 531, 'same_sign': True}, '3': {'effect': 0.17755043324805453, 'n_state': 593, 'same_sign': True}, '4': {'effect': 0.11819256724552962, 'n_state': 542, 'same_sign': True}}"
2160,64976,0.15319194779610934,0.925,0.7718080522038907,1.7529573945627598e-63,upper_wick_atr:Q1:H3,feature_quintile_x_server_4h_block,upper_wick_atr,1,3.0,6,move_ge_1atr,3.5893889507713654e-63,1929,65002,0.12640498727566374,1.8389696082689918e-38,3.2057713441445943e-38,4,"{'1': {'effect': 0.1093609894806622, 'n_state': 431, 'same_sign': True}, '2': {'effect': 0.13223656282610574, 'n_state': 508, 'same_sign': True}, '3': {'effect': 0.12650663512965998, 'n_state': 481, 'same_sign': True}, '4': {'effect': 0.12451853508663635, 'n_state': 509, 'same_sign': True}}"
12138,54998,0.08517830073612342,0.8465150766188828,0.7613367758827594,1.8012625165739797e-92,upper_wick_atr:Q2,feature_quintile,upper_wick_atr,2,,6,move_ge_1atr,5.9580221702062406e-92,12478,54453,0.08257093518879677,1.4397515245384266e-86,4.9308304424457615e-86,4,"{'1': {'effect': 0.0707783469740958, 'n_state': 2808, 'same_sign': True}, '2': {'effect': 0.06919069169367575, 'n_state': 3180, 'same_sign': True}, '3': {'effect': 0.06393566826040942, 'n_state': 3215, 'same_sign': True}, '4': {'effect': 0.0778800988519398, 'n_state': 3275, 'same_sign': True}}"
1194,65942,0.07041163070719425,0.8458961474036851,0.7754845166964909,7.024244081145744e-09,upper_wick_atr:Q2:H0,feature_quintile_x_server_4h_block,upper_wick_atr,2,0.0,6,move_ge_1atr,7.210563552794172e-09,1270,65661,0.06996198680720722,4.810188619953641e-09,5.59021920697315e-09,4,"{'1': {'effect': 0.06523478721861298, 'n_state': 282, 'same_sign': True}, '2': {'effect': 0.06764402108375511, 'n_state': 359, 'same_sign': True}, '3': {'effect': 0.10399882339253275, 'n_state': 320, 'same_sign': True}, '4': {'effect': 0.037625548923604035, 'n_state': 309, 'same_sign': True}}"
2484,64652,0.06922215935622833,0.8433977455716586,0.7741755862154303,4.2941561542831877e-16,upper_wick_atr:Q2:H1,feature_quintile_x_server_4h_block,upper_wick_atr,2,1.0,6,move_ge_1atr,5.360769134540625e-16,2553,64378,0.05511551759932587,9.542957296069833e-11,1.1505060665355218e-10,4,"{'1': {'effect': 0.052951065006408116, 'n_state': 575, 'same_sign': True}, '2': {'effect': 0.03479531383223444, 'n_state': 634, 'same_sign': True}, '3': {'effect': 0.049181808981424324, 'n_state': 656, 'same_sign': True}, '4': {'effect': 0.07542516997846904, 'n_state': 688, 'same_sign': True}}"
2202,64934,0.15758725963541764,0.9291553133514986,0.771568053716081,2.695977666446091e-68,upper_wick_atr:Q2:H2,feature_quintile_x_server_4h_block,upper_wick_atr,2,2.0,6,move_ge_1atr,6.0308864561539715e-68,2310,64621,0.14395422232503063,2.0101995408676478e-58,4.3704900130099986e-58,4,"{'1': {'effect': 0.15510017254681452, 'n_state': 540, 'same_sign': True}, '2': {'effect': 0.14033235661216137, 'n_state': 573, 'same_sign': True}, '3': {'effect': 0.15381130272846366, 'n_state': 606, 'same_sign': True}, '4': {'effect': 0.1124844734121051, 'n_state': 591, 'same_sign': True}}"
2159,64977,0.15506796743548612,0.9268179712830014,0.7717500038475152,5.662252545748206e-65,upper_wick_atr:Q2:H3,feature_quintile_x_server_4h_block,upper_wick_atr,2,3.0,6,move_ge_1atr,1.1844820190294894e-64,2131,64800,0.12873328611733892,1.1004527302729047e-43,2.008845314224595e-43,4,"{'1': {'effect': 0.1314257792478245, 'n_state': 504, 'same_sign': True}, '2': {'effect': 0.11975163442954073, 'n_state': 523, 'same_sign': True}, '3': {'effect': 0.13045761047168847, 'n_state': 509, 'same_sign': True}, '4': {'effect': 0.12178486807168598, 'n_state': 595, 'same_sign': True}}"
12112,55024,0.09380234895938766,0.853616248348745,0.7598138993893574,1.5091828959672826e-111,upper_wick_atr:Q3,feature_quintile,upper_wick_atr,3,,6,move_ge_1atr,6.280148179992886e-111,12665,54266,0.09383588807740051,1.7079789776161903e-112,8.36693499161349e-112,4,"{'1': {'effect': 0.0847278364024302, 'n_state': 2980, 'same_sign': True}, '2': {'effect': 0.06877802913124242, 'n_state': 3149, 'same_sign': True}, '3': {'effect': 0.07887920980361385, 'n_state': 3257, 'same_sign': True}, '4': {'effect': 0.08706617641323455, 'n_state': 3279, 'same_sign': True}}"
1137,65999,0.11438243987146046,0.8891820580474934,0.7747996181760329,4.1921085467957104e-20,upper_wick_atr:Q3:H0,feature_quintile_x_server_4h_block,upper_wick_atr,3,0.0,6,move_ge_1atr,5.835777005791151e-20,1228,65703,0.08829543923869043,3.684308758639398e-13,4.65956695945571e-13,4,"{'1': {'effect': 0.06234562843615454, 'n_state': 289, 'same_sign': True}, '2': {'effect': 0.09326707215419416, 'n_state': 317, 'same_sign': True}, '3': {'effect': 0.11844334639296716, 'n_state': 299, 'same_sign': True}, '4': {'effect': 0.07408940920641738, 'n_state': 323, 'same_sign': True}}"
2529,64607,0.07915112122108636,0.8529062870699882,0.7737551658489018,6.809786866175075e-21,upper_wick_atr:Q3:H1,feature_quintile_x_server_4h_block,upper_wick_atr,3,1.0,6,move_ge_1atr,9.618202617553846e-21,2599,64332,0.06164640420890888,2.8039973281667896e-13,3.5813431221140184e-13,4,"{'1': {'effect': 0.04983012598016867, 'n_state': 620, 'same_sign': True}, '2': {'effect': 0.03287076849491044, 'n_state': 648, 'same_sign': True}, '3': {'effect': 0.09119253420993834, 'n_state': 651, 'same_sign': True}, '4': {'effect': 0.0646362274664889, 'n_state': 680, 'same_sign': True}}"
2291,64845,0.16923926204982842,0.9402007856831078,0.7709615236332794,1.8093019993333387e-81,upper_wick_atr:Q3:H2,feature_quintile_x_server_4h_block,upper_wick_atr,3,2.0,6,move_ge_1atr,5.001427669585729e-81,2393,64538,0.14617155356837164,3.366077224139544e-62,7.847420998445803e-62,4,"{'1': {'effect': 0.16245609564778596, 'n_state': 567, 'same_sign': True}, '2': {'effect': 0.1175240370403885, 'n_state': 625, 'same_sign': True}, '3': {'effect': 0.14699413840972853, 'n_state': 582, 'same_sign': True}, '4': {'effect': 0.14410635501709157, 'n_state': 619, 'same_sign': True}}"
2182,64954,0.15449911432773966,0.9262144821264895,0.7717153677987498,3.716405830634235e-65,upper_wick_atr:Q3:H3,feature_quintile_x_server_4h_block,upper_wick_atr,3,3.0,6,move_ge_1atr,7.816570958997004e-65,2329,64602,0.142555329273225,9.076580104537503e-58,1.9194734975169472e-57,4,"{'1': {'effect': 0.1339942647798651, 'n_state': 587, 'same_sign': True}, '2': {'effect': 0.13620465398179193, 'n_state': 549, 'same_sign': True}, '3': {'effect': 0.14722042751774966, 'n_state': 572, 'same_sign': True}, '4': {'effect': 0.13789799582354978, 'n_state': 621, 'same_sign': True}}"
12158,54978,0.10691121174725704,0.8642868892910018,0.7573756775437448,9.905368917172567e-145,upper_wick_atr:Q4,feature_quintile,upper_wick_atr,4,,6,move_ge_1atr,5.637320251390858e-144,12692,54239,0.11188896237379464,2.340731890305945e-159,1.61761293133643e-158,4,"{'1': {'effect': 0.10694305161970374, 'n_state': 3190, 'same_sign': True}, '2': {'effect': 0.08123060146870453, 'n_state': 3031, 'same_sign': True}, '3': {'effect': 0.09703011697370933, 'n_state': 3217, 'same_sign': True}, '4': {'effect': 0.09487466993912375, 'n_state': 3254, 'same_sign': True}}"
1104,66032,0.1293762268974551,0.9039855072463768,0.7746092803489217,1.3470189656197579e-24,upper_wick_atr:Q4:H0,feature_quintile_x_server_4h_block,upper_wick_atr,4,0.0,6,move_ge_1atr,1.9746073473289632e-24,1140,65791,0.12766062494016805,4.077026918616735e-24,6.163318037127643e-24,4,"{'1': {'effect': 0.13071635362275358, 'n_state': 276, 'same_sign': True}, '2': {'effect': 0.139139688706317, 'n_state': 258, 'same_sign': True}, '3': {'effect': 0.1352407934400135, 'n_state': 299, 'same_sign': True}, '4': {'effect': 0.10180038025639349, 'n_state': 307, 'same_sign': True}}"
2485,64651,0.08266090020502281,0.856338028169014,0.7736771279639912,2.7283048242490053e-22,upper_wick_atr:Q4:H1,feature_quintile_x_server_4h_block,upper_wick_atr,4,1.0,6,move_ge_1atr,3.9397536081506157e-22,2556,64375,0.07567456432228759,5.8971442887992835e-19,8.268821883207692e-19,4,"{'1': {'effect': 0.0812769547103277, 'n_state': 655, 'same_sign': True}, '2': {'effect': 0.027629104525673687, 'n_state': 656, 'same_sign': True}, '3': {'effect': 0.08608225702674233, 'n_state': 649, 'same_sign': True}, '4': {'effect': 0.10165936271204279, 'n_state': 596, 'same_sign': True}}"
2570,64566,0.1573003270806297,0.9280155642023347,0.770715237121705,1.1195349463846607e-78,upper_wick_atr:Q4:H2,feature_quintile_x_server_4h_block,upper_wick_atr,4,2.0,6,move_ge_1atr,2.9880001672473357e-78,2668,64263,0.16199716653507423,3.896490764956596e-84,1.2999499362398299e-83,4,"{'1': {'effect': 0.17641189445453875, 'n_state': 684, 'same_sign': True}, '2': {'effect': 0.14278498291495312, 'n_state': 632, 'same_sign': True}, '3': {'effect': 0.18983519300616836, 'n_state': 664, 'same_sign': True}, '4': {'effect': 0.11948269918120358, 'n_state': 688, 'same_sign': True}}"
2266,64870,0.14291483367304914,0.9148278905560459,0.7719130568829967,4.981718841641576e-58,upper_wick_atr:Q4:H3,feature_quintile_x_server_4h_block,upper_wick_atr,4,3.0,6,move_ge_1atr,9.358860153957718e-58,2505,64426,0.14358741617128945,1.0523510866948384e-62,2.483291893603064e-62,4,"{'1': {'effect': 0.15365669456656628, 'n_state': 679, 'same_sign': True}, '2': {'effect': 0.15405792624035763, 'n_state': 558, 'same_sign': True}, '3': {'effect': 0.11974683332541114, 'n_state': 602, 'same_sign': True}, '4': {'effect': 0.1308262914691648, 'n_state': 666, 'same_sign': True}}"
1723,65413,0.05282557590083958,0.828206616366802,0.7753810404659625,2.019715680949042e-07,upper_wick_atr:Q4:H4,feature_quintile_x_server_4h_block,upper_wick_atr,4,4.0,6,move_ge_1atr,2.0302077104604653e-07,1802,65129,0.04584650911111621,5.3471383034893e-06,5.895562744872818e-06,4,"{'1': {'effect': 0.043221156178481435, 'n_state': 424, 'same_sign': True}, '2': {'effect': 0.04614739605861229, 'n_state': 436, 'same_sign': True}, '3': {'effect': 0.01730272917615938, 'n_state': 457, 'same_sign': True}, '4': {'effect': 0.07131865236820478, 'n_state': 485, 'same_sign': True}}"
18625,48511,-0.27342234896146855,0.5791677852348993,0.8525901341963679,0.0,upper_wick_atr:Q5,feature_quintile,upper_wick_atr,5,,6,move_ge_1atr,0.0,18162,48769,-0.2774890460329661,0.0,0.0,4,"{'1': {'effect': -0.2089500821133009, 'n_state': 4759, 'same_sign': True}, '2': {'effect': -0.23793215471000184, 'n_state': 4420, 'same_sign': True}, '3': {'effect': -0.2241719800987665, 'n_state': 4624, 'same_sign': True}, '4': {'effect': -0.1966423425339039, 'n_state': 4359, 'same_sign': True}}"
4653,62483,-0.5533191011191666,0.2617666021921341,0.8150857033113007,0.0,upper_wick_atr:Q5:H0,feature_quintile_x_server_4h_block,upper_wick_atr,5,0.0,6,move_ge_1atr,0.0,4469,62462,-0.5768615001966844,0.0,0.0,4,"{'1': {'effect': -0.49595830892182463, 'n_state': 1167, 'same_sign': True}, '2': {'effect': -0.5824878097866713, 'n_state': 1056, 'same_sign': True}, '3': {'effect': -0.5402532410266304, 'n_state': 1154, 'same_sign': True}, '4': {'effect': -0.5763108886941266, 'n_state': 1092, 'same_sign': True}}"
2476,64660,0.069107577501203,0.8432956381260097,0.7741880606248067,5.32125807923224e-16,upper_wick_atr:Q5:H1,feature_quintile_x_server_4h_block,upper_wick_atr,5,1.0,6,move_ge_1atr,6.60040665597076e-16,2362,64569,0.08606081418732892,2.07892092632737e-22,3.024595483040196e-22,4,"{'1': {'effect': 0.07387967292771491, 'n_state': 606, 'same_sign': True}, '2': {'effect': 0.07846626890729025, 'n_state': 585, 'same_sign': True}, '3': {'effect': 0.09428153060709088, 'n_state': 615, 'same_sign': True}, '4': {'effect': 0.08847668983457302, 'n_state': 556, 'same_sign': True}}"
3000,64136,0.17264458858259535,0.9416666666666667,0.7690220780840713,3.899542499411706e-109,upper_wick_atr:Q5:H2,feature_quintile_x_server_4h_block,upper_wick_atr,5,2.0,6,move_ge_1atr,1.5885504708129794e-108,2851,64080,0.1638973621626072,1.359089754249909e-91,4.961959763157687e-91,4,"{'1': {'effect': 0.18207106704035003, 'n_state': 737, 'same_sign': True}, '2': {'effect': 0.13033888232592972, 'n_state': 711, 'same_sign': True}, '3': {'effect': 0.17962503183729783, 'n_state': 723, 'same_sign': True}, '4': {'effect': 0.1404060271676254, 'n_state': 680, 'same_sign': True}}"
3826,63310,-0.47361791392646957,0.3301097752221641,0.8037276891486337,0.0,upper_wick_atr:Q5:H4,feature_quintile_x_server_4h_block,upper_wick_atr,5,4.0,6,move_ge_1atr,0.0,3728,63203,-0.4750931989089723,0.0,0.0,4,"{'1': {'effect': -0.5019992685378135, 'n_state': 1004, 'same_sign': True}, '2': {'effect': -0.46393352865667203, 'n_state': 917, 'same_sign': True}, '3': {'effect': -0.48996188763309234, 'n_state': 912, 'same_sign': True}, '4': {'effect': -0.35751157909127607, 'n_state': 895, 'same_sign': True}}"
1741,65395,-0.2460703016296628,0.5370476737507179,0.7831179753803807,8.632979669901662e-131,upper_wick_atr:Q5:H5,feature_quintile_x_server_4h_block,upper_wick_atr,5,5.0,6,move_ge_1atr,4.229067256015118e-130,1952,64979,-0.20889182608555257,4.723216946476385e-103,2.0309832869848457e-102,4,"{'1': {'effect': -0.27631760477196765, 'n_state': 516, 'same_sign': True}, '2': {'effect': -0.176798467890376, 'n_state': 474, 'same_sign': True}, '3': {'effect': -0.19290028067641107, 'n_state': 475, 'same_sign': True}, '4': {'effect': -0.16588429996846554, 'n_state': 487, 'same_sign': True}}"
12102,55034,0.08103755298170057,0.8431664187737564,0.7621288657920559,1.0869529937693267e-83,lower_wick_atr:Q1,feature_quintile,lower_wick_atr,1,,6,move_ge_1atr,3.186748549914617e-83,10904,56027,0.07884412283088393,2.6291368592534245e-71,7.319970967849462e-71,4,"{'1': {'effect': 0.07814548276450783, 'n_state': 2500, 'same_sign': True}, '2': {'effect': 0.06816514320148859, 'n_state': 2796, 'same_sign': True}, '3': {'effect': 0.05807151887866524, 'n_state': 2919, 'same_sign': True}, '4': {'effect': 0.07239297913689113, 'n_state': 2689, 'same_sign': True}}"
1409,65727,0.07653738565017143,0.8516678495386799,0.7751304638885085,8.720525233315896e-12,lower_wick_atr:Q1:H0,feature_quintile_x_server_4h_block,lower_wick_atr,1,0.0,6,move_ge_1atr,9.753882269633675e-12,1190,65741,0.0783986407571653,2.1060844519650638e-10,2.507860562801476e-10,4,"{'1': {'effect': 0.06977300704321043, 'n_state': 296, 'same_sign': True}, '2': {'effect': 0.08033452348726033, 'n_state': 277, 'same_sign': True}, '3': {'effect': 0.08458499750398452, 'n_state': 312, 'same_sign': True}, '4': {'effect': 0.07458945038440656, 'n_state': 305, 'same_sign': True}}"
2463,64673,0.07034243962155995,0.8444985789687373,0.7741561393471773,1.9055813038918007e-16,lower_wick_atr:Q1:H1,feature_quintile_x_server_4h_block,lower_wick_atr,1,1.0,6,move_ge_1atr,2.4179015232987766e-16,2252,64679,0.050832500395380564,1.8985961785264224e-08,2.1933036450439565e-08,4,"{'1': {'effect': 0.05675346154858807, 'n_state': 502, 'same_sign': True}, '2': {'effect': 0.03225079022084687, 'n_state': 581, 'same_sign': True}, '3': {'effect': 0.05518645758976004, 'n_state': 616, 'same_sign': True}, '4': {'effect': 0.05486471611953181, 'n_state': 553, 'same_sign': True}}"
2106,65030,0.15892276469958566,0.9306742640075973,0.7717514993080117,1.4135599043521628e-66,lower_wick_atr:Q1:H2,feature_quintile_x_server_4h_block,lower_wick_atr,1,2.0,6,move_ge_1atr,3.056132307174788e-66,1996,64935,0.1359824368842405,1.1457326296165566e-45,2.162919647129792e-45,4,"{'1': {'effect': 0.14189542937305222, 'n_state': 463, 'same_sign': True}, '2': {'effect': 0.11743151152201681, 'n_state': 504, 'same_sign': True}, '3': {'effect': 0.16256194346078323, 'n_state': 526, 'same_sign': True}, '4': {'effect': 0.10918672346004654, 'n_state': 503, 'same_sign': True}}"
2106,65030,0.1515695948060497,0.9235517568850902,0.7719821620790405,1.0059656678888728e-60,lower_wick_atr:Q1:H3,feature_quintile_x_server_4h_block,lower_wick_atr,1,3.0,6,move_ge_1atr,1.9563251933316272e-60,1963,64968,0.1389100260370354,7.637250831340505e-47,1.4631762731330572e-46,4,"{'1': {'effect': 0.1434336101428304, 'n_state': 493, 'same_sign': True}, '2': {'effect': 0.13425907649078062, 'n_state': 478, 'same_sign': True}, '3': {'effect': 0.11743151152201681, 'n_state': 504, 'same_sign': True}, '4': {'effect': 0.14869435110533546, 'n_state': 488, 'same_sign': True}}"
12109,55027,0.0819645241669611,0.8439177471302337,0.7619532229632726,1.307939062701732e-85,lower_wick_atr:Q2,feature_quintile,lower_wick_atr,2,,6,move_ge_1atr,3.954472009887268e-85,12167,54764,0.08640691715865179,8.019720488886849e-93,2.98426137423001e-92,4,"{'1': {'effect': 0.07174513947564543, 'n_state': 2908, 'same_sign': True}, '2': {'effect': 0.06311745571021277, 'n_state': 3086, 'same_sign': True}, '3': {'effect': 0.08060400185311001, 'n_state': 3089, 'same_sign': True}, '4': {'effect': 0.08067460823628758, 'n_state': 3084, 'same_sign': True}}"
1181,65955,0.08159958959008495,0.8569009314140559,0.7753013418239709,2.4821207542322325e-11,lower_wick_atr:Q2:H0,feature_quintile_x_server_4h_block,lower_wick_atr,2,0.0,6,move_ge_1atr,2.7211918750364703e-11,1184,65747,0.07243499240947793,4.754141783415328e-09,5.541725512595578e-09,4,"{'1': {'effect': 0.030419757950919557, 'n_state': 298, 'same_sign': True}, '2': {'effect': 0.058870415271643606, 'n_state': 289, 'same_sign': True}, '3': {'effect': 0.1364179077563682, 'n_state': 313, 'same_sign': True}, '4': {'effect': 0.05580706167474336, 'n_state': 284, 'same_sign': True}}"
2465,64671,0.05657789247701972,0.831237322515213,0.7746594300381933,3.581349892011574e-11,lower_wick_atr:Q2:H1,feature_quintile_x_server_4h_block,lower_wick_atr,2,1.0,6,move_ge_1atr,3.904175797770363e-11,2534,64397,0.05452763239239178,1.7475758781619406e-10,2.0873822989156512e-10,4,"{'1': {'effect': 0.04504652769312034, 'n_state': 631, 'same_sign': True}, '2': {'effect': 0.032247447689429665, 'n_state': 641, 'same_sign': True}, '3': {'effect': 0.06112926610360625, 'n_state': 608, 'same_sign': True}, '4': {'effect': 0.07332163837077266, 'n_state': 654, 'same_sign': True}}"
2234,64902,0.16334502757093972,0.9346463742166518,0.771301346645712,3.0606415587367344e-74,lower_wick_atr:Q2:H2,feature_quintile_x_server_4h_block,lower_wick_atr,2,2.0,6,move_ge_1atr,7.592745405327668e-74,2286,64645,0.1442525220351787,4.3457301644431054e-58,9.29169930187559e-58,4,"{'1': {'effect': 0.16218133618844144, 'n_state': 551, 'same_sign': True}, '2': {'effect': 0.12161111781181733, 'n_state': 603, 'same_sign': True}, '3': {'effect': 0.16322237312175625, 'n_state': 559, 'same_sign': True}, '4': {'effect': 0.11744884048747795, 'n_state': 573, 'same_sign': True}}"
2120,65016,0.1467656727748874,0.9188679245283019,0.7721022517534145,2.099346377204195e-57,lower_wick_atr:Q2:H3,feature_quintile_x_server_4h_block,lower_wick_atr,2,3.0,6,move_ge_1atr,3.887306449655615e-57,2158,64773,0.12825486345577553,6.964490442744168e-44,1.2773733655649255e-43,4,"{'1': {'effect': 0.13548208600409561, 'n_state': 545, 'same_sign': True}, '2': {'effect': 0.12816787423173281, 'n_state': 517, 'same_sign': True}, '3': {'effect': 0.10769571084942153, 'n_state': 513, 'same_sign': True}, '4': {'effect': 0.12811129135518207, 'n_state': 583, 'same_sign': True}}"
12136,55000,0.09178269311440046,0.851928147659855,0.7601454545454546,4.843231722972671e-107,lower_wick_atr:Q3,feature_quintile,lower_wick_atr,3,,6,move_ge_1atr,1.874330676790424e-106,12421,54510,0.08501786473044959,2.4146687688070286e-91,8.733428163816075e-91,4,"{'1': {'effect': 0.09318936289934066, 'n_state': 2967, 'same_sign': True}, '2': {'effect': 0.06293963123495172, 'n_state': 3083, 'same_sign': True}, '3': {'effect': 0.06417849378588947, 'n_state': 3202, 'same_sign': True}, '4': {'effect': 0.0712248409493853, 'n_state': 3169, 'same_sign': True}}"
1135,66001,0.11328413326002862,0.8881057268722466,0.774821593612218,1.0183909108900738e-19,lower_wick_atr:Q3:H0,feature_quintile_x_server_4h_block,lower_wick_atr,3,0.0,6,move_ge_1atr,1.4075617232659234e-19,1190,65741,0.08096528278338,5.330533799296749e-11,6.487159057634723e-11,4,"{'1': {'effect': 0.0969871470779321, 'n_state': 274, 'same_sign': True}, '2': {'effect': 0.05180299843330849, 'n_state': 311, 'same_sign': True}, '3': {'effect': 0.11508385698355783, 'n_state': 299, 'same_sign': True}, '4': {'effect': 0.05869231995487367, 'n_state': 306, 'same_sign': True}}"
2536,64600,0.07507383461437045,0.8489747634069401,0.7739009287925697,5.316647361318253e-19,lower_wick_atr:Q3:H1,feature_quintile_x_server_4h_block,lower_wick_atr,3,1.0,6,move_ge_1atr,7.219447469579522e-19,2581,64350,0.05352802606580209,2.606192342648818e-10,3.0843927724926373e-10,4,"{'1': {'effect': 0.055213553700780515, 'n_state': 633, 'same_sign': True}, '2': {'effect': 0.043058737287982596, 'n_state': 635, 'same_sign': True}, '3': {'effect': 0.04347439500074013, 'n_state': 684, 'same_sign': True}, '4': {'effect': 0.06691362484107621, 'n_state': 629, 'same_sign': True}}"
2386,64750,0.15240124665438992,0.9237217099748533,0.7713204633204633,5.371497544143354e-69,lower_wick_atr:Q3:H2,feature_quintile_x_server_4h_block,lower_wick_atr,3,2.0,6,move_ge_1atr,1.2085869474322547e-68,2510,64421,0.14751725622617795,3.324446165487683e-66,8.520269311547901e-66,4,"{'1': {'effect': 0.16994013121606166, 'n_state': 632, 'same_sign': True}, '2': {'effect': 0.10945898128490317, 'n_state': 617, 'same_sign': True}, '3': {'effect': 0.17492393587426514, 'n_state': 634, 'same_sign': True}, '4': {'effect': 0.1178985210646395, 'n_state': 627, 'same_sign': True}}"
2168,64968,0.15254350594854305,0.9243542435424354,0.7718107375938924,3.513297720719088e-63,lower_wick_atr:Q3:H3,feature_quintile_x_server_4h_block,lower_wick_atr,3,3.0,6,move_ge_1atr,7.118566585959618e-63,2256,64675,0.13741069641716486,3.1427247751866326e-52,6.367719832446213e-52,4,"{'1': {'effect': 0.15449012812899754, 'n_state': 561, 'same_sign': True}, '2': {'effect': 0.13592263194405307, 'n_state': 527, 'same_sign': True}, '3': {'effect': 0.12273774278745275, 'n_state': 546, 'same_sign': True}, '4': {'effect': 0.12344907276412553, 'n_state': 622, 'same_sign': True}}"
12162,54974,0.11350039345564489,0.8696760401249795,0.7561756466693346,6.647674378776371e-163,lower_wick_atr:Q4,feature_quintile,lower_wick_atr,4,,6,move_ge_1atr,4.1494354590104125e-162,12467,54464,0.10780765421653227,4.28282203718959e-146,2.6733098845038243e-145,4,"{'1': {'effect': 0.0986052417398382, 'n_state': 3040, 'same_sign': True}, '2': {'effect': 0.08631497776534358, 'n_state': 2918, 'same_sign': True}, '3': {'effect': 0.09318426241261868, 'n_state': 3171, 'same_sign': True}, '4': {'effect': 0.08991556616547691, 'n_state': 3338, 'same_sign': True}}"
1048,66088,0.12114670608053468,0.8959923664122137,0.774845660331679,9.280971475339526e-21,lower_wick_atr:Q4:H0,feature_quintile_x_server_4h_block,lower_wick_atr,4,0.0,6,move_ge_1atr,1.3060858039841441e-20,1176,65755,0.11978569695690611,4.86084159444786e-22,7.045489502064875e-22,4,"{'1': {'effect': 0.15505082716865382, 'n_state': 272, 'same_sign': True}, '2': {'effect': 0.13491183853214994, 'n_state': 298, 'same_sign': True}, '3': {'effect': 0.1263777895484819, 'n_state': 293, 'same_sign': True}, '4': {'effect': 0.06259022760736743, 'n_state': 313, 'same_sign': True}}"
2383,64753,0.07441487245127143,0.8485102811582039,0.7740954087069325,1.0622171332336155e-17,lower_wick_atr:Q4:H1,feature_quintile_x_server_4h_block,lower_wick_atr,4,1.0,6,move_ge_1atr,1.39822459374629e-17,2547,64384,0.06365228705310344,8.121971279940863e-14,1.0442534502781108e-13,4,"{'1': {'effect': 0.05155760340975779, 'n_state': 659, 'same_sign': True}, '2': {'effect': 0.044509645090799466, 'n_state': 576, 'same_sign': True}, '3': {'effect': 0.08653897675643152, 'n_state': 651, 'same_sign': True}, '4': {'effect': 0.06280662681228655, 'n_state': 661, 'same_sign': True}}"
2669,64467,0.16383417429847535,0.9340576995129262,0.7702235252144508,2.897573406084471e-88,lower_wick_atr:Q4:H2,feature_quintile_x_server_4h_block,lower_wick_atr,4,2.0,6,move_ge_1atr,9.191482853726969e-88,2629,64302,0.15914035305468688,3.788870549097997e-80,1.2018794282794467e-79,4,"{'1': {'effect': 0.17688638549477342, 'n_state': 638, 'same_sign': True}, '2': {'effect': 0.1357667141133866, 'n_state': 628, 'same_sign': True}, '3': {'effect': 0.17253316138054098, 'n_state': 674, 'same_sign': True}, '4': {'effect': 0.13284903500026668, 'n_state': 689, 'same_sign': True}}"
2389,64747,0.15554583861375804,0.926747593135203,0.771201754521445,7.018576220268583e-72,lower_wick_atr:Q4:H3,feature_quintile_x_server_4h_block,lower_wick_atr,4,3.0,6,move_ge_1atr,1.646175149844813e-71,2418,64513,0.14462650797538035,1.5933076235718913e-61,3.6485801794220235e-61,4,"{'1': {'effect': 0.1453746859025964, 'n_state': 594, 'same_sign': True}, '2': {'effect': 0.1343587673617569, 'n_state': 559, 'same_sign': True}, '3': {'effect': 0.14290769022025906, 'n_state': 600, 'same_sign': True}, '4': {'effect': 0.13978233998360223, 'n_state': 665, 'same_sign': True}}"
18627,48509,-0.27195938155775146,0.5802329951146186,0.85219237667237,0.0,lower_wick_atr:Q5,feature_quintile,lower_wick_atr,5,,6,move_ge_1atr,0.0,18972,47959,-0.259931566133183,0.0,0.0,4,"{'1': {'effect': -0.20582623590785076, 'n_state': 4810, 'same_sign': True}, '2': {'effect': -0.21210841132033187, 'n_state': 4718, 'same_sign': True}, '3': {'effect': -0.20541409226360496, 'n_state': 4763, 'same_sign': True}, '4': {'effect': -0.17818633474294532, 'n_state': 4681, 'same_sign': True}}"
4551,62585,-0.5687519818136326,0.24653922214897825,0.8152912039626109,0.0,lower_wick_atr:Q5:H0,feature_quintile_x_server_4h_block,lower_wick_atr,5,0.0,6,move_ge_1atr,0.0,4536,62395,-0.5678824516899149,0.0,0.0,4,"{'1': {'effect': -0.5218490652789871, 'n_state': 1128, 'same_sign': True}, '2': {'effect': -0.5331147937896603, 'n_state': 1126, 'same_sign': True}, '3': {'effect': -0.5360685699761201, 'n_state': 1159, 'same_sign': True}, '4': {'effect': -0.5632196249582422, 'n_state': 1123, 'same_sign': True}}"
2522,64614,0.07954231567112369,0.8532910388580491,0.7737487231869254,4.9397345669179334e-21,lower_wick_atr:Q5:H1,feature_quintile_x_server_4h_block,lower_wick_atr,5,1.0,6,move_ge_1atr,7.00248086958696e-21,2468,64463,0.1025052226132207,2.2511826049936407e-32,3.723109692874098e-32,4,"{'1': {'effect': 0.11074795808850246, 'n_state': 599, 'same_sign': True}, '2': {'effect': 0.07743631887262759, 'n_state': 639, 'same_sign': True}, '3': {'effect': 0.1127841779438119, 'n_state': 609, 'same_sign': True}, '4': {'effect': 0.09888871646885711, 'n_state': 621, 'same_sign': True}}"
3037,64099,0.17762707395796928,0.9463286137635825,0.7687015398056132,9.612751085029997e-117,lower_wick_atr:Q5:H2,feature_quintile_x_server_4h_block,lower_wick_atr,5,2.0,6,move_ge_1atr,4.37662902341954e-116,2963,63968,0.17384860482046627,1.3656904810206389e-106,6.074968001781463e-106,4,"{'1': {'effect': 0.182290684574983, 'n_state': 740, 'same_sign': True}, '2': {'effect': 0.16254178560460752, 'n_state': 720, 'same_sign': True}, '3': {'effect': 0.17559531820194296, 'n_state': 775, 'same_sign': True}, '4': {'effect': 0.1508497921726929, 'n_state': 728, 'same_sign': True}}"
2913,64223,0.06364938649043728,0.8376244421558531,0.7739750556654158,7.12353967714593e-16,lower_wick_atr:Q5:H3,feature_quintile_x_server_4h_block,lower_wick_atr,5,3.0,6,move_ge_1atr,8.779649219921895e-16,2899,64032,0.0571441275740191,9.787695839718156e-13,1.2258376342947981e-12,4,"{'1': {'effect': 0.11621702483908058, 'n_state': 737, 'same_sign': True}, '2': {'effect': 0.0027741899447273344, 'n_state': 734, 'same_sign': True}, '3': {'effect': 0.013275911760053494, 'n_state': 746, 'same_sign': True}, '4': {'effect': 0.09179953759275472, 'n_state': 682, 'same_sign': True}}"
3903,63233,-0.46397142551966075,0.33973866256725593,0.8037100880869167,0.0,lower_wick_atr:Q5:H4,feature_quintile_x_server_4h_block,lower_wick_atr,5,4.0,6,move_ge_1atr,0.0,4079,62852,-0.42611475762523604,0.0,0.0,4,"{'1': {'effect': -0.46115730201409066, 'n_state': 1065, 'same_sign': True}, '2': {'effect': -0.42546358433344567, 'n_state': 988, 'same_sign': True}, '3': {'effect': -0.4349107301321373, 'n_state': 1003, 'same_sign': True}, '4': {'effect': -0.30281603177888716, 'n_state': 1023, 'same_sign': True}}"
1701,65435,-0.25769264408626624,0.5255731922398589,0.7832658363261251,4.402896517167389e-140,lower_wick_atr:Q5:H5,feature_quintile_x_server_4h_block,lower_wick_atr,5,5.0,6,move_ge_1atr,2.334138290607917e-139,2027,64904,-0.2006971808722272,9.49629315170689e-99,3.99463635838105e-98,4,"{'1': {'effect': -0.2621746142981358, 'n_state': 541, 'same_sign': True}, '2': {'effect': -0.18268399339788144, 'n_state': 511, 'same_sign': True}, '3': {'effect': -0.17298775886777673, 'n_state': 471, 'same_sign': True}, '4': {'effect': -0.16045466189044855, 'n_state': 504, 'same_sign': True}}"
727,66409,0.13532004774795714,0.9105914718019257,0.7752714240539685,2.932325306409293e-18,atr_slope3:Q1:H2,feature_quintile_x_server_4h_block,atr_slope3,1,2.0,6,move_ge_1atr,3.89969035594638e-18,1058,65873,0.12106392672822885,2.04175571136823e-20,2.937395763195186e-20,4,"{'1': {'effect': 0.14071775215327664, 'n_state': 208, 'same_sign': True}, '2': {'effect': 0.06805100525182795, 'n_state': 299, 'same_sign': True}, '3': {'effect': 0.17469435163276692, 'n_state': 226, 'same_sign': True}, '4': {'effect': 0.11526321260038941, 'n_state': 325, 'same_sign': True}}"
1076,66060,0.11261458829249515,0.887546468401487,0.7749318801089918,1.377048529191523e-18,atr_slope3:Q1:H3,feature_quintile_x_server_4h_block,atr_slope3,1,3.0,6,move_ge_1atr,1.8376475199900667e-18,1345,65586,0.09525073183516697,2.470000048764591e-16,3.354000066217181e-16,4,"{'1': {'effect': 0.10838649892946872, 'n_state': 291, 'same_sign': True}, '2': {'effect': 0.05882388600156796, 'n_state': 312, 'same_sign': True}, '3': {'effect': 0.08752714544714857, 'n_state': 339, 'same_sign': True}, '4': {'effect': 0.11569792214953512, 'n_state': 403, 'same_sign': True}}"
3979,63157,-0.06268360624679092,0.7177682834883137,0.7804518897351046,3.281414754174621e-20,atr_slope3:Q1:H5,feature_quintile_x_server_4h_block,atr_slope3,1,5.0,6,move_ge_1atr,4.58450364572411e-20,3320,63611,-0.03200936300893631,2.0256357135008196e-05,2.2082282285206115e-05,4,"{'1': {'effect': -0.04255536399123905, 'n_state': 738, 'same_sign': True}, '2': {'effect': -0.0035608678981144948, 'n_state': 791, 'same_sign': True}, '3': {'effect': -0.04640689801275777, 'n_state': 1006, 'same_sign': True}, '4': {'effect': -0.027292222320013604, 'n_state': 785, 'same_sign': True}}"
11907,55229,0.06946198614108301,0.8338792307046275,0.7644172445635445,3.1848881931857294e-61,atr_slope3:Q2,feature_quintile,atr_slope3,2,,6,move_ge_1atr,6.225008741226653e-61,12099,54832,0.07197927006389482,1.0328825050419998e-64,2.4827672636723847e-64,4,"{'1': {'effect': 0.0644303085869713, 'n_state': 2738, 'same_sign': True}, '2': {'effect': 0.05429124351274972, 'n_state': 3119, 'same_sign': True}, '3': {'effect': 0.06348616684931019, 'n_state': 3029, 'same_sign': True}, '4': {'effect': 0.06512972606587297, 'n_state': 3213, 'same_sign': True}}"
785,66351,0.13309977520630245,0.9082802547770701,0.7751804795707676,5.459620826626916e-19,atr_slope3:Q2:H0,feature_quintile_x_server_4h_block,atr_slope3,2,0.0,6,move_ge_1atr,7.361927734859291e-19,810,66121,0.1282402949624155,8.048666962611766e-18,1.1045511044435297e-17,4,"{'1': {'effect': 0.13603292511955656, 'n_state': 146, 'same_sign': True}, '2': {'effect': 0.13296853795137387, 'n_state': 222, 'same_sign': True}, '3': {'effect': 0.1693484183312497, 'n_state': 207, 'same_sign': True}, '4': {'effect': 0.0787114733347114, 'n_state': 235, 'same_sign': True}}"
2506,64630,0.0540932305558105,0.8288108539505188,0.7747176233947083,1.7697609261575057e-10,atr_slope3:Q2:H1,feature_quintile_x_server_4h_block,atr_slope3,2,1.0,6,move_ge_1atr,1.8919819845937975e-10,2687,64244,0.03892039043461659,2.796109833118528e-06,3.1094669695887078e-06,4,"{'1': {'effect': 0.02416901003072003, 'n_state': 650, 'same_sign': True}, '2': {'effect': 0.02773174186681837, 'n_state': 671, 'same_sign': True}, '3': {'effect': 0.05207010420757141, 'n_state': 683, 'same_sign': True}, '4': {'effect': 0.046153209652960325, 'n_state': 683, 'same_sign': True}}"
1845,65291,0.14764596721643797,0.9203252032520325,0.7726792360355945,5.56488345499835e-51,atr_slope3:Q2:H2,feature_quintile_x_server_4h_block,atr_slope3,2,2.0,6,move_ge_1atr,9.924469571817335e-51,2034,64897,0.12074332477139593,5.181425974106518e-37,8.75638363309704e-37,4,"{'1': {'effect': 0.14613681056403616, 'n_state': 451, 'same_sign': True}, '2': {'effect': 0.07747284686624001, 'n_state': 562, 'same_sign': True}, '3': {'effect': 0.15139500723967692, 'n_state': 431, 'same_sign': True}, '4': {'effect': 0.11056735883604973, 'n_state': 590, 'same_sign': True}}"
2132,65004,0.14823325059055392,0.9202626641651032,0.7720294135745492,7.841270038111246e-59,atr_slope3:Q2:H3,feature_quintile_x_server_4h_block,atr_slope3,2,3.0,6,move_ge_1atr,1.4875350513475747e-58,2214,64717,0.1269739982090603,4.4184613812403843e-44,8.14259311685728e-44,4,"{'1': {'effect': 0.12364864885007154, 'n_state': 505, 'same_sign': True}, '2': {'effect': 0.12733484611394397, 'n_state': 560, 'same_sign': True}, '3': {'effect': 0.1203710063271679, 'n_state': 570, 'same_sign': True}, '4': {'effect': 0.1238900459911716, 'n_state': 579, 'same_sign': True}}"
11925,55211,0.11241290559521855,0.869182389937107,0.7567694843418884,1.988144584571704e-157,atr_slope3:Q3,feature_quintile,atr_slope3,3,,6,move_ge_1atr,1.2212888162369038e-156,12164,54767,0.10735169420936375,3.50394536282016e-142,2.1187919615803154e-141,4,"{'1': {'effect': 0.10231728994422185, 'n_state': 2930, 'same_sign': True}, '2': {'effect': 0.09060750956556407, 'n_state': 3052, 'same_sign': True}, '3': {'effect': 0.09221065183163535, 'n_state': 3043, 'same_sign': True}, '4': {'effect': 0.0835875543429494, 'n_state': 3139, 'same_sign': True}}"
887,66249,0.15084811303356682,0.9255918827508456,0.7747437697172788,8.482252536798332e-27,atr_slope3:Q3:H0,feature_quintile_x_server_4h_block,atr_slope3,3,0.0,6,move_ge_1atr,1.2674253790505616e-26,860,66071,0.15454255869214695,1.3535986076620433e-26,2.1208204905474122e-26,4,"{'1': {'effect': 0.17296748900686865, 'n_state': 186, 'same_sign': True}, '2': {'effect': 0.1871859405673525, 'n_state': 200, 'same_sign': True}, '3': {'effect': 0.15719025055854619, 'n_state': 240, 'same_sign': True}, '4': {'effect': 0.10378431659748666, 'n_state': 234, 'same_sign': True}}"
2326,64810,0.05714327600633795,0.8319002579535684,0.7747569819472304,7.909536461490462e-11,atr_slope3:Q3:H1,feature_quintile_x_server_4h_block,atr_slope3,3,1.0,6,move_ge_1atr,8.526436241216737e-11,2522,64409,0.0680528882205731,1.9121975535795946e-15,2.5517946663286314e-15,4,"{'1': {'effect': 0.07250106966502545, 'n_state': 632, 'same_sign': True}, '2': {'effect': 0.06500594105024715, 'n_state': 610, 'same_sign': True}, '3': {'effect': 0.06585530870596379, 'n_state': 649, 'same_sign': True}, '4': {'effect': 0.06104521779454186, 'n_state': 631, 'same_sign': True}}"
2768,64368,0.15599545747788368,0.9263005780346821,0.7703051205567985,5.609620798562523e-83,atr_slope3:Q3:H2,feature_quintile_x_server_4h_block,atr_slope3,3,2.0,6,move_ge_1atr,1.620091976898281e-82,2914,64017,0.14709023487873507,1.1551259976181093e-75,3.3611560983323934e-75,4,"{'1': {'effect': 0.15588840940403292, 'n_state': 698, 'same_sign': True}, '2': {'effect': 0.1285646577518187, 'n_state': 737, 'same_sign': True}, '3': {'effect': 0.15930846991158398, 'n_state': 716, 'same_sign': True}, '4': {'effect': 0.12691349379862016, 'n_state': 763, 'same_sign': True}}"
2700,64436,0.1515815865527208,0.9222222222222223,0.7706406356695015,1.1885718975688016e-76,atr_slope3:Q3:H3,feature_quintile_x_server_4h_block,atr_slope3,3,3.0,6,move_ge_1atr,3.087096136638431e-76,2575,64356,0.1274018490592681,4.905446020165829e-51,9.735423640021414e-51,4,"{'1': {'effect': 0.1214994921141147, 'n_state': 638, 'same_sign': True}, '2': {'effect': 0.12307911709969477, 'n_state': 647, 'same_sign': True}, '3': {'effect': 0.1311573389868903, 'n_state': 639, 'same_sign': True}, '4': {'effect': 0.11911387893097936, 'n_state': 651, 'same_sign': True}}"
1511,65625,0.06117209794837852,0.8365320979483786,0.77536,1.6476920382642757e-08,atr_slope3:Q3:H4,feature_quintile_x_server_4h_block,atr_slope3,3,4.0,6,move_ge_1atr,1.6780442600217754e-08,1427,65504,0.03475010989127614,0.0020819956729750374,0.0022074858231269576,4,"{'1': {'effect': 0.03548039605346609, 'n_state': 326, 'same_sign': True}, '2': {'effect': 0.050088304351567525, 'n_state': 374, 'same_sign': True}, '3': {'effect': 0.0028279985733353774, 'n_state': 354, 'same_sign': True}, '4': {'effect': 0.04690138222890439, 'n_state': 373, 'same_sign': True}}"
11906,55230,0.15050907709400507,0.9005543423483958,0.7500452652543907,3.32136960243614e-280,atr_slope3:Q4,feature_quintile,atr_slope3,4,,6,move_ge_1atr,2.85637785809508e-279,11956,54975,0.14697419718899574,3.4866612309255444e-261,2.8709316944003952e-260,4,"{'1': {'effect': 0.13187553154144827, 'n_state': 3027, 'same_sign': True}, '2': {'effect': 0.12689983462066556, 'n_state': 2903, 'same_sign': True}, '3': {'effect': 0.13417911027979113, 'n_state': 3033, 'same_sign': True}, '4': {'effect': 0.11236112075955806, 'n_state': 2993, 'same_sign': True}}"
1042,66094,0.1770671004427069,0.9510556621880998,0.7739885617453929,3.1085889944131754e-42,atr_slope3:Q4:H0,feature_quintile_x_server_4h_block,atr_slope3,4,0.0,6,move_ge_1atr,5.3947261920982014e-42,1010,65921,0.1698329728908936,6.14529674247265e-37,1.034012973624746e-36,4,"{'1': {'effect': 0.17957165321516322, 'n_state': 284, 'same_sign': True}, '2': {'effect': 0.18464482044691932, 'n_state': 231, 'same_sign': True}, '3': {'effect': 0.18583129951491817, 'n_state': 258, 'same_sign': True}, '4': {'effect': 0.11812081097382976, 'n_state': 237, 'same_sign': True}}"
2172,64964,0.09322207976243646,0.8669429097605893,0.7737208299981528,1.0375955158826161e-24,atr_slope3:Q4:H1,feature_quintile_x_server_4h_block,atr_slope3,4,1.0,6,move_ge_1atr,1.5268040480858268e-24,2248,64683,0.10158661543625602,3.1197323162143865e-29,4.9889934147725935e-29,4,"{'1': {'effect': 0.07259571979631874, 'n_state': 570, 'same_sign': True}, '2': {'effect': 0.09924650712278038, 'n_state': 563, 'same_sign': True}, '3': {'effect': 0.10737890856507004, 'n_state': 599, 'same_sign': True}, '4': {'effect': 0.11819674503810029, 'n_state': 516, 'same_sign': True}}"
3551,63585,0.16347861390966978,0.9315685722331738,0.768089958323504,9.920388241878875e-115,atr_slope3:Q4:H2,feature_quintile_x_server_4h_block,atr_slope3,4,2.0,6,move_ge_1atr,4.362716192735369e-114,3318,63613,0.1656998641963302,8.249693698922139e-108,3.8007517398605567e-107,4,"{'1': {'effect': 0.17653325310176926, 'n_state': 804, 'same_sign': True}, '2': {'effect': 0.14450758932244512, 'n_state': 766, 'same_sign': True}, '3': {'effect': 0.18163985416817496, 'n_state': 933, 'same_sign': True}, '4': {'effect': 0.1313859596834268, 'n_state': 815, 'same_sign': True}}"
2935,64201,0.156510901518912,0.9264054514480409,0.7698945499291289,3.257703843039832e-88,atr_slope3:Q4:H3,feature_quintile_x_server_4h_block,atr_slope3,4,3.0,6,move_ge_1atr,1.0249848676881423e-87,2707,64224,0.1412938960498249,2.5010387897519338e-65,6.164980965821646e-65,4,"{'1': {'effect': 0.14525425726416952, 'n_state': 750, 'same_sign': True}, '2': {'effect': 0.1623962235851938, 'n_state': 622, 'same_sign': True}, '3': {'effect': 0.11916531432232114, 'n_state': 660, 'same_sign': True}, '4': {'effect': 0.12174327188816436, 'n_state': 675, 'same_sign': True}}"
1254,65882,0.10155566907670754,0.8763955342902712,0.7748398652135636,1.180086934979827e-17,atr_slope3:Q4:H4,feature_quintile_x_server_4h_block,atr_slope3,4,4.0,6,move_ge_1atr,1.5481140469057393e-17,1379,65552,0.10544524168535918,4.091968591370246e-20,5.865154980964018e-20,4,"{'1': {'effect': 0.10423272950598228, 'n_state': 305, 'same_sign': True}, '2': {'effect': 0.11456149788833858, 'n_state': 340, 'same_sign': True}, '3': {'effect': 0.09525570306364162, 'n_state': 307, 'same_sign': True}, '4': {'effect': 0.10112420206944284, 'n_state': 427, 'same_sign': True}}"
19783,47353,-0.2357957340406136,0.6104230905322752,0.8462188245728888,0.0,atr_slope3:Q5,feature_quintile,atr_slope3,5,,6,move_ge_1atr,0.0,18905,48026,-0.24253990165976502,0.0,0.0,4,"{'1': {'effect': -0.17726263173943724, 'n_state': 5002, 'same_sign': True}, '2': {'effect': -0.21233857491536312, 'n_state': 4513, 'same_sign': True}, '3': {'effect': -0.1939807360964777, 'n_state': 4772, 'same_sign': True}, '4': {'effect': -0.1666168788969824, 'n_state': 4618, 'same_sign': True}}"
5508,61628,-0.4772969699095078,0.33859840232389254,0.8158953722334004,0.0,atr_slope3:Q5:H0,feature_quintile_x_server_4h_block,atr_slope3,5,0.0,6,move_ge_1atr,0.0,5329,61602,-0.49578109415127025,0.0,0.0,4,"{'1': {'effect': -0.4135519376365087, 'n_state': 1395, 'same_sign': True}, '2': {'effect': -0.48651036968540934, 'n_state': 1291, 'same_sign': True}, '3': {'effect': -0.47025228764640914, 'n_state': 1346, 'same_sign': True}, '4': {'effect': -0.4957912560551375, 'n_state': 1297, 'same_sign': True}}"
2617,64519,0.11979376642615214,0.8918609094382881,0.772067143012136,3.532604330595789e-47,atr_slope3:Q5:H1,feature_quintile_x_server_4h_block,atr_slope3,5,1.0,6,move_ge_1atr,6.242547378724066e-47,2023,64908,0.1460763842909517,4.344784408467055e-53,8.943784925940162e-53,4,"{'1': {'effect': 0.14681216500549543, 'n_state': 512, 'same_sign': True}, '2': {'effect': 0.14493254564660552, 'n_state': 490, 'same_sign': True}, '3': {'effect': 0.14639378883172383, 'n_state': 521, 'same_sign': True}, '4': {'effect': 0.1326173021631467, 'n_state': 500, 'same_sign': True}}"
3541,63595,0.18978251666221524,0.956509460604349,0.7667269439421338,1.600071925121415e-153,atr_slope3:Q5:H2,feature_quintile_x_server_4h_block,atr_slope3,5,2.0,6,move_ge_1atr,9.382239924575569e-153,3060,63871,0.18347908258302092,3.889769514377644e-122,2.1504868600916403e-121,4,"{'1': {'effect': 0.19121845107653046, 'n_state': 863, 'same_sign': True}, '2': {'effect': 0.18842199925248282, 'n_state': 708, 'same_sign': True}, '3': {'effect': 0.1770624284763953, 'n_state': 862, 'same_sign': True}, '4': {'effect': 0.14526815349183764, 'n_state': 627, 'same_sign': True}}"
2853,64283,0.07649648295739508,0.8499824745881528,0.7734859916307577,7.916080231907213e-22,atr_slope3:Q5:H3,feature_quintile_x_server_4h_block,atr_slope3,5,3.0,6,move_ge_1atr,1.1346381665733673e-21,2853,64078,0.09073433953560828,2.581157320861429e-29,4.144845988271257e-29,4,"{'1': {'effect': 0.16510218635269847, 'n_state': 746, 'same_sign': True}, '2': {'effect': 0.013663300745693552, 'n_state': 674, 'same_sign': True}, '3': {'effect': 0.023599878778036154, 'n_state': 701, 'same_sign': True}, '4': {'effect': 0.13888322071132264, 'n_state': 732, 'same_sign': True}}"
4215,62921,-0.418174919413059,0.3848161328588375,0.8029910522718965,0.0,atr_slope3:Q5:H4,feature_quintile_x_server_4h_block,atr_slope3,5,4.0,6,move_ge_1atr,0.0,4270,62661,-0.3859714779879256,0.0,0.0,4,"{'1': {'effect': -0.426847357782195, 'n_state': 1127, 'same_sign': True}, '2': {'effect': -0.40025404633538314, 'n_state': 1005, 'same_sign': True}, '3': {'effect': -0.39915827849561913, 'n_state': 1031, 'same_sign': True}, '4': {'effect': -0.24670855878466424, 'n_state': 1107, 'same_sign': True}}"
1049,66087,-0.360055684173892,0.4223069590085796,0.7823626431824716,6.802025226058034e-170,atr_slope3:Q5:H5,feature_quintile_x_server_4h_block,atr_slope3,5,5.0,6,move_ge_1atr,4.5385926939387226e-169,1370,65561,-0.28739472249446857,1.8569969770137342e-137,1.1056274309297156e-136,4,"{'1': {'effect': -0.39724506291970807, 'n_state': 359, 'same_sign': True}, '2': {'effect': -0.2712206987846599, 'n_state': 345, 'same_sign': True}, '3': {'effect': -0.24862834852563998, 'n_state': 311, 'same_sign': True}, '4': {'effect': -0.20891811455128262, 'n_state': 355, 'same_sign': True}}"
438,66698,0.09373779255256887,0.8698630136986302,0.7761252211460613,2.659121112662005e-06,atr_slope12:Q1:H0,feature_quintile_x_server_4h_block,atr_slope12,1,0.0,6,move_ge_1atr,2.6660100274616474e-06,510,66421,0.05360367660712073,0.004256478675349542,0.00450070286164009,3,"{'1': {'effect': -0.06509833796173325, 'n_state': 118, 'same_sign': False}, '2': {'effect': 0.08087533018585358, 'n_state': 159, 'same_sign': True}, '3': {'effect': 0.08591649834168724, 'n_state': 96, 'same_sign': True}, '4': {'effect': 0.1004453391831821, 'n_state': 137, 'same_sign': True}}"
560,66576,0.1441081299138256,0.9196428571428571,0.7755347272290315,3.494991989120698e-16,atr_slope12:Q1:H3,feature_quintile_x_server_4h_block,atr_slope12,1,3.0,6,move_ge_1atr,4.3772229766657283e-16,920,66011,0.12244003469777431,2.281770658484137e-18,3.1650367198328353e-18,4,"{'1': {'effect': 0.12559640488236712, 'n_state': 188, 'same_sign': True}, '2': {'effect': 0.07748629144417474, 'n_state': 259, 'same_sign': True}, '3': {'effect': 0.15075764627321053, 'n_state': 209, 'same_sign': True}, '4': {'effect': 0.1374718694588345, 'n_state': 264, 'same_sign': True}}"
11165,55971,0.06915762459452268,0.8343931930138827,0.76523556841936,8.913518279229417e-58,atr_slope12:Q2,feature_quintile,atr_slope12,2,,6,move_ge_1atr,1.658428641375858e-57,12366,54565,0.07025832752266947,9.137552000605735e-63,2.1694678676284784e-62,4,"{'1': {'effect': 0.05358562303297143, 'n_state': 2697, 'same_sign': True}, '2': {'effect': 0.05055427088000031, 'n_state': 3226, 'same_sign': True}, '3': {'effect': 0.05065628431553448, 'n_state': 3050, 'same_sign': True}, '4': {'effect': 0.08286539834318463, 'n_state': 3393, 'same_sign': True}}"
352,66784,0.15875468266759596,0.9346590909090909,0.775904408241495,9.775301530688167e-13,atr_slope12:Q2:H0,feature_quintile_x_server_4h_block,atr_slope12,2,0.0,6,move_ge_1atr,1.1259052655881907e-12,423,66508,0.13317749435145,9.666237955314388e-11,1.1617497169896486e-10,3,"{'1': {'effect': 0.21457116087777295, 'n_state': 58, 'same_sign': True}, '2': {'effect': 0.19354097647087276, 'n_state': 130, 'same_sign': True}, '3': {'effect': 0.15317709298372917, 'n_state': 127, 'same_sign': True}, '4': {'effect': -0.009128870576276316, 'n_state': 108, 'same_sign': False}}"
1385,65751,0.14392183133534042,0.9176895306859206,0.7737676993505802,4.103053265795908e-37,atr_slope12:Q2:H2,feature_quintile_x_server_4h_block,atr_slope12,2,2.0,6,move_ge_1atr,6.964393043258845e-37,1756,65175,0.14020244252157976,5.652609459579532e-43,1.0222242340454575e-42,4,"{'1': {'effect': 0.16312681020697384, 'n_state': 289, 'same_sign': True}, '2': {'effect': 0.10886686253466171, 'n_state': 574, 'same_sign': True}, '3': {'effect': 0.15985593837554057, 'n_state': 358, 'same_sign': True}, '4': {'effect': 0.1392819801665791, 'n_state': 535, 'same_sign': True}}"
2576,64560,0.14013070801296112,0.9114906832298136,0.7713599752168525,5.849427385763788e-63,atr_slope12:Q2:H3,feature_quintile_x_server_4h_block,atr_slope12,2,3.0,6,move_ge_1atr,1.1790252074430136e-62,2799,64132,0.1157080017194797,8.66285810087788e-46,1.6433951397253625e-45,4,"{'1': {'effect': 0.09711638525278399, 'n_state': 613, 'same_sign': True}, '2': {'effect': 0.11977626686615139, 'n_state': 681, 'same_sign': True}, '3': {'effect': 0.09983880556371194, 'n_state': 730, 'same_sign': True}, '4': {'effect': 0.12859953696931403, 'n_state': 775, 'same_sign': True}}"
11217,55919,0.12505179667702948,0.8808950699830614,0.755843273306032,3.1065582434472893e-185,atr_slope12:Q3,feature_quintile,atr_slope12,3,,6,move_ge_1atr,2.2263667411372242e-184,11977,54954,0.11991248502709861,8.514791520888445e-175,6.102267256636719e-174,4,"{'1': {'effect': 0.11672735113318411, 'n_state': 2885, 'same_sign': True}, '2': {'effect': 0.10329352943710801, 'n_state': 2979, 'same_sign': True}, '3': {'effect': 0.11067986800602558, 'n_state': 2895, 'same_sign': True}, '4': {'effect': 0.08369275746406957, 'n_state': 3218, 'same_sign': True}}"
444,66692,0.1771374175110756,0.9527027027027027,0.7755652851916272,4.1321869819160564e-19,atr_slope12:Q3:H0,feature_quintile_x_server_4h_block,atr_slope12,3,0.0,6,move_ge_1atr,5.63083226056871e-19,487,66444,0.1754080291417689,6.122931085175315e-20,8.743816715730063e-20,4,"{'1': {'effect': 0.20197804052244162, 'n_state': 67, 'same_sign': True}, '2': {'effect': 0.21168335566138285, 'n_state': 147, 'same_sign': True}, '3': {'effect': 0.175796846684938, 'n_state': 160, 'same_sign': True}, '4': {'effect': 0.10791498872780036, 'n_state': 113, 'same_sign': True}}"
2398,64738,0.0706577440482431,0.8448707256046706,0.7742129815564275,3.376100898528732e-16,atr_slope12:Q3:H1,feature_quintile_x_server_4h_block,atr_slope12,3,1.0,6,move_ge_1atr,4.2535872782008993e-16,2610,64321,0.060818151011143184,5.199629259804821e-13,6.533300401118395e-13,4,"{'1': {'effect': 0.06636868023622589, 'n_state': 729, 'same_sign': True}, '2': {'effect': 0.037525277656310974, 'n_state': 612, 'same_sign': True}, '3': {'effect': 0.06021708291340733, 'n_state': 628, 'same_sign': True}, '4': {'effect': 0.07005099090673539, 'n_state': 641, 'same_sign': True}}"
2763,64373,0.14225569142841543,0.9131378935939196,0.7708822021655042,3.3352396710232165e-69,atr_slope12:Q3:H2,feature_quintile_x_server_4h_block,atr_slope12,3,2.0,6,move_ge_1atr,7.548173992315701e-69,3065,63866,0.1610232456015549,1.1600694755163939e-94,4.5427832563840276e-94,4,"{'1': {'effect': 0.1717742869255734, 'n_state': 666, 'same_sign': True}, '2': {'effect': 0.14717651108137386, 'n_state': 789, 'same_sign': True}, '3': {'effect': 0.17658323019024424, 'n_state': 737, 'same_sign': True}, '4': {'effect': 0.1325537032834868, 'n_state': 873, 'same_sign': True}}"
3699,63437,0.15159399117838723,0.9199783725331171,0.7683843813547299,9.797664903891698e-103,atr_slope12:Q3:H3,feature_quintile_x_server_4h_block,atr_slope12,3,3.0,6,move_ge_1atr,3.6458618440443145e-102,3279,63652,0.14094066054926935,1.1282795215408558e-77,3.465429959018343e-77,4,"{'1': {'effect': 0.15413239115211286, 'n_state': 868, 'same_sign': True}, '2': {'effect': 0.1499313208884009, 'n_state': 779, 'same_sign': True}, '3': {'effect': 0.13036799021789203, 'n_state': 855, 'same_sign': True}, '4': {'effect': 0.10673961139541444, 'n_state': 777, 'same_sign': True}}"
11187,55949,0.1700809429167287,0.9184768034325557,0.748395860515827,0.0,atr_slope12:Q4,feature_quintile,atr_slope12,4,,6,move_ge_1atr,0.0,11233,55698,0.16013033137650923,7.74222731330327e-295,6.968004581972944e-294,4,"{'1': {'effect': 0.15492507530183552, 'n_state': 2890, 'same_sign': True}, '2': {'effect': 0.12741015532288869, 'n_state': 2619, 'same_sign': True}, '3': {'effect': 0.1459166939349661, 'n_state': 2840, 'same_sign': True}, '4': {'effect': 0.1271903422085987, 'n_state': 2884, 'same_sign': True}}"
700,66436,0.18519417183454745,0.96,0.7748058281654525,1.2079496559707139e-31,atr_slope12:Q4:H0,feature_quintile_x_server_4h_block,atr_slope12,4,0.0,6,move_ge_1atr,1.9317211440523397e-31,572,66359,0.1965934237555269,1.2908567127393548e-28,2.0473833927464356e-28,4,"{'1': {'effect': 0.18547244442618693, 'n_state': 129, 'same_sign': True}, '2': {'effect': 0.23203568167871524, 'n_state': 118, 'same_sign': True}, '3': {'effect': 0.20679832123459285, 'n_state': 158, 'same_sign': True}, '4': {'effect': 0.16617295634601026, 'n_state': 167, 'same_sign': True}}"
1919,65217,0.0994782376545571,0.8733715476810839,0.7738933100265268,6.09785582511693e-25,atr_slope12:Q4:H1,feature_quintile_x_server_4h_block,atr_slope12,4,1.0,6,move_ge_1atr,9.007138184428443e-25,2105,64826,0.11162169690425816,6.739196758241693e-33,1.1193429808753372e-32,4,"{'1': {'effect': 0.09155852796813424, 'n_state': 568, 'same_sign': True}, '2': {'effect': 0.09554252343473413, 'n_state': 468, 'same_sign': True}, '3': {'effect': 0.12272815015093308, 'n_state': 582, 'same_sign': True}, '4': {'effect': 0.12576550854391655, 'n_state': 487, 'same_sign': True}}"
4258,62878,0.18196219625377863,0.9471582902771254,0.7651960940233468,1.3239335675313432e-167,atr_slope12:Q4:H2,feature_quintile_x_server_4h_block,atr_slope12,4,2.0,6,move_ge_1atr,8.684106620925928e-167,4190,62741,0.16307653249927467,1.1866347424454427e-129,6.753347725388034e-129,4,"{'1': {'effect': 0.17936111757735496, 'n_state': 1156, 'same_sign': True}, '2': {'effect': 0.13317075265954292, 'n_state': 937, 'same_sign': True}, '3': {'effect': 0.1767061710662704, 'n_state': 1090, 'same_sign': True}, '4': {'effect': 0.12526901218802888, 'n_state': 1007, 'same_sign': True}}"
2796,64340,0.16653656829353003,0.9363376251788269,0.7698010568852969,3.3787324133336505e-95,atr_slope12:Q4:H3,feature_quintile_x_server_4h_block,atr_slope12,4,3.0,6,move_ge_1atr,1.1571411008496661e-94,2563,64368,0.15159473318120387,3.445442594913226e-71,9.456640313698004e-71,4,"{'1': {'effect': 0.15979348835226304, 'n_state': 654, 'same_sign': True}, '2': {'effect': 0.14043808550916748, 'n_state': 595, 'same_sign': True}, '3': {'effect': 0.13920771673379495, 'n_state': 640, 'same_sign': True}, '4': {'effect': 0.14855280505829993, 'n_state': 674, 'same_sign': True}}"
1159,65977,0.09548979621274412,0.8705780845556514,0.7750882883429073,1.0038650388093248e-14,atr_slope12:Q4:H4,feature_quintile_x_server_4h_block,atr_slope12,4,4.0,6,move_ge_1atr,1.2102671963215225e-14,1168,65763,0.12943326065641692,2.6527931819714665e-25,4.090163192920149e-25,4,"{'1': {'effect': 0.15044686957083275, 'n_state': 269, 'same_sign': True}, '2': {'effect': 0.1339513670290422, 'n_state': 285, 'same_sign': True}, '3': {'effect': 0.11763460275145776, 'n_state': 236, 'same_sign': True}, '4': {'effect': 0.11321839450548898, 'n_state': 378, 'same_sign': True}}"
23041,44095,-0.22042647355324274,0.6319604183846187,0.8523868919378614,0.0,atr_slope12:Q5,feature_quintile,atr_slope12,5,,6,move_ge_1atr,0.0,21339,45592,-0.2375065805129194,0.0,0.0,4,"{'1': {'effect': -0.16723549427339013, 'n_state': 5691, 'same_sign': True}, '2': {'effect': -0.19953876246819635, 'n_state': 5099, 'same_sign': True}, '3': {'effect': -0.17181283982294815, 'n_state': 5454, 'same_sign': True}, '4': {'effect': -0.16588850269105893, 'n_state': 5095, 'same_sign': True}}"
7390,59746,-0.34426658329463017,0.47036535859269285,0.814631941887323,0.0,atr_slope12:Q5:H0,feature_quintile_x_server_4h_block,atr_slope12,5,0.0,6,move_ge_1atr,0.0,7284,59647,-0.34998139152692287,0.0,0.0,4,"{'1': {'effect': -0.2837966670981124, 'n_state': 1896, 'same_sign': True}, '2': {'effect': -0.3475655914381875, 'n_state': 1747, 'same_sign': True}, '3': {'effect': -0.3131999639015644, 'n_state': 1835, 'same_sign': True}, '4': {'effect': -0.3406891423980207, 'n_state': 1806, 'same_sign': True}}"
2842,64294,0.1093121615611361,0.8814215341308937,0.7721093725697576,1.0968769387772087e-42,atr_slope12:Q5:H1,feature_quintile_x_server_4h_block,atr_slope12,5,1.0,6,move_ge_1atr,1.9121233121927017e-42,1776,65155,0.12457172466764976,1.1918543400721213e-34,1.988136334516858e-34,4,"{'1': {'effect': 0.10702576627182814, 'n_state': 431, 'same_sign': True}, '2': {'effect': 0.14782860754282012, 'n_state': 518, 'same_sign': True}, '3': {'effect': 0.14629514483182748, 'n_state': 509, 'same_sign': True}, '4': {'effect': 0.062110376211340745, 'n_state': 318, 'same_sign': True}}"
3628,63508,0.17337080834827334,0.9407386990077178,0.7673678906594444,2.2174744874476577e-131,atr_slope12:Q5:H2,feature_quintile_x_server_4h_block,atr_slope12,5,2.0,6,move_ge_1atr,1.100208495695184e-130,2853,64078,0.1595638123607831,5.702642175121178e-87,1.9704665372963357e-86,4,"{'1': {'effect': 0.16147587498950178, 'n_state': 845, 'same_sign': True}, '2': {'effect': 0.15893287875296824, 'n_state': 607, 'same_sign': True}, '3': {'effect': 0.16490164880271074, 'n_state': 843, 'same_sign': True}, '4': {'effect': 0.12333584817465026, 'n_state': 558, 'same_sign': True}}"
5860,61276,-0.30170616159147423,0.5013651877133106,0.8030713493047849,0.0,atr_slope12:Q5:H4,feature_quintile_x_server_4h_block,atr_slope12,5,4.0,6,move_ge_1atr,0.0,5839,61092,-0.2836102492775012,0.0,0.0,4,"{'1': {'effect': -0.3268735211218686, 'n_state': 1460, 'same_sign': True}, '2': {'effect': -0.2735178868245539, 'n_state': 1430, 'same_sign': True}, '3': {'effect': -0.28031192816897044, 'n_state': 1469, 'same_sign': True}, '4': {'effect': -0.1790902581547491, 'n_state': 1480, 'same_sign': True}}"
1256,65880,-0.3355623426496351,0.44745222929936307,0.7830145719489982,4.685037581165527e-176,atr_slope12:Q5:H5,feature_quintile_x_server_4h_block,atr_slope12,5,5.0,6,move_ge_1atr,3.296562807111016e-175,1454,65477,-0.29050267217954184,1.0631469814499634e-148,6.744883308543211e-148,4,"{'1': {'effect': -0.31920160561715744, 'n_state': 452, 'same_sign': True}, '2': {'effect': -0.3917274218767428, 'n_state': 296, 'same_sign': True}, '3': {'effect': -0.2587863542827905, 'n_state': 323, 'same_sign': True}, '4': {'effect': -0.18719918059890728, 'n_state': 383, 'same_sign': True}}"
1152,65984,0.14855537369328597,0.9227430555555556,0.7741876818622696,3.402684337652456e-33,compression6_atr:Q1:H2,feature_quintile_x_server_4h_block,compression6_atr,1,2.0,6,move_ge_1atr,5.532936296939078e-33,1406,65525,0.14651085471704361,5.49385318277794e-38,9.407615848385235e-38,4,"{'1': {'effect': 0.15904041022865056, 'n_state': 246, 'same_sign': True}, '2': {'effect': 0.105074080168585, 'n_state': 401, 'same_sign': True}, '3': {'effect': 0.186881183762168, 'n_state': 307, 'same_sign': True}, '4': {'effect': 0.1418767614019305, 'n_state': 452, 'same_sign': True}}"
1466,65670,0.12713069252999465,0.9010914051841746,0.77396071265418,6.530654110846557e-31,compression6_atr:Q1:H3,feature_quintile_x_server_4h_block,compression6_atr,1,3.0,6,move_ge_1atr,1.040067136171859e-30,1802,65129,0.1336716465157879,3.5429161131229652e-40,6.2894886962320535e-40,4,"{'1': {'effect': 0.13341251971360113, 'n_state': 444, 'same_sign': True}, '2': {'effect': 0.11714461576461976, 'n_state': 408, 'same_sign': True}, '3': {'effect': 0.13515694163063618, 'n_state': 462, 'same_sign': True}, '4': {'effect': 0.13630896617166988, 'n_state': 488, 'same_sign': True}}"
12176,54960,0.07599059021780508,0.8389454664914586,0.7629548762736535,3.682154723316327e-74,compression6_atr:Q2,feature_quintile,compression6_atr,2,,6,move_ge_1atr,9.076394126900755e-74,12133,54798,0.08479580731903347,2.8380937610102216e-89,9.894975545143746e-89,4,"{'1': {'effect': 0.09186400183694698, 'n_state': 2779, 'same_sign': True}, '2': {'effect': 0.05105057626928766, 'n_state': 3040, 'same_sign': True}, '3': {'effect': 0.07403936109008236, 'n_state': 3093, 'same_sign': True}, '4': {'effect': 0.07536525891951329, 'n_state': 3221, 'same_sign': True}}"
1056,66080,0.11137876953554915,0.8863636363636364,0.7749848668280872,6.5361267565196556e-18,compression6_atr:Q2:H0,feature_quintile_x_server_4h_block,compression6_atr,2,0.0,6,move_ge_1atr,8.662606351962695e-18,1027,65904,0.11360344029957836,1.0973086523835445e-17,1.500559888595165e-17,4,"{'1': {'effect': 0.1555573228287508, 'n_state': 209, 'same_sign': True}, '2': {'effect': 0.0843667208049218, 'n_state': 271, 'same_sign': True}, '3': {'effect': 0.16796010910781678, 'n_state': 295, 'same_sign': True}, '4': {'effect': 0.04130592983155257, 'n_state': 252, 'same_sign': True}}"
2103,65033,0.14703202841552354,0.9191631003328579,0.7721310719173343,3.573123801763126e-57,compression6_atr:Q2:H2,feature_quintile_x_server_4h_block,compression6_atr,2,2.0,6,move_ge_1atr,6.553549342570283e-57,2208,64723,0.15007379133193477,1.0283317770612851e-60,2.3272771796650135e-60,4,"{'1': {'effect': 0.1534865651565952, 'n_state': 492, 'same_sign': True}, '2': {'effect': 0.11988446858424717, 'n_state': 550, 'same_sign': True}, '3': {'effect': 0.16779595024095484, 'n_state': 537, 'same_sign': True}, '4': {'effect': 0.14555409824650223, 'n_state': 629, 'same_sign': True}}"
2200,64936,0.14905680558199963,0.9209090909090909,0.7718522853270913,3.0399246965701707e-61,compression6_atr:Q2:H3,feature_quintile_x_server_4h_block,compression6_atr,2,3.0,6,move_ge_1atr,5.971831764328203e-61,2289,64642,0.11860098802195418,6.883043581104223e-40,1.2163186602225271e-39,4,"{'1': {'effect': 0.12053908780998968, 'n_state': 562, 'same_sign': True}, '2': {'effect': 0.12060273498463503, 'n_state': 580, 'same_sign': True}, '3': {'effect': 0.10009960063082157, 'n_state': 514, 'same_sign': True}, '4': {'effect': 0.11900804338989879, 'n_state': 633, 'same_sign': True}}"
12180,54956,0.11076390594487828,0.8674055829228243,0.756641676977946,2.03979938302836e-155,compression6_atr:Q3,feature_quintile,compression6_atr,3,,6,move_ge_1atr,1.2334411894249615e-154,12085,54846,0.09383144207097283,1.5042381664198137e-108,7.013736992824915e-108,4,"{'1': {'effect': 0.07794207123038654, 'n_state': 2978, 'same_sign': True}, '2': {'effect': 0.08540354223007296, 'n_state': 2960, 'same_sign': True}, '3': {'effect': 0.08554273412284119, 'n_state': 3151, 'same_sign': True}, '4': {'effect': 0.07301230503318046, 'n_state': 2996, 'same_sign': True}}"
1052,66084,0.1572867968708106,0.9315589353612167,0.7742721384904061,5.4517646564562975e-34,compression6_atr:Q3:H0,feature_quintile_x_server_4h_block,compression6_atr,3,0.0,6,move_ge_1atr,9.133475853024187e-34,1048,65883,0.13061837703734114,2.6683883411052066e-23,3.956575816121513e-23,4,"{'1': {'effect': 0.14877338929276274, 'n_state': 216, 'same_sign': True}, '2': {'effect': 0.15254549981029286, 'n_state': 276, 'same_sign': True}, '3': {'effect': 0.14619352649478745, 'n_state': 302, 'same_sign': True}, '4': {'effect': 0.06652472803723297, 'n_state': 254, 'same_sign': True}}"
2467,64669,0.07902481899297698,0.852857721929469,0.773832902936492,2.2310292200637163e-20,compression6_atr:Q3:H1,feature_quintile_x_server_4h_block,compression6_atr,3,1.0,6,move_ge_1atr,3.12829097161108e-20,2492,64439,0.045937275356187524,9.628989758756804e-08,1.1024908392422731e-07,4,"{'1': {'effect': 0.03192230549984165, 'n_state': 620, 'same_sign': True}, '2': {'effect': 0.019358834840342842, 'n_state': 579, 'same_sign': True}, '3': {'effect': 0.07458407214905072, 'n_state': 697, 'same_sign': True}, '4': {'effect': 0.047485687604557514, 'n_state': 596, 'same_sign': True}}"
2699,64437,0.16042782233802866,0.930715079659133,0.7702872573211044,1.330410782282863e-85,compression6_atr:Q3:H2,feature_quintile_x_server_4h_block,compression6_atr,3,2.0,6,move_ge_1atr,3.9912323468485894e-85,2719,64212,0.13294496368422115,2.7664159357223883e-58,5.947794261803135e-58,4,"{'1': {'effect': 0.1561511920526688, 'n_state': 713, 'same_sign': True}, '2': {'effect': 0.10883579830509071, 'n_state': 694, 'same_sign': True}, '3': {'effect': 0.1614508654301996, 'n_state': 655, 'same_sign': True}, '4': {'effect': 0.0878927108982408, 'n_state': 657, 'same_sign': True}}"
2412,64724,0.15546556507371068,0.9266169154228856,0.7711513503491749,1.862963659355455e-72,compression6_atr:Q3:H3,feature_quintile_x_server_4h_block,compression6_atr,3,3.0,6,move_ge_1atr,4.5060433510660064e-72,2375,64556,0.12490072103860861,1.4042386857718622e-45,2.638060055309275e-45,4,"{'1': {'effect': 0.1259938341835477, 'n_state': 618, 'same_sign': True}, '2': {'effect': 0.1382979453373031, 'n_state': 540, 'same_sign': True}, '3': {'effect': 0.10946994978818825, 'n_state': 609, 'same_sign': True}, '4': {'effect': 0.11424333227260208, 'n_state': 608, 'same_sign': True}}"
12212,54924,0.136376644135339,0.8883065836881756,0.7519299395528366,5.229961649402338e-235,compression6_atr:Q4,feature_quintile,compression6_atr,4,,6,move_ge_1atr,3.968617957487656e-234,11994,54937,0.13094679047965774,2.8313192797387167e-208,2.1071549254978526e-207,4,"{'1': {'effect': 0.12081137184719715, 'n_state': 2912, 'same_sign': True}, '2': {'effect': 0.10324519821090483, 'n_state': 2978, 'same_sign': True}, '3': {'effect': 0.1114484232411026, 'n_state': 2996, 'same_sign': True}, '4': {'effect': 0.11468707365171016, 'n_state': 3108, 'same_sign': True}}"
1117,66019,0.16149173463709332,0.9355416293643688,0.7740498947272755,8.325947075753766e-38,compression6_atr:Q4:H0,feature_quintile_x_server_4h_block,compression6_atr,4,0.0,6,move_ge_1atr,1.425726335538366e-37,1024,65907,0.15191962016553628,2.7958651043825944e-30,4.546217627714555e-30,4,"{'1': {'effect': 0.14982728522624056, 'n_state': 267, 'same_sign': True}, '2': {'effect': 0.19350423234386493, 'n_state': 232, 'same_sign': True}, '3': {'effect': 0.12768394594544463, 'n_state': 249, 'same_sign': True}, '4': {'effect': 0.1343545446540101, 'n_state': 276, 'same_sign': True}}"
2402,64734,0.07740654273466052,0.8513738551207327,0.7739673123860722,3.7009631318902385e-19,compression6_atr:Q4:H1,feature_quintile_x_server_4h_block,compression6_atr,4,1.0,6,move_ge_1atr,5.061034388839302e-19,2353,64578,0.08061449838835322,8.639264383178802e-20,1.2246869290440279e-19,4,"{'1': {'effect': 0.07388399345426078, 'n_state': 562, 'same_sign': True}, '2': {'effect': 0.04294381723943952, 'n_state': 566, 'same_sign': True}, '3': {'effect': 0.07535793058076912, 'n_state': 637, 'same_sign': True}, '4': {'effect': 0.12043978618232332, 'n_state': 588, 'same_sign': True}}"
3131,64005,0.17287789741953397,0.9415522197381029,0.7686743223185689,6.879909240917517e-114,compression6_atr:Q4:H2,feature_quintile_x_server_4h_block,compression6_atr,4,2.0,6,move_ge_1atr,2.9583609735945326e-113,2944,63987,0.1609194108127262,4.699492173403741e-91,1.683984695469674e-90,4,"{'1': {'effect': 0.18488470337847962, 'n_state': 738, 'same_sign': True}, '2': {'effect': 0.13321836990258762, 'n_state': 731, 'same_sign': True}, '3': {'effect': 0.16967035475479886, 'n_state': 782, 'same_sign': True}, '4': {'effect': 0.1319830449182181, 'n_state': 693, 'same_sign': True}}"
2602,64534,0.16069819490131898,0.931206764027671,0.770508569126352,5.4717817130154456e-83,compression6_atr:Q4:H3,feature_quintile_x_server_4h_block,compression6_atr,4,3.0,6,move_ge_1atr,1.5921650548398327e-82,2545,64386,0.15745659604459528,3.7764617384120496e-76,1.1156417502026436e-75,4,"{'1': {'effect': 0.16740998181727185, 'n_state': 653, 'same_sign': True}, '2': {'effect': 0.1549280237602606, 'n_state': 627, 'same_sign': True}, '3': {'effect': 0.15421202988910798, 'n_state': 609, 'same_sign': True}, '4': {'effect': 0.1353926268044272, 'n_state': 656, 'same_sign': True}}"
1577,65559,0.07408396468000678,0.8490805326569436,0.7749965679769368,2.925728766477054e-12,compression6_atr:Q4:H4,feature_quintile_x_server_4h_block,compression6_atr,4,4.0,6,move_ge_1atr,3.3399912466861946e-12,1610,65321,0.0648638957480977,1.096812391214325e-09,1.286261804242254e-09,4,"{'1': {'effect': 0.07089682027042143, 'n_state': 360, 'same_sign': True}, '2': {'effect': 0.051482377861927775, 'n_state': 399, 'same_sign': True}, '3': {'effect': 0.02604687132152217, 'n_state': 384, 'same_sign': True}, '4': {'effect': 0.09955894398629217, 'n_state': 467, 'same_sign': True}}"
18633,48503,-0.25063455954573,0.5956636075779531,0.8462981671236831,0.0,compression6_atr:Q5,feature_quintile,compression6_atr,5,,6,move_ge_1atr,0.0,18138,48793,-0.25772050746412145,0.0,0.0,4,"{'1': {'effect': -0.19596400284159354, 'n_state': 4710, 'same_sign': True}, '2': {'effect': -0.21266085739769958, 'n_state': 4440, 'same_sign': True}, '3': {'effect': -0.2096056041654527, 'n_state': 4616, 'same_sign': True}, '4': {'effect': -0.1877753987609896, 'n_state': 4372, 'same_sign': True}}"
4492,62644,-0.5738120421306212,0.2413178984861977,0.8151299406168189,0.0,compression6_atr:Q5:H0,feature_quintile_x_server_4h_block,compression6_atr,5,0.0,6,move_ge_1atr,0.0,4628,62303,-0.5485227240930657,0.0,0.0,4,"{'1': {'effect': -0.4520158618356557, 'n_state': 1244, 'same_sign': True}, '2': {'effect': -0.5385750616909184, 'n_state': 1106, 'same_sign': True}, '3': {'effect': -0.5449875100564356, 'n_state': 1139, 'same_sign': True}, '4': {'effect': -0.5494533227658913, 'n_state': 1139, 'same_sign': True}}"
2637,64499,0.11634265973839042,0.888509670079636,0.7721670103412456,6.501672034945018e-45,compression6_atr:Q5:H1,feature_quintile_x_server_4h_block,compression6_atr,5,1.0,6,move_ge_1atr,1.1437032170562372e-44,2296,64635,0.11492436488035607,1.1519692899212793e-37,1.9639300229054406e-37,4,"{'1': {'effect': 0.11488501130583051, 'n_state': 586, 'same_sign': True}, '2': {'effect': 0.14597429700870246, 'n_state': 598, 'same_sign': True}, '3': {'effect': 0.09584179168131368, 'n_state': 571, 'same_sign': True}, '4': {'effect': 0.08816175854379771, 'n_state': 541, 'same_sign': True}}"
3347,63789,0.1771187035004762,0.9450253958769047,0.7679066923764285,3.976233955685918e-127,compression6_atr:Q5:H2,feature_quintile_x_server_4h_block,compression6_atr,5,2.0,6,move_ge_1atr,1.923503176063063e-126,3107,63824,0.17236026567427987,1.4570327028241367e-109,6.961378469048653e-109,4,"{'1': {'effect': 0.17755425967237637, 'n_state': 835, 'same_sign': True}, '2': {'effect': 0.17453348795519963, 'n_state': 696, 'same_sign': True}, '3': {'effect': 0.17418297951343564, 'n_state': 887, 'same_sign': True}, '4': {'effect': 0.13431550997269148, 'n_state': 689, 'same_sign': True}}"
3016,64120,0.07059926596517474,0.8441644562334217,0.773565190268247,9.124328999413749e-20,compression6_atr:Q5:H3,feature_quintile_x_server_4h_block,compression6_atr,5,3.0,6,move_ge_1atr,1.2656327321767457e-19,2683,64248,0.06191315097344785,9.489709507418527e-14,1.2160654236327714e-13,3,"{'1': {'effect': 0.1364803511978664, 'n_state': 653, 'same_sign': True}, '2': {'effect': -0.015495899984590333, 'n_state': 660, 'same_sign': False}, '3': {'effect': 0.0036940346110335698, 'n_state': 715, 'same_sign': True}, '4': {'effect': 0.12136391007026359, 'n_state': 655, 'same_sign': True}}"
3796,63340,-0.462810120702729,0.34009483667017915,0.8029049573729081,0.0,compression6_atr:Q5:H4,feature_quintile_x_server_4h_block,compression6_atr,5,4.0,6,move_ge_1atr,0.0,3817,63114,-0.4406057059451096,0.0,0.0,4,"{'1': {'effect': -0.4917708986290317, 'n_state': 983, 'same_sign': True}, '2': {'effect': -0.43395804864142973, 'n_state': 934, 'same_sign': True}, '3': {'effect': -0.46940364031823406, 'n_state': 904, 'same_sign': True}, '4': {'effect': -0.29688777099754143, 'n_state': 996, 'same_sign': True}}"
1345,65791,-0.2827735954890159,0.4996282527881041,0.78240184827712,3.464625197623533e-134,compression6_atr:Q5:H5,feature_quintile_x_server_4h_block,compression6_atr,5,5.0,6,move_ge_1atr,1.7642236203688253e-133,1607,65324,-0.24469017906130397,9.235358796543625e-117,4.8960052798114833e-116,4,"{'1': {'effect': -0.3229138893991649, 'n_state': 409, 'same_sign': True}, '2': {'effect': -0.20922950016373099, 'n_state': 446, 'same_sign': True}, '3': {'effect': -0.2045961281207257, 'n_state': 400, 'same_sign': True}, '4': {'effect': -0.224097415373944, 'n_state': 352, 'same_sign': True}}"
11164,55972,0.1221063710439444,0.878538158366177,0.7564317873222326,4.7826923324080526e-176,dist_high24_atr:Q1,feature_quintile,dist_high24_atr,1,,6,move_ge_1atr,3.3051820225748505e-175,12118,54813,0.1042775161426206,7.03663289926978e-134,4.126025654571826e-133,4,"{'1': {'effect': 0.08710250236786365, 'n_state': 2985, 'same_sign': True}, '2': {'effect': 0.07997400068252647, 'n_state': 2901, 'same_sign': True}, '3': {'effect': 0.09309142360407208, 'n_state': 3074, 'same_sign': True}, '4': {'effect': 0.09686844767560276, 'n_state': 3158, 'same_sign': True}}"
722,66414,0.18788770381574427,0.9626038781163435,0.7747161743005992,1.7610993333421457e-33,dist_high24_atr:Q1:H0,feature_quintile_x_server_4h_block,dist_high24_atr,1,0.0,6,move_ge_1atr,2.912587358988933e-33,821,66110,0.14818238380612092,1.4862719640471763e-23,2.2208001933832327e-23,4,"{'1': {'effect': 0.13841297621925797, 'n_state': 171, 'same_sign': True}, '2': {'effect': 0.162111012872578, 'n_state': 200, 'same_sign': True}, '3': {'effect': 0.19357794325865263, 'n_state': 207, 'same_sign': True}, '4': {'effect': 0.10030352015750021, 'n_state': 243, 'same_sign': True}}"
2241,64895,0.10079094919369802,0.8741633199464525,0.7733723707527544,1.9571913422401797e-29,dist_high24_atr:Q1:H1,feature_quintile_x_server_4h_block,dist_high24_atr,1,1.0,6,move_ge_1atr,3.0297321977877983e-29,2600,64331,0.05211249989537281,6.61174217740173e-10,7.801049459312406e-10,4,"{'1': {'effect': 0.07294914656589879, 'n_state': 640, 'same_sign': True}, '2': {'effect': 0.03257519148255372, 'n_state': 617, 'same_sign': True}, '3': {'effect': 0.036831492311172775, 'n_state': 661, 'same_sign': True}, '4': {'effect': 0.059209392592391996, 'n_state': 682, 'same_sign': True}}"
2407,64729,0.1781333601125007,0.9484835895305359,0.7703502294180352,2.3873543507956213e-94,dist_high24_atr:Q1:H2,feature_quintile_x_server_4h_block,dist_high24_atr,1,2.0,6,move_ge_1atr,8.033966380503526e-94,2610,64321,0.1592942807628953,9.348297927460895e-80,2.917573627360779e-79,4,"{'1': {'effect': 0.15765453570026633, 'n_state': 649, 'same_sign': True}, '2': {'effect': 0.15062025897131015, 'n_state': 607, 'same_sign': True}, '3': {'effect': 0.17832317049115387, 'n_state': 654, 'same_sign': True}, '4': {'effect': 0.13301777113436308, 'n_state': 700, 'same_sign': True}}"
2400,64736,0.15332777228538474,0.9245833333333333,0.7712555610479486,3.3673324980180585e-70,dist_high24_atr:Q1:H3,feature_quintile_x_server_4h_block,dist_high24_atr,1,3.0,6,move_ge_1atr,7.665633392546992e-70,2284,64647,0.1446176767554861,2.5150642632210588e-58,5.437597038360613e-58,4,"{'1': {'effect': 0.13777176002684988, 'n_state': 672, 'same_sign': True}, '2': {'effect': 0.12934237598323794, 'n_state': 494, 'same_sign': True}, '3': {'effect': 0.12151219038628269, 'n_state': 549, 'same_sign': True}, '4': {'effect': 0.17334631391999222, 'n_state': 569, 'same_sign': True}}"
11163,55973,0.10629636943481025,0.8653587745229777,0.7590624050881675,6.832801848764578e-134,dist_high24_atr:Q2,feature_quintile,dist_high24_atr,2,,6,move_ge_1atr,3.4341484616518074e-133,11567,55364,0.09356453547726051,2.3332261060625738e-104,1.0260892080070637e-103,4,"{'1': {'effect': 0.09172919823183368, 'n_state': 2824, 'same_sign': True}, '2': {'effect': 0.07172088373881758, 'n_state': 2763, 'same_sign': True}, '3': {'effect': 0.07756069946722699, 'n_state': 2878, 'same_sign': True}, '4': {'effect': 0.08231455561689305, 'n_state': 3102, 'same_sign': True}}"
744,66392,0.16868093318666455,0.9435483870967742,0.7748674539101097,4.403707642471189e-28,dist_high24_atr:Q2:H0,feature_quintile_x_server_4h_block,dist_high24_atr,2,0.0,6,move_ge_1atr,6.709586053686418e-28,673,66258,0.14842362583080038,1.0754007512458941e-19,1.518905440628325e-19,4,"{'1': {'effect': 0.1228385160656077, 'n_state': 165, 'same_sign': True}, '2': {'effect': 0.16283102886119183, 'n_state': 159, 'same_sign': True}, '3': {'effect': 0.15799868370963033, 'n_state': 189, 'same_sign': True}, '4': {'effect': 0.14447196387653316, 'n_state': 160, 'same_sign': True}}"
2324,64812,0.06813470721035808,0.842512908777969,0.774378201567611,9.203209378169867e-15,dist_high24_atr:Q2:H1,feature_quintile_x_server_4h_block,dist_high24_atr,2,1.0,6,move_ge_1atr,1.1165022035585387e-14,2320,64611,0.059552926559425456,2.3819513831013565e-11,2.917136662215902e-11,4,"{'1': {'effect': 0.05662866383460696, 'n_state': 621, 'same_sign': True}, '2': {'effect': 0.02690485712950008, 'n_state': 527, 'same_sign': True}, '3': {'effect': 0.07114553650414812, 'n_state': 534, 'same_sign': True}, '4': {'effect': 0.07402501207354995, 'n_state': 638, 'same_sign': True}}"
2452,64684,0.1487616847390496,0.9200652528548124,0.7713035681157628,1.5709666345952263e-67,dist_high24_atr:Q2:H2,feature_quintile_x_server_4h_block,dist_high24_atr,2,2.0,6,move_ge_1atr,3.434825353606512e-67,2610,64321,0.12301360138067086,2.6694878142778263e-48,5.2176352733612065e-48,4,"{'1': {'effect': 0.13035374617133544, 'n_state': 663, 'same_sign': True}, '2': {'effect': 0.10334162721445461, 'n_state': 619, 'same_sign': True}, '3': {'effect': 0.14785363388887274, 'n_state': 634, 'same_sign': True}, '4': {'effect': 0.09718764236657995, 'n_state': 694, 'same_sign': True}}"
2348,64788,0.15985921951811588,0.9310051107325383,0.7711458912144225,1.3568238054326994e-74,dist_high24_atr:Q2:H3,feature_quintile_x_server_4h_block,dist_high24_atr,2,3.0,6,move_ge_1atr,3.409680601963991e-74,2497,64434,0.13161070001262587,8.191570950732908e-53,1.6684936620703343e-52,4,"{'1': {'effect': 0.16006950583513413, 'n_state': 643, 'same_sign': True}, '2': {'effect': 0.11892099584398774, 'n_state': 589, 'same_sign': True}, '3': {'effect': 0.11609943785869714, 'n_state': 592, 'same_sign': True}, '4': {'effect': 0.11540214023105766, 'n_state': 673, 'same_sign': True}}"
11184,55952,0.09119044097884021,0.8527360515021459,0.7615456105233057,3.3155463937445086e-99,dist_high24_atr:Q3,feature_quintile,dist_high24_atr,3,,6,move_ge_1atr,1.1991742564290886e-98,10958,55973,0.09997485718375276,6.204815381809963e-114,3.078543016359559e-113,4,"{'1': {'effect': 0.09265496686736219, 'n_state': 2609, 'same_sign': True}, '2': {'effect': 0.08782081709326817, 'n_state': 2575, 'same_sign': True}, '3': {'effect': 0.08424495105401042, 'n_state': 2803, 'same_sign': True}, '4': {'effect': 0.08459050896207643, 'n_state': 2971, 'same_sign': True}}"
712,66424,0.14048343836734256,0.9157303370786517,0.7752468987113091,3.4364434242200694e-19,dist_high24_atr:Q3:H0,feature_quintile_x_server_4h_block,dist_high24_atr,3,0.0,6,move_ge_1atr,4.715970231110521e-19,660,66271,0.16201206432906579,9.495652307994013e-23,1.397268989807484e-22,4,"{'1': {'effect': 0.11632032323808861, 'n_state': 173, 'same_sign': True}, '2': {'effect': 0.2084843821264586, 'n_state': 169, 'same_sign': True}, '3': {'effect': 0.2062978972549535, 'n_state': 155, 'same_sign': True}, '4': {'effect': 0.11534308342117527, 'n_state': 163, 'same_sign': True}}"
2438,64698,0.08142947287543911,0.8552091878589008,0.7737797149834617,2.589901250976723e-21,dist_high24_atr:Q3:H1,feature_quintile_x_server_4h_block,dist_high24_atr,3,1.0,6,move_ge_1atr,3.6984936683689735e-21,2297,64634,0.06854584662502505,1.9725000517890427e-14,2.587652610313083e-14,4,"{'1': {'effect': 0.040062959821164146, 'n_state': 594, 'same_sign': True}, '2': {'effect': 0.07651068478728229, 'n_state': 501, 'same_sign': True}, '3': {'effect': 0.08440896368194117, 'n_state': 588, 'same_sign': True}, '4': {'effect': 0.06775302749566425, 'n_state': 614, 'same_sign': True}}"
2444,64692,0.1539918524165319,0.9251227495908347,0.7711308971743028,5.22415025732002e-72,dist_high24_atr:Q3:H2,feature_quintile_x_server_4h_block,dist_high24_atr,3,2.0,6,move_ge_1atr,1.2403350610937715e-71,2410,64521,0.14945623866808844,2.250241143114248e-65,5.582328989648808e-65,4,"{'1': {'effect': 0.16699699217116293, 'n_state': 590, 'same_sign': True}, '2': {'effect': 0.09876458260650267, 'n_state': 561, 'same_sign': True}, '3': {'effect': 0.1858914264361372, 'n_state': 652, 'same_sign': True}, '4': {'effect': 0.12401987567000472, 'n_state': 607, 'same_sign': True}}"
2277,64859,0.13790986742546552,0.9099692577953448,0.7720593903698793,2.0937639844540665e-54,dist_high24_atr:Q3:H3,feature_quintile_x_server_4h_block,dist_high24_atr,3,3.0,6,move_ge_1atr,3.78638627095198e-54,2462,64469,0.12746053843673177,5.319660895106659e-49,1.0450298306630848e-48,4,"{'1': {'effect': 0.1360496586116322, 'n_state': 589, 'same_sign': True}, '2': {'effect': 0.1446403859571046, 'n_state': 578, 'same_sign': True}, '3': {'effect': 0.09529391048987346, 'n_state': 576, 'same_sign': True}, '4': {'effect': 0.12026203688291837, 'n_state': 719, 'same_sign': True}}"
11167,55969,0.10679148344510703,0.865765201038775,0.7589737175936679,3.6719387562434653e-135,dist_high24_atr:Q4,feature_quintile,dist_high24_atr,4,,6,move_ge_1atr,1.8947203982216279e-134,11051,55880,0.11290529779708791,9.79304372877006e-146,6.015726861958751e-145,4,"{'1': {'effect': 0.12058150419847657, 'n_state': 2551, 'same_sign': True}, '2': {'effect': 0.07924421132766268, 'n_state': 2882, 'same_sign': True}, '3': {'effect': 0.0919075301241693, 'n_state': 2773, 'same_sign': True}, '4': {'effect': 0.10388050613227495, 'n_state': 2845, 'same_sign': True}}"
717,66419,0.16505386548685275,0.9400278940027894,0.7749740285159367,4.754538575569448e-26,dist_high24_atr:Q4:H0,feature_quintile_x_server_4h_block,dist_high24_atr,4,0.0,6,move_ge_1atr,7.076947802866833e-26,734,66197,0.1611871781112103,7.463585470615579e-25,1.1461934829873924e-24,4,"{'1': {'effect': 0.1893749507256075, 'n_state': 187, 'same_sign': True}, '2': {'effect': 0.19572974260427434, 'n_state': 192, 'same_sign': True}, '3': {'effect': 0.14869315316125098, 'n_state': 180, 'same_sign': True}, '4': {'effect': 0.10046069695179882, 'n_state': 175, 'same_sign': True}}"
2577,64559,0.06954947606892248,0.843616608459449,0.7740671323905265,9.25861263010268e-17,dist_high24_atr:Q4:H1,feature_quintile_x_server_4h_block,dist_high24_atr,4,1.0,6,move_ge_1atr,1.1943610292832456e-16,2495,64436,0.06282630441838422,2.905059068312112e-13,3.6982166428841687e-13,4,"{'1': {'effect': 0.05999814042746432, 'n_state': 633, 'same_sign': True}, '2': {'effect': 0.014714133984119027, 'n_state': 645, 'same_sign': True}, '3': {'effect': 0.0804009822991607, 'n_state': 612, 'same_sign': True}, '4': {'effect': 0.09196199189428234, 'n_state': 605, 'same_sign': True}}"
2380,64756,0.17004779674548176,0.9407563025210084,0.7707085057755266,3.0838857883691627e-85,dist_high24_atr:Q4:H2,feature_quintile_x_server_4h_block,dist_high24_atr,4,2.0,6,move_ge_1atr,9.180490769991276e-85,2429,64502,0.15576443744267676,2.2560527360335855e-71,6.372937290839398e-71,4,"{'1': {'effect': 0.19748199736226668, 'n_state': 532, 'same_sign': True}, '2': {'effect': 0.10960381386433404, 'n_state': 658, 'same_sign': True}, '3': {'effect': 0.1707594168137454, 'n_state': 640, 'same_sign': True}, '4': {'effect': 0.13601582951424507, 'n_state': 599, 'same_sign': True}}"
2169,64967,0.15448763174250624,0.9262332872291379,0.7717456554866317,8.79232956386001e-65,dist_high24_atr:Q4:H3,feature_quintile_x_server_4h_block,dist_high24_atr,4,3.0,6,move_ge_1atr,1.8293717963515184e-64,2314,64617,0.1530815662192715,6.201196431509316e-66,1.5788572493382272e-65,4,"{'1': {'effect': 0.16044450572794478, 'n_state': 511, 'same_sign': True}, '2': {'effect': 0.12043978618232332, 'n_state': 588, 'same_sign': True}, '3': {'effect': 0.16815610657059377, 'n_state': 555, 'same_sign': True}, '4': {'effect': 0.14977013575571008, 'n_state': 660, 'same_sign': True}}"
1385,65751,0.05250524253876088,0.828158844765343,0.7756536022265821,3.4237825195805995e-06,dist_high24_atr:Q4:H4,feature_quintile_x_server_4h_block,dist_high24_atr,4,4.0,6,move_ge_1atr,3.4237825195805995e-06,1284,65647,0.057495954360257895,1.3213036511308295e-06,1.4821580086598002e-06,3,"{'1': {'effect': 0.08763224235656553, 'n_state': 284, 'same_sign': True}, '2': {'effect': 0.06888416151005106, 'n_state': 325, 'same_sign': True}, '3': {'effect': -0.040126544773851025, 'n_state': 313, 'same_sign': False}, '4': {'effect': 0.10512334271365009, 'n_state': 362, 'same_sign': True}}"
22458,44678,-0.26562942660710165,0.599964377949951,0.8655938045570527,0.0,dist_high24_atr:Q5,feature_quintile,dist_high24_atr,5,,6,move_ge_1atr,0.0,21237,45694,-0.2681607309738022,0.0,0.0,4,"{'1': {'effect': -0.2076229517299587, 'n_state': 5256, 'same_sign': True}, '2': {'effect': -0.19551243843085708, 'n_state': 5480, 'same_sign': True}, '3': {'effect': -0.19226977104127874, 'n_state': 5616, 'same_sign': True}, '4': {'effect': -0.2008415653311798, 'n_state': 4885, 'same_sign': True}}"
6429,60707,-0.4189734374906759,0.39788458547207967,0.8168580229627556,0.0,dist_high24_atr:Q5:H0,feature_quintile_x_server_4h_block,dist_high24_atr,5,0.0,6,move_ge_1atr,0.0,6388,60543,-0.42129366366505855,0.0,0.0,4,"{'1': {'effect': -0.37775457974583676, 'n_state': 1572, 'same_sign': True}, '2': {'effect': -0.40540048307004517, 'n_state': 1581, 'same_sign': True}, '3': {'effect': -0.37329270033456724, 'n_state': 1645, 'same_sign': True}, '4': {'effect': -0.405683699612069, 'n_state': 1590, 'same_sign': True}}"
2749,64387,0.16869378593812812,0.9385230993088396,0.7698293133707115,4.332620893189833e-96,dist_high24_atr:Q5:H2,feature_quintile_x_server_4h_block,dist_high24_atr,5,2.0,6,move_ge_1atr,1.4970752550575583e-95,2325,64606,0.1838184009674524,1.1621073446563791e-94,4.5427832563840276e-94,4,"{'1': {'effect': 0.19948678106107653, 'n_state': 590, 'same_sign': True}, '2': {'effect': 0.19034754807781118, 'n_state': 627, 'same_sign': True}, '3': {'effect': 0.1684808828494997, 'n_state': 588, 'same_sign': True}, '4': {'effect': 0.15397672188226463, 'n_state': 520, 'same_sign': True}}"
5516,61620,-0.3510865914483469,0.4544960116026106,0.8055826030509575,0.0,dist_high24_atr:Q5:H4,feature_quintile_x_server_4h_block,dist_high24_atr,5,4.0,6,move_ge_1atr,0.0,5309,61622,-0.3490862625543557,0.0,0.0,4,"{'1': {'effect': -0.37403379678518933, 'n_state': 1356, 'same_sign': True}, '2': {'effect': -0.32071940684582295, 'n_state': 1339, 'same_sign': True}, '3': {'effect': -0.3336991556839645, 'n_state': 1377, 'same_sign': True}, '4': {'effect': -0.27878038889745765, 'n_state': 1237, 'same_sign': True}}"
2473,64663,-0.1834120050291036,0.6000808734330773,0.7834928784621809,1.7210048279537485e-102,dist_high24_atr:Q5:H5,feature_quintile_x_server_4h_block,dist_high24_atr,5,5.0,6,move_ge_1atr,6.343132080172388e-102,2408,64523,-0.17974031176809235,1.2219913375017437e-93,4.636378898168381e-93,4,"{'1': {'effect': -0.2042397929510653, 'n_state': 687, 'same_sign': True}, '2': {'effect': -0.1819293365189124, 'n_state': 585, 'same_sign': True}, '3': {'effect': -0.16243730343694784, 'n_state': 596, 'same_sign': True}, '4': {'effect': -0.14360608895560922, 'n_state': 540, 'same_sign': True}}"
11203,55933,0.13705584163008533,0.8909220744443452,0.7538662328142599,7.300310305223525e-222,dist_low24_atr:Q1,feature_quintile,dist_low24_atr,1,,6,move_ge_1atr,5.330603939851894e-221,10695,56236,0.1468108154105514,1.1902843833674624e-238,9.400817476800161e-238,4,"{'1': {'effect': 0.12450726016829072, 'n_state': 2565, 'same_sign': True}, '2': {'effect': 0.14586763925605983, 'n_state': 2675, 'same_sign': True}, '3': {'effect': 0.10394223402007141, 'n_state': 3080, 'same_sign': True}, '4': {'effect': 0.14498170172938385, 'n_state': 2375, 'same_sign': True}}"
873,66263,0.1600523644896653,0.9347079037800687,0.7746555392904034,1.6126117693093269e-29,dist_low24_atr:Q1:H0,feature_quintile_x_server_4h_block,dist_low24_atr,1,0.0,6,move_ge_1atr,2.5164546561399578e-29,791,66140,0.1525188496072195,5.1099664451038145e-24,7.664949667655721e-24,4,"{'1': {'effect': 0.1559434615708185, 'n_state': 197, 'same_sign': True}, '2': {'effect': 0.21727585380108194, 'n_state': 200, 'same_sign': True}, '3': {'effect': 0.10541760156816715, 'n_state': 237, 'same_sign': True}, '4': {'effect': 0.13002076211439717, 'n_state': 157, 'same_sign': True}}"
2314,64822,0.10591110922545766,0.8789974070872947,0.773086297861837,2.7372481235005655e-33,dist_low24_atr:Q1:H1,feature_quintile_x_server_4h_block,dist_low24_atr,1,1.0,6,move_ge_1atr,4.469683644703455e-33,2490,64441,0.12461604148472671,2.073157053925115e-47,4.011558899345098e-47,4,"{'1': {'effect': 0.09656625058238721, 'n_state': 574, 'same_sign': True}, '2': {'effect': 0.13748043411322075, 'n_state': 670, 'same_sign': True}, '3': {'effect': 0.11580282297888078, 'n_state': 726, 'same_sign': True}, '4': {'effect': 0.13459537518691878, 'n_state': 520, 'same_sign': True}}"
2550,64586,0.18153078764717423,0.9513725490196079,0.7698417613724337,2.197574299101073e-103,dist_low24_atr:Q1:H2,feature_quintile_x_server_4h_block,dist_low24_atr,1,2.0,6,move_ge_1atr,8.256905376234129e-103,2234,64697,0.19239011952819285,1.1313435517589263e-99,4.811318181656093e-99,4,"{'1': {'effect': 0.19490870274562055, 'n_state': 523, 'same_sign': True}, '2': {'effect': 0.20870325351168384, 'n_state': 567, 'same_sign': True}, '3': {'effect': 0.17366353364701825, 'n_state': 670, 'same_sign': True}, '4': {'effect': 0.17378560636492912, 'n_state': 474, 'same_sign': True}}"
2126,65010,0.1766463745428556,0.9477892756349953,0.7711429010921397,1.508452925397716e-82,dist_low24_atr:Q1:H3,feature_quintile_x_server_4h_block,dist_low24_atr,1,3.0,6,move_ge_1atr,4.230226682093595e-82,2139,64792,0.17069557672840208,1.0581181305182714e-75,3.102209973564932e-75,4,"{'1': {'effect': 0.1698563466402606, 'n_state': 523, 'same_sign': True}, '2': {'effect': 0.16241650859648404, 'n_state': 511, 'same_sign': True}, '3': {'effect': 0.16523694015712043, 'n_state': 604, 'same_sign': True}, '4': {'effect': 0.16901951027945616, 'n_state': 501, 'same_sign': True}}"
1353,65783,0.08302966014073077,0.8580931263858093,0.7750634662450785,3.88090804789229e-13,dist_low24_atr:Q1:H4,feature_quintile_x_server_4h_block,dist_low24_atr,1,4.0,6,move_ge_1atr,4.551246710710049e-13,1213,65718,0.09904401295730914,5.394262950512596e-16,7.273797079611062e-16,3,"{'1': {'effect': 0.11742072503262546, 'n_state': 279, 'same_sign': True}, '2': {'effect': 0.06842970855689778, 'n_state': 318, 'same_sign': True}, '3': {'effect': -0.0020593288861936454, 'n_state': 291, 'same_sign': False}, '4': {'effect': 0.19874550456299844, 'n_state': 325, 'same_sign': True}}"
11130,56006,0.10941708241438253,0.8680143755615454,0.7585972931471628,2.0319975462263637e-141,dist_low24_atr:Q2,feature_quintile,dist_low24_atr,2,,6,move_ge_1atr,1.0921986810966705e-140,11034,55897,0.11674127160312853,1.7765957543599824e-155,1.2062150121707248e-154,4,"{'1': {'effect': 0.11963061713842216, 'n_state': 2606, 'same_sign': True}, '2': {'effect': 0.08880582298666839, 'n_state': 2798, 'same_sign': True}, '3': {'effect': 0.11200150247088103, 'n_state': 2683, 'same_sign': True}, '4': {'effect': 0.08859855148721008, 'n_state': 2947, 'same_sign': True}}"
768,66368,0.1520863468338155,0.9270833333333334,0.7749969864995179,8.051705265553229e-24,dist_low24_atr:Q2:H0,feature_quintile_x_server_4h_block,dist_low24_atr,2,0.0,6,move_ge_1atr,1.1758528067053205e-23,650,66281,0.14689936668241166,1.0063631050895908e-18,1.4060018832840132e-18,4,"{'1': {'effect': 0.12757790831619653, 'n_state': 182, 'same_sign': True}, '2': {'effect': 0.14816395009394068, 'n_state': 167, 'same_sign': True}, '3': {'effect': 0.20305976695900396, 'n_state': 138, 'same_sign': True}, '4': {'effect': 0.11534308342117527, 'n_state': 163, 'same_sign': True}}"
2413,64723,0.07683287430276287,0.850808122668877,0.7739752483661141,5.645005121724248e-19,dist_low24_atr:Q2:H1,feature_quintile_x_server_4h_block,dist_low24_atr,2,1.0,6,move_ge_1atr,7.585475632316958e-19,2397,64534,0.05980078687164847,9.451810086617525e-12,1.161222382070153e-11,4,"{'1': {'effect': 0.054783272084616086, 'n_state': 564, 'same_sign': True}, '2': {'effect': 0.012152273160625726, 'n_state': 633, 'same_sign': True}, '3': {'effect': 0.10421732766899394, 'n_state': 569, 'same_sign': True}, '4': {'effect': 0.06584482482496834, 'n_state': 631, 'same_sign': True}}"
2415,64721,0.16286933534073933,0.9337474120082816,0.7708780766675423,1.971481004754398e-79,dist_low24_atr:Q2:H2,feature_quintile_x_server_4h_block,dist_low24_atr,2,2.0,6,move_ge_1atr,5.33540663524442e-79,2328,64603,0.16832315592038138,8.860705673022575e-80,2.78788056541442e-79,4,"{'1': {'effect': 0.19864762426270566, 'n_state': 549, 'same_sign': True}, '2': {'effect': 0.14743814434221814, 'n_state': 631, 'same_sign': True}, '3': {'effect': 0.18597423227052856, 'n_state': 592, 'same_sign': True}, '4': {'effect': 0.12474923112357572, 'n_state': 556, 'same_sign': True}}"
2236,64900,0.15323254987031099,0.924865831842576,0.771633281972265,1.3052809732784945e-65,dist_low24_atr:Q2:H3,feature_quintile_x_server_4h_block,dist_low24_atr,2,3.0,6,move_ge_1atr,2.7755150365866888e-65,2383,64548,0.14314353719753425,1.7199756742196764e-59,3.8254631374885905e-59,4,"{'1': {'effect': 0.14440030598620468, 'n_state': 543, 'same_sign': True}, '2': {'effect': 0.14938148562592124, 'n_state': 610, 'same_sign': True}, '3': {'effect': 0.1464892164578976, 'n_state': 533, 'same_sign': True}, '4': {'effect': 0.12097825504453597, 'n_state': 697, 'same_sign': True}}"
1401,65735,0.06327020757484125,0.8386866523911491,0.7754164448163079,1.8314393008189158e-08,dist_low24_atr:Q2:H4,feature_quintile_x_server_4h_block,dist_low24_atr,2,4.0,6,move_ge_1atr,1.855411019416022e-08,1342,65589,0.09188929507485533,2.815384222118539e-15,3.744170769621562e-15,4,"{'1': {'effect': 0.12597891114080262, 'n_state': 320, 'same_sign': True}, '2': {'effect': 0.07839021937730684, 'n_state': 306, 'same_sign': True}, '3': {'effect': 0.04601897488018447, 'n_state': 339, 'same_sign': True}, '4': {'effect': 0.11023158315271642, 'n_state': 377, 'same_sign': True}}"
11168,55968,0.09520764833281725,0.8561067335243553,0.760899085191538,7.652583557365712e-108,dist_low24_atr:Q3,feature_quintile,dist_low24_atr,3,,6,move_ge_1atr,3.021989629286256e-107,10610,56321,0.10635628902530414,2.018500817834557e-125,1.1321156760898167e-124,4,"{'1': {'effect': 0.09954240388783964, 'n_state': 2568, 'same_sign': True}, '2': {'effect': 0.08718705936218807, 'n_state': 2558, 'same_sign': True}, '3': {'effect': 0.1081944403501115, 'n_state': 2548, 'same_sign': True}, '4': {'effect': 0.07981439285639014, 'n_state': 2936, 'same_sign': True}}"
633,66503,0.19030238192107596,0.9652448657187994,0.7749424837977235,2.5464188698402172e-30,dist_low24_atr:Q3:H0,feature_quintile_x_server_4h_block,dist_low24_atr,3,0.0,6,move_ge_1atr,4.005951636699854e-30,687,66244,0.1604937531020908,3.404389844295503e-23,5.0286216402380143e-23,4,"{'1': {'effect': 0.1832952382274433, 'n_state': 164, 'same_sign': True}, '2': {'effect': 0.17453303983419288, 'n_state': 191, 'same_sign': True}, '3': {'effect': 0.20237266079087146, 'n_state': 168, 'same_sign': True}, '4': {'effect': 0.07326954640582994, 'n_state': 164, 'same_sign': True}}"
2494,64642,0.06863571361527865,0.842822774659182,0.7741870610439033,6.655763687858029e-16,dist_low24_atr:Q3:H1,feature_quintile_x_server_4h_block,dist_low24_atr,3,1.0,6,move_ge_1atr,8.229330821728617e-16,2160,64771,0.059950204909947624,8.192974558493609e-11,9.908378606678207e-11,4,"{'1': {'effect': 0.05151437135274073, 'n_state': 576, 'same_sign': True}, '2': {'effect': 0.02268054124360197, 'n_state': 483, 'same_sign': True}, '3': {'effect': 0.1007358681147037, 'n_state': 524, 'same_sign': True}, '4': {'effect': 0.05707530884841239, 'n_state': 577, 'same_sign': True}}"
2430,64706,0.1539379191401845,0.9251028806584363,0.7711649615182518,1.4242652336516956e-71,dist_low24_atr:Q3:H2,feature_quintile_x_server_4h_block,dist_low24_atr,3,2.0,6,move_ge_1atr,3.3204255748385916e-71,2313,64618,0.15169820998773498,9.37173443155325e-65,2.2667882656319424e-64,4,"{'1': {'effect': 0.17480091229065942, 'n_state': 566, 'same_sign': True}, '2': {'effect': 0.11035666446016545, 'n_state': 589, 'same_sign': True}, '3': {'effect': 0.18002142867262283, 'n_state': 583, 'same_sign': True}, '4': {'effect': 0.1266274928121568, 'n_state': 575, 'same_sign': True}}"
2359,64777,0.14000988803384362,0.9118270453582026,0.771817157324359,6.693637001150673e-58,dist_low24_atr:Q3:H3,feature_quintile_x_server_4h_block,dist_low24_atr,3,3.0,6,move_ge_1atr,1.2514190915194736e-57,2331,64600,0.14397677420897237,6.156359862615937e-59,1.3536995834274814e-58,4,"{'1': {'effect': 0.14486085837833473, 'n_state': 557, 'same_sign': True}, '2': {'effect': 0.1637768405145451, 'n_state': 535, 'same_sign': True}, '3': {'effect': 0.13566370111523385, 'n_state': 546, 'same_sign': True}, '4': {'effect': 0.12177635529789876, 'n_state': 693, 'same_sign': True}}"
11145,55991,0.09502764972826705,0.8559892328398385,0.7609615831115715,2.8695351322768106e-107,dist_low24_atr:Q4,feature_quintile,dist_low24_atr,4,,6,move_ge_1atr,1.121727369890026e-106,11160,55771,0.07301201103411303,1.5695307802165639e-62,3.6812631026897584e-62,4,"{'1': {'effect': 0.07472556128549979, 'n_state': 2640, 'same_sign': True}, '2': {'effect': 0.04679866768244456, 'n_state': 2800, 'same_sign': True}, '3': {'effect': 0.05329573354138473, 'n_state': 2775, 'same_sign': True}, '4': {'effect': 0.078901358780892, 'n_state': 2945, 'same_sign': True}}"
635,66501,0.18723893442132833,0.9622047244094488,0.7749657899881205,1.7145565369944562e-29,dist_low24_atr:Q4:H0,feature_quintile_x_server_4h_block,dist_low24_atr,4,0.0,6,move_ge_1atr,2.6647926900275286e-29,590,66341,0.156737058837506,2.5987629519930657e-19,3.657168226986605e-19,4,"{'1': {'effect': 0.11992640209286365, 'n_state': 134, 'same_sign': True}, '2': {'effect': 0.17035436757290057, 'n_state': 146, 'same_sign': True}, '3': {'effect': 0.18299249557849973, 'n_state': 163, 'same_sign': True}, '4': {'effect': 0.1435064083132055, 'n_state': 147, 'same_sign': True}}"
2503,64633,0.05844251113538512,0.8330003995205754,0.7745578883851902,5.614209008286772e-12,dist_low24_atr:Q4:H1,feature_quintile_x_server_4h_block,dist_low24_atr,4,1.0,6,move_ge_1atr,6.315985134322618e-12,2260,64671,0.03731123482328458,3.5821907597908e-05,3.883215193386665e-05,4,"{'1': {'effect': 0.04678540955785804, 'n_state': 583, 'same_sign': True}, '2': {'effect': 0.002267178044938256, 'n_state': 497, 'same_sign': True}, '3': {'effect': 0.042178493853995414, 'n_state': 569, 'same_sign': True}, '4': {'effect': 0.04876571757426673, 'n_state': 611, 'same_sign': True}}"
2384,64752,0.15667925781463776,0.9278523489932886,0.7711730911786508,9.23365227990658e-73,dist_low24_atr:Q4:H2,feature_quintile_x_server_4h_block,dist_low24_atr,4,2.0,6,move_ge_1atr,2.2616604002049663e-72,2634,64297,0.12057836693658797,7.179950045241203e-47,1.3824082922927091e-46,4,"{'1': {'effect': 0.14197753344835662, 'n_state': 594, 'same_sign': True}, '2': {'effect': 0.07511720274786793, 'n_state': 693, 'same_sign': True}, '3': {'effect': 0.14097535450855314, 'n_state': 652, 'same_sign': True}, '4': {'effect': 0.11483339929904013, 'n_state': 695, 'same_sign': True}}"
2300,64836,0.15734948646350522,0.928695652173913,0.7713461657104078,6.130735075148623e-71,dist_low24_atr:Q4:H3,feature_quintile_x_server_4h_block,dist_low24_atr,4,3.0,6,move_ge_1atr,1.4122586155253078e-70,2341,64590,0.12271938549199268,1.771609855311403e-43,3.2188404413404364e-43,4,"{'1': {'effect': 0.15336097139245108, 'n_state': 615, 'same_sign': True}, '2': {'effect': 0.1005621808491638, 'n_state': 561, 'same_sign': True}, '3': {'effect': 0.09358209901499415, 'n_state': 569, 'same_sign': True}, '4': {'effect': 0.1270532729186764, 'n_state': 596, 'same_sign': True}}"
1946,65190,-0.06643215570203753,0.7122302158273381,0.7786623715293757,4.0757577558068425e-12,dist_low24_atr:Q4:H5,feature_quintile_x_server_4h_block,dist_low24_atr,4,5.0,6,move_ge_1atr,4.625566719933279e-12,1906,65025,-0.03322295525209662,0.0007019935734041262,0.0007484063716457213,4,"{'1': {'effect': -0.049346380335620776, 'n_state': 424, 'same_sign': True}, '2': {'effect': -0.011165547726745162, 'n_state': 548, 'same_sign': True}, '3': {'effect': -0.06950006028101152, 'n_state': 469, 'same_sign': True}, '4': {'effect': -0.004967047587431717, 'n_state': 465, 'same_sign': True}}"
22490,44646,-0.2717838867078396,0.5959982214317474,0.867782108139587,0.0,dist_low24_atr:Q5,feature_quintile,dist_low24_atr,5,,6,move_ge_1atr,0.0,23432,43499,-0.26420768132624295,0.0,0.0,4,"{'1': {'effect': -0.1917219016781465, 'n_state': 5846, 'same_sign': True}, '2': {'effect': -0.20644822227732773, 'n_state': 5770, 'same_sign': True}, '3': {'effect': -0.18745287865236393, 'n_state': 6058, 'same_sign': True}, '4': {'effect': -0.16708212895687158, 'n_state': 5758, 'same_sign': True}}"
6415,60721,-0.42257030523685096,0.39454403741231486,0.8171143426491658,0.0,dist_low24_atr:Q5:H0,feature_quintile_x_server_4h_block,dist_low24_atr,5,0.0,6,move_ge_1atr,0.0,6558,60373,-0.4069002224541207,0.0,0.0,4,"{'1': {'effect': -0.3737376238433321, 'n_state': 1591, 'same_sign': True}, '2': {'effect': -0.39841832725858034, 'n_state': 1597, 'same_sign': True}, '3': {'effect': -0.36060439761594776, 'n_state': 1670, 'same_sign': True}, '4': {'effect': -0.3731451394005196, 'n_state': 1700, 'same_sign': True}}"
2645,64491,0.050193472285621654,0.824952741020794,0.7747592687351723,1.2355515648521667e-09,dist_low24_atr:Q5:H1,feature_quintile_x_server_4h_block,dist_low24_atr,5,1.0,6,move_ge_1atr,1.2923201502642933e-09,3075,63856,0.045079808634468255,7.1325961452209636e-09,8.264415294013512e-09,4,"{'1': {'effect': 0.0672956632648185, 'n_state': 727, 'same_sign': True}, '2': {'effect': 0.03816009178546953, 'n_state': 789, 'same_sign': True}, '3': {'effect': 0.0073533202397467745, 'n_state': 780, 'same_sign': True}, '4': {'effect': 0.06291079974372638, 'n_state': 779, 'same_sign': True}}"
2653,64483,0.16377190822051768,0.9340369393139841,0.7702650310934664,1.056005401245851e-87,dist_low24_atr:Q5:H2,feature_quintile_x_server_4h_block,dist_low24_atr,5,2.0,6,move_ge_1atr,3.269392722257154e-87,2875,64056,0.14353106249423053,3.0826244628667688e-71,8.521254765210283e-71,4,"{'1': {'effect': 0.14623580869857644, 'n_state': 792, 'same_sign': True}, '2': {'effect': 0.12462075425038388, 'n_state': 592, 'same_sign': True}, '3': {'effect': 0.17375602951476443, 'n_state': 671, 'same_sign': True}, '4': {'effect': 0.11350500322628132, 'n_state': 820, 'same_sign': True}}"
5391,61745,-0.36130500895259177,0.4444444444444444,0.8057494533970362,0.0,dist_low24_atr:Q5:H4,feature_quintile_x_server_4h_block,dist_low24_atr,5,4.0,6,move_ge_1atr,0.0,5465,61466,-0.3463315879241952,0.0,0.0,4,"{'1': {'effect': -0.38396968088908034, 'n_state': 1354, 'same_sign': True}, '2': {'effect': -0.30937120233583154, 'n_state': 1388, 'same_sign': True}, '3': {'effect': -0.2981275592076057, 'n_state': 1524, 'same_sign': True}, '4': {'effect': -0.3093614975704159, 'n_state': 1199, 'same_sign': True}}"
2711,64425,-0.1805605842450173,0.6034673552194763,0.7840279394644936,2.255051741290805e-108,dist_low24_atr:Q5:H5,feature_quintile_x_server_4h_block,dist_low24_atr,5,5.0,6,move_ge_1atr,8.996959009067439e-108,2959,63972,-0.15897727053490596,2.4432477559567285e-89,8.674650289497742e-89,4,"{'1': {'effect': -0.22870213268239448, 'n_state': 690, 'same_sign': True}, '2': {'effect': -0.13978375792144926, 'n_state': 806, 'same_sign': True}, '3': {'effect': -0.12695018619461385, 'n_state': 756, 'same_sign': True}, '4': {'effect': -0.1247119629644945, 'n_state': 707, 'same_sign': True}}"
1636,65500,0.12045275201104921,0.8942542787286064,0.7738015267175572,6.88791797817799e-31,tickvol_z48:Q1:H3,feature_quintile_x_server_4h_block,tickvol_z48,1,3.0,6,move_ge_1atr,1.092468958014296e-30,1323,65608,0.10675261243789469,8.042324186767414e-20,1.1442571545143343e-19,4,"{'1': {'effect': 0.09967874246714847, 'n_state': 272, 'same_sign': True}, '2': {'effect': 0.07458022152048305, 'n_state': 324, 'same_sign': True}, '3': {'effect': 0.11628396446656986, 'n_state': 345, 'same_sign': True}, '4': {'effect': 0.1250102373096893, 'n_state': 382, 'same_sign': True}}"
9250,57886,0.06497180011784576,0.8327567567567568,0.767784956638911,3.9661101391670745e-44,tickvol_z48:Q2,feature_quintile,tickvol_z48,2,,6,move_ge_1atr,6.945179293473565e-44,10526,56405,0.05806831726448114,1.960207751516507e-38,3.401795514963624e-38,4,"{'1': {'effect': 0.06298386857554139, 'n_state': 2243, 'same_sign': True}, '2': {'effect': 0.04248309807275952, 'n_state': 2797, 'same_sign': True}, '3': {'effect': 0.03294045259898737, 'n_state': 2814, 'same_sign': True}, '4': {'effect': 0.06857064477931885, 'n_state': 2672, 'same_sign': True}}"
1210,65926,0.14909080378877093,0.9231404958677686,0.7740496920789977,5.450796370792698e-35,tickvol_z48:Q2:H2,feature_quintile_x_server_4h_block,tickvol_z48,2,2.0,6,move_ge_1atr,9.171557371725106e-35,1802,65129,0.13024988791560588,3.10849979231593e-38,5.346619642783399e-38,4,"{'1': {'effect': 0.16282893663588538, 'n_state': 373, 'same_sign': True}, '2': {'effect': 0.09758228634062582, 'n_state': 475, 'same_sign': True}, '3': {'effect': 0.15314423479746064, 'n_state': 403, 'same_sign': True}, '4': {'effect': 0.11094282547440382, 'n_state': 551, 'same_sign': True}}"
2464,64672,0.13908204919770972,0.9107142857142857,0.771632236516576,1.5738048790755398e-59,tickvol_z48:Q2:H3,feature_quintile_x_server_4h_block,tickvol_z48,2,3.0,6,move_ge_1atr,3.0151608326843266e-59,2492,64439,0.10762406926983614,7.87084625830567e-36,1.318622295222638e-35,4,"{'1': {'effect': 0.10427359298145489, 'n_state': 515, 'same_sign': True}, '2': {'effect': 0.11436130187220406, 'n_state': 709, 'same_sign': True}, '3': {'effect': 0.09326677130704952, 'n_state': 632, 'same_sign': True}, '4': {'effect': 0.1052684043732488, 'n_state': 636, 'same_sign': True}}"
9374,57762,0.12273437878778448,0.8823341156390015,0.7595997368512171,2.2449377711183998e-154,tickvol_z48:Q3,feature_quintile,tickvol_z48,3,,6,move_ge_1atr,1.336601411419724e-153,11235,55696,0.11362857872867482,1.6121527940137223e-149,1.0398385521388508e-148,4,"{'1': {'effect': 0.10658760847999182, 'n_state': 2601, 'same_sign': True}, '2': {'effect': 0.09393731671456385, 'n_state': 2865, 'same_sign': True}, '3': {'effect': 0.1039807155549507, 'n_state': 2847, 'same_sign': True}, '4': {'effect': 0.09118586367512127, 'n_state': 2922, 'same_sign': True}}"
2337,64799,0.06816936026320364,0.842533162173727,0.7743638019105233,7.567109792203286e-15,tickvol_z48:Q3:H1,feature_quintile_x_server_4h_block,tickvol_z48,3,1.0,6,move_ge_1atr,9.209029841454944e-15,2604,64327,0.04721147782820578,2.1623020262859087e-08,2.4905085838471626e-08,4,"{'1': {'effect': 0.04713248427560923, 'n_state': 665, 'same_sign': True}, '2': {'effect': 0.017279236076980564, 'n_state': 634, 'same_sign': True}, '3': {'effect': 0.0639038933167938, 'n_state': 683, 'same_sign': True}, '4': {'effect': 0.053668760876378285, 'n_state': 622, 'same_sign': True}}"
2802,64334,0.14434845035057164,0.9150606709493219,0.7707122205987502,3.8994607626036637e-72,tickvol_z48:Q3:H2,feature_quintile_x_server_4h_block,tickvol_z48,3,2.0,6,move_ge_1atr,9.315378488442085e-72,3692,63239,0.14309521444871376,2.8181280254172267e-89,9.894975545143746e-89,4,"{'1': {'effect': 0.14896811851443337, 'n_state': 782, 'same_sign': True}, '2': {'effect': 0.11284704475175189, 'n_state': 988, 'same_sign': True}, '3': {'effect': 0.15857781808438287, 'n_state': 956, 'same_sign': True}, '4': {'effect': 0.13103330252773793, 'n_state': 966, 'same_sign': True}}"
2729,64407,0.14869176330854883,0.9193843898864053,0.7706926265778564,1.4418191755661566e-74,tickvol_z48:Q3:H3,feature_quintile_x_server_4h_block,tickvol_z48,3,3.0,6,move_ge_1atr,3.599896909316791e-74,2824,64107,0.12869985515982463,1.0886355947859158e-56,2.2773079739575644e-56,4,"{'1': {'effect': 0.13820559088429174, 'n_state': 675, 'same_sign': True}, '2': {'effect': 0.14549534900992245, 'n_state': 752, 'same_sign': True}, '3': {'effect': 0.10990785627503574, 'n_state': 708, 'same_sign': True}, '4': {'effect': 0.10351953555176951, 'n_state': 689, 'same_sign': True}}"
763,66373,0.08928449742478661,0.8650065530799476,0.775722055655161,3.895213132986413e-09,tickvol_z48:Q3:H4,feature_quintile_x_server_4h_block,tickvol_z48,3,4.0,6,move_ge_1atr,4.030608241887011e-09,928,66003,0.06223081160887678,8.105157547019231e-06,8.885824279593322e-06,4,"{'1': {'effect': 0.12984086055893695, 'n_state': 225, 'same_sign': True}, '2': {'effect': 0.01809004499703537, 'n_state': 206, 'same_sign': True}, '3': {'effect': 0.03410691049750003, 'n_state': 167, 'same_sign': True}, '4': {'effect': 0.05614584911592457, 'n_state': 330, 'same_sign': True}}"
9255,57881,0.15669590575891512,0.9118314424635332,0.7551355367046181,1.1313791423027757e-247,tickvol_z48:Q4,feature_quintile,tickvol_z48,4,,6,move_ge_1atr,9.315824001514344e-247,9081,57850,0.1492436714532237,1.2684604085788855e-215,9.62537604156919e-215,4,"{'1': {'effect': 0.14741243207668764, 'n_state': 2381, 'same_sign': True}, '2': {'effect': 0.1227403112824178, 'n_state': 2085, 'same_sign': True}, '3': {'effect': 0.1413600268370344, 'n_state': 2222, 'same_sign': True}, '4': {'effect': 0.12190225975575641, 'n_state': 2393, 'same_sign': True}}"
1801,65335,0.07536835632118022,0.8500832870627429,0.7747149307415627,3.5371770450591494e-14,tickvol_z48:Q4:H1,feature_quintile_x_server_4h_block,tickvol_z48,4,1.0,6,move_ge_1atr,4.238041846556937e-14,1746,65185,0.07846147817371674,1.7287374120504547e-14,2.275582919943966e-14,4,"{'1': {'effect': 0.0893958739043148, 'n_state': 469, 'same_sign': True}, '2': {'effect': 0.06615696394328174, 'n_state': 434, 'same_sign': True}, '3': {'effect': 0.07146505845317597, 'n_state': 442, 'same_sign': True}, '4': {'effect': 0.07998611617656604, 'n_state': 401, 'same_sign': True}}"
4159,62977,0.17008240141774167,0.9362827602789132,0.7662003588611715,1.5016496651919403e-143,tickvol_z48:Q4:H2,feature_quintile_x_server_4h_block,tickvol_z48,4,2.0,6,move_ge_1atr,8.301977434704014e-143,3473,63458,0.16443180807678104,8.446317670252513e-111,4.085906172984654e-110,4,"{'1': {'effect': 0.17553375507792313, 'n_state': 890, 'same_sign': True}, '2': {'effect': 0.13073845672637918, 'n_state': 858, 'same_sign': True}, '3': {'effect': 0.18171171233744343, 'n_state': 916, 'same_sign': True}, '4': {'effect': 0.14061922993676623, 'n_state': 809, 'same_sign': True}}"
2017,65119,0.155551817140418,0.9276152702032722,0.7720634530628542,2.554472714010153e-61,tickvol_z48:Q4:H3,feature_quintile_x_server_4h_block,tickvol_z48,4,3.0,6,move_ge_1atr,5.043780307764945e-61,2274,64657,0.15419160188091652,8.791681094881179e-66,2.223778159293475e-65,4,"{'1': {'effect': 0.1557703242039612, 'n_state': 659, 'same_sign': True}, '2': {'effect': 0.1614692777998955, 'n_state': 463, 'same_sign': True}, '3': {'effect': 0.14510204643624258, 'n_state': 536, 'same_sign': True}, '4': {'effect': 0.14038617832442757, 'n_state': 616, 'same_sign': True}}"
1040,66096,0.14180609090739804,0.9163461538461538,0.7745400629387558,1.2014486534637186e-27,tickvol_z48:Q4:H4,feature_quintile_x_server_4h_block,tickvol_z48,4,4.0,6,move_ge_1atr,1.8233750152567024e-27,1086,65845,0.12874316839018807,1.9639349537649135e-23,2.9232416427193137e-23,4,"{'1': {'effect': 0.1502508567827363, 'n_state': 232, 'same_sign': True}, '2': {'effect': 0.11411310084257953, 'n_state': 229, 'same_sign': True}, '3': {'effect': 0.13299123867009677, 'n_state': 212, 'same_sign': True}, '4': {'effect': 0.11855670590938372, 'n_state': 413, 'same_sign': True}}"
30643,36493,-0.1656731328415013,0.6866821133701009,0.8523552462116022,0.0,tickvol_z48:Q5,feature_quintile,tickvol_z48,5,,6,move_ge_1atr,0.0,29275,37656,-0.1736529601333262,0.0,0.0,4,"{'1': {'effect': -0.11356796047332507, 'n_state': 7586, 'same_sign': True}, '2': {'effect': -0.119991094810184, 'n_state': 7069, 'same_sign': True}, '3': {'effect': -0.10904764837470804, 'n_state': 7524, 'same_sign': True}, '4': {'effect': -0.09606051883189859, 'n_state': 7096, 'same_sign': True}}"
9324,57812,-0.24427432987939457,0.5663878163878164,0.810662146267211,0.0,tickvol_z48:Q5:H0,feature_quintile_x_server_4h_block,tickvol_z48,5,0.0,6,move_ge_1atr,0.0,9276,57655,-0.24935209992644458,0.0,0.0,4,"{'1': {'effect': -0.2193694858768651, 'n_state': 2268, 'same_sign': True}, '2': {'effect': -0.22279507937503773, 'n_state': 2301, 'same_sign': True}, '3': {'effect': -0.20537796705599354, 'n_state': 2376, 'same_sign': True}, '4': {'effect': -0.2427210912814628, 'n_state': 2331, 'same_sign': True}}"
3933,63203,0.1167003964024903,0.886600559369438,0.7699001629669477,3.367410307582739e-65,tickvol_z48:Q5:H1,feature_quintile_x_server_4h_block,tickvol_z48,5,1.0,6,move_ge_1atr,7.121244748822513e-65,3646,63285,0.13735344522604098,1.8469453104882645e-81,5.956398626324652e-81,4,"{'1': {'effect': 0.09944451215811256, 'n_state': 921, 'same_sign': True}, '2': {'effect': 0.160609229491814, 'n_state': 862, 'same_sign': True}, '3': {'effect': 0.15941070743917396, 'n_state': 901, 'same_sign': True}, '4': {'effect': 0.11055447860613932, 'n_state': 962, 'same_sign': True}}"
3982,63154,0.1868841986424422,0.9525364138623807,0.7656522152199385,4.436445236243789e-166,tickvol_z48:Q5:H2,feature_quintile_x_server_4h_block,tickvol_z48,5,2.0,6,move_ge_1atr,2.861507177377244e-165,2891,64040,0.18315591409813692,2.1212899825690535e-115,1.0945856310056317e-114,4,"{'1': {'effect': 0.19018598347704374, 'n_state': 844, 'same_sign': True}, '2': {'effect': 0.18566107952903665, 'n_state': 649, 'same_sign': True}, '3': {'effect': 0.1910145880540124, 'n_state': 793, 'same_sign': True}, '4': {'effect': 0.13199326243052412, 'n_state': 605, 'same_sign': True}}"
2850,64286,0.09171817170091334,0.864561403508772,0.7728432318078586,1.2349429401419565e-30,tickvol_z48:Q5:H3,feature_quintile_x_server_4h_block,tickvol_z48,5,3.0,6,move_ge_1atr,1.950705787081376e-30,2781,64150,0.09159942634898932,3.6505126771774584e-29,5.813779448838174e-29,3,"{'1': {'effect': 0.1568850574708346, 'n_state': 809, 'same_sign': True}, '2': {'effect': -0.01719632528504811, 'n_state': 567, 'same_sign': False}, '3': {'effect': 0.03283622508249229, 'n_state': 688, 'same_sign': True}, '4': {'effect': 0.14954661397752667, 'n_state': 717, 'same_sign': True}}"
7260,59876,-0.26488525321477063,0.540495867768595,0.8053811209833657,0.0,tickvol_z48:Q5:H4,feature_quintile_x_server_4h_block,tickvol_z48,5,4.0,6,move_ge_1atr,0.0,7100,59831,-0.2496442420799807,0.0,0.0,4,"{'1': {'effect': -0.3021280960102666, 'n_state': 1655, 'same_sign': True}, '2': {'effect': -0.20780091616169372, 'n_state': 1889, 'same_sign': True}, '3': {'effect': -0.23562668660467057, 'n_state': 1977, 'same_sign': True}, '4': {'effect': -0.17075515098205263, 'n_state': 1579, 'same_sign': True}}"
3294,63842,-0.1486316296149074,0.635397692774742,0.7840293223896494,8.953553060992958e-89,tickvol_z48:Q5:H5,feature_quintile_x_server_4h_block,tickvol_z48,5,5.0,6,move_ge_1atr,2.8875208621702293e-88,3581,63350,-0.14974455861605818,7.176357679186425e-95,2.863144764788811e-94,4,"{'1': {'effect': -0.15846315060549687, 'n_state': 1089, 'same_sign': True}, '2': {'effect': -0.16232603167105686, 'n_state': 801, 'same_sign': True}, '3': {'effect': -0.15293927850970412, 'n_state': 789, 'same_sign': True}, '4': {'effect': -0.10122312714909687, 'n_state': 902, 'same_sign': True}}"
11847,55289,0.11756324036955701,0.8735544863678568,0.7559912459982998,4.0476192522554674e-171,gap_atr:Q1,feature_quintile,gap_atr,1,,6,move_ge_1atr,2.7481204396892382e-170,11796,55135,0.11343631924389908,8.333135031056808e-155,5.560212512101698e-154,4,"{'1': {'effect': 0.10261059466789157, 'n_state': 2769, 'same_sign': True}, '2': {'effect': 0.0841877884743143, 'n_state': 3292, 'same_sign': True}, '3': {'effect': 0.10288965972918751, 'n_state': 4067, 'same_sign': True}, '4': {'effect': 0.10658498315118348, 'n_state': 1668, 'same_sign': True}}"
1500,65636,0.13153541755540654,0.9053333333333333,0.7737979157779268,1.1109647701178661e-33,gap_atr:Q1:H0,feature_quintile_x_server_4h_block,gap_atr,1,0.0,6,move_ge_1atr,1.8532041639466127e-33,1330,65601,0.12355548174410047,3.923586482904341e-26,6.098104292706747e-26,4,"{'1': {'effect': 0.10480160058947885, 'n_state': 322, 'same_sign': True}, '2': {'effect': 0.12057110184015807, 'n_state': 367, 'same_sign': True}, '3': {'effect': 0.13129056706125575, 'n_state': 474, 'same_sign': True}, '4': {'effect': 0.1301549438418711, 'n_state': 167, 'same_sign': True}}"
2654,64482,0.08847911781202633,0.8617181612660135,0.7732390434539872,7.584275064232078e-27,gap_atr:Q1:H1,feature_quintile_x_server_4h_block,gap_atr,1,1.0,6,move_ge_1atr,1.1376412596348118e-26,2584,64347,0.06381152960287251,4.7347652406142e-14,6.107847160392319e-14,4,"{'1': {'effect': 0.08368260131842298, 'n_state': 632, 'same_sign': True}, '2': {'effect': 0.0150553265727138, 'n_state': 729, 'same_sign': True}, '3': {'effect': 0.0764794938185479, 'n_state': 871, 'same_sign': True}, '4': {'effect': 0.08434289954927099, 'n_state': 352, 'same_sign': True}}"
2569,64567,0.1681968518698833,0.9384974698326197,0.7703006179627364,1.1912058511082145e-89,gap_atr:Q1:H2,feature_quintile_x_server_4h_block,gap_atr,1,2.0,6,move_ge_1atr,3.873921549402345e-89,2606,64325,0.1643495189879911,1.1808907598250791e-84,3.973954122193962e-84,4,"{'1': {'effect': 0.18239454907636432, 'n_state': 571, 'same_sign': True}, '2': {'effect': 0.13561972781943676, 'n_state': 698, 'same_sign': True}, '3': {'effect': 0.16690625176580998, 'n_state': 925, 'same_sign': True}, '4': {'effect': 0.1524680443882228, 'n_state': 412, 'same_sign': True}}"
2010,65126,0.1583524352258301,0.9303482587064676,0.7719958234806376,2.8399041484005316e-63,gap_atr:Q1:H3,feature_quintile_x_server_4h_block,gap_atr,1,3.0,6,move_ge_1atr,5.784436344373715e-63,2218,64713,0.14397202396760045,2.9306902376354964e-56,6.065118299277739e-56,4,"{'1': {'effect': 0.15024730070521575, 'n_state': 497, 'same_sign': True}, '2': {'effect': 0.14215460671585434, 'n_state': 606, 'same_sign': True}, '3': {'effect': 0.14292916480190232, 'n_state': 753, 'same_sign': True}, '4': {'effect': 0.11901060744598568, 'n_state': 362, 'same_sign': True}}"
1138,65998,0.07068278843833531,0.8462214411247804,0.7755386526864451,1.3699336041811625e-08,gap_atr:Q1:H4,feature_quintile_x_server_4h_block,gap_atr,1,4.0,6,move_ge_1atr,1.3988504084910551e-08,1111,65820,0.04881858741936185,0.00013079217415547218,0.00013982478286786668,4,"{'1': {'effect': 0.03977516833880723, 'n_state': 250, 'same_sign': True}, '2': {'effect': 0.05506719282768702, 'n_state': 328, 'same_sign': True}, '3': {'effect': 0.03232695830517884, 'n_state': 391, 'same_sign': True}, '4': {'effect': 0.09097454059125443, 'n_state': 142, 'same_sign': True}}"
24349,42787,0.12541747888139176,0.8566676249537969,0.7312501460724051,4.816003815982077e-308,gap_atr:Q2,feature_quintile,gap_atr,2,,6,move_ge_1atr,4.2358942654206e-307,19409,47522,0.11063612333573725,4.047048271812362e-208,2.955108832436574e-207,4,"{'1': {'effect': 0.09394640986681468, 'n_state': 4944, 'same_sign': True}, '2': {'effect': 0.07448215433844707, 'n_state': 4460, 'same_sign': True}, '3': {'effect': 0.0802748715206173, 'n_state': 3959, 'same_sign': True}, '4': {'effect': 0.08825951573101476, 'n_state': 6046, 'same_sign': True}}"
1967,65169,0.09173644905865685,0.8657854600915099,0.7740490110328531,6.216001628773863e-22,gap_atr:Q2:H0,feature_quintile_x_server_4h_block,gap_atr,2,0.0,6,move_ge_1atr,8.94272353284567e-22,1712,65219,0.08604719175493991,8.036418519475707e-17,1.0951035095201053e-16,4,"{'1': {'effect': 0.10553776005404647, 'n_state': 426, 'same_sign': True}, '2': {'effect': 0.08350731305423742, 'n_state': 397, 'same_sign': True}, '3': {'effect': 0.10627832539954618, 'n_state': 302, 'same_sign': True}, '4': {'effect': 0.05837364428159375, 'n_state': 587, 'same_sign': True}}"
4709,62427,0.07133308387143733,0.8430664684646422,0.7717333845932048,8.811637803195931e-30,gap_atr:Q2:H1,feature_quintile_x_server_4h_block,gap_atr,2,1.0,6,move_ge_1atr,1.3806088379906178e-29,3911,63020,0.06785983775306514,1.6523727590861017e-22,2.422228249114854e-22,4,"{'1': {'effect': 0.05473222341149686, 'n_state': 968, 'same_sign': True}, '2': {'effect': 0.05168488186096831, 'n_state': 963, 'same_sign': True}, '3': {'effect': 0.07371596582864193, 'n_state': 781, 'same_sign': True}, '4': {'effect': 0.07789269359590778, 'n_state': 1199, 'same_sign': True}}"
4967,62169,0.1682671946027815,0.9325548620897927,0.7642876674870112,2.473446481826697e-165,gap_atr:Q2:H2,feature_quintile_x_server_4h_block,gap_atr,2,2.0,6,move_ge_1atr,1.5692193253556258e-164,3916,63015,0.14458007590488087,3.564214302353946e-96,1.4519483526431338e-95,4,"{'1': {'effect': 0.15734575553456298, 'n_state': 992, 'same_sign': True}, '2': {'effect': 0.11342500744657025, 'n_state': 935, 'same_sign': True}, '3': {'effect': 0.1587245900949582, 'n_state': 776, 'same_sign': True}, '4': {'effect': 0.12843067234211913, 'n_state': 1213, 'same_sign': True}}"
4924,62212,0.16115962436140507,0.9260763606823721,0.764916736320967,1.2339392408579917e-150,gap_atr:Q2:H3,feature_quintile_x_server_4h_block,gap_atr,2,3.0,6,move_ge_1atr,7.12738039122452e-150,3654,63277,0.14629074314731194,2.4549656217020275e-92,9.048301862844615e-92,4,"{'1': {'effect': 0.14579723166527425, 'n_state': 1011, 'same_sign': True}, '2': {'effect': 0.12807500432045926, 'n_state': 790, 'same_sign': True}, '3': {'effect': 0.141219522527681, 'n_state': 718, 'same_sign': True}, '4': {'effect': 0.14330788288885443, 'n_state': 1135, 'same_sign': True}}"
12215,54921,0.09348565363520733,0.8532132623823169,0.7597276087471095,1.5751174120329513e-111,gap_atr:Q4,feature_quintile,gap_atr,4,,6,move_ge_1atr,6.484791898476086e-111,16099,50832,0.10509442767986399,4.9836164017945334e-167,3.506653722717245e-166,4,"{'1': {'effect': 0.09672292248498748, 'n_state': 4179, 'same_sign': True}, '2': {'effect': 0.08448681946284642, 'n_state': 3606, 'same_sign': True}, '3': {'effect': 0.06198354496057179, 'n_state': 3255, 'same_sign': True}, '4': {'effect': 0.09104856142054407, 'n_state': 5059, 'same_sign': True}}"
836,66300,0.08678408279027472,0.8624401913875598,0.7756561085972851,2.125284352893454e-09,gap_atr:Q4:H0,feature_quintile_x_server_4h_block,gap_atr,4,0.0,6,move_ge_1atr,2.2169408209427675e-09,1368,65563,0.08124028377508963,1.7973911268277787e-12,2.243839890588227e-12,4,"{'1': {'effect': 0.08808919336960275, 'n_state': 368, 'same_sign': True}, '2': {'effect': 0.09643665814605518, 'n_state': 317, 'same_sign': True}, '3': {'effect': 0.06172437157368371, 'n_state': 241, 'same_sign': True}, '4': {'effect': 0.07146505845317597, 'n_state': 442, 'same_sign': True}}"
2249,64887,0.06170191017098281,0.8363717207647844,0.7746698105938016,4.917217598098253e-12,gap_atr:Q4:H1,feature_quintile_x_server_4h_block,gap_atr,4,1.0,6,move_ge_1atr,5.547997698145843e-12,3247,63684,0.06670753967362764,1.5095862293503552e-18,2.1014743552467176e-18,4,"{'1': {'effect': 0.048043436171153586, 'n_state': 874, 'same_sign': True}, '2': {'effect': 0.05994431074393303, 'n_state': 708, 'same_sign': True}, '3': {'effect': 0.07817080489947514, 'n_state': 642, 'same_sign': True}, '4': {'effect': 0.07242070183912874, 'n_state': 1023, 'same_sign': True}}"
2510,64626,0.15495283126461135,0.9258964143426295,0.7709435830780181,9.9181395673015e-75,gap_atr:Q4:H2,feature_quintile_x_server_4h_block,gap_atr,4,2.0,6,move_ge_1atr,2.5087058905527324e-74,3259,63672,0.15961972048293993,1.587183376514661e-98,6.604730824851332e-98,4,"{'1': {'effect': 0.16573276663494363, 'n_state': 924, 'same_sign': True}, '2': {'effect': 0.15098795686324984, 'n_state': 753, 'same_sign': True}, '3': {'effect': 0.18238689217164838, 'n_state': 590, 'same_sign': True}, '4': {'effect': 0.12767208414521924, 'n_state': 992, 'same_sign': True}}"
2374,64762,0.15153663415681562,0.9229149115417018,0.7713782773848862,6.4774807487214905e-68,gap_atr:Q4:H3,feature_quintile_x_server_4h_block,gap_atr,4,3.0,6,move_ge_1atr,1.4406810630777107e-67,3107,63824,0.13590789339173226,7.703743552287901e-69,2.056102589472702e-68,4,"{'1': {'effect': 0.14904716250455696, 'n_state': 887, 'same_sign': True}, '2': {'effect': 0.13400747755880305, 'n_state': 657, 'same_sign': True}, '3': {'effect': 0.09396382114470325, 'n_state': 549, 'same_sign': True}, '4': {'effect': 0.13405195566153227, 'n_state': 1014, 'same_sign': True}}"
18675,48461,-0.2989234766597809,0.5609638554216867,0.8598873320814676,0.0,gap_atr:Q5,feature_quintile,gap_atr,5,,6,move_ge_1atr,0.0,18537,48394,-0.2954803224826059,0.0,0.0,4,"{'1': {'effect': -0.2617103515746805, 'n_state': 4326, 'same_sign': True}, '2': {'effect': -0.21777556379486418, 'n_state': 4996, 'same_sign': True}, '3': {'effect': -0.1710061649720257, 'n_state': 5834, 'same_sign': True}, '4': {'effect': -0.3064816739818083, 'n_state': 3381, 'same_sign': True}}"
5013,62123,-0.5175567332542877,0.2978256533014163,0.815382386555704,0.0,gap_atr:Q5:H0,feature_quintile_x_server_4h_block,gap_atr,5,0.0,6,move_ge_1atr,0.0,4734,62197,-0.5436211143682027,0.0,0.0,4,"{'1': {'effect': -0.5216329544614967, 'n_state': 1146, 'same_sign': True}, '2': {'effect': -0.5108376094854472, 'n_state': 1189, 'same_sign': True}, '3': {'effect': -0.43451538063316114, 'n_state': 1357, 'same_sign': True}, '4': {'effect': -0.6138220625749075, 'n_state': 1042, 'same_sign': True}}"
2753,64383,0.06690770061850448,0.8409008354522339,0.7739931348337294,1.5131168034009074e-16,gap_atr:Q5:H1,feature_quintile_x_server_4h_block,gap_atr,5,1.0,6,move_ge_1atr,1.9262375095926024e-16,2454,64477,0.06320224067567715,3.2373485564015307e-13,4.1077176764832536e-13,4,"{'1': {'effect': 0.08110791549863272, 'n_state': 549, 'same_sign': True}, '2': {'effect': 0.05384092057682055, 'n_state': 617, 'same_sign': True}, '3': {'effect': 0.06135732988797371, 'n_state': 871, 'same_sign': True}, '4': {'effect': 0.04726882113997899, 'n_state': 417, 'same_sign': True}}"
2383,64753,0.17317857958696836,0.9437683592110785,0.7705897796241101,1.9383138313228738e-88,gap_atr:Q5:H2,feature_quintile_x_server_4h_block,gap_atr,5,2.0,6,move_ge_1atr,6.199400435718613e-88,2443,64488,0.1588321216605496,1.5411691851571903e-74,4.450988616834572e-74,4,"{'1': {'effect': 0.1828140221999598, 'n_state': 537, 'same_sign': True}, '2': {'effect': 0.13337447995438356, 'n_state': 643, 'same_sign': True}, '3': {'effect': 0.1780204782993554, 'n_state': 876, 'same_sign': True}, '4': {'effect': 0.09782530864542693, 'n_state': 387, 'same_sign': True}}"
3589,63547,-0.5291833479170751,0.2758428531624408,0.805026201079516,0.0,gap_atr:Q5:H4,feature_quintile_x_server_4h_block,gap_atr,5,4.0,6,move_ge_1atr,0.0,3591,63340,-0.5220877378514526,0.0,0.0,4,"{'1': {'effect': -0.5855858890165327, 'n_state': 897, 'same_sign': True}, '2': {'effect': -0.4480659073112562, 'n_state': 994, 'same_sign': True}, '3': {'effect': -0.46503384812456094, 'n_state': 1018, 'same_sign': True}, '4': {'effect': -0.5200063662776916, 'n_state': 682, 'same_sign': True}}"
2555,64581,-0.19512142869112226,0.589041095890411,0.7841625245815332,2.3223539123195304e-119,gap_atr:Q5:H5,feature_quintile_x_server_4h_block,gap_atr,5,5.0,6,move_ge_1atr,1.0699416238900695e-118,2736,64195,-0.15634333711840154,2.300948407503751e-80,7.359231683503733e-80,4,"{'1': {'effect': -0.22070742614134398, 'n_state': 662, 'same_sign': True}, '2': {'effect': -0.11206932452239549, 'n_state': 815, 'same_sign': True}, '3': {'effect': -0.1107563591006695, 'n_state': 824, 'same_sign': True}, '4': {'effect': -0.19724152450964116, 'n_state': 435, 'same_sign': True}}"
1508,50366,0.0522919181195769,0.5543766578249337,0.5020847397053568,6.282568417872787e-05,dist_low24_atr:Q1:H5,feature_quintile_x_server_4h_block,dist_low24_atr,1,5.0,6,up_first_1atr,0.0005444892628823083,1405,49707,0.048608446922453086,0.00032616619686751276,0.007827988724820305,4,"{'1': {'effect': 0.060927862028050284, 'n_state': 355, 'same_sign': True}, '2': {'effect': 0.07270270526770334, 'n_state': 332, 'same_sign': True}, '3': {'effect': 0.03602926228073311, 'n_state': 405, 'same_sign': True}, '4': {'effect': 0.020835672157013985, 'n_state': 313, 'same_sign': True}}"
1038,56576,0.34372693791043224,0.4203846394762941,0.07665770156586188,0.005990587399701292,ret12_atr:Q1:H0,feature_quintile_x_server_4h_block,ret12_atr,1,0.0,12,mean_fwd_ret_atr,0.04618765680129499,1052,56494,0.5140667930943081,8.21883819535547e-08,7.944876922176954e-07,4,"{'1': {'effect': 1.0421591800706618, 'n_state': 283, 'same_sign': True}, '2': {'effect': 0.5213317792663464, 'n_state': 228, 'same_sign': True}, '3': {'effect': 0.07521024904100687, 'n_state': 306, 'same_sign': True}, '4': {'effect': 0.4108121987555, 'n_state': 235, 'same_sign': True}}"
1207,56407,-0.20056272834064798,-0.11351054323505289,0.0870521851055951,0.005628638057849869,bar_range_atr:Q5:H4,feature_quintile_x_server_4h_block,bar_range_atr,5,4.0,12,mean_fwd_ret_atr,0.04618765680129499,1266,56280,-0.44316523755896625,1.9439964807932566e-08,3.8335621620967575e-07,4,"{'1': {'effect': -0.627988128697753, 'n_state': 272, 'same_sign': True}, '2': {'effect': -0.25156279778635815, 'n_state': 282, 'same_sign': True}, '3': {'effect': -0.2513709471821579, 'n_state': 277, 'same_sign': True}, '4': {'effect': -0.5531728272477181, 'n_state': 435, 'same_sign': True}}"
1048,56566,0.37880683001650983,0.45476676721422726,0.07595993719771744,0.0003698574509373118,lower_wick_atr:Q4:H0,feature_quintile_x_server_4h_block,lower_wick_atr,4,0.0,12,mean_fwd_ret_atr,0.007296278804854242,1176,56370,0.21358361510608598,0.011203988133932162,0.029537786898548427,4,"{'1': {'effect': 0.06399105624107337, 'n_state': 272, 'same_sign': True}, '2': {'effect': 0.5394808205382411, 'n_state': 298, 'same_sign': True}, '3': {'effect': 0.05660202888426841, 'n_state': 293, 'same_sign': True}, '4': {'effect': 0.16795942717040319, 'n_state': 313, 'same_sign': True}}"
1401,56213,-0.1645476253731432,-0.07769587748696331,0.08685174788617989,0.005748531878278812,lower_wick_atr:Q5:H4,feature_quintile_x_server_4h_block,lower_wick_atr,5,4.0,12,mean_fwd_ret_atr,0.04618765680129499,1593,55953,-0.2505098026418496,8.541112017869177e-05,0.0004953844970364123,4,"{'1': {'effect': -0.4583616482460998, 'n_state': 341, 'same_sign': True}, '2': {'effect': -0.1953659778915498, 'n_state': 376, 'same_sign': True}, '3': {'effect': -0.03328569609122209, 'n_state': 375, 'same_sign': True}, '4': {'effect': -0.29651688982348007, 'n_state': 501, 'same_sign': True}}"
1176,56438,-0.2793479558092965,-0.19079554536047627,0.0885524104488202,4.338345888410692e-05,atr_slope3:Q4:H4,feature_quintile_x_server_4h_block,atr_slope3,4,4.0,12,mean_fwd_ret_atr,0.0025378988312669166,1246,56300,-0.22026467871101574,0.0026199008947263257,0.009497140743382931,3,"{'1': {'effect': -0.4765528158333269, 'n_state': 272, 'same_sign': True}, '2': {'effect': -0.13586873723732423, 'n_state': 305, 'same_sign': True}, '3': {'effect': 0.010446885867832476, 'n_state': 272, 'same_sign': False}, '4': {'effect': -0.2564428161828336, 'n_state': 397, 'same_sign': True}}"
555,57059,-0.4139919645134043,-0.32715350650195685,0.08683845801144746,0.00015801471023929128,atr_slope12:Q1:H3,feature_quintile_x_server_4h_block,atr_slope12,1,3.0,12,mean_fwd_ret_atr,0.004286149015240776,906,56640,-0.21156603381653022,0.00980395028780334,0.028431455834629686,3,"{'1': {'effect': -0.20780159443902851, 'n_state': 183, 'same_sign': True}, '2': {'effect': 0.16064471707156336, 'n_state': 253, 'same_sign': False}, '3': {'effect': -0.4331865480101962, 'n_state': 208, 'same_sign': True}, '4': {'effect': -0.3889524920893528, 'n_state': 262, 'same_sign': True}}"
3172,54442,-0.1301348497258894,-0.04011969502569299,0.0900151547001964,0.0020181532335576497,atr_slope12:Q5:H4,feature_quintile_x_server_4h_block,atr_slope12,5,4.0,12,mean_fwd_ret_atr,0.0218969625841005,3194,54352,-0.1335120192256274,0.0019595032978311977,0.008117942233872103,3,"{'1': {'effect': -0.09041295160919946, 'n_state': 686, 'same_sign': True}, '2': {'effect': 0.10458703214259203, 'n_state': 788, 'same_sign': False}, '3': {'effect': -0.055437500364956, 'n_state': 796, 'same_sign': True}, '4': {'effect': -0.41714488200342187, 'n_state': 924, 'same_sign': True}}"
1316,56298,-0.20149725980560848,-0.11404428355902302,0.08745297624658546,0.000677601058371364,dist_high24_atr:Q1:H4,feature_quintile_x_server_4h_block,dist_high24_atr,1,4.0,12,mean_fwd_ret_atr,0.009189964354161624,1398,56148,-0.19002119776115006,0.001430376560515724,0.006913486709159333,3,"{'1': {'effect': -0.47577093890752264, 'n_state': 264, 'same_sign': True}, '2': {'effect': -0.38527734796484825, 'n_state': 342, 'same_sign': True}, '3': {'effect': 0.284093630156892, 'n_state': 391, 'same_sign': False}, '4': {'effect': -0.2850608176910531, 'n_state': 401, 'same_sign': True}}"
11588,52377,0.12787249821761348,0.9765274421815672,0.8486549439639537,6.959344577981849e-304,ret1_atr:Q1,feature_quintile,ret1_atr,1,,12,move_ge_1atr,5.772162267620239e-303,10914,52890,0.12906357765777943,6.711789162369677e-297,5.678173631364746e-296,4,"{'1': {'effect': 0.11326736061674636, 'n_state': 2619, 'same_sign': True}, '2': {'effect': 0.11361685723429638, 'n_state': 2700, 'same_sign': True}, '3': {'effect': 0.10604880542341166, 'n_state': 2780, 'same_sign': True}, '4': {'effect': 0.11425090282855943, 'n_state': 2815, 'same_sign': True}}"
1180,62785,0.12195466638231367,0.9915254237288136,0.8695707573464999,2.1463291313408246e-35,ret1_atr:Q1:H0,feature_quintile_x_server_4h_block,ret1_atr,1,0.0,12,move_ge_1atr,3.152420911656836e-35,1088,62716,0.11831557197150178,3.779375426545623e-31,5.22443073669542e-31,4,"{'1': {'effect': 0.11112579290230484, 'n_state': 299, 'same_sign': True}, '2': {'effect': 0.12390105643352556, 'n_state': 255, 'same_sign': True}, '3': {'effect': 0.12024923455518355, 'n_state': 264, 'same_sign': True}, '4': {'effect': 0.11299076959668142, 'n_state': 270, 'same_sign': True}}"
2375,61590,0.102512027755702,0.9705263157894737,0.8680142880337717,1.0878951826367213e-48,ret1_atr:Q1:H1,feature_quintile_x_server_4h_block,ret1_atr,1,1.0,12,move_ge_1atr,1.9015688522947652e-48,2223,61581,0.10582325318500774,5.991400470924486e-49,1.0784520847664074e-48,4,"{'1': {'effect': 0.10988195309739446, 'n_state': 544, 'same_sign': True}, '2': {'effect': 0.10266173648222632, 'n_state': 548, 'same_sign': True}, '3': {'effect': 0.09643841723162372, 'n_state': 567, 'same_sign': True}, '4': {'effect': 0.10341892419287557, 'n_state': 564, 'same_sign': True}}"
2846,61119,0.12752896360597976,0.9936753338018272,0.8661463701958474,4.5937939183427025e-88,ret1_atr:Q1:H2,feature_quintile_x_server_4h_block,ret1_atr,1,2.0,12,move_ge_1atr,1.518105333952315e-87,2599,61205,0.1295254384977551,7.457949383226536e-84,2.4455136349649807e-83,4,"{'1': {'effect': 0.12692015652086952, 'n_state': 614, 'same_sign': True}, '2': {'effect': 0.1255697030746199, 'n_state': 656, 'same_sign': True}, '3': {'effect': 0.12603544547636514, 'n_state': 731, 'same_sign': True}, '4': {'effect': 0.12346791512638455, 'n_state': 598, 'same_sign': True}}"
2307,61658,0.1253308534431079,0.9926311226701344,0.8673002692270265,5.978489567626137e-70,ret1_atr:Q1:H3,feature_quintile_x_server_4h_block,ret1_atr,1,3.0,12,move_ge_1atr,1.5514730595741448e-69,2187,61617,0.12285067410426631,2.3924778280503166e-64,5.530153668116306e-64,4,"{'1': {'effect': 0.11903749284457421, 'n_state': 538, 'same_sign': True}, '2': {'effect': 0.11886112395333781, 'n_state': 529, 'same_sign': True}, '3': {'effect': 0.12251748421019848, 'n_state': 517, 'same_sign': True}, '4': {'effect': 0.11849708593785246, 'n_state': 603, 'same_sign': True}}"
1486,62479,0.0905798722529585,0.9602960969044414,0.8697162246514829,5.534969736385844e-25,ret1_atr:Q1:H4,feature_quintile_x_server_4h_block,ret1_atr,1,4.0,12,move_ge_1atr,7.052084935214494e-25,1460,62344,0.09315776012543753,4.786644121037397e-26,6.268577285445259e-26,4,"{'1': {'effect': 0.09970248409047955, 'n_state': 320, 'same_sign': True}, '2': {'effect': 0.08849536522166612, 'n_state': 356, 'same_sign': True}, '3': {'effect': 0.06987373313996048, 'n_state': 363, 'same_sign': True}, '4': {'effect': 0.10665350334277801, 'n_state': 421, 'same_sign': True}}"
1394,62571,0.05916763205492104,0.9296987087517934,0.8705310766968724,6.321075542160778e-11,ret1_atr:Q1:H5,feature_quintile_x_server_4h_block,ret1_atr,1,5.0,12,move_ge_1atr,6.505632492296858e-11,1357,62447,0.07437725909330872,4.2370933383374583e-16,4.67960961388184e-16,4,"{'1': {'effect': 0.0651377952755906, 'n_state': 304, 'same_sign': True}, '2': {'effect': 0.08849536522166612, 'n_state': 356, 'same_sign': True}, '3': {'effect': 0.050672801184886485, 'n_state': 338, 'same_sign': True}, '4': {'effect': 0.08602876046214658, 'n_state': 359, 'same_sign': True}}"
11496,52469,0.1141635751702702,0.9654662491301322,0.851302673959862,3.63678732657124e-241,ret1_atr:Q2,feature_quintile,ret1_atr,2,,12,move_ge_1atr,2.26229564579358e-240,11673,52131,0.11421263774428336,1.7629057085673105e-245,1.0652987353199605e-244,4,"{'1': {'effect': 0.10254637223941587, 'n_state': 2741, 'same_sign': True}, '2': {'effect': 0.09339086913818861, 'n_state': 2930, 'same_sign': True}, '3': {'effect': 0.0959041739208919, 'n_state': 3005, 'same_sign': True}, '4': {'effect': 0.09964212901374736, 'n_state': 2997, 'same_sign': True}}"
1145,62820,0.0958338025466815,0.965938864628821,0.8701050620821394,7.020072448147537e-22,ret1_atr:Q2:H0,feature_quintile_x_server_4h_block,ret1_atr,2,0.0,12,move_ge_1atr,8.460087309306007e-22,1222,62582,0.09644129880320418,1.2908767829671739e-23,1.6202993447926247e-23,4,"{'1': {'effect': 0.08389208615735311, 'n_state': 274, 'same_sign': True}, '2': {'effect': 0.08905042589749401, 'n_state': 310, 'same_sign': True}, '3': {'effect': 0.10977001282701604, 'n_state': 331, 'same_sign': True}, '4': {'effect': 0.09521227477006655, 'n_state': 307, 'same_sign': True}}"
2547,61418,0.10160081675545374,0.9693757361601885,0.8677749194047347,4.654133498953823e-51,ret1_atr:Q2:H1,feature_quintile_x_server_4h_block,ret1_atr,2,1.0,12,move_ge_1atr,8.413241325031911e-51,2575,61229,0.0958561960692843,2.3592831770505848e-46,4.090068786444252e-46,4,"{'1': {'effect': 0.10418689488802602, 'n_state': 621, 'same_sign': True}, '2': {'effect': 0.07540128839717442, 'n_state': 664, 'same_sign': True}, '3': {'effect': 0.089841647827553, 'n_state': 651, 'same_sign': True}, '4': {'effect': 0.10332310228557817, 'n_state': 639, 'same_sign': True}}"
2354,61611,0.12646129006274975,0.9936278674596432,0.8671665773968934,1.5290670449474062e-72,ret1_atr:Q2:H2,feature_quintile_x_server_4h_block,ret1_atr,2,2.0,12,move_ge_1atr,4.172873290404857e-72,2390,61414,0.11880705924384782,1.6222461324552168e-65,3.96653245103212e-65,4,"{'1': {'effect': 0.12154959075412186, 'n_state': 581, 'same_sign': True}, '2': {'effect': 0.1048992321862674, 'n_state': 598, 'same_sign': True}, '3': {'effect': 0.12497545498866436, 'n_state': 575, 'same_sign': True}, '4': {'effect': 0.11113968620366643, 'n_state': 636, 'same_sign': True}}"
1984,61981,0.12395981390759192,0.9919354838709677,0.8679756699633758,1.9366061708120783e-59,ret1_atr:Q2:H3,feature_quintile_x_server_4h_block,ret1_atr,2,3.0,12,move_ge_1atr,3.9383865877572553e-59,2145,61659,0.11583710407239822,2.209932251953736e-56,4.494237223925145e-56,4,"{'1': {'effect': 0.11734258343382886, 'n_state': 546, 'same_sign': True}, '2': {'effect': 0.12432151901697808, 'n_state': 502, 'same_sign': True}, '3': {'effect': 0.10241635962072759, 'n_state': 543, 'same_sign': True}, '4': {'effect': 0.10841317903568737, 'n_state': 554, 'same_sign': True}}"
1654,62311,0.08130978405178513,0.9510278113663845,0.8697180273145994,1.617203269778598e-22,ret1_atr:Q2:H4,feature_quintile_x_server_4h_block,ret1_atr,2,4.0,12,move_ge_1atr,1.9885958811521715e-22,1601,62203,0.07166151992745484,2.008420139247448e-17,2.2715553981328085e-17,4,"{'1': {'effect': 0.07729056979960947, 'n_state': 337, 'same_sign': True}, '2': {'effect': 0.06630127537829589, 'n_state': 423, 'same_sign': True}, '3': {'effect': 0.05432605095039045, 'n_state': 409, 'same_sign': True}, '4': {'effect': 0.08391411909921664, 'n_state': 432, 'same_sign': True}}"
11439,52526,0.10648450125684183,0.959262173266894,0.8527776720100522,2.7842546771954047e-209,ret1_atr:Q3,feature_quintile,ret1_atr,3,,12,move_ge_1atr,1.2663868047888777e-208,12225,51579,0.10883485776836221,4.2122893738747406e-231,2.227248006436269e-230,4,"{'1': {'effect': 0.09667436477013391, 'n_state': 2985, 'same_sign': True}, '2': {'effect': 0.08200216812856354, 'n_state': 2952, 'same_sign': True}, '3': {'effect': 0.08689030021316024, 'n_state': 3193, 'same_sign': True}, '4': {'effect': 0.10393621458185909, 'n_state': 3095, 'same_sign': True}}"
1272,62693,0.0914765518544145,0.9614779874213837,0.8700014355669692,4.370676887001394e-22,ret1_atr:Q3:H0,feature_quintile_x_server_4h_block,ret1_atr,3,0.0,12,move_ge_1atr,5.297410668199398e-22,1304,62500,0.08301173006134976,5.566502956063133e-19,6.468765797842596e-19,4,"{'1': {'effect': 0.05799441417415263, 'n_state': 316, 'same_sign': True}, '2': {'effect': 0.062374993448545135, 'n_state': 337, 'same_sign': True}, '3': {'effect': 0.08623991561024802, 'n_state': 337, 'same_sign': True}, '4': {'effect': 0.12155623083227907, 'n_state': 314, 'same_sign': True}}"
2465,61500,0.10124965781097972,0.9691683569979715,0.8679186991869918,3.3118342852703378e-49,ret1_atr:Q3:H1,feature_quintile_x_server_4h_block,ret1_atr,3,1.0,12,move_ge_1atr,5.837107927788971e-49,2816,60988,0.08491019283972412,7.129098986858223e-40,1.1210441901267764e-39,4,"{'1': {'effect': 0.10080722795909969, 'n_state': 723, 'same_sign': True}, '2': {'effect': 0.06100568197246592, 'n_state': 672, 'same_sign': True}, '3': {'effect': 0.07513170706136241, 'n_state': 735, 'same_sign': True}, '4': {'effect': 0.09039850113679437, 'n_state': 686, 'same_sign': True}}"
2111,61854,0.12275655404483377,0.9905258171482709,0.8677692631034372,8.064500796150008e-62,ret1_atr:Q3:H2,feature_quintile_x_server_4h_block,ret1_atr,3,2.0,12,move_ge_1atr,1.7675045786380586e-61,2342,61462,0.11976807314599913,2.66605957590524e-65,6.444246860616666e-65,4,"{'1': {'effect': 0.12318705143540676, 'n_state': 572, 'same_sign': True}, '2': {'effect': 0.10045654878640264, 'n_state': 576, 'same_sign': True}, '3': {'effect': 0.12326467894701254, 'n_state': 579, 'same_sign': True}, '4': {'effect': 0.1187156301131449, 'n_state': 615, 'same_sign': True}}"
2033,61932,0.12121045982266576,0.9891785538612887,0.867968094038623,3.1523282184174103e-58,ret1_atr:Q3:H3,feature_quintile_x_server_4h_block,ret1_atr,3,3.0,12,move_ge_1atr,6.173309427734095e-58,2112,61692,0.11650591575156355,3.408748928435088e-56,6.801418852490766e-56,4,"{'1': {'effect': 0.11678867118067027, 'n_state': 522, 'same_sign': True}, '2': {'effect': 0.10539970137253774, 'n_state': 484, 'same_sign': True}, '3': {'effect': 0.11176838020365099, 'n_state': 545, 'same_sign': True}, '4': {'effect': 0.11946518821681007, 'n_state': 561, 'same_sign': True}}"
1647,62318,0.06488351760959365,0.9350333940497875,0.8701498764401938,7.551621792941291e-15,ret1_atr:Q3:H4,feature_quintile_x_server_4h_block,ret1_atr,3,4.0,12,move_ge_1atr,8.128081471791772e-15,1707,62097,0.06822717663812605,7.270500582198272e-17,8.157617364111058e-17,4,"{'1': {'effect': 0.08527678896091262, 'n_state': 376, 'same_sign': True}, '2': {'effect': 0.07006621769824051, 'n_state': 433, 'same_sign': True}, '3': {'effect': 0.04504348924300172, 'n_state': 460, 'same_sign': True}, '4': {'effect': 0.07073539718590716, 'n_state': 438, 'same_sign': True}}"
11568,52397,0.11352753987662711,0.9648167358229599,0.8512891959463328,1.1553555921675874e-239,ret1_atr:Q4,feature_quintile,ret1_atr,4,,12,move_ge_1atr,6.883315711082951e-239,11572,52232,0.11046235818741001,3.146749119475688e-228,1.6232620457783121e-227,4,"{'1': {'effect': 0.09914734175223017, 'n_state': 2716, 'same_sign': True}, '2': {'effect': 0.09149149552912939, 'n_state': 2923, 'same_sign': True}, '3': {'effect': 0.0890483249059405, 'n_state': 2927, 'same_sign': True}, '4': {'effect': 0.09940945767270026, 'n_state': 3006, 'same_sign': True}}"
1188,62777,0.10144402969004329,0.9713804713804713,0.869936441690428,3.693991347444711e-25,ret1_atr:Q4:H0,feature_quintile_x_server_4h_block,ret1_atr,4,0.0,12,move_ge_1atr,4.7207200603296455e-25,1210,62594,0.10283128554818843,2.1951778928412913e-26,2.8927110550525426e-26,4,"{'1': {'effect': 0.08158875430659973, 'n_state': 282, 'same_sign': True}, '2': {'effect': 0.10308147587906047, 'n_state': 323, 'same_sign': True}, '3': {'effect': 0.10823870321066154, 'n_state': 306, 'same_sign': True}, '4': {'effect': 0.11112579290230484, 'n_state': 299, 'same_sign': True}}"
2454,61511,0.09812154906808501,0.9661776691116545,0.8680561200435695,3.94986564202932e-46,ret1_atr:Q4:H1,feature_quintile_x_server_4h_block,ret1_atr,4,1.0,12,move_ge_1atr,6.526535806946884e-46,2459,61345,0.09098020976237864,3.4078872338576555e-40,5.399012359257634e-40,4,"{'1': {'effect': 0.09249003990295979, 'n_state': 561, 'same_sign': True}, '2': {'effect': 0.06617467781463326, 'n_state': 647, 'same_sign': True}, '3': {'effect': 0.09974085179707748, 'n_state': 630, 'same_sign': True}, '4': {'effect': 0.09605622988694518, 'n_state': 621, 'same_sign': True}}"
2297,61668,0.1239225556238076,0.9912929908576404,0.8673704352338328,3.768219620291154e-68,ret1_atr:Q4:H2,feature_quintile_x_server_4h_block,ret1_atr,4,2.0,12,move_ge_1atr,9.267191275483477e-68,2364,61440,0.12256222900803715,6.768728054878326e-69,1.8007370862978188e-68,4,"{'1': {'effect': 0.1199621624259376, 'n_state': 590, 'same_sign': True}, '2': {'effect': 0.11844123789633565, 'n_state': 600, 'same_sign': True}, '3': {'effect': 0.1174524465357526, 'n_state': 551, 'same_sign': True}, '4': {'effect': 0.12047814016867076, 'n_state': 623, 'same_sign': True}}"
2042,61923,0.12228907459760574,0.990205680705191,0.8679166061075853,1.7556713585269853e-59,ret1_atr:Q4:H3,feature_quintile_x_server_4h_block,ret1_atr,4,3.0,12,move_ge_1atr,3.6050921585287122e-59,2041,61763,0.11685680345178107,9.617009609825039e-55,1.8660527820899044e-54,4,"{'1': {'effect': 0.11485716008656022, 'n_state': 522, 'same_sign': True}, '2': {'effect': 0.1105738394100424, 'n_state': 456, 'same_sign': True}, '3': {'effect': 0.11572585171435512, 'n_state': 481, 'same_sign': True}, '4': {'effect': 0.11462733023575578, 'n_state': 582, 'same_sign': True}}"
1699,62266,0.07302675885968513,0.9429075927015892,0.8698808338419041,6.447858564962049e-19,ret1_atr:Q4:H4,feature_quintile_x_server_4h_block,ret1_atr,4,4.0,12,move_ge_1atr,7.331839174674589e-19,1651,62153,0.05485219291838994,4.1352337909304335e-11,4.245640518358188e-11,4,"{'1': {'effect': 0.05888160709516188, 'n_state': 349, 'same_sign': True}, '2': {'effect': 0.06090160463869787, 'n_state': 419, 'same_sign': True}, '3': {'effect': 0.03610403205162238, 'n_state': 470, 'same_sign': True}, '4': {'effect': 0.062355763260746544, 'n_state': 413, 'same_sign': True}}"
17874,46091,-0.3389848609325763,0.6275595837529372,0.9665444446855135,0.0,ret1_atr:Q5,feature_quintile,ret1_atr,5,,12,move_ge_1atr,0.0,17420,46384,-0.34578180587232854,0.0,0.0,4,"{'1': {'effect': -0.2802549074777657, 'n_state': 4326, 'same_sign': True}, '2': {'effect': -0.2839660097136275, 'n_state': 4310, 'same_sign': True}, '3': {'effect': -0.27458111227347193, 'n_state': 4441, 'same_sign': True}, '4': {'effect': -0.24040653204975448, 'n_state': 4343, 'same_sign': True}}"
4539,59426,-0.6626164004297943,0.2562238378497466,0.918840238279541,0.0,ret1_atr:Q5:H0,feature_quintile_x_server_4h_block,ret1_atr,5,0.0,12,move_ge_1atr,0.0,4446,59358,-0.675476723751155,0.0,0.0,4,"{'1': {'effect': -0.6319424632617682, 'n_state': 1097, 'same_sign': True}, '2': {'effect': -0.6579315830571266, 'n_state': 1076, 'same_sign': True}, '3': {'effect': -0.6380062637992017, 'n_state': 1138, 'same_sign': True}, '4': {'effect': -0.6310345038469722, 'n_state': 1135, 'same_sign': True}}"
2486,61479,0.06639967860095264,0.9356395816572808,0.8692399030563281,2.753397333849696e-22,ret1_atr:Q5:H1,feature_quintile_x_server_4h_block,ret1_atr,5,1.0,12,move_ge_1atr,3.3661476075676923e-22,2309,61495,0.08537596372977607,1.3068195113567614e-33,1.8930981277531168e-33,4,"{'1': {'effect': 0.08812158977684292, 'n_state': 575, 'same_sign': True}, '2': {'effect': 0.09299581248166744, 'n_state': 541, 'same_sign': True}, '3': {'effect': 0.08710039703253769, 'n_state': 585, 'same_sign': True}, '4': {'effect': 0.06545113614785747, 'n_state': 608, 'same_sign': True}}"
2824,61141,0.12372689551986671,0.990084985835694,0.8663580903158273,2.0950519802502935e-82,ret1_atr:Q5:H2,feature_quintile_x_server_4h_block,ret1_atr,5,2.0,12,move_ge_1atr,6.421789765549814e-82,2689,61115,0.12089403296804302,1.1721350217303416e-75,3.5164050651910246e-75,4,"{'1': {'effect': 0.12109712443459908, 'n_state': 667, 'same_sign': True}, '2': {'effect': 0.109740063157577, 'n_state': 642, 'same_sign': True}, '3': {'effect': 0.12327727457976723, 'n_state': 732, 'same_sign': True}, '4': {'effect': 0.11304342216686258, 'n_state': 648, 'same_sign': True}}"
3674,60291,-0.5151839427082046,0.38622754491017963,0.9014114876183842,0.0,ret1_atr:Q5:H4,feature_quintile_x_server_4h_block,ret1_atr,5,4.0,12,move_ge_1atr,0.0,3628,60176,-0.5225627391551486,0.0,0.0,4,"{'1': {'effect': -0.568089143889238, 'n_state': 927, 'same_sign': True}, '2': {'effect': -0.5049890022502094, 'n_state': 907, 'same_sign': True}, '3': {'effect': -0.4985191120002885, 'n_state': 923, 'same_sign': True}, '4': {'effect': -0.42380821489615467, 'n_state': 871, 'same_sign': True}}"
1808,62157,-0.1965122023292145,0.6808628318584071,0.8773750341876216,4.716686173005128e-134,ret1_atr:Q5:H5,feature_quintile_x_server_4h_block,ret1_atr,5,5.0,12,move_ge_1atr,1.9370468458069602e-133,1866,61938,-0.19454658475506936,3.3363362374285056e-136,1.411270228432258e-135,4,"{'1': {'effect': -0.23878016632494203, 'n_state': 439, 'same_sign': True}, '2': {'effect': -0.18348925611400302, 'n_state': 514, 'same_sign': True}, '3': {'effect': -0.18540110932759057, 'n_state': 456, 'same_sign': True}, '4': {'effect': -0.15606610375922902, 'n_state': 457, 'same_sign': True}}"
11593,52372,0.12968807392251636,0.9780039679116709,0.8483158939891545,1.28874794688e-312,ret3_atr:Q1,feature_quintile,ret3_atr,1,,12,move_ge_1atr,1.1357091281893e-311,10998,52806,0.13132426655793195,3.56082406269572e-309,3.204741656426148e-308,4,"{'1': {'effect': 0.11827959985978131, 'n_state': 2597, 'same_sign': True}, '2': {'effect': 0.10935098130339971, 'n_state': 2772, 'same_sign': True}, '3': {'effect': 0.111424526755035, 'n_state': 2869, 'same_sign': True}, '4': {'effect': 0.11566411113295327, 'n_state': 2760, 'same_sign': True}}"
1105,62860,0.12030296442716204,0.9900452488687783,0.8697422844416163,1.9310581470816285e-32,ret3_atr:Q1:H0,feature_quintile_x_server_4h_block,ret3_atr,1,0.0,12,move_ge_1atr,2.741065759112513e-32,1112,62692,0.1158574384670149,1.5031738643475633e-30,2.064423846165647e-30,4,"{'1': {'effect': 0.12144309199485925, 'n_state': 309, 'same_sign': True}, '2': {'effect': 0.10968597208762454, 'n_state': 276, 'same_sign': True}, '3': {'effect': 0.11696383108030417, 'n_state': 276, 'same_sign': True}, '4': {'effect': 0.10783132163806186, 'n_state': 251, 'same_sign': True}}"
2429,61536,0.11013017352723753,0.977768629065459,0.8676384555382215,4.2221170343575596e-57,ret3_atr:Q1:H1,feature_quintile_x_server_4h_block,ret3_atr,1,1.0,12,move_ge_1atr,8.044844619519133e-57,2291,61513,0.10943227673151645,1.048776550708303e-53,2.0073867916272043e-53,4,"{'1': {'effect': 0.11693145182145748, 'n_state': 528, 'same_sign': True}, '2': {'effect': 0.10530459122995794, 'n_state': 608, 'same_sign': True}, '3': {'effect': 0.0998350459298718, 'n_state': 598, 'same_sign': True}, '4': {'effect': 0.10490391905957941, 'n_state': 557, 'same_sign': True}}"
2897,61068,0.12666741188752528,0.9927511218501899,0.8660837099626646,2.3518699775093964e-88,ret3_atr:Q1:H2,feature_quintile_x_server_4h_block,ret3_atr,1,2.0,12,move_ge_1atr,7.833393704617911e-88,2644,61160,0.12888626246575285,2.163432186098467e-84,7.2057623206271775e-84,4,"{'1': {'effect': 0.1286155307527903, 'n_state': 639, 'same_sign': True}, '2': {'effect': 0.1210705059739895, 'n_state': 665, 'same_sign': True}, '3': {'effect': 0.1274581725709545, 'n_state': 741, 'same_sign': True}, '4': {'effect': 0.12179305249803918, 'n_state': 599, 'same_sign': True}}"
2289,61676,0.12614035023596437,0.9934469200524246,0.8673065698164603,2.5842814068291562e-70,ret3_atr:Q1:H3,feature_quintile_x_server_4h_block,ret3_atr,1,3.0,12,move_ge_1atr,6.789757981917597e-70,2180,61624,0.12280783609864865,4.123772760583671e-64,9.428950690415637e-64,4,"{'1': {'effect': 0.11286265090702241, 'n_state': 520, 'same_sign': True}, '2': {'effect': 0.1205162082022535, 'n_state': 514, 'same_sign': True}, '3': {'effect': 0.12314199257153391, 'n_state': 568, 'same_sign': True}, '4': {'effect': 0.12150776305617339, 'n_state': 578, 'same_sign': True}}"
1453,62512,0.09453895244404886,0.9642119752236752,0.8696730227796263,1.6188677977822318e-26,ret3_atr:Q1:H4,feature_quintile_x_server_4h_block,ret3_atr,1,4.0,12,move_ge_1atr,2.1789018907967385e-26,1480,62324,0.09645674652253178,3.728190320413138e-28,4.990583878274549e-28,4,"{'1': {'effect': 0.1084997617250093, 'n_state': 310, 'same_sign': True}, '2': {'effect': 0.08573277922353817, 'n_state': 380, 'same_sign': True}, '3': {'effect': 0.08258791788542963, 'n_state': 354, 'same_sign': True}, '4': {'effect': 0.10280056266642268, 'n_state': 436, 'same_sign': True}}"
1420,62545,0.05762780375594356,0.928169014084507,0.8705412103285635,1.3308784875635767e-10,ret3_atr:Q1:H5,feature_quintile_x_server_4h_block,ret3_atr,1,5.0,12,move_ge_1atr,1.356533976480465e-10,1291,62513,0.08094038825671745,5.831359079413129e-18,6.684728700790661e-18,4,"{'1': {'effect': 0.07958042845680913, 'n_state': 291, 'same_sign': True}, '2': {'effect': 0.06993730628936312, 'n_state': 329, 'same_sign': True}, '3': {'effect': 0.06743738250202724, 'n_state': 332, 'same_sign': True}, '4': {'effect': 0.10131708021074948, 'n_state': 339, 'same_sign': True}}"
11505,52460,0.1165476794637349,0.9674054758800521,0.8508577964163172,2.092516374162785e-251,ret3_atr:Q2,feature_quintile,ret3_atr,2,,12,move_ge_1atr,1.4049752797950128e-250,11641,52163,0.11665506696090377,1.8523203263850895e-255,1.2637604807433756e-254,4,"{'1': {'effect': 0.1005966270149693, 'n_state': 2766, 'same_sign': True}, '2': {'effect': 0.0984922815488447, 'n_state': 2884, 'same_sign': True}, '3': {'effect': 0.09399222856171274, 'n_state': 2970, 'same_sign': True}, '4': {'effect': 0.10655327323022445, 'n_state': 3021, 'same_sign': True}}"
1239,62726,0.09943564329656762,0.9693301049233253,0.8698944616267577,3.4561891787186282e-25,ret3_atr:Q2:H0,feature_quintile_x_server_4h_block,ret3_atr,2,0.0,12,move_ge_1atr,4.443671801209665e-25,1193,62611,0.09814835741915151,7.171785999285499e-24,9.028766302671922e-24,4,"{'1': {'effect': 0.07784822859296692, 'n_state': 281, 'same_sign': True}, '2': {'effect': 0.09629052895528545, 'n_state': 286, 'same_sign': True}, '3': {'effect': 0.10362095288836948, 'n_state': 330, 'same_sign': True}, '4': {'effect': 0.1075561452994217, 'n_state': 296, 'same_sign': True}}"
2420,61545,0.09843241087452637,0.9665289256198347,0.8680965147453084,8.11460363102839e-46,ret3_atr:Q2:H1,feature_quintile_x_server_4h_block,ret3_atr,2,1.0,12,move_ge_1atr,1.3355942941342448e-45,2552,61252,0.09916201060135554,4.499886057272248e-49,8.169321039597258e-49,4,"{'1': {'effect': 0.10281950316089994, 'n_state': 627, 'same_sign': True}, '2': {'effect': 0.07567899891955443, 'n_state': 611, 'same_sign': True}, '3': {'effect': 0.0996151113232091, 'n_state': 661, 'same_sign': True}, '4': {'effect': 0.10543561418931158, 'n_state': 653, 'same_sign': True}}"
2297,61668,0.12527725459197026,0.9925990422289943,0.867321787637024,1.3144335446058958e-69,ret3_atr:Q2:H2,feature_quintile_x_server_4h_block,ret3_atr,2,2.0,12,move_ge_1atr,3.3697296325351145e-69,2346,61458,0.12245220344270213,2.760115826912286e-68,7.251732886856503e-68,4,"{'1': {'effect': 0.1284426877470356, 'n_state': 554, 'same_sign': True}, '2': {'effect': 0.10845190197491206, 'n_state': 603, 'same_sign': True}, '3': {'effect': 0.12311926775699678, 'n_state': 566, 'same_sign': True}, '4': {'effect': 0.11723621220929559, 'n_state': 623, 'same_sign': True}}"
2024,61941,0.12318401873311424,0.991106719367589,0.8679227006344747,7.875737537392347e-60,ret3_atr:Q2:H3,feature_quintile_x_server_4h_block,ret3_atr,2,3.0,12,move_ge_1atr,1.6411019597620508e-59,2168,61636,0.11748172043989247,1.596697885778541e-58,3.343580226160014e-58,4,"{'1': {'effect': 0.11872018227478032, 'n_state': 522, 'same_sign': True}, '2': {'effect': 0.11160533636823466, 'n_state': 540, 'same_sign': True}, '3': {'effect': 0.11308118795408728, 'n_state': 527, 'same_sign': True}, '4': {'effect': 0.11455001772188722, 'n_state': 579, 'same_sign': True}}"
1674,62291,0.08439040701688283,0.9540023894862605,0.8696119824693777,2.1373203418020554e-24,ret3_atr:Q2:H4,feature_quintile_x_server_4h_block,ret3_atr,2,4.0,12,move_ge_1atr,2.7068458221026033e-24,1546,62258,0.07480626564323556,2.875676044463246e-18,3.314471299204232e-18,4,"{'1': {'effect': 0.0846858860660441, 'n_state': 348, 'same_sign': True}, '2': {'effect': 0.08481453836665365, 'n_state': 395, 'same_sign': True}, '3': {'effect': 0.037789380624743685, 'n_state': 401, 'same_sign': True}, '4': {'effect': 0.08808140616120674, 'n_state': 402, 'same_sign': True}}"
1851,62114,0.05188512323422256,0.9222042139384117,0.8703190907041891,4.6944598259981735e-11,ret3_atr:Q2:H5,feature_quintile_x_server_4h_block,ret3_atr,2,5.0,12,move_ge_1atr,4.855150382389309e-11,1836,61968,0.06548636108200057,1.0782140932675639e-16,1.2002225301373145e-16,4,"{'1': {'effect': 0.04468206255558571, 'n_state': 434, 'same_sign': True}, '2': {'effect': 0.09009957149227521, 'n_state': 449, 'same_sign': True}, '3': {'effect': 0.04935206985802365, 'n_state': 485, 'same_sign': True}, '4': {'effect': 0.07230221885394295, 'n_state': 468, 'same_sign': True}}"
11439,52526,0.1072297101944013,0.9598741148701809,0.8526444046757796,3.4254603255504555e-212,ret3_atr:Q3,feature_quintile,ret3_atr,3,,12,move_ge_1atr,1.6280558625930814e-211,11780,52024,0.10691393707018337,6.9681407922498144e-217,3.349458585365536e-216,4,"{'1': {'effect': 0.09243638042069824, 'n_state': 2822, 'same_sign': True}, '2': {'effect': 0.08727516779607891, 'n_state': 2928, 'same_sign': True}, '3': {'effect': 0.08537510049095187, 'n_state': 3022, 'same_sign': True}, '4': {'effect': 0.10048216270527321, 'n_state': 3008, 'same_sign': True}}"
1305,62660,0.08939016500899455,0.9593869731800766,0.869996808171082,1.1680100452544532e-21,ret3_atr:Q3:H0,feature_quintile_x_server_4h_block,ret3_atr,3,0.0,12,move_ge_1atr,1.3839446754695622e-21,1267,62537,0.07998119099286438,2.781359009429107e-17,3.1373729626360327e-17,4,"{'1': {'effect': 0.037532043625364886, 'n_state': 289, 'same_sign': True}, '2': {'effect': 0.07540383433891529, 'n_state': 325, 'same_sign': True}, '3': {'effect': 0.08521364584817281, 'n_state': 329, 'same_sign': True}, '4': {'effect': 0.11246645195920557, 'n_state': 324, 'same_sign': True}}"
2498,61467,0.095895624205939,0.9639711769415532,0.8680755527356142,7.207198822340287e-45,ret3_atr:Q3:H1,feature_quintile_x_server_4h_block,ret3_atr,3,1.0,12,move_ge_1atr,1.1680632574137708e-44,2665,61139,0.08706143019165835,8.95581567855321e-40,1.403077789640003e-39,4,"{'1': {'effect': 0.09407381918284563, 'n_state': 700, 'same_sign': True}, '2': {'effect': 0.06931384072876878, 'n_state': 664, 'same_sign': True}, '3': {'effect': 0.07790129185412331, 'n_state': 657, 'same_sign': True}, '4': {'effect': 0.09568452790704074, 'n_state': 644, 'same_sign': True}}"
2144,61821,0.12442074427928296,0.992070895522388,0.8676501512431051,2.18383903633078e-64,ret3_atr:Q3:H2,feature_quintile_x_server_4h_block,ret3_atr,3,2.0,12,move_ge_1atr,5.0478902315186884e-64,2228,61576,0.12402827677271266,1.0559605032412558e-66,2.658757695661019e-66,4,"{'1': {'effect': 0.1263885295534981, 'n_state': 512, 'same_sign': True}, '2': {'effect': 0.11447196389785119, 'n_state': 576, 'same_sign': True}, '3': {'effect': 0.1213656154142898, 'n_state': 568, 'same_sign': True}, '4': {'effect': 0.12142298490982706, 'n_state': 572, 'same_sign': True}}"
1983,61982,0.12239235658562275,0.9904185577407968,0.868026201155174,5.786876196737264e-58,ret3_atr:Q3:H3,feature_quintile_x_server_4h_block,ret3_atr,3,3.0,12,move_ge_1atr,1.1280408438801212e-57,2067,61737,0.11559075457334078,3.063240453806721e-54,5.88977596345565e-54,4,"{'1': {'effect': 0.11242368138225245, 'n_state': 566, 'same_sign': True}, '2': {'effect': 0.11065449516394121, 'n_state': 458, 'same_sign': True}, '3': {'effect': 0.11120091377481278, 'n_state': 472, 'same_sign': True}, '4': {'effect': 0.11610732308716298, 'n_state': 571, 'same_sign': True}}"
1703,62262,0.06713661453702369,0.9371697005284791,0.8700330859914555,2.9143881929880844e-16,ret3_atr:Q3:H4,feature_quintile_x_server_4h_block,ret3_atr,3,4.0,12,move_ge_1atr,3.227189019984188e-16,1660,62144,0.06021948246125597,3.7561223098888136e-13,3.97209934270742e-13,4,"{'1': {'effect': 0.06518707054151174, 'n_state': 352, 'same_sign': True}, '2': {'effect': 0.060450403703070865, 'n_state': 431, 'same_sign': True}, '3': {'effect': 0.039250813888919156, 'n_state': 464, 'same_sign': True}, '4': {'effect': 0.07454117634116986, 'n_state': 413, 'same_sign': True}}"
11467,52498,0.10687500624382718,0.9595360599982559,0.8526610537544287,3.3343083557582343e-211,ret3_atr:Q4,feature_quintile,ret3_atr,4,,12,move_ge_1atr,1.56712492720637e-210,11705,52099,0.10717733945868302,7.055386033374872e-217,3.3532902158624395e-216,4,"{'1': {'effect': 0.0981223242382473, 'n_state': 2778, 'same_sign': True}, '2': {'effect': 0.0859666128385117, 'n_state': 2874, 'same_sign': True}, '3': {'effect': 0.08945112907224606, 'n_state': 2908, 'same_sign': True}, '4': {'effect': 0.09346048754235114, 'n_state': 3145, 'same_sign': True}}"
1145,62820,0.10383733103105985,0.9737991266375546,0.8699617956064948,2.0904158028199776e-25,ret3_atr:Q4:H0,feature_quintile_x_server_4h_block,ret3_atr,4,0.0,12,move_ge_1atr,2.7124106889351244e-25,1150,62654,0.10752635939826882,2.225703972201908e-27,2.9606062271742355e-27,4,"{'1': {'effect': 0.0929557413938561, 'n_state': 259, 'same_sign': True}, '2': {'effect': 0.09499465462086787, 'n_state': 305, 'same_sign': True}, '3': {'effect': 0.12441681361126855, 'n_state': 288, 'same_sign': True}, '4': {'effect': 0.11106766427185333, 'n_state': 298, 'same_sign': True}}"
2422,61543,0.09546042160232959,0.9636663914120561,0.8682059698097265,3.1390598435975386e-43,ret3_atr:Q4:H1,feature_quintile_x_server_4h_block,ret3_atr,4,1.0,12,move_ge_1atr,4.8816996832417606e-43,2515,61289,0.07708565296371361,6.146605711803195e-30,8.387142632557263e-30,4,"{'1': {'effect': 0.07873329665959017, 'n_state': 588, 'same_sign': True}, '2': {'effect': 0.060831625681160295, 'n_state': 626, 'same_sign': True}, '3': {'effect': 0.07704790512991033, 'n_state': 627, 'same_sign': True}, '4': {'effect': 0.08220172119045954, 'n_state': 674, 'same_sign': True}}"
2255,61710,0.12183146187319926,0.9893569844789357,0.8675255226057365,8.39162228997326e-65,ret3_atr:Q4:H2,feature_quintile_x_server_4h_block,ret3_atr,4,2.0,12,move_ge_1atr,1.9830481724350216e-64,2370,61434,0.11865470116535481,7.661038468941956e-65,1.8205726249227232e-64,4,"{'1': {'effect': 0.1179758176757133, 'n_state': 576, 'same_sign': True}, '2': {'effect': 0.10400455523533958, 'n_state': 577, 'same_sign': True}, '3': {'effect': 0.12660590433319618, 'n_state': 551, 'same_sign': True}, '4': {'effect': 0.11349713297826958, 'n_state': 666, 'same_sign': True}}"
2088,61877,0.12161286539474525,0.9894636015325671,0.8678507361378218,4.3561256380896383e-60,ret3_atr:Q4:H3,feature_quintile_x_server_4h_block,ret3_atr,4,3.0,12,move_ge_1atr,9.167368880158791e-60,2131,61673,0.11570624416878217,6.467116565973338e-56,1.2783132277601503e-55,4,"{'1': {'effect': 0.12078358215631213, 'n_state': 530, 'same_sign': True}, '2': {'effect': 0.11820992623703042, 'n_state': 498, 'same_sign': True}, '3': {'effect': 0.10399261953002858, 'n_state': 497, 'same_sign': True}, '4': {'effect': 0.10855651215933326, 'n_state': 606, 'same_sign': True}}"
1678,62287,0.06553635863729201,0.9356376638855781,0.8701013052482861,2.2869195168935543e-15,ret3_atr:Q4:H4,feature_quintile_x_server_4h_block,ret3_atr,4,4.0,12,move_ge_1atr,2.4868045132287234e-15,1718,62086,0.05607839694513639,6.04883948223065e-12,6.30211601227479e-12,4,"{'1': {'effect': 0.06703964439748189, 'n_state': 379, 'same_sign': True}, '2': {'effect': 0.0520222126213854, 'n_state': 423, 'same_sign': True}, '3': {'effect': 0.05076638936684086, 'n_state': 455, 'same_sign': True}, '4': {'effect': 0.05177965244692817, 'n_state': 461, 'same_sign': True}}"
17961,46004,-0.3362660066678491,0.6299760592394633,0.9662420659073124,0.0,ret3_atr:Q5,feature_quintile,ret3_atr,5,,12,move_ge_1atr,0.0,17680,46124,-0.34088773485285195,0.0,0.0,4,"{'1': {'effect': -0.2707396868302172, 'n_state': 4424, 'same_sign': True}, '2': {'effect': -0.28112873335571364, 'n_state': 4357, 'same_sign': True}, '3': {'effect': -0.26625343472204765, 'n_state': 4577, 'same_sign': True}, '4': {'effect': -0.24066384876585534, 'n_state': 4322, 'same_sign': True}}"
4530,59435,-0.6641063911063916,0.25474613686534214,0.9188525279717338,0.0,ret3_atr:Q5:H0,feature_quintile_x_server_4h_block,ret3_atr,5,0.0,12,move_ge_1atr,0.0,4548,59256,-0.6595731218383238,0.0,0.0,4,"{'1': {'effect': -0.6109259855959239, 'n_state': 1130, 'same_sign': True}, '2': {'effect': -0.6366693032256941, 'n_state': 1109, 'same_sign': True}, '3': {'effect': -0.6299364326420499, 'n_state': 1153, 'same_sign': True}, '4': {'effect': -0.6174230356771221, 'n_state': 1156, 'same_sign': True}}"
2558,61407,0.0708078386949822,0.9397967161845192,0.868988877489537,8.959542777966527e-26,ret3_atr:Q5:H1,feature_quintile_x_server_4h_block,ret3_atr,5,1.0,12,move_ge_1atr,1.1769834146210687e-25,2359,61445,0.08995822006197984,7.283290711743164e-38,1.1042408498449311e-37,4,"{'1': {'effect': 0.10591670393378216, 'n_state': 581, 'same_sign': True}, '2': {'effect': 0.08186866879281018, 'n_state': 563, 'same_sign': True}, '3': {'effect': 0.0914229854856835, 'n_state': 625, 'same_sign': True}, '4': {'effect': 0.07035086091742182, 'n_state': 590, 'same_sign': True}}"
2839,61126,0.12602365514423652,0.9922507925325819,0.8662271373883453,7.611606522553093e-86,ret3_atr:Q5:H2,feature_quintile_x_server_4h_block,ret3_atr,5,2.0,12,move_ge_1atr,2.4391739083636047e-85,2796,61008,0.1182010605236884,4.377880937021396e-75,1.2860025252500352e-74,4,"{'1': {'effect': 0.113848363575758, 'n_state': 743, 'same_sign': True}, '2': {'effect': 0.11156870801880392, 'n_state': 651, 'same_sign': True}, '3': {'effect': 0.11791706976260308, 'n_state': 742, 'same_sign': True}, '4': {'effect': 0.11334842150121516, 'n_state': 660, 'same_sign': True}}"
3652,60313,-0.5189173286583904,0.3825301204819277,0.901447449140318,0.0,ret3_atr:Q5:H4,feature_quintile_x_server_4h_block,ret3_atr,5,4.0,12,move_ge_1atr,0.0,3643,60161,-0.5196937125292624,0.0,0.0,4,"{'1': {'effect': -0.573330812012733, 'n_state': 920, 'same_sign': True}, '2': {'effect': -0.5024937313669359, 'n_state': 909, 'same_sign': True}, '3': {'effect': -0.48452106540116313, 'n_state': 951, 'same_sign': True}, '4': {'effect': -0.42418050725391027, 'n_state': 863, 'same_sign': True}}"
1857,62108,-0.18799449837046245,0.6892837910608508,0.8772782894313133,4.9653155965391396e-126,ret3_atr:Q5:H5,feature_quintile_x_server_4h_block,ret3_atr,5,5.0,12,move_ge_1atr,1.9629238292860337e-125,1913,61891,-0.19099713462658663,1.65257404866729e-134,6.786784685303531e-134,4,"{'1': {'effect': -0.24336753814676404, 'n_state': 439, 'same_sign': True}, '2': {'effect': -0.1699752975920923, 'n_state': 534, 'same_sign': True}, '3': {'effect': -0.18009864541568354, 'n_state': 477, 'same_sign': True}, '4': {'effect': -0.1589229922593547, 'n_state': 463, 'same_sign': True}}"
11465,52500,0.1296040288247876,0.9781945050152638,0.8485904761904762,1.535012836162655e-309,ret12_atr:Q1,feature_quintile,ret12_atr,1,,12,move_ge_1atr,1.325123325911843e-308,11150,52654,0.12625134625385015,5.225464990640515e-289,4.250714790463342e-288,4,"{'1': {'effect': 0.11026822241856238, 'n_state': 2675, 'same_sign': True}, '2': {'effect': 0.10537809543417576, 'n_state': 2819, 'same_sign': True}, '3': {'effect': 0.10601378669930295, 'n_state': 2907, 'same_sign': True}, '4': {'effect': 0.11443313682994705, 'n_state': 2749, 'same_sign': True}}"
1038,62927,0.11756315917091809,0.98747591522158,0.8699127560506619,2.6490394842982355e-29,ret12_atr:Q1:H0,feature_quintile_x_server_4h_block,ret12_atr,1,0.0,12,move_ge_1atr,3.6739137765841106e-29,1052,62752,0.12462947873262464,2.5850607025268476e-33,3.719322031186587e-33,4,"{'1': {'effect': 0.12434540025521179, 'n_state': 283, 'same_sign': True}, '2': {'effect': 0.1145789871053624, 'n_state': 228, 'same_sign': True}, '3': {'effect': 0.12794103751299257, 'n_state': 306, 'same_sign': True}, '4': {'effect': 0.12352709051615218, 'n_state': 235, 'same_sign': True}}"
2487,61478,0.1040798011267623,0.9718536389223965,0.8677738377956342,2.5288893641771498e-52,ret12_atr:Q1:H1,feature_quintile_x_server_4h_block,ret12_atr,1,1.0,12,move_ge_1atr,4.6509573958562364e-52,2638,61166,0.09762614951787196,4.2523362537614254e-49,7.753182048883979e-49,4,"{'1': {'effect': 0.10234147696957085, 'n_state': 616, 'same_sign': True}, '2': {'effect': 0.08268558385913527, 'n_state': 724, 'same_sign': True}, '3': {'effect': 0.08689046551465418, 'n_state': 677, 'same_sign': True}, '4': {'effect': 0.10906529388867447, 'n_state': 621, 'same_sign': True}}"
2836,61129,0.12969857427220255,0.995768688293371,0.8660701140211684,1.0102526540145541e-90,ret12_atr:Q1:H2,feature_quintile_x_server_4h_block,ret12_atr,1,2.0,12,move_ge_1atr,3.4186949811852516e-90,2578,61226,0.13066757438395393,1.1653403232318483e-84,3.9122139422783475e-84,4,"{'1': {'effect': 0.1285382023005237, 'n_state': 601, 'same_sign': True}, '2': {'effect': 0.12563585156952062, 'n_state': 666, 'same_sign': True}, '3': {'effect': 0.1271402845359173, 'n_state': 663, 'same_sign': True}, '4': {'effect': 0.12551577164598893, 'n_state': 648, 'same_sign': True}}"
2154,61811,0.124478967371212,0.9921077065923862,0.8676287392211742,9.973272364395112e-65,ret12_atr:Q1:H3,feature_quintile_x_server_4h_block,ret12_atr,1,3.0,12,move_ge_1atr,2.3437190056328515e-64,2105,61699,0.1184072902547072,8.37379391448323e-58,1.7363307969737288e-57,4,"{'1': {'effect': 0.10754748326119379, 'n_state': 532, 'same_sign': True}, '2': {'effect': 0.12065169336889037, 'n_state': 522, 'same_sign': True}, '3': {'effect': 0.11549527332511311, 'n_state': 546, 'same_sign': True}, '4': {'effect': 0.1183632794787085, 'n_state': 505, 'same_sign': True}}"
1572,62393,0.09097506738151484,0.960559796437659,0.8695847290561441,1.622586514423103e-26,ret12_atr:Q1:H4,feature_quintile_x_server_4h_block,ret12_atr,1,4.0,12,move_ge_1atr,2.1789018907967385e-26,1513,62291,0.09183156857231178,3.387901921164859e-26,4.450566809480544e-26,4,"{'1': {'effect': 0.1004899854069824, 'n_state': 329, 'same_sign': True}, '2': {'effect': 0.08733863752585336, 'n_state': 346, 'same_sign': True}, '3': {'effect': 0.08595725697443246, 'n_state': 382, 'same_sign': True}, '4': {'effect': 0.08848615666842807, 'n_state': 456, 'same_sign': True}}"
1378,62587,0.07463494125321235,0.9448476052249637,0.8702126639717513,2.441520776612361e-16,ret12_atr:Q1:H5,feature_quintile_x_server_4h_block,ret12_atr,1,5.0,12,move_ge_1atr,2.710664799231047e-16,1264,62540,0.06936618791821336,2.394384229976913e-13,2.544785249447824e-13,4,"{'1': {'effect': 0.060747416966210666, 'n_state': 314, 'same_sign': True}, '2': {'effect': 0.0706390561284922, 'n_state': 333, 'same_sign': True}, '3': {'effect': 0.055545264979494746, 'n_state': 333, 'same_sign': True}, '4': {'effect': 0.08899115727108242, 'n_state': 284, 'same_sign': True}}"
11502,52463,0.11218454898485508,0.9638323769779169,0.8516478279930618,4.812444501705176e-233,ret12_atr:Q2,feature_quintile,ret12_atr,2,,12,move_ge_1atr,2.714218698961719e-232,11701,52103,0.11636213211443014,3.3935137512603876e-255,2.2785020901319742e-254,4,"{'1': {'effect': 0.10314423720376498, 'n_state': 2606, 'same_sign': True}, '2': {'effect': 0.095932415407467, 'n_state': 3007, 'same_sign': True}, '3': {'effect': 0.1008800503878895, 'n_state': 3095, 'same_sign': True}, '4': {'effect': 0.0988890760181117, 'n_state': 2993, 'same_sign': True}}"
1344,62621,0.09596975018269394,0.9657738095238095,0.8698040593411156,2.149843816221609e-25,ret12_atr:Q2:H0,feature_quintile_x_server_4h_block,ret12_atr,2,0.0,12,move_ge_1atr,2.780990624653641e-25,1238,62566,0.1001923293719118,1.1546191748832562e-25,1.498171506060176e-25,4,"{'1': {'effect': 0.07598968092997316, 'n_state': 271, 'same_sign': True}, '2': {'effect': 0.10428268943442454, 'n_state': 339, 'same_sign': True}, '3': {'effect': 0.1159584093196937, 'n_state': 334, 'same_sign': True}, '4': {'effect': 0.09374580252507236, 'n_state': 294, 'same_sign': True}}"
2481,61484,0.10022487999420804,0.9681580008061266,0.8679331208119185,1.53389324227665e-48,ret12_atr:Q2:H1,feature_quintile_x_server_4h_block,ret12_atr,2,1.0,12,move_ge_1atr,2.659167383127143e-48,2468,61336,0.0991530510582409,1.4307383108540677e-47,2.5322272196287474e-47,4,"{'1': {'effect': 0.10309277589652421, 'n_state': 557, 'same_sign': True}, '2': {'effect': 0.07750596088354744, 'n_state': 652, 'same_sign': True}, '3': {'effect': 0.10754590060145608, 'n_state': 624, 'same_sign': True}, '4': {'effect': 0.09838534624590978, 'n_state': 635, 'same_sign': True}}"
2209,61756,0.12151115690596892,0.9891353553644183,0.8676241984584494,3.06498823204063e-63,ret12_atr:Q2:H2,feature_quintile_x_server_4h_block,ret12_atr,2,2.0,12,move_ge_1atr,6.859735566948076e-63,2375,61429,0.12175428200806926,2.6034177266658933e-68,6.882785614872955e-68,4,"{'1': {'effect': 0.12088023560518202, 'n_state': 536, 'same_sign': True}, '2': {'effect': 0.11577216063871976, 'n_state': 630, 'same_sign': True}, '3': {'effect': 0.1181023935825466, 'n_state': 669, 'same_sign': True}, '4': {'effect': 0.1190759708874276, 'n_state': 540, 'same_sign': True}}"
1975,61990,0.1233814355520797,0.9913924050632912,0.8680109695112115,1.1862199329984583e-58,ret12_atr:Q2:H3,feature_quintile_x_server_4h_block,ret12_atr,2,3.0,12,move_ge_1atr,2.3557325429969386e-58,2240,61564,0.11854275341804577,2.12288365269426e-61,4.605024538921394e-61,4,"{'1': {'effect': 0.1160537778620323, 'n_state': 493, 'same_sign': True}, '2': {'effect': 0.12076728715160745, 'n_state': 529, 'same_sign': True}, '3': {'effect': 0.12132213136650993, 'n_state': 565, 'same_sign': True}, '4': {'effect': 0.10543561418931158, 'n_state': 653, 'same_sign': True}}"
1685,62280,0.07678984923071652,0.9465875370919882,0.8697976878612717,1.3486760685461605e-20,ret12_atr:Q2:H4,feature_quintile_x_server_4h_block,ret12_atr,2,4.0,12,move_ge_1atr,1.5672801565797414e-20,1587,62217,0.06789457218048922,1.1241008315210578e-15,1.2318514293611592e-15,4,"{'1': {'effect': 0.08933917373081657, 'n_state': 338, 'same_sign': True}, '2': {'effect': 0.05708142423896867, 'n_state': 467, 'same_sign': True}, '3': {'effect': 0.03918681516145561, 'n_state': 396, 'same_sign': True}, '4': {'effect': 0.08639935998295378, 'n_state': 386, 'same_sign': True}}"
11561,52404,0.10989664504369223,0.9618545108554624,0.8519578658117701,1.3157705576461174e-224,ret12_atr:Q3,feature_quintile,ret12_atr,3,,12,move_ge_1atr,6.8712462454852785e-224,11357,52447,0.10701735618318242,2.9365143876840994e-211,1.3649951494399714e-210,4,"{'1': {'effect': 0.09418766351198438, 'n_state': 2767, 'same_sign': True}, '2': {'effect': 0.08742262925025845, 'n_state': 2790, 'same_sign': True}, '3': {'effect': 0.08910511977142099, 'n_state': 2844, 'same_sign': True}, '4': {'effect': 0.09733061855233582, 'n_state': 2956, 'same_sign': True}}"
1362,62603,0.09645951342965053,0.9662261380323054,0.8697666246026549,5.954234945102909e-26,ret12_atr:Q3:H0,feature_quintile_x_server_4h_block,ret12_atr,3,0.0,12,move_ge_1atr,7.84623483420103e-26,1259,62545,0.07560241137897794,1.6162543956011232e-15,1.7620505395342141e-15,4,"{'1': {'effect': 0.0475697474755431, 'n_state': 325, 'same_sign': True}, '2': {'effect': 0.068870911531132, 'n_state': 340, 'same_sign': True}, '3': {'effect': 0.07266316360052816, 'n_state': 309, 'same_sign': True}, '4': {'effect': 0.11380067795711346, 'n_state': 285, 'same_sign': True}}"
2374,61591,0.10249746961766437,0.970513900589722,0.8680164309720576,1.171915562134375e-48,ret12_atr:Q3:H1,feature_quintile_x_server_4h_block,ret12_atr,3,1.0,12,move_ge_1atr,2.0400011637153933e-48,2277,61527,0.08604142706032225,1.1203310598571768e-33,1.6341380631709853e-33,4,"{'1': {'effect': 0.09208493585196598, 'n_state': 582, 'same_sign': True}, '2': {'effect': 0.07958008592298338, 'n_state': 537, 'same_sign': True}, '3': {'effect': 0.09100970393921104, 'n_state': 592, 'same_sign': True}, '4': {'effect': 0.07142393361239951, 'n_state': 566, 'same_sign': True}}"
2221,61744,0.1192633679153231,0.9869428185502026,0.8676794506348795,2.6763475719885566e-61,ret12_atr:Q3:H2,feature_quintile_x_server_4h_block,ret12_atr,3,2.0,12,move_ge_1atr,5.7466752434069006e-61,2173,61631,0.11895347070416262,4.4087406418480694e-60,9.324486457508667e-60,4,"{'1': {'effect': 0.12634726370945126, 'n_state': 505, 'same_sign': True}, '2': {'effect': 0.10826066335725804, 'n_state': 550, 'same_sign': True}, '3': {'effect': 0.11899875818479833, 'n_state': 536, 'same_sign': True}, '4': {'effect': 0.11115926956132649, 'n_state': 582, 'same_sign': True}}"
2097,61868,0.12069123954243621,0.9885550786838341,0.8678638391413979,1.9049635925982699e-59,ret12_atr:Q3:H3,feature_quintile_x_server_4h_block,ret12_atr,3,3.0,12,move_ge_1atr,3.8927516892225515e-59,2202,61602,0.12247151818472224,2.255464518299671e-64,5.271057962656137e-64,4,"{'1': {'effect': 0.12103720365126036, 'n_state': 546, 'same_sign': True}, '2': {'effect': 0.11445922370484785, 'n_state': 508, 'same_sign': True}, '3': {'effect': 0.12251748421019848, 'n_state': 517, 'same_sign': True}, '4': {'effect': 0.11899554973973692, 'n_state': 631, 'same_sign': True}}"
1595,62370,0.06715817175587291,0.9373040752351097,0.8701459034792368,2.3241190109830696e-15,ret12_atr:Q3:H4,feature_quintile_x_server_4h_block,ret12_atr,3,4.0,12,move_ge_1atr,2.520775234989329e-15,1566,62238,0.061794306098983065,4.3120893322758904e-13,4.548662811852124e-13,4,"{'1': {'effect': 0.07804648993355567, 'n_state': 362, 'same_sign': True}, '2': {'effect': 0.03927990160520356, 'n_state': 419, 'same_sign': True}, '3': {'effect': 0.04974831575154903, 'n_state': 398, 'same_sign': True}, '4': {'effect': 0.07870924004555546, 'n_state': 387, 'same_sign': True}}"
11562,52403,0.11138079277506496,0.9630686732399238,0.8516878804648589,1.1317131901466497e-230,ret12_atr:Q4,feature_quintile,ret12_atr,4,,12,move_ge_1atr,6.21707375885757e-230,11334,52470,0.11030655748935358,5.838860969609156e-224,2.8719048722612474e-223,4,"{'1': {'effect': 0.10056981448429825, 'n_state': 2764, 'same_sign': True}, '2': {'effect': 0.09066118008503499, 'n_state': 2737, 'same_sign': True}, '3': {'effect': 0.08494980611953162, 'n_state': 2778, 'same_sign': True}, '4': {'effect': 0.10278918871968123, 'n_state': 3055, 'same_sign': True}}"
1173,62792,0.11320514817347949,0.9829497016197783,0.8697445534462989,1.4571246770332957e-30,ret12_atr:Q4:H0,feature_quintile_x_server_4h_block,ret12_atr,4,0.0,12,move_ge_1atr,2.040939531076437e-30,1177,62627,0.1028872661253607,9.494066537827353e-26,1.23568927553876e-25,4,"{'1': {'effect': 0.0902519331830538, 'n_state': 267, 'same_sign': True}, '2': {'effect': 0.09838753605949613, 'n_state': 306, 'same_sign': True}, '3': {'effect': 0.10286945692828608, 'n_state': 281, 'same_sign': True}, '4': {'effect': 0.11241665981040239, 'n_state': 323, 'same_sign': True}}"
2390,61575,0.09968660867024426,0.9677824267782427,0.8680958181079984,2.0791117709851126e-46,ret12_atr:Q4:H1,feature_quintile_x_server_4h_block,ret12_atr,4,1.0,12,move_ge_1atr,3.448879525987069e-46,2333,61471,0.08500042775407324,1.2023209992029179e-33,1.7477037204908394e-33,4,"{'1': {'effect': 0.09259040986951506, 'n_state': 590, 'same_sign': True}, '2': {'effect': 0.055792464186534385, 'n_state': 514, 'same_sign': True}, '3': {'effect': 0.09035954557417025, 'n_state': 608, 'same_sign': True}, '4': {'effect': 0.08792556488586456, 'n_state': 621, 'same_sign': True}}"
2358,61607,0.1242791233545234,0.991518235793045,0.8672391124385216,3.097993660219221e-70,ret12_atr:Q4:H2,feature_quintile_x_server_4h_block,ret12_atr,4,2.0,12,move_ge_1atr,8.089205668350189e-70,2333,61471,0.12192716887405175,2.2937117297999815e-67,5.916097937228001e-67,4,"{'1': {'effect': 0.12132213136650993, 'n_state': 565, 'same_sign': True}, '2': {'effect': 0.11352789738408608, 'n_state': 605, 'same_sign': True}, '3': {'effect': 0.12485182106490056, 'n_state': 560, 'same_sign': True}, '4': {'effect': 0.11514869128353888, 'n_state': 603, 'same_sign': True}}"
2227,61738,0.12163756650403679,0.9892231701841042,0.8675856036800674,7.50407866956669e-64,ret12_atr:Q4:H3,feature_quintile_x_server_4h_block,ret12_atr,4,3.0,12,move_ge_1atr,1.688417700652505e-63,2103,61701,0.11544052779867642,5.527348051842668e-55,1.0874735934555575e-54,4,"{'1': {'effect': 0.12114414390177675, 'n_state': 553, 'same_sign': True}, '2': {'effect': 0.11131403173568943, 'n_state': 475, 'same_sign': True}, '3': {'effect': 0.10034650081310281, 'n_state': 469, 'same_sign': True}, '4': {'effect': 0.11522046536752784, 'n_state': 606, 'same_sign': True}}"
1661,62304,0.06669647139256529,0.9367850692354004,0.8700885978428351,1.0142498147546247e-15,ret12_atr:Q4:H4,feature_quintile_x_server_4h_block,ret12_atr,4,4.0,12,move_ge_1atr,1.1172595615656414e-15,1669,62135,0.061838987500062115,7.484574688521476e-14,7.974748345704242e-14,4,"{'1': {'effect': 0.07526829656565415, 'n_state': 362, 'same_sign': True}, '2': {'effect': 0.061887792552708376, 'n_state': 395, 'same_sign': True}, '3': {'effect': 0.027968049286637875, 'n_state': 452, 'same_sign': True}, '4': {'effect': 0.08007868697628961, 'n_state': 460, 'same_sign': True}}"
17875,46090,-0.33958442512141795,0.6271328671328671,0.966717292254285,0.0,ret12_atr:Q5,feature_quintile,ret12_atr,5,,12,move_ge_1atr,0.0,18262,45542,-0.3299372056351074,0.0,0.0,4,"{'1': {'effect': -0.25888598545960406, 'n_state': 4575, 'same_sign': True}, '2': {'effect': -0.27225928647864994, 'n_state': 4462, 'same_sign': True}, '3': {'effect': -0.25723291045929453, 'n_state': 4722, 'same_sign': True}, '4': {'effect': -0.22618868467434639, 'n_state': 4503, 'same_sign': True}}"
4407,59558,-0.6867800344467841,0.23235761288858633,0.9191376473353705,0.0,ret12_atr:Q5:H0,feature_quintile_x_server_4h_block,ret12_atr,5,0.0,12,move_ge_1atr,0.0,4544,59260,-0.6602298506700004,0.0,0.0,4,"{'1': {'effect': -0.6161275478107218, 'n_state': 1122, 'same_sign': True}, '2': {'effect': -0.652175962227483, 'n_state': 1088, 'same_sign': True}, '3': {'effect': -0.6327282535509395, 'n_state': 1146, 'same_sign': True}, '4': {'effect': -0.5984621028220108, 'n_state': 1188, 'same_sign': True}}"
2595,61370,0.06491714710638874,0.9341040462427745,0.8691868991363858,3.333721579203936e-22,ret12_atr:Q5:H1,feature_quintile_x_server_4h_block,ret12_atr,5,1.0,12,move_ge_1atr,4.06387385591719e-22,2666,61138,0.09216889259443972,2.207518275384147e-44,3.735120921949977e-44,4,"{'1': {'effect': 0.10487949955525744, 'n_state': 679, 'same_sign': True}, '2': {'effect': 0.09103845333869443, 'n_state': 645, 'same_sign': True}, '3': {'effect': 0.07109918914815994, 'n_state': 667, 'same_sign': True}, '4': {'effect': 0.0897585015514969, 'n_state': 675, 'same_sign': True}}"
2808,61157,0.12810515665462763,0.9943019943019943,0.8661968376473667,9.757427418707038e-88,ret12_atr:Q5:H2,feature_quintile_x_server_4h_block,ret12_atr,5,2.0,12,move_ge_1atr,3.17491676777929e-87,2925,60879,0.1187544692477428,5.109391638861256e-79,1.60094271350986e-78,4,"{'1': {'effect': 0.11782019716566794, 'n_state': 817, 'same_sign': True}, '2': {'effect': 0.09605622988694518, 'n_state': 621, 'same_sign': True}, '3': {'effect': 0.126087098134542, 'n_state': 740, 'same_sign': True}, '4': {'effect': 0.11529034768249768, 'n_state': 747, 'same_sign': True}}"
3647,60318,-0.5159919450038823,0.3852481491636962,0.9012400941675786,0.0,ret12_atr:Q5:H4,feature_quintile_x_server_4h_block,ret12_atr,5,4.0,12,move_ge_1atr,0.0,3712,60092,-0.5083921248912586,0.0,0.0,4,"{'1': {'effect': -0.5825796612149509, 'n_state': 918, 'same_sign': True}, '2': {'effect': -0.4833054059040529, 'n_state': 911, 'same_sign': True}, '3': {'effect': -0.4575555123983251, 'n_state': 997, 'same_sign': True}, '4': {'effect': -0.42026925726609504, 'n_state': 886, 'same_sign': True}}"
1962,62003,-0.18272599943085843,0.6946992864424058,0.8774252858732642,1.3622772246069545e-125,ret12_atr:Q5:H5,feature_quintile_x_server_4h_block,ret12_atr,5,5.0,12,move_ge_1atr,5.335585796377239e-125,2098,61706,-0.16454646695296749,1.5627095065217469e-109,6.064459828061458e-109,4,"{'1': {'effect': -0.2535447688681295, 'n_state': 414, 'same_sign': True}, '2': {'effect': -0.13591938817506288, 'n_state': 630, 'same_sign': True}, '3': {'effect': -0.12729394677463568, 'n_state': 576, 'same_sign': True}, '4': {'effect': -0.15205438233742197, 'n_state': 478, 'same_sign': True}}"
11109,52856,0.08474663557500173,0.9418489513007472,0.8571023157257455,2.5499481983826224e-130,bar_range_atr:Q1,feature_quintile,bar_range_atr,1,,12,move_ge_1atr,1.0175736678451409e-129,11351,52453,0.0854401148544991,2.4099167065291013e-135,9.99406634178245e-135,4,"{'1': {'effect': 0.07200236692675044, 'n_state': 2494, 'same_sign': True}, '2': {'effect': 0.06775241593901926, 'n_state': 2935, 'same_sign': True}, '3': {'effect': 0.07178399750648867, 'n_state': 3036, 'same_sign': True}, '4': {'effect': 0.08255137832602621, 'n_state': 2886, 'same_sign': True}}"
1394,62571,0.06356768381133371,0.9340028694404591,0.8704351856291254,2.18726969703264e-12,bar_range_atr:Q1:H0,feature_quintile_x_server_4h_block,bar_range_atr,1,0.0,12,move_ge_1atr,2.2958190616496443e-12,1489,62315,0.05610486421944616,1.3762359169183732e-10,1.4027657659192093e-10,4,"{'1': {'effect': 0.006725724516207898, 'n_state': 315, 'same_sign': True}, '2': {'effect': 0.04668235336542792, 'n_state': 420, 'same_sign': True}, '3': {'effect': 0.07193408139919333, 'n_state': 394, 'same_sign': True}, '4': {'effect': 0.08894037786604458, 'n_state': 360, 'same_sign': True}}"
2665,61300,0.09224797921213002,0.9602251407129456,0.8679771615008156,3.3394310846038e-44,bar_range_atr:Q1:H1,feature_quintile_x_server_4h_block,bar_range_atr,1,1.0,12,move_ge_1atr,5.310448679651907e-44,2844,60960,0.07144008106581623,5.610769206020306e-29,7.582605029222331e-29,4,"{'1': {'effect': 0.0824049470434044, 'n_state': 634, 'same_sign': True}, '2': {'effect': 0.04414147349018516, 'n_state': 717, 'same_sign': True}, '3': {'effect': 0.0756465143061622, 'n_state': 742, 'same_sign': True}, '4': {'effect': 0.07494728453561661, 'n_state': 751, 'same_sign': True}}"
1212,62753,0.11888085610307564,0.9884488448844885,0.8695679887814128,1.436135319787745e-34,bar_range_atr:Q1:H2,feature_quintile_x_server_4h_block,bar_range_atr,1,2.0,12,move_ge_1atr,2.0662763274497144e-34,1448,62356,0.11332470232409952,1.8883239395132288e-37,2.842565930299273e-37,4,"{'1': {'effect': 0.12508442204328063, 'n_state': 343, 'same_sign': True}, '2': {'effect': 0.0937666245671327, 'n_state': 381, 'same_sign': True}, '3': {'effect': 0.12157846616099233, 'n_state': 315, 'same_sign': True}, '4': {'effect': 0.10846281252464707, 'n_state': 409, 'same_sign': True}}"
1368,62597,0.11902920818935792,0.9883040935672515,0.8692748853778935,8.47475838146665e-39,bar_range_atr:Q1:H3,feature_quintile_x_server_4h_block,bar_range_atr,1,3.0,12,move_ge_1atr,1.2712137572199975e-38,1504,62300,0.11201576961169357,6.01418497285229e-38,9.151080012649348e-38,4,"{'1': {'effect': 0.10099202266566609, 'n_state': 335, 'same_sign': True}, '2': {'effect': 0.10832570770045213, 'n_state': 357, 'same_sign': True}, '3': {'effect': 0.10930318939286443, 'n_state': 375, 'same_sign': True}, '4': {'effect': 0.11898909043135775, 'n_state': 437, 'same_sign': True}}"
11629,52336,0.10936615656538551,0.9613036374580789,0.8519374808926934,1.7929435667780085e-223,bar_range_atr:Q2,feature_quintile,bar_range_atr,2,,12,move_ge_1atr,9.248964984720701e-223,11852,51952,0.10870877357026576,3.3382567497481854e-225,1.6810507204089075e-224,4,"{'1': {'effect': 0.09645437798667023, 'n_state': 2767, 'same_sign': True}, '2': {'effect': 0.09063620975360764, 'n_state': 2981, 'same_sign': True}, '3': {'effect': 0.08175791719334347, 'n_state': 3033, 'same_sign': True}, '4': {'effect': 0.10263542411266235, 'n_state': 3071, 'same_sign': True}}"
1004,62961,0.1069497996324924,0.9770916334661355,0.8701418338336431,8.516053649706777e-24,bar_range_atr:Q2:H0,feature_quintile_x_server_4h_block,bar_range_atr,2,0.0,12,move_ge_1atr,1.0721103255434422e-23,1051,62753,0.1110791508362351,8.775707163150228e-27,1.1600387906289207e-26,4,"{'1': {'effect': 0.08474923510304211, 'n_state': 210, 'same_sign': True}, '2': {'effect': 0.11369746506580869, 'n_state': 283, 'same_sign': True}, '3': {'effect': 0.1120253752702628, 'n_state': 254, 'same_sign': True}, '4': {'effect': 0.12132656444260259, 'n_state': 304, 'same_sign': True}}"
2501,61464,0.09885804886687777,0.9668132746901239,0.8679552258232461,1.2612155619012835e-47,bar_range_atr:Q2:H1,feature_quintile_x_server_4h_block,bar_range_atr,2,1.0,12,move_ge_1atr,2.1339767307369717e-47,2546,61258,0.09130057803245839,8.869951754518497e-42,1.43205709624478e-41,4,"{'1': {'effect': 0.09725315574366988, 'n_state': 644, 'same_sign': True}, '2': {'effect': 0.07338639030933025, 'n_state': 604, 'same_sign': True}, '3': {'effect': 0.08222718473719237, 'n_state': 653, 'same_sign': True}, '4': {'effect': 0.10043577725761887, 'n_state': 645, 'same_sign': True}}"
2094,61871,0.12116215337093283,0.9890162368672397,0.8678540834963069,8.120884090320797e-60,bar_range_atr:Q2:H2,feature_quintile_x_server_4h_block,bar_range_atr,2,2.0,12,move_ge_1atr,1.683889201081224e-59,2295,61509,0.11806661589562795,2.556668971531426e-62,5.632661327905173e-62,4,"{'1': {'effect': 0.1206683727559158, 'n_state': 523, 'same_sign': True}, '2': {'effect': 0.1046497757011583, 'n_state': 592, 'same_sign': True}, '3': {'effect': 0.12115923003381801, 'n_state': 554, 'same_sign': True}, '4': {'effect': 0.11406961435700158, 'n_state': 626, 'same_sign': True}}"
2031,61934,0.11966999638137044,0.9876907927129492,0.8680207963315788,9.457152298880224e-57,bar_range_atr:Q2:H3,feature_quintile_x_server_4h_block,bar_range_atr,2,3.0,12,move_ge_1atr,1.7779446321894822e-56,2124,61680,0.11612734214132348,3.8817360387499195e-56,7.708799738925896e-56,4,"{'1': {'effect': 0.11892050742610727, 'n_state': 532, 'same_sign': True}, '2': {'effect': 0.10962814066446958, 'n_state': 537, 'same_sign': True}, '3': {'effect': 0.10779033581678688, 'n_state': 491, 'same_sign': True}, '4': {'effect': 0.11594096114767105, 'n_state': 564, 'same_sign': True}}"
1901,62064,0.0773482844201211,0.9468700683850605,0.8695217839649394,2.865371805013056e-23,bar_range_atr:Q2:H4,feature_quintile_x_server_4h_block,bar_range_atr,2,4.0,12,move_ge_1atr,3.575375438113636e-23,1770,62034,0.05425630449786145,1.456851964242078e-11,1.5067197576391174e-11,4,"{'1': {'effect': 0.06703964439748189, 'n_state': 379, 'same_sign': True}, '2': {'effect': 0.058227734857667635, 'n_state': 446, 'same_sign': True}, '3': {'effect': 0.0370702131517161, 'n_state': 519, 'same_sign': True}, '4': {'effect': 0.05492419949340388, 'n_state': 426, 'same_sign': True}}"
11713,52252,0.11813823922563915,0.9683257918552036,0.8501875526295645,7.48570391048817e-262,bar_range_atr:Q3,feature_quintile,bar_range_atr,3,,12,move_ge_1atr,5.190906154322125e-261,11815,51989,0.1205315096156242,1.063081554669507e-275,7.889184168863183e-275,4,"{'1': {'effect': 0.10613569525198752, 'n_state': 2853, 'same_sign': True}, '2': {'effect': 0.09719519572092461, 'n_state': 2895, 'same_sign': True}, '3': {'effect': 0.10191737565708991, 'n_state': 2954, 'same_sign': True}, '4': {'effect': 0.10650385145995267, 'n_state': 3113, 'same_sign': True}}"
1060,62905,0.11307212283272317,0.9830188679245283,0.8699467450918051,9.161816424551433e-28,bar_range_atr:Q3:H0,feature_quintile_x_server_4h_block,bar_range_atr,3,0.0,12,move_ge_1atr,1.2582624505146936e-27,1063,62741,0.1208746561499685,9.629884510946476e-32,1.344370015884607e-31,4,"{'1': {'effect': 0.11196111952163401, 'n_state': 253, 'same_sign': True}, '2': {'effect': 0.11469742210720535, 'n_state': 230, 'same_sign': True}, '3': {'effect': 0.12792894935752075, 'n_state': 300, 'same_sign': True}, '4': {'effect': 0.12071433069166215, 'n_state': 280, 'same_sign': True}}"
2370,61595,0.10156278096713833,0.9696202531645569,0.8680574721974186,9.87695518744159e-48,bar_range_atr:Q3:H1,feature_quintile_x_server_4h_block,bar_range_atr,3,1.0,12,move_ge_1atr,1.6778923872641738e-47,2472,61332,0.09795089466909046,1.5484862456010648e-46,2.7066515780547537e-46,4,"{'1': {'effect': 0.09788629766219792, 'n_state': 625, 'same_sign': True}, '2': {'effect': 0.08269984139914166, 'n_state': 638, 'same_sign': True}, '3': {'effect': 0.08957355240904852, 'n_state': 596, 'same_sign': True}, '4': {'effect': 0.11044400126879117, 'n_state': 613, 'same_sign': True}}"
2676,61289,0.1240258391587934,0.9906576980568012,0.8666318588980078,9.686987826486613e-79,bar_range_atr:Q3:H2,feature_quintile_x_server_4h_block,bar_range_atr,3,2.0,12,move_ge_1atr,2.806572500413587e-78,2661,61143,0.1222806992409039,1.3136692480779694e-76,3.997712891632957e-76,4,"{'1': {'effect': 0.12083864059131644, 'n_state': 648, 'same_sign': True}, '2': {'effect': 0.11037481938183169, 'n_state': 663, 'same_sign': True}, '3': {'effect': 0.12230423975682347, 'n_state': 640, 'same_sign': True}, '4': {'effect': 0.12021446203451414, 'n_state': 710, 'same_sign': True}}"
2277,61688,0.12061538288047002,0.9881422924901185,0.8675269096096485,3.932475609534321e-64,bar_range_atr:Q3:H3,feature_quintile_x_server_4h_block,bar_range_atr,3,3.0,12,move_ge_1atr,8.991552339637934e-64,2318,61486,0.11735452057002838,3.620568324485224e-62,7.935235239674869e-62,4,"{'1': {'effect': 0.1147545679642864, 'n_state': 587, 'same_sign': True}, '2': {'effect': 0.1204470640280001, 'n_state': 510, 'same_sign': True}, '3': {'effect': 0.10959637983647841, 'n_state': 587, 'same_sign': True}, '4': {'effect': 0.11267417698673998, 'n_state': 634, 'same_sign': True}}"
1619,62346,0.07700942757296159,0.9468807906114886,0.869871363038527,5.630917174183166e-20,bar_range_atr:Q3:H4,feature_quintile_x_server_4h_block,bar_range_atr,3,4.0,12,move_ge_1atr,6.490130693949535e-20,1599,62205,0.07735869401134332,5.0496877444310576e-20,6.016951875758698e-20,4,"{'1': {'effect': 0.08905011818797104, 'n_state': 361, 'same_sign': True}, '2': {'effect': 0.06617215473689786, 'n_state': 406, 'same_sign': True}, '3': {'effect': 0.07883779045647199, 'n_state': 388, 'same_sign': True}, '4': {'effect': 0.07151881995631992, 'n_state': 444, 'same_sign': True}}"
11718,52247,0.13070352935429308,0.9785799624509302,0.8478764330966371,3.897e-320,bar_range_atr:Q4,feature_quintile,bar_range_atr,4,,12,move_ge_1atr,3.5837e-319,11618,52186,0.12736556938762622,1.2124721646590746e-303,1.0684910951058095e-302,4,"{'1': {'effect': 0.11514385997641419, 'n_state': 2833, 'same_sign': True}, '2': {'effect': 0.10628152206318542, 'n_state': 2866, 'same_sign': True}, '3': {'effect': 0.10680045210917688, 'n_state': 2946, 'same_sign': True}, '4': {'effect': 0.10850155882566981, 'n_state': 2973, 'same_sign': True}}"
1130,62835,0.12688112073269575,0.9964601769911504,0.8695790562584547,1.1815974835626861e-36,bar_range_atr:Q4:H0,feature_quintile_x_server_4h_block,bar_range_atr,4,0.0,12,move_ge_1atr,1.7537394229719867e-36,1061,62743,0.12277146379476034,1.2309432096248771e-32,1.7531615409808856e-32,4,"{'1': {'effect': 0.11781056675509383, 'n_state': 298, 'same_sign': True}, '2': {'effect': 0.1239355974091666, 'n_state': 257, 'same_sign': True}, '3': {'effect': 0.1238660332123781, 'n_state': 253, 'same_sign': True}, '4': {'effect': 0.11989772864879678, 'n_state': 253, 'same_sign': True}}"
2266,61699,0.09903104596272827,0.9673433362753752,0.8683122903126469,1.2740314401353528e-43,bar_range_atr:Q4:H1,feature_quintile_x_server_4h_block,bar_range_atr,4,1.0,12,move_ge_1atr,2.0108779820046802e-43,2379,61425,0.10344162213014674,6.858019188559883e-50,1.2612791812003611e-49,4,"{'1': {'effect': 0.10738760820653093, 'n_state': 574, 'same_sign': True}, '2': {'effect': 0.09830332249809226, 'n_state': 601, 'same_sign': True}, '3': {'effect': 0.09935712692806697, 'n_state': 622, 'same_sign': True}, '4': {'effect': 0.09728702686360968, 'n_state': 582, 'same_sign': True}}"
3090,60875,0.12720469421795155,0.9928802588996763,0.8656755646817248,1.3270075474692835e-94,bar_range_atr:Q4:H2,feature_quintile_x_server_4h_block,bar_range_atr,4,2.0,12,move_ge_1atr,4.677701604829225e-94,2956,60848,0.12606369891016167,1.1131415641826349e-89,3.9238240137437875e-89,4,"{'1': {'effect': 0.12442289203723078, 'n_state': 702, 'same_sign': True}, '2': {'effect': 0.11623440994352463, 'n_state': 725, 'same_sign': True}, '3': {'effect': 0.12389726613595209, 'n_state': 802, 'same_sign': True}, '4': {'effect': 0.12183811759601515, 'n_state': 727, 'same_sign': True}}"
2563,61402,0.12824595192199217,0.9949278189621538,0.8666818670401616,9.816667042886297e-81,bar_range_atr:Q4:H3,feature_quintile_x_server_4h_block,bar_range_atr,4,3.0,12,move_ge_1atr,2.9242606754513405e-80,2418,61386,0.11815765494496488,1.5686116024726495e-65,3.857690161894946e-65,4,"{'1': {'effect': 0.11896124714765743, 'n_state': 629, 'same_sign': True}, '2': {'effect': 0.10918094132645517, 'n_state': 575, 'same_sign': True}, '3': {'effect': 0.11688645366957662, 'n_state': 606, 'same_sign': True}, '4': {'effect': 0.11360739437206224, 'n_state': 608, 'same_sign': True}}"
1412,62553,0.0955869649166402,0.9652974504249292,0.869710485508289,2.269882193598661e-26,bar_range_atr:Q4:H4,feature_quintile_x_server_4h_block,bar_range_atr,4,4.0,12,move_ge_1atr,3.0384815439627647e-26,1451,62353,0.07951477616221714,2.6456453791944417e-19,3.100022147920357e-19,4,"{'1': {'effect': 0.0790075333511141, 'n_state': 308, 'same_sign': True}, '2': {'effect': 0.06793666742516247, 'n_state': 368, 'same_sign': True}, '3': {'effect': 0.06699711447214551, 'n_state': 346, 'same_sign': True}, '4': {'effect': 0.09533440918056302, 'n_state': 429, 'same_sign': True}}"
1257,62708,0.05852609072297765,0.9291964996022275,0.8706704088792498,7.951738012201343e-10,bar_range_atr:Q4:H5,feature_quintile_x_server_4h_block,bar_range_atr,4,5.0,12,move_ge_1atr,8.06615150877978e-10,1353,62451,0.07722822764000414,3.42441939951213e-17,3.852471824451146e-17,4,"{'1': {'effect': 0.09675985817665145, 'n_state': 322, 'same_sign': True}, '2': {'effect': 0.08956944557729818, 'n_state': 340, 'same_sign': True}, '3': {'effect': 0.05187539573788902, 'n_state': 317, 'same_sign': True}, '4': {'effect': 0.06621826578796275, 'n_state': 374, 'same_sign': True}}"
17796,46169,-0.3269718467797911,0.6358170375365251,0.9627888843163162,0.0,bar_range_atr:Q5,feature_quintile,bar_range_atr,5,,12,move_ge_1atr,0.0,17168,46636,-0.33605850153799643,0.0,0.0,4,"{'1': {'effect': -0.2596607826747306, 'n_state': 4440, 'same_sign': True}, '2': {'effect': -0.2861045870020089, 'n_state': 4138, 'same_sign': True}, '3': {'effect': -0.26901132454188126, 'n_state': 4377, 'same_sign': True}, '4': {'effect': -0.23903784386584603, 'n_state': 4213, 'same_sign': True}}"
4736,59229,-0.6302679714454615,0.28821790540540543,0.918485876850867,0.0,bar_range_atr:Q5:H0,feature_quintile_x_server_4h_block,bar_range_atr,5,0.0,12,move_ge_1atr,0.0,4606,59198,-0.6492415915108563,0.0,0.0,4,"{'1': {'effect': -0.5704096112116082, 'n_state': 1192, 'same_sign': True}, '2': {'effect': -0.6343941430016224, 'n_state': 1111, 'same_sign': True}, '3': {'effect': -0.6150632549736493, 'n_state': 1175, 'same_sign': True}, '4': {'effect': -0.6365864364248149, 'n_state': 1128, 'same_sign': True}}"
2525,61440,0.07902160040222772,0.9477227722772277,0.868701171875,2.535822237678628e-31,bar_range_atr:Q5:H1,feature_quintile_x_server_4h_block,bar_range_atr,5,1.0,12,move_ge_1atr,3.5755093551268662e-31,2141,61663,0.1017844783979468,7.318247522635037e-44,1.2092260554978988e-43,4,"{'1': {'effect': 0.11367677758289585, 'n_state': 547, 'same_sign': True}, '2': {'effect': 0.10276143213202305, 'n_state': 512, 'same_sign': True}, '3': {'effect': 0.10299814589526679, 'n_state': 555, 'same_sign': True}, '4': {'effect': 0.07672778994463036, 'n_state': 527, 'same_sign': True}}"
3360,60605,0.12994583878432164,0.9949404761904762,0.8649946374061546,1.2666089061110322e-106,bar_range_atr:Q5:H2,feature_quintile_x_server_4h_block,bar_range_atr,5,2.0,12,move_ge_1atr,4.699785677938304e-106,3024,60780,0.1277609985531999,4.975471578917585e-94,1.7835800660018124e-93,4,"{'1': {'effect': 0.12269307999439227, 'n_state': 808, 'same_sign': True}, '2': {'effect': 0.1259176645071728, 'n_state': 711, 'same_sign': True}, '3': {'effect': 0.12551271346999537, 'n_state': 857, 'same_sign': True}, '4': {'effect': 0.11772055322153485, 'n_state': 648, 'same_sign': True}}"
3387,60578,-0.5523835423312065,0.348686152937703,0.9010696952689095,0.0,bar_range_atr:Q5:H4,feature_quintile_x_server_4h_block,bar_range_atr,5,4.0,12,move_ge_1atr,0.0,3425,60379,-0.5368173954230473,0.0,0.0,4,"{'1': {'effect': -0.5788479960113804, 'n_state': 891, 'same_sign': True}, '2': {'effect': -0.5439134851876344, 'n_state': 822, 'same_sign': True}, '3': {'effect': -0.55336376522866, 'n_state': 827, 'same_sign': True}, '4': {'effect': -0.38765407555207515, 'n_state': 885, 'same_sign': True}}"
1118,62847,-0.3247233328360585,0.552772808586762,0.8774961414228205,2.1021523895453926e-227,bar_range_atr:Q5:H5,feature_quintile_x_server_4h_block,bar_range_atr,5,5.0,12,move_ge_1atr,1.1255828617439253e-226,1369,62435,-0.2714852197198161,2.962523765661189e-195,1.3621169052985682e-194,4,"{'1': {'effect': -0.3297662939253978, 'n_state': 336, 'same_sign': True}, '2': {'effect': -0.2770133240863334, 'n_state': 360, 'same_sign': True}, '3': {'effect': -0.24781055653387696, 'n_state': 329, 'same_sign': True}, '4': {'effect': -0.21394231121600138, 'n_state': 344, 'same_sign': True}}"
11600,52365,0.12803676613426307,0.9766379310344827,0.8486011649002196,6.653592796307222e-305,body_atr:Q1,feature_quintile,body_atr,1,,12,move_ge_1atr,5.628939505675909e-304,10926,52878,0.1291198234249452,2.0538413785087916e-297,1.7730100063453444e-296,4,"{'1': {'effect': 0.1140727057315788, 'n_state': 2620, 'same_sign': True}, '2': {'effect': 0.11278752142527315, 'n_state': 2694, 'same_sign': True}, '3': {'effect': 0.10576535279501453, 'n_state': 2788, 'same_sign': True}, '4': {'effect': 0.11469868447092202, 'n_state': 2824, 'same_sign': True}}"
1182,62783,0.12283511225637322,0.9923857868020305,0.8695506745456573,6.11950487599245e-36,body_atr:Q1:H0,feature_quintile_x_server_4h_block,body_atr,1,0.0,12,move_ge_1atr,9.01933993918051e-36,1081,62723,0.11917072853531308,2.182317256739554e-31,3.026623605248627e-31,4,"{'1': {'effect': 0.11419999104720946, 'n_state': 293, 'same_sign': True}, '2': {'effect': 0.12377628872886293, 'n_state': 248, 'same_sign': True}, '3': {'effect': 0.12034039088610315, 'n_state': 267, 'same_sign': True}, '4': {'effect': 0.11315960487231214, 'n_state': 273, 'same_sign': True}}"
2379,61586,0.10213357449130112,0.9701555275325767,0.8680219530412756,2.0273726171076557e-48,body_atr:Q1:H1,feature_quintile_x_server_4h_block,body_atr,1,1.0,12,move_ge_1atr,3.500320885863422e-48,2236,61568,0.10553390767780302,5.89852004407949e-49,1.0662709310451387e-48,4,"{'1': {'effect': 0.10973767773843646, 'n_state': 540, 'same_sign': True}, '2': {'effect': 0.10285497073129157, 'n_state': 552, 'same_sign': True}, '3': {'effect': 0.0951413736267136, 'n_state': 575, 'same_sign': True}, '4': {'effect': 0.10364718989047328, 'n_state': 569, 'same_sign': True}}"
2837,61128,0.12748919191252384,0.9936552696510398,0.866166077738516,9.4525246223342e-88,body_atr:Q1:H2,feature_quintile_x_server_4h_block,body_atr,1,2.0,12,move_ge_1atr,3.0995487715095867e-87,2593,61211,0.12910332737078345,3.8542612104368686e-83,1.244543887034195e-82,4,"{'1': {'effect': 0.126934178729448, 'n_state': 617, 'same_sign': True}, '2': {'effect': 0.12552934097602686, 'n_state': 650, 'same_sign': True}, '3': {'effect': 0.12604122480890956, 'n_state': 732, 'same_sign': True}, '4': {'effect': 0.12172667986621477, 'n_state': 594, 'same_sign': True}}"
2318,61647,0.12583712831971472,0.9930974978429681,0.8672603695232534,8.135513136394988e-71,body_atr:Q1:H3,feature_quintile_x_server_4h_block,body_atr,1,3.0,12,move_ge_1atr,2.16435349477678e-70,2196,61608,0.12290549520571814,1.1878465889089911e-64,2.807034117924599e-64,4,"{'1': {'effect': 0.11911419515700006, 'n_state': 542, 'same_sign': True}, '2': {'effect': 0.11890077978834612, 'n_state': 531, 'same_sign': True}, '3': {'effect': 0.12246412907020665, 'n_state': 513, 'same_sign': True}, '4': {'effect': 0.11862549723282512, 'n_state': 610, 'same_sign': True}}"
1498,62467,0.09092295525094662,0.9606141522029372,0.8696911969519906,2.401158304314292e-25,body_atr:Q1:H4,feature_quintile_x_server_4h_block,body_atr,1,4.0,12,move_ge_1atr,3.096615740015078e-25,1475,62329,0.09425209202887574,7.123842189007708e-27,9.446348733386396e-27,4,"{'1': {'effect': 0.10308147587906047, 'n_state': 323, 'same_sign': True}, '2': {'effect': 0.08626427290525318, 'n_state': 361, 'same_sign': True}, '3': {'effect': 0.07295024213746915, 'n_state': 365, 'same_sign': True}, '4': {'effect': 0.10691451558922793, 'n_state': 426, 'same_sign': True}}"
1386,62579,0.05874530149446655,0.9292929292929293,0.8705476277984627,9.732116956974525e-11,body_atr:Q1:H5,feature_quintile_x_server_4h_block,body_atr,1,5.0,12,move_ge_1atr,9.943684716908753e-11,1345,62459,0.07386596090306607,8.93465357809414e-16,9.816515489698238e-16,4,"{'1': {'effect': 0.06534472338405228, 'n_state': 305, 'same_sign': True}, '2': {'effect': 0.08518375378955034, 'n_state': 352, 'same_sign': True}, '3': {'effect': 0.047218958485265916, 'n_state': 336, 'same_sign': True}, '4': {'effect': 0.09089709186041839, 'n_state': 352, 'same_sign': True}}"
11491,52474,0.11392221669960256,0.9652771734400836,0.851354956740481,4.479432848881613e-240,body_atr:Q2,feature_quintile,body_atr,2,,12,move_ge_1atr,2.7068572786813176e-239,11673,52131,0.11305928527396003,1.36850550673088e-240,8.03996985204392e-240,4,"{'1': {'effect': 0.10121710961148023, 'n_state': 2727, 'same_sign': True}, '2': {'effect': 0.09361800444351442, 'n_state': 2945, 'same_sign': True}, '3': {'effect': 0.09341484589914406, 'n_state': 3002, 'same_sign': True}, '4': {'effect': 0.09931816484945688, 'n_state': 2999, 'same_sign': True}}"
1144,62821,0.0949119170096232,0.965034965034965,0.8701230480253418,1.785468020496825e-21,body_atr:Q2:H0,feature_quintile_x_server_4h_block,body_atr,2,0.0,12,move_ge_1atr,2.0979249240837697e-21,1229,62575,0.09415323580783608,1.0587484128036526e-22,1.301891216906817e-22,4,"{'1': {'effect': 0.07802691243844484, 'n_state': 282, 'same_sign': True}, '2': {'effect': 0.08955159195540097, 'n_state': 314, 'same_sign': True}, '3': {'effect': 0.10653363898627322, 'n_state': 328, 'same_sign': True}, '4': {'effect': 0.09499465462086787, 'n_state': 305, 'same_sign': True}}"
2534,61431,0.10264846011420059,0.9704025256511445,0.8677540655369439,7.809710394728651e-52,body_atr:Q2:H1,feature_quintile_x_server_4h_block,body_atr,2,1.0,12,move_ge_1atr,1.4300898255282334e-51,2572,61232,0.09540341382198425,6.955208095341876e-46,1.1911145847488314e-45,4,"{'1': {'effect': 0.10418689488802602, 'n_state': 621, 'same_sign': True}, '2': {'effect': 0.07588550105934355, 'n_state': 670, 'same_sign': True}, '3': {'effect': 0.08803467837896373, 'n_state': 647, 'same_sign': True}, '4': {'effect': 0.10311547279410782, 'n_state': 634, 'same_sign': True}}"
2376,61589,0.1265677402710802,0.9936868686868687,0.8671191284157885,2.687072318230808e-73,body_atr:Q2:H2,feature_quintile_x_server_4h_block,body_atr,2,2.0,12,move_ge_1atr,7.380724614361246e-73,2389,61415,0.11836461635354334,5.115624523610492e-65,1.2225475556425074e-64,4,"{'1': {'effect': 0.12145141265696102, 'n_state': 574, 'same_sign': True}, '2': {'effect': 0.10175511266628523, 'n_state': 603, 'same_sign': True}, '3': {'effect': 0.12495925146398723, 'n_state': 573, 'same_sign': True}, '4': {'effect': 0.11280776296078276, 'n_state': 639, 'same_sign': True}}"
1990,61975,0.12347826263224149,0.9914572864321608,0.8679790237999193,3.685435649799327e-59,body_atr:Q2:H3,feature_quintile_x_server_4h_block,body_atr,2,3.0,12,move_ge_1atr,7.423520380310073e-59,2154,61650,0.11544006849701915,3.150440611696062e-56,6.315812221551821e-56,4,"{'1': {'effect': 0.11743061883258554, 'n_state': 550, 'same_sign': True}, '2': {'effect': 0.12228573233918871, 'n_state': 500, 'same_sign': True}, '3': {'effect': 0.10285497073129157, 'n_state': 552, 'same_sign': True}, '4': {'effect': 0.10833718267028503, 'n_state': 552, 'same_sign': True}}"
1625,62340,0.08037521285259497,0.9501538461538461,0.8697786333012512,1.0859813431532944e-21,body_atr:Q2:H4,feature_quintile_x_server_4h_block,body_atr,2,4.0,12,move_ge_1atr,1.2903654723422573e-21,1592,62212,0.06874112089412532,4.479675732344937e-16,4.93464279891122e-16,4,"{'1': {'effect': 0.07299257420112515, 'n_state': 329, 'same_sign': True}, '2': {'effect': 0.0686811191711143, 'n_state': 423, 'same_sign': True}, '3': {'effect': 0.047142570236315406, 'n_state': 410, 'same_sign': True}, '4': {'effect': 0.08136415711527212, 'n_state': 430, 'same_sign': True}}"
11445,52520,0.10652267691735395,0.9592835299257317,0.8527608530083778,1.6258233903128423e-209,body_atr:Q3,feature_quintile,body_atr,3,,12,move_ge_1atr,7.475253196764482e-209,12236,51568,0.11021637042599075,4.1046015659883347e-237,2.3462790032608995e-236,4,"{'1': {'effect': 0.09865821719765733, 'n_state': 3002, 'same_sign': True}, '2': {'effect': 0.08327002386722726, 'n_state': 2963, 'same_sign': True}, '3': {'effect': 0.08885278678779696, 'n_state': 3192, 'same_sign': True}, '4': {'effect': 0.10341233747088974, 'n_state': 3079, 'same_sign': True}}"
1275,62690,0.09157341290320564,0.9615686274509804,0.8699952145477747,3.545822143608941e-22,body_atr:Q3:H0,feature_quintile_x_server_4h_block,body_atr,3,0.0,12,move_ge_1atr,4.310007950421212e-22,1315,62489,0.0857487130662753,2.6637156576855302e-20,3.1919312271982416e-20,4,"{'1': {'effect': 0.06475710883219532, 'n_state': 318, 'same_sign': True}, '2': {'effect': 0.0639048697652781, 'n_state': 345, 'same_sign': True}, '3': {'effect': 0.08979707154495553, 'n_state': 342, 'same_sign': True}, '4': {'effect': 0.12146598561001953, 'n_state': 310, 'same_sign': True}}"
2480,61485,0.0997904025896692,0.967741935483871,0.8679515328942018,4.057896888250422e-48,body_atr:Q3:H1,feature_quintile_x_server_4h_block,body_atr,3,1.0,12,move_ge_1atr,6.949353780283111e-48,2797,61007,0.08642536135232759,5.422312726771887e-41,8.68802380085041e-41,4,"{'1': {'effect': 0.10356866553940569, 'n_state': 722, 'same_sign': True}, '2': {'effect': 0.058016944761678846, 'n_state': 658, 'same_sign': True}, '3': {'effect': 0.08043604602806265, 'n_state': 732, 'same_sign': True}, '4': {'effect': 0.09034113873423888, 'n_state': 685, 'same_sign': True}}"
2102,61863,0.12318865388888456,0.9909609895337773,0.8677723356448928,5.399097926744921e-62,body_atr:Q3:H2,feature_quintile_x_server_4h_block,body_atr,3,2.0,12,move_ge_1atr,1.1894887619859905e-61,2331,61473,0.12146915489846533,8.044005933200751e-67,2.0621906119660106e-66,4,"{'1': {'effect': 0.12501559861597733, 'n_state': 580, 'same_sign': True}, '2': {'effect': 0.10396040256426475, 'n_state': 576, 'same_sign': True}, '3': {'effect': 0.12310785589770623, 'n_state': 565, 'same_sign': True}, '4': {'effect': 0.12028066578223606, 'n_state': 610, 'same_sign': True}}"
2000,61965,0.12096159122085048,0.989,0.8680384087791495,4.0977229887617555e-57,body_atr:Q3:H3,feature_quintile_x_server_4h_block,body_atr,3,3.0,12,move_ge_1atr,7.843153050887885e-57,2109,61695,0.11696902476586923,1.4948208616659453e-56,3.0694622547800723e-56,4,"{'1': {'effect': 0.11661825004636617, 'n_state': 515, 'same_sign': True}, '2': {'effect': 0.10968413911825114, 'n_state': 487, 'same_sign': True}, '3': {'effect': 0.11009465445232358, 'n_state': 550, 'same_sign': True}, '4': {'effect': 0.11939306436402097, 'n_state': 557, 'same_sign': True}}"
1660,62305,0.06603784530627121,0.936144578313253,0.8701067330069818,1.9648219790547485e-15,body_atr:Q3:H4,feature_quintile_x_server_4h_block,body_atr,3,4.0,12,move_ge_1atr,2.1420610751035015e-15,1719,62085,0.06748176829575958,1.236339973467043e-16,1.3726294193610477e-16,4,"{'1': {'effect': 0.0837929180139928, 'n_state': 386, 'same_sign': True}, '2': {'effect': 0.06774096878738545, 'n_state': 433, 'same_sign': True}, '3': {'effect': 0.04776041149685084, 'n_state': 463, 'same_sign': True}, '4': {'effect': 0.06829865713802119, 'n_state': 437, 'same_sign': True}}"
11564,52401,0.11392625368807507,0.9651504669664476,0.8512242132783725,2.8560988773449682e-241,body_atr:Q4,feature_quintile,body_atr,4,,12,move_ge_1atr,1.803178843458092e-240,11590,52214,0.1098324334780344,6.2924893506159625e-226,3.2068951750729545e-225,4,"{'1': {'effect': 0.09660526451905649, 'n_state': 2726, 'same_sign': True}, '2': {'effect': 0.09091368109978859, 'n_state': 2954, 'same_sign': True}, '3': {'effect': 0.09004062923221168, 'n_state': 2900, 'same_sign': True}, '4': {'effect': 0.09911279275789697, 'n_state': 3010, 'same_sign': True}}"
1176,62789,0.10199340291309322,0.9719387755102041,0.8699453725971109,3.5294715906693027e-25,body_atr:Q4:H0,feature_quintile_x_server_4h_block,body_atr,4,0.0,12,move_ge_1atr,4.524140857130652e-25,1191,62613,0.10065895571134842,5.51337475019758e-25,7.067143997980534e-25,4,"{'1': {'effect': 0.07784822859296692, 'n_state': 281, 'same_sign': True}, '2': {'effect': 0.099792114483221, 'n_state': 321, 'same_sign': True}, '3': {'effect': 0.10712468497306593, 'n_state': 290, 'same_sign': True}, '4': {'effect': 0.11112579290230484, 'n_state': 299, 'same_sign': True}}"
2454,61511,0.09939281472001538,0.967400162999185,0.8680073482791696,2.751935399580767e-47,body_atr:Q4:H1,feature_quintile_x_server_4h_block,body_atr,4,1.0,12,move_ge_1atr,4.637723800887109e-47,2477,61327,0.08878809972252821,1.277417383352162e-38,1.9577809897027702e-38,4,"{'1': {'effect': 0.08429901886506919, 'n_state': 571, 'same_sign': True}, '2': {'effect': 0.06867385537247184, 'n_state': 657, 'same_sign': True}, '3': {'effect': 0.09621715732826841, 'n_state': 624, 'same_sign': True}, '4': {'effect': 0.09627046961806929, 'n_state': 625, 'same_sign': True}}"
2289,61676,0.12342183568348597,0.9908256880733946,0.8674038523899086,2.144756633201287e-67,body_atr:Q4:H2,feature_quintile_x_server_4h_block,body_atr,4,2.0,12,move_ge_1atr,5.213977332437612e-67,2389,61415,0.12271329484539761,9.595266606528369e-70,2.601793445231731e-69,4,"{'1': {'effect': 0.1182706667113147, 'n_state': 591, 'same_sign': True}, '2': {'effect': 0.11864362838464126, 'n_state': 611, 'same_sign': True}, '3': {'effect': 0.12135116463278772, 'n_state': 567, 'same_sign': True}, '4': {'effect': 0.1188044747955791, 'n_state': 620, 'same_sign': True}}"
2056,61909,0.1223856365559266,0.9902723735408561,0.8678867369849295,5.896001166703003e-60,body_atr:Q4:H3,feature_quintile_x_server_4h_block,body_atr,4,3.0,12,move_ge_1atr,1.234657670057114e-59,2047,61757,0.11691118456860006,6.069402502636893e-55,1.1885913234330582e-54,4,"{'1': {'effect': 0.11496724514686063, 'n_state': 526, 'same_sign': True}, '2': {'effect': 0.10885221262463363, 'n_state': 467, 'same_sign': True}, '3': {'effect': 0.11967836779516916, 'n_state': 469, 'same_sign': True}, '4': {'effect': 0.11297869311441189, 'n_state': 585, 'same_sign': True}}"
1717,62248,0.07306443154804831,0.9429237041351194,0.8698592725870711,4.0981453569137333e-19,body_atr:Q4:H4,feature_quintile_x_server_4h_block,body_atr,4,4.0,12,move_ge_1atr,4.672548479715659e-19,1642,62162,0.05630382849793947,1.4205549137437016e-11,1.47278119733722e-11,4,"{'1': {'effect': 0.05979855107930021, 'n_state': 339, 'same_sign': True}, '2': {'effect': 0.061857119123703064, 'n_state': 425, 'same_sign': True}, '3': {'effect': 0.03490889343771442, 'n_state': 464, 'same_sign': True}, '4': {'effect': 0.06737815821541815, 'n_state': 414, 'same_sign': True}}"
17865,46100,-0.3394120218340373,0.6272040302267002,0.9666160520607375,0.0,body_atr:Q5,feature_quintile,body_atr,5,,12,move_ge_1atr,0.0,17379,46425,-0.34630889916813234,0.0,0.0,4,"{'1': {'effect': -0.2807958651025185, 'n_state': 4312, 'same_sign': True}, '2': {'effect': -0.2882508470797498, 'n_state': 4259, 'same_sign': True}, '3': {'effect': -0.27304860635448724, 'n_state': 4464, 'same_sign': True}, '4': {'effect': -0.23982973836350363, 'n_state': 4344, 'same_sign': True}}"
4547,59418,-0.6615336271547374,0.2573125137453266,0.918846140900064,0.0,body_atr:Q5:H0,feature_quintile_x_server_4h_block,body_atr,5,0.0,12,move_ge_1atr,0.0,4454,59350,-0.6738671334306052,0.0,0.0,4,"{'1': {'effect': -0.6340003329216028, 'n_state': 1094, 'same_sign': True}, '2': {'effect': -0.6591537175338068, 'n_state': 1073, 'same_sign': True}, '3': {'effect': -0.6307678940561612, 'n_state': 1149, 'same_sign': True}, '4': {'effect': -0.6290593414120567, 'n_state': 1138, 'same_sign': True}}"
2480,61485,0.06581171778062833,0.9350806451612903,0.869268927380662,7.106298336744799e-22,body_atr:Q5:H1,feature_quintile_x_server_4h_block,body_atr,5,1.0,12,move_ge_1atr,8.515479310036968e-22,2300,61504,0.08653375672985564,2.3324644176972897e-34,3.4139531096399773e-34,4,"{'1': {'effect': 0.09307118255835056, 'n_state': 570, 'same_sign': True}, '2': {'effect': 0.09258979202139861, 'n_state': 535, 'same_sign': True}, '3': {'effect': 0.08745820626518586, 'n_state': 590, 'same_sign': True}, '4': {'effect': 0.06513514506650186, 'n_state': 605, 'same_sign': True}}"
2828,61137,0.12374966335143744,0.9900990099009901,0.8663493465495526,1.5232003328010065e-82,body_atr:Q5:H2,feature_quintile_x_server_4h_block,body_atr,5,2.0,12,move_ge_1atr,4.7030200056556624e-82,2682,61122,0.12007034451286669,1.7870467188494946e-74,5.177539466255727e-74,4,"{'1': {'effect': 0.12103032334638053, 'n_state': 662, 'same_sign': True}, '2': {'effect': 0.10942397969938611, 'n_state': 632, 'same_sign': True}, '3': {'effect': 0.1205000706735424, 'n_state': 731, 'same_sign': True}, '4': {'effect': 0.11327313170045428, 'n_state': 657, 'same_sign': True}}"
3660,60305,-0.5175545938383346,0.383879781420765,0.9014343752590995,0.0,body_atr:Q5:H4,feature_quintile_x_server_4h_block,body_atr,5,4.0,12,move_ge_1atr,0.0,3619,60185,-0.5235337675675005,0.0,0.0,4,"{'1': {'effect': -0.5643931781555495, 'n_state': 932, 'same_sign': True}, '2': {'effect': -0.5115527266575226, 'n_state': 896, 'same_sign': True}, '3': {'effect': -0.4974197853266767, 'n_state': 923, 'same_sign': True}, '4': {'effect': -0.4256988593195985, 'n_state': 868, 'same_sign': True}}"
1805,62160,-0.1976186465452393,0.6797783933518006,0.8773970398970399,2.4980186190842653e-135,body_atr:Q5:H5,feature_quintile_x_server_4h_block,body_atr,5,5.0,12,move_ge_1atr,1.0359430155614159e-134,1863,61941,-0.19450871655669622,6.091046871321554e-136,2.5510027985831856e-135,4,"{'1': {'effect': -0.23961426096446004, 'n_state': 438, 'same_sign': True}, '2': {'effect': -0.18777411980881342, 'n_state': 507, 'same_sign': True}, '3': {'effect': -0.1813449724788173, 'n_state': 462, 'same_sign': True}, '4': {'effect': -0.15447835348933048, 'n_state': 456, 'same_sign': True}}"
11464,52501,0.11216984030331101,0.9638869504535938,0.8517171101502828,2.182562076962628e-232,upper_wick_atr:Q1,feature_quintile,upper_wick_atr,1,,12,move_ge_1atr,1.2147681033620942e-231,10358,53446,0.10463441211180902,6.233647308305096e-188,2.775613485697953e-187,4,"{'1': {'effect': 0.09245247461614792, 'n_state': 2351, 'same_sign': True}, '2': {'effect': 0.09673006821871832, 'n_state': 2657, 'same_sign': True}, '3': {'effect': 0.08194744283262856, 'n_state': 2683, 'same_sign': True}, '4': {'effect': 0.09453352410147908, 'n_state': 2667, 'same_sign': True}}"
1236,62729,0.10182998877227101,0.9716828478964401,0.8698528591241691,2.813995814095839e-26,upper_wick_atr:Q1:H0,feature_quintile_x_server_4h_block,upper_wick_atr,1,0.0,12,move_ge_1atr,3.743145375353899e-26,1169,62635,0.0983335294310056,1.6314124576340436e-23,2.035656252446019e-23,4,"{'1': {'effect': 0.07645068363307461, 'n_state': 254, 'same_sign': True}, '2': {'effect': 0.09887045805945738, 'n_state': 311, 'same_sign': True}, '3': {'effect': 0.10149523414836303, 'n_state': 304, 'same_sign': True}, '4': {'effect': 0.10783446712018141, 'n_state': 300, 'same_sign': True}}"
2392,61573,0.09494051898154776,0.9632107023411371,0.8682701833595894,2.7281404942463942e-42,upper_wick_atr:Q1:H1,feature_quintile_x_server_4h_block,upper_wick_atr,1,1.0,12,move_ge_1atr,4.181171844442843e-42,2312,61492,0.08364561783939262,2.2836374521651868e-32,3.2306978002203145e-32,4,"{'1': {'effect': 0.09116720374113874, 'n_state': 568, 'same_sign': True}, '2': {'effect': 0.08984917929121128, 'n_state': 549, 'same_sign': True}, '3': {'effect': 0.06765900316523998, 'n_state': 597, 'same_sign': True}, '4': {'effect': 0.07789023881882429, 'n_state': 598, 'same_sign': True}}"
2369,61596,0.1243422156509919,0.9915576192486281,0.8672154035976362,1.3020240471200697e-70,upper_wick_atr:Q1:H2,feature_quintile_x_server_4h_block,upper_wick_atr,1,2.0,12,move_ge_1atr,3.442226074573684e-70,2162,61642,0.12221810993567617,5.050664977503613e-63,1.1244375186758045e-62,4,"{'1': {'effect': 0.12019731491917651, 'n_state': 496, 'same_sign': True}, '2': {'effect': 0.11510269238644022, 'n_state': 531, 'same_sign': True}, '3': {'effect': 0.12511761312916403, 'n_state': 593, 'same_sign': True}, '4': {'effect': 0.11539254370128982, 'n_state': 542, 'same_sign': True}}"
2042,61923,0.1217832095444813,0.9897159647404505,0.8679327551959692,5.254141328855463e-59,upper_wick_atr:Q1:H3,feature_quintile_x_server_4h_block,upper_wick_atr,1,3.0,12,move_ge_1atr,1.0533183801449579e-58,1828,61976,0.11756665035014613,5.82774268846504e-50,1.0764782345941974e-49,4,"{'1': {'effect': 0.11118313827016091, 'n_state': 415, 'same_sign': True}, '2': {'effect': 0.11985717262747575, 'n_state': 478, 'same_sign': True}, '3': {'effect': 0.11226806937540956, 'n_state': 442, 'same_sign': True}, '4': {'effect': 0.1160537778620323, 'n_state': 493, 'same_sign': True}}"
1569,62396,0.07521237838169348,0.9451880178457617,0.8699756394640682,1.3430656541241368e-18,upper_wick_atr:Q1:H4,feature_quintile_x_server_4h_block,upper_wick_atr,1,4.0,12,move_ge_1atr,1.5231012645965412e-18,1374,62430,0.04756572776356682,1.676220658800843e-07,1.6922227653287748e-07,4,"{'1': {'effect': 0.05503434525844664, 'n_state': 262, 'same_sign': True}, '2': {'effect': 0.05814957918156449, 'n_state': 374, 'same_sign': True}, '3': {'effect': 0.01903645047327751, 'n_state': 369, 'same_sign': True}, '4': {'effect': 0.05719752822971591, 'n_state': 369, 'same_sign': True}}"
11519,52446,0.11249777393098304,0.9640593801545273,0.8515616062235443,1.328062509987134e-234,upper_wick_atr:Q2,feature_quintile,upper_wick_atr,2,,12,move_ge_1atr,7.591492455737266e-234,11877,51927,0.11103402962967135,3.1573774729928974e-235,1.7345073650337604e-234,4,"{'1': {'effect': 0.09246032292559214, 'n_state': 2660, 'same_sign': True}, '2': {'effect': 0.09108874347945617, 'n_state': 3032, 'same_sign': True}, '3': {'effect': 0.08852870939885593, 'n_state': 3066, 'same_sign': True}, '4': {'effect': 0.10656700859057977, 'n_state': 3119, 'same_sign': True}}"
1194,62771,0.0879450488277469,0.9581239530988275,0.8701789042710806,2.150400752526406e-19,upper_wick_atr:Q2:H0,feature_quintile_x_server_4h_block,upper_wick_atr,2,0.0,12,move_ge_1atr,2.4650935455790507e-19,1269,62535,0.09212263354743555,1.9096201390169112e-22,2.341360344359865e-22,4,"{'1': {'effect': 0.06734138683398005, 'n_state': 282, 'same_sign': True}, '2': {'effect': 0.09163131446951067, 'n_state': 359, 'same_sign': True}, '3': {'effect': 0.09970248409047955, 'n_state': 320, 'same_sign': True}, '4': {'effect': 0.1018450492433105, 'n_state': 308, 'same_sign': True}}"
2480,61485,0.10146836233332546,0.9693548387096774,0.867886476376352,1.0884590821411683e-49,upper_wick_atr:Q2:H1,feature_quintile_x_server_4h_block,upper_wick_atr,2,1.0,12,move_ge_1atr,1.9345302174189674e-49,2553,61251,0.08734409305118718,1.7650637858221043e-38,2.6953862144503613e-38,4,"{'1': {'effect': 0.09163148170177826, 'n_state': 575, 'same_sign': True}, '2': {'effect': 0.06647377338901739, 'n_state': 634, 'same_sign': True}, '3': {'effect': 0.07628246921285953, 'n_state': 656, 'same_sign': True}, '4': {'effect': 0.10373673354487933, 'n_state': 688, 'same_sign': True}}"
2202,61763,0.12240226303521162,0.9900090826521344,0.8676068196169228,5.928177089781215e-64,upper_wick_atr:Q2:H2,feature_quintile_x_server_4h_block,upper_wick_atr,2,2.0,12,move_ge_1atr,1.340972678597569e-63,2310,61494,0.122678043977683,1.514983778067344e-67,3.931522319769856e-67,4,"{'1': {'effect': 0.12094362951722581, 'n_state': 540, 'same_sign': True}, '2': {'effect': 0.11791518856190975, 'n_state': 573, 'same_sign': True}, '3': {'effect': 0.12188441857572263, 'n_state': 606, 'same_sign': True}, '4': {'effect': 0.1165627998031954, 'n_state': 591, 'same_sign': True}}"
2032,61933,0.11967818506180994,0.9876968503937008,0.8680186653318909,8.751350566717348e-57,upper_wick_atr:Q2:H3,feature_quintile_x_server_4h_block,upper_wick_atr,2,3.0,12,move_ge_1atr,1.6525987900542134e-56,2010,61794,0.11503082702807932,2.3910424947927188e-52,4.515227568291608e-52,4,"{'1': {'effect': 0.1155847002772813, 'n_state': 476, 'same_sign': True}, '2': {'effect': 0.11369536722139717, 'n_state': 483, 'same_sign': True}, '3': {'effect': 0.10702548635138032, 'n_state': 474, 'same_sign': True}, '4': {'effect': 0.11274914664031799, 'n_state': 577, 'same_sign': True}}"
1724,62241,0.07569526819837458,0.9454756380510441,0.8697803698526695,1.78770687200064e-20,upper_wick_atr:Q2:H4,feature_quintile_x_server_4h_block,upper_wick_atr,2,4.0,12,move_ge_1atr,2.0717808407021117e-20,1776,62028,0.06668359450570716,9.382622629311266e-17,1.0471898079679856e-16,4,"{'1': {'effect': 0.06787175809917045, 'n_state': 351, 'same_sign': True}, '2': {'effect': 0.06153951412572101, 'n_state': 468, 'same_sign': True}, '3': {'effect': 0.054577562454927064, 'n_state': 492, 'same_sign': True}, '4': {'effect': 0.07843671712225408, 'n_state': 465, 'same_sign': True}}"
1887,62078,0.0518063561350659,0.9220985691573926,0.8702922130223267,3.311908834808326e-11,upper_wick_atr:Q2:H5,feature_quintile_x_server_4h_block,upper_wick_atr,2,5.0,12,move_ge_1atr,3.43367018902922e-11,1959,61845,0.06974448421602342,7.698159545016147e-20,9.146970470623119e-20,4,"{'1': {'effect': 0.04968530986612063, 'n_state': 436, 'same_sign': True}, '2': {'effect': 0.0755097398020208, 'n_state': 515, 'same_sign': True}, '3': {'effect': 0.05246379828435899, 'n_state': 518, 'same_sign': True}, '4': {'effect': 0.09335047282962217, 'n_state': 490, 'same_sign': True}}"
11548,52417,0.10949996860789935,0.9615517838586768,0.8520518152507774,8.244046422772609e-223,upper_wick_atr:Q3,feature_quintile,upper_wick_atr,3,,12,move_ge_1atr,4.201483899798571e-222,12032,51772,0.11430909832144542,1.1711447930421184e-251,7.505973446315396e-251,4,"{'1': {'effect': 0.10326220588284418, 'n_state': 2828, 'same_sign': True}, '2': {'effect': 0.08999680326689763, 'n_state': 2985, 'same_sign': True}, '3': {'effect': 0.09838545381016972, 'n_state': 3086, 'same_sign': True}, '4': {'effect': 0.097986343732276, 'n_state': 3133, 'same_sign': True}}"
1137,62828,0.10900896580235053,0.978891820580475,0.8698828547781244,1.1852629560984065e-27,upper_wick_atr:Q3:H0,feature_quintile_x_server_4h_block,upper_wick_atr,3,0.0,12,move_ge_1atr,1.622544435047333e-27,1227,62577,0.09492305479649066,5.1602586890881865e-23,6.419968898483244e-23,4,"{'1': {'effect': 0.06881561094878008, 'n_state': 289, 'same_sign': True}, '2': {'effect': 0.08674897501309176, 'n_state': 317, 'same_sign': True}, '3': {'effect': 0.10776556450536245, 'n_state': 299, 'same_sign': True}, '4': {'effect': 0.10924522841218154, 'n_state': 322, 'same_sign': True}}"
2522,61443,0.10124344564763821,0.9690721649484536,0.8678287193008154,2.9810173294515527e-50,upper_wick_atr:Q3:H1,feature_quintile_x_server_4h_block,upper_wick_atr,3,1.0,12,move_ge_1atr,5.320549917122391e-50,2599,61205,0.0958328784810657,9.92527558019437e-47,1.7493298210092576e-46,4,"{'1': {'effect': 0.09925971458678795, 'n_state': 620, 'same_sign': True}, '2': {'effect': 0.07406733004459265, 'n_state': 648, 'same_sign': True}, '3': {'effect': 0.11001677514800023, 'n_state': 651, 'same_sign': True}, '4': {'effect': 0.08856545659896309, 'n_state': 680, 'same_sign': True}}"
2291,61674,0.12433955439682731,0.9917066783064165,0.8673671239095891,1.9818382273660065e-68,upper_wick_atr:Q3:H2,feature_quintile_x_server_4h_block,upper_wick_atr,3,2.0,12,move_ge_1atr,4.902441930852753e-68,2393,61411,0.11839558833329233,3.7507911763558276e-65,9.014685611355198e-65,4,"{'1': {'effect': 0.12135116463278772, 'n_state': 567, 'same_sign': True}, '2': {'effect': 0.09950212570632644, 'n_state': 625, 'same_sign': True}, '3': {'effect': 0.12156345158461412, 'n_state': 582, 'same_sign': True}, '4': {'effect': 0.11878680741464498, 'n_state': 619, 'same_sign': True}}"
2064,61901,0.12193976371873616,0.9898255813953488,0.8678858176766127,9.468820331422821e-60,upper_wick_atr:Q3:H3,feature_quintile_x_server_4h_block,upper_wick_atr,3,3.0,12,move_ge_1atr,1.9538102439960259e-59,2207,61597,0.11874806718111208,9.321496520881086e-61,2.0015193037221824e-60,4,"{'1': {'effect': 0.1157707780379107, 'n_state': 557, 'same_sign': True}, '2': {'effect': 0.11646875709540461, 'n_state': 509, 'same_sign': True}, '3': {'effect': 0.11523580334403094, 'n_state': 536, 'same_sign': True}, '4': {'effect': 0.11519661298124417, 'n_state': 605, 'same_sign': True}}"
1742,62223,0.06508397917619102,0.9351320321469575,0.8700480529707665,1.1053243941507459e-15,upper_wick_atr:Q3:H4,feature_quintile_x_server_4h_block,upper_wick_atr,3,4.0,12,move_ge_1atr,1.2144213473396507e-15,1785,62019,0.07335729725547646,4.876085060326847e-20,5.826508419543098e-20,4,"{'1': {'effect': 0.08503538711706893, 'n_state': 397, 'same_sign': True}, '2': {'effect': 0.06843651082923774, 'n_state': 438, 'same_sign': True}, '3': {'effect': 0.0620788150044288, 'n_state': 502, 'same_sign': True}, '4': {'effect': 0.07427755179349338, 'n_state': 448, 'same_sign': True}}"
11615,52350,0.12179845167773284,0.9715023676280672,0.8497039159503343,2.1323809795328895e-276,upper_wick_atr:Q4,feature_quintile,upper_wick_atr,4,,12,move_ge_1atr,1.5824511479691443e-275,12136,51668,0.12294361740331972,1.1009175547937654e-292,9.13113971917182e-292,4,"{'1': {'effect': 0.11057433838119135, 'n_state': 3042, 'same_sign': True}, '2': {'effect': 0.09727961636861959, 'n_state': 2901, 'same_sign': True}, '3': {'effect': 0.10296579230690261, 'n_state': 3070, 'same_sign': True}, '4': {'effect': 0.10694569248697472, 'n_state': 3123, 'same_sign': True}}"
1104,62861,0.11199652834215079,0.9818840579710145,0.8698875296288637,2.580711120818725e-28,upper_wick_atr:Q4:H0,feature_quintile_x_server_4h_block,upper_wick_atr,4,0.0,12,move_ge_1atr,3.555833238131338e-28,1139,62665,0.11623293083958097,1.980567628873237e-31,2.7558556151755895e-31,4,"{'1': {'effect': 0.10968597208762454, 'n_state': 276, 'same_sign': True}, '2': {'effect': 0.10449416244156395, 'n_state': 258, 'same_sign': True}, '3': {'effect': 0.11784624969618962, 'n_state': 299, 'same_sign': True}, '4': {'effect': 0.1246573151292707, 'n_state': 306, 'same_sign': True}}"
2479,61486,0.10313246106444518,0.9709560306575232,0.867823569593078,2.963506846976958e-51,upper_wick_atr:Q4:H1,feature_quintile_x_server_4h_block,upper_wick_atr,4,1.0,12,move_ge_1atr,5.380100413181344e-51,2556,61248,0.10085112293405152,9.014496832284065e-51,1.6797939031084402e-50,4,"{'1': {'effect': 0.10859492737339138, 'n_state': 655, 'same_sign': True}, '2': {'effect': 0.08398359950375966, 'n_state': 656, 'same_sign': True}, '3': {'effect': 0.09594590753617038, 'n_state': 649, 'same_sign': True}, '4': {'effect': 0.1031229374584306, 'n_state': 596, 'same_sign': True}}"
2570,61395,0.12543721636668603,0.9922178988326849,0.8667806824659988,1.623863359986278e-77,upper_wick_atr:Q4:H2,feature_quintile_x_server_4h_block,upper_wick_atr,4,2.0,12,move_ge_1atr,4.672749668531943e-77,2668,61136,0.12466950082927652,9.439596603916845e-80,2.979812957803601e-79,4,"{'1': {'effect': 0.12722939319147042, 'n_state': 684, 'same_sign': True}, '2': {'effect': 0.11262019625743502, 'n_state': 632, 'same_sign': True}, '3': {'effect': 0.12562273166152094, 'n_state': 664, 'same_sign': True}, '4': {'effect': 0.1169607234814597, 'n_state': 688, 'same_sign': True}}"
2127,61838,0.1262662546706469,0.9938881053126469,0.867621850642,9.1872206795862e-66,upper_wick_atr:Q4:H3,feature_quintile_x_server_4h_block,upper_wick_atr,4,3.0,12,move_ge_1atr,2.195590026816363e-65,2352,61452,0.11984033996336285,1.2256515374799716e-65,3.031874855871509e-65,4,"{'1': {'effect': 0.12233950596962417, 'n_state': 643, 'same_sign': True}, '2': {'effect': 0.11276729915931472, 'n_state': 517, 'same_sign': True}, '3': {'effect': 0.11409756185948328, 'n_state': 562, 'same_sign': True}, '4': {'effect': 0.11577216063871976, 'n_state': 630, 'same_sign': True}}"
1625,62340,0.08163806421361763,0.9513846153846154,0.8697465511709978,2.509310808163486e-22,upper_wick_atr:Q4:H4,feature_quintile_x_server_4h_block,upper_wick_atr,4,4.0,12,move_ge_1atr,3.076633251748274e-22,1687,62117,0.07416083340214463,1.9460780815245235e-19,2.286641745791315e-19,4,"{'1': {'effect': 0.07664624424715771, 'n_state': 391, 'same_sign': True}, '2': {'effect': 0.06938019936116269, 'n_state': 411, 'same_sign': True}, '3': {'effect': 0.05997273061886099, 'n_state': 428, 'same_sign': True}, '4': {'effect': 0.08416661257837288, 'n_state': 457, 'same_sign': True}}"
1710,62255,0.05539126240359282,0.9257309941520467,0.8703397317484539,1.3820310991487099e-11,upper_wick_atr:Q4:H5,feature_quintile_x_server_4h_block,upper_wick_atr,4,5.0,12,move_ge_1atr,1.4363615600489049e-11,1734,62070,0.07041764990191335,4.087258405176507e-18,4.698125829863213e-18,4,"{'1': {'effect': 0.06666938731582805, 'n_state': 393, 'same_sign': True}, '2': {'effect': 0.07395822751913306, 'n_state': 427, 'same_sign': True}, '3': {'effect': 0.07014967790829862, 'n_state': 468, 'same_sign': True}, '4': {'effect': 0.06500154223625254, 'n_state': 446, 'same_sign': True}}"
17819,46146,-0.33542910396606285,0.6298333239800213,0.9652624279460842,0.0,upper_wick_atr:Q5,feature_quintile,upper_wick_atr,5,,12,move_ge_1atr,0.0,17401,46403,-0.34020339739943295,0.0,0.0,4,"{'1': {'effect': -0.25986653701840157, 'n_state': 4506, 'same_sign': True}, '2': {'effect': -0.28677707378016093, 'n_state': 4240, 'same_sign': True}, '3': {'effect': -0.27216091207272397, 'n_state': 4441, 'same_sign': True}, '4': {'effect': -0.24327223210846016, 'n_state': 4214, 'same_sign': True}}"
4653,59312,-0.6449329777349223,0.27380184826993337,0.9187348260048557,0.0,upper_wick_atr:Q5:H0,feature_quintile_x_server_4h_block,upper_wick_atr,5,0.0,12,move_ge_1atr,0.0,4466,59338,-0.6730283434587591,0.0,0.0,4,"{'1': {'effect': -0.586920852524685, 'n_state': 1167, 'same_sign': True}, '2': {'effect': -0.6745566320114513, 'n_state': 1056, 'same_sign': True}, '3': {'effect': -0.6292882385567533, 'n_state': 1154, 'same_sign': True}, '4': {'effect': -0.6626791495657143, 'n_state': 1089, 'same_sign': True}}"
2454,61511,0.06845868385637499,0.9376528117359413,0.8691941278795663,2.5656576838707177e-23,upper_wick_atr:Q5:H1,feature_quintile_x_server_4h_block,upper_wick_atr,5,1.0,12,move_ge_1atr,3.2108674564417565e-23,2362,61442,0.0926541600359918,4.140890314417776e-40,6.5358082201444744e-40,4,"{'1': {'effect': 0.10355854725318725, 'n_state': 606, 'same_sign': True}, '2': {'effect': 0.07847429833857955, 'n_state': 585, 'same_sign': True}, '3': {'effect': 0.09408800312187704, 'n_state': 615, 'same_sign': True}, '4': {'effect': 0.08308745111171367, 'n_state': 556, 'same_sign': True}}"
3000,60965,0.12749227698952947,0.9933333333333333,0.8658410563438038,1.911584807728813e-92,upper_wick_atr:Q5:H2,feature_quintile_x_server_4h_block,upper_wick_atr,5,2.0,12,move_ge_1atr,6.520970755397483e-92,2851,60953,0.1237368560211618,1.318254876730982e-83,4.289398560440042e-83,4,"{'1': {'effect': 0.12195184553034732, 'n_state': 737, 'same_sign': True}, '2': {'effect': 0.11596142884915517, 'n_state': 711, 'same_sign': True}, '3': {'effect': 0.12179190543463159, 'n_state': 723, 'same_sign': True}, '4': {'effect': 0.11829405800720905, 'n_state': 680, 'same_sign': True}}"
3500,60465,-0.5375178320397869,0.3637142857142857,0.9012321177540726,0.0,upper_wick_atr:Q5:H4,feature_quintile_x_server_4h_block,upper_wick_atr,5,4.0,12,move_ge_1atr,0.0,3425,60379,-0.5460733810022168,0.0,0.0,4,"{'1': {'effect': -0.5702146442431502, 'n_state': 908, 'same_sign': True}, '2': {'effect': -0.532635878850539, 'n_state': 847, 'same_sign': True}, '3': {'effect': -0.5574167440702036, 'n_state': 834, 'same_sign': True}, '4': {'effect': -0.43095072518037564, 'n_state': 836, 'same_sign': True}}"
1568,62397,-0.23537088100781933,0.642219387755102,0.8775902687629213,6.366994289409998e-167,upper_wick_atr:Q5:H5,feature_quintile_x_server_4h_block,upper_wick_atr,5,5.0,12,move_ge_1atr,2.7765346231138444e-166,1727,62077,-0.21014997540411995,2.9739101667639045e-147,1.2836367352460526e-146,4,"{'1': {'effect': -0.24642634606958613, 'n_state': 430, 'same_sign': True}, '2': {'effect': -0.22075414366406843, 'n_state': 427, 'same_sign': True}, '3': {'effect': -0.19048800714394087, 'n_state': 436, 'same_sign': True}, '4': {'effect': -0.16643136752988263, 'n_state': 434, 'same_sign': True}}"
11432,52533,0.10761154303662268,0.9601994401679497,0.852587897131327,1.3713239119612479e-213,lower_wick_atr:Q1,feature_quintile,lower_wick_atr,1,,12,move_ge_1atr,6.591704713177361e-213,10333,53471,0.10320066785849613,1.6044942786388303e-182,7.069802915252346e-182,4,"{'1': {'effect': 0.09646063058281806, 'n_state': 2353, 'same_sign': True}, '2': {'effect': 0.086500528837401, 'n_state': 2656, 'same_sign': True}, '3': {'effect': 0.08346361980081485, 'n_state': 2779, 'same_sign': True}, '4': {'effect': 0.09537536700032134, 'n_state': 2545, 'same_sign': True}}"
1409,62556,0.0926039934648647,0.9623846699787083,0.8697806765138436,8.39480206756672e-25,lower_wick_atr:Q1:H0,feature_quintile_x_server_4h_block,lower_wick_atr,1,0.0,12,move_ge_1atr,1.06636674912334e-24,1189,62615,0.09289368789350216,1.7432399856987557e-21,2.106830039858782e-21,4,"{'1': {'effect': 0.07361490103821777, 'n_state': 296, 'same_sign': True}, '2': {'effect': 0.0879982865240676, 'n_state': 277, 'same_sign': True}, '3': {'effect': 0.09574434574434576, 'n_state': 312, 'same_sign': True}, '4': {'effect': 0.10810567757977618, 'n_state': 304, 'same_sign': True}}"
2454,61511,0.09515526254691398,0.9633251833740831,0.8681699208271692,1.7328359369291988e-43,lower_wick_atr:Q1:H1,feature_quintile_x_server_4h_block,lower_wick_atr,1,1.0,12,move_ge_1atr,2.7248684063979594e-43,2252,61552,0.08411516251504603,6.150638772803445e-32,8.643588707295206e-32,4,"{'1': {'effect': 0.09420408159155114, 'n_state': 502, 'same_sign': True}, '2': {'effect': 0.0763879177175848, 'n_state': 581, 'same_sign': True}, '3': {'effect': 0.0728358335340673, 'n_state': 616, 'same_sign': True}, '4': {'effect': 0.08648570637784203, 'n_state': 553, 'same_sign': True}}"
2106,61859,0.12125037384363702,0.9890788224121557,0.8678284485685187,3.1888008264167264e-60,lower_wick_atr:Q1:H2,feature_quintile_x_server_4h_block,lower_wick_atr,1,2.0,12,move_ge_1atr,6.778204771730026e-60,1996,61808,0.11488949942338722,6.960670776246653e-52,1.3086061059343706e-51,4,"{'1': {'effect': 0.12173131389380853, 'n_state': 463, 'same_sign': True}, '2': {'effect': 0.09634243586850222, 'n_state': 504, 'same_sign': True}, '3': {'effect': 0.1207180770423758, 'n_state': 526, 'same_sign': True}, '4': {'effect': 0.11030438276801957, 'n_state': 503, 'same_sign': True}}"
1973,61992,0.12336845190429557,0.9913836796756209,0.8680152277713253,1.3862308893180144e-58,lower_wick_atr:Q1:H3,feature_quintile_x_server_4h_block,lower_wick_atr,1,3.0,12,move_ge_1atr,2.7400732064557014e-58,1858,61946,0.11507015190180747,1.135541869221528e-48,2.035314452036891e-48,4,"{'1': {'effect': 0.1067904564737916, 'n_state': 469, 'same_sign': True}, '2': {'effect': 0.11249230538544097, 'n_state': 448, 'same_sign': True}, '3': {'effect': 0.11316644499010575, 'n_state': 467, 'same_sign': True}, '4': {'effect': 0.11765296108189571, 'n_state': 474, 'same_sign': True}}"
1562,62403,0.06773362963544771,0.9379001280409731,0.8701664984055254,2.5825164921064304e-15,lower_wick_atr:Q1:H4,feature_quintile_x_server_4h_block,lower_wick_atr,1,4.0,12,move_ge_1atr,2.793873340565269e-15,1392,62412,0.053788285630305466,2.6118643177851754e-09,2.655813957747907e-09,4,"{'1': {'effect': 0.058867402906881194, 'n_state': 291, 'same_sign': True}, '2': {'effect': 0.05916487415314242, 'n_state': 394, 'same_sign': True}, '3': {'effect': 0.0293576704797206, 'n_state': 377, 'same_sign': True}, '4': {'effect': 0.06706826273893107, 'n_state': 330, 'same_sign': True}}"
11499,52466,0.10771362041969856,0.9601704496043134,0.8524568291846149,5.830867789923199e-215,lower_wick_atr:Q2,feature_quintile,lower_wick_atr,2,,12,move_ge_1atr,2.8350081323419696e-214,11571,52233,0.11214543501483532,3.72195439534408e-235,2.0184444990135206e-234,4,"{'1': {'effect': 0.09035903006829993, 'n_state': 2764, 'same_sign': True}, '2': {'effect': 0.09214739316979292, 'n_state': 2942, 'same_sign': True}, '3': {'effect': 0.09955281748748912, 'n_state': 2909, 'same_sign': True}, '4': {'effect': 0.10229682997220702, 'n_state': 2956, 'same_sign': True}}"
1181,62784,0.09004521557345713,0.9602032176121931,0.870158002038736,4.687061934573101e-20,lower_wick_atr:Q2:H0,feature_quintile_x_server_4h_block,lower_wick_atr,2,0.0,12,move_ge_1atr,5.4170142030721906e-20,1182,62622,0.09611305736278919,9.167293762941155e-23,1.1305438080828304e-22,4,"{'1': {'effect': 0.07398170061403064, 'n_state': 298, 'same_sign': True}, '2': {'effect': 0.08271941864807564, 'n_state': 289, 'same_sign': True}, '3': {'effect': 0.11511258947772673, 'n_state': 313, 'same_sign': True}, '4': {'effect': 0.10652164738368408, 'n_state': 282, 'same_sign': True}}"
2458,61507,0.09480042511848097,0.9629780309194467,0.8681776058009657,3.0522566122958446e-43,lower_wick_atr:Q2:H1,feature_quintile_x_server_4h_block,lower_wick_atr,2,1.0,12,move_ge_1atr,4.764223420668422e-43,2534,61270,0.0935527905840452,1.37570883800228e-43,2.2642989823928577e-43,4,"{'1': {'effect': 0.09178508451736556, 'n_state': 631, 'same_sign': True}, '2': {'effect': 0.07031150837408184, 'n_state': 641, 'same_sign': True}, '3': {'effect': 0.09368066683101195, 'n_state': 608, 'same_sign': True}, '4': {'effect': 0.10701765855288481, 'n_state': 654, 'same_sign': True}}"
2234,61731,0.125860791718457,0.9932855863921217,0.8674247946736647,1.966798252482902e-68,lower_wick_atr:Q2:H2,feature_quintile_x_server_4h_block,lower_wick_atr,2,2.0,12,move_ge_1atr,4.893856828236868e-68,2286,61518,0.12026269075675011,2.3642222371348967e-64,5.49486816652781e-64,4,"{'1': {'effect': 0.11928313809524116, 'n_state': 551, 'same_sign': True}, '2': {'effect': 0.11514869128353888, 'n_state': 603, 'same_sign': True}, '3': {'effect': 0.12664812182965102, 'n_state': 559, 'same_sign': True}, '4': {'effect': 0.10734909420879357, 'n_state': 573, 'same_sign': True}}"
2009,61956,0.12205783992049979,0.9900447984071677,0.867986958486668,2.293620001462242e-58,lower_wick_atr:Q2:H3,feature_quintile_x_server_4h_block,lower_wick_atr,2,3.0,12,move_ge_1atr,4.512564002876876e-58,2045,61759,0.11537751582765265,1.6487373230413227e-53,3.1415130074165746e-53,4,"{'1': {'effect': 0.11067342242889766, 'n_state': 513, 'same_sign': True}, '2': {'effect': 0.1077467471810406, 'n_state': 490, 'same_sign': True}, '3': {'effect': 0.10711817571899906, 'n_state': 476, 'same_sign': True}, '4': {'effect': 0.12311926775699678, 'n_state': 566, 'same_sign': True}}"
1668,62297,0.06636078683804802,0.9364508393285371,0.8700900524904891,1.2332311006588755e-15,lower_wick_atr:Q2:H4,feature_quintile_x_server_4h_block,lower_wick_atr,2,4.0,12,move_ge_1atr,1.3514423719655553e-15,1670,62134,0.0711046956847563,7.818857865317096e-18,8.914762471776636e-18,4,"{'1': {'effect': 0.06659206018956354, 'n_state': 360, 'same_sign': True}, '2': {'effect': 0.06993055117226676, 'n_state': 432, 'same_sign': True}, '3': {'effect': 0.07230221885394295, 'n_state': 468, 'same_sign': True}, '4': {'effect': 0.0692357590200503, 'n_state': 410, 'same_sign': True}}"
11549,52416,0.11394408087438868,0.9651917914970993,0.8512477106227107,4.19597132752225e-241,lower_wick_atr:Q3,feature_quintile,lower_wick_atr,3,,12,move_ge_1atr,2.5723128573071185e-240,11843,51961,0.11166054182619567,2.4113774155616413e-237,1.3972775983322936e-236,4,"{'1': {'effect': 0.10326220588284418, 'n_state': 2828, 'same_sign': True}, '2': {'effect': 0.09022007006225674, 'n_state': 2933, 'same_sign': True}, '3': {'effect': 0.0901003636553499, 'n_state': 3057, 'same_sign': True}, '4': {'effect': 0.09826736860912832, 'n_state': 3025, 'same_sign': True}}"
1135,62830,0.10896762889301326,0.9788546255506608,0.8698869966576476,1.3753290426918098e-27,lower_wick_atr:Q3:H0,feature_quintile_x_server_4h_block,lower_wick_atr,3,0.0,12,move_ge_1atr,1.8766586614794694e-27,1189,62615,0.09632174192253284,5.582613895412544e-23,6.925060638590926e-23,4,"{'1': {'effect': 0.08389208615735311, 'n_state': 274, 'same_sign': True}, '2': {'effect': 0.07948335495170422, 'n_state': 311, 'same_sign': True}, '3': {'effect': 0.10104510771147768, 'n_state': 299, 'same_sign': True}, '4': {'effect': 0.1147612754454117, 'n_state': 305, 'same_sign': True}}"
2529,61436,0.10628439382413946,0.9739027283511269,0.8676183345269874,2.4362880334978782e-55,lower_wick_atr:Q3:H1,feature_quintile_x_server_4h_block,lower_wick_atr,3,1.0,12,move_ge_1atr,4.5599550361486836e-55,2581,61223,0.08787559820548685,2.5545306402144455e-39,3.9726708118040824e-39,4,"{'1': {'effect': 0.09828674610050003, 'n_state': 633, 'same_sign': True}, '2': {'effect': 0.06339140485908124, 'n_state': 635, 'same_sign': True}, '3': {'effect': 0.08732795232695167, 'n_state': 684, 'same_sign': True}, '4': {'effect': 0.09166512633353108, 'n_state': 629, 'same_sign': True}}"
2386,61579,0.1222622703957641,0.9895222129086337,0.8672599425128696,8.650701555309312e-69,lower_wick_atr:Q3:H2,feature_quintile_x_server_4h_block,lower_wick_atr,3,2.0,12,move_ge_1atr,2.1781230701760946e-68,2510,61294,0.12466181867628512,2.5482752014693384e-75,7.537904966584128e-75,4,"{'1': {'effect': 0.12380695421060606, 'n_state': 632, 'same_sign': True}, '2': {'effect': 0.1171147492307506, 'n_state': 617, 'same_sign': True}, '3': {'effect': 0.12223288117937237, 'n_state': 634, 'same_sign': True}, '4': {'effect': 0.12053747680720517, 'n_state': 627, 'same_sign': True}}"
2030,61935,0.12373185617688331,0.9916256157635468,0.8678937595866635,1.6270606267552535e-60,lower_wick_atr:Q3:H3,feature_quintile_x_server_4h_block,lower_wick_atr,3,3.0,12,move_ge_1atr,3.475993157158951e-60,2144,61660,0.12017152318201407,1.6255734090585183e-60,3.455364583074137e-60,4,"{'1': {'effect': 0.1246341869451354, 'n_state': 535, 'same_sign': True}, '2': {'effect': 0.12214302153245926, 'n_state': 490, 'same_sign': True}, '3': {'effect': 0.11457498084276052, 'n_state': 512, 'same_sign': True}, '4': {'effect': 0.10859116594668705, 'n_state': 607, 'same_sign': True}}"
1672,62293,0.06836357806528914,0.9383971291866029,0.8700335511213138,1.555342812430813e-16,lower_wick_atr:Q3:H4,feature_quintile_x_server_4h_block,lower_wick_atr,3,4.0,12,move_ge_1atr,1.7313421306795628e-16,1647,62157,0.05466444290711869,5.072188242947627e-11,5.182453204750836e-11,4,"{'1': {'effect': 0.06804373957694576, 'n_state': 352, 'same_sign': True}, '2': {'effect': 0.071551384178563, 'n_state': 409, 'same_sign': True}, '3': {'effect': 0.032323396347266775, 'n_state': 462, 'same_sign': True}, '4': {'effect': 0.04745411027822599, 'n_state': 424, 'same_sign': True}}"
11629,52336,0.12386984939374124,0.9731705219709348,0.8493006725771935,4.527916216004557e-286,lower_wick_atr:Q4,feature_quintile,lower_wick_atr,4,,12,move_ge_1atr,3.546867702536903e-285,11949,51855,0.12042093950877386,1.3907703925019417e-277,1.0505283500505737e-276,4,"{'1': {'effect': 0.10639628407592927, 'n_state': 2909, 'same_sign': True}, '2': {'effect': 0.09664632478600244, 'n_state': 2780, 'same_sign': True}, '3': {'effect': 0.09881173149614209, 'n_state': 3040, 'same_sign': True}, '4': {'effect': 0.10825667437357134, 'n_state': 3220, 'same_sign': True}}"
1048,62917,0.11964352466299044,0.9895038167938931,0.8698602921309027,1.4631620979674905e-30,lower_wick_atr:Q4:H0,feature_quintile_x_server_4h_block,lower_wick_atr,4,0.0,12,move_ge_1atr,2.0426322357763975e-30,1176,62628,0.11239218814561658,2.2072695096211287e-30,3.0216019500638753e-30,4,"{'1': {'effect': 0.10571930402835439, 'n_state': 272, 'same_sign': True}, '2': {'effect': 0.11781056675509383, 'n_state': 298, 'same_sign': True}, '3': {'effect': 0.11077127645996987, 'n_state': 293, 'same_sign': True}, '4': {'effect': 0.1086913125922655, 'n_state': 313, 'same_sign': True}}"
2378,61587,0.1008086053790338,0.9688814129520605,0.8680728075730267,3.370664206607754e-47,lower_wick_atr:Q4:H1,feature_quintile_x_server_4h_block,lower_wick_atr,4,1.0,12,move_ge_1atr,5.657900632520158e-47,2547,61257,0.09377195189134702,5.44042398595842e-44,9.13214026214449e-44,4,"{'1': {'effect': 0.0979905223315416, 'n_state': 659, 'same_sign': True}, '2': {'effect': 0.07592957234136766, 'n_state': 576, 'same_sign': True}, '3': {'effect': 0.09449744643996394, 'n_state': 651, 'same_sign': True}, '4': {'effect': 0.09350032583390255, 'n_state': 661, 'same_sign': True}}"
2669,61296,0.1267230115015845,0.9932559010865493,0.8665328895849648,6.42664932703876e-82,lower_wick_atr:Q4:H2,feature_quintile_x_server_4h_block,lower_wick_atr,4,2.0,12,move_ge_1atr,1.927994798111628e-81,2629,61175,0.12367480195978242,1.9255880566457307e-77,5.902345999718435e-77,4,"{'1': {'effect': 0.12228057691843863, 'n_state': 638, 'same_sign': True}, '2': {'effect': 0.11090309631408846, 'n_state': 628, 'same_sign': True}, '3': {'effect': 0.12268875726739747, 'n_state': 674, 'same_sign': True}, '4': {'effect': 0.1228485289655451, 'n_state': 689, 'same_sign': True}}"
2247,61718,0.12177639793312889,0.9893190921228304,0.8675426941897015,1.5695990921162288e-64,lower_wick_atr:Q4:H3,feature_quintile_x_server_4h_block,lower_wick_atr,4,3.0,12,move_ge_1atr,3.668179093730192e-64,2290,61514,0.11938524165976072,1.509409585379001e-63,3.4326895409425665e-63,4,"{'1': {'effect': 0.11962418618897563, 'n_state': 570, 'same_sign': True}, '2': {'effect': 0.11659355704978569, 'n_state': 514, 'same_sign': True}, '3': {'effect': 0.11064108365312841, 'n_state': 566, 'same_sign': True}, '4': {'effect': 0.11756924434804628, 'n_state': 640, 'same_sign': True}}"
1677,62288,0.08631604460768616,0.9558735837805605,0.8695575391728744,1.7275438107187388e-25,lower_wick_atr:Q4:H4,feature_quintile_x_server_4h_block,lower_wick_atr,4,4.0,12,move_ge_1atr,2.2484647136431584e-25,1586,62218,0.08143234075427008,7.456328309920254e-22,9.063295618092723e-22,4,"{'1': {'effect': 0.09024456939066883, 'n_state': 346, 'same_sign': True}, '2': {'effect': 0.05531150830976905, 'n_state': 387, 'same_sign': True}, '3': {'effect': 0.076910584902251, 'n_state': 393, 'same_sign': True}, '4': {'effect': 0.09540658598460305, 'n_state': 460, 'same_sign': True}}"
1610,62355,0.060764825326434346,0.931055900621118,0.8702910752946836,5.967060742313938e-13,lower_wick_atr:Q4:H5,feature_quintile_x_server_4h_block,lower_wick_atr,4,5.0,12,move_ge_1atr,6.294430658351111e-13,1721,62083,0.06516892911714978,1.2410758234841334e-15,1.3565247372966109e-15,4,"{'1': {'effect': 0.06407398917580098, 'n_state': 424, 'same_sign': True}, '2': {'effect': 0.07738681938454361, 'n_state': 377, 'same_sign': True}, '3': {'effect': 0.04123356716770754, 'n_state': 463, 'same_sign': True}, '4': {'effect': 0.07535073307974527, 'n_state': 457, 'same_sign': True}}"
17856,46109,-0.3327696027047021,0.6319444444444444,0.9647140471491465,0.0,lower_wick_atr:Q5,feature_quintile,lower_wick_atr,5,,12,move_ge_1atr,0.0,18108,45696,-0.3240350149337402,0.0,0.0,4,"{'1': {'effect': -0.2554826717081099, 'n_state': 4533, 'same_sign': True}, '2': {'effect': -0.26003399638769653, 'n_state': 4504, 'same_sign': True}, '3': {'effect': -0.2626376191884334, 'n_state': 4561, 'same_sign': True}, '4': {'effect': -0.22087972766320518, 'n_state': 4510, 'same_sign': True}}"
4551,59414,-0.659929143018043,0.25884421006372227,0.9187733530817652,0.0,lower_wick_atr:Q5:H0,feature_quintile_x_server_4h_block,lower_wick_atr,5,0.0,12,move_ge_1atr,0.0,4534,59270,-0.6614018418028076,0.0,0.0,4,"{'1': {'effect': -0.6131219592011874, 'n_state': 1128, 'same_sign': True}, '2': {'effect': -0.6243662029226376, 'n_state': 1126, 'same_sign': True}, '3': {'effect': -0.6251852217092755, 'n_state': 1159, 'same_sign': True}, '4': {'effect': -0.6394832967429973, 'n_state': 1121, 'same_sign': True}}"
2508,61457,0.07282099108519469,0.9417862838915471,0.8689652928063524,1.0939907566149739e-26,lower_wick_atr:Q5:H1,feature_quintile_x_server_4h_block,lower_wick_atr,5,1.0,12,move_ge_1atr,1.4784603515914824e-26,2468,61336,0.1012605011817892,1.5424627479667613e-49,2.824509707315758e-49,4,"{'1': {'effect': 0.11336669942349131, 'n_state': 599, 'same_sign': True}, '2': {'effect': 0.10490387906477894, 'n_state': 639, 'same_sign': True}, '3': {'effect': 0.09705513117775655, 'n_state': 609, 'same_sign': True}, '4': {'effect': 0.07816876688456753, 'n_state': 621, 'same_sign': True}}"
3037,60928,0.12765496875198878,0.9934145538360224,0.8657595850840336,9.697257922512946e-94,lower_wick_atr:Q5:H2,feature_quintile_x_server_4h_block,lower_wick_atr,5,2.0,12,move_ge_1atr,3.362245984608997e-93,2963,60841,0.12644973592470887,2.0383211807011003e-90,7.245461003668617e-90,4,"{'1': {'effect': 0.12471988987592186, 'n_state': 740, 'same_sign': True}, '2': {'effect': 0.11754274723648894, 'n_state': 720, 'same_sign': True}, '3': {'effect': 0.12366829605829166, 'n_state': 775, 'same_sign': True}, '4': {'effect': 0.12184960546460966, 'n_state': 728, 'same_sign': True}}"
3581,60384,-0.5206264566552525,0.38034068695895,0.9009671436142025,0.0,lower_wick_atr:Q5:H4,feature_quintile_x_server_4h_block,lower_wick_atr,5,4.0,12,move_ge_1atr,0.0,3752,60052,-0.4939359946326546,0.0,0.0,4,"{'1': {'effect': -0.5338296018713005, 'n_state': 960, 'same_sign': True}, '2': {'effect': -0.4877535803582886, 'n_state': 916, 'same_sign': True}, '3': {'effect': -0.5026626257294684, 'n_state': 925, 'same_sign': True}, '4': {'effect': -0.3639009273101861, 'n_state': 951, 'same_sign': True}}"
1529,62436,-0.24122301236466137,0.6363636363636364,0.8775866487282977,5.071440748585642e-171,lower_wick_atr:Q5:H5,feature_quintile_x_server_4h_block,lower_wick_atr,5,5.0,12,move_ge_1atr,2.2346035798455488e-170,1761,62043,-0.20075750617647414,4.270498192289774e-137,1.8246674094329034e-136,4,"{'1': {'effect': -0.23012984575484574, 'n_state': 444, 'same_sign': True}, '2': {'effect': -0.20744949494949494, 'n_state': 444, 'same_sign': True}, '3': {'effect': -0.19701289633736285, 'n_state': 421, 'same_sign': True}, '4': {'effect': -0.15251406106295262, 'n_state': 452, 'same_sign': True}}"
10586,53379,0.07956801196419361,0.9382202909503118,0.8586522789861182,7.453670491679626e-111,atr_slope3:Q1,feature_quintile,atr_slope3,1,,12,move_ge_1atr,2.840452808991425e-110,11020,52784,0.08250258286485102,1.811481719683405e-123,7.297683499296003e-123,4,"{'1': {'effect': 0.06957136823010601, 'n_state': 2354, 'same_sign': True}, '2': {'effect': 0.06959997286731567, 'n_state': 2844, 'same_sign': True}, '3': {'effect': 0.06180409121362629, 'n_state': 3052, 'same_sign': True}, '4': {'effect': 0.08517695469259068, 'n_state': 2770, 'same_sign': True}}"
1102,62863,0.08610574898954204,0.956442831215971,0.8703370822264289,2.316831283811813e-17,atr_slope3:Q1:H0,feature_quintile_x_server_4h_block,atr_slope3,1,0.0,12,move_ge_1atr,2.6064351942882896e-17,1267,62537,0.07273388234670208,1.4802049850079037e-14,1.5972620118835287e-14,4,"{'1': {'effect': 0.0028252014088778754, 'n_state': 257, 'same_sign': True}, '2': {'effect': 0.08015689135363824, 'n_state': 357, 'same_sign': True}, '3': {'effect': 0.08468186329337257, 'n_state': 325, 'same_sign': True}, '4': {'effect': 0.10346910451270996, 'n_state': 328, 'same_sign': True}}"
2747,61218,0.0909495498866042,0.9588642155078267,0.8679146656212225,3.144274294393122e-44,atr_slope3:Q1:H1,feature_quintile_x_server_4h_block,atr_slope3,1,1.0,12,move_ge_1atr,5.018973685012417e-44,2902,60902,0.07346701384499921,4.135905448677203e-31,5.698657996060121e-31,4,"{'1': {'effect': 0.08885260817986018, 'n_state': 660, 'same_sign': True}, '2': {'effect': 0.04519436213294681, 'n_state': 738, 'same_sign': True}, '3': {'effect': 0.07086005253635252, 'n_state': 716, 'same_sign': True}, '4': {'effect': 0.08009326774797021, 'n_state': 788, 'same_sign': True}}"
727,63238,0.11991375303959673,0.9903713892709766,0.8704576362313798,6.790089442050285e-22,atr_slope3:Q1:H2,feature_quintile_x_server_4h_block,atr_slope3,1,2.0,12,move_ge_1atr,8.206308097106486e-22,1058,62746,0.1140965191252975,2.4306112950376866e-28,3.2639637390506077e-28,4,"{'1': {'effect': 0.12292046669601864, 'n_state': 208, 'same_sign': True}, '2': {'effect': 0.08760419412370823, 'n_state': 299, 'same_sign': True}, '3': {'effect': 0.12778004970272738, 'n_state': 226, 'same_sign': True}, '4': {'effect': 0.11870130279304969, 'n_state': 325, 'same_sign': True}}"
1052,62913,0.11292645121191258,0.9828897338403042,0.8699632826283916,1.6691837468282416e-27,atr_slope3:Q1:H3,feature_quintile_x_server_4h_block,atr_slope3,1,3.0,12,move_ge_1atr,2.2703045816988626e-27,1309,62495,0.10971587581857578,4.6316722791346937e-32,6.530657913579918e-32,4,"{'1': {'effect': 0.10675164745567223, 'n_state': 285, 'same_sign': True}, '2': {'effect': 0.10131693197961533, 'n_state': 302, 'same_sign': True}, '3': {'effect': 0.10308147587906047, 'n_state': 323, 'same_sign': True}, '4': {'effect': 0.11804054731102653, 'n_state': 399, 'same_sign': True}}"
11436,52529,0.10667836699421474,0.9594263728576425,0.8527480058634278,5.398663718866185e-210,atr_slope3:Q2,feature_quintile,atr_slope3,2,,12,move_ge_1atr,2.509488739648787e-209,11545,52259,0.11230923473400733,1.988928056028724e-235,1.1069954838159872e-234,4,"{'1': {'effect': 0.09689658522718081, 'n_state': 2616, 'same_sign': True}, '2': {'effect': 0.09333117752030451, 'n_state': 2973, 'same_sign': True}, '3': {'effect': 0.0969544000985304, 'n_state': 2878, 'same_sign': True}, '4': {'effect': 0.0982804620299702, 'n_state': 3078, 'same_sign': True}}"
785,63180,0.11429552204499127,0.9847133757961783,0.8704178537511871,1.723438372239445e-21,atr_slope3:Q2:H0,feature_quintile_x_server_4h_block,atr_slope3,2,0.0,12,move_ge_1atr,2.03068086756904e-21,810,62994,0.12271245115642992,2.2213464272710186e-25,2.8560168350627383e-25,4,"{'1': {'effect': 0.10015937047157386, 'n_state': 146, 'same_sign': True}, '2': {'effect': 0.12325177872030757, 'n_state': 222, 'same_sign': True}, '3': {'effect': 0.12774187461672726, 'n_state': 207, 'same_sign': True}, '4': {'effect': 0.1277981406031241, 'n_state': 235, 'same_sign': True}}"
2506,61459,0.09810437929492821,0.9660814046288907,0.8679770253339625,5.136775334225401e-47,atr_slope3:Q2:H1,feature_quintile_x_server_4h_block,atr_slope3,2,1.0,12,move_ge_1atr,8.588363503467766e-47,2687,61117,0.09135327014882755,6.020528005170254e-44,1.002631238656306e-43,4,"{'1': {'effect': 0.08667194476992746, 'n_state': 650, 'same_sign': True}, '2': {'effect': 0.08198999283394881, 'n_state': 671, 'same_sign': True}, '3': {'effect': 0.08726598520033213, 'n_state': 683, 'same_sign': True}, '4': {'effect': 0.09762578522001586, 'n_state': 683, 'same_sign': True}}"
1845,62120,0.12026630858710396,0.9886178861788618,0.8683515775917579,2.2795075634369264e-52,atr_slope3:Q2:H2,feature_quintile_x_server_4h_block,atr_slope3,2,2.0,12,move_ge_1atr,4.210618774383493e-52,2034,61770,0.11171473966369672,5.022867947561034e-50,9.31874185008034e-50,4,"{'1': {'effect': 0.11483538738682486, 'n_state': 451, 'same_sign': True}, '2': {'effect': 0.09435067307966094, 'n_state': 562, 'same_sign': True}, '3': {'effect': 0.12118549904676268, 'n_state': 431, 'same_sign': True}, '4': {'effect': 0.10969775521727909, 'n_state': 590, 'same_sign': True}}"
2063,61902,0.11892738436826478,0.98691226369365,0.8679848793253853,6.746394066008987e-57,atr_slope3:Q2:H3,feature_quintile_x_server_4h_block,atr_slope3,2,3.0,12,move_ge_1atr,1.279697170368521e-56,2122,61682,0.11805875143071387,6.576630882727116e-58,1.3704014105387044e-57,4,"{'1': {'effect': 0.11825413875900415, 'n_state': 500, 'same_sign': True}, '2': {'effect': 0.11496724514686063, 'n_state': 526, 'same_sign': True}, '3': {'effect': 0.11323399534365053, 'n_state': 532, 'same_sign': True}, '4': {'effect': 0.11415209872555743, 'n_state': 564, 'same_sign': True}}"
1830,62135,0.06726227617372893,0.9371584699453552,0.8698961937716263,2.1865859747809222e-17,atr_slope3:Q2:H4,feature_quintile_x_server_4h_block,atr_slope3,2,4.0,12,move_ge_1atr,2.46646897955288e-17,1717,62087,0.07279243934659896,4.413413323166696e-19,5.1571100433688185e-19,4,"{'1': {'effect': 0.0826014485850265, 'n_state': 376, 'same_sign': True}, '2': {'effect': 0.06390551060641347, 'n_state': 454, 'same_sign': True}, '3': {'effect': 0.07391034254420725, 'n_state': 445, 'same_sign': True}, '4': {'effect': 0.06670355399506478, 'n_state': 442, 'same_sign': True}}"
11520,52445,0.12330278545778117,0.9729166666666667,0.8496138812088855,2.0217121267502422e-281,atr_slope3:Q3,feature_quintile,atr_slope3,3,,12,move_ge_1atr,1.5271146957417009e-280,11742,52062,0.11982755044999893,3.2035340066752583e-271,2.3363704910752315e-270,4,"{'1': {'effect': 0.11099361979081979, 'n_state': 2824, 'same_sign': True}, '2': {'effect': 0.09518652436485298, 'n_state': 2906, 'same_sign': True}, '3': {'effect': 0.095894939258521, 'n_state': 2930, 'same_sign': True}, '4': {'effect': 0.10787914180264002, 'n_state': 3082, 'same_sign': True}}"
887,63078,0.11854943610017665,0.9887260428410372,0.8701766067408605,9.774241454428648e-26,atr_slope3:Q3:H0,feature_quintile_x_server_4h_block,atr_slope3,3,0.0,12,move_ge_1atr,1.2800322400072192e-25,860,62944,0.12553107376361128,5.386504926875189e-28,7.187670612202539e-28,4,"{'1': {'effect': 0.12769970762991611, 'n_state': 186, 'same_sign': True}, '2': {'effect': 0.12271209357902013, 'n_state': 200, 'same_sign': True}, '3': {'effect': 0.1278081933169719, 'n_state': 240, 'same_sign': True}, '4': {'effect': 0.1192176603219548, 'n_state': 234, 'same_sign': True}}"
2324,61641,0.09639784202687596,0.9647160068846816,0.8683181648578057,2.1135894093075532e-42,atr_slope3:Q3:H1,feature_quintile_x_server_4h_block,atr_slope3,3,1.0,12,move_ge_1atr,3.2510848004985275e-42,2522,61282,0.09334874739963339,3.235594252340793e-43,5.3048696462796726e-43,4,"{'1': {'effect': 0.11421830453645943, 'n_state': 632, 'same_sign': True}, '2': {'effect': 0.07228077784931852, 'n_state': 610, 'same_sign': True}, '3': {'effect': 0.08349257866922899, 'n_state': 649, 'same_sign': True}, '4': {'effect': 0.09178508451736556, 'n_state': 631, 'same_sign': True}}"
2768,61197,0.12529207177124646,0.9916907514450867,0.8663986796738402,6.829786587175386e-83,atr_slope3:Q3:H2,feature_quintile_x_server_4h_block,atr_slope3,3,2.0,12,move_ge_1atr,2.1242645046876383e-82,2914,60890,0.12299269822050474,2.518949363196531e-84,8.324340473688536e-84,4,"{'1': {'effect': 0.12294173345670178, 'n_state': 698, 'same_sign': True}, '2': {'effect': 0.11097017948153987, 'n_state': 737, 'same_sign': True}, '3': {'effect': 0.1202975147244888, 'n_state': 716, 'same_sign': True}, '4': {'effect': 0.12090964204929933, 'n_state': 763, 'same_sign': True}}"
2548,61417,0.12327856980163576,0.9901883830455259,0.8669098132438902,2.4603116959196817e-74,atr_slope3:Q3:H3,feature_quintile_x_server_4h_block,atr_slope3,3,3.0,12,move_ge_1atr,6.846788469565956e-74,2455,61349,0.11505377782663029,4.080211486839107e-63,9.131901899116097e-63,4,"{'1': {'effect': 0.10893189131516934, 'n_state': 617, 'same_sign': True}, '2': {'effect': 0.11168142880858167, 'n_state': 599, 'same_sign': True}, '3': {'effect': 0.11002879564584522, 'n_state': 600, 'same_sign': True}, '4': {'effect': 0.1159693165191843, 'n_state': 639, 'same_sign': True}}"
1446,62519,0.08727553186210368,0.9571230982019364,0.8698475663398327,9.707344425196277e-23,atr_slope3:Q3:H4,feature_quintile_x_server_4h_block,atr_slope3,3,4.0,12,move_ge_1atr,1.2006452315374343e-22,1362,62442,0.06558502149025125,6.807327160560836e-13,7.162933803276701e-13,4,"{'1': {'effect': 0.07963995463995455, 'n_state': 312, 'same_sign': True}, '2': {'effect': 0.044235375693393864, 'n_state': 348, 'same_sign': True}, '3': {'effect': 0.05640876290811936, 'n_state': 337, 'same_sign': True}, '4': {'effect': 0.07846122054040905, 'n_state': 365, 'same_sign': True}}"
1547,62418,0.058488662140889214,0.9288946347769877,0.8704059726360985,1.0612040639789783e-11,atr_slope3:Q3:H5,feature_quintile_x_server_4h_block,atr_slope3,3,5.0,12,move_ge_1atr,1.1083686890447107e-11,1629,62175,0.07207743248316667,6.991922292735306e-18,7.993467918451444e-18,4,"{'1': {'effect': 0.07500251164038718, 'n_state': 379, 'same_sign': True}, '2': {'effect': 0.08173874501943224, 'n_state': 412, 'same_sign': True}, '3': {'effect': 0.03734837479630493, 'n_state': 388, 'same_sign': True}, '4': {'effect': 0.08570971577695696, 'n_state': 450, 'same_sign': True}}"
11523,52442,0.13527967502895788,0.9827301917903324,0.8474505167613745,0.0,atr_slope3:Q4,feature_quintile,atr_slope3,4,,12,move_ge_1atr,0.0,11488,52316,0.13065752558748944,1.1676625e-316,1.097602746e-315,4,"{'1': {'effect': 0.11542508516248906, 'n_state': 2912, 'same_sign': True}, '2': {'effect': 0.11075091181916796, 'n_state': 2761, 'same_sign': True}, '3': {'effect': 0.11134476504060753, 'n_state': 2899, 'same_sign': True}, '4': {'effect': 0.11114503969509149, 'n_state': 2916, 'same_sign': True}}"
1042,62923,0.1254241885925652,0.9952015355086372,0.869777346916072,3.0623798482224985e-33,atr_slope3:Q4:H0,feature_quintile_x_server_4h_block,atr_slope3,4,0.0,12,move_ge_1atr,4.3615712989835586e-33,1009,62795,0.12433833219000179,6.699077688006382e-32,9.383145238499004e-32,4,"{'1': {'effect': 0.11728611593997229, 'n_state': 284, 'same_sign': True}, '2': {'effect': 0.1277900995705724, 'n_state': 231, 'same_sign': True}, '3': {'effect': 0.12395269056146108, 'n_state': 258, 'same_sign': True}, '4': {'effect': 0.12354713169828546, 'n_state': 236, 'same_sign': True}}"
2159,61806,0.10389560023739353,0.9722093561834182,0.8683137559460247,9.795566260911747e-46,atr_slope3:Q4:H1,feature_quintile_x_server_4h_block,atr_slope3,4,1.0,12,move_ge_1atr,1.606017259056461e-45,2248,61556,0.10200684664301285,4.405156168492617e-46,7.605636976621946e-46,4,"{'1': {'effect': 0.09661158304243389, 'n_state': 570, 'same_sign': True}, '2': {'effect': 0.0962047604805244, 'n_state': 563, 'same_sign': True}, '3': {'effect': 0.09819926388930522, 'n_state': 599, 'same_sign': True}, '4': {'effect': 0.10687392885384783, 'n_state': 516, 'same_sign': True}}"
3551,60414,0.12587418846008724,0.9907068431427767,0.8648326546826894,2.0110906447467567e-105,atr_slope3:Q4:H2,feature_quintile_x_server_4h_block,atr_slope3,4,2.0,12,move_ge_1atr,7.33354605799895e-105,3318,60486,0.1279536896407335,8.475322434115563e-103,3.2009476693132884e-102,4,"{'1': {'effect': 0.1251734186211798, 'n_state': 804, 'same_sign': True}, '2': {'effect': 0.12226791465746922, 'n_state': 766, 'same_sign': True}, '3': {'effect': 0.12377838334923641, 'n_state': 933, 'same_sign': True}, '4': {'effect': 0.1202748128093648, 'n_state': 815, 'same_sign': True}}"
2752,61213,0.12900592607627426,0.9952761627906976,0.8662702367144234,2.7278593796553813e-87,atr_slope3:Q4:H3,feature_quintile_x_server_4h_block,atr_slope3,4,3.0,12,move_ge_1atr,8.808278760261269e-87,2559,61245,0.11962018671380881,9.166076980115326e-71,2.517695170512197e-70,4,"{'1': {'effect': 0.1174901393061969, 'n_state': 717, 'same_sign': True}, '2': {'effect': 0.11967620428742909, 'n_state': 573, 'same_sign': True}, '3': {'effect': 0.11531516013400323, 'n_state': 610, 'same_sign': True}, '4': {'effect': 0.111790107576908, 'n_state': 659, 'same_sign': True}}"
1176,62789,0.10372593589825685,0.9736394557823129,0.8699135198840561,5.508470559886264e-26,atr_slope3:Q4:H4,feature_quintile_x_server_4h_block,atr_slope3,4,4.0,12,move_ge_1atr,7.281509521349655e-26,1246,62558,0.08975437086518545,4.904604073132557e-21,5.893885008338272e-21,4,"{'1': {'effect': 0.098334882652929, 'n_state': 272, 'same_sign': True}, '2': {'effect': 0.09170021781677729, 'n_state': 305, 'same_sign': True}, '3': {'effect': 0.07248940783893987, 'n_state': 272, 'same_sign': True}, '4': {'effect': 0.09010471275112497, 'n_state': 397, 'same_sign': True}}"
843,63122,0.06137264999225922,0.9323843416370107,0.8710116916447515,1.1886494436949752e-07,atr_slope3:Q4:H5,feature_quintile_x_server_4h_block,atr_slope3,4,5.0,12,move_ge_1atr,1.1942962344013646e-07,1108,62696,0.07355054404981642,3.324255635175456e-13,3.5242108613514234e-13,4,"{'1': {'effect': 0.08996524790746552, 'n_state': 265, 'same_sign': True}, '2': {'effect': 0.06574074015369313, 'n_state': 323, 'same_sign': True}, '3': {'effect': 0.06588784531906533, 'n_state': 227, 'same_sign': True}, '4': {'effect': 0.06962670141309535, 'n_state': 293, 'same_sign': True}}"
18900,45065,-0.31147126108848067,0.6523809523809524,0.9638522134694331,0.0,atr_slope3:Q5,feature_quintile,atr_slope3,5,,12,move_ge_1atr,0.0,18009,45795,-0.324385159751165,0.0,0.0,4,"{'1': {'effect': -0.24552422969500987, 'n_state': 4681, 'same_sign': True}, '2': {'effect': -0.27509074616099227, 'n_state': 4331, 'same_sign': True}, '3': {'effect': -0.2555531946093158, 'n_state': 4587, 'same_sign': True}, '4': {'effect': -0.22641729082783735, 'n_state': 4410, 'same_sign': True}}"
5508,58457,-0.541745222506127,0.3767247639796659,0.9184699864857929,0.0,atr_slope3:Q5:H0,feature_quintile_x_server_4h_block,atr_slope3,5,0.0,12,move_ge_1atr,0.0,5324,58480,-0.5619363982729009,0.0,0.0,4,"{'1': {'effect': -0.4810393868957072, 'n_state': 1395, 'same_sign': True}, '2': {'effect': -0.5475786706388309, 'n_state': 1291, 'same_sign': True}, '3': {'effect': -0.5309764893063116, 'n_state': 1346, 'same_sign': True}, '4': {'effect': -0.547853004173663, 'n_state': 1292, 'same_sign': True}}"
2591,61374,0.0825056671790172,0.9509841759938248,0.8684785088148076,8.412380456560147e-35,atr_slope3:Q5:H1,feature_quintile_x_server_4h_block,atr_slope3,5,1.0,12,move_ge_1atr,1.2228305612113203e-34,2023,61781,0.10801366583059813,1.204861354922295e-46,2.114756652000543e-46,4,"{'1': {'effect': 0.11260605605763763, 'n_state': 512, 'same_sign': True}, '2': {'effect': 0.10980335780267192, 'n_state': 490, 'same_sign': True}, '3': {'effect': 0.1128942064867009, 'n_state': 521, 'same_sign': True}, '4': {'effect': 0.08600139011752805, 'n_state': 500, 'same_sign': True}}"
3541,60424,0.1306088672524197,0.9951990963004801,0.8645902290480604,4.662495630738787e-113,atr_slope3:Q5:H2,feature_quintile_x_server_4h_block,atr_slope3,5,2.0,12,move_ge_1atr,1.7929415016386427e-112,3060,60744,0.12824944543865224,8.749203028840252e-96,3.218185114086458e-95,4,"{'1': {'effect': 0.12437471329759553, 'n_state': 863, 'same_sign': True}, '2': {'effect': 0.127327902813684, 'n_state': 708, 'same_sign': True}, '3': {'effect': 0.12554326706404695, 'n_state': 862, 'same_sign': True}, '4': {'effect': 0.11570530217639463, 'n_state': 627, 'same_sign': True}}"
3804,60161,-0.48924395144322774,0.4116719242902208,0.9009158757334486,0.0,atr_slope3:Q5:H4,feature_quintile_x_server_4h_block,atr_slope3,5,4.0,12,move_ge_1atr,0.0,3874,59930,-0.472062820494156,0.0,0.0,4,"{'1': {'effect': -0.5205149884855955, 'n_state': 991, 'same_sign': True}, '2': {'effect': -0.4759425363855617, 'n_state': 929, 'same_sign': True}, '3': {'effect': -0.48102353555743876, 'n_state': 938, 'same_sign': True}, '4': {'effect': -0.32969418651139015, 'n_state': 1016, 'same_sign': True}}"
962,63003,-0.3996607362161383,0.4781704781704782,0.8778312143866165,1.7463466953793596e-296,atr_slope3:Q5:H5,feature_quintile_x_server_4h_block,atr_slope3,5,5.0,12,move_ge_1atr,1.4205858695105175e-295,1206,62598,-0.33167813763541165,9.820743315938372e-257,6.886356393088153e-256,4,"{'1': {'effect': -0.4020863171084735, 'n_state': 290, 'same_sign': True}, '2': {'effect': -0.3390742140742141, 'n_state': 312, 'same_sign': True}, '3': {'effect': -0.3124586961885748, 'n_state': 292, 'same_sign': True}, '4': {'effect': -0.2585522585522585, 'n_state': 312, 'same_sign': True}}"
9606,54359,0.07671940758494933,0.9370185300853633,0.860299122500414,1.651065469233709e-95,atr_slope12:Q1,feature_quintile,atr_slope12,1,,12,move_ge_1atr,5.86891339063747e-95,9549,54255,0.08434231794200442,4.591195042837337e-115,1.8321467010567864e-114,4,"{'1': {'effect': 0.06895349401041284, 'n_state': 1935, 'same_sign': True}, '2': {'effect': 0.08003884798671768, 'n_state': 2592, 'same_sign': True}, '3': {'effect': 0.06665951307088858, 'n_state': 2769, 'same_sign': True}, '4': {'effect': 0.08275747904247333, 'n_state': 2253, 'same_sign': True}}"
438,63527,0.11297130842794845,0.9840182648401826,0.8710469564122342,1.8098977289194238e-12,atr_slope12:Q1:H0,feature_quintile_x_server_4h_block,atr_slope12,1,0.0,12,move_ge_1atr,1.9044446252062593e-12,510,63294,0.1006812280320224,1.093186713191369e-11,1.1361621122357471e-11,4,"{'1': {'effect': 0.017189739702789697, 'n_state': 118, 'same_sign': True}, '2': {'effect': 0.12134051349095887, 'n_state': 159, 'same_sign': True}, '3': {'effect': 0.12751930683744583, 'n_state': 96, 'same_sign': True}, '4': {'effect': 0.1276014261705436, 'n_state': 137, 'same_sign': True}}"
2475,61490,0.0984535877559134,0.9664646464646465,0.8680110587087331,8.491918444997108e-47,atr_slope12:Q1:H1,feature_quintile_x_server_4h_block,atr_slope12,1,1.0,12,move_ge_1atr,1.4142053158400696e-46,2769,61035,0.09006607845648473,5.826364285283357e-44,9.741312619268221e-44,4,"{'1': {'effect': 0.09403036084235894, 'n_state': 614, 'same_sign': True}, '2': {'effect': 0.06962610758997034, 'n_state': 735, 'same_sign': True}, '3': {'effect': 0.08757618373398568, 'n_state': 664, 'same_sign': True}, '4': {'effect': 0.09806612447457519, 'n_state': 756, 'same_sign': True}}"
398,63567,0.12645372472506167,0.9974874371859297,0.871033712460868,5.350526252464676e-14,atr_slope12:Q1:H2,feature_quintile_x_server_4h_block,atr_slope12,1,2.0,12,move_ge_1atr,5.700938551114757e-14,520,63284,0.10510713608495037,8.012395040221503e-13,8.410032511200238e-13,4,"{'1': {'effect': 0.1274632860549768, 'n_state': 68, 'same_sign': True}, '2': {'effect': 0.060818051823567365, 'n_state': 165, 'same_sign': True}, '3': {'effect': 0.1276074390550389, 'n_state': 140, 'same_sign': True}, '4': {'effect': 0.12080304104298767, 'n_state': 147, 'same_sign': True}}"
555,63410,0.12021351109822953,0.990990990990991,0.8707774798927614,3.312261962506448e-17,atr_slope12:Q1:H3,feature_quintile_x_server_4h_block,atr_slope12,1,3.0,12,move_ge_1atr,3.706578862804835e-17,906,62898,0.11348637834534592,2.5756143697649793e-24,3.252193666897272e-24,4,"{'1': {'effect': 0.12221348709223501, 'n_state': 183, 'same_sign': True}, '2': {'effect': 0.10005620583089014, 'n_state': 253, 'same_sign': True}, '3': {'effect': 0.10845021699477952, 'n_state': 208, 'same_sign': True}, '4': {'effect': 0.12018738102177295, 'n_state': 262, 'same_sign': True}}"
1636,62329,0.05438713081828073,0.9248166259168704,0.8704294950985897,8.254209145300724e-11,atr_slope12:Q1:H4,feature_quintile_x_server_4h_block,atr_slope12,1,4.0,12,move_ge_1atr,8.454068930901224e-11,1560,62244,0.035240344450870764,3.7201240311757e-05,3.7289394909652154e-05,4,"{'1': {'effect': 0.030927889547765153, 'n_state': 259, 'same_sign': True}, '2': {'effect': 0.05601360764490604, 'n_state': 474, 'same_sign': True}, '3': {'effect': 0.035867328002159415, 'n_state': 534, 'same_sign': True}, '4': {'effect': 0.0010524096683044437, 'n_state': 293, 'same_sign': True}}"
10641,53324,0.10359356938775244,0.958180622121981,0.8545870527342285,2.824829366717751e-187,atr_slope12:Q2,feature_quintile,atr_slope12,2,,12,move_ge_1atr,1.2577924443385353e-186,11712,52092,0.11014910725412663,4.659500176525982e-229,2.4332945366302352e-228,4,"{'1': {'effect': 0.10368261089861464, 'n_state': 2523, 'same_sign': True}, '2': {'effect': 0.08135207841723358, 'n_state': 3067, 'same_sign': True}, '3': {'effect': 0.08740817254818845, 'n_state': 2894, 'same_sign': True}, '4': {'effect': 0.105398337054733, 'n_state': 3228, 'same_sign': True}}"
352,63613,0.10317908682187604,0.9744318181818182,0.8712527313599422,7.701404218231675e-09,atr_slope12:Q2:H0,feature_quintile_x_server_4h_block,atr_slope12,2,0.0,12,move_ge_1atr,7.774925976878278e-09,423,63381,0.12579737019875636,1.026766625643851e-14,1.1107986768474397e-14,4,"{'1': {'effect': 0.12744329055940762, 'n_state': 58, 'same_sign': True}, '2': {'effect': 0.12758739831014232, 'n_state': 130, 'same_sign': True}, '3': {'effect': 0.12758138731410085, 'n_state': 127, 'same_sign': True}, '4': {'effect': 0.11826837198917073, 'n_state': 108, 'same_sign': True}}"
2735,61230,0.09265299029851481,0.9605118829981718,0.867858892699657,1.190434988951388e-45,atr_slope12:Q2:H1,feature_quintile_x_server_4h_block,atr_slope12,2,1.0,12,move_ge_1atr,1.9442239394843134e-45,3122,60682,0.08706487887908998,5.7651000812948246e-46,9.913159895885003e-46,4,"{'1': {'effect': 0.10202502234419941, 'n_state': 682, 'same_sign': True}, '2': {'effect': 0.06584378705004734, 'n_state': 739, 'same_sign': True}, '3': {'effect': 0.07990286621677034, 'n_state': 785, 'same_sign': True}, '4': {'effect': 0.08820067726974523, 'n_state': 916, 'same_sign': True}}"
1385,62580,0.12068428224147454,0.9898916967509025,0.869207414509428,2.6736168301800914e-40,atr_slope12:Q2:H2,feature_quintile_x_server_4h_block,atr_slope12,2,2.0,12,move_ge_1atr,4.039071139879209e-40,1756,62048,0.11453429837844697,9.321851578235893e-46,1.589977103868461e-45,4,"{'1': {'effect': 0.1279067936707864, 'n_state': 289, 'same_sign': True}, '2': {'effect': 0.09508177931240469, 'n_state': 574, 'same_sign': True}, '3': {'effect': 0.11400060967695747, 'n_state': 358, 'same_sign': True}, '4': {'effect': 0.12086425813057822, 'n_state': 535, 'same_sign': True}}"
2496,61469,0.1196262977147956,0.9867788461538461,0.8671525484390505,9.071732030626661e-69,atr_slope12:Q2:H3,feature_quintile_x_server_4h_block,atr_slope12,2,3.0,12,move_ge_1atr,2.2706169520444247e-68,2734,61070,0.11774210917257211,5.5905794806286903e-73,1.5557994212539052e-72,4,"{'1': {'effect': 0.11182978455863868, 'n_state': 604, 'same_sign': True}, '2': {'effect': 0.1164307714188022, 'n_state': 661, 'same_sign': True}, '3': {'effect': 0.10433087811554531, 'n_state': 704, 'same_sign': True}, '4': {'effect': 0.12225733898311941, 'n_state': 765, 'same_sign': True}}"
1219,62746,0.0629308570588395,0.933552091878589,0.8706212348197495,7.527430125639211e-11,atr_slope12:Q2:H4,feature_quintile_x_server_4h_block,atr_slope12,2,4.0,12,move_ge_1atr,7.728405201809189e-11,1188,62616,0.05340600975901855,4.48660172430285e-08,4.540269209043314e-08,4,"{'1': {'effect': 0.08287654201680217, 'n_state': 290, 'same_sign': True}, '2': {'effect': 0.025751588390915403, 'n_state': 295, 'same_sign': True}, '3': {'effect': 0.032259226246747486, 'n_state': 336, 'same_sign': True}, '4': {'effect': 0.07520770433152901, 'n_state': 267, 'same_sign': True}}"
10857,53108,0.12664951288494797,0.9769733812287004,0.8503238683437524,2.4350993181698587e-283,atr_slope12:Q3,feature_quintile,atr_slope12,3,,12,move_ge_1atr,1.8728127483379097e-282,11408,52396,0.12398772959660853,7.894053894908726e-284,6.300348674615831e-283,4,"{'1': {'effect': 0.11113925168414207, 'n_state': 2762, 'same_sign': True}, '2': {'effect': 0.1053317866342709, 'n_state': 2783, 'same_sign': True}, '3': {'effect': 0.10315446234218806, 'n_state': 2759, 'same_sign': True}, '4': {'effect': 0.10674739720443616, 'n_state': 3104, 'same_sign': True}}"
444,63521,0.12227143864318968,0.9932432432432432,0.8709718046000535,1.5865078575829503e-14,atr_slope12:Q3:H0,feature_quintile_x_server_4h_block,atr_slope12,3,0.0,12,move_ge_1atr,1.698969174069843e-14,487,63317,0.12623759221509812,8.407681363604668e-17,9.408595811652843e-17,4,"{'1': {'effect': 0.12746128622307296, 'n_state': 67, 'same_sign': True}, '2': {'effect': 0.12762147132287105, 'n_state': 147, 'same_sign': True}, '3': {'effect': 0.12764753943812457, 'n_state': 160, 'same_sign': True}, '4': {'effect': 0.11868808515894558, 'n_state': 113, 'same_sign': True}}"
2398,61567,0.09764494651385236,0.9658048373644704,0.8681598908506181,9.77486977396645e-45,atr_slope12:Q3:H1,feature_quintile_x_server_4h_block,atr_slope12,3,1.0,12,move_ge_1atr,1.5721558609839577e-44,2610,61194,0.08561909194763662,8.497858432019722e-38,1.2837836131229794e-37,4,"{'1': {'effect': 0.0913339498832958, 'n_state': 729, 'same_sign': True}, '2': {'effect': 0.06421792036222007, 'n_state': 612, 'same_sign': True}, '3': {'effect': 0.07713120115757899, 'n_state': 628, 'same_sign': True}, '4': {'effect': 0.09710171412730206, 'n_state': 641, 'same_sign': True}}"
2763,61202,0.12110520777963363,0.9876945349258053,0.8665893271461717,1.9423347376344576e-77,atr_slope12:Q3:H2,feature_quintile_x_server_4h_block,atr_slope12,3,2.0,12,move_ge_1atr,5.551402662293078e-77,3065,60739,0.1272407785919627,1.8586717573228386e-94,6.777742701272076e-94,4,"{'1': {'effect': 0.12411851174561428, 'n_state': 666, 'same_sign': True}, '2': {'effect': 0.12378849987132645, 'n_state': 789, 'same_sign': True}, '3': {'effect': 0.12332455378644824, 'n_state': 737, 'same_sign': True}, '4': {'effect': 0.11980284303088518, 'n_state': 873, 'same_sign': True}}"
3536,60429,0.12699862929525985,0.9917986425339367,0.8648000132386768,7.334884006428173e-107,atr_slope12:Q3:H3,feature_quintile_x_server_4h_block,atr_slope12,3,3.0,12,move_ge_1atr,2.7457132165655906e-106,3123,60681,0.12074975920516351,9.424874779058903e-87,3.267804943886816e-86,4,"{'1': {'effect': 0.11577378655259529, 'n_state': 841, 'same_sign': True}, '2': {'effect': 0.12172179310327447, 'n_state': 717, 'same_sign': True}, '3': {'effect': 0.11625005757895357, 'n_state': 798, 'same_sign': True}, '4': {'effect': 0.11172131083627779, 'n_state': 767, 'same_sign': True}}"
869,63096,0.07744798763547767,0.9482163406214039,0.8707683529859263,1.1764029118586042e-11,atr_slope12:Q3:H4,feature_quintile_x_server_4h_block,atr_slope12,3,4.0,12,move_ge_1atr,1.225661161862536e-11,897,62907,0.07826045487437983,2.910865975012925e-12,3.0402377961246103e-12,4,"{'1': {'effect': 0.10385975316629148, 'n_state': 210, 'same_sign': True}, '2': {'effect': 0.06534894777787559, 'n_state': 193, 'same_sign': True}, '3': {'effect': 0.032903732833403865, 'n_state': 201, 'same_sign': True}, '4': {'effect': 0.09705641811101173, 'n_state': 293, 'same_sign': True}}"
847,63118,0.0617001427546755,0.9327036599763873,0.8710035172217118,9.505364641632739e-08,atr_slope12:Q3:H5,feature_quintile_x_server_4h_block,atr_slope12,3,5.0,12,move_ge_1atr,9.573260103358686e-08,1226,62578,0.072438770965222,4.86179011363192e-14,5.193275803197733e-14,4,"{'1': {'effect': 0.07944470826425831, 'n_state': 249, 'same_sign': True}, '2': {'effect': 0.08468186329337257, 'n_state': 325, 'same_sign': True}, '3': {'effect': 0.06800343938551612, 'n_state': 235, 'same_sign': True}, '4': {'effect': 0.05816320959986232, 'n_state': 417, 'same_sign': True}}"
10854,53111,0.13884034055914762,0.9871015293900866,0.8482611888309389,0.0,atr_slope12:Q4,feature_quintile,atr_slope12,4,,12,move_ge_1atr,0.0,10768,53036,0.13351574702069535,3.1851770035e-314,2.9289779837e-313,4,"{'1': {'effect': 0.12209693181064618, 'n_state': 2822, 'same_sign': True}, '2': {'effect': 0.10700476679133919, 'n_state': 2455, 'same_sign': True}, '3': {'effect': 0.11971554568421938, 'n_state': 2687, 'same_sign': True}, '4': {'effect': 0.11378293304646758, 'n_state': 2804, 'same_sign': True}}"
700,63265,0.126708967946619,0.9971428571428571,0.8704338891962381,1.9924577632996178e-23,atr_slope12:Q4:H0,feature_quintile_x_server_4h_block,atr_slope12,4,0.0,12,move_ge_1atr,2.5009187948834965e-23,572,63232,0.12318705143540676,1.3835004864025879e-18,1.598963676907909e-18,4,"{'1': {'effect': 0.1120501091114946, 'n_state': 129, 'same_sign': True}, '2': {'effect': 0.12756335772383254, 'n_state': 118, 'same_sign': True}, '3': {'effect': 0.12764352826571979, 'n_state': 158, 'same_sign': True}, '4': {'effect': 0.121657842446383, 'n_state': 167, 'same_sign': True}}"
1919,62046,0.10420835878344525,0.9729025534132361,0.8686941946297908,3.103754234211617e-41,atr_slope12:Q4:H1,feature_quintile_x_server_4h_block,atr_slope12,4,1.0,12,move_ge_1atr,4.72261885277523e-41,2105,61699,0.10563434564071483,2.268618149038589e-46,3.949076037215322e-46,4,"{'1': {'effect': 0.10893097531358054, 'n_state': 568, 'same_sign': True}, '2': {'effect': 0.07875984169087613, 'n_state': 468, 'same_sign': True}, '3': {'effect': 0.10769120888689732, 'n_state': 582, 'same_sign': True}, '4': {'effect': 0.11382250239246283, 'n_state': 487, 'same_sign': True}}"
4258,59707,0.13203697171477025,0.9950681070925317,0.8630311353777614,7.25448102102748e-137,atr_slope12:Q4:H2,feature_quintile_x_server_4h_block,atr_slope12,4,2.0,12,move_ge_1atr,3.0382628434600237e-136,4190,59614,0.12835813342687596,2.947837338298936e-128,1.1989761481735095e-127,4,"{'1': {'effect': 0.12615286862301756, 'n_state': 1156, 'same_sign': True}, '2': {'effect': 0.1162274802190778, 'n_state': 937, 'same_sign': True}, '3': {'effect': 0.12767370029605796, 'n_state': 1090, 'same_sign': True}, '4': {'effect': 0.11625258855321696, 'n_state': 1007, 'same_sign': True}}"
2602,61363,0.12920794055480356,0.995772482705611,0.8665645421508075,4.350623008202528e-83,atr_slope12:Q4:H3,feature_quintile_x_server_4h_block,atr_slope12,4,3.0,12,move_ge_1atr,1.3733683078131862e-82,2364,61440,0.11816935014805419,3.5543486531673636e-64,8.171138479835842e-64,4,"{'1': {'effect': 0.11556982588953912, 'n_state': 621, 'same_sign': True}, '2': {'effect': 0.11099413789834012, 'n_state': 522, 'same_sign': True}, '3': {'effect': 0.11610732308716298, 'n_state': 571, 'same_sign': True}, '4': {'effect': 0.116203565886563, 'n_state': 650, 'same_sign': True}}"
1084,62881,0.0975447179528649,0.9677121771217713,0.8701674591689064,1.6437601685018604e-21,atr_slope12:Q4:H4,feature_quintile_x_server_4h_block,atr_slope12,4,4.0,12,move_ge_1atr,1.942208243788511e-21,1049,62755,0.10619444829063107,1.41075425604752e-24,1.7920391901144175e-24,4,"{'1': {'effect': 0.11962351548023353, 'n_state': 245, 'same_sign': True}, '2': {'effect': 0.09948833540753499, 'n_state': 248, 'same_sign': True}, '3': {'effect': 0.09880338386062015, 'n_state': 208, 'same_sign': True}, '4': {'effect': 0.1020218190828942, 'n_state': 348, 'same_sign': True}}"
22007,41958,-0.2728095153687011,0.6928704503112646,0.9656799656799657,0.0,atr_slope12:Q5,feature_quintile,atr_slope12,5,,12,move_ge_1atr,0.0,20367,43437,-0.2953149576803741,0.0,0.0,4,"{'1': {'effect': -0.21388278315068343, 'n_state': 5345, 'same_sign': True}, '2': {'effect': -0.23569556036735018, 'n_state': 4918, 'same_sign': True}, '3': {'effect': -0.2213757139318404, 'n_state': 5237, 'same_sign': True}, '4': {'effect': -0.20314714866942774, 'n_state': 4867, 'same_sign': True}}"
7390,56575,-0.38856618533004617,0.5281461434370771,0.9167123287671233,0.0,atr_slope12:Q5:H0,feature_quintile_x_server_4h_block,atr_slope12,5,0.0,12,move_ge_1atr,0.0,7278,56526,-0.3967719120652706,0.0,0.0,4,"{'1': {'effect': -0.33516393864967453, 'n_state': 1896, 'same_sign': True}, '2': {'effect': -0.3840466515730469, 'n_state': 1747, 'same_sign': True}, '3': {'effect': -0.3660334518142433, 'n_state': 1835, 'same_sign': True}, '4': {'effect': -0.36405414704427674, 'n_state': 1800, 'same_sign': True}}"
2800,61165,0.08101137438544448,0.9492857142857143,0.8682743399002698,4.5347020314791095e-36,atr_slope12:Q5:H1,feature_quintile_x_server_4h_block,atr_slope12,5,1.0,12,move_ge_1atr,6.706919438166655e-36,1776,62028,0.09911794411939512,4.554482100356793e-35,6.736174575003229e-35,4,"{'1': {'effect': 0.10249777740254984, 'n_state': 431, 'same_sign': True}, '2': {'effect': 0.12447701718630522, 'n_state': 518, 'same_sign': True}, '3': {'effect': 0.09864483688891834, 'n_state': 509, 'same_sign': True}, '4': {'effect': 0.04263426968596262, 'n_state': 318, 'same_sign': True}}"
3628,60337,0.12682833568070884,0.9914553472987873,0.8646270116180784,3.8707049633069314e-109,atr_slope12:Q5:H2,feature_quintile_x_server_4h_block,atr_slope12,5,2.0,12,move_ge_1atr,1.461882320963243e-108,2853,60951,0.12227994903285544,9.539087834943386e-82,3.033860266301543e-81,4,"{'1': {'effect': 0.1158438886357055, 'n_state': 845, 'same_sign': True}, '2': {'effect': 0.12189732589802671, 'n_state': 607, 'same_sign': True}, '3': {'effect': 0.12181952325342227, 'n_state': 843, 'same_sign': True}, '4': {'effect': 0.11217947737100298, 'n_state': 558, 'same_sign': True}}"
5352,58613,-0.33216129387316373,0.5674514200298953,0.8996127139030591,0.0,atr_slope12:Q5:H4,feature_quintile_x_server_4h_block,atr_slope12,5,4.0,12,move_ge_1atr,0.0,5353,58451,-0.33369714485528235,0.0,0.0,4,"{'1': {'effect': -0.38475664806039195, 'n_state': 1305, 'same_sign': True}, '2': {'effect': -0.31368956522678204, 'n_state': 1328, 'same_sign': True}, '3': {'effect': -0.3230234194347398, 'n_state': 1346, 'same_sign': True}, '4': {'effect': -0.23136676396341205, 'n_state': 1374, 'same_sign': True}}"
1117,62848,-0.348815994868237,0.5290957923008057,0.8779117871690427,7.638043093915171e-262,atr_slope12:Q5:H5,feature_quintile_x_server_4h_block,atr_slope12,5,5.0,12,move_ge_1atr,5.211116497945351e-261,1267,62537,-0.3137892454486203,2.6427797087597776e-241,1.5745011504301212e-240,4,"{'1': {'effect': -0.31197190869537805, 'n_state': 368, 'same_sign': True}, '2': {'effect': -0.39657296355757016, 'n_state': 270, 'same_sign': True}, '3': {'effect': -0.32622030654977074, 'n_state': 292, 'same_sign': True}, '4': {'effect': -0.22102095722167636, 'n_state': 337, 'same_sign': True}}"
11140,52825,0.0846662237104494,0.9417414721723519,0.8570752484619025,2.332662237384109e-130,compression6_atr:Q1,feature_quintile,compression6_atr,1,,12,move_ge_1atr,9.397296442033125e-130,11993,51811,0.09221313939890141,4.282261169870686e-164,1.8674190462425777e-163,4,"{'1': {'effect': 0.07234582994877059, 'n_state': 2721, 'same_sign': True}, '2': {'effect': 0.07554836102230023, 'n_state': 3051, 'same_sign': True}, '3': {'effect': 0.07306463202996338, 'n_state': 3129, 'same_sign': True}, '4': {'effect': 0.09268583315846435, 'n_state': 3092, 'same_sign': True}}"
1607,62358,0.061268191998056554,0.9315494710640946,0.870281279066038,4.0376470064028694e-13,compression6_atr:Q1:H0,feature_quintile_x_server_4h_block,compression6_atr,1,0.0,12,move_ge_1atr,4.2805129917504104e-13,1548,62256,0.0503844839711598,4.244202734099253e-09,4.3052703993380906e-09,3,"{'1': {'effect': -0.01431330312426915, 'n_state': 332, 'same_sign': False}, '2': {'effect': 0.05073515491891212, 'n_state': 416, 'same_sign': True}, '3': {'effect': 0.06635298667046219, 'n_state': 391, 'same_sign': True}, '4': {'effect': 0.08385519362725768, 'n_state': 409, 'same_sign': True}}"
2447,61518,0.09503534823162785,0.9632202697180221,0.8681849214863943,2.870172298483455e-43,compression6_atr:Q1:H1,feature_quintile_x_server_4h_block,compression6_atr,1,1.0,12,move_ge_1atr,4.496603267624079e-43,2726,61078,0.08510895357047632,6.986810802625477e-39,1.0786207917921813e-38,4,"{'1': {'effect': 0.0926823824002797, 'n_state': 701, 'same_sign': True}, '2': {'effect': 0.061422459974222576, 'n_state': 691, 'same_sign': True}, '3': {'effect': 0.07364887700026912, 'n_state': 625, 'same_sign': True}, '4': {'effect': 0.10023249469004303, 'n_state': 709, 'same_sign': True}}"
1152,62813,0.12080657014117735,0.9904513888888888,0.8696448187477115,5.409852036214801e-34,compression6_atr:Q1:H2,feature_quintile_x_server_4h_block,compression6_atr,1,2.0,12,move_ge_1atr,7.757177665487664e-34,1406,62398,0.1200147887440497,1.1743282843422374e-40,1.8674468581833327e-40,4,"{'1': {'effect': 0.12782025866138014, 'n_state': 246, 'same_sign': True}, '2': {'effect': 0.09801828567391979, 'n_state': 401, 'same_sign': True}, '3': {'effect': 0.1279430524276738, 'n_state': 307, 'same_sign': True}, '4': {'effect': 0.12377953996605007, 'n_state': 452, 'same_sign': True}}"
1427,62538,0.11891934945319182,0.9880868955851436,0.8691675461319518,2.7365159448250034e-40,compression6_atr:Q1:H3,feature_quintile_x_server_4h_block,compression6_atr,1,3.0,12,move_ge_1atr,4.119381653597781e-40,1761,62043,0.12101383441791114,5.207237875431488e-51,9.746290359767786e-51,4,"{'1': {'effect': 0.12353422822557458, 'n_state': 432, 'same_sign': True}, '2': {'effect': 0.10507387826491443, 'n_state': 393, 'same_sign': True}, '3': {'effect': 0.11938761013253119, 'n_state': 455, 'same_sign': True}, '4': {'effect': 0.12410502823149094, 'n_state': 481, 'same_sign': True}}"
11640,52325,0.11079913736345837,0.9624570446735395,0.8516579073100812,1.769003500010601e-229,compression6_atr:Q2,feature_quintile,compression6_atr,2,,12,move_ge_1atr,9.593442057749797e-229,11589,52215,0.1154147179507734,3.0728733268100256e-249,1.9400379361800608e-248,4,"{'1': {'effect': 0.10083548278362908, 'n_state': 2670, 'same_sign': True}, '2': {'effect': 0.09537129622517371, 'n_state': 2894, 'same_sign': True}, '3': {'effect': 0.09936608109928469, 'n_state': 2922, 'same_sign': True}, '4': {'effect': 0.1003007917970814, 'n_state': 3103, 'same_sign': True}}"
1056,62909,0.12070245645827038,0.990530303030303,0.8698278465720326,2.6982908226322704e-31,compression6_atr:Q2:H0,feature_quintile_x_server_4h_block,compression6_atr,2,0.0,12,move_ge_1atr,3.7919502258254166e-31,1027,62777,0.11753478204849277,3.710883303143001e-29,5.031101401376569e-29,4,"{'1': {'effect': 0.11334465146706263, 'n_state': 209, 'same_sign': True}, '2': {'effect': 0.10193011819467035, 'n_state': 271, 'same_sign': True}, '3': {'effect': 0.12451330133110727, 'n_state': 295, 'same_sign': True}, '4': {'effect': 0.12384833716971178, 'n_state': 252, 'same_sign': True}}"
2416,61549,0.08890502387641608,0.9573675496688742,0.8684625257924581,1.2181538053973017e-37,compression6_atr:Q2:H1,feature_quintile_x_server_4h_block,compression6_atr,2,1.0,12,move_ge_1atr,1.814362886207953e-37,2515,61289,0.08908963617826404,2.036511375525944e-39,3.178761298330164e-39,4,"{'1': {'effect': 0.08663963493921278, 'n_state': 555, 'same_sign': True}, '2': {'effect': 0.07161723545373855, 'n_state': 638, 'same_sign': True}, '3': {'effect': 0.10644828271071982, 'n_state': 638, 'same_sign': True}, '4': {'effect': 0.08141662775443048, 'n_state': 684, 'same_sign': True}}"
2103,61862,0.11877000381857095,0.9866856871136471,0.8679156832950762,8.825645607984736e-58,compression6_atr:Q2:H2,feature_quintile_x_server_4h_block,compression6_atr,2,2.0,12,move_ge_1atr,1.712499124852084e-57,2208,61596,0.12250901385465451,1.4143446953113372e-64,3.323710033981642e-64,4,"{'1': {'effect': 0.12012364627057937, 'n_state': 492, 'same_sign': True}, '2': {'effect': 0.11192864554738902, 'n_state': 550, 'same_sign': True}, '3': {'effect': 0.12089616119252689, 'n_state': 537, 'same_sign': True}, '4': {'effect': 0.123778209644268, 'n_state': 629, 'same_sign': True}}"
2104,61861,0.12271007065208073,0.9904942965779467,0.867784225925866,1.3931995174905407e-61,compression6_atr:Q2:H3,feature_quintile_x_server_4h_block,compression6_atr,2,3.0,12,move_ge_1atr,3.0377494633943234e-61,2200,61604,0.11916354309932642,5.468812086953173e-61,1.1802589350924449e-60,4,"{'1': {'effect': 0.11186486795863226, 'n_state': 548, 'same_sign': True}, '2': {'effect': 0.12106799943503821, 'n_state': 548, 'same_sign': True}, '3': {'effect': 0.11153626345578715, 'n_state': 481, 'same_sign': True}, '4': {'effect': 0.11885717618898317, 'n_state': 623, 'same_sign': True}}"
1801,62164,0.07875903544853025,0.9483620210993893,0.869602985650859,6.410495005811588e-23,compression6_atr:Q2:H4,feature_quintile_x_server_4h_block,compression6_atr,2,4.0,12,move_ge_1atr,7.952021664100592e-23,1752,62052,0.06871192433389939,1.757984698659193e-17,1.9936394840022486e-17,4,"{'1': {'effect': 0.08954335892353849, 'n_state': 417, 'same_sign': True}, '2': {'effect': 0.06722992849291587, 'n_state': 413, 'same_sign': True}, '3': {'effect': 0.06097938938784664, 'n_state': 479, 'same_sign': True}, '4': {'effect': 0.0532047488961368, 'n_state': 443, 'same_sign': True}}"
11693,52272,0.11886395814814521,0.9689557855126999,0.8500918273645547,1.0523930710475176e-264,compression6_atr:Q3,feature_quintile,compression6_atr,3,,12,move_ge_1atr,7.419371150884999e-264,11560,52244,0.11683462136278822,7.303641610144187e-255,4.827250626704673e-254,4,"{'1': {'effect': 0.1033603098038991, 'n_state': 2836, 'same_sign': True}, '2': {'effect': 0.09844683544660127, 'n_state': 2801, 'same_sign': True}, '3': {'effect': 0.0971031601064638, 'n_state': 3016, 'same_sign': True}, '4': {'effect': 0.1020491840991623, 'n_state': 2907, 'same_sign': True}}"
1052,62913,0.1225911042946084,0.9923954372623575,0.8698043329677491,4.0821831120623984e-32,compression6_atr:Q3:H0,feature_quintile_x_server_4h_block,compression6_atr,3,0.0,12,move_ge_1atr,5.775128616730416e-32,1048,62756,0.12363295818191278,1.0777013890012627e-32,1.5400935390119395e-32,4,"{'1': {'effect': 0.1277599547084356, 'n_state': 216, 'same_sign': True}, '2': {'effect': 0.11332490158396435, 'n_state': 276, 'same_sign': True}, '3': {'effect': 0.12460597267521012, 'n_state': 302, 'same_sign': True}, '4': {'effect': 0.12388360581599211, 'n_state': 254, 'same_sign': True}}"
2465,61500,0.10293741651412458,0.9707910750507099,0.8678536585365854,8.431001312065708e-51,compression6_atr:Q3:H1,feature_quintile_x_server_4h_block,compression6_atr,3,1.0,12,move_ge_1atr,1.5175802361718273e-50,2492,61312,0.09366635551091262,5.055054272077947e-43,8.255938058258577e-43,4,"{'1': {'effect': 0.10088844460418722, 'n_state': 620, 'same_sign': True}, '2': {'effect': 0.07446257608631068, 'n_state': 579, 'same_sign': True}, '3': {'effect': 0.09246957963199709, 'n_state': 697, 'same_sign': True}, '4': {'effect': 0.09465457180256687, 'n_state': 596, 'same_sign': True}}"
2699,61266,0.12686332827143487,0.9933308632826973,0.8664675350112624,5.873249630436999e-83,compression6_atr:Q3:H2,feature_quintile_x_server_4h_block,compression6_atr,3,2.0,12,move_ge_1atr,1.8402848842035928e-82,2719,61085,0.11916550241415635,2.509544387197329e-74,7.172549160705881e-74,4,"{'1': {'effect': 0.11883776240481514, 'n_state': 713, 'same_sign': True}, '2': {'effect': 0.11415994304806987, 'n_state': 694, 'same_sign': True}, '3': {'effect': 0.12247790546023518, 'n_state': 655, 'same_sign': True}, '4': {'effect': 0.10558360129907796, 'n_state': 657, 'same_sign': True}}"
2285,61680,0.121127929285619,0.9886214442013129,0.8674935149156939,7.105343141742725e-65,compression6_atr:Q3:H3,feature_quintile_x_server_4h_block,compression6_atr,3,3.0,12,move_ge_1atr,1.688516937616389e-64,2255,61549,0.1131444421960921,1.9039141111898603e-56,3.8906070967792796e-56,4,"{'1': {'effect': 0.10615758775127304, 'n_state': 587, 'same_sign': True}, '2': {'effect': 0.11618609781748546, 'n_state': 498, 'same_sign': True}, '3': {'effect': 0.11242368138225245, 'n_state': 566, 'same_sign': True}, '4': {'effect': 0.10681542878698969, 'n_state': 604, 'same_sign': True}}"
1610,62355,0.06841068795132654,0.9385093167701863,0.8700986288188598,5.173863870704994e-16,compression6_atr:Q3:H4,feature_quintile_x_server_4h_block,compression6_atr,3,4.0,12,move_ge_1atr,5.7142151887942885e-16,1546,62258,0.06486287479506159,4.103547202178925e-14,4.4055849404103686e-14,4,"{'1': {'effect': 0.0613817761593386, 'n_state': 332, 'same_sign': True}, '2': {'effect': 0.057865682307802424, 'n_state': 401, 'same_sign': True}, '3': {'effect': 0.05377801695971196, 'n_state': 406, 'same_sign': True}, '4': {'effect': 0.08116211949200891, 'n_state': 407, 'same_sign': True}}"
11740,52225,0.1303904446345463,0.9782793867120954,0.8478889420775491,4.48276e-319,compression6_atr:Q4,feature_quintile,compression6_atr,4,,12,move_ge_1atr,4.03448e-318,11414,52390,0.12380486112349076,4.0927027854865527e-283,3.147660505928749e-282,4,"{'1': {'effect': 0.11560656030746275, 'n_state': 2753, 'same_sign': True}, '2': {'effect': 0.09641236589063151, 'n_state': 2815, 'same_sign': True}, '3': {'effect': 0.10107659900464161, 'n_state': 2859, 'same_sign': True}, '4': {'effect': 0.1125074609692408, 'n_state': 2987, 'same_sign': True}}"
1117,62848,0.12407944614520638,0.9937332139659804,0.869653767820774,9.469522240165816e-35,compression6_atr:Q4:H0,feature_quintile_x_server_4h_block,compression6_atr,4,0.0,12,move_ge_1atr,1.3717835299966232e-34,1024,62780,0.12444181317696723,2.153312321178087e-32,3.056547355229298e-32,4,"{'1': {'effect': 0.11657933367322193, 'n_state': 267, 'same_sign': True}, '2': {'effect': 0.12346603471057527, 'n_state': 232, 'same_sign': True}, '3': {'effect': 0.12379449352756788, 'n_state': 249, 'same_sign': True}, '4': {'effect': 0.12788061956932373, 'n_state': 276, 'same_sign': True}}"
2390,61575,0.10142521026675977,0.9694560669456067,0.8680308566788469,5.588159553569038e-48,compression6_atr:Q4:H1,feature_quintile_x_server_4h_block,compression6_atr,4,1.0,12,move_ge_1atr,9.531417303063319e-48,2353,61451,0.09116548054142937,9.475446225482272e-39,1.4574959103196368e-38,4,"{'1': {'effect': 0.10512170332320037, 'n_state': 562, 'same_sign': True}, '2': {'effect': 0.06785873815415144, 'n_state': 566, 'same_sign': True}, '3': {'effect': 0.0810407656025508, 'n_state': 637, 'same_sign': True}, '4': {'effect': 0.10104778433772899, 'n_state': 588, 'same_sign': True}}"
3131,60834,0.1260451563992958,0.9916959437879271,0.8656507873886313,4.5657445163317264e-94,compression6_atr:Q4:H2,feature_quintile_x_server_4h_block,compression6_atr,4,2.0,12,move_ge_1atr,1.5961239094283639e-93,2944,60860,0.12351574890339911,7.660357915849414e-86,2.6131704825841145e-85,4,"{'1': {'effect': 0.12470481949610668, 'n_state': 738, 'same_sign': True}, '2': {'effect': 0.10804547736719117, 'n_state': 731, 'same_sign': True}, '3': {'effect': 0.1237288062683587, 'n_state': 782, 'same_sign': True}, '4': {'effect': 0.11997249949429434, 'n_state': 693, 'same_sign': True}}"
2425,61540,0.12722972905058816,0.9942268041237113,0.8669970750731232,1.7795457396359905e-75,compression6_atr:Q4:H3,feature_quintile_x_server_4h_block,compression6_atr,4,3.0,12,move_ge_1atr,5.018318985773493e-75,2361,61443,0.11946519331632888,1.7942382139077668e-65,4.361854968293019e-65,4,"{'1': {'effect': 0.12020275977271844, 'n_state': 605, 'same_sign': True}, '2': {'effect': 0.12142298490982706, 'n_state': 572, 'same_sign': True}, '3': {'effect': 0.11019937415737635, 'n_state': 553, 'same_sign': True}, '4': {'effect': 0.11259308733447304, 'n_state': 631, 'same_sign': True}}"
1482,62483,0.09184590516312752,0.9615384615384616,0.869692556375334,1.4088877793646788e-25,compression6_atr:Q4:H4,feature_quintile_x_server_4h_block,compression6_atr,4,4.0,12,move_ge_1atr,1.8393812675038862e-25,1473,62331,0.08447104922831494,7.059052427135366e-22,8.605127310311988e-22,4,"{'1': {'effect': 0.09374629194771866, 'n_state': 323, 'same_sign': True}, '2': {'effect': 0.06137732972614651, 'n_state': 362, 'same_sign': True}, '3': {'effect': 0.07467380433666637, 'n_state': 358, 'same_sign': True}, '4': {'effect': 0.1000950430115497, 'n_state': 430, 'same_sign': True}}"
1195,62770,0.06410512443982574,0.9347280334728033,0.8706229090329776,5.138200500037927e-11,compression6_atr:Q4:H5,feature_quintile_x_server_4h_block,compression6_atr,4,5.0,12,move_ge_1atr,5.301119052478154e-11,1259,62545,0.07155106305985504,4.672703270786603e-14,5.003932869728438e-14,4,"{'1': {'effect': 0.08503563432166705, 'n_state': 258, 'same_sign': True}, '2': {'effect': 0.06804373957694576, 'n_state': 352, 'same_sign': True}, '3': {'effect': 0.04179657632210998, 'n_state': 280, 'same_sign': True}, '4': {'effect': 0.08445544091288626, 'n_state': 369, 'same_sign': True}}"
17752,46213,-0.3290015262517554,0.6341257323118522,0.9631272585636076,0.0,compression6_atr:Q5,feature_quintile,compression6_atr,5,,12,move_ge_1atr,0.0,17248,46556,-0.3383969896568395,0.0,0.0,4,"{'1': {'effect': -0.26199648651841867, 'n_state': 4407, 'same_sign': True}, '2': {'effect': -0.2786511435673522, 'n_state': 4254, 'same_sign': True}, '3': {'effect': -0.2710902520781989, 'n_state': 4420, 'same_sign': True}, '4': {'effect': -0.2471019743844307, 'n_state': 4167, 'same_sign': True}}"
4492,59473,-0.6697444056679551,0.24910952804986644,0.9188539337178215,0.0,compression6_atr:Q5:H0,feature_quintile_x_server_4h_block,compression6_atr,5,0.0,12,move_ge_1atr,0.0,4623,59181,-0.6463019699758288,0.0,0.0,4,"{'1': {'effect': -0.5424120689796958, 'n_state': 1244, 'same_sign': True}, '2': {'effect': -0.6359568474775348, 'n_state': 1106, 'same_sign': True}, '3': {'effect': -0.6382363904332072, 'n_state': 1139, 'same_sign': True}, '4': {'effect': -0.6325929978395273, 'n_state': 1134, 'same_sign': True}}"
2609,61356,0.0820832474688371,0.9505557684936757,0.8684725210248386,1.1093220354897096e-34,compression6_atr:Q5:H1,feature_quintile_x_server_4h_block,compression6_atr,5,1.0,12,move_ge_1atr,1.601512699700161e-34,2296,61508,0.10361709839053257,1.9682889128817017e-48,3.498261387180504e-48,4,"{'1': {'effect': 0.11128467428974576, 'n_state': 586, 'same_sign': True}, '2': {'effect': 0.11840372886998896, 'n_state': 598, 'same_sign': True}, '3': {'effect': 0.0913675309144234, 'n_state': 571, 'same_sign': True}, '4': {'effect': 0.07994616143860656, 'n_state': 541, 'same_sign': True}}"
3347,60618,0.12958196249381293,0.9946220495966537,0.8650400871028407,1.1709250593421395e-105,compression6_atr:Q5:H2,feature_quintile_x_server_4h_block,compression6_atr,5,2.0,12,move_ge_1atr,4.306967826971522e-105,3107,60697,0.12640192387139004,1.9858291076294556e-94,7.179536004506494e-94,4,"{'1': {'effect': 0.12416192246674362, 'n_state': 835, 'same_sign': True}, '2': {'effect': 0.12292118819844688, 'n_state': 696, 'same_sign': True}, '3': {'effect': 0.12340604635813479, 'n_state': 887, 'same_sign': True}, '4': {'effect': 0.11551241444562854, 'n_state': 689, 'same_sign': True}}"
3440,60525,-0.5404188159803271,0.36046511627906974,0.9008839322593969,0.0,compression6_atr:Q5:H4,feature_quintile_x_server_4h_block,compression6_atr,5,4.0,12,move_ge_1atr,0.0,3472,60332,-0.5342321642059865,0.0,0.0,4,"{'1': {'effect': -0.6122683963221247, 'n_state': 849, 'same_sign': True}, '2': {'effect': -0.5082135649473443, 'n_state': 875, 'same_sign': True}, '3': {'effect': -0.5521560583062165, 'n_state': 836, 'same_sign': True}, '4': {'effect': -0.3858634434301743, 'n_state': 912, 'same_sign': True}}"
1196,62769,-0.3090369417918257,0.568561872909699,0.8775988147015247,3.96297291454081e-220,compression6_atr:Q5:H5,feature_quintile_x_server_4h_block,compression6_atr,5,5.0,12,move_ge_1atr,1.9956399319651938e-219,1360,62444,-0.28612432033219415,2.873315657467202e-215,1.350458359009585e-214,4,"{'1': {'effect': -0.35226531396743566, 'n_state': 316, 'same_sign': True}, '2': {'effect': -0.2676203820793658, 'n_state': 389, 'same_sign': True}, '3': {'effect': -0.24363270769913659, 'n_state': 349, 'same_sign': True}, '4': {'effect': -0.2693893709173487, 'n_state': 306, 'same_sign': True}}"
10665,53300,0.11770642516551755,0.969901547116737,0.8521951219512195,1.3457154382300577e-241,dist_high24_atr:Q1,feature_quintile,dist_high24_atr,1,,12,move_ge_1atr,8.624812581383551e-241,11531,52273,0.11741358475065133,7.106029080592907e-257,5.094661527272542e-256,4,"{'1': {'effect': 0.10556476434479178, 'n_state': 2803, 'same_sign': True}, '2': {'effect': 0.09269264287124013, 'n_state': 2768, 'same_sign': True}, '3': {'effect': 0.09763038297904181, 'n_state': 2952, 'same_sign': True}, '4': {'effect': 0.10676227736847188, 'n_state': 3008, 'same_sign': True}}"
722,63243,0.11983683127336786,0.9903047091412742,0.8704678778679064,9.901990830302254e-22,dist_high24_atr:Q1:H0,feature_quintile_x_server_4h_block,dist_high24_atr,1,0.0,12,move_ge_1atr,1.1832039890445914e-21,821,62983,0.11541424195377203,6.411504279155375e-23,7.930018450534281e-23,4,"{'1': {'effect': 0.08662392706421496, 'n_state': 171, 'same_sign': True}, '2': {'effect': 0.12271209357902013, 'n_state': 200, 'same_sign': True}, '3': {'effect': 0.12774187461672726, 'n_state': 207, 'same_sign': True}, '4': {'effect': 0.11542134793814274, 'n_state': 243, 'same_sign': True}}"
2228,61737,0.10536847115038195,0.9735188509874326,0.8681503798370507,2.2004746466417566e-48,dist_high24_atr:Q1:H1,feature_quintile_x_server_4h_block,dist_high24_atr,1,1.0,12,move_ge_1atr,3.7837429899571666e-48,2600,61204,0.09103718711195341,2.345292056570227e-42,3.815609768958485e-42,4,"{'1': {'effect': 0.10494258992464067, 'n_state': 640, 'same_sign': True}, '2': {'effect': 0.06638103015414687, 'n_state': 617, 'same_sign': True}, '3': {'effect': 0.082799451227616, 'n_state': 661, 'same_sign': True}, '4': {'effect': 0.09757866835354267, 'n_state': 682, 'same_sign': True}}"
2407,61558,0.12412576663743491,0.9912754466140423,0.8671496799766074,1.984939903371825e-71,dist_high24_atr:Q1:H2,feature_quintile_x_server_4h_block,dist_high24_atr,1,2.0,12,move_ge_1atr,5.347959102715172e-71,2610,61194,0.12157258299307383,2.1720929778773417e-74,6.250308364912351e-74,4,"{'1': {'effect': 0.12085256527005306, 'n_state': 649, 'same_sign': True}, '2': {'effect': 0.111917705934522, 'n_state': 607, 'same_sign': True}, '3': {'effect': 0.12092164425751994, 'n_state': 654, 'same_sign': True}, '4': {'effect': 0.11718451173572875, 'n_state': 700, 'same_sign': True}}"
2270,61695,0.12102052408590935,0.9885462555066079,0.8675257314206986,2.297110497406121e-64,dist_high24_atr:Q1:H3,feature_quintile_x_server_4h_block,dist_high24_atr,1,3.0,12,move_ge_1atr,5.280857284797767e-64,2147,61657,0.11392775207046202,1.2055564701591781e-54,2.3285405793485497e-54,4,"{'1': {'effect': 0.11434025064107678, 'n_state': 637, 'same_sign': True}, '2': {'effect': 0.10872154110819554, 'n_state': 464, 'same_sign': True}, '3': {'effect': 0.0969803012874465, 'n_state': 514, 'same_sign': True}, '4': {'effect': 0.1227115154810785, 'n_state': 532, 'same_sign': True}}"
1316,62649,0.07423565441871083,0.9445288753799392,0.8702932209612284,1.5528747008612127e-15,dist_high24_atr:Q1:H4,feature_quintile_x_server_4h_block,dist_high24_atr,1,4.0,12,move_ge_1atr,1.6973281614064418e-15,1398,62406,0.080449235994283,4.482016861112817e-19,5.222846094354605e-19,4,"{'1': {'effect': 0.07840944859358456, 'n_state': 264, 'same_sign': True}, '2': {'effect': 0.08979707154495553, 'n_state': 342, 'same_sign': True}, '3': {'effect': 0.06635298667046219, 'n_state': 391, 'same_sign': True}, '4': {'effect': 0.08296105941162579, 'n_state': 401, 'same_sign': True}}"
1722,62243,0.05115952476023922,0.921602787456446,0.8704432626962068,3.737490687315134e-10,dist_high24_atr:Q1:H5,feature_quintile_x_server_4h_block,dist_high24_atr,1,5.0,12,move_ge_1atr,3.8003811556113016e-10,1955,61849,0.07277997700777639,2.005155958804456e-21,2.4164700016361394e-21,4,"{'1': {'effect': 0.07126000553309919, 'n_state': 442, 'same_sign': True}, '2': {'effect': 0.06092668037484261, 'n_state': 538, 'same_sign': True}, '3': {'effect': 0.0784491356870819, 'n_state': 525, 'same_sign': True}, '4': {'effect': 0.07451968305079393, 'n_state': 450, 'same_sign': True}}"
10654,53311,0.12000985732843217,0.9718415618547025,0.8518317045262703,7.419622799970359e-251,dist_high24_atr:Q2,feature_quintile,dist_high24_atr,2,,12,move_ge_1atr,4.9039069443554095e-250,11007,52797,0.11467672558949349,2.025600170478457e-236,1.1424384961498498e-235,4,"{'1': {'effect': 0.10092216326346992, 'n_state': 2705, 'same_sign': True}, '2': {'effect': 0.09405733991219567, 'n_state': 2613, 'same_sign': True}, '3': {'effect': 0.10299292514876046, 'n_state': 2716, 'same_sign': True}, '4': {'effect': 0.09862317099892026, 'n_state': 2973, 'same_sign': True}}"
744,63221,0.11608888464820366,0.9865591397849462,0.8704702551367426,4.640425070335362e-21,dist_high24_atr:Q2:H0,feature_quintile_x_server_4h_block,dist_high24_atr,2,0.0,12,move_ge_1atr,5.422375151248227e-21,673,63131,0.1136675564805304,1.375070518888163e-18,1.5935748753142271e-18,4,"{'1': {'effect': 0.08512333060487487, 'n_state': 165, 'same_sign': True}, '2': {'effect': 0.12134051349095887, 'n_state': 159, 'same_sign': True}, '3': {'effect': 0.12239900492671063, 'n_state': 189, 'same_sign': True}, '4': {'effect': 0.12138182703789835, 'n_state': 160, 'same_sign': True}}"
2316,61649,0.10387487147627306,0.9719343696027634,0.8680594981264903,8.561389734763153e-49,dist_high24_atr:Q2:H1,feature_quintile_x_server_4h_block,dist_high24_atr,2,1.0,12,move_ge_1atr,1.5026837584252338e-48,2320,61484,0.08829664684280081,5.4870800388083195e-36,8.172657945126476e-36,4,"{'1': {'effect': 0.08467329888543218, 'n_state': 621, 'same_sign': True}, '2': {'effect': 0.08820781036866943, 'n_state': 527, 'same_sign': True}, '3': {'effect': 0.09063279719696038, 'n_state': 534, 'same_sign': True}, '4': {'effect': 0.08111661197836972, 'n_state': 638, 'same_sign': True}}"
2452,61513,0.1252312439745027,0.9922512234910277,0.867019979516525,6.055040455485782e-74,dist_high24_atr:Q2:H2,feature_quintile_x_server_4h_block,dist_high24_atr,2,2.0,12,move_ge_1atr,1.6740405965166575e-73,2610,61194,0.11877620035620651,4.313613710811481e-71,1.1925873200478801e-70,4,"{'1': {'effect': 0.1149472189693096, 'n_state': 663, 'same_sign': True}, '2': {'effect': 0.10899879485619512, 'n_state': 619, 'same_sign': True}, '3': {'effect': 0.12541911591024968, 'n_state': 634, 'same_sign': True}, '4': {'effect': 0.11124640796888652, 'n_state': 694, 'same_sign': True}}"
2215,61750,0.12576240392612026,0.9932279909706546,0.8674655870445344,8.768168233771285e-68,dist_high24_atr:Q2:H3,feature_quintile_x_server_4h_block,dist_high24_atr,2,3.0,12,move_ge_1atr,2.1438931577371408e-67,2357,61447,0.12075739889156978,9.459963841695618e-67,2.396146529962423e-66,4,"{'1': {'effect': 0.12010778188312965, 'n_state': 599, 'same_sign': True}, '2': {'effect': 0.11183281549087687, 'n_state': 547, 'same_sign': True}, '3': {'effect': 0.12117426917977125, 'n_state': 555, 'same_sign': True}, '4': {'effect': 0.11632834672553982, 'n_state': 656, 'same_sign': True}}"
1175,62790,0.09329755042983534,0.963404255319149,0.8701067048893136,2.5792059799996725e-21,dist_high24_atr:Q2:H4,feature_quintile_x_server_4h_block,dist_high24_atr,2,4.0,12,move_ge_1atr,3.022172103988536e-21,1264,62540,0.06613767188999042,2.8733495994378943e-12,3.0084823776292803e-12,4,"{'1': {'effect': 0.07207689321203348, 'n_state': 270, 'same_sign': True}, '2': {'effect': 0.043168948081406366, 'n_state': 320, 'same_sign': True}, '3': {'effect': 0.0668820383776012, 'n_state': 329, 'same_sign': True}, '4': {'effect': 0.07847641441889563, 'n_state': 345, 'same_sign': True}}"
10607,53358,0.10822666631795452,0.9621004996700292,0.8538738333520747,1.0786635958993805e-203,dist_high24_atr:Q3,feature_quintile,dist_high24_atr,3,,12,move_ge_1atr,4.8539861815472125e-203,10438,53366,0.11294374349380287,5.763448272319773e-220,2.802228297920993e-219,4,"{'1': {'effect': 0.10736412473438117, 'n_state': 2485, 'same_sign': True}, '2': {'effect': 0.0975110266581598, 'n_state': 2444, 'same_sign': True}, '3': {'effect': 0.0902814704702839, 'n_state': 2670, 'same_sign': True}, '4': {'effect': 0.09934194742206381, 'n_state': 2839, 'same_sign': True}}"
712,63253,0.12110048695118958,0.9915730337078652,0.8704725467566756,7.0867763969467145e-22,dist_high24_atr:Q3:H0,feature_quintile_x_server_4h_block,dist_high24_atr,3,0.0,12,move_ge_1atr,8.515479310036968e-22,659,63145,0.11792325657484859,1.6485055147907452e-19,1.9423895062854742e-19,4,"{'1': {'effect': 0.09289724361821317, 'n_state': 173, 'same_sign': True}, '2': {'effect': 0.12766559283413215, 'n_state': 169, 'same_sign': True}, '3': {'effect': 0.12763751197976403, 'n_state': 155, 'same_sign': True}, '4': {'effect': 0.12146299846246422, 'n_state': 162, 'same_sign': True}}"
2434,61531,0.10207172962778432,0.9700082169268693,0.867936487299085,2.132953714280264e-49,dist_high24_atr:Q3:H1,feature_quintile_x_server_4h_block,dist_high24_atr,3,1.0,12,move_ge_1atr,3.775060339500216e-49,2297,61507,0.09866347827270538,4.2821355325641484e-44,7.216507291930816e-44,4,"{'1': {'effect': 0.09453752842457164, 'n_state': 594, 'same_sign': True}, '2': {'effect': 0.08809904951955727, 'n_state': 501, 'same_sign': True}, '3': {'effect': 0.10791378054638712, 'n_state': 588, 'same_sign': True}, '4': {'effect': 0.09238587105843343, 'n_state': 614, 'same_sign': True}}"
2444,61521,0.11923270861085555,0.9864975450081833,0.8672648363973278,5.335831690861809e-67,dist_high24_atr:Q3:H2,feature_quintile_x_server_4h_block,dist_high24_atr,3,2.0,12,move_ge_1atr,1.2824186393378097e-66,2410,61394,0.11852640255572577,1.0025051969035348e-65,2.4944688134717367e-65,4,"{'1': {'effect': 0.12680510056504324, 'n_state': 590, 'same_sign': True}, '2': {'effect': 0.09968341278665316, 'n_state': 561, 'same_sign': True}, '3': {'effect': 0.1208941208745945, 'n_state': 652, 'same_sign': True}, '4': {'effect': 0.111917705934522, 'n_state': 607, 'same_sign': True}}"
2113,61852,0.12228036888447114,0.9900615238996687,0.8677811550151976,2.0731090254756462e-61,dist_high24_atr:Q3:H3,feature_quintile_x_server_4h_block,dist_high24_atr,3,3.0,12,move_ge_1atr,4.497051886031786e-61,2321,61483,0.11827356949612833,3.417859936306996e-63,7.69018485669074e-63,4,"{'1': {'effect': 0.11932001561104344, 'n_state': 553, 'same_sign': True}, '2': {'effect': 0.11727578485029266, 'n_state': 543, 'same_sign': True}, '3': {'effect': 0.11133849131616502, 'n_state': 532, 'same_sign': True}, '4': {'effect': 0.112678266787693, 'n_state': 693, 'same_sign': True}}"
1249,62716,0.0703048694456554,0.9407526020816653,0.8704477326360099,1.842842049736296e-13,dist_high24_atr:Q3:H4,feature_quintile_x_server_4h_block,dist_high24_atr,3,4.0,12,move_ge_1atr,1.958598459895611e-13,1237,62567,0.06306919176660408,4.407828389457289e-11,4.5145554691051654e-11,4,"{'1': {'effect': 0.10304952987640548, 'n_state': 283, 'same_sign': True}, '2': {'effect': 0.04369703467564823, 'n_state': 322, 'same_sign': True}, '3': {'effect': 0.021664146664146733, 'n_state': 312, 'same_sign': True}, '4': {'effect': 0.08399872408795916, 'n_state': 320, 'same_sign': True}}"
10549,53416,0.11682744196963946,0.9693809839795241,0.8525535420098846,5.626011126983056e-236,dist_high24_atr:Q4,feature_quintile,dist_high24_atr,4,,12,move_ge_1atr,3.260003707827168e-235,10465,53339,0.11938908509604396,4.804113555820727e-246,2.945130484220533e-245,4,"{'1': {'effect': 0.11067810146268298, 'n_state': 2402, 'same_sign': True}, '2': {'effect': 0.09542493559396359, 'n_state': 2724, 'same_sign': True}, '3': {'effect': 0.09625475280863593, 'n_state': 2626, 'same_sign': True}, '4': {'effect': 0.114503640623422, 'n_state': 2713, 'same_sign': True}}"
717,63248,0.12258000297075011,0.99302649930265,0.8704464963318999,1.6137344845522557e-22,dist_high24_atr:Q4:H0,feature_quintile_x_server_4h_block,dist_high24_atr,4,0.0,12,move_ge_1atr,1.9885958811521715e-22,734,63070,0.127431006333951,7.245645196019753e-25,9.259540537511648e-25,4,"{'1': {'effect': 0.1277017149504064, 'n_state': 187, 'same_sign': True}, '2': {'effect': 0.12248769886184996, 'n_state': 192, 'same_sign': True}, '3': {'effect': 0.1276876650320634, 'n_state': 180, 'same_sign': True}, '4': {'effect': 0.12767763126876108, 'n_state': 175, 'same_sign': True}}"
2567,61398,0.09457724234529086,0.9626022594468251,0.8680250171015342,8.4154669068645e-45,dist_high24_atr:Q4:H1,feature_quintile_x_server_4h_block,dist_high24_atr,4,1.0,12,move_ge_1atr,1.3586803441235434e-44,2495,61309,0.09538608770820933,1.333494011619369e-44,2.26533320046182e-44,4,"{'1': {'effect': 0.10626479049830972, 'n_state': 633, 'same_sign': True}, '2': {'effect': 0.06284648158192108, 'n_state': 645, 'same_sign': True}, '3': {'effect': 0.09391453125116356, 'n_state': 612, 'same_sign': True}, '4': {'effect': 0.10852175059261193, 'n_state': 605, 'same_sign': True}}"
2380,61585,0.1287690102427267,0.9957983193277311,0.8670293090850044,6.361413252186496e-76,dist_high24_atr:Q4:H2,feature_quintile_x_server_4h_block,dist_high24_atr,4,2.0,12,move_ge_1atr,1.8059582588422067e-75,2429,61375,0.12466286277742045,4.801892035099382e-73,1.354133553898026e-72,4,"{'1': {'effect': 0.12650252353604963, 'n_state': 532, 'same_sign': True}, '2': {'effect': 0.11176270517776288, 'n_state': 658, 'same_sign': True}, '3': {'effect': 0.12230423975682347, 'n_state': 640, 'same_sign': True}, '4': {'effect': 0.12516359372785824, 'n_state': 599, 'same_sign': True}}"
2000,61965,0.12147772936335033,0.9895,0.8680222706366497,1.379142287285887e-57,dist_high24_atr:Q4:H3,feature_quintile_x_server_4h_block,dist_high24_atr,4,3.0,12,move_ge_1atr,2.651714488736046e-57,2160,61644,0.11980935334789722,1.3935811337666586e-60,2.977196058501498e-60,4,"{'1': {'effect': 0.11549868049550593, 'n_state': 473, 'same_sign': True}, '2': {'effect': 0.11347299499803287, 'n_state': 540, 'same_sign': True}, '3': {'effect': 0.11842782915216998, 'n_state': 508, 'same_sign': True}, '4': {'effect': 0.11913087007758572, 'n_state': 639, 'same_sign': True}}"
1312,62653,0.08339612676947317,0.9535060975609756,0.8701099707915024,3.7828607319346886e-19,dist_high24_atr:Q4:H4,feature_quintile_x_server_4h_block,dist_high24_atr,4,4.0,12,move_ge_1atr,4.3247299719145223e-19,1209,62595,0.07582796729616137,4.7135556534322194e-15,5.112394977953407e-15,4,"{'1': {'effect': 0.08767095698146454, 'n_state': 250, 'same_sign': True}, '2': {'effect': 0.07658492816495888, 'n_state': 313, 'same_sign': True}, '3': {'effect': 0.03898922895132717, 'n_state': 305, 'same_sign': True}, '4': {'effect': 0.09558020345103302, 'n_state': 341, 'same_sign': True}}"
21490,42475,-0.2872032791851118,0.6811074918566775,0.9683107710417893,0.0,dist_high24_atr:Q5,feature_quintile,dist_high24_atr,5,,12,move_ge_1atr,0.0,20363,43441,-0.3018019339494833,0.0,0.0,4,"{'1': {'effect': -0.23913912126776848, 'n_state': 4992, 'same_sign': True}, '2': {'effect': -0.21929440414520274, 'n_state': 5266, 'same_sign': True}, '3': {'effect': -0.21950486192664176, 'n_state': 5382, 'same_sign': True}, '4': {'effect': -0.21553833927126675, 'n_state': 4723, 'same_sign': True}}"
6429,57536,-0.4592790321672289,0.45870275314979003,0.9179817853170189,0.0,dist_high24_atr:Q5:H0,feature_quintile_x_server_4h_block,dist_high24_atr,5,0.0,12,move_ge_1atr,0.0,6383,57421,-0.4634514413515837,0.0,0.0,4,"{'1': {'effect': -0.4257838680966274, 'n_state': 1572, 'same_sign': True}, '2': {'effect': -0.43564969127232617, 'n_state': 1581, 'same_sign': True}, '3': {'effect': -0.4215345184726042, 'n_state': 1645, 'same_sign': True}, '4': {'effect': -0.42842579606998243, 'n_state': 1585, 'same_sign': True}}"
2782,61183,0.06861895368919102,0.9374550682961897,0.8688361146069987,3.3610562743965404e-26,dist_high24_atr:Q5:H1,feature_quintile_x_server_4h_block,dist_high24_atr,5,1.0,12,move_ge_1atr,4.4568238372092056e-26,2670,61134,0.08832702374559032,5.860139227596797e-41,9.354109031220547e-41,4,"{'1': {'effect': 0.10582841624211248, 'n_state': 536, 'same_sign': True}, '2': {'effect': 0.08747889037409173, 'n_state': 782, 'same_sign': True}, '3': {'effect': 0.07519838233155074, 'n_state': 773, 'same_sign': True}, '4': {'effect': 0.07794844057636086, 'n_state': 579, 'same_sign': True}}"
2749,61216,0.12709369604914544,0.9934521644234267,0.8663584683742812,1.083219797447382e-84,dist_high24_atr:Q5:H2,feature_quintile_x_server_4h_block,dist_high24_atr,5,2.0,12,move_ge_1atr,3.445127626467989e-84,2325,61479,0.1290180701619068,5.778875283542582e-75,1.685837410302422e-74,4,"{'1': {'effect': 0.1250943660302669, 'n_state': 590, 'same_sign': True}, '2': {'effect': 0.12698037631495251, 'n_state': 627, 'same_sign': True}, '3': {'effect': 0.12679527012019698, 'n_state': 588, 'same_sign': True}, '4': {'effect': 0.12255704443461224, 'n_state': 520, 'same_sign': True}}"
5108,58857,-0.36026066868813045,0.5403288958496476,0.900589564537778,0.0,dist_high24_atr:Q5:H4,feature_quintile_x_server_4h_block,dist_high24_atr,5,4.0,12,move_ge_1atr,0.0,4939,58865,-0.3731073500855515,0.0,0.0,4,"{'1': {'effect': -0.41045304314159003, 'n_state': 1242, 'same_sign': True}, '2': {'effect': -0.3443172183325589, 'n_state': 1241, 'same_sign': True}, '3': {'effect': -0.3446929263127273, 'n_state': 1288, 'same_sign': True}, '4': {'effect': -0.30200240441183546, 'n_state': 1168, 'same_sign': True}}"
2111,61854,-0.15157414358351262,0.7252486972998579,0.8768228408833705,2.8647978404033162e-93,dist_high24_atr:Q5:H5,feature_quintile_x_server_4h_block,dist_high24_atr,5,5.0,12,move_ge_1atr,9.852109646265063e-93,2064,61740,-0.16732970596876617,1.846947536019355e-111,7.301484184450348e-111,4,"{'1': {'effect': -0.18760821253043825, 'n_state': 565, 'same_sign': True}, '2': {'effect': -0.16380079478647658, 'n_state': 528, 'same_sign': True}, '3': {'effect': -0.15564808545851194, 'n_state': 504, 'same_sign': True}, '4': {'effect': -0.14137326457274757, 'n_state': 467, 'same_sign': True}}"
10629,53336,0.12867501734989462,0.9791137454134914,0.8504387280635968,1.5711106778768008e-287,dist_low24_atr:Q1,feature_quintile,dist_low24_atr,1,,12,move_ge_1atr,1.2539241825318617e-286,10167,53637,0.12970037215021246,2.32978206263996e-283,1.8249959490679687e-282,4,"{'1': {'effect': 0.10727811158309808, 'n_state': 2407, 'same_sign': True}, '2': {'effect': 0.11555769748873368, 'n_state': 2560, 'same_sign': True}, '3': {'effect': 0.11093837770558568, 'n_state': 2932, 'same_sign': True}, '4': {'effect': 0.12150542238620765, 'n_state': 2268, 'same_sign': True}}"
873,63092,0.12298513293084468,0.993127147766323,0.8701420148354784,3.604994901927745e-27,dist_low24_atr:Q1:H0,feature_quintile_x_server_4h_block,dist_low24_atr,1,0.0,12,move_ge_1atr,4.8875411651135766e-27,789,63015,0.12250520351090288,1.0783431104080292e-24,1.3739130593451697e-24,4,"{'1': {'effect': 0.10226247326639892, 'n_state': 197, 'same_sign': True}, '2': {'effect': 0.12772781586063775, 'n_state': 200, 'same_sign': True}, '3': {'effect': 0.1278021614988909, 'n_state': 237, 'same_sign': True}, '4': {'effect': 0.12763751197976403, 'n_state': 155, 'same_sign': True}}"
2305,61660,0.10911808722242122,0.9770065075921909,0.8678884203697697,2.016332025292279e-53,dist_low24_atr:Q1:H1,feature_quintile_x_server_4h_block,dist_low24_atr,1,1.0,12,move_ge_1atr,3.7408265206080436e-53,2490,61314,0.11745331457938613,1.4279440253935366e-66,3.574084749949503e-66,4,"{'1': {'effect': 0.11617748598804978, 'n_state': 574, 'same_sign': True}, '2': {'effect': 0.11057816376349949, 'n_state': 670, 'same_sign': True}, '3': {'effect': 0.10928722906101562, 'n_state': 726, 'same_sign': True}, '4': {'effect': 0.12255704443461224, 'n_state': 520, 'same_sign': True}}"
2550,61415,0.1298256317914286,0.9964705882352941,0.8666449564438655,2.694547883941147e-82,dist_low24_atr:Q1:H2,feature_quintile_x_server_4h_block,dist_low24_atr,1,2.0,12,move_ge_1atr,8.141383963622181e-82,2234,61570,0.13055576921930467,6.794327893207791e-74,1.928859529414024e-73,4,"{'1': {'effect': 0.12645191801791655, 'n_state': 523, 'same_sign': True}, '2': {'effect': 0.1284690924616917, 'n_state': 567, 'same_sign': True}, '3': {'effect': 0.1271703067959219, 'n_state': 670, 'same_sign': True}, '4': {'effect': 0.12615494086630807, 'n_state': 474, 'same_sign': True}}"
1984,61981,0.12604047884601466,0.9939516129032258,0.8679111340572111,2.171210423812243e-61,dist_low24_atr:Q1:H3,feature_quintile_x_server_4h_block,dist_low24_atr,1,3.0,12,move_ge_1atr,4.6858265779213205e-61,2019,61785,0.11921270869204326,2.520473668153783e-56,5.101245749421293e-56,4,"{'1': {'effect': 0.10964408927073577, 'n_state': 486, 'same_sign': True}, '2': {'effect': 0.1198179625564223, 'n_state': 476, 'same_sign': True}, '3': {'effect': 0.11770889801209572, 'n_state': 563, 'same_sign': True}, '4': {'effect': 0.11812052639892257, 'n_state': 494, 'same_sign': True}}"
1271,62694,0.0954578326404345,0.9653815892997639,0.8699237566593294,6.864707021354588e-24,dist_low24_atr:Q1:H4,feature_quintile_x_server_4h_block,dist_low24_atr,1,4.0,12,move_ge_1atr,8.667973343382062e-24,1132,62672,0.09725072642490695,2.2811266655767795e-22,2.788776241442132e-22,4,"{'1': {'effect': 0.10733141728190199, 'n_state': 245, 'same_sign': True}, '2': {'effect': 0.0804031498904586, 'n_state': 296, 'same_sign': True}, '3': {'effect': 0.08175365949759916, 'n_state': 283, 'same_sign': True}, '4': {'effect': 0.1148950583245657, 'n_state': 308, 'same_sign': True}}"
1646,62319,0.07045418355372468,0.9404617253948967,0.870007541841172,3.175749167243858e-17,dist_low24_atr:Q1:H5,feature_quintile_x_server_4h_block,dist_low24_atr,1,5.0,12,move_ge_1atr,3.5632411080746734e-17,1503,62301,0.0745254487093292,1.0819404027860731e-17,1.2302709418777121e-17,4,"{'1': {'effect': 0.046453730277748906, 'n_state': 382, 'same_sign': True}, '2': {'effect': 0.09365462100557365, 'n_state': 351, 'same_sign': True}, '3': {'effect': 0.06376248549419972, 'n_state': 453, 'same_sign': True}, '4': {'effect': 0.09625995117905606, 'n_state': 317, 'same_sign': True}}"
10557,53408,0.11846099816607991,0.9707303211139529,0.8522693229478729,1.0435711597172198e-242,dist_low24_atr:Q2,feature_quintile,dist_low24_atr,2,,12,move_ge_1atr,6.7912400086212925e-242,10489,53315,0.1197463754202307,5.8543444074033685e-248,3.641746594605331e-247,4,"{'1': {'effect': 0.10772425572474909, 'n_state': 2480, 'same_sign': True}, '2': {'effect': 0.10056839265635698, 'n_state': 2679, 'same_sign': True}, '3': {'effect': 0.10305809824059853, 'n_state': 2538, 'same_sign': True}, '4': {'effect': 0.10618607227813892, 'n_state': 2792, 'same_sign': True}}"
768,63197,0.12051182298342222,0.9908854166666666,0.8703735936832444,3.071787079003543e-23,dist_low24_atr:Q2:H0,feature_quintile_x_server_4h_block,dist_low24_atr,2,0.0,12,move_ge_1atr,3.821664512995584e-23,647,63157,0.10833325033155639,1.9586632268485657e-16,2.1688862433427835e-16,4,"{'1': {'effect': 0.06707922237141684, 'n_state': 182, 'same_sign': True}, '2': {'effect': 0.11565410436571433, 'n_state': 167, 'same_sign': True}, '3': {'effect': 0.12760343040241262, 'n_state': 138, 'same_sign': True}, '4': {'effect': 0.12764753943812457, 'n_state': 160, 'same_sign': True}}"
2408,61557,0.10471281053991122,0.9725913621262459,0.8678785515863346,2.2258570782422998e-51,dist_low24_atr:Q2:H1,feature_quintile_x_server_4h_block,dist_low24_atr,2,1.0,12,move_ge_1atr,4.058351483174538e-51,2397,61407,0.08504907030673059,1.585776292489405e-34,2.3291089295938134e-34,4,"{'1': {'effect': 0.09089688723807987, 'n_state': 564, 'same_sign': True}, '2': {'effect': 0.05360969747276656, 'n_state': 633, 'same_sign': True}, '3': {'effect': 0.09655405680515239, 'n_state': 569, 'same_sign': True}, '4': {'effect': 0.09178508451736556, 'n_state': 631, 'same_sign': True}}"
2415,61550,0.12202030701024102,0.9892339544513458,0.8672136474411047,2.6495980521208267e-69,dist_low24_atr:Q2:H2,feature_quintile_x_server_4h_block,dist_low24_atr,2,2.0,12,move_ge_1atr,6.751686602693432e-69,2328,61476,0.12412437541630528,1.3124717037739836e-69,3.536149877047102e-69,4,"{'1': {'effect': 0.122920627022292, 'n_state': 549, 'same_sign': True}, '2': {'effect': 0.11899554973973692, 'n_state': 631, 'same_sign': True}, '3': {'effect': 0.12510988334407935, 'n_state': 592, 'same_sign': True}, '4': {'effect': 0.11574614581039444, 'n_state': 556, 'same_sign': True}}"
2089,61876,0.1260737785272672,0.9937769267592149,0.8677031482319477,1.8112014857736813e-64,dist_low24_atr:Q2:H3,feature_quintile_x_server_4h_block,dist_low24_atr,2,3.0,12,move_ge_1atr,4.209550705946523e-64,2245,61559,0.12366073491123786,8.57957624408425e-67,2.1862414164142395e-66,4,"{'1': {'effect': 0.12037695588106556, 'n_state': 506, 'same_sign': True}, '2': {'effect': 0.1267505434370627, 'n_state': 579, 'same_sign': True}, '3': {'effect': 0.12211387793104378, 'n_state': 488, 'same_sign': True}, '4': {'effect': 0.11364340927399286, 'n_state': 672, 'same_sign': True}}"
1324,62641,0.07767239645124946,0.9478851963746223,0.8702127999233729,5.933324832219583e-17,dist_low24_atr:Q2:H4,feature_quintile_x_server_4h_block,dist_low24_atr,2,4.0,12,move_ge_1atr,6.622154100340063e-17,1280,62524,0.09804435096922781,2.0751451754596594e-25,2.6761780768885244e-25,4,"{'1': {'effect': 0.11485074136463091, 'n_state': 307, 'same_sign': True}, '2': {'effect': 0.09421040806375225, 'n_state': 298, 'same_sign': True}, '3': {'effect': 0.08427448794112136, 'n_state': 322, 'same_sign': True}, '4': {'effect': 0.09385235056580199, 'n_state': 353, 'same_sign': True}}"
10603,53362,0.11227131796457579,0.9654814675091955,0.8532101495446197,5.6096261659154693e-219,dist_low24_atr:Q3,feature_quintile,dist_low24_atr,3,,12,move_ge_1atr,2.791613962567345e-218,10129,53675,0.11544411419654321,2.9319188327482055e-224,1.45906078382646e-223,4,"{'1': {'effect': 0.11041535517059997, 'n_state': 2457, 'same_sign': True}, '2': {'effect': 0.09927461109202274, 'n_state': 2420, 'same_sign': True}, '3': {'effect': 0.09782633966885723, 'n_state': 2437, 'same_sign': True}, '4': {'effect': 0.09752727444925202, 'n_state': 2815, 'same_sign': True}}"
633,63332,0.12786505158651873,0.9984202211690363,0.8705551695825176,1.0115246263483952e-21,dist_low24_atr:Q3:H0,feature_quintile_x_server_4h_block,dist_low24_atr,3,0.0,12,move_ge_1atr,1.205281456184144e-21,686,63118,0.1228170254852381,8.140789920467587e-22,9.866917296154124e-22,4,"{'1': {'effect': 0.12154228817586732, 'n_state': 164, 'same_sign': True}, '2': {'effect': 0.12245842271200946, 'n_state': 191, 'same_sign': True}, '3': {'effect': 0.12169549132117496, 'n_state': 168, 'same_sign': True}, '4': {'effect': 0.12150287420338957, 'n_state': 163, 'same_sign': True}}"
2488,61477,0.09656574568158627,0.9646302250803859,0.8680644793987996,2.636863062353708e-45,dist_low24_atr:Q3:H1,feature_quintile_x_server_4h_block,dist_low24_atr,3,1.0,12,move_ge_1atr,4.2899733668293024e-45,2160,61644,0.09249580025811288,8.028439864575262e-37,1.2042659796862894e-36,4,"{'1': {'effect': 0.08644113367495421, 'n_state': 576, 'same_sign': True}, '2': {'effect': 0.08240257836414888, 'n_state': 483, 'same_sign': True}, '3': {'effect': 0.10529139846170177, 'n_state': 524, 'same_sign': True}, '4': {'effect': 0.08651537242538299, 'n_state': 577, 'same_sign': True}}"
2430,61535,0.12211913257569296,0.9893004115226337,0.8671812789469407,8.144154260770223e-70,dist_low24_atr:Q3:H2,feature_quintile_x_server_4h_block,dist_low24_atr,3,2.0,12,move_ge_1atr,2.1005958855523198e-69,2313,61491,0.11865885026861989,2.1787821342537906e-63,4.928475095130232e-63,4,"{'1': {'effect': 0.12311926775699678, 'n_state': 566, 'same_sign': True}, '2': {'effect': 0.10966407120873378, 'n_state': 589, 'same_sign': True}, '3': {'effect': 0.11638402171282791, 'n_state': 583, 'same_sign': True}, '4': {'effect': 0.11269083325139051, 'n_state': 575, 'same_sign': True}}"
2206,61759,0.11773394247052527,0.985494106980961,0.8677601645104357,2.092131930104389e-59,dist_low24_atr:Q3:H3,feature_quintile_x_server_4h_block,dist_low24_atr,3,3.0,12,move_ge_1atr,4.234314863321323e-59,2212,61592,0.12066067620627552,8.377443307466467e-63,1.8553185963656103e-62,4,"{'1': {'effect': 0.12259622117658286, 'n_state': 523, 'same_sign': True}, '2': {'effect': 0.12227168182031867, 'n_state': 499, 'same_sign': True}, '3': {'effect': 0.11468906997321948, 'n_state': 516, 'same_sign': True}, '4': {'effect': 0.11219211828448772, 'n_state': 674, 'same_sign': True}}"
1262,62703,0.07498374913779249,0.945324881141046,0.8703411320032535,3.0350918603668624e-15,dist_low24_atr:Q3:H4,feature_quintile_x_server_4h_block,dist_low24_atr,3,4.0,12,move_ge_1atr,3.2751118799366905e-15,1239,62565,0.07552528905047706,2.8482199054641204e-15,3.0971645758645836e-15,4,"{'1': {'effect': 0.10476750199566198, 'n_state': 261, 'same_sign': True}, '2': {'effect': 0.07071564605451208, 'n_state': 316, 'same_sign': True}, '3': {'effect': 0.03860190344277603, 'n_state': 270, 'same_sign': True}, '4': {'effect': 0.08191232715883301, 'n_state': 392, 'same_sign': True}}"
10639,53326,0.11158524674527837,0.9648463201428705,0.8532610733975922,6.44188314086063e-217,dist_low24_atr:Q4,feature_quintile,dist_low24_atr,4,,12,move_ge_1atr,3.168507637888426e-216,10644,53160,0.10354520992549354,4.1623550597204464e-188,1.873059776874201e-187,4,"{'1': {'effect': 0.10060798994123676, 'n_state': 2510, 'same_sign': True}, '2': {'effect': 0.07785761348527487, 'n_state': 2656, 'same_sign': True}, '3': {'effect': 0.08285341974881377, 'n_state': 2631, 'same_sign': True}, '4': {'effect': 0.098714993569462, 'n_state': 2847, 'same_sign': True}}"
635,63330,0.1246929283057997,0.9952755905511811,0.8705826622453814,8.539588511353232e-21,dist_low24_atr:Q4:H0,feature_quintile_x_server_4h_block,dist_low24_atr,4,0.0,12,move_ge_1atr,9.951090744634757e-21,590,63214,0.1250943660302669,1.1558760632381105e-19,1.3657418289098345e-19,4,"{'1': {'effect': 0.11263862875038966, 'n_state': 134, 'same_sign': True}, '2': {'effect': 0.12761946652423894, 'n_state': 146, 'same_sign': True}, '3': {'effect': 0.12765355666944267, 'n_state': 163, 'same_sign': True}, '4': {'effect': 0.12762147132287105, 'n_state': 147, 'same_sign': True}}"
2498,61467,0.10214446143278033,0.9699759807846277,0.8678315193518473,1.1435344211478843e-50,dist_low24_atr:Q4:H1,feature_quintile_x_server_4h_block,dist_low24_atr,4,1.0,12,move_ge_1atr,2.0496400853625214e-50,2260,61544,0.08108448779432864,6.82381094262756e-30,9.28126054254488e-30,4,"{'1': {'effect': 0.09214885418009955, 'n_state': 583, 'same_sign': True}, '2': {'effect': 0.06546311848375552, 'n_state': 497, 'same_sign': True}, '3': {'effect': 0.08059450736318052, 'n_state': 569, 'same_sign': True}, '4': {'effect': 0.07567899891955443, 'n_state': 611, 'same_sign': True}}"
2384,61581,0.12268487109627746,0.9899328859060402,0.8672480148097628,3.3716112157733683e-69,dist_low24_atr:Q4:H2,feature_quintile_x_server_4h_block,dist_low24_atr,4,2.0,12,move_ge_1atr,8.540069127378054e-69,2634,61170,0.11736625551182467,4.7195584992530084e-70,1.2879827388284016e-69,4,"{'1': {'effect': 0.12342600183131747, 'n_state': 594, 'same_sign': True}, '2': {'effect': 0.09371326175052941, 'n_state': 693, 'same_sign': True}, '3': {'effect': 0.12244369801713195, 'n_state': 652, 'same_sign': True}, '4': {'effect': 0.11709210203973919, 'n_state': 695, 'same_sign': True}}"
2175,61790,0.12317229473950508,0.9908045977011494,0.8676323029616443,5.407717999374342e-64,dist_low24_atr:Q4:H3,feature_quintile_x_server_4h_block,dist_low24_atr,4,3.0,12,move_ge_1atr,1.2298197385673908e-63,2194,61610,0.11298092494366829,7.223002643868492e-55,1.4079862296573145e-54,4,"{'1': {'effect': 0.11470391285320347, 'n_state': 585, 'same_sign': True}, '2': {'effect': 0.09640732284416609, 'n_state': 505, 'same_sign': True}, '3': {'effect': 0.10708864300064147, 'n_state': 521, 'same_sign': True}, '4': {'effect': 0.1198461885032176, 'n_state': 583, 'same_sign': True}}"
1281,62684,0.07105444101838199,0.9414519906323185,0.8703975496139366,5.0369862977443195e-14,dist_low24_atr:Q4:H4,feature_quintile_x_server_4h_block,dist_low24_atr,4,4.0,12,move_ge_1atr,5.3804171816814326e-14,1322,62482,0.04350880890307596,2.6486123854893973e-06,2.66753104538575e-06,4,"{'1': {'effect': 0.04579985805414155, 'n_state': 257, 'same_sign': True}, '2': {'effect': 0.02746951507703943, 'n_state': 330, 'same_sign': True}, '3': {'effect': 0.0102638915325024, 'n_state': 333, 'same_sign': True}, '4': {'effect': 0.08057140247470895, 'n_state': 402, 'same_sign': True}}"
21537,42428,-0.29172233866047936,0.6783210289269629,0.9700433675874423,0.0,dist_low24_atr:Q5,feature_quintile,dist_low24_atr,5,,12,move_ge_1atr,0.0,22375,41429,-0.2794548400838157,0.0,0.0,4,"{'1': {'effect': -0.20828392071728852, 'n_state': 5533, 'same_sign': True}, '2': {'effect': -0.21323560522901908, 'n_state': 5500, 'same_sign': True}, '3': {'effect': -0.20182244686011408, 'n_state': 5808, 'same_sign': True}, '4': {'effect': -0.17221366904275048, 'n_state': 5534, 'same_sign': True}}"
6415,57550,-0.4623861727204579,0.45580670303975057,0.9181928757602085,0.0,dist_low24_atr:Q5:H0,feature_quintile_x_server_4h_block,dist_low24_atr,5,0.0,12,move_ge_1atr,0.0,6558,57246,-0.449526016336487,0.0,0.0,4,"{'1': {'effect': -0.4199127219343962, 'n_state': 1591, 'same_sign': True}, '2': {'effect': -0.4300875239503506, 'n_state': 1597, 'same_sign': True}, '3': {'effect': -0.41343385909803976, 'n_state': 1670, 'same_sign': True}, '4': {'effect': -0.39375196065802337, 'n_state': 1700, 'same_sign': True}}"
2628,61337,0.06025949436366085,0.9296042617960426,0.8693447674323818,1.4415005675224713e-19,dist_low24_atr:Q5:H1,feature_quintile_x_server_4h_block,dist_low24_atr,5,1.0,12,move_ge_1atr,1.6569422284293624e-19,3075,60729,0.08559918936145339,7.036021759251882e-44,1.167151844770018e-43,4,"{'1': {'effect': 0.10792442301966731, 'n_state': 727, 'same_sign': True}, '2': {'effect': 0.07630653453565439, 'n_state': 789, 'same_sign': True}, '3': {'effect': 0.0601136075145976, 'n_state': 780, 'same_sign': True}, '4': {'effect': 0.08731518912508485, 'n_state': 779, 'same_sign': True}}"
2653,61312,0.1274339924294945,0.9939690915944214,0.8665350991649269,2.353051908227517e-82,dist_low24_atr:Q5:H2,feature_quintile_x_server_4h_block,dist_low24_atr,5,2.0,12,move_ge_1atr,7.160726310649206e-82,2875,60929,0.12240836269157185,1.6739514388547883e-82,5.364253474511936e-82,4,"{'1': {'effect': 0.11869985322661003, 'n_state': 792, 'same_sign': True}, '2': {'effect': 0.11317482055237538, 'n_state': 592, 'same_sign': True}, '3': {'effect': 0.1241622640236495, 'n_state': 671, 'same_sign': True}, '4': {'effect': 0.11663124665033009, 'n_state': 820, 'same_sign': True}}"
5022,58943,-0.3669808832518423,0.5336519315013939,0.9006328147532362,0.0,dist_low24_atr:Q5:H4,feature_quintile_x_server_4h_block,dist_low24_atr,5,4.0,12,move_ge_1atr,0.0,5074,58730,-0.3684710017268016,0.0,0.0,4,"{'1': {'effect': -0.4191493244120546, 'n_state': 1239, 'same_sign': True}, '2': {'effect': -0.33008095321462383, 'n_state': 1298, 'same_sign': True}, '3': {'effect': -0.3122104213960124, 'n_state': 1417, 'same_sign': True}, '4': {'effect': -0.3266202585303153, 'n_state': 1120, 'same_sign': True}}"
2364,61601,-0.14582230670602148,0.7313874788494078,0.8772097855554293,3.2580030305081494e-96,dist_low24_atr:Q5:H5,feature_quintile_x_server_4h_block,dist_low24_atr,5,5.0,12,move_ge_1atr,1.1679112558516502e-95,2496,61308,-0.12724991028903232,5.42712825759075e-78,1.6756753671247351e-77,4,"{'1': {'effect': -0.20711954873590477, 'n_state': 535, 'same_sign': True}, '2': {'effect': -0.11139996920732842, 'n_state': 682, 'same_sign': True}, '3': {'effect': -0.0916731398333811, 'n_state': 665, 'same_sign': True}, '4': {'effect': -0.09837494387692769, 'n_state': 614, 'same_sign': True}}"
7466,56499,0.07794111099126577,0.9406643450308063,0.8627232340395405,6.010902282019713e-80,tickvol_z48:Q1,feature_quintile,tickvol_z48,1,,12,move_ge_1atr,1.7620392330973545e-79,5806,57998,0.08493581632169789,1.6896127312778492e-76,5.1050441809323585e-76,4,"{'1': {'effect': 0.09124733715698952, 'n_state': 1191, 'same_sign': True}, '2': {'effect': 0.0691881244988829, 'n_state': 1522, 'same_sign': True}, '3': {'effect': 0.07847200419082845, 'n_state': 1480, 'same_sign': True}, '4': {'effect': 0.07974644995757973, 'n_state': 1613, 'same_sign': True}}"
1699,62266,0.09902634970922664,0.9682165979988229,0.8691902482895962,2.0113495592722357e-33,tickvol_z48:Q1:H1,feature_quintile_x_server_4h_block,tickvol_z48,1,1.0,12,move_ge_1atr,2.8743272417978237e-33,1564,62240,0.07743529707624641,1.1510654218651248e-19,1.363867432630106e-19,4,"{'1': {'effect': 0.08991930040174645, 'n_state': 317, 'same_sign': True}, '2': {'effect': 0.049642368828566985, 'n_state': 423, 'same_sign': True}, '3': {'effect': 0.06383873811589902, 'n_state': 438, 'same_sign': True}, '4': {'effect': 0.1072508957346413, 'n_state': 386, 'same_sign': True}}"
1605,62360,0.1155012898674963,0.9844236760124611,0.8689223861449648,1.591456621317706e-42,tickvol_z48:Q1:H3,feature_quintile_x_server_4h_block,tickvol_z48,1,3.0,12,move_ge_1atr,2.4568837621072615e-42,1301,62503,0.11271570878510206,1.493019664649962e-33,2.1554515977711055e-33,4,"{'1': {'effect': 0.10529616203457837, 'n_state': 267, 'same_sign': True}, '2': {'effect': 0.11528190351098477, 'n_state': 317, 'same_sign': True}, '3': {'effect': 0.11021390788177443, 'n_state': 339, 'same_sign': True}, '4': {'effect': 0.11211865946517341, 'n_state': 378, 'same_sign': True}}"
1146,62819,0.05765927078175537,0.9284467713787086,0.8707875005969532,7.188507974532573e-09,tickvol_z48:Q1:H4,feature_quintile_x_server_4h_block,tickvol_z48,1,4.0,12,move_ge_1atr,7.274494912026983e-09,759,63045,0.040856944832366016,0.0007890300530798992,0.0007890300530798993,4,"{'1': {'effect': 0.06806533659203462, 'n_state': 185, 'same_sign': True}, '2': {'effect': 0.040010502769860734, 'n_state': 183, 'same_sign': True}, '3': {'effect': 0.03990555702231402, 'n_state': 217, 'same_sign': True}, '4': {'effect': 0.012418778823695242, 'n_state': 174, 'same_sign': True}}"
8960,55005,0.10376340584297539,0.9610491071428572,0.8572857012998818,1.8453663313233604e-163,tickvol_z48:Q2,feature_quintile,tickvol_z48,2,,12,move_ge_1atr,7.965203654589606e-163,10222,53582,0.10665247846579773,4.0450262075695307e-193,1.8398345008622703e-192,4,"{'1': {'effect': 0.10353182083070123, 'n_state': 2161, 'same_sign': True}, '2': {'effect': 0.08766496428760984, 'n_state': 2719, 'same_sign': True}, '3': {'effect': 0.0846875189323455, 'n_state': 2724, 'same_sign': True}, '4': {'effect': 0.09971536152073412, 'n_state': 2618, 'same_sign': True}}"
2599,61366,0.09350228303006947,0.9615236629472874,0.868021379917218,2.4872970387305077e-44,tickvol_z48:Q2:H1,feature_quintile_x_server_4h_block,tickvol_z48,2,1.0,12,move_ge_1atr,3.985328209784109e-44,2822,60982,0.08650427014270878,2.1244955763499912e-41,3.4169643680458033e-41,4,"{'1': {'effect': 0.09610088659399618, 'n_state': 652, 'same_sign': True}, '2': {'effect': 0.05703834914656403, 'n_state': 719, 'same_sign': True}, '3': {'effect': 0.08709524924362488, 'n_state': 704, 'same_sign': True}, '4': {'effect': 0.09497214638403595, 'n_state': 747, 'same_sign': True}}"
1210,62755,0.11969998768660228,0.9892561983471074,0.8695562106605051,5.710016544369239e-35,tickvol_z48:Q2:H2,feature_quintile_x_server_4h_block,tickvol_z48,2,2.0,12,move_ge_1atr,8.328748269890304e-35,1802,62002,0.11675134463637116,1.2234719663310022e-48,2.1836651550971053e-48,4,"{'1': {'effect': 0.1280761772634832, 'n_state': 373, 'same_sign': True}, '2': {'effect': 0.09646665575179247, 'n_state': 475, 'same_sign': True}, '3': {'effect': 0.12064529357682874, 'n_state': 403, 'same_sign': True}, '4': {'effect': 0.11562175497626381, 'n_state': 551, 'same_sign': True}}"
2353,61612,0.1216030062307587,0.988950276243094,0.8673472700123352,3.45017155009968e-67,tickvol_z48:Q2:H3,feature_quintile_x_server_4h_block,tickvol_z48,2,3.0,12,move_ge_1atr,8.33955751824094e-67,2422,61382,0.11475539689304981,5.191264061613058e-62,1.1319096381764553e-61,4,"{'1': {'effect': 0.11636728342102287, 'n_state': 505, 'same_sign': True}, '2': {'effect': 0.10788904751432282, 'n_state': 680, 'same_sign': True}, '3': {'effect': 0.10866015230830217, 'n_state': 609, 'same_sign': True}, '4': {'effect': 0.11411946728137501, 'n_state': 628, 'same_sign': True}}"
613,63352,0.06847682087827678,0.9396411092985318,0.8711642884202551,4.480733492567219e-07,tickvol_z48:Q2:H4,feature_quintile_x_server_4h_block,tickvol_z48,2,4.0,12,move_ge_1atr,4.4913513444453405e-07,885,62919,0.05234731445137564,3.4970199386220316e-06,3.5136328599456517e-06,4,"{'1': {'effect': 0.07175528018411836, 'n_state': 215, 'same_sign': True}, '2': {'effect': 0.03921753607103218, 'n_state': 204, 'same_sign': True}, '3': {'effect': 0.05704581471466941, 'n_state': 227, 'same_sign': True}, '4': {'effect': 0.03960970337416947, 'n_state': 239, 'same_sign': True}}"
2185,61780,0.05073639169919386,0.9208237986270023,0.8700874069278084,3.1182935384906522e-12,tickvol_z48:Q2:H5,feature_quintile_x_server_4h_block,tickvol_z48,2,5.0,12,move_ge_1atr,3.264945957380064e-12,2291,61513,0.07457073142275383,7.473838550878101e-26,9.757511441424188e-26,4,"{'1': {'effect': 0.07977061904461402, 'n_state': 416, 'same_sign': True}, '2': {'effect': 0.09710171412730206, 'n_state': 641, 'same_sign': True}, '3': {'effect': 0.043351041303275606, 'n_state': 781, 'same_sign': True}, '4': {'effect': 0.08154881020815274, 'n_state': 453, 'same_sign': True}}"
9134,54831,0.12156175591350771,0.9760236479089117,0.854461891995404,3.694066994119728e-227,tickvol_z48:Q3,feature_quintile,tickvol_z48,3,,12,move_ge_1atr,1.9532379231408062e-226,10954,52850,0.11977267282170267,9.93067943211294e-257,6.886356393088153e-256,4,"{'1': {'effect': 0.1079131882758505, 'n_state': 2532, 'same_sign': True}, '2': {'effect': 0.10152258282881554, 'n_state': 2779, 'same_sign': True}, '3': {'effect': 0.10071688559227265, 'n_state': 2775, 'same_sign': True}, '4': {'effect': 0.10484352057690816, 'n_state': 2868, 'same_sign': True}}"
2337,61628,0.09440126618337707,0.962772785622593,0.868371519439216,6.052789205402434e-41,tickvol_z48:Q3:H1,feature_quintile_x_server_4h_block,tickvol_z48,3,1.0,12,move_ge_1atr,9.176809440448853e-41,2604,61200,0.0843009999698805,1.2841387054086323e-36,1.9194016692150227e-36,4,"{'1': {'effect': 0.09979614139325255, 'n_state': 665, 'same_sign': True}, '2': {'effect': 0.061694421292701196, 'n_state': 634, 'same_sign': True}, '3': {'effect': 0.08134609947479854, 'n_state': 683, 'same_sign': True}, '4': {'effect': 0.08312168358422733, 'n_state': 622, 'same_sign': True}}"
2802,61163,0.1224812640980888,0.9889364739471805,0.8664552098490917,3.3167469381062197e-80,tickvol_z48:Q3:H2,feature_quintile_x_server_4h_block,tickvol_z48,3,2.0,12,move_ge_1atr,9.811076607125392e-80,3692,60112,0.12393555503904452,1.408242651014904e-106,5.415333103448221e-106,4,"{'1': {'effect': 0.12243416641499194, 'n_state': 782, 'same_sign': True}, '2': {'effect': 0.1149371933399469, 'n_state': 988, 'same_sign': True}, '3': {'effect': 0.12289263755975766, 'n_state': 956, 'same_sign': True}, '4': {'effect': 0.11456927890489976, 'n_state': 966, 'same_sign': True}}"
2566,61399,0.12298041519992964,0.9898674980514419,0.8668870828515123,1.790300183936422e-74,tickvol_z48:Q3:H3,feature_quintile_x_server_4h_block,tickvol_z48,3,3.0,12,move_ge_1atr,5.015211773543752e-74,2667,61137,0.11605556518742977,2.452241282796307e-69,6.565177611536949e-69,4,"{'1': {'effect': 0.116203565886563, 'n_state': 650, 'same_sign': True}, '2': {'effect': 0.11699850236494069, 'n_state': 690, 'same_sign': True}, '3': {'effect': 0.10259038407999699, 'n_state': 659, 'same_sign': True}, '4': {'effect': 0.11354615907566523, 'n_state': 668, 'same_sign': True}}"
725,63240,0.09616600143950793,0.9668965517241379,0.87073055028463,1.3415777856185136e-14,tickvol_z48:Q3:H4,feature_quintile_x_server_4h_block,tickvol_z48,3,4.0,12,move_ge_1atr,1.4403233586716528e-14,876,62928,0.08627450724289387,2.792998896088406e-14,3.0062049186905746e-14,4,"{'1': {'effect': 0.11753806428258418, 'n_state': 197, 'same_sign': True}, '2': {'effect': 0.06152756388990488, 'n_state': 197, 'same_sign': True}, '3': {'effect': 0.05999604954285842, 'n_state': 163, 'same_sign': True}, '4': {'effect': 0.09331120845814789, 'n_state': 319, 'same_sign': True}}"
704,63261,0.05635655261535544,0.9275568181818182,0.8712002655664628,8.650837209019306e-06,tickvol_z48:Q3:H5,feature_quintile_x_server_4h_block,tickvol_z48,3,5.0,12,move_ge_1atr,8.650837209019306e-06,1115,62689,0.06752084655642587,2.022260009982784e-11,2.0863804493237015e-11,4,"{'1': {'effect': 0.018151450870755204, 'n_state': 238, 'same_sign': True}, '2': {'effect': 0.10183243967359557, 'n_state': 270, 'same_sign': True}, '3': {'effect': 0.06394788085389846, 'n_state': 314, 'same_sign': True}, '4': {'effect': 0.07648413058757442, 'n_state': 293, 'same_sign': True}}"
9041,54924,0.1325331563327603,0.985621059617299,0.8530879032845387,2.4546301994676073e-267,tickvol_z48:Q4,feature_quintile,tickvol_z48,4,,12,move_ge_1atr,1.7901871971979276e-266,8795,55009,0.12513347678876374,2.2603085733959909e-234,1.2102664892993725e-233,4,"{'1': {'effect': 0.11448883007386246, 'n_state': 2299, 'same_sign': True}, '2': {'effect': 0.10478686657887992, 'n_state': 2012, 'same_sign': True}, '3': {'effect': 0.11587425322137523, 'n_state': 2149, 'same_sign': True}, '4': {'effect': 0.11127108760415882, 'n_state': 2335, 'same_sign': True}}"
1801,62164,0.09875571025412855,0.9677956690727374,0.8690399588186088,4.338132840710755e-35,tickvol_z48:Q4:H1,feature_quintile_x_server_4h_block,tickvol_z48,4,1.0,12,move_ge_1atr,6.349585438133735e-35,1746,62058,0.09027903062416176,6.338254203127245e-29,8.538476203575875e-29,4,"{'1': {'effect': 0.10034650081310281, 'n_state': 469, 'same_sign': True}, '2': {'effect': 0.079480979602641, 'n_state': 434, 'same_sign': True}, '3': {'effect': 0.08492936014720276, 'n_state': 442, 'same_sign': True}, '4': {'effect': 0.08798013483239053, 'n_state': 401, 'same_sign': True}}"
4159,59806,0.12732106874662952,0.9908631882664102,0.8635421195197807,1.0852243483465884e-124,tickvol_z48:Q4:H2,feature_quintile_x_server_4h_block,tickvol_z48,4,2.0,12,move_ge_1atr,4.211466966519329e-124,3473,60331,0.12643535175033993,9.362423357711865e-105,3.5678424146956024e-104,4,"{'1': {'effect': 0.12115222027715378, 'n_state': 890, 'same_sign': True}, '2': {'effect': 0.1137049650060803, 'n_state': 858, 'same_sign': True}, '3': {'effect': 0.1258592248838859, 'n_state': 916, 'same_sign': True}, '4': {'effect': 0.123954743205138, 'n_state': 809, 'same_sign': True}}"
1874,62091,0.1254514430372593,0.9935965848452508,0.8681451418079915,1.1617262529113809e-57,tickvol_z48:Q4:H3,feature_quintile_x_server_4h_block,tickvol_z48,4,3.0,12,move_ge_1atr,2.2438822145274616e-57,2084,61720,0.11872943626283272,1.4470573439467785e-57,2.9858792999487183e-57,4,"{'1': {'effect': 0.11533865688732692, 'n_state': 611, 'same_sign': True}, '2': {'effect': 0.11594017560024117, 'n_state': 412, 'same_sign': True}, '3': {'effect': 0.1219039509741019, 'n_state': 474, 'same_sign': True}, '4': {'effect': 0.11131577587908115, 'n_state': 587, 'same_sign': True}}"
986,62979,0.11885540455273291,0.9888438133874239,0.869988408834691,1.6041935276552743e-28,tickvol_z48:Q4:H4,feature_quintile_x_server_4h_block,tickvol_z48,4,4.0,12,move_ge_1atr,2.217561641170526e-28,1016,62788,0.10538349521624835,1.5790837063304097e-23,1.9761905555555127e-23,4,"{'1': {'effect': 0.1080651128375878, 'n_state': 204, 'same_sign': True}, '2': {'effect': 0.08970941762868034, 'n_state': 211, 'same_sign': True}, '3': {'effect': 0.11305654061902337, 'n_state': 205, 'same_sign': True}, '4': {'effect': 0.10525342371481661, 'n_state': 396, 'same_sign': True}}"
29364,34601,-0.20738642290260456,0.7596376515461108,0.9670240744487154,0.0,tickvol_z48:Q5,feature_quintile,tickvol_z48,5,,12,move_ge_1atr,0.0,28027,35777,-0.21630614322058261,0.0,0.0,4,"{'1': {'effect': -0.13812973946551088, 'n_state': 7204, 'same_sign': True}, '2': {'effect': -0.1493488889825354, 'n_state': 6783, 'same_sign': True}, '3': {'effect': -0.1418352644525892, 'n_state': 7218, 'same_sign': True}, '4': {'effect': -0.1154472796066045, 'n_state': 6822, 'same_sign': True}}"
9324,54641,-0.290382092398893,0.6237666237666237,0.9141487161655167,0.0,tickvol_z48:Q5:H0,feature_quintile_x_server_4h_block,tickvol_z48,5,0.0,12,move_ge_1atr,0.0,9270,54534,-0.293275736772036,0.0,0.0,4,"{'1': {'effect': -0.2670871715821014, 'n_state': 2268, 'same_sign': True}, '2': {'effect': -0.2628561318629352, 'n_state': 2301, 'same_sign': True}, '3': {'effect': -0.25506661983512935, 'n_state': 2376, 'same_sign': True}, '4': {'effect': -0.2557556658476091, 'n_state': 2325, 'same_sign': True}}"
3891,60074,0.09050856038796051,0.9568234387047032,0.8663148783167427,3.289411004931586e-60,tickvol_z48:Q5:H1,feature_quintile_x_server_4h_block,tickvol_z48,5,1.0,12,move_ge_1atr,6.957104275430303e-60,3646,60158,0.11119090545564081,3.560084379951207e-85,1.2047325541754885e-84,4,"{'1': {'effect': 0.1038536953043605, 'n_state': 921, 'same_sign': True}, '2': {'effect': 0.12201532571399842, 'n_state': 862, 'same_sign': True}, '3': {'effect': 0.11113882634826133, 'n_state': 901, 'same_sign': True}, '4': {'effect': 0.09022628178606662, 'n_state': 962, 'same_sign': True}}"
3982,59983,0.13293950781450692,0.9964841788046208,0.8635446709901139,1.911480938355867e-130,tickvol_z48:Q5:H2,feature_quintile_x_server_4h_block,tickvol_z48,5,2.0,12,move_ge_1atr,7.774581124274344e-130,2891,60913,0.12612418629303979,6.343907431539046e-88,2.2177461516867905e-87,4,"{'1': {'effect': 0.1242314386024076, 'n_state': 844, 'same_sign': True}, '2': {'effect': 0.12240923137842064, 'n_state': 649, 'same_sign': True}, '3': {'effect': 0.12254534792389882, 'n_state': 793, 'same_sign': True}, '4': {'effect': 0.11686532857840226, 'n_state': 605, 'same_sign': True}}"
6690,57275,-0.26500817196555826,0.6345291479820628,0.8995373199476211,0.0,tickvol_z48:Q5:H4,feature_quintile_x_server_4h_block,tickvol_z48,5,4.0,12,move_ge_1atr,0.0,6511,57293,-0.27331756995715384,0.0,0.0,4,"{'1': {'effect': -0.32735925924285836, 'n_state': 1508, 'same_sign': True}, '2': {'effect': -0.2259477038317833, 'n_state': 1743, 'same_sign': True}, '3': {'effect': -0.24022671191269407, 'n_state': 1813, 'same_sign': True}, '4': {'effect': -0.21903603211944367, 'n_state': 1447, 'same_sign': True}}"
2966,60999,-0.1045864950507076,0.7720836142953472,0.8766701093460548,3.6333088749252227e-62,tickvol_z48:Q5:H5,feature_quintile_x_server_4h_block,tickvol_z48,5,5.0,12,move_ge_1atr,8.046542691588322e-62,3216,60588,-0.09283702550822837,1.8860913597428102e-53,3.5776531173596804e-53,4,"{'1': {'effect': -0.0797699422629724, 'n_state': 947, 'same_sign': True}, '2': {'effect': -0.12617436263484882, 'n_state': 726, 'same_sign': True}, '3': {'effect': -0.11043852529458775, 'n_state': 723, 'same_sign': True}, '4': {'effect': -0.048910911946665525, 'n_state': 820, 'same_sign': True}}"
11207,52758,0.12132961934614817,0.9718925671455341,0.8505629477993859,8.890513700712988e-267,gap_atr:Q1,feature_quintile,gap_atr,1,,12,move_ge_1atr,6.374046263392532e-266,11213,52591,0.11779636491958612,5.522378893407538e-253,3.593794264479059e-252,4,"{'1': {'effect': 0.10134960608757348, 'n_state': 2621, 'same_sign': True}, '2': {'effect': 0.09438898237311022, 'n_state': 3116, 'same_sign': True}, '3': {'effect': 0.10758991603426071, 'n_state': 3881, 'same_sign': True}, '4': {'effect': 0.10422763874493057, 'n_state': 1595, 'same_sign': True}}"
1500,62465,0.12033469409536002,0.9893333333333333,0.8689986392379733,3.4958342916425777e-43,gap_atr:Q1:H0,feature_quintile_x_server_4h_block,gap_atr,1,0.0,12,move_ge_1atr,5.4166223639736646e-43,1329,62475,0.11543542925070704,8.219001269779912e-36,1.2198728200410185e-35,4,"{'1': {'effect': 0.10924522841218154, 'n_state': 322, 'same_sign': True}, '2': {'effect': 0.10888014837952686, 'n_state': 367, 'same_sign': True}, '3': {'effect': 0.11765296108189571, 'n_state': 474, 'same_sign': True}, '4': {'effect': 0.12161976420089993, 'n_state': 166, 'same_sign': True}}"
2646,61319,0.10256586385285726,0.9701436130007559,0.8675777491478986,7.247090105449477e-54,gap_atr:Q1:H1,feature_quintile_x_server_4h_block,gap_atr,1,1.0,12,move_ge_1atr,1.350448949165255e-53,2584,61220,0.0875286107152502,4.592631376283706e-39,7.116055209406621e-39,4,"{'1': {'effect': 0.09504100518816627, 'n_state': 632, 'same_sign': True}, '2': {'effect': 0.06496962105012483, 'n_state': 729, 'same_sign': True}, '3': {'effect': 0.08951381841527273, 'n_state': 871, 'same_sign': True}, '4': {'effect': 0.09661042993128666, 'n_state': 352, 'same_sign': True}}"
2569,61396,0.12745973842641511,0.9941611521992993,0.8667014137728842,6.040087205652869e-80,gap_atr:Q1:H2,feature_quintile_x_server_4h_block,gap_atr,1,2.0,12,move_ge_1atr,1.7620392330973545e-79,2606,61198,0.12474803110681054,4.086816673956762e-78,1.2711201860909634e-77,4,"{'1': {'effect': 0.12317583513651709, 'n_state': 571, 'same_sign': True}, '2': {'effect': 0.1171476890158979, 'n_state': 698, 'same_sign': True}, '3': {'effect': 0.12261862014688873, 'n_state': 925, 'same_sign': True}, '4': {'effect': 0.12082609425464241, 'n_state': 412, 'same_sign': True}}"
1879,62086,0.12657571052407401,0.9946780202235231,0.8681023096994491,8.177172908029001e-59,gap_atr:Q1:H3,feature_quintile_x_server_4h_block,gap_atr,1,3.0,12,move_ge_1atr,1.631577424573711e-58,2091,61713,0.1202694167133318,3.306035323328659e-59,6.957477322228969e-59,4,"{'1': {'effect': 0.11077423289508415, 'n_state': 461, 'same_sign': True}, '2': {'effect': 0.11793546154435353, 'n_state': 574, 'same_sign': True}, '3': {'effect': 0.12017248582417694, 'n_state': 707, 'same_sign': True}, '4': {'effect': 0.11938447005402153, 'n_state': 349, 'same_sign': True}}"
1057,62908,0.08800650394903242,0.9583727530747398,0.8703662491257074,2.100171589453952e-17,gap_atr:Q1:H4,feature_quintile_x_server_4h_block,gap_atr,1,4.0,12,move_ge_1atr,2.375327760264764e-17,1032,62772,0.0693404628637565,3.3968736099225556e-11,3.496052401453141e-11,4,"{'1': {'effect': 0.07587920945460702, 'n_state': 232, 'same_sign': True}, '2': {'effect': 0.05522213012847088, 'n_state': 304, 'same_sign': True}, '3': {'effect': 0.07325287733170782, 'n_state': 367, 'same_sign': True}, '4': {'effect': 0.0732118954355786, 'n_state': 129, 'same_sign': True}}"
23321,40644,0.14733534171702156,0.9654388748338407,0.8181035331168192,0.0,gap_atr:Q2,feature_quintile,gap_atr,2,,12,move_ge_1atr,0.0,18524,45280,0.1314936005090903,0.0,0.0,4,"{'1': {'effect': 0.10299075849067962, 'n_state': 4699, 'same_sign': True}, '2': {'effect': 0.09772182311841016, 'n_state': 4262, 'same_sign': True}, '3': {'effect': 0.09088809001541365, 'n_state': 3778, 'same_sign': True}, '4': {'effect': 0.10808687041885356, 'n_state': 5785, 'same_sign': True}}"
1967,61998,0.09867705196649923,0.9674631418403661,0.8687860898738669,5.203308407807723e-38,gap_atr:Q2:H0,feature_quintile_x_server_4h_block,gap_atr,2,0.0,12,move_ge_1atr,7.777383238525324e-38,1711,62093,0.10020752510306197,1.363173323089069e-34,2.0091369883856313e-34,4,"{'1': {'effect': 0.08564574991366347, 'n_state': 426, 'same_sign': True}, '2': {'effect': 0.10024336401923695, 'n_state': 397, 'same_sign': True}, '3': {'effect': 0.09466292035230262, 'n_state': 302, 'same_sign': True}, '4': {'effect': 0.10784006844726146, 'n_state': 586, 'same_sign': True}}"
4691,59274,0.10128647734007268,0.9656789597100831,0.8643924823700104,8.79580628992495e-89,gap_atr:Q2:H1,feature_quintile_x_server_4h_block,gap_atr,2,1.0,12,move_ge_1atr,2.9528778259033757e-88,3911,59893,0.09587360819883328,5.155744811349918e-68,1.3462222562969231e-67,4,"{'1': {'effect': 0.1051625798549971, 'n_state': 968, 'same_sign': True}, '2': {'effect': 0.08077925591864865, 'n_state': 963, 'same_sign': True}, '3': {'effect': 0.08353562688320426, 'n_state': 781, 'same_sign': True}, '4': {'effect': 0.09406592920557344, 'n_state': 1199, 'same_sign': True}}"
4967,58998,0.13045795118728387,0.9921481779746326,0.8616902267873487,9.339326485021637e-154,gap_atr:Q2:H2,feature_quintile_x_server_4h_block,gap_atr,2,2.0,12,move_ge_1atr,3.9904394981456087e-153,3916,59888,0.12259431770083873,3.9306616233494186e-110,1.5395091358118557e-109,4,"{'1': {'effect': 0.11807450754222015, 'n_state': 992, 'same_sign': True}, '2': {'effect': 0.10751258261066243, 'n_state': 935, 'same_sign': True}, '3': {'effect': 0.12367699121123721, 'n_state': 776, 'same_sign': True}, '4': {'effect': 0.1188700908525826, 'n_state': 1213, 'same_sign': True}}"
4634,59331,0.12911744326451846,0.9915839447561502,0.8624665014916317,1.7971947117058444e-141,gap_atr:Q2:H3,feature_quintile_x_server_4h_block,gap_atr,2,3.0,12,move_ge_1atr,7.602133630515722e-141,3442,60362,0.12353254866469876,2.912604013288924e-99,1.0902933607267389e-98,4,"{'1': {'effect': 0.11749796102245302, 'n_state': 950, 'same_sign': True}, '2': {'effect': 0.11512910568568391, 'n_state': 739, 'same_sign': True}, '3': {'effect': 0.11485668207587829, 'n_state': 659, 'same_sign': True}, '4': {'effect': 0.1239685770983171, 'n_state': 1094, 'same_sign': True}}"
3677,60288,0.07655634876263595,0.9439760674462877,0.8674197186836518,2.0002877842606586e-41,gap_atr:Q2:H4,feature_quintile_x_server_4h_block,gap_atr,2,4.0,12,move_ge_1atr,3.0545910929323413e-41,2985,60819,0.07488442723325761,4.352102639091388e-33,6.24047259774799e-33,4,"{'1': {'effect': 0.07799470386680596, 'n_state': 717, 'same_sign': True}, '2': {'effect': 0.07762617616996448, 'n_state': 673, 'same_sign': True}, '3': {'effect': 0.05330428866242731, 'n_state': 697, 'same_sign': True}, '4': {'effect': 0.07831836196079178, 'n_state': 898, 'same_sign': True}}"
11685,52280,0.11285143293787869,0.9640564826700898,0.8512050497322111,1.0940393439691045e-238,gap_atr:Q4,feature_quintile,gap_atr,4,,12,move_ge_1atr,6.42748114581849e-238,15413,48391,0.12339890379879259,0.0,0.0,4,"{'1': {'effect': 0.10678018755097529, 'n_state': 4001, 'same_sign': True}, '2': {'effect': 0.09816575126964688, 'n_state': 3452, 'same_sign': True}, '3': {'effect': 0.08607358725312197, 'n_state': 3103, 'same_sign': True}, '4': {'effect': 0.10416794567597298, 'n_state': 4857, 'same_sign': True}}"
836,63129,0.08382043118059845,0.9545454545454546,0.8707250233648561,5.91887651433788e-13,gap_atr:Q4:H0,feature_quintile_x_server_4h_block,gap_atr,4,0.0,12,move_ge_1atr,6.259211913912309e-13,1367,62437,0.09498053921308047,1.978558679273083e-25,2.5594199429128872e-25,4,"{'1': {'effect': 0.0706698226490513, 'n_state': 368, 'same_sign': True}, '2': {'effect': 0.08674897501309176, 'n_state': 317, 'same_sign': True}, '3': {'effect': 0.10281954395165693, 'n_state': 241, 'same_sign': True}, '4': {'effect': 0.11223013580856478, 'n_state': 441, 'same_sign': True}}"
2244,61721,0.09958761294897245,0.9679144385026738,0.8683268255537013,1.069960731230648e-43,gap_atr:Q4:H1,feature_quintile_x_server_4h_block,gap_atr,4,1.0,12,move_ge_1atr,1.695106327005858e-43,3247,60557,0.09489131282385965,2.9672192251969484e-56,5.976827296468139e-56,4,"{'1': {'effect': 0.09777432409189535, 'n_state': 874, 'same_sign': True}, '2': {'effect': 0.08162299901360959, 'n_state': 708, 'same_sign': True}, '3': {'effect': 0.08771155731575264, 'n_state': 642, 'same_sign': True}, '4': {'effect': 0.09463161543588594, 'n_state': 1023, 'same_sign': True}}"
2510,61455,0.12221837570392091,0.9892430278884462,0.8670246521845253,4.4762700014728607e-72,gap_atr:Q4:H2,feature_quintile_x_server_4h_block,gap_atr,4,2.0,12,move_ge_1atr,1.2137578273224488e-71,3259,60545,0.12480376986871644,2.801846314318686e-96,1.039632448207723e-95,4,"{'1': {'effect': 0.1248058557218863, 'n_state': 924, 'same_sign': True}, '2': {'effect': 0.11675314254235858, 'n_state': 753, 'same_sign': True}, '3': {'effect': 0.1250943660302669, 'n_state': 590, 'same_sign': True}, '4': {'effect': 0.11500255241961155, 'n_state': 992, 'same_sign': True}}"
2218,61747,0.12064043356304455,0.9882777276825969,0.8676372941195524,1.3352581280830774e-62,gap_atr:Q4:H3,feature_quintile_x_server_4h_block,gap_atr,4,3.0,12,move_ge_1atr,2.97270625357443e-62,2930,60874,0.11592750022118081,1.6506059223030587e-75,4.916945810804182e-75,4,"{'1': {'effect': 0.11940196028204164, 'n_state': 842, 'same_sign': True}, '2': {'effect': 0.1118884887634306, 'n_state': 606, 'same_sign': True}, '3': {'effect': 0.10444029290149848, 'n_state': 506, 'same_sign': True}, '4': {'effect': 0.10953577918167423, 'n_state': 976, 'same_sign': True}}"
2098,61867,0.0788101395220594,0.948045757864633,0.8692356183425736,2.408220390941372e-26,gap_atr:Q4:H4,feature_quintile_x_server_4h_block,gap_atr,4,4.0,12,move_ge_1atr,3.2134928245053643e-26,2376,61428,0.07105074315466975,2.09898299663549e-24,2.658292837056324e-24,4,"{'1': {'effect': 0.07650917780959998, 'n_state': 544, 'same_sign': True}, '2': {'effect': 0.07070179276971977, 'n_state': 559, 'same_sign': True}, '3': {'effect': 0.04905951117143781, 'n_state': 597, 'same_sign': True}, '4': {'effect': 0.0793515982180284, 'n_state': 676, 'same_sign': True}}"
17704,46261,-0.3426060057107557,0.6240397650248531,0.9666457707356089,0.0,gap_atr:Q5,feature_quintile,gap_atr,5,,12,move_ge_1atr,0.0,17605,46199,-0.34065060859821206,0.0,0.0,4,"{'1': {'effect': -0.3015638835091019, 'n_state': 4059, 'same_sign': True}, '2': {'effect': -0.25162057305403807, 'n_state': 4747, 'same_sign': True}, '3': {'effect': -0.20351637789413313, 'n_state': 5557, 'same_sign': True}, '4': {'effect': -0.3438778999118294, 'n_state': 3242, 'same_sign': True}}"
5013,58952,-0.5944504865447273,0.32395770995411927,0.9184081964988465,0.0,gap_atr:Q5:H0,feature_quintile_x_server_4h_block,gap_atr,5,0.0,12,move_ge_1atr,0.0,4733,59071,-0.6324553953724582,0.0,0.0,4,"{'1': {'effect': -0.6042943334538246, 'n_state': 1146, 'same_sign': True}, '2': {'effect': -0.5901460773908557, 'n_state': 1189, 'same_sign': True}, '3': {'effect': -0.5196870793153301, 'n_state': 1357, 'same_sign': True}, '4': {'effect': -0.695743527375134, 'n_state': 1041, 'same_sign': True}}"
2742,61223,0.07486044876204556,0.9434719183078045,0.868611469545759,1.8182011669046934e-30,gap_atr:Q5:H1,feature_quintile_x_server_4h_block,gap_atr,5,1.0,12,move_ge_1atr,2.5299312289496227e-30,2454,61350,0.0934311328443358,3.250399976264562e-42,5.2678896167046355e-42,4,"{'1': {'effect': 0.09719838989811813, 'n_state': 549, 'same_sign': True}, '2': {'effect': 0.08765646073465816, 'n_state': 617, 'same_sign': True}, '3': {'effect': 0.09649779165760508, 'n_state': 871, 'same_sign': True}, '4': {'effect': 0.07506021308184174, 'n_state': 417, 'same_sign': True}}"
2383,61582,0.12442200133334325,0.9916072177926982,0.867185216459355,4.317970342440797e-71,gap_atr:Q5:H2,feature_quintile_x_server_4h_block,gap_atr,5,2.0,12,move_ge_1atr,1.1560135790205426e-70,2443,61361,0.12430983337351775,4.923630432397994e-73,1.3792686575525505e-72,4,"{'1': {'effect': 0.12840817487789846, 'n_state': 537, 'same_sign': True}, '2': {'effect': 0.11291325092016569, 'n_state': 643, 'same_sign': True}, '3': {'effect': 0.1233127052791797, 'n_state': 876, 'same_sign': True}, '4': {'effect': 0.11770545960519962, 'n_state': 387, 'same_sign': True}}"
3302,60663,-0.5798261983199915,0.32192610539067235,0.9017523037106638,0.0,gap_atr:Q5:H4,feature_quintile_x_server_4h_block,gap_atr,5,4.0,12,move_ge_1atr,0.0,3326,60478,-0.5758728861552892,0.0,0.0,4,"{'1': {'effect': -0.6493596819562268, 'n_state': 816, 'same_sign': True}, '2': {'effect': -0.4971777025200267, 'n_state': 925, 'same_sign': True}, '3': {'effect': -0.49523725983402167, 'n_state': 946, 'same_sign': True}, '4': {'effect': -0.5969610109003582, 'n_state': 639, 'same_sign': True}}"
2091,61874,-0.1601747241934276,0.7168818747011,0.8770565988945276,5.387210415453256e-103,gap_atr:Q5:H5,feature_quintile_x_server_4h_block,gap_atr,5,5.0,12,move_ge_1atr,1.9476837655869465e-102,2272,61532,-0.13998109766314204,5.0534440843356674e-86,1.7378917460764126e-85,4,"{'1': {'effect': -0.1868017065190395, 'n_state': 515, 'same_sign': True}, '2': {'effect': -0.10417211320440212, 'n_state': 712, 'same_sign': True}, '3': {'effect': -0.10083249428022112, 'n_state': 687, 'same_sign': True}, '4': {'effect': -0.19499571799675852, 'n_state': 358, 'same_sign': True}}"
1358,54183,-0.04706555868854079,0.46097201767304863,0.5080375763615894,0.000611445051586635,ret12_atr:Q5:H5,feature_quintile_x_server_4h_block,ret12_atr,5,5.0,12,up_first_1atr,0.0011617455980146066,1489,53901,-0.03915271921862473,0.0028755373324691608,0.024442067325987867,4,"{'1': {'effect': -0.02317377844399754, 'n_state': 255, 'same_sign': True}, '2': {'effect': -0.035270611089110504, 'n_state': 463, 'same_sign': True}, '3': {'effect': -0.01799263518345895, 'n_state': 428, 'same_sign': True}, '4': {'effect': -0.07924868443986982, 'n_state': 343, 'same_sign': True}}"
2535,53006,-0.04999717571327755,0.4591715976331361,0.5091687733464136,8.706553538382013e-07,dist_low24_atr:Q1:H2,feature_quintile_x_server_4h_block,dist_low24_atr,1,2.0,12,up_first_1atr,8.271225861462912e-06,2218,53172,-0.02551381138041764,0.018543537452632854,0.07881003417368963,3,"{'1': {'effect': -0.024897325105081303, 'n_state': 518, 'same_sign': True}, '2': {'effect': -0.06263216679946637, 'n_state': 562, 'same_sign': True}, '3': {'effect': 0.04394164778881249, 'n_state': 668, 'same_sign': False}, '4': {'effect': -0.07661666485875002, 'n_state': 470, 'same_sign': True}}"
1381,50753,-0.27168352842660887,-0.08996774262869932,0.18171578579790953,0.00037263398009671953,ret1_atr:Q5:H4,feature_quintile_x_server_4h_block,ret1_atr,5,4.0,24,mean_fwd_ret_atr,0.005403192711402433,1313,50856,-0.2991005336760405,0.00015217387960261735,0.0010461954222679942,4,"{'1': {'effect': -0.5139784163601843, 'n_state': 252, 'same_sign': True}, '2': {'effect': -0.1247780369603602, 'n_state': 340, 'same_sign': True}, '3': {'effect': -0.16878337557612014, 'n_state': 347, 'same_sign': True}, '4': {'effect': -0.41369237175290857, 'n_state': 374, 'same_sign': True}}"
1362,50772,-0.19912147849950668,-0.019400389042580322,0.17972108945692636,0.008038974343419882,ret3_atr:Q5:H4,feature_quintile_x_server_4h_block,ret3_atr,5,4.0,24,mean_fwd_ret_atr,0.043172269622069735,1329,50840,-0.2222682010928015,0.006013773473702908,0.022863180669542054,4,"{'1': {'effect': -0.26889668523186216, 'n_state': 244, 'same_sign': True}, '2': {'effect': -0.09276799637520111, 'n_state': 337, 'same_sign': True}, '3': {'effect': -0.0686978397443577, 'n_state': 381, 'same_sign': True}, '4': {'effect': -0.4542083161553455, 'n_state': 367, 'same_sign': True}}"
1541,50593,-0.19325590414770627,-0.01302451633317668,0.18023138781452958,0.005364361146651027,ret12_atr:Q4:H4,feature_quintile_x_server_4h_block,ret12_atr,4,4.0,24,mean_fwd_ret_atr,0.03174825984752649,1526,50643,-0.16397192772644603,0.018158257178624026,0.05256337604338534,3,"{'1': {'effect': -0.6077306338718139, 'n_state': 319, 'same_sign': True}, '2': {'effect': -0.03549986419981527, 'n_state': 373, 'same_sign': True}, '3': {'effect': 0.172914297539927, 'n_state': 417, 'same_sign': False}, '4': {'effect': -0.26253839382573246, 'n_state': 417, 'same_sign': True}}"
2808,49326,0.2427053727183814,0.40415201286565294,0.16144664014727153,0.001164773618799495,ret12_atr:Q5:H2,feature_quintile_x_server_4h_block,ret12_atr,5,2.0,24,mean_fwd_ret_atr,0.012991705748148213,2925,49244,0.31580036596477934,3.962899146239172e-06,0.00010897972652157723,4,"{'1': {'effect': 0.5342258377479608, 'n_state': 817, 'same_sign': True}, '2': {'effect': 0.42692014992975524, 'n_state': 621, 'same_sign': True}, '3': {'effect': 0.016835559707723907, 'n_state': 740, 'same_sign': True}, '4': {'effect': 0.22824135501626808, 'n_state': 747, 'same_sign': True}}"
1370,50764,-0.27880192776042645,-0.09695640535541522,0.1818455224050112,0.0002736094106716718,body_atr:Q5:H4,feature_quintile_x_server_4h_block,body_atr,5,4.0,24,mean_fwd_ret_atr,0.0043543934347803626,1303,50866,-0.3196122105584576,5.585651219586227e-05,0.0006211294426982484,4,"{'1': {'effect': -0.5030740946999912, 'n_state': 256, 'same_sign': True}, '2': {'effect': -0.17753472926788985, 'n_state': 331, 'same_sign': True}, '3': {'effect': -0.19542959987967437, 'n_state': 346, 'same_sign': True}, '4': {'effect': -0.41466200486280613, 'n_state': 370, 'same_sign': True}}"
1072,51062,-0.4374844336519877,-0.2539696613938452,0.1835147722581425,1.7481415902172459e-06,atr_slope3:Q4:H4,feature_quintile_x_server_4h_block,atr_slope3,4,4.0,24,mean_fwd_ret_atr,6.337013264537516e-05,1121,51048,-0.2949100560245471,0.0027489411184824235,0.01511917615165333,4,"{'1': {'effect': -0.43938367170277315, 'n_state': 219, 'same_sign': True}, '2': {'effect': -0.17706073852230114, 'n_state': 287, 'same_sign': True}, '3': {'effect': -0.2194754730120183, 'n_state': 258, 'same_sign': True}, '4': {'effect': -0.3406725077734149, 'n_state': 357, 'same_sign': True}}"
4011,48123,0.2949778432043011,0.4468023664509082,0.1518245232466071,0.0007437174176628874,atr_slope12:Q5:H0,feature_quintile_x_server_4h_block,atr_slope12,5,0.0,24,mean_fwd_ret_atr,0.009803547778283515,3914,48255,0.49814880309216547,4.21287962612343e-13,2.3170837943678863e-11,3,"{'1': {'effect': 0.7865482554043466, 'n_state': 1077, 'same_sign': True}, '2': {'effect': 0.9030796241421214, 'n_state': 915, 'same_sign': True}, '3': {'effect': -0.1441317915190183, 'n_state': 977, 'same_sign': False}, '4': {'effect': 0.32353644448369356, 'n_state': 945, 'same_sign': True}}"
2902,49232,-0.29964604323066396,-0.10844742732767444,0.19119861590298953,2.0201471050368762e-07,atr_slope12:Q5:H4,feature_quintile_x_server_4h_block,atr_slope12,5,4.0,24,mean_fwd_ret_atr,9.764044341011569e-06,2826,49343,-0.15772364913017936,0.006235412909875105,0.022863180669542054,4,"{'1': {'effect': -0.022922101741182033, 'n_state': 546, 'same_sign': True}, '2': {'effect': -0.11155202149429654, 'n_state': 718, 'same_sign': True}, '3': {'effect': -0.02298102919854328, 'n_state': 745, 'same_sign': True}, '4': {'effect': -0.38961332694741346, 'n_state': 817, 'same_sign': True}}"
414,51720,0.6903739394489523,0.8594106719670634,0.16903673251811108,0.003699672236410477,atr_slope12:Q5:H5,feature_quintile_x_server_4h_block,atr_slope12,5,5.0,24,mean_fwd_ret_atr,0.02439339153353647,504,51665,0.3514027945755215,0.04176807615078533,0.09571850784554971,3,"{'1': {'effect': 0.17767355434457557, 'n_state': 143, 'same_sign': True}, '2': {'effect': 1.184640703990628, 'n_state': 104, 'same_sign': True}, '3': {'effect': -0.12893939864513487, 'n_state': 118, 'same_sign': False}, '4': {'effect': 0.3049977338841755, 'n_state': 139, 'same_sign': True}}"
1669,50465,-0.17220342626692445,0.007828478871192071,0.1800319051381165,0.007751119264636419,compression6_atr:Q2:H4,feature_quintile_x_server_4h_block,compression6_atr,2,4.0,24,mean_fwd_ret_atr,0.04241178465555776,1605,50564,-0.12385149436003588,0.03834922622923834,0.09571850784554971,3,"{'1': {'effect': -0.31469716923829644, 'n_state': 369, 'same_sign': True}, '2': {'effect': -0.33454042699098807, 'n_state': 387, 'same_sign': True}, '3': {'effect': 0.12205090482668415, 'n_state': 443, 'same_sign': False}, '4': {'effect': -0.006123626991945075, 'n_state': 406, 'same_sign': True}}"
1128,51006,-0.300039816949136,-0.11902894616328234,0.18101087078585365,0.0014585386381243143,compression6_atr:Q5:H4,feature_quintile_x_server_4h_block,compression6_atr,5,4.0,24,mean_fwd_ret_atr,0.014585386381243143,1173,50996,-0.3820680368865931,7.497012466200067e-05,0.0006872261427350062,3,"{'1': {'effect': -0.4522200330877219, 'n_state': 170, 'same_sign': True}, '2': {'effect': 0.05605881408900154, 'n_state': 316, 'same_sign': False}, '3': {'effect': -0.20565380462942523, 'n_state': 279, 'same_sign': True}, '4': {'effect': -0.7954336408518703, 'n_state': 408, 'same_sign': True}}"
1912,50222,-0.44875167192963816,-0.2577747850465956,0.1909768868830425,8.897069024936062e-05,dist_high24_atr:Q1:H3,feature_quintile_x_server_4h_block,dist_high24_atr,1,3.0,24,mean_fwd_ret_atr,0.0016125937607696613,1822,50347,-0.4012447620418227,9.00946730028492e-05,0.000707886716450958,3,"{'1': {'effect': -0.42303535881883203, 'n_state': 552, 'same_sign': True}, '2': {'effect': -0.7072275179492233, 'n_state': 386, 'same_sign': True}, '3': {'effect': 0.04125500843284444, 'n_state': 426, 'same_sign': False}, '4': {'effect': -0.48670057462590244, 'n_state': 458, 'same_sign': True}}"
1213,50921,-0.32966524860789415,-0.14747589481588805,0.1821893537920061,4.547229319696874e-05,dist_high24_atr:Q1:H4,feature_quintile_x_server_4h_block,dist_high24_atr,1,4.0,24,mean_fwd_ret_atr,0.0009045287181200688,1258,50911,-0.20900437439324285,0.015146499715800725,0.04628097135383555,3,"{'1': {'effect': -0.8255471602046461, 'n_state': 214, 'same_sign': True}, '2': {'effect': -0.36542627835084873, 'n_state': 319, 'same_sign': True}, '3': {'effect': 0.39741841969797, 'n_state': 376, 'same_sign': False}, '4': {'effect': -0.32636395869874174, 'n_state': 349, 'same_sign': True}}"
1128,51006,-0.23917534617503824,-0.05948137267374323,0.179693973501295,0.0026057193592407186,dist_high24_atr:Q3:H4,feature_quintile_x_server_4h_block,dist_high24_atr,3,4.0,24,mean_fwd_ret_atr,0.02177054874201046,1133,51036,-0.24398973459297724,0.004639741868379972,0.01962967713545373,4,"{'1': {'effect': -0.7154200858680424, 'n_state': 243, 'same_sign': True}, '2': {'effect': -0.15260748262985602, 'n_state': 305, 'same_sign': True}, '3': {'effect': -0.004020045838845465, 'n_state': 299, 'same_sign': True}, '4': {'effect': -0.17554662302886148, 'n_state': 286, 'same_sign': True}}"
1049,51085,0.3741861125232918,0.5411760728561674,0.1669899603328756,0.004676393258202224,dist_high24_atr:Q5:H5,feature_quintile_x_server_4h_block,dist_high24_atr,5,5.0,24,mean_fwd_ret_atr,0.028854341380396706,1054,51115,0.44687749920340897,4.9675217413124736e-05,0.0006211294426982484,3,"{'1': {'effect': 0.1989275716739896, 'n_state': 270, 'same_sign': True}, '2': {'effect': 0.9241524474791456, 'n_state': 281, 'same_sign': True}, '3': {'effect': 0.6725385991573475, 'n_state': 262, 'same_sign': True}, '4': {'effect': -0.10649989306256336, 'n_state': 241, 'same_sign': False}}"
10496,47593,0.12612843489870662,0.9967606707317073,0.8706322358330006,2.191943258e-314,ret1_atr:Q1,feature_quintile,ret1_atr,1,,24,move_ge_1atr,1.91071280206e-313,9866,48145,0.1216600673134659,2.530963060505735e-283,1.3920296832781545e-282,4,"{'1': {'effect': 0.10550747777776592, 'n_state': 2356, 'same_sign': True}, '2': {'effect': 0.10534725407683665, 'n_state': 2436, 'same_sign': True}, '3': {'effect': 0.10476128838934262, 'n_state': 2508, 'same_sign': True}, '4': {'effect': 0.10619784501321305, 'n_state': 2566, 'same_sign': True}}"
1165,56924,0.1070071743877764,0.9982832618025751,0.8912760874147987,1.043545412548414e-31,ret1_atr:Q1:H0,feature_quintile_x_server_4h_block,ret1_atr,1,0.0,24,move_ge_1atr,1.401505757550486e-31,1086,56925,0.10473721117007206,5.633378939366776e-29,7.091610544924934e-29,4,"{'1': {'effect': 0.1017982963264481, 'n_state': 299, 'same_sign': True}, '2': {'effect': 0.10507999168917515, 'n_state': 255, 'same_sign': True}, '3': {'effect': 0.10509636864252692, 'n_state': 264, 'same_sign': True}, '4': {'effect': 0.10135498752707894, 'n_state': 268, 'same_sign': True}}"
2365,55724,0.10625257707004454,0.9953488372093023,0.8890962601392578,1.8845584596781308e-60,ret1_atr:Q1:H1,feature_quintile_x_server_4h_block,ret1_atr,1,1.0,24,move_ge_1atr,4.012285752863117e-60,2223,55788,0.10457692786659967,3.190813438380867e-56,6.326848963656484e-56,4,"{'1': {'effect': 0.10375279956066863, 'n_state': 544, 'same_sign': True}, '2': {'effect': 0.10193134750879362, 'n_state': 548, 'same_sign': True}, '3': {'effect': 0.10208856732427518, 'n_state': 567, 'same_sign': True}, '4': {'effect': 0.09848337542578556, 'n_state': 564, 'same_sign': True}}"
2846,55243,0.11132955299558178,0.9992972593113141,0.8879677063157323,1.3358943149141605e-78,ret1_atr:Q1:H2,feature_quintile_x_server_4h_block,ret1_atr,1,2.0,24,move_ge_1atr,4.784365685971645e-78,2599,55412,0.1095250126326428,4.121194660226636e-71,1.2444391719115723e-70,4,"{'1': {'effect': 0.10573723365332688, 'n_state': 614, 'same_sign': True}, '2': {'effect': 0.10581466306337717, 'n_state': 656, 'same_sign': True}, '3': {'effect': 0.10595321229050281, 'n_state': 731, 'same_sign': True}, '4': {'effect': 0.10570776653371183, 'n_state': 598, 'same_sign': True}}"
1890,56199,0.11016210252851477,1.0,0.8898378974714852,1.2929712704970091e-52,ret1_atr:Q1:H3,feature_quintile_x_server_4h_block,ret1_atr,1,3.0,24,move_ge_1atr,2.499383794851959e-52,1811,56200,0.10798932384341642,2.0007189855866327e-49,3.4619182447229374e-49,4,"{'1': {'effect': 0.10541948931735279, 'n_state': 441, 'same_sign': True}, '2': {'effect': 0.10539202917426416, 'n_state': 426, 'same_sign': True}, '3': {'effect': 0.10534080849808203, 'n_state': 398, 'same_sign': True}, '4': {'effect': 0.10561211172017748, 'n_state': 546, 'same_sign': True}}"
1370,56719,0.10092900034914087,0.9919708029197081,0.8910418025705672,5.5672837018864404e-33,ret1_atr:Q1:H4,feature_quintile_x_server_4h_block,ret1_atr,1,4.0,24,move_ge_1atr,7.817887751585214e-33,1324,56687,0.09624059545294494,1.1644144890260864e-29,1.502680150642603e-29,4,"{'1': {'effect': 0.09754657663294086, 'n_state': 266, 'same_sign': True}, '2': {'effect': 0.0900260212611722, 'n_state': 331, 'same_sign': True}, '3': {'effect': 0.09088068934932503, 'n_state': 350, 'same_sign': True}, '4': {'effect': 0.09996268412516962, 'n_state': 377, 'same_sign': True}}"
860,57229,0.09873730467599162,0.9906976744186047,0.8919603697426131,1.2326656399716586e-20,ret1_atr:Q1:H5,feature_quintile_x_server_4h_block,ret1_atr,1,5.0,24,move_ge_1atr,1.3274860738156323e-20,823,57188,0.09256557914630181,7.013699387780456e-18,7.21676863508813e-18,4,"{'1': {'effect': 0.08406298102699805, 'n_state': 192, 'same_sign': True}, '2': {'effect': 0.0958908354713931, 'n_state': 220, 'same_sign': True}, '3': {'effect': 0.08470518060056742, 'n_state': 198, 'same_sign': True}, '4': {'effect': 0.10029149602622833, 'n_state': 213, 'same_sign': True}}"
10379,47710,0.12389773426579298,0.9951825802100395,0.8712848459442465,8.17013500679829e-301,ret1_atr:Q2,feature_quintile,ret1_atr,2,,24,move_ge_1atr,6.0880683437755e-300,10583,47428,0.12229917302259952,2.151041023275705e-302,1.5057287162929935e-301,4,"{'1': {'effect': 0.10378977249379462, 'n_state': 2474, 'same_sign': True}, '2': {'effect': 0.10565808068614124, 'n_state': 2646, 'same_sign': True}, '3': {'effect': 0.10393855272163322, 'n_state': 2710, 'same_sign': True}, '4': {'effect': 0.10563554350607118, 'n_state': 2753, 'same_sign': True}}"
1135,56954,0.1060059134205068,0.9973568281938326,0.8913509147733258,2.0972182175260236e-30,ret1_atr:Q2:H0,feature_quintile_x_server_4h_block,ret1_atr,2,0.0,24,move_ge_1atr,2.6839745609335816e-30,1219,56792,0.10267387947394868,4.690506029639807e-31,6.392371049243631e-31,4,"{'1': {'effect': 0.09044675143480341, 'n_state': 274, 'same_sign': True}, '2': {'effect': 0.10518015285696958, 'n_state': 310, 'same_sign': True}, '3': {'effect': 0.1052184466019418, 'n_state': 331, 'same_sign': True}, '4': {'effect': 0.1018624143016491, 'n_state': 304, 'same_sign': True}}"
2543,55546,0.10693353688607943,0.9956744003145891,0.8887408634285097,1.8066634582917574e-65,ret1_atr:Q2:H1,feature_quintile_x_server_4h_block,ret1_atr,2,1.0,24,move_ge_1atr,4.611483523374541e-65,2575,55436,0.10622648911330967,1.9837077899213566e-66,5.520921680383534e-66,4,"{'1': {'effect': 0.10086693889507592, 'n_state': 621, 'same_sign': True}, '2': {'effect': 0.10125903898083144, 'n_state': 664, 'same_sign': True}, '3': {'effect': 0.10425190726850864, 'n_state': 651, 'same_sign': True}, '4': {'effect': 0.10420093359899107, 'n_state': 639, 'same_sign': True}}"
2354,55735,0.11107921413833322,1.0,0.8889207858616668,1.3006517381345332e-65,ret1_atr:Q2:H2,feature_quintile_x_server_4h_block,ret1_atr,2,2.0,24,move_ge_1atr,3.4142108126031498e-65,2390,55621,0.10867707547621874,8.52118588430322e-65,2.175020927374634e-64,4,"{'1': {'effect': 0.10567647570955951, 'n_state': 581, 'same_sign': True}, '2': {'effect': 0.10570776653371183, 'n_state': 598, 'same_sign': True}, '3': {'effect': 0.10566543631172087, 'n_state': 575, 'same_sign': True}, '4': {'effect': 0.10418802153985274, 'n_state': 636, 'same_sign': True}}"
1640,56449,0.10904674800348602,0.999390243902439,0.890343495898953,3.4084998296291345e-45,ret1_atr:Q2:H3,feature_quintile_x_server_4h_block,ret1_atr,2,3.0,24,move_ge_1atr,5.644182513579427e-45,1809,56202,0.10798548094373861,2.267234508138547e-49,3.8939120548699205e-49,4,"{'1': {'effect': 0.10547078655590703, 'n_state': 469, 'same_sign': True}, '2': {'effect': 0.10533532352124408, 'n_state': 395, 'same_sign': True}, '3': {'effect': 0.10542132050235364, 'n_state': 442, 'same_sign': True}, '4': {'effect': 0.10553314321485707, 'n_state': 503, 'same_sign': True}}"
1519,56570,0.1013275715778793,0.9921000658327848,0.8907724942549055,1.4494642228202806e-36,ret1_atr:Q2:H4,feature_quintile_x_server_4h_block,ret1_atr,2,4.0,24,move_ge_1atr,2.254722124387103e-36,1444,56567,0.09450512120380672,4.816177660247943e-31,6.544335526572205e-31,4,"{'1': {'effect': 0.09818682291652303, 'n_state': 289, 'same_sign': True}, '2': {'effect': 0.10016326846649126, 'n_state': 390, 'same_sign': True}, '3': {'effect': 0.07593384725656982, 'n_state': 377, 'same_sign': True}, '4': {'effect': 0.09753850615563553, 'n_state': 388, 'same_sign': True}}"
1188,56901,0.08903852855189387,0.9806397306397306,0.8916012020878368,7.332252790693143e-23,ret1_atr:Q2:H5,feature_quintile_x_server_4h_block,ret1_atr,2,5.0,24,move_ge_1atr,8.242094377859445e-23,1146,56865,0.09159329780323844,1.1212600869683499e-23,1.2422593769289632e-23,4,"{'1': {'effect': 0.08831680254799112, 'n_state': 240, 'same_sign': True}, '2': {'effect': 0.08775422682805267, 'n_state': 289, 'same_sign': True}, '3': {'effect': 0.09618986968414545, 'n_state': 334, 'same_sign': True}, '4': {'effect': 0.08737650137503628, 'n_state': 283, 'same_sign': True}}"
10308,47781,0.12190417601611192,0.9936942180830423,0.8717900420669303,9.904131387055555e-290,ret1_atr:Q3,feature_quintile,ret1_atr,3,,24,move_ge_1atr,5.649023087431687e-289,11159,46852,0.12432055295785982,0.0,0.0,4,"{'1': {'effect': 0.10348055862061123, 'n_state': 2693, 'same_sign': True}, '2': {'effect': 0.10735780077100099, 'n_state': 2687, 'same_sign': True}, '3': {'effect': 0.10406056984075773, 'n_state': 2927, 'same_sign': True}, '4': {'effect': 0.10707729105558839, 'n_state': 2852, 'same_sign': True}}"
1266,56823,0.1032999453779021,0.9944707740916272,0.8911708287137251,4.909694007181497e-32,ret1_atr:Q3:H0,feature_quintile_x_server_4h_block,ret1_atr,3,0.0,24,move_ge_1atr,6.691087408017261e-32,1303,56708,0.09760081008493049,5.19274693839828e-30,6.738901925674172e-30,4,"{'1': {'effect': 0.07655408570384858, 'n_state': 316, 'same_sign': True}, '2': {'effect': 0.09925999702204213, 'n_state': 337, 'same_sign': True}, '3': {'effect': 0.10224469490801102, 'n_state': 337, 'same_sign': True}, '4': {'effect': 0.10518562168532708, 'n_state': 313, 'same_sign': True}}"
2461,55628,0.11001992775658653,0.9987809833401057,0.8887610555835191,4.042556493650521e-67,ret1_atr:Q3:H1,feature_quintile_x_server_4h_block,ret1_atr,3,1.0,24,move_ge_1atr,1.1746296226833587e-66,2816,55195,0.10510360606815505,1.0947706756145652e-70,3.263122916993091e-70,4,"{'1': {'effect': 0.10033609031400492, 'n_state': 723, 'same_sign': True}, '2': {'effect': 0.10433865444362223, 'n_state': 672, 'same_sign': True}, '3': {'effect': 0.10044859762467728, 'n_state': 735, 'same_sign': True}, '4': {'effect': 0.09996935787585237, 'n_state': 686, 'same_sign': True}}"
2111,55978,0.11059702025795848,1.0,0.8894029797420415,8.840773487745453e-59,ret1_atr:Q3:H2,feature_quintile_x_server_4h_block,ret1_atr,3,2.0,24,move_ge_1atr,1.8234095318475e-58,2342,55669,0.1090193824210961,5.650436732057683e-64,1.3812178678363225e-63,4,"{'1': {'effect': 0.105659917477672, 'n_state': 572, 'same_sign': True}, '2': {'effect': 0.10566727605118831, 'n_state': 576, 'same_sign': True}, '3': {'effect': 0.10567279565399079, 'n_state': 579, 'same_sign': True}, '4': {'effect': 0.1057390758937905, 'n_state': 615, 'same_sign': True}}"
1711,56378,0.10981233814608538,1.0,0.8901876618539146,1.1799674357436063e-47,ret1_atr:Q3:H3,feature_quintile_x_server_4h_block,ret1_atr,3,3.0,24,move_ge_1atr,2.0494171252388954e-47,1807,56204,0.10798163831755747,2.5692313065687456e-49,4.396240235684298e-49,4,"{'1': {'effect': 0.10543597227289314, 'n_state': 450, 'same_sign': True}, '2': {'effect': 0.1053225274629922, 'n_state': 388, 'same_sign': True}, '3': {'effect': 0.10545246038365308, 'n_state': 459, 'same_sign': True}, '4': {'effect': 0.10554599050451297, 'n_state': 510, 'same_sign': True}}"
1518,56571,0.09455605230210906,0.9855072463768116,0.8909511940747026,4.842021174785891e-32,ret1_atr:Q3:H4,feature_quintile_x_server_4h_block,ret1_atr,3,4.0,24,move_ge_1atr,6.618383972636335e-32,1586,56425,0.10107630960089986,1.78644406504274e-38,2.741983913786531e-38,4,"{'1': {'effect': 0.10522027080913332, 'n_state': 332, 'same_sign': True}, '2': {'effect': 0.1028907552813324, 'n_state': 408, 'same_sign': True}, '3': {'effect': 0.08931067621356947, 'n_state': 438, 'same_sign': True}, '4': {'effect': 0.10042241468224189, 'n_state': 408, 'same_sign': True}}"
1241,56848,0.08173249308899677,0.9734085414987913,0.8916760484097945,2.6914481122325685e-20,ret1_atr:Q3:H5,feature_quintile_x_server_4h_block,ret1_atr,3,5.0,24,move_ge_1atr,2.851947311585887e-20,1305,56706,0.09761869144784285,4.597230629977451e-30,5.999775567936673e-30,4,"{'1': {'effect': 0.09510994437802156, 'n_state': 300, 'same_sign': True}, '2': {'effect': 0.09860225521627075, 'n_state': 306, 'same_sign': True}, '3': {'effect': 0.09202671046135324, 'n_state': 379, 'same_sign': True}, '4': {'effect': 0.098913717044253, 'n_state': 320, 'same_sign': True}}"
10431,47658,0.12371163908199201,0.9949189914677404,0.8712073523857484,4.396312384627268e-301,ret1_atr:Q4,feature_quintile,ret1_atr,4,,24,move_ge_1atr,3.3851605361629965e-300,10506,47505,0.12089716006328588,6.88967463540898e-294,4.244039575411932e-293,4,"{'1': {'effect': 0.10416872236646102, 'n_state': 2463, 'same_sign': True}, '2': {'effect': 0.10363687370905361, 'n_state': 2636, 'same_sign': True}, '3': {'effect': 0.10135674598538724, 'n_state': 2657, 'same_sign': True}, '4': {'effect': 0.10562523298528803, 'n_state': 2750, 'same_sign': True}}"
1177,56912,0.10704760187828333,0.9983007646559049,0.8912531627776216,4.928574435151356e-32,ret1_atr:Q4:H0,feature_quintile_x_server_4h_block,ret1_atr,4,0.0,24,move_ge_1atr,6.697062908940961e-32,1208,56803,0.10261585206825541,9.195845869105122e-31,1.2386241374713022e-30,4,"{'1': {'effect': 0.09443887304695497, 'n_state': 282, 'same_sign': True}, '2': {'effect': 0.10209054536133944, 'n_state': 323, 'same_sign': True}, '3': {'effect': 0.10188755859331866, 'n_state': 306, 'same_sign': True}, '4': {'effect': 0.10515646117059985, 'n_state': 297, 'same_sign': True}}"
2449,55640,0.10913735825506032,0.9979583503470805,0.8888209920920201,8.893978126148155e-66,ret1_atr:Q4:H1,feature_quintile_x_server_4h_block,ret1_atr,4,1.0,24,move_ge_1atr,2.37515485218523e-65,2459,55552,0.1037282750471793,8.941106863492584e-61,1.9302763415577445e-60,4,"{'1': {'effect': 0.09843993614535773, 'n_state': 561, 'same_sign': True}, '2': {'effect': 0.09954595114126263, 'n_state': 647, 'same_sign': True}, '3': {'effect': 0.1057667172060438, 'n_state': 630, 'same_sign': True}, '4': {'effect': 0.09761147770193424, 'n_state': 621, 'same_sign': True}}"
2297,55792,0.1105124556799626,0.999564649542882,0.8890521938629194,1.693377385221577e-63,ret1_atr:Q4:H2,feature_quintile_x_server_4h_block,ret1_atr,4,2.0,24,move_ge_1atr,4.012001804986505e-63,2364,55647,0.1090624831527306,1.39189290860565e-64,3.475970398788164e-64,4,"{'1': {'effect': 0.10569303913202488, 'n_state': 590, 'same_sign': True}, '2': {'effect': 0.10571144902544805, 'n_state': 600, 'same_sign': True}, '3': {'effect': 0.10562130177514795, 'n_state': 551, 'same_sign': True}, '4': {'effect': 0.10575381612880741, 'n_state': 623, 'same_sign': True}}"
1733,56356,0.10985520618922562,1.0,0.8901447938107744,2.909382545075709e-48,ret1_atr:Q4:H3,feature_quintile_x_server_4h_block,ret1_atr,4,3.0,24,move_ge_1atr,5.110778463212842e-48,1742,56269,0.10726507708104371,4.719281302836635e-47,7.623454412274565e-47,4,"{'1': {'effect': 0.10323660663255751, 'n_state': 456, 'same_sign': True}, '2': {'effect': 0.1052805051521355, 'n_state': 365, 'same_sign': True}, '3': {'effect': 0.10532983911556948, 'n_state': 392, 'same_sign': True}, '4': {'effect': 0.10558087749208445, 'n_state': 529, 'same_sign': True}}"
1569,56520,0.09840074208490135,0.9891650732950924,0.890764331210191,1.2407754950737417e-35,ret1_atr:Q4:H4,feature_quintile_x_server_4h_block,ret1_atr,4,4.0,24,move_ge_1atr,1.8733277082485904e-35,1505,56506,0.0876222005883478,5.857066906964185e-28,6.974136368601685e-28,4,"{'1': {'effect': 0.10183698549665543, 'n_state': 302, 'same_sign': True}, '2': {'effect': 0.08967070909152208, 'n_state': 386, 'same_sign': True}, '3': {'effect': 0.0630741415464886, 'n_state': 452, 'same_sign': True}, '4': {'effect': 0.09700928529774788, 'n_state': 365, 'same_sign': True}}"
1206,56883,0.08512795269822848,0.9767827529021559,0.8916548002039274,2.5322196215472317e-21,ret1_atr:Q4:H5,feature_quintile_x_server_4h_block,ret1_atr,4,5.0,24,move_ge_1atr,2.765686678853005e-21,1228,56783,0.09772920578089705,1.742879463469189e-28,2.11341289271067e-28,4,"{'1': {'effect': 0.0940295605070689, 'n_state': 272, 'same_sign': True}, '2': {'effect': 0.0924215262921586, 'n_state': 315, 'same_sign': True}, '3': {'effect': 0.10212450632294812, 'n_state': 326, 'same_sign': True}, '4': {'effect': 0.09561346169083274, 'n_state': 315, 'same_sign': True}}"
16475,41614,-0.3586663499567855,0.6364795144157814,0.9951458643725669,0.0,ret1_atr:Q5,feature_quintile,ret1_atr,5,,24,move_ge_1atr,0.0,15897,42114,-0.3652199908186913,0.0,0.0,4,"{'1': {'effect': -0.29763244169727665, 'n_state': 3909, 'same_sign': True}, '2': {'effect': -0.2995522617218016, 'n_state': 3931, 'same_sign': True}, '3': {'effect': -0.28943052334975095, 'n_state': 4047, 'same_sign': True}, '4': {'effect': -0.2524858203189273, 'n_state': 4010, 'same_sign': True}}"
4532,53557,-0.6902102314266851,0.2570609002647838,0.9472711316914689,0.0,ret1_atr:Q5:H0,feature_quintile_x_server_4h_block,ret1_atr,5,0.0,24,move_ge_1atr,0.0,4442,53569,-0.7041391969787307,0.0,0.0,4,"{'1': {'effect': -0.6543371471659218, 'n_state': 1097, 'same_sign': True}, '2': {'effect': -0.6812521159099123, 'n_state': 1076, 'same_sign': True}, '3': {'effect': -0.6623291057926153, 'n_state': 1138, 'same_sign': True}, '4': {'effect': -0.6543822072248524, 'n_state': 1131, 'same_sign': True}}"
2474,55615,0.0699448098214781,0.9603880355699272,0.8904432257484491,2.687284249353488e-28,ret1_atr:Q5:H1,feature_quintile_x_server_4h_block,ret1_atr,5,1.0,24,move_ge_1atr,3.2500662911029095e-28,2309,55702,0.09948294269454261,7.080492923654631e-53,1.3243675023192062e-52,4,"{'1': {'effect': 0.10215235407576517, 'n_state': 575, 'same_sign': True}, '2': {'effect': 0.10187126482771525, 'n_state': 541, 'same_sign': True}, '3': {'effect': 0.1039570211652544, 'n_state': 585, 'same_sign': True}, '4': {'effect': 0.07913166100799796, 'n_state': 608, 'same_sign': True}}"
2824,55265,0.1116516826344558,0.9996458923512748,0.887994209716819,1.7666561175700237e-78,ret1_atr:Q5:H2,feature_quintile_x_server_4h_block,ret1_atr,5,2.0,24,move_ge_1atr,6.183296411495083e-78,2689,55322,0.10970319222009328,1.2605385108314502e-73,4.220063710174855e-73,4,"{'1': {'effect': 0.1058349609375, 'n_state': 667, 'same_sign': True}, '2': {'effect': 0.10578884066307592, 'n_state': 642, 'same_sign': True}, '3': {'effect': 0.10595506206463101, 'n_state': 732, 'same_sign': True}, '4': {'effect': 0.10579990586266408, 'n_state': 648, 'same_sign': True}}"
3323,54766,-0.5103381597512416,0.41227806199217576,0.9226162217434174,0.0,ret1_atr:Q5:H4,feature_quintile_x_server_4h_block,ret1_atr,5,4.0,24,move_ge_1atr,0.0,3222,54789,-0.5214907585365669,0.0,0.0,4,"{'1': {'effect': -0.5910810582856966, 'n_state': 797, 'same_sign': True}, '2': {'effect': -0.49739412230207547, 'n_state': 827, 'same_sign': True}, '3': {'effect': -0.48738911192033696, 'n_state': 829, 'same_sign': True}, '4': {'effect': -0.41980251389976236, 'n_state': 769, 'same_sign': True}}"
1244,56845,-0.2188484424419198,0.6792604501607717,0.8981088926026916,3.491737849431943e-135,ret1_atr:Q5:H5,feature_quintile_x_server_4h_block,ret1_atr,5,5.0,24,move_ge_1atr,1.507647557418278e-134,1205,56806,-0.2507989556944411,2.5073258884575683e-174,1.1138313081417274e-173,4,"{'1': {'effect': -0.3112416317283616, 'n_state': 263, 'same_sign': True}, '2': {'effect': -0.24757893657478824, 'n_state': 345, 'same_sign': True}, '3': {'effect': -0.24446803317221344, 'n_state': 299, 'same_sign': True}, '4': {'effect': -0.19166851663699935, 'n_state': 298, 'same_sign': True}}"
10467,47622,0.12720605045617006,0.997707079392376,0.870501028936206,4.65336e-319,ret3_atr:Q1,feature_quintile,ret3_atr,1,,24,move_ge_1atr,4.47886e-318,9985,48026,0.12394960449669634,8.542236431474461e-297,5.406182508686577e-296,4,"{'1': {'effect': 0.10724764370989115, 'n_state': 2345, 'same_sign': True}, '2': {'effect': 0.10682744946020162, 'n_state': 2502, 'same_sign': True}, '3': {'effect': 0.10630884751960168, 'n_state': 2601, 'same_sign': True}, '4': {'effect': 0.10857821741915086, 'n_state': 2537, 'same_sign': True}}"
1093,56996,0.10768919948604605,0.9990850869167429,0.8913958874306969,3.0068220807297842e-30,ret3_atr:Q1:H0,feature_quintile_x_server_4h_block,ret3_atr,1,0.0,24,move_ge_1atr,3.8058953460196176e-30,1111,56900,0.10574314373440852,3.939009311714741e-30,5.155303971705978e-30,4,"{'1': {'effect': 0.10192475366403819, 'n_state': 309, 'same_sign': True}, '2': {'effect': 0.10511821252273312, 'n_state': 276, 'same_sign': True}, '3': {'effect': 0.10511821252273312, 'n_state': 276, 'same_sign': True}, '4': {'effect': 0.10507089558698779, 'n_state': 250, 'same_sign': True}}"
2419,55670,0.10905212484274951,0.9979330301777594,0.8888809053350099,6.264611999195965e-65,ret3_atr:Q1:H1,feature_quintile_x_server_4h_block,ret3_atr,1,1.0,24,move_ge_1atr,1.5560487868970624e-64,2291,55720,0.10664741052647408,4.6615648300933095e-60,9.879096107812427e-60,4,"{'1': {'effect': 0.10366770491829203, 'n_state': 528, 'same_sign': True}, '2': {'effect': 0.102401866489648, 'n_state': 608, 'same_sign': True}, '3': {'effect': 0.10401810807301459, 'n_state': 598, 'same_sign': True}, '4': {'effect': 0.10381959458754264, 'n_state': 557, 'same_sign': True}}"
2897,55192,0.11144544743744045,0.9993096306523991,0.8878641832149586,4.577355006438198e-80,ret3_atr:Q1:H2,feature_quintile_x_server_4h_block,ret3_atr,1,2.0,24,move_ge_1atr,1.6651480417121635e-79,2644,55367,0.10961403001788073,2.284427276407068e-72,7.329204178472676e-72,4,"{'1': {'effect': 0.10578330893118593, 'n_state': 639, 'same_sign': True}, '2': {'effect': 0.10583126983573399, 'n_state': 665, 'same_sign': True}, '3': {'effect': 0.10597171293871133, 'n_state': 741, 'same_sign': True}, '4': {'effect': 0.10570960774750926, 'n_state': 599, 'same_sign': True}}"
1873,56216,0.10957709759723966,0.999466097170315,0.8898889995730753,1.2222013304786726e-51,ret3_atr:Q1:H3,feature_quintile_x_server_4h_block,ret3_atr,1,3.0,24,move_ge_1atr,2.323691418440933e-51,1800,56211,0.10796819127928692,3.979684431491236e-49,6.710270829740697e-49,4,"{'1': {'effect': 0.1053773896133211, 'n_state': 418, 'same_sign': True}, '2': {'effect': 0.10533532352124408, 'n_state': 395, 'same_sign': True}, '3': {'effect': 0.10545246038365308, 'n_state': 459, 'same_sign': True}, '4': {'effect': 0.10557904075987679, 'n_state': 528, 'same_sign': True}}"
1337,56752,0.10066746599093823,0.9917726252804787,0.8911051592895405,4.363142168034686e-32,ret3_atr:Q1:H4,feature_quintile_x_server_4h_block,ret3_atr,1,4.0,24,move_ge_1atr,5.999320481047693e-32,1348,56663,0.09799307488791431,3.342771837220283e-31,4.58267237031386e-31,4,"{'1': {'effect': 0.10122561980278733, 'n_state': 260, 'same_sign': True}, '2': {'effect': 0.09660327614169684, 'n_state': 349, 'same_sign': True}, '3': {'effect': 0.08477194243937014, 'n_state': 344, 'same_sign': True}, '4': {'effect': 0.10278632166170432, 'n_state': 395, 'same_sign': True}}"
848,57241,0.10336987968447209,0.9952830188679245,0.8919131391834524,3.5403023575339495e-22,ret3_atr:Q1:H5,feature_quintile_x_server_4h_block,ret3_atr,1,5.0,24,move_ge_1atr,3.9317780989920304e-22,791,57220,0.1035009153571882,3.523418620621101e-21,3.7768431617794635e-21,4,"{'1': {'effect': 0.09971078323955374, 'n_state': 191, 'same_sign': True}, '2': {'effect': 0.10019437747307292, 'n_state': 209, 'same_sign': True}, '3': {'effect': 0.10494915957667561, 'n_state': 183, 'same_sign': True}, '4': {'effect': 0.1049945504558587, 'n_state': 208, 'same_sign': True}}"
10373,47716,0.12317459385266549,0.9946013689385905,0.871426775085925,3.3239168264260314e-297,ret3_atr:Q2,feature_quintile,ret3_atr,2,,24,move_ge_1atr,2.1937851054411808e-296,10609,47402,0.12249549659999914,6.217323698538449e-304,4.708858276597972e-303,4,"{'1': {'effect': 0.10354871767644414, 'n_state': 2517, 'same_sign': True}, '2': {'effect': 0.10639377413094386, 'n_state': 2628, 'same_sign': True}, '3': {'effect': 0.1035306574953545, 'n_state': 2705, 'same_sign': True}, '4': {'effect': 0.10603668710422365, 'n_state': 2759, 'same_sign': True}}"
1229,56860,0.10389392300675981,0.9951179820992677,0.8912240590925079,1.6553895039279711e-31,ret3_atr:Q2:H0,feature_quintile_x_server_4h_block,ret3_atr,2,0.0,24,move_ge_1atr,2.185114145184922e-31,1190,56821,0.10423529648391627,2.9931390725033168e-31,4.127851497004574e-31,4,"{'1': {'effect': 0.09439919418719989, 'n_state': 281, 'same_sign': True}, '2': {'effect': 0.10513642269380685, 'n_state': 286, 'same_sign': True}, '3': {'effect': 0.10521662245800179, 'n_state': 330, 'same_sign': True}, '4': {'effect': 0.10514917356803766, 'n_state': 293, 'same_sign': True}}"
2415,55674,0.10601643507222724,0.9950310559006211,0.8890146208283939,2.264993687742216e-61,ret3_atr:Q2:H1,feature_quintile_x_server_4h_block,ret3_atr,2,1.0,24,move_ge_1atr,4.9829861130328754e-61,2552,55459,0.1069729079422167,8.805400500196182e-67,2.480545750665022e-66,4,"{'1': {'effect': 0.10092421941130914, 'n_state': 627, 'same_sign': True}, '2': {'effect': 0.1040776245031565, 'n_state': 611, 'same_sign': True}, '3': {'effect': 0.1058238884045336, 'n_state': 661, 'same_sign': True}, '4': {'effect': 0.10271147277513937, 'n_state': 653, 'same_sign': True}}"
2297,55792,0.11096572985374242,1.0,0.8890342701462576,5.271166002387738e-64,ret3_atr:Q2:H2,feature_quintile_x_server_4h_block,ret3_atr,2,2.0,24,move_ge_1atr,1.2885072450281137e-63,2346,55665,0.10902721638372403,4.380102157977028e-64,1.0763868069071207e-63,4,"{'1': {'effect': 0.10562681657587414, 'n_state': 554, 'same_sign': True}, '2': {'effect': 0.1057169732441472, 'n_state': 603, 'same_sign': True}, '3': {'effect': 0.10564888153886332, 'n_state': 566, 'same_sign': True}, '4': {'effect': 0.10575381612880741, 'n_state': 623, 'same_sign': True}}"
1684,56405,0.10975977306976337,1.0,0.8902402269302366,6.56961130078543e-47,ret3_atr:Q2:H3,feature_quintile_x_server_4h_block,ret3_atr,2,3.0,24,move_ge_1atr,1.1241334892455068e-46,1875,56136,0.10811244121419405,3.642125695707184e-51,6.598674789869487e-51,4,"{'1': {'effect': 0.10546162267364068, 'n_state': 464, 'same_sign': True}, '2': {'effect': 0.10543963585190852, 'n_state': 452, 'same_sign': True}, '3': {'effect': 0.10540301151461473, 'n_state': 432, 'same_sign': True}, '4': {'effect': 0.10557720409157334, 'n_state': 527, 'same_sign': True}}"
1551,56538,0.10155238362476882,0.9922630560928434,0.8907106724680746,1.946349298137638e-37,ret3_atr:Q2:H4,feature_quintile_x_server_4h_block,ret3_atr,2,4.0,24,move_ge_1atr,3.0689876305105415e-37,1423,56588,0.09139981653336682,9.352902350470977e-29,1.1522775695780245e-28,4,"{'1': {'effect': 0.10187502166152573, 'n_state': 305, 'same_sign': True}, '2': {'effect': 0.09180354374120359, 'n_state': 373, 'same_sign': True}, '3': {'effect': 0.07360544663827484, 'n_state': 381, 'same_sign': True}, '4': {'effect': 0.0942202800408779, 'n_state': 364, 'same_sign': True}}"
1197,56892,0.08664224542231624,0.9782790309106099,0.8916367854882936,6.994197318655778e-22,ret3_atr:Q2:H5,feature_quintile_x_server_4h_block,ret3_atr,2,5.0,24,move_ge_1atr,7.711978905057207e-22,1223,56788,0.09267156564752799,1.1051153615416705e-25,1.2637705372085438e-25,4,"{'1': {'effect': 0.08053963360156513, 'n_state': 286, 'same_sign': True}, '2': {'effect': 0.09853207716280055, 'n_state': 303, 'same_sign': True}, '3': {'effect': 0.09321609236569073, 'n_state': 335, 'same_sign': True}, '4': {'effect': 0.09171286925367161, 'n_state': 299, 'same_sign': True}}"
10349,47740,0.12297986286154072,0.9944922214706735,0.8715123586091328,9.696965926732136e-296,ret3_atr:Q3,feature_quintile,ret3_atr,3,,24,move_ge_1atr,6.13698391527431e-295,10697,47314,0.12082043151300936,1.2716644862350845e-297,8.159847120008459e-297,4,"{'1': {'effect': 0.10119925500653615, 'n_state': 2545, 'same_sign': True}, '2': {'effect': 0.10407809133068757, 'n_state': 2647, 'same_sign': True}, '3': {'effect': 0.10101427968471743, 'n_state': 2744, 'same_sign': True}, '4': {'effect': 0.10680385656059432, 'n_state': 2761, 'same_sign': True}}"
1294,56795,0.10505405092449283,0.9961360123647605,0.8910819614402676,9.406518638093315e-34,ret3_atr:Q3:H0,feature_quintile_x_server_4h_block,ret3_atr,3,0.0,24,move_ge_1atr,1.3709184892110761e-33,1264,56747,0.09239068122265093,2.5443056975658697e-26,2.968356647160181e-26,4,"{'1': {'effect': 0.05993397059213179, 'n_state': 289, 'same_sign': True}, '2': {'effect': 0.0959247277702362, 'n_state': 325, 'same_sign': True}, '3': {'effect': 0.09910109816013579, 'n_state': 329, 'same_sign': True}, '4': {'effect': 0.1052002080083203, 'n_state': 321, 'same_sign': True}}"
2495,55594,0.10801062498418434,0.9967935871743487,0.8887829621901644,1.3769454629695744e-65,ret3_atr:Q3:H1,feature_quintile_x_server_4h_block,ret3_atr,3,1.0,24,move_ge_1atr,3.5940610389375337e-65,2665,55346,0.1037560808826804,1.646202597625637e-65,4.370951724730139e-65,4,"{'1': {'effect': 0.10011182096680526, 'n_state': 700, 'same_sign': True}, '2': {'effect': 0.09973557718064263, 'n_state': 664, 'same_sign': True}, '3': {'effect': 0.09965848563985302, 'n_state': 657, 'same_sign': True}, '4': {'effect': 0.10108184883923244, 'n_state': 644, 'same_sign': True}}"
2144,55945,0.1106622575744034,1.0,0.8893377424255966,1.0518667208458138e-59,ret3_atr:Q3:H2,feature_quintile_x_server_4h_block,ret3_atr,3,2.0,24,move_ge_1atr,2.1989250001392124e-59,2228,55783,0.10879658677374826,7.902138389482447e-61,1.7220697811041937e-60,4,"{'1': {'effect': 0.10554966173324754, 'n_state': 512, 'same_sign': True}, '2': {'effect': 0.10566727605118831, 'n_state': 576, 'same_sign': True}, '3': {'effect': 0.10565255992897304, 'n_state': 568, 'same_sign': True}, '4': {'effect': 0.105659917477672, 'n_state': 572, 'same_sign': True}}"
1667,56422,0.10972670235014714,1.0,0.8902732976498529,1.9350800560115053e-46,ret3_atr:Q3:H3,feature_quintile_x_server_4h_block,ret3_atr,3,3.0,24,move_ge_1atr,3.2747508640194703e-46,1754,56257,0.1072920072847795,2.232430304477006e-47,3.644462193174476e-47,4,"{'1': {'effect': 0.10552029905242111, 'n_state': 496, 'same_sign': True}, '2': {'effect': 0.10527320034692111, 'n_state': 361, 'same_sign': True}, '3': {'effect': 0.10257869740802184, 'n_state': 371, 'same_sign': True}, '4': {'effect': 0.10557536748717056, 'n_state': 526, 'same_sign': True}}"
1559,56530,0.09831191938933126,0.9890955740859525,0.8907836546966212,2.316277160155048e-35,ret3_atr:Q3:H4,feature_quintile_x_server_4h_block,ret3_atr,3,4.0,24,move_ge_1atr,3.474415740232572e-35,1516,56495,0.09658813526589904,7.696542341687923e-34,1.1217042781892178e-33,4,"{'1': {'effect': 0.10193701568318547, 'n_state': 310, 'same_sign': True}, '2': {'effect': 0.10033828151333113, 'n_state': 402, 'same_sign': True}, '3': {'effect': 0.07998992140287697, 'n_state': 436, 'same_sign': True}, '4': {'effect': 0.09981650549220122, 'n_state': 368, 'same_sign': True}}"
1190,56899,0.08564323249467098,0.9773109243697479,0.8916676918750769,2.6504544600096274e-21,ret3_atr:Q3:H5,feature_quintile_x_server_4h_block,ret3_atr,3,5.0,24,move_ge_1atr,2.8879951899161503e-21,1270,56741,0.09488431132093933,8.608273853519492e-28,1.017141309546293e-27,4,"{'1': {'effect': 0.09661109177370086, 'n_state': 238, 'same_sign': True}, '2': {'effect': 0.08943591272821172, 'n_state': 319, 'same_sign': True}, '3': {'effect': 0.09217179565851463, 'n_state': 383, 'same_sign': True}, '4': {'effect': 0.09607370317309472, 'n_state': 330, 'same_sign': True}}"
10348,47741,0.12250630570748056,0.9941051410900658,0.8715988353825852,1.8416324933827294e-293,ret3_atr:Q4,feature_quintile,ret3_atr,4,,24,move_ge_1atr,1.1049794960296376e-292,10584,47427,0.1218400176961304,3.637367071493279e-300,2.4354544739563693e-299,4,"{'1': {'effect': 0.10462666661072761, 'n_state': 2472, 'same_sign': True}, '2': {'effect': 0.10594262057737514, 'n_state': 2612, 'same_sign': True}, '3': {'effect': 0.10437387581341118, 'n_state': 2621, 'same_sign': True}, '4': {'effect': 0.10277163724929372, 'n_state': 2879, 'same_sign': True}}"
1135,56954,0.10690452871851608,0.9982378854625551,0.891333356744039,6.79967320637509e-31,ret3_atr:Q4:H0,feature_quintile_x_server_4h_block,ret3_atr,4,0.0,24,move_ge_1atr,8.77499726632763e-31,1148,56863,0.10406421240709296,3.913120130468306e-30,5.135970171239651e-30,4,"{'1': {'effect': 0.10508726970494531, 'n_state': 259, 'same_sign': True}, '2': {'effect': 0.10517103940664752, 'n_state': 305, 'same_sign': True}, '3': {'effect': 0.10514006548516186, 'n_state': 288, 'same_sign': True}, '4': {'effect': 0.09496752448541412, 'n_state': 296, 'same_sign': True}}"
2419,55670,0.10689534003937007,0.9958660603555188,0.8889707203161488,1.8529081710122054e-62,ret3_atr:Q4:H1,feature_quintile_x_server_4h_block,ret3_atr,4,1.0,24,move_ge_1atr,4.21696342368295e-62,2515,55496,0.10312472863553868,2.3365763388715783e-61,5.1404679455174727e-61,4,"{'1': {'effect': 0.09538078854131904, 'n_state': 588, 'same_sign': True}, '2': {'effect': 0.1057593447765095, 'n_state': 626, 'same_sign': True}, '3': {'effect': 0.10414886499546072, 'n_state': 627, 'same_sign': True}, '4': {'effect': 0.09383891965918201, 'n_state': 674, 'same_sign': True}}"
2255,55834,0.11088225812229102,1.0,0.889117741877709,8.026975199368942e-63,ret3_atr:Q4:H2,feature_quintile_x_server_4h_block,ret3_atr,4,2.0,24,move_ge_1atr,1.8358725455982432e-62,2370,55641,0.10863433052623295,3.047890273713102e-64,7.570566163738996e-64,4,"{'1': {'effect': 0.10566727605118831, 'n_state': 576, 'same_sign': True}, '2': {'effect': 0.10566911585472016, 'n_state': 577, 'same_sign': True}, '3': {'effect': 0.10562130177514795, 'n_state': 551, 'same_sign': True}, '4': {'effect': 0.10431417554096079, 'n_state': 666, 'same_sign': True}}"
1763,56326,0.10932874781357993,0.9994327850255247,0.8901040372119448,1.3683223472882575e-48,ret3_atr:Q4:H3,feature_quintile_x_server_4h_block,ret3_atr,4,3.0,24,move_ge_1atr,2.4314035555660576e-48,1784,56227,0.10793746776459712,1.0816168424677232e-48,1.810532540652493e-48,4,"{'1': {'effect': 0.10543047738169686, 'n_state': 447, 'same_sign': True}, '2': {'effect': 0.10535726685646829, 'n_state': 407, 'same_sign': True}, '3': {'effect': 0.10533898010900133, 'n_state': 397, 'same_sign': True}, '4': {'effect': 0.10558822506002297, 'n_state': 533, 'same_sign': True}}"
1548,56541,0.09622214187989264,0.9870801033591732,0.8908579614792805,1.0043194717610884e-33,ret3_atr:Q4:H4,feature_quintile_x_server_4h_block,ret3_atr,4,4.0,24,move_ge_1atr,1.459105647652902e-33,1556,56455,0.09561458850111304,5.281939440613055e-34,7.746844512899147e-34,4,"{'1': {'effect': 0.09895618280458429, 'n_state': 322, 'same_sign': True}, '2': {'effect': 0.09766721415853985, 'n_state': 394, 'same_sign': True}, '3': {'effect': 0.08390141482225855, 'n_state': 422, 'same_sign': True}, '4': {'effect': 0.0957385587379912, 'n_state': 418, 'same_sign': True}}"
1228,56861,0.08558581653517372,0.9771986970684039,0.8916128805332302,6.836728702590589e-22,ret3_atr:Q4:H5,feature_quintile_x_server_4h_block,ret3_atr,4,5.0,24,move_ge_1atr,7.556384355494861e-22,1211,56800,0.09335468010374381,8.354393734939576e-26,9.601318172990259e-26,4,"{'1': {'effect': 0.09435924497113468, 'n_state': 280, 'same_sign': True}, '2': {'effect': 0.08526144255099244, 'n_state': 303, 'same_sign': True}, '3': {'effect': 0.0962469812372283, 'n_state': 336, 'same_sign': True}, '4': {'effect': 0.09137942041829006, 'n_state': 292, 'same_sign': True}}"
16552,41537,-0.3573042144272357,0.6379289511841469,0.9952331656113826,0.0,ret3_atr:Q5,feature_quintile,ret3_atr,5,,24,move_ge_1atr,0.0,16136,41875,-0.3601467067241877,0.0,0.0,4,"{'1': {'effect': -0.28728188459238335, 'n_state': 4016, 'same_sign': True}, '2': {'effect': -0.29878676291132733, 'n_state': 3947, 'same_sign': True}, '3': {'effect': -0.2785345895832293, 'n_state': 4178, 'same_sign': True}, '4': {'effect': -0.25324765869214483, 'n_state': 3995, 'same_sign': True}}"
4524,53565,-0.6915318803773693,0.2557471264367816,0.947279006814151,0.0,ret3_atr:Q5:H0,feature_quintile_x_server_4h_block,ret3_atr,5,0.0,24,move_ge_1atr,0.0,4545,53466,-0.6866964095130196,0.0,0.0,4,"{'1': {'effect': -0.6324808056814155, 'n_state': 1130, 'same_sign': True}, '2': {'effect': -0.6581899989791508, 'n_state': 1109, 'same_sign': True}, '3': {'effect': -0.6524963347316729, 'n_state': 1153, 'same_sign': True}, '4': {'effect': -0.6392229792837328, 'n_state': 1153, 'same_sign': True}}"
2544,55545,0.0732282553496485,0.9634433962264151,0.8902151408767666,1.2094268548565529e-31,ret3_atr:Q5:H1,feature_quintile_x_server_4h_block,ret3_atr,5,1.0,24,move_ge_1atr,1.6102455531519523e-31,2359,55652,0.09888950797524021,2.576262752912624e-53,4.858095476920948e-53,4,"{'1': {'effect': 0.10567647570955951, 'n_state': 581, 'same_sign': True}, '2': {'effect': 0.0966753345306578, 'n_state': 563, 'same_sign': True}, '3': {'effect': 0.10252265012372352, 'n_state': 625, 'same_sign': True}, '4': {'effect': 0.07829575136244671, 'n_state': 590, 'same_sign': True}}"
2839,55250,0.1113136261413824,0.9992955265938711,0.8879819004524887,2.121616650643815e-78,ret3_atr:Q5:H2,feature_quintile_x_server_4h_block,ret3_atr,5,2.0,24,move_ge_1atr,7.369826260131147e-78,2796,55215,0.10991578375441458,1.261280664422979e-76,4.316382718247528e-76,4,"{'1': {'effect': 0.10597541384368236, 'n_state': 743, 'same_sign': True}, '2': {'effect': 0.10580543933054398, 'n_state': 651, 'same_sign': True}, '3': {'effect': 0.1059735633588853, 'n_state': 742, 'same_sign': True}, '4': {'effect': 0.10582204320761623, 'n_state': 660, 'same_sign': True}}"
3304,54785,-0.5143865873662861,0.40829297820823246,0.9226795655745186,0.0,ret3_atr:Q5:H4,feature_quintile_x_server_4h_block,ret3_atr,5,4.0,24,move_ge_1atr,0.0,3238,54773,-0.5194992444925733,0.0,0.0,4,"{'1': {'effect': -0.5980661935310849, 'n_state': 789, 'same_sign': True}, '2': {'effect': -0.5007962932372606, 'n_state': 824, 'same_sign': True}, '3': {'effect': -0.46781058244734797, 'n_state': 863, 'same_sign': True}, '4': {'effect': -0.42325121244768155, 'n_state': 762, 'same_sign': True}}"
1276,56813,-0.21635653171569247,0.6818181818181818,0.8981747135338742,1.9299748758663704e-135,ret3_atr:Q5:H5,feature_quintile_x_server_4h_block,ret3_atr,5,5.0,24,move_ge_1atr,8.411777289153426e-135,1212,56799,-0.24960674248378723,1.1562333672869354e-173,5.0874268160625156e-173,4,"{'1': {'effect': -0.30120595927108096, 'n_state': 272, 'same_sign': True}, '2': {'effect': -0.24875027141481998, 'n_state': 341, 'same_sign': True}, '3': {'effect': -0.2478298421964723, 'n_state': 299, 'same_sign': True}, '4': {'effect': -0.18969624508325966, 'n_state': 300, 'same_sign': True}}"
10417,47672,0.12612343308857044,0.9969280983008544,0.870804665212284,1.58835725509e-312,ret12_atr:Q1,feature_quintile,ret12_atr,1,,24,move_ge_1atr,1.3342200942747e-311,10163,47848,0.12445324417150094,2.2808594460674747e-303,1.6726302604494813e-302,4,"{'1': {'effect': 0.10569933770764905, 'n_state': 2413, 'same_sign': True}, '2': {'effect': 0.10818794808357735, 'n_state': 2546, 'same_sign': True}, '3': {'effect': 0.10606059469189699, 'n_state': 2648, 'same_sign': True}, '4': {'effect': 0.10944008655666759, 'n_state': 2556, 'same_sign': True}}"
1035,57054,0.10654381331085783,0.9980676328502416,0.8915238195393838,3.4730014537276022e-28,ret12_atr:Q1:H0,feature_quintile_x_server_4h_block,ret12_atr,1,0.0,24,move_ge_1atr,4.189364677864627e-28,1046,56965,0.10653910295795666,6.678732118569282e-29,8.33938983453786e-29,4,"{'1': {'effect': 0.10513095898004432, 'n_state': 283, 'same_sign': True}, '2': {'effect': 0.1050308914386584, 'n_state': 228, 'same_sign': True}, '3': {'effect': 0.10517286197036657, 'n_state': 306, 'same_sign': True}, '4': {'effect': 0.10503270914817764, 'n_state': 229, 'same_sign': True}}"
2482,55607,0.10880959847619465,0.9975825946817083,0.8887729962055136,3.268912508823207e-66,ret12_atr:Q1:H1,feature_quintile_x_server_4h_block,ret12_atr,1,1.0,24,move_ge_1atr,9.043338796864202e-66,2638,55373,0.10563080867506214,3.401841405934843e-67,9.701547713221588e-67,4,"{'1': {'effect': 0.09589611973530432, 'n_state': 616, 'same_sign': True}, '2': {'effect': 0.10594026567982262, 'n_state': 724, 'same_sign': True}, '3': {'effect': 0.09987523418066124, 'n_state': 677, 'same_sign': True}, '4': {'effect': 0.10575013068478833, 'n_state': 621, 'same_sign': True}}"
2836,55253,0.1120482145765841,1.0,0.8879517854234159,2.461267067572754e-79,ret12_atr:Q1:H2,feature_quintile_x_server_4h_block,ret12_atr,1,2.0,24,move_ge_1atr,8.88363582202041e-79,2578,55433,0.10948352064654632,1.5870738211138765e-70,4.670242709265038e-70,4,"{'1': {'effect': 0.10571329036753174, 'n_state': 601, 'same_sign': True}, '2': {'effect': 0.10583311535443374, 'n_state': 666, 'same_sign': True}, '3': {'effect': 0.10582757899142081, 'n_state': 663, 'same_sign': True}, '4': {'effect': 0.10579990586266408, 'n_state': 648, 'same_sign': True}}"
1775,56314,0.1093560003341425,0.9994366197183099,0.8900806193841674,6.3694608016990496e-49,ret12_atr:Q1:H3,feature_quintile_x_server_4h_block,ret12_atr,1,3.0,24,move_ge_1atr,1.1450159106556268e-48,1729,56282,0.10783198891297396,3.349495305115709e-47,5.448826869589639e-47,4,"{'1': {'effect': 0.10539568970008506, 'n_state': 428, 'same_sign': True}, '2': {'effect': 0.10532435528096906, 'n_state': 389, 'same_sign': True}, '3': {'effect': 0.10542681443907864, 'n_state': 445, 'same_sign': True}, '4': {'effect': 0.10546712081190046, 'n_state': 467, 'same_sign': True}}"
1450,56639,0.0958674021981929,0.9868965517241379,0.891029149525945,1.5820477456169957e-31,ret12_atr:Q1:H4,feature_quintile_x_server_4h_block,ret12_atr,1,4.0,24,move_ge_1atr,2.0942867005015816e-31,1401,56610,0.10062424182590446,5.303507924161855e-34,7.753862851148027e-34,4,"{'1': {'effect': 0.1015074106339442, 'n_state': 278, 'same_sign': True}, '2': {'effect': 0.09598483098997457, 'n_state': 327, 'same_sign': True}, '3': {'effect': 0.09191597341302282, 'n_state': 376, 'same_sign': True}, '4': {'effect': 0.10538104912225865, 'n_state': 420, 'same_sign': True}}"
839,57250,0.10330228854271306,0.9952324195470799,0.8919301310043668,6.177872991743562e-22,ret12_atr:Q1:H5,feature_quintile_x_server_4h_block,ret12_atr,1,5.0,24,move_ge_1atr,6.844549933298623e-22,771,57240,0.10471276650705474,3.8520248832540166e-21,4.119526611257768e-21,4,"{'1': {'effect': 0.10014451635160893, 'n_state': 207, 'same_sign': True}, '2': {'effect': 0.1050018166404263, 'n_state': 212, 'same_sign': True}, '3': {'effect': 0.10494553000172924, 'n_state': 181, 'same_sign': True}, '4': {'effect': 0.10492738589211614, 'n_state': 171, 'same_sign': True}}"
10332,47757,0.12327824098464801,0.9947735191637631,0.8714952781791151,8.711422685483368e-297,ret12_atr:Q2,feature_quintile,ret12_atr,2,,24,move_ge_1atr,5.668559550272276e-296,10662,47349,0.12254525606045596,2.393538199043534e-305,1.9746690142109156e-304,4,"{'1': {'effect': 0.10368827776531475, 'n_state': 2344, 'same_sign': True}, '2': {'effect': 0.10709967144704025, 'n_state': 2732, 'same_sign': True}, '3': {'effect': 0.10263436328739317, 'n_state': 2848, 'same_sign': True}, '4': {'effect': 0.10596722395406177, 'n_state': 2738, 'same_sign': True}}"
1331,56758,0.10677033411309922,0.9977460555972952,0.890975721484196,9.844834969680411e-36,ret12_atr:Q2:H0,feature_quintile_x_server_4h_block,ret12_atr,2,0.0,24,move_ge_1atr,1.4961558407869572e-35,1235,56776,0.10192977987505691,5.293284287735753e-31,7.171546454351666e-31,4,"{'1': {'effect': 0.08657233021931887, 'n_state': 271, 'same_sign': True}, '2': {'effect': 0.10523304203079487, 'n_state': 339, 'same_sign': True}, '3': {'effect': 0.10221256950357138, 'n_state': 334, 'same_sign': True}, '4': {'effect': 0.10514553014553019, 'n_state': 291, 'same_sign': True}}"
2467,55622,0.10707158810417827,0.9959464937170652,0.888874905612887,8.209995254317178e-64,ret12_atr:Q2:H1,feature_quintile_x_server_4h_block,ret12_atr,2,1.0,24,move_ge_1atr,1.9858731976411187e-63,2468,55543,0.1058811706356495,1.8383618334335425e-63,4.333281464521921e-63,4,"{'1': {'effect': 0.09838138249261497, 'n_state': 557, 'same_sign': True}, '2': {'effect': 0.10270493117451951, 'n_state': 652, 'same_sign': True}, '3': {'effect': 0.10413566929524376, 'n_state': 624, 'same_sign': True}, '4': {'effect': 0.10418370214877626, 'n_state': 635, 'same_sign': True}}"
2209,55880,0.11032039165605145,0.9995473064735174,0.889226914817466,5.0578158648789465e-61,ret12_atr:Q2:H2,feature_quintile_x_server_4h_block,ret12_atr,2,2.0,24,move_ge_1atr,1.0919209951280716e-60,2375,55636,0.10908404630095625,6.905495617612165e-65,1.772410541853789e-64,4,"{'1': {'effect': 0.10559373640713354, 'n_state': 536, 'same_sign': True}, '2': {'effect': 0.1057667172060438, 'n_state': 630, 'same_sign': True}, '3': {'effect': 0.10583865229674583, 'n_state': 669, 'same_sign': True}, '4': {'effect': 0.1056010857649945, 'n_state': 540, 'same_sign': True}}"
1647,56442,0.10968782112611175,1.0,0.8903121788738882,6.89158755197825e-46,ret12_atr:Q2:H3,feature_quintile_x_server_4h_block,ret12_atr,2,3.0,24,move_ge_1atr,1.153591829352881e-45,1904,56107,0.10816832124333864,5.9125627031064146e-52,1.079685363175954e-51,4,"{'1': {'effect': 0.10536458333333332, 'n_state': 411, 'same_sign': True}, '2': {'effect': 0.10540301151461473, 'n_state': 432, 'same_sign': True}, '3': {'effect': 0.10543597227289314, 'n_state': 450, 'same_sign': True}, '4': {'effect': 0.10573170731707315, 'n_state': 611, 'same_sign': True}}"
1560,56529,0.10161441982808006,0.9923076923076923,0.8906932724796123,1.1060776530781326e-37,ret12_atr:Q2:H4,feature_quintile_x_server_4h_block,ret12_atr,2,4.0,24,move_ge_1atr,1.750026971651018e-37,1467,56544,0.09404471954012616,3.288146991693479e-31,4.521202113578533e-31,4,"{'1': {'effect': 0.10517468459725499, 'n_state': 307, 'same_sign': True}, '2': {'effect': 0.09362661552661644, 'n_state': 428, 'same_sign': True}, '3': {'effect': 0.07141451901138551, 'n_state': 386, 'same_sign': True}, '4': {'effect': 0.10233830140100608, 'n_state': 346, 'same_sign': True}}"
1118,56971,0.08313312214930046,0.9749552772808586,0.8918221551315582,4.62129856512046e-19,ret12_atr:Q2:H5,feature_quintile_x_server_4h_block,ret12_atr,2,5.0,24,move_ge_1atr,4.830407097478851e-19,1213,56798,0.09338021696304055,7.406411986741127e-26,8.554405844686002e-26,4,"{'1': {'effect': 0.0935903982475359, 'n_state': 262, 'same_sign': True}, '2': {'effect': 0.10507271468144042, 'n_state': 251, 'same_sign': True}, '3': {'effect': 0.09224326501250113, 'n_state': 385, 'same_sign': True}, '4': {'effect': 0.07965378469746187, 'n_state': 315, 'same_sign': True}}"
10397,47692,0.12336890707712023,0.9947100125036068,0.8713411054264866,1.133734845959008e-298,ret12_atr:Q3,feature_quintile,ret12_atr,3,,24,move_ge_1atr,7.702727924015612e-298,10259,47752,0.11987072108320118,1.1404872108676438e-283,6.425671846595749e-283,4,"{'1': {'effect': 0.10246347430354574, 'n_state': 2461, 'same_sign': True}, '2': {'effect': 0.10412354864081452, 'n_state': 2557, 'same_sign': True}, '3': {'effect': 0.10202591260675564, 'n_state': 2546, 'same_sign': True}, '4': {'effect': 0.1042671949498184, 'n_state': 2695, 'same_sign': True}}"
1347,56742,0.10302777884409242,0.994060876020787,0.8910330971766945,9.230821794344967e-34,ret12_atr:Q3:H0,feature_quintile_x_server_4h_block,ret12_atr,3,0.0,24,move_ge_1atr,1.3495695155023337e-33,1258,56753,0.09474908661321202,1.7790866049208707e-27,2.0914453218153747e-27,4,"{'1': {'effect': 0.08045343624236256, 'n_state': 325, 'same_sign': True}, '2': {'effect': 0.09635931811992371, 'n_state': 340, 'same_sign': True}, '3': {'effect': 0.10192475366403819, 'n_state': 309, 'same_sign': True}, '4': {'effect': 0.09451743112371813, 'n_state': 284, 'same_sign': True}}"
2371,55718,0.1089145528268679,0.9978911851539435,0.8889766323270756,1.4175456736398175e-63,ret12_atr:Q3:H1,feature_quintile_x_server_4h_block,ret12_atr,3,1.0,24,move_ge_1atr,3.393295861251791e-63,2277,55734,0.10614953780315328,3.5411497606374364e-59,7.470370727920071e-59,4,"{'1': {'effect': 0.10220706410587133, 'n_state': 582, 'same_sign': True}, '2': {'effect': 0.10371597708597113, 'n_state': 537, 'same_sign': True}, '3': {'effect': 0.10569672059771151, 'n_state': 592, 'same_sign': True}, '4': {'effect': 0.10029630431566583, 'n_state': 566, 'same_sign': True}}"
2221,55868,0.11034663071992523,0.9995497523638001,0.8892031216438748,2.3274077991977082e-61,ret12_atr:Q3:H2,feature_quintile_x_server_4h_block,ret12_atr,3,2.0,24,move_ge_1atr,5.096030347058489e-61,2173,55838,0.1082113207415305,8.235966529669457e-59,1.721726939686556e-58,4,"{'1': {'effect': 0.10553681354989042, 'n_state': 505, 'same_sign': True}, '2': {'effect': 0.10561946363620545, 'n_state': 550, 'same_sign': True}, '3': {'effect': 0.10559373640713354, 'n_state': 536, 'same_sign': True}, '4': {'effect': 0.1039426899696676, 'n_state': 582, 'same_sign': True}}"
1764,56325,0.10991566799822461,1.0,0.8900843320017754,4.038607117536146e-49,ret12_atr:Q3:H3,feature_quintile_x_server_4h_block,ret12_atr,3,3.0,24,move_ge_1atr,7.345812946069683e-49,1868,56143,0.10809896158025045,5.647144532058108e-51,1.0151676162688116e-50,4,"{'1': {'effect': 0.10545246038365308, 'n_state': 459, 'same_sign': True}, '2': {'effect': 0.10539202917426416, 'n_state': 426, 'same_sign': True}, '3': {'effect': 0.10535360899906254, 'n_state': 405, 'same_sign': True}, '4': {'effect': 0.10567095572231988, 'n_state': 578, 'same_sign': True}}"
1478,56611,0.09894655568954325,0.989851150202977,0.8909045945134337,4.507861596345348e-34,ret12_atr:Q3:H4,feature_quintile_x_server_4h_block,ret12_atr,3,4.0,24,move_ge_1atr,6.675102748434458e-34,1414,56597,0.09200930252574346,5.993903056920614e-29,7.524954381242727e-29,4,"{'1': {'effect': 0.0987833541555605, 'n_state': 314, 'same_sign': True}, '2': {'effect': 0.08983743907469643, 'n_state': 390, 'same_sign': True}, '3': {'effect': 0.08074143091800434, 'n_state': 369, 'same_sign': True}, '4': {'effect': 0.09343712608953669, 'n_state': 341, 'same_sign': True}}"
1216,56873,0.08701783729584012,0.9786184210526315,0.8916005837567914,2.242697512155631e-22,ret12_atr:Q3:H5,feature_quintile_x_server_4h_block,ret12_atr,3,5.0,24,move_ge_1atr,2.5027204121157043e-22,1269,56742,0.09245618653149712,1.8835790545016563e-26,2.203072210581684e-26,4,"{'1': {'effect': 0.09055617683493933, 'n_state': 276, 'same_sign': True}, '2': {'effect': 0.09558130885609417, 'n_state': 314, 'same_sign': True}, '3': {'effect': 0.08120644092113116, 'n_state': 335, 'same_sign': True}, '4': {'effect': 0.09646921317701751, 'n_state': 344, 'same_sign': True}}"
10514,47575,0.12374418174361224,0.9947688795891193,0.8710246978455071,4.277004304446806e-303,ret12_atr:Q4,feature_quintile,ret12_atr,4,,24,move_ge_1atr,3.4068551528524555e-302,10331,47680,0.12069099834082475,4.18562934858509e-289,2.447798429172546e-288,4,"{'1': {'effect': 0.10470540901533909, 'n_state': 2493, 'same_sign': True}, '2': {'effect': 0.10148204861963517, 'n_state': 2519, 'same_sign': True}, '3': {'effect': 0.10312472863553868, 'n_state': 2515, 'same_sign': True}, '4': {'effect': 0.10580949427349129, 'n_state': 2804, 'same_sign': True}}"
1162,56927,0.10787516409501952,0.9991394148020654,0.8912642507070458,4.040398051093436e-32,ret12_atr:Q4:H0,feature_quintile_x_server_4h_block,ret12_atr,4,0.0,24,move_ge_1atr,5.572131043597514e-32,1177,56834,0.10331582005326723,2.024950844542909e-30,2.7195560761012322e-30,4,"{'1': {'effect': 0.09005128408691132, 'n_state': 267, 'same_sign': True}, '2': {'effect': 0.10517286197036657, 'n_state': 306, 'same_sign': True}, '3': {'effect': 0.1051273168196778, 'n_state': 281, 'same_sign': True}, '4': {'effect': 0.1052038552211898, 'n_state': 323, 'same_sign': True}}"
2388,55701,0.10852673630084686,0.9974874371859297,0.8889607008850828,1.4782387033839412e-63,ret12_atr:Q4:H1,feature_quintile_x_server_4h_block,ret12_atr,4,1.0,24,move_ge_1atr,3.5203416544504163e-63,2333,55678,0.10051649165667498,1.836344688692816e-54,3.520295627286643e-54,4,"{'1': {'effect': 0.10226837816082768, 'n_state': 590, 'same_sign': True}, '2': {'effect': 0.09181291069221076, 'n_state': 514, 'same_sign': True}, '3': {'effect': 0.10073970895524442, 'n_state': 608, 'same_sign': True}, '4': {'effect': 0.09435601650879266, 'n_state': 621, 'same_sign': True}}"
2358,55731,0.11108718666451345,1.0,0.8889128133354866,1.0028095880467543e-65,ret12_atr:Q4:H2,feature_quintile_x_server_4h_block,ret12_atr,4,2.0,24,move_ge_1atr,2.662632354468968e-65,2333,55678,0.10900176012069396,1.0020084779304863e-63,2.436462720020446e-63,4,"{'1': {'effect': 0.10564704243985656, 'n_state': 565, 'same_sign': True}, '2': {'effect': 0.10572065637738215, 'n_state': 605, 'same_sign': True}, '3': {'effect': 0.10563784790517139, 'n_state': 560, 'same_sign': True}, '4': {'effect': 0.1057169732441472, 'n_state': 603, 'same_sign': True}}"
1881,56208,0.11014446342157702,1.0,0.889855536578423,2.2998025030778963e-52,ret12_atr:Q4:H3,feature_quintile_x_server_4h_block,ret12_atr,4,3.0,24,move_ge_1atr,4.408750026647254e-52,1806,56205,0.10683671337217437,2.7383128909172424e-48,4.567150020230202e-48,4,"{'1': {'effect': 0.10345708142957089, 'n_state': 491, 'same_sign': True}, '2': {'effect': 0.10535726685646829, 'n_state': 407, 'same_sign': True}, '3': {'effect': 0.10256958611948985, 'n_state': 370, 'same_sign': True}, '4': {'effect': 0.10559741095818909, 'n_state': 538, 'same_sign': True}}"
1541,56548,0.09681655600013539,0.9876703439325114,0.890853787932376,5.592079314580578e-34,ret12_atr:Q4:H4,feature_quintile_x_server_4h_block,ret12_atr,4,4.0,24,move_ge_1atr,8.254123461138105e-34,1526,56485,0.09533024170116267,3.289620982969373e-33,4.7052783100057285e-33,4,"{'1': {'effect': 0.10519656104832564, 'n_state': 319, 'same_sign': True}, '2': {'effect': 0.09450185855380822, 'n_state': 373, 'same_sign': True}, '3': {'effect': 0.07880567095443347, 'n_state': 417, 'same_sign': True}, '4': {'effect': 0.09812922659059964, 'n_state': 417, 'same_sign': True}}"
1184,56905,0.0837924961469686,0.9755067567567568,0.8917142606097882,2.2875014717366892e-20,ret12_atr:Q4:H5,feature_quintile_x_server_4h_block,ret12_atr,4,5.0,24,move_ge_1atr,2.4407059582964212e-20,1156,56855,0.0952709025174524,1.0951521784991317e-25,1.2554846314307663e-25,4,"{'1': {'effect': 0.0896959745235607, 'n_state': 261, 'same_sign': True}, '2': {'effect': 0.0795710823587622, 'n_state': 314, 'same_sign': True}, '3': {'effect': 0.10512367491166075, 'n_state': 279, 'same_sign': True}, '4': {'effect': 0.10183698549665543, 'n_state': 302, 'same_sign': True}}"
16429,41660,-0.3601987714954473,0.635096475744111,0.9952952472395583,0.0,ret12_atr:Q5,feature_quintile,ret12_atr,5,,24,move_ge_1atr,0.0,16596,41415,-0.34999188155024674,0.0,0.0,4,"{'1': {'effect': -0.2725952178569677, 'n_state': 4184, 'same_sign': True}, '2': {'effect': -0.29401690252492807, 'n_state': 3982, 'same_sign': True}, '3': {'effect': -0.2682078180567766, 'n_state': 4292, 'same_sign': True}, '4': {'effect': -0.24255303567040676, 'n_state': 4138, 'same_sign': True}}"
4400,53689,-0.7126280438349485,0.23477272727272727,0.9474007711076757,0.0,ret12_atr:Q5:H0,feature_quintile_x_server_4h_block,ret12_atr,5,0.0,24,move_ge_1atr,0.0,4542,53469,-0.6871863900298728,0.0,0.0,4,"{'1': {'effect': -0.6376615480582648, 'n_state': 1122, 'same_sign': True}, '2': {'effect': -0.6727044066752714, 'n_state': 1088, 'same_sign': True}, '3': {'effect': -0.6570530092627758, 'n_state': 1146, 'same_sign': True}, '4': {'effect': -0.6188260160888619, 'n_state': 1186, 'same_sign': True}}"
2584,55505,0.07063315775250212,0.9609133126934984,0.8902801549409963,5.636281056198636e-30,ret12_atr:Q5:H1,feature_quintile_x_server_4h_block,ret12_atr,5,1.0,24,move_ge_1atr,7.114649857824508e-30,2666,55345,0.10140119500016842,1.1277119694370782e-62,2.5539359307839713e-62,4,"{'1': {'effect': 0.10585711295611522, 'n_state': 679, 'same_sign': True}, '2': {'effect': 0.10265873392309999, 'n_state': 645, 'same_sign': True}, '3': {'effect': 0.1058349609375, 'n_state': 667, 'same_sign': True}, '4': {'effect': 0.07737019983566651, 'n_state': 675, 'same_sign': True}}"
2808,55281,0.111243032296378,0.9992877492877493,0.8880447169913713,1.6434245206869919e-77,ret12_atr:Q5:H2,feature_quintile_x_server_4h_block,ret12_atr,5,2.0,24,move_ge_1atr,5.624163915239928e-77,2925,55086,0.11017318374904694,2.946212759550514e-80,1.071771885757746e-79,4,"{'1': {'effect': 0.10611252928628878, 'n_state': 817, 'same_sign': True}, '2': {'effect': 0.10575013068478833, 'n_state': 621, 'same_sign': True}, '3': {'effect': 0.10596986258315721, 'n_state': 740, 'same_sign': True}, '4': {'effect': 0.10598281642917018, 'n_state': 747, 'same_sign': True}}"
3270,54819,-0.5189665874568702,0.4036697247706422,0.9226363122275124,0.0,ret12_atr:Q5:H4,feature_quintile_x_server_4h_block,ret12_atr,5,4.0,24,move_ge_1atr,0.0,3273,54738,-0.5134107383094718,0.0,0.0,4,"{'1': {'effect': -0.6197322980539106, 'n_state': 768, 'same_sign': True}, '2': {'effect': -0.49464089961378627, 'n_state': 824, 'same_sign': True}, '3': {'effect': -0.4468423810461011, 'n_state': 898, 'same_sign': True}, '4': {'effect': -0.4130903956935584, 'n_state': 783, 'same_sign': True}}"
1382,56707,-0.19027906339687006,0.7076700434153401,0.8979491068122102,1.4177600606128923e-113,ret12_atr:Q5:H5,feature_quintile_x_server_4h_block,ret12_atr,5,5.0,24,move_ge_1atr,5.848260250028181e-113,1298,56713,-0.22790818159186466,4.8278315635366254e-155,2.1042058324093595e-154,4,"{'1': {'effect': -0.322118525153008, 'n_state': 261, 'same_sign': True}, '2': {'effect': -0.21713169933364573, 'n_state': 384, 'same_sign': True}, '3': {'effect': -0.18867459384034635, 'n_state': 356, 'same_sign': True}, '4': {'effect': -0.1892802649638079, 'n_state': 297, 'same_sign': True}}"
9921,48168,0.1167382887843359,0.9902227598024392,0.8734844710181033,4.9825052458904735e-258,bar_range_atr:Q1,feature_quintile,bar_range_atr,1,,24,move_ge_1atr,2.423070972211999e-257,10400,47611,0.11798079346563406,8.552636796154231e-278,4.59455604630611e-277,4,"{'1': {'effect': 0.09768882405181978, 'n_state': 2242, 'same_sign': True}, '2': {'effect': 0.10579348525719046, 'n_state': 2686, 'same_sign': True}, '3': {'effect': 0.09795190259231412, 'n_state': 2806, 'same_sign': True}, '4': {'effect': 0.10376016851805325, 'n_state': 2666, 'same_sign': True}}"
1387,56702,0.09958284545949714,0.9906272530641672,0.8910444076046701,1.6070394844736431e-32,bar_range_atr:Q1:H0,feature_quintile_x_server_4h_block,bar_range_atr,1,0.0,24,move_ge_1atr,2.2295863117922615e-32,1487,56524,0.0935665894454698,2.681791021139101e-31,3.7318899149586288e-31,4,"{'1': {'effect': 0.06050217230541699, 'n_state': 315, 'same_sign': True}, '2': {'effect': 0.09818610050677568, 'n_state': 420, 'same_sign': True}, '3': {'effect': 0.10022264121321356, 'n_state': 394, 'same_sign': True}, '4': {'effect': 0.10245708116765229, 'n_state': 358, 'same_sign': True}}"
2665,55424,0.10855629357335062,0.9969981238273922,0.8884418302540416,2.0741207110296456e-70,bar_range_atr:Q1:H1,feature_quintile_x_server_4h_block,bar_range_atr,1,1.0,24,move_ge_1atr,6.43116623151474e-70,2844,55167,0.10557448924359247,5.838925323066058e-72,1.8476599309976155e-71,4,"{'1': {'effect': 0.09939522805305268, 'n_state': 634, 'same_sign': True}, '2': {'effect': 0.1031030142845396, 'n_state': 717, 'same_sign': True}, '3': {'effect': 0.10324322266144648, 'n_state': 742, 'same_sign': True}, '4': {'effect': 0.10059413156424801, 'n_state': 751, 'same_sign': True}}"
1212,56877,0.10884891959843168,1.0,0.8911510804015683,5.622405023158888e-34,bar_range_atr:Q1:H2,feature_quintile_x_server_4h_block,bar_range_atr,1,2.0,24,move_ge_1atr,8.272455798405751e-34,1448,56563,0.10658800195704132,3.9761798829992465e-39,6.143796340955358e-39,4,"{'1': {'effect': 0.10524034126378579, 'n_state': 343, 'same_sign': True}, '2': {'effect': 0.1053097345132743, 'n_state': 381, 'same_sign': True}, '3': {'effect': 0.10518926788685523, 'n_state': 315, 'same_sign': True}, '4': {'effect': 0.1028985766845063, 'n_state': 409, 'same_sign': True}}"
1200,56889,0.1079750479002971,0.9991666666666666,0.8911916187663695,3.750122078381516e-33,bar_range_atr:Q1:H3,feature_quintile_x_server_4h_block,bar_range_atr,1,3.0,24,move_ge_1atr,5.2983376153280125e-33,1312,56699,0.10703892484876276,5.537191905760362e-36,8.360074053795057e-36,4,"{'1': {'effect': 0.1051692169060946, 'n_state': 304, 'same_sign': True}, '2': {'effect': 0.10513642269380685, 'n_state': 286, 'same_sign': True}, '3': {'effect': 0.10520567892246091, 'n_state': 324, 'same_sign': True}, '4': {'effect': 0.10534080849808203, 'n_state': 398, 'same_sign': True}}"
1698,56391,0.09158717844168929,0.9823321554770318,0.8907449770353425,1.931283235435043e-33,bar_range_atr:Q1:H4,feature_quintile_x_server_4h_block,bar_range_atr,1,4.0,24,move_ge_1atr,2.7882901711593435e-33,1643,56368,0.08762320566578474,2.6666550605669934e-30,3.5606781444565055e-30,4,"{'1': {'effect': 0.10206760918411817, 'n_state': 321, 'same_sign': True}, '2': {'effect': 0.10108297792544818, 'n_state': 461, 'same_sign': True}, '3': {'effect': 0.06004795824522746, 'n_state': 510, 'same_sign': True}, '4': {'effect': 0.08805686740130025, 'n_state': 351, 'same_sign': True}}"
1759,56330,0.08352433030120665,0.9744172825469016,0.890892952245695,5.16078200795878e-29,bar_range_atr:Q1:H5,feature_quintile_x_server_4h_block,bar_range_atr,1,5.0,24,move_ge_1atr,6.358083433805217e-29,1666,56345,0.09782361431572362,7.8371123573846e-38,1.1910348385235807e-37,4,"{'1': {'effect': 0.08973621115908681, 'n_state': 325, 'same_sign': True}, '2': {'effect': 0.09820489585855285, 'n_state': 421, 'same_sign': True}, '3': {'effect': 0.0958822847935834, 'n_state': 521, 'same_sign': True}, '4': {'effect': 0.097771767473255, 'n_state': 399, 'same_sign': True}}"
10456,47633,0.12309158766519668,0.9943573068094874,0.8712657191442907,1.197401912337632e-298,bar_range_atr:Q2,feature_quintile,bar_range_atr,2,,24,move_ge_1atr,8.0173867173911e-298,10723,47288,0.12216338532902171,8.554437070438922e-305,6.814051597487554e-304,4,"{'1': {'effect': 0.10385089950698234, 'n_state': 2489, 'same_sign': True}, '2': {'effect': 0.10498355890920841, 'n_state': 2678, 'same_sign': True}, '3': {'effect': 0.10293127781999778, 'n_state': 2745, 'same_sign': True}, '4': {'effect': 0.10583317866146968, 'n_state': 2811, 'same_sign': True}}"
997,57092,0.10843901071954043,1.0,0.8915609892804596,3.8006519355700777e-28,bar_range_atr:Q2:H0,feature_quintile_x_server_4h_block,bar_range_atr,2,0.0,24,move_ge_1atr,4.560782322684093e-28,1050,56961,0.10460671085730344,5.0748878146428005e-28,6.058393205077452e-28,4,"{'1': {'effect': 0.1002189779217858, 'n_state': 210, 'same_sign': True}, '2': {'effect': 0.10513095898004432, 'n_state': 283, 'same_sign': True}, '3': {'effect': 0.1050781723427463, 'n_state': 254, 'same_sign': True}, '4': {'effect': 0.10184973581575252, 'n_state': 303, 'same_sign': True}}"
2501,55588,0.10719466261131727,0.9960015993602559,0.8888069367489386,8.999310126921747e-65,bar_range_atr:Q2:H1,feature_quintile_x_server_4h_block,bar_range_atr,2,1.0,24,move_ge_1atr,2.223358972533608e-64,2546,55465,0.10449072679748428,1.1547007113904916e-63,2.7641022210487413e-63,4,"{'1': {'effect': 0.09951162218372345, 'n_state': 644, 'same_sign': True}, '2': {'effect': 0.10237271754361821, 'n_state': 604, 'same_sign': True}, '3': {'effect': 0.10426030070292236, 'n_state': 653, 'same_sign': True}, '4': {'effect': 0.09795527534744264, 'n_state': 645, 'same_sign': True}}"
2094,55995,0.11006802950836536,0.9995224450811844,0.889454415572819,8.461472514639745e-58,bar_range_atr:Q2:H2,feature_quintile_x_server_4h_block,bar_range_atr,2,2.0,24,move_ge_1atr,1.7145615358612115e-57,2295,55716,0.10892741761791946,1.1232275727971216e-62,2.5539359307839713e-62,4,"{'1': {'effect': 0.10556985805733365, 'n_state': 523, 'same_sign': True}, '2': {'effect': 0.10569672059771151, 'n_state': 592, 'same_sign': True}, '3': {'effect': 0.10562681657587414, 'n_state': 554, 'same_sign': True}, '4': {'effect': 0.1057593447765095, 'n_state': 626, 'same_sign': True}}"
1741,56348,0.10987080286789241,1.0,0.8901291971321076,1.7481396998081814e-48,bar_range_atr:Q2:H3,feature_quintile_x_server_4h_block,bar_range_atr,2,3.0,24,move_ge_1atr,3.0825974859212973e-48,1846,56165,0.10805661889076823,2.239614275212258e-50,3.9643746940538817e-50,4,"{'1': {'effect': 0.1054781188084396, 'n_state': 473, 'same_sign': True}, '2': {'effect': 0.10542681443907864, 'n_state': 445, 'same_sign': True}, '3': {'effect': 0.10537190082644632, 'n_state': 415, 'same_sign': True}, '4': {'effect': 0.10555149744338932, 'n_state': 513, 'same_sign': True}}"
1766,56323,0.10232749107341943,0.992638731596829,0.8903112405234096,7.482529606024733e-43,bar_range_atr:Q2:H4,feature_quintile_x_server_4h_block,bar_range_atr,2,4.0,24,move_ge_1atr,1.2258612333274563e-42,1629,56382,0.09311371332869911,9.880034008677217e-34,1.4264299100027732e-33,4,"{'1': {'effect': 0.09627529913607324, 'n_state': 337, 'same_sign': True}, '2': {'effect': 0.09793417976877461, 'n_state': 407, 'same_sign': True}, '3': {'effect': 0.0768142785480429, 'n_state': 492, 'same_sign': True}, '4': {'effect': 0.0976460123387014, 'n_state': 393, 'same_sign': True}}"
1357,56732,0.08271799960210602,0.974207811348563,0.891489811746457,1.691891665865534e-22,bar_range_atr:Q2:H5,feature_quintile_x_server_4h_block,bar_range_atr,2,5.0,24,move_ge_1atr,1.8926245753750043e-22,1357,56654,0.09429624379083323,3.404292664567892e-29,4.3208329973361706e-29,4,"{'1': {'effect': 0.08852263910538138, 'n_state': 302, 'same_sign': True}, '2': {'effect': 0.0849533379498284, 'n_state': 347, 'same_sign': True}, '3': {'effect': 0.0972928133619918, 'n_state': 377, 'same_sign': True}, '4': {'effect': 0.09914147646563398, 'n_state': 331, 'same_sign': True}}"
10625,47464,0.1255978762851846,0.9960470588235294,0.8704491825383448,1.014879905e-314,bar_range_atr:Q3,feature_quintile,bar_range_atr,3,,24,move_ge_1atr,9.1936179627e-314,10636,47375,0.12303988743362759,3.196034742052608e-307,2.7343852793116758e-306,4,"{'1': {'effect': 0.10545885667127586, 'n_state': 2588, 'same_sign': True}, '2': {'effect': 0.1034870540839572, 'n_state': 2600, 'same_sign': True}, '3': {'effect': 0.10593932639886516, 'n_state': 2611, 'same_sign': True}, '4': {'effect': 0.10629136758987201, 'n_state': 2837, 'same_sign': True}}"
1051,57038,0.10757266701428525,0.9990485252140818,0.8914758581997966,4.126702602971424e-29,bar_range_atr:Q3:H0,feature_quintile_x_server_4h_block,bar_range_atr,3,0.0,24,move_ge_1atr,5.097691450729407e-29,1059,56952,0.10560157611976406,9.453056937688223e-29,1.1615192301095635e-28,4,"{'1': {'effect': 0.10110647027046338, 'n_state': 253, 'same_sign': True}, '2': {'effect': 0.10503452692061399, 'n_state': 230, 'same_sign': True}, '3': {'effect': 0.10516192753547848, 'n_state': 300, 'same_sign': True}, '4': {'effect': 0.10511821252273312, 'n_state': 276, 'same_sign': True}}"
2368,55721,0.10890590372546227,0.9978885135135135,0.8889826097880512,1.722373963339212e-63,bar_range_atr:Q3:H1,feature_quintile_x_server_4h_block,bar_range_atr,3,1.0,24,move_ge_1atr,4.0598814850138564e-63,2472,55539,0.10547173883059868,4.4199543426624233e-63,1.0109004486683363e-62,4,"{'1': {'effect': 0.10414007597671904, 'n_state': 625, 'same_sign': True}, '2': {'effect': 0.09944215346672469, 'n_state': 638, 'same_sign': True}, '3': {'effect': 0.10400881489824176, 'n_state': 596, 'same_sign': True}, '4': {'effect': 0.1007891607366258, 'n_state': 613, 'same_sign': True}}"
2676,55413,0.11133294715855235,0.999626307922272,0.8882933607637197,3.0359641985356745e-74,bar_range_atr:Q3:H2,feature_quintile_x_server_4h_block,bar_range_atr,3,2.0,24,move_ge_1atr,9.947627373925401e-74,2661,55350,0.10964769647696482,7.650360067819537e-73,2.489060810797624e-72,4,"{'1': {'effect': 0.10579990586266408, 'n_state': 648, 'same_sign': True}, '2': {'effect': 0.10582757899142081, 'n_state': 663, 'same_sign': True}, '3': {'effect': 0.10578515277753564, 'n_state': 640, 'same_sign': True}, '4': {'effect': 0.10591438194795899, 'n_state': 710, 'same_sign': True}}"
1918,56171,0.10967783668330366,0.9994786235662148,0.8898007868829111,6.864329574853803e-53,bar_range_atr:Q3:H3,feature_quintile_x_server_4h_block,bar_range_atr,3,3.0,24,move_ge_1atr,1.3381098158575767e-52,1947,56064,0.10718838936438924,4.005907421681359e-52,7.37342322237764e-52,4,"{'1': {'effect': 0.10352768275925583, 'n_state': 503, 'same_sign': True}, '2': {'effect': 0.10536458333333332, 'n_state': 411, 'same_sign': True}, '3': {'effect': 0.10328258607595253, 'n_state': 463, 'same_sign': True}, '4': {'effect': 0.10565623857523376, 'n_state': 570, 'same_sign': True}}"
1497,56592,0.0977406466877776,0.9886439545758183,0.8909033078880407,1.1039259323491262e-33,bar_range_atr:Q3:H4,feature_quintile_x_server_4h_block,bar_range_atr,3,4.0,24,move_ge_1atr,1.5987892813332172e-33,1478,56533,0.09693904576839896,2.7712928085690575e-33,3.976202725338213e-33,4,"{'1': {'effect': 0.09271033402602447, 'n_state': 322, 'same_sign': True}, '2': {'effect': 0.08681556658619127, 'n_state': 381, 'same_sign': True}, '3': {'effect': 0.09981650549220122, 'n_state': 368, 'same_sign': True}, '4': {'effect': 0.1004085421313391, 'n_state': 407, 'same_sign': True}}"
1115,56974,0.09311858245150295,0.9847533632286996,0.8916347807771966,1.8764325620558715e-23,bar_range_atr:Q3:H5,feature_quintile_x_server_4h_block,bar_range_atr,3,5.0,24,move_ge_1atr,2.1405230707896608e-23,1019,56992,0.08950731993306293,2.1796069806994938e-20,2.2990375001898772e-20,4,"{'1': {'effect': 0.09233709876940843, 'n_state': 237, 'same_sign': True}, '2': {'effect': 0.09061031677834319, 'n_state': 277, 'same_sign': True}, '3': {'effect': 0.08448162445686991, 'n_state': 244, 'same_sign': True}, '4': {'effect': 0.08584724088172357, 'n_state': 261, 'same_sign': True}}"
10590,47499,0.12745254156834196,0.997639282341832,0.87018674077349,3.5e-323,bar_range_atr:Q4,feature_quintile,bar_range_atr,4,,24,move_ge_1atr,3.46e-322,10508,47503,0.12322789326206163,2.7366346086258014e-305,2.218114366991439e-304,4,"{'1': {'effect': 0.10692364009640498, 'n_state': 2535, 'same_sign': True}, '2': {'effect': 0.10468379167508113, 'n_state': 2597, 'same_sign': True}, '3': {'effect': 0.10535395038723228, 'n_state': 2672, 'same_sign': True}, '4': {'effect': 0.10585391140554556, 'n_state': 2704, 'same_sign': True}}"
1117,56972,0.10866741557256199,1.0,0.891332584427438,2.139657545042871e-31,bar_range_atr:Q4:H0,feature_quintile_x_server_4h_block,bar_range_atr,4,0.0,24,move_ge_1atr,2.8083005278687683e-31,1058,56953,0.10559881283067718,1.0048348290484547e-28,1.2313891008498303e-28,4,"{'1': {'effect': 0.10178525141242178, 'n_state': 298, 'same_sign': True}, '2': {'effect': 0.10508363057104275, 'n_state': 257, 'same_sign': True}, '3': {'effect': 0.10507635305931651, 'n_state': 253, 'same_sign': True}, '4': {'effect': 0.10507089558698779, 'n_state': 250, 'same_sign': True}}"
2262,55827,0.10721616832675451,0.9964633068081344,0.8892471384813799,5.0275868506022114e-59,bar_range_atr:Q4:H1,feature_quintile_x_server_4h_block,bar_range_atr,4,1.0,24,move_ge_1atr,1.0415897421427004e-58,2379,55632,0.10383205017588104,4.707858676907766e-59,9.886503221506309e-59,4,"{'1': {'effect': 0.10038488465987194, 'n_state': 574, 'same_sign': True}, '2': {'effect': 0.10066935413050482, 'n_state': 601, 'same_sign': True}, '3': {'effect': 0.10087654742310048, 'n_state': 622, 'same_sign': True}, '4': {'effect': 0.10047143824207494, 'n_state': 582, 'same_sign': True}}"
3090,54999,0.11222387626818275,0.9996763754045307,0.8874524991363479,3.798884116526807e-86,bar_range_atr:Q4:H2,feature_quintile_x_server_4h_block,bar_range_atr,4,2.0,24,move_ge_1atr,1.4268979364515323e-85,2956,55055,0.11023521932612845,3.927362828919097e-81,1.4515533015684981e-80,4,"{'1': {'effect': 0.10589959692194939, 'n_state': 702, 'same_sign': True}, '2': {'effect': 0.10594211500192019, 'n_state': 725, 'same_sign': True}, '3': {'effect': 0.10608470695170336, 'n_state': 802, 'same_sign': True}, '4': {'effect': 0.1059458138398156, 'n_state': 727, 'same_sign': True}}"
2069,56020,0.11051410210639057,1.0,0.8894858978936094,1.3233370911818538e-57,bar_range_atr:Q4:H3,feature_quintile_x_server_4h_block,bar_range_atr,4,3.0,24,move_ge_1atr,2.6466741823637076e-57,2014,55997,0.10838080611461332,5.88647743613024e-55,1.1426691493664584e-54,4,"{'1': {'effect': 0.10555700495695275, 'n_state': 516, 'same_sign': True}, '2': {'effect': 0.10546162267364068, 'n_state': 464, 'same_sign': True}, '3': {'effect': 0.10548911909893621, 'n_state': 479, 'same_sign': True}, '4': {'effect': 0.10562865497076024, 'n_state': 555, 'same_sign': True}}"
1304,56785,0.10118045625762018,0.9923312883435583,0.8911508320859381,1.1743871311347213e-31,bar_range_atr:Q4:H4,feature_quintile_x_server_4h_block,bar_range_atr,4,4.0,24,move_ge_1atr,1.5681122964862463e-31,1313,56698,0.09535203378561041,6.363608433930048e-29,7.967444705896159e-29,4,"{'1': {'effect': 0.10508363057104275, 'n_state': 257, 'same_sign': True}, '2': {'effect': 0.08483274750097647, 'n_state': 345, 'same_sign': True}, '3': {'effect': 0.0900260212611722, 'n_state': 331, 'same_sign': True}, '4': {'effect': 0.0973611150431648, 'n_state': 380, 'same_sign': True}}"
748,57341,0.09984209299707802,0.9919786096256684,0.8921365166285904,1.4690317239443206e-18,bar_range_atr:Q4:H5,feature_quintile_x_server_4h_block,bar_range_atr,4,5.0,24,move_ge_1atr,1.525152036993879e-18,788,57223,0.09190713133966666,5.659577666546699e-17,5.78478956182428e-17,4,"{'1': {'effect': 0.09428534842757486, 'n_state': 188, 'same_sign': True}, '2': {'effect': 0.09519840543179325, 'n_state': 205, 'same_sign': True}, '3': {'effect': 0.08868469340921181, 'n_state': 185, 'same_sign': True}, '4': {'effect': 0.08588136141984692, 'n_state': 210, 'same_sign': True}}"
16497,41592,-0.35640113673992946,0.6382372552585318,0.9946383919984613,0.0,bar_range_atr:Q5,feature_quintile,bar_range_atr,5,,24,move_ge_1atr,0.0,15744,42267,-0.3664759501805306,0.0,0.0,4,"{'1': {'effect': -0.28387718217343927, 'n_state': 4041, 'same_sign': True}, '2': {'effect': -0.31310805510769957, 'n_state': 3775, 'same_sign': True}, '3': {'effect': -0.2908547259208445, 'n_state': 4015, 'same_sign': True}, '4': {'effect': -0.25886942530596124, 'n_state': 3913, 'same_sign': True}}"
4723,53366,-0.6599767588361021,0.28710565318653397,0.9470824120226361,0.0,bar_range_atr:Q5:H0,feature_quintile_x_server_4h_block,bar_range_atr,5,0.0,24,move_ge_1atr,0.0,4604,53407,-0.6774249998661981,0.0,0.0,4,"{'1': {'effect': -0.5946818674535919, 'n_state': 1192, 'same_sign': True}, '2': {'effect': -0.6568362231653745, 'n_state': 1111, 'same_sign': True}, '3': {'effect': -0.6385279183256642, 'n_state': 1175, 'same_sign': True}, '4': {'effect': -0.6577039681973431, 'n_state': 1126, 'same_sign': True}}"
2496,55593,0.07075593790170043,0.9611378205128205,0.8903818826111201,3.7706528186083216e-29,bar_range_atr:Q5:H1,feature_quintile_x_server_4h_block,bar_range_atr,5,1.0,24,move_ge_1atr,4.6703528209036046e-29,2141,55870,0.09941273726532207,3.1000297873120695e-49,5.2849216300301706e-49,4,"{'1': {'effect': 0.10192283807415481, 'n_state': 547, 'same_sign': True}, '2': {'effect': 0.10357914512643696, 'n_state': 512, 'same_sign': True}, '3': {'effect': 0.1038094485462907, 'n_state': 555, 'same_sign': True}, '4': {'effect': 0.07685326381389257, 'n_state': 527, 'same_sign': True}}"
3360,54729,0.11280512355685024,0.999702380952381,0.8868972573955307,5.278096668243079e-94,bar_range_atr:Q5:H2,feature_quintile_x_server_4h_block,bar_range_atr,5,2.0,24,move_ge_1atr,2.0491434123767247e-93,3024,54987,0.11037154236455893,4.688386664866352e-83,1.7610037716815075e-82,4,"{'1': {'effect': 0.10609583413457335, 'n_state': 808, 'same_sign': True}, '2': {'effect': 0.10591623036649211, 'n_state': 711, 'same_sign': True}, '3': {'effect': 0.10618679357525285, 'n_state': 857, 'same_sign': True}, '4': {'effect': 0.10579990586266408, 'n_state': 648, 'same_sign': True}}"
3034,55055,-0.5639450200425811,0.35893210283454186,0.9228771228771229,0.0,bar_range_atr:Q5:H4,feature_quintile_x_server_4h_block,bar_range_atr,5,4.0,24,move_ge_1atr,0.0,3018,54993,-0.5572416427914068,0.0,0.0,4,"{'1': {'effect': -0.6311679867103257, 'n_state': 749, 'same_sign': True}, '2': {'effect': -0.5535894705179152, 'n_state': 748, 'same_sign': True}, '3': {'effect': -0.5507773566755588, 'n_state': 745, 'same_sign': True}, '4': {'effect': -0.40988547397733527, 'n_state': 776, 'same_sign': True}}"
760,57329,-0.4093035489524453,0.48947368421052634,0.8987772331629716,6.042940802458407e-289,bar_range_atr:Q5:H5,feature_quintile_x_server_4h_block,bar_range_atr,5,5.0,24,move_ge_1atr,3.4046812813851025e-288,877,57134,-0.37077050534623057,1.2480506319376958e-277,6.62757921787604e-277,4,"{'1': {'effect': -0.39918695588493286, 'n_state': 215, 'same_sign': True}, '2': {'effect': -0.4214610228544399, 'n_state': 225, 'same_sign': True}, '3': {'effect': -0.3800045659915743, 'n_state': 209, 'same_sign': True}, '4': {'effect': -0.2692471469936979, 'n_state': 228, 'same_sign': True}}"
10514,47575,0.12606679620726402,0.9966711051930759,0.8706043089858119,1.695041611e-314,body_atr:Q1,feature_quintile,body_atr,1,,24,move_ge_1atr,1.5059792774e-313,9876,48135,0.12168979483961995,1.0945515216643082e-283,6.242997568011239e-283,4,"{'1': {'effect': 0.1059466751628978, 'n_state': 2355, 'same_sign': True}, '2': {'effect': 0.10489319064364144, 'n_state': 2429, 'same_sign': True}, '3': {'effect': 0.10477984838133925, 'n_state': 2513, 'same_sign': True}, '4': {'effect': 0.10623919726203135, 'n_state': 2579, 'same_sign': True}}"
1167,56922,0.10701393662856562,0.998286203941731,0.8912722673131653,9.209179938234498e-32,body_atr:Q1:H0,feature_quintile_x_server_4h_block,body_atr,1,0.0,24,move_ge_1atr,1.2404201549458713e-31,1079,56932,0.10471215941597434,8.639173950221023e-29,1.070053180965714e-28,4,"{'1': {'effect': 0.10171887866710294, 'n_state': 293, 'same_sign': True}, '2': {'effect': 0.10506725758703672, 'n_state': 248, 'same_sign': True}, '3': {'effect': 0.1051018287614297, 'n_state': 267, 'same_sign': True}, '4': {'effect': 0.10140175388591444, 'n_state': 271, 'same_sign': True}}"
2368,55721,0.10626444061072615,0.9953547297297297,0.8890902891190036,1.5520117355295893e-60,body_atr:Q1:H1,feature_quintile_x_server_4h_block,body_atr,1,1.0,24,move_ge_1atr,3.3195806565493994e-60,2236,55775,0.10462578450184379,1.4038316377303553e-56,2.8076632754607106e-56,4,"{'1': {'effect': 0.10373183383310225, 'n_state': 540, 'same_sign': True}, '2': {'effect': 0.10196514414436908, 'n_state': 552, 'same_sign': True}, '3': {'effect': 0.10215235407576517, 'n_state': 575, 'same_sign': True}, '4': {'effect': 0.0985548867845546, 'n_state': 569, 'same_sign': True}}"
2837,55252,0.11130907470168849,0.9992950299612267,0.8879859552595382,2.421343183496071e-78,body_atr:Q1:H2,feature_quintile_x_server_4h_block,body_atr,1,2.0,24,move_ge_1atr,8.348213065486454e-78,2593,55418,0.10951315457071709,6.058619718801444e-71,1.817585915640433e-70,4,"{'1': {'effect': 0.10574276056730669, 'n_state': 617, 'same_sign': True}, '2': {'effect': 0.10580359477693901, 'n_state': 650, 'same_sign': True}, '3': {'effect': 0.10595506206463101, 'n_state': 732, 'same_sign': True}, '4': {'effect': 0.10570040231987043, 'n_state': 594, 'same_sign': True}}"
1905,56184,0.11019151359817747,1.0,0.8898084864018225,4.949783227002215e-53,body_atr:Q1:H3,feature_quintile_x_server_4h_block,body_atr,1,3.0,24,move_ge_1atr,9.689829876589083e-53,1819,56192,0.10800469817767655,1.2131340710643072e-49,2.114973361629094e-49,4,"{'1': {'effect': 0.10542498306321335, 'n_state': 444, 'same_sign': True}, '2': {'effect': 0.10539385940539037, 'n_state': 427, 'same_sign': True}, '3': {'effect': 0.10533349532256109, 'n_state': 394, 'same_sign': True}, '4': {'effect': 0.10562681657587414, 'n_state': 554, 'same_sign': True}}"
1381,56708,0.1010140901441724,0.9920347574221579,0.8910206672779855,2.8012025827166866e-33,body_atr:Q1:H4,feature_quintile_x_server_4h_block,body_atr,1,4.0,24,move_ge_1atr,4.006673663204673e-33,1335,56676,0.09711516120411623,2.1080045519662076e-30,2.8228930521982258e-30,4,"{'1': {'effect': 0.10137067862053728, 'n_state': 269, 'same_sign': True}, '2': {'effect': 0.09021367950455084, 'n_state': 335, 'same_sign': True}, '3': {'effect': 0.09083793222811454, 'n_state': 349, 'same_sign': True}, '4': {'effect': 0.10004125504365857, 'n_state': 382, 'same_sign': True}}"
856,57233,0.09750058826593577,0.9894859813084113,0.8919853930424755,4.469457214635799e-20,body_atr:Q1:H5,feature_quintile_x_server_4h_block,body_atr,1,5.0,24,move_ge_1atr,4.703620121097356e-20,814,57197,0.09115514769657473,3.240078621030842e-17,3.3191049288608624e-17,4,"{'1': {'effect': 0.08406298102699805, 'n_state': 192, 'same_sign': True}, '2': {'effect': 0.09113410749030915, 'n_state': 217, 'same_sign': True}, '3': {'effect': 0.08449540847213222, 'n_state': 196, 'same_sign': True}, '4': {'effect': 0.10019437747307292, 'n_state': 209, 'same_sign': True}}"
10365,47724,0.1237360359937465,0.9950795947901592,0.8713435587964127,1.0132355031864584e-299,body_atr:Q2,feature_quintile,body_atr,2,,24,move_ge_1atr,7.201766191879135e-299,10578,47433,0.12228360464117771,3.305621929775141e-302,2.27939900232256e-301,4,"{'1': {'effect': 0.10331215567716867, 'n_state': 2461, 'same_sign': True}, '2': {'effect': 0.10608665127495809, 'n_state': 2656, 'same_sign': True}, '3': {'effect': 0.10355146617595179, 'n_state': 2710, 'same_sign': True}, '4': {'effect': 0.10601027126252782, 'n_state': 2751, 'same_sign': True}}"
1135,56954,0.1060059134205068,0.9973568281938326,0.8913509147733258,2.0972182175260236e-30,body_atr:Q2:H0,feature_quintile_x_server_4h_block,body_atr,2,0.0,24,move_ge_1atr,2.6839745609335816e-30,1227,56784,0.1027156656270819,2.874236630417232e-31,3.975740488780722e-31,4,"{'1': {'effect': 0.09087545143983455, 'n_state': 282, 'same_sign': True}, '2': {'effect': 0.10518744475449326, 'n_state': 314, 'same_sign': True}, '3': {'effect': 0.10521297435986343, 'n_state': 328, 'same_sign': True}, '4': {'effect': 0.10184973581575252, 'n_state': 303, 'same_sign': True}}"
2530,55559,0.1068852774606236,0.9956521739130435,0.8887668964524199,4.211783411078836e-65,body_atr:Q2:H1,feature_quintile_x_server_4h_block,body_atr,2,1.0,24,move_ge_1atr,1.0633026972231814e-64,2572,55439,0.10621694891309652,2.403344106624461e-66,6.570088622843201e-66,4,"{'1': {'effect': 0.10086693889507592, 'n_state': 621, 'same_sign': True}, '2': {'effect': 0.10131056754732815, 'n_state': 670, 'same_sign': True}, '3': {'effect': 0.10423503391180622, 'n_state': 647, 'same_sign': True}, '4': {'effect': 0.10417937501089292, 'n_state': 634, 'same_sign': True}}"
2376,55713,0.11112307719921743,1.0,0.8888769228007826,3.110173216042964e-66,body_atr:Q2:H2,feature_quintile_x_server_4h_block,body_atr,2,2.0,24,move_ge_1atr,8.656024251878612e-66,2389,55622,0.10867493896303781,9.082053687281558e-65,2.3054443975407033e-64,4,"{'1': {'effect': 0.10566359663631453, 'n_state': 574, 'same_sign': True}, '2': {'effect': 0.1057169732441472, 'n_state': 603, 'same_sign': True}, '3': {'effect': 0.10566175702496605, 'n_state': 573, 'same_sign': True}, '4': {'effect': 0.10420093359899107, 'n_state': 639, 'same_sign': True}}"
1642,56447,0.1090513759935241,0.9993909866017052,0.8903396106081811,3.002246110863576e-45,body_atr:Q2:H3,feature_quintile_x_server_4h_block,body_atr,2,3.0,24,move_ge_1atr,4.989344256183354e-45,1811,56200,0.10798932384341642,2.0007189855866327e-49,3.4619182447229374e-49,4,"{'1': {'effect': 0.10547628564973321, 'n_state': 472, 'same_sign': True}, '2': {'effect': 0.10532983911556948, 'n_state': 392, 'same_sign': True}, '3': {'effect': 0.10543230894845645, 'n_state': 448, 'same_sign': True}, '4': {'effect': 0.10552580331061345, 'n_state': 499, 'same_sign': True}}"
1493,56596,0.10045235718958356,0.9912926992632284,0.8908403420736448,2.145750219236221e-35,body_atr:Q2:H4,feature_quintile_x_server_4h_block,body_atr,2,4.0,24,move_ge_1atr,3.229109450446691e-35,1443,56568,0.09307323461969197,3.847349288556932e-30,5.064032396903996e-30,4,"{'1': {'effect': 0.09455631595358838, 'n_state': 285, 'same_sign': True}, '2': {'effect': 0.10017821142310812, 'n_state': 391, 'same_sign': True}, '3': {'effect': 0.07360544663827484, 'n_state': 381, 'same_sign': True}, '4': {'effect': 0.09749479055443788, 'n_state': 386, 'same_sign': True}}"
1189,56900,0.08905671644438395,0.9806560134566863,0.8915992970123023,6.902907961077661e-23,body_atr:Q2:H5,feature_quintile_x_server_4h_block,body_atr,2,5.0,24,move_ge_1atr,7.778398726872877e-23,1136,56875,0.09323973069184344,2.7866228888460578e-24,3.124805278269123e-24,4,"{'1': {'effect': 0.08733870510319153, 'n_state': 227, 'same_sign': True}, '2': {'effect': 0.09108111464109736, 'n_state': 286, 'same_sign': True}, '3': {'effect': 0.09616107317137168, 'n_state': 333, 'same_sign': True}, '4': {'effect': 0.09128130621198638, 'n_state': 290, 'same_sign': True}}"
10318,47771,0.12217282832300314,0.9938941655359566,0.8717213372129534,3.215680481582526e-291,body_atr:Q3,feature_quintile,body_atr,3,,24,move_ge_1atr,1.9046722852450346e-290,11173,46838,0.12425339749520536,0.0,0.0,4,"{'1': {'effect': 0.10359711039496466, 'n_state': 2721, 'same_sign': True}, '2': {'effect': 0.10699408781269193, 'n_state': 2696, 'same_sign': True}, '3': {'effect': 0.10438943241274667, 'n_state': 2919, 'same_sign': True}, '4': {'effect': 0.10666197708817993, 'n_state': 2837, 'same_sign': True}}"
1267,56822,0.1033062246725307,0.994475138121547,0.8911689134490163,4.612352442141846e-32,body_atr:Q3:H0,feature_quintile_x_server_4h_block,body_atr,3,0.0,24,move_ge_1atr,6.323165662520869e-32,1313,56698,0.0976897895739044,2.823907498278221e-30,3.738238579382631e-30,4,"{'1': {'effect': 0.07673685274267272, 'n_state': 318, 'same_sign': True}, '2': {'effect': 0.0994122073288608, 'n_state': 345, 'same_sign': True}, '3': {'effect': 0.10229719941359239, 'n_state': 342, 'same_sign': True}, '4': {'effect': 0.10517650728731609, 'n_state': 308, 'same_sign': True}}"
2477,55612,0.11005980620500233,0.9987888574888979,0.8887290512838956,1.4242324598163792e-67,body_atr:Q3:H1,feature_quintile_x_server_4h_block,body_atr,3,1.0,24,move_ge_1atr,4.272697379449137e-67,2797,55214,0.10541012724708443,1.2042504887884753e-70,3.5664341398735614e-70,4,"{'1': {'effect': 0.10032657959263647, 'n_state': 722, 'same_sign': True}, '2': {'effect': 0.10428116028835865, 'n_state': 658, 'same_sign': True}, '3': {'effect': 0.10180432619284563, 'n_state': 732, 'same_sign': True}, '4': {'effect': 0.09995900001808078, 'n_state': 685, 'same_sign': True}}"
2102,55987,0.11057924160965937,1.0,0.8894207583903406,1.5792657999673298e-58,body_atr:Q3:H2,feature_quintile_x_server_4h_block,body_atr,3,2.0,24,move_ge_1atr,3.228410617632329e-58,2331,55680,0.10899784482758623,1.1380136507292674e-63,2.7383453470672993e-63,4,"{'1': {'effect': 0.10567463564973623, 'n_state': 580, 'same_sign': True}, '2': {'effect': 0.10566727605118831, 'n_state': 576, 'same_sign': True}, '3': {'effect': 0.10564704243985656, 'n_state': 565, 'same_sign': True}, '4': {'effect': 0.1057298653333566, 'n_state': 610, 'same_sign': True}}"
1683,56406,0.10975782718150551,1.0,0.8902421728184945,7.000748316704779e-47,body_atr:Q3:H3,feature_quintile_x_server_4h_block,body_atr,3,3.0,24,move_ge_1atr,1.1934855063902611e-46,1809,56202,0.10798548094373861,2.267234508138547e-49,3.8939120548699205e-49,4,"{'1': {'effect': 0.10543047738169686, 'n_state': 447, 'same_sign': True}, '2': {'effect': 0.10533166718733733, 'n_state': 393, 'same_sign': True}, '3': {'effect': 0.10545795756659537, 'n_state': 462, 'same_sign': True}, '4': {'effect': 0.10554048414023376, 'n_state': 507, 'same_sign': True}}"
1533,56556,0.09539677972226823,0.9863013698630136,0.8909045901407454,7.011831386988968e-33,body_atr:Q3:H4,feature_quintile_x_server_4h_block,body_atr,3,4.0,24,move_ge_1atr,9.816563941784554e-33,1592,56419,0.10046562729099517,3.6411690562019867e-38,5.551881531238673e-38,4,"{'1': {'effect': 0.10523304203079487, 'n_state': 339, 'same_sign': True}, '2': {'effect': 0.10039461031322972, 'n_state': 406, 'same_sign': True}, '3': {'effect': 0.08938697829241682, 'n_state': 440, 'same_sign': True}, '4': {'effect': 0.1004085421313391, 'n_state': 407, 'same_sign': True}}"
1256,56833,0.08289243006188318,0.9745222929936306,0.8916298629317474,4.6524915433191915e-21,body_atr:Q3:H5,feature_quintile_x_server_4h_block,body_atr,3,5.0,24,move_ge_1atr,5.045659842754616e-21,1331,56680,0.09707835571813128,2.6893120388713584e-30,3.5805825993042295e-30,4,"{'1': {'effect': 0.09561346169083274, 'n_state': 315, 'same_sign': True}, '2': {'effect': 0.09887076323637578, 'n_state': 318, 'same_sign': True}, '3': {'effect': 0.09198998369265399, 'n_state': 378, 'same_sign': True}, '4': {'effect': 0.09577138331802182, 'n_state': 320, 'same_sign': True}}"
10429,47660,0.12370526003883664,0.9949180170677917,0.8712127570289551,5.2321277899798864e-301,body_atr:Q4,feature_quintile,body_atr,4,,24,move_ge_1atr,3.962693506509357e-300,10517,47494,0.12104847470181235,7.397928972900818e-295,4.618707007405646e-294,4,"{'1': {'effect': 0.10416478047740263, 'n_state': 2462, 'same_sign': True}, '2': {'effect': 0.10414938355732983, 'n_state': 2665, 'same_sign': True}, '3': {'effect': 0.10125733901804057, 'n_state': 2637, 'same_sign': True}, '4': {'effect': 0.10563554350607118, 'n_state': 2753, 'same_sign': True}}"
1168,56921,0.10701731407119652,0.9982876712328768,0.8912703571616802,8.651164521832506e-32,body_atr:Q4:H0,feature_quintile_x_server_4h_block,body_atr,4,0.0,24,move_ge_1atr,1.168666084528251e-31,1189,56822,0.10251401400190918,2.9401007691030292e-30,3.880933015215999e-30,4,"{'1': {'effect': 0.09439919418719989, 'n_state': 281, 'same_sign': True}, '2': {'effect': 0.10206760918411817, 'n_state': 321, 'same_sign': True}, '3': {'effect': 0.10167810794971532, 'n_state': 290, 'same_sign': True}, '4': {'effect': 0.10515646117059985, 'n_state': 297, 'same_sign': True}}"
2449,55640,0.10913735825506032,0.9979583503470805,0.8888209920920201,8.893978126148155e-66,body_atr:Q4:H1,feature_quintile_x_server_4h_block,body_atr,4,1.0,24,move_ge_1atr,2.37515485218523e-65,2477,55534,0.10338030614901594,8.644170226127051e-61,1.8749326969346e-60,4,"{'1': {'effect': 0.09858318617096529, 'n_state': 571, 'same_sign': True}, '2': {'effect': 0.09965848563985302, 'n_state': 657, 'same_sign': True}, '3': {'effect': 0.10413566929524376, 'n_state': 624, 'same_sign': True}, '4': {'effect': 0.09767037256473698, 'n_state': 625, 'same_sign': True}}"
2289,55800,0.11049502764507202,0.999563128003495,0.889068100358423,2.844990465789521e-63,body_atr:Q4:H2,feature_quintile_x_server_4h_block,body_atr,4,2.0,24,move_ge_1atr,6.638311086842216e-63,2389,55622,0.1091115026428392,2.8287580192493154e-65,7.342057330860582e-65,4,"{'1': {'effect': 0.1056948798328109, 'n_state': 591, 'same_sign': True}, '2': {'effect': 0.10573170731707315, 'n_state': 611, 'same_sign': True}, '3': {'effect': 0.10565072070190096, 'n_state': 567, 'same_sign': True}, '4': {'effect': 0.1057482880591033, 'n_state': 620, 'same_sign': True}}"
1744,56345,0.10987665276422043,1.0,0.8901233472357796,1.4441154547866138e-48,body_atr:Q4:H3,feature_quintile_x_server_4h_block,body_atr,4,3.0,24,move_ge_1atr,2.556250345254466e-48,1742,56269,0.10726507708104371,4.719281302836635e-47,7.623454412274565e-47,4,"{'1': {'effect': 0.10324323711899452, 'n_state': 457, 'same_sign': True}, '2': {'effect': 0.1052951178042264, 'n_state': 373, 'same_sign': True}, '3': {'effect': 0.1053097345132743, 'n_state': 381, 'same_sign': True}, '4': {'effect': 0.10558455114822551, 'n_state': 531, 'same_sign': True}}"
1580,56509,0.09849743885313667,0.989240506329114,0.8907430674759773,6.242380135278754e-36,body_atr:Q4:H4,feature_quintile_x_server_4h_block,body_atr,4,4.0,24,move_ge_1atr,9.51808456270226e-36,1499,56512,0.0889033374080267,1.2531788277838326e-28,1.5316630117357953e-28,4,"{'1': {'effect': 0.10170536897348914, 'n_state': 292, 'same_sign': True}, '2': {'effect': 0.09248796014353255, 'n_state': 392, 'same_sign': True}, '3': {'effect': 0.06494103665300877, 'n_state': 448, 'same_sign': True}, '4': {'effect': 0.09705772743610741, 'n_state': 367, 'same_sign': True}}"
1199,56890,0.0849790745231972,0.9766472060050042,0.891668131481807,3.83856586005827e-21,body_atr:Q4:H5,feature_quintile_x_server_4h_block,body_atr,4,5.0,24,move_ge_1atr,4.172746887875107e-21,1221,56790,0.09766470115123049,2.667530940105076e-28,3.2177527267063843e-28,4,"{'1': {'effect': 0.0939442221875848, 'n_state': 270, 'same_sign': True}, '2': {'effect': 0.09225091531204199, 'n_state': 311, 'same_sign': True}, '3': {'effect': 0.10213571060043047, 'n_state': 327, 'same_sign': True}, '4': {'effect': 0.09554896227874632, 'n_state': 313, 'same_sign': True}}"
16463,41626,-0.3589327220298312,0.6362145416995687,0.9951472637293999,0.0,body_atr:Q5,feature_quintile,body_atr,5,,24,move_ge_1atr,0.0,15867,42144,-0.36592232173248795,0.0,0.0,4,"{'1': {'effect': -0.2989280471791669, 'n_state': 3896, 'same_sign': True}, '2': {'effect': -0.3036620884109581, 'n_state': 3890, 'same_sign': True}, '3': {'effect': -0.2872818181043836, 'n_state': 4070, 'same_sign': True}, '4': {'effect': -0.2523995263026677, 'n_state': 4011, 'same_sign': True}}"
4538,53551,-0.6892220329723784,0.25804319083296606,0.9472652238053444,0.0,body_atr:Q5:H0,feature_quintile_x_server_4h_block,body_atr,5,0.0,24,move_ge_1atr,0.0,4450,53561,-0.702774608138699,0.0,0.0,4,"{'1': {'effect': -0.6563893078985182, 'n_state': 1094, 'same_sign': True}, '2': {'effect': -0.6834188473412506, 'n_state': 1073, 'same_sign': True}, '3': {'effect': -0.6550933674519401, 'n_state': 1149, 'same_sign': True}, '4': {'effect': -0.6524031761473961, 'n_state': 1134, 'same_sign': True}}"
2468,55621,0.06983669023951378,0.960291734197731,0.8904550439582172,3.742515661975652e-28,body_atr:Q5:H1,feature_quintile_x_server_4h_block,body_atr,5,1.0,24,move_ge_1atr,4.502714155814456e-28,2300,55711,0.09942981364229841,1.2453374400788557e-52,2.3199431343404487e-52,4,"{'1': {'effect': 0.10211264831007372, 'n_state': 570, 'same_sign': True}, '2': {'effect': 0.10181878433777802, 'n_state': 535, 'same_sign': True}, '3': {'effect': 0.10398070864642628, 'n_state': 590, 'same_sign': True}, '4': {'effect': 0.07899565887517734, 'n_state': 605, 'same_sign': True}}"
2828,55261,0.11166029089627838,0.9996463932107497,0.8879861023144713,1.3563857513579957e-78,body_atr:Q5:H2,feature_quintile_x_server_4h_block,body_atr,5,2.0,24,move_ge_1atr,4.820386285595338e-78,2682,55329,0.10968931301848939,1.978834383400648e-73,6.577132986554672e-73,4,"{'1': {'effect': 0.10582573366580061, 'n_state': 662, 'same_sign': True}, '2': {'effect': 0.10577040380627056, 'n_state': 632, 'same_sign': True}, '3': {'effect': 0.10595321229050281, 'n_state': 731, 'same_sign': True}, '4': {'effect': 0.10581650800292919, 'n_state': 657, 'same_sign': True}}"
3312,54777,-0.5123056745492197,0.41032608695652173,0.9226317615057414,0.0,body_atr:Q5:H4,feature_quintile_x_server_4h_block,body_atr,5,4.0,24,move_ge_1atr,0.0,3212,54799,-0.5233636695654675,0.0,0.0,4,"{'1': {'effect': -0.587640711302796, 'n_state': 801, 'same_sign': True}, '2': {'effect': -0.5039550593864885, 'n_state': 818, 'same_sign': True}, '3': {'effect': -0.4880973923789553, 'n_state': 828, 'same_sign': True}, '4': {'effect': -0.42252240588091433, 'n_state': 765, 'same_sign': True}}"
1239,56850,-0.2201517523068438,0.6779661016949152,0.898117854001759,3.033455126099823e-136,body_atr:Q5:H5,feature_quintile_x_server_4h_block,body_atr,5,5.0,24,move_ge_1atr,1.3347202554839222e-135,1205,56806,-0.2507989556944411,2.5073258884575683e-174,1.1138313081417274e-173,4,"{'1': {'effect': -0.3112416317283616, 'n_state': 263, 'same_sign': True}, '2': {'effect': -0.2496275554187628, 'n_state': 343, 'same_sign': True}, '3': {'effect': -0.24100743407865377, 'n_state': 302, 'same_sign': True}, '4': {'effect': -0.19266459514926093, 'n_state': 297, 'same_sign': True}}"
10345,47744,0.12284935841160916,0.9943934267762204,0.8715440683646113,4.989458576046662e-295,upper_wick_atr:Q1,feature_quintile,upper_wick_atr,1,,24,move_ge_1atr,3.033065608070471e-294,9392,48619,0.11771340786877693,3.3812270004092816e-255,1.6428591124102067e-254,4,"{'1': {'effect': 0.10270666441012932, 'n_state': 2119, 'same_sign': True}, '2': {'effect': 0.1047310123970353, 'n_state': 2385, 'same_sign': True}, '3': {'effect': 0.10150070958112911, 'n_state': 2438, 'same_sign': True}, '4': {'effect': 0.10241271130939378, 'n_state': 2450, 'same_sign': True}}"
1227,56862,0.1047147217571921,0.9959250203748982,0.8912102986177061,6.223317718253016e-32,upper_wick_atr:Q1:H0,feature_quintile_x_server_4h_block,upper_wick_atr,1,0.0,24,move_ge_1atr,8.431591747310538e-32,1166,56845,0.10151265960957001,3.5920613656918353e-29,4.54666397520446e-29,4,"{'1': {'effect': 0.08926088517204656, 'n_state': 254, 'same_sign': True}, '2': {'effect': 0.10194921063043683, 'n_state': 311, 'same_sign': True}, '3': {'effect': 0.1051692169060946, 'n_state': 304, 'same_sign': True}, '4': {'effect': 0.10177213098514692, 'n_state': 297, 'same_sign': True}}"
2389,55700,0.10678362753283488,0.9958141481791545,0.8890305206463196,1.2960694194608592e-61,upper_wick_atr:Q1:H1,feature_quintile_x_server_4h_block,upper_wick_atr,1,1.0,24,move_ge_1atr,2.8787695759178698e-61,2312,55699,0.10355490842368187,3.2711583794731934e-57,6.599454896579106e-57,4,"{'1': {'effect': 0.10209661604534859, 'n_state': 568, 'same_sign': True}, '2': {'effect': 0.10010093627092687, 'n_state': 549, 'same_sign': True}, '3': {'effect': 0.1040134661533535, 'n_state': 597, 'same_sign': True}, '4': {'effect': 0.09556981576952817, 'n_state': 598, 'same_sign': True}}"
2369,55720,0.11066905109882763,0.9995778809624314,0.8889088298636038,1.5776987885919168e-65,upper_wick_atr:Q1:H2,feature_quintile_x_server_4h_block,upper_wick_atr,1,2.0,24,move_ge_1atr,4.07204938731545e-65,2162,55849,0.10818757542825319,1.6517037474654143e-58,3.437329420400997e-58,4,"{'1': {'effect': 0.10552029905242111, 'n_state': 496, 'same_sign': True}, '2': {'effect': 0.10558455114822551, 'n_state': 531, 'same_sign': True}, '3': {'effect': 0.10569856142673029, 'n_state': 593, 'same_sign': True}, '4': {'effect': 0.10374234169180507, 'n_state': 542, 'same_sign': True}}"
1717,56372,0.10922387562675939,0.9994175888177053,0.8901937131909459,2.558429407381564e-47,upper_wick_atr:Q1:H3,feature_quintile_x_server_4h_block,upper_wick_atr,1,3.0,24,move_ge_1atr,4.410426814217473e-47,1539,56472,0.10680170780005993,1.426521785292403e-41,2.2115874657888932e-41,4,"{'1': {'effect': 0.10237863175654749, 'n_state': 350, 'same_sign': True}, '2': {'effect': 0.1053225274629922, 'n_state': 388, 'same_sign': True}, '3': {'effect': 0.10525494276795, 'n_state': 351, 'same_sign': True}, '4': {'effect': 0.10543597227289314, 'n_state': 450, 'same_sign': True}}"
1446,56643,0.09582345948780324,0.9868603042876902,0.891036844799887,2.0264437600811366e-31,upper_wick_atr:Q1:H4,feature_quintile_x_server_4h_block,upper_wick_atr,1,4.0,24,move_ge_1atr,2.6672849491666244e-31,1246,56765,0.08887040838443083,3.709946555724874e-24,4.150109706404096e-24,4,"{'1': {'effect': 0.1006900334003138, 'n_state': 231, 'same_sign': True}, '2': {'effect': 0.0963870174473328, 'n_state': 341, 'same_sign': True}, '3': {'effect': 0.06744812197619399, 'n_state': 346, 'same_sign': True}, '4': {'effect': 0.08988239126969388, 'n_state': 328, 'same_sign': True}}"
1197,56892,0.09005424162952558,0.9816207184628237,0.8915664768332981,1.6461453449586034e-23,upper_wick_atr:Q1:H5,feature_quintile_x_server_4h_block,upper_wick_atr,1,5.0,24,move_ge_1atr,1.882473142007116e-23,967,57044,0.09166836652227384,2.5633916203162306e-20,2.6976923202416823e-20,4,"{'1': {'effect': 0.08676531891565376, 'n_state': 220, 'same_sign': True}, '2': {'effect': 0.09372548225181321, 'n_state': 265, 'same_sign': True}, '3': {'effect': 0.08880185941568186, 'n_state': 247, 'same_sign': True}, '4': {'effect': 0.09222573460525463, 'n_state': 235, 'same_sign': True}}"
10406,47683,0.12398311742709134,0.995195079761676,0.8712119623345846,7.802100028243215e-302,upper_wick_atr:Q2,feature_quintile,upper_wick_atr,2,,24,move_ge_1atr,6.109441039065026e-301,10754,47257,0.12226134321001925,5.88447275244776e-306,4.942957112056119e-305,4,"{'1': {'effect': 0.10297753565424927, 'n_state': 2384, 'same_sign': True}, '2': {'effect': 0.10436830718973411, 'n_state': 2721, 'same_sign': True}, '3': {'effect': 0.10278066636268268, 'n_state': 2797, 'same_sign': True}, '4': {'effect': 0.10744605159934562, 'n_state': 2852, 'same_sign': True}}"
1186,56903,0.105356208232115,0.9966273187183811,0.8912711104862661,2.655559784639464e-31,upper_wick_atr:Q2:H0,feature_quintile_x_server_4h_block,upper_wick_atr,2,0.0,24,move_ge_1atr,3.4755485000097234e-31,1268,56743,0.10131205611264826,2.095426954846054e-31,2.9335977367844757e-31,4,"{'1': {'effect': 0.08731202983271436, 'n_state': 282, 'same_sign': True}, '2': {'effect': 0.10526954832442936, 'n_state': 359, 'same_sign': True}, '3': {'effect': 0.10205605077048407, 'n_state': 320, 'same_sign': True}, '4': {'effect': 0.10190002578587065, 'n_state': 307, 'same_sign': True}}"
2476,55613,0.10794802310114082,0.9967689822294022,0.8888209591282614,4.743109627821089e-65,upper_wick_atr:Q2:H1,feature_quintile_x_server_4h_block,upper_wick_atr,2,1.0,24,move_ge_1atr,1.190932960898556e-64,2553,55458,0.10615634473642177,8.098788062702148e-66,2.175372142423484e-65,4,"{'1': {'effect': 0.10215235407576517, 'n_state': 575, 'same_sign': True}, '2': {'effect': 0.10098994370566605, 'n_state': 634, 'same_sign': True}, '3': {'effect': 0.1027310120324636, 'n_state': 656, 'same_sign': True}, '4': {'effect': 0.10440279967982335, 'n_state': 688, 'same_sign': True}}"
2202,55887,0.11077710379873673,1.0,0.8892228962012633,2.480365859271353e-61,upper_wick_atr:Q2:H2,feature_quintile_x_server_4h_block,upper_wick_atr,2,2.0,24,move_ge_1atr,5.4053255989781365e-61,2310,55701,0.10895675122529214,4.328296362945994e-63,9.948621490950494e-63,4,"{'1': {'effect': 0.1056010857649945, 'n_state': 540, 'same_sign': True}, '2': {'effect': 0.10566175702496605, 'n_state': 573, 'same_sign': True}, '3': {'effect': 0.10572249804024036, 'n_state': 606, 'same_sign': True}, '4': {'effect': 0.1056948798328109, 'n_state': 591, 'same_sign': True}}"
1729,56360,0.10984740951029104,1.0,0.890152590489709,3.753111195766837e-48,upper_wick_atr:Q2:H3,feature_quintile_x_server_4h_block,upper_wick_atr,2,3.0,24,move_ge_1atr,6.567944592591965e-48,1697,56314,0.10777071420961037,2.4613871929660136e-46,3.948475288716314e-46,4,"{'1': {'effect': 0.1053627541188521, 'n_state': 410, 'same_sign': True}, '2': {'effect': 0.10531521682544642, 'n_state': 384, 'same_sign': True}, '3': {'effect': 0.10531521682544642, 'n_state': 384, 'same_sign': True}, '4': {'effect': 0.1055625130452933, 'n_state': 519, 'same_sign': True}}"
1597,56492,0.09928872734585936,0.9899812147777082,0.8906924874318488,7.582569206295018e-37,upper_wick_atr:Q2:H4,feature_quintile_x_server_4h_block,upper_wick_atr,2,4.0,24,move_ge_1atr,1.1834955990906413e-36,1630,56381,0.09312427727959083,9.297956468838599e-34,1.3466005920386935e-33,4,"{'1': {'effect': 0.09521441850984846, 'n_state': 303, 'same_sign': True}, '2': {'effect': 0.093827408929966, 'n_state': 435, 'same_sign': True}, '3': {'effect': 0.08402223465451275, 'n_state': 470, 'same_sign': True}, '4': {'effect': 0.09344954551697815, 'n_state': 422, 'same_sign': True}}"
1216,56873,0.09037764312359864,0.9819078947368421,0.8915302516132435,5.2051467028632324e-24,upper_wick_atr:Q2:H5,feature_quintile_x_server_4h_block,upper_wick_atr,2,5.0,24,move_ge_1atr,6.0270119717363744e-24,1296,56715,0.09438093652146362,4.944950375051631e-28,5.91856754734159e-28,4,"{'1': {'effect': 0.09044675143480341, 'n_state': 274, 'same_sign': True}, '2': {'effect': 0.08726639420397542, 'n_state': 336, 'same_sign': True}, '3': {'effect': 0.08854862540932606, 'n_state': 361, 'same_sign': True}, '4': {'effect': 0.10520750268696044, 'n_state': 325, 'same_sign': True}}"
10420,47669,0.12250708248889519,0.9939539347408829,0.8714468522519877,4.754439948695645e-295,upper_wick_atr:Q3,feature_quintile,upper_wick_atr,3,,24,move_ge_1atr,2.928735008396518e-294,10925,47086,0.12246387276565174,1.0876601851108e-310,9.66344241386894e-310,4,"{'1': {'effect': 0.1048795092903052, 'n_state': 2540, 'same_sign': True}, '2': {'effect': 0.10361779695436657, 'n_state': 2726, 'same_sign': True}, '3': {'effect': 0.10307027257417345, 'n_state': 2777, 'same_sign': True}, '4': {'effect': 0.10570580346853875, 'n_state': 2882, 'same_sign': True}}"
1127,56962,0.10506702471084961,0.9964507542147294,0.8913837295038798,1.0553904689005508e-29,upper_wick_atr:Q3:H0,feature_quintile_x_server_4h_block,upper_wick_atr,3,0.0,24,move_ge_1atr,1.3249739038914523e-29,1226,56785,0.10104391927365186,2.73385449329297e-30,3.6294275169579085e-30,4,"{'1': {'effect': 0.08775422682805267, 'n_state': 289, 'same_sign': True}, '2': {'effect': 0.10202100738378339, 'n_state': 317, 'same_sign': True}, '3': {'effect': 0.1017982963264481, 'n_state': 299, 'same_sign': True}, '4': {'effect': 0.1052002080083203, 'n_state': 321, 'same_sign': True}}"
2518,55571,0.1080859441647104,0.9968228752978554,0.888736931133145,3.0775581675833565e-66,upper_wick_atr:Q3:H1,feature_quintile_x_server_4h_block,upper_wick_atr,3,1.0,24,move_ge_1atr,8.617162869233399e-66,2599,55412,0.1038856725902857,3.6630735074935937e-64,9.04994631263123e-64,4,"{'1': {'effect': 0.10248763293783847, 'n_state': 620, 'same_sign': True}, '2': {'effect': 0.09955733499655539, 'n_state': 648, 'same_sign': True}, '3': {'effect': 0.09959131108240293, 'n_state': 651, 'same_sign': True}, '4': {'effect': 0.09990683615372853, 'n_state': 680, 'same_sign': True}}"
2291,55798,0.1100449728176287,0.9991270187690965,0.8890820459514678,7.98884691141865e-63,upper_wick_atr:Q3:H2,feature_quintile_x_server_4h_block,upper_wick_atr,3,2.0,24,move_ge_1atr,1.8358725455982432e-62,2393,55618,0.10911934985076777,2.191890450149463e-65,5.75371243164234e-65,4,"{'1': {'effect': 0.10565072070190096, 'n_state': 567, 'same_sign': True}, '2': {'effect': 0.10575750182971455, 'n_state': 625, 'same_sign': True}, '3': {'effect': 0.10567831583346388, 'n_state': 582, 'same_sign': True}, '4': {'effect': 0.10574644549763035, 'n_state': 619, 'same_sign': True}}"
1717,56372,0.10982402611225428,1.0,0.8901759738877457,8.055200727453292e-48,upper_wick_atr:Q3:H3,feature_quintile_x_server_4h_block,upper_wick_atr,3,3.0,24,move_ge_1atr,1.4043406551258192e-47,1869,56142,0.10754802958080434,1.6855137610598276e-50,3.006592114322936e-50,4,"{'1': {'effect': 0.10551112656467321, 'n_state': 491, 'same_sign': True}, '2': {'effect': 0.10534812268916316, 'n_state': 402, 'same_sign': True}, '3': {'effect': 0.10309228462050757, 'n_state': 435, 'same_sign': True}, '4': {'effect': 0.10560292326431187, 'n_state': 541, 'same_sign': True}}"
1619,56470,0.09819670630319333,0.9888820259419395,0.8906853196387462,1.5436211140937752e-36,upper_wick_atr:Q3:H4,feature_quintile_x_server_4h_block,upper_wick_atr,3,4.0,24,move_ge_1atr,2.38512693883386e-36,1627,56384,0.09751909943023074,8.600590798076584e-37,1.3027780159709448e-36,4,"{'1': {'effect': 0.10221256950357138, 'n_state': 334, 'same_sign': True}, '2': {'effect': 0.09329833768155804, 'n_state': 417, 'same_sign': True}, '3': {'effect': 0.08831231162830422, 'n_state': 470, 'same_sign': True}, '4': {'effect': 0.10039461031322972, 'n_state': 406, 'same_sign': True}}"
1148,56941,0.08117866913652971,0.9729965156794426,0.8918178465429129,1.0942127368432354e-18,upper_wick_atr:Q3:H5,feature_quintile_x_server_4h_block,upper_wick_atr,3,5.0,24,move_ge_1atr,1.1411428542247738e-18,1211,56800,0.09082457170770286,1.63867770909844e-24,1.8510246982970153e-24,4,"{'1': {'effect': 0.09244666017937486, 'n_state': 239, 'same_sign': True}, '2': {'effect': 0.08616147259680385, 'n_state': 317, 'same_sign': True}, '3': {'effect': 0.09340080191185907, 'n_state': 340, 'same_sign': True}, '4': {'effect': 0.08603765549481024, 'n_state': 315, 'same_sign': True}}"
10513,47576,0.12594762046512797,0.9965756682202986,0.8706280477551707,6.957870203e-314,upper_wick_atr:Q4,feature_quintile,upper_wick_atr,4,,24,move_ge_1atr,5.952844507e-313,10983,47028,0.12500748390359584,0.0,0.0,4,"{'1': {'effect': 0.10640773040786355, 'n_state': 2756, 'same_sign': True}, '2': {'effect': 0.10715102708792723, 'n_state': 2614, 'same_sign': True}, '3': {'effect': 0.10528270791781458, 'n_state': 2761, 'same_sign': True}, '4': {'effect': 0.10670853051183127, 'n_state': 2852, 'same_sign': True}}"
1093,56996,0.10768919948604605,0.9990850869167429,0.8913958874306969,3.0068220807297842e-30,upper_wick_atr:Q4:H0,feature_quintile_x_server_4h_block,upper_wick_atr,4,0.0,24,move_ge_1atr,3.8058953460196176e-30,1136,56875,0.1031162358767993,2.483734290913692e-29,3.1698487359174746e-29,4,"{'1': {'effect': 0.09783719467883623, 'n_state': 276, 'same_sign': True}, '2': {'effect': 0.10119216599641057, 'n_state': 258, 'same_sign': True}, '3': {'effect': 0.10516010535070697, 'n_state': 299, 'same_sign': True}, '4': {'effect': 0.10184973581575252, 'n_state': 303, 'same_sign': True}}"
2472,55617,0.10877982058639257,0.9975728155339806,0.888792994947588,6.270469941785564e-66,upper_wick_atr:Q4:H1,feature_quintile_x_server_4h_block,upper_wick_atr,4,1.0,24,move_ge_1atr,1.7040924194734888e-65,2556,55455,0.1065752039360256,2.1395111886525012e-66,5.918887240463806e-66,4,"{'1': {'effect': 0.10426866566333537, 'n_state': 655, 'same_sign': True}, '2': {'effect': 0.1042728375479205, 'n_state': 656, 'same_sign': True}, '3': {'effect': 0.10424348509444703, 'n_state': 649, 'same_sign': True}, '4': {'effect': 0.0989230066973823, 'n_state': 596, 'same_sign': True}}"
2570,55519,0.11151137448441073,1.0,0.8884886255155893,9.83751305992519e-72,upper_wick_atr:Q4:H2,feature_quintile_x_server_4h_block,upper_wick_atr,4,2.0,24,move_ge_1atr,3.1562021067259985e-71,2668,55343,0.1096615651482572,4.874973960360544e-73,1.5973318933947314e-72,4,"{'1': {'effect': 0.10586634570097864, 'n_state': 684, 'same_sign': True}, '2': {'effect': 0.10577040380627056, 'n_state': 632, 'same_sign': True}, '3': {'effect': 0.10582942438139742, 'n_state': 664, 'same_sign': True}, '4': {'effect': 0.10587373305653924, 'n_state': 688, 'same_sign': True}}"
1783,56306,0.10937414555059577,0.9994391475042064,0.8900650019536106,3.8250697031443276e-49,upper_wick_atr:Q4:H3,feature_quintile_x_server_4h_block,upper_wick_atr,4,3.0,24,move_ge_1atr,6.984909892698337e-49,1990,56021,0.10833437460952144,2.6654124029187145e-54,5.0675741981417535e-54,4,"{'1': {'effect': 0.10561211172017748, 'n_state': 546, 'same_sign': True}, '2': {'effect': 0.10538470888537743, 'n_state': 422, 'same_sign': True}, '3': {'effect': 0.10543597227289314, 'n_state': 450, 'same_sign': True}, '4': {'effect': 0.105659917477672, 'n_state': 572, 'same_sign': True}}"
1488,56601,0.1017928769638744,0.9926075268817204,0.890814649917846,3.4619482646004627e-36,upper_wick_atr:Q4:H4,feature_quintile_x_server_4h_block,upper_wick_atr,4,4.0,24,move_ge_1atr,5.31368803403792e-36,1523,56488,0.0966499209635795,5.018342660550014e-34,7.407266163495547e-34,4,"{'1': {'effect': 0.09621850522683073, 'n_state': 335, 'same_sign': True}, '2': {'effect': 0.09993073773336114, 'n_state': 375, 'same_sign': True}, '3': {'effect': 0.08036246861219642, 'n_state': 403, 'same_sign': True}, '4': {'effect': 0.10290636891890004, 'n_state': 410, 'same_sign': True}}"
1107,56982,0.09299318502995135,0.9846431797651309,0.8916499947351796,3.0573758368857286e-23,upper_wick_atr:Q4:H5,feature_quintile_x_server_4h_block,upper_wick_atr,4,5.0,24,move_ge_1atr,3.462028521179428e-23,1110,56901,0.09839265637757755,2.7440895566822256e-26,3.193373741025663e-26,4,"{'1': {'effect': 0.09349868067552614, 'n_state': 260, 'same_sign': True}, '2': {'effect': 0.09769439796926549, 'n_state': 271, 'same_sign': True}, '3': {'effect': 0.10175893427864313, 'n_state': 296, 'same_sign': True}, '4': {'effect': 0.09447828441703954, 'n_state': 283, 'same_sign': True}}"
16405,41684,-0.3598009052068537,0.6352331606217616,0.9950340658286153,0.0,upper_wick_atr:Q5,feature_quintile,upper_wick_atr,5,,24,move_ge_1atr,0.0,15957,42054,-0.3627858328023863,0.0,0.0,4,"{'1': {'effect': -0.2806783672432881, 'n_state': 4096, 'same_sign': True}, '2': {'effect': -0.3020088092619655, 'n_state': 3890, 'same_sign': True}, '3': {'effect': -0.2859335643083627, 'n_state': 4076, 'same_sign': True}, '4': {'effect': -0.26104794521652763, 'n_state': 3895, 'same_sign': True}}"
4642,53447,-0.672496517486465,0.27466609220163724,0.9471626096881023,0.0,upper_wick_atr:Q5:H0,feature_quintile_x_server_4h_block,upper_wick_atr,5,0.0,24,move_ge_1atr,0.0,4462,53549,-0.7007368444551583,0.0,0.0,4,"{'1': {'effect': -0.610315943386482, 'n_state': 1167, 'same_sign': True}, '2': {'effect': -0.6959290029608702, 'n_state': 1056, 'same_sign': True}, '3': {'effect': -0.651849882503428, 'n_state': 1154, 'same_sign': True}, '4': {'effect': -0.6851551314658484, 'n_state': 1085, 'same_sign': True}}"
2437,55652,0.0701271775619764,0.9606073040623717,0.8904801265003953,4.711641559830659e-28,upper_wick_atr:Q5:H1,feature_quintile_x_server_4h_block,upper_wick_atr,5,1.0,24,move_ge_1atr,5.6393222814553475e-28,2362,55649,0.09890774809065817,2.1341496526825214e-53,4.040889916144774e-53,4,"{'1': {'effect': 0.09404940232721992, 'n_state': 606, 'same_sign': True}, '2': {'effect': 0.1039570211652544, 'n_state': 585, 'same_sign': True}, '3': {'effect': 0.1057390758937905, 'n_state': 615, 'same_sign': True}, '4': {'effect': 0.07839100227954432, 'n_state': 556, 'same_sign': True}}"
3000,55089,0.11203029642941431,0.9996666666666667,0.8876363702372524,1.5205275993609442e-83,upper_wick_atr:Q5:H2,feature_quintile_x_server_4h_block,upper_wick_atr,5,2.0,24,move_ge_1atr,5.575267864323462e-83,2851,55160,0.11002538071065993,3.585051749494702e-78,1.2360402300496658e-77,4,"{'1': {'effect': 0.10596431190417988, 'n_state': 737, 'same_sign': True}, '2': {'effect': 0.10591623036649211, 'n_state': 711, 'same_sign': True}, '3': {'effect': 0.10593841642228741, 'n_state': 723, 'same_sign': True}, '4': {'effect': 0.10585895937625367, 'n_state': 680, 'same_sign': True}}"
3149,54940,-0.5423866655306757,0.3804382343601143,0.92282489989079,0.0,upper_wick_atr:Q5:H4,feature_quintile_x_server_4h_block,upper_wick_atr,5,4.0,24,move_ge_1atr,0.0,3055,54956,-0.5522900867934342,0.0,0.0,4,"{'1': {'effect': -0.5995146924568981, 'n_state': 783, 'same_sign': True}, '2': {'effect': -0.5369124812607663, 'n_state': 774, 'same_sign': True}, '3': {'effect': -0.544495088492776, 'n_state': 757, 'same_sign': True}, '4': {'effect': -0.4353558575085415, 'n_state': 741, 'same_sign': True}}"
1071,57018,-0.27096706303272655,0.6274509803921569,0.8984180434248834,2.6500596183016426e-178,upper_wick_atr:Q5:H5,feature_quintile_x_server_4h_block,upper_wick_atr,5,5.0,24,move_ge_1atr,1.2003211212307439e-177,1123,56888,-0.2701575876136868,1.2968844025929702e-188,5.932283108890616e-188,4,"{'1': {'effect': -0.29458351859533205, 'n_state': 274, 'same_sign': True}, '2': {'effect': -0.3059813378479468, 'n_state': 286, 'same_sign': True}, '3': {'effect': -0.24593489905154564, 'n_state': 292, 'same_sign': True}, '4': {'effect': -0.2174308549458892, 'n_state': 271, 'same_sign': True}}"
10304,47785,0.12212694940198632,0.9938858695652174,0.8717589201632311,1.0757060055956231e-290,lower_wick_atr:Q1,feature_quintile,lower_wick_atr,1,,24,move_ge_1atr,6.212202182314724e-290,9361,48650,0.11786961780705907,3.413733220592637e-255,1.6428591124102067e-254,4,"{'1': {'effect': 0.10172198204085725, 'n_state': 2118, 'same_sign': True}, '2': {'effect': 0.10524235674638593, 'n_state': 2406, 'same_sign': True}, '3': {'effect': 0.10016074218442372, 'n_state': 2505, 'same_sign': True}, '4': {'effect': 0.10497881340594306, 'n_state': 2332, 'same_sign': True}}"
1401,56688,0.10409191209133917,0.9950035688793719,0.8909116567880327,1.0473157613118068e-35,lower_wick_atr:Q1:H0,feature_quintile_x_server_4h_block,lower_wick_atr,1,0.0,24,move_ge_1atr,1.58642584172477e-35,1187,56824,0.09820288151440215,7.3472738053433055e-28,8.7036935847913e-28,4,"{'1': {'effect': 0.08478040979557044, 'n_state': 296, 'same_sign': True}, '2': {'effect': 0.10149260413656103, 'n_state': 277, 'same_sign': True}, '3': {'effect': 0.09873887962329708, 'n_state': 312, 'same_sign': True}, '4': {'effect': 0.10183698549665543, 'n_state': 302, 'same_sign': True}}"
2448,55641,0.1087080570083212,0.9975490196078431,0.8888409625995219,2.991230840584812e-65,lower_wick_atr:Q1:H1,feature_quintile_x_server_4h_block,lower_wick_atr,1,1.0,24,move_ge_1atr,7.593124441484523e-65,2252,55759,0.1056095270062416,5.3634299629279976e-58,1.1012909523878822e-57,4,"{'1': {'effect': 0.1015124672327401, 'n_state': 502, 'same_sign': True}, '2': {'effect': 0.10393789281151378, 'n_state': 581, 'same_sign': True}, '3': {'effect': 0.10410011845459177, 'n_state': 616, 'same_sign': True}, '4': {'effect': 0.10014781140239426, 'n_state': 553, 'same_sign': True}}"
2106,55983,0.1096017497782319,0.9990503323836657,0.8894485826054338,1.2434286320354934e-57,lower_wick_atr:Q1:H2,feature_quintile_x_server_4h_block,lower_wick_atr,1,2.0,24,move_ge_1atr,2.4976696869582522e-57,1996,56015,0.10834597875569041,1.827413296133842e-54,3.517770595057646e-54,4,"{'1': {'effect': 0.10545979008827411, 'n_state': 463, 'same_sign': True}, '2': {'effect': 0.10553497835046166, 'n_state': 504, 'same_sign': True}, '3': {'effect': 0.10557536748717056, 'n_state': 526, 'same_sign': True}, '4': {'effect': 0.10553314321485707, 'n_state': 503, 'same_sign': True}}"
1665,56424,0.10972281298738129,1.0,0.8902771870126187,2.1972379580217903e-46,lower_wick_atr:Q1:H3,feature_quintile_x_server_4h_block,lower_wick_atr,1,3.0,24,move_ge_1atr,3.7048318854236024e-46,1601,56410,0.10694497024273852,3.0497803046861596e-43,4.825337331387006e-43,4,"{'1': {'effect': 0.10535360899906254, 'n_state': 405, 'same_sign': True}, '2': {'effect': 0.10531521682544642, 'n_state': 384, 'same_sign': True}, '3': {'effect': 0.10263255488834733, 'n_state': 377, 'same_sign': True}, '4': {'effect': 0.10540850354314302, 'n_state': 435, 'same_sign': True}}"
1446,56643,0.09866032894529131,0.9896265560165975,0.8909662270713062,3.312494087246871e-33,lower_wick_atr:Q1:H4,feature_quintile_x_server_4h_block,lower_wick_atr,1,4.0,24,move_ge_1atr,4.708837748640168e-33,1266,56745,0.08595683942339527,4.922629782954135e-23,5.389229762381066e-23,4,"{'1': {'effect': 0.08926088517204656, 'n_state': 254, 'same_sign': True}, '2': {'effect': 0.09137613998374039, 'n_state': 362, 'same_sign': True}, '3': {'effect': 0.06777655657378501, 'n_state': 349, 'same_sign': True}, '4': {'effect': 0.09180540116091973, 'n_state': 301, 'same_sign': True}}"
1238,56851,0.08166233877980889,0.9733441033925686,0.8916817646127597,3.2083260823115646e-20,lower_wick_atr:Q1:H5,feature_quintile_x_server_4h_block,lower_wick_atr,1,5.0,24,move_ge_1atr,3.3918687643660015e-20,1059,56952,0.09694496473746395,1.7292857440765983e-24,1.948609789666801e-24,4,"{'1': {'effect': 0.09484078499697823, 'n_state': 198, 'same_sign': True}, '2': {'effect': 0.09841221959576185, 'n_state': 298, 'same_sign': True}, '3': {'effect': 0.08973621115908681, 'n_state': 325, 'same_sign': True}, '4': {'effect': 0.10083008156960882, 'n_state': 238, 'same_sign': True}}"
10383,47706,0.12344129051152941,0.9947991909852644,0.871357900473735,1.045150326290946e-298,lower_wick_atr:Q2,feature_quintile,lower_wick_atr,2,,24,move_ge_1atr,7.20685747382712e-298,10514,47497,0.12196822907177685,2.9543573911162e-299,1.949875878136692e-298,4,"{'1': {'effect': 0.10343956543267585, 'n_state': 2491, 'same_sign': True}, '2': {'effect': 0.10453506873968044, 'n_state': 2663, 'same_sign': True}, '3': {'effect': 0.10449690270861, 'n_state': 2653, 'same_sign': True}, '4': {'effect': 0.10586395264250803, 'n_state': 2707, 'same_sign': True}}"
1171,56918,0.10528435156645422,0.9965841161400513,0.891299764573597,6.77666413054426e-31,lower_wick_atr:Q2:H0,feature_quintile_x_server_4h_block,lower_wick_atr,2,0.0,24,move_ge_1atr,8.769800639527866e-31,1180,56831,0.10246503981922017,5.097534555752707e-30,6.633974548613383e-30,4,"{'1': {'effect': 0.09166615596244176, 'n_state': 298, 'same_sign': True}, '2': {'effect': 0.10166435494601311, 'n_state': 289, 'same_sign': True}, '3': {'effect': 0.10518562168532708, 'n_state': 313, 'same_sign': True}, '4': {'effect': 0.10512549583412722, 'n_state': 280, 'same_sign': True}}"
2452,55637,0.10403620315456041,0.9930668841761827,0.8890306810216223,5.234709120934292e-60,lower_wick_atr:Q2:H1,feature_quintile_x_server_4h_block,lower_wick_atr,2,1.0,24,move_ge_1atr,1.1093741348035059e-59,2534,55477,0.10444478516300038,2.4812947625312863e-63,5.789687779239669e-63,4,"{'1': {'effect': 0.0993597055579093, 'n_state': 631, 'same_sign': True}, '2': {'effect': 0.10263201045733994, 'n_state': 641, 'same_sign': True}, '3': {'effect': 0.10073970895524442, 'n_state': 608, 'same_sign': True}, '4': {'effect': 0.10117151342317143, 'n_state': 654, 'same_sign': True}}"
2234,55855,0.11084056933130426,1.0,0.8891594306686957,3.1277895968934365e-62,lower_wick_atr:Q2:H2,feature_quintile_x_server_4h_block,lower_wick_atr,2,2.0,24,move_ge_1atr,7.014751426042562e-62,2286,55725,0.10890982503364732,1.9900131443122384e-62,4.420125349385837e-62,4,"{'1': {'effect': 0.10562130177514795, 'n_state': 551, 'same_sign': True}, '2': {'effect': 0.1057169732441472, 'n_state': 603, 'same_sign': True}, '3': {'effect': 0.1056360091902806, 'n_state': 559, 'same_sign': True}, '4': {'effect': 0.10566175702496605, 'n_state': 573, 'same_sign': True}}"
1700,56389,0.10918494741882279,0.9994117647058823,0.8902268172870595,7.542179507831727e-47,lower_wick_atr:Q2:H3,feature_quintile_x_server_4h_block,lower_wick_atr,2,3.0,24,move_ge_1atr,1.281061372286124e-46,1758,56253,0.10788757932910242,5.485307598122877e-48,9.083197528074441e-48,4,"{'1': {'effect': 0.10542864587857204, 'n_state': 446, 'same_sign': True}, '2': {'effect': 0.10534446546666432, 'n_state': 400, 'same_sign': True}, '3': {'effect': 0.10534446546666432, 'n_state': 400, 'same_sign': True}, '4': {'effect': 0.10554966173324754, 'n_state': 512, 'same_sign': True}}"
1536,56553,0.10144783985818617,0.9921875,0.8907396601418138,4.989938870427751e-37,lower_wick_atr:Q2:H4,feature_quintile_x_server_4h_block,lower_wick_atr,2,4.0,24,move_ge_1atr,7.81475172250041e-37,1530,56481,0.09603996624233524,9.216758326659605e-34,1.3390384738731877e-33,4,"{'1': {'effect': 0.10187502166152573, 'n_state': 305, 'same_sign': True}, '2': {'effect': 0.09553721331904386, 'n_state': 410, 'same_sign': True}, '3': {'effect': 0.08709688116333825, 'n_state': 440, 'same_sign': True}, '4': {'effect': 0.09456270386563947, 'n_state': 375, 'same_sign': True}}"
1290,56799,0.0931424030147926,0.9844961240310077,0.8913537210162151,8.180463956452295e-27,lower_wick_atr:Q2:H5,feature_quintile_x_server_4h_block,lower_wick_atr,2,5.0,24,move_ge_1atr,9.715615290182417e-27,1226,56785,0.09354448054760223,3.384383256242787e-26,3.928605689407456e-26,4,"{'1': {'effect': 0.08577174154826483, 'n_state': 260, 'same_sign': True}, '2': {'effect': 0.08634438213932849, 'n_state': 320, 'same_sign': True}, '3': {'effect': 0.09918141380744105, 'n_state': 333, 'same_sign': True}, '4': {'effect': 0.09554896227874632, 'n_state': 313, 'same_sign': True}}"
10455,47634,0.12320498680487502,0.9944524151123865,0.8712474283075115,3.5801756041446785e-299,lower_wick_atr:Q3,feature_quintile,lower_wick_atr,3,,24,move_ge_1atr,2.506122922901275e-298,10720,47291,0.12169618986541564,2.029312095592555e-302,1.442372597175016e-301,4,"{'1': {'effect': 0.10321541234790454, 'n_state': 2536, 'same_sign': True}, '2': {'effect': 0.10450836631686167, 'n_state': 2656, 'same_sign': True}, '3': {'effect': 0.10338548399714809, 'n_state': 2762, 'same_sign': True}, '4': {'effect': 0.10492085246768046, 'n_state': 2766, 'same_sign': True}}"
1130,56959,0.10598468048823195,0.9973451327433628,0.8913604522551308,2.865271252872948e-30,lower_wick_atr:Q3:H0,feature_quintile_x_server_4h_block,lower_wick_atr,3,0.0,24,move_ge_1atr,3.6467088672928426e-30,1187,56824,0.09992299787659287,8.7124025199757e-29,1.0762379583499393e-28,4,"{'1': {'effect': 0.08311284152946741, 'n_state': 274, 'same_sign': True}, '2': {'effect': 0.10194921063043683, 'n_state': 311, 'same_sign': True}, '3': {'effect': 0.10516010535070697, 'n_state': 299, 'same_sign': True}, '4': {'effect': 0.10184973581575252, 'n_state': 303, 'same_sign': True}}"
2525,55564,0.10935087965639123,0.998019801980198,0.8886689223238068,6.271598853375452e-68,lower_wick_atr:Q3:H1,feature_quintile_x_server_4h_block,lower_wick_atr,3,1.0,24,move_ge_1atr,1.8937769086663128e-67,2581,55430,0.10462359616965256,1.2379572583219509e-64,3.1083492029605506e-64,4,"{'1': {'effect': 0.1009806258620185, 'n_state': 633, 'same_sign': True}, '2': {'effect': 0.09940700602957253, 'n_state': 635, 'same_sign': True}, '3': {'effect': 0.10290748151800122, 'n_state': 684, 'same_sign': True}, '4': {'effect': 0.10094311744142492, 'n_state': 629, 'same_sign': True}}"
2386,55703,0.1111430264079134,1.0,0.8888569735920866,1.622501492045356e-66,lower_wick_atr:Q3:H2,feature_quintile_x_server_4h_block,lower_wick_atr,3,2.0,24,move_ge_1atr,4.6558738467388474e-66,2510,55501,0.10893295702435568,3.9945130788217144e-68,1.15341565150977e-67,4,"{'1': {'effect': 0.10577040380627056, 'n_state': 632, 'same_sign': True}, '2': {'effect': 0.10574276056730669, 'n_state': 617, 'same_sign': True}, '3': {'effect': 0.10577409066350629, 'n_state': 634, 'same_sign': True}, '4': {'effect': 0.10414886499546072, 'n_state': 627, 'same_sign': True}}"
1696,56393,0.10978312911176924,1.0,0.8902168708882308,3.0634586603999324e-47,lower_wick_atr:Q3:H3,feature_quintile_x_server_4h_block,lower_wick_atr,3,3.0,24,move_ge_1atr,5.261404836820702e-47,1799,56212,0.10796627054721408,4.23637502799077e-49,7.117110047024494e-49,4,"{'1': {'effect': 0.10544146773689145, 'n_state': 453, 'same_sign': True}, '2': {'effect': 0.10533349532256109, 'n_state': 394, 'same_sign': True}, '3': {'effect': 0.10534995139563952, 'n_state': 403, 'same_sign': True}, '4': {'effect': 0.10561762556124044, 'n_state': 549, 'same_sign': True}}"
1560,56529,0.09436854738956324,0.9852564102564103,0.8908878628668471,9.813950144899294e-33,lower_wick_atr:Q3:H4,feature_quintile_x_server_4h_block,lower_wick_atr,3,4.0,24,move_ge_1atr,1.3698021048167596e-32,1489,56522,0.0908313062525753,1.2549352435283887e-29,1.6149863022565894e-29,4,"{'1': {'effect': 0.09836322938202857, 'n_state': 296, 'same_sign': True}, '2': {'effect': 0.09180354374120359, 'n_state': 373, 'same_sign': True}, '3': {'effect': 0.07564639551794539, 'n_state': 440, 'same_sign': True}, '4': {'effect': 0.09471218432331285, 'n_state': 380, 'same_sign': True}}"
1158,56931,0.08495535409967692,0.9766839378238342,0.8917285837241573,1.7773439672583237e-20,lower_wick_atr:Q3:H5,feature_quintile_x_server_4h_block,lower_wick_atr,3,5.0,24,move_ge_1atr,1.900770631651263e-20,1154,56857,0.09524766578953325,1.2358150317034115e-25,1.4097445546838918e-25,4,"{'1': {'effect': 0.08886897684811068, 'n_state': 248, 'same_sign': True}, '2': {'effect': 0.09595486593946079, 'n_state': 326, 'same_sign': True}, '3': {'effect': 0.09850839889883689, 'n_state': 302, 'same_sign': True}, '4': {'effect': 0.09066408037895113, 'n_state': 278, 'same_sign': True}}"
10507,47582,0.12662649742699017,0.9971447606357666,0.8705182632087765,4.105249e-317,lower_wick_atr:Q4,feature_quintile,lower_wick_atr,4,,24,move_ge_1atr,3.87066313e-316,10825,47186,0.12441651333345538,2.31558e-318,2.1832627e-317,4,"{'1': {'effect': 0.10555547274743271, 'n_state': 2616, 'same_sign': True}, '2': {'effect': 0.1055709584298149, 'n_state': 2501, 'same_sign': True}, '3': {'effect': 0.10601357634260988, 'n_state': 2752, 'same_sign': True}, '4': {'effect': 0.10738355014403733, 'n_state': 2956, 'same_sign': True}}"
1035,57054,0.10851123497037896,1.0,0.891488765029621,3.564633450206859e-29,lower_wick_atr:Q4:H0,feature_quintile_x_server_4h_block,lower_wick_atr,4,0.0,24,move_ge_1atr,4.427044768805293e-29,1174,56837,0.10504026892528284,2.5884884361324175e-31,3.612935521127422e-31,4,"{'1': {'effect': 0.10141714031600624, 'n_state': 272, 'same_sign': True}, '2': {'effect': 0.10515828322908183, 'n_state': 298, 'same_sign': True}, '3': {'effect': 0.10514917356803766, 'n_state': 293, 'same_sign': True}, '4': {'effect': 0.10194921063043683, 'n_state': 311, 'same_sign': True}}"
2371,55718,0.11067339478950222,0.9995782370307887,0.8889048422412865,1.3852978764611765e-65,lower_wick_atr:Q4:H1,feature_quintile_x_server_4h_block,lower_wick_atr,4,1.0,24,move_ge_1atr,3.5955484209273233e-65,2547,55464,0.1044945462348098,1.083375151696396e-63,2.620520000438403e-63,4,"{'1': {'effect': 0.0996806506093616, 'n_state': 659, 'same_sign': True}, '2': {'effect': 0.0986531876614144, 'n_state': 576, 'same_sign': True}, '3': {'effect': 0.10580543933054398, 'n_state': 651, 'same_sign': True}, '4': {'effect': 0.09970270402167336, 'n_state': 661, 'same_sign': True}}"
2669,55420,0.11092514142150156,0.9992506556762832,0.8883255142547817,1.5503017922657863e-73,lower_wick_atr:Q4:H2,feature_quintile_x_server_4h_block,lower_wick_atr,4,2.0,24,move_ge_1atr,5.043939633991502e-73,2629,55382,0.10958434148279228,5.994391125719103e-72,1.883951496654575e-71,4,"{'1': {'effect': 0.10578146514911191, 'n_state': 638, 'same_sign': True}, '2': {'effect': 0.10576303086279903, 'n_state': 628, 'same_sign': True}, '3': {'effect': 0.10584788182151139, 'n_state': 674, 'same_sign': True}, '4': {'effect': 0.10587558005652276, 'n_state': 689, 'same_sign': True}}"
1863,56226,0.1101092021484722,1.0,0.8898907978515278,7.272259759934757e-52,lower_wick_atr:Q4:H3,feature_quintile_x_server_4h_block,lower_wick_atr,4,3.0,24,move_ge_1atr,1.388340499623908e-51,1914,56097,0.10818760361516655,3.1574039740089976e-52,5.834882543968627e-52,4,"{'1': {'effect': 0.10548361866689837, 'n_state': 476, 'same_sign': True}, '2': {'effect': 0.10534446546666432, 'n_state': 400, 'same_sign': True}, '3': {'effect': 0.10546528803545052, 'n_state': 466, 'same_sign': True}, '4': {'effect': 0.105659917477672, 'n_state': 572, 'same_sign': True}}"
1549,56540,0.09954873495754646,0.9903163331181407,0.8907675981605943,5.345422676001293e-36,lower_wick_atr:Q4:H4,feature_quintile_x_server_4h_block,lower_wick_atr,4,4.0,24,move_ge_1atr,8.177434689776811e-36,1462,56549,0.09960439137332544,1.0802943832688001e-34,1.6099871131296312e-34,4,"{'1': {'effect': 0.10187502166152573, 'n_state': 305, 'same_sign': True}, '2': {'effect': 0.0942202800408779, 'n_state': 364, 'same_sign': True}, '3': {'effect': 0.08937083656250777, 'n_state': 379, 'same_sign': True}, '4': {'effect': 0.10537007135788323, 'n_state': 414, 'same_sign': True}}"
1020,57069,0.09650773624910203,0.9882352941176471,0.8917275578685451,4.1453386431629666e-23,lower_wick_atr:Q4:H5,feature_quintile_x_server_4h_block,lower_wick_atr,4,5.0,24,move_ge_1atr,4.6825096653821284e-23,1099,56912,0.09550844967810079,1.2257805272664981e-24,1.3880161852870641e-24,4,"{'1': {'effect': 0.08999314460712349, 'n_state': 266, 'same_sign': True}, '2': {'effect': 0.10077098935286388, 'n_state': 235, 'same_sign': True}, '3': {'effect': 0.09123175885754287, 'n_state': 289, 'same_sign': True}, '4': {'effect': 0.09541760091100815, 'n_state': 309, 'same_sign': True}}"
16440,41649,-0.35918983517624614,0.6358880778588808,0.9950779130351269,0.0,lower_wick_atr:Q5,feature_quintile,lower_wick_atr,5,,24,move_ge_1atr,0.0,16591,41420,-0.34900183821512487,0.0,0.0,4,"{'1': {'effect': -0.2754358534179867, 'n_state': 4134, 'same_sign': True}, '2': {'effect': -0.28150629492810353, 'n_state': 4110, 'same_sign': True}, '3': {'effect': -0.2781071231046228, 'n_state': 4177, 'same_sign': True}, '4': {'effect': -0.23867786029715254, 'n_state': 4170, 'same_sign': True}}"
4538,53551,-0.6892220329723784,0.25804319083296606,0.9472652238053444,0.0,lower_wick_atr:Q5:H0,feature_quintile_x_server_4h_block,lower_wick_atr,5,0.0,24,move_ge_1atr,0.0,4530,53481,-0.6891527609421481,0.0,0.0,4,"{'1': {'effect': -0.633769119592624, 'n_state': 1128, 'same_sign': True}, '2': {'effect': -0.6468358226711178, 'n_state': 1126, 'same_sign': True}, '3': {'effect': -0.6486343118049822, 'n_state': 1159, 'same_sign': True}, '4': {'effect': -0.662845060875745, 'n_state': 1117, 'same_sign': True}}"
2496,55593,0.06991868009807545,0.9603365384615384,0.890417858363463,1.6715674935738397e-28,lower_wick_atr:Q5:H1,feature_quintile_x_server_4h_block,lower_wick_atr,5,1.0,24,move_ge_1atr,2.0269401103178843e-28,2468,55543,0.10037969472510833,3.186162906506594e-57,6.456172205289677e-57,4,"{'1': {'effect': 0.1040227407043044, 'n_state': 599, 'same_sign': True}, '2': {'effect': 0.10420093359899107, 'n_state': 639, 'same_sign': True}, '3': {'effect': 0.10240910917266066, 'n_state': 609, 'same_sign': True}, '4': {'effect': 0.07807871054308468, 'n_state': 621, 'same_sign': True}}"
3037,55052,0.11245731308580975,1.0,0.8875426869141902,3.978190321273675e-85,lower_wick_atr:Q5:H2,feature_quintile_x_server_4h_block,lower_wick_atr,5,2.0,24,move_ge_1atr,1.4821967164745466e-84,2963,55048,0.11024923702950151,2.490868431937808e-81,9.280493673832802e-81,4,"{'1': {'effect': 0.10596986258315721, 'n_state': 740, 'same_sign': True}, '2': {'effect': 0.10593286903702148, 'n_state': 720, 'same_sign': True}, '3': {'effect': 0.10603466349849744, 'n_state': 775, 'same_sign': True}, '4': {'effect': 0.10594766335562034, 'n_state': 728, 'same_sign': True}}"
3208,54881,-0.5305790728986466,0.39214463840399,0.9227237113026366,0.0,lower_wick_atr:Q5:H4,feature_quintile_x_server_4h_block,lower_wick_atr,5,4.0,24,move_ge_1atr,0.0,3334,54677,-0.49904813740692067,0.0,0.0,4,"{'1': {'effect': -0.5632075369838473, 'n_state': 826, 'same_sign': True}, '2': {'effect': -0.48822686232840756, 'n_state': 833, 'same_sign': True}, '3': {'effect': -0.4835120863959059, 'n_state': 838, 'same_sign': True}, '4': {'effect': -0.3751070899334773, 'n_state': 837, 'same_sign': True}}"
1033,57056,-0.28473932846464867,0.6137463697967086,0.8984856982613573,6.807350980082355e-190,lower_wick_atr:Q5:H5,feature_quintile_x_server_4h_block,lower_wick_atr,5,5.0,24,move_ge_1atr,3.1138575770277707e-189,1169,56842,-0.26164674676844246,4.5830766565281283e-184,2.0758641326627405e-183,4,"{'1': {'effect': -0.26282010921977983, 'n_state': 295, 'same_sign': True}, '2': {'effect': -0.30912135821171605, 'n_state': 296, 'same_sign': True}, '3': {'effect': -0.2590327708666279, 'n_state': 287, 'same_sign': True}, '4': {'effect': -0.19878456966085833, 'n_state': 291, 'same_sign': True}}"
9409,48680,0.11487560250404494,0.9896907216494846,0.8748151191454396,1.225899414220995e-239,atr_slope3:Q1,feature_quintile,atr_slope3,1,,24,move_ge_1atr,5.779240095613262e-239,10098,47913,0.11599592418319005,1.6780320678738368e-262,8.336030272663576e-262,4,"{'1': {'effect': 0.094828745444406, 'n_state': 2114, 'same_sign': True}, '2': {'effect': 0.10359546458045088, 'n_state': 2626, 'same_sign': True}, '3': {'effect': 0.09857867534487463, 'n_state': 2785, 'same_sign': True}, '4': {'effect': 0.10296661345979408, 'n_state': 2573, 'same_sign': True}}"
1098,56991,0.10306142672512864,0.994535519125683,0.8914740924005544,5.816795111701928e-28,atr_slope3:Q1:H0,feature_quintile_x_server_4h_block,atr_slope3,1,0.0,24,move_ge_1atr,6.944080986062767e-28,1264,56747,0.0964344878098724,1.5799933035343682e-28,1.9209392269286265e-28,4,"{'1': {'effect': 0.05427488034921757, 'n_state': 257, 'same_sign': True}, '2': {'effect': 0.10526589655531271, 'n_state': 357, 'same_sign': True}, '3': {'effect': 0.10520750268696044, 'n_state': 325, 'same_sign': True}, '4': {'effect': 0.10520750268696044, 'n_state': 325, 'same_sign': True}}"
2747,55342,0.10690068232040062,0.9952675646159447,0.8883668822955441,2.8042619169321384e-70,atr_slope3:Q1:H1,feature_quintile_x_server_4h_block,atr_slope3,1,1.0,24,move_ge_1atr,8.637126704150987e-70,2902,55109,0.10541163712654233,4.2883378496110416e-73,1.4151514903716437e-72,4,"{'1': {'effect': 0.09969169119663435, 'n_state': 660, 'same_sign': True}, '2': {'effect': 0.10047626692808753, 'n_state': 738, 'same_sign': True}, '3': {'effect': 0.10592547342700065, 'n_state': 716, 'same_sign': True}, '4': {'effect': 0.09962619748138257, 'n_state': 788, 'same_sign': True}}"
727,57362,0.10792859384261355,1.0,0.8920714061573864,7.153826212661627e-21,atr_slope3:Q1:H2,feature_quintile_x_server_4h_block,atr_slope3,1,2.0,24,move_ge_1atr,7.722120818340355e-21,1058,56953,0.10656155075237472,3.209201965741033e-29,4.084438865488587e-29,4,"{'1': {'effect': 0.1049945504558587, 'n_state': 208, 'same_sign': True}, '2': {'effect': 0.10516010535070697, 'n_state': 299, 'same_sign': True}, '3': {'effect': 0.10502725620835862, 'n_state': 226, 'same_sign': True}, '4': {'effect': 0.10520750268696044, 'n_state': 325, 'same_sign': True}}"
939,57150,0.10724649834106192,0.9989350372736954,0.8916885389326334,4.3909862854195265e-26,atr_slope3:Q1:H3,feature_quintile_x_server_4h_block,atr_slope3,1,3.0,24,move_ge_1atr,5.175090979244442e-26,1172,56839,0.10677527753830995,3.00051608910369e-32,4.2392612635042954e-32,4,"{'1': {'effect': 0.10511639185257027, 'n_state': 275, 'same_sign': True}, '2': {'effect': 0.10508363057104275, 'n_state': 257, 'same_sign': True}, '3': {'effect': 0.10512367491166075, 'n_state': 279, 'same_sign': True}, '4': {'effect': 0.10527320034692111, 'n_state': 361, 'same_sign': True}}"
1765,56324,0.09823108631102972,0.9886685552407932,0.8904374689297635,1.3199461291249054e-39,atr_slope3:Q1:H4,feature_quintile_x_server_4h_block,atr_slope3,1,4.0,24,move_ge_1atr,2.1247913298108234e-39,1703,56308,0.0847937739129695,1.9752570980083209e-29,2.527891355345829e-29,4,"{'1': {'effect': 0.09580241153571378, 'n_state': 321, 'same_sign': True}, '2': {'effect': 0.09899100392333604, 'n_state': 467, 'same_sign': True}, '3': {'effect': 0.06266272155644992, 'n_state': 587, 'same_sign': True}, '4': {'effect': 0.08375015803362618, 'n_state': 328, 'same_sign': True}}"
2133,55956,0.08289892027883272,0.9732770745428974,0.8903781542640646,4.095438703432723e-34,atr_slope3:Q1:H5,feature_quintile_x_server_4h_block,atr_slope3,1,5.0,24,move_ge_1atr,6.083899295774656e-34,1999,56012,0.09539919570582978,1.1033501022324735e-42,1.7279584651911957e-42,4,"{'1': {'effect': 0.08483658759097501, 'n_state': 393, 'same_sign': True}, '2': {'effect': 0.08965516485890979, 'n_state': 508, 'same_sign': True}, '3': {'effect': 0.09805140201360141, 'n_state': 652, 'same_sign': True}, '4': {'effect': 0.09639054934585545, 'n_state': 446, 'same_sign': True}}"
10181,47908,0.12279569343189178,0.9946960023573322,0.8719003089254405,4.011792737046594e-291,atr_slope3:Q2,feature_quintile,atr_slope3,2,,24,move_ge_1atr,2.3461370183740838e-290,10363,47648,0.12055746329333195,3.6499436349706713e-289,2.1618896914826285e-288,4,"{'1': {'effect': 0.10323937129738525, 'n_state': 2343, 'same_sign': True}, '2': {'effect': 0.10532929158127802, 'n_state': 2665, 'same_sign': True}, '3': {'effect': 0.10136974954128142, 'n_state': 2579, 'same_sign': True}, '4': {'effect': 0.10457929428595503, 'n_state': 2776, 'same_sign': True}}"
778,57311,0.10802463750414404,1.0,0.891975362495856,3.047421842329258e-22,atr_slope3:Q2:H0,feature_quintile_x_server_4h_block,atr_slope3,2,0.0,24,move_ge_1atr,3.392551544954499e-22,809,57202,0.10609768889199678,1.2318201912432215e-22,1.3390610078926314e-22,4,"{'1': {'effect': 0.10488205305452347, 'n_state': 146, 'same_sign': True}, '2': {'effect': 0.10501998650262157, 'n_state': 222, 'same_sign': True}, '3': {'effect': 0.10499273406684662, 'n_state': 207, 'same_sign': True}, '4': {'effect': 0.10504179863959706, 'n_state': 234, 'same_sign': True}}"
2506,55583,0.10846374293333727,0.9972067039106145,0.8887429609772772,2.1496038034299753e-66,atr_slope3:Q2:H1,feature_quintile_x_server_4h_block,atr_slope3,2,1.0,24,move_ge_1atr,6.130351587559559e-66,2687,55324,0.10345542476344716,1.2239311277870108e-65,3.2685328383676244e-65,4,"{'1': {'effect': 0.09646822485929196, 'n_state': 650, 'same_sign': True}, '2': {'effect': 0.10282683831689754, 'n_state': 671, 'same_sign': True}, '3': {'effect': 0.1014197820438062, 'n_state': 683, 'same_sign': True}, '4': {'effect': 0.09845663739090027, 'n_state': 683, 'same_sign': True}}"
1845,56244,0.10951417835065913,0.9994579945799458,0.8899438162292866,7.316713116024336e-51,atr_slope3:Q2:H2,feature_quintile_x_server_4h_block,atr_slope3,2,2.0,24,move_ge_1atr,1.3741144144728632e-50,2034,55977,0.10791002288497864,5.3256305263767476e-55,1.0381608874202774e-54,4,"{'1': {'effect': 0.10543780403057679, 'n_state': 451, 'same_sign': True}, '2': {'effect': 0.10564152552698913, 'n_state': 562, 'same_sign': True}, '3': {'effect': 0.10540118096561302, 'n_state': 431, 'same_sign': True}, '4': {'effect': 0.10398070864642628, 'n_state': 590, 'same_sign': True}}"
1793,56296,0.10997228932783853,1.0,0.8900277106721615,6.356205308197012e-50,atr_slope3:Q2:H3,feature_quintile_x_server_4h_block,atr_slope3,2,3.0,24,move_ge_1atr,1.1793441174245059e-49,1845,56166,0.10749488522553208,7.573032649868071e-50,1.3252807137269124e-49,4,"{'1': {'effect': 0.10542315175097272, 'n_state': 443, 'same_sign': True}, '2': {'effect': 0.10540118096561302, 'n_state': 431, 'same_sign': True}, '3': {'effect': 0.10324323711899452, 'n_state': 457, 'same_sign': True}, '4': {'effect': 0.10555333321738525, 'n_state': 514, 'same_sign': True}}"
1707,56382,0.09773336278345823,0.9882835383714118,0.8905501755879536,4.991684864538332e-38,atr_slope3:Q2:H4,feature_quintile_x_server_4h_block,atr_slope3,2,4.0,24,move_ge_1atr,7.952270370402447e-38,1588,56423,0.09526104120588585,2.0909631193390072e-34,3.096233849790453e-34,4,"{'1': {'effect': 0.09630346032728687, 'n_state': 338, 'same_sign': True}, '2': {'effect': 0.09581223482072254, 'n_state': 421, 'same_sign': True}, '3': {'effect': 0.08202565340343582, 'n_state': 431, 'same_sign': True}, '4': {'effect': 0.1002809684825634, 'n_state': 398, 'same_sign': True}}"
1552,56537,0.09229105782200098,0.9832474226804123,0.8909563648584113,3.104857816476528e-31,atr_slope3:Q2:H5,feature_quintile_x_server_4h_block,atr_slope3,2,5.0,24,move_ge_1atr,4.040688200597623e-31,1400,56611,0.09183436081326946,1.3927557327744334e-28,1.6977655634347973e-28,4,"{'1': {'effect': 0.0924215262921586, 'n_state': 315, 'same_sign': True}, '2': {'effect': 0.0912145162054584, 'n_state': 358, 'same_sign': True}, '3': {'effect': 0.0889693287951473, 'n_state': 370, 'same_sign': True}, '4': {'effect': 0.08835510476435338, 'n_state': 357, 'same_sign': True}}"
10356,47733,0.12605774676679582,0.9970065662417922,0.8709488194749964,8.813683328832e-311,atr_slope3:Q3,feature_quintile,atr_slope3,3,,24,move_ge_1atr,7.2712887462865e-310,10588,47423,0.12485647602717975,3.400895098e-315,3.14242707e-314,4,"{'1': {'effect': 0.10816358720144215, 'n_state': 2536, 'same_sign': True}, '2': {'effect': 0.10475484241200195, 'n_state': 2616, 'same_sign': True}, '3': {'effect': 0.10600830853827325, 'n_state': 2632, 'same_sign': True}, '4': {'effect': 0.1088074704806371, 'n_state': 2804, 'same_sign': True}}"
874,57215,0.10820589006379444,1.0,0.8917941099362056,7.938912147022304e-25,atr_slope3:Q3:H0,feature_quintile_x_server_4h_block,atr_slope3,3,0.0,24,move_ge_1atr,9.262064171526022e-25,858,57153,0.10618865151435619,6.282159922507177e-24,6.993633455899556e-24,4,"{'1': {'effect': 0.10495460440985738, 'n_state': 186, 'same_sign': True}, '2': {'effect': 0.10498002110325022, 'n_state': 200, 'same_sign': True}, '3': {'effect': 0.1050527081061432, 'n_state': 240, 'same_sign': True}, '4': {'effect': 0.10503816265425159, 'n_state': 232, 'same_sign': True}}"
2324,55765,0.10653720671004907,0.995697074010327,0.889159867300278,8.707486696882082e-60,atr_slope3:Q3:H1,feature_quintile_x_server_4h_block,atr_slope3,3,1.0,24,move_ge_1atr,1.8285722063452372e-59,2522,55489,0.10647130281903261,1.8799089440303636e-65,4.96295961224016e-65,4,"{'1': {'effect': 0.10577040380627056, 'n_state': 632, 'same_sign': True}, '2': {'effect': 0.09910280308705421, 'n_state': 610, 'same_sign': True}, '3': {'effect': 0.10424348509444703, 'n_state': 649, 'same_sign': True}, '4': {'effect': 0.102564133015971, 'n_state': 631, 'same_sign': True}}"
2768,55321,0.11153113807768067,0.9996387283236994,0.8881075902460187,7.115794662547402e-77,atr_slope3:Q3:H2,feature_quintile_x_server_4h_block,atr_slope3,3,2.0,24,move_ge_1atr,2.3996329445962774e-76,2914,55097,0.11015118790496758,6.019709351078511e-80,2.1727388439049002e-79,4,"{'1': {'effect': 0.10589220595676374, 'n_state': 698, 'same_sign': True}, '2': {'effect': 0.10596431190417988, 'n_state': 737, 'same_sign': True}, '3': {'effect': 0.10592547342700065, 'n_state': 716, 'same_sign': True}, '4': {'effect': 0.10601243711570707, 'n_state': 763, 'same_sign': True}}"
2134,55955,0.11064248056473958,1.0,0.8893575194352604,2.0055361594901115e-59,atr_slope3:Q3:H3,feature_quintile_x_server_4h_block,atr_slope3,3,3.0,24,move_ge_1atr,4.173683358938881e-59,2089,55922,0.1085261614391474,5.208566990409052e-57,1.0462425867691226e-56,4,"{'1': {'effect': 0.1055716944700541, 'n_state': 524, 'same_sign': True}, '2': {'effect': 0.10551846442728985, 'n_state': 495, 'same_sign': True}, '3': {'effect': 0.10550929225847949, 'n_state': 490, 'same_sign': True}, '4': {'effect': 0.10567463564973623, 'n_state': 580, 'same_sign': True}}"
1347,56742,0.102267764716928,0.9933184855233853,0.8910507208064573,2.7326899632056836e-33,atr_slope3:Q3:H4,feature_quintile_x_server_4h_block,atr_slope3,3,4.0,24,move_ge_1atr,3.9208160341646764e-33,1251,56760,0.09875410453877909,1.4930048205576203e-29,1.916022853048946e-29,4,"{'1': {'effect': 0.10140175388591444, 'n_state': 271, 'same_sign': True}, '2': {'effect': 0.08658315083506207, 'n_state': 324, 'same_sign': True}, '3': {'effect': 0.09595486593946079, 'n_state': 326, 'same_sign': True}, '4': {'effect': 0.10521662245800179, 'n_state': 330, 'same_sign': True}}"
909,57180,0.09597853804268153,0.9878987898789879,0.8919202518363064,1.3526774528920454e-20,atr_slope3:Q3:H5,feature_quintile_x_server_4h_block,atr_slope3,3,5.0,24,move_ge_1atr,1.4533418214793604e-20,954,57057,0.09570987326697356,9.793686825389998e-22,1.05964480405859e-21,4,"{'1': {'effect': 0.09610193933940181, 'n_state': 225, 'same_sign': True}, '2': {'effect': 0.09703627014767746, 'n_state': 250, 'same_sign': True}, '3': {'effect': 0.08121681234523359, 'n_state': 211, 'same_sign': True}, '4': {'effect': 0.10135498752707894, 'n_state': 268, 'same_sign': True}}"
10529,47560,0.1284323859905211,0.998575363282363,0.8701429772918419,0.0,atr_slope3:Q4,feature_quintile,atr_slope3,4,,24,move_ge_1atr,0.0,10403,47608,0.12490169323627975,3.778188610029e-311,3.42259438790867e-310,4,"{'1': {'effect': 0.10757598405162061, 'n_state': 2623, 'same_sign': True}, '2': {'effect': 0.10714516780086025, 'n_state': 2466, 'same_sign': True}, '3': {'effect': 0.1075975956313856, 'n_state': 2631, 'same_sign': True}, '4': {'effect': 0.1069557575739285, 'n_state': 2683, 'same_sign': True}}"
1028,57061,0.10849792327509156,1.0,0.8915020767249084,5.513590763319661e-29,atr_slope3:Q4:H0,feature_quintile_x_server_4h_block,atr_slope3,4,0.0,24,move_ge_1atr,6.774678012376818e-29,1008,57003,0.10646808062733537,6.791144426676593e-28,8.065575128854978e-28,4,"{'1': {'effect': 0.10513278015486682, 'n_state': 284, 'same_sign': True}, '2': {'effect': 0.1050363447559709, 'n_state': 231, 'same_sign': True}, '3': {'effect': 0.10508545010648795, 'n_state': 258, 'same_sign': True}, '4': {'effect': 0.10504361672666851, 'n_state': 235, 'same_sign': True}}"
2158,55931,0.10924614366215057,0.9986098239110287,0.8893636802488781,1.37967792935443e-58,atr_slope3:Q4:H1,feature_quintile_x_server_4h_block,atr_slope3,4,1.0,24,move_ge_1atr,2.8329386816077626e-58,2248,55763,0.10605897046620094,2.2224610177753392e-58,4.6043811220278334e-58,4,"{'1': {'effect': 0.10034085317749375, 'n_state': 570, 'same_sign': True}, '2': {'effect': 0.10564336443392286, 'n_state': 563, 'same_sign': True}, '3': {'effect': 0.10233587366109964, 'n_state': 599, 'same_sign': True}, '4': {'effect': 0.10360162764406211, 'n_state': 516, 'same_sign': True}}"
3551,54538,0.11351718068135974,1.0,0.8864828193186403,3.9813037593586637e-100,atr_slope3:Q4:H2,feature_quintile_x_server_4h_block,atr_slope3,4,2.0,24,move_ge_1atr,1.57210456138778e-99,3318,54693,0.11096484010750918,2.008379489821677e-91,7.998890726703574e-91,4,"{'1': {'effect': 0.10608841575331696, 'n_state': 804, 'same_sign': True}, '2': {'effect': 0.10601799283780244, 'n_state': 766, 'same_sign': True}, '3': {'effect': 0.10632818248712284, 'n_state': 933, 'same_sign': True}, '4': {'effect': 0.10610881879851741, 'n_state': 815, 'same_sign': True}}"
2255,55834,0.11088225812229102,1.0,0.889117741877709,8.026975199368942e-63,atr_slope3:Q4:H3,feature_quintile_x_server_4h_block,atr_slope3,4,3.0,24,move_ge_1atr,1.8358725455982432e-62,2130,55881,0.10811840855983956,1.2487297927413441e-57,2.55271311613496e-57,4,"{'1': {'effect': 0.10404576616115191, 'n_state': 604, 'same_sign': True}, '2': {'effect': 0.10546162267364068, 'n_state': 464, 'same_sign': True}, '3': {'effect': 0.10547078655590703, 'n_state': 469, 'same_sign': True}, '4': {'effect': 0.10569856142673029, 'n_state': 593, 'same_sign': True}}"
1072,57017,0.10192902993843944,0.9934701492537313,0.8915411193152919,8.663744823539206e-27,atr_slope3:Q4:H4,feature_quintile_x_server_4h_block,atr_slope3,4,4.0,24,move_ge_1atr,1.0263205406346444e-26,1121,56890,0.09576389573819544,3.244972616791675e-25,3.6834824298716313e-25,4,"{'1': {'effect': 0.10043102140505766, 'n_state': 219, 'same_sign': True}, '2': {'effect': 0.09113166656083238, 'n_state': 287, 'same_sign': True}, '3': {'effect': 0.09340559777625568, 'n_state': 258, 'same_sign': True}, '4': {'effect': 0.09399203536133993, 'n_state': 357, 'same_sign': True}}"
465,57624,0.0965984155347458,0.989247311827957,0.8926488962932112,1.7752351481229334e-11,atr_slope3:Q4:H5,feature_quintile_x_server_4h_block,atr_slope3,4,5.0,24,move_ge_1atr,1.786837992228312e-11,578,57433,0.10042840952571974,4.179078188194771e-15,4.243371698782383e-15,4,"{'1': {'effect': 0.10487480343534539, 'n_state': 142, 'same_sign': True}, '2': {'effect': 0.09842947116757061, 'n_state': 155, 'same_sign': True}, '3': {'effect': 0.10482408414943778, 'n_state': 114, 'same_sign': True}, '4': {'effect': 0.0929095063451687, 'n_state': 167, 'same_sign': True}}"
17614,40475,-0.3354302886559227,0.6597025093675486,0.9951327980234713,0.0,atr_slope3:Q5,feature_quintile,atr_slope3,5,,24,move_ge_1atr,0.0,16559,41452,-0.3499428152822749,0.0,0.0,4,"{'1': {'effect': -0.2640022042871508, 'n_state': 4279, 'same_sign': True}, '2': {'effect': -0.29559018445039353, 'n_state': 3963, 'same_sign': True}, '3': {'effect': -0.2736596333803525, 'n_state': 4222, 'same_sign': True}, '4': {'effect': -0.24477276686268457, 'n_state': 4095, 'same_sign': True}}"
5497,52592,-0.5604269917618034,0.3860287429507004,0.9464557347125038,0.0,atr_slope3:Q5:H0,feature_quintile_x_server_4h_block,atr_slope3,5,0.0,24,move_ge_1atr,0.0,5319,52692,-0.5811136423958336,0.0,0.0,4,"{'1': {'effect': -0.49730483878564663, 'n_state': 1395, 'same_sign': True}, '2': {'effect': -0.5545075815098344, 'n_state': 1291, 'same_sign': True}, '3': {'effect': -0.5470039303227474, 'n_state': 1346, 'same_sign': True}, '4': {'effect': -0.5652652297987606, 'n_state': 1287, 'same_sign': True}}"
2557,55532,0.07262163083623796,0.9628470864294094,0.8902254555931715,2.7120647861972356e-31,atr_slope3:Q5:H1,feature_quintile_x_server_4h_block,atr_slope3,5,1.0,24,move_ge_1atr,3.5394743819862225e-31,2023,55988,0.09713034863660319,1.129151577008116e-44,1.7988552709577572e-44,4,"{'1': {'effect': 0.10357914512643696, 'n_state': 512, 'same_sign': True}, '2': {'effect': 0.10139288969529847, 'n_state': 490, 'same_sign': True}, '3': {'effect': 0.10169262517156452, 'n_state': 521, 'same_sign': True}, '4': {'effect': 0.07123204256576998, 'n_state': 500, 'same_sign': True}}"
3541,54548,0.11289489301381317,0.9994351878000565,0.8865402947862433,8.49883347107676e-99,atr_slope3:Q5:H2,feature_quintile_x_server_4h_block,atr_slope3,5,2.0,24,move_ge_1atr,3.3275093759639524e-98,3060,54951,0.11044384997543266,4.477607222138279e-84,1.7096318484527974e-83,4,"{'1': {'effect': 0.10619794218520329, 'n_state': 863, 'same_sign': True}, '2': {'effect': 0.10591068530443437, 'n_state': 708, 'same_sign': True}, '3': {'effect': 0.10619608392097846, 'n_state': 862, 'same_sign': True}, '4': {'effect': 0.10576118778753663, 'n_state': 627, 'same_sign': True}}"
3408,54681,-0.49742960193449787,0.4251760563380282,0.922605658272526,0.0,atr_slope3:Q5:H4,feature_quintile_x_server_4h_block,atr_slope3,5,4.0,24,move_ge_1atr,0.0,3418,54593,-0.4844897081211754,0.0,0.0,4,"{'1': {'effect': -0.5545176624259491, 'n_state': 837, 'same_sign': True}, '2': {'effect': -0.4824641214804988, 'n_state': 843, 'same_sign': True}, '3': {'effect': -0.4781681457593645, 'n_state': 844, 'same_sign': True}, '4': {'effect': -0.3436305767285872, 'n_state': 894, 'same_sign': True}}"
680,57409,-0.4754585517950147,0.4235294117647059,0.8989879635597205,0.0,atr_slope3:Q5:H5,feature_quintile_x_server_4h_block,atr_slope3,5,5.0,24,move_ge_1atr,0.0,776,57235,-0.43470197476671957,0.0,0.0,4,"{'1': {'effect': -0.46462803101056743, 'n_state': 192, 'same_sign': True}, '2': {'effect': -0.4754853625502305, 'n_state': 204, 'same_sign': True}, '3': {'effect': -0.4311782245786604, 'n_state': 189, 'same_sign': True}, '4': {'effect': -0.3467854743281642, 'n_state': 191, 'same_sign': True}}"
7975,50114,0.11249200975381146,0.9904702194357367,0.8779782096819252,7.42854347863528e-201,atr_slope12:Q1,feature_quintile,atr_slope12,1,,24,move_ge_1atr,3.4319870871294994e-200,8466,49545,0.11405820607499906,2.231654163038111e-220,1.0310242233236072e-219,4,"{'1': {'effect': 0.101498396560457, 'n_state': 1660, 'same_sign': True}, '2': {'effect': 0.10459630612115, 'n_state': 2349, 'same_sign': True}, '3': {'effect': 0.09713876707175373, 'n_state': 2426, 'same_sign': True}, '4': {'effect': 0.10178070560123031, 'n_state': 2031, 'same_sign': True}}"
435,57654,0.10506577286858698,0.9977011494252873,0.8926353765567003,1.497052473163471e-12,atr_slope12:Q1:H0,feature_quintile_x_server_4h_block,atr_slope12,1,0.0,24,move_ge_1atr,1.5134316030667912e-12,510,57501,0.10356781518889191,2.7782826734906226e-14,2.8025471509883575e-14,4,"{'1': {'effect': 0.09633947724132808, 'n_state': 118, 'same_sign': True}, '2': {'effect': 0.10490562124040659, 'n_state': 159, 'same_sign': True}, '3': {'effect': 0.10479150479150479, 'n_state': 96, 'same_sign': True}, '4': {'effect': 0.10486574282061034, 'n_state': 137, 'same_sign': True}}"
2475,55614,0.10836674000769375,0.9971717171717172,0.8888049771640234,1.6193545479938882e-65,atr_slope12:Q1:H1,feature_quintile_x_server_4h_block,atr_slope12,1,1.0,24,move_ge_1atr,4.156343339850979e-65,2769,55242,0.10644887110130175,2.4287914457107846e-71,7.43113674118134e-71,4,"{'1': {'effect': 0.10409114664484109, 'n_state': 614, 'same_sign': True}, '2': {'effect': 0.10182660116214926, 'n_state': 735, 'same_sign': True}, '3': {'effect': 0.10582942438139742, 'n_state': 664, 'same_sign': True}, '4': {'effect': 0.09929839079694991, 'n_state': 756, 'same_sign': True}}"
398,57691,0.10731309909691289,1.0,0.8926869009030871,4.706374815696755e-12,atr_slope12:Q1:H2,feature_quintile_x_server_4h_block,atr_slope12,1,2.0,24,move_ge_1atr,4.7474785258775125e-12,520,57491,0.10556434920248392,4.882626665682919e-15,4.946871753389273e-15,4,"{'1': {'effect': 0.10474086602350585, 'n_state': 68, 'same_sign': True}, '2': {'effect': 0.1049165024375065, 'n_state': 165, 'same_sign': True}, '3': {'effect': 0.1048711790015725, 'n_state': 140, 'same_sign': True}, '4': {'effect': 0.104883865615927, 'n_state': 147, 'same_sign': True}}"
471,57618,0.10744906105730845,1.0,0.8925509389426916,5.218531878020137e-14,atr_slope12:Q1:H3,feature_quintile_x_server_4h_block,atr_slope12,1,3.0,24,move_ge_1atr,5.2988169838358316e-14,829,57182,0.10613479766360046,3.657622404367869e-23,4.0233846448046565e-23,4,"{'1': {'effect': 0.10493464278304165, 'n_state': 175, 'same_sign': True}, '2': {'effect': 0.10503452692061399, 'n_state': 230, 'same_sign': True}, '3': {'effect': 0.10495278940269082, 'n_state': 185, 'same_sign': True}, '4': {'effect': 0.10505088970435505, 'n_state': 239, 'same_sign': True}}"
1499,56590,0.10186834811592005,0.9926617745163442,0.8907934264004241,1.736646923451171e-36,atr_slope12:Q1:H4,feature_quintile_x_server_4h_block,atr_slope12,1,4.0,24,move_ge_1atr,2.6744362621148033e-36,1474,56537,0.08994279247348236,8.166676037877692e-29,1.0142484756719068e-28,4,"{'1': {'effect': 0.09271296761126602, 'n_state': 244, 'same_sign': True}, '2': {'effect': 0.10104906531188984, 'n_state': 458, 'same_sign': True}, '3': {'effect': 0.07482804395230502, 'n_state': 493, 'same_sign': True}, '4': {'effect': 0.08711592087726083, 'n_state': 279, 'same_sign': True}}"
2697,55392,0.08960341871609057,0.978865406006674,0.8892619872905835,4.40026809759776e-49,atr_slope12:Q1:H5,feature_quintile_x_server_4h_block,atr_slope12,1,5.0,24,move_ge_1atr,7.972250435647706e-49,2364,55647,0.09759694426223164,4.437789689280821e-52,8.135947763681505e-52,4,"{'1': {'effect': 0.09399477004628498, 'n_state': 441, 'same_sign': True}, '2': {'effect': 0.09732238957520467, 'n_state': 602, 'same_sign': True}, '3': {'effect': 0.09061246653479171, 'n_state': 848, 'same_sign': True}, '4': {'effect': 0.09908348463818784, 'n_state': 473, 'same_sign': True}}"
9352,48737,0.12078382885827743,0.9947604790419161,0.8739766501836387,2.066441745070102e-263,atr_slope12:Q2,feature_quintile,atr_slope12,2,,24,move_ge_1atr,1.0156341342791353e-262,10332,47679,0.12081192827011278,1.0584370976780053e-289,6.350622586068031e-289,4,"{'1': {'effect': 0.10513695624622266, 'n_state': 2249, 'same_sign': True}, '2': {'effect': 0.10107374651184275, 'n_state': 2679, 'same_sign': True}, '3': {'effect': 0.10395197349462171, 'n_state': 2514, 'same_sign': True}, '4': {'effect': 0.10573327543826361, 'n_state': 2890, 'same_sign': True}}"
343,57746,0.10721088906590936,1.0,0.8927891109340906,1.402574787141047e-10,atr_slope12:Q2:H0,feature_quintile_x_server_4h_block,atr_slope12,2,0.0,24,move_ge_1atr,1.4086729383894864e-10,423,57588,0.10300510793964657,5.327866949801759e-12,5.339424144920635e-12,4,"{'1': {'effect': 0.10472279260780293, 'n_state': 58, 'same_sign': True}, '2': {'effect': 0.1048530605898309, 'n_state': 130, 'same_sign': True}, '3': {'effect': 0.1048476262870569, 'n_state': 127, 'same_sign': True}, '4': {'effect': 0.0955366925912493, 'n_state': 108, 'same_sign': True}}"
2735,55354,0.10762311039221772,0.9959780621572212,0.8883549517650035,6.425621947398245e-71,atr_slope12:Q2:H1,feature_quintile_x_server_4h_block,atr_slope12,2,1.0,24,move_ge_1atr,2.01948118346802e-70,3122,54889,0.10616776302448327,2.756929841267395e-79,9.797704512811819e-79,4,"{'1': {'effect': 0.10437893357110617, 'n_state': 682, 'same_sign': True}, '2': {'effect': 0.09774416921951246, 'n_state': 739, 'same_sign': True}, '3': {'effect': 0.1060531926047601, 'n_state': 785, 'same_sign': True}, '4': {'effect': 0.0996412169864751, 'n_state': 916, 'same_sign': True}}"
1385,56704,0.10918101015801351,1.0,0.8908189898419865,1.0764618223902002e-38,atr_slope12:Q2:H2,feature_quintile_x_server_4h_block,atr_slope12,2,2.0,24,move_ge_1atr,1.720849003267379e-38,1756,56255,0.10788374366722953,6.214649006042738e-48,1.0254170859970517e-47,4,"{'1': {'effect': 0.10514188697550331, 'n_state': 289, 'same_sign': True}, '2': {'effect': 0.10566359663631453, 'n_state': 574, 'same_sign': True}, '3': {'effect': 0.10526772240820081, 'n_state': 358, 'same_sign': True}, '4': {'effect': 0.10559189922750367, 'n_state': 535, 'same_sign': True}}"
2210,55879,0.11032257886890218,0.9995475113122172,0.889224932443315,4.74108132733477e-61,atr_slope12:Q2:H3,feature_quintile_x_server_4h_block,atr_slope12,2,3.0,24,move_ge_1atr,1.0283472174782458e-60,2417,55594,0.10916645681188619,4.740629042092731e-66,1.2883356573216714e-65,4,"{'1': {'effect': 0.10565072070190096, 'n_state': 567, 'same_sign': True}, '2': {'effect': 0.10564520340487749, 'n_state': 564, 'same_sign': True}, '3': {'effect': 0.10567831583346388, 'n_state': 582, 'same_sign': True}, '4': {'effect': 0.1059032927914565, 'n_state': 704, 'same_sign': True}}"
1134,56955,0.09430957978056564,0.9858906525573192,0.8915810727767536,2.1737335733096713e-24,atr_slope12:Q2:H4,feature_quintile_x_server_4h_block,atr_slope12,2,4.0,24,move_ge_1atr,2.529634536194126e-24,1115,56896,0.08472182113726823,5.486411735268866e-20,5.747669436948335e-20,4,"{'1': {'effect': 0.09398704205261665, 'n_state': 271, 'same_sign': True}, '2': {'effect': 0.08311284152946741, 'n_state': 274, 'same_sign': True}, '3': {'effect': 0.06535345832542283, 'n_state': 328, 'same_sign': True}, '4': {'effect': 0.09675726164437481, 'n_state': 242, 'same_sign': True}}"
1545,56544,0.09552632952566198,0.9864077669902913,0.8908814374646293,3.333850403543579e-33,atr_slope12:Q2:H5,feature_quintile_x_server_4h_block,atr_slope12,2,5.0,24,move_ge_1atr,4.724659160850103e-33,1499,56512,0.09575140505146129,6.105252866731148e-33,8.705638347005526e-33,4,"{'1': {'effect': 0.0947709482000727, 'n_state': 382, 'same_sign': True}, '2': {'effect': 0.08004160842048924, 'n_state': 398, 'same_sign': True}, '3': {'effect': 0.10522391941328435, 'n_state': 334, 'same_sign': True}, '4': {'effect': 0.09747277676337474, 'n_state': 385, 'same_sign': True}}"
9967,48122,0.124776604238649,0.9967894050366208,0.8720128007979718,1.4860502745265884e-295,atr_slope12:Q3,feature_quintile,atr_slope12,3,,24,move_ge_1atr,9.27777333555789e-295,10295,47716,0.12400156079696234,3.107237786305604e-304,2.4331251818189645e-303,4,"{'1': {'effect': 0.10510307369664373, 'n_state': 2487, 'same_sign': True}, '2': {'effect': 0.10673345080378671, 'n_state': 2470, 'same_sign': True}, '3': {'effect': 0.10804378141307791, 'n_state': 2487, 'same_sign': True}, '4': {'effect': 0.10707431510743015, 'n_state': 2851, 'same_sign': True}}"
439,57650,0.10738941890719866,1.0,0.8926105810928013,3.7539859925466114e-13,atr_slope12:Q3:H0,feature_quintile_x_server_4h_block,atr_slope12,3,0.0,24,move_ge_1atr,3.803380545080119e-13,487,57524,0.10550378972255059,3.5856279939983146e-14,3.609063471083271e-14,4,"{'1': {'effect': 0.104739058401215, 'n_state': 67, 'same_sign': True}, '2': {'effect': 0.104883865615927, 'n_state': 147, 'same_sign': True}, '3': {'effect': 0.10490743461651486, 'n_state': 160, 'same_sign': True}, '4': {'effect': 0.10482227365366681, 'n_state': 113, 'same_sign': True}}"
2398,55691,0.10725224130425737,0.9962468723936614,0.888994631089404,2.340732395346446e-62,atr_slope12:Q3:H1,feature_quintile_x_server_4h_block,atr_slope12,3,1.0,24,move_ge_1atr,5.275211544634429e-62,2610,55401,0.10513364732409702,6.311199787198508e-66,1.705131170576439e-65,4,"{'1': {'effect': 0.09900351491853965, 'n_state': 729, 'same_sign': True}, '2': {'effect': 0.10077932286174285, 'n_state': 612, 'same_sign': True}, '3': {'effect': 0.10415324741087673, 'n_state': 628, 'same_sign': True}, '4': {'effect': 0.10263201045733994, 'n_state': 641, 'same_sign': True}}"
2763,55326,0.11152037221054723,0.9996380745566413,0.8881177023460941,9.8941850135221e-77,atr_slope12:Q3:H2,feature_quintile_x_server_4h_block,atr_slope12,3,2.0,24,move_ge_1atr,3.288570846221015e-76,3065,54946,0.11045390019291668,3.230571774988866e-84,1.2437701333707133e-83,4,"{'1': {'effect': 0.10583311535443374, 'n_state': 666, 'same_sign': True}, '2': {'effect': 0.10606060606060608, 'n_state': 789, 'same_sign': True}, '3': {'effect': 0.10596431190417988, 'n_state': 737, 'same_sign': True}, '4': {'effect': 0.10621652840491447, 'n_state': 873, 'same_sign': True}}"
3005,55084,0.1123919831530027,1.0,0.8876080168469973,3.3455397157457146e-84,atr_slope12:Q3:H3,feature_quintile_x_server_4h_block,atr_slope12,3,3.0,24,move_ge_1atr,1.2365114789396162e-83,2646,55365,0.10922199880283245,6.482786581302175e-72,2.0236806760551383e-71,4,"{'1': {'effect': 0.10449995023679015, 'n_state': 713, 'same_sign': True}, '2': {'effect': 0.10567831583346388, 'n_state': 582, 'same_sign': True}, '3': {'effect': 0.10581466306337717, 'n_state': 656, 'same_sign': True}, '4': {'effect': 0.10588666340986808, 'n_state': 695, 'same_sign': True}}"
835,57254,0.09476640389532176,0.9868263473053892,0.8920599434100674,1.2478663565323573e-18,atr_slope12:Q3:H4,feature_quintile_x_server_4h_block,atr_slope12,3,4.0,24,move_ge_1atr,1.2984555331485338e-18,814,57197,0.10236900966309848,2.6534933090639992e-21,2.8509625785757388e-21,4,"{'1': {'effect': 0.10493101421210971, 'n_state': 173, 'same_sign': True}, '2': {'effect': 0.0991684120593368, 'n_state': 174, 'same_sign': True}, '3': {'effect': 0.09993578214187238, 'n_state': 199, 'same_sign': True}, '4': {'effect': 0.10135498752707894, 'n_state': 268, 'same_sign': True}}"
527,57562,0.0864896308160289,0.9791271347248577,0.8926375039088288,1.5023293050365428e-10,atr_slope12:Q3:H5,feature_quintile_x_server_4h_block,atr_slope12,3,5.0,24,move_ge_1atr,1.5055881538544095e-10,673,57338,0.0878061412845711,1.3689841839186308e-13,1.3749362890661033e-13,4,"{'1': {'effect': 0.07602327040772683, 'n_state': 139, 'same_sign': True}, '2': {'effect': 0.09283554826098406, 'n_state': 166, 'same_sign': True}, '3': {'effect': 0.09544834763566123, 'n_state': 107, 'same_sign': True}, '4': {'effect': 0.08584724088172357, 'n_state': 261, 'same_sign': True}}"
10055,48034,0.12684325397141716,0.9983092988562904,0.8714660448848732,1.8021635634014608e-307,atr_slope12:Q4,feature_quintile,atr_slope12,4,,24,move_ge_1atr,1.4607009934938156e-306,9971,48040,0.1243945138653969,1.3880735588271954e-298,9.032253298284005e-298,4,"{'1': {'effect': 0.10796248493833982, 'n_state': 2618, 'same_sign': True}, '2': {'effect': 0.10696805282667776, 'n_state': 2242, 'same_sign': True}, '3': {'effect': 0.1084822068663589, 'n_state': 2495, 'same_sign': True}, '4': {'effect': 0.10715673341829446, 'n_state': 2616, 'same_sign': True}}"
680,57409,0.10784023410963439,1.0,0.8921597658903656,1.3074255806005895e-19,atr_slope12:Q4:H0,feature_quintile_x_server_4h_block,atr_slope12,4,0.0,24,move_ge_1atr,1.372796859630619e-19,572,57439,0.105659917477672,2.1078332457317464e-16,2.144975681779883e-16,4,"{'1': {'effect': 0.10485124909298227, 'n_state': 129, 'same_sign': True}, '2': {'effect': 0.10483132675798457, 'n_state': 118, 'same_sign': True}, '3': {'effect': 0.10490380792698739, 'n_state': 158, 'same_sign': True}, '4': {'effect': 0.10492013000484057, 'n_state': 167, 'same_sign': True}}"
1914,56175,0.10588702735657296,0.9958202716823407,0.8899332443257677,2.5349771145131878e-49,atr_slope12:Q4:H1,feature_quintile_x_server_4h_block,atr_slope12,4,1.0,24,move_ge_1atr,4.6474580432741774e-49,2105,55906,0.10658543484894434,1.9092442475620156e-55,3.73758831514259e-55,4,"{'1': {'effect': 0.1003186441035363, 'n_state': 568, 'same_sign': True}, '2': {'effect': 0.10546895365205156, 'n_state': 468, 'same_sign': True}, '3': {'effect': 0.10567831583346388, 'n_state': 582, 'same_sign': True}, '4': {'effect': 0.1034330175838043, 'n_state': 487, 'same_sign': True}}"
4258,53831,0.11475465214582325,0.9997651479567872,0.8850104958109639,1.0800551644927655e-120,atr_slope12:Q4:H2,feature_quintile_x_server_4h_block,atr_slope12,4,2.0,24,move_ge_1atr,4.5362316908696146e-120,4190,53821,0.11250543268615287,3.0112840977940513e-116,1.2763424341108733e-115,4,"{'1': {'effect': 0.10674522909154871, 'n_state': 1156, 'same_sign': True}, '2': {'effect': 0.10633563443949956, 'n_state': 937, 'same_sign': True}, '3': {'effect': 0.10662145780994714, 'n_state': 1090, 'same_sign': True}, '4': {'effect': 0.10545562160936872, 'n_state': 1007, 'same_sign': True}}"
2045,56044,0.1104667761044893,1.0,0.8895332238955107,6.200882521557216e-57,atr_slope12:Q4:H3,feature_quintile_x_server_4h_block,atr_slope12,4,3.0,24,move_ge_1atr,1.2348309159307906e-56,1905,56106,0.1076274913823132,1.765834842261001e-51,3.211872823325128e-51,4,"{'1': {'effect': 0.10553497835046166, 'n_state': 504, 'same_sign': True}, '2': {'effect': 0.10534446546666432, 'n_state': 400, 'same_sign': True}, '3': {'effect': 0.1031135218682464, 'n_state': 438, 'same_sign': True}, '4': {'effect': 0.10564336443392286, 'n_state': 563, 'same_sign': True}}"
987,57102,0.10429728532496474,0.9959473150962512,0.8916500297712865,6.414067644183537e-26,atr_slope12:Q4:H4,feature_quintile_x_server_4h_block,atr_slope12,4,4.0,24,move_ge_1atr,7.540201658047822e-26,943,57068,0.09987900427396579,2.802873254823593e-23,3.0905189587792364e-23,4,"{'1': {'effect': 0.10499273406684662, 'n_state': 207, 'same_sign': True}, '2': {'effect': 0.08765109933334236, 'n_state': 231, 'same_sign': True}, '3': {'effect': 0.09993578214187238, 'n_state': 199, 'same_sign': True}, '4': {'effect': 0.10188755859331866, 'n_state': 306, 'same_sign': True}}"
20740,37349,-0.28545695914785174,0.7098842815814851,0.9953412407293368,0.0,atr_slope12:Q5,feature_quintile,atr_slope12,5,,24,move_ge_1atr,0.0,18947,39064,-0.30785248812825483,0.0,0.0,4,"{'1': {'effect': -0.22377813878842712, 'n_state': 4881, 'same_sign': True}, '2': {'effect': -0.24248709975513172, 'n_state': 4596, 'same_sign': True}, '3': {'effect': -0.22524960420940088, 'n_state': 4927, 'same_sign': True}, '4': {'effect': -0.21152910714226014, 'n_state': 4543, 'same_sign': True}}"
7378,50711,-0.40268697099594,0.5418812686364869,0.9445682396324269,0.0,atr_slope12:Q5:H0,feature_quintile_x_server_4h_block,atr_slope12,5,0.0,24,move_ge_1atr,0.0,7266,50745,-0.4114031809604197,0.0,0.0,4,"{'1': {'effect': -0.34712810040863185, 'n_state': 1896, 'same_sign': True}, '2': {'effect': -0.384936485133337, 'n_state': 1747, 'same_sign': True}, '3': {'effect': -0.3759384189200621, 'n_state': 1835, 'same_sign': True}, '4': {'effect': -0.37967936764755217, 'n_state': 1788, 'same_sign': True}}"
2770,55319,0.07665936648502025,0.9664259927797834,0.8897666262947631,2.7598215295460716e-37,atr_slope12:Q5:H1,feature_quintile_x_server_4h_block,atr_slope12,5,1.0,24,move_ge_1atr,4.336862403572398e-37,1776,56235,0.09223928182650509,7.024422909219628e-36,1.0570955648402176e-35,4,"{'1': {'effect': 0.09605096994074214, 'n_state': 431, 'same_sign': True}, '2': {'effect': 0.1055606769519768, 'n_state': 518, 'same_sign': True}, '3': {'effect': 0.09166996429405816, 'n_state': 509, 'same_sign': True}, '4': {'effect': 0.05460294224896978, 'n_state': 318, 'same_sign': True}}"
3628,54461,0.11308968616102233,0.9994487320837927,0.8863590459227704,2.3207080649250776e-101,atr_slope12:Q5:H2,feature_quintile_x_server_4h_block,atr_slope12,5,2.0,24,move_ge_1atr,9.24282005168436e-101,2853,55158,0.11002937017295766,3.1492658465249334e-78,1.0939555045823453e-77,4,"{'1': {'effect': 0.1061645033761327, 'n_state': 845, 'same_sign': True}, '2': {'effect': 0.10572433976726359, 'n_state': 607, 'same_sign': True}, '3': {'effect': 0.10616078925272876, 'n_state': 843, 'same_sign': True}, '4': {'effect': 0.10563417053939739, 'n_state': 558, 'same_sign': True}}"
4844,53245,-0.32808930392738356,0.5926919900908341,0.9207812940182176,0.0,atr_slope12:Q5:H4,feature_quintile_x_server_4h_block,atr_slope12,5,4.0,24,move_ge_1atr,0.0,4735,53276,-0.3315229341447019,0.0,0.0,4,"{'1': {'effect': -0.40436153335312947, 'n_state': 1091, 'same_sign': True}, '2': {'effect': -0.3109699854918604, 'n_state': 1205, 'same_sign': True}, '3': {'effect': -0.306926741993509, 'n_state': 1227, 'same_sign': True}, '4': {'effect': -0.23022490808738616, 'n_state': 1212, 'same_sign': True}}"
799,57290,-0.3970055299094195,0.5018773466833542,0.8988828765927737,1.2685521715397164e-285,atr_slope12:Q5:H5,feature_quintile_x_server_4h_block,atr_slope12,5,5.0,24,move_ge_1atr,7.061097629534326e-285,915,57096,-0.3534153005464481,4.079729676749253e-263,2.048733815932777e-262,4,"{'1': {'effect': -0.33107735263930427, 'n_state': 251, 'same_sign': True}, '2': {'effect': -0.4264181671976629, 'n_state': 221, 'same_sign': True}, '3': {'effect': -0.36708735341858956, 'n_state': 219, 'same_sign': True}, '4': {'effect': -0.2759115835494389, 'n_state': 224, 'same_sign': True}}"
9957,48132,0.11844397000345064,0.991563724013257,0.8731197540098063,2.5532961367413973e-266,compression6_atr:Q1,feature_quintile,compression6_atr,1,,24,move_ge_1atr,1.26841162921992e-265,10809,47202,0.1174323585243493,1.5401795108008648e-283,8.573047397469874e-283,4,"{'1': {'effect': 0.09529917556484446, 'n_state': 2410, 'same_sign': True}, '2': {'effect': 0.10345266561500555, 'n_state': 2778, 'same_sign': True}, '3': {'effect': 0.09849689267552109, 'n_state': 2835, 'same_sign': True}, '4': {'effect': 0.10310906534223208, 'n_state': 2786, 'same_sign': True}}"
1601,56488,0.10060612388111423,0.9912554653341662,0.890649341453052,7.139732167615633e-38,compression6_atr:Q1:H0,feature_quintile_x_server_4h_block,compression6_atr,1,0.0,24,move_ge_1atr,1.1335244884668118e-37,1546,56465,0.0915335364991009,4.0519850361618415e-31,5.538512090848435e-31,4,"{'1': {'effect': 0.053720716879898434, 'n_state': 332, 'same_sign': True}, '2': {'effect': 0.09811010404215115, 'n_state': 416, 'same_sign': True}, '3': {'effect': 0.10017821142310812, 'n_state': 391, 'same_sign': True}, '4': {'effect': 0.1004085421313391, 'n_state': 407, 'same_sign': True}}"
2447,55642,0.10742515051157431,0.9963220269718022,0.8888968764602279,9.724695837436478e-64,compression6_atr:Q1:H1,feature_quintile_x_server_4h_block,compression6_atr,1,1.0,24,move_ge_1atr,2.3400049358831527e-63,2726,55285,0.10477257479434754,3.5504217728250108e-68,1.0316319868208522e-67,4,"{'1': {'effect': 0.09723385417198205, 'n_state': 701, 'same_sign': True}, '2': {'effect': 0.10441465032927588, 'n_state': 691, 'same_sign': True}, '3': {'effect': 0.10575750182971455, 'n_state': 625, 'same_sign': True}, '4': {'effect': 0.097345201793541, 'n_state': 709, 'same_sign': True}}"
1152,56937,0.10873421500957203,1.0,0.891265784990428,2.4015551364328655e-32,compression6_atr:Q1:H2,feature_quintile_x_server_4h_block,compression6_atr,1,2.0,24,move_ge_1atr,3.3219115959041435e-32,1406,56605,0.10721667697199899,1.6878441380850545e-38,2.599279972650984e-38,4,"{'1': {'effect': 0.10506361983900281, 'n_state': 246, 'same_sign': True}, '2': {'effect': 0.10534629404617257, 'n_state': 401, 'same_sign': True}, '3': {'effect': 0.10517468459725499, 'n_state': 307, 'same_sign': True}, '4': {'effect': 0.10543963585190852, 'n_state': 452, 'same_sign': True}}"
1240,56849,0.10890253126704075,1.0,0.8910974687329593,9.727469374904743e-35,compression6_atr:Q1:H3,feature_quintile_x_server_4h_block,compression6_atr,1,3.0,24,move_ge_1atr,1.449706726195481e-34,1538,56473,0.10746728525135907,4.806274017253427e-42,7.476426249060887e-42,4,"{'1': {'effect': 0.10533166718733733, 'n_state': 393, 'same_sign': True}, '2': {'effect': 0.10520932651469184, 'n_state': 326, 'same_sign': True}, '3': {'effect': 0.10532069970845481, 'n_state': 387, 'same_sign': True}, '4': {'effect': 0.10540301151461473, 'n_state': 432, 'same_sign': True}}"
1705,56384,0.1001327199996005,0.9906158357771261,0.8904831157775256,8.655873116523811e-40,compression6_atr:Q1:H4,feature_quintile_x_server_4h_block,compression6_atr,1,4.0,24,move_ge_1atr,1.3982564265153849e-39,1677,56334,0.0886967729462782,1.353291115660338e-31,1.9061600470581587e-31,4,"{'1': {'effect': 0.10245708116765229, 'n_state': 358, 'same_sign': True}, '2': {'effect': 0.09884828390948863, 'n_state': 458, 'same_sign': True}, '3': {'effect': 0.0626230008089651, 'n_state': 517, 'same_sign': True}, '4': {'effect': 0.09062057780819388, 'n_state': 344, 'same_sign': True}}"
1812,56277,0.08437536443140115,0.9751655629139073,0.8907901984825062,2.181864334265781e-30,compression6_atr:Q1:H5,feature_quintile_x_server_4h_block,compression6_atr,1,5.0,24,move_ge_1atr,2.7845892884828478e-30,1916,56095,0.09199903384896746,2.732830483701688e-38,4.1806876936098674e-38,4,"{'1': {'effect': 0.08411646144390494, 'n_state': 380, 'same_sign': True}, '2': {'effect': 0.08475198652223137, 'n_state': 486, 'same_sign': True}, '3': {'effect': 0.09409107881763012, 'n_state': 608, 'same_sign': True}, '4': {'effect': 0.09402225100880324, 'n_state': 442, 'same_sign': True}}"
10405,47684,0.12280916441698653,0.9942335415665545,0.871424377149568,3.648876492917659e-296,compression6_atr:Q2,feature_quintile,compression6_atr,2,,24,move_ge_1atr,2.3413624162888313e-295,10485,47526,0.12292548910958279,2.7386995645192016e-303,1.9769987481372986e-302,4,"{'1': {'effect': 0.10562235343668913, 'n_state': 2390, 'same_sign': True}, '2': {'effect': 0.10554172131799422, 'n_state': 2612, 'same_sign': True}, '3': {'effect': 0.10364513667575037, 'n_state': 2638, 'same_sign': True}, '4': {'effect': 0.10705644641031342, 'n_state': 2845, 'same_sign': True}}"
1042,57047,0.10852454993251182,1.0,0.8914754500674882,2.3044045850541833e-29,compression6_atr:Q2:H0,feature_quintile_x_server_4h_block,compression6_atr,2,0.0,24,move_ge_1atr,2.877391671067656e-29,1022,56989,0.10649423572970218,2.8904980357615176e-28,3.4776304492755758e-28,4,"{'1': {'effect': 0.10499636690771941, 'n_state': 209, 'same_sign': True}, '2': {'effect': 0.10510910980256316, 'n_state': 271, 'same_sign': True}, '3': {'effect': 0.10515281724305214, 'n_state': 295, 'same_sign': True}, '4': {'effect': 0.10506543868153173, 'n_state': 247, 'same_sign': True}}"
2416,55673,0.10688422390298702,0.9958609271523179,0.8889767032493309,2.25098083487365e-62,compression6_atr:Q2:H1,feature_quintile_x_server_4h_block,compression6_atr,2,1.0,24,move_ge_1atr,5.09780953780209e-62,2515,55496,0.10644979768212126,2.9397696164598476e-65,7.587561803376813e-65,4,"{'1': {'effect': 0.1038094485462907, 'n_state': 555, 'same_sign': True}, '2': {'effect': 0.09944215346672469, 'n_state': 638, 'same_sign': True}, '3': {'effect': 0.10578146514911191, 'n_state': 638, 'same_sign': True}, '4': {'effect': 0.10290748151800122, 'n_state': 684, 'same_sign': True}}"
2103,55986,0.11008784394998283,0.9995244888254874,0.8894366448755046,4.738345347013327e-58,compression6_atr:Q2:H2,feature_quintile_x_server_4h_block,compression6_atr,2,2.0,24,move_ge_1atr,9.643680838414788e-58,2208,55803,0.10875759367775928,2.8077010941835524e-60,5.97768620051982e-60,4,"{'1': {'effect': 0.10551296093464768, 'n_state': 492, 'same_sign': True}, '2': {'effect': 0.10561946363620545, 'n_state': 550, 'same_sign': True}, '3': {'effect': 0.10559557365069427, 'n_state': 537, 'same_sign': True}, '4': {'effect': 0.10576487400230039, 'n_state': 629, 'same_sign': True}}"
1775,56314,0.10993713818943784,1.0,0.8900628618105622,2.0031933412823084e-49,compression6_atr:Q2:H3,feature_quintile_x_server_4h_block,compression6_atr,2,3.0,24,move_ge_1atr,3.68715268395389e-49,1892,56119,0.10705247046191146,1.2608940225944049e-50,2.2578799939481205e-50,4,"{'1': {'effect': 0.10340867768630724, 'n_state': 483, 'same_sign': True}, '2': {'effect': 0.10544879591340306, 'n_state': 457, 'same_sign': True}, '3': {'effect': 0.10277806826788738, 'n_state': 394, 'same_sign': True}, '4': {'effect': 0.10563417053939739, 'n_state': 558, 'same_sign': True}}"
1669,56420,0.09677599889045796,0.987417615338526,0.890641616448068,1.4969460591987936e-36,compression6_atr:Q2:H4,feature_quintile_x_server_4h_block,compression6_atr,2,4.0,24,move_ge_1atr,2.3207687226504785e-36,1605,56406,0.09606086845006545,2.648605417206862e-35,3.960050817959774e-35,4,"{'1': {'effect': 0.09983305984824187, 'n_state': 369, 'same_sign': True}, '2': {'effect': 0.09491536687448276, 'n_state': 387, 'same_sign': True}, '3': {'effect': 0.08722549491377829, 'n_state': 443, 'same_sign': True}, '4': {'effect': 0.09543378273044345, 'n_state': 406, 'same_sign': True}}"
1400,56689,0.08871597664449893,0.98,0.891284023355501,2.234216737903332e-26,compression6_atr:Q2:H5,feature_quintile_x_server_4h_block,compression6_atr,2,5.0,24,move_ge_1atr,2.639918498494474e-26,1243,56768,0.0953991308486487,1.5847374791696e-27,1.8677263147356e-27,4,"{'1': {'effect': 0.09087545143983455, 'n_state': 282, 'same_sign': True}, '2': {'effect': 0.09867117728752306, 'n_state': 309, 'same_sign': True}, '3': {'effect': 0.08698753619301824, 'n_state': 331, 'same_sign': True}, '4': {'effect': 0.09893501035991592, 'n_state': 321, 'same_sign': True}}"
10620,47469,0.12592805438411014,0.9963276836158192,0.8703996292317091,2.99101784e-316,compression6_atr:Q3,feature_quintile,compression6_atr,3,,24,move_ge_1atr,2.76370048e-315,10522,47489,0.12292196447345827,4.241652354583393e-304,3.266072313029212e-303,4,"{'1': {'effect': 0.10541023214869205, 'n_state': 2574, 'same_sign': True}, '2': {'effect': 0.10408389775466576, 'n_state': 2547, 'same_sign': True}, '3': {'effect': 0.1059006986222184, 'n_state': 2718, 'same_sign': True}, '4': {'effect': 0.10617417529603412, 'n_state': 2683, 'same_sign': True}}"
1041,57048,0.10852264759500774,1.0,0.8914773524049923,2.4525966719868248e-29,compression6_atr:Q3:H0,feature_quintile_x_server_4h_block,compression6_atr,3,0.0,24,move_ge_1atr,3.0541769877571776e-29,1045,56966,0.10653723273531579,7.099275133606767e-29,8.840606770151822e-29,4,"{'1': {'effect': 0.10500908383078122, 'n_state': 216, 'same_sign': True}, '2': {'effect': 0.10511821252273312, 'n_state': 276, 'same_sign': True}, '3': {'effect': 0.10516557209447397, 'n_state': 302, 'same_sign': True}, '4': {'effect': 0.10507271468144042, 'n_state': 251, 'same_sign': True}}"
2462,55627,0.10959827189448024,0.9983753046303818,0.8887770327359016,1.2046431025908072e-66,compression6_atr:Q3:H1,feature_quintile_x_server_4h_block,compression6_atr,3,1.0,24,move_ge_1atr,3.478406958730956e-66,2492,55519,0.10512096895551815,3.8192086566855006e-63,8.822371996943506e-63,4,"{'1': {'effect': 0.09922697781657341, 'n_state': 620, 'same_sign': True}, '2': {'effect': 0.10218374042887024, 'n_state': 579, 'same_sign': True}, '3': {'effect': 0.10589035837666194, 'n_state': 697, 'same_sign': True}, '4': {'effect': 0.0989230066973823, 'n_state': 596, 'same_sign': True}}"
2699,55390,0.11138251641614871,0.9996294924045943,0.8882469759884456,6.692245025422111e-75,compression6_atr:Q3:H2,feature_quintile_x_server_4h_block,compression6_atr,3,2.0,24,move_ge_1atr,2.2084408583892965e-74,2719,55292,0.10976271431671847,1.8223888106216533e-74,6.190761989023558e-74,4,"{'1': {'effect': 0.10591992739711686, 'n_state': 713, 'same_sign': True}, '2': {'effect': 0.10588481602316935, 'n_state': 694, 'same_sign': True}, '3': {'effect': 0.10581281818815813, 'n_state': 655, 'same_sign': True}, '4': {'effect': 0.10581650800292919, 'n_state': 657, 'same_sign': True}}"
1905,56184,0.10964878055343463,0.9994750656167979,0.8898262850633633,1.5778258183056029e-52,compression6_atr:Q3:H3,feature_quintile_x_server_4h_block,compression6_atr,3,3.0,24,move_ge_1atr,3.0373147002382855e-52,1918,56093,0.10819531848893804,2.4565548040906013e-52,4.5579450581922e-52,4,"{'1': {'effect': 0.10552763819095479, 'n_state': 500, 'same_sign': True}, '2': {'effect': 0.10535543789601598, 'n_state': 406, 'same_sign': True}, '3': {'effect': 0.10544146773689145, 'n_state': 453, 'same_sign': True}, '4': {'effect': 0.1056360091902806, 'n_state': 559, 'same_sign': True}}"
1502,56587,0.09710463863463525,0.9880159786950732,0.8909113400604379,2.2658716365314153e-33,compression6_atr:Q3:H4,feature_quintile_x_server_4h_block,compression6_atr,3,4.0,24,move_ge_1atr,3.2611610469704484e-33,1387,56624,0.09166924208220151,3.045252128481162e-28,3.6543025541773944e-28,4,"{'1': {'effect': 0.09087545143983455, 'n_state': 282, 'same_sign': True}, '2': {'effect': 0.0831618812259608, 'n_state': 364, 'same_sign': True}, '3': {'effect': 0.08666427606097593, 'n_state': 378, 'same_sign': True}, '4': {'effect': 0.0997325174384065, 'n_state': 363, 'same_sign': True}}"
1011,57078,0.09336601493733965,0.9851632047477745,0.8917971898104349,1.4770295998942247e-21,compression6_atr:Q3:H5,feature_quintile_x_server_4h_block,compression6_atr,3,5.0,24,move_ge_1atr,1.6170324055714023e-21,961,57050,0.09474114478691775,1.7955723070330608e-21,1.9336932537279118e-21,4,"{'1': {'effect': 0.09679308977074752, 'n_state': 243, 'same_sign': True}, '2': {'effect': 0.0918210783175164, 'n_state': 228, 'same_sign': True}, '3': {'effect': 0.09211252125755276, 'n_state': 233, 'same_sign': True}, '4': {'effect': 0.09335853436600616, 'n_state': 257, 'same_sign': True}}"
10678,47411,0.12690974588524184,0.9970031841168758,0.870093438231634,1.63e-322,compression6_atr:Q4,feature_quintile,compression6_atr,4,,24,move_ge_1atr,1.6e-321,10345,47666,0.12497057166978942,3.8564007392585e-310,3.36161724818383e-309,4,"{'1': {'effect': 0.10755818821064433, 'n_state': 2462, 'same_sign': True}, '2': {'effect': 0.1065355839182418, 'n_state': 2543, 'same_sign': True}, '3': {'effect': 0.10832625930075357, 'n_state': 2603, 'same_sign': True}, '4': {'effect': 0.10749772723574114, 'n_state': 2737, 'same_sign': True}}"
1110,56979,0.10865406553291568,1.0,0.8913459344670843,3.312836637394863e-31,compression6_atr:Q4:H0,feature_quintile_x_server_4h_block,compression6_atr,4,0.0,24,move_ge_1atr,4.299243051900075e-31,1024,56987,0.10649797322196286,2.5583821096383303e-28,3.0941689388819594e-28,4,"{'1': {'effect': 0.1051018287614297, 'n_state': 267, 'same_sign': True}, '2': {'effect': 0.10503816265425159, 'n_state': 232, 'same_sign': True}, '3': {'effect': 0.10506907655552089, 'n_state': 249, 'same_sign': True}, '4': {'effect': 0.10511821252273312, 'n_state': 276, 'same_sign': True}}"
2381,55708,0.10719156981834876,0.996220075598488,0.8890285057801393,7.048256184023159e-62,compression6_atr:Q4:H1,feature_quintile_x_server_4h_block,compression6_atr,4,1.0,24,move_ge_1atr,1.5730890613616905e-61,2353,55658,0.10549727857292257,2.759184774076912e-60,5.901589655664507e-60,4,"{'1': {'effect': 0.10204799317903446, 'n_state': 562, 'same_sign': True}, '2': {'effect': 0.09672791950020099, 'n_state': 566, 'same_sign': True}, '3': {'effect': 0.10419233322091259, 'n_state': 637, 'same_sign': True}, '4': {'effect': 0.10568935792278356, 'n_state': 588, 'same_sign': True}}"
3131,54958,0.11264965974016516,1.0,0.8873503402598348,7.534705173719412e-88,compression6_atr:Q4:H2,feature_quintile_x_server_4h_block,compression6_atr,4,2.0,24,move_ge_1atr,2.8768874299655935e-87,2944,55067,0.10985336365936837,2.7831214711482064e-80,1.0204778727543423e-79,4,"{'1': {'effect': 0.10596616206589493, 'n_state': 738, 'same_sign': True}, '2': {'effect': 0.10595321229050281, 'n_state': 731, 'same_sign': True}, '3': {'effect': 0.10604763319296162, 'n_state': 782, 'same_sign': True}, '4': {'effect': 0.10442252073153357, 'n_state': 693, 'same_sign': True}}"
1990,56099,0.11035847341307337,1.0,0.8896415265869266,2.126279055562123e-55,compression6_atr:Q4:H3,feature_quintile_x_server_4h_block,compression6_atr,4,3.0,24,move_ge_1atr,4.180174143275322e-55,1953,56058,0.10826287059830886,2.7284910758183073e-53,5.12423933751243e-53,4,"{'1': {'effect': 0.10550195567144716, 'n_state': 486, 'same_sign': True}, '2': {'effect': 0.10546528803545052, 'n_state': 466, 'same_sign': True}, '3': {'effect': 0.1053792193360189, 'n_state': 419, 'same_sign': True}, '4': {'effect': 0.10567831583346388, 'n_state': 582, 'same_sign': True}}"
1353,56736,0.09776857344023371,0.9889135254988913,0.8911449520586576,1.073412517019777e-30,compression6_atr:Q4:H4,feature_quintile_x_server_4h_block,compression6_atr,4,4.0,24,move_ge_1atr,1.3813832391730833e-30,1330,56681,0.10322530537278074,5.191186904308543e-34,7.637988375129129e-34,4,"{'1': {'effect': 0.1012586186681268, 'n_state': 262, 'same_sign': True}, '2': {'effect': 0.1021689826963661, 'n_state': 330, 'same_sign': True}, '3': {'effect': 0.09944926906383234, 'n_state': 347, 'same_sign': True}, '4': {'effect': 0.10275311126518116, 'n_state': 391, 'same_sign': True}}"
713,57376,0.0965426313096982,0.9887798036465638,0.8922371723368656,1.0175652932011477e-16,compression6_atr:Q4:H5,feature_quintile_x_server_4h_block,compression6_atr,4,5.0,24,move_ge_1atr,1.0400777996878987e-16,741,57270,0.09776978005314696,5.620455954508888e-18,5.79609520308729e-18,4,"{'1': {'effect': 0.0980638626250998, 'n_state': 147, 'same_sign': True}, '2': {'effect': 0.10040825870629388, 'n_state': 218, 'same_sign': True}, '3': {'effect': 0.1049237578230352, 'n_state': 169, 'same_sign': True}, '4': {'effect': 0.08559986320589619, 'n_state': 207, 'same_sign': True}}"
16429,41660,-0.3585862069539867,0.6362529673138961,0.9948391742678828,0.0,compression6_atr:Q5,feature_quintile,compression6_atr,5,,24,move_ge_1atr,0.0,15850,42161,-0.3654533810867864,0.0,0.0,4,"{'1': {'effect': -0.2819488501015711, 'n_state': 4059, 'same_sign': True}, '2': {'effect': -0.30519081160538497, 'n_state': 3856, 'same_sign': True}, '3': {'effect': -0.2900061464888183, 'n_state': 4055, 'same_sign': True}, '4': {'effect': -0.2632465923160443, 'n_state': 3880, 'same_sign': True}}"
4481,53608,-0.6987160732804055,0.24860522204864985,0.9473212953290554,0.0,compression6_atr:Q5:H0,feature_quintile_x_server_4h_block,compression6_atr,5,0.0,24,move_ge_1atr,0.0,4621,53390,-0.6747295697520692,0.0,0.0,4,"{'1': {'effect': -0.5658768196526479, 'n_state': 1244, 'same_sign': True}, '2': {'effect': -0.6602298205520988, 'n_state': 1106, 'same_sign': True}, '3': {'effect': -0.661665550636267, 'n_state': 1139, 'same_sign': True}, '4': {'effect': -0.6537213676021822, 'n_state': 1132, 'same_sign': True}}"
2586,55503,0.07269091409661477,0.962877030162413,0.8901861160657982,1.1375027956491196e-31,compression6_atr:Q5:H1,feature_quintile_x_server_4h_block,compression6_atr,5,1.0,24,move_ge_1atr,1.5232646133040386e-31,2296,55715,0.09713867020466593,3.10649607675813e-50,5.477867127718534e-50,4,"{'1': {'effect': 0.10396177831003783, 'n_state': 586, 'same_sign': True}, '2': {'effect': 0.10570776653371183, 'n_state': 598, 'same_sign': True}, '3': {'effect': 0.09327701730336757, 'n_state': 571, 'same_sign': True}, '4': {'effect': 0.0720179973349433, 'n_state': 541, 'same_sign': True}}"
3347,54742,0.11246006567985589,0.9994024499551838,0.8869423842753279,4.143762738186433e-93,compression6_atr:Q5:H2,feature_quintile_x_server_4h_block,compression6_atr,5,2.0,24,move_ge_1atr,1.5953486542017765e-92,3107,54904,0.1105383942882121,2.0770432544232363e-85,8.0638149877608e-85,4,"{'1': {'effect': 0.10614593535749262, 'n_state': 835, 'same_sign': True}, '2': {'effect': 0.10588851086103113, 'n_state': 696, 'same_sign': True}, '3': {'effect': 0.1062425600448148, 'n_state': 887, 'same_sign': True}, '4': {'effect': 0.10587558005652276, 'n_state': 689, 'same_sign': True}}"
3070,55019,-0.5563771484804805,0.36644951140065146,0.922826659881132,0.0,compression6_atr:Q5:H4,feature_quintile_x_server_4h_block,compression6_atr,5,4.0,24,move_ge_1atr,0.0,3082,54929,-0.5474382250444261,0.0,0.0,4,"{'1': {'effect': -0.6658261453709653, 'n_state': 715, 'same_sign': True}, '2': {'effect': -0.5126903804134022, 'n_state': 803, 'same_sign': True}, '3': {'effect': -0.5437767818717041, 'n_state': 761, 'same_sign': True}, '4': {'effect': -0.39524904249255477, 'n_state': 803, 'same_sign': True}}"
803,57286,-0.3907288021836557,0.5080946450809465,0.8988234472646022,4.367956897980363e-278,compression6_atr:Q5:H5,feature_quintile_x_server_4h_block,compression6_atr,5,5.0,24,move_ge_1atr,2.2931773714396905e-277,846,57165,-0.3880384826057208,2.2254017803555196e-293,1.3528100296371712e-292,4,"{'1': {'effect': -0.39918695588493286, 'n_state': 215, 'same_sign': True}, '2': {'effect': -0.4012740408191885, 'n_state': 234, 'same_sign': True}, '3': {'effect': -0.4147246969164777, 'n_state': 195, 'same_sign': True}, '4': {'effect': -0.3172787854301353, 'n_state': 202, 'same_sign': True}}"
9628,48461,0.12414174557954061,0.9969879518072289,0.8728462062276883,1.1248483031449054e-284,dist_high24_atr:Q1,feature_quintile,dist_high24_atr,1,,24,move_ge_1atr,6.11388136532878e-284,10264,47747,0.12343794179443579,8.69752903060577e-301,5.909203547264509e-300,4,"{'1': {'effect': 0.10843637323974398, 'n_state': 2475, 'same_sign': True}, '2': {'effect': 0.10362078085434989, 'n_state': 2433, 'same_sign': True}, '3': {'effect': 0.10840351994877051, 'n_state': 2635, 'same_sign': True}, '4': {'effect': 0.10475390558711883, 'n_state': 2721, 'same_sign': True}}"
715,57374,0.10790602014849937,1.0,0.8920939798515006,1.502544201412996e-20,dist_high24_atr:Q1:H0,feature_quintile_x_server_4h_block,dist_high24_atr,1,0.0,24,move_ge_1atr,1.6106158261085945e-20,821,57190,0.10611995104039162,5.94520942182794e-23,6.493349297599311e-23,4,"{'1': {'effect': 0.10492738589211614, 'n_state': 171, 'same_sign': True}, '2': {'effect': 0.10498002110325022, 'n_state': 200, 'same_sign': True}, '3': {'effect': 0.10499273406684662, 'n_state': 207, 'same_sign': True}, '4': {'effect': 0.1050581636892397, 'n_state': 243, 'same_sign': True}}"
2224,55865,0.10895056620952237,0.9982014388489209,0.8892508726393985,6.144153222795953e-60,dist_high24_atr:Q1:H1,feature_quintile_x_server_4h_block,dist_high24_atr,1,1.0,24,move_ge_1atr,1.2961638305624339e-59,2600,55411,0.10429237876955844,1.1268695731576514e-64,2.844883840430792e-64,4,"{'1': {'effect': 0.10578515277753564, 'n_state': 640, 'same_sign': True}, '2': {'effect': 0.09755191573230149, 'n_state': 617, 'same_sign': True}, '3': {'effect': 0.1058238884045336, 'n_state': 661, 'same_sign': True}, '4': {'effect': 0.09399290170042351, 'n_state': 682, 'same_sign': True}}"
2407,55682,0.11031811497322919,0.9991690901537184,0.8888509751804892,4.2664103863319657e-66,dist_high24_atr:Q1:H2,feature_quintile_x_server_4h_block,dist_high24_atr,1,2.0,24,move_ge_1atr,1.1732628562412905e-65,2610,55401,0.1095467590837711,2.032932051718441e-71,6.261430719292798e-71,4,"{'1': {'effect': 0.10580175028764682, 'n_state': 649, 'same_sign': True}, '2': {'effect': 0.10572433976726359, 'n_state': 607, 'same_sign': True}, '3': {'effect': 0.10581097337726864, 'n_state': 654, 'same_sign': True}, '4': {'effect': 0.10589590131039417, 'n_state': 700, 'same_sign': True}}"
1912,56177,0.10966443070739573,0.9994769874476988,0.889812556740303,1.0079656075512751e-52,dist_high24_atr:Q1:H3,feature_quintile_x_server_4h_block,dist_high24_atr,1,3.0,24,move_ge_1atr,1.9566391205407106e-52,1822,56189,0.10744382018356224,3.192505402606634e-49,5.422564323545092e-49,4,"{'1': {'effect': 0.10379414206122017, 'n_state': 552, 'same_sign': True}, '2': {'effect': 0.10531887201735357, 'n_state': 386, 'same_sign': True}, '3': {'effect': 0.10539202917426416, 'n_state': 426, 'same_sign': True}, '4': {'effect': 0.10545062811669248, 'n_state': 458, 'same_sign': True}}"
1213,56876,0.10632488014162156,0.9975267930750206,0.891201912933399,1.6029076238125815e-32,dist_high24_atr:Q1:H4,feature_quintile_x_server_4h_block,dist_high24_atr,1,4.0,24,move_ge_1atr,2.2295863117922615e-32,1258,56753,0.1036869471220182,1.4177861642965788e-32,2.0154375627846752e-32,4,"{'1': {'effect': 0.10500545010986728, 'n_state': 214, 'same_sign': True}, '2': {'effect': 0.10204443138430275, 'n_state': 319, 'same_sign': True}, '3': {'effect': 0.10262367355828783, 'n_state': 376, 'same_sign': True}, '4': {'effect': 0.09948594809848799, 'n_state': 349, 'same_sign': True}}"
1157,56932,0.09198825255512633,0.9835782195332757,0.8915899669781494,1.0323964976256635e-23,dist_high24_atr:Q1:H5,feature_quintile_x_server_4h_block,dist_high24_atr,1,5.0,24,move_ge_1atr,1.1894443438978966e-23,1153,56858,0.0952360221689511,1.31277766454976e-25,1.4938504458669684e-25,4,"{'1': {'effect': 0.10103569987856276, 'n_state': 249, 'same_sign': True}, '2': {'effect': 0.08202159867497605, 'n_state': 304, 'same_sign': True}, '3': {'effect': 0.09871644552430514, 'n_state': 311, 'same_sign': True}, '4': {'effect': 0.09470929088703284, 'n_state': 289, 'same_sign': True}}"
9537,48552,0.12412558606330237,0.9971689210443536,0.8730433349810512,1.856852696442961e-282,dist_high24_atr:Q2,feature_quintile,dist_high24_atr,2,,24,move_ge_1atr,9.975185415774978e-282,9865,48146,0.1197028766341709,2.504922706294366e-274,1.3150844208045422e-273,4,"{'1': {'effect': 0.1041608370507916, 'n_state': 2461, 'same_sign': True}, '2': {'effect': 0.1017924644544187, 'n_state': 2320, 'same_sign': True}, '3': {'effect': 0.10655218016069823, 'n_state': 2409, 'same_sign': True}, '4': {'effect': 0.10262117983729646, 'n_state': 2675, 'same_sign': True}}"
728,57361,0.1079304754101219,1.0,0.8920695245898781,6.724771661764671e-21,dist_high24_atr:Q2:H0,feature_quintile_x_server_4h_block,dist_high24_atr,2,0.0,24,move_ge_1atr,7.275982453712596e-21,673,57338,0.10434271124585026,1.4585177625105655e-18,1.5108412696858324e-18,4,"{'1': {'effect': 0.1049165024375065, 'n_state': 165, 'same_sign': True}, '2': {'effect': 0.10490562124040659, 'n_state': 159, 'same_sign': True}, '3': {'effect': 0.10496004980803153, 'n_state': 189, 'same_sign': True}, '4': {'effect': 0.09864014883061656, 'n_state': 160, 'same_sign': True}}"
2310,55779,0.10963910683697708,0.9987012987012988,0.8890621918643217,7.417191410625915e-63,dist_high24_atr:Q2:H1,feature_quintile_x_server_4h_block,dist_high24_atr,2,1.0,24,move_ge_1atr,1.7219811214618957e-62,2320,55691,0.10224145515990635,5.396044578117052e-56,1.0653729038846489e-55,4,"{'1': {'effect': 0.09923920829850508, 'n_state': 621, 'same_sign': True}, '2': {'effect': 0.0998324160360371, 'n_state': 527, 'same_sign': True}, '3': {'effect': 0.10559006211180122, 'n_state': 534, 'same_sign': True}, '4': {'effect': 0.09310284178433748, 'n_state': 638, 'same_sign': True}}"
2452,55637,0.11127487103905676,1.0,0.8887251289609432,2.2008074416392737e-68,dist_high24_atr:Q2:H2,feature_quintile_x_server_4h_block,dist_high24_atr,2,2.0,24,move_ge_1atr,6.689296302877266e-68,2610,55401,0.1095467590837711,2.032932051718441e-71,6.261430719292798e-71,4,"{'1': {'effect': 0.10582757899142081, 'n_state': 663, 'same_sign': True}, '2': {'effect': 0.10574644549763035, 'n_state': 619, 'same_sign': True}, '3': {'effect': 0.10577409066350629, 'n_state': 634, 'same_sign': True}, '4': {'effect': 0.10588481602316935, 'n_state': 694, 'same_sign': True}}"
1818,56271,0.11002114766042903,1.0,0.889978852339571,1.2891722568778422e-50,dist_high24_atr:Q2:H3,feature_quintile_x_server_4h_block,dist_high24_atr,2,3.0,24,move_ge_1atr,2.401603155957916e-50,2010,56001,0.10837306476670061,7.571996389421156e-55,1.463708088666349e-54,4,"{'1': {'effect': 0.1055625130452933, 'n_state': 519, 'same_sign': True}, '2': {'effect': 0.10542681443907864, 'n_state': 445, 'same_sign': True}, '3': {'effect': 0.10546345532269841, 'n_state': 465, 'same_sign': True}, '4': {'effect': 0.10567647570955951, 'n_state': 581, 'same_sign': True}}"
1073,57016,0.10573503933625472,0.9972041006523765,0.8914690613161218,1.0016801483659629e-28,dist_high24_atr:Q2:H4,feature_quintile_x_server_4h_block,dist_high24_atr,2,4.0,24,move_ge_1atr,1.2242757368917325e-28,1123,56888,0.09306255230473948,6.086223390397908e-24,6.791872479139695e-24,4,"{'1': {'effect': 0.09211252125755276, 'n_state': 233, 'same_sign': True}, '2': {'effect': 0.0881170336105137, 'n_state': 295, 'same_sign': True}, '3': {'effect': 0.09500347061424097, 'n_state': 297, 'same_sign': True}, '4': {'effect': 0.09166615596244176, 'n_state': 298, 'same_sign': True}}"
1156,56933,0.09020690987652158,0.9818339100346021,0.8916270001580805,7.57637771034913e-23,dist_high24_atr:Q2:H5,feature_quintile_x_server_4h_block,dist_high24_atr,2,5.0,24,move_ge_1atr,8.495841024711889e-23,1129,56882,0.0877248438946644,1.4756964497317418e-21,1.592924672373983e-21,4,"{'1': {'effect': 0.08577174154826483, 'n_state': 260, 'same_sign': True}, '2': {'effect': 0.0758869210324109, 'n_state': 275, 'same_sign': True}, '3': {'effect': 0.09474690679122932, 'n_state': 290, 'same_sign': True}, '4': {'effect': 0.08863520388386703, 'n_state': 304, 'same_sign': True}}"
9467,48622,0.12089315038897497,0.994612865744164,0.873719715355189,1.773148546450263e-266,dist_high24_atr:Q3,feature_quintile,dist_high24_atr,3,,24,move_ge_1atr,8.904289439782843e-266,9508,48503,0.12059777348452982,2.1732491068786428e-270,1.1281360532336324e-269,4,"{'1': {'effect': 0.10427440165575974, 'n_state': 2265, 'same_sign': True}, '2': {'effect': 0.10741672272876335, 'n_state': 2236, 'same_sign': True}, '3': {'effect': 0.10141053809322542, 'n_state': 2420, 'same_sign': True}, '4': {'effect': 0.10747834482413843, 'n_state': 2587, 'same_sign': True}}"
702,57387,0.10499772201899871,0.9971509971509972,0.8921532751319985,3.223525262257875e-19,dist_high24_atr:Q3:H0,feature_quintile_x_server_4h_block,dist_high24_atr,3,0.0,24,move_ge_1atr,3.3770264652225356e-19,659,57352,0.1027504243422035,1.0424910835718418e-17,1.0702908458004242e-17,4,"{'1': {'effect': 0.09333574122819033, 'n_state': 173, 'same_sign': True}, '2': {'effect': 0.1049237578230352, 'n_state': 169, 'same_sign': True}, '3': {'effect': 0.10489836836283184, 'n_state': 155, 'same_sign': True}, '4': {'effect': 0.10491106155681174, 'n_state': 162, 'same_sign': True}}"
2423,55666,0.10906352179296364,0.9979364424267437,0.8888729206337801,4.829536432641563e-65,dist_high24_atr:Q3:H1,feature_quintile_x_server_4h_block,dist_high24_atr,3,1.0,24,move_ge_1atr,1.2060788280434605e-64,2297,55714,0.10711813078451582,1.0135079745229777e-60,2.177863647579608e-60,4,"{'1': {'effect': 0.10229856606365306, 'n_state': 594, 'same_sign': True}, '2': {'effect': 0.10351607687077591, 'n_state': 501, 'same_sign': True}, '3': {'effect': 0.1039712630258729, 'n_state': 588, 'same_sign': True}, '4': {'effect': 0.10573723365332688, 'n_state': 614, 'same_sign': True}}"
2444,55645,0.11040460047539502,0.9991816693944353,0.8887770689190403,3.8328263601269124e-67,dist_high24_atr:Q3:H2,feature_quintile_x_server_4h_block,dist_high24_atr,3,2.0,24,move_ge_1atr,1.1207378344168566e-66,2410,55601,0.10871979003332954,2.3802303638513344e-65,6.212804678527211e-65,4,"{'1': {'effect': 0.10569303913202488, 'n_state': 590, 'same_sign': True}, '2': {'effect': 0.10563968668407309, 'n_state': 561, 'same_sign': True}, '3': {'effect': 0.10580728394846495, 'n_state': 652, 'same_sign': True}, '4': {'effect': 0.10405947292045048, 'n_state': 607, 'same_sign': True}}"
1761,56328,0.1099098139468826,1.0,0.8900901860531174,4.889453602851468e-49,dist_high24_atr:Q3:H3,feature_quintile_x_server_4h_block,dist_high24_atr,3,3.0,24,move_ge_1atr,8.823935798896009e-49,1994,56017,0.10834211043076214,2.0724449165250357e-54,3.956485749729614e-54,4,"{'1': {'effect': 0.10549645390070927, 'n_state': 483, 'same_sign': True}, '2': {'effect': 0.10544513169782477, 'n_state': 455, 'same_sign': True}, '3': {'effect': 0.10537190082644632, 'n_state': 415, 'same_sign': True}, '4': {'effect': 0.10578699668816449, 'n_state': 641, 'same_sign': True}}"
1128,56961,0.09241494833904651,0.9840425531914894,0.8916276048524429,2.271451186327857e-23,dist_high24_atr:Q3:H4,feature_quintile_x_server_4h_block,dist_high24_atr,3,4.0,24,move_ge_1atr,2.5784040493451348e-23,1133,56878,0.09229895969406898,9.06856059036822e-24,1.0071334117187783e-23,4,"{'1': {'effect': 0.09679308977074752, 'n_state': 243, 'same_sign': True}, '2': {'effect': 0.09857900391640384, 'n_state': 305, 'same_sign': True}, '3': {'effect': 0.06818020608385966, 'n_state': 299, 'same_sign': True}, '4': {'effect': 0.10162259568062937, 'n_state': 286, 'same_sign': True}}"
1009,57080,0.08425541881996856,0.9762140733399405,0.8919586545199719,8.140874670379128e-18,dist_high24_atr:Q3:H5,feature_quintile_x_server_4h_block,dist_high24_atr,3,5.0,24,move_ge_1atr,8.376579282216385e-18,1015,56996,0.09344518861750561,5.334617862140056e-22,5.785430639222313e-22,4,"{'1': {'effect': 0.08290015333194356, 'n_state': 182, 'same_sign': True}, '2': {'effect': 0.10506180105944674, 'n_state': 245, 'same_sign': True}, '3': {'effect': 0.08578538509977873, 'n_state': 311, 'same_sign': True}, '4': {'effect': 0.09423774589774914, 'n_state': 277, 'same_sign': True}}"
9519,48570,0.12218855420072372,0.9955877718247715,0.8733992176240478,2.2960993285784645e-273,dist_high24_atr:Q4,feature_quintile,dist_high24_atr,4,,24,move_ge_1atr,1.1786643220036116e-272,9498,48513,0.11968685927311473,3.957593605799338e-266,2.009239830636587e-265,4,"{'1': {'effect': 0.1053014930171342, 'n_state': 2161, 'same_sign': True}, '2': {'effect': 0.10675701889446532, 'n_state': 2478, 'same_sign': True}, '3': {'effect': 0.09840369069527233, 'n_state': 2352, 'same_sign': True}, '4': {'effect': 0.10684207166029092, 'n_state': 2507, 'same_sign': True}}"
706,57383,0.10788909607375008,1.0,0.8921109039262499,2.621167239536118e-20,dist_high24_atr:Q4:H0,feature_quintile_x_server_4h_block,dist_high24_atr,4,0.0,24,move_ge_1atr,2.783860378541808e-20,734,57277,0.10595876180665886,1.1642511515399892e-20,1.2308559084930778e-20,4,"{'1': {'effect': 0.10495641947980072, 'n_state': 187, 'same_sign': True}, '2': {'effect': 0.10496549577128622, 'n_state': 192, 'same_sign': True}, '3': {'effect': 0.10494371530839863, 'n_state': 180, 'same_sign': True}, '4': {'effect': 0.10493464278304165, 'n_state': 175, 'same_sign': True}}"
2557,55532,0.10739436039457184,0.9960891669925694,0.8886948065979976,2.3457484153262254e-66,dist_high24_atr:Q4:H1,feature_quintile_x_server_4h_block,dist_high24_atr,4,1.0,24,move_ge_1atr,6.64868569251973e-66,2495,55516,0.10513169143965573,3.154718601019981e-63,7.324020068699654e-63,4,"{'1': {'effect': 0.09778621163485712, 'n_state': 633, 'same_sign': True}, '2': {'effect': 0.10109091439788098, 'n_state': 645, 'same_sign': True}, '3': {'effect': 0.10408214053056197, 'n_state': 612, 'same_sign': True}, '4': {'effect': 0.10405034403349445, 'n_state': 605, 'same_sign': True}}"
2380,55709,0.11113105602326379,1.0,0.8888689439767362,2.3974881513340937e-66,dist_high24_atr:Q4:H2,feature_quintile_x_server_4h_block,dist_high24_atr,4,2.0,24,move_ge_1atr,6.753899548270435e-66,2429,55582,0.10919002554783919,2.2036257638514655e-66,6.059970850591531e-66,4,"{'1': {'effect': 0.10558638807216547, 'n_state': 532, 'same_sign': True}, '2': {'effect': 0.10581835300681741, 'n_state': 658, 'same_sign': True}, '3': {'effect': 0.10578515277753564, 'n_state': 640, 'same_sign': True}, '4': {'effect': 0.10570960774750926, 'n_state': 599, 'same_sign': True}}"
1664,56425,0.10910218423025797,0.9993990384615384,0.8902968542312805,7.428886055010198e-46,dist_high24_atr:Q4:H3,feature_quintile_x_server_4h_block,dist_high24_atr,4,3.0,24,move_ge_1atr,1.239041645276069e-45,1787,56224,0.10736584400267668,2.845101706995578e-48,4.728190606589773e-48,4,"{'1': {'effect': 0.10534080849808203, 'n_state': 398, 'same_sign': True}, '2': {'effect': 0.10540484212720136, 'n_state': 433, 'same_sign': True}, '3': {'effect': 0.10258776959372828, 'n_state': 372, 'same_sign': True}, '4': {'effect': 0.10568199627352992, 'n_state': 584, 'same_sign': True}}"
1229,56860,0.10056889618256426,0.9918633034987795,0.8912944073162152,1.2529471548577471e-29,dist_high24_atr:Q4:H4,feature_quintile_x_server_4h_block,dist_high24_atr,4,4.0,24,move_ge_1atr,1.568730584130838e-29,1108,56903,0.08733306746403768,5.102569615176521e-21,5.406851289476038e-21,4,"{'1': {'effect': 0.10500363334371432, 'n_state': 213, 'same_sign': True}, '2': {'effect': 0.098387800799694, 'n_state': 297, 'same_sign': True}, '3': {'effect': 0.045610289695262596, 'n_state': 287, 'same_sign': True}, '4': {'effect': 0.09871644552430514, 'n_state': 311, 'same_sign': True}}"
983,57106,0.08668151486701803,0.9786368260427264,0.8919553111757084,2.4924760572952085e-18,dist_high24_atr:Q4:H5,feature_quintile_x_server_4h_block,dist_high24_atr,4,5.0,24,move_ge_1atr,2.5818922387228394e-18,945,57066,0.09451757057687027,4.697629240405586e-21,4.989206227741105e-21,4,"{'1': {'effect': 0.09484078499697823, 'n_state': 198, 'same_sign': True}, '2': {'effect': 0.10110647027046338, 'n_state': 253, 'same_sign': True}, '3': {'effect': 0.08584724088172357, 'n_state': 261, 'same_sign': True}, '4': {'effect': 0.09211252125755276, 'n_state': 233, 'same_sign': True}}"
19938,38151,-0.2991338889331796,0.6969605777911526,0.9960944667243322,0.0,dist_high24_atr:Q5,feature_quintile,dist_high24_atr,5,,24,move_ge_1atr,0.0,18876,39135,-0.3087975458807195,0.0,0.0,4,"{'1': {'effect': -0.24834132699631994, 'n_state': 4533, 'same_sign': True}, '2': {'effect': -0.22456046278593766, 'n_state': 4869, 'same_sign': True}, '3': {'effect': -0.2174463108023269, 'n_state': 5033, 'same_sign': True}, '4': {'effect': -0.21784597315299414, 'n_state': 4441, 'same_sign': True}}"
6424,51665,-0.4715687018305375,0.47400373599003737,0.9455724378205749,0.0,dist_high24_atr:Q5:H0,feature_quintile_x_server_4h_block,dist_high24_atr,5,0.0,24,move_ge_1atr,0.0,6371,51640,-0.47739896578233015,0.0,0.0,4,"{'1': {'effect': -0.43777934131141244, 'n_state': 1572, 'same_sign': True}, '2': {'effect': -0.43539466034222846, 'n_state': 1581, 'same_sign': True}, '3': {'effect': -0.4303824860683115, 'n_state': 1645, 'same_sign': True}, '4': {'effect': -0.444628333468541, 'n_state': 1573, 'same_sign': True}}"
2778,55311,0.07185733542900341,0.9618430525557955,0.8899857171267921,4.711512416602347e-33,dist_high24_atr:Q5:H1,feature_quintile_x_server_4h_block,dist_high24_atr,5,1.0,24,move_ge_1atr,6.63633761118989e-33,2670,55341,0.10102829261439139,2.585953098716302e-62,5.71631737610972e-62,4,"{'1': {'effect': 0.09994452487453986, 'n_state': 536, 'same_sign': True}, '2': {'effect': 0.10604763319296162, 'n_state': 782, 'same_sign': True}, '3': {'effect': 0.0981641666237616, 'n_state': 773, 'same_sign': True}, '4': {'effect': 0.08299393669070765, 'n_state': 579, 'same_sign': True}}"
2749,55340,0.11187206360679436,1.0,0.8881279363932056,7.677686105076492e-77,dist_high24_atr:Q5:H2,feature_quintile_x_server_4h_block,dist_high24_atr,5,2.0,24,move_ge_1atr,2.5703557830038687e-76,2325,55686,0.10898610063570735,1.667066415971433e-63,3.94966504707078e-63,4,"{'1': {'effect': 0.10569303913202488, 'n_state': 590, 'same_sign': True}, '2': {'effect': 0.10576118778753663, 'n_state': 627, 'same_sign': True}, '3': {'effect': 0.10568935792278356, 'n_state': 588, 'same_sign': True}, '4': {'effect': 0.10556434920248392, 'n_state': 520, 'same_sign': True}}"
4656,53433,-0.3466822478907491,0.5745274914089347,0.9212097392996837,0.0,dist_high24_atr:Q5:H4,feature_quintile_x_server_4h_block,dist_high24_atr,5,4.0,24,move_ge_1atr,0.0,4459,53552,-0.3577295607631943,0.0,0.0,4,"{'1': {'effect': -0.40901969382718356, 'n_state': 1083, 'same_sign': True}, '2': {'effect': -0.34252774793680996, 'n_state': 1126, 'same_sign': True}, '3': {'effect': -0.3189253363168333, 'n_state': 1187, 'same_sign': True}, '4': {'effect': -0.2767465538200221, 'n_state': 1063, 'same_sign': True}}"
1434,56655,-0.18101487052404464,0.7168758716875872,0.8978907422116318,1.124821257043096e-106,dist_high24_atr:Q5:H5,feature_quintile_x_server_4h_block,dist_high24_atr,5,5.0,24,move_ge_1atr,4.518847136990525e-106,1465,56546,-0.18328706134206596,2.1849492136858492e-113,9.176786697480566e-113,4,"{'1': {'effect': -0.19027252078628887, 'n_state': 378, 'same_sign': True}, '2': {'effect': -0.19318975241751246, 'n_state': 398, 'same_sign': True}, '3': {'effect': -0.17471207418978218, 'n_state': 363, 'same_sign': True}, '4': {'effect': -0.15700038978352393, 'n_state': 326, 'same_sign': True}}"
9528,48561,0.12472711488010335,0.9976910159529807,0.8729639010728774,5.756861315773647e-285,dist_low24_atr:Q1,feature_quintile,dist_low24_atr,1,,24,move_ge_1atr,3.1662737236755056e-284,9184,48827,0.12222613595079945,4.526772141409963e-270,2.3237430325904478e-269,4,"{'1': {'effect': 0.10624469550803828, 'n_state': 2155, 'same_sign': True}, '2': {'effect': 0.10758655929414973, 'n_state': 2303, 'same_sign': True}, '3': {'effect': 0.10639377413094386, 'n_state': 2628, 'same_sign': True}, '4': {'effect': 0.1085436302827607, 'n_state': 2098, 'same_sign': True}}"
859,57230,0.10581429385379382,0.9976717112922002,0.8918574174384064,1.9469420492156651e-23,dist_low24_atr:Q1:H0,feature_quintile_x_server_4h_block,dist_low24_atr,1,0.0,24,move_ge_1atr,2.2154857801419637e-23,789,57222,0.1034908002226802,3.977653189292742e-21,4.244054904049069e-21,4,"{'1': {'effect': 0.09478769567169631, 'n_state': 197, 'same_sign': True}, '2': {'effect': 0.10498002110325022, 'n_state': 200, 'same_sign': True}, '3': {'effect': 0.10504725308962504, 'n_state': 237, 'same_sign': True}, '4': {'effect': 0.10489836836283184, 'n_state': 155, 'same_sign': True}}"
2296,55793,0.10824296018052293,0.9973867595818815,0.8891437994013586,5.757043166548547e-61,dist_low24_atr:Q1:H1,feature_quintile_x_server_4h_block,dist_low24_atr,1,1.0,24,move_ge_1atr,1.2370948571839204e-60,2490,55521,0.10889037318561534,1.4363614566047755e-67,4.121732875474573e-67,4,"{'1': {'effect': 0.10390402597750037, 'n_state': 574, 'same_sign': True}, '2': {'effect': 0.10584049807293205, 'n_state': 670, 'same_sign': True}, '3': {'effect': 0.10594396438858344, 'n_state': 726, 'same_sign': True}, '4': {'effect': 0.10556434920248392, 'n_state': 520, 'same_sign': True}}"
2550,55539,0.11147121842309005,1.0,0.88852878157691,3.644150024803639e-71,dist_low24_atr:Q1:H2,feature_quintile_x_server_4h_block,dist_low24_atr,1,2.0,24,move_ge_1atr,1.153148843465261e-70,2234,55777,0.10880829015544047,5.4011894823158465e-61,1.1826301141374034e-60,4,"{'1': {'effect': 0.10556985805733365, 'n_state': 523, 'same_sign': True}, '2': {'effect': 0.10565072070190096, 'n_state': 567, 'same_sign': True}, '3': {'effect': 0.10584049807293205, 'n_state': 670, 'same_sign': True}, '4': {'effect': 0.10547995203086713, 'n_state': 474, 'same_sign': True}}"
1648,56441,0.10968976453287504,1.0,0.890310235467125,6.4676537540448156e-46,dist_low24_atr:Q1:H3,feature_quintile_x_server_4h_block,dist_low24_atr,1,3.0,24,move_ge_1atr,1.086565830679529e-45,1662,56349,0.10770377468987913,2.1754666527579005e-45,3.477735617903633e-45,4,"{'1': {'effect': 0.10532983911556948, 'n_state': 392, 'same_sign': True}, '2': {'effect': 0.10529694467095785, 'n_state': 374, 'same_sign': True}, '3': {'effect': 0.1054158271381922, 'n_state': 439, 'same_sign': True}, '4': {'effect': 0.10544879591340306, 'n_state': 457, 'same_sign': True}}"
1167,56922,0.10176714105415885,0.9931448157669237,0.8913776747127649,6.958047045231686e-29,dist_low24_atr:Q1:H4,feature_quintile_x_server_4h_block,dist_low24_atr,1,4.0,24,move_ge_1atr,8.526837493095593e-29,1057,56954,0.09981425698024682,8.122418944091192e-26,9.357998883217284e-26,4,"{'1': {'effect': 0.10501271780319421, 'n_state': 218, 'same_sign': True}, '2': {'effect': 0.09431902249102087, 'n_state': 279, 'same_sign': True}, '3': {'effect': 0.09050165644249064, 'n_state': 275, 'same_sign': True}, '4': {'effect': 0.10513460139278663, 'n_state': 285, 'same_sign': True}}"
1008,57081,0.102402413112194,0.9940476190476191,0.8916452059354251,1.5567229302711664e-25,dist_low24_atr:Q1:H5,feature_quintile_x_server_4h_block,dist_low24_atr,1,5.0,24,move_ge_1atr,1.8253959233128908e-25,952,57059,0.09995591324386188,1.6240377438652092e-23,1.794989085324705e-23,4,"{'1': {'effect': 0.09706996115261946, 'n_state': 251, 'same_sign': True}, '2': {'effect': 0.10500363334371432, 'n_state': 213, 'same_sign': True}, '3': {'effect': 0.09082315330970725, 'n_state': 281, 'same_sign': True}, '4': {'effect': 0.10499273406684662, 'n_state': 207, 'same_sign': True}}"
9508,48581,0.12366388912455373,0.996844762305427,0.8731808731808732,1.0724812969297885e-279,dist_low24_atr:Q2,feature_quintile,dist_low24_atr,2,,24,move_ge_1atr,5.695245507834049e-279,9457,48554,0.12272077782044222,1.021972355560461e-278,5.5547203325756815e-278,4,"{'1': {'effect': 0.10542457987490439, 'n_state': 2197, 'same_sign': True}, '2': {'effect': 0.10830761989956827, 'n_state': 2419, 'same_sign': True}, '3': {'effect': 0.10570891541637684, 'n_state': 2282, 'same_sign': True}, '4': {'effect': 0.10862838483336223, 'n_state': 2559, 'same_sign': True}}"
755,57334,0.10798130254299365,1.0,0.8920186974570063,1.2654045595569358e-21,dist_low24_atr:Q2:H0,feature_quintile_x_server_4h_block,dist_low24_atr,2,0.0,24,move_ge_1atr,1.3886387328154499e-21,647,57364,0.10579806150198734,2.259365223248708e-18,2.33518284818994e-18,4,"{'1': {'effect': 0.10494734475782042, 'n_state': 182, 'same_sign': True}, '2': {'effect': 0.10492013000484057, 'n_state': 167, 'same_sign': True}, '3': {'effect': 0.104867554818309, 'n_state': 138, 'same_sign': True}, '4': {'effect': 0.10490743461651486, 'n_state': 160, 'same_sign': True}}"
2403,55686,0.10857233059472982,0.9975031210986267,0.8889307905038969,5.579592335279498e-64,dist_low24_atr:Q2:H1,feature_quintile_x_server_4h_block,dist_low24_atr,2,1.0,24,move_ge_1atr,1.356721925736383e-63,2397,55614,0.10651618277296937,1.7370715296649257e-62,3.876942254614472e-62,4,"{'1': {'effect': 0.0949024614362397, 'n_state': 564, 'same_sign': True}, '2': {'effect': 0.10577224720276068, 'n_state': 633, 'same_sign': True}, '3': {'effect': 0.1056543992200829, 'n_state': 569, 'same_sign': True}, '4': {'effect': 0.10576856047403271, 'n_state': 631, 'same_sign': True}}"
2415,55674,0.11120091963932899,1.0,0.888799080360671,2.4552492449927788e-67,dist_low24_atr:Q2:H2,feature_quintile_x_server_4h_block,dist_low24_atr,2,2.0,24,move_ge_1atr,7.271315071709384e-67,2328,55683,0.10899197241527936,1.3773821817389296e-63,3.280157566821574e-63,4,"{'1': {'effect': 0.10561762556124044, 'n_state': 549, 'same_sign': True}, '2': {'effect': 0.10576856047403271, 'n_state': 631, 'same_sign': True}, '3': {'effect': 0.10569672059771151, 'n_state': 592, 'same_sign': True}, '4': {'effect': 0.10563049342964059, 'n_state': 556, 'same_sign': True}}"
1745,56344,0.10987860286809603,1.0,0.890121397131904,1.3550085267586658e-48,dist_low24_atr:Q2:H3,feature_quintile_x_server_4h_block,dist_low24_atr,2,3.0,24,move_ge_1atr,2.4170422369208634e-48,1847,56164,0.1080585428388291,2.1037068992126352e-50,3.738125336293221e-50,4,"{'1': {'effect': 0.10536458333333332, 'n_state': 411, 'same_sign': True}, '2': {'effect': 0.10543230894845645, 'n_state': 448, 'same_sign': True}, '3': {'effect': 0.10530607995558028, 'n_state': 379, 'same_sign': True}, '4': {'effect': 0.10572802341381837, 'n_state': 609, 'same_sign': True}}"
1223,56866,0.09884701476774349,0.9901880621422731,0.8913410473745296,1.5010941081493823e-28,dist_low24_atr:Q2:H4,feature_quintile_x_server_4h_block,dist_low24_atr,2,4.0,24,move_ge_1atr,1.825014415697407e-28,1174,56837,0.10243212013768777,7.356227526248835e-30,9.519823857498492e-30,4,"{'1': {'effect': 0.10509454872896029, 'n_state': 263, 'same_sign': True}, '2': {'effect': 0.09800229465407517, 'n_state': 282, 'same_sign': True}, '3': {'effect': 0.09867117728752306, 'n_state': 309, 'same_sign': True}, '4': {'effect': 0.10205605077048407, 'n_state': 320, 'same_sign': True}}"
967,57122,0.0957624688130092,0.9875904860392968,0.8918280172262876,1.0714352022546523e-21,dist_low24_atr:Q2:H5,feature_quintile_x_server_4h_block,dist_low24_atr,2,5.0,24,move_ge_1atr,1.1785787224801176e-21,1064,56947,0.09987090951605049,5.307787139500409e-26,6.145858793105736e-26,4,"{'1': {'effect': 0.10062762039827777, 'n_state': 228, 'same_sign': True}, '2': {'effect': 0.10508545010648795, 'n_state': 258, 'same_sign': True}, '3': {'effect': 0.0881170336105137, 'n_state': 295, 'same_sign': True}, '4': {'effect': 0.10158006745904269, 'n_state': 283, 'same_sign': True}}"
9514,48575,0.12066486412038879,0.9943241538784948,0.873659289758106,1.5651464060131363e-266,dist_low24_atr:Q3,feature_quintile,dist_low24_atr,3,,24,move_ge_1atr,7.946127907451307e-266,9203,48808,0.11995331519907482,1.2416769359229127e-260,6.102710046770061e-260,4,"{'1': {'effect': 0.10640052664096489, 'n_state': 2207, 'same_sign': True}, '2': {'effect': 0.10498386632054713, 'n_state': 2206, 'same_sign': True}, '3': {'effect': 0.10454673077853593, 'n_state': 2215, 'same_sign': True}, '4': {'effect': 0.10460093577689866, 'n_state': 2575, 'same_sign': True}}"
622,57467,0.10773139366941031,1.0,0.8922686063305897,4.701101020137443e-18,dist_low24_atr:Q3:H0,feature_quintile_x_server_4h_block,dist_low24_atr,3,0.0,24,move_ge_1atr,4.8480104270167386e-18,686,57325,0.10439486890638128,6.640041739075226e-19,6.909232620389086e-19,4,"{'1': {'effect': 0.104914688747904, 'n_state': 164, 'same_sign': True}, '2': {'effect': 0.10496368038740922, 'n_state': 191, 'same_sign': True}, '3': {'effect': 0.1049219438825787, 'n_state': 168, 'same_sign': True}, '4': {'effect': 0.09876061911351353, 'n_state': 163, 'same_sign': True}}"
2480,55609,0.10838244012485798,0.9971774193548387,0.8887949792299807,1.1693846670308446e-65,dist_low24_atr:Q3:H1,feature_quintile_x_server_4h_block,dist_low24_atr,3,1.0,24,move_ge_1atr,3.08717552096143e-65,2160,55851,0.10529804997025816,1.7938725813273672e-55,3.526677159886143e-55,4,"{'1': {'effect': 0.0986531876614144, 'n_state': 576, 'same_sign': True}, '2': {'effect': 0.10340867768630724, 'n_state': 483, 'same_sign': True}, '3': {'effect': 0.1055716944700541, 'n_state': 524, 'same_sign': True}, '4': {'effect': 0.10216808876969419, 'n_state': 577, 'same_sign': True}}"
2430,55659,0.11080139890634744,0.9995884773662551,0.8887870784599077,2.9758005255005405e-67,dist_low24_atr:Q3:H2,feature_quintile_x_server_4h_block,dist_low24_atr,3,2.0,24,move_ge_1atr,8.75681428523089e-67,2313,55698,0.10851232692295243,1.1465261203660499e-62,2.583878378581049e-62,4,"{'1': {'effect': 0.10564888153886332, 'n_state': 566, 'same_sign': True}, '2': {'effect': 0.10569119849535025, 'n_state': 589, 'same_sign': True}, '3': {'effect': 0.10568015602145298, 'n_state': 583, 'same_sign': True}, '4': {'effect': 0.10390889519374313, 'n_state': 575, 'same_sign': True}}"
1808,56281,0.10943073378793167,0.9994469026548672,0.8900161688669356,7.76587234630024e-50,dist_low24_atr:Q3:H3,feature_quintile_x_server_4h_block,dist_low24_atr,3,3.0,24,move_ge_1atr,1.4351332095962842e-49,1859,56152,0.10752590314110144,3.152724834219705e-50,5.538246666956288e-50,4,"{'1': {'effect': 0.10540667280337634, 'n_state': 434, 'same_sign': True}, '2': {'effect': 0.10536641261133006, 'n_state': 412, 'same_sign': True}, '3': {'effect': 0.10292957273284387, 'n_state': 413, 'same_sign': True}, '4': {'effect': 0.10571144902544805, 'n_state': 600, 'same_sign': True}}"
1166,56923,0.09913375201654406,0.9905660377358491,0.891432285719305,1.7992177401850496e-27,dist_low24_atr:Q3:H4,feature_quintile_x_server_4h_block,dist_low24_atr,3,4.0,24,move_ge_1atr,2.1423675153749815e-27,1141,56870,0.1022470332648211,5.523958169603189e-29,6.972865230482714e-29,4,"{'1': {'effect': 0.10502725620835862, 'n_state': 226, 'same_sign': True}, '2': {'effect': 0.1017982963264481, 'n_state': 299, 'same_sign': True}, '3': {'effect': 0.08951231366617818, 'n_state': 258, 'same_sign': True}, '4': {'effect': 0.10526772240820081, 'n_state': 358, 'same_sign': True}}"
1008,57081,0.07413410433460887,0.9662698412698413,0.8921357369352324,3.996559427972158e-14,dist_low24_atr:Q3:H5,feature_quintile_x_server_4h_block,dist_low24_atr,3,5.0,24,move_ge_1atr,4.0669833826500814e-14,1044,56967,0.08800260243427882,3.3692164520186704e-20,3.5376772746196037e-20,4,"{'1': {'effect': 0.10088783895502051, 'n_state': 241, 'same_sign': True}, '2': {'effect': 0.07907224973158722, 'n_state': 232, 'same_sign': True}, '3': {'effect': 0.09016630701444794, 'n_state': 269, 'same_sign': True}, '4': {'effect': 0.07853687931192566, 'n_state': 302, 'same_sign': True}}"
9639,48450,0.12193512102696835,0.9951239755161324,0.8731888544891641,5.6986544536498254e-275,dist_low24_atr:Q4,feature_quintile,dist_low24_atr,4,,24,move_ge_1atr,2.9581779298721564e-274,9616,48395,0.11568229948398501,3.239700961821081e-251,1.527287596287081e-250,4,"{'1': {'effect': 0.10195281230718833, 'n_state': 2260, 'same_sign': True}, '2': {'effect': 0.10131448856089376, 'n_state': 2401, 'same_sign': True}, '3': {'effect': 0.09757711509239886, 'n_state': 2361, 'same_sign': True}, '4': {'effect': 0.10184768043574699, 'n_state': 2594, 'same_sign': True}}"
625,57464,0.10773701795906998,1.0,0.89226298204093,3.90627442910226e-18,dist_low24_atr:Q4:H0,feature_quintile_x_server_4h_block,dist_low24_atr,4,0.0,24,move_ge_1atr,4.037357463635893e-18,590,57421,0.10569303913202488,7.099768500830719e-17,7.240823504158481e-17,4,"{'1': {'effect': 0.10486030720320683, 'n_state': 134, 'same_sign': True}, '2': {'effect': 0.10488205305452347, 'n_state': 146, 'same_sign': True}, '3': {'effect': 0.10491287512100678, 'n_state': 163, 'same_sign': True}, '4': {'effect': 0.104883865615927, 'n_state': 147, 'same_sign': True}}"
2490,55599,0.10715499997074573,0.9959839357429718,0.8888289357722261,1.8406347313499897e-64,dist_low24_atr:Q4:H1,feature_quintile_x_server_4h_block,dist_low24_atr,4,1.0,24,move_ge_1atr,4.523261946189868e-64,2260,55751,0.09550700546980151,6.472426692878664e-48,1.0641498690782716e-47,4,"{'1': {'effect': 0.10048211909706073, 'n_state': 583, 'same_sign': True}, '2': {'effect': 0.09334537670785992, 'n_state': 497, 'same_sign': True}, '3': {'effect': 0.09323025245790828, 'n_state': 569, 'same_sign': True}, '4': {'effect': 0.08422863073615539, 'n_state': 611, 'same_sign': True}}"
2384,55705,0.11070162119602966,0.9995805369127517,0.8888789157167221,5.947334447088285e-66,dist_low24_atr:Q4:H2,feature_quintile_x_server_4h_block,dist_low24_atr,4,2.0,24,move_ge_1atr,1.6258393577247264e-65,2634,55377,0.10959423587409933,4.3462383077636244e-72,1.3848014470253754e-71,4,"{'1': {'effect': 0.10570040231987043, 'n_state': 594, 'same_sign': True}, '2': {'effect': 0.10588296870093161, 'n_state': 693, 'same_sign': True}, '3': {'effect': 0.10580728394846495, 'n_state': 652, 'same_sign': True}, '4': {'effect': 0.10588666340986808, 'n_state': 695, 'same_sign': True}}"
1820,56269,0.1100250582025627,1.0,0.8899749417974373,1.1346326299766466e-50,dist_low24_atr:Q4:H3,feature_quintile_x_server_4h_block,dist_low24_atr,4,3.0,24,move_ge_1atr,2.1222683200372902e-50,1893,56118,0.10760103695919443,3.746921093849366e-51,6.762021661556277e-51,4,"{'1': {'effect': 0.10359041571378891, 'n_state': 514, 'same_sign': True}, '2': {'effect': 0.10539385940539037, 'n_state': 427, 'same_sign': True}, '3': {'effect': 0.10539385940539037, 'n_state': 427, 'same_sign': True}, '4': {'effect': 0.10557353094666533, 'n_state': 525, 'same_sign': True}}"
1173,56916,0.1009435720680667,0.9923273657289002,0.8913837936608335,1.4010561349906397e-28,dist_low24_atr:Q4:H4,feature_quintile_x_server_4h_block,dist_low24_atr,4,4.0,24,move_ge_1atr,1.7078837318355556e-28,1192,56819,0.0802605583419197,3.236859888241653e-19,3.3756868360443423e-19,4,"{'1': {'effect': 0.07837475046728748, 'n_state': 226, 'same_sign': True}, '2': {'effect': 0.09225091531204199, 'n_state': 311, 'same_sign': True}, '3': {'effect': 0.048953572630520914, 'n_state': 304, 'same_sign': True}, '4': {'effect': 0.0937895591901835, 'n_state': 351, 'same_sign': True}}"
1147,56942,0.08471083180833117,0.976460331299041,0.8917494994907098,3.413707456525166e-20,dist_low24_atr:Q4:H5,feature_quintile_x_server_4h_block,dist_low24_atr,4,5.0,24,move_ge_1atr,3.600759919896408e-20,1047,56964,0.09000567190779918,4.1272562435499104e-21,4.393530839907969e-21,4,"{'1': {'effect': 0.08098641973448706, 'n_state': 209, 'same_sign': True}, '2': {'effect': 0.08060763196383458, 'n_state': 327, 'same_sign': True}, '3': {'effect': 0.0968989154965556, 'n_state': 246, 'same_sign': True}, '4': {'effect': 0.09751638437425059, 'n_state': 265, 'same_sign': True}}"
19900,38189,-0.2994106961527373,0.6965829145728644,0.9959936107256017,0.0,dist_low24_atr:Q5,feature_quintile,dist_low24_atr,5,,24,move_ge_1atr,0.0,20551,37460,-0.28431232881680446,0.0,0.0,4,"{'1': {'effect': -0.21156973370034748, 'n_state': 5076, 'same_sign': True}, '2': {'effect': -0.21731410980479715, 'n_state': 5007, 'same_sign': True}, '3': {'effect': -0.198457613203051, 'n_state': 5363, 'same_sign': True}, '4': {'effect': -0.17890208172512134, 'n_state': 5105, 'same_sign': True}}"
6414,51675,-0.47239930974650424,0.4731836607421266,0.9455829704886308,0.0,dist_low24_atr:Q5:H0,feature_quintile_x_server_4h_block,dist_low24_atr,5,0.0,24,move_ge_1atr,0.0,6546,51465,-0.4630635843657998,0.0,0.0,4,"{'1': {'effect': -0.4314123712098206, 'n_state': 1591, 'same_sign': True}, '2': {'effect': -0.4300769654450341, 'n_state': 1597, 'same_sign': True}, '3': {'effect': -0.42251518687479056, 'n_state': 1670, 'same_sign': True}, '4': {'effect': -0.4078416758013802, 'n_state': 1688, 'same_sign': True}}"
2623,55466,0.07209000856005876,0.9622569576820434,0.8901669491219847,1.4049051359000325e-31,dist_low24_atr:Q5:H1,feature_quintile_x_server_4h_block,dist_low24_atr,5,1.0,24,move_ge_1atr,1.8651326804190086e-31,3075,54936,0.10326247482658313,4.567801133645715e-74,1.5403825720761462e-73,4,"{'1': {'effect': 0.1059458138398156, 'n_state': 727, 'same_sign': True}, '2': {'effect': 0.09963609146579133, 'n_state': 789, 'same_sign': True}, '3': {'effect': 0.10474440291235387, 'n_state': 780, 'same_sign': True}, '4': {'effect': 0.08652452751371531, 'n_state': 779, 'same_sign': True}}"
2653,55436,0.1108883905801924,0.9992461364493027,0.8883577458691103,4.432944678644535e-73,dist_low24_atr:Q5:H2,feature_quintile_x_server_4h_block,dist_low24_atr,5,2.0,24,move_ge_1atr,1.432182126946696e-72,2875,55136,0.11007327336041783,7.56485008210651e-79,2.6476975287372785e-78,4,"{'1': {'effect': 0.10606616683269543, 'n_state': 792, 'same_sign': True}, '2': {'effect': 0.10569672059771151, 'n_state': 592, 'same_sign': True}, '3': {'effect': 0.10584234391349845, 'n_state': 671, 'same_sign': True}, '4': {'effect': 0.10611809550453744, 'n_state': 820, 'same_sign': True}}"
4570,53519,-0.3533905400904066,0.5678336980306345,0.9212242381210412,0.0,dist_low24_atr:Q5:H4,feature_quintile_x_server_4h_block,dist_low24_atr,5,4.0,24,move_ge_1atr,0.0,4517,53494,-0.3539829290606966,0.0,0.0,4,"{'1': {'effect': -0.42251955732063884, 'n_state': 1053, 'same_sign': True}, '2': {'effect': -0.3255224487392059, 'n_state': 1171, 'same_sign': True}, '3': {'effect': -0.28641574080730503, 'n_state': 1300, 'same_sign': True}, '4': {'effect': -0.3074933457701755, 'n_state': 993, 'same_sign': True}}"
1609,56480,-0.1537402592886684,0.7439403356121814,0.8976805949008498,1.9053893847931513e-86,dist_low24_atr:Q5:H5,feature_quintile_x_server_4h_block,dist_low24_atr,5,5.0,24,move_ge_1atr,7.215490948970785e-86,1600,56411,-0.16493086454769457,2.9024942039612776e-100,1.1866834710000976e-99,4,"{'1': {'effect': -0.23402355065084857, 'n_state': 338, 'same_sign': True}, '2': {'effect': -0.16632067071425982, 'n_state': 445, 'same_sign': True}, '3': {'effect': -0.12555854794125898, 'n_state': 445, 'same_sign': True}, '4': {'effect': -0.13279259282889222, 'n_state': 372, 'same_sign': True}}"
6257,51832,0.10941319730236754,0.9910500239731501,0.8816368266707826,1.1448574706419547e-154,tickvol_z48:Q1,feature_quintile,tickvol_z48,1,,24,move_ge_1atr,5.135185936277506e-154,5201,52810,0.10858522065495035,1.2646523059217693e-131,5.460461358279041e-131,4,"{'1': {'effect': 0.10273231882664757, 'n_state': 1062, 'same_sign': True}, '2': {'effect': 0.10091673848618299, 'n_state': 1330, 'same_sign': True}, '3': {'effect': 0.10097414984761965, 'n_state': 1339, 'same_sign': True}, '4': {'effect': 0.10035845398805776, 'n_state': 1470, 'same_sign': True}}"
1699,56390,0.10978896967547436,1.0,0.8902110303245256,2.531394621124013e-47,tickvol_z48:Q1:H1,feature_quintile_x_server_4h_block,tickvol_z48,1,1.0,24,move_ge_1atr,4.380165973630314e-47,1564,56447,0.10751678565734224,9.587321232895815e-43,1.506579050883628e-42,4,"{'1': {'effect': 0.10519291434117928, 'n_state': 317, 'same_sign': True}, '2': {'effect': 0.10538653886226301, 'n_state': 423, 'same_sign': True}, '3': {'effect': 0.1054139961440258, 'n_state': 438, 'same_sign': True}, '4': {'effect': 0.10531887201735357, 'n_state': 386, 'same_sign': True}}"
1390,56699,0.10919063828286213,1.0,0.8908093617171379,7.8572497629539e-39,tickvol_z48:Q1:H3,feature_quintile_x_server_4h_block,tickvol_z48,1,3.0,24,move_ge_1atr,1.2604338161405215e-38,1154,56857,0.10585733511440376,2.834937936797079e-31,3.93315713753829e-31,4,"{'1': {'effect': 0.10105358286733268, 'n_state': 250, 'same_sign': True}, '2': {'effect': 0.10509636864252692, 'n_state': 264, 'same_sign': True}, '3': {'effect': 0.10514370852895827, 'n_state': 290, 'same_sign': True}, '4': {'effect': 0.10525311735835319, 'n_state': 350, 'same_sign': True}}"
1109,56980,0.09762099937934021,0.9891794409377818,0.8915584415584416,1.729636024974541e-25,tickvol_z48:Q1:H4,feature_quintile_x_server_4h_block,tickvol_z48,1,4.0,24,move_ge_1atr,2.0230173254132606e-25,734,57277,0.0866407661148968,2.5220586151278014e-14,2.549652254242985e-14,4,"{'1': {'effect': 0.09379802066942189, 'n_state': 180, 'same_sign': True}, '2': {'effect': 0.09333574122819033, 'n_state': 173, 'same_sign': True}, '3': {'effect': 0.07121960332109456, 'n_state': 208, 'same_sign': True}, '4': {'effect': 0.08753810473623058, 'n_state': 173, 'same_sign': True}}"
1780,56309,0.08444639639900298,0.9752808988764045,0.8908345024774015,6.058670130768393e-30,tickvol_z48:Q1:H5,feature_quintile_x_server_4h_block,tickvol_z48,1,5.0,24,move_ge_1atr,7.626990736825607e-30,1223,56788,0.09434210733199366,1.4748054434135816e-26,1.7293403930382605e-26,4,"{'1': {'effect': 0.09937086798891026, 'n_state': 180, 'same_sign': True}, '2': {'effect': 0.08887754763389955, 'n_state': 368, 'same_sign': True}, '3': {'effect': 0.10184973581575252, 'n_state': 303, 'same_sign': True}, '4': {'effect': 0.08635464115078895, 'n_state': 372, 'same_sign': True}}"
7689,50400,0.11714120821953444,0.9950578748862011,0.8779166666666667,4.421494811138909e-211,tickvol_z48:Q2,feature_quintile,tickvol_z48,2,,24,move_ge_1atr,2.0633642451981578e-210,9135,48876,0.11897421187574175,6.664897804204787e-255,3.1744152428274348e-254,4,"{'1': {'effect': 0.10454623835156485, 'n_state': 1951, 'same_sign': True}, '2': {'effect': 0.10740245477931754, 'n_state': 2403, 'same_sign': True}, '3': {'effect': 0.1021359990290811, 'n_state': 2391, 'same_sign': True}, '4': {'effect': 0.10344040912273955, 'n_state': 2390, 'same_sign': True}}"
2599,55490,0.10754180583338435,0.9961523662947287,0.8886105604613443,1.5144802447566696e-67,tickvol_z48:Q2:H1,feature_quintile_x_server_4h_block,tickvol_z48,2,1.0,24,move_ge_1atr,4.5141282134037506e-67,2822,55189,0.10661526252695797,7.983334150579818e-73,2.5792310332642487e-72,4,"{'1': {'effect': 0.10270493117451951, 'n_state': 652, 'same_sign': True}, '2': {'effect': 0.10311446998160945, 'n_state': 719, 'same_sign': True}, '3': {'effect': 0.10302748395008066, 'n_state': 704, 'same_sign': True}, '4': {'effect': 0.10191436323668512, 'n_state': 747, 'same_sign': True}}"
1210,56879,0.10884509221329486,1.0,0.8911549077867051,6.372662019771139e-34,tickvol_z48:Q2:H2,feature_quintile_x_server_4h_block,tickvol_z48,2,2.0,24,move_ge_1atr,9.346570962331004e-34,1802,56209,0.10797203294846025,3.51199931280501e-49,5.943383452439247e-49,4,"{'1': {'effect': 0.1052951178042264, 'n_state': 373, 'same_sign': True}, '2': {'effect': 0.1054817853170189, 'n_state': 475, 'same_sign': True}, '3': {'effect': 0.10534995139563952, 'n_state': 403, 'same_sign': True}, '4': {'effect': 0.10562130177514795, 'n_state': 551, 'same_sign': True}}"
2038,56051,0.11045298032149298,1.0,0.889547019678507,9.727388744482592e-57,tickvol_z48:Q2:H3,feature_quintile_x_server_4h_block,tickvol_z48,2,3.0,24,move_ge_1atr,1.920535726474768e-56,2154,55857,0.10817029638407627,2.739402015953342e-58,5.6500166579037684e-58,4,"{'1': {'effect': 0.10546712081190046, 'n_state': 467, 'same_sign': True}, '2': {'effect': 0.1056948798328109, 'n_state': 591, 'same_sign': True}, '3': {'effect': 0.10357348762018204, 'n_state': 511, 'same_sign': True}, '4': {'effect': 0.10568383658969804, 'n_state': 585, 'same_sign': True}}"
580,57509,0.10242813568610853,0.9948275862068966,0.8923994505207881,1.804019599816852e-15,tickvol_z48:Q2:H4,feature_quintile_x_server_4h_block,tickvol_z48,2,4.0,24,move_ge_1atr,1.8398610488198358e-15,844,57167,0.09534170568858824,2.6137431130090363e-19,2.732012032149717e-19,4,"{'1': {'effect': 0.09996272335714651, 'n_state': 200, 'same_sign': True}, '2': {'effect': 0.09982544092133139, 'n_state': 195, 'same_sign': True}, '3': {'effect': 0.09157884929630744, 'n_state': 224, 'same_sign': True}, '4': {'effect': 0.08717843999123198, 'n_state': 225, 'same_sign': True}}"
1262,56827,0.08869493438770448,0.9801901743264659,0.8914952399387615,5.556113696925282e-24,tickvol_z48:Q2:H5,feature_quintile_x_server_4h_block,tickvol_z48,2,5.0,24,move_ge_1atr,6.417311319948701e-24,1513,56498,0.09316832791161278,1.5146154210165852e-31,2.126906761427545e-31,4,"{'1': {'effect': 0.08957399259033838, 'n_state': 259, 'same_sign': True}, '2': {'effect': 0.10300510793964657, 'n_state': 423, 'same_sign': True}, '3': {'effect': 0.08722866126019524, 'n_state': 549, 'same_sign': True}, '4': {'effect': 0.08374860822559405, 'n_state': 282, 'same_sign': True}}"
8355,49734,0.12084755531383884,0.996888090963495,0.8760405356496561,1.3889349801487475e-240,tickvol_z48:Q3,feature_quintile,tickvol_z48,3,,24,move_ge_1atr,6.615339802357951e-240,9855,48156,0.12211631957679903,3.480966946093984e-285,2.0102584113692756e-284,4,"{'1': {'effect': 0.10516516085623229, 'n_state': 2257, 'same_sign': True}, '2': {'effect': 0.10473524875763984, 'n_state': 2501, 'same_sign': True}, '3': {'effect': 0.10630124645172245, 'n_state': 2467, 'same_sign': True}, '4': {'effect': 0.10719661099127831, 'n_state': 2630, 'same_sign': True}}"
2337,55752,0.10435780978332243,0.993581514762516,0.8892237049791936,9.754129618892232e-58,tickvol_z48:Q3:H1,feature_quintile_x_server_4h_block,tickvol_z48,3,1.0,24,move_ge_1atr,1.9678637047721445e-57,2604,55407,0.10310173089477204,2.4456087674995914e-63,5.735387058806148e-63,4,"{'1': {'effect': 0.10126767761659938, 'n_state': 665, 'same_sign': True}, '2': {'effect': 0.09461108109521232, 'n_state': 634, 'same_sign': True}, '3': {'effect': 0.10290135437025916, 'n_state': 683, 'same_sign': True}, '4': {'effect': 0.0992514054392376, 'n_state': 622, 'same_sign': True}}"
2802,55287,0.1112293572310562,0.9992862241256245,0.8880568668945683,2.441847058020722e-77,tickvol_z48:Q3:H2,feature_quintile_x_server_4h_block,tickvol_z48,3,2.0,24,move_ge_1atr,8.295098094158628e-77,3692,54319,0.1114395953186702,1.1165855055445964e-101,4.60591521037146e-101,4,"{'1': {'effect': 0.10604763319296162, 'n_state': 782, 'same_sign': True}, '2': {'effect': 0.10643073847394913, 'n_state': 988, 'same_sign': True}, '3': {'effect': 0.10637104548242926, 'n_state': 956, 'same_sign': True}, '4': {'effect': 0.10533696564061601, 'n_state': 966, 'same_sign': True}}"
2222,55867,0.11034881657747109,0.9995499549954996,0.8892011384180285,2.1816012781512606e-61,tickvol_z48:Q3:H3,feature_quintile_x_server_4h_block,tickvol_z48,3,3.0,24,move_ge_1atr,4.822487035913313e-61,2291,55720,0.10891959798994977,1.448344820329271e-62,3.248229645592831e-62,4,"{'1': {'effect': 0.10565072070190096, 'n_state': 567, 'same_sign': True}, '2': {'effect': 0.10566175702496605, 'n_state': 573, 'same_sign': True}, '3': {'effect': 0.10560292326431187, 'n_state': 541, 'same_sign': True}, '4': {'effect': 0.1057298653333566, 'n_state': 610, 'same_sign': True}}"
667,57422,0.10023249320621985,0.992503748125937,0.8922712549197171,7.385990738327867e-17,tickvol_z48:Q3:H4,feature_quintile_x_server_4h_block,tickvol_z48,3,4.0,24,move_ge_1atr,7.582950491349942e-17,810,57201,0.09608314280959862,7.174813393917771e-19,7.448907388741596e-19,4,"{'1': {'effect': 0.09851528303511214, 'n_state': 157, 'same_sign': True}, '2': {'effect': 0.08417274000943109, 'n_state': 193, 'same_sign': True}, '3': {'effect': 0.08622384942853922, 'n_state': 161, 'same_sign': True}, '4': {'effect': 0.10516010535070697, 'n_state': 299, 'same_sign': True}}"
327,57762,0.09795494260059234,0.9908256880733946,0.8928707454728022,1.0394017995791101e-08,tickvol_z48:Q3:H5,feature_quintile_x_server_4h_block,tickvol_z48,3,5.0,24,move_ge_1atr,1.0394017995791101e-08,458,57553,0.09004515829988335,3.578207286096158e-10,3.578207286096158e-10,4,"{'1': {'effect': 0.05819273117804702, 'n_state': 86, 'same_sign': True}, '2': {'effect': 0.10482227365366681, 'n_state': 113, 'same_sign': True}, '3': {'effect': 0.08893824783951754, 'n_state': 126, 'same_sign': True}, '4': {'effect': 0.09732242074137276, 'n_state': 133, 'same_sign': True}}"
8468,49621,0.1236597690132204,0.9990552668871044,0.875395497873884,1.2998414392232555e-254,tickvol_z48:Q4,feature_quintile,tickvol_z48,4,,24,move_ge_1atr,6.255486926261918e-254,7959,50052,0.11892392560060194,1.8049606845710791e-227,8.423149861331703e-227,4,"{'1': {'effect': 0.10593777279645689, 'n_state': 2055, 'same_sign': True}, '2': {'effect': 0.10517724219101443, 'n_state': 1822, 'same_sign': True}, '3': {'effect': 0.10613742543182025, 'n_state': 1951, 'same_sign': True}, '4': {'effect': 0.10763341335777843, 'n_state': 2131, 'same_sign': True}}"
1801,56288,0.10826888068942808,0.9983342587451416,0.8900653780557135,1.2064861632632274e-48,tickvol_z48:Q4:H1,feature_quintile_x_server_4h_block,tickvol_z48,4,1.0,24,move_ge_1atr,2.1604519667736862e-48,1746,56265,0.10254997292818135,2.9929475732730337e-43,4.7516899616912084e-43,4,"{'1': {'effect': 0.10117163701100051, 'n_state': 469, 'same_sign': True}, '2': {'effect': 0.09844212626825755, 'n_state': 434, 'same_sign': True}, '3': {'effect': 0.09858187880622338, 'n_state': 442, 'same_sign': True}, '4': {'effect': 0.10283517036258516, 'n_state': 401, 'same_sign': True}}"
4159,53930,0.11453797405174715,0.9997595575859581,0.885221583534211,1.044056057743811e-117,tickvol_z48:Q4:H2,feature_quintile_x_server_4h_block,tickvol_z48,4,2.0,24,move_ge_1atr,4.345530618717484e-117,3473,54538,0.11128020829513363,7.170013221144655e-96,2.8804748766685484e-95,4,"{'1': {'effect': 0.10624813991351689, 'n_state': 890, 'same_sign': True}, '2': {'effect': 0.10618865151435619, 'n_state': 858, 'same_sign': True}, '3': {'effect': 0.10629652333829587, 'n_state': 916, 'same_sign': True}, '4': {'effect': 0.10609768889199678, 'n_state': 809, 'same_sign': True}}"
1548,56541,0.10883208302296654,0.9993540051679587,0.8905219221449922,1.1590673064575551e-42,tickvol_z48:Q4:H3,feature_quintile_x_server_4h_block,tickvol_z48,4,3.0,24,move_ge_1atr,1.8921876169024397e-42,1700,56311,0.10777645575464834,2.0417947595080593e-46,3.286791564086144e-46,4,"{'1': {'effect': 0.10554599050451297, 'n_state': 510, 'same_sign': True}, '2': {'effect': 0.10516557209447397, 'n_state': 302, 'same_sign': True}, '3': {'effect': 0.10529694467095785, 'n_state': 374, 'same_sign': True}, '4': {'effect': 0.10555333321738525, 'n_state': 514, 'same_sign': True}}"
887,57202,0.10479584858532753,0.9966178128523112,0.8918219642669837,1.0484267839047503e-23,tickvol_z48:Q4:H4,feature_quintile_x_server_4h_block,tickvol_z48,4,4.0,24,move_ge_1atr,1.2049083934427728e-23,904,57107,0.10065565866032256,1.0116481485397698e-22,1.1023147278900323e-22,4,"{'1': {'effect': 0.09811163928216271, 'n_state': 148, 'same_sign': True}, '2': {'effect': 0.09519840543179325, 'n_state': 205, 'same_sign': True}, '3': {'effect': 0.09976866841582765, 'n_state': 193, 'same_sign': True}, '4': {'effect': 0.10245708116765229, 'n_state': 358, 'same_sign': True}}"
27320,30769,-0.2177652982287558,0.7780746705710102,0.995839968799766,0.0,tickvol_z48:Q5,feature_quintile,tickvol_z48,5,,24,move_ge_1atr,0.0,25861,32150,-0.22644454925702506,0.0,0.0,4,"{'1': {'effect': -0.14275158871106397, 'n_state': 6570, 'same_sign': True}, '2': {'effect': -0.15428111579659942, 'n_state': 6280, 'same_sign': True}, '3': {'effect': -0.14188649270910825, 'n_state': 6701, 'same_sign': True}, '4': {'effect': -0.12604987822978597, 'n_state': 6310, 'same_sign': True}}"
9275,48814,-0.30696284935268336,0.6354716981132076,0.942434547465891,0.0,tickvol_z48:Q5:H0,feature_quintile_x_server_4h_block,tickvol_z48,5,0.0,24,move_ge_1atr,0.0,9258,48753,-0.3095484932784899,0.0,0.0,4,"{'1': {'effect': -0.2747294438089696, 'n_state': 2268, 'same_sign': True}, '2': {'effect': -0.26893488513926067, 'n_state': 2301, 'same_sign': True}, '3': {'effect': -0.26832475015273605, 'n_state': 2376, 'same_sign': True}, '4': {'effect': -0.2719851902833974, 'n_state': 2313, 'same_sign': True}}"
3856,54233,0.08637808218465381,0.9740663900414938,0.8876883078568399,2.6290181320277603e-63,tickvol_z48:Q5:H1,feature_quintile_x_server_4h_block,tickvol_z48,5,1.0,24,move_ge_1atr,6.165514604044798e-63,3646,54365,0.10285430264815254,6.519096943576022e-86,2.5523921931628154e-85,4,"{'1': {'effect': 0.09858278516748509, 'n_state': 921, 'same_sign': True}, '2': {'effect': 0.10619608392097846, 'n_state': 862, 'same_sign': True}, '3': {'effect': 0.10514121646583852, 'n_state': 901, 'same_sign': True}, '4': {'effect': 0.08312757654551561, 'n_state': 962, 'same_sign': True}}"
3982,54107,0.11415181223261528,0.9997488699146158,0.8855970576820005,2.1338843849481925e-112,tickvol_z48:Q5:H2,feature_quintile_x_server_4h_block,tickvol_z48,5,2.0,24,move_ge_1atr,8.72437686589438e-112,2891,55120,0.11010522496371555,2.6792870788582086e-79,9.59558628242242e-79,4,"{'1': {'effect': 0.10616264628194583, 'n_state': 844, 'same_sign': True}, '2': {'effect': 0.10580175028764682, 'n_state': 649, 'same_sign': True}, '3': {'effect': 0.10606802055297282, 'n_state': 793, 'same_sign': True}, '4': {'effect': 0.10572065637738215, 'n_state': 605, 'same_sign': True}}"
6056,52033,-0.24823119948190586,0.6710700132100397,0.9193012126919455,0.0,tickvol_z48:Q5:H4,feature_quintile_x_server_4h_block,tickvol_z48,5,4.0,24,move_ge_1atr,0.0,5789,52222,-0.2596979520157041,0.0,0.0,4,"{'1': {'effect': -0.32385948657157915, 'n_state': 1301, 'same_sign': True}, '2': {'effect': -0.21662227422141012, 'n_state': 1576, 'same_sign': True}, '3': {'effect': -0.21043984637597435, 'n_state': 1660, 'same_sign': True}, '4': {'effect': -0.22042672491117232, 'n_state': 1252, 'same_sign': True}}"
2297,55792,-0.07895614896002179,0.8175881584675664,0.8965443074275882,2.8471110690373648e-33,tickvol_z48:Q5:H5,feature_quintile_x_server_4h_block,tickvol_z48,5,5.0,24,move_ge_1atr,4.059769487331057e-33,2377,55634,-0.07866406727096376,1.2881016987430726e-34,1.9135144206408345e-34,4,"{'1': {'effect': -0.05514200232559241, 'n_state': 704, 'same_sign': True}, '2': {'effect': -0.12834615508221026, 'n_state': 548, 'same_sign': True}, '3': {'effect': -0.09171169019296621, 'n_state': 532, 'same_sign': True}, '4': {'effect': -0.03912076505085016, 'n_state': 593, 'same_sign': True}}"
10094,47995,0.12515566715895898,0.9968297998811175,0.8716741327221585,2.598308145495888e-300,gap_atr:Q1,feature_quintile,gap_atr,1,,24,move_ge_1atr,1.905425973363651e-299,10182,47829,0.12438801666410948,1.7019079981438995e-303,1.2681959599072284e-302,4,"{'1': {'effect': 0.10726106020984938, 'n_state': 2350, 'same_sign': True}, '2': {'effect': 0.10623629276589586, 'n_state': 2820, 'same_sign': True}, '3': {'effect': 0.10992507482702818, 'n_state': 3545, 'same_sign': True}, '4': {'effect': 0.10593364575268238, 'n_state': 1467, 'same_sign': True}}"
1481,56608,0.10936616732617299,1.0,0.890633832673827,2.5297908204144443e-41,gap_atr:Q1:H0,feature_quintile_x_server_4h_block,gap_atr,1,0.0,24,move_ge_1atr,4.100924066777099e-41,1328,56683,0.10552783085130601,2.0297003620554397e-35,3.0445505430831595e-35,4,"{'1': {'effect': 0.10520203158314412, 'n_state': 322, 'same_sign': True}, '2': {'effect': 0.09979987093570863, 'n_state': 367, 'same_sign': True}, '3': {'effect': 0.10547995203086713, 'n_state': 474, 'same_sign': True}, '4': {'effect': 0.1049165024375065, 'n_state': 165, 'same_sign': True}}"
2636,55453,0.10925971923837563,0.9977238239757208,0.8884641047373452,1.3972628457744145e-70,gap_atr:Q1:H1,feature_quintile_x_server_4h_block,gap_atr,1,1.0,24,move_ge_1atr,4.36172591045797e-70,2584,55427,0.10666010172306517,3.566168187717839e-67,1.0107789587273875e-66,4,"{'1': {'effect': 0.10257099088649069, 'n_state': 632, 'same_sign': True}, '2': {'effect': 0.10317111372901633, 'n_state': 729, 'same_sign': True}, '3': {'effect': 0.1038815976390094, 'n_state': 871, 'same_sign': True}, '4': {'effect': 0.10239851580373016, 'n_state': 352, 'same_sign': True}}"
2569,55520,0.11150936599423633,1.0,0.8884906340057637,1.0503408582700408e-71,gap_atr:Q1:H2,feature_quintile_x_server_4h_block,gap_atr,1,2.0,24,move_ge_1atr,3.3466032863500612e-71,2606,55405,0.10953885028427035,2.6286730602522024e-71,7.989782591029722e-71,4,"{'1': {'effect': 0.10565807799442894, 'n_state': 571, 'same_sign': True}, '2': {'effect': 0.10589220595676374, 'n_state': 698, 'same_sign': True}, '3': {'effect': 0.10631328171530674, 'n_state': 925, 'same_sign': True}, '4': {'effect': 0.10536641261133006, 'n_state': 412, 'same_sign': True}}"
1540,56549,0.10948027374489377,1.0,0.8905197262551062,6.073579280155804e-43,gap_atr:Q1:H3,feature_quintile_x_server_4h_block,gap_atr,1,3.0,24,move_ge_1atr,9.985742446377158e-43,1738,56273,0.10784923497947507,1.9107200687050183e-47,3.1303286231975835e-47,4,"{'1': {'effect': 0.1053097345132743, 'n_state': 381, 'same_sign': True}, '2': {'effect': 0.10545612510860125, 'n_state': 461, 'same_sign': True}, '3': {'effect': 0.10567831583346388, 'n_state': 582, 'same_sign': True}, '4': {'effect': 0.10518744475449326, 'n_state': 314, 'same_sign': True}}"
945,57144,0.10296182965229583,0.9947089947089947,0.8917471650566988,2.604858241160738e-24,gap_atr:Q1:H4,feature_quintile_x_server_4h_block,gap_atr,1,4.0,24,move_ge_1atr,3.023729918131309e-24,938,57073,0.09983578058504872,3.7952951277657995e-23,4.1649081924650813e-23,4,"{'1': {'effect': 0.09985342056912716, 'n_state': 196, 'same_sign': True}, '2': {'effect': 0.09455631595358838, 'n_state': 285, 'same_sign': True}, '3': {'effect': 0.09939353086142932, 'n_state': 344, 'same_sign': True}, '4': {'effect': 0.10482227365366681, 'n_state': 113, 'same_sign': True}}"
923,57166,0.08517939183709688,0.9772481040086674,0.8920687121715705,8.835944122069605e-17,gap_atr:Q1:H5,feature_quintile_x_server_4h_block,gap_atr,1,5.0,24,move_ge_1atr,9.051454954315205e-17,988,57023,0.10025264327960282,1.827688571676144e-24,2.054482044073914e-24,4,"{'1': {'effect': 0.10101768740230521, 'n_state': 248, 'same_sign': True}, '2': {'effect': 0.09435924497113468, 'n_state': 280, 'same_sign': True}, '3': {'effect': 0.10236862005527914, 'n_state': 349, 'same_sign': True}, '4': {'effect': 0.09579237268356433, 'n_state': 111, 'same_sign': True}}"
21193,36896,0.15984708679726145,0.9949511631198981,0.8351040763226366,0.0,gap_atr:Q2,feature_quintile,gap_atr,2,,24,move_ge_1atr,0.0,16829,41182,0.13958576705566617,0.0,0.0,4,"{'1': {'effect': 0.10641916251959094, 'n_state': 4215, 'same_sign': True}, '2': {'effect': 0.10601215473973558, 'n_state': 3872, 'same_sign': True}, '3': {'effect': 0.10368640461861467, 'n_state': 3413, 'same_sign': True}, '4': {'effect': 0.11065468356188113, 'n_state': 5329, 'same_sign': True}}"
1950,56139,0.10709604046001198,0.9969230769230769,0.8898270364630649,2.6871980790823163e-51,gap_atr:Q2:H0,feature_quintile_x_server_4h_block,gap_atr,2,0.0,24,move_ge_1atr,5.088055379246026e-51,1704,56307,0.10355181241068523,4.4498049891600556e-43,7.016416057992988e-43,4,"{'1': {'effect': 0.09593289527911586, 'n_state': 426, 'same_sign': True}, '2': {'effect': 0.10533898010900133, 'n_state': 397, 'same_sign': True}, '3': {'effect': 0.10183698549665543, 'n_state': 302, 'same_sign': True}, '4': {'effect': 0.10218374042887024, 'n_state': 579, 'same_sign': True}}"
4681,53408,0.11266601650873986,0.9970091860713522,0.8843431695626124,8.63562377090364e-127,gap_atr:Q2:H1,feature_quintile_x_server_4h_block,gap_atr,2,1.0,24,move_ge_1atr,3.694127946442113e-126,3911,54100,0.10614933187639386,2.049019176262216e-97,8.303919819588981e-97,4,"{'1': {'effect': 0.09903930310366127, 'n_state': 968, 'same_sign': True}, '2': {'effect': 0.10004839341718463, 'n_state': 963, 'same_sign': True}, '3': {'effect': 0.1047478971009671, 'n_state': 781, 'same_sign': True}, '4': {'effect': 0.10001298049484664, 'n_state': 1199, 'same_sign': True}}"
4967,53122,0.11632289848059885,0.9997986712301188,0.8834757727495199,2.1505528833026536e-142,gap_atr:Q2:H2,feature_quintile_x_server_4h_block,gap_atr,2,2.0,24,move_ge_1atr,9.553417616209864e-142,3916,54095,0.1119176663156719,3.3682380369495304e-108,1.4019152910546694e-107,4,"{'1': {'effect': 0.1064382048089233, 'n_state': 992, 'same_sign': True}, '2': {'effect': 0.1063319083327493, 'n_state': 935, 'same_sign': True}, '3': {'effect': 0.1060365161177601, 'n_state': 776, 'same_sign': True}, '4': {'effect': 0.1060103453940574, 'n_state': 1213, 'same_sign': True}}"
3882,54207,0.11393429486014295,0.9997424008243173,0.8858081059641744,2.062086420309881e-109,gap_atr:Q2:H3,feature_quintile_x_server_4h_block,gap_atr,2,3.0,24,move_ge_1atr,8.35687654546636e-109,2906,55105,0.10977293364672691,3.2838333925847665e-79,1.1581152880718794e-78,4,"{'1': {'effect': 0.1060772901263699, 'n_state': 798, 'same_sign': True}, '2': {'effect': 0.10568751741432159, 'n_state': 587, 'same_sign': True}, '3': {'effect': 0.10361833704734591, 'n_state': 519, 'same_sign': True}, '4': {'effect': 0.10645687523022684, 'n_state': 1002, 'same_sign': True}}"
3419,54670,0.10205520394027867,0.9894706054401872,0.8874154014999085,1.5811575383956171e-78,gap_atr:Q2:H4,feature_quintile_x_server_4h_block,gap_atr,2,4.0,24,move_ge_1atr,5.576296051441031e-78,2698,55313,0.09650443100700712,1.438950415643383e-57,2.928612740208119e-57,4,"{'1': {'effect': 0.10073970895524442, 'n_state': 608, 'same_sign': True}, '2': {'effect': 0.09097372050373176, 'n_state': 616, 'same_sign': True}, '3': {'effect': 0.07980885477737754, 'n_state': 661, 'same_sign': True}, '4': {'effect': 0.09986763142571109, 'n_state': 813, 'same_sign': True}}"
2294,55795,0.08872147877868708,0.9786399302528335,0.8899184514741464,1.6445437539351988e-41,gap_atr:Q2:H5,feature_quintile_x_server_4h_block,gap_atr,2,5.0,24,move_ge_1atr,2.6752789236551477e-41,1694,56317,0.09073886208192505,2.695456587523915e-33,3.87944219138956e-33,4,"{'1': {'effect': 0.07919079871348289, 'n_state': 423, 'same_sign': True}, '2': {'effect': 0.08645891736767797, 'n_state': 374, 'same_sign': True}, '3': {'effect': 0.09453235764051215, 'n_state': 374, 'same_sign': True}, '4': {'effect': 0.0939932131151554, 'n_state': 523, 'same_sign': True}}"
10617,47472,0.1226917253964277,0.9936893661109542,0.8709976407145265,2.9975786742129246e-300,gap_atr:Q4,feature_quintile,gap_atr,4,,24,move_ge_1atr,2.163877105447455e-299,14011,44000,0.13059203645187878,0.0,0.0,4,"{'1': {'effect': 0.10575254285480495, 'n_state': 3638, 'same_sign': True}, '2': {'effect': 0.10659355355419964, 'n_state': 3149, 'same_sign': True}, '3': {'effect': 0.09949410510359236, 'n_state': 2814, 'same_sign': True}, '4': {'effect': 0.1088080522408773, 'n_state': 4410, 'same_sign': True}}"
832,57257,0.09959079994921682,0.9915865384615384,0.8919957385123216,2.4094979836257195e-20,gap_atr:Q4:H0,feature_quintile_x_server_4h_block,gap_atr,4,0.0,24,move_ge_1atr,2.5649494664402822e-20,1366,56645,0.09664491043664492,9.050720160289397e-31,1.2226411444601467e-30,4,"{'1': {'effect': 0.07520385031102239, 'n_state': 368, 'same_sign': True}, '2': {'effect': 0.10202100738378339, 'n_state': 317, 'same_sign': True}, '3': {'effect': 0.10088783895502051, 'n_state': 241, 'same_sign': True}, '4': {'effect': 0.10312756106688814, 'n_state': 440, 'same_sign': True}}"
2235,55854,0.10572391154983884,0.9950782997762864,0.8893543882264475,8.321197489654713e-57,gap_atr:Q4:H1,feature_quintile_x_server_4h_block,gap_atr,4,1.0,24,move_ge_1atr,1.6499541803521364e-56,3247,54764,0.10723237287271259,8.058462513653539e-84,3.0516472797606026e-83,4,"{'1': {'effect': 0.10157172117006985, 'n_state': 874, 'same_sign': True}, '2': {'effect': 0.10162104388890814, 'n_state': 708, 'same_sign': True}, '3': {'effect': 0.10421377724757086, 'n_state': 642, 'same_sign': True}, '4': {'effect': 0.10351091046177963, 'n_state': 1023, 'same_sign': True}}"
2510,55579,0.1105581954375413,0.999203187250996,0.8886449918134547,5.168730057037492e-69,gap_atr:Q4:H2,feature_quintile_x_server_4h_block,gap_atr,4,2.0,24,move_ge_1atr,1.5814260174512062e-68,3259,54752,0.1108452659263589,9.75480035546154e-90,3.851895524977121e-89,4,"{'1': {'effect': 0.10631141941247568, 'n_state': 924, 'same_sign': True}, '2': {'effect': 0.10599392224667292, 'n_state': 753, 'same_sign': True}, '3': {'effect': 0.10569303913202488, 'n_state': 590, 'same_sign': True}, '4': {'effect': 0.1064382048089233, 'n_state': 992, 'same_sign': True}}"
1856,56233,0.10953891927184733,0.9994612068965517,0.8899222876247044,3.623130980204003e-51,gap_atr:Q4:H3,feature_quintile_x_server_4h_block,gap_atr,4,3.0,24,move_ge_1atr,6.832189848384691e-51,2498,55513,0.10932574351953595,2.675724057026844e-68,7.823952622445582e-68,4,"{'1': {'effect': 0.1059310200377016, 'n_state': 719, 'same_sign': True}, '2': {'effect': 0.10552029905242111, 'n_state': 496, 'same_sign': True}, '3': {'effect': 0.10536824195284555, 'n_state': 413, 'same_sign': True}, '4': {'effect': 0.10621095185593532, 'n_state': 870, 'same_sign': True}}"
1951,56138,0.09861364555993934,0.9887237314197848,0.8901100858598454,8.77221602826955e-44,gap_atr:Q4:H4,feature_quintile_x_server_4h_block,gap_atr,4,4.0,24,move_ge_1atr,1.4474156446644758e-43,2150,55861,0.09173904662861265,2.3652826694558795e-42,3.6917587611101906e-42,4,"{'1': {'effect': 0.099037504062783, 'n_state': 470, 'same_sign': True}, '2': {'effect': 0.09387330483811795, 'n_state': 518, 'same_sign': True}, '3': {'effect': 0.07168797846010988, 'n_state': 565, 'same_sign': True}, '4': {'effect': 0.09385871076915919, 'n_state': 597, 'same_sign': True}}"
1233,56856,0.08900228416724953,0.9805352798053528,0.8915329956381033,1.2466703613449475e-23,gap_atr:Q4:H5,feature_quintile_x_server_4h_block,gap_atr,4,5.0,24,move_ge_1atr,1.4291853770257214e-23,1491,56520,0.09498701337536897,2.770101794068137e-32,3.92572708239104e-32,4,"{'1': {'effect': 0.09802917593804106, 'n_state': 283, 'same_sign': True}, '2': {'effect': 0.09962896595832627, 'n_state': 357, 'same_sign': True}, '3': {'effect': 0.08587167947738683, 'n_state': 363, 'same_sign': True}, '4': {'effect': 0.09103967108808642, 'n_state': 488, 'same_sign': True}}"
16144,41945,-0.36581477307404187,0.6292740336967294,0.9950888067707713,0.0,gap_atr:Q5,feature_quintile,gap_atr,5,,24,move_ge_1atr,0.0,16010,42001,-0.3619941338358724,0.0,0.0,4,"{'1': {'effect': -0.32092381032922956, 'n_state': 3685, 'same_sign': True}, '2': {'effect': -0.26753316834446694, 'n_state': 4270, 'same_sign': True}, '3': {'effect': -0.21466290251690912, 'n_state': 5050, 'same_sign': True}, '4': {'effect': -0.36521539958460447, 'n_state': 3005, 'same_sign': True}}"
5004,53085,-0.6198826866734926,0.3269384492406075,0.9468211359141,0.0,gap_atr:Q5:H0,feature_quintile_x_server_4h_block,gap_atr,5,0.0,24,move_ge_1atr,0.0,4730,53281,-0.6579044733627959,0.0,0.0,4,"{'1': {'effect': -0.6232259466367254, 'n_state': 1146, 'same_sign': True}, '2': {'effect': -0.6075826806204813, 'n_state': 1189, 'same_sign': True}, '3': {'effect': -0.5402976981711556, 'n_state': 1357, 'same_sign': True}, '4': {'effect': -0.7204110678529501, 'n_state': 1038, 'same_sign': True}}"
2736,55353,0.0746401841640939,0.964546783625731,0.8899065994616371,4.827243527631922e-35,gap_atr:Q5:H1,feature_quintile_x_server_4h_block,gap_atr,5,1.0,24,move_ge_1atr,7.217432070439961e-35,2454,55557,0.09987821490235382,2.254156870486283e-56,4.488881354158029e-56,4,"{'1': {'effect': 0.10377872913113595, 'n_state': 549, 'same_sign': True}, '2': {'effect': 0.10410459160030561, 'n_state': 617, 'same_sign': True}, '3': {'effect': 0.10271599113824803, 'n_state': 871, 'same_sign': True}, '4': {'effect': 0.0643130042273089, 'n_state': 417, 'same_sign': True}}"
2383,55706,0.11069945039525364,0.9995803608896349,0.8888809104943812,6.347108940219975e-66,gap_atr:Q5:H2,feature_quintile_x_server_4h_block,gap_atr,5,2.0,24,move_ge_1atr,1.7148329417436424e-65,2443,55568,0.1092175352720991,9.01188430075874e-67,2.523327604212447e-66,4,"{'1': {'effect': 0.10559557365069427, 'n_state': 537, 'same_sign': True}, '2': {'effect': 0.10579068470227304, 'n_state': 643, 'same_sign': True}, '3': {'effect': 0.10622210553951172, 'n_state': 876, 'same_sign': True}, '4': {'effect': 0.10532069970845481, 'n_state': 387, 'same_sign': True}}"
2963,55126,-0.5818952008682738,0.3412082348970638,0.9231034357653376,0.0,gap_atr:Q5:H4,feature_quintile_x_server_4h_block,gap_atr,5,4.0,24,move_ge_1atr,0.0,2991,55020,-0.56581181202641,0.0,0.0,4,"{'1': {'effect': -0.6704648158457577, 'n_state': 712, 'same_sign': True}, '2': {'effect': -0.47445685099779156, 'n_state': 853, 'same_sign': True}, '3': {'effect': -0.4722973997290307, 'n_state': 858, 'same_sign': True}, '4': {'effect': -0.5966463570868661, 'n_state': 568, 'same_sign': True}}"
1288,56801,-0.2062245672780889,0.6917701863354038,0.8979947536134927,2.383628642615648e-124,gap_atr:Q5:H5,feature_quintile_x_server_4h_block,gap_atr,5,5.0,24,move_ge_1atr,1.0103086540260819e-123,1449,56562,-0.18998236640669797,2.1121764120523473e-120,9.03542131822393e-120,4,"{'1': {'effect': -0.24494633675377253, 'n_state': 313, 'same_sign': True}, '2': {'effect': -0.1648064111855898, 'n_state': 455, 'same_sign': True}, '3': {'effect': -0.12851726431413035, 'n_state': 448, 'same_sign': True}, '4': {'effect': -0.2612380345252222, 'n_state': 233, 'same_sign': True}}"
